feature_id	SRR14935704
SORBI_3001G000100	487
SORBI_3001G000200	1907.028
SORBI_3001G000400	4481.79680686098
SORBI_3001G000300	451
SORBI_3001G000501	82.791
SORBI_3001G000700	1060.88538297077
SORBI_3001G000800	3389.586
SORBI_3001G000900	2242
SORBI_3001G001000	541
SORBI_3001G001066	1606
SORBI_3001G001132	136
SORBI_3001G001200	1731.176
SORBI_3001G001300	1567.847
SORBI_3001G001400	4079.15192149943
SORBI_3001G001700	1755.095
SORBI_3001G001800	1825.5
SORBI_3001G001900	3257.73
SORBI_3001G002000	5065.654
SORBI_3001G002050	3217.164
SORBI_3001G002100	249.721
SORBI_3001G002200	4799
SORBI_3001G002300	1575.052
SORBI_3001G002400	1881.617
SORBI_3001G002500	1715.685
SORBI_3001G002600	1339.19645787898
SORBI_3001G002650	1805
SORBI_3001G002700	2009.176
SORBI_3001G002800	2833.44741943162
SORBI_3001G002900	753.82
SORBI_3001G003000	3544.831
SORBI_3001G003100	2215.221
SORBI_3001G003200	1521.579
SORBI_3001G003300	2882.928
SORBI_3001G003400	1138.5
SORBI_3001G003500	2268.148
SORBI_3001G003600	1481
SORBI_3001G003700	1294
SORBI_3001G003900	1600.672
SORBI_3001G004000	1521.926
SORBI_3001G004100	1778.85
SORBI_3001G004200	1585.711
SORBI_3001G004300	2451.303
SORBI_3001G004400	3551.002
SORBI_3001G004500	1514.457
SORBI_3001G004550	292
SORBI_3001G004600	3114.28
SORBI_3001G004700	2790.039
SORBI_3001G004800	753.831
SORBI_3001G004901	640
SORBI_3001G005000	390.883
SORBI_3001G005100	1750.664
SORBI_3001G005200	3454.24
SORBI_3001G005300	1780.902
SORBI_3001G005400	700
SORBI_3001G005500	776.81
SORBI_3001G005600	2300.92
SORBI_3001G005700	1079.068
SORBI_3001G005800	2426.937
ENSRNA049997130	6
SORBI_3001G005900	541.873
SORBI_3001G006000	1780.614
SORBI_3001G006101	1133.727
SORBI_3001G006201	943.064
SORBI_3001G006300	1105
SORBI_3001G006400	2204.712
SORBI_3001G006500	1180.998
SORBI_3001G006600	3214.5
SORBI_3001G006700	4932.757
SORBI_3001G006800	2144.82
SORBI_3001G006900	640.92
SORBI_3001G007000	1284.701
SORBI_3001G007100	2641.106
SORBI_3001G007200	4047.469
SORBI_3001G007300	161
SORBI_3001G007400	1336.916
SORBI_3001G007500	1726.053
SORBI_3001G007600	1458.259
SORBI_3001G007700	1638.224
SORBI_3001G007800	1813.634
SORBI_3001G007900	1294.433
SORBI_3001G008000	1387.592
SORBI_3001G008100	1121.622
SORBI_3001G008200	3292.756
SORBI_3001G008300	1301.815
SORBI_3001G008400	6784.571
SORBI_3001G008500	2175.476
SORBI_3001G008600	2694.45
SORBI_3001G008700	478.792560876914
SORBI_3001G008800	668.503
SORBI_3001G008900	963.177
SORBI_3001G009000	7367
SORBI_3001G009100	1423.66666666667
SORBI_3001G009200	1431.175
SORBI_3001G009300	1406.92957483181
SORBI_3001G009400	1868.287
SORBI_3001G009500	2271.217
SORBI_3001G009600	2647.071
SORBI_3001G009700	8754.91
SORBI_3001G009800	1845.486
SORBI_3001G009900	755.096
SORBI_3001G010000	1598.581
SORBI_3001G010100	970.517
SORBI_3001G010200	1246.68
SORBI_3001G010300	1655.745
SORBI_3001G010400	634.24
SORBI_3001G010500	2394
SORBI_3001G010600	1189.932
SORBI_3001G010700	1742.216
SORBI_3001G010800	745.427
SORBI_3001G010900	2222.155
SORBI_3001G011000	1426.414
SORBI_3001G011100	286
SORBI_3001G011200	1047.187
SORBI_3001G011300	731.672
SORBI_3001G011400	1754.06746955886
SORBI_3001G011600	1687.022
SORBI_3001G011700	1981.057
SORBI_3001G011800	161
ENSRNA049997137	4
ENSRNA049469069	19
SORBI_3001G012000	2281
SORBI_3001G012100	1080.16067331865
SORBI_3001G012200	1336.925
SORBI_3001G012300	2354.771
SORBI_3001G012400	729.053
SORBI_3001G012500	1102.30073379545
SORBI_3001G012600	1935.5920324254
SORBI_3001G012700	2651.522
SORBI_3001G012800	1885.14578231515
SORBI_3001G012900	2508.00922406246
SORBI_3001G013000	806.232695884533
SORBI_3001G013100	1238.074
SORBI_3001G013200	863.714
SORBI_3001G013300	3139.553
SORBI_3001G013400	1749.96
SORBI_3001G013500	1373.134
SORBI_3001G013600	968.635
ENSRNA049468963	34
SORBI_3001G013701	189
SORBI_3001G013800	1879.907
SORBI_3001G013900	3452.00724293752
SORBI_3001G014000	575.017183854181
SORBI_3001G014100	2116.95125799894
SORBI_3001G014200	1560.99535888608
SORBI_3001G014300	1630.02833859865
SORBI_3001G014400	316
SORBI_3001G014500	1251.83878198263
SORBI_3001G014600	9
SORBI_3001G014700	2137.201
SORBI_3001G014800	939.681
SORBI_3001G014900	2609.104
SORBI_3001G015000	1648.906
SORBI_3001G015100	1212.11544431131
SORBI_3001G015200	2302.117
SORBI_3001G015300	2795.804
SORBI_3001G015400	4985.495
SORBI_3001G015500	2188.08813101234
SORBI_3001G015600	475.212
SORBI_3001G015700	1295
SORBI_3001G015800	2842.477
SORBI_3001G016000	1617.07765947868
SORBI_3001G016050	1158.712
SORBI_3001G016100	1671.291
SORBI_3001G016201	1076.079
SORBI_3001G016300	3334.497
SORBI_3001G016350	378
SORBI_3001G016200	1308.302
SORBI_3001G016400	1027.87
SORBI_3001G016500	950.053
SORBI_3001G016600	2995.13348962635
SORBI_3001G016700	3088.930672433
SORBI_3001G016800	1459
SORBI_3001G016900	1395.14779462505
SORBI_3001G017000	534.713
SORBI_3001G017100	3297.40066808841
SORBI_3001G017200	1257.794
SORBI_3001G017300	2051.944
SORBI_3001G017400	991.038
SORBI_3001G017500	1572
ENSRNA049444170	34
SORBI_3001G017600	946.69253483309
SORBI_3001G017700	2049.5447315738
SORBI_3001G017800	1718.72121180941
SORBI_3001G017900	2028.77
SORBI_3001G018000	3065.416
SORBI_3001G018100	1727.821
SORBI_3001G018200	4492.444
SORBI_3001G018300	1701.702
SORBI_3001G018350	931
SORBI_3001G018400	980
SORBI_3001G018500	519.368
SORBI_3001G018550	619
ENSRNA049445322	34
SORBI_3001G018600	1456
SORBI_3001G018700	979
ENSRNA049444201	27
SORBI_3001G018800	157
SORBI_3001G018900	857.936
SORBI_3001G019000	71
SORBI_3001G019100	461
ENSRNA049444213	27
SORBI_3001G019200	1105.711
SORBI_3001G019300	2537.739
SORBI_3001G019400	4066.479
SORBI_3001G019500	845.167
SORBI_3001G019601	443.388
SORBI_3001G019700	3968.635
SORBI_3001G019800	1648.509
SORBI_3001G019900	950.131
SORBI_3001G020000	2112.95495297957
SORBI_3001G020100	1455.037
SORBI_3001G020200	672.099
SORBI_3001G020350	2215.796
SORBI_3001G020500	1801.143
SORBI_3001G020600	2664.40944043449
ENSRNA049444222	25
SORBI_3001G020700	547
SORBI_3001G020800	913
SORBI_3001G020900	877
SORBI_3001G021000	2010.735
SORBI_3001G021100	976
SORBI_3001G021200	1823
SORBI_3001G021300	3289.839
SORBI_3001G021400	2130.70494383069
SORBI_3001G021500	4271.522
SORBI_3001G021601	379
SORBI_3001G021700	4790.338
SORBI_3001G021800	3673.358
SORBI_3001G021900	2360.36425016394
SORBI_3001G022000	1360.8239095275
SORBI_3001G022100	1977.965
SORBI_3001G022200	776.572
SORBI_3001G022300	569.168
SORBI_3001G022400	1281.936
SORBI_3001G022500	1655.558
SORBI_3001G022600	3126.407
SORBI_3001G022700	2082.091
SORBI_3001G022800	3203.759
SORBI_3001G022900	2599.84
SORBI_3001G023000	2269.92
SORBI_3001G023100	2351.505
SORBI_3001G023200	1475.53058767526
SORBI_3001G023300	1624.981
SORBI_3001G023400	2743.72616620831
SORBI_3001G023500	3145.15391117499
SORBI_3001G023600	1484.952
SORBI_3001G023700	1599.197
SORBI_3001G023800	1877.98032180572
SORBI_3001G023900	831.293326128899
SORBI_3001G024000	2310.902
SORBI_3001G024100	954
SORBI_3001G024200	1557.104
SORBI_3001G024250	442
SORBI_3001G024300	773
SORBI_3001G024400	997.539
SORBI_3001G024500	1512.19521958095
SORBI_3001G024700	884
SORBI_3001G024800	1040
SORBI_3001G024900	796.069
SORBI_3001G025000	3469.15706511957
SORBI_3001G025101	255.829
SORBI_3001G025201	1698.357
SORBI_3001G025300	1986.151
SORBI_3001G025400	1683.34502076021
SORBI_3001G025500	1323.05125573745
SORBI_3001G025600	479.453
SORBI_3001G025700	1371.323
SORBI_3001G025800	2907.014
SORBI_3001G025900	2780.523
SORBI_3001G026000	2114.778
SORBI_3001G026100	849.726
SORBI_3001G026200	2130.68297316987
SORBI_3001G026300	1499
SORBI_3001G026400	2028.597
SORBI_3001G026500	3588.492
SORBI_3001G026600	470.874166597684
SORBI_3001G026700	2123.491
ENSRNA049445318	33
SORBI_3001G026800	1990.528
SORBI_3001G026900	984.809
SORBI_3001G026950	322
SORBI_3001G027000	313
SORBI_3001G027100	1131.362
SORBI_3001G027200	413
SORBI_3001G027300	605.505
SORBI_3001G027400	122
SORBI_3001G027500	172.259
SORBI_3001G027600	547.384
SORBI_3001G027700	923
SORBI_3001G027800	2045.557
SORBI_3001G027900	1977.472
SORBI_3001G028000	518.858
SORBI_3001G028100	2515.2322710514
SORBI_3001G028200	6398.174
SORBI_3001G028301	2556
SORBI_3001G028400	1467.885
SORBI_3001G028500	3103.11160608705
SORBI_3001G028600	1744.259
SORBI_3001G028700	1524.285
SORBI_3001G028800	1026.177
SORBI_3001G028900	3250.514
SORBI_3001G029000	1057.039
SORBI_3001G029100	1070.42
SORBI_3001G029200	1699.798
SORBI_3001G029300	1729.8
SORBI_3001G029400	1800.51
SORBI_3001G029500	1919
SORBI_3001G029600	161
SORBI_3001G029700	1325
SORBI_3001G029800	2589.588
SORBI_3001G029900	1574.493
SORBI_3001G030000	2935.12594615153
SORBI_3001G030100	403.01
SORBI_3001G030200	1317.206
SORBI_3001G030300	524.232
SORBI_3001G030400	1679.707
SORBI_3001G030500	1039.516
SORBI_3001G030600	859.767
SORBI_3001G030800	1201
SORBI_3001G030900	1570
SORBI_3001G031000	1144
SORBI_3001G031100	1094.901
SORBI_3001G031200	1032.531
SORBI_3001G031300	2238.948
SORBI_3001G031400	525.174
SORBI_3001G031500	646
SORBI_3001G031600	1943.252
SORBI_3001G031700	1702.447
SORBI_3001G031800	3434.417
SORBI_3001G031900	6529.976
SORBI_3001G032000	1044.33
SORBI_3001G032100	989.025
ENSRNA049468937	33
SORBI_3001G032200	1853.70668284205
SORBI_3001G032300	2495.68
SORBI_3001G032400	3337.701
SORBI_3001G032550	2234.121
SORBI_3001G032700	1361.6320875059
SORBI_3001G032800	1340.164
SORBI_3001G032850	199
SORBI_3001G032900	1712.496
SORBI_3001G033000	1321.019
SORBI_3001G033100	1041.273
SORBI_3001G033200	2323.28195813996
SORBI_3001G033300	1531.596
SORBI_3001G033400	1582.182
SORBI_3001G033500	1245.826
SORBI_3001G033600	4015.804
SORBI_3001G033701	895
SORBI_3001G033800	916
SORBI_3001G033900	1458.12191326376
SORBI_3001G034000	1560.71574662961
SORBI_3001G034050	280
SORBI_3001G034100	1691.71
SORBI_3001G034200	639
SORBI_3001G034300	1677.247
SORBI_3001G034400	242
SORBI_3001G034500	2960.724
SORBI_3001G034600	1442.174
ENSRNA049444240	27
SORBI_3001G034700	684.584
SORBI_3001G034900	1172.57047127152
SORBI_3001G035000	376.945
SORBI_3001G035100	900.515
SORBI_3001G035200	1743.5422061202
SORBI_3001G035300	996
SORBI_3001G035400	1000.038
SORBI_3001G035450	665.154
SORBI_3001G035500	2412.59494236459
SORBI_3001G035600	1012.094
SORBI_3001G035700	431
SORBI_3001G035800	1158.87
SORBI_3001G035900	2135.87357336719
SORBI_3001G036050	3979.026
SORBI_3001G036200	1468.191
SORBI_3001G036300	2017.189
SORBI_3001G036400	1187
SORBI_3001G036600	367
SORBI_3001G036700	2997.046
SORBI_3001G036800	1448.289
SORBI_3001G036900	767.961
SORBI_3001G037000	1090.143
SORBI_3001G037033	542
SORBI_3001G037066	505
SORBI_3001G037100	10612.3481484027
SORBI_3001G037150	583.407
SORBI_3001G037200	109
SORBI_3001G037300	215.14
SORBI_3001G037400	2935.738
SORBI_3001G037500	2230.034
SORBI_3001G037550	556
SORBI_3001G037600	816
SORBI_3001G037700	1411
SORBI_3001G037800	1199.722
SORBI_3001G037900	1611.82
SORBI_3001G038000	2007.784
SORBI_3001G038050	31
ENSRNA049468928	32
SORBI_3001G038100	902.721
SORBI_3001G038200	1548.884
SORBI_3001G038300	1572.221
SORBI_3001G038400	2791
SORBI_3001G038450	1421
ENSRNA049997145	44
SORBI_3001G038500	1707.083
SORBI_3001G038601	307
SORBI_3001G038700	1536.298
SORBI_3001G038800	6568.747
SORBI_3001G038900	1124.092
SORBI_3001G039000	892.106
SORBI_3001G039100	1392
SORBI_3001G039200	727.905
SORBI_3001G039300	2365.737
SORBI_3001G039400	250.468
SORBI_3001G039500	2068.435
SORBI_3001G039600	1375.46
SORBI_3001G039700	1417.145
SORBI_3001G039750	418
SORBI_3001G039800	833.118
SORBI_3001G039900	1582.178
SORBI_3001G040000	1762.97
SORBI_3001G040100	2164.96
SORBI_3001G040200	1512.467
SORBI_3001G040300	1379.229
SORBI_3001G040400	523
SORBI_3001G040500	2283.43351040797
SORBI_3001G040600	2985.36955508889
SORBI_3001G040701	412
SORBI_3001G040800	1096.08
SORBI_3001G040900	1249
SORBI_3001G041000	333.103
SORBI_3001G041100	1512.976
SORBI_3001G041200	930.358
SORBI_3001G041300	1020
SORBI_3001G041400	2588.781
SORBI_3001G041450	253
SORBI_3001G041500	1180.62447030632
SORBI_3001G041600	787
SORBI_3001G041700	3808.93805838087
SORBI_3001G041800	2827.165
SORBI_3001G041900	3592.826
SORBI_3001G042000	642.312
SORBI_3001G042100	667
SORBI_3001G042200	2456.711
SORBI_3001G042301	144
SORBI_3001G042400	1836.152
SORBI_3001G042500	771.087
SORBI_3001G042600	4156
SORBI_3001G042700	3035.418
SORBI_3001G042800	980.145946251381
ENSRNA049469080	35
SORBI_3001G042901	1466.88
SORBI_3001G043000	1435.894
SORBI_3001G043100	2291.409
SORBI_3001G043200	2884.359
SORBI_3001G043300	991
SORBI_3001G043400	2499.153
SORBI_3001G043500	804.771
SORBI_3001G043601	623.162
ENSRNA049468921	33
SORBI_3001G043700	4633.735
SORBI_3001G043800	2347.982
SORBI_3001G043900	1923.739
SORBI_3001G044000	2977.019
SORBI_3001G044100	1556
SORBI_3001G044200	525.896
SORBI_3001G044300	833.619339699237
SORBI_3001G044400	767.072
SORBI_3001G044500	2112.436
SORBI_3001G044600	2868.396
SORBI_3001G044700	388
SORBI_3001G044800	2403.96848997951
SORBI_3001G044900	1340.301
SORBI_3001G045000	2003.693
SORBI_3001G045100	1848
SORBI_3001G045300	2807
SORBI_3001G045400	1447
SORBI_3001G045500	1623
SORBI_3001G045600	1091.122
SORBI_3001G045700	3658.629
SORBI_3001G045800	2503
SORBI_3001G045900	1150
SORBI_3001G046000	1350.411
SORBI_3001G046100	612.962
SORBI_3001G046200	3067.89320452729
SORBI_3001G046300	1003.266
SORBI_3001G046400	1448
SORBI_3001G046500	1563.337
SORBI_3001G046600	853
SORBI_3001G046700	993.101
SORBI_3001G046800	916
SORBI_3001G046900	2214.923
SORBI_3001G047000	2306.701
SORBI_3001G047100	1223.374
SORBI_3001G047200	2349.516
SORBI_3001G047400	3043.83
SORBI_3001G047500	224
SORBI_3001G047600	2470.594
SORBI_3001G047700	3851.331
SORBI_3001G047800	530.538769291151
SORBI_3001G047900	3003.404
SORBI_3001G048000	768.73456702984
SORBI_3001G048100	885.866600243855
SORBI_3001G048200	1063.022
SORBI_3001G048300	2431.912
SORBI_3001G048400	1537.837
SORBI_3001G048500	724
SORBI_3001G048600	1423
SORBI_3001G048700	3904.551
SORBI_3001G048766	216.127
SORBI_3001G048832	1052.751
SORBI_3001G048900	3920.569
SORBI_3001G049000	1345.8
SORBI_3001G049200	2642.6070261946
SORBI_3001G049300	1607.5157744392
SORBI_3001G049400	1339.33
SORBI_3001G049500	2867.525
SORBI_3001G049600	1831.452
SORBI_3001G049700	699.543
SORBI_3001G049800	3932.001
SORBI_3001G049900	1873.785
SORBI_3001G050000	679
SORBI_3001G050100	700.831
SORBI_3001G050200	2634.021
SORBI_3001G050300	1315.702
SORBI_3001G050400	708.878
SORBI_3001G050500	2216.2
SORBI_3001G050600	7729.112
SORBI_3001G050650	186
SORBI_3001G050700	1470.3297120968
SORBI_3001G050800	3120.257
SORBI_3001G050900	1159.992
SORBI_3001G051100	382
SORBI_3001G051200	1094.459
SORBI_3001G051300	1149.088
SORBI_3001G051400	2265.02204937971
SORBI_3001G051500	1829.473
SORBI_3001G051600	1473.125
SORBI_3001G051700	1960.199
SORBI_3001G051800	748.755
SORBI_3001G052000	3435.80218639345
SORBI_3001G052100	3053.41624104511
SORBI_3001G052200	1345.566
SORBI_3001G052300	375.16
SORBI_3001G052350	431
SORBI_3001G052400	3198.264
SORBI_3001G052500	2131
SORBI_3001G052600	1559.54546547304
SORBI_3001G052700	4372.492
SORBI_3001G052800	2083.774
SORBI_3001G052900	1000.734
SORBI_3001G053000	850.696
SORBI_3001G053100	1124.474
SORBI_3001G053200	1687.693
SORBI_3001G053350	9029.963
SORBI_3001G053500	1766
SORBI_3001G053601	319
SORBI_3001G053700	2628.766
SORBI_3001G053800	1792.337
SORBI_3001G053900	2449.52940082321
SORBI_3001G054000	1365.784
SORBI_3001G054050	170
SORBI_3001G054100	2342.351
SORBI_3001G054200	2258.681
SORBI_3001G054300	765
SORBI_3001G054400	1324
SORBI_3001G054500	852.546
SORBI_3001G054600	3524.829
SORBI_3001G054700	2206.418
SORBI_3001G054800	774.711
SORBI_3001G054900	630.86
SORBI_3001G055100	982
SORBI_3001G055300	1361
SORBI_3001G055400	1842
SORBI_3001G055600	217.73
SORBI_3001G055700	7428
SORBI_3001G055800	883
SORBI_3001G055900	1316.84460863408
SORBI_3001G056000	1165
SORBI_3001G056100	1201.334
SORBI_3001G056200	1263.798
SORBI_3001G056300	1442.985
SORBI_3001G056400	1125.016
SORBI_3001G056500	1137.739
SORBI_3001G056601	1089.65531672581
SORBI_3001G056700	1356.343
SORBI_3001G056800	2168.299
SORBI_3001G056900	1640.018
SORBI_3001G057100	1976.643
SORBI_3001G057200	1762.742
SORBI_3001G057300	957.812
SORBI_3001G057400	3419.436
SORBI_3001G057500	813
ENSRNA049997152	1
SORBI_3001G057600	1278.47
SORBI_3001G057700	2529.503
SORBI_3001G057800	913.666
SORBI_3001G057900	729.375
SORBI_3001G058000	123
SORBI_3001G058100	623.858
SORBI_3001G058200	2661.69159053996
SORBI_3001G058300	1623.885
SORBI_3001G058400	1543.342
SORBI_3001G058500	205.894
SORBI_3001G058600	2278.183
SORBI_3001G058700	3950.87
SORBI_3001G058800	1380
SORBI_3001G058900	603.601
SORBI_3001G059001	1103
SORBI_3001G059100	2630.64607652002
SORBI_3001G059150	254
SORBI_3001G059200	2491.448
SORBI_3001G059300	406
SORBI_3001G059400	1560.167
SORBI_3001G059500	161
ENSRNA049468934	33
SORBI_3001G059600	888.638
SORBI_3001G059700	740.849
SORBI_3001G059800	1697
SORBI_3001G059900	3252
SORBI_3001G060001	517
SORBI_3001G060100	2502.3134491658
SORBI_3001G060200	973
SORBI_3001G060300	778.055
SORBI_3001G060401	1153
SORBI_3001G060500	2112.12503735043
SORBI_3001G060600	835
SORBI_3001G060666	840
SORBI_3001G060732	2518
SORBI_3001G060800	844
SORBI_3001G060900	248
SORBI_3001G061000	2048.738
SORBI_3001G061101	377.345
SORBI_3001G061200	1666.301
SORBI_3001G061300	735.221
SORBI_3001G061400	2359.899
SORBI_3001G061500	1925.04338868078
SORBI_3001G061600	1832.091
SORBI_3001G061700	1384.219
SORBI_3001G061800	1784.083
SORBI_3001G061900	2647.405
SORBI_3001G062000	463
SORBI_3001G062066	727.984
SORBI_3001G062132	798.905
SORBI_3001G062200	1242
SORBI_3001G062250	1741
SORBI_3001G062300	6646.128
SORBI_3001G062400	1473
SORBI_3001G062500	4053.15536997677
SORBI_3001G062600	3937.89339140417
SORBI_3001G062700	1562
SORBI_3001G062750	958.791
SORBI_3001G062800	382
SORBI_3001G062900	1497.074
SORBI_3001G063000	1737.267
SORBI_3001G063100	1082.401
SORBI_3001G063200	1239.193
SORBI_3001G063300	2291
SORBI_3001G063400	1848.89100061976
SORBI_3001G063500	1226.953
SORBI_3001G063600	3666.918
SORBI_3001G063700	4757.70636415458
SORBI_3001G063800	474.213771942359
SORBI_3001G063900	6467.88
SORBI_3001G064000	1706.89429140662
SORBI_3001G064200	1751.30163298334
SORBI_3001G064300	3535.334
SORBI_3001G064400	1336
SORBI_3001G064500	1064.73343781635
SORBI_3001G064600	2108.982
SORBI_3001G064700	3946.806
SORBI_3001G064800	1498.275
SORBI_3001G064900	1426.438
SORBI_3001G065000	4259.048
SORBI_3001G065100	2335.792
SORBI_3001G065150	667
SORBI_3001G065200	3903.907
SORBI_3001G065300	1684.78943176386
SORBI_3001G065400	93
SORBI_3001G065500	1527.96597705211
SORBI_3001G065600	4400.738
SORBI_3001G065700	1260.07084184281
SORBI_3001G065800	1830.999
SORBI_3001G065900	381.805
SORBI_3001G066000	294.999
SORBI_3001G066100	3644.779
SORBI_3001G066300	1474.06710629213
SORBI_3001G066400	711.347
SORBI_3001G066500	17679.6035158375
SORBI_3001G066600	406.339
ENSRNA049469047	36
ENSRNA049469020	35
SORBI_3001G066700	906.966
SORBI_3001G066800	1280
SORBI_3001G066900	1673
SORBI_3001G067000	1727.807
SORBI_3001G067100	2171.298
SORBI_3001G067200	2768.739
SORBI_3001G067300	1881.46046204972
SORBI_3001G067400	3672.832
SORBI_3001G067500	849.377
SORBI_3001G067601	601.825
SORBI_3001G067700	1528.831
SORBI_3001G067800	2268
SORBI_3001G067850	3275.186
SORBI_3001G067900	1220.404
SORBI_3001G068000	763.5
SORBI_3001G068066	227
SORBI_3001G068132	5473.007
ENSRNA049997158	3
SORBI_3001G068200	435
ENSRNA049444273	27
SORBI_3001G068301	3288.55
SORBI_3001G068400	835
SORBI_3001G068500	304
SORBI_3001G068600	662
ENSRNA049444312	26
SORBI_3001G068700	1755.137
SORBI_3001G068800	514
ENSRNA049468970	36
ENSRNA049469087	21
SORBI_3001G068901	29
SORBI_3001G069000	1854.795
SORBI_3001G069100	1105
SORBI_3001G069200	652.164
SORBI_3001G069300	2292.032
SORBI_3001G069400	757.476065135631
SORBI_3001G069500	1265.055
SORBI_3001G069600	840.397
SORBI_3001G069700	2186.602
SORBI_3001G069800	1774.491
SORBI_3001G069900	1845.107
SORBI_3001G070000	979.037
SORBI_3001G070100	544
SORBI_3001G070200	604
SORBI_3001G070300	434.595
SORBI_3001G070401	654
SORBI_3001G070500	1145.935
SORBI_3001G070600	3162.94469165162
SORBI_3001G070700	1244.775
SORBI_3001G070800	867.636
SORBI_3001G070900	1323.743
SORBI_3001G071000	1672.017
SORBI_3001G071100	835.662
SORBI_3001G071200	567
SORBI_3001G071250	1141
SORBI_3001G071300	1005.889
SORBI_3001G071400	3960.24842681024
SORBI_3001G071500	2887
SORBI_3001G071600	4047.684
SORBI_3001G071700	2688
SORBI_3001G071800	3047.47020658333
SORBI_3001G071900	2313.827
SORBI_3001G072000	2159.113
SORBI_3001G072100	1042
SORBI_3001G072200	2972.625
SORBI_3001G072250	1263.971
SORBI_3001G072300	929.565
SORBI_3001G072400	1409
SORBI_3001G072500	5810.77536943346
SORBI_3001G072550	706
SORBI_3001G072600	3602.706
SORBI_3001G072700	2471.36
SORBI_3001G072800	1044.81685221426
SORBI_3001G072900	4719.278
SORBI_3001G073000	719.133
SORBI_3001G073150	3312.615
SORBI_3001G073300	1409.745
SORBI_3001G073400	615.567
SORBI_3001G073500	1406.997
SORBI_3001G073550	495
SORBI_3001G073600	853.334647509951
ENSRNA049444321	27
SORBI_3001G073700	1611.134
SORBI_3001G073800	2456.827
SORBI_3001G073900	5633.901
SORBI_3001G074000	3018.11
SORBI_3001G074100	4279.55264794013
SORBI_3001G074200	2553.124
SORBI_3001G074300	162.977
SORBI_3001G074400	1349.94
SORBI_3001G074500	341
SORBI_3001G074601	604
SORBI_3001G074700	370.899
SORBI_3001G074800	1672.17
SORBI_3001G074900	2247.148
SORBI_3001G075000	3137.923
SORBI_3001G075101	1160.4606439684
SORBI_3001G075201	5235.783
SORBI_3001G075300	1261.459
SORBI_3001G075200	2715
SORBI_3001G075400	1973.001
SORBI_3001G075500	1041
SORBI_3001G075600	3331.395
SORBI_3001G075700	2530
SORBI_3001G075800	1046.53285814646
SORBI_3001G075900	1778.438
SORBI_3001G075950	552
SORBI_3001G076000	1203.312
SORBI_3001G076100	1637.653
SORBI_3001G076200	1607.954
SORBI_3001G076300	922
SORBI_3001G076400	1723.4151724676
ENSRNA049444337	27
SORBI_3001G076500	498.562
SORBI_3001G076600	2242.48
SORBI_3001G076700	4506.332
SORBI_3001G076800	529.384
SORBI_3001G076850	232
SORBI_3001G076900	707.015318438415
SORBI_3001G077000	1021.072
SORBI_3001G077100	493.949
SORBI_3001G077200	1811.227
SORBI_3001G077300	1409.93241344259
SORBI_3001G077400	1161.111
SORBI_3001G077500	3029.214
SORBI_3001G077600	1225.119
SORBI_3001G077700	1509.744
SORBI_3001G077800	1561.68
SORBI_3001G077900	907.089
SORBI_3001G078000	466.685026837312
SORBI_3001G078100	2656.85
SORBI_3001G078200	838.464
SORBI_3001G078300	2488.80678194918
SORBI_3001G078400	2203.533
SORBI_3001G078500	1813.132
SORBI_3001G078600	1184
SORBI_3001G078700	982
SORBI_3001G078800	1703.792
SORBI_3001G078900	1356.18241661456
SORBI_3001G079000	1592
SORBI_3001G079100	926.328
SORBI_3001G079150	143
SORBI_3001G079200	2863.841
SORBI_3001G079300	3547.556
SORBI_3001G079401	150
SORBI_3001G079500	1322.674
SORBI_3001G079600	3499.44
SORBI_3001G079700	1360.84624715069
SORBI_3001G079900	2090.86
SORBI_3001G080000	3442.597
SORBI_3001G080100	1482.227
SORBI_3001G080200	1680.31
SORBI_3001G080300	1798.066
SORBI_3001G080500	1008
SORBI_3001G080600	1673
SORBI_3001G080700	1571.075
SORBI_3001G080800	3026.738
SORBI_3001G080900	2874.837
SORBI_3001G080950	645
SORBI_3001G081000	1746.851
SORBI_3001G081100	2050.405
SORBI_3001G081300	13141.911
SORBI_3001G081200	2327.153
SORBI_3001G081400	1063.41
SORBI_3001G081450	1068
SORBI_3001G081500	1102.398
SORBI_3001G081600	1693.836
SORBI_3001G081700	1184.274
SORBI_3001G081800	599.11
SORBI_3001G081900	985.068
SORBI_3001G082000	1640.273
SORBI_3001G082100	1181.073
SORBI_3001G082200	1887.738
SORBI_3001G082300	1521.395
SORBI_3001G082400	1325.51364715049
SORBI_3001G082500	978.083
SORBI_3001G082600	2092.429
SORBI_3001G082700	2377
SORBI_3001G082800	1333
SORBI_3001G082900	2999.766
SORBI_3001G083000	2759.127
SORBI_3001G083100	2115.903
SORBI_3001G083200	726.067
SORBI_3001G083300	558.784
SORBI_3001G083400	3769.00173985524
SORBI_3001G083450	690
SORBI_3001G083500	1172.505
SORBI_3001G083600	805.822
SORBI_3001G083701	813
SORBI_3001G083800	2158.70149869469
SORBI_3001G083900	3093.579
SORBI_3001G084000	2675.252
SORBI_3001G084100	1743.5794510619
SORBI_3001G084133	1056
SORBI_3001G084166	661
SORBI_3001G084200	1868
SORBI_3001G084300	2480.654
SORBI_3001G084400	3237.879
SORBI_3001G084500	839.899
SORBI_3001G084600	1304.714
SORBI_3001G084700	1706.11525707513
SORBI_3001G084900	708.698
SORBI_3001G085000	3933.746
SORBI_3001G085100	1083.776
SORBI_3001G085200	1166.35346405486
SORBI_3001G085300	4452.18
ENSRNA049445250	26
SORBI_3001G085400	595.758
ENSRNA049469036	34
ENSRNA049469007	31
SORBI_3001G085450	343
SORBI_3001G085500	1976.461
SORBI_3001G085600	2571.644
SORBI_3001G085700	2784.182
SORBI_3001G085800	1052.70967176376
SORBI_3001G085900	1647.53724858673
SORBI_3001G086000	1680.994
SORBI_3001G086100	690
SORBI_3001G086050	547
SORBI_3001G086200	1731.456
SORBI_3001G086300	758.987
SORBI_3001G086400	810.646694299138
SORBI_3001G086500	1682.065
SORBI_3001G086600	2666.125
SORBI_3001G086700	1553
SORBI_3001G086800	1103.391
SORBI_3001G086900	2495.44353558116
SORBI_3001G087000	914.273882307088
SORBI_3001G087100	4421.827
SORBI_3001G087201	832
SORBI_3001G087300	558.86
SORBI_3001G087400	1996.744
SORBI_3001G087500	1079
SORBI_3001G087600	2026.59726608858
SORBI_3001G087700	3041.796
SORBI_3001G087800	4094.30973747458
SORBI_3001G087850	57
SORBI_3001G087900	415.544
SORBI_3001G088000	1018.495
SORBI_3001G088100	2943.08945670375
SORBI_3001G088200	1169.66
SORBI_3001G088300	695.725
SORBI_3001G088400	3862.252
SORBI_3001G088450	388.5
SORBI_3001G088500	692.687
SORBI_3001G088600	421
SORBI_3001G088700	442.064845910415
SORBI_3001G088800	760.35
SORBI_3001G088900	2825.873
SORBI_3001G089000	2842.883
SORBI_3001G089100	3205.43950102781
SORBI_3001G089200	1214.106
SORBI_3001G089300	2187
SORBI_3001G089400	1354.808
SORBI_3001G089500	1374.562
SORBI_3001G089600	3454.431
SORBI_3001G089800	2113.189
SORBI_3001G089850	435
SORBI_3001G089900	2220.208
SORBI_3001G090000	2664.01
SORBI_3001G090100	1886.643
SORBI_3001G090200	1713.025
SORBI_3001G090300	3026.647
SORBI_3001G090400	2501.903
SORBI_3001G090500	2205.58847844107
SORBI_3001G090600	5413.40073201323
SORBI_3001G090700	1948.742
SORBI_3001G090800	4750.808
SORBI_3001G090900	604
SORBI_3001G091000	1021
SORBI_3001G091100	379.666
SORBI_3001G091200	370.918
SORBI_3001G091300	919.40028332876
SORBI_3001G091400	2495.783
SORBI_3001G091500	2236
SORBI_3001G091600	1542.828
SORBI_3001G091701	98
SORBI_3001G091801	731.615
SORBI_3001G091900	1569.417
SORBI_3001G092000	2222.082
SORBI_3001G092100	2296.994
SORBI_3001G092200	2758.62458234832
SORBI_3001G092250	378.149
SORBI_3001G092300	2028.694
SORBI_3001G092400	114
SORBI_3001G092500	1382
SORBI_3001G092600	1080.741
SORBI_3001G092650	404
SORBI_3001G092700	1188
SORBI_3001G092800	1194.102
SORBI_3001G093000	1365
SORBI_3001G093100	1544
SORBI_3001G093200	2187.002
SORBI_3001G093300	1176.88
SORBI_3001G093400	1200
SORBI_3001G093500	3804.782
SORBI_3001G093600	527.59
SORBI_3001G093666	906.929
SORBI_3001G093732	465.749
SORBI_3001G093800	11527.588
SORBI_3001G093900	990.184
SORBI_3001G094000	3664.872
SORBI_3001G094100	1090
ENSRNA049997165	57
SORBI_3001G094200	967.76
SORBI_3001G094300	1826.033
SORBI_3001G094400	1319.718
SORBI_3001G094500	4058.355
SORBI_3001G094550	857
SORBI_3001G094600	2007.625
SORBI_3001G094700	817
SORBI_3001G094800	1417.686
SORBI_3001G094900	2650.652
SORBI_3001G095000	1750.188
SORBI_3001G095100	1146.5
SORBI_3001G095200	1559.763
SORBI_3001G095300	1005.45
SORBI_3001G095366	1402
SORBI_3001G095432	1104
SORBI_3001G095500	2711.547
SORBI_3001G095566	928
SORBI_3001G095632	1096.105
SORBI_3001G095700	4412.488
SORBI_3001G095750	161
SORBI_3001G095800	938.066
SORBI_3001G095900	1617
ENSRNA049997171	25
SORBI_3001G096000	2262.649
SORBI_3001G096100	1013.811
SORBI_3001G096200	2680.136
SORBI_3001G096300	1461.549
SORBI_3001G096400	343
SORBI_3001G096450	286
SORBI_3001G096500	575
SORBI_3001G096600	1366
SORBI_3001G096700	1696
SORBI_3001G096800	1218.574
SORBI_3001G096833	15
SORBI_3001G096866	214.906
SORBI_3001G096900	1848.012
SORBI_3001G097000	1300
SORBI_3001G097100	1515.11690129428
SORBI_3001G097200	12346.7881936789
SORBI_3001G097300	832
SORBI_3001G097400	1419.657
SORBI_3001G097500	1445.559
SORBI_3001G097600	1567.93644317299
SORBI_3001G097700	657.227
SORBI_3001G097800	257
SORBI_3001G097900	2952.568
SORBI_3001G098000	1609.56877578556
SORBI_3001G098100	1473.652
SORBI_3001G098200	738.476
SORBI_3001G098301	677.474
SORBI_3001G098400	2740.249
SORBI_3001G098500	1256.46954301734
SORBI_3001G098600	1352.418
SORBI_3001G098700	1145.323
SORBI_3001G098800	906.806
SORBI_3001G098900	359.032
SORBI_3001G099000	1918.983
SORBI_3001G099100	2311.845
SORBI_3001G099200	1254.419
SORBI_3001G099300	1941.361
ENSRNA049997178	4
SORBI_3001G099400	2237.731
SORBI_3001G099500	2022.554
SORBI_3001G099600	1908.689
SORBI_3001G099700	1859
SORBI_3001G099800	1508.326
SORBI_3001G099900	3093.441
SORBI_3001G100000	1504.89217889288
SORBI_3001G100100	1126.768
SORBI_3001G100200	4315.928
SORBI_3001G100400	474.522410882442
SORBI_3001G100300	644.56
SORBI_3001G100501	1364.444
SORBI_3001G100600	2214.923
SORBI_3001G100650	125
SORBI_3001G100700	814
SORBI_3001G100800	664
SORBI_3001G100900	2085.06224945909
SORBI_3001G101000	3116.536
SORBI_3001G101100	1428.04757218561
SORBI_3001G101200	728.508
SORBI_3001G101300	96
SORBI_3001G101400	1379.169
SORBI_3001G101500	1462.2
SORBI_3001G101600	536
SORBI_3001G101650	649
SORBI_3001G101700	1334.161
SORBI_3001G101900	1132.78
SORBI_3001G102000	567
SORBI_3001G102100	248.168
ENSRNA049997123	32
SORBI_3001G102150	101
SORBI_3001G102200	7123.8
SORBI_3001G102300	2821.696
SORBI_3001G102350	1147
SORBI_3001G102400	1819
SORBI_3001G102500	1238.649
SORBI_3001G102600	886
SORBI_3001G102700	5346.39020486435
SORBI_3001G102800	986.853
SORBI_3001G102901	1476.091
SORBI_3001G103000	982.912
SORBI_3001G103100	1800
SORBI_3001G103200	1360.079
SORBI_3001G103300	3398.61713311091
SORBI_3001G103400	2304.145
SORBI_3001G103500	2183
SORBI_3001G103600	2067
SORBI_3001G103800	1818.061
SORBI_3001G103900	2139.43020391779
SORBI_3001G104000	3368.428
SORBI_3001G104050	250
SORBI_3001G104100	2758.42
SORBI_3001G104300	1278.73510666049
SORBI_3001G104400	886
SORBI_3001G104500	1912.755
SORBI_3001G104550	430
SORBI_3001G104600	842.12
SORBI_3001G104700	1554.625
SORBI_3001G104800	1537.866
SORBI_3001G104900	2497.593
SORBI_3001G105000	1853.48280107343
SORBI_3001G105100	755.074340157212
SORBI_3001G105200	2041.111
SORBI_3001G105300	907.569
SORBI_3001G105400	1674.0863285523
SORBI_3001G105500	1637.91
SORBI_3001G105600	1605.379
SORBI_3001G105700	1798.0500375356
ENSRNA049445222	26
SORBI_3001G105800	1747
SORBI_3001G105900	3046.036
SORBI_3001G106000	1677
SORBI_3001G106100	954.779
SORBI_3001G106200	1547
SORBI_3001G106300	2323.055
SORBI_3001G106400	3683.959
SORBI_3001G106500	1289
SORBI_3001G106550	410
SORBI_3001G106600	2136.65913486414
SORBI_3001G106700	3062.61
SORBI_3001G106800	2889.33333333333
SORBI_3001G106900	1427.90498163853
SORBI_3001G107001	514
SORBI_3001G107100	1841.38925229491
SORBI_3001G107150	336
SORBI_3001G107200	2204.272
SORBI_3001G107300	1118.363
SORBI_3001G107400	1714.7371769492
SORBI_3001G107500	1746.156
SORBI_3001G107550	1065
SORBI_3001G107600	1610.16854554613
SORBI_3001G107700	1390
SORBI_3001G107800	465.167
SORBI_3001G107900	4910.799
SORBI_3001G108000	645.031116729109
SORBI_3001G108100	563.447
SORBI_3001G108200	1533.64
SORBI_3001G108300	172
SORBI_3001G108350	789.263
SORBI_3001G108400	2334.259
SORBI_3001G108500	2337.542
SORBI_3001G108600	1863.69797406815
SORBI_3001G108700	3107.97
SORBI_3001G108800	839.892
SORBI_3001G108900	1311.632
SORBI_3001G109000	758.855
SORBI_3001G109100	3146.153
SORBI_3001G109300	1484.354
SORBI_3001G109400	1565.16921092925
SORBI_3001G109500	3065.21244227827
SORBI_3001G109700	3344.399
SORBI_3001G109800	2360.03468342389
SORBI_3001G109900	1208
SORBI_3001G110000	381.891
SORBI_3001G110100	1218
SORBI_3001G110150	718
SORBI_3001G110200	367
SORBI_3001G110250	1226
SORBI_3001G110300	461.623
SORBI_3001G110400	429.838
SORBI_3001G110500	1149.095
SORBI_3001G110600	8264.85964813575
SORBI_3001G110701	1614.827
SORBI_3001G110800	425.681
SORBI_3001G110900	1468.175
SORBI_3001G110950	1796
SORBI_3001G111000	1934.712
SORBI_3001G111150	2374.71877632854
SORBI_3001G111300	1400
SORBI_3001G111366	1105.128
SORBI_3001G111500	12427.453
SORBI_3001G111432	323
SORBI_3001G111600	3746.92608171812
SORBI_3001G111650	376
SORBI_3001G111700	2038.061
SORBI_3001G111800	2035.387
SORBI_3001G111850	1725.827
SORBI_3001G111900	760.949
SORBI_3001G112000	1741.325
SORBI_3001G112100	3030.184
SORBI_3001G112200	710.282
SORBI_3001G112250	617
SORBI_3001G112300	652
SORBI_3001G112350	838
SORBI_3001G112400	727.356
SORBI_3001G112500	1170
SORBI_3001G112550	508
SORBI_3001G112600	1956.067
SORBI_3001G112700	1169.629
SORBI_3001G112800	1067.479
SORBI_3001G112900	1376.33937981352
SORBI_3001G113000	1622.995
SORBI_3001G113200	3369.958
SORBI_3001G113400	803.815
SORBI_3001G113500	2718.679
SORBI_3001G113600	31
SORBI_3001G113700	1390.454
SORBI_3001G113800	2800.008
SORBI_3001G113900	3015.497
SORBI_3001G114000	4497.146
SORBI_3001G114100	1060
SORBI_3001G114200	2051.034
SORBI_3001G114300	710.436
SORBI_3001G114400	5717.7364355833
SORBI_3001G114500	1314.586
SORBI_3001G114550	355
SORBI_3001G114600	1020
SORBI_3001G114650	222.751
SORBI_3001G114700	466.818
SORBI_3001G114800	847
SORBI_3001G114900	1017.44
SORBI_3001G115001	517.857
SORBI_3001G115100	1109.777
SORBI_3001G115200	128
ENSRNA049468953	32
SORBI_3001G115300	1365.84805256795
SORBI_3001G115400	820
SORBI_3001G115500	3741.84
SORBI_3001G115600	850
SORBI_3001G115700	2147.058
SORBI_3001G115800	687.204
SORBI_3001G115900	1728.786
SORBI_3001G116000	1740.76268327805
SORBI_3001G116100	1898.174
SORBI_3001G116200	4766.106
SORBI_3001G116300	2267
SORBI_3001G116400	1459.828
SORBI_3001G116500	1989.865
SORBI_3001G116600	2363.213
SORBI_3001G116650	424.562
SORBI_3001G116700	816.333
SORBI_3001G116800	2006.645
SORBI_3001G116900	1271
SORBI_3001G117000	916
SORBI_3001G117100	799
SORBI_3001G117200	4832.071
SORBI_3001G117300	3594.282
SORBI_3001G117400	489.668
SORBI_3001G117500	337.232
SORBI_3001G117600	3163.095
SORBI_3001G117701	1817
SORBI_3001G117800	3425.202
SORBI_3001G117900	912.009865582147
SORBI_3001G118000	6377.106
SORBI_3001G118050	404
SORBI_3001G118100	1747.213
SORBI_3001G118200	1949.076
SORBI_3001G118300	984.683
SORBI_3001G118400	581.876
SORBI_3001G118500	160.995
SORBI_3001G118600	2180.557
SORBI_3001G118700	764.677
SORBI_3001G118800	966.049
SORBI_3001G118900	1024.354
SORBI_3001G119000	884.896
SORBI_3001G119100	620.813
SORBI_3001G119200	964
SORBI_3001G119300	1691.783
SORBI_3001G119400	1846.32
SORBI_3001G119500	589.873
SORBI_3001G119600	2116.896
SORBI_3001G119700	545.503
SORBI_3001G119800	4016.56
SORBI_3001G119900	3274.294
SORBI_3001G120000	590.079
SORBI_3001G120100	1049.98827233402
SORBI_3001G120200	1955.258
SORBI_3001G120300	953.468
SORBI_3001G120400	970.465
SORBI_3001G120500	2169.739
SORBI_3001G120600	876.632
SORBI_3001G120700	832
SORBI_3001G120750	631
SORBI_3001G120800	708
SORBI_3001G120850	886
SORBI_3001G120900	1693.437
SORBI_3001G121000	1892
SORBI_3001G121100	2092.899
SORBI_3001G121200	2485.828
SORBI_3001G121300	128
SORBI_3001G121400	3112.668
SORBI_3001G121500	867.622
SORBI_3001G121600	982
SORBI_3001G121700	1920.934
SORBI_3001G121800	560
SORBI_3001G121850	229
SORBI_3001G121900	2749.107
SORBI_3001G122000	2460.232
SORBI_3001G122100	2575.88242631556
SORBI_3001G122200	1374.303
SORBI_3001G122300	944.826
SORBI_3001G122400	2323.175
SORBI_3001G122500	718.958
SORBI_3001G122600	1006
SORBI_3001G122700	1062
SORBI_3001G122766	415
SORBI_3001G122832	1726.227
SORBI_3001G122900	2262.56689451307
SORBI_3001G123000	1456.237
SORBI_3001G123100	4123.009
SORBI_3001G123201	1146.156
SORBI_3001G123300	2119.3432387359
SORBI_3001G123400	484
SORBI_3001G123500	2343.746
SORBI_3001G123600	1690.615
SORBI_3001G123650	369
SORBI_3001G123700	895
SORBI_3001G123800	766
SORBI_3001G123900	1141
SORBI_3001G124000	1103.70662827607
SORBI_3001G124100	2752.559
SORBI_3001G124200	3166.153
ENSRNA049997116	39
SORBI_3001G124300	1020.735
SORBI_3001G124400	1072.104
SORBI_3001G124500	1677.091
SORBI_3001G124600	360.302
SORBI_3001G124800	357.572
SORBI_3001G124900	1634
SORBI_3001G125000	1229.592
SORBI_3001G125100	1391.23884430931
SORBI_3001G125200	3383.634
SORBI_3001G125300	4228.421
SORBI_3001G125400	1193.241
SORBI_3001G125500	4134.404
SORBI_3001G125600	616
SORBI_3001G125700	2891.847
SORBI_3001G125800	3226.83695186122
SORBI_3001G125900	3197.348
SORBI_3001G126000	539
SORBI_3001G126100	711.77
SORBI_3001G126200	720.6
SORBI_3001G126300	1582.648
SORBI_3001G126400	1296.552
SORBI_3001G126500	425.198
SORBI_3001G126600	1870.107
SORBI_3001G126800	1811
SORBI_3001G126900	4717.839
SORBI_3001G127000	1121.19245793731
SORBI_3001G127100	1634.113
SORBI_3001G127200	3287.717
SORBI_3001G127300	3179.823
SORBI_3001G127400	919.126
SORBI_3001G127500	1530.4
SORBI_3001G127600	1659
SORBI_3001G127700	915
SORBI_3001G127800	1278.53075552984
SORBI_3001G128000	1436.385
SORBI_3001G128100	1014.21611496008
SORBI_3001G128200	768.378
SORBI_3001G128300	3681.32551610165
SORBI_3001G128400	1191.222
SORBI_3001G128500	5460.102
SORBI_3001G128600	978.769
SORBI_3001G128800	970
SORBI_3001G128900	2022.91
SORBI_3001G129000	2230.437
SORBI_3001G129100	3240.122
SORBI_3001G129150	3114
SORBI_3001G129200	679
SORBI_3001G129300	3006.276
ENSRNA049468679	10
SORBI_3001G129400	369.134
SORBI_3001G129500	534.854
SORBI_3001G129600	2285.908
SORBI_3001G129650	1469.727
SORBI_3001G129700	1074.146
SORBI_3001G129750	793
SORBI_3001G129800	1045
SORBI_3001G129900	1485
SORBI_3001G130000	1351.711
SORBI_3001G130100	1337.851
SORBI_3001G130200	2409.428
SORBI_3001G130301	473.05
SORBI_3001G130400	919.616
ENSRNA049468784	33
SORBI_3001G130500	1127
SORBI_3001G130600	1203.027
SORBI_3001G130700	3460.862
SORBI_3001G130800	535
SORBI_3001G130900	1057
SORBI_3001G131001	1495.985
SORBI_3001G131100	2158.81980508687
SORBI_3001G131200	312.702
SORBI_3001G131300	1809.011
SORBI_3001G131400	772.126
SORBI_3001G131500	4457.474
SORBI_3001G131600	9062.444
SORBI_3001G131700	1541.175
SORBI_3001G131800	1568.535
SORBI_3001G131900	1866.53
SORBI_3001G132000	1539.391
SORBI_3001G132100	640.353
SORBI_3001G132200	9772.01587745958
SORBI_3001G132300	4553.521
SORBI_3001G132400	3180.5417944659
SORBI_3001G132500	821.639
SORBI_3001G132600	3331.747
SORBI_3001G132800	2945.197
SORBI_3001G132900	1473.371
SORBI_3001G133000	814.131
SORBI_3001G133100	1156.131
SORBI_3001G133200	903
SORBI_3001G133300	1039
SORBI_3001G133400	326
SORBI_3001G133466	1983.146
SORBI_3001G133532	608
SORBI_3001G133600	1362.796
SORBI_3001G133800	460
SORBI_3001G133900	1865.15685730614
SORBI_3001G134000	637.417
SORBI_3001G134100	2112.909
SORBI_3001G134150	1079.156
SORBI_3001G134200	3372.35
ENSRNA049445211	36
SORBI_3001G134300	8956.655
SORBI_3001G134400	531.693
SORBI_3001G134500	573.509
SORBI_3001G134600	737.521966568474
SORBI_3001G134700	316.622
SORBI_3001G134800	1049.791
SORBI_3001G134900	2144.553
SORBI_3001G135000	1347.942
SORBI_3001G135100	1213.66580314681
SORBI_3001G135200	1033.615
SORBI_3001G135300	2373.707
SORBI_3001G135400	973.71
SORBI_3001G135500	3310.67
SORBI_3001G135600	1338
SORBI_3001G135650	274
SORBI_3001G135700	281.617
SORBI_3001G135800	317.843
SORBI_3001G135900	1216
SORBI_3001G135950	2564
SORBI_3001G136000	2757
SORBI_3001G136150	3086
SORBI_3001G136300	1679.733
SORBI_3001G136400	1421
SORBI_3001G136500	3171.70785418747
SORBI_3001G136600	1085.85
SORBI_3001G136800	1324.156
SORBI_3001G136850	149
SORBI_3001G136900	738.827
SORBI_3001G137000	8455.198
SORBI_3001G137050	592
SORBI_3001G137100	4940.14
SORBI_3001G137200	1139
SORBI_3001G137300	1766.624
SORBI_3001G137400	1644
SORBI_3001G137500	1383
SORBI_3001G137600	1611.5
SORBI_3001G137800	1213.99582405876
SORBI_3001G137900	1321
SORBI_3001G138000	3586.235
SORBI_3001G138100	919.372
SORBI_3001G138200	309.336
SORBI_3001G138300	2580.536
SORBI_3001G138400	2416.333
SORBI_3001G138500	850.187
SORBI_3001G138600	989.52
SORBI_3001G138700	1018.151
SORBI_3001G138800	2718.054
SORBI_3001G138900	1801.645
SORBI_3001G139001	109
SORBI_3001G139100	516.374
SORBI_3001G139200	175.293
SORBI_3001G139300	1233.598
SORBI_3001G139400	514
SORBI_3001G139500	616.76
SORBI_3001G139600	803
SORBI_3001G139700	1181.266
SORBI_3001G139750	6521.079
ENSRNA049468746	3
ENSRNA049468737	5
ENSRNA049468729	5
SORBI_3001G139800	1547
SORBI_3001G139850	101
SORBI_3001G139900	1795.673
SORBI_3001G140000	4720.989
SORBI_3001G140101	263
SORBI_3001G140200	1416
SORBI_3001G140300	2598
SORBI_3001G140400	772
SORBI_3001G140600	2310.1
SORBI_3001G140700	3831.828
ENSRNA049444394	27
SORBI_3001G140800	1681
SORBI_3001G140900	4297.362
SORBI_3001G140950	1776
SORBI_3001G141000	983.807
SORBI_3001G141100	1374
SORBI_3001G141200	569.745420008052
SORBI_3001G141300	790.234
ENSRNA049445201	25
SORBI_3001G141333	1998.33333333333
ENSRNA049444410	26
SORBI_3001G141366	580
SORBI_3001G141400	3590.585638165
SORBI_3001G141500	564
SORBI_3001G141600	1526.822
SORBI_3001G141700	652.924
SORBI_3001G141800	2702.493
SORBI_3001G141900	2703.067
SORBI_3001G142000	1407.264
SORBI_3001G142100	1652.312
SORBI_3001G142200	1457.026
SORBI_3001G142300	2365.969
SORBI_3001G142400	2092.77
SORBI_3001G142501	1462.945
SORBI_3001G142600	1667
SORBI_3001G142700	692
SORBI_3001G142800	2865.023
SORBI_3001G142900	1195
SORBI_3001G143000	2551.964
SORBI_3001G143100	1728.119
SORBI_3001G143200	2011.188
SORBI_3001G143300	998.753
SORBI_3001G143400	4385
SORBI_3001G143500	1611.249
SORBI_3001G143600	3670.673
SORBI_3001G143700	1541
SORBI_3001G143800	1156
SORBI_3001G143850	354
SORBI_3001G143900	719.749
SORBI_3001G144001	473.866
SORBI_3001G144100	189
SORBI_3001G144150	3734
SORBI_3001G144200	1374.244
SORBI_3001G144300	1808.284
SORBI_3001G144400	779
SORBI_3001G144600	2232.765
SORBI_3001G144700	709
SORBI_3001G144800	816
SORBI_3001G144900	1971
SORBI_3001G145000	2723.964
SORBI_3001G145050	208.079
SORBI_3001G145100	1073
SORBI_3001G145200	3217.184
SORBI_3001G145300	266
SORBI_3001G145400	2256.392
SORBI_3001G145500	1045.004
SORBI_3001G145550	161
SORBI_3001G145600	1098
SORBI_3001G145700	1048.921
SORBI_3001G145900	1485.084
SORBI_3001G146000	1780.584
SORBI_3001G146100	1268.366
SORBI_3001G146200	1097.124
SORBI_3001G146301	128
SORBI_3001G146400	1421.626
SORBI_3001G146450	1723
SORBI_3001G146500	1526.209
SORBI_3001G146600	1114.061
SORBI_3001G146700	573
SORBI_3001G146800	3613.974
SORBI_3001G146900	1386.996
SORBI_3001G147000	1044.93
SORBI_3001G147100	781.61
SORBI_3001G147200	2831.202
SORBI_3001G147300	353.828399399147
SORBI_3001G147400	289
SORBI_3001G147500	1814.562
SORBI_3001G147650	2652
SORBI_3001G147800	2918.588
SORBI_3001G147900	1798.69623934967
SORBI_3001G148000	1060.489
SORBI_3001G148101	347.047
SORBI_3001G148200	1122.277
SORBI_3001G148300	2531.64929960478
ENSRNA049445195	24
SORBI_3001G148400	1627.373
SORBI_3001G148450	410
SORBI_3001G148500	673.392
SORBI_3001G148600	843.48
SORBI_3001G148700	1934.844
SORBI_3001G148800	524.101
SORBI_3001G148900	3471.336
SORBI_3001G149000	3584.31670426877
SORBI_3001G149100	2421.729
SORBI_3001G149201	916
SORBI_3001G149300	1053
SORBI_3001G149400	629.635
SORBI_3001G149500	640.523
SORBI_3001G149600	1486.42358162921
SORBI_3001G149700	1288.298
SORBI_3001G149800	2046.01
SORBI_3001G150000	1140.264
SORBI_3001G149901	445.099
SORBI_3001G150033	1160.572
SORBI_3001G150066	886
SORBI_3001G150100	1364
SORBI_3001G150200	3458.844
SORBI_3001G150300	1538
SORBI_3001G150600	1329.598
SORBI_3001G150650	171.713
SORBI_3001G150700	571
SORBI_3001G150800	2080.348
SORBI_3001G150901	919
SORBI_3001G151000	2339.917
SORBI_3001G151100	3294.64942495004
SORBI_3001G151200	2950
SORBI_3001G151300	2919.359
SORBI_3001G151400	1030.299
SORBI_3001G151500	2118.084
ENSRNA049445185	26
SORBI_3001G151600	1644.86
SORBI_3001G151700	1423.923
SORBI_3001G151800	1333.59835729603
SORBI_3001G151900	1504.0081029279
SORBI_3001G152000	2970.06145635904
SORBI_3001G152100	4378.402
SORBI_3001G152150	752
SORBI_3001G152200	2104
SORBI_3001G152240	128
SORBI_3001G152280	179.211
SORBI_3001G152320	2183.054
SORBI_3001G152360	620.237
SORBI_3001G152400	1702.653
SORBI_3001G152500	2110
SORBI_3001G152600	1024.013
SORBI_3001G152700	2944.599
SORBI_3001G152800	914
SORBI_3001G152901	619
SORBI_3001G153000	2833
SORBI_3001G153100	2045
SORBI_3001G153200	2443.502
SORBI_3001G153300	964.33385052754
SORBI_3001G153400	1509.852
SORBI_3001G153500	1602
SORBI_3001G153600	2897.501
SORBI_3001G153700	993.643
SORBI_3001G153800	1865
SORBI_3001G153900	340
SORBI_3001G154000	233
SORBI_3001G154100	1323.619
SORBI_3001G154200	2970.948
SORBI_3001G154300	4147.656
SORBI_3001G154400	984.898
SORBI_3001G154450	780
SORBI_3001G154500	2600.80156588019
SORBI_3001G154600	733.832
SORBI_3001G154700	3531.548
SORBI_3001G154800	731
SORBI_3001G154900	3664.62259576435
SORBI_3001G155000	3967.689
SORBI_3001G155100	1720.202
SORBI_3001G155200	2555.35572594995
SORBI_3001G155300	1113.156
SORBI_3001G155400	1985.351
SORBI_3001G155500	1437.801
SORBI_3001G155600	665.322
SORBI_3001G155700	3762
SORBI_3001G155800	1276
SORBI_3001G155900	1066
SORBI_3001G156000	2064.598
SORBI_3001G156100	2407.62948914374
SORBI_3001G156200	337
SORBI_3001G156300	898.853
SORBI_3001G156401	3097.91
SORBI_3001G156500	2496
SORBI_3001G156600	2667.66
ENSRNA049468691	22
SORBI_3001G156700	35
SORBI_3001G156800	1351.401
SORBI_3001G156900	7403.028
SORBI_3001G157000	812
SORBI_3001G157100	2777.976
SORBI_3001G157200	2357.927
SORBI_3001G157300	1826.091
ENSRNA049468822	3
SORBI_3001G157400	3168.056
SORBI_3001G157500	874.191
SORBI_3001G157600	2140.939
SORBI_3001G157700	1322
SORBI_3001G157800	1704.996
SORBI_3001G157900	905.996
SORBI_3001G158000	594.785
SORBI_3001G158100	3056.087
SORBI_3001G158200	411.228
ENSRNA049468584	55
SORBI_3001G158300	917.787
SORBI_3001G158400	1571.99
SORBI_3001G158500	2015.142
SORBI_3001G158600	1285
SORBI_3001G158700	1545.28482382355
SORBI_3001G158900	1470.32052888161
SORBI_3001G158966	1008
SORBI_3001G159032	3613.317
SORBI_3001G159100	538
SORBI_3001G159200	3099.086
SORBI_3001G159250	1171
SORBI_3001G159300	1496.045
SORBI_3001G159400	1511.04967056966
SORBI_3001G159500	2869.287
SORBI_3001G159600	2434.181
SORBI_3001G159700	1248.22663477031
SORBI_3001G159800	3892.37819400394
SORBI_3001G159850	1053
SORBI_3001G159900	1705.786
SORBI_3001G160000	2988.66666666667
SORBI_3001G160100	1855
SORBI_3001G160200	3557.747
SORBI_3001G160300	1521
SORBI_3001G160400	1524
SORBI_3001G160500	2034.818
SORBI_3001G160600	1180
SORBI_3001G160700	497
SORBI_3001G160800	1949.463
SORBI_3001G160900	1180
SORBI_3001G161000	502.27
SORBI_3001G161100	614.448
SORBI_3001G161200	1806.87423515956
SORBI_3001G161300	412.975
SORBI_3001G161400	1082.388
SORBI_3001G161500	745.103
SORBI_3001G161601	1196
SORBI_3001G161700	2212.651
SORBI_3001G161800	1450.47685942195
SORBI_3001G161900	1801.228
SORBI_3001G162000	594.508
SORBI_3001G162100	2691.30733041503
SORBI_3001G162200	1973.717
SORBI_3001G162233	766
SORBI_3001G162266	402
SORBI_3001G162300	2378.78
SORBI_3001G162400	1858.489
SORBI_3001G162500	1983.44524574968
SORBI_3001G162600	172
SORBI_3001G162700	1500.699
SORBI_3001G162800	3006.951
SORBI_3001G162900	1732
SORBI_3001G163000	1465.303
SORBI_3001G163300	1678.05760300845
SORBI_3001G163400	3273.401
SORBI_3001G163500	761
SORBI_3001G163600	828.237
SORBI_3001G163666	993.333333333333
SORBI_3001G163732	401
SORBI_3001G163800	1891.217
SORBI_3001G163900	3131.172
SORBI_3001G164000	481
SORBI_3001G164100	1668.3003898556
SORBI_3001G164200	1866.013
SORBI_3001G164350	3448.836
SORBI_3001G164500	1857
SORBI_3001G164700	3205.097
SORBI_3001G164800	1395
SORBI_3001G164900	2182.224
SORBI_3001G165000	8934.193
SORBI_3001G165100	937.25
SORBI_3001G165200	1391
SORBI_3001G165301	1604.537
SORBI_3001G165401	1156
SORBI_3001G165500	2172.5
SORBI_3001G165600	557
SORBI_3001G165700	1957.548
SORBI_3001G165801	571.083
SORBI_3001G165901	3436
SORBI_3001G166000	1842
SORBI_3001G166100	4900.949
SORBI_3001G166200	441.675
SORBI_3001G166300	2926.144
SORBI_3001G166401	1392.606
SORBI_3001G166500	933.498
SORBI_3001G166600	3820.352
SORBI_3001G166700	1439.134
SORBI_3001G166750	197
SORBI_3001G166800	3146.973
SORBI_3001G166900	3350.73
SORBI_3001G167000	3491.123
SORBI_3001G167100	4618.521
SORBI_3001G167200	1724.70123710085
SORBI_3001G167300	2414
SORBI_3001G167500	800.784
SORBI_3001G167600	4276.417
SORBI_3001G167701	1750
SORBI_3001G167800	1265.039
SORBI_3001G167900	1246.952
SORBI_3001G168000	1415.82364329799
SORBI_3001G168250	1289.6971243786
SORBI_3001G168100	1211.544
SORBI_3001G168400	1968.976
SORBI_3001G168500	1138.282
SORBI_3001G168600	986.324
SORBI_3001G168700	1027.263
SORBI_3001G168800	3329.65219639825
SORBI_3001G168900	2136.697
SORBI_3001G169000	819.143
SORBI_3001G169100	2850.68634368634
SORBI_3001G169200	2431.146
SORBI_3001G169300	707
SORBI_3001G169400	1447.883
SORBI_3001G169500	1086.005
SORBI_3001G169600	1171.793
SORBI_3001G169700	1958.048
SORBI_3001G169800	1093.951
SORBI_3001G169900	1492.372
SORBI_3001G169950	467
SORBI_3001G170000	1480
SORBI_3001G170100	5602.455
SORBI_3001G170301	1657.329
SORBI_3001G170500	1558.961
SORBI_3001G170600	1369
SORBI_3001G170700	1068.656
SORBI_3001G170800	2952
SORBI_3001G170900	1316.789
SORBI_3001G171001	157
SORBI_3001G171100	1399.136
SORBI_3001G171200	1230.091
SORBI_3001G171300	1533
SORBI_3001G171500	591.702
SORBI_3001G171600	2898.562
SORBI_3001G171700	150
SORBI_3001G171800	19109.637
SORBI_3001G171850	12569.502
SORBI_3001G171900	1801.575
SORBI_3001G172000	410.016
ENSRNA049445168	26
ENSRNA049445158	26
SORBI_3001G172050	847
SORBI_3001G172100	656
SORBI_3001G172200	1511.561
SORBI_3001G172300	2694.571
SORBI_3001G172400	1336.959
SORBI_3001G172700	6417.59
SORBI_3001G172800	559.566
SORBI_3001G172900	851.174
SORBI_3001G173000	1862
SORBI_3001G173100	2185
SORBI_3001G173150	519
SORBI_3001G173201	704.383
SORBI_3001G173251	558
SORBI_3001G173300	1389.123
ENSRNA049445147	25
SORBI_3001G173400	3416.188
SORBI_3001G173500	947.748
SORBI_3001G173600	1341.528
SORBI_3001G173700	1145
SORBI_3001G173800	2662.798
SORBI_3001G173900	2108.876
SORBI_3001G174000	277.453
SORBI_3001G174100	3224.7
SORBI_3001G174150	1320.784
SORBI_3001G174200	2660
SORBI_3001G174300	2978.956
SORBI_3001G174400	310.384
SORBI_3001G174500	3367.305
SORBI_3001G174600	515
SORBI_3001G174700	757.081
SORBI_3001G174800	1207.23
SORBI_3001G174900	2695.267
SORBI_3001G175000	2924.268
SORBI_3001G175100	3872.03611106568
SORBI_3001G175200	598
SORBI_3001G175300	1418.054
SORBI_3001G175400	5956
SORBI_3001G175500	3068.424
SORBI_3001G175501	499
SORBI_3001G175600	845.742
SORBI_3001G175700	539.386
SORBI_3001G175800	725.172
SORBI_3001G175900	322
SORBI_3001G176000	539.843
SORBI_3001G176100	269
SORBI_3001G176200	1883.936
SORBI_3001G176300	1422.239
SORBI_3001G176400	1473.466
SORBI_3001G176501	282
SORBI_3001G176600	1486.388
SORBI_3001G176700	1566.062
SORBI_3001G176800	653.781
ENSRNA049468575	81.757
SORBI_3001G176900	2859.43
SORBI_3001G177000	1108.715
SORBI_3001G177100	1705.056
SORBI_3001G177200	1992.858
SORBI_3001G177300	1415.95455029823
SORBI_3001G177400	2214.448
SORBI_3001G177500	3882.841
SORBI_3001G177600	1011
SORBI_3001G177700	3879
SORBI_3001G177800	3187.225
SORBI_3001G177900	3349.767
SORBI_3001G178000	1106.208
SORBI_3001G178100	1113.157
SORBI_3001G178200	391
SORBI_3001G178250	1284.25
SORBI_3001G178300	1929.19846141978
SORBI_3001G178400	3094.535
SORBI_3001G178500	1925.613
SORBI_3001G178600	4364
SORBI_3001G178700	4367.402
SORBI_3001G178800	2180.336
SORBI_3001G178900	213
SORBI_3001G179000	762.000045780569
SORBI_3001G179100	1403.571
SORBI_3001G179200	2072.132
SORBI_3001G179300	1343.358
SORBI_3001G179400	1633
SORBI_3001G179500	1165
SORBI_3001G179560	2008.356
SORBI_3001G179620	120
SORBI_3001G179680	792.066
SORBI_3001G179740	3083.5
SORBI_3001G179800	1388.57249573236
SORBI_3001G179900	2560.105
SORBI_3001G180000	4570.02214091312
SORBI_3001G180200	3598.843
SORBI_3001G180300	1751
SORBI_3001G180400	1093
SORBI_3001G180500	976
SORBI_3001G180600	784
SORBI_3001G180700	740
SORBI_3001G180800	1469.05369923338
SORBI_3001G180900	1521.444
SORBI_3001G180950	83
SORBI_3001G181000	316
SORBI_3001G181100	4438.078
SORBI_3001G181200	2154.859
SORBI_3001G181300	1397.6
SORBI_3001G181400	1865
SORBI_3001G181500	157
SORBI_3001G181600	1335.294
SORBI_3001G181700	692.443
SORBI_3001G181800	1121.296
SORBI_3001G181900	898
SORBI_3001G182000	2036.807
SORBI_3001G182100	2362.229
SORBI_3001G182200	1027
SORBI_3001G182300	1246
SORBI_3001G182400	394
SORBI_3001G182500	3408.437
SORBI_3001G182600	1562.337
SORBI_3001G182700	2170
SORBI_3001G182800	3573.506
SORBI_3001G182850	3296.53
SORBI_3001G182900	629
SORBI_3001G183000	1919.878
SORBI_3001G183100	2006
SORBI_3001G183200	2830
SORBI_3001G183300	1301
SORBI_3001G183401	214.844
ENSRNA049445133	26
SORBI_3001G183500	7525
ENSRNA049997111	33
SORBI_3001G183550	751
SORBI_3001G183600	2233.801
SORBI_3001G183633	301
SORBI_3001G183666	303
SORBI_3001G183700	3678.804
SORBI_3001G183800	1261
SORBI_3001G183900	1276
SORBI_3001G184000	2961.772
SORBI_3001G184100	2813.526
SORBI_3001G184300	2110.25967608916
SORBI_3001G184400	1127
SORBI_3001G184500	271
SORBI_3001G184650	172
SORBI_3001G184800	635
SORBI_3001G184900	888.886
SORBI_3001G184950	2266
SORBI_3001G185000	3623
SORBI_3001G185100	994
SORBI_3001G185200	3120.738
SORBI_3001G185300	1000
SORBI_3001G185400	2161.137
SORBI_3001G185450	847
SORBI_3001G185500	2241.01845965966
SORBI_3001G185600	2836.133
SORBI_3001G185700	337
SORBI_3001G185800	1776.872
SORBI_3001G185900	1147
SORBI_3001G186100	990.802
SORBI_3001G186200	1428.27757646656
SORBI_3001G186300	1796
SORBI_3001G186401	1939.983
SORBI_3001G186500	1883.101
SORBI_3001G186600	3870.885
SORBI_3001G186700	3869
SORBI_3001G186800	1817.925
SORBI_3001G186850	1671.781
SORBI_3001G186925	1053.497
SORBI_3001G187000	1143.69
SORBI_3001G187100	1378.07
SORBI_3001G187200	188.712
SORBI_3001G187300	2665
SORBI_3001G187400	2086.302
SORBI_3001G187500	1979
SORBI_3001G187600	1997
SORBI_3001G187700	730.066
SORBI_3001G187800	2065.33117036431
SORBI_3001G187900	3214.307
SORBI_3001G188000	1247.852
SORBI_3001G188100	1581
SORBI_3001G188400	1024.49364727725
SORBI_3001G188500	2782
SORBI_3001G188600	2013.642
SORBI_3001G188700	4155.206
SORBI_3001G188800	163.852
SORBI_3001G188900	1726.756
SORBI_3001G189000	1273.241
SORBI_3001G189100	1327
SORBI_3001G189200	1570.172
SORBI_3001G189300	1244.154
SORBI_3001G189400	412
SORBI_3001G189500	1243.72
SORBI_3001G189600	842.05
SORBI_3001G189700	746.138
SORBI_3001G189750	96
SORBI_3001G189800	583
SORBI_3001G189900	161
SORBI_3001G190000	1147.67
SORBI_3001G190100	2786.055
SORBI_3001G190200	2376.755
SORBI_3001G190300	657.468
SORBI_3001G190400	1449.62974829573
SORBI_3001G190500	1043
SORBI_3001G190600	979
SORBI_3001G190700	3493.5
SORBI_3001G190900	3842.5
SORBI_3001G191000	1030.167
SORBI_3001G191100	2739.381
SORBI_3001G191200	1732.74402681324
SORBI_3001G191300	1908.239
SORBI_3001G191400	2230.655
SORBI_3001G191500	4208.34051222256
SORBI_3001G191600	1448.773
SORBI_3001G191700	7436.761
SORBI_3001G191800	568.942
SORBI_3001G191900	1379.80354978191
SORBI_3001G192000	3987.376
SORBI_3001G192100	1500.278
SORBI_3001G192200	1257.391
SORBI_3001G192250	1358.248
SORBI_3001G192300	1752.664
SORBI_3001G192400	4795.784
SORBI_3001G192600	973.957
SORBI_3001G192700	1688.73385356633
SORBI_3001G192750	445.872
SORBI_3001G192800	1254.449
SORBI_3001G192900	1359.475
SORBI_3001G193000	2732.16156662565
SORBI_3001G193100	2358.094
SORBI_3001G193200	848.803
SORBI_3001G193300	2037.967
SORBI_3001G193400	694.946
SORBI_3001G193500	1939.561
SORBI_3001G193600	1392.302
SORBI_3001G193700	1467.92587931707
SORBI_3001G193800	736.37
SORBI_3001G193900	620.151
ENSRNA049997103	6
SORBI_3001G194000	661.219
SORBI_3001G194100	716
SORBI_3001G194200	5877.29
SORBI_3001G194300	3450.857
SORBI_3001G194401	1557.169
SORBI_3001G194500	2057.33333333333
SORBI_3001G194600	3234.814
SORBI_3001G194700	994.35
SORBI_3001G194800	1280.132
SORBI_3001G194900	1977.706
SORBI_3001G195000	1666.255
SORBI_3001G195100	4072.142
SORBI_3001G195200	1496.822
SORBI_3001G195300	1045.514
SORBI_3001G195400	964
SORBI_3001G195500	1113.011
SORBI_3001G195600	5789.008
SORBI_3001G195550	2077
SORBI_3001G195700	2956.975
ENSRNA049997096	12
SORBI_3001G195800	2408.03
SORBI_3001G195866	690
SORBI_3001G195932	5228.141
SORBI_3001G196000	3491.423
SORBI_3001G196100	1288.674
SORBI_3001G196200	641.221
SORBI_3001G196300	1561.786
SORBI_3001G196400	2143
SORBI_3001G196500	5870.089
SORBI_3001G196600	7573.911
SORBI_3001G196700	1923.094
SORBI_3001G196800	1660.974
SORBI_3001G196900	2010.649
SORBI_3001G196950	232
SORBI_3001G197000	3806.084
SORBI_3001G197050	1203
SORBI_3001G197100	2101.453
SORBI_3001G197200	847
SORBI_3001G197300	2468
SORBI_3001G197400	4545.386
SORBI_3001G197500	1324.084
SORBI_3001G197600	465
SORBI_3001G197700	526
SORBI_3001G197800	1421.646
SORBI_3001G197901	1341.295
ENSRNA049468628	20
SORBI_3001G198000	671.111
SORBI_3001G198100	1395.66382881648
SORBI_3001G198200	464.66
SORBI_3001G198400	3384.01994253043
SORBI_3001G198300	361
SORBI_3001G198500	3067
SORBI_3001G198600	328
SORBI_3001G198700	1307
SORBI_3001G198800	1800
SORBI_3001G198900	1106.921
SORBI_3001G199000	4516.834
SORBI_3001G199100	1367.82019631974
SORBI_3001G199200	1553
SORBI_3001G199300	671.177
SORBI_3001G199400	3043.617
SORBI_3001G199500	2562.447
SORBI_3001G199566	701
SORBI_3001G199632	888.961
SORBI_3001G199700	159
SORBI_3001G199800	1097.919
SORBI_3001G199900	1308.80982606584
SORBI_3001G200000	3216
SORBI_3001G200100	610
SORBI_3001G200200	2389.257
SORBI_3001G200300	1466
SORBI_3001G200400	186
SORBI_3001G200500	348.237
SORBI_3001G200600	1769.531
SORBI_3001G200700	1727.448
SORBI_3001G200800	611
SORBI_3001G200900	382
SORBI_3001G201000	3489.937
SORBI_3001G201100	612.763
SORBI_3001G201200	1210
SORBI_3001G201300	307
SORBI_3001G201400	3373.218
SORBI_3001G201500	1624.596
SORBI_3001G201601	961.6
SORBI_3001G201700	2457.595
SORBI_3001G201800	1733.375
SORBI_3001G201900	1628.89936123651
SORBI_3001G201933	228
SORBI_3001G201966	262.117
SORBI_3001G202000	642.36
SORBI_3001G202133	111
SORBI_3001G202266	2899.322
SORBI_3001G202400	786.137
SORBI_3001G202450	497
SORBI_3001G202500	1047.919
SORBI_3001G202550	336
SORBI_3001G202600	1931.279
SORBI_3001G202700	622.109
SORBI_3001G202800	1359
ENSRNA049468565	149
SORBI_3001G202900	439
SORBI_3001G203000	1011.143
SORBI_3001G203100	1518
SORBI_3001G203200	953.818
SORBI_3001G203300	960
SORBI_3001G203350	2988
SORBI_3001G203400	3598.3761603249
SORBI_3001G203450	257
SORBI_3001G203500	1597.06453197963
SORBI_3001G203600	1699.489
SORBI_3001G203650	1410
SORBI_3001G203700	1612.389
SORBI_3001G203800	1112.437
SORBI_3001G203900	1348.95006320167
SORBI_3001G204000	1850.74484716916
SORBI_3001G204100	1419.47406157027
SORBI_3001G204200	1704.386
SORBI_3001G204300	850.928
ENSRNA049444424	26
SORBI_3001G204400	344.523
SORBI_3001G204601	3114.799
SORBI_3001G204501	1041.43302954547
SORBI_3001G204700	1089.534
SORBI_3001G204800	1956.293
SORBI_3001G204900	919.386214225249
SORBI_3001G205000	1056.809
SORBI_3001G205100	1710.114
SORBI_3001G205200	4282.995
SORBI_3001G205350	1030.13978406505
SORBI_3001G205500	3251.977
SORBI_3001G205600	128
SORBI_3001G205700	1406.143
SORBI_3001G205800	1678.18075236386
SORBI_3001G205900	1001.63028113198
SORBI_3001G205950	181
SORBI_3001G206000	900.55888504467
SORBI_3001G206100	2509.15995412156
SORBI_3001G206200	1504.966
SORBI_3001G206300	1456.788
SORBI_3001G206400	717.86
SORBI_3001G206500	16866.562
SORBI_3001G206600	1179.959
SORBI_3001G206700	1663.998
SORBI_3001G206800	1947
SORBI_3001G206900	2597.851
SORBI_3001G207000	5679.281
SORBI_3001G207200	6051.263
SORBI_3001G207100	1008
SORBI_3001G207301	8029.042
SORBI_3001G207400	3181.73301056443
SORBI_3001G207500	1191.36795351688
SORBI_3001G207600	3473
SORBI_3001G207633	2275
SORBI_3001G207666	224
SORBI_3001G207700	1890.636
ENSRNA049468671	2
SORBI_3001G207800	1410.135
SORBI_3001G207900	795.5
SORBI_3001G208000	2258.80387283432
SORBI_3001G208100	1330.087
SORBI_3001G208133	1929.084
SORBI_3001G208166	1659.111
SORBI_3001G208200	1437.64449319116
SORBI_3001G208300	1721.019
SORBI_3001G208401	548.252
SORBI_3001G208500	1016.929
SORBI_3001G208600	1587.958
SORBI_3001G208700	2662.381
SORBI_3001G208800	244.476
SORBI_3001G208900	446.493
SORBI_3001G209000	6435.542
SORBI_3001G209101	1153.267
SORBI_3001G209200	1078.739
SORBI_3001G209300	1198.236
SORBI_3001G209400	427
SORBI_3001G209500	1003.662
SORBI_3001G209550	172
SORBI_3001G209600	1006
SORBI_3001G209701	1471
SORBI_3001G209800	579.488
SORBI_3001G209900	457
SORBI_3001G210000	2872.53745659845
SORBI_3001G210101	815.761
SORBI_3001G210200	695.625
SORBI_3001G210250	681.981
SORBI_3001G210300	1060.553
SORBI_3001G210500	787
SORBI_3001G210600	1209.459
SORBI_3001G210700	445.347301392924
SORBI_3001G210800	609
SORBI_3001G210900	963.217
SORBI_3001G211000	3101.456
SORBI_3001G211101	1162.465
SORBI_3001G211200	1425.234
SORBI_3001G211400	1025.438
SORBI_3001G211500	2684.317
SORBI_3001G211600	859
SORBI_3001G211700	838
SORBI_3001G211750	427
SORBI_3001G211800	498
SORBI_3001G211900	1498.137
SORBI_3001G212000	743.236
SORBI_3001G212100	529.631
SORBI_3001G212200	1800.76
SORBI_3001G212300	3417.441
SORBI_3001G212350	930.302
ENSRNA049444438	26
SORBI_3001G212401	543.5
SORBI_3001G212451	1318.872
SORBI_3001G212500	2684.679
SORBI_3001G212600	8314.636
SORBI_3001G212701	951
SORBI_3001G212800	1340.262
SORBI_3001G212900	2866.195
SORBI_3001G213000	720.536
SORBI_3001G213100	457
SORBI_3001G213150	559
SORBI_3001G213200	809
SORBI_3001G213300	1653.76
SORBI_3001G213400	1198.704
SORBI_3001G213500	1253
SORBI_3001G213666	5033.175
SORBI_3001G213832	1389
SORBI_3001G214000	5439.459
SORBI_3001G214100	1477.185
ENSRNA049997087	39
SORBI_3001G214200	1497.35
SORBI_3001G214300	4832.50659032607
SORBI_3001G214400	378
SORBI_3001G214600	3543.73202631295
SORBI_3001G214800	3404.32
SORBI_3001G214900	884.645
SORBI_3001G215000	2461
SORBI_3001G215100	730.077
SORBI_3001G215201	987
SORBI_3001G215300	1249.61
SORBI_3001G215400	3482.938
SORBI_3001G215500	652.763
SORBI_3001G215600	5166.923
SORBI_3001G215700	3047.007
SORBI_3001G215900	1372.86460029729
SORBI_3001G216001	1777
SORBI_3001G216100	2017.227
SORBI_3001G216200	1939.462
SORBI_3001G216300	1495.773
SORBI_3001G216400	1868
SORBI_3001G216500	1431.34
SORBI_3001G216600	2137.649
SORBI_3001G216701	547.085
SORBI_3001G216800	968
SORBI_3001G216900	789
SORBI_3001G217000	490.088
SORBI_3001G217100	1901.916
SORBI_3001G217200	2622.77106327249
SORBI_3001G217300	2697.954
SORBI_3001G217400	4218.397
SORBI_3001G217500	2303.63343172158
SORBI_3001G217600	764.802
SORBI_3001G217700	1201.32582433519
SORBI_3001G217800	380
SORBI_3001G217850	790
SORBI_3001G217900	4981.177
SORBI_3001G218200	844.157729123009
SORBI_3001G218300	709
SORBI_3001G218400	1549.72
SORBI_3001G218500	1624.643
SORBI_3001G218600	1025.213
SORBI_3001G218701	970
SORBI_3001G218800	3261.298
SORBI_3001G218900	289
SORBI_3001G219200	868.17
SORBI_3001G219300	1323.537
SORBI_3001G219400	725.019
SORBI_3001G219600	3649.529
SORBI_3001G219700	2896.018
SORBI_3001G219800	1787.6934680642
SORBI_3001G219900	4830.66728041672
ENSRNA049997080	41
SORBI_3001G220000	3617.297
SORBI_3001G220066	913
SORBI_3001G220132	220
SORBI_3001G220200	1284.993
SORBI_3001G220250	1133
SORBI_3001G220300	2738.212
ENSRNA049997073	29
SORBI_3001G220400	939.873
SORBI_3001G220500	2127.13424082873
SORBI_3001G220600	120
SORBI_3001G220800	1687.5
SORBI_3001G220900	1366.042
SORBI_3001G221000	799
SORBI_3001G221100	663.347694416547
SORBI_3001G221200	2149.344
SORBI_3001G221300	2928.072
SORBI_3001G221350	2471
SORBI_3001G221400	2015.609
SORBI_3001G221500	3428.443
SORBI_3001G221601	3066.459
SORBI_3001G221700	4157.402
SORBI_3001G221750	1027
SORBI_3001G221800	3390.47552345704
SORBI_3001G221850	1777
SORBI_3001G221900	2134
SORBI_3001G221950	1840
SORBI_3001G222000	3523.705
SORBI_3001G222100	150
SORBI_3001G222150	178.197
SORBI_3001G222200	968.297737955962
SORBI_3001G222250	999.707
SORBI_3001G222300	914.015
SORBI_3001G222400	4076.33173338639
SORBI_3001G222500	4119.835
SORBI_3001G222550	187.893
SORBI_3001G222600	748.364
SORBI_3001G222700	2784.25
SORBI_3001G222800	2013.129
SORBI_3001G222900	5816.089
SORBI_3001G223000	690.298
SORBI_3001G223100	3222.71516038093
SORBI_3001G223200	2045.282
SORBI_3001G223300	1793.983
SORBI_3001G223400	448
SORBI_3001G223550	3955.078
SORBI_3001G223700	602.681
SORBI_3001G223900	201.565
SORBI_3001G224000	3849.732
SORBI_3001G224200	2551.576
SORBI_3001G224300	3494.095
ENSRNA049444482	24
SORBI_3001G224400	798.179
SORBI_3001G224500	1420
SORBI_3001G224600	1533.643
SORBI_3001G224700	737.874
SORBI_3001G224800	434
SORBI_3001G224900	499
SORBI_3001G225000	93
SORBI_3001G225100	5840.132
SORBI_3001G225200	1644.975
SORBI_3001G225300	458
SORBI_3001G225400	618.277
SORBI_3001G225500	642.45
SORBI_3001G225600	1043.742
SORBI_3001G225700	736.797
SORBI_3001G225800	1772.5
SORBI_3001G225900	1222.929
SORBI_3001G226000	1859.806
SORBI_3001G226100	1575.64
SORBI_3001G226200	900.685313614611
SORBI_3001G226300	2946.264
SORBI_3001G226401	612
SORBI_3001G226500	1030.387
SORBI_3001G226600	3517.978
SORBI_3001G226700	1936.84
SORBI_3001G226800	2607.202
SORBI_3001G226900	1708
SORBI_3001G227000	1337.036
SORBI_3001G227100	1954
SORBI_3001G227200	2222.308
SORBI_3001G227400	4586.744
SORBI_3001G227500	818.889
SORBI_3001G227601	161
SORBI_3001G227700	898.056
SORBI_3001G227800	1667.011
SORBI_3001G227850	47
SORBI_3001G227900	3362
SORBI_3001G228000	1074
SORBI_3001G228100	1248
SORBI_3001G228200	2255.884
SORBI_3001G228300	2400.966
SORBI_3001G228400	1659.80600831438
SORBI_3001G228500	196
ENSRNA049997067	109
SORBI_3001G228600	513.773
SORBI_3001G228701	923.455
SORBI_3001G228800	285.412
SORBI_3001G228700	909.891
SORBI_3001G228900	1219
SORBI_3001G229000	2169
SORBI_3001G229100	2282
SORBI_3001G229200	2064.688
SORBI_3001G229300	2662.189
SORBI_3001G229401	791
SORBI_3001G229500	1775
SORBI_3001G229700	948.675
SORBI_3001G229850	3745
SORBI_3001G230000	4872.496
SORBI_3001G230050	96
SORBI_3001G230100	1795.842
SORBI_3001G230200	628.399
SORBI_3001G230300	1201.761
SORBI_3001G230400	1525
SORBI_3001G230500	1146.086
SORBI_3001G230600	2135
SORBI_3001G230700	1848.182
SORBI_3001G230801	739.957687129363
SORBI_3001G230900	787.367
SORBI_3001G231000	2971.274
SORBI_3001G231100	354
SORBI_3001G231200	1961.351
SORBI_3001G231300	64
SORBI_3001G231350	117
SORBI_3001G231400	403.629
SORBI_3001G231500	1245.5957428653
SORBI_3001G231600	459.137
SORBI_3001G231700	1742.27
SORBI_3001G231800	924.428
SORBI_3001G231900	736
SORBI_3001G232000	822.865
SORBI_3001G232200	775
SORBI_3001G232300	2045.955
SORBI_3001G232400	674
SORBI_3001G232500	710
SORBI_3001G232600	2926
SORBI_3001G232700	667
SORBI_3001G232800	204
SORBI_3001G232950	1645
SORBI_3001G233100	776
SORBI_3001G233200	444.943
SORBI_3001G233300	269.182
ENSRNA049444492	26
ENSRNA049444495	26
SORBI_3001G233400	2254.91967309295
SORBI_3001G233466	318
SORBI_3001G233532	640.823
SORBI_3001G233600	1753
SORBI_3001G233700	3215.49826429549
SORBI_3001G233800	1370.109
SORBI_3001G233900	1483.279
SORBI_3001G234000	352
SORBI_3001G234100	612
SORBI_3001G234200	1645.196
SORBI_3001G234300	1412.475
SORBI_3001G234500	257
SORBI_3001G234700	155
SORBI_3001G234733	871
SORBI_3001G234766	405
SORBI_3001G234800	1807.586
SORBI_3001G234900	1879
SORBI_3001G235000	3381.454
SORBI_3001G235100	2021.5
SORBI_3001G235200	883.9
SORBI_3001G235266	702
SORBI_3001G235332	750
SORBI_3001G235400	1632
SORBI_3001G235500	1962.07
SORBI_3001G235600	1780.963
SORBI_3001G235700	931.970938134983
SORBI_3001G235800	1560.93
SORBI_3001G235900	3383.49942073115
SORBI_3001G236050	782
SORBI_3001G236200	2556.69
SORBI_3001G236300	3175.683
SORBI_3001G236400	1715.774
SORBI_3001G236700	416.107
SORBI_3001G236800	1988.88083827505
ENSRNA049997061	18
SORBI_3001G236900	1830.411
SORBI_3001G236950	944
SORBI_3001G237000	2746.995
SORBI_3001G237100	1670.046
SORBI_3001G237200	380
SORBI_3001G237250	1408.044
SORBI_3001G237300	1160.182
SORBI_3001G237400	604
SORBI_3001G237500	1849.84043431014
SORBI_3001G237600	1292.152
SORBI_3001G237700	1577.942
SORBI_3001G237800	1262
SORBI_3001G237900	1287
SORBI_3001G238000	1124
SORBI_3001G238100	1023
SORBI_3001G238200	1137
SORBI_3001G238300	1050.024
SORBI_3001G238400	1136
SORBI_3001G238500	1420.707
SORBI_3001G238600	159
SORBI_3001G238700	466.991
SORBI_3001G238800	1528
SORBI_3001G238900	3016.77
SORBI_3001G239000	1731
SORBI_3001G239100	874.219
SORBI_3001G239200	959
SORBI_3001G239300	361.351
SORBI_3001G239400	1007
SORBI_3001G239500	3060.054
SORBI_3001G239601	1164
SORBI_3001G239700	1117
SORBI_3001G239800	2498.882
SORBI_3001G239900	1675.729
ENSRNA049465890	57
SORBI_3001G240000	1626.756
SORBI_3001G240100	852.3744439784
SORBI_3001G240300	1322.85
SORBI_3001G240400	2983.842
SORBI_3001G240500	720.72880987447
ENSRNA049444525	34
SORBI_3001G240600	907
SORBI_3001G240700	631
SORBI_3001G240800	3086.821
SORBI_3001G240850	355
SORBI_3001G240900	1319
SORBI_3001G241000	1218
SORBI_3001G241100	2942.01338427748
SORBI_3001G241150	838
SORBI_3001G241200	3294.2490577117
SORBI_3001G241300	954.531070123457
SORBI_3001G241401	733
SORBI_3001G241500	768.438
SORBI_3001G241600	3360.905
SORBI_3001G241700	1631
SORBI_3001G241900	1564
SORBI_3001G242000	2430
SORBI_3001G242100	1507.916
SORBI_3001G242200	934
SORBI_3001G242300	998.045
SORBI_3001G242350	1424.793
SORBI_3001G242400	1460.219
SORBI_3001G242500	281.082
SORBI_3001G242600	1210
SORBI_3001G242700	1258
SORBI_3001G242800	2265.507
SORBI_3001G242900	1962
SORBI_3001G243000	908.347
SORBI_3001G243100	1140.521
SORBI_3001G243150	255
SORBI_3001G243200	774.142
SORBI_3001G243300	1543.09
SORBI_3001G243400	1056
SORBI_3001G243500	750.07
SORBI_3001G243600	583.049
SORBI_3001G243666	604
SORBI_3001G243732	2284.904
SORBI_3001G243800	454.659
SORBI_3001G243901	3530
SORBI_3001G244000	590.002597322804
SORBI_3001G244100	60
SORBI_3001G244200	849.824218040811
SORBI_3001G244300	1233.953
SORBI_3001G244400	2077
SORBI_3001G244500	2085
SORBI_3001G244600	6925.478
SORBI_3001G244650	937
SORBI_3001G244700	1608.953
SORBI_3001G244800	231
SORBI_3001G244900	3138.657
SORBI_3001G245000	13868.066
SORBI_3001G245100	1965
SORBI_3001G245200	974.767
SORBI_3001G245300	2383.26930625664
SORBI_3001G245400	2782.776
SORBI_3001G245500	845.875
SORBI_3001G245650	521.318
SORBI_3001G245800	875
SORBI_3001G245900	10259.667
SORBI_3001G246001	1190.404
SORBI_3001G246101	223
SORBI_3001G246200	2232.866
SORBI_3001G246300	760
SORBI_3001G246400	982
SORBI_3001G246500	2217.1257641507
SORBI_3001G246600	904
SORBI_3001G246650	144
SORBI_3001G246700	4567.5042776106
SORBI_3001G246800	970
SORBI_3001G246900	955
SORBI_3001G247000	3129.051
ENSRNA049997055	44
SORBI_3001G247101	322
SORBI_3001G247200	2065.49708100556
SORBI_3001G247300	2493.413
SORBI_3001G247400	1282.581
SORBI_3001G247500	280
SORBI_3001G247550	262
SORBI_3001G247600	2824.638
SORBI_3001G247700	1675.66666666667
SORBI_3001G247800	4012.851
SORBI_3001G247900	2826.589
SORBI_3001G248000	207
SORBI_3001G248100	3155.042
SORBI_3001G248200	3723.32
SORBI_3001G248300	2487.322
SORBI_3001G248400	4016.53
SORBI_3001G248500	1076.003
SORBI_3001G248700	14038.649
SORBI_3001G248600	3224.93493457711
SORBI_3001G248900	4224.232
SORBI_3001G249000	1468.538
SORBI_3001G249100	3912.219
SORBI_3001G249200	2977.865
SORBI_3001G249233	1430.368
SORBI_3001G249266	195
ENSRNA049997050	35
SORBI_3001G249300	1963.113
SORBI_3001G249400	1529.98744492419
SORBI_3001G249500	933
SORBI_3001G249600	954.149
SORBI_3001G249700	1056.782
SORBI_3001G249800	1350
SORBI_3001G250000	8246.257
SORBI_3001G249900	6362
SORBI_3001G250100	963
SORBI_3001G250150	1332.068
SORBI_3001G250200	1740
SORBI_3001G250300	1500.856
SORBI_3001G250600	217.323
SORBI_3001G250700	1261.836
SORBI_3001G250750	305
SORBI_3001G250800	1099
SORBI_3001G250900	1023
SORBI_3001G251000	901
SORBI_3001G251100	2949.8529557379
SORBI_3001G251200	4464.025
SORBI_3001G251300	763.67
SORBI_3001G251400	1059.05490322776
SORBI_3001G251500	2092.055
SORBI_3001G251600	1361.96823266816
SORBI_3001G251650	566.375
SORBI_3001G251700	1691.685
SORBI_3001G251750	126
SORBI_3001G251900	8529.392
SORBI_3001G251800	1926.609
SORBI_3001G252000	1694.48
SORBI_3001G252050	4849
SORBI_3001G252101	605
SORBI_3001G252151	3810
SORBI_3001G252200	2575.04886131107
SORBI_3001G252300	1418.576
SORBI_3001G252401	1216.024
SORBI_3001G252500	1214.391
SORBI_3001G252600	1960.006
SORBI_3001G252700	1524.679
SORBI_3001G252800	1732.626
SORBI_3001G252900	979.5
SORBI_3001G253000	1318
SORBI_3001G253050	217
SORBI_3001G253100	1528.83360138578
SORBI_3001G253200	2329.962
SORBI_3001G253300	3396.217
SORBI_3001G253400	646
SORBI_3001G253501	824
SORBI_3001G253600	686.207
SORBI_3001G253700	2007.752
SORBI_3001G253750	2307.366
SORBI_3001G253800	1019.422
SORBI_3001G253900	1294.314
SORBI_3001G254000	1792
SORBI_3001G254100	642
SORBI_3001G254150	128
SORBI_3001G254200	2373.38563226413
SORBI_3001G254300	1650.898
SORBI_3001G254400	811.519
SORBI_3001G254600	1452.464
SORBI_3001G254700	709.5
SORBI_3001G254800	1421.467
SORBI_3001G255001	4441.043
SORBI_3001G255200	164
SORBI_3001G255300	2229
SORBI_3001G255400	1065.105
SORBI_3001G255450	1373
SORBI_3001G255500	317.5
ENSRNA049444535	25
SORBI_3001G255600	1343
SORBI_3001G255700	644
SORBI_3001G255800	2558.369
SORBI_3001G255866	2180
SORBI_3001G255932	51
SORBI_3001G256000	747.08
SORBI_3001G256200	622
SORBI_3001G256300	5537
SORBI_3001G256400	12058.018
SORBI_3001G256500	999.901
SORBI_3001G256600	370
SORBI_3001G256700	1786.24
SORBI_3001G256750	158
SORBI_3001G256800	512
SORBI_3001G256900	5175.972
SORBI_3001G257100	1602
SORBI_3001G257200	687.324
SORBI_3001G257300	3081.512
SORBI_3001G257400	1061.995
SORBI_3001G257600	1572.731
SORBI_3001G257650	2631.597
SORBI_3001G257700	2026.334
SORBI_3001G257800	4538.575
ENSRNA049997042	42
SORBI_3001G258000	1260.141
SORBI_3001G258100	2240.718
SORBI_3001G258200	3361.28599236064
SORBI_3001G258300	1315.65
SORBI_3001G258400	47
SORBI_3001G258500	451
SORBI_3001G258600	1841.17155512325
SORBI_3001G258700	2998
SORBI_3001G258801	6218.284
SORBI_3001G258900	119
SORBI_3001G259000	1627.753
SORBI_3001G259100	1061.503
SORBI_3001G259200	1738.12
SORBI_3001G259250	737
SORBI_3001G259300	969
SORBI_3001G259400	1187.407
SORBI_3001G259500	397
SORBI_3001G259600	1207.911
SORBI_3001G259700	566.824
SORBI_3001G259800	1236.971
SORBI_3001G259850	623.515
SORBI_3001G259900	358.028
SORBI_3001G260000	805
SORBI_3001G260300	791.376
SORBI_3001G260400	7205.083
SORBI_3001G260500	4122.301
ENSRNA049463778	29
ENSRNA049463750	3258.971
SORBI_3001G260550	52
ENSRNA049463764	2152.319
SORBI_3001G260600	938.8
SORBI_3001G260701	812.389
SORBI_3001G260800	1898.11906064502
SORBI_3001G260850	7934
SORBI_3001G260900	521
SORBI_3001G261100	595
SORBI_3001G261200	5007.426
SORBI_3001G261250	563.5
SORBI_3001G261300	254
SORBI_3001G261400	1998.76
SORBI_3001G261404	1588
SORBI_3001G261408	1821.46084960015
SORBI_3001G261412	448
SORBI_3001G261416	1930
SORBI_3001G261420	768.962
SORBI_3001G261424	62
SORBI_3001G261428	1147
SORBI_3001G261432	9371.107
SORBI_3001G261436	14867.534
SORBI_3001G261440	286
SORBI_3001G261444	1063
SORBI_3001G261448	1444
SORBI_3001G261452	158
SORBI_3001G261456	1399.05786962749
SORBI_3001G261460	1306
SORBI_3001G261464	973
SORBI_3001G261468	2219.32
SORBI_3001G261472	1768
SORBI_3001G261476	3636.165
SORBI_3001G261480	3482.456
SORBI_3001G261484	12513.816
SORBI_3001G261488	610
SORBI_3001G261492	2605.031
SORBI_3001G261496	561.418
SORBI_3001G261501	3203.81318920194
SORBI_3001G261505	407
SORBI_3001G261509	1044.191
SORBI_3001G261513	1246.38
SORBI_3001G261517	1621
SORBI_3001G261521	1591.409
SORBI_3001G261525	1852
SORBI_3001G261529	838
SORBI_3001G261533	670
SORBI_3001G261537	1074.992
SORBI_3001G261541	5203.745
SORBI_3001G261545	1268.70202103171
SORBI_3001G261549	559.886
SORBI_3001G261553	246
SORBI_3001G261557	178
SORBI_3001G261561	670
SORBI_3001G261565	1477
SORBI_3001G261569	2409.317
SORBI_3001G261573	3132.44600659143
SORBI_3001G261577	382.004
SORBI_3001G261581	867
SORBI_3001G261585	1639.865
SORBI_3001G261589	1798
SORBI_3001G261593	604
SORBI_3001G261597	1075.127
SORBI_3001G261600	2071.266
SORBI_3001G261700	1187
SORBI_3001G261750	520
SORBI_3001G261800	752.875
SORBI_3001G261900	1837.561
SORBI_3001G262000	1610.154
SORBI_3001G262100	222.537
SORBI_3001G262200	986.947
SORBI_3001G262301	521
SORBI_3001G262400	5525.058
SORBI_3001G262500	1718.298
SORBI_3001G262601	1720
SORBI_3001G262700	2460.342
SORBI_3001G262800	436
SORBI_3001G262900	2790.615
SORBI_3001G262950	1795
SORBI_3001G263000	691.773
SORBI_3001G263100	2009.41458325107
SORBI_3001G263200	1303.186
ENSRNA049997038	2
SORBI_3001G263300	1491
SORBI_3001G263500	1232.455
SORBI_3001G263600	3613.495
SORBI_3001G263701	156
SORBI_3001G263801	286
SORBI_3001G263900	2145.834
SORBI_3001G264000	1663.47372653413
SORBI_3001G264100	931.666666666667
SORBI_3001G264201	1215.109
SORBI_3001G264300	729
SORBI_3001G264400	1429.229
SORBI_3001G264500	767.322
SORBI_3001G264550	501
SORBI_3001G264600	494
SORBI_3001G264700	1273.146
SORBI_3001G264800	570.974
SORBI_3001G264901	504.067
SORBI_3001G265000	1333
SORBI_3001G265100	994
SORBI_3001G265200	613.368
SORBI_3001G265300	1667
SORBI_3001G265400	1510.377
SORBI_3001G265500	1436.58062152371
SORBI_3001G265600	1402.595
SORBI_3001G265700	3585.847
ENSRNA049997030	6
SORBI_3001G265800	1093.34
SORBI_3001G265900	1721
SORBI_3001G266000	319.565
SORBI_3001G266100	1140
SORBI_3001G266200	965
SORBI_3001G266300	1232
SORBI_3001G266400	1265.347
SORBI_3001G266500	613.333
SORBI_3001G266600	383
SORBI_3001G266700	457.004971086254
SORBI_3001G266900	201
SORBI_3001G267000	9178.458
SORBI_3001G267050	150
SORBI_3001G267100	1600
SORBI_3001G267233	10345.071
SORBI_3001G267200	1396.97
SORBI_3001G267266	2281.121
SORBI_3001G267300	254
SORBI_3001G267400	105
SORBI_3001G267500	3383.159
SORBI_3001G267600	1221.842
SORBI_3001G267701	901.035
SORBI_3001G267800	977.755
SORBI_3001G267900	3155.71
SORBI_3001G268000	6945.102
SORBI_3001G267950	827
SORBI_3001G268100	1296
SORBI_3001G268200	4308.279
SORBI_3001G268300	2389.06070467591
SORBI_3001G268400	1476.707
SORBI_3001G268550	610
SORBI_3001G268700	3327.8470058137
SORBI_3001G268850	890.93
SORBI_3001G269000	3584.42748121205
SORBI_3001G269100	12711.51
SORBI_3001G269200	2364
SORBI_3001G269300	532
SORBI_3001G269400	1452
SORBI_3001G269501	925
SORBI_3001G269600	1548
SORBI_3001G269650	720
SORBI_3001G269700	1309
SORBI_3001G269800	1189
SORBI_3001G269900	186.791
SORBI_3001G270200	1461.848
SORBI_3001G270301	598
SORBI_3001G270400	1191.80832032859
SORBI_3001G270500	4568.35
SORBI_3001G270600	316
SORBI_3001G270700	2340.215
SORBI_3001G270800	2454.747
SORBI_3001G270900	1689.932
SORBI_3001G271000	593.065
SORBI_3001G271100	722.366
SORBI_3001G271200	1324
SORBI_3001G271300	1569
SORBI_3001G271500	3354.172
SORBI_3001G271600	1505.75
SORBI_3001G271700	1387
SORBI_3001G271900	4214.309
SORBI_3001G271801	1448.101
SORBI_3001G272000	160
SORBI_3001G272100	997
SORBI_3001G272200	702
SORBI_3001G272300	631
SORBI_3001G272400	749
SORBI_3001G272466	498
SORBI_3001G272532	1295.781
SORBI_3001G272600	8192.19941507099
SORBI_3001G272700	983.224
SORBI_3001G272800	4408.826
SORBI_3001G272900	812.269
SORBI_3001G273000	1411.96331432569
SORBI_3001G273100	1748.726
SORBI_3001G273200	1895.502
SORBI_3001G273400	317
SORBI_3001G273500	4278.032
SORBI_3001G273600	1267.556
SORBI_3001G273650	594
SORBI_3001G273700	8532.989
SORBI_3001G273800	2199.23
SORBI_3001G273875	11889.101
SORBI_3001G273950	245
SORBI_3001G274025	415
SORBI_3001G274100	2180
SORBI_3001G274200	2156.686
SORBI_3001G274300	341
SORBI_3001G274400	3806
SORBI_3001G274600	1929.277
SORBI_3001G274700	809.821627281082
SORBI_3001G274800	998.638
SORBI_3001G274900	2555.17
SORBI_3001G275100	1016
SORBI_3001G275200	1507.614
SORBI_3001G275300	2312.39252734875
SORBI_3001G275400	1413
SORBI_3001G275450	1606
SORBI_3001G275500	2234.362
SORBI_3001G275600	1627.5
SORBI_3001G275700	526
SORBI_3001G275800	1921
SORBI_3001G275900	1535.333
SORBI_3001G275950	1777
SORBI_3001G276000	468.866
SORBI_3001G276100	2628.615
SORBI_3001G276200	951.506229254447
SORBI_3001G276300	2465.98353092914
SORBI_3001G276400	2545.38470343269
SORBI_3001G276500	534.371
SORBI_3001G276550	346
SORBI_3001G276600	2092.93743651128
SORBI_3001G276700	1874
SORBI_3001G276800	2071
SORBI_3001G276900	201.203
SORBI_3001G277000	1383
SORBI_3001G277300	1874.369
SORBI_3001G277400	2055.067
SORBI_3001G277500	1532.722
SORBI_3001G277600	3116.691
SORBI_3001G277700	2233
SORBI_3001G277800	1643
SORBI_3001G277900	3376.22307523322
SORBI_3001G278000	984
SORBI_3001G278100	2736
ENSRNA049997024	130
SORBI_3001G278300	3549
SORBI_3001G278400	451.97
SORBI_3001G278500	1385
SORBI_3001G278600	20932.287
SORBI_3001G278650	886
SORBI_3001G278700	1701.983
SORBI_3001G278800	1743.631
SORBI_3001G278900	881
SORBI_3001G279000	1468
SORBI_3001G279100	1338.67094368372
SORBI_3001G279200	2719.776
SORBI_3001G279300	619.979
SORBI_3001G279350	979
SORBI_3001G279400	1535.33333333333
SORBI_3001G279500	738.73
SORBI_3001G279601	403.077661970973
SORBI_3001G279701	474
SORBI_3001G279800	781
SORBI_3001G279900	7206.13447712384
SORBI_3001G280000	1674.177
SORBI_3001G280100	3615.42790325375
SORBI_3001G280200	1708.19245513383
SORBI_3001G280300	2544.353
SORBI_3001G280400	685.578
SORBI_3001G280500	1603.112
SORBI_3001G280700	2130.338
SORBI_3001G280800	981.384
SORBI_3001G280900	5676.077
SORBI_3001G281100	2474.74934442328
SORBI_3001G281201	745
SORBI_3001G281300	3203.56918182024
SORBI_3001G281400	2176.199
SORBI_3001G281500	1017.217
SORBI_3001G281600	2281.827
SORBI_3001G281700	2622.627
SORBI_3001G281800	603.472
SORBI_3001G281900	1322.674
SORBI_3001G282000	2148.83761828043
SORBI_3001G282100	2542.304
SORBI_3001G282200	866.353
SORBI_3001G282300	3841.798
SORBI_3001G282400	921.789
SORBI_3001G282500	732.049654598861
SORBI_3001G282600	2396.868
SORBI_3001G282700	3094.658
SORBI_3001G282800	1684.133
SORBI_3001G282900	1162.436
SORBI_3001G283000	2662.784
SORBI_3001G283100	2349.577
SORBI_3001G283200	1895.677
SORBI_3001G283300	8263.489
SORBI_3001G283400	4401
SORBI_3001G283500	1438.39149720009
SORBI_3001G283600	1969.51083819631
SORBI_3001G283700	1461.54724832133
SORBI_3001G283800	2961.054
SORBI_3001G283900	578
SORBI_3001G284100	4064.482
SORBI_3001G284200	1366.174
SORBI_3001G284300	311
SORBI_3001G284400	4240.489
SORBI_3001G284425	203.715
SORBI_3001G284450	1647
SORBI_3001G284475	545.832
SORBI_3001G284500	274.006
SORBI_3001G284600	1589.05
SORBI_3001G284700	614
SORBI_3001G284800	3075.104
SORBI_3001G284900	1105.046
SORBI_3001G285000	190.258
SORBI_3001G285100	2849.2491237853
SORBI_3001G285200	1716.759
SORBI_3001G285300	1931.40858916772
SORBI_3001G285400	1209.188
SORBI_3001G285500	343
SORBI_3001G285600	2353.506
SORBI_3001G285650	652
SORBI_3001G285700	343
SORBI_3001G285800	1288.736
SORBI_3001G286000	1698.21
SORBI_3001G286050	932
SORBI_3001G286100	3454.104
SORBI_3001G286200	2112.53
SORBI_3001G286300	2133.51446921553
SORBI_3001G286400	788.484623278191
SORBI_3001G286500	4792.365
SORBI_3001G286600	1302.603
SORBI_3001G286700	3690
SORBI_3001G286800	913
SORBI_3001G286900	96
SORBI_3001G287000	1403.24791022198
SORBI_3001G287101	1684.672
SORBI_3001G287201	2540.738
SORBI_3001G287301	465.361
SORBI_3001G287400	1110
SORBI_3001G287500	8334.784
ENSRNA049445116	24
SORBI_3001G287600	2445.89
SORBI_3001G287700	943
SORBI_3001G287800	1724.802
SORBI_3001G287900	2479.2
SORBI_3001G288000	1889.501
SORBI_3001G288100	2301.279
SORBI_3001G288200	1199
SORBI_3001G288301	731.068
SORBI_3001G288400	1103
SORBI_3001G288500	1764.768
SORBI_3001G288601	166.016
SORBI_3001G288700	4717.63465798391
SORBI_3001G288800	3374.228
SORBI_3001G288900	1841.151
SORBI_3001G289000	1029.919
SORBI_3001G289100	935.555
SORBI_3001G289200	662
SORBI_3001G289400	772.163900608181
SORBI_3001G289500	1780.222
SORBI_3001G289600	6223.064
SORBI_3001G289700	1945.91041150998
SORBI_3001G289800	5924.595
SORBI_3001G289900	2422.731
SORBI_3001G290000	1100.686
SORBI_3001G290100	4531.85849037188
SORBI_3001G290200	1498.37286771974
ENSRNA049445101	26
SORBI_3001G290300	899.24725850436
SORBI_3001G290400	2060.211
SORBI_3001G290500	1930.006
SORBI_3001G290600	2149.164
SORBI_3001G290700	765.855
SORBI_3001G290766	596.166
SORBI_3001G290832	699.697
ENSRNA049470481	36
SORBI_3001G290900	1769
ENSRNA049470492	35
SORBI_3001G291000	2768.38432183657
SORBI_3001G291100	957.393655463376
SORBI_3001G291200	854.618
SORBI_3001G291300	586.195
SORBI_3001G291400	2027.60207882358
SORBI_3001G291500	549.862
SORBI_3001G291600	2630.628
SORBI_3001G291701	1505
SORBI_3001G291800	2255.183
SORBI_3001G291900	780.86
SORBI_3001G292000	1259.814
SORBI_3001G292100	2649.88888888889
SORBI_3001G292200	2119.41309136662
SORBI_3001G292400	2433.494
SORBI_3001G292500	2198.969
SORBI_3001G292700	3589.082
SORBI_3001G292800	1366.986
SORBI_3001G292900	899.360578614006
SORBI_3001G293000	1282
SORBI_3001G293100	1485
SORBI_3001G293200	1146
SORBI_3001G293300	463.597
SORBI_3001G293400	1039
SORBI_3001G293450	1437
SORBI_3001G293500	963
SORBI_3001G293550	1638
SORBI_3001G293600	511.242
SORBI_3001G293633	2141
SORBI_3001G293666	583
SORBI_3001G293700	8631.61
SORBI_3001G293800	1485.267
SORBI_3001G293900	865
SORBI_3001G294000	1671.315
SORBI_3001G294100	1626.965
SORBI_3001G294150	650.694
SORBI_3001G294200	2012.086
SORBI_3001G294300	1513.02
SORBI_3001G294400	1393.73372539523
SORBI_3001G294500	1385.357
SORBI_3001G294600	1833.296
SORBI_3001G294700	988.775
SORBI_3001G294800	1344.505
SORBI_3001G294900	1947.439
SORBI_3001G295000	4614.653
SORBI_3001G295100	2306.802
SORBI_3001G295200	822.214
SORBI_3001G295300	1054.228
SORBI_3001G295400	2753.358
SORBI_3001G295500	2990.064
SORBI_3001G295600	3182.223
SORBI_3001G295700	981.741
SORBI_3001G295800	1194.225
SORBI_3001G295900	2996
SORBI_3001G296000	1324
SORBI_3001G296100	2272.749
SORBI_3001G296300	274.465
SORBI_3001G296400	1036.29031799373
SORBI_3001G296500	3474.26
SORBI_3001G296600	526
SORBI_3001G296700	1374.886
SORBI_3001G296800	2175.357
SORBI_3001G296900	1603.922
SORBI_3001G297000	1275.78
SORBI_3001G297200	1072.005
SORBI_3001G297300	1533
SORBI_3001G297400	1609
SORBI_3001G297500	1438.728
SORBI_3001G297600	1658.11665622872
SORBI_3001G297700	945
SORBI_3001G297800	724
SORBI_3001G297900	2511.766
SORBI_3001G297966	211
SORBI_3001G298032	389
SORBI_3001G298100	238.405
SORBI_3001G298200	787
SORBI_3001G298300	1396.34485430665
SORBI_3001G298400	1906.202
SORBI_3001G298500	1357.297
SORBI_3001G298600	1254.247
SORBI_3001G298700	671.781678218879
SORBI_3001G298800	4282.091
SORBI_3001G298900	8031.20803840472
SORBI_3001G299001	1777
SORBI_3001G299100	1909.31
SORBI_3001G299150	1666
SORBI_3001G299200	1379.196
SORBI_3001G299300	262.5
SORBI_3001G299400	678.367
SORBI_3001G299500	2320.403
SORBI_3001G299600	4638
SORBI_3001G299700	7006.51429207199
SORBI_3001G299800	813.776
SORBI_3001G299900	1217.497
ENSRNA049470435	45
SORBI_3001G300000	1771.498
SORBI_3001G300033	1786
SORBI_3001G300066	704.5
SORBI_3001G300100	3438.626
SORBI_3001G300201	3257.645
SORBI_3001G300301	1955.554
SORBI_3001G300400	2979.771
SORBI_3001G300450	1381
SORBI_3001G300500	1351.554
SORBI_3001G300600	1312.598
SORBI_3001G300700	1360.392
SORBI_3001G300750	779
SORBI_3001G300800	908
SORBI_3001G300900	7794.671
SORBI_3001G301000	1163.373
SORBI_3001G301100	967
SORBI_3001G301200	4180.547
SORBI_3001G301300	1478.286
SORBI_3001G301400	1037
SORBI_3001G301500	1036
SORBI_3001G301600	1022
SORBI_3001G301700	1706.24335849355
SORBI_3001G301800	1026.523
SORBI_3001G301900	1465
SORBI_3001G302000	730
SORBI_3001G302100	1494.3175918613
SORBI_3001G302200	2649.283
SORBI_3001G302300	1048.18766627494
SORBI_3001G302400	1278.02534732629
SORBI_3001G302500	1674.165
SORBI_3001G302600	469
SORBI_3001G302666	1456.166
SORBI_3001G302732	1586.801
SORBI_3001G302800	2038.874
SORBI_3001G302900	2339.334
SORBI_3001G303000	1848.539
SORBI_3001G303100	1702.96567612993
SORBI_3001G303200	1089.89
ENSRNA049445084	24
SORBI_3001G303300	1312.712
SORBI_3001G303600	6873.974
SORBI_3001G303675	3062.48613247313
SORBI_3001G303750	1146.5
SORBI_3001G303825	161
SORBI_3001G303900	3400.331
SORBI_3001G304000	1719.096
SORBI_3001G304100	440.527
SORBI_3001G304201	564.434
SORBI_3001G304300	658
SORBI_3001G304400	406.534
SORBI_3001G304500	2696.067
SORBI_3001G304600	7819.187
SORBI_3001G304700	1511.93498446195
SORBI_3001G304800	3191.282
SORBI_3001G304900	2407.285
SORBI_3001G305000	1239
SORBI_3001G305100	2009
SORBI_3001G305200	1471
SORBI_3001G305300	2709
SORBI_3001G305350	869.635
SORBI_3001G305400	2890
SORBI_3001G305500	2798.59444053433
SORBI_3001G305550	2306.913
SORBI_3001G305600	1701.05416987667
SORBI_3001G305700	2478.126
SORBI_3001G305800	2088.23873892512
SORBI_3001G305900	4166.457
SORBI_3001G306000	1906.1602379516
SORBI_3001G306101	439
SORBI_3001G306200	769
SORBI_3001G306300	1339
SORBI_3001G306400	906
SORBI_3001G306500	694.666666666667
SORBI_3001G306600	1118.69811463533
SORBI_3001G306700	1891.472
SORBI_3001G306800	1551.477
SORBI_3001G306900	3408.33431437534
SORBI_3001G307000	670
SORBI_3001G307100	1328
SORBI_3001G307200	2249.56998361866
SORBI_3001G307300	1174
SORBI_3001G307400	1103
SORBI_3001G307450	1822
SORBI_3001G307500	983
SORBI_3001G307600	1024.179
SORBI_3001G307700	2501.598
SORBI_3001G307800	1603
SORBI_3001G307900	610.922745802768
SORBI_3001G308000	3963.47
SORBI_3001G308100	998.704
SORBI_3001G308200	1920.805
SORBI_3001G308300	987.526
SORBI_3001G308350	404
SORBI_3001G308400	3294.36851584552
SORBI_3001G308450	264
SORBI_3001G308500	2753.78
SORBI_3001G308600	4365.33
SORBI_3001G308700	2615.062
SORBI_3001G308800	806.311
ENSRNA049470424	32
SORBI_3001G308900	2154.179
SORBI_3001G309000	1990
SORBI_3001G309100	1930.608
SORBI_3001G309200	1302.125
SORBI_3001G309300	938.975
SORBI_3001G309400	1593.231
SORBI_3001G309500	1690.996
SORBI_3001G309600	1419.667
SORBI_3001G309666	914
SORBI_3001G309732	383.386
SORBI_3001G309800	2170.091
SORBI_3001G309900	1916.179
SORBI_3001G310000	917
SORBI_3001G310100	1536.646
SORBI_3001G310133	119
SORBI_3001G310166	91
ENSRNA049997017	35
SORBI_3001G310200	943
SORBI_3001G310300	984
SORBI_3001G310400	691
SORBI_3001G310500	1491.548
SORBI_3001G310600	2080
SORBI_3001G310700	1634.03516548821
SORBI_3001G310800	4572.237
SORBI_3001G310900	161
SORBI_3001G311000	1195.85701863697
SORBI_3001G311050	1717
SORBI_3001G311100	2013.494
SORBI_3001G311200	903.757
SORBI_3001G311400	1035
SORBI_3001G311500	2426.87161799659
SORBI_3001G311601	781
SORBI_3001G311700	1865.032
SORBI_3001G311800	832
SORBI_3001G311833	433.662
SORBI_3001G311866	805
SORBI_3001G311900	1812.845
SORBI_3001G312000	198
SORBI_3001G312100	255
SORBI_3001G312200	319
SORBI_3001G312300	364
SORBI_3001G312350	119
SORBI_3001G312400	426.882
SORBI_3001G312500	1250.80556224021
SORBI_3001G312600	2494.269
SORBI_3001G312700	3450.60173494458
SORBI_3001G312801	942.055
SORBI_3001G312900	3812.272
SORBI_3001G313000	2763.151
SORBI_3001G313100	2641.769
SORBI_3001G313150	745
SORBI_3001G313200	569.323
SORBI_3001G313301	441.724
SORBI_3001G313400	4830.63927180582
SORBI_3001G313500	1138.856
SORBI_3001G313600	942
SORBI_3001G313700	3037.27323801806
SORBI_3001G313800	664
SORBI_3001G313900	177.956
SORBI_3001G314000	1535
SORBI_3001G314100	1167
SORBI_3001G314200	533.202274973434
SORBI_3001G314300	1077.905
SORBI_3001G314350	1389
SORBI_3001G314400	692.311666920834
SORBI_3001G314500	897.66
SORBI_3001G314600	994
SORBI_3001G314700	1043.69416926586
SORBI_3001G314800	560.575
SORBI_3001G314900	1398.76758333321
SORBI_3001G315000	1931
SORBI_3001G315100	1519.43255625859
SORBI_3001G315200	1038.997
SORBI_3001G315300	304
SORBI_3001G315400	1899.89198447241
SORBI_3001G315500	1060.723
SORBI_3001G315600	2289
SORBI_3001G315700	3343.913
SORBI_3001G315800	435.464
SORBI_3001G315901	632.05
SORBI_3001G316000	1817.652
SORBI_3001G316100	1112.592
SORBI_3001G316200	1446.499
SORBI_3001G316300	623.539
ENSRNA049482469	8
SORBI_3001G316400	1424.21
SORBI_3001G316500	1382.5
SORBI_3001G316700	7320.20590311622
SORBI_3001G316800	4920.971
SORBI_3001G316900	873.199
ENSRNA049445071	27
SORBI_3001G317000	1186.452
SORBI_3001G317200	1077.181
SORBI_3001G317300	2725.687
SORBI_3001G317400	1058.945
SORBI_3001G317500	447
SORBI_3001G317600	1371.185
SORBI_3001G317700	1153.038
SORBI_3001G317800	2034
SORBI_3001G317900	559
SORBI_3001G317950	3550
SORBI_3001G318000	1062.825
SORBI_3001G318100	2830.875
SORBI_3001G318200	1600.35
SORBI_3001G318300	1051.371
SORBI_3001G318366	277
SORBI_3001G318432	856.801
SORBI_3001G318500	1014.244
SORBI_3001G318600	1362.596
SORBI_3001G318700	596.886
SORBI_3001G318800	903.129
SORBI_3001G318900	1326.628
SORBI_3001G319000	1292.824
SORBI_3001G319100	533.226
SORBI_3001G319200	1024.38
SORBI_3001G319300	810.551
SORBI_3001G319350	2994.998
SORBI_3001G319400	4116.4
SORBI_3001G319500	947.662
SORBI_3001G319600	1145.668
SORBI_3001G319650	304
SORBI_3001G319700	903.514
SORBI_3001G319800	1926.5
SORBI_3001G319900	4577.54872975121
SORBI_3001G320000	3866
SORBI_3001G320101	899.769
SORBI_3001G320200	3427.597
SORBI_3001G320300	1843
SORBI_3001G320400	841
SORBI_3001G320500	2994.152
SORBI_3001G320700	1794.353
SORBI_3001G320800	944
SORBI_3001G320900	2258.67603183981
SORBI_3001G321000	2495.626
SORBI_3001G321100	961.151
SORBI_3001G321200	1652.69689370439
SORBI_3001G321300	86
SORBI_3001G321400	1576.5874860406
SORBI_3001G321500	1400.242
SORBI_3001G321600	2589.835
SORBI_3001G321700	161
SORBI_3001G321800	1207.657
SORBI_3001G321900	1939.803
SORBI_3001G322000	2022.33
SORBI_3001G322100	923.26
SORBI_3001G322200	1135.301
SORBI_3001G322300	1464.89287295721
SORBI_3001G322400	1218.716
SORBI_3001G322500	2928.865
SORBI_3001G322600	1633.745
SORBI_3001G322700	4704.044
SORBI_3001G322766	533
SORBI_3001G322832	314.972
SORBI_3001G322900	1363.637
SORBI_3001G323000	1183.591
SORBI_3001G323101	1473.139
SORBI_3001G323200	860
SORBI_3001G323300	2337.017
SORBI_3001G323400	3622.341
SORBI_3001G323500	3351
SORBI_3001G323600	1545
SORBI_3001G323701	1292.662
SORBI_3001G323801	679
SORBI_3001G323900	2870.062
SORBI_3001G324000	2436.019
SORBI_3001G324100	1316.283
SORBI_3001G324200	1677.206
SORBI_3001G324250	683.624
SORBI_3001G324300	1451
SORBI_3001G324400	1219.731
SORBI_3001G324500	418
SORBI_3001G324600	440
SORBI_3001G324700	1644.561
SORBI_3001G324800	647
SORBI_3001G324900	1773.231
SORBI_3001G325000	1921.34
SORBI_3001G325100	550
SORBI_3001G325200	4413.775
SORBI_3001G325400	1010.98
SORBI_3001G325500	195
SORBI_3001G325600	713.482
SORBI_3001G325700	1698.623
SORBI_3001G325850	1312
SORBI_3001G326000	1036
SORBI_3001G326100	1470.67
ENSRNA049997009	3
SORBI_3001G326200	736
SORBI_3001G326300	3426.128
SORBI_3001G326400	2162.347
SORBI_3001G326500	838
SORBI_3001G326600	763.387
SORBI_3001G326700	1461
SORBI_3001G326800	1069
SORBI_3001G326900	2702.266
SORBI_3001G327000	1071.036
SORBI_3001G327100	1388.925
SORBI_3001G327200	83
SORBI_3001G327300	2774.618
SORBI_3001G327400	565.557
SORBI_3001G327500	673
SORBI_3001G327700	1365.37193826909
SORBI_3001G327800	2406.21928716641
SORBI_3001G327900	2851.5
SORBI_3001G328000	1802.68641310075
SORBI_3001G328100	1002.98
SORBI_3001G328200	1807.485
SORBI_3001G328350	890
SORBI_3001G328500	1456.675
SORBI_3001G328650	2063.64943248071
SORBI_3001G328800	3633
SORBI_3001G328850	1408
SORBI_3001G328900	616
SORBI_3001G329001	3346.172
SORBI_3001G329100	816.867
SORBI_3001G329200	1644.487
SORBI_3001G329300	581.766
SORBI_3001G329400	4672.924
SORBI_3001G329600	1664.235
SORBI_3001G329701	1567.65
SORBI_3001G329800	6500.832
SORBI_3001G329901	74
SORBI_3001G330000	1189.679
SORBI_3001G330100	703.645
SORBI_3001G330200	898.46
SORBI_3001G330300	1107
SORBI_3001G330400	837.318
SORBI_3001G330500	1027.08
ENSRNA049482464	35
SORBI_3001G330600	1012
SORBI_3001G330700	1993.54164965826
SORBI_3001G330775	1100
SORBI_3001G330850	680.398
SORBI_3001G330925	2047.369
SORBI_3001G331000	2008
SORBI_3001G331100	2391.808
SORBI_3001G331200	2135.558
SORBI_3001G331301	2240.339
SORBI_3001G331401	2796.8
SORBI_3001G331500	1651
SORBI_3001G331600	1925.654
SORBI_3001G331650	338
SORBI_3001G331700	114
SORBI_3001G331800	3139
SORBI_3001G331900	2745.276
SORBI_3001G332000	572
SORBI_3001G332050	331
SORBI_3001G332100	766
SORBI_3001G332200	1103
SORBI_3001G332300	1586.16537774123
SORBI_3001G332400	2585
SORBI_3001G332500	1675.06
SORBI_3001G332700	2320.72690346796
SORBI_3001G332933	5772.445
SORBI_3001G332900	2799.762
SORBI_3001G332966	1819
SORBI_3001G333000	2702.317
SORBI_3001G333100	3169.936
SORBI_3001G333200	4373.571
SORBI_3001G333300	2381.0628956439
SORBI_3001G333400	951.555
SORBI_3001G333500	5734.686
SORBI_3001G333600	3088.364
SORBI_3001G333700	1990.473
SORBI_3001G333800	3408.91772403141
SORBI_3001G333900	1921.594
SORBI_3001G334001	2645.928
SORBI_3001G334100	1299.725
SORBI_3001G334150	887
SORBI_3001G334200	1533
SORBI_3001G334300	508.451879791803
SORBI_3001G334400	1747.366
SORBI_3001G334501	1454
SORBI_3001G334600	498.848
SORBI_3001G334700	4084.56159033187
SORBI_3001G334800	948
SORBI_3001G334900	1822.264
SORBI_3001G335000	1495.821
SORBI_3001G335100	1570.396
SORBI_3001G335201	1826.077
SORBI_3001G335300	4062.767
SORBI_3001G335400	1785.51724584468
SORBI_3001G335500	3603.587
SORBI_3001G335600	571.148
SORBI_3001G335700	132
SORBI_3001G335800	2488.403
SORBI_3001G335900	2424.706
SORBI_3001G336050	716.055
SORBI_3001G336200	830.898
SORBI_3001G336400	385
SORBI_3001G336450	1196.342
SORBI_3001G336500	2151.1951135175
SORBI_3001G336600	1597.5
SORBI_3001G336700	2376.233
SORBI_3001G336800	972
SORBI_3001G336900	671.545
SORBI_3001G337100	3271.645
SORBI_3001G337200	538
SORBI_3001G337300	1134.218
SORBI_3001G337350	501.144
SORBI_3001G337400	1695.645
ENSRNA049445049	25
SORBI_3001G337500	1460
SORBI_3001G337600	397.857
SORBI_3001G337701	694
SORBI_3001G337800	1156
SORBI_3001G338000	751
SORBI_3001G338100	382.272
SORBI_3001G338200	592
SORBI_3001G338400	2578.731
SORBI_3001G338500	2761.07298317598
SORBI_3001G338600	1473.722
SORBI_3001G338700	890
SORBI_3001G338800	2936.059
SORBI_3001G338900	2287.964
SORBI_3001G339000	1820
SORBI_3001G339100	1780.15589235197
SORBI_3001G339200	1021.575
SORBI_3001G339300	702.34
SORBI_3001G339400	2273.865
SORBI_3001G339500	646.143794905615
SORBI_3001G339600	1078.01429071494
SORBI_3001G339700	812.352
SORBI_3001G339801	349
SORBI_3001G339900	891.269
SORBI_3001G340000	2110.802
SORBI_3001G340100	217
SORBI_3001G340200	1085.61239215447
SORBI_3001G340300	2424.7261440695
SORBI_3001G340400	1267.158
SORBI_3001G340500	749.374
SORBI_3001G340600	1141.491
SORBI_3001G340700	2217.358
SORBI_3001G340800	4349.357
SORBI_3001G340900	1577
SORBI_3001G341001	697
SORBI_3001G341100	1180.29585914847
SORBI_3001G341200	914
SORBI_3001G341300	1895.4077263194
SORBI_3001G341400	2336.872
SORBI_3001G341500	992.552
SORBI_3001G341550	3131
SORBI_3001G341600	1416.543
SORBI_3001G341700	1499
SORBI_3001G341800	1634.427
SORBI_3001G341900	2181.815
SORBI_3001G342000	1419
SORBI_3001G342101	721
SORBI_3001G342200	767.34
SORBI_3001G342300	1465
SORBI_3001G342400	1522.328
SORBI_3001G342500	1874
SORBI_3001G342600	1762.382
SORBI_3001G342700	676
SORBI_3001G342800	4865.5
SORBI_3001G342900	918.013
SORBI_3001G343000	1304.52031163665
SORBI_3001G343100	1527.29933825648
SORBI_3001G343300	2334
SORBI_3001G343400	1277.83333333333
SORBI_3001G343500	1067
SORBI_3001G343601	673
SORBI_3001G343700	904
SORBI_3001G343766	2751.985
SORBI_3001G343832	239
SORBI_3001G343900	1099.093
SORBI_3001G344000	161
SORBI_3001G344150	804.174
SORBI_3001G344300	1498
SORBI_3001G344400	2124.02479063589
SORBI_3001G344450	391
SORBI_3001G344500	4399.65703055518
SORBI_3001G344600	577.963
SORBI_3001G344700	1649.773
SORBI_3001G344800	1635.665
SORBI_3001G344900	1038.847
SORBI_3001G345000	3272.393
SORBI_3001G345100	6684.361
SORBI_3001G345200	1711
SORBI_3001G345300	1986
SORBI_3001G345333	3819
SORBI_3001G345366	719
SORBI_3001G345400	263.191
SORBI_3001G345500	627
SORBI_3001G345600	1044
SORBI_3001G345700	1152
SORBI_3001G345800	1078
SORBI_3001G345900	3815
SORBI_3001G346000	806.488
SORBI_3001G346100	3720.003
SORBI_3001G346200	1348
SORBI_3001G346300	1836.081
SORBI_3001G346401	757
SORBI_3001G346500	2004.153
SORBI_3001G346600	1419.45
SORBI_3001G346700	1345.66723049794
SORBI_3001G346800	1235.604
SORBI_3001G346900	2438.416
SORBI_3001G347001	985
SORBI_3001G347100	4183.248
SORBI_3001G347201	1030
SORBI_3001G347300	2009.9519220381
SORBI_3001G347400	1152.274
SORBI_3001G347500	7064.83679086948
SORBI_3001G347600	3974.27
SORBI_3001G347700	2819.859
SORBI_3001G347800	1226.522
SORBI_3001G347901	361.969
ENSRNA049482456	1
ENSRNA049482440	33
SORBI_3001G348000	1884.043
SORBI_3001G348100	1576.16510019429
SORBI_3001G348200	473
SORBI_3001G348300	425
SORBI_3001G348400	363
SORBI_3001G348500	469
SORBI_3001G348600	1550
SORBI_3001G348700	517
SORBI_3001G348800	1603.133
SORBI_3001G348900	1659.126
SORBI_3001G349000	2680.93806753762
SORBI_3001G349100	1459
SORBI_3001G349200	3953.886
SORBI_3001G349300	1913.141
SORBI_3001G349400	2899.189
SORBI_3001G349500	1696.525
SORBI_3001G349600	1460
SORBI_3001G349650	22
SORBI_3001G349700	2000.083
SORBI_3001G349800	2566.996905515
SORBI_3001G349900	2197.605
SORBI_3001G350000	341.384
SORBI_3001G350100	481.454
SORBI_3001G350200	3579.75181785788
SORBI_3001G350300	1550.5
SORBI_3001G350400	1437.811
SORBI_3001G350501	545.449
SORBI_3001G350600	406.199321702374
SORBI_3001G350700	1423.582
SORBI_3001G350800	925
SORBI_3001G350900	3183.8753540617
ENSRNA049997003	41
SORBI_3001G351000	2993.932
SORBI_3001G351100	1032.59
SORBI_3001G351200	2335.244
SORBI_3001G351300	223
SORBI_3001G351400	1344.572
SORBI_3001G351500	1300.687
SORBI_3001G351600	748.115
SORBI_3001G351700	3154.35747219113
SORBI_3001G351800	1268.613
SORBI_3001G351900	1518.71005068363
SORBI_3001G352100	1915
SORBI_3001G352200	627.846
SORBI_3001G352300	1340.896
SORBI_3001G352400	1996.17485975104
SORBI_3001G352500	941.702
SORBI_3001G352600	1032.959
SORBI_3001G352633	943
SORBI_3001G352666	899.504
SORBI_3001G352700	417.699
SORBI_3001G352800	1021.217
SORBI_3001G352900	5160.084
SORBI_3001G352933	1705
SORBI_3001G352966	1777
SORBI_3001G353000	2585.94
SORBI_3001G353100	2267.569
SORBI_3001G353200	958.019
SORBI_3001G353250	160
SORBI_3001G353300	1197.579
SORBI_3001G353400	1739.30195354153
SORBI_3001G353501	440.365
SORBI_3001G353600	603.085
SORBI_3001G353700	2054.205
SORBI_3001G353800	4408
SORBI_3001G353900	5894.859
SORBI_3001G354000	1764.927
SORBI_3001G354100	1808.092
SORBI_3001G354200	1342.142
SORBI_3001G354400	1720.544
SORBI_3001G354501	1030.24903547002
SORBI_3001G354600	3715.875
ENSRNA049445021	25
ENSRNA049444649	25
SORBI_3001G354700	1261
SORBI_3001G354800	925.534
SORBI_3001G354900	1931
SORBI_3001G355000	567.544
SORBI_3001G355100	1717.042
SORBI_3001G355200	1795.99011726657
SORBI_3001G355300	1616
SORBI_3001G355400	439
ENSRNA049482421	36
ENSRNA049482451	35
ENSRNA049482425	35
SORBI_3001G355500	552.102
SORBI_3001G355600	853.743834703024
SORBI_3001G355700	582
SORBI_3001G355800	3126.882
SORBI_3001G355850	719
SORBI_3001G355900	972
SORBI_3001G356000	1432.402
SORBI_3001G356100	1358.37967979358
ENSRNA049445015	33
SORBI_3001G356200	1266.782
SORBI_3001G356300	298
SORBI_3001G356400	836
SORBI_3001G356500	1909.313
SORBI_3001G356600	4288.381
SORBI_3001G356700	215
SORBI_3001G356800	324.193
SORBI_3001G357000	1728.5
SORBI_3001G357100	288
SORBI_3001G357200	1282.905
SORBI_3001G357300	1460.308
SORBI_3001G357400	1337.582
SORBI_3001G357500	2911.478
SORBI_3001G357600	598
SORBI_3001G357650	631
SORBI_3001G357700	1321.55
SORBI_3001G357800	614.126
SORBI_3001G357900	4233.943
SORBI_3001G358000	1995.627
SORBI_3001G358101	526
SORBI_3001G358200	2202.459
SORBI_3001G358300	1784.908
SORBI_3001G358366	784
SORBI_3001G358432	496
SORBI_3001G358500	1123.385
SORBI_3001G358600	1215.59685180398
SORBI_3001G358700	475
ENSRNA049482457	11
SORBI_3001G358800	2986.282
SORBI_3001G358900	1473
SORBI_3001G359000	122
SORBI_3001G359100	1715
SORBI_3001G359200	2469.558
SORBI_3001G359300	1514.59826154956
SORBI_3001G359400	1473.43748576798
SORBI_3001G359500	1479.32847215746
SORBI_3001G359601	869
SORBI_3001G359700	421
SORBI_3001G359800	1732.45
SORBI_3001G359900	3568.308
SORBI_3001G360000	1625.793
SORBI_3001G360200	964.283
SORBI_3001G360300	1768.952
SORBI_3001G360400	999.818
SORBI_3001G360500	1267.869
SORBI_3001G360600	2088.805
SORBI_3001G360700	1204.318
SORBI_3001G360800	9302.751
SORBI_3001G360900	2209.059
SORBI_3001G361000	3708
SORBI_3001G361100	9215.974
SORBI_3001G361200	1202.034
SORBI_3001G361300	2432.732
SORBI_3001G361400	225
SORBI_3001G361500	531.928
SORBI_3001G361600	446.521
SORBI_3001G361700	1194.69474939222
SORBI_3001G361750	3239
SORBI_3001G361800	4342.062
SORBI_3001G361900	2806.045
SORBI_3001G362001	1372.697
SORBI_3001G362100	3166.087
SORBI_3001G362200	1777.345
SORBI_3001G362300	990.5047424781
SORBI_3001G362400	1009.428
SORBI_3001G362500	1993.358
SORBI_3001G362601	3038.977
SORBI_3001G362701	716.87
SORBI_3001G362800	2014.895
SORBI_3001G362900	2389
SORBI_3001G363000	1122.196
SORBI_3001G363100	898.151
SORBI_3001G363200	2073.936
SORBI_3001G363300	1883.674
SORBI_3001G363400	1739
SORBI_3001G363500	12904.108
SORBI_3001G363600	4554
SORBI_3001G363700	1702.475
SORBI_3001G363900	544.348
SORBI_3001G364100	161
SORBI_3001G364200	1250.82367074468
SORBI_3001G364300	716
SORBI_3001G364400	1919.111
SORBI_3001G364500	542.252
SORBI_3001G364600	646.28
SORBI_3001G364700	1042
SORBI_3001G364800	870.727
SORBI_3001G364900	982.553
SORBI_3001G365000	1267.037
SORBI_3001G365100	1260.861
SORBI_3001G365200	1630.5778702166
SORBI_3001G365266	1447
SORBI_3001G365332	2070
SORBI_3001G365400	426.051
SORBI_3001G365500	981.524
SORBI_3001G365600	2443.925
SORBI_3001G365700	1633.25
SORBI_3001G365800	917.872275269558
SORBI_3001G365900	5722.639
SORBI_3001G366000	685
SORBI_3001G366100	3148.19881735444
SORBI_3001G366200	1163.956
SORBI_3001G366300	3147.415
SORBI_3001G366401	481
SORBI_3001G366500	1585.992
SORBI_3001G366600	2180.50240819829
SORBI_3001G366700	4220.631
SORBI_3001G366800	2969.319
ENSRNA049482413	99.676
SORBI_3001G366900	1213
SORBI_3001G367000	1089.552
SORBI_3001G367100	2558.60080998397
SORBI_3001G367301	1698.84788734125
SORBI_3001G367500	502.977
SORBI_3001G367600	1768.796
SORBI_3001G367700	984.053
SORBI_3001G367800	966.804
SORBI_3001G367900	655.868009967633
SORBI_3001G368000	1191.414
SORBI_3001G368100	2054.447
SORBI_3001G368300	2310.101
SORBI_3001G368400	1236.669
SORBI_3001G368500	713.756
SORBI_3001G368600	1139.308
SORBI_3001G368700	948.025
SORBI_3001G368800	1657.301
SORBI_3001G368900	343.409
SORBI_3001G369000	3085.825
SORBI_3001G369101	700
SORBI_3001G369200	1410.532
SORBI_3001G369300	1336
SORBI_3001G369401	2267.03
SORBI_3001G369500	2004.125
SORBI_3001G369550	82
SORBI_3001G369600	3080.211
SORBI_3001G369701	638
SORBI_3001G369800	2338.706
SORBI_3001G369900	2876.54
SORBI_3001G370000	1053.66666666667
SORBI_3001G370100	1750.59432638497
SORBI_3001G370200	178
SORBI_3001G370300	1372.503
SORBI_3001G370400	8164.309
SORBI_3001G370500	831.485
SORBI_3001G370600	1278.22612656614
SORBI_3001G370700	511.106
SORBI_3001G370750	227
ENSRNA049482453	11
SORBI_3001G370800	136
SORBI_3001G370900	4284.305
SORBI_3001G371000	1919.511
SORBI_3001G371100	1757.87
SORBI_3001G371200	1049.25858418592
SORBI_3001G371300	2138.232
SORBI_3001G371400	537.733
SORBI_3001G371500	83
SORBI_3001G371600	906
SORBI_3001G371650	907
ENSRNA049482436	11
SORBI_3001G371700	1903.27034901863
SORBI_3001G371750	4742.486
SORBI_3001G371800	161
SORBI_3001G371900	2139.31573859223
SORBI_3001G372000	2759.478
SORBI_3001G372100	1227.073
SORBI_3001G372200	7805.896
SORBI_3001G372400	96
SORBI_3001G372500	1684.089
SORBI_3001G372600	704.771
SORBI_3001G372700	2918.818
SORBI_3001G372800	2221.152
SORBI_3001G372900	1838.505
SORBI_3001G373000	3100.476
SORBI_3001G373100	2035.76
SORBI_3001G373200	2217.333
SORBI_3001G373300	1719
SORBI_3001G373400	998.816577781606
SORBI_3001G373500	2446.33333333333
ENSRNA049444986	27
SORBI_3001G373600	1745.363
SORBI_3001G373700	6222.099
SORBI_3001G373800	2559.588
SORBI_3001G373850	395
SORBI_3001G373900	2806.437
SORBI_3001G374000	1479.84525311269
SORBI_3001G374100	3144.623
SORBI_3001G374200	499
SORBI_3001G374301	693
SORBI_3001G374400	1225.46614930906
SORBI_3001G374500	1434
SORBI_3001G374600	1590
SORBI_3001G374700	223.944
SORBI_3001G374800	1506.359
SORBI_3001G374900	461.909
SORBI_3001G375000	1357.147
SORBI_3001G375100	5620.341
SORBI_3001G375200	1065
SORBI_3001G375300	1519.463
SORBI_3001G375400	961
SORBI_3001G375500	1255.595
SORBI_3001G375600	2260.072
SORBI_3001G375650	175
SORBI_3001G375700	1796.314
SORBI_3001G375800	161
SORBI_3001G375900	10431.424
SORBI_3001G376100	3519.928
SORBI_3001G376150	1195
SORBI_3001G376200	2368
SORBI_3001G376266	324.811
SORBI_3001G376332	566.047
SORBI_3001G376400	1556.245
SORBI_3001G376501	1421
SORBI_3001G376600	492.944
SORBI_3001G376700	1024.114
SORBI_3001G376800	1855.849
SORBI_3001G376900	2316.23013315768
SORBI_3001G377000	932.611
SORBI_3001G377050	545
SORBI_3001G377100	1147.95818150152
SORBI_3001G377200	2104.178
SORBI_3001G377300	1090.228
SORBI_3001G377400	2464.049
SORBI_3001G377500	910
SORBI_3001G377600	1584.15182732127
SORBI_3001G377700	4048
SORBI_3001G377800	908.236
ENSRNA049482448	33
SORBI_3001G377900	5971.65973244544
SORBI_3001G378001	1107.205
SORBI_3001G378100	7322.701
ENSRNA049996996	42
SORBI_3001G378150	1745
SORBI_3001G378200	1057.625
SORBI_3001G378300	3011.785
SORBI_3001G378400	689
SORBI_3001G378500	794
SORBI_3001G378550	1122
SORBI_3001G378600	834
SORBI_3001G378700	938.637
SORBI_3001G378800	1822.079
SORBI_3001G378900	895
SORBI_3001G379000	2422.938
SORBI_3001G379100	1150.401
SORBI_3001G379200	1893.002
SORBI_3001G379300	1351
SORBI_3001G379400	1478.5
SORBI_3001G379500	1546.939
SORBI_3001G379600	2265.921
SORBI_3001G379700	1151.81
SORBI_3001G379800	1478
SORBI_3001G379900	4344.054
SORBI_3001G380000	1035
SORBI_3001G380100	1031
SORBI_3001G380200	2974.58572558599
SORBI_3001G380300	675
SORBI_3001G380400	1240.048
SORBI_3001G380500	898.346
SORBI_3001G380600	3242.741
SORBI_3001G380700	1062.729
SORBI_3001G380800	1946
SORBI_3001G380900	855.596
SORBI_3001G381000	311.706
SORBI_3001G381100	3598
SORBI_3001G381200	3060.177
SORBI_3001G381250	444
SORBI_3001G381300	760.776
SORBI_3001G381400	1507
SORBI_3001G381500	2163.212
SORBI_3001G381600	5068.339
SORBI_3001G381700	1405.242
SORBI_3001G381800	2446.11876695361
SORBI_3001G381900	1367.661
SORBI_3001G382000	3713.327
SORBI_3001G382100	864.247
SORBI_3001G382200	853.102
ENSRNA049482445	33
ENSRNA049482466	31
SORBI_3001G382266	1547
SORBI_3001G382332	406
SORBI_3001G382400	5316.953
SORBI_3001G382500	3889.728
SORBI_3001G382600	2270.961
SORBI_3001G382700	3153.625
SORBI_3001G382800	1053.78264021614
SORBI_3001G382900	1776
SORBI_3001G383000	1353.908
SORBI_3001G383100	1317.21
SORBI_3001G383200	2081.5
SORBI_3001G383300	3317.473
SORBI_3001G383350	844
SORBI_3001G383400	1480.94970284095
SORBI_3001G383500	987.992
SORBI_3001G383600	1403
SORBI_3001G383700	6076.063
SORBI_3001G383800	2625.442
SORBI_3001G383900	622.999
SORBI_3001G384000	3955.61939104577
SORBI_3001G384100	3253.693
SORBI_3001G384200	2336.997
SORBI_3001G384300	1623.64358976
SORBI_3001G384400	1510.207
SORBI_3001G384500	4678.985
SORBI_3001G384600	2524.896
SORBI_3001G384700	2891.06514720667
SORBI_3001G384800	5205.643
SORBI_3001G384900	4910.141
SORBI_3001G385000	2051.77
SORBI_3001G385066	344.03
SORBI_3001G385132	1686.554
SORBI_3001G385200	1233.02768297539
SORBI_3001G385300	2013.423
SORBI_3001G385400	5147.386
SORBI_3001G385500	160
SORBI_3001G385800	2118.935
SORBI_3001G385900	1251.827
SORBI_3001G386000	1809.087
SORBI_3001G386100	1816.679
SORBI_3001G386200	1056.735
SORBI_3001G386300	3654.157
ENSRNA049996987	38
SORBI_3001G386400	3543.13411032152
SORBI_3001G386500	901
SORBI_3001G386600	869.638
SORBI_3001G386700	1182.237
SORBI_3001G386800	2946.645
SORBI_3001G386900	1645
SORBI_3001G387000	1373.437
SORBI_3001G387200	607.943
SORBI_3001G387300	2156.5
SORBI_3001G387400	526
SORBI_3001G387500	3408.238
SORBI_3001G387600	3930.096
SORBI_3001G387700	1846.191
SORBI_3001G387800	1374.766
SORBI_3001G387900	4358.152
SORBI_3001G388000	1938.63566632478
SORBI_3001G388100	857.708
SORBI_3001G388200	3009.687
SORBI_3001G388250	1191.772
SORBI_3001G388300	1149.496
SORBI_3001G388400	726.813
SORBI_3001G388500	810.909
SORBI_3001G388600	854.888
SORBI_3001G388700	2879.051
SORBI_3001G388800	644.453396479857
SORBI_3001G388900	543.559
SORBI_3001G389000	1035.247
SORBI_3001G389100	4178.61854099706
SORBI_3001G389200	1502.334
SORBI_3001G389300	3823.06
SORBI_3001G389400	758.222
SORBI_3001G389500	692.290926268861
SORBI_3001G389600	4292.089
SORBI_3001G389700	1198.364
SORBI_3001G389800	3525.346
SORBI_3001G389900	1732.798
SORBI_3001G390000	923.401074306156
SORBI_3001G390200	2134.4604851899
SORBI_3001G390300	827.432
SORBI_3001G390400	2541
SORBI_3001G390500	1229.74138991747
SORBI_3001G390700	2489.458
ENSRNA049444972	26
SORBI_3001G390800	3925.419
SORBI_3001G390900	1789.3493360027
SORBI_3001G391000	4030.316
SORBI_3001G391101	787.088
SORBI_3001G391200	1046.578
SORBI_3001G391300	1269.059
SORBI_3001G391400	1575.708
SORBI_3001G391500	662.237
SORBI_3001G391600	2150.158
SORBI_3001G391800	57
SORBI_3001G391900	1221.391
SORBI_3001G392000	2501.059
SORBI_3001G392100	1770.296
SORBI_3001G392200	2035.043
SORBI_3001G392300	2306.62774804353
SORBI_3001G392400	2953.422
SORBI_3001G392500	1270.028
SORBI_3001G392600	1716.77859642116
SORBI_3001G392650	262
SORBI_3001G392700	2591.5
SORBI_3001G392800	626.287
SORBI_3001G392900	1375
SORBI_3001G393000	419.667
SORBI_3001G393101	1302
SORBI_3001G393200	496
SORBI_3001G393300	4416.144
SORBI_3001G393401	1522.984
SORBI_3001G393500	1635.345
ENSRNA049482424	27
ENSRNA049482429	35
SORBI_3001G393600	1717.823
SORBI_3001G393700	2827.407
SORBI_3001G393800	1051.892
SORBI_3001G393900	2219.21097629695
SORBI_3001G394000	1605
SORBI_3001G394100	606.291
SORBI_3001G394250	797
SORBI_3001G394400	5513.558
SORBI_3001G394466	382
SORBI_3001G394532	144
SORBI_3001G394600	1281.308
SORBI_3001G394700	250.737
SORBI_3001G394800	2962.59628146208
SORBI_3001G394900	1792.422
SORBI_3001G395000	1610.164
SORBI_3001G395100	4703.74991816373
SORBI_3001G395150	1166
SORBI_3001G395200	3971.317
SORBI_3001G395300	1169.137
SORBI_3001G395400	1220.05761433111
SORBI_3001G395500	2719.033
SORBI_3001G395600	1173.962
SORBI_3001G395700	1893.162
SORBI_3001G395800	1081.448
SORBI_3001G395900	1813
SORBI_3001G396000	3067.288
SORBI_3001G396050	7791.656
SORBI_3001G396100	999.59
SORBI_3001G396200	1189.569
SORBI_3001G396300	160
SORBI_3001G396400	161
SORBI_3001G396500	3048.501
SORBI_3001G396550	1279
SORBI_3001G396600	1632
SORBI_3001G396700	1180
SORBI_3001G396800	1724.264
SORBI_3001G396900	789.202
SORBI_3001G397000	1793.002
SORBI_3001G397100	886
SORBI_3001G397200	1011.329
SORBI_3001G397300	161
SORBI_3001G397400	2565.461
SORBI_3001G397500	2931.015
SORBI_3001G397550	520
SORBI_3001G397600	920.335
SORBI_3001G397700	1933.82
SORBI_3001G397800	3815.6258557074
SORBI_3001G397850	1784.514
SORBI_3001G397900	1363
SORBI_3001G398000	3223.66666666667
ENSRNA049482417	48
SORBI_3001G398100	960
SORBI_3001G398150	4588
SORBI_3001G398200	817
SORBI_3001G398300	229.693
SORBI_3001G398400	3440.032
SORBI_3001G398450	257
SORBI_3001G398500	4799.026
SORBI_3001G398600	2022.24320642426
SORBI_3001G398700	390.503
SORBI_3001G398800	2919.988
SORBI_3001G398950	3470.699
SORBI_3001G399100	1052.43
SORBI_3001G399200	3241.115
SORBI_3001G399300	2009.396
SORBI_3001G399400	2071.081
SORBI_3001G399501	538
SORBI_3001G399600	2116.379
SORBI_3001G399700	1458.59
SORBI_3001G399800	3024.784
SORBI_3001G399900	1950.353
SORBI_3001G400000	2138.126
SORBI_3001G400101	864.748
SORBI_3001G400200	1355.582
SORBI_3001G400300	2252.635
SORBI_3001G400400	2202.445
SORBI_3001G400500	7264.19923592544
SORBI_3001G400601	296
SORBI_3001G400700	733.02
SORBI_3001G400800	727.947
SORBI_3001G400900	791.165
SORBI_3001G401000	542.161
SORBI_3001G401100	1023.163
SORBI_3001G401200	868.048
SORBI_3001G401300	675.278
SORBI_3001G401400	2680.514
SORBI_3001G401500	2552.20968457993
SORBI_3001G401600	2022.717
SORBI_3001G401700	1841.715
SORBI_3001G401750	172
ENSRNA049996979	28
SORBI_3001G401800	4893.67
SORBI_3001G401900	1491.881
SORBI_3001G401975	941.482
SORBI_3001G402050	150
SORBI_3001G402125	138
SORBI_3001G402200	929.978
SORBI_3001G402300	677.271
SORBI_3001G402400	3635.011
SORBI_3001G402500	2448.571
SORBI_3001G402600	1074.24
ENSRNA049444730	33
SORBI_3001G402701	617.782
SORBI_3001G402800	473.825
SORBI_3001G402900	1331
SORBI_3001G403000	848
SORBI_3001G403100	2155
SORBI_3001G403200	2275.745
SORBI_3001G403300	834.956
SORBI_3001G403350	1012
SORBI_3001G403400	1242.938
SORBI_3001G403500	1266.758
SORBI_3001G403600	790.709
ENSRNA049444968	24
SORBI_3001G403700	1160.81
SORBI_3001G403800	1721.41
SORBI_3001G403900	355
SORBI_3001G404000	1042.193
SORBI_3001G404100	1242.587
SORBI_3001G404200	1112.336
SORBI_3001G404300	1372.956
SORBI_3001G404400	833.988
SORBI_3001G404500	1339.76544277018
SORBI_3001G404600	2962.41511149924
SORBI_3001G404700	1801.40361565748
SORBI_3001G404800	633.597
SORBI_3001G404900	3681.3
SORBI_3001G404950	853.018
SORBI_3001G405000	1642.4304549239
ENSRNA049482432	11
SORBI_3001G405100	3004.419
SORBI_3001G405150	622
SORBI_3001G405200	457
SORBI_3001G405300	2247.38250037572
SORBI_3001G405400	1030.1406634835
SORBI_3001G405450	1684
SORBI_3001G405500	1722.28
SORBI_3001G405600	1926.676
SORBI_3001G405700	876.818
SORBI_3001G405800	1880.936
SORBI_3001G405900	719.12
SORBI_3001G406000	1228.854
SORBI_3001G406100	1604.861
SORBI_3001G406200	109
SORBI_3001G406300	1214.214
SORBI_3001G406400	940
SORBI_3001G406500	952
SORBI_3001G406600	982
SORBI_3001G406700	3314.857
SORBI_3001G406800	3002.03653495327
SORBI_3001G406901	2025
SORBI_3001G407000	1708
SORBI_3001G407100	5273.76
SORBI_3001G407200	2373.6337353455
SORBI_3001G407300	1100
SORBI_3001G407600	1527.197
ENSRNA049482471	34
SORBI_3001G407700	4738.753
SORBI_3001G407800	1261.04
SORBI_3001G407900	5857.131
SORBI_3001G408001	1213.685
SORBI_3001G408100	4871.406
SORBI_3001G408200	1677.59097204752
SORBI_3001G408300	2167.025
SORBI_3001G408400	1166.02219918177
SORBI_3001G408500	1816.024
SORBI_3001G408600	1746.713
SORBI_3001G408700	596.699561906976
SORBI_3001G408800	2108.277
SORBI_3001G408900	563.835
SORBI_3001G409000	906
SORBI_3001G409100	1473.002
SORBI_3001G409200	1630.978
SORBI_3001G409300	698.804
SORBI_3001G409400	1360.005
SORBI_3001G409500	2404.807
SORBI_3001G409600	4055.25
SORBI_3001G409700	1546.817
SORBI_3001G409800	1481.722
SORBI_3001G409850	343
SORBI_3001G409900	1888.25
SORBI_3001G410000	2812.066
SORBI_3001G410100	1625.64955160855
SORBI_3001G410200	1917.189
SORBI_3001G410300	1256.802
SORBI_3001G410400	1123.123
SORBI_3001G410450	491.97
SORBI_3001G410500	43
SORBI_3001G410600	196.348
SORBI_3001G410700	2830.877
SORBI_3001G410800	4192.741
SORBI_3001G410900	5678
SORBI_3001G411100	761.565284419625
SORBI_3001G411200	1195.305
SORBI_3001G411300	2381.646
SORBI_3001G411400	3573.936
SORBI_3001G411500	960.964
SORBI_3001G411600	1427
SORBI_3001G411800	176.296
SORBI_3001G411900	2883.956
SORBI_3001G412001	330.175
SORBI_3001G412100	1180.966
SORBI_3001G412200	1561.088
SORBI_3001G412300	429.963
SORBI_3001G412350	763.081
SORBI_3001G412400	1891.857
SORBI_3001G412500	772.069
SORBI_3001G412600	207
SORBI_3001G412700	957.822
SORBI_3001G412800	993.008369245763
SORBI_3001G412900	489.333333333333
SORBI_3001G413000	4221.43366181701
SORBI_3001G413100	733.938
SORBI_3001G413200	926.265
SORBI_3001G413300	1051
SORBI_3001G413400	451
SORBI_3001G413500	5856.558
SORBI_3001G413600	161
SORBI_3001G413700	2781.33
SORBI_3001G413800	3018.81054537359
ENSRNA049482419	55
SORBI_3001G413850	593
SORBI_3001G413900	3220.334
SORBI_3001G414000	3650.045
SORBI_3001G414100	2139.976
SORBI_3001G414200	1320.735
SORBI_3001G414300	141
SORBI_3001G414400	1636.82660752661
SORBI_3001G414500	2200.67139489123
ENSRNA049444940	27
SORBI_3001G414650	1644.049
SORBI_3001G414800	1134.528
SORBI_3001G414900	3621.139
SORBI_3001G415000	1572.056
SORBI_3001G415100	1921
SORBI_3001G415200	4041.352
SORBI_3001G415300	4806.56542471296
SORBI_3001G415400	914.552636101377
SORBI_3001G415500	885.7
SORBI_3001G415600	1288.9
SORBI_3001G415700	2172.708
SORBI_3001G415750	904
SORBI_3001G415800	6824
SORBI_3001G415901	556.398
SORBI_3001G416000	3781.939
SORBI_3001G416100	2199
SORBI_3001G416200	4637.316
SORBI_3001G416300	1378.47108634638
SORBI_3001G416500	3104.055
SORBI_3001G416600	3085.226
SORBI_3001G416700	1961.964
SORBI_3001G416800	596.396
SORBI_3001G416900	345.047
SORBI_3001G417000	2473.67668339991
SORBI_3001G417100	1023
SORBI_3001G417200	188.371
SORBI_3001G417301	968.843
SORBI_3001G417400	1036.961
SORBI_3001G417500	3301.66707891757
SORBI_3001G417600	8592.762
SORBI_3001G417700	2055.858
SORBI_3001G417800	1435.96
SORBI_3001G417900	2112.131
SORBI_3001G418000	3376.589
SORBI_3001G418100	1182.82451218755
SORBI_3001G418200	1126.274
SORBI_3001G418300	1099
SORBI_3001G418400	2068.119
SORBI_3001G418500	698
SORBI_3001G418600	2674.787
SORBI_3001G418650	689.994
SORBI_3001G418700	1800.70868701647
SORBI_3001G418800	1689.975
SORBI_3001G418900	272.912
SORBI_3001G419000	1453
SORBI_3001G419100	3492
SORBI_3001G419200	2282
SORBI_3001G419300	1555
SORBI_3001G419400	1489
SORBI_3001G419500	1889
SORBI_3001G419600	1558
SORBI_3001G419700	1973.139
SORBI_3001G419801	1886
SORBI_3001G419900	2265.904
SORBI_3001G420000	1412.534
SORBI_3001G420100	2781.808
SORBI_3001G420150	539
SORBI_3001G420200	1929.119
SORBI_3001G420300	2065.906
SORBI_3001G420350	1882.718
SORBI_3001G420400	1532.477
SORBI_3001G420500	2600.534
SORBI_3001G420600	207
SORBI_3001G420700	3670.679
SORBI_3001G420800	1346.811799899
SORBI_3001G420900	3539.052
SORBI_3001G421000	2318.648
SORBI_3001G421100	900.5
SORBI_3001G421200	1975
SORBI_3001G421250	761
SORBI_3001G421300	1624.384
SORBI_3001G421400	1872.725
SORBI_3001G421450	762
SORBI_3001G421500	3409.28457955677
SORBI_3001G421600	289
SORBI_3001G421700	1288.35393725095
SORBI_3001G421800	1026
SORBI_3001G421900	5146.43634581359
SORBI_3001G422001	1398
SORBI_3001G422100	1599.339
SORBI_3001G422200	230
SORBI_3001G422300	2342.568
SORBI_3001G422366	1098.148
SORBI_3001G422432	1003
SORBI_3001G422500	1954.656
SORBI_3001G422600	1281.32507635749
SORBI_3001G422700	1672.149
SORBI_3001G422800	2054.192
SORBI_3001G422850	687.642688813513
SORBI_3001G422900	1181.73
SORBI_3001G423000	6766.116
SORBI_3001G423100	1535.084
SORBI_3001G423200	1222.299
SORBI_3001G423300	2797.956
SORBI_3001G423400	1566.159
SORBI_3001G423500	161
SORBI_3001G423600	822.172
SORBI_3001G423633	456.239
SORBI_3001G423666	1095
SORBI_3001G423700	2736.45619101048
SORBI_3001G423800	3152.291
SORBI_3001G423900	1250.306
SORBI_3001G424000	1400.57086457008
SORBI_3001G424066	1294
SORBI_3001G424132	1528.767
SORBI_3001G424200	1987.678
SORBI_3001G424300	696.212687269084
SORBI_3001G424400	6566.854
SORBI_3001G424500	2317.04641049205
SORBI_3001G424600	1296.473
SORBI_3001G424650	809
SORBI_3001G424700	2868.19234551626
SORBI_3001G424800	1540.488
SORBI_3001G424900	23.135
SORBI_3001G425000	759.497
SORBI_3001G425100	2126.95309539399
SORBI_3001G425150	1639.263
SORBI_3001G425200	5018.551
SORBI_3001G425300	1446.392
SORBI_3001G425400	1684.072
SORBI_3001G425500	708.623
SORBI_3001G425600	727.405
SORBI_3001G425700	2949.454
SORBI_3001G425750	747
SORBI_3001G425800	1430.05472018937
SORBI_3001G425900	2452
SORBI_3001G426000	693.054
SORBI_3001G426100	1207.221
SORBI_3001G426200	1065.807
SORBI_3001G426300	576.496148521546
SORBI_3001G426400	799.67
SORBI_3001G426500	910.613
SORBI_3001G426600	3997.13024585394
SORBI_3001G426701	829
SORBI_3001G426800	2537.115111696
SORBI_3001G426900	8831.376
SORBI_3001G427000	2342.755
SORBI_3001G427100	1315.11825075243
SORBI_3001G427200	1037.34
SORBI_3001G427300	1582.019
SORBI_3001G427400	3035.474
SORBI_3001G427500	1092.72818062139
SORBI_3001G427600	2029.106
SORBI_3001G427700	2526.219
SORBI_3001G427800	1652.71497854791
SORBI_3001G427900	2608.185
SORBI_3001G428000	3551.018
SORBI_3001G428100	701.235821308539
SORBI_3001G428200	788.051
SORBI_3001G428300	1218
SORBI_3001G428400	897.387
SORBI_3001G428500	1359.626
SORBI_3001G428600	1510
SORBI_3001G428700	777.643
SORBI_3001G428800	1707.93
SORBI_3001G428900	2321.673
SORBI_3001G429000	2293.336
SORBI_3001G429100	778.001
SORBI_3001G429200	3592.02421582927
SORBI_3001G429300	2474.881
SORBI_3001G429400	5337.083
SORBI_3001G429500	1734.388
SORBI_3001G429600	2954.097
SORBI_3001G429700	2487.726
SORBI_3001G429800	891.534
SORBI_3001G429900	1251.366
SORBI_3001G429950	158
SORBI_3001G430000	2540
SORBI_3001G430100	938
SORBI_3001G430200	1804
SORBI_3001G430300	49
SORBI_3001G430400	2286.60312228706
SORBI_3001G430500	2199
SORBI_3001G430600	1625.395
SORBI_3001G430700	3069.79284419038
SORBI_3001G430800	1426.623
SORBI_3001G430900	487.721494252208
SORBI_3001G431000	2765.594
SORBI_3001G431100	966.921
SORBI_3001G431200	1597
SORBI_3001G431400	449.228
SORBI_3001G431500	299.307
SORBI_3001G431600	4202.074
SORBI_3001G431700	361.198
SORBI_3001G431800	2890.294
SORBI_3001G431900	1185
SORBI_3001G432000	247.561
SORBI_3001G432100	1178.892
SORBI_3001G432200	4430.767
SORBI_3001G432300	2113.094
SORBI_3001G432400	412.276
SORBI_3001G432500	1561.894
SORBI_3001G432550	878.05
SORBI_3001G432600	281.255
SORBI_3001G432700	654.596
SORBI_3001G432750	1948.489
SORBI_3001G432800	2742.879
SORBI_3001G432900	725.798
SORBI_3001G433000	2185.03193073787
SORBI_3001G433100	2879.186
SORBI_3001G433200	3730.59
SORBI_3001G433300	4204.499
SORBI_3001G433400	1645.731
SORBI_3001G433500	2096
SORBI_3001G433600	1745.589
SORBI_3001G433700	1480.309
SORBI_3001G433800	4573.98659840686
SORBI_3001G433900	1079.728
SORBI_3001G434000	2197.988
SORBI_3001G434100	3060
SORBI_3001G434200	2834.411
SORBI_3001G434300	1106.508
SORBI_3001G434400	881.802
ENSRNA049480047	10
SORBI_3001G434450	1545
SORBI_3001G434500	4925.0065025176
SORBI_3001G434600	1140.587
SORBI_3001G434650	4983.5
SORBI_3001G434700	3362.52
SORBI_3001G434800	1401.849
SORBI_3001G434900	2162.863
SORBI_3001G435000	2771.421
SORBI_3001G435100	1475.126
SORBI_3001G435201	1394.539
SORBI_3001G435300	1637
SORBI_3001G435400	2532.455
SORBI_3001G435500	2329.823
SORBI_3001G435600	1292
SORBI_3001G435650	1525.173
SORBI_3001G435700	1353.077
SORBI_3001G435800	2609.22384280591
SORBI_3001G435900	1094.846
SORBI_3001G436000	573.43
SORBI_3001G436100	1668.534
SORBI_3001G436200	555.228
SORBI_3001G436300	1024.275
SORBI_3001G436400	1538.317
SORBI_3001G436450	283
SORBI_3001G436500	1328.511
SORBI_3001G436600	4356.625
SORBI_3001G436800	1192.239
SORBI_3001G436850	878
SORBI_3001G436900	2871.62072313506
SORBI_3001G437000	1667.333
SORBI_3001G437050	1290
SORBI_3001G437100	4619.593
SORBI_3001G437200	1037.121
SORBI_3001G437300	1635.5
SORBI_3001G437400	5285.031
SORBI_3001G437500	6607.629
SORBI_3001G437600	1146
SORBI_3001G437801	2956.171
SORBI_3001G438000	842.078
SORBI_3001G438100	2691.171
SORBI_3001G438200	1228
SORBI_3001G438300	1312
SORBI_3001G438400	917
SORBI_3001G438500	1096
SORBI_3001G438600	908.067
SORBI_3001G438700	2029.063
SORBI_3001G438800	3143.485
SORBI_3001G438900	912.039
SORBI_3001G439000	2328
SORBI_3001G439050	164.622
SORBI_3001G439100	1019.60433831707
SORBI_3001G439200	759.139049515783
SORBI_3001G439300	1117.258
SORBI_3001G439400	2322.936
SORBI_3001G439500	1207.82989163298
SORBI_3001G439600	1606.7
SORBI_3001G439700	952.956763313656
SORBI_3001G439800	4944.045
SORBI_3001G439850	660
SORBI_3001G439900	1359.879
SORBI_3001G440000	1503.45847241345
SORBI_3001G440100	5831.339
SORBI_3001G440200	1416.022
SORBI_3001G440300	1634.527
SORBI_3001G440401	3798.155
SORBI_3001G440500	2721.636
SORBI_3001G440600	1581.894
SORBI_3001G440700	985.439
SORBI_3001G440800	2872.778
SORBI_3001G440900	926.124
SORBI_3001G441000	3562.455
SORBI_3001G441100	1428.117
SORBI_3001G441200	1113.67236071789
SORBI_3001G441300	2298.137
SORBI_3001G441400	4812.63269045017
SORBI_3001G441350	67
SORBI_3001G441500	3957.4
SORBI_3001G441600	1900.808
ENSRNA049480033	32
SORBI_3001G441700	1335.016
SORBI_3001G441800	2870.378
SORBI_3001G441900	1788.221
SORBI_3001G442000	1796.048
SORBI_3001G442100	88.136
SORBI_3001G442200	1696.973
SORBI_3001G442300	3787.786
SORBI_3001G442400	289
SORBI_3001G442500	1648.712
SORBI_3001G442700	1362.85585539231
SORBI_3001G442600	1225
SORBI_3001G442750	542
SORBI_3001G442800	2010.15383744252
SORBI_3001G442900	4014.601
SORBI_3001G443000	2651.72
SORBI_3001G443100	1758.625
SORBI_3001G443200	2183.064
SORBI_3001G443300	1614.166
SORBI_3001G443400	130
SORBI_3001G443500	509
SORBI_3001G443600	430
SORBI_3001G443700	1046
SORBI_3001G443800	1824.243
SORBI_3001G443850	1005
SORBI_3001G443900	1925.173
SORBI_3001G444000	2213.904
SORBI_3001G444100	1800.021
SORBI_3001G444200	1320.165
SORBI_3001G444300	1273.001
SORBI_3001G444400	1742.916
SORBI_3001G444500	1308
SORBI_3001G444600	717.803
SORBI_3001G444700	1037.134
SORBI_3001G444800	651.245
ENSRNA049480045	35
SORBI_3001G444900	2136
SORBI_3001G445000	1718.1
SORBI_3001G445100	3254.114
SORBI_3001G445200	643.595
SORBI_3001G445300	531
SORBI_3001G445400	2263
SORBI_3001G445500	2970.63927799066
ENSRNA049444932	27
SORBI_3001G445600	1649.365
SORBI_3001G445700	1714.5307154632
SORBI_3001G445800	1160.916
SORBI_3001G445850	358
SORBI_3001G445900	2118.873
SORBI_3001G446000	1672.417
SORBI_3001G446100	1277.05256943731
SORBI_3001G446200	989.045
SORBI_3001G446300	710.979
SORBI_3001G446400	3737.821
SORBI_3001G446500	1838.557
SORBI_3001G446800	1477.749
SORBI_3001G446850	5741.669
SORBI_3001G446900	3548.691
SORBI_3001G447000	985.315
SORBI_3001G447100	1585.31
SORBI_3001G447200	1513.33418023704
SORBI_3001G447300	2265.164
SORBI_3001G447400	1459.331
SORBI_3001G447500	2487.483
SORBI_3001G447600	1827.591
SORBI_3001G447700	1253.175
SORBI_3001G447800	3737.587
SORBI_3001G447900	1440.439
SORBI_3001G448000	2489
SORBI_3001G448100	4491.016
SORBI_3001G448200	1694.969
SORBI_3001G448300	783.544
SORBI_3001G448350	1724
SORBI_3001G448400	2091.033
SORBI_3001G448500	1321
SORBI_3001G448600	1164.054
SORBI_3001G448700	3035.8
SORBI_3001G448750	1843
SORBI_3001G448800	2926.446
SORBI_3001G448900	1018
SORBI_3001G449000	1400.833
SORBI_3001G449100	1018
SORBI_3001G449200	1238
SORBI_3001G449300	2178.735
SORBI_3001G449400	2767.336
SORBI_3001G449500	2158.553
SORBI_3001G449600	962.167
SORBI_3001G449700	1738.456
SORBI_3001G449800	3610.532
SORBI_3001G449900	3291.41
SORBI_3001G450000	3997.597
SORBI_3001G450050	190
SORBI_3001G450100	1396
SORBI_3001G450200	1035.67615505955
SORBI_3001G450300	2631.366
SORBI_3001G450400	1682.476
SORBI_3001G450500	2970.065
SORBI_3001G450600	1046.983
SORBI_3001G450700	2096.987
SORBI_3001G450800	4294.2
SORBI_3001G450900	1051.334
SORBI_3001G451000	2201.53805704117
SORBI_3001G451100	1395.44546319183
SORBI_3001G451150	820
SORBI_3001G451200	2930.486
SORBI_3001G451300	5138.624
SORBI_3001G451400	2713.283
SORBI_3001G451450	665.429
SORBI_3001G451500	2198.455
SORBI_3001G451600	1138.531
SORBI_3001G451700	1749.139
SORBI_3001G451800	4633.017
SORBI_3001G451901	2327.119
SORBI_3001G452000	1300.875
SORBI_3001G452100	930.771
SORBI_3001G452200	1454.585
ENSRNA049480057	34
SORBI_3001G452300	409
SORBI_3001G452400	1405
SORBI_3001G452500	2322
SORBI_3001G452600	4231.05
SORBI_3001G452700	2149.848
SORBI_3001G452800	921
SORBI_3001G452900	2096.896
SORBI_3001G453000	2588.996
SORBI_3001G453100	1238.96259246342
SORBI_3001G453150	576
SORBI_3001G453200	1879.114
SORBI_3001G453250	1417.582
SORBI_3001G453300	898.328
SORBI_3001G453400	3324.632
SORBI_3001G453500	1573.11333957086
SORBI_3001G453600	1963.671
SORBI_3001G453700	1441.427
SORBI_3001G453800	850.941
SORBI_3001G453900	1508
SORBI_3001G454000	2661.871
SORBI_3001G454100	2213.019
SORBI_3001G454200	1529.269
SORBI_3001G454301	1854.941
SORBI_3001G454401	958.447
SORBI_3001G454500	4611.27290743238
SORBI_3001G454600	4098.459
SORBI_3001G454700	2111.93
SORBI_3001G454800	1496
SORBI_3001G454850	884
SORBI_3001G454900	9479.473
SORBI_3001G455000	2724.535
SORBI_3001G455100	1011.541
SORBI_3001G455200	385
SORBI_3001G455250	519.395
SORBI_3001G455300	1873
SORBI_3001G455433	4944.119
SORBI_3001G455400	689.26
SORBI_3001G455466	75
SORBI_3001G455500	2058.672
SORBI_3001G455600	2242.08463084072
SORBI_3001G455700	1415.27121216364
SORBI_3001G455800	2470.741
SORBI_3001G455900	1005
SORBI_3001G456000	867.5
SORBI_3001G456100	2372.44154829837
SORBI_3001G456200	425.31
SORBI_3001G456300	1996.24
SORBI_3001G456400	1362.23006376196
SORBI_3001G456500	2008.307
SORBI_3001G456650	1586
SORBI_3001G456800	3259.911
SORBI_3001G456900	2430.902191909
SORBI_3001G457000	1088.617
SORBI_3001G457100	2184.136
SORBI_3001G457200	1582.381
SORBI_3001G457300	1810.672
SORBI_3001G457400	2673.742
SORBI_3001G457433	98
SORBI_3001G457500	1321.289
SORBI_3001G457466	147
SORBI_3001G457600	18873.675
SORBI_3001G457700	1757.791
SORBI_3001G457800	6525.428
SORBI_3001G457900	5762.892
SORBI_3001G457933	3028.864
SORBI_3001G457966	543
SORBI_3001G458000	3994.118
SORBI_3001G458100	2722.303
SORBI_3001G458200	3644.668
SORBI_3001G458300	367
SORBI_3001G458400	2329.793
SORBI_3001G458500	348
SORBI_3001G458600	2037.689
SORBI_3001G458700	1339.69121131045
SORBI_3001G458800	1831.519
SORBI_3001G458900	1706.5
SORBI_3001G459000	204
SORBI_3001G459100	1763.451
SORBI_3001G459200	2678.391
SORBI_3001G459300	254
SORBI_3001G459400	934.07831552294
SORBI_3001G459500	1260.987
SORBI_3001G459600	1729.307
SORBI_3001G459700	1354
SORBI_3001G459800	3601.413
SORBI_3001G459900	1418.244
SORBI_3001G460100	10651.149
SORBI_3001G460000	2219.307
SORBI_3001G460150	585
SORBI_3001G460200	1888.177
SORBI_3001G460300	1149.86
SORBI_3001G460400	2329.15212808582
SORBI_3001G460500	1980.302
SORBI_3001G460600	2789.733
SORBI_3001G460700	1391.847
SORBI_3001G460800	5715.73
SORBI_3001G460900	2142.753
SORBI_3001G461000	1981.794
SORBI_3001G461101	313
SORBI_3001G461200	752.667
SORBI_3001G461300	2748.218
SORBI_3001G461400	2849.612
SORBI_3001G461500	2217.022
SORBI_3001G461600	541
SORBI_3001G461700	1826.29
SORBI_3001G461800	2331.159
SORBI_3001G461900	1475.938
SORBI_3001G462100	357.585812084675
SORBI_3001G462200	1905.19
SORBI_3001G462300	1476.753
SORBI_3001G462401	726.88
SORBI_3001G462500	1758.178
SORBI_3001G462600	1886.67076001642
SORBI_3001G462700	1392.87388881626
SORBI_3001G462800	1148.246
SORBI_3001G462900	1758.324
SORBI_3001G463000	2720.38
SORBI_3001G463100	1359.154
SORBI_3001G463200	1976.429
SORBI_3001G463301	1589.381
SORBI_3001G463400	494.897
SORBI_3001G463450	680
SORBI_3001G463500	1058.483
SORBI_3001G463600	1047
SORBI_3001G463800	6165.12613322472
SORBI_3001G463650	973.5
SORBI_3001G463700	3421
SORBI_3001G463900	2205.871
SORBI_3001G464000	3190.477
SORBI_3001G464100	1520.749
SORBI_3001G464200	3403.00903402421
SORBI_3001G464300	1097
SORBI_3001G464400	1491.428
SORBI_3001G464500	2481.18
SORBI_3001G464600	3055.014
SORBI_3001G464700	1338
SORBI_3001G464800	1471.70867496918
SORBI_3001G464900	3684.407
SORBI_3001G465000	2819
SORBI_3001G465100	7684.629
SORBI_3001G465200	6029.686
SORBI_3001G465300	981.487
SORBI_3001G465400	1156.31227110158
SORBI_3001G465450	952
SORBI_3001G465500	1982.894
SORBI_3001G465600	435.326
SORBI_3001G465700	2135.14250280712
SORBI_3001G465800	1224.798
SORBI_3001G465900	1187.34198395867
SORBI_3001G466000	2662.766
SORBI_3001G466100	2445.128
SORBI_3001G466200	912.973046443347
SORBI_3001G466300	1589.048
SORBI_3001G466400	2121
SORBI_3001G466450	453
SORBI_3001G466500	2438.21477075499
SORBI_3001G466600	950.089
SORBI_3001G466700	1948.745
SORBI_3001G466800	1274.661
SORBI_3001G466900	1577.74454118693
SORBI_3001G467000	1615.318
SORBI_3001G467100	2365.181
SORBI_3001G467150	527.651
SORBI_3001G467200	3769.87833565221
SORBI_3001G467300	740.856
SORBI_3001G467400	266
SORBI_3001G467500	2363.429
SORBI_3001G467600	1447.023
SORBI_3001G467700	2144.951
SORBI_3001G467800	890.346
SORBI_3001G468000	4007.591
SORBI_3001G468100	1491.77851392351
SORBI_3001G468200	2314.998
SORBI_3001G468300	1790.294
SORBI_3001G468400	1721.931
SORBI_3001G468500	2778.276
SORBI_3001G468600	1562.032
SORBI_3001G468700	1941.478
ENSRNA049480049	2
ENSRNA049480042	35
SORBI_3001G468900	1490
SORBI_3001G469100	3464.469
SORBI_3001G469150	255
SORBI_3001G469200	1664.988
SORBI_3001G469300	2380.484
SORBI_3001G469400	5775.679
SORBI_3001G469500	2009.50045494624
ENSRNA049480035	56
SORBI_3001G469600	2033.558
SORBI_3001G469700	919.261574031794
SORBI_3001G469800	1425.197
SORBI_3001G469900	738.355
SORBI_3001G469933	179.409
SORBI_3001G469966	301
SORBI_3001G470000	273.994
SORBI_3001G470100	519
SORBI_3001G470200	967.281
SORBI_3001G470300	561
SORBI_3001G470400	245
SORBI_3001G470500	1896.619
SORBI_3001G470600	2790.11129464418
SORBI_3001G470700	223
SORBI_3001G470800	2623.198
SORBI_3001G470900	3254.95267026902
SORBI_3001G471000	1383.689
SORBI_3001G471050	141
SORBI_3001G471100	1406
SORBI_3001G471150	1317
SORBI_3001G471200	1741.941
SORBI_3001G471300	827
SORBI_3001G471400	288.274
SORBI_3001G471500	1134.534
SORBI_3001G471600	868.602
SORBI_3001G471800	1753.989
SORBI_3001G471900	2877.6353915923
SORBI_3001G472000	2476.184
SORBI_3001G472050	179
SORBI_3001G472100	1602.018
SORBI_3001G472200	1599
SORBI_3001G472301	1229
SORBI_3001G472400	1456
SORBI_3001G472500	2419.879
SORBI_3001G472600	8967.183
SORBI_3001G472666	3383.82
SORBI_3001G472732	456
SORBI_3001G472800	2651.16174567585
SORBI_3001G472900	127
SORBI_3001G473000	4696.233
SORBI_3001G473100	2061.302
SORBI_3001G473200	1230.772
SORBI_3001G473300	1805.8168441798
SORBI_3001G473400	622.803
SORBI_3001G473500	1784.159
SORBI_3001G473600	2764.15797392091
SORBI_3001G473700	1649
SORBI_3001G473800	1479.658
SORBI_3001G473900	848.864
SORBI_3001G474001	941
SORBI_3001G474100	2272
ENSRNA049444892	26
SORBI_3001G474200	887.775636258681
SORBI_3001G474300	1332
SORBI_3001G474400	1970.707
SORBI_3001G474500	1774.33460097305
SORBI_3001G474600	3122.393
SORBI_3001G474700	1770.565
SORBI_3001G474900	4356
SORBI_3001G475000	1287.323647965
SORBI_3001G475100	13442.949
SORBI_3001G475200	2059.576
SORBI_3001G475300	2428.411
SORBI_3001G475400	2183.709
ENSRNA049444884	35
SORBI_3001G475500	732.144
ENSRNA049480017	151
SORBI_3001G475600	2910.664
SORBI_3001G475701	161
SORBI_3001G475800	1548.262
SORBI_3001G475900	1368.03
SORBI_3001G475950	406.778
SORBI_3001G476000	1374.635
SORBI_3001G476100	326.279
SORBI_3001G476201	1447.087
SORBI_3001G476300	1989.15
SORBI_3001G476400	1319.523
SORBI_3001G476500	1635
SORBI_3001G476600	1814.412
SORBI_3001G476700	1995.0794268979
SORBI_3001G476800	867.793
SORBI_3001G476900	780
SORBI_3001G477100	811.668
SORBI_3001G477200	1008.275
SORBI_3001G477300	1076.285
SORBI_3001G477350	843.08
SORBI_3001G477400	3016.848
SORBI_3001G477500	2609
SORBI_3001G477600	2506.57
SORBI_3001G477650	787.252
SORBI_3001G477700	2432.83068554682
SORBI_3001G477800	3744.806
SORBI_3001G477900	590.265
SORBI_3001G478000	631.532
SORBI_3001G478100	1562.737
SORBI_3001G478200	517
SORBI_3001G478300	2072.31368238063
SORBI_3001G478400	850.61200788749
SORBI_3001G478500	3418.98344691481
SORBI_3001G478600	1146.703
SORBI_3001G478700	163.372
SORBI_3001G478800	3296.281
SORBI_3001G478900	2871.764
ENSRNA049480026	57
SORBI_3001G479000	1560
SORBI_3001G479050	33
ENSRNA049480023	57
SORBI_3001G479100	3008.637
SORBI_3001G479200	884.099520996205
SORBI_3001G479300	1937.006
SORBI_3001G479500	6757.932
SORBI_3001G479600	922.351
SORBI_3001G479700	1873
SORBI_3001G479800	2278.196
SORBI_3001G479850	1342
SORBI_3001G479900	4977.183
SORBI_3001G480000	1507
SORBI_3001G480100	4567.292
SORBI_3001G480200	2175
SORBI_3001G480400	2165.85
SORBI_3001G480550	1052.707
SORBI_3001G480700	4235.818
SORBI_3001G480800	2137.835
SORBI_3001G480900	207
SORBI_3001G481000	991.238
SORBI_3001G481100	2594.411
SORBI_3001G481201	1027.72
SORBI_3001G481300	293.816
SORBI_3001G481400	1540.182
SORBI_3001G481500	1440.969
SORBI_3001G481600	1461.652
SORBI_3001G481700	922.303
SORBI_3001G481800	2139.67
SORBI_3001G481850	704
SORBI_3001G481900	3275.863
SORBI_3001G482000	2175.656
SORBI_3001G482100	3663.967
SORBI_3001G482200	2462.81289347165
SORBI_3001G482300	2002
SORBI_3001G482500	4012.006
SORBI_3001G482600	364.772
SORBI_3001G482700	1360.51726767158
SORBI_3001G482800	3504.138
SORBI_3001G482900	1474.01166110376
SORBI_3001G483001	448.518
SORBI_3001G483100	946.164
SORBI_3001G483200	1954.49344686816
SORBI_3001G483300	578.028
SORBI_3001G483400	2560.775
SORBI_3001G483500	655
SORBI_3001G483600	1927.177
SORBI_3001G483800	2631.45236275725
SORBI_3001G483700	621
SORBI_3001G483900	1510.51
SORBI_3001G484000	1310.63
SORBI_3001G484100	1031.344
SORBI_3001G484200	1705.64
SORBI_3001G484300	848.347
SORBI_3001G484400	2918.266
SORBI_3001G484500	484
SORBI_3001G484600	1846
SORBI_3001G484700	2012.065
SORBI_3001G484800	929.137
SORBI_3001G484900	1389.915
SORBI_3001G485000	2580.871
SORBI_3001G485100	1103.853
SORBI_3001G485200	2775.378
SORBI_3001G485300	1949.114
SORBI_3001G485400	3069.834
SORBI_3001G485500	3308.745
SORBI_3001G485600	1369.092
SORBI_3001G485700	1187.215
SORBI_3001G485800	954.879866972719
SORBI_3001G485901	661.898
SORBI_3001G486000	1004.65428470665
SORBI_3001G486100	3804.519
SORBI_3001G486300	2842.75257578195
SORBI_3001G486500	1510.60452892109
SORBI_3001G486400	722
ENSRNA049444765	27
SORBI_3001G486600	1292.848
SORBI_3001G486700	1605.674
SORBI_3001G486800	1039
SORBI_3001G486900	2631.27282349547
SORBI_3001G487000	1795.576
SORBI_3001G487100	1515.299
SORBI_3001G487200	1650.168
SORBI_3001G487250	417
SORBI_3001G487300	437
SORBI_3001G487400	1506.08
SORBI_3001G487500	513
SORBI_3001G487600	1598.76
SORBI_3001G487800	729
SORBI_3001G487900	4008.849
SORBI_3001G488000	104
SORBI_3001G488100	3263.375
SORBI_3001G488200	2089.547
SORBI_3001G488300	1069
SORBI_3001G488400	1234
SORBI_3001G488500	5596.947
SORBI_3001G488600	6913.64
SORBI_3001G488700	2422.705
SORBI_3001G488800	850
SORBI_3001G488900	1127.507
SORBI_3001G488950	515
SORBI_3001G489000	514.556
SORBI_3001G489075	1473
SORBI_3001G489150	445.146
SORBI_3001G489225	519
SORBI_3001G489300	2560.478
SORBI_3001G489400	1074.56378992209
SORBI_3001G489500	2021.804
SORBI_3001G489550	840.419
SORBI_3001G489600	952.019
SORBI_3001G489700	2641.717
SORBI_3001G489800	1887.371
SORBI_3001G489900	1624.55
SORBI_3001G490000	1839.412
SORBI_3001G490100	301
SORBI_3001G490200	563.93
ENSRNA049444774	33
SORBI_3001G490350	242
SORBI_3001G490500	1839.32
SORBI_3001G490600	1632.345
SORBI_3001G490800	725.328
SORBI_3001G490700	1715.539
SORBI_3001G490900	1745.467
SORBI_3001G490950	2853.919
SORBI_3001G491000	1086.0883207565
SORBI_3001G491100	4807.602
SORBI_3001G491200	4940.347
SORBI_3001G491300	1273.72
SORBI_3001G491400	2390
SORBI_3001G491500	1478.243
SORBI_3001G491600	478
SORBI_3001G491700	3853.658
SORBI_3001G491800	1234.60913225928
SORBI_3001G491900	1416.08
SORBI_3001G492000	653.816
SORBI_3001G492100	1740
SORBI_3001G492200	2387.09282358996
SORBI_3001G492300	2300.582
SORBI_3001G492400	2803
SORBI_3001G492600	1216.82435050746
SORBI_3001G492700	141
SORBI_3001G492800	815.302
SORBI_3001G492900	2474.38386231067
SORBI_3001G493001	174.156
SORBI_3001G493100	615
SORBI_3001G493200	2594.93239227399
SORBI_3001G493300	1414
SORBI_3001G493400	1137.768
SORBI_3001G493500	1864.313
SORBI_3001G493600	877
SORBI_3001G493700	4815.85247842165
SORBI_3001G493800	1506.097
SORBI_3001G493900	3340.063
SORBI_3001G494000	3208.155
SORBI_3001G494100	4276.597
SORBI_3001G494150	426.952
SORBI_3001G494200	2822.552
SORBI_3001G494300	3691.24607447692
SORBI_3001G494350	1102
ENSRNA049996972	2
SORBI_3001G494400	4464.5
SORBI_3001G494500	1260.465
SORBI_3001G494600	74
SORBI_3001G494650	504
SORBI_3001G494700	945.5
SORBI_3001G494800	74
SORBI_3001G494900	76
SORBI_3001G494950	2101.824
SORBI_3001G495000	1848.68924104977
SORBI_3001G495100	83
SORBI_3001G495116	1019.965
SORBI_3001G495132	899.271
SORBI_3001G495148	159
SORBI_3001G495164	884.181
SORBI_3001G495180	925.072
SORBI_3001G495200	2008.741
SORBI_3001G495300	9974.079
SORBI_3001G495400	5367.302
SORBI_3001G495500	1896
SORBI_3001G495550	1702.661
SORBI_3001G495600	2845.308
SORBI_3001G495700	606
SORBI_3001G495850	2596.702
SORBI_3001G496000	1558.249
SORBI_3001G496100	958
ENSRNA049996965	35
SORBI_3001G496200	438.981
SORBI_3001G496300	951.172
SORBI_3001G496400	1580.876
SORBI_3001G496500	1068.889
SORBI_3001G496600	2582.60523162726
SORBI_3001G496700	787.814455188906
SORBI_3001G496800	2368.639
SORBI_3001G496900	11872.395
SORBI_3001G497000	4352.384
SORBI_3001G497100	1555.211
SORBI_3001G497200	5425.793
SORBI_3001G497300	2972.03
SORBI_3001G497400	359
SORBI_3001G497500	1863.147
SORBI_3001G497600	1164.884
SORBI_3001G497700	1209.966
SORBI_3001G497750	391
SORBI_3001G497800	472
SORBI_3001G497900	1540.924
SORBI_3001G498000	2480.865
SORBI_3001G498033	2813.524
SORBI_3001G498066	264.926
SORBI_3001G498100	2535.315
SORBI_3001G498200	2916.63147577226
ENSRNA049444878	35
SORBI_3001G498300	1088.145
SORBI_3001G498400	1579.23
SORBI_3001G498500	1829.339
SORBI_3001G498600	2026.3967110593
SORBI_3001G498700	1453.475
SORBI_3001G498800	2845.423
SORBI_3001G498900	2936
SORBI_3001G499000	1922.824
SORBI_3001G499100	2922.516
SORBI_3001G499200	2274.265
SORBI_3001G499300	1115.036
SORBI_3001G499350	310
SORBI_3001G499400	790
SORBI_3001G499500	1601.79299087388
SORBI_3001G499600	1720.81
SORBI_3001G499701	982
SORBI_3001G499800	625
SORBI_3001G499900	1374.781
SORBI_3001G500000	2147.756
SORBI_3001G500100	1063.743
SORBI_3001G500200	1625.109
SORBI_3001G500300	1780.765
SORBI_3001G500400	3163.213
SORBI_3001G500500	2051.031
SORBI_3001G500600	1334.84955952379
SORBI_3001G500700	878.301
SORBI_3001G500800	2211.72969378338
SORBI_3001G500900	1746
SORBI_3001G501000	2282.138
SORBI_3001G501100	5708.598
SORBI_3001G501200	1004.181
SORBI_3001G501300	2682.25
SORBI_3001G501400	3016.606
SORBI_3001G501500	1055.346
SORBI_3001G501600	562.571
SORBI_3001G501701	1310.021
SORBI_3001G501800	4539.984
SORBI_3001G501900	2121.42901996534
SORBI_3001G502000	1625.395
SORBI_3001G502100	2018
SORBI_3001G502200	1254.654
SORBI_3001G502300	242
SORBI_3001G502400	1439.426
SORBI_3001G502450	965
SORBI_3001G502500	1552.459
SORBI_3001G502600	5113.519
SORBI_3001G502700	2506.869
SORBI_3001G502801	1365
SORBI_3001G502900	808.289
SORBI_3001G503000	1713.931
SORBI_3001G503100	1210.742
SORBI_3001G503200	1973.27337345415
SORBI_3001G503300	1526.168
SORBI_3001G503400	2553.73860155122
SORBI_3001G503500	827.053
SORBI_3001G503600	750.392
SORBI_3001G503700	1691
SORBI_3001G503801	826.396
SORBI_3001G503900	3783.679
SORBI_3001G504000	11675.784
SORBI_3001G504100	1142.549
ENSRNA049444810	24
SORBI_3001G504200	5529.209
SORBI_3001G504300	597.492
SORBI_3001G504400	1069.11178945576
SORBI_3001G504500	1346.151
SORBI_3001G504600	351
SORBI_3001G504700	1136.844
SORBI_3001G504800	493
SORBI_3001G504900	2415.034
SORBI_3001G505000	1135.26
SORBI_3001G505033	74
SORBI_3001G505066	338.71
SORBI_3001G505100	2529.654
SORBI_3001G505200	2097.048
SORBI_3001G505300	1898.291
SORBI_3001G505400	676
SORBI_3001G505500	727.017
SORBI_3001G505600	3533.519
SORBI_3001G505700	2083
SORBI_3001G505800	1354
SORBI_3001G505900	913
SORBI_3001G506000	959.138
SORBI_3001G506033	137
SORBI_3001G506066	1780.113
SORBI_3001G506100	3248
SORBI_3001G506200	141
SORBI_3001G506300	2491.278
SORBI_3001G506400	1697.263
SORBI_3001G506500	1690
SORBI_3001G506600	1616
SORBI_3001G506700	2156
SORBI_3001G506750	1041
SORBI_3001G506800	2325
SORBI_3001G506900	2661
SORBI_3001G507000	2947.484
SORBI_3001G507100	1396
SORBI_3001G507200	3585.30412474566
SORBI_3001G507300	2719.34728057563
SORBI_3001G507400	839.23888864052
SORBI_3001G507500	3367.364
SORBI_3001G507550	64
SORBI_3001G507600	1573.694
SORBI_3001G507700	1047
SORBI_3001G507800	2574
SORBI_3001G507900	1800.249
SORBI_3001G507933	339
SORBI_3001G507966	378
SORBI_3001G508000	2489
SORBI_3001G508100	2266.576
SORBI_3001G508200	4911.097
SORBI_3001G508300	2552
SORBI_3001G508400	1460.121
SORBI_3001G508466	2140.9740364867
SORBI_3001G508532	2243.515
SORBI_3001G508600	2422.38
SORBI_3001G508700	3003.085
SORBI_3001G508800	1757.466
SORBI_3001G508900	521.265
SORBI_3001G509000	242
SORBI_3001G509100	1688.96089441068
SORBI_3001G509200	1200.953
SORBI_3001G509300	2331.007
SORBI_3001G509400	257
SORBI_3001G509450	213
ENSRNA049480036	58
SORBI_3001G509500	3364.713
SORBI_3001G509600	956.246
SORBI_3001G509700	2790.604
SORBI_3001G509800	1896.50322175319
SORBI_3001G509901	331
SORBI_3001G510000	1687
SORBI_3001G510100	403
SORBI_3001G510200	1087
SORBI_3001G510300	2537.385
SORBI_3001G510400	3654.448
SORBI_3001G510500	1618.5
SORBI_3001G510600	798.464
SORBI_3001G510650	784.25
SORBI_3001G510700	6145.253
SORBI_3001G510800	612.758
ENSRNA049444870	24
SORBI_3001G511000	2405.668
SORBI_3001G511100	3366
SORBI_3001G511200	1066.687
SORBI_3001G511300	1283.378
SORBI_3001G511400	1534
SORBI_3001G511500	3732.18691617438
SORBI_3001G511600	1294
SORBI_3001G511800	2157
SORBI_3001G511900	2917.358
SORBI_3001G512000	1098.616
SORBI_3001G512100	1417.049
SORBI_3001G512200	2155.17
SORBI_3001G512300	2063.971
SORBI_3001G512400	2023.713
SORBI_3001G512500	1082.33171205713
SORBI_3001G512600	2501.53
SORBI_3001G512633	433
SORBI_3001G512666	346
SORBI_3001G512700	2718.564
SORBI_3001G512800	3199.181
SORBI_3001G512900	968.357
SORBI_3001G513000	1621.935
SORBI_3001G513100	322
SORBI_3001G513200	1077.465
SORBI_3001G513300	534.278
SORBI_3001G513400	1746
SORBI_3001G513500	2295.988
SORBI_3001G513600	1485.265
SORBI_3001G513650	4675.16
SORBI_3001G513700	1102.643
SORBI_3001G513800	2097.863
SORBI_3001G513900	1418
ENSRNA049996959	28
SORBI_3001G513950	682.666666666667
SORBI_3001G514000	2393.399
SORBI_3001G514100	1640.516
SORBI_3001G514200	1150.962
SORBI_3001G514300	1673
SORBI_3001G514400	1641.701
SORBI_3001G514500	211.314039310708
SORBI_3001G514700	1459.129
SORBI_3001G514800	2359.149
SORBI_3001G514900	3552.233
SORBI_3001G515000	2314.727
SORBI_3001G515100	1988.513
SORBI_3001G515200	1872.377
SORBI_3001G515300	1738
SORBI_3001G515350	2336
SORBI_3001G515400	1331.664
SORBI_3001G515500	829.201
SORBI_3001G515600	1640.839
SORBI_3001G515700	210
SORBI_3001G515750	609
SORBI_3001G515800	960.634
SORBI_3001G515900	128
SORBI_3001G516000	1108.84
SORBI_3001G516100	1671.7
SORBI_3001G516200	761.625
SORBI_3001G516400	739
SORBI_3001G516500	1915.429
SORBI_3001G516600	2858.872
SORBI_3001G516800	1338.896
SORBI_3001G516901	1455.495
SORBI_3001G517000	1355
SORBI_3001G517100	688.385195954121
SORBI_3001G517200	2189.04733372476
SORBI_3001G517400	957
SORBI_3001G517500	1630.687
SORBI_3001G517600	1483.975
SORBI_3001G517700	2134.213
SORBI_3001G517800	4301.13447842926
SORBI_3001G517900	1895.772
SORBI_3001G518000	2499.989
ENSRNA049480044	2
SORBI_3001G518050	287
SORBI_3001G518100	2535.589
SORBI_3001G518200	5172.411
SORBI_3001G518300	3477.8639916931
SORBI_3001G518400	2927.441
SORBI_3001G518500	991.923
SORBI_3001G518600	1273.081
SORBI_3001G518700	669.154
SORBI_3001G518800	1327.37
SORBI_3001G518900	1388
SORBI_3001G519000	5003.986
SORBI_3001G519100	1719
SORBI_3001G519200	406.973
SORBI_3001G519300	2719
SORBI_3001G519400	1033
SORBI_3001G519500	1072
SORBI_3001G519600	719
SORBI_3001G519700	2398.968
ENSRNA049996950	35
SORBI_3001G519800	2120.77625488253
SORBI_3001G519900	3175.242
SORBI_3001G520000	2276.713
SORBI_3001G520050	328.239
SORBI_3001G520100	2123.415
SORBI_3001G520200	1320.997
SORBI_3001G520300	1734.509
SORBI_3001G520400	406
SORBI_3001G520500	590.487
SORBI_3001G520600	646
SORBI_3001G520700	3980.153
SORBI_3001G520800	812.361
SORBI_3001G520900	2650.381
SORBI_3001G521001	988
SORBI_3001G521100	1451.45712243876
SORBI_3001G521200	558.664
SORBI_3001G521300	563.92
SORBI_3001G521400	484
SORBI_3001G521500	5511.535
SORBI_3001G521600	5963.082
SORBI_3001G521700	551.258
SORBI_3001G521750	7261.663
SORBI_3001G521800	424
SORBI_3001G521850	2339.846
SORBI_3001G521900	1692.5
SORBI_3001G522000	3898.956
SORBI_3001G522050	947
SORBI_3001G522100	2283.62254482524
SORBI_3001G522200	1142
SORBI_3001G522300	2263.899
SORBI_3001G522400	2569.354
SORBI_3001G522500	944.453
SORBI_3001G522600	1543.70556971775
SORBI_3001G522700	1810.055
SORBI_3001G522800	315
SORBI_3001G522900	597.134
SORBI_3001G523000	581.458
SORBI_3001G523050	555
SORBI_3001G523100	1712.423
SORBI_3001G523150	3916
SORBI_3001G523200	4505.122
SORBI_3001G523300	4663.372
SORBI_3001G523400	571
SORBI_3001G523500	607
SORBI_3001G523700	2299.98959605027
SORBI_3001G523800	1214.84666298662
SORBI_3001G523866	460.175
SORBI_3001G523932	923
SORBI_3001G524000	2009.08335873861
SORBI_3001G524100	512.968
SORBI_3001G524150	1777.842
SORBI_3001G524200	2169.092
SORBI_3001G524300	1317.906
SORBI_3001G524400	1485.008
SORBI_3001G524500	2181.909
SORBI_3001G524600	688.094
SORBI_3001G524750	556
ENSRNA049480064	47
ENSRNA049480032	57
SORBI_3001G524900	1348.58
SORBI_3001G525000	2081.196
SORBI_3001G525101	484
SORBI_3001G525200	238.593
SORBI_3001G525300	821.016
SORBI_3001G525400	1097.802
SORBI_3001G525500	2141.125
SORBI_3001G525600	2045.249
SORBI_3001G525900	1746.76585160115
SORBI_3001G526000	1569.212
SORBI_3001G526050	513
SORBI_3001G526100	1209.4067901512
SORBI_3001G526200	1719.484
SORBI_3001G526300	2610.677
SORBI_3001G526500	2255
SORBI_3001G526600	684.564
SORBI_3001G526800	1041.531
SORBI_3001G526900	1374.49024999205
SORBI_3001G527000	647.99
SORBI_3001G527100	903.521
SORBI_3001G527200	667.489
ENSRNA049480024	57
SORBI_3001G527300	2797.732
SORBI_3001G527400	1175
SORBI_3001G527500	1282
SORBI_3001G527550	1955
SORBI_3001G527600	1026.355
SORBI_3001G527700	1920.29
SORBI_3001G527800	6393.563
SORBI_3001G527900	878.460608262854
SORBI_3001G528000	1350
SORBI_3001G528100	1779.186
SORBI_3001G528200	2141.73902545233
SORBI_3001G528300	2185.276
SORBI_3001G528350	257.703
SORBI_3001G528400	749.833
SORBI_3001G528500	402.673
SORBI_3001G528600	1814.033
SORBI_3001G528700	550
SORBI_3001G528800	2129.727
SORBI_3001G528900	792.458
SORBI_3001G529000	1274.052
SORBI_3001G529100	260
SORBI_3001G529200	5089
SORBI_3001G529301	106
SORBI_3001G529400	863.501
SORBI_3001G529500	1261.766
SORBI_3001G529600	6076.32
SORBI_3001G529700	6160.618
SORBI_3001G529800	2660
SORBI_3001G529900	1265.647
SORBI_3001G530000	1394.293
SORBI_3001G530100	2118.54
SORBI_3001G530201	732
ENSRNA049480037	45
SORBI_3001G530300	2127
SORBI_3001G530350	656.038
SORBI_3001G530400	3133
SORBI_3001G530500	1413.102
SORBI_3001G530600	1174.262042808
SORBI_3001G530650	646
SORBI_3001G530700	1929.98
SORBI_3001G530800	1671.985
SORBI_3001G530900	2321.984
SORBI_3001G531000	1846
SORBI_3001G531100	1492.701
SORBI_3001G531200	1108.55
SORBI_3001G531300	855.697
SORBI_3001G531400	1228.67
SORBI_3001G531500	2191.932
SORBI_3001G531600	1860.66666666667
SORBI_3001G531700	557.865
SORBI_3001G531800	1959.789
SORBI_3001G531900	3927.575
SORBI_3001G532000	1269.215
SORBI_3001G532100	1326.721
SORBI_3001G532200	1104.987
SORBI_3001G532300	1269.76532704897
SORBI_3001G532400	1286.739
SORBI_3001G532501	3386
SORBI_3001G532600	816.753817668486
SORBI_3001G532700	3672.907
SORBI_3001G532800	2144.499
SORBI_3001G532900	1987.531
SORBI_3001G533000	555.74
SORBI_3001G533100	3206.10787363806
SORBI_3001G533200	1116
SORBI_3001G533300	1950.334
SORBI_3001G533400	1535.6460431513
SORBI_3001G533500	818.616
SORBI_3001G533600	1883.342
SORBI_3001G533700	2884.23486520578
SORBI_3001G533800	601.999
SORBI_3001G533900	2689.063
SORBI_3001G534000	3333.963
SORBI_3001G534066	5043.719
SORBI_3001G534132	1611
SORBI_3001G534200	1255
ENSRNA049996939	6
SORBI_3001G534300	2941.655
SORBI_3001G534400	2936.797
SORBI_3001G534466	2618.989
SORBI_3001G534532	2440
SORBI_3001G534600	1702.46691488934
SORBI_3001G534700	6483.874
SORBI_3001G534800	3805.991
SORBI_3001G534900	1181.311
SORBI_3001G535000	894.474
SORBI_3001G535100	4429.43493258728
SORBI_3001G535200	707.229
SORBI_3001G535300	752
SORBI_3001G535600	725
SORBI_3001G535400	844.115
SORBI_3001G535500	3707.783
SORBI_3001G535601	910
SORBI_3001G535700	698.01
SORBI_3001G535800	1904.42135410768
SORBI_3001G535850	1191.744
SORBI_3001G535900	1082
SORBI_3001G536000	1672.106
SORBI_3001G536100	1558.013
SORBI_3001G536200	1297.10833877049
SORBI_3001G536300	2534.245
SORBI_3001G536400	1879.60672228045
ENSRNA049480030	32
SORBI_3001G536500	1193.31
SORBI_3001G536600	1433.844
SORBI_3001G536700	1167.69
SORBI_3001G536800	1331.008
SORBI_3001G536901	2958.004
SORBI_3001G537001	1866.357
SORBI_3001G537100	684.016507633681
SORBI_3001G537200	1171.014
SORBI_3001G537300	3076.91362665306
SORBI_3001G537400	632.677
SORBI_3001G537500	2209.387
SORBI_3001G537600	5483.494
SORBI_3001G537700	2657.756
SORBI_3001G537800	790.772
SORBI_3001G537900	4758.322
SORBI_3001G538000	2008
SORBI_3001G538100	1890.80321633746
SORBI_3001G538200	1324
SORBI_3001G538275	723
SORBI_3001G538350	604
SORBI_3001G538425	377
SORBI_3001G538500	1400.345
SORBI_3001G538600	517.822
SORBI_3001G538700	1384.845
SORBI_3001G538800	1898.689
SORBI_3001G538866	457.903
SORBI_3001G538932	2116
SORBI_3001G539016	4543.564
SORBI_3001G539100	2291
SORBI_3001G539200	5183.672
SORBI_3001G539300	216.102
SORBI_3001G539400	2708.02786231019
SORBI_3001G539500	4107.865
SORBI_3001G539600	610
SORBI_3001G539700	1111
SORBI_3001G539760	478
SORBI_3001G539820	1139
SORBI_3001G539880	1135
SORBI_3001G539940	1127
SORBI_3001G540000	1146
SORBI_3001G540100	1396.9653642099
SORBI_3001G540200	1529.127
SORBI_3001G540250	855.318
SORBI_3001G540300	3581.714
SORBI_3001G540400	7354.803
SORBI_3001G540600	1924.117
SORBI_3001G540700	4266.316
SORBI_3001G540800	2427.354
SORBI_3001G540900	1762.745
SORBI_3001G541000	1877.23
SORBI_3001G541100	3414.955
SORBI_3001G541166	6428.874
SORBI_3001G541232	829.142
SORBI_3001G541300	1695.431
SORBI_3001G541400	161
SORBI_3001G541500	1645.565
ENSRNA049471702	2
ENSRNA049471705	2
ENSRNA049471714	2
SORBI_3001G541601	1068
ENSRNA049444859	24
SORBI_3001G541700	718.744
SORBI_3001G541800	3638.128
SORBI_3001G541900	1751.33333333333
SORBI_3001G542000	746
SORBI_3001G542100	1451
SORBI_3001G542150	3058.65385305113
SORBI_3001G542200	1282.5
SORBI_3001G542300	1382.16617817836
SORBI_3001G542400	7239.50675837707
SORBI_3001G542450	822.811
SORBI_3001G542500	4627.317
SORBI_3001G542600	1279.88
SORBI_3001G542700	3918.694
SORBI_3001G542800	1193.301
SORBI_3001G542900	1475.433
SORBI_3001G543000	812.771
SORBI_3001G543100	2536.835
SORBI_3001G543200	2096.004
SORBI_3001G543300	1350.644
SORBI_3001G543400	1130.303
SORBI_3001G543500	3734.883
SORBI_3001G543600	1260
SORBI_3001G543700	1276.79
SORBI_3001G543800	3499.105
SORBI_3001G543900	2983.08500689727
SORBI_3001G544000	304
SORBI_3001G544100	796.331
SORBI_3001G544200	2659.46667736566
SORBI_3001G544300	5202.501
ENSRNA049996930	39
SORBI_3001G544400	792
SORBI_3001G544500	1275.251
SORBI_3001G544600	864.391
SORBI_3010G000100	2233.324
SORBI_3010G000200	1943.595
SORBI_3010G000300	541.518
SORBI_3010G000401	739.585
SORBI_3010G000500	983.584
SORBI_3010G000600	3945.943
SORBI_3010G000700	2730.139
SORBI_3010G000800	3112.628
SORBI_3010G000900	1849.876
SORBI_3010G001000	3721.458
SORBI_3010G001100	7876.964
SORBI_3010G001200	2245.75
SORBI_3010G001300	1088.247
SORBI_3010G001400	1843
SORBI_3010G001500	2933.79060483455
SORBI_3010G001600	1728.147
SORBI_3010G001700	2763.874
SORBI_3010G001800	1368.151
SORBI_3010G001900	2707.532
SORBI_3010G002000	3740.237
SORBI_3010G002100	8159.059
SORBI_3010G002201	346
SORBI_3010G002301	675
SORBI_3010G002400	1349.342
SORBI_3010G002500	3042.9606122375
SORBI_3010G002600	2279.03775669768
SORBI_3010G002700	2871.06327083824
SORBI_3010G002800	3277.481
SORBI_3010G002850	8854
SORBI_3010G002900	2336
SORBI_3010G003000	278
SORBI_3010G003100	2209.58
SORBI_3010G003200	2290.693
SORBI_3010G003300	889.564444861067
SORBI_3010G003400	3061.073
SORBI_3010G003600	707
SORBI_3010G003700	530.598
ENSRNA049480402	31
ENSRNA049480389	35
SORBI_3010G003800	721
SORBI_3010G003900	2695.918
SORBI_3010G004001	1257.386
SORBI_3010G004100	5694.80255166682
SORBI_3010G004200	1514.42550097572
SORBI_3010G004300	1951.18
SORBI_3010G004400	965.947
SORBI_3010G004500	3062
SORBI_3010G004600	158
SORBI_3010G004701	638.301
SORBI_3010G004800	2381.355
SORBI_3010G004900	964.195
SORBI_3010G005000	2278.062
SORBI_3010G005100	2504.87
SORBI_3010G005200	1198.812
SORBI_3010G005300	794.01
SORBI_3010G005401	2003.674
SORBI_3010G005500	1634.512
SORBI_3010G005600	1412.413
SORBI_3010G005700	908.858
SORBI_3010G005900	1580
SORBI_3010G006000	556
SORBI_3010G006100	991
SORBI_3010G006200	1041
SORBI_3010G006300	3913.365
SORBI_3010G006350	611.688793606164
SORBI_3010G006400	763.948
SORBI_3010G006700	2850.862
SORBI_3010G006800	3281.014
SORBI_3010G006900	832
SORBI_3010G007000	4586
SORBI_3010G007100	2039.699
SORBI_3010G007200	692.588827665475
SORBI_3010G007300	2214.793
SORBI_3010G007400	1201.339
SORBI_3010G007500	2077.384
SORBI_3010G007600	505.891
SORBI_3010G007700	1326.137
SORBI_3010G007800	260
SORBI_3010G007900	4183.683
SORBI_3010G008000	1491
ENSRNA049443288	25
SORBI_3010G008100	1333.95
SORBI_3010G008200	412
SORBI_3010G008300	548.666666666667
SORBI_3010G008400	1290.34604208806
SORBI_3010G008433	289
SORBI_3010G008466	198
SORBI_3010G008500	559
SORBI_3010G008600	4544.823
SORBI_3010G008700	1083.579
SORBI_3010G008800	718.402
SORBI_3010G008900	2537.339
SORBI_3010G009100	1360
SORBI_3010G009200	3298.35335739395
SORBI_3010G009300	1386.10056359067
SORBI_3010G009250	556
SORBI_3010G009400	2511.107
SORBI_3010G009466	1457.752
SORBI_3010G009532	138
SORBI_3010G009600	2581.52837691513
SORBI_3010G009700	2827.808
SORBI_3010G009800	3104.578
SORBI_3010G009900	913
SORBI_3010G010000	2071
SORBI_3010G010100	5994.635
SORBI_3010G010201	3096
SORBI_3010G010300	4464
SORBI_3010G010400	308
SORBI_3010G010500	305
SORBI_3010G010600	446
SORBI_3010G010700	4623.962
SORBI_3010G010900	9026.948
SORBI_3010G011001	517
SORBI_3010G011100	1715
SORBI_3010G011000	8190.076
SORBI_3010G011200	3046.449
ENSRNA049443269	25
SORBI_3010G011300	296
SORBI_3010G011500	650
SORBI_3010G011700	3281.227
SORBI_3010G011800	1405
SORBI_3010G011900	1321.919
SORBI_3010G012001	2508.454
SORBI_3010G012100	1464.67902695478
SORBI_3010G012200	1295.193
SORBI_3010G012300	1395.195
SORBI_3010G012400	1219
SORBI_3010G012500	1414.214
SORBI_3010G012600	4108.944
SORBI_3010G012700	1102
SORBI_3010G012800	930.649
SORBI_3010G012900	1439.787
SORBI_3010G013000	1710.42844064152
SORBI_3010G013100	604.262
SORBI_3010G013200	4656.991
SORBI_3010G013300	4651.794
SORBI_3010G013400	611.63
SORBI_3010G013500	1409.969
SORBI_3010G013600	556
SORBI_3010G013700	815.864
SORBI_3010G013800	2592.328
SORBI_3010G013900	680.715
SORBI_3010G014100	1579.801
SORBI_3010G014200	2173
SORBI_3010G014300	991
SORBI_3010G014400	1022
SORBI_3010G014500	1739
SORBI_3010G014600	1472
SORBI_3010G014700	1087
SORBI_3010G014800	2653
SORBI_3010G014850	644
SORBI_3010G014900	481
SORBI_3010G015000	269.663
SORBI_3010G015100	560
SORBI_3010G015200	560.008
SORBI_3010G015300	1544.396
SORBI_3010G015400	3160.835
SORBI_3010G015500	1835.23846142265
SORBI_3010G015700	2256.306
SORBI_3010G015800	2160.421
SORBI_3010G015900	2808.6598597951
SORBI_3010G016000	1703.331
SORBI_3010G016100	3439
SORBI_3010G016200	912
SORBI_3010G016250	271
SORBI_3010G016300	1393.523
SORBI_3010G016400	2378.033
SORBI_3010G016500	305.185
SORBI_3010G016600	1980.87406663851
SORBI_3010G016800	860.299
SORBI_3010G016850	898.928
SORBI_3010G016900	2327.879
SORBI_3010G017000	1379.90264048493
SORBI_3010G017100	3251.104
SORBI_3010G017200	534
SORBI_3010G017300	3095.399
SORBI_3010G017400	618.826
SORBI_3010G017501	1287
SORBI_3010G017600	1671
SORBI_3010G017700	1299
SORBI_3010G017800	2084.668
SORBI_3010G017900	2857.275
SORBI_3010G018000	1265.048
SORBI_3010G018100	1588.44200624926
SORBI_3010G018200	385
SORBI_3010G018300	726.808
SORBI_3010G018400	344.754
SORBI_3010G018500	1695.389
SORBI_3010G018600	1737.989
SORBI_3010G018700	2435.79
SORBI_3010G018800	886.406
SORBI_3010G018900	2097.74
SORBI_3010G019000	2259.65561326729
SORBI_3010G019100	2132.279
SORBI_3010G019200	515
ENSRNA049996919	63
SORBI_3010G019300	678.371
SORBI_3010G019400	2334.011
SORBI_3010G019500	2378.979
SORBI_3010G019600	2598.163
SORBI_3010G019700	2165.048
SORBI_3010G019800	1623.859
SORBI_3010G019900	1282.64
SORBI_3010G020000	210
SORBI_3010G020100	1338.765
SORBI_3010G020200	941.87
SORBI_3010G020300	2789.625
SORBI_3010G020400	4332.343
SORBI_3010G020600	3325.518
SORBI_3010G020700	1357.56858882305
SORBI_3010G020800	1138.797
SORBI_3010G020900	925.062
SORBI_3010G021000	2409.17400170787
SORBI_3010G021100	877.813
SORBI_3010G021200	4267.25
SORBI_3010G021300	1090.766
SORBI_3010G021401	299.187
SORBI_3010G021500	1683.129
SORBI_3010G021600	460
SORBI_3010G021700	1818
SORBI_3010G021800	2310.17
SORBI_3010G021900	1104.608
SORBI_3010G022000	1918.343
SORBI_3010G022100	1653.497
SORBI_3010G022200	9095.53692031075
SORBI_3010G022300	1454.969
SORBI_3010G022350	327
SORBI_3010G022400	1581.362
ENSRNA049480365	32
SORBI_3010G022500	1791
SORBI_3010G022600	2968
SORBI_3010G022700	784
SORBI_3010G022800	151
SORBI_3010G022850	784
SORBI_3010G022900	214
SORBI_3010G023000	259
SORBI_3010G023066	1334
SORBI_3010G023132	555
SORBI_3010G023200	313.432
SORBI_3010G023300	1489.846
SORBI_3010G023400	5368.668
SORBI_3010G023500	1896.5
SORBI_3010G023600	2215
SORBI_3010G023650	846
SORBI_3010G023700	2294.88168842224
SORBI_3010G023800	1500.709
SORBI_3010G023900	486.253
SORBI_3010G024000	2769.569
SORBI_3010G024100	1070.698
SORBI_3010G024200	1488
SORBI_3010G024300	1070.41753508364
SORBI_3010G024400	1248
SORBI_3010G024500	1963.54
SORBI_3010G024600	2070.246
SORBI_3010G024700	862.5
SORBI_3010G024800	1459
SORBI_3010G024900	535
SORBI_3010G025000	2162.856
SORBI_3010G025100	155.28
SORBI_3010G025200	1038
SORBI_3010G025300	2398.323
SORBI_3010G025600	1720
SORBI_3010G025850	2873.37491813927
SORBI_3010G026100	3233.411
SORBI_3010G026200	1718.07316808655
SORBI_3010G026300	1305.257
SORBI_3010G026400	1764.814
SORBI_3010G026500	2493.047
SORBI_3010G026600	1786.92531352368
SORBI_3010G026700	1279.494
SORBI_3010G026775	528.728
SORBI_3010G026850	541
SORBI_3010G026925	1695.362
SORBI_3010G027000	1688.75363689947
SORBI_3010G027100	3610.48677970153
SORBI_3010G027200	1561.855
SORBI_3010G027300	1671.732
SORBI_3010G027400	2964.317
SORBI_3010G027500	3136.966
SORBI_3010G027600	1168.24340541006
SORBI_3010G027700	224
SORBI_3010G027800	1221.321
SORBI_3010G027900	1078.831
SORBI_3010G028000	2576.99
SORBI_3010G028100	984.794
SORBI_3010G028200	2051.239
SORBI_3010G028300	1565.492
SORBI_3010G028333	243
SORBI_3010G028366	614
SORBI_3010G028400	827.075
SORBI_3010G028501	1198.491
SORBI_3010G028600	2538.40229865255
SORBI_3010G028700	1942.475
SORBI_3010G028800	1721.056
SORBI_3010G028900	790
SORBI_3010G028950	2375.741
SORBI_3010G029000	1093.832
SORBI_3010G029100	517.999
SORBI_3010G029200	732
SORBI_3010G029300	935.943
SORBI_3010G029400	971.625
SORBI_3010G029450	789
SORBI_3010G029500	713
SORBI_3010G029600	803
SORBI_3010G029700	1261.17622140341
SORBI_3010G029800	2262
SORBI_3010G029900	1223.732
SORBI_3010G030000	7070.078
SORBI_3010G030100	1388
SORBI_3010G030200	925.606
SORBI_3010G030300	3235.51208137553
SORBI_3010G030401	746.968
SORBI_3010G030500	2677
SORBI_3010G030600	1610
SORBI_3010G030700	743.179322796375
SORBI_3010G030800	4644.128
SORBI_3010G030900	2364.628
SORBI_3010G031000	1406.487
SORBI_3010G031100	920.995
SORBI_3010G031300	4372.613
SORBI_3010G031400	502
SORBI_3010G031500	1052.23400842573
SORBI_3010G031600	280
SORBI_3010G031700	1275
SORBI_3010G031800	514
SORBI_3010G031900	670.888
SORBI_3010G032000	725.247
SORBI_3010G032100	794
SORBI_3010G032200	766
SORBI_3010G032300	5878.28
SORBI_3010G032400	1861.806
SORBI_3010G032500	620.091
SORBI_3010G032600	490.834
SORBI_3010G032700	1474.725
SORBI_3010G032800	1846.731
SORBI_3010G032900	3336.325
SORBI_3010G033000	1120.32813407876
SORBI_3010G033100	501.624
SORBI_3010G033300	2708.118
SORBI_3010G033400	1619.427
SORBI_3010G033500	1218
SORBI_3010G033600	1828.052
SORBI_3010G033700	3434.023
SORBI_3010G033750	1520
SORBI_3010G033800	2756.318
SORBI_3010G033900	519
SORBI_3010G034000	1575.096
ENSRNA049442647	24
ENSRNA049442663	24
SORBI_3010G034100	2476.925
SORBI_3010G034200	1445
SORBI_3010G034300	1900
SORBI_3010G034400	955
SORBI_3010G034500	1664.831
SORBI_3010G034600	574
SORBI_3010G034700	1201
SORBI_3010G034800	1294.241
SORBI_3010G034900	434
SORBI_3010G035000	374
SORBI_3010G035100	1530.359
SORBI_3010G035200	1170.064
SORBI_3010G035300	2300.832
SORBI_3010G035400	1320.01165889629
SORBI_3010G035500	271.559
SORBI_3010G035600	584
SORBI_3010G035700	539
SORBI_3010G035801	2546.272
SORBI_3010G035900	1654.798
ENSRNA049480382	4
SORBI_3010G036000	868.304
SORBI_3010G036100	242
SORBI_3010G036200	530.491
SORBI_3010G036301	964.01
SORBI_3010G036400	195
SORBI_3010G036500	159
SORBI_3010G036601	680
SORBI_3010G036700	419.095
SORBI_3010G036750	788
SORBI_3010G036800	787.037
SORBI_3010G036901	432.795
SORBI_3010G037000	175
SORBI_3010G037101	280
SORBI_3010G037200	1326.269
SORBI_3010G037300	1303.77592666614
SORBI_3010G037400	1311.5949450574
SORBI_3010G037500	306.094
SORBI_3010G037600	4165.682
SORBI_3010G037701	689
SORBI_3010G037800	1591.824
SORBI_3010G037901	826
SORBI_3010G038000	2507
SORBI_3010G038100	818.584
SORBI_3010G038200	2015
SORBI_3010G038300	847
SORBI_3010G038400	1768
SORBI_3010G038600	3843.19066156561
SORBI_3010G038500	1334
SORBI_3010G038700	2054.684
SORBI_3010G038800	1188.772
SORBI_3010G038900	1308.812
SORBI_3010G039000	1922.779
SORBI_3010G039100	1646.81023641577
SORBI_3010G039150	308
ENSRNA049480359	150
SORBI_3010G039200	1698.338
ENSRNA049480377	26
SORBI_3010G039300	2930.823
SORBI_3010G039401	1232
SORBI_3010G039500	1215.42326844406
ENSRNA049996915	52
SORBI_3010G039600	437
SORBI_3010G039700	1068.277
SORBI_3010G039800	843.277
SORBI_3010G039900	1171.291
SORBI_3010G040000	502
SORBI_3010G040100	815.642
SORBI_3010G040200	3591.921
SORBI_3010G040300	3752
SORBI_3010G040400	1580
SORBI_3010G040500	1079
SORBI_3010G040600	4997.655
SORBI_3010G040700	1270
SORBI_3010G040800	1390.812
SORBI_3010G040900	276.977
SORBI_3010G041000	2237.424
ENSRNA049480375	25
SORBI_3010G041100	1222.807
SORBI_3010G041201	614.634
ENSRNA049480363	158.176
ENSRNA049480378	26
SORBI_3010G041301	60
SORBI_3010G041400	1788.45
SORBI_3010G041500	1482.60508789241
SORBI_3010G041600	791.96
SORBI_3010G041700	2100.7675536641
SORBI_3010G041800	1203.352
SORBI_3010G041900	1933.918
SORBI_3010G042000	1163.772
SORBI_3010G042100	1776.283
SORBI_3010G042200	1636.018
SORBI_3010G042300	2358.258
SORBI_3010G042400	1138.461
SORBI_3010G042500	1004.275
SORBI_3010G042600	2006.137
SORBI_3010G042700	1859.412
SORBI_3010G042800	1374.823
SORBI_3010G042900	862.324
SORBI_3010G043000	2226.362
SORBI_3010G043100	1572.578
SORBI_3010G043200	2176.417
SORBI_3010G043250	3099
SORBI_3010G043300	1111
SORBI_3010G043350	310
SORBI_3010G043400	1867.581
SORBI_3010G043500	376
SORBI_3010G043600	2024.04879931797
SORBI_3010G043700	1010.371
SORBI_3010G043800	2082.525
SORBI_3010G043900	8804.638
SORBI_3010G044001	266
SORBI_3010G044100	787
SORBI_3010G044200	1146.814
SORBI_3010G044300	581
SORBI_3010G044400	1125
SORBI_3010G044500	1701.91654679831
SORBI_3010G044600	1460
SORBI_3010G044700	3402.364
SORBI_3010G044800	1055.633
SORBI_3010G044900	1714.965
SORBI_3010G045000	263
SORBI_3010G045100	1122
SORBI_3010G045200	1416.974
SORBI_3010G045300	159
SORBI_3010G045400	2970.88176865413
SORBI_3010G045500	2122
SORBI_3010G045600	1110.5
SORBI_3010G045700	1787.176
SORBI_3010G045833	287.067
SORBI_3010G045966	1773.713
SORBI_3010G046100	130
SORBI_3010G046200	4963.447
SORBI_3010G046300	912.167
SORBI_3010G046400	754.75
SORBI_3010G046500	1556.709
SORBI_3010G046601	1477
SORBI_3010G046700	5847.456
SORBI_3010G046801	1021
SORBI_3010G046900	1264.467
SORBI_3010G047000	1211.904
SORBI_3010G047100	489.129
SORBI_3010G047200	343.369
SORBI_3010G047300	2228.985
SORBI_3010G047400	1168.573
SORBI_3010G047500	1217
SORBI_3010G047600	1153
SORBI_3010G047700	2534.77
SORBI_3010G047800	1536.619
SORBI_3010G047900	1327
SORBI_3010G048000	1131
SORBI_3010G048200	601
SORBI_3010G048300	685
SORBI_3010G048350	213
SORBI_3010G048400	649
SORBI_3010G048500	1291
SORBI_3010G048600	1758
SORBI_3010G048700	2386.767
SORBI_3010G048800	1931
SORBI_3010G048900	654.458
SORBI_3010G048933	1444
SORBI_3010G048966	1626
SORBI_3010G049000	1520.65563145542
SORBI_3010G049100	2704.65
SORBI_3010G049200	550
SORBI_3010G049300	1804.53
SORBI_3010G049400	703
SORBI_3010G049500	979
SORBI_3010G049600	700
ENSRNA049443258	24
SORBI_3010G049700	930
SORBI_3010G049800	760
SORBI_3010G049900	1024
SORBI_3010G050000	892
SORBI_3010G050100	1061
ENSRNA049442678	25
SORBI_3010G050200	3398.727
SORBI_3010G050300	2326.90855769258
SORBI_3010G050400	1347.0939717637
SORBI_3010G050500	1451.233
SORBI_3010G050600	2262.563
SORBI_3010G050700	2657.20360947169
SORBI_3010G050750	2097.451
SORBI_3010G050800	1570.665
SORBI_3010G050900	1257.68477810227
SORBI_3010G051000	2043
SORBI_3010G051100	2380.921
ENSRNA049480373	26
SORBI_3010G051200	2789.271
SORBI_3010G051300	2437.065
SORBI_3010G051400	3378.1468872927
SORBI_3010G051500	1717.372
SORBI_3010G051600	2319.081
SORBI_3010G051700	5771.055
SORBI_3010G051800	1333.693
SORBI_3010G051900	2055
SORBI_3010G052000	1081
SORBI_3010G052100	3407
SORBI_3010G052200	1470.99
SORBI_3010G052300	546.643614836805
SORBI_3010G052400	2973.56
SORBI_3010G052450	298
SORBI_3010G052500	1770.052
SORBI_3010G052600	1804.871
SORBI_3010G052700	2388.89
ENSRNA049443244	26
SORBI_3010G052800	1529.357
SORBI_3010G052833	937
SORBI_3010G052866	140
SORBI_3010G052900	4266.84282986856
SORBI_3010G053000	1006
SORBI_3010G053100	147
SORBI_3010G053200	147
SORBI_3010G053300	652
SORBI_3010G053400	971
SORBI_3010G053500	1141.812
SORBI_3010G053600	7090.681
SORBI_3010G053700	2187.969
SORBI_3010G053800	2902.866
SORBI_3010G053900	432.615
SORBI_3010G054000	2047.61008147606
SORBI_3010G054100	2442.499
SORBI_3010G054150	919
SORBI_3010G054200	1851.099
SORBI_3010G054300	1158.152
SORBI_3010G054400	3595.129
SORBI_3010G054500	508.416
SORBI_3010G054600	2890.787
SORBI_3010G054700	405
SORBI_3010G054800	1168
SORBI_3010G054900	1351.05597775694
SORBI_3010G055000	3044.8481890992
SORBI_3010G055100	2135.71043404171
SORBI_3010G055300	1102.749
SORBI_3010G055200	264.293
SORBI_3010G055400	2556.00246214171
SORBI_3010G055500	1730.141
SORBI_3010G055600	1998.039
SORBI_3010G055700	1800.69610694506
SORBI_3010G055800	1189.587
SORBI_3010G055900	192
SORBI_3010G056000	4772.94
SORBI_3010G056100	2705.446
SORBI_3010G056200	2534.46
SORBI_3010G056300	2698.534
SORBI_3010G056500	482
SORBI_3010G056600	572.078
SORBI_3010G056700	412
SORBI_3010G056800	1250.597
SORBI_3010G056900	984
SORBI_3010G057000	447.282
SORBI_3010G057100	580.083
SORBI_3010G057200	1181
SORBI_3010G057250	331
ENSRNA049996905	14
SORBI_3010G057300	2455.13557534198
SORBI_3010G057400	1888.086
SORBI_3010G057500	2618.136
SORBI_3010G057600	2360
SORBI_3010G057633	915
SORBI_3010G057666	1096.185
SORBI_3010G057700	1388.485
SORBI_3010G057800	957.915
SORBI_3010G057900	1330.052
SORBI_3010G058000	975
SORBI_3010G058200	564.458
SORBI_3010G058300	892.843
SORBI_3010G058400	3877.66666666667
SORBI_3010G058500	789.71606574719
SORBI_3010G058650	7953.11
SORBI_3010G058600	1365.5
SORBI_3010G058700	2589.262
SORBI_3010G058800	1508.178
SORBI_3010G058900	794.960634665068
SORBI_3010G059000	2095.22038628627
SORBI_3010G059100	621
ENSRNA049480369	4
SORBI_3010G059200	2124.53
SORBI_3010G059300	401.285
SORBI_3010G059400	1369
SORBI_3010G059500	2208.3876160694
SORBI_3010G059600	1373.466
SORBI_3010G059700	2081.3545719195
SORBI_3010G059800	1237.764
SORBI_3010G059900	1014.91338794141
SORBI_3010G060000	161
SORBI_3010G060100	1537
SORBI_3010G060166	397.722
SORBI_3010G060232	534.799
SORBI_3010G060300	1710.592
SORBI_3010G060400	1039.583
SORBI_3010G060500	405.915747689451
SORBI_3010G060600	2653.85
SORBI_3010G060701	3184.713
SORBI_3010G060800	384.5
SORBI_3010G060900	6769.366
SORBI_3010G061100	1858.915
SORBI_3010G061300	3896.38
SORBI_3010G061400	445
SORBI_3010G061500	1369.39
SORBI_3010G061600	1355
SORBI_3010G061700	1123
SORBI_3010G061800	2455.8520760373
SORBI_3010G061900	1531.001
SORBI_3010G062000	1060.18072746006
SORBI_3010G062100	1526.607
SORBI_3010G062200	715
SORBI_3010G062300	1952.675
SORBI_3010G062400	887
SORBI_3010G062500	1761.474
SORBI_3010G062600	946
SORBI_3010G062700	1856.947
SORBI_3010G062800	1389.399
SORBI_3010G062900	1167.54
SORBI_3010G062950	199
SORBI_3010G063000	851
SORBI_3010G063033	458
SORBI_3010G063066	406
SORBI_3010G063100	2581.17579169219
ENSRNA049480385	34
SORBI_3010G063200	1084.57130519488
SORBI_3010G063300	4707.201
SORBI_3010G063433	268.264
SORBI_3010G063566	1508.422
SORBI_3010G063700	3330.539
SORBI_3010G063801	316.614
SORBI_3010G063900	1595
SORBI_3010G064000	752.825
SORBI_3010G064050	896
SORBI_3010G064100	3296.558
SORBI_3010G064200	5644.5351809687
SORBI_3010G064300	242
SORBI_3010G064500	1128.15
SORBI_3010G064600	1946.00512359924
SORBI_3010G064700	2973.95914479604
SORBI_3010G064800	3461
SORBI_3010G065001	2111
SORBI_3010G065200	869.998
SORBI_3010G065300	4270.672
SORBI_3010G065400	1061.388
SORBI_3010G065500	1221.319
SORBI_3010G065600	3027.661
SORBI_3010G065700	1610
SORBI_3010G065800	4048.304
SORBI_3010G065900	1932.019
SORBI_3010G066000	1697.14
SORBI_3010G066100	2390.927
SORBI_3010G066200	4526.06222215605
SORBI_3010G066300	726.041
SORBI_3010G066400	2462.945
SORBI_3010G066500	201
SORBI_3010G066601	2246.153
SORBI_3010G066700	3234.505
SORBI_3010G066800	1715.446
SORBI_3010G066900	2904.243
SORBI_3010G067000	2227.047
SORBI_3010G067100	1555.07
SORBI_3010G067200	3802.357
SORBI_3010G067300	2961.758
SORBI_3010G067400	3177.975
SORBI_3010G067500	1570.05773325886
SORBI_3010G067600	2134.696
SORBI_3010G067700	1656.08580827779
SORBI_3010G067800	2559.695
SORBI_3010G067900	2651.394
SORBI_3010G067950	1207.587
SORBI_3010G068001	956.418
SORBI_3010G068051	973
SORBI_3010G068100	1180
SORBI_3010G068200	2106.15781281179
SORBI_3010G068300	2573
SORBI_3010G068400	2415.759
SORBI_3010G068500	2597.26131135935
SORBI_3010G068600	4524.69436570113
SORBI_3010G068700	1238.35820226601
SORBI_3010G068800	3447.855
SORBI_3010G068900	2845.976
SORBI_3010G068950	644
SORBI_3010G069000	659.5
SORBI_3010G069100	3846.5002069761
SORBI_3010G069200	1417
SORBI_3010G069300	1944
SORBI_3010G069400	940.015
ENSRNA049443235	26
SORBI_3010G069500	2787.774
SORBI_3010G069600	3340.796
SORBI_3010G069700	1420
SORBI_3010G069800	1746
SORBI_3010G069900	1081.507
SORBI_3010G070000	1255.719
SORBI_3010G070100	1694.532
SORBI_3010G070200	1407
SORBI_3010G070300	1110
SORBI_3010G070400	14224.601
SORBI_3010G070500	1673.758
SORBI_3010G070600	5374.682
SORBI_3010G070750	560
SORBI_3010G070900	1777
SORBI_3010G071000	713.998
SORBI_3010G071100	1712.366
SORBI_3010G071200	1462.908
SORBI_3010G071300	2404
SORBI_3010G071400	786.947
SORBI_3010G071500	98
SORBI_3010G071600	1961.12108769128
SORBI_3010G071650	220
SORBI_3010G071700	1699.675
SORBI_3010G071800	2103.103
SORBI_3010G071900	1776.261
SORBI_3010G072000	2667.499
SORBI_3010G072100	2892.893
SORBI_3010G072200	426.746
SORBI_3010G072300	2365.25706610423
SORBI_3010G072400	3340.62
SORBI_3010G072500	59.849
SORBI_3010G072600	331
SORBI_3010G072700	1090.592
SORBI_3010G072800	4917.52026819089
SORBI_3010G072900	1274.098
SORBI_3010G073000	553
SORBI_3010G073100	1230.053
SORBI_3010G073200	2840.19929139185
SORBI_3010G073300	1564.279
SORBI_3010G073366	589
SORBI_3010G073432	421
SORBI_3010G073500	1493.306
SORBI_3010G073600	4375.492
SORBI_3010G073700	785.840303399272
SORBI_3010G073800	1280.713
SORBI_3010G073900	664.436
SORBI_3010G074000	1993
SORBI_3010G074200	585.918
SORBI_3010G074100	3646.242
SORBI_3010G074300	3735.618
SORBI_3010G074366	430
SORBI_3010G074432	531.678
SORBI_3010G074500	2790.593
SORBI_3010G074600	2182.642
SORBI_3010G074700	541.833
SORBI_3010G074800	589
SORBI_3010G074900	1590.691
SORBI_3010G074920	537
SORBI_3010G074940	666
SORBI_3010G074960	676
SORBI_3010G074980	1031
ENSRNA049442699	25
SORBI_3010G075000	1936.079
SORBI_3010G075100	796
SORBI_3010G075200	1129.06614486652
SORBI_3010G075300	9344
SORBI_3010G075500	1483.993
SORBI_3010G075600	682
SORBI_3010G075700	2901.544
SORBI_3010G075800	228.656
SORBI_3010G075900	4386.089
SORBI_3010G076000	436
SORBI_3010G076100	1912
SORBI_3010G076200	19659.924
SORBI_3010G076300	2563.902
SORBI_3010G076400	528.508
SORBI_3010G076500	1595.522
SORBI_3010G076600	1274.457
SORBI_3010G076700	2613.89
SORBI_3010G076800	2936.386
SORBI_3010G076900	793
SORBI_3010G077000	3532.33333333333
SORBI_3010G077100	1687.498
SORBI_3010G077200	567.148661759733
SORBI_3010G077225	377
SORBI_3010G077250	761.336
SORBI_3010G077275	172
SORBI_3010G077300	1733.606
SORBI_3010G077400	1403.23636154005
SORBI_3010G077500	3577.23
SORBI_3010G077600	532.147
SORBI_3010G077650	161
SORBI_3010G077700	973
SORBI_3010G077800	1282
SORBI_3010G077900	2671
SORBI_3010G078000	1760.027
SORBI_3010G078100	3144.477
SORBI_3010G078200	667
SORBI_3010G078300	4370.126
SORBI_3010G078400	1563
ENSRNA049996895	162
SORBI_3010G078500	5473.601
SORBI_3010G078600	3362.922
SORBI_3010G078700	3281
SORBI_3010G078800	520.406
SORBI_3010G078900	3372.495
SORBI_3010G079000	1084.22675594433
SORBI_3010G079100	3111.046
SORBI_3010G079150	2196
SORBI_3010G079200	323
SORBI_3010G079300	1714.643
SORBI_3010G079500	3661.2606711752
SORBI_3010G079600	550
SORBI_3010G079650	80
SORBI_3010G079700	1594.354
SORBI_3010G079800	411.305
SORBI_3010G079850	1927.277
SORBI_3010G079900	2288.655
SORBI_3010G080000	759.53
SORBI_3010G080100	2526.789
SORBI_3010G080200	919.298
SORBI_3010G080300	1997.655
SORBI_3010G080400	2457.754
SORBI_3010G080500	1700.375
SORBI_3010G080600	7795.233
SORBI_3010G080550	2259.52
SORBI_3010G080700	4630.57604862814
SORBI_3010G080750	195
SORBI_3010G080800	844
SORBI_3010G080900	2736.312
SORBI_3010G081100	2876.841
SORBI_3010G081200	1358.628
SORBI_3010G081300	2141
SORBI_3010G081500	801
SORBI_3010G081600	1498.739
SORBI_3010G081700	4600.734
SORBI_3010G081750	1786
SORBI_3010G081800	1615.243
SORBI_3010G081900	699.005
SORBI_3010G081950	1275
SORBI_3010G082000	2342
SORBI_3010G082100	1809
SORBI_3010G082201	1852
SORBI_3010G082300	1598
SORBI_3010G082400	3602.016
SORBI_3010G082500	652.888
SORBI_3010G082600	1418.226
SORBI_3010G082700	1489.11499036485
SORBI_3010G082800	1059.71
SORBI_3010G082850	922.809
SORBI_3010G082900	436
SORBI_3010G083000	1138.80306392067
SORBI_3010G083050	2108.907
SORBI_3010G083100	1551.503
SORBI_3010G083200	1297
SORBI_3010G083300	3966.732
SORBI_3010G083500	5715.061
SORBI_3010G083400	651.413
SORBI_3010G083550	2342.013
SORBI_3010G083600	4623.104
SORBI_3010G083700	825.168
SORBI_3010G083900	2127.649
SORBI_3010G084000	2015.85600121569
SORBI_3010G084100	1537.706
SORBI_3010G084300	1374.954
SORBI_3010G084400	1534.958
SORBI_3010G084600	1570.253
SORBI_3010G084700	1383.687
SORBI_3010G084800	484
SORBI_3010G084900	1476.698
SORBI_3010G085000	1597.47
SORBI_3010G085100	3988.902
SORBI_3010G085200	1263.459
SORBI_3010G085400	1096.318
SORBI_3010G085500	304
SORBI_3010G085600	1667.07568394824
SORBI_3010G085700	763
SORBI_3010G085800	941.151
SORBI_3010G085900	1693.518
SORBI_3010G086000	1525
SORBI_3010G086100	1864.195
SORBI_3010G086200	1188.99825625109
SORBI_3010G086300	1847.36401835107
SORBI_3010G086400	2554.187
SORBI_3010G086500	1905.006
SORBI_3010G086600	2224.50848473067
SORBI_3010G086700	469
SORBI_3010G086800	1247
SORBI_3010G086900	2320.723
SORBI_3010G087000	1217.781
SORBI_3010G087050	606.105
SORBI_3010G087100	1652.453
SORBI_3010G087200	325.401
SORBI_3010G087300	3074.36448154231
SORBI_3010G087400	2225.135
SORBI_3010G087500	822.366
SORBI_3010G087600	930.129
SORBI_3010G087700	824.564
SORBI_3010G087800	1010.567
SORBI_3010G087900	1061.141
SORBI_3010G088000	795.386
SORBI_3010G088100	1011
SORBI_3010G088200	2342.367
SORBI_3010G088300	2798.527
SORBI_3010G088400	826
SORBI_3010G088500	901
SORBI_3010G088600	1014.32212201245
SORBI_3010G088700	1790.008
SORBI_3010G088800	2335.402
SORBI_3010G088950	1012.976
SORBI_3010G089100	1851.777
SORBI_3010G089200	3155.162
SORBI_3010G089300	2873.722
SORBI_3010G089350	2942.22
SORBI_3010G089400	1349.52404540323
SORBI_3010G089500	1296.89
SORBI_3010G089600	1587
SORBI_3010G089700	4489.608
SORBI_3010G089800	5434.28
SORBI_3010G089850	271
SORBI_3010G089900	2136
SORBI_3010G090000	733
SORBI_3010G090100	1770.332
SORBI_3010G090200	2136
SORBI_3010G090301	1399.423
SORBI_3010G090401	716.644
SORBI_3010G090500	7187.696
SORBI_3010G090550	96
SORBI_3010G090600	808
SORBI_3010G090700	1286.99806779739
SORBI_3010G090800	577.917
SORBI_3010G090850	161
SORBI_3010G090900	1065.463
SORBI_3010G091000	1791.29808642338
SORBI_3010G091100	2173.448
SORBI_3010G091200	1177.91631924644
SORBI_3010G091250	54
SORBI_3010G091300	2512.26052012932
SORBI_3010G091333	458.792
SORBI_3010G091366	1251.041
SORBI_3010G091400	2643.23151162264
SORBI_3010G091500	1384.879
SORBI_3010G091600	2083.241
SORBI_3010G091700	979
SORBI_3010G091750	2562
SORBI_3010G091800	544
SORBI_3010G091900	1282.68
SORBI_3010G092000	514
SORBI_3010G092100	5839.989
SORBI_3010G092200	2265.704
SORBI_3010G092300	3942.406
SORBI_3010G092350	274.103
SORBI_3010G092400	1351.922
SORBI_3010G092500	798
SORBI_3010G092550	264
SORBI_3010G092600	1588.248
SORBI_3010G092650	1618
SORBI_3010G092700	2442.44689179119
SORBI_3010G092801	2118.397
SORBI_3010G092900	2603.929
SORBI_3010G093001	1150
SORBI_3010G093100	3171.48754655943
SORBI_3010G093200	623
SORBI_3010G093300	1203.533
SORBI_3010G093400	1876.991
SORBI_3010G093500	2062.063
SORBI_3010G093600	4014.55
SORBI_3010G093800	1243.334
SORBI_3010G094000	1511
SORBI_3010G094100	9157.811
SORBI_3010G094200	712
SORBI_3010G094301	452.514
SORBI_3010G094400	952.93
SORBI_3010G094500	823.388196173909
SORBI_3010G094600	826.348
SORBI_3010G094700	2014.43818577808
SORBI_3010G094750	523.23
SORBI_3010G094800	1714.566
SORBI_3010G094900	3529.97403923623
SORBI_3010G095000	1467.245
SORBI_3010G095100	2196.311
SORBI_3010G095200	690.426519687927
SORBI_3010G095300	3047.63
SORBI_3010G095400	2813.5650244381
SORBI_3010G095500	3084.844
SORBI_3010G095550	660
SORBI_3010G095600	2092.997
SORBI_3010G095700	1137.63
SORBI_3010G095800	1217.515
SORBI_3010G096000	1886.58292454195
SORBI_3010G096100	1561.845
SORBI_3010G096200	1487.961
SORBI_3010G096300	2190.469
SORBI_3010G096400	1274.495
SORBI_3010G096500	5000.754
SORBI_3010G096600	790
SORBI_3010G096700	1465
SORBI_3010G096801	953.546
SORBI_3010G096900	1208
SORBI_3010G097000	1252.9
SORBI_3010G097100	2191
SORBI_3010G097200	641.176
SORBI_3010G097250	141
SORBI_3010G097300	1095.948
SORBI_3010G097400	830.894
SORBI_3010G097500	2224.087
SORBI_3010G097600	4546.55
SORBI_3010G097700	2701.96
SORBI_3010G097800	536.304
SORBI_3010G097900	887.099
SORBI_3010G098000	802
SORBI_3010G098100	771
SORBI_3010G098200	1784.163
SORBI_3010G098350	454
SORBI_3010G098400	1089.04
SORBI_3010G098500	313
SORBI_3010G098600	1666.965
SORBI_3010G098700	2278
SORBI_3010G098800	5634.623
SORBI_3010G098866	656
SORBI_3010G098932	346
SORBI_3010G099000	299.707
SORBI_3010G099100	2208.6
SORBI_3010G099200	897.582438117986
SORBI_3010G099300	1191.28
SORBI_3010G099400	1575.755
SORBI_3010G099500	1432
SORBI_3010G099600	609.41
SORBI_3010G099700	2183.41874833094
SORBI_3010G099800	2253.306
SORBI_3010G099900	1378.068
SORBI_3010G100000	647.212214216839
SORBI_3010G100100	1153.5
SORBI_3010G100150	1369
SORBI_3010G100200	4342.081
SORBI_3010G100300	1331.75
SORBI_3010G100366	62.4302536245606
SORBI_3010G100432	629
SORBI_3010G100516	1872.212
SORBI_3010G100600	1744.537
SORBI_3010G100650	261
SORBI_3010G100700	4161.94
SORBI_3010G100800	3752.047
SORBI_3010G100900	3304.245
SORBI_3010G101000	1375.601
SORBI_3010G101100	1668.34
SORBI_3010G101200	713.517
SORBI_3010G101300	1755.588
SORBI_3010G101350	543
SORBI_3010G101400	1214.252
SORBI_3010G101500	1111.841
SORBI_3010G101600	2215.424
SORBI_3010G101700	158
SORBI_3010G101800	3121.586
SORBI_3010G101900	2015.989
SORBI_3010G101950	476
SORBI_3010G102000	270.553
SORBI_3010G102050	492
SORBI_3010G102100	455.066
SORBI_3010G102150	431.879
SORBI_3010G102200	567
SORBI_3010G102300	748.02
SORBI_3010G102366	3987
SORBI_3010G102432	1963
SORBI_3010G102500	693
SORBI_3010G102600	5416.464
SORBI_3010G102700	666.086
SORBI_3010G102800	2231.421
SORBI_3010G102900	1308.736
SORBI_3010G103000	3733.331
SORBI_3010G103100	883
SORBI_3010G103200	1607.394
SORBI_3010G103300	4842.27464525263
SORBI_3010G103400	739
SORBI_3010G103500	1958.596
SORBI_3010G103600	489
SORBI_3010G103700	1694.73
SORBI_3010G103800	159
SORBI_3010G103900	756.387
SORBI_3010G104000	1433.28571428571
SORBI_3010G104100	2586.017
SORBI_3010G104200	957.057
SORBI_3010G104300	879.429
SORBI_3010G104400	1220
SORBI_3010G104500	1096
SORBI_3010G104600	775
SORBI_3010G104700	948.762
SORBI_3010G104800	3398.721
SORBI_3010G104900	827.86829896641
SORBI_3010G105000	945.045
SORBI_3010G105050	1818
SORBI_3010G105100	631.55
SORBI_3010G105200	13744.153235242
SORBI_3010G105250	1756
SORBI_3010G105300	624.904
SORBI_3010G105350	1816
SORBI_3010G105400	2896.253
SORBI_3010G105500	1589.453
SORBI_3010G105600	3432.051
SORBI_3010G105701	706.507
SORBI_3010G105800	1659.256
SORBI_3010G105900	1048
SORBI_3010G106000	5425.316
SORBI_3010G106100	1201.197
SORBI_3010G106200	840.323
SORBI_3010G106300	1768.216
SORBI_3010G106400	793
SORBI_3010G106500	1114.03
SORBI_3010G106601	1154.844
SORBI_3010G106700	1005.313
SORBI_3010G106800	1603
SORBI_3010G106900	4329.668
SORBI_3010G107000	5113.942
SORBI_3010G107050	1996.073
SORBI_3010G107100	969.964
SORBI_3010G107200	1748.328
SORBI_3010G107250	215
SORBI_3010G107300	2787.026
SORBI_3010G107400	1804
SORBI_3010G107601	64
SORBI_3010G107800	1430
SORBI_3010G107901	222
SORBI_3010G108001	1538
SORBI_3010G108100	1321
SORBI_3010G108200	1740
SORBI_3010G108301	4641.584
SORBI_3010G108401	788
SORBI_3010G108500	1766
SORBI_3010G108600	2036
SORBI_3010G108800	718
SORBI_3010G108900	1555.606
SORBI_3010G109000	125
SORBI_3010G109100	2290
SORBI_3010G109200	783.371
SORBI_3010G109300	159
SORBI_3010G109400	269
SORBI_3010G109450	864
SORBI_3010G109500	1243.175
SORBI_3010G109600	1817.182
SORBI_3010G109700	1006
SORBI_3010G109800	799
SORBI_3010G109901	1540
SORBI_3010G110000	1792.841
SORBI_3010G110050	363
SORBI_3010G110100	1239.428
SORBI_3010G110200	2339.488
SORBI_3010G110266	854
SORBI_3010G110332	1301.358
SORBI_3010G110400	903
SORBI_3010G110500	2863
SORBI_3010G110601	409
SORBI_3010G110700	2672.832
SORBI_3010G110800	1217.087
SORBI_3010G110901	751.161
SORBI_3010G111000	406
SORBI_3010G111200	693
SORBI_3010G111300	1984.5
SORBI_3010G111400	1055
SORBI_3010G111450	529
SORBI_3010G111500	992
SORBI_3010G111700	902
SORBI_3010G111750	452
SORBI_3010G111800	1587.899
SORBI_3010G111900	1902.532
SORBI_3010G112000	6695.513
SORBI_3010G112100	4896.90170631846
SORBI_3010G112200	1850.21064359114
SORBI_3010G112300	1756.924
SORBI_3010G112401	863
SORBI_3010G112500	3305
SORBI_3010G112600	1844.815
SORBI_3010G112700	1894.295
SORBI_3010G112800	3893.485
SORBI_3010G112900	1940.892
SORBI_3010G113000	2247.1503708237
SORBI_3010G113100	976.014
SORBI_3010G113150	1567
SORBI_3010G113200	1350
SORBI_3010G113300	984.795
SORBI_3010G113400	814.014
SORBI_3010G113500	1273.178
SORBI_3010G113600	1263.661
SORBI_3010G113700	766
SORBI_3010G113800	1016
SORBI_3010G113900	1604.13
SORBI_3010G114000	2280
SORBI_3010G114100	146.939
SORBI_3010G114200	1438
SORBI_3010G114300	943
SORBI_3010G114400	2200.683
SORBI_3010G114500	873
SORBI_3010G114600	3177.839
SORBI_3010G114700	464.037
SORBI_3010G114800	720.116
SORBI_3010G114900	3916.71048845005
SORBI_3010G115000	2302
SORBI_3010G115200	686.966
SORBI_3010G115300	2141.216
SORBI_3010G115400	1663.394
SORBI_3010G115450	646
SORBI_3010G115500	2781.171
SORBI_3010G115600	1154.911
SORBI_3010G115700	1391.838
SORBI_3010G115800	1585
SORBI_3010G115900	1765
SORBI_3010G116000	2241
SORBI_3010G116100	2572
SORBI_3010G116200	2100
ENSRNA049442771	25
SORBI_3010G116300	3141.114
SORBI_3010G116400	1951.219
SORBI_3010G116500	180.462
SORBI_3010G116550	4444.745
SORBI_3010G116600	2027.542
SORBI_3010G116650	573
SORBI_3010G116700	1942
SORBI_3010G116800	881.007944409141
SORBI_3010G116900	634.061
SORBI_3010G117000	1066
SORBI_3010G117050	812
SORBI_3010G117100	539
SORBI_3010G117200	529.571
SORBI_3010G117300	534.512
SORBI_3010G117400	254
SORBI_3010G117450	562
SORBI_3010G117500	482.819
SORBI_3010G117600	518.666
SORBI_3010G117700	111
SORBI_3010G117800	524.246
SORBI_3010G117850	589
SORBI_3010G117900	1197.605
SORBI_3010G118000	3071.556
SORBI_3010G118100	2196.44167327168
SORBI_3010G118200	3662.132
SORBI_3010G118300	2167.678
SORBI_3010G118401	548.844
SORBI_3010G118500	1446.098
SORBI_3010G118600	1099
SORBI_3010G118550	644
SORBI_3010G118700	950.348
SORBI_3010G118800	1445
SORBI_3010G118900	1570
SORBI_3010G118950	1919.059
SORBI_3010G119000	571
SORBI_3010G119050	213
SORBI_3010G119100	4199.66666666667
SORBI_3010G119200	726
SORBI_3010G119300	2443.331
SORBI_3010G119400	1688.826
SORBI_3010G119500	2584.827
SORBI_3010G119600	1114
SORBI_3010G119700	2051.85
SORBI_3010G119800	4104.27
SORBI_3010G119900	1036
SORBI_3010G120000	2205.897
SORBI_3010G120100	900
SORBI_3010G120200	1687.351
SORBI_3010G120300	2402.515
SORBI_3010G120350	571
SORBI_3010G120400	1500.748
SORBI_3010G120500	496
SORBI_3010G120600	1001.668
SORBI_3010G120700	3384.837
SORBI_3010G120800	1701.842
SORBI_3010G120900	242.199
SORBI_3010G121000	4931.986
SORBI_3010G121100	2694.645
SORBI_3010G121200	234.909
SORBI_3010G121300	2127.093
SORBI_3010G121401	1710
SORBI_3010G121500	4892.55625660706
SORBI_3010G121600	856.355
SORBI_3010G121700	1044
SORBI_3010G121800	1010
SORBI_3010G121900	517
SORBI_3010G122000	1263.124
SORBI_3010G122100	2077.67370124983
SORBI_3010G122200	3975.453
SORBI_3010G122300	804.767
SORBI_3010G122400	4623.52425248945
SORBI_3010G122533	723
SORBI_3010G122666	718
SORBI_3010G122800	2941.025
SORBI_3010G122900	2675.638
SORBI_3010G123000	47
SORBI_3010G123100	1084.01228956403
SORBI_3010G123300	2057.701
SORBI_3010G123400	3570.185
SORBI_3010G123500	1784.89492363351
SORBI_3010G123600	2905.346
SORBI_3010G123650	180
SORBI_3010G123700	828.777
SORBI_3010G123750	1474
SORBI_3010G123800	263
SORBI_3010G123901	727
SORBI_3010G124001	426.712
SORBI_3010G124100	553.932
SORBI_3010G124133	2080.744
SORBI_3010G124166	1606
SORBI_3010G124200	2327
SORBI_3010G124300	454
SORBI_3010G124400	242.755
SORBI_3010G124500	1572
SORBI_3010G124600	1636
SORBI_3010G124700	2857.051
SORBI_3010G124800	3355.189
SORBI_3010G124850	355
SORBI_3010G124900	1324
SORBI_3010G125000	1416.761
SORBI_3010G125100	2434.896
SORBI_3010G125200	1687.523
SORBI_3010G125300	2879.215
SORBI_3010G125400	420.279
SORBI_3010G125500	1440.941
SORBI_3010G125700	8465.644
SORBI_3010G125800	262.725
SORBI_3010G125833	1543.96
SORBI_3010G125866	323.863
SORBI_3010G125900	5865
SORBI_3010G126000	1757.58919252894
SORBI_3010G126100	1641.216
SORBI_3010G126200	1497.004
SORBI_3010G126300	728
SORBI_3010G126400	2205.59
SORBI_3010G126500	2243.431
SORBI_3010G126600	963
SORBI_3010G126700	1834.494
SORBI_3010G126800	2529.517
SORBI_3010G126900	2135.285
SORBI_3010G127100	1768.657
SORBI_3010G127200	2275.364
SORBI_3010G127300	2392.214
SORBI_3010G127500	1123
SORBI_3010G127550	1672
SORBI_3010G127600	2548.136
SORBI_3010G127700	463
SORBI_3010G127800	2050
SORBI_3010G127901	737
SORBI_3010G128000	1859.798
SORBI_3010G128101	1354.61
SORBI_3010G128200	2402
SORBI_3010G128300	1043
SORBI_3010G128350	1669
SORBI_3010G128400	1040
SORBI_3010G128500	1462.449
SORBI_3010G128601	463
SORBI_3010G128700	1155
SORBI_3010G128800	1677.969
SORBI_3010G128900	5610.219
SORBI_3010G129000	2286.596
SORBI_3010G129050	1648
SORBI_3010G129100	2086.805
SORBI_3010G129200	3569.886
SORBI_3010G129300	1322
SORBI_3010G129450	1075
SORBI_3010G129600	1757.812
SORBI_3010G129700	3188.552
SORBI_3010G129900	239
SORBI_3010G130000	1985.857
SORBI_3010G130100	2028.03851716122
SORBI_3010G130200	1456.384
SORBI_3010G130300	1501.878
SORBI_3010G130400	1090
SORBI_3010G130500	1022.503
SORBI_3010G130601	688.717
SORBI_3010G130700	3278
SORBI_3010G130800	1805
SORBI_3010G130900	1235
SORBI_3010G131000	2105.7256795177
SORBI_3010G131101	11153.897
SORBI_3010G131200	636
SORBI_3010G131300	2637.24714864429
SORBI_3010G131400	897.981
SORBI_3010G131500	1789.94567933452
SORBI_3010G131600	925
SORBI_3010G131700	1764.601
SORBI_3010G131900	2048.614
SORBI_3010G131950	159
SORBI_3010G132000	4274.254
SORBI_3010G132100	566.197
SORBI_3010G132200	154.988
SORBI_3010G132300	2286.38831102758
SORBI_3010G132400	1630.84668638414
SORBI_3010G132500	993.659
SORBI_3010G132550	518.428
SORBI_3010G132600	3037.21402823478
SORBI_3010G132700	857
SORBI_3010G132800	2528.029
SORBI_3010G132900	975.333333333333
SORBI_3010G133000	1010
SORBI_3010G133100	1330
SORBI_3010G133150	319
SORBI_3010G133200	161
SORBI_3010G133225	614
SORBI_3010G133250	409
SORBI_3010G133275	530
SORBI_3010G133300	1810
SORBI_3010G133400	1359.45
SORBI_3010G133450	999
SORBI_3010G133500	1376.09667870373
SORBI_3010G133566	730
SORBI_3010G133632	134
SORBI_3010G133700	301
SORBI_3010G133800	759
SORBI_3010G133866	647
SORBI_3010G133932	618
SORBI_3010G134000	2613.955
SORBI_3010G134100	1267.519
SORBI_3010G134200	2503
SORBI_3010G134300	808
SORBI_3010G134400	1592.91689070083
SORBI_3010G134500	1009.473
SORBI_3010G134600	2190.693
SORBI_3010G134650	2616.543
SORBI_3010G134700	2129.216
SORBI_3010G134801	1507
SORBI_3010G134900	1153.92
SORBI_3010G135000	663.228
SORBI_3010G135100	160
SORBI_3010G135200	623.001
SORBI_3010G135250	1139.585
SORBI_3010G135300	2500.934
SORBI_3010G135450	746
SORBI_3010G135600	1477.9
SORBI_3010G135700	346
SORBI_3010G135800	737
SORBI_3010G135900	1435.643
SORBI_3010G136000	2534.439
SORBI_3010G136100	192
SORBI_3010G136200	2578.61996542163
SORBI_3010G136250	158
SORBI_3010G136300	889.504
SORBI_3010G136400	365.251
SORBI_3010G136450	1597
SORBI_3010G136500	3260.326
SORBI_3010G136601	721
SORBI_3010G136600	6304.428
SORBI_3010G136700	1139
SORBI_3010G136900	2275
SORBI_3010G136950	284
SORBI_3010G137000	918
SORBI_3010G137100	1882.46300519359
SORBI_3010G137200	688
SORBI_3010G137300	1935.637
SORBI_3010G137333	1579
SORBI_3010G137366	690
SORBI_3010G137400	1060.886
SORBI_3010G137500	3376
SORBI_3010G137600	5672
SORBI_3010G137700	418
SORBI_3010G137800	324
SORBI_3010G138000	3402.692
SORBI_3010G138200	2236.31594459557
SORBI_3010G138300	1727
SORBI_3010G138350	1310
SORBI_3010G138400	2465.41953572657
SORBI_3010G138500	5437.918
SORBI_3010G138600	144
SORBI_3010G138700	1657.209
SORBI_3010G138800	3021.857
SORBI_3010G138850	277
SORBI_3010G138900	8174.367
SORBI_3010G138950	133
SORBI_3010G139000	3484.059
SORBI_3010G139100	3621
SORBI_3010G139200	204
SORBI_3010G139301	2503.99717632863
SORBI_3010G139400	372
SORBI_3010G139500	4581.75937321838
SORBI_3010G139550	1240
SORBI_3010G139600	6816.768
SORBI_3010G140100	1685
SORBI_3010G140150	1630
SORBI_3010G140200	580
SORBI_3010G140300	445
SORBI_3010G140400	1790.21769387797
SORBI_3010G140500	27417.674
SORBI_3010G140525	2223
SORBI_3010G140550	1687
SORBI_3010G140575	1657
SORBI_3010G140600	618.038
SORBI_3010G140700	1315
SORBI_3010G140750	1522
SORBI_3010G140800	1027.269
SORBI_3010G141001	11571.502
SORBI_3010G141201	872
SORBI_3010G141400	631
SORBI_3010G141433	3850.219
SORBI_3010G141466	1777
SORBI_3010G141500	2628.00325174236
SORBI_3010G141600	2415.298
SORBI_3010G141700	1828
SORBI_3010G141800	2307.05247188786
SORBI_3010G141966	439.834
SORBI_3010G142132	462
SORBI_3010G142300	706
SORBI_3010G142401	3255
SORBI_3010G142501	457
SORBI_3010G142600	2836.5
SORBI_3010G142650	4173
SORBI_3010G142700	1566.71411334714
SORBI_3010G142900	2768.5
SORBI_3010G143000	498.483
SORBI_3010G143100	494.76
SORBI_3010G143200	3240.972
SORBI_3010G143300	1908.856
SORBI_3010G143400	919.621
SORBI_3010G143500	4672.039
SORBI_3010G143600	3184.82693182031
SORBI_3010G143633	469
SORBI_3010G143666	2750
SORBI_3010G143800	17029.174315878
SORBI_3010G143700	2524.848
SORBI_3010G143900	2860.004
SORBI_3010G144000	1676.4
SORBI_3010G144050	1333
SORBI_3010G144100	1948.95904294743
SORBI_3010G144250	338.93
SORBI_3010G144400	2398.571
SORBI_3010G144450	121
SORBI_3010G144500	1122
SORBI_3010G144600	372
SORBI_3010G144700	10172.772
SORBI_3010G144800	1402
SORBI_3010G144900	959.762
ENSRNA049996889	35
SORBI_3010G145000	539
SORBI_3010G145100	841
SORBI_3010G145200	1992.396
SORBI_3010G145300	1228
SORBI_3010G145500	1350.45242983698
SORBI_3010G145650	1861.278
SORBI_3010G145800	2581.213
SORBI_3010G145900	2961.768
SORBI_3010G146000	3013
SORBI_3010G146100	1038.553
SORBI_3010G146200	545.147
SORBI_3010G146300	1098
SORBI_3010G146350	283
SORBI_3010G146400	968.927113576111
SORBI_3010G146500	3056
SORBI_3010G146600	1536.061
SORBI_3010G146700	2097.201
SORBI_3010G146800	1773
SORBI_3010G146900	113.414
SORBI_3010G147000	1711.85206086192
SORBI_3010G147100	2530.57231595881
SORBI_3010G147200	2186
SORBI_3010G147250	331
SORBI_3010G147300	745
SORBI_3010G147350	451
SORBI_3010G147400	649
SORBI_3010G147500	1505.033
SORBI_3010G147600	1258.866
SORBI_3010G147700	3260.892
SORBI_3010G147833	5564.146
SORBI_3010G147966	705.662
SORBI_3010G148100	644
SORBI_3010G148200	248
SORBI_3010G148400	809.475
SORBI_3010G148501	4128.36
SORBI_3010G148600	997
SORBI_3010G148700	547
SORBI_3010G148750	149
SORBI_3010G148800	1712
SORBI_3010G148866	2646
SORBI_3010G148932	6523.528
SORBI_3010G149000	962
SORBI_3010G149200	1408.968
ENSRNA049443167	25
SORBI_3010G149300	639.409
SORBI_3010G149500	2337.813
SORBI_3010G149600	2297.54381240799
SORBI_3010G149700	1098.447
SORBI_3010G149800	3700.435
SORBI_3010G149900	469
SORBI_3010G150000	2232
SORBI_3010G150100	5114.184
SORBI_3010G150200	1734.606
SORBI_3010G150325	1224
SORBI_3010G150450	1870.085
SORBI_3010G150575	619.317
SORBI_3010G150600	2947.482
SORBI_3010G150700	3588.965
SORBI_3010G150701	2117
SORBI_3010G150800	776.125
SORBI_3010G150900	2599.223
SORBI_3010G151000	3612.278
SORBI_3010G151050	1297
SORBI_3010G151100	2171
SORBI_3010G151200	925
SORBI_3010G151325	1880.5
SORBI_3010G151450	220
SORBI_3010G151575	5199
SORBI_3010G151700	2914.586
SORBI_3010G151801	211.73
SORBI_3010G151900	1738.97090359888
SORBI_3010G152000	1884.519
SORBI_3010G152100	1139.29636973372
SORBI_3010G152200	394
SORBI_3010G152250	1864
SORBI_3010G152300	1427
SORBI_3010G152400	1784
SORBI_3010G152500	1614
SORBI_3010G152600	1833.0498887298
SORBI_3010G152700	1735
SORBI_3010G152800	904
SORBI_3010G152850	1804.787
SORBI_3010G152900	2500
SORBI_3010G153000	1174.098
SORBI_3010G153100	974.508
SORBI_3010G153201	3701.604
SORBI_3010G153300	2684.339
SORBI_3010G153400	950.408
SORBI_3010G153466	5838.814
SORBI_3010G153532	516.731
SORBI_3010G153600	3225
SORBI_3010G153700	2462.284
SORBI_3010G153800	812
SORBI_3010G153900	4803.85563607958
SORBI_3010G154000	2121.433
SORBI_3010G154150	1048.514
SORBI_3010G154300	491
SORBI_3010G154400	444
SORBI_3010G154500	2169.848
SORBI_3010G154600	1782.382
SORBI_3010G154700	517.906
SORBI_3010G154801	503.739
SORBI_3010G154900	789.45
SORBI_3010G155000	700
SORBI_3010G155100	1737
SORBI_3010G155200	526
SORBI_3010G155300	543.957
SORBI_3010G155401	2272
SORBI_3010G155500	2844.04
SORBI_3010G155600	1098.122
SORBI_3010G155701	350.436
SORBI_3010G155800	1599
SORBI_3010G155901	364
SORBI_3010G156000	1732.126
SORBI_3010G156100	1369.275
SORBI_3010G156200	2273
SORBI_3010G156300	563.041
SORBI_3010G156400	652
SORBI_3010G156500	1544.329
SORBI_3010G156601	13357.385
SORBI_3010G156700	845
SORBI_3010G156800	1441.866
SORBI_3010G157000	835
SORBI_3010G157100	523
SORBI_3010G157200	348
SORBI_3010G157300	2149
SORBI_3010G157400	454
SORBI_3010G157500	1199
SORBI_3010G157600	62
SORBI_3010G157700	941.231172419453
SORBI_3010G157800	1038
SORBI_3010G157900	25375.181
SORBI_3010G158000	2828.899
SORBI_3010G158050	1217
SORBI_3010G158100	1272.919
SORBI_3010G158200	1138
SORBI_3010G158300	907.208
SORBI_3010G158400	665
SORBI_3010G158500	640
SORBI_3010G158601	535
SORBI_3010G158700	484
SORBI_3010G158766	602
SORBI_3010G158832	561.649
SORBI_3010G158900	533.798
SORBI_3010G159000	25331.577
SORBI_3010G159100	832.812
SORBI_3010G159200	271
SORBI_3010G159300	4344
SORBI_3010G159400	1476.833
SORBI_3010G159500	802.526
SORBI_3010G159600	161
SORBI_3010G159700	6925.098
SORBI_3010G159800	400
SORBI_3010G159900	2005.648
SORBI_3010G160000	1045
SORBI_3010G160033	1474.878
SORBI_3010G160066	635.15283497751
SORBI_3010G160100	2018.267
SORBI_3010G160200	2623
SORBI_3010G160300	1293.981
SORBI_3010G160400	1165.554
SORBI_3010G160500	1573.591
SORBI_3010G160600	1762.951
SORBI_3010G160700	6524.143
SORBI_3010G160800	988
SORBI_3010G160850	703
SORBI_3010G160900	4333.673
SORBI_3010G161000	2083.321
SORBI_3010G161050	1816
SORBI_3010G161100	530
SORBI_3010G161201	565
SORBI_3010G161300	3353
SORBI_3010G161400	1655
SORBI_3010G161450	2075.059
SORBI_3010G161525	1689.871
SORBI_3010G161600	15810.414
SORBI_3010G161700	1225
SORBI_3010G161800	1427
SORBI_3010G161900	1422.388
SORBI_3010G162000	1008.024
SORBI_3010G162101	1040
SORBI_3010G162200	1132.1312121688
SORBI_3010G162300	394
SORBI_3010G162400	988.336
SORBI_3010G162500	3994.066
SORBI_3010G162700	1742
SORBI_3010G162800	1990
SORBI_3010G162900	3319.298
SORBI_3010G163000	1779.945
SORBI_3010G163100	467.154
SORBI_3010G163150	161
SORBI_3010G163200	419.71
SORBI_3010G163400	1944.88123733913
ENSRNA049996882	14.739
ENSRNA049996871	16
SORBI_3010G163600	1020.134
SORBI_3010G163666	1073
SORBI_3010G163732	1078
SORBI_3010G163800	7526.394
SORBI_3010G163900	1670.056
SORBI_3010G164000	1417.84598331643
SORBI_3010G164100	1487.022
SORBI_3010G164150	445
SORBI_3010G164200	806
SORBI_3010G164300	422
SORBI_3010G164350	2422.644
SORBI_3010G164400	1121.171
SORBI_3010G164500	1292
SORBI_3010G164600	3860
SORBI_3010G164800	691
SORBI_3010G164900	1144
SORBI_3010G165000	1290
SORBI_3010G165100	3204.54
SORBI_3010G165200	1414.79
SORBI_3010G165300	3038.197
SORBI_3010G165400	916
SORBI_3010G165500	3788.0992310465
SORBI_3010G165700	12075.418
SORBI_3010G165800	650.764
SORBI_3010G165900	2382.12175050124
SORBI_3010G165925	1591
SORBI_3010G165950	133
SORBI_3010G165975	1516
SORBI_3010G166000	1463.99674808828
SORBI_3010G166100	469.343
SORBI_3010G166201	908
SORBI_3010G166300	1082
SORBI_3010G166400	1785.70586293417
SORBI_3010G166500	1907.005
SORBI_3010G166600	2123
SORBI_3010G166700	1539.891
ENSRNA049483441	34
SORBI_3010G166800	1941
SORBI_3010G166850	936
SORBI_3010G166900	1273
SORBI_3010G166950	1285
SORBI_3010G167000	266
SORBI_3010G167100	1279
SORBI_3010G167200	2034
SORBI_3010G167266	1295
SORBI_3010G167332	721
SORBI_3010G167400	114
SORBI_3010G167500	3848.879
SORBI_3010G167601	4962.673
SORBI_3010G167700	1543
SORBI_3010G167800	1030.1
SORBI_3010G167900	3290.30650740775
SORBI_3010G168000	1649.175
SORBI_3010G168100	1007.5
SORBI_3010G168200	788.613
SORBI_3010G168301	2047
SORBI_3010G168400	2255.85596448133
SORBI_3010G168500	2573.996
SORBI_3010G168600	697.325603283481
SORBI_3010G168700	1639
SORBI_3010G168800	2052.053
SORBI_3010G168900	1958.605
SORBI_3010G169000	4843.988
SORBI_3010G169100	1434
SORBI_3010G169200	2448
SORBI_3010G169250	1540
SORBI_3010G169300	2036.253
SORBI_3010G169500	1510
SORBI_3010G169600	4248.477
SORBI_3010G169700	1335.754
SORBI_3010G169900	2496.55835546756
SORBI_3010G169950	163
SORBI_3010G170000	1855.655
SORBI_3010G170150	1785.959
SORBI_3010G170300	2614.726
SORBI_3010G170400	1760.55712855898
SORBI_3010G170500	1014.598
SORBI_3010G170550	797.283
SORBI_3010G170600	1216.502
SORBI_3010G170700	1593
SORBI_3010G170800	673
SORBI_3010G170900	844.083
SORBI_3010G171000	4020.95241531193
SORBI_3010G171100	1886.366
SORBI_3010G171200	842.235
SORBI_3010G171300	4713.68
SORBI_3010G171400	2681.243
SORBI_3010G171501	470.097
SORBI_3010G171600	3468.249
SORBI_3010G171800	1576.367
SORBI_3010G171900	1965.74410507354
SORBI_3010G172000	3461.084
SORBI_3010G172100	3984.238
SORBI_3010G172200	1575
SORBI_3010G172300	910
SORBI_3010G172400	1997.703
SORBI_3010G172500	1782.77934936055
SORBI_3010G172600	1066
SORBI_3010G172633	474
SORBI_3010G172666	288
SORBI_3010G172700	1642.787
SORBI_3010G172800	2529.11
SORBI_3010G172900	924.393
SORBI_3010G173000	743.277
SORBI_3010G173100	1239.103
SORBI_3010G173201	15710.066
SORBI_3010G173300	4857.297
SORBI_3010G173400	2586
SORBI_3010G173550	4193
SORBI_3010G173500	560
SORBI_3010G173600	2091
SORBI_3010G173700	1522.331
SORBI_3010G173800	3272.448
SORBI_3010G173900	980.927
SORBI_3010G174000	993
SORBI_3010G174100	3465
SORBI_3010G174300	4071.659
SORBI_3010G174400	1431.553
SORBI_3010G174500	2247.557
SORBI_3010G174550	1111
SORBI_3010G174600	109
SORBI_3010G174700	4984.94981900312
SORBI_3010G174800	10736.454
SORBI_3010G174900	2478.212
SORBI_3010G175100	2222.364
SORBI_3010G175000	2224.202
SORBI_3010G175200	4410.29853744059
SORBI_3010G175350	2125
SORBI_3010G175500	331.155
SORBI_3010G175400	9251.231
SORBI_3010G175550	508
SORBI_3010G175700	83
SORBI_3010G175800	493.018
SORBI_3010G175900	4844.325
SORBI_3010G176000	1436
SORBI_3010G176101	1337.203
SORBI_3010G176200	976.234357569416
SORBI_3010G176300	2537.135
SORBI_3010G176400	1823
SORBI_3010G176500	1837.20583259052
SORBI_3010G176550	1037.068
SORBI_3010G176600	347.744804756464
SORBI_3010G176700	3676.258
SORBI_3010G176800	2865.5999557382
SORBI_3010G176900	1088.35
SORBI_3010G177000	918.296
SORBI_3010G177100	2228.815
SORBI_3010G177200	1735.999
SORBI_3010G177300	4000
SORBI_3010G177400	1040.167
ENSRNA049443133	24
SORBI_3010G177500	1432
SORBI_3010G177600	1560
SORBI_3010G177800	984.535
SORBI_3010G177900	1396.415
SORBI_3010G178000	549.401
SORBI_3010G178050	130
SORBI_3010G178100	1264
SORBI_3010G178200	1147.148
SORBI_3010G178300	2003
SORBI_3010G178401	417
SORBI_3010G178500	761.128
SORBI_3010G178600	3229.48620644529
SORBI_3010G178700	1380.495
SORBI_3010G178800	1908.55
SORBI_3010G178900	579.335
SORBI_3010G179000	2452
SORBI_3010G179150	2356
SORBI_3010G179300	1336
SORBI_3010G179400	1443.304
SORBI_3010G179500	1066.974
SORBI_3010G179600	1270
SORBI_3010G179700	1467.46751940264
SORBI_3010G179750	769
SORBI_3010G179800	2240.382
SORBI_3010G179850	997.29
SORBI_3010G179900	1772.076
SORBI_3010G180000	2354
SORBI_3010G180100	2463.324
SORBI_3010G180200	3055.041
SORBI_3010G180300	337
SORBI_3010G180350	994
SORBI_3010G180400	2652.819
SORBI_3010G180500	703
SORBI_3010G180550	732.542
SORBI_3010G180600	1044.215
ENSRNA049996863	70
SORBI_3010G180700	1529.717
SORBI_3010G180800	11781.478
SORBI_3010G180750	1724
SORBI_3010G181000	2050.624
SORBI_3010G181100	1124.51
SORBI_3010G181150	4895.978
SORBI_3010G181200	2916.836
SORBI_3010G181300	2166.026
SORBI_3010G181500	3168.903
SORBI_3010G181600	1919.659
SORBI_3010G181701	1201.455
SORBI_3010G181800	421
SORBI_3010G181900	1846
SORBI_3010G182000	1464.431
SORBI_3010G182100	2325.795
SORBI_3010G182200	3991.374
SORBI_3010G182300	2180.36584759212
SORBI_3010G182500	628
SORBI_3010G182600	2259.21133642405
SORBI_3010G182700	1446.333
SORBI_3010G182800	3530.739
SORBI_3010G182900	341
SORBI_3010G182966	1772.886
SORBI_3010G183032	1383
SORBI_3010G183100	5786.215
SORBI_3010G183201	307.521
SORBI_3010G183300	2847.314
SORBI_3010G183350	779.321
SORBI_3010G183400	1080.83
SORBI_3010G183500	2809.802
SORBI_3010G183600	1564.18
SORBI_3010G183700	2104.715
SORBI_3010G183800	1980.5
SORBI_3010G183900	379
SORBI_3010G184000	839.181
SORBI_3010G184100	2117.491
SORBI_3010G184201	791
SORBI_3010G184300	1589.415
SORBI_3010G184400	526.239
SORBI_3010G184500	2072.133
SORBI_3010G184600	1225.271
SORBI_3010G184800	1148.083
SORBI_3010G184900	1373.163
ENSRNA049443107	25
SORBI_3010G185000	4173.407
SORBI_3010G185100	3637.363
SORBI_3010G185200	1450.104
SORBI_3010G185250	1149
SORBI_3010G185300	1118
SORBI_3010G185350	3434
SORBI_3010G185400	2318.74838573054
SORBI_3010G185500	1416.599
SORBI_3010G185600	3792.805
SORBI_3010G185700	5622.258
SORBI_3010G185800	1218.986
SORBI_3010G185850	1149.809
SORBI_3010G185900	4
SORBI_3010G186000	799.048
SORBI_3010G186100	2441.343
SORBI_3010G186200	2246.526
SORBI_3010G186300	1897.18
SORBI_3010G186400	901.248
SORBI_3010G186500	1114.3323410225
SORBI_3010G186600	4321.286
SORBI_3010G186700	2451.88295060758
SORBI_3010G186900	605
SORBI_3010G187000	539.326
SORBI_3010G187100	739.763
SORBI_3010G187201	1627
SORBI_3010G187300	1831
SORBI_3010G187350	2018
SORBI_3010G187400	2025
SORBI_3010G187500	1454.772
SORBI_3010G187600	1453.274
SORBI_3010G187700	4088
SORBI_3010G187800	777
SORBI_3010G187900	3380.11848429509
SORBI_3010G187950	725
SORBI_3010G188000	3387.609
SORBI_3010G188100	1505.401
SORBI_3010G188200	1007.737
SORBI_3010G188300	1632.297
SORBI_3010G188400	1664.19483635078
SORBI_3010G188500	2498
SORBI_3010G188600	1680.03596833264
SORBI_3010G188700	2291.571
SORBI_3010G188800	1686.353
SORBI_3010G188900	1852.025
SORBI_3010G189000	2513.707
SORBI_3010G189100	1690.006
SORBI_3010G189200	2014.561
SORBI_3010G189300	1043.598
SORBI_3010G189366	682
SORBI_3010G189432	11055
SORBI_3010G189500	3686.952
SORBI_3010G189600	1381.52212198501
SORBI_3010G189700	2915.512
SORBI_3010G189800	2121.50489011618
SORBI_3010G189900	1937.265
SORBI_3010G190001	1390
SORBI_3010G190100	1072
SORBI_3010G190200	1054
SORBI_3010G190300	1627
SORBI_3010G190350	592
SORBI_3010G190400	4325.236
SORBI_3010G190500	130
SORBI_3010G190600	2428.178
SORBI_3010G190700	2104.788
SORBI_3010G190800	3895.079
SORBI_3010G190900	1953.926
SORBI_3010G191000	1837.318
SORBI_3010G191100	1076.269
SORBI_3010G191200	719
SORBI_3010G191301	333
SORBI_3010G191400	242
SORBI_3010G191450	200
SORBI_3010G191500	230
SORBI_3010G191600	1956
SORBI_3010G191700	1019.242
SORBI_3010G191750	1512
SORBI_3010G191800	1564.873
SORBI_3010G191900	2038.5
SORBI_3010G192200	1846
SORBI_3010G192300	169
SORBI_3010G192366	161
SORBI_3010G192432	1318.427
SORBI_3010G192500	4138.361
SORBI_3010G192600	1677.679
SORBI_3010G192700	1305.024
SORBI_3010G192800	1155.72
SORBI_3010G192900	1415.828
SORBI_3010G193000	1409.326
SORBI_3010G193100	1583.154
SORBI_3010G193200	1253.006
SORBI_3010G193300	911.789791471529
SORBI_3010G193400	1338.319
SORBI_3010G193501	175
SORBI_3010G193600	1090.33117362644
SORBI_3010G193700	1627.594
SORBI_3010G193800	1204.17494700444
SORBI_3010G193900	1175.869
SORBI_3010G194001	337
SORBI_3010G194100	1750.925
SORBI_3010G194200	1885.042
SORBI_3010G194300	424.2
SORBI_3010G194400	517
SORBI_3010G194500	1186.487
SORBI_3010G194600	3440.739
SORBI_3010G194700	2617.688
SORBI_3010G194801	745
SORBI_3010G194900	964.467
SORBI_3010G195000	4927.98
SORBI_3010G195100	1835.643
SORBI_3010G195200	3636.808
SORBI_3010G195301	1076
SORBI_3010G195400	1688
SORBI_3010G195450	457
SORBI_3010G195500	830.501709259791
SORBI_3010G195600	1106
SORBI_3010G195701	411.395
SORBI_3010G195800	1841.675
SORBI_3010G195901	1932.394
SORBI_3010G196000	652
SORBI_3010G196100	513.29
SORBI_3010G196200	3011.586
SORBI_3010G196300	3355.421
SORBI_3010G196400	2039
SORBI_3010G196433	493
SORBI_3010G196466	633.629
SORBI_3010G196500	1752.5081970078
SORBI_3010G196600	465.848
SORBI_3010G196700	1370.992
SORBI_3010G196800	1569
SORBI_3010G196900	3978.704
SORBI_3010G197000	3964.74048745343
SORBI_3010G197200	777.091
SORBI_3010G197300	1552.33333333333
SORBI_3010G197400	3077.455
SORBI_3010G197500	3064.458
SORBI_3010G197566	3305.25
SORBI_3010G197632	428
SORBI_3010G197700	1752
SORBI_3010G197800	216.941
SORBI_3010G197900	837.521
SORBI_3010G198000	1532.847
SORBI_3010G198100	596
SORBI_3010G198200	1066
SORBI_3010G198400	2237
SORBI_3010G198500	557
SORBI_3010G198600	775.631
SORBI_3010G198700	560
SORBI_3010G198800	3165.56
SORBI_3010G198900	600
SORBI_3010G199000	436
SORBI_3010G199100	1007.447
SORBI_3010G199200	1534.696
SORBI_3010G199300	1325.33
SORBI_3010G199500	1806
SORBI_3010G199600	867.893865965138
SORBI_3010G199700	2313.18608152743
SORBI_3010G199800	1813.495
SORBI_3010G199900	1578.453
SORBI_3010G200000	1497
SORBI_3010G200100	772
SORBI_3010G200200	484
SORBI_3010G200300	988
SORBI_3010G200400	1074
SORBI_3010G200600	2295.978
SORBI_3010G200700	1144.575297152
SORBI_3010G200800	1670.71
SORBI_3010G200900	1263
SORBI_3010G201000	451
SORBI_3010G201100	732
ENSRNA049483793	50
ENSRNA049996856	29
SORBI_3010G201200	844.083244840572
SORBI_3010G201266	397
SORBI_3010G201332	150
SORBI_3010G201388	216.929
SORBI_3010G201444	640
SORBI_3010G201500	5876.63099923972
SORBI_3010G201600	1068.265
SORBI_3010G201700	786.54994823805
SORBI_3010G201900	2082.801
SORBI_3010G202000	2252.048
SORBI_3010G202100	2729
SORBI_3010G202200	862.8
SORBI_3010G202300	1292.558
SORBI_3010G202400	1439
SORBI_3010G202450	330
SORBI_3010G202500	1274.77251145178
SORBI_3010G202600	3364.728
SORBI_3010G202700	1724.75
SORBI_3010G202800	3146.107
SORBI_3010G202900	1620.07235780952
SORBI_3010G203000	9237
SORBI_3010G203100	9008.499
SORBI_3010G203150	213
SORBI_3010G203200	2855.533
SORBI_3010G203300	1254.816
SORBI_3010G203400	1032
SORBI_3010G203500	1153.705
SORBI_3010G203600	1495.207
SORBI_3010G203700	369
SORBI_3010G203800	649
SORBI_3010G204000	1661
SORBI_3010G204100	1140.534
SORBI_3010G204200	887.878
SORBI_3010G204300	1010.632
SORBI_3010G204400	2903.209
SORBI_3010G204500	1644.699
SORBI_3010G204600	2822.38
SORBI_3010G204700	1582
SORBI_3010G204900	1362.32770985206
SORBI_3010G205000	1416.583
SORBI_3010G205100	3196.9131932894
SORBI_3010G205200	1665.17125827117
SORBI_3010G205300	878.307
SORBI_3010G205400	809.823
SORBI_3010G205500	2261.29061742587
SORBI_3010G205600	9575.949
SORBI_3010G205700	10032.6258366286
SORBI_3010G205800	2689.052
SORBI_3010G205900	3557.695
SORBI_3010G206000	2661.91
SORBI_3010G206100	463
SORBI_3010G206200	661.99
SORBI_3010G206300	3561.871
SORBI_3010G206400	1464
SORBI_3010G206501	382
SORBI_3010G206600	217
SORBI_3010G206700	1429
SORBI_3010G206800	1444.40540036106
SORBI_3010G206900	5987.574
SORBI_3010G207100	1082.914
SORBI_3010G207175	825.176
SORBI_3010G207250	3897.687
SORBI_3010G207325	4543
SORBI_3010G207400	3538.837
SORBI_3010G207450	1214
SORBI_3010G207500	645.541
SORBI_3010G207600	1020.264
SORBI_3010G207700	1714.282
SORBI_3010G207800	3385.353
SORBI_3010G207900	1376.5
SORBI_3010G208000	449.135
SORBI_3010G208100	1468
SORBI_3010G208200	178
SORBI_3010G208300	1477
SORBI_3010G208400	2138.753
SORBI_3010G208500	1931.39
SORBI_3010G208600	2040.659
SORBI_3010G208700	1930.626
SORBI_3010G208750	340
SORBI_3010G208800	3040
SORBI_3010G208900	1991.185
ENSRNA049442880	34
SORBI_3010G209000	1289.4926114417
SORBI_3010G209100	2094.093
SORBI_3010G209200	1446.674
SORBI_3010G209300	2332
SORBI_3010G209400	2533.287
SORBI_3010G209501	2820.489
ENSRNA049996849	12
SORBI_3010G209600	4216.968
SORBI_3010G209700	1095.262
SORBI_3010G209800	2009
SORBI_3010G209900	1751.436
SORBI_3010G210000	831.195
SORBI_3010G210050	265
SORBI_3010G210100	1898
SORBI_3010G210200	2514.471
SORBI_3010G210300	2361.013
SORBI_3010G210400	1362.604
SORBI_3010G210500	1103.473
SORBI_3010G210600	1371.119
SORBI_3010G210700	1113.684
SORBI_3010G210800	1290.395
SORBI_3010G211000	922.062
SORBI_3010G210900	1395
SORBI_3010G211100	733.157
SORBI_3010G211200	1433.187
SORBI_3010G211300	1878.431
SORBI_3010G211400	825.684
SORBI_3010G211500	2506.042
SORBI_3010G211600	1828
SORBI_3010G211700	191.736
SORBI_3010G211800	2900.539
SORBI_3010G211900	1679.056
SORBI_3010G212000	1039.625
SORBI_3010G212100	1026.958
SORBI_3010G212200	1342.543
ENSRNA049442929	26
SORBI_3010G212350	1021
SORBI_3010G212500	1375
SORBI_3010G212600	3868
SORBI_3010G212700	2966
SORBI_3010G212800	1095.172
SORBI_3010G212900	730
SORBI_3010G213000	4307.065
SORBI_3010G213100	3914
SORBI_3010G213200	5037.412
SORBI_3010G213301	657
SORBI_3010G213400	1982.788
ENSRNA049996839	6
SORBI_3010G213500	3363.134
SORBI_3010G213600	3628.99044484864
SORBI_3010G213700	507.998
SORBI_3010G213800	1337.55
SORBI_3010G213900	1305.221
SORBI_3010G214000	1589.767
SORBI_3010G214100	2266.691
SORBI_3010G214150	441.203
SORBI_3010G214200	230.801
SORBI_3010G214300	745
SORBI_3010G214400	1171.954
SORBI_3010G214500	3920
SORBI_3010G214600	2758.183
SORBI_3010G214700	2090.699
SORBI_3010G214800	631.426
SORBI_3010G214900	1885.958
SORBI_3010G214950	281
SORBI_3010G215000	1080
SORBI_3010G215100	1635
SORBI_3010G215201	3501.5
SORBI_3010G215300	1326.912
SORBI_3010G215400	1248.185
SORBI_3010G215500	3330.33
SORBI_3010G215600	2413.03251674797
SORBI_3010G215700	1899
SORBI_3010G215800	2946.726
SORBI_3010G215900	1958.742
SORBI_3010G216000	3219.57339153709
SORBI_3010G216100	1612
SORBI_3010G216200	419.907
ENSRNA049483680	32
SORBI_3010G216300	1231.621
SORBI_3010G216400	676.971
SORBI_3010G216500	1177
SORBI_3010G216600	1730
SORBI_3010G216700	3561
SORBI_3010G216800	1532
SORBI_3010G216901	475
SORBI_3010G217001	715
SORBI_3010G217100	1535.3272194605
SORBI_3010G217200	3358.423
SORBI_3010G217400	3581.184
SORBI_3010G217466	517
SORBI_3010G217532	427.988
SORBI_3010G217600	3074.238
SORBI_3010G217700	8178.546
SORBI_3010G217800	308.953
SORBI_3010G217900	1360.769
SORBI_3010G218000	2403.144
SORBI_3010G218100	2341.057
SORBI_3010G218200	1954.657
SORBI_3010G218300	2450.30338299712
SORBI_3010G218400	4394.351
ENSRNA049996830	3
SORBI_3010G218500	3099.63
SORBI_3010G218600	3526.072
SORBI_3010G218700	1150.434
SORBI_3010G218800	1129
SORBI_3010G218900	755
SORBI_3010G219000	1435.55499270087
SORBI_3010G219100	1564.31
SORBI_3010G219200	368
SORBI_3010G219300	300
SORBI_3010G219400	1077.35583778569
SORBI_3010G219500	714.086
SORBI_3010G219600	2703.221
SORBI_3010G219700	1388.5393345078
SORBI_3010G219800	2833.133
SORBI_3010G219900	1159.247
SORBI_3010G220000	1773.518
SORBI_3010G220100	2378.705
SORBI_3010G220200	2614.055
SORBI_3010G220300	1292
SORBI_3010G220400	1541
SORBI_3010G220500	1695.117
SORBI_3010G220600	2960.5
SORBI_3010G220700	1919
SORBI_3010G220800	1531
SORBI_3010G220900	2179.366
SORBI_3010G220966	467
SORBI_3010G221032	1102.629
SORBI_3010G221100	1130
SORBI_3010G221200	1663
SORBI_3010G221300	371.095
SORBI_3010G221400	3939.36
SORBI_3010G221500	1797
SORBI_3010G221600	1413.857
SORBI_3010G221700	258.547
ENSRNA049996820	16
SORBI_3010G221800	1721.92057627242
SORBI_3010G221900	781
SORBI_3010G222000	1104
SORBI_3010G222050	152
SORBI_3010G222100	1793.787
SORBI_3010G222200	691
SORBI_3010G222300	1102.556
SORBI_3010G222400	1770.271
SORBI_3010G222501	508
SORBI_3010G222600	914.5
SORBI_3010G222666	686.5
SORBI_3010G222732	3008
SORBI_3010G222800	1466.98842922114
SORBI_3010G222900	4924.179
SORBI_3010G223100	4203.288
SORBI_3010G223200	3141.038
SORBI_3010G223300	1487.178
SORBI_3010G223400	2656.994
SORBI_3010G223500	4145.417
SORBI_3010G223600	2887.685
SORBI_3010G223700	952.187169472363
SORBI_3010G223800	2131.944
SORBI_3010G223900	2483.612
SORBI_3010G224000	2688.776
SORBI_3010G224100	1320.50351284018
SORBI_3010G224200	2242.594
SORBI_3010G224300	1843.459
ENSRNA049483783	12
SORBI_3010G224400	2978.255
SORBI_3010G224501	1049.515
SORBI_3010G224600	914
SORBI_3010G224700	2973.613
SORBI_3010G224800	1266.891
SORBI_3010G224900	1544.538
SORBI_3010G225001	437.104
SORBI_3010G225100	3650.212
SORBI_3010G225125	141
SORBI_3010G225150	696.621
SORBI_3010G225175	533
SORBI_3010G225201	270.567
SORBI_3010G225226	3910.552
SORBI_3010G225251	536.794
SORBI_3010G225276	352
SORBI_3010G225300	869.865
SORBI_3010G225400	1595
SORBI_3010G225500	175
SORBI_3010G225600	3193.534
SORBI_3010G225701	6907.012
SORBI_3010G225801	397
SORBI_3010G225900	524
SORBI_3010G225950	598.666666666667
SORBI_3010G226000	3289.217
SORBI_3010G226100	1364.455
SORBI_3010G226201	362
SORBI_3010G226300	880
SORBI_3010G226400	1058.783
SORBI_3010G226500	968
SORBI_3010G226600	198
SORBI_3010G226700	552
SORBI_3010G226800	192
SORBI_3010G226901	1819.528
SORBI_3010G227000	4514.651
SORBI_3010G227100	2806.715
SORBI_3010G227150	272
SORBI_3010G227200	1009.75
SORBI_3010G227300	1547.817
SORBI_3010G227400	2172.458
SORBI_3010G227600	1086
ENSRNA049442964	26
SORBI_3010G227800	3546.69
SORBI_3010G227900	2022
SORBI_3010G227950	5084.497
ENSRNA049996814	34
SORBI_3010G228000	4148.444
SORBI_3010G228100	2064
SORBI_3010G228200	298
SORBI_3010G228300	210
SORBI_3010G228400	2211.095
SORBI_3010G228500	6806.416
SORBI_3010G228600	754.488
SORBI_3010G228700	2102.1
SORBI_3010G228800	3148
SORBI_3010G229000	6495.104
SORBI_3010G229025	526
SORBI_3010G229050	713
SORBI_3010G229075	696
SORBI_3010G229100	98
SORBI_3010G229200	51
SORBI_3010G229300	1512
SORBI_3010G229400	1561.45934792644
SORBI_3010G229450	1046.13
SORBI_3010G229500	336.951
SORBI_3010G229600	1052.199
SORBI_3010G229801	10967
SORBI_3010G230000	2515.397
SORBI_3010G230100	57
ENSRNA049483688	24
ENSRNA049483729	36
ENSRNA049483746	18
ENSRNA049483777	10
ENSRNA049483773	5
SORBI_3010G230200	1744
SORBI_3010G230300	2017.088
SORBI_3010G230400	248
SORBI_3010G230500	1342.64971882442
SORBI_3010G230600	2200.837
SORBI_3010G230700	3013.523
SORBI_3010G230800	1296
SORBI_3010G230900	1962
SORBI_3010G231000	1561
SORBI_3010G231050	800
SORBI_3010G231100	3605.238
SORBI_3010G231200	1507.006
SORBI_3010G231300	4223.35313268838
SORBI_3010G231350	102
SORBI_3010G231400	3521.95
SORBI_3010G231500	3949.199
SORBI_3010G231600	2421
SORBI_3010G231700	542.805
SORBI_3010G231800	288.4
SORBI_3010G231900	1068.311
SORBI_3010G232000	2094.488
SORBI_3010G232100	3411.80340305848
SORBI_3010G232200	2181.644
SORBI_3010G232300	983
SORBI_3010G232400	3287.286
SORBI_3010G232500	1474.47
SORBI_3010G232600	1897.425
SORBI_3010G232700	3102.224
SORBI_3010G232750	2841.975
ENSRNA049483731	1
ENSRNA049483739	4
ENSRNA049483759	18
ENSRNA049483794	35
ENSRNA049483787	35
ENSRNA049483695	6
ENSRNA049483754	3
ENSRNA049483767	34
ENSRNA049483681	49
ENSRNA049483780	35
ENSRNA049483683	10
SORBI_3010G232800	871
SORBI_3010G232900	1756.837
SORBI_3010G233000	931.056258527132
ENSRNA049483692	22.063
SORBI_3010G233100	241.153
ENSRNA049483730	35
ENSRNA049483697	2
ENSRNA049483775	4
ENSRNA049483698	2
ENSRNA049483755	21
ENSRNA049483796	35
ENSRNA049483690	6
ENSRNA049483684	33.093
SORBI_3010G233200	1357.43569999057
SORBI_3010G233300	1138
SORBI_3010G233400	1292.128
SORBI_3010G233450	4980.107
SORBI_3010G233500	1109
SORBI_3010G233600	1766.589
SORBI_3010G233700	1619.497
SORBI_3010G233800	1699.421
SORBI_3010G233900	3813
SORBI_3010G234000	1840.037
SORBI_3010G234100	1076.99195948912
SORBI_3010G234200	2487.733
SORBI_3010G234300	740.447
SORBI_3010G234400	1261
SORBI_3010G234500	1466.239
SORBI_3010G234600	310.264
SORBI_3010G234700	226.966
SORBI_3010G234800	970.762
SORBI_3010G234900	3465.984
SORBI_3010G235000	6256.517
SORBI_3010G235100	4133.02
SORBI_3010G235200	1468.499
SORBI_3010G235300	1462
SORBI_3010G235400	1583
SORBI_3010G235500	2166.073
SORBI_3010G235550	932
SORBI_3010G235600	1311.27603184293
SORBI_3010G235700	1639.836
SORBI_3010G235800	5345.55
SORBI_3010G235900	1411
SORBI_3010G236000	1555
SORBI_3010G236100	1739.7650923166
SORBI_3010G236200	4075.865
SORBI_3010G236300	2129.94
SORBI_3010G236400	2201.555
SORBI_3010G236500	662.052
SORBI_3010G236600	2889.575
SORBI_3010G236700	1513.719
SORBI_3010G236800	2368.876
SORBI_3010G236900	687.048
SORBI_3010G236950	1234
SORBI_3010G237000	187.928001654728
SORBI_3010G237100	457
SORBI_3010G237200	2409.264
SORBI_3010G237300	551
SORBI_3010G237400	987
SORBI_3010G237500	687
SORBI_3010G237650	2549.04
SORBI_3010G237800	1201.805
SORBI_3010G237900	1294.378
SORBI_3010G238000	221
SORBI_3010G238100	1795.335
SORBI_3010G238300	736
SORBI_3010G238400	899.862
SORBI_3010G238500	814
SORBI_3010G238600	801.791
SORBI_3010G238700	1821.582
SORBI_3010G238800	1399.003
SORBI_3010G238900	2333.358
SORBI_3010G239033	227
SORBI_3010G239166	910
SORBI_3010G239300	1264
SORBI_3010G239400	1381.686
SORBI_3010G239500	1125.0989834214
SORBI_3010G239600	2707.81658981566
SORBI_3010G239700	1581.8784278047
SORBI_3010G239800	2050.891
SORBI_3010G239900	1398.20806411043
SORBI_3010G240001	1800.065
SORBI_3010G240100	3453.504
SORBI_3010G240200	800
SORBI_3010G240300	1769
SORBI_3010G240400	718.244
SORBI_3010G240500	2387.72519012691
SORBI_3010G240600	322
SORBI_3010G240700	3412.813
SORBI_3010G240800	3222.74115895864
SORBI_3010G240900	1128.191
SORBI_3010G241000	817.418688303875
SORBI_3010G241100	1086
SORBI_3010G241200	1850.245
SORBI_3010G241300	659.805
SORBI_3010G241400	2111
SORBI_3010G241450	1852
SORBI_3010G241500	3283.652
SORBI_3010G241600	1013.87156858993
SORBI_3010G241700	2802
SORBI_3010G241800	987.5
SORBI_3010G241900	3163
SORBI_3010G242000	2094.575
SORBI_3010G242100	2384.466
SORBI_3010G242200	2408.786
SORBI_3010G242300	4178.236
SORBI_3010G242400	1499.12928110548
SORBI_3010G242500	3379.572
SORBI_3010G242600	976
SORBI_3010G242700	313
SORBI_3010G242800	4503.66666666667
SORBI_3010G242900	2330.64876555109
SORBI_3010G243000	1260.22
SORBI_3010G243100	1002.33333333333
SORBI_3010G243200	1513.075
SORBI_3010G243300	1785.583
SORBI_3010G243400	2724.33118060156
SORBI_3010G243600	330.427
SORBI_3010G243700	319.588
SORBI_3010G243800	3131.228
SORBI_3010G243900	2068.02630257246
SORBI_3010G244000	1911.549
SORBI_3010G244100	2477.874
SORBI_3010G244150	248
SORBI_3010G244200	618
SORBI_3010G244300	678
SORBI_3010G244400	1633.405
SORBI_3010G244500	3130.974
SORBI_3010G244600	2563.757
SORBI_3010G244701	814
SORBI_3010G244800	826.479
SORBI_3010G244900	2456.52367544572
SORBI_3010G245000	1028.299
SORBI_3010G245100	2738.135
SORBI_3010G245200	859.722
SORBI_3010G245300	793
SORBI_3010G245400	1183
SORBI_3010G245500	1272.941
SORBI_3010G245601	703
SORBI_3010G245701	646
SORBI_3010G245800	2168.046
SORBI_3010G245900	1161.414
SORBI_3010G246000	6269.55559003887
SORBI_3010G246066	902
SORBI_3010G246132	1248.101
SORBI_3010G246200	762.285
SORBI_3010G246300	1829.062
SORBI_3010G246400	1209.061
SORBI_3010G246500	1502
SORBI_3010G246600	1715.319
SORBI_3010G246650	947
SORBI_3010G246700	1675.925
SORBI_3010G246800	568
SORBI_3010G246900	1420.33333333333
SORBI_3010G247000	1966
SORBI_3010G247100	289
SORBI_3010G247200	1767.085
SORBI_3010G247300	913
SORBI_3010G247400	1284.35
SORBI_3010G247500	1389.747
SORBI_3010G247600	1544.383
SORBI_3010G247700	1075
SORBI_3010G247800	5527.59
SORBI_3010G247750	1072
SORBI_3010G247900	370.118
SORBI_3010G248000	434.828
SORBI_3010G248100	1756.324
SORBI_3010G248150	858
SORBI_3010G248200	2340.68
SORBI_3010G248301	3192.308
SORBI_3010G248400	3820
SORBI_3010G248500	2683
SORBI_3010G248600	1195.803
SORBI_3010G248700	4386.254
SORBI_3010G248800	1259.466
SORBI_3010G248900	4895.971
SORBI_3010G249000	3748.809
SORBI_3010G249100	2309.006
SORBI_3010G249200	857.972
SORBI_3010G249300	1233.142
SORBI_3010G249400	1390
SORBI_3010G249500	2741.12
SORBI_3010G249600	1514.412
SORBI_3010G249700	1566.337
SORBI_3010G249800	1321
SORBI_3010G249900	4630.046
SORBI_3010G250000	2688.869
SORBI_3010G250100	1263.069
SORBI_3010G250200	3571.404
SORBI_3010G250300	1254.539
SORBI_3010G250400	3683.127
SORBI_3010G250500	1036.804
SORBI_3010G250600	790.752
SORBI_3010G250700	1208
ENSRNA049483763	28
SORBI_3010G250800	1691.04281730949
SORBI_3010G250900	3473.128
SORBI_3010G251000	4101.361
SORBI_3010G251100	1725.248
SORBI_3010G251200	1806.08738568689
SORBI_3010G251300	6135.85
SORBI_3010G251400	6247.312
SORBI_3010G251501	936
SORBI_3010G251600	444.197
SORBI_3010G251700	2061
SORBI_3010G251800	664
SORBI_3010G251900	3659.694
SORBI_3010G252000	1457.823
SORBI_3010G252100	1605
SORBI_3010G252200	1381.321
SORBI_3010G252301	460
SORBI_3010G252401	277
SORBI_3010G252500	1324.07
SORBI_3010G252550	715
SORBI_3010G252600	3999.622
SORBI_3010G252700	3231.27
SORBI_3010G252800	559
SORBI_3010G252900	2650.5344946805
SORBI_3010G253000	1018.41118340444
SORBI_3010G253100	1055.811
SORBI_3010G253200	3899.58
SORBI_3010G253250	754
SORBI_3010G253300	4151.20602826082
SORBI_3010G253400	653.556
SORBI_3010G253500	1702.88327835019
SORBI_3010G253600	1297
SORBI_3010G253700	933.533
SORBI_3010G253800	1323.43
SORBI_3010G253901	691.153
SORBI_3010G254000	2044
SORBI_3010G254100	1298
SORBI_3010G254200	1884.57550352767
SORBI_3010G254300	2912.715
SORBI_3010G254401	625
SORBI_3010G254500	568.723
SORBI_3010G254801	2139.052
SORBI_3010G254700	1528
SORBI_3010G254900	1858.022
SORBI_3010G255000	3118
SORBI_3010G255100	1164.57835536679
SORBI_3010G255200	873
SORBI_3010G255300	1587.51979458536
SORBI_3010G255400	4057.27010580693
SORBI_3010G255500	474.762
SORBI_3010G255600	1003.959
SORBI_3010G255700	1720.622
SORBI_3010G255800	1430.108
SORBI_3010G255900	831.987
SORBI_3010G256000	1771.024
SORBI_3010G256100	823
SORBI_3010G256200	676.624496621246
SORBI_3010G256300	437
SORBI_3010G256400	2502
SORBI_3010G256433	400.431
SORBI_3010G256466	517.814
SORBI_3010G256500	1219
SORBI_3010G256600	1444.1447874505
SORBI_3010G256700	1835.88549847405
SORBI_3010G256800	1100.416
SORBI_3010G256866	4989.429
SORBI_3010G256932	917.979
SORBI_3010G257000	1248.124
SORBI_3010G257100	2440.225
SORBI_3010G257300	1328.25269704363
SORBI_3010G257200	377
SORBI_3010G257400	1047.893
SORBI_3010G257500	1454.742
SORBI_3010G257600	276.011
SORBI_3010G257700	1157.996
SORBI_3010G257800	881
SORBI_3010G257900	809
SORBI_3010G258000	355.434
SORBI_3010G258100	626.881324472135
SORBI_3010G258200	28
SORBI_3010G258300	1878.7086781604
SORBI_3010G258400	532
SORBI_3010G258500	1825.956
SORBI_3010G258600	1064.992
SORBI_3010G258700	590.144
SORBI_3010G258800	1289.38561363644
SORBI_3010G258900	838
SORBI_3010G259001	81
SORBI_3010G259100	1976.023
SORBI_3010G259200	1278.494
SORBI_3010G259233	1150.861
SORBI_3010G259266	76
SORBI_3010G259300	1066.155
SORBI_3010G259400	496
SORBI_3010G259500	1274.85
SORBI_3010G259600	3802.456
SORBI_3010G259700	2014.168
SORBI_3010G259800	1726
ENSRNA049483720	2
ENSRNA049483752	35
ENSRNA049483706	3
SORBI_3010G259900	798.13
ENSRNA049483710	1
ENSRNA049483749	1
ENSRNA049483713	1
ENSRNA049483719	1
SORBI_3010G260000	1669.32161430689
SORBI_3010G260100	638.253
ENSRNA049483717	1
ENSRNA049483744	1
ENSRNA049483727	1
ENSRNA049483723	2
ENSRNA049483725	2
SORBI_3010G260200	494.18
SORBI_3010G260300	2350.531
SORBI_3010G260400	2582.406
SORBI_3010G260500	1666.671
SORBI_3010G260600	2212.144
SORBI_3010G260700	3159.296
SORBI_3010G260800	2013.80757436557
SORBI_3010G260900	841.845
SORBI_3010G261000	448
SORBI_3010G261100	720.935
SORBI_3010G261200	915.5
SORBI_3010G261300	4698.16740265504
SORBI_3010G261400	1257.65
SORBI_3010G261500	2373.78
SORBI_3010G261600	2124.512
SORBI_3010G261700	2308.496
SORBI_3010G261800	1344.093
SORBI_3010G261900	2987
SORBI_3010G262000	1156.066
SORBI_3010G262100	1962.737
SORBI_3010G262200	956.799
SORBI_3010G262300	1421.272
SORBI_3010G262400	827.398
SORBI_3010G262433	628.106
SORBI_3010G262466	508.611
SORBI_3010G262500	1691.835
SORBI_3010G262550	119
SORBI_3010G262600	334
SORBI_3010G262650	883
SORBI_3010G262700	723
SORBI_3010G262800	1424.52137764134
SORBI_3010G262900	1401.585
SORBI_3010G262950	1709
SORBI_3010G263001	436.868
SORBI_3010G263051	298
SORBI_3010G263101	550
SORBI_3010G263151	591
SORBI_3010G263200	1029
SORBI_3010G263300	1003
SORBI_3010G263400	1858
SORBI_3010G263500	1663
SORBI_3010G263600	2769.818
SORBI_3010G263700	2037.705
SORBI_3010G263800	1573.47288398429
SORBI_3010G263900	1989.311
SORBI_3010G263950	3356
SORBI_3010G264000	1957.752
SORBI_3010G264100	16767.508
SORBI_3010G264150	1046
SORBI_3010G264200	1907.825
SORBI_3010G264300	883.999
SORBI_3010G264400	1885.28
SORBI_3010G264450	434
SORBI_3010G264500	161
SORBI_3010G264601	692
SORBI_3010G264700	5632.83
ENSRNA049996808	48
SORBI_3010G265300	1749.73480422296
SORBI_3010G265400	469
SORBI_3010G265500	270.455
SORBI_3010G265600	1364.868
SORBI_3010G265700	7483.102
SORBI_3010G265800	1573.636
SORBI_3010G265900	1268.018
SORBI_3010G266000	3237.008
SORBI_3010G266100	2320
SORBI_3010G266200	1222.653
SORBI_3010G266300	925.967
SORBI_3010G266400	751
SORBI_3010G266500	1597.3200440877
SORBI_3010G266600	1205
SORBI_3010G266700	510.247
SORBI_3010G266800	1559.437
SORBI_3010G266900	2192.73445776943
SORBI_3010G267000	507.234
SORBI_3010G267100	1977.842
SORBI_3010G267200	3673.067
SORBI_3010G267300	907.582
SORBI_3010G267400	2786.964
SORBI_3010G267500	3766.81
SORBI_3010G267450	664
SORBI_3010G267600	945.144
SORBI_3010G267650	2896.798
SORBI_3010G267700	2644.687
SORBI_3010G267900	239.157
SORBI_3010G268001	91.455
SORBI_3010G268100	1466.554503219
SORBI_3010G268200	1466.508
SORBI_3010G268300	3317.597
SORBI_3010G268400	1610.872
SORBI_3010G268500	2155
SORBI_3010G268600	382
SORBI_3010G268700	1021
SORBI_3010G268800	624.548
SORBI_3010G268900	643
SORBI_3010G269000	2547.663
SORBI_3010G269100	1367.756
SORBI_3010G269200	1571.46401970147
SORBI_3010G269300	1476.968
SORBI_3010G269400	1992.646
SORBI_3010G269500	1878.98
SORBI_3010G269600	1376.79215934078
SORBI_3010G269700	1181.566
SORBI_3010G269800	7454.681
SORBI_3010G269950	1852
SORBI_3010G264900	2288.71154454038
SORBI_3010G270100	1904.28960600727
SORBI_3010G265100	243
SORBI_3010G267651	586
SORBI_3010G270200	676.316
SORBI_3010G270300	1770.413
SORBI_3010G270500	5928.273
SORBI_3010G270700	1494.38718639694
SORBI_3010G270800	1480
SORBI_3010G270900	1357.5
SORBI_3010G271000	1679
SORBI_3010G271100	3020.25137588418
SORBI_3010G271200	1015
SORBI_3010G271300	1453
SORBI_3010G271400	712
SORBI_3010G271501	2564.908
SORBI_3010G271600	1446
SORBI_3010G271700	1533.952
SORBI_3010G271800	1230
SORBI_3010G271901	1081
SORBI_3010G272000	3180.145
SORBI_3010G272101	1396.58084116616
SORBI_3010G272200	1068.32
SORBI_3010G272300	1505.89453099354
SORBI_3010G272400	1108
SORBI_3010G272501	1677.793
SORBI_3010G272600	571
SORBI_3010G272700	2155
SORBI_3010G272800	2340.69771403247
SORBI_3010G272900	160
SORBI_3010G273000	3888.333
SORBI_3010G273100	2263
SORBI_3010G273200	1178
SORBI_3010G273300	3606.761
SORBI_3010G273400	4062.28
SORBI_3010G273500	1027
SORBI_3010G273600	1033
SORBI_3010G273700	1876.898
SORBI_3010G273800	2466.56908934674
SORBI_3010G273900	3381.53728280513
SORBI_3010G274000	2543.481
SORBI_3010G274100	2345.5
SORBI_3010G274200	334
SORBI_3010G274300	406
SORBI_3010G274400	1828
SORBI_3010G274500	2593.146
SORBI_3010G274600	2048.561
SORBI_3010G274700	2862.088
SORBI_3010G274800	1988.642
SORBI_3010G274900	1749.976
SORBI_3010G275001	1507.782
SORBI_3010G275100	905.54
SORBI_3010G275150	1630.969
SORBI_3010G275200	482.685
SORBI_3010G275300	2906
SORBI_3010G275400	1971.37
SORBI_3010G275500	4903.241
SORBI_3010G275550	421
SORBI_3010G275600	4308
SORBI_3010G275700	4704.328
SORBI_3010G275800	6893.309
SORBI_3010G276000	2997.172
SORBI_3010G276100	2057.157
SORBI_3010G276200	2284
SORBI_3010G276301	2387
SORBI_3010G276400	1766.74924348517
SORBI_3010G276500	1366
SORBI_3010G276600	3248.359
SORBI_3010G276700	2467.839
SORBI_3010G276800	3997.811
SORBI_3010G276850	379.453
SORBI_3010G276900	2228.448
SORBI_3010G277000	1742.312
SORBI_3010G277100	2329.419
SORBI_3010G277200	2424.927
ENSRNA049443062	25
SORBI_3010G277300	2039.327
SORBI_3010G277400	661
SORBI_3010G277500	5460.75638952815
SORBI_3010G277550	198.354
SORBI_3010G277600	1350.778
SORBI_3010G277700	2662.5736771556
SORBI_3010G277800	1844.63
SORBI_3010G277900	1661.9965780259
SORBI_3010G278000	3000.754
SORBI_3010G278100	855.951
SORBI_3010G278200	5387.577
SORBI_3010G278300	2810.003
SORBI_3010G278400	1791.642
SORBI_3010G278500	2094.52494885486
SORBI_3010G278600	3068.263
SORBI_3010G278700	1797.124
SORBI_3010G278800	1413.13480472555
SORBI_3010G278900	1162
SORBI_3010G279000	825.698
SORBI_3010G279100	2687.627
SORBI_3010G279200	693.77
ENSRNA049443052	25
SORBI_3010G279300	2187.188
SORBI_3010G279450	6164.989
SORBI_3010G279600	752
SORBI_3010G279700	2174.011
SORBI_3010G279800	3841.1062537199
SORBI_3010G279900	3322.254
SORBI_3010G280000	730
SORBI_3010G280100	1139.802
SORBI_3002G000200	1210.788
SORBI_3002G000300	1268.682
SORBI_3002G000350	467
SORBI_3002G000400	2368.801
SORBI_3002G000500	1994.375
SORBI_3002G000600	1949.607
SORBI_3002G000700	2238.364
SORBI_3002G000800	1588
SORBI_3002G000900	322
SORBI_3002G001000	1744.68056499402
SORBI_3002G001100	6371.426
SORBI_3002G001200	1030
SORBI_3002G001300	1969
SORBI_3002G001400	1788.738
SORBI_3002G001500	3467.987
SORBI_3002G001600	1973.409
ENSRNA049996800	41
SORBI_3002G001700	6397.341
SORBI_3002G001800	3304.167
SORBI_3002G001900	1950.412
SORBI_3002G002000	1101.512
SORBI_3002G002100	1476.196
SORBI_3002G002200	2397.023
SORBI_3002G002300	2571.605
SORBI_3002G002400	2993.69
SORBI_3002G002500	1039.59
SORBI_3002G002600	1804
SORBI_3002G002700	3440.536
SORBI_3002G002800	4615.644
SORBI_3002G002900	860
SORBI_3002G003000	1478.379
SORBI_3002G003100	4260
SORBI_3002G003200	1387
SORBI_3002G003300	2038.04484367425
SORBI_3002G003400	1302
SORBI_3002G003500	1423.072
SORBI_3002G003601	2811
SORBI_3002G003700	1624
SORBI_3002G003800	805.394
SORBI_3002G003900	2316
SORBI_3002G004000	761.892
SORBI_3002G004100	2600.117
SORBI_3002G004200	3824
SORBI_3002G004300	2400
SORBI_3002G004400	2011
SORBI_3002G004500	2019
SORBI_3002G004600	3213.203
SORBI_3002G004700	1425.556
SORBI_3002G004800	6366.196
SORBI_3002G004900	2177.469
SORBI_3002G005000	2092.399
SORBI_3002G005100	965.779
SORBI_3002G005200	682.588
SORBI_3002G005300	2029.952
SORBI_3002G005400	1134.326
SORBI_3002G005500	322
SORBI_3002G005600	3232.092
SORBI_3002G005700	2312.342
SORBI_3002G005800	3771.042
SORBI_3002G006001	4188.484
SORBI_3002G005900	1655
SORBI_3002G006100	2563.686
SORBI_3002G006200	938
SORBI_3002G006300	2458.031
SORBI_3002G006401	1761.85
SORBI_3002G006500	1576
SORBI_3002G006600	1629.91369701841
SORBI_3002G006700	962
SORBI_3002G006801	2098
SORBI_3002G006900	2988.84614278204
SORBI_3002G007000	1160.489
SORBI_3002G007100	434.56175792365
SORBI_3002G007200	1096.123
SORBI_3002G007250	661
SORBI_3002G007300	1741
SORBI_3002G007400	1323
SORBI_3002G007500	1303
SORBI_3002G007600	803
SORBI_3002G007700	1624
SORBI_3002G007800	2448.424
SORBI_3002G007900	451
SORBI_3002G008000	1147
SORBI_3002G008100	1399.872
SORBI_3002G008200	1136.615
SORBI_3002G008300	1352.661
SORBI_3002G008400	1117
SORBI_3002G008500	2203.261
SORBI_3002G008600	3058.005
SORBI_3002G008701	7605.82
SORBI_3002G008800	3513.06
SORBI_3002G008900	5686.955
SORBI_3002G009000	1125
SORBI_3002G009100	772
SORBI_3002G009200	2053.059
SORBI_3002G009300	3146.735
SORBI_3002G009401	929.259
SORBI_3002G009500	1369.781
SORBI_3002G009600	1262.648
SORBI_3002G009700	1426.37146713437
SORBI_3002G009800	2411.339
SORBI_3002G009900	1776.52
ENSRNA049442577	25
SORBI_3002G010000	1639.825
SORBI_3002G010100	1469.071
SORBI_3002G010150	1086
SORBI_3002G010200	590.491
SORBI_3002G010300	1519.376
SORBI_3002G010400	1527.153
SORBI_3002G010500	1246
SORBI_3002G010600	357
SORBI_3002G010700	1099.692
SORBI_3002G010800	3592.28838212323
SORBI_3002G010900	4173.145
SORBI_3002G011000	2025
SORBI_3002G011100	5060.018
SORBI_3002G011200	2734
SORBI_3002G011300	1058
SORBI_3002G011400	1857
SORBI_3002G011500	1255
SORBI_3002G011600	1339
SORBI_3002G011700	1129.553
SORBI_3002G011800	5726.79
SORBI_3002G011900	1867.69
SORBI_3002G012000	2938
SORBI_3002G012100	832
SORBI_3002G012200	1577
SORBI_3002G012300	734
SORBI_3002G012350	496
SORBI_3002G012400	1676.806
SORBI_3002G012500	568
SORBI_3002G012600	158
SORBI_3002G012650	322
SORBI_3002G012700	4428.377
SORBI_3002G012800	1267.844
SORBI_3002G012900	271
SORBI_3002G013000	613
SORBI_3002G013200	3437
SORBI_3002G013300	489.57
SORBI_3002G013400	2938.156
SORBI_3002G013500	658.183
SORBI_3002G013550	178
SORBI_3002G013600	1496.903
SORBI_3002G013700	1832.853
SORBI_3002G013800	7028
SORBI_3002G013850	562
SORBI_3002G013900	838.584
SORBI_3002G013966	327.832
SORBI_3002G014032	898
SORBI_3002G014100	1244
SORBI_3002G014200	1880.913
SORBI_3002G014250	460
SORBI_3002G014300	1858
SORBI_3002G014400	1834.925
SORBI_3002G014500	1644.268
SORBI_3002G014600	1957.169
SORBI_3002G014700	1730.819
SORBI_3002G014800	959.730631440816
SORBI_3002G014900	1405
SORBI_3002G015000	1045
SORBI_3002G015100	697
SORBI_3002G015200	1450
SORBI_3002G015266	2152
SORBI_3002G015332	579.468
SORBI_3002G015400	1553
SORBI_3002G015500	1707
SORBI_3002G015600	1045
SORBI_3002G015700	1235.5
SORBI_3002G015800	3245.484
SORBI_3002G015900	718
SORBI_3002G015950	289
SORBI_3002G016000	1020
SORBI_3002G016100	1391.293
SORBI_3002G016200	2156.54142656648
SORBI_3002G016250	523
SORBI_3002G016300	1206.518
SORBI_3002G016400	1823.195
SORBI_3002G016500	1606.183
SORBI_3002G016600	1410.535
SORBI_3002G016700	1168
SORBI_3002G016800	1537
SORBI_3002G016900	8272.492
SORBI_3002G017000	784
SORBI_3002G017100	1015
SORBI_3002G017201	470.93
SORBI_3002G017300	3083
SORBI_3002G017400	2283
SORBI_3002G017500	2062.357
SORBI_3002G017600	3037.537
SORBI_3002G017700	2224.774
SORBI_3002G017750	576.337
SORBI_3002G017800	2294.304
SORBI_3002G017900	1655.338
SORBI_3002G018000	3039
SORBI_3002G018100	1629
SORBI_3002G018133	2533
SORBI_3002G018166	2774
SORBI_3002G018200	526
SORBI_3002G018250	1192
SORBI_3002G018300	1969.89943811372
SORBI_3002G018400	1965
SORBI_3002G018500	361
SORBI_3002G018600	1210.423
SORBI_3002G018700	997
SORBI_3002G018800	1453
SORBI_3002G018901	1249.356
SORBI_3002G019000	1718
SORBI_3002G019100	1510
SORBI_3002G019200	1408
SORBI_3002G019300	667
SORBI_3002G019400	654.677
SORBI_3002G019500	1163.949
SORBI_3002G019600	4880.201
SORBI_3002G019750	1098
SORBI_3002G019900	1440
SORBI_3002G020000	1588
SORBI_3002G020100	1413.56
SORBI_3002G020200	1948.95
SORBI_3002G020301	133
SORBI_3002G020400	1139.39
SORBI_3002G020500	2004.419
ENSRNA049996789	6
SORBI_3002G020600	2827.58044274923
ENSRNA049441289	27
SORBI_3002G020700	2707.094
SORBI_3002G020800	1477.955
SORBI_3002G020900	1067.933
SORBI_3002G020950	340
SORBI_3002G021000	875.386
SORBI_3002G021066	363.444
SORBI_3002G021132	799.182
SORBI_3002G021200	3540.561
SORBI_3002G021300	450.935
ENSRNA049471543	36
SORBI_3002G021500	1330
SORBI_3002G021600	1646.154
SORBI_3002G021700	1496.118
SORBI_3002G021900	3353.281
SORBI_3002G022000	1333
SORBI_3002G022100	997
SORBI_3002G022200	1529.68742928983
SORBI_3002G022300	2207.354
SORBI_3002G022400	4053.485
SORBI_3002G022500	1202
SORBI_3002G022600	1876.66666666667
SORBI_3002G022700	2352
SORBI_3002G022800	2117.515
SORBI_3002G022900	1798.52018480563
SORBI_3002G023000	2741.636
SORBI_3002G023100	920.146
SORBI_3002G023200	976.637
SORBI_3002G023300	644.315
SORBI_3002G023400	2736
SORBI_3002G023500	2608
SORBI_3002G023600	2455.062
SORBI_3002G023700	2959
SORBI_3002G023900	1358.382
SORBI_3002G024000	2307.1
SORBI_3002G024100	2855.686
SORBI_3002G024200	2084.335
SORBI_3002G024300	1608
SORBI_3002G024400	1979.555
SORBI_3002G024500	1156
SORBI_3002G024650	505
SORBI_3002G024800	2736
SORBI_3002G025000	2276.671
SORBI_3002G025100	1810
SORBI_3002G025200	4135
SORBI_3002G025300	1954
SORBI_3002G025400	2702
SORBI_3002G025500	3160
SORBI_3002G025600	438
SORBI_3002G025700	2187.347
SORBI_3002G025900	352
SORBI_3002G026000	62
SORBI_3002G026100	2254.22
SORBI_3002G026150	450.552
SORBI_3002G026200	1640.309
SORBI_3002G026300	3541.191
SORBI_3002G026500	1447
SORBI_3002G026600	1307
SORBI_3002G026700	724
SORBI_3002G026800	817
SORBI_3002G026900	804
SORBI_3002G027100	739
SORBI_3002G027166	1988.027
SORBI_3002G027232	3320
SORBI_3002G027300	749
SORBI_3002G027401	520
SORBI_3002G027500	2503.274
ENSRNA049441327	27
SORBI_3002G027600	3715.51
SORBI_3002G027700	1880.583
SORBI_3002G027800	1205.98968348905
SORBI_3002G027901	1016
SORBI_3002G028000	260
SORBI_3002G028100	463
SORBI_3002G028201	1009
SORBI_3002G028300	580
SORBI_3002G028400	1491.366
SORBI_3002G028500	628
SORBI_3002G028566	706
SORBI_3002G028632	2365
SORBI_3002G028700	1736.16866420404
SORBI_3002G028800	3850.171
SORBI_3002G028901	1070
SORBI_3002G029000	1732
SORBI_3002G029100	4818.2
SORBI_3002G029200	1405
SORBI_3002G029300	1680.044
SORBI_3002G029400	1120
SORBI_3002G029500	1846
SORBI_3002G029600	1200.084
SORBI_3002G029700	694
SORBI_3002G029900	10758.329
SORBI_3002G029800	1949.295
ENSRNA049471625	21
ENSRNA049471443	36
SORBI_3002G030001	1292.958
ENSRNA049471447	35
ENSRNA049471439	35
SORBI_3002G030100	595
SORBI_3002G030200	991.567
SORBI_3002G030300	950.046
SORBI_3002G030400	2786.441
SORBI_3002G030500	1316.406151008
SORBI_3002G030575	1572
SORBI_3002G030650	2232
SORBI_3002G030725	889
SORBI_3002G030800	364
SORBI_3002G030900	1397.888
SORBI_3002G031000	1081
ENSRNA049442567	27
SORBI_3002G031100	5763.44671442623
SORBI_3002G031200	421
SORBI_3002G031301	659
SORBI_3002G031400	1698.92331747168
SORBI_3002G031500	2301.42036945014
ENSRNA049996783	2
SORBI_3002G031600	769.476023651435
SORBI_3002G031700	1841.73682644414
SORBI_3002G031800	2285
SORBI_3002G031900	1969.977
SORBI_3002G032000	461.087
SORBI_3002G032033	2386
SORBI_3002G032066	427.744
SORBI_3002G032100	1768
SORBI_3002G032200	347.448
SORBI_3002G032400	1454
SORBI_3002G032500	4170.199
SORBI_3002G032700	719.464
SORBI_3002G032800	3415.736
SORBI_3002G032900	968.555
SORBI_3002G033000	1345
SORBI_3002G033100	1498
SORBI_3002G033200	1609.385
SORBI_3002G033300	2717.717
SORBI_3002G033400	1374.838
SORBI_3002G033500	7290.631
SORBI_3002G033550	98
SORBI_3002G033600	2301.199
SORBI_3002G033700	6726.354
SORBI_3002G033800	841.292
SORBI_3002G033900	10254.745
SORBI_3002G034100	2882.177
SORBI_3002G034200	1023
SORBI_3002G034301	1287.029
SORBI_3002G034400	1296.229
SORBI_3002G034500	4680.885
SORBI_3002G034600	3204.95480190862
SORBI_3002G034700	1156.155
SORBI_3002G034750	160
SORBI_3002G034800	130
SORBI_3002G034900	2596
SORBI_3002G035000	987
SORBI_3002G035100	758.5
SORBI_3002G035200	2394.202
SORBI_3002G035300	5697.243
SORBI_3002G035400	1025.684
SORBI_3002G035500	4957.78
SORBI_3002G035600	3587.764
SORBI_3002G035700	722.479
SORBI_3002G035733	744
SORBI_3002G035766	334
SORBI_3002G035800	1171.903
SORBI_3002G035900	1820.18313328501
SORBI_3002G036000	1038.64057508785
SORBI_3002G036100	571.647
SORBI_3002G036150	909.36
SORBI_3002G036200	517
SORBI_3002G036300	1574.953
SORBI_3002G036400	2472.127
SORBI_3002G036500	810
SORBI_3002G036600	622
SORBI_3002G036800	499
SORBI_3002G036850	1777
SORBI_3002G036900	877
SORBI_3002G037000	352
SORBI_3002G037200	2272.189
SORBI_3002G037300	858
SORBI_3002G037400	870.834
SORBI_3002G037600	106
SORBI_3002G037700	4072.317
SORBI_3002G037800	597.641
SORBI_3002G037900	699.619
SORBI_3002G038000	260
SORBI_3002G038200	2122.554
SORBI_3002G038300	1091.822
SORBI_3002G038400	197.365
SORBI_3002G038500	1939
SORBI_3002G038600	2353.791
SORBI_3002G038733	161
SORBI_3002G038866	1454.662
SORBI_3002G039000	1107.278
SORBI_3002G039100	1534.338
SORBI_3002G039200	3006.188
SORBI_3002G039301	619
SORBI_3002G039400	957
SORBI_3002G039500	985.474
SORBI_3002G039600	535.302
SORBI_3002G039800	9255.683
SORBI_3002G039700	1255
SORBI_3002G039900	3044
SORBI_3002G040100	5100.877
SORBI_3002G040201	1180
SORBI_3002G040300	759.147
SORBI_3002G040400	1899
SORBI_3002G040500	1459
SORBI_3002G040550	505
SORBI_3002G040600	1895.637
SORBI_3002G040700	1925.212
SORBI_3002G040800	2081.344
SORBI_3002G040900	656.056
SORBI_3002G041000	776.694
SORBI_3002G041100	1425.1052055815
SORBI_3002G041150	588
SORBI_3002G041200	1158.434
SORBI_3002G041300	2765.614
SORBI_3002G041333	424
SORBI_3002G041366	230
SORBI_3002G041400	1775.149
SORBI_3002G041533	1475.016
SORBI_3002G041666	4390.399
SORBI_3002G041800	2143.402
SORBI_3002G041900	2916.634
SORBI_3002G042000	1265.117
SORBI_3002G042100	307.346
SORBI_3002G042200	1397.658
SORBI_3002G042300	1744.076
SORBI_3002G042400	1612.411
SORBI_3002G042500	2960.11298468918
SORBI_3002G042600	3676.53319880993
SORBI_3002G042700	22
SORBI_3002G042800	1658.316
SORBI_3002G042900	1440.127
SORBI_3002G043000	2993.479
SORBI_3002G043100	2815.15
SORBI_3002G043201	1555.545
SORBI_3002G043300	926.53
SORBI_3002G043400	1756.31802572401
SORBI_3002G043500	4212.565
SORBI_3002G043600	1849.833
SORBI_3002G043700	1520.443
SORBI_3002G043800	5420.863
SORBI_3002G043900	31
SORBI_3002G044000	875.099
ENSRNA049471516	34
ENSRNA049471490	33
ENSRNA049471601	34
SORBI_3002G044100	610.318
SORBI_3002G044200	1503
SORBI_3002G044300	277
ENSRNA049471574	34
SORBI_3002G044400	623.529
SORBI_3002G044500	104
SORBI_3002G044600	1096.897
SORBI_3002G044700	1722.5
SORBI_3002G044800	1441
SORBI_3002G044900	892.106
SORBI_3002G045000	979.539
SORBI_3002G045100	2521.96
SORBI_3002G045200	4072.981
SORBI_3002G045300	1052.614
SORBI_3002G045400	1634.1836998134
SORBI_3002G045600	4228.052
SORBI_3002G045700	3165.357
SORBI_3002G045800	2069.884
SORBI_3002G045850	295
SORBI_3002G045900	741.664
ENSRNA049471473	34
ENSRNA049471462	35
ENSRNA049471594	36
SORBI_3002G046000	297.906
SORBI_3002G046100	2926.052
SORBI_3002G046150	630
SORBI_3002G046200	615
SORBI_3002G046300	2472.789
SORBI_3002G046400	2847.664
SORBI_3002G046500	988
SORBI_3002G046600	1570
SORBI_3002G046700	217.339
SORBI_3002G046800	1668.443
SORBI_3002G046900	1037.619
SORBI_3002G047000	2270.156
SORBI_3002G047100	858
SORBI_3002G047300	161
SORBI_3002G047333	78
SORBI_3002G047366	591
SORBI_3002G047400	1394.17
SORBI_3002G047500	948.393
SORBI_3002G047600	1956.365
SORBI_3002G047700	3257.273
SORBI_3002G047800	609
SORBI_3002G047900	593
SORBI_3002G048001	4351.457
SORBI_3002G048100	1259
SORBI_3002G048200	2012.817
SORBI_3002G048250	559
SORBI_3002G048300	230
SORBI_3002G048501	841.742
SORBI_3002G048700	2136.73775863452
SORBI_3002G048800	1520.955
SORBI_3002G048900	882.936
SORBI_3002G049000	1725.168
SORBI_3002G049200	6437.281
SORBI_3002G049300	630.757
SORBI_3002G049400	491
SORBI_3002G049500	574
SORBI_3002G049600	1226.19
SORBI_3002G049700	2690.606
SORBI_3002G049750	972
SORBI_3002G049800	2737
SORBI_3002G049900	701
SORBI_3002G050000	1333.5
SORBI_3002G050100	885
SORBI_3002G050200	814.724867474009
SORBI_3002G050300	800.865
SORBI_3002G050400	1194.16
SORBI_3002G050450	600
ENSRNA049441438	26
SORBI_3002G050500	3363.58
SORBI_3002G050600	2032.215
SORBI_3002G050700	2710.132
SORBI_3002G050900	1265.78376720387
ENSRNA049442539	26
SORBI_3002G051000	2354.384
SORBI_3002G051100	582.724238404306
SORBI_3002G051200	3014.268
SORBI_3002G051300	1511.465
SORBI_3002G051400	1601.065
SORBI_3002G051450	380.988
SORBI_3002G051500	2588.997
SORBI_3002G051600	3539.538
SORBI_3002G051700	1246.731
SORBI_3002G051750	3058.149
SORBI_3002G051800	3490.669
SORBI_3002G051900	3180.5
SORBI_3002G052000	617.816
SORBI_3002G052100	1234.245
SORBI_3002G052300	1462
SORBI_3002G052400	1316.313
SORBI_3002G052500	723.115
SORBI_3002G052600	1576.11
ENSRNA049996771	25
SORBI_3002G052700	2817.712
SORBI_3002G052800	2498.359
SORBI_3002G052900	1018.363
SORBI_3002G053000	3447.324
SORBI_3002G053100	1738
SORBI_3002G053201	209
SORBI_3002G053200	1501.89547228104
SORBI_3002G053300	1435
SORBI_3002G053350	2025.8885071644
SORBI_3002G053500	502
SORBI_3002G053600	1286.846
SORBI_3002G053700	1110.088
SORBI_3002G053800	1852.5
SORBI_3002G053900	820
SORBI_3002G054000	951.684142502702
SORBI_3002G054100	1584.4
SORBI_3002G054200	3709.92
SORBI_3002G054300	2160.024
SORBI_3002G054400	2070.782
SORBI_3002G054500	1279.492
SORBI_3002G054600	574.91058526931
SORBI_3002G054700	805.013
SORBI_3002G054800	1654.971
SORBI_3002G054901	297.823
SORBI_3002G055000	1020.086
SORBI_3002G055100	593.982
SORBI_3002G055200	3406.413
ENSRNA049471537	1
ENSRNA049471531	2
SORBI_3002G055300	4531.259
SORBI_3002G055400	5249.7927649347
SORBI_3002G055500	1436
SORBI_3002G055600	1566.971
SORBI_3002G055700	1616.277
SORBI_3002G055800	721.205
SORBI_3002G055900	722.188
SORBI_3002G056000	3991.84560266962
SORBI_3002G056100	3177.757
SORBI_3002G056200	589.592
SORBI_3002G056300	766.599
SORBI_3002G056400	2802.088
SORBI_3002G056500	3338.16440966702
SORBI_3002G056600	4716.7
SORBI_3002G056701	465.858
SORBI_3002G056800	5949.894
SORBI_3002G056900	2797.708
SORBI_3002G057050	3163.272
SORBI_3002G057200	292
SORBI_3002G057300	529.14
SORBI_3002G057400	1729.651
SORBI_3002G057500	778.22
SORBI_3002G057550	459
SORBI_3002G057600	968.511
SORBI_3002G057700	219
SORBI_3002G057800	773
SORBI_3002G057900	725.362
SORBI_3002G058000	508
SORBI_3002G058100	574
SORBI_3002G058200	1131
SORBI_3002G058300	1277.774
SORBI_3002G058400	3927.373
SORBI_3002G058500	2568.98
SORBI_3002G058600	1020.334
SORBI_3002G058700	6902.524
SORBI_3002G058900	1685
SORBI_3002G059000	1555.273
SORBI_3002G059100	1003
SORBI_3002G059200	467.777
SORBI_3002G059300	1480.505
SORBI_3002G059500	1687
SORBI_3002G059600	2075
SORBI_3002G059700	1408
SORBI_3002G059800	542.776
SORBI_3002G059866	1171
SORBI_3002G059932	673
SORBI_3002G060000	1625
SORBI_3002G060101	1301
SORBI_3002G060200	1684
SORBI_3002G060400	1817.05
SORBI_3002G060450	1220.845
SORBI_3002G060500	862
SORBI_3002G060600	5626.768
SORBI_3002G060700	577.581
SORBI_3002G060750	158
SORBI_3002G060800	2492.806
SORBI_3002G060900	5018.173
SORBI_3002G061000	697
SORBI_3002G061100	1486
SORBI_3002G061200	1660
SORBI_3002G061300	908
SORBI_3002G061400	1783.475
SORBI_3002G061500	1416
SORBI_3002G061600	8002.5621044226
SORBI_3002G061666	527.467
SORBI_3002G061732	1624
SORBI_3002G061800	2673
SORBI_3002G061900	992.892
SORBI_3002G062000	1596.223
SORBI_3002G062100	2292.42517246868
SORBI_3002G062300	1780.465
SORBI_3002G062350	352
SORBI_3002G062400	88
SORBI_3002G062500	2370.493
SORBI_3002G062600	3755
SORBI_3002G062700	3860.25
SORBI_3002G062800	2169.039
SORBI_3002G062900	1995.536
SORBI_3002G063000	1664.108
SORBI_3002G063201	2779
SORBI_3002G063400	311
SORBI_3002G063500	3541
SORBI_3002G063533	271.077
SORBI_3002G063566	2659
SORBI_3002G063600	1268.035
SORBI_3002G063700	5923
SORBI_3002G063800	938.558
SORBI_3002G063850	245
SORBI_3002G063900	2483.78189045166
SORBI_3002G064000	974
SORBI_3002G064100	1231
SORBI_3002G064200	1626
SORBI_3002G064400	693.574
SORBI_3002G064450	345
SORBI_3002G064500	2425.523
SORBI_3002G064600	3172
SORBI_3002G064650	1518
SORBI_3002G064700	5970.94
SORBI_3002G064750	1894.78
SORBI_3002G064800	1939
SORBI_3002G064900	2206.52616923993
SORBI_3002G065000	3116.164
SORBI_3002G065200	1046.949
SORBI_3002G065300	2394.098
SORBI_3002G065400	3438.803
SORBI_3002G065500	284
SORBI_3002G065600	700
SORBI_3002G065700	1692
SORBI_3002G065800	1515
SORBI_3002G065900	2925.821
SORBI_3002G066000	1198
SORBI_3002G066100	687
SORBI_3002G066200	814
SORBI_3002G066300	1243
SORBI_3002G066350	489
SORBI_3002G066400	1895.021
SORBI_3002G066600	1682
SORBI_3002G066700	1470.237
SORBI_3002G066800	3902.343
SORBI_3002G066901	197.296
SORBI_3002G067000	1288.54159257953
SORBI_3002G067050	3493.571
SORBI_3002G067100	5129.98
SORBI_3002G067200	667
ENSRNA049996763	5
SORBI_3002G067300	1616.36595342303
SORBI_3002G067400	1061.11
SORBI_3002G067500	1718
SORBI_3002G067600	1757.10408622099
SORBI_3002G067700	307
SORBI_3002G067800	1976.467
SORBI_3002G067900	24
SORBI_3002G068000	2373.584
SORBI_3002G068100	2790.14862591291
SORBI_3002G068300	1089.414
SORBI_3002G068500	1177.638
SORBI_3002G068400	184
SORBI_3002G068600	1549.407
SORBI_3002G068701	1019.315
SORBI_3002G068800	2536.17
SORBI_3002G068900	1387.831
SORBI_3002G069000	3897.20278555698
SORBI_3002G069050	703.365
SORBI_3002G069100	1762
SORBI_3002G069166	664
SORBI_3002G069232	742
SORBI_3002G069300	1018
SORBI_3002G069400	856
SORBI_3002G069500	1944.123
SORBI_3002G069601	1945
SORBI_3002G069700	478
SORBI_3002G069800	1816
SORBI_3002G069900	1639.32985523447
SORBI_3002G070000	3727.50917287761
SORBI_3002G070100	3256
SORBI_3002G070200	630.751
SORBI_3002G070300	2648.764
SORBI_3002G070400	896
SORBI_3002G070500	1385
SORBI_3002G070600	2800.547
SORBI_3002G070700	210
SORBI_3002G070800	1442
SORBI_3002G070901	1126
SORBI_3002G071000	1803.27878407146
SORBI_3002G071100	1719.706
SORBI_3002G071201	303
SORBI_3002G071300	1080.741
SORBI_3002G071350	306.9
SORBI_3002G071400	5692.524
SORBI_3002G071500	4159.15529878307
SORBI_3002G071600	1055
SORBI_3002G071700	3289
SORBI_3002G071850	5156.388
SORBI_3002G072000	4199.43666663776
SORBI_3002G072050	161
SORBI_3002G072100	2390.286
SORBI_3002G072200	992.435
SORBI_3002G072300	1725.441
ENSRNA049471493	11
SORBI_3002G072400	2346.291
SORBI_3002G072500	1040.023
SORBI_3002G072600	976.045
SORBI_3002G072700	1735.941
SORBI_3002G073000	5297.435
SORBI_3002G073100	184.665
SORBI_3002G073200	2022.82064865038
SORBI_3002G073250	990.301
SORBI_3002G073300	2501.53020746318
SORBI_3002G073350	4109.257
SORBI_3002G073400	904.996
SORBI_3002G073600	1518
SORBI_3002G073700	1449.22498398483
SORBI_3002G073800	1161.524
SORBI_3002G073900	1828.75
SORBI_3002G074000	2433.462
SORBI_3002G074100	4644.064
SORBI_3002G074200	676.676
SORBI_3002G074300	427.223
SORBI_3002G074400	808.654
SORBI_3002G074500	1359.75017583589
SORBI_3002G074600	4202.399
SORBI_3002G074700	3264.227
SORBI_3002G074800	8852.219
SORBI_3002G074900	3207
SORBI_3002G075000	3371
SORBI_3002G075100	3275
SORBI_3002G075300	2965
SORBI_3002G075400	3251
SORBI_3002G075500	3572.362
SORBI_3002G075600	1001.605
SORBI_3002G075700	3054.301
SORBI_3002G075800	2219.662
SORBI_3002G075900	1592.227
SORBI_3002G076000	2011.38768485077
SORBI_3002G076100	1495.13662200871
SORBI_3002G076200	1690.814
SORBI_3002G076300	3820.645
SORBI_3002G076350	703.336
SORBI_3002G076400	3664.066
SORBI_3002G076450	538.313
SORBI_3002G076500	2161.231
SORBI_3002G076600	1706.609
SORBI_3002G076700	1615
SORBI_3002G076800	1193.01784619334
SORBI_3002G076866	1493.175
SORBI_3002G076932	1252
SORBI_3002G077000	1853.775
ENSRNA049471549	34
SORBI_3002G077100	1143.21795562315
SORBI_3002G077200	6143.515
SORBI_3002G077400	3435
SORBI_3002G077500	450.598
SORBI_3002G077600	8700.306
SORBI_3002G077700	1359
SORBI_3002G077900	1113.7090793284
SORBI_3002G078000	1067.128
SORBI_3002G078100	1748.35
SORBI_3002G078200	1305.174
SORBI_3002G078300	550.09
SORBI_3002G078400	1342.925
SORBI_3002G078500	250.478
SORBI_3002G078600	292
SORBI_3002G078700	350
SORBI_3002G078800	646
SORBI_3002G078850	1372
SORBI_3002G078900	2072.79940487244
SORBI_3002G079000	1552.416
SORBI_3002G079100	5592.257
SORBI_3002G079200	394
SORBI_3002G079300	664
SORBI_3002G079400	60
SORBI_3002G079500	1112.5
SORBI_3002G079700	1025.792
SORBI_3002G079801	946
SORBI_3002G079900	1354.247
SORBI_3002G080000	829.954
SORBI_3002G080100	1043.96
SORBI_3002G080150	6
SORBI_3002G080200	1993
SORBI_3002G080400	2235.358
SORBI_3002G080450	506.5
SORBI_3002G080500	947
SORBI_3002G080600	580
SORBI_3002G080700	864.66
SORBI_3002G080900	1824
SORBI_3002G081000	538
SORBI_3002G081050	674
SORBI_3002G081100	1316.276
SORBI_3002G081300	228.012
SORBI_3002G081400	2314.79
SORBI_3002G081500	1328.83505564938
SORBI_3002G081600	813.676
SORBI_3002G081700	1656.491
SORBI_3002G081800	2594
SORBI_3002G081850	1139
SORBI_3002G081900	825.325
SORBI_3002G082000	2430.039
SORBI_3002G082100	2843.883
SORBI_3002G082300	1030.622
SORBI_3002G082350	289
SORBI_3002G082400	832
SORBI_3002G082500	213
SORBI_3002G082600	821.492515435285
SORBI_3002G082700	403
SORBI_3002G082800	959.613
SORBI_3002G082900	1772.769
SORBI_3002G082950	436
SORBI_3002G083000	1906.15389743441
SORBI_3002G083100	2961
SORBI_3002G083200	4147.744
SORBI_3002G083266	882.12013856908
SORBI_3002G083332	221
SORBI_3002G083400	806.265
SORBI_3002G083500	2449.911
SORBI_3002G083600	3170.336
SORBI_3002G083700	1021
SORBI_3002G083800	832.271
SORBI_3002G083900	1183.526
SORBI_3002G084100	1078.692
SORBI_3002G084200	76
SORBI_3002G084300	1286.52505822327
SORBI_3002G084400	4544.631
SORBI_3002G084500	2969.718
SORBI_3002G084600	751
SORBI_3002G084700	1623
SORBI_3002G084800	1408.733
SORBI_3002G084900	922.94
SORBI_3002G085000	385
SORBI_3002G085100	1359.908
SORBI_3002G085200	2038
SORBI_3002G085300	1010.492
SORBI_3002G085400	2805.875
SORBI_3002G085500	485.592
SORBI_3002G085700	7104.172
SORBI_3002G085600	939
SORBI_3002G085800	948.308
SORBI_3002G085900	448
SORBI_3002G086200	491.2
SORBI_3002G086300	934
SORBI_3002G086400	71
SORBI_3002G086500	2827.444
SORBI_3002G086700	1937.152
SORBI_3002G086800	387.957716681296
SORBI_3002G086900	2722.439
SORBI_3002G087000	1293.497
SORBI_3002G087200	1435
SORBI_3002G087400	457
SORBI_3002G087500	4550
SORBI_3002G087600	1790
SORBI_3002G087700	531
SORBI_3002G087800	906.155
SORBI_3002G087900	2240.18665136579
SORBI_3002G088000	1490
SORBI_3002G088100	93
SORBI_3002G088200	204
SORBI_3002G088300	907
SORBI_3002G088400	314.031
SORBI_3002G088600	7596.513
SORBI_3002G088500	1345
SORBI_3002G088700	1744.911
SORBI_3002G088800	1605.217
SORBI_3002G088900	554.45
SORBI_3002G089100	585.494
SORBI_3002G089200	286
SORBI_3002G089300	334
SORBI_3002G089400	371
SORBI_3002G089500	211
SORBI_3002G089600	441
SORBI_3002G089700	2117.24
SORBI_3002G089900	12140.071
SORBI_3002G090100	227
SORBI_3002G090200	815.588
SORBI_3002G090300	753.217
SORBI_3002G090400	2393.45616829739
SORBI_3002G090500	1519.462
ENSRNA049471449	4
SORBI_3002G090600	2651.637
SORBI_3002G090700	3636.616
SORBI_3002G090800	1077.72904221004
SORBI_3002G090900	1660.202
SORBI_3002G091000	450.649
SORBI_3002G091100	400
SORBI_3002G091200	849.647
SORBI_3002G091300	1232
SORBI_3002G091400	1839
SORBI_3002G091500	1297.064
SORBI_3002G091600	1035.914
ENSRNA049442516	26
SORBI_3002G091700	1594
SORBI_3002G091800	2456
ENSRNA049441490	26
SORBI_3002G091900	340
SORBI_3002G092050	1178.454
SORBI_3002G092200	1117.864
SORBI_3002G092300	919.139
SORBI_3002G092400	1510
SORBI_3002G092500	530.456
SORBI_3002G092600	469
SORBI_3002G092700	369.909
SORBI_3002G092801	278.996
SORBI_3002G092901	1451.753
SORBI_3002G093000	4990.81
SORBI_3002G093150	367
SORBI_3002G093300	1094.78
SORBI_3002G093400	854.489
SORBI_3002G093500	1065.403
SORBI_3002G093600	1058
SORBI_3002G093700	1304.496
SORBI_3002G093800	3215.203
SORBI_3002G093900	1468.325
SORBI_3002G094000	5585
SORBI_3002G094100	1753
SORBI_3002G094400	1544
SORBI_3002G094500	1174
SORBI_3002G094600	3359.137
SORBI_3002G094700	1989
SORBI_3002G094800	534.034
SORBI_3002G094900	276
SORBI_3002G095000	357
SORBI_3002G095100	2580.741
SORBI_3002G095200	650
SORBI_3002G095300	1432.446
SORBI_3002G095400	2292.556
SORBI_3002G095600	2846.472
SORBI_3002G095700	853.819
SORBI_3002G095800	1087.791
SORBI_3002G095900	371.236
SORBI_3002G096000	5100.685
SORBI_3002G096101	560
SORBI_3002G096201	505
SORBI_3002G096300	2263
SORBI_3002G096400	318
SORBI_3002G096501	949
SORBI_3002G096600	835
SORBI_3002G096700	880
SORBI_3002G096800	1176.908
SORBI_3002G096900	562
SORBI_3002G097000	1183
SORBI_3002G097100	2234
SORBI_3002G097200	1021
SORBI_3002G097300	1456
SORBI_3002G097400	2009.481
SORBI_3002G097500	1393
SORBI_3002G097601	2741.66666666667
SORBI_3002G097700	1204
SORBI_3002G097900	1426.858
SORBI_3002G098000	398
SORBI_3002G098050	21855
SORBI_3002G098100	719.003
SORBI_3002G098200	1916.053
SORBI_3002G098300	1942
SORBI_3002G098400	1297
SORBI_3002G098450	1100.335
SORBI_3002G098500	1119.82
SORBI_3002G098600	1399.241
SORBI_3002G098701	4028.71
SORBI_3002G098800	1059.919
ENSRNA049442498	27
SORBI_3002G098850	1834
SORBI_3002G098900	2936.55
SORBI_3002G099000	116
SORBI_3002G099100	775
SORBI_3002G099200	618
SORBI_3002G099300	147
SORBI_3002G099350	379.354
SORBI_3002G099401	536
SORBI_3002G099451	917
SORBI_3002G099500	1303
SORBI_3002G099600	222
SORBI_3002G099700	820
SORBI_3002G099800	958
SORBI_3002G099866	1183
SORBI_3002G099932	430
SORBI_3002G100000	1491
SORBI_3002G100100	1441
SORBI_3002G100200	1998
SORBI_3002G100300	958
SORBI_3002G100600	983.054
SORBI_3002G100700	1637.15
SORBI_3002G100766	636
SORBI_3002G100832	817
SORBI_3002G100900	295
SORBI_3002G100950	362
ENSRNA049442481	34
SORBI_3002G101000	819.758
SORBI_3002G101100	4953.005
SORBI_3002G101200	2189
SORBI_3002G101300	1504.004
SORBI_3002G101400	2995.298
SORBI_3002G101500	703
SORBI_3002G101550	301
SORBI_3002G101600	644.402
SORBI_3002G101700	790
SORBI_3002G101800	802
SORBI_3002G101900	734
SORBI_3002G102000	1250.175
SORBI_3002G102066	1666.5
SORBI_3002G102132	1078
SORBI_3002G102200	1021.572
SORBI_3002G102300	166
SORBI_3002G102500	310
SORBI_3002G102600	1752
SORBI_3002G102700	1606
SORBI_3002G102800	394
SORBI_3002G102900	526
SORBI_3002G103000	594
SORBI_3002G103100	355.598
SORBI_3002G103200	917.562
SORBI_3002G103400	1126
SORBI_3002G103500	2173.404
SORBI_3002G103600	1189.574
SORBI_3002G103700	3904.005
SORBI_3002G103800	1834.075
SORBI_3002G103900	3499
SORBI_3002G104000	354.135
SORBI_3002G104050	310
SORBI_3002G104100	2715.204
SORBI_3002G104200	1435
SORBI_3002G104300	1937.82166113057
SORBI_3002G104400	4598.142
SORBI_3002G104450	169
SORBI_3002G104500	2515.459
SORBI_3002G104600	2087.998
SORBI_3002G104700	1144
SORBI_3002G104801	523
SORBI_3002G104900	669.082
SORBI_3002G105000	1749.305
SORBI_3002G105101	1468.662273856
SORBI_3002G105200	2100.45754278724
SORBI_3002G105250	631
SORBI_3002G105300	702
SORBI_3002G105350	482
SORBI_3002G105400	511
SORBI_3002G105501	922
SORBI_3002G105600	1172
SORBI_3002G105700	5133.246
SORBI_3002G105800	828.93728889421
SORBI_3002G105900	1699
SORBI_3002G106000	1738.709
SORBI_3002G106100	1650.846
SORBI_3002G106200	1769.772
SORBI_3002G106600	1544
SORBI_3002G106700	2649
SORBI_3002G106800	790
SORBI_3002G106900	1852.429
SORBI_3002G107000	5087.44485302037
SORBI_3002G107200	5038.638
SORBI_3002G107400	5418.48974117042
SORBI_3002G107466	330
SORBI_3002G107532	2479.025
SORBI_3002G107600	5881.068
SORBI_3002G107700	749
SORBI_3002G107800	2203.898
SORBI_3002G107900	2296.916
SORBI_3002G108000	1916
SORBI_3002G108100	1301.339
SORBI_3002G108200	2188.557
SORBI_3002G108300	2126
SORBI_3002G108400	2082.808
SORBI_3002G108450	1786
SORBI_3002G108500	1598
SORBI_3002G108600	1233.972
SORBI_3002G108700	421
SORBI_3002G108800	1623
SORBI_3002G108900	1366
SORBI_3002G109000	1571.341
SORBI_3002G109100	856
SORBI_3002G109200	1901.994
SORBI_3002G109300	3860.982
SORBI_3002G109400	632.122
SORBI_3002G109500	604.371
SORBI_3002G109600	900.554
SORBI_3002G109700	772.672
SORBI_3002G109800	805.057
SORBI_3002G109900	914.312
SORBI_3002G110000	489.94
SORBI_3002G110100	1991.397
SORBI_3002G110200	1284.179
SORBI_3002G110300	6662.165
SORBI_3002G110400	3059.711
SORBI_3002G110500	2028.266
SORBI_3002G110600	1323.70245708985
SORBI_3002G110700	1146.81747102997
SORBI_3002G110800	3095.016
SORBI_3002G111000	3186.44
SORBI_3002G111100	1701.342
SORBI_3002G111200	1791.966
SORBI_3002G111300	480
SORBI_3002G111400	1641
SORBI_3002G111500	1652.111
SORBI_3002G111600	1163.13791754587
SORBI_3002G111700	3589.343
SORBI_3002G111800	1758.961
SORBI_3002G111900	2382.586
ENSRNA049441507	25
SORBI_3002G112000	4064.159
SORBI_3002G112100	1624.063
SORBI_3002G112200	1066.215
SORBI_3002G112300	2819.794
SORBI_3002G112400	787.761049662557
SORBI_3002G112500	6811.117
SORBI_3002G112600	2459.387
SORBI_3002G112700	2734.801
SORBI_3002G112850	2086
SORBI_3002G113000	774.926
SORBI_3002G113033	286
SORBI_3002G113066	468
SORBI_3002G113100	1947.237
SORBI_3002G113200	2077.93
SORBI_3002G113300	493.003
SORBI_3002G113400	5543.186
SORBI_3002G113500	463.962
SORBI_3002G113600	1438.127
SORBI_3002G113700	837.265
SORBI_3002G113800	1082.39815110233
SORBI_3002G113900	1731.14312598234
SORBI_3002G114000	3114.873
SORBI_3002G114100	386
SORBI_3002G114150	1376
SORBI_3002G114200	577
SORBI_3002G114300	1351
SORBI_3002G114400	1956.232
SORBI_3002G114501	1447
SORBI_3002G114600	661
SORBI_3002G114700	1954.748
SORBI_3002G114800	2173.658
SORBI_3002G114900	3025.096
SORBI_3002G115000	880.093
SORBI_3002G115025	734
ENSRNA049996752	8
SORBI_3002G115050	833
SORBI_3002G115075	674
SORBI_3002G115100	185
SORBI_3002G115200	673.169
SORBI_3002G115300	401
SORBI_3002G115400	161
SORBI_3002G115500	2787.951
SORBI_3002G115600	1474
SORBI_3002G115700	970.355
SORBI_3002G115801	818.58
SORBI_3002G115900	2811.5
SORBI_3002G116000	4031.636
SORBI_3002G116100	1965.767
SORBI_3002G116200	1030.726
SORBI_3002G116300	5384.136
SORBI_3002G116400	835
SORBI_3002G116500	1570.674
SORBI_3002G116600	9945.09
SORBI_3002G116700	520
SORBI_3002G116800	1251.764
SORBI_3002G116900	837.398
SORBI_3002G117000	2525.271
SORBI_3002G117100	568.903
SORBI_3002G117200	1690.515
SORBI_3002G117300	2124.809
SORBI_3002G117400	3435.43623693518
SORBI_3002G117500	2206.149
SORBI_3002G117600	4472.972
SORBI_3002G117700	2429.661
SORBI_3002G117850	4713.601
SORBI_3002G117800	3134
SORBI_3002G117900	1958.566
SORBI_3002G118000	1687.581
SORBI_3002G118101	625.203
SORBI_3002G118200	8770.177
SORBI_3002G118300	1430.146
SORBI_3002G118400	443
SORBI_3002G118500	1150
SORBI_3002G118600	709.24722520049
SORBI_3002G118700	3169.54830706793
SORBI_3002G118801	1281.545
SORBI_3002G118900	1119.25
SORBI_3002G119000	436
SORBI_3002G119100	2649.075
SORBI_3002G119200	1083
SORBI_3002G119400	2428.408
SORBI_3002G119500	539.622
SORBI_3002G119600	4342.894
SORBI_3002G119700	1988.662
SORBI_3002G119800	2132.263
SORBI_3002G119900	1123.02060635891
ENSRNA049996744	6
SORBI_3002G120100	676.23
SORBI_3002G120200	8097.616
SORBI_3002G120250	409
SORBI_3002G120300	1499.198
SORBI_3002G120400	804.477
SORBI_3002G120501	1729
SORBI_3002G120601	1468
SORBI_3002G120700	2150.144
SORBI_3002G120800	591
SORBI_3002G120850	948
SORBI_3002G120900	920
SORBI_3002G121000	1552.62847885075
SORBI_3002G121050	93
SORBI_3002G121100	3588.067
SORBI_3002G121201	169
SORBI_3002G121300	2201.926
SORBI_3002G121450	607
ENSRNA049478533	52
SORBI_3002G121600	973.345
SORBI_3002G121701	1061
SORBI_3002G121800	2260
SORBI_3002G121900	2222.5
SORBI_3002G122000	1075
SORBI_3002G122100	2995.094
SORBI_3002G122200	1430.563
SORBI_3002G122300	1787
SORBI_3002G122400	2468
SORBI_3002G122500	2700
SORBI_3002G122600	2237.177
SORBI_3002G122700	511.041
SORBI_3002G122800	947.5
SORBI_3002G122900	1353
SORBI_3002G123000	1588.0271841639
SORBI_3002G123100	3303.91
SORBI_3002G123200	452.328
SORBI_3002G123300	971
SORBI_3002G123400	1118
SORBI_3002G123500	919.009
SORBI_3002G123600	3598.337
SORBI_3002G123700	1105.585
SORBI_3002G123750	672
SORBI_3002G123800	2654.223
SORBI_3002G123900	2180.48862384863
SORBI_3002G124100	475.204
SORBI_3002G124200	922.23
SORBI_3002G124400	1210
SORBI_3002G124450	641
SORBI_3002G124500	1128
SORBI_3002G124600	3830.55322269018
SORBI_3002G124700	1083.107
SORBI_3002G124766	676
SORBI_3002G124832	878
SORBI_3002G124900	972.019
SORBI_3002G125000	1001.748
SORBI_3002G125100	334.833333333333
SORBI_3002G125200	1048.847
SORBI_3002G125300	1030.102
SORBI_3002G125400	184
SORBI_3002G125500	1496
SORBI_3002G125600	2854.609
SORBI_3002G125700	1376.33174961533
SORBI_3002G125800	2130.45292492774
SORBI_3002G125900	949.557
SORBI_3002G126000	1390.292
SORBI_3002G126100	441.137
SORBI_3002G126200	484.411
ENSRNA049996736	6
SORBI_3002G126300	2057.63462473033
SORBI_3002G126400	630
SORBI_3002G126500	3779.639
SORBI_3002G126600	1668.798
SORBI_3002G126700	386
SORBI_3002G126800	2546.35201976118
SORBI_3002G126900	595
SORBI_3002G127100	1875.27545790956
SORBI_3002G127200	2061.42260379782
SORBI_3002G127300	392
SORBI_3002G127400	3993.984
SORBI_3002G127550	1935.256
SORBI_3002G127700	1520.47
SORBI_3002G127800	836.464155531791
SORBI_3002G127900	1834.754
SORBI_3002G128000	888.301
SORBI_3002G128101	6257.238
SORBI_3002G128200	2296.37935070755
SORBI_3002G128300	3527.33333333333
SORBI_3002G128400	1184.987
SORBI_3002G128500	598
SORBI_3002G128600	1402
SORBI_3002G128700	1161
SORBI_3002G128750	505.088
SORBI_3002G128800	803.838
SORBI_3002G128900	1989.006
SORBI_3002G129000	1247.669
SORBI_3002G129100	409
SORBI_3002G129200	742.562
SORBI_3002G129300	325
SORBI_3002G129400	2358.43197555804
SORBI_3002G129500	1120
SORBI_3002G129600	857
SORBI_3002G129700	1133
SORBI_3002G129800	761
SORBI_3002G129900	3135
SORBI_3002G130000	1689.72
SORBI_3002G130101	1723
SORBI_3002G130200	16953.885
SORBI_3002G130350	354.424
SORBI_3002G130500	294.245
SORBI_3002G130601	535
SORBI_3002G130700	1396.287
SORBI_3002G130800	3394.735
SORBI_3002G130900	2465.648
SORBI_3002G131000	2411.415
SORBI_3002G131100	2979.301
SORBI_3002G131200	3421.3611093693
SORBI_3002G131300	2690.256
ENSRNA049442463	26
SORBI_3002G131400	1308.884
SORBI_3002G131500	1815
SORBI_3002G131600	1589.664
SORBI_3002G131700	1975.871
SORBI_3002G131800	3225.354
SORBI_3002G131900	1854.035
SORBI_3002G132000	1746.929632834
SORBI_3002G132100	5881.198
SORBI_3002G132201	508
SORBI_3002G132300	1120.95570923385
SORBI_3002G132400	916.014
SORBI_3002G132500	4399.627
SORBI_3002G132600	6265.499
SORBI_3002G132701	1630
SORBI_3002G132801	53
SORBI_3002G132900	723
SORBI_3002G133000	1822.133
SORBI_3002G133100	1184.445
SORBI_3002G133150	322
SORBI_3002G133200	706.25
SORBI_3002G133300	3442.766
SORBI_3002G133350	1600
SORBI_3002G133400	2643.82153885592
SORBI_3002G133600	1462
SORBI_3002G133700	14239.033
SORBI_3002G133800	1468.749
SORBI_3002G133900	1144.229
SORBI_3002G134001	1060.317
SORBI_3002G134100	2094.684
SORBI_3002G134200	2805.363
SORBI_3002G134250	282.785
SORBI_3002G134300	1477.325
SORBI_3002G134400	2398.342
SORBI_3002G134600	2393.4
SORBI_3002G134700	490
SORBI_3002G134800	3590
SORBI_3002G134900	254
SORBI_3002G135000	1371.805
SORBI_3002G135100	663.053
SORBI_3002G135200	666.573
ENSRNA049476476	35
ENSRNA049476483	35
ENSRNA049476474	35
SORBI_3002G135300	2953
SORBI_3002G135400	653.752
SORBI_3002G135500	902.653
SORBI_3002G135600	747.375
SORBI_3002G135700	694.822
SORBI_3002G135750	1582
SORBI_3002G135800	946.688
SORBI_3002G135950	1840
SORBI_3002G136100	1502.91748281657
SORBI_3002G136200	1526.57940029989
SORBI_3002G136300	15977.755
SORBI_3002G136400	5285.052
SORBI_3002G136500	1390
SORBI_3002G136600	574.178
SORBI_3002G136700	772.478
SORBI_3002G136800	2570.108
SORBI_3002G136900	562.498
SORBI_3002G137000	2345.34435543041
SORBI_3002G137100	2287.385
SORBI_3002G137200	2713.81174343138
SORBI_3002G137300	1259.621
SORBI_3002G137400	2153.86201040971
SORBI_3002G137601	1286.832
SORBI_3002G137800	2506.978
SORBI_3002G137850	13159.096
SORBI_3002G137900	47
SORBI_3002G138000	1161
SORBI_3002G138100	1735.47331575817
SORBI_3002G138200	2011.757
SORBI_3002G138300	1524.417
SORBI_3002G138400	802
SORBI_3002G138500	1232.433
SORBI_3002G138600	628
SORBI_3002G138700	340.253
SORBI_3002G138800	1607.442
SORBI_3002G138900	424
SORBI_3002G139000	2136.15372968749
SORBI_3002G139100	1497.53629418161
SORBI_3002G139200	853.386
SORBI_3002G139300	771
SORBI_3002G139400	907.682
SORBI_3002G139600	2436.754
SORBI_3002G139700	13043.361
ENSRNA049996725	36
SORBI_3002G139750	242
SORBI_3002G139800	1305
SORBI_3002G139900	1812
SORBI_3002G140000	1586.768
SORBI_3002G140100	1962.1
SORBI_3002G140200	1435
SORBI_3002G140300	645.696
SORBI_3002G140400	1014.061
SORBI_3002G140500	401
SORBI_3002G140600	2389.77
SORBI_3002G140700	1378.4582455438
SORBI_3002G140800	1440.661
SORBI_3002G140900	1453.972
SORBI_3002G141000	1820.478
SORBI_3002G141050	545.759
SORBI_3002G141100	1470.326
SORBI_3002G141200	3613.79765829735
SORBI_3002G141300	1530.57
SORBI_3002G141450	2206
SORBI_3002G141600	1094.963
SORBI_3002G141700	1383.692
SORBI_3002G141800	841.127
SORBI_3002G141900	1967.375
SORBI_3002G142000	1388.838
SORBI_3002G142066	347.847
SORBI_3002G142132	337.069
SORBI_3002G142200	2982
SORBI_3002G142300	2781.557
SORBI_3002G142350	920
SORBI_3002G142400	1619.398
SORBI_3002G142500	3160.94170745681
SORBI_3002G142550	2371
SORBI_3002G142600	1625.78353878786
SORBI_3002G142700	2309.299
SORBI_3002G142900	2501.478
SORBI_3002G142950	242
ENSRNA049996721	35
SORBI_3002G143000	789.075
SORBI_3002G143100	487.767
SORBI_3002G143200	3917.079
SORBI_3002G143300	426.758
SORBI_3002G143450	1435
SORBI_3002G143500	2183.64541404234
SORBI_3002G143600	207
SORBI_3002G143700	57
SORBI_3002G143766	536.5
SORBI_3002G143832	850
SORBI_3002G143900	1260.54380291966
SORBI_3002G144025	519
SORBI_3002G144150	1571
SORBI_3002G144275	365.188
SORBI_3002G144400	553
SORBI_3002G144500	295
SORBI_3002G144600	8522
SORBI_3002G144666	475
SORBI_3002G144732	712
SORBI_3002G144800	1122.162
SORBI_3002G144850	565
SORBI_3002G144900	849
SORBI_3002G144933	3379.636
SORBI_3002G144966	1917.672
SORBI_3002G145000	1532.324
SORBI_3002G145101	2465.651
SORBI_3002G145200	5732.274
SORBI_3002G145300	2251.533
SORBI_3002G145400	5118
SORBI_3002G145500	2598.06862660067
SORBI_3002G145550	1681
SORBI_3002G145600	380.521
SORBI_3002G145800	2727.25107363999
SORBI_3002G146000	1679.208
SORBI_3002G146100	408.534
SORBI_3002G146200	3698.159
SORBI_3002G146300	3915.49556674916
SORBI_3002G146400	509.5
SORBI_3002G146501	1636
SORBI_3002G146601	349.981
SORBI_3002G146701	527.895
SORBI_3002G146800	597
SORBI_3002G146900	1056.112
SORBI_3002G147100	2103.528
SORBI_3002G147200	19914.164
SORBI_3002G147300	558
SORBI_3002G147350	2257
SORBI_3002G147400	2164
ENSRNA049465492	63
ENSRNA049465688	63
SORBI_3002G147433	832
SORBI_3002G147466	448
SORBI_3002G147500	1711.22
SORBI_3002G147600	12143.4254855599
SORBI_3002G147550	568
SORBI_3002G147900	3709
SORBI_3002G148000	572.797
SORBI_3002G148100	1714.42988008876
SORBI_3002G148166	3
SORBI_3002G148232	1688.512
SORBI_3002G148300	384.019
SORBI_3002G148350	745
SORBI_3002G148400	3896.26121169074
SORBI_3002G148550	160
SORBI_3002G148700	883.669885228126
SORBI_3002G148750	2788.204
SORBI_3002G148801	349
SORBI_3002G148851	30
SORBI_3002G148900	1662.64413335009
SORBI_3002G149000	47
SORBI_3002G149101	1867
SORBI_3002G149200	2564
SORBI_3002G149300	183.174
SORBI_3002G149500	452
SORBI_3002G149550	654.179
SORBI_3002G149600	155
SORBI_3002G149900	136
SORBI_3002G149966	290
SORBI_3002G150032	510
SORBI_3002G150100	610
SORBI_3002G150200	188
SORBI_3002G150301	4278
SORBI_3002G150400	1050.295
SORBI_3002G150550	1384
SORBI_3002G150700	1700.48551424548
SORBI_3002G150733	1786
SORBI_3002G150766	23637.621
SORBI_3002G150800	8448.621
SORBI_3002G150866	2690.258
SORBI_3002G150932	3813
SORBI_3002G151000	2551.07917864444
SORBI_3002G151200	380
SORBI_3002G151300	2948.154
SORBI_3002G151400	564.596
SORBI_3002G151500	3326.503
SORBI_3002G151600	1568.85551493148
SORBI_3002G151700	1178
SORBI_3002G151800	1406.527
SORBI_3002G151900	264
SORBI_3002G152200	2719.61295395234
SORBI_3002G152000	192
SORBI_3002G152100	1428.173
SORBI_3002G152300	520
SORBI_3002G152400	261
SORBI_3002G152600	2674.289
SORBI_3002G152700	1260.472
SORBI_3002G152800	1075.762
SORBI_3002G152900	2661.187
SORBI_3002G153000	1049.493
SORBI_3002G153050	1021
SORBI_3002G153100	1789.857
SORBI_3002G153200	1473
SORBI_3002G153400	756.293
SORBI_3002G153500	1180.132
SORBI_3002G153600	1467.29037623381
SORBI_3002G153700	5960.25959721195
ENSRNA049996710	38
SORBI_3002G153800	604
SORBI_3002G153900	1169
SORBI_3002G154000	4278.77043667728
ENSRNA049996703	26
SORBI_3002G154100	170.427
SORBI_3002G154300	2582
SORBI_3002G154400	3162.194
SORBI_3002G154450	822
SORBI_3002G154501	952
SORBI_3002G154551	1181.12618459825
SORBI_3002G154600	1840.704
SORBI_3002G154700	1157
SORBI_3002G154750	172
SORBI_3002G154800	5423.35
SORBI_3002G154900	2222
SORBI_3002G155000	1336.8389368297
SORBI_3002G155100	3010.292
SORBI_3002G155200	1730.299
SORBI_3002G155301	5752.692
SORBI_3002G155400	3813.032
SORBI_3002G155500	2653.537
SORBI_3002G155700	3096.1
SORBI_3002G155800	531
SORBI_3002G155900	2339
SORBI_3002G156000	2009.60101105959
SORBI_3002G156100	762.353537586973
SORBI_3002G156200	747.899
SORBI_3002G156300	875
SORBI_3002G156400	4127
SORBI_3002G156500	96
SORBI_3002G156601	2616.464
ENSRNA049996696	119
SORBI_3002G156700	3786.5
SORBI_3002G156750	235.832
SORBI_3002G156800	567
SORBI_3002G156900	577.146
SORBI_3002G157000	1574.71558170732
SORBI_3002G157050	98
SORBI_3002G157100	1032.117
SORBI_3002G157200	671.045
SORBI_3002G157300	1703.051
SORBI_3002G157350	1156
SORBI_3002G157400	1761
SORBI_3002G157500	640
SORBI_3002G157600	565
SORBI_3002G157800	448
SORBI_3002G157900	733
SORBI_3002G157950	1616
SORBI_3002G158000	1183
SORBI_3002G158150	1585
SORBI_3002G158300	1608.676
SORBI_3002G158401	7080.808
SORBI_3002G158500	1593.41033572334
SORBI_3002G158600	544
SORBI_3002G158700	1647.40893438927
SORBI_3002G158800	1464.7299301381
SORBI_3002G158900	1371.221
SORBI_3002G159000	133
SORBI_3002G159100	1438.124
SORBI_3002G159200	6798.11037974179
SORBI_3002G159300	1962.507
SORBI_3002G159400	1021
SORBI_3002G159500	816.159
SORBI_3002G159700	910.753170291196
SORBI_3002G159750	1620
SORBI_3002G159800	1640.957
SORBI_3002G159900	1323.009
SORBI_3002G160001	119
SORBI_3002G160100	1377.811
SORBI_3002G160200	382
SORBI_3002G160300	3319.402
SORBI_3002G160400	2148.562
SORBI_3002G160500	790
SORBI_3002G160600	886.034
SORBI_3002G160700	1187.161
SORBI_3002G160800	2338
SORBI_3002G160901	261
SORBI_3002G161000	3537.7344673947
SORBI_3002G161100	1165
SORBI_3002G161200	2912.154
SORBI_3002G161400	11781.937
SORBI_3002G161600	1967.5
SORBI_3002G161700	1113.68882564292
SORBI_3002G161800	2899.046
SORBI_3002G161900	10370.49
SORBI_3002G162000	3167.027
SORBI_3002G162100	310
SORBI_3002G162200	308
SORBI_3002G162300	298.467
SORBI_3002G162400	1223.98756283682
SORBI_3002G162450	363.366
SORBI_3002G162500	2189.83
SORBI_3002G162601	833
SORBI_3002G162701	11
SORBI_3002G162800	772.157
SORBI_3002G162900	2709.911
SORBI_3002G163000	1086
SORBI_3002G163100	323
SORBI_3002G163200	11
SORBI_3002G163301	45
SORBI_3002G163400	74
SORBI_3002G163500	362
SORBI_3002G163600	4356.676
SORBI_3002G163700	4091.618
SORBI_3002G163950	20376.776
SORBI_3002G164200	2916.843
SORBI_3002G164300	2237.829
SORBI_3002G164400	627.566
SORBI_3002G164600	1306.19
SORBI_3002G164700	1613
SORBI_3002G164800	1289.794
SORBI_3002G164833	379
SORBI_3002G164866	878
SORBI_3002G164900	1206.52880278188
SORBI_3002G164960	1110
SORBI_3002G165020	2887.928
SORBI_3002G165080	839
SORBI_3002G165140	1095.46368538825
SORBI_3002G165200	352
ENSRNA049480238	4
SORBI_3002G165300	1090.17747204173
SORBI_3002G165401	679
SORBI_3002G165500	370
SORBI_3002G165600	3211.102
SORBI_3002G165700	3105.419
SORBI_3002G165800	1209.81535613337
SORBI_3002G165900	502.817
SORBI_3002G166000	352
SORBI_3002G166150	3564.665
SORBI_3002G166300	1502.658
SORBI_3002G166400	2301.898
SORBI_3002G166500	1807.571
SORBI_3002G166600	1516.682
SORBI_3002G166700	1518.716
SORBI_3002G166800	1130
SORBI_3002G166900	625.084205948573
SORBI_3002G167000	3156.111
SORBI_3002G167100	2188.536
SORBI_3002G167200	988
SORBI_3002G167250	624
SORBI_3002G167300	1528
SORBI_3002G167400	2060.126
SORBI_3002G167500	1133.81828676519
SORBI_3002G167600	2543.327
SORBI_3002G167700	373
SORBI_3002G167800	4242.761
SORBI_3002G168000	3412.719
SORBI_3002G168100	3409
SORBI_3002G168150	602
SORBI_3002G168200	1196
SORBI_3002G168300	6118.34469688403
SORBI_3002G168400	3999.005
SORBI_3002G168500	2596.385
SORBI_3002G168550	1183
SORBI_3002G168600	2540.76
ENSRNA049441585	35
SORBI_3002G168650	1777
SORBI_3002G168700	1632.378
SORBI_3002G168750	88
SORBI_3002G168800	6935.4758960892
SORBI_3002G169000	263
SORBI_3002G169200	2589
SORBI_3002G169300	1164.40827926659
SORBI_3002G169400	2975.99850049273
SORBI_3002G169500	239
SORBI_3002G169633	4173.58789949294
SORBI_3002G169766	1613.795
SORBI_3002G169900	2457.66800565432
SORBI_3002G170000	1746
SORBI_3002G170100	1681.089
SORBI_3002G170200	2671.084
SORBI_3002G170300	2371.87403958584
SORBI_3002G170400	376
SORBI_3002G170500	310
SORBI_3002G170600	949
SORBI_3002G170633	610
SORBI_3002G170666	1204
SORBI_3002G170700	334
SORBI_3002G170740	2259
SORBI_3002G170780	822.903
SORBI_3002G170820	1012
SORBI_3002G170860	210
SORBI_3002G170900	355
SORBI_3002G171101	4147.134
SORBI_3002G171001	1130.438
SORBI_3002G171200	2495.509
SORBI_3002G171300	1210.451
SORBI_3002G171400	438
ENSRNA049441601	27
SORBI_3002G171500	1134
SORBI_3002G171600	1331
SORBI_3002G171700	499.797
SORBI_3002G171800	233
SORBI_3002G171901	1443.407
SORBI_3002G172000	3751.628
SORBI_3002G172100	2920
SORBI_3002G172200	2904
SORBI_3002G172300	1810
SORBI_3002G172401	1400.935
SORBI_3002G172500	1804.3191101834
SORBI_3002G172600	1190.08459754875
SORBI_3002G172700	971.655
SORBI_3002G172800	931
SORBI_3002G172900	1587.975
SORBI_3002G173000	2921.60566362882
SORBI_3002G173100	5108.159
SORBI_3002G173200	697
SORBI_3002G173300	1915
SORBI_3002G173400	1467.91919038815
SORBI_3002G173500	1878.243
SORBI_3002G173600	1451
SORBI_3002G173700	17224.327
SORBI_3002G173800	577.657
SORBI_3002G173900	1627.867
SORBI_3002G174000	4835.593
SORBI_3002G174100	1378.5
SORBI_3002G174200	1257.85
SORBI_3002G174300	1462.795
SORBI_3002G174400	808
SORBI_3002G174500	3143.618
SORBI_3002G174600	3214.521
SORBI_3002G174700	1152.374
SORBI_3002G174801	1369.283
SORBI_3002G174900	4346.742
SORBI_3002G175000	1318.408
SORBI_3002G175050	1543
SORBI_3002G175100	452.869
ENSRNA049480240	25
SORBI_3002G175200	892
SORBI_3002G175300	856
SORBI_3002G175400	2982.468
ENSRNA049441618	25
SORBI_3002G175500	2064.15
SORBI_3002G175550	1050.705
SORBI_3002G175600	4623.095
SORBI_3002G175700	1120
SORBI_3002G175800	556
SORBI_3002G175900	2186.53
SORBI_3002G176000	1694
SORBI_3002G176100	1952.398
SORBI_3002G176200	2133.698
SORBI_3002G176300	1295.55510708891
SORBI_3002G176400	666.481
SORBI_3002G176450	295
SORBI_3002G176500	3551.474
SORBI_3002G176600	254
SORBI_3002G176700	3399.455
SORBI_3002G176800	6214.928
SORBI_3002G176900	6269
SORBI_3002G177000	3898.138
SORBI_3002G177100	886.517837955717
SORBI_3002G177200	673
SORBI_3002G177300	1216.634
SORBI_3002G177400	2901.705
ENSRNA049442421	26
SORBI_3002G177500	1104.93911751189
SORBI_3002G177600	2678.60992923149
ENSRNA049441639	26
SORBI_3002G177700	1384.896
SORBI_3002G177800	4167.641
SORBI_3002G177900	882.487
SORBI_3002G178000	3391.4778563294
SORBI_3002G178101	3472.542
SORBI_3002G178200	1444
SORBI_3002G178400	914
SORBI_3002G178601	5547.156
SORBI_3002G178800	510.71
SORBI_3002G178700	221
SORBI_3002G178900	1477
SORBI_3002G179000	1529.774
SORBI_3002G179100	1110.589
SORBI_3002G179150	1890.458
SORBI_3002G179200	1667
SORBI_3002G179300	1944.575
SORBI_3002G179400	4902.804
SORBI_3002G179500	1203.902
SORBI_3002G179700	687.77
SORBI_3002G179800	1347.715
SORBI_3002G179900	2768.709
SORBI_3002G180000	2673.432
SORBI_3002G180100	2886.955
SORBI_3002G180200	1482.437
SORBI_3002G180300	1262.094
SORBI_3002G180400	1746.441
SORBI_3002G180501	580.026
SORBI_3002G180600	2222.336
SORBI_3002G180666	2344.758
SORBI_3002G180732	178
SORBI_3002G180800	5371.453
SORBI_3002G180900	3938.757
SORBI_3002G181000	3057.871
SORBI_3002G181066	298
SORBI_3002G181132	2427.82958245767
SORBI_3002G181200	8089.29078815819
SORBI_3002G181300	2760.565
SORBI_3002G181400	1412.043
SORBI_3002G181450	1402.07142857143
SORBI_3002G181500	949
SORBI_3002G181600	2351.80616205361
SORBI_3002G181700	1066.076
SORBI_3002G181800	2108.836
SORBI_3002G181900	445
SORBI_3002G182000	1639.406
SORBI_3002G182150	1677.842
SORBI_3002G182300	586
SORBI_3002G182400	1083.608
SORBI_3002G182500	2419.557
SORBI_3002G182601	550
SORBI_3002G182701	1043
SORBI_3002G182800	853.221
SORBI_3002G182850	736
SORBI_3002G182900	522.21
SORBI_3002G183000	2579.455
SORBI_3002G183100	2019.858
SORBI_3002G183200	2955.092
SORBI_3002G183300	1794.298
SORBI_3002G183400	4013.148
SORBI_3002G183600	1929
SORBI_3002G183700	1855.951
SORBI_3002G183750	1202.518
SORBI_3002G183800	1712.557
SORBI_3002G183900	3398.592
ENSRNA049442413	36
SORBI_3002G184100	266.98
SORBI_3002G184200	504.935
SORBI_3002G184300	517.471
SORBI_3002G184400	3747.826
SORBI_3002G184450	349
SORBI_3002G184500	3627.65
SORBI_3002G184600	1928.155
SORBI_3002G184700	1380.697
SORBI_3002G184800	1503
SORBI_3002G184900	2258.112
SORBI_3002G185000	161
SORBI_3002G185100	554.278
SORBI_3002G185200	6059.683
SORBI_3002G185300	1784.35000202859
SORBI_3002G185400	1765
SORBI_3002G185500	1853.819
SORBI_3002G185600	4608.958
SORBI_3002G185800	1896.473
SORBI_3002G185900	1452.762
SORBI_3002G186000	2075.76270412535
SORBI_3002G186100	175
SORBI_3002G186200	1333.806
SORBI_3002G186300	1177.164
SORBI_3002G186400	4321.538
SORBI_3002G186500	1250.674
SORBI_3002G186600	1651
SORBI_3002G186700	1268.524
SORBI_3002G186800	1300
SORBI_3002G186900	1690.454
SORBI_3002G186966	41
SORBI_3002G187032	438.044
SORBI_3002G187100	909.835
SORBI_3002G187200	2056.799
SORBI_3002G187300	3929.819
SORBI_3002G187350	2420.548
SORBI_3002G187400	2249.298
SORBI_3002G187500	355.262
SORBI_3002G187600	3586.381
SORBI_3002G187700	1743.933
SORBI_3002G187801	1027.41289381287
SORBI_3002G187900	4104.952
SORBI_3002G188000	2462.788
SORBI_3002G188100	517
SORBI_3002G188200	14860.729
SORBI_3002G188300	494
SORBI_3002G188350	661
SORBI_3002G188400	704
SORBI_3002G188500	6688.624
SORBI_3002G188600	2675.137
SORBI_3002G188700	2429.418
SORBI_3002G188800	1084
SORBI_3002G188900	2101.596
SORBI_3002G189000	1203.895
SORBI_3002G189100	3014.689
SORBI_3002G189300	1248.688
SORBI_3002G189350	932
SORBI_3002G189400	3207.245
SORBI_3002G189500	848
SORBI_3002G189600	835.792
SORBI_3002G189700	2459.389
SORBI_3002G189750	728
SORBI_3002G189800	586
SORBI_3002G189900	540.937
SORBI_3002G190000	4167.023
SORBI_3002G190100	594.766
SORBI_3002G190200	920.791
SORBI_3002G190300	1551.85
SORBI_3002G190400	2797.33333333333
SORBI_3002G190500	1991.84604351224
SORBI_3002G190600	108
SORBI_3002G190700	2144.72987461201
SORBI_3002G190750	561.557
SORBI_3002G190800	1030.415
SORBI_3002G190900	632.871
SORBI_3002G191000	2524.779
SORBI_3002G191100	1496.616
SORBI_3002G191200	550
SORBI_3002G191300	916
SORBI_3002G191400	967
SORBI_3002G191450	808
SORBI_3002G191500	856
SORBI_3002G191600	337
SORBI_3002G191800	8415.232
SORBI_3002G191900	1006
SORBI_3002G192000	377.235
SORBI_3002G192101	339.775
SORBI_3002G192200	1126.036
SORBI_3002G192500	1055.672
SORBI_3002G192600	975
SORBI_3002G192700	1113.33333333333
SORBI_3002G192800	445
SORBI_3002G192900	2330.01794899614
SORBI_3002G193000	1045.529
SORBI_3002G193100	2166.71643737063
SORBI_3002G193200	773
SORBI_3002G193300	2895.06555479518
SORBI_3002G193400	3030.433
SORBI_3002G193500	1021.834
SORBI_3002G193600	1455.292
SORBI_3002G193800	1616.133
SORBI_3002G193900	1866.658
SORBI_3002G194000	1821.283
SORBI_3002G194100	1575.529
SORBI_3002G194201	175
SORBI_3002G194300	1014
SORBI_3002G194400	2936.755
SORBI_3002G194500	1738
SORBI_3002G194600	1253
SORBI_3002G194650	724
SORBI_3002G194700	4595.404
SORBI_3002G194800	3101.49062177838
SORBI_3002G194900	2644.451
SORBI_3002G195000	2703.113
SORBI_3002G195033	1765
SORBI_3002G195066	469
SORBI_3002G195100	502.036
SORBI_3002G195200	469
SORBI_3002G195300	751
SORBI_3002G195400	1348.384
SORBI_3002G195500	141
SORBI_3002G195600	1879.239
SORBI_3002G195700	1587.746
SORBI_3002G195800	2228.95708009553
SORBI_3002G195900	833.986
SORBI_3002G196000	1724.175
SORBI_3002G196100	1681.62
SORBI_3002G196200	1674.297
SORBI_3002G196350	1142.208
SORBI_3002G196500	1131.206
SORBI_3002G196600	5229.71
SORBI_3002G196700	175
SORBI_3002G196800	4549.72163894323
SORBI_3002G196900	1174.185
SORBI_3002G197000	2313.728
SORBI_3002G197100	1533.95
SORBI_3002G197200	2049.465
SORBI_3002G197300	4885.061
SORBI_3002G197400	1516.497
SORBI_3002G197500	2479.855
SORBI_3002G197600	1582.486
SORBI_3002G197650	1133.436
SORBI_3002G197700	701
SORBI_3002G197800	331
SORBI_3002G197900	666
SORBI_3002G198000	1081.697
SORBI_3002G198100	2131.90750532312
SORBI_3002G198200	4434.43082154302
SORBI_3002G198300	2473.36594645029
SORBI_3002G198400	1249
SORBI_3002G198500	1091.439
SORBI_3002G198600	967.215
SORBI_3002G198700	1196
SORBI_3002G198801	1023.147
SORBI_3002G198900	1500.528
SORBI_3002G199000	1078.91019782047
SORBI_3002G199100	595.897
SORBI_3002G199200	1361
ENSRNA049442373	27
ENSRNA049996690	6
SORBI_3002G199300	1048
ENSRNA049480282	26
ENSRNA049480247	34
SORBI_3002G199400	1631.814
SORBI_3002G199500	905.021
SORBI_3002G199650	400.229
SORBI_3002G199800	834
SORBI_3002G199850	807
SORBI_3002G199900	392.73
SORBI_3002G200000	2194.53565377484
SORBI_3002G200100	1782.715
SORBI_3002G200200	1178.58677284096
SORBI_3002G200300	1563.094
SORBI_3002G200400	5296
SORBI_3002G200500	3383.725
SORBI_3002G200600	532.916
SORBI_3002G200700	3892.827
SORBI_3002G200900	3849.92406894932
SORBI_3002G201000	3637
SORBI_3002G201100	3340
SORBI_3002G201200	802
SORBI_3002G201300	1153
SORBI_3002G201400	1991
SORBI_3002G201500	521
SORBI_3002G201600	2754.161
SORBI_3002G201700	2285.626
SORBI_3002G201800	242
SORBI_3002G201900	1570.801
SORBI_3002G201950	164.856
SORBI_3002G202000	3719.046
SORBI_3002G202050	233
SORBI_3002G202100	348.821
SORBI_3002G202300	823.341615828357
SORBI_3002G202200	417
SORBI_3002G202350	305
SORBI_3002G202400	1126.176
SORBI_3002G202500	2284.159
SORBI_3002G202600	722.137
SORBI_3002G202700	1113.659
SORBI_3002G202750	143
SORBI_3002G202800	1221.5
SORBI_3002G203000	1446.576
SORBI_3002G203050	1765
SORBI_3002G203100	2088.55
SORBI_3002G203200	1929.525
SORBI_3002G203300	224
ENSRNA049996683	14
SORBI_3002G203401	1807
SORBI_3002G203500	2103.13979728717
SORBI_3002G203600	1671.159
SORBI_3002G203700	2174.827
SORBI_3002G203800	4664
SORBI_3002G203900	1530.83787340001
SORBI_3002G204000	1061.871
SORBI_3002G204100	2132.04279910309
SORBI_3002G204050	648
SORBI_3002G204200	607.984
SORBI_3002G204300	2635.625
SORBI_3002G204350	1211
SORBI_3002G204400	3069.68704768637
SORBI_3002G204500	1940.884
SORBI_3002G204600	904.356
SORBI_3002G204700	1502.278
SORBI_3002G204800	1335.363
SORBI_3002G204900	1310.48113151906
SORBI_3002G205000	2319.392
SORBI_3002G205100	1564.751
SORBI_3002G205201	172
SORBI_3002G205300	2844.849
SORBI_3002G205500	3502.293
SORBI_3002G205600	4014.31475891709
SORBI_3002G205700	3014.677
SORBI_3002G205800	4087.455
SORBI_3002G205900	4354.82
SORBI_3002G206000	2201.897
SORBI_3002G206100	1597
SORBI_3002G206200	5459.023
SORBI_3002G206300	5760.257
SORBI_3002G206400	2590.027
SORBI_3002G206500	2029.117
SORBI_3002G206600	951.661
SORBI_3002G206700	1182.552
SORBI_3002G206750	54.4
SORBI_3002G206800	2402.627
SORBI_3002G206900	3239
SORBI_3002G207000	821.993
SORBI_3002G207100	700
SORBI_3002G207200	2184.587
SORBI_3002G207300	1399.39326058391
SORBI_3002G207400	1761.681
SORBI_3002G207500	1840.662
SORBI_3002G207601	6773.971
SORBI_3002G207700	1695.717
SORBI_3002G207900	1907.936
SORBI_3002G208000	621.106
SORBI_3002G208200	3104.538
SORBI_3002G208400	4231.99783893712
SORBI_3002G208301	2632
SORBI_3002G208500	2922.053
SORBI_3002G208700	2834.503
SORBI_3002G208800	4145
SORBI_3002G208850	1681
SORBI_3002G208900	2530
SORBI_3002G209000	2824.75781290568
SORBI_3002G209100	2610.704
SORBI_3002G209200	4272.63096648778
SORBI_3002G209300	1035.553
SORBI_3002G209400	998.775
SORBI_3002G209450	571
SORBI_3002G209500	1935
SORBI_3002G209600	2273.64194967531
SORBI_3002G209800	607.963
ENSRNA049996677	130
SORBI_3002G209900	388
SORBI_3002G210100	946.02
SORBI_3002G210150	741
SORBI_3002G210200	590.255
SORBI_3002G210300	720.491
SORBI_3002G210401	1568.748
SORBI_3002G210500	430.316
SORBI_3002G210700	2017.555
SORBI_3002G210800	2834.563
SORBI_3002G210901	1658.132
SORBI_3002G211000	1166.793
SORBI_3002G211200	2474
SORBI_3002G211300	1776
SORBI_3002G211400	1541
SORBI_3002G211501	532
SORBI_3002G211600	484
SORBI_3002G211700	613.457
SORBI_3002G211800	4137
SORBI_3002G211900	1237.075
SORBI_3002G212000	1677.543
SORBI_3002G212100	245
SORBI_3002G212200	1151.63361642849
SORBI_3002G212300	926.703
SORBI_3002G212400	4659
SORBI_3002G212500	780.891
SORBI_3002G212601	778
SORBI_3002G212700	66.614
SORBI_3002G212800	4835.177
SORBI_3002G212900	679.253
SORBI_3002G213000	574
SORBI_3002G213050	710
SORBI_3002G213100	1561
SORBI_3002G213200	802.5
SORBI_3002G213300	5675.80677800204
ENSRNA049996671	132
SORBI_3002G213400	1865.385
SORBI_3002G213500	245.455
SORBI_3002G213600	892.603
SORBI_3002G213701	583
SORBI_3002G213800	2344.657
ENSRNA049441711	26
SORBI_3002G213900	409.212405047677
SORBI_3002G214000	298
SORBI_3002G214200	4353.447
SORBI_3002G214300	1269
SORBI_3002G214400	1526.927
SORBI_3002G214500	1287
SORBI_3002G214600	1191.41
SORBI_3002G214700	3098.423
SORBI_3002G214800	1344.557
SORBI_3002G214900	2432.102
SORBI_3002G215000	1267.191
SORBI_3002G215100	2188.60676419401
SORBI_3002G215200	1597.168
SORBI_3002G215300	2379.696
SORBI_3002G215600	2379.208
SORBI_3002G215700	1860.302
SORBI_3002G215800	2429.763
SORBI_3002G215866	1326.604
SORBI_3002G215932	1422
SORBI_3002G216000	4077.058
SORBI_3002G216100	1776.643
SORBI_3002G216200	1869
SORBI_3002G216250	1403
SORBI_3002G216300	634
SORBI_3002G216400	1686.4
SORBI_3002G216500	1506.179
SORBI_3002G216600	1876.348
SORBI_3002G216650	735
SORBI_3002G216700	1437.51270149966
SORBI_3002G216801	703
SORBI_3002G216900	2058
SORBI_3002G217000	2987.5
SORBI_3002G217100	1324.927
SORBI_3002G217133	481
SORBI_3002G217166	612.473
SORBI_3002G217200	1537.495
SORBI_3002G217300	1876.37080276705
SORBI_3002G217400	2619.809
SORBI_3002G217500	1636.106
SORBI_3002G217600	870.67
SORBI_3002G217700	1942.134
SORBI_3002G217800	1451
SORBI_3002G217900	2307.748
SORBI_3002G218000	1162.458
SORBI_3002G218100	2758.56
SORBI_3002G218200	694.064
SORBI_3002G218300	2831
SORBI_3002G218350	212
SORBI_3002G218400	316
SORBI_3002G218500	2241.246
SORBI_3002G218600	1718.202
SORBI_3002G218700	1882.67
SORBI_3002G218800	1359.175
SORBI_3002G218900	1374
SORBI_3002G219000	3622.735
SORBI_3002G219100	242
SORBI_3002G219200	1432.254
SORBI_3002G219300	2599
SORBI_3002G219333	100
SORBI_3002G219366	1266
SORBI_3002G219400	726
SORBI_3002G219500	2210.855
SORBI_3002G219600	889
SORBI_3002G219700	2518.89712100089
SORBI_3002G219800	650.081
SORBI_3002G219900	2482.267
SORBI_3002G220000	777.025
SORBI_3002G220100	1451.925
SORBI_3002G220200	2331.385
SORBI_3002G220300	1195.546
SORBI_3002G220400	540
SORBI_3002G220500	2694.56
SORBI_3002G220600	2899.72440651584
SORBI_3002G220700	1078.5
SORBI_3002G220800	1669
SORBI_3002G220900	2208.779
SORBI_3002G221000	2294
SORBI_3002G221100	715
SORBI_3002G221200	2380
SORBI_3002G221300	763
SORBI_3002G221400	1462.614
SORBI_3002G221450	2105
SORBI_3002G221500	1736.261
SORBI_3002G221600	2140.861
SORBI_3002G221700	2828.411
SORBI_3002G221800	301.882
SORBI_3002G221900	955.533
SORBI_3002G222000	166
SORBI_3002G222200	1830.666
SORBI_3002G222300	1141.181
SORBI_3002G222400	1890.634
ENSRNA049996661	26
SORBI_3002G222500	1528
SORBI_3002G222600	1541
SORBI_3002G222700	1102.633
SORBI_3002G222800	2017.562
SORBI_3002G222900	604.62
SORBI_3002G223000	1207
SORBI_3002G223050	674
SORBI_3002G223100	1428.956
SORBI_3002G223200	1573.088
SORBI_3002G223300	1883.053
SORBI_3002G223401	2716.12742284998
SORBI_3002G223500	1639.206
SORBI_3002G223550	264
SORBI_3002G223600	1401.498
SORBI_3002G223650	913
SORBI_3002G223700	1497.052
SORBI_3002G223800	2150.881
SORBI_3002G223900	1174.45
SORBI_3002G224000	1081
SORBI_3002G224100	1843.141
SORBI_3002G224200	1364
SORBI_3002G224300	1456
SORBI_3002G224400	3144.048
SORBI_3002G224450	1848.638
SORBI_3002G224500	1883.37
SORBI_3002G224700	1576.858
SORBI_3002G224800	1591.385
SORBI_3002G224900	1372.557
SORBI_3002G225000	4484.933
SORBI_3002G225100	3380.878
SORBI_3002G225200	1162.278
SORBI_3002G225300	2049.898
SORBI_3002G225400	1655.357
SORBI_3002G225500	697
SORBI_3002G225600	1881.33
SORBI_3002G225650	1141.317
SORBI_3002G225700	252.723
SORBI_3002G225800	5682
SORBI_3002G225900	1676.415
SORBI_3002G226000	2299.566
SORBI_3002G226100	1811.103
SORBI_3002G226200	1247
SORBI_3002G226300	514.605
SORBI_3002G226400	891.836
SORBI_3002G226500	1328.107
SORBI_3002G226600	119
SORBI_3002G226700	1876.059
SORBI_3002G226800	1692.58480410927
SORBI_3002G226900	2682.042
SORBI_3002G227000	2343.058
SORBI_3002G227100	3812.99
SORBI_3002G227200	2722.88348063958
SORBI_3002G227300	2707.956
SORBI_3002G227400	1261
SORBI_3002G227500	3211.817
SORBI_3002G227700	2226.765
SORBI_3002G227800	4303
SORBI_3002G227900	2077.487
SORBI_3002G228000	1612.63
SORBI_3002G228100	853
SORBI_3002G228200	1900
SORBI_3002G228300	920
SORBI_3002G228400	2947.898
SORBI_3002G228500	881.892
SORBI_3002G228600	745.367
SORBI_3002G228700	936.989
SORBI_3002G228800	540
SORBI_3002G228900	1822.807
SORBI_3002G229000	2410.784
SORBI_3002G229100	2091.58
SORBI_3002G229200	2140
SORBI_3002G229250	93
SORBI_3002G229300	2357.273
SORBI_3002G229400	2137.001
SORBI_3002G229500	230
SORBI_3002G229600	4894.827
SORBI_3002G229650	3615.16
SORBI_3002G229700	2259.92267037489
SORBI_3002G229800	2253
SORBI_3002G229900	790.637
SORBI_3002G230000	649
SORBI_3002G230100	1722.09900340404
SORBI_3002G230201	1597
SORBI_3002G230301	904
SORBI_3002G230400	2974.66973033788
SORBI_3002G230500	1059.699
SORBI_3002G230600	2090.425
SORBI_3002G230700	345.974
SORBI_3002G230800	430.45
SORBI_3002G230900	1550.977
SORBI_3002G231000	1250.9
SORBI_3002G231100	2772.142
SORBI_3002G231200	2986.206
SORBI_3002G231300	708.156
SORBI_3002G231400	510
SORBI_3002G231500	1211.258
SORBI_3002G231600	1586.072
SORBI_3002G231700	3407.267
SORBI_3002G231800	2120.959
SORBI_3002G231900	920.821605922954
SORBI_3002G232100	1316
SORBI_3002G232200	1931.371
SORBI_3002G232300	204
SORBI_3002G232400	556.982230889316
SORBI_3002G232500	1488.144
SORBI_3002G232600	2107.825
SORBI_3002G232700	2424.158
SORBI_3002G232800	707.112
SORBI_3002G232900	1622
SORBI_3002G233000	497.177
SORBI_3002G233100	978.982
SORBI_3002G233200	721
SORBI_3002G233300	1406.404
SORBI_3002G233400	762.284857528899
SORBI_3002G233500	825.897
SORBI_3002G233600	2795.17126299577
SORBI_3002G233700	1595.22
SORBI_3002G233800	1709.578
SORBI_3002G233900	2121.968
SORBI_3002G234000	208.859
SORBI_3002G234100	678
SORBI_3002G234200	1067.488852981
SORBI_3002G234300	2735.603
SORBI_3002G234400	2252.309
SORBI_3002G234500	839.616
SORBI_3002G234600	3004.83743610028
SORBI_3002G234700	3904.464
ENSRNA049442339	36
SORBI_3002G234800	3677.177
SORBI_3002G234900	1112
SORBI_3002G235000	430
SORBI_3002G235200	2377.94830172691
SORBI_3002G235300	840.052
SORBI_3002G235400	633.22
SORBI_3002G235500	271.406
SORBI_3002G235600	1526.349
SORBI_3002G235700	4815.224
SORBI_3002G235800	776
SORBI_3002G235900	2211.641
SORBI_3002G236000	117
SORBI_3002G236100	878
SORBI_3002G236200	1578.30118054053
SORBI_3002G236300	1476.039
SORBI_3002G236400	4122.623
SORBI_3002G236500	1922.764
SORBI_3002G236600	785.67
SORBI_3002G236700	1222.371
SORBI_3002G236800	1308
SORBI_3002G236900	922.785
SORBI_3002G237000	1835
SORBI_3002G237100	406
SORBI_3002G237200	26856.23
SORBI_3002G237400	220.239
SORBI_3002G237500	1867
SORBI_3002G237600	2581.593
SORBI_3002G237700	4445.586
SORBI_3002G237750	1151.762
ENSRNA049996658	13
SORBI_3002G237800	2657.409
SORBI_3002G237900	2333.734
SORBI_3002G238000	1519.49
SORBI_3002G238100	2265.583
SORBI_3002G238200	1681.973
SORBI_3002G238300	3360.11503894197
SORBI_3002G238400	614.248
SORBI_3002G238500	2940.26266043024
SORBI_3002G238600	743.557
SORBI_3002G238700	430
SORBI_3002G238800	797.954
SORBI_3002G238900	807
SORBI_3002G239000	1177
SORBI_3002G239101	843
SORBI_3002G239200	710.912
SORBI_3002G239300	3673.527
SORBI_3002G239400	1606.04
SORBI_3002G239450	1267
SORBI_3002G239500	514
SORBI_3002G239601	3923.021
SORBI_3002G239700	4011.773
SORBI_3002G239800	917.5
SORBI_3002G239900	1508.731
SORBI_3002G240000	2302
SORBI_3002G240100	838
SORBI_3002G240200	556
SORBI_3002G240300	1937.941
SORBI_3002G240400	3181
SORBI_3002G240500	2176
SORBI_3002G240700	2134.98
ENSRNA049441734	27
SORBI_3002G240800	57
SORBI_3002G240900	4160.729
SORBI_3002G241000	1204
SORBI_3002G241100	2582.831
SORBI_3002G241250	2838.181
SORBI_3002G241400	3637.666
SORBI_3002G241500	1001.377
SORBI_3002G241600	443.493
SORBI_3002G241700	2268.861
SORBI_3002G241900	1087
SORBI_3002G242000	1142.01
SORBI_3002G242100	728.609
SORBI_3002G242200	1304.39
SORBI_3002G242300	945.899
SORBI_3002G242400	412
SORBI_3002G242500	2244.38743516734
SORBI_3002G242600	1031.705
SORBI_3002G242650	411.563
SORBI_3002G242700	1046.158
SORBI_3002G242800	1371.203
SORBI_3002G242900	2321.514
SORBI_3002G243000	2046.485
SORBI_3002G243100	195
SORBI_3002G243200	1890.09
SORBI_3002G243300	306
SORBI_3002G243400	1884
SORBI_3002G243500	2096.531
SORBI_3002G243650	1080.051
SORBI_3002G243800	1997.95
SORBI_3002G243900	2453.617
SORBI_3002G244100	1678.556
SORBI_3002G244200	1328.31
SORBI_3002G244300	1964.508
SORBI_3002G244400	675.688
SORBI_3002G244500	1729.93782765816
SORBI_3002G244600	615
SORBI_3002G244700	1376.457
SORBI_3002G244800	365
SORBI_3002G244901	2586.715
SORBI_3002G245000	2889.984
SORBI_3002G245100	1165.912
SORBI_3002G245200	834
SORBI_3002G245300	1862.733
SORBI_3002G245400	2606.904
SORBI_3002G245500	2861.721
SORBI_3002G245600	807.48
SORBI_3002G245700	2856.667
SORBI_3002G245800	3748.375
SORBI_3002G245900	645.841
SORBI_3002G246000	4559.472
SORBI_3002G246100	1115
SORBI_3002G246200	279.426
SORBI_3002G246300	157
SORBI_3002G246400	2565.549
SORBI_3002G246500	2516.323
SORBI_3002G246600	1369.54362640606
SORBI_3002G246700	3396.262
SORBI_3002G246800	2290.074
SORBI_3002G246900	2118
SORBI_3002G246950	2383
SORBI_3002G247000	1240.584
SORBI_3002G247100	1612
SORBI_3002G247200	1219.58640366653
SORBI_3002G247300	3133.009
SORBI_3002G247401	2202.824
SORBI_3002G247500	1794.32813666941
SORBI_3002G247600	2230.573
SORBI_3002G247700	361
SORBI_3002G247800	1225.591
SORBI_3002G247900	524
SORBI_3002G248001	938.684
SORBI_3002G248100	1512.757
SORBI_3002G248201	346.79
SORBI_3002G248300	1704
ENSRNA049480636	183.925
SORBI_3002G248400	1849.219
SORBI_3002G248500	70.569
SORBI_3002G248600	1906.347
SORBI_3002G248700	1706.068
SORBI_3002G248800	871.303
SORBI_3002G248900	651.059
SORBI_3002G249000	2029.16275043312
SORBI_3002G249101	1815.838
SORBI_3002G249200	1242.36298194935
SORBI_3002G249300	6012.281
SORBI_3002G249400	5568.98
SORBI_3002G249500	1586.21938336475
SORBI_3002G249600	3063.578
SORBI_3002G249650	213
SORBI_3002G249700	3141.898
SORBI_3002G249800	1856.953
SORBI_3002G249900	2050.688
SORBI_3002G250000	975.802389345949
SORBI_3002G250100	3174.40345861251
SORBI_3002G250200	158
SORBI_3002G250300	1321.575
SORBI_3002G250400	1856.903
SORBI_3002G250550	4693.841
SORBI_3002G250700	691
SORBI_3002G250800	538
SORBI_3002G250900	246.821
SORBI_3002G251000	514.119
SORBI_3002G251050	418
SORBI_3002G251100	2464.808
SORBI_3002G251200	2471.436
SORBI_3002G251300	161
SORBI_3002G251400	1257.381
SORBI_3002G251501	602
SORBI_3002G251600	1122
SORBI_3002G251700	2155.62419731668
SORBI_3002G251800	1284.40239851072
SORBI_3002G251900	3265.966
SORBI_3002G252000	1825.548
SORBI_3002G252100	2111.123
SORBI_3002G252200	870.93
SORBI_3002G252300	1343.02744384946
SORBI_3002G252400	7776.612
SORBI_3002G252500	1599.05416992171
SORBI_3002G252600	754.668
SORBI_3002G252700	1211.062
SORBI_3002G252800	2403.286
SORBI_3002G252900	1852.105481168
SORBI_3002G253000	1739.05537047974
SORBI_3002G253100	1457.208
SORBI_3002G253200	1127
SORBI_3002G253300	189
SORBI_3002G253400	1831.78
SORBI_3002G253500	1635.025
SORBI_3002G253600	1793.98229549179
SORBI_3002G253800	3404.357
SORBI_3002G253900	1774.061
SORBI_3002G254000	2761.763
SORBI_3002G254100	1829.535
SORBI_3002G254200	2955.025
SORBI_3002G254250	869
SORBI_3002G254300	2214.541
SORBI_3002G254500	739.497
SORBI_3002G254600	2341.89570554973
SORBI_3002G254650	897.113
SORBI_3002G254700	3567.065
SORBI_3002G254800	3737.122
SORBI_3002G254900	1114.373
SORBI_3002G255000	1089
SORBI_3002G255100	576.4
SORBI_3002G255200	1446.173
SORBI_3002G255300	841.211
SORBI_3002G255400	786.781
SORBI_3002G255500	2744.342
SORBI_3002G255600	2140.986
SORBI_3002G255700	983.89
SORBI_3002G255800	1054
SORBI_3002G255901	1185.149
SORBI_3002G256000	1135.08421099981
SORBI_3002G256100	1053.91
SORBI_3002G256200	1131.362
SORBI_3002G256250	1113
SORBI_3002G256300	2183.705
SORBI_3002G256400	958.827
SORBI_3002G256500	1232.34571661224
SORBI_3002G256601	3911.595
SORBI_3002G256700	3858.086
SORBI_3002G256800	1100.813
SORBI_3002G256900	1866.237
SORBI_3002G257001	3018.942
SORBI_3002G257100	2657.85
SORBI_3002G257150	813.785
SORBI_3002G257200	2125.65
SORBI_3002G257300	792.202
SORBI_3002G257400	484.929
SORBI_3002G257500	1920.482
SORBI_3002G257600	930.826
SORBI_3002G257750	599.233
SORBI_3002G257900	1047.67881364777
SORBI_3002G258000	1152
SORBI_3002G258100	592.321
SORBI_3002G258200	1050.082
SORBI_3002G258300	2511.585
SORBI_3002G258400	3586.74319303613
SORBI_3002G258500	1084
SORBI_3002G258600	449.409
SORBI_3002G258700	418
SORBI_3002G258800	785.150183944085
SORBI_3002G258900	245
SORBI_3002G259000	808.744
SORBI_3002G259100	804.398
SORBI_3002G259200	1117
SORBI_3002G259301	1140
SORBI_3002G259400	2027.338
SORBI_3002G259466	1647.86289136295
ENSRNA049996651	33
SORBI_3002G259532	136
SORBI_3002G259600	1761.69769652992
SORBI_3002G259700	1635.415
SORBI_3002G259800	2642.39746057429
SORBI_3002G259900	3539.19402695469
SORBI_3002G260000	1720.00226858596
SORBI_3002G260100	763
ENSRNA049996644	25
ENSRNA049996637	27
ENSRNA049480657	26
ENSRNA049480666	19
SORBI_3002G260200	368.317102211606
ENSRNA049441756	27
SORBI_3002G260300	451
SORBI_3002G260400	2159.395
SORBI_3002G260500	1015
SORBI_3002G260600	1153.267
SORBI_3002G260700	2890.699
SORBI_3002G260800	523
SORBI_3002G260900	1610.577
SORBI_3002G261000	1022.513
SORBI_3002G261100	654.037
SORBI_3002G261200	765.208
SORBI_3002G261300	717.395
SORBI_3002G261400	1714.348
SORBI_3002G261450	1296
SORBI_3002G261500	1219.553
SORBI_3002G261600	2857.85198959826
SORBI_3002G261700	1754.838
SORBI_3002G261800	930.74
SORBI_3002G261900	1069.17144320428
SORBI_3002G262000	921.702
SORBI_3002G262100	2366.005
SORBI_3002G262200	959.921
SORBI_3002G262250	319
SORBI_3002G262300	1548.699
SORBI_3002G262400	1155.433
SORBI_3002G262500	931.75
SORBI_3002G262600	2726.08635757355
SORBI_3002G262700	1576.872
SORBI_3002G262800	1633.864
SORBI_3002G262850	817
SORBI_3002G262900	2562.619
SORBI_3002G263000	2175.294
SORBI_3002G263100	2095.476
SORBI_3002G263200	3028.34818378992
SORBI_3002G263300	861.756021172556
SORBI_3002G263600	2282.76975648797
SORBI_3002G263700	4356.621
SORBI_3002G263800	831.711
SORBI_3002G263900	1181.13682795818
SORBI_3002G264000	1920.357
SORBI_3002G263400	937.755
SORBI_3002G263500	166
SORBI_3002G264100	1684.943
SORBI_3002G264200	3931.41720855714
SORBI_3002G264300	3067.821
SORBI_3002G264400	2364.13
SORBI_3002G264500	3840.227
SORBI_3002G264600	2025.241
SORBI_3002G264700	1418
SORBI_3002G264800	346.867
SORBI_3002G264900	988.391
SORBI_3002G265001	1972
SORBI_3002G265100	785
SORBI_3002G265133	483
SORBI_3002G265166	184
SORBI_3002G265200	2366.287
SORBI_3002G265300	1931.027
SORBI_3002G265400	1044.344
SORBI_3002G265500	1624
SORBI_3002G265600	776.803
SORBI_3002G265700	2620
SORBI_3002G265800	1087.977
SORBI_3002G265900	650.586
SORBI_3002G266000	3292.573
SORBI_3002G266100	687.091
SORBI_3002G266200	1046.4
SORBI_3002G266250	906
SORBI_3002G266300	2036.275
SORBI_3002G266400	210
SORBI_3002G266500	970
SORBI_3002G266600	2534.775
SORBI_3002G266700	1054
SORBI_3002G266800	2340.518
SORBI_3002G266900	1091.33258171887
SORBI_3002G267000	937
SORBI_3002G267050	3423
SORBI_3002G267100	1282
SORBI_3002G267300	3359.429
SORBI_3002G267400	2638.884
SORBI_3002G267500	1663.222
SORBI_3002G267600	1408.868
SORBI_3002G267700	1303.506
SORBI_3002G267800	1761.297
SORBI_3002G267900	1456.913
SORBI_3002G268000	2010.83401534908
SORBI_3002G268100	2192.764
SORBI_3002G268200	1473.482
SORBI_3002G268250	1267
SORBI_3002G268300	1969
SORBI_3002G268400	1289.993
SORBI_3002G268450	575
SORBI_3002G268500	1300
SORBI_3002G268600	323.269
SORBI_3002G268700	1926.006
SORBI_3002G268800	1173.229
SORBI_3002G268900	2467.428
SORBI_3002G268966	378
SORBI_3002G269032	1531
SORBI_3002G269100	270.602
SORBI_3002G269300	2634.517
SORBI_3002G269400	877.901
SORBI_3002G269500	304.151
SORBI_3002G269600	1216
SORBI_3002G269700	2191
SORBI_3002G269800	2541
SORBI_3002G269900	1359.816
SORBI_3002G270000	4715.8849819681
SORBI_3002G270100	860.91
SORBI_3002G270200	1501.888
SORBI_3002G270300	2076.006
SORBI_3002G270400	195
SORBI_3002G270500	2350.084
SORBI_3002G270600	2349
ENSRNA049442324	25
SORBI_3002G270700	1097.429
SORBI_3002G270733	737
SORBI_3002G270766	910.208
SORBI_3002G270800	1803.93
SORBI_3002G270900	2262.982
SORBI_3002G271000	2986.302
SORBI_3002G271100	2752.48
SORBI_3002G271200	1574.584
SORBI_3002G271300	1276.569
SORBI_3002G271400	1571.812
SORBI_3002G271500	136
ENSRNA049480644	4
SORBI_3002G271600	916.054
SORBI_3002G271700	805.744636048939
ENSRNA049480663	514.061
SORBI_3002G271800	880
SORBI_3002G271900	1332.673
SORBI_3002G272000	1738.514
SORBI_3002G272100	2289.406
SORBI_3002G272200	415.691
SORBI_3002G272250	2300.958
SORBI_3002G272300	2498.911
SORBI_3002G272350	93
SORBI_3002G272400	4297.323
SORBI_3002G272500	982.658
SORBI_3002G272600	2759.323
SORBI_3002G272700	2048.715
SORBI_3002G272800	997.818
SORBI_3002G272900	1730.439
SORBI_3002G273000	2233.629
SORBI_3002G273100	3922.703
SORBI_3002G273200	3609
SORBI_3002G273300	1313.396
SORBI_3002G273400	1613
SORBI_3002G273500	1519
SORBI_3002G273600	2289.06
SORBI_3002G273700	1973.797
SORBI_3002G273800	2160.669
SORBI_3002G273900	899.561
SORBI_3002G274000	2751.492
SORBI_3002G274100	130
SORBI_3002G274200	1172.18856272373
SORBI_3002G274300	1670
SORBI_3002G274400	946
SORBI_3002G274500	1317.965
SORBI_3002G274600	5710.059
SORBI_3002G274700	2104.22900520901
SORBI_3002G274800	2230.58
SORBI_3002G274850	345
SORBI_3002G274900	787
SORBI_3002G275000	1122
SORBI_3002G275050	1082.535
SORBI_3002G275100	2556.468
SORBI_3002G275200	1553.725
SORBI_3002G275300	3514.474
SORBI_3002G275400	165
SORBI_3002G275500	5194.098
SORBI_3002G275600	3058.18007921756
SORBI_3002G275700	3382.08
SORBI_3002G275800	2771
SORBI_3002G275900	1453.119
SORBI_3002G276000	423.845
SORBI_3002G276100	3371.05
SORBI_3002G276400	1799.105
SORBI_3002G276500	1337
SORBI_3002G276600	2391.27
SORBI_3002G276700	1200.291
SORBI_3002G276800	1628.731
SORBI_3002G276900	1004.261
SORBI_3002G277000	274
SORBI_3002G277100	1000.2
SORBI_3002G277200	1317.054
SORBI_3002G277300	1392.4
SORBI_3002G277366	1044
SORBI_3002G277500	7885.059
SORBI_3002G277432	501
SORBI_3002G277600	1085.24713742634
SORBI_3002G277700	1584
SORBI_3002G277800	418
SORBI_3002G277900	5331.764
SORBI_3002G278000	2395.30530531251
SORBI_3002G278100	5057.602
SORBI_3002G278200	1874
SORBI_3002G278300	2502.898
SORBI_3002G278400	1004.165
SORBI_3002G278500	2025.13
SORBI_3002G278600	1099.416
SORBI_3002G278700	1096.825
SORBI_3002G278800	1204
SORBI_3002G278900	319.333333333333
SORBI_3002G279000	865.091
SORBI_3002G279100	1256.236
SORBI_3002G279200	3030.575
SORBI_3002G279300	1694.588
SORBI_3002G279400	2008.509
SORBI_3002G279500	1608.16788335306
SORBI_3002G279600	693.519
SORBI_3002G279700	1654.288
SORBI_3002G279800	1167.852
SORBI_3002G279900	2573.809
SORBI_3002G280001	805.488
SORBI_3002G280100	1536.873
SORBI_3002G280200	631.481
SORBI_3002G280300	1131
SORBI_3002G280400	469.721
SORBI_3002G280500	1477
SORBI_3002G280600	1549.17042846215
SORBI_3002G280700	1338.222
SORBI_3002G280800	1086.57
SORBI_3002G280850	182
SORBI_3002G280900	2305.841
SORBI_3002G280950	455
SORBI_3002G281000	1283.378
SORBI_3002G281100	1987.169
SORBI_3002G281200	998.612
SORBI_3002G281300	1275.149
SORBI_3002G281400	313.63
SORBI_3002G281500	739.3
SORBI_3002G281600	1271.722
SORBI_3002G281700	2222.341
SORBI_3002G281800	977.353
SORBI_3002G281850	3873.846
SORBI_3002G281900	1905.015
SORBI_3002G282000	2731.076
SORBI_3002G282100	1117.80332039649
SORBI_3002G282150	824
SORBI_3002G282200	5113.128
SORBI_3002G282300	1240.994
SORBI_3002G282400	709.305
SORBI_3002G282500	2725.526
SORBI_3002G282600	2150
SORBI_3002G282800	1850
SORBI_3002G282900	1679.596
SORBI_3002G283000	1171
SORBI_3002G283100	3106.024
SORBI_3002G283200	696.928
SORBI_3002G283300	4708.901
SORBI_3002G283400	1464.714
SORBI_3002G283500	10214.18
SORBI_3002G283600	2013.374
SORBI_3002G283800	451.698
SORBI_3002G283900	865
SORBI_3002G284000	1811
SORBI_3002G284100	1663.335
SORBI_3002G284200	3455.454
SORBI_3002G284300	523
SORBI_3002G284400	1583.25890788139
SORBI_3002G284500	3288
SORBI_3002G284600	603.353
SORBI_3002G284701	322
SORBI_3002G284800	189
SORBI_3002G284901	375.172
SORBI_3002G285001	340
SORBI_3002G285101	538
SORBI_3002G285200	239
SORBI_3002G285300	1846
SORBI_3002G285375	701
SORBI_3002G285450	627
SORBI_3002G285525	254
SORBI_3002G285600	364
SORBI_3002G285700	286.609
SORBI_3002G285800	271
SORBI_3002G285950	712
SORBI_3002G286100	1203.653
SORBI_3002G286150	1251
SORBI_3002G286200	3205.485
SORBI_3002G286300	4500.841
SORBI_3002G286400	1465.557
SORBI_3002G286500	2588.908
SORBI_3002G286566	361.499
SORBI_3002G286632	1791.292
SORBI_3002G286700	961
SORBI_3002G286800	1812.095
SORBI_3002G286900	996.585
SORBI_3002G287000	1784.125
SORBI_3002G287100	1550.212
ENSRNA049480640	57
SORBI_3002G287201	7
SORBI_3002G287300	2724
SORBI_3002G287400	3673.183
SORBI_3002G287500	1703.355
SORBI_3002G287600	768
SORBI_3002G287750	355.11
SORBI_3002G287900	706.632
SORBI_3002G288000	2844.742
SORBI_3002G288100	1057.29
SORBI_3002G288200	873.213064090072
SORBI_3002G288300	997.749
SORBI_3002G288400	1454
SORBI_3002G288500	2308
SORBI_3002G288600	102
SORBI_3002G288700	12
SORBI_3002G288800	1882
SORBI_3002G288900	1812.18632744612
SORBI_3002G289000	2168.506
SORBI_3002G289100	502.381
SORBI_3002G289200	1128.504
SORBI_3002G289250	325
SORBI_3002G289300	1880.669
SORBI_3002G289350	597.71
SORBI_3002G289400	4430.142
SORBI_3002G289500	2781.861
SORBI_3002G289601	1039
SORBI_3002G289701	2867.948
ENSRNA049996630	6
SORBI_3002G289800	5844.62693035422
SORBI_3002G289900	2385.682
SORBI_3002G290000	3315.622
SORBI_3002G290100	3540.41577222045
SORBI_3002G290300	3982.722
SORBI_3002G290400	1935.947
SORBI_3002G290500	3213.844
SORBI_3002G290600	1831
SORBI_3002G290700	971
SORBI_3002G290800	1312
SORBI_3002G290900	873.922
SORBI_3002G291000	401
SORBI_3002G291066	338.225
SORBI_3002G291132	1891
SORBI_3002G291200	1718.59254748861
SORBI_3002G291300	1568.99012003425
SORBI_3002G291350	301
SORBI_3002G291400	2076.612
SORBI_3002G291500	2224.049
SORBI_3002G291600	602.928
SORBI_3002G291700	2749.446
SORBI_3002G291800	1324.57
SORBI_3002G291850	853
SORBI_3002G291900	161
SORBI_3002G292000	1065
SORBI_3002G292100	2664.11312845405
SORBI_3002G292200	1907.068
SORBI_3002G292300	3709.044
SORBI_3002G292400	771.671
SORBI_3002G292500	847
SORBI_3002G292600	815.33
SORBI_3002G292700	702.502
SORBI_3002G292800	2012.744
SORBI_3002G292900	3274.016
SORBI_3002G293000	1801.76877246279
SORBI_3002G293100	1900.33333333333
SORBI_3002G293200	659.101
SORBI_3002G293300	4228.416
SORBI_3002G293400	649.185
SORBI_3002G293500	1236.06741787924
SORBI_3002G293600	2106.531
SORBI_3002G293700	5867.90435438341
SORBI_3002G293800	1734.528
SORBI_3002G293900	1217.359
SORBI_3002G293950	2768.52
SORBI_3002G294000	716.105
SORBI_3002G294100	2859.188
SORBI_3002G294200	1999.899
SORBI_3002G294300	340
SORBI_3002G294400	1121.26993152331
SORBI_3002G294500	531.158
SORBI_3002G294600	3330.171
SORBI_3002G294700	780.271
SORBI_3002G294800	3304.418
SORBI_3002G294900	1052.37
SORBI_3002G295000	911
SORBI_3002G295100	2246.153
SORBI_3002G295200	1492
SORBI_3002G295300	994
SORBI_3002G295400	823
SORBI_3002G295500	2431.527
SORBI_3002G295550	1378
SORBI_3002G295600	846
SORBI_3002G295700	1919.18209536227
ENSRNA049442200	26
SORBI_3002G295800	2528.702
SORBI_3002G295900	1206.427
SORBI_3002G296000	3712.768
SORBI_3002G296100	2500.858
SORBI_3002G296200	488.894
SORBI_3002G296300	743.472
SORBI_3002G296400	1518.69
SORBI_3002G296500	190.281
SORBI_3002G296600	1661.435
SORBI_3002G296800	748
SORBI_3002G296900	1332.379
SORBI_3002G297000	1486.076
SORBI_3002G297100	1425.239
SORBI_3002G297200	1626.792
SORBI_3002G297300	3699.026
SORBI_3002G297400	942.417
SORBI_3002G297500	1768.906
SORBI_3002G297600	961.37587579601
SORBI_3002G297700	1776.966
SORBI_3002G297800	1395.927
SORBI_3002G297900	462.779
SORBI_3002G298100	1682.181
SORBI_3002G298201	3090
SORBI_3002G298300	524.194
SORBI_3002G298400	1181
SORBI_3002G298500	1559
SORBI_3002G298600	949
ENSRNA049441805	33
SORBI_3002G298700	2065.49203272273
SORBI_3002G298800	1046.033
SORBI_3002G298900	983.224
SORBI_3002G299000	2856.427
SORBI_3002G299100	1773.289
SORBI_3002G299200	4019.209
SORBI_3002G299300	891.355
SORBI_3002G299400	2203.118
SORBI_3002G299500	3741.823
SORBI_3002G299600	3067.299
SORBI_3002G299700	2354.7
SORBI_3002G299800	1791
SORBI_3002G299900	809.956
SORBI_3002G300000	1414.193
SORBI_3002G300100	1066
SORBI_3002G300300	1942.012
SORBI_3002G300400	2761.614
SORBI_3002G300500	1148.39
SORBI_3002G300600	1740.643
SORBI_3002G300700	1131.16067247638
SORBI_3002G300800	1350
SORBI_3002G300850	149
SORBI_3002G300900	3491
SORBI_3002G300950	587
SORBI_3002G301000	1209.81293492155
SORBI_3002G301100	711.35
SORBI_3002G301200	1886.11
SORBI_3002G301300	1063.646
SORBI_3002G301400	3606.194
SORBI_3002G301500	1400.692
SORBI_3002G301600	1854.828
SORBI_3002G301700	1241.299
SORBI_3002G301800	3217.898
SORBI_3002G301900	1332.897
SORBI_3002G302000	3504
SORBI_3002G302100	908.836
SORBI_3002G302200	2252.5
SORBI_3002G302300	1162.148
SORBI_3002G302400	1024.39025504018
SORBI_3002G302500	2371.745
SORBI_3002G302600	2613.135
SORBI_3002G302700	1221.582
SORBI_3002G302800	1876
SORBI_3002G302900	2814.688
SORBI_3002G303000	2941.92103330777
SORBI_3002G303100	3104.78811174067
SORBI_3002G303200	1809.996
SORBI_3002G303300	5551.571
SORBI_3002G303400	561
SORBI_3002G303500	889
SORBI_3002G303600	2053.34
SORBI_3002G303700	3055.488
SORBI_3002G303800	924.856
SORBI_3002G303900	3001.663
SORBI_3002G303950	1653.57
SORBI_3002G304000	1743.387
SORBI_3002G304100	1466.198
SORBI_3002G304200	403
SORBI_3002G304300	1510
SORBI_3002G304400	318.816
SORBI_3002G304500	2578.661
SORBI_3002G304600	565
SORBI_3002G304700	1798.981
SORBI_3002G304801	1144
SORBI_3002G304900	891.484
SORBI_3002G305000	1771.70297870314
SORBI_3002G305100	2018.209
SORBI_3002G305200	639
SORBI_3002G305300	586
SORBI_3002G305400	1303
SORBI_3002G305500	1217.118
SORBI_3002G305600	2380
SORBI_3002G305700	775.849
SORBI_3002G305750	2193
SORBI_3002G305800	1071
SORBI_3002G305900	894.201
SORBI_3002G306000	2879.32551722814
SORBI_3002G306100	733.938899187829
SORBI_3002G306201	877.69
SORBI_3002G306300	2312.004
SORBI_3002G306400	1088.61821633476
SORBI_3002G306500	1506.126
SORBI_3002G306600	906.13036673756
SORBI_3002G306700	2538.52565025483
SORBI_3002G306800	532.880312054137
SORBI_3002G306900	571.414
SORBI_3002G307000	1117
SORBI_3002G307100	1117
SORBI_3002G307200	1117
SORBI_3002G307300	1117
SORBI_3002G307400	1691
SORBI_3002G307500	5180
SORBI_3002G307600	768.615
SORBI_3002G307700	994
SORBI_3002G307800	1701.538
SORBI_3002G307900	1781
SORBI_3002G308000	1313.797
SORBI_3002G308200	3615.198
SORBI_3002G308300	407.332690388932
SORBI_3002G308400	1194.01
SORBI_3002G308500	2103.819
SORBI_3002G308600	186
SORBI_3002G308700	6944.831
SORBI_3002G308800	2367.75446818687
SORBI_3002G308900	805
SORBI_3002G309000	942
SORBI_3002G309100	1137.992
SORBI_3002G309150	659
SORBI_3002G309200	2223.708
SORBI_3002G309300	517
SORBI_3002G309400	2220.416
SORBI_3002G309500	1248.253
SORBI_3002G309600	4593.33896327022
SORBI_3002G309700	724.869
SORBI_3002G309800	1139.10525034466
SORBI_3002G309900	1118.277
SORBI_3002G310100	9
SORBI_3002G310000	819.059
SORBI_3002G310200	1571.359
SORBI_3002G310300	3408.498
SORBI_3002G310400	1033
SORBI_3002G310500	1423
SORBI_3002G310600	1125.117
SORBI_3002G310800	3329.88754429145
SORBI_3002G310900	1502.432
SORBI_3002G311000	2892.544
SORBI_3002G311100	1649.66171559252
SORBI_3002G311200	1049.154
SORBI_3002G311300	1498.383
SORBI_3002G311350	271
SORBI_3002G311400	609.524
SORBI_3002G311501	2648.652
SORBI_3002G311601	1165.41
SORBI_3002G311700	7434.411
SORBI_3002G311900	1721.385
SORBI_3002G312000	1258
SORBI_3002G312100	1285
SORBI_3002G312200	2153.157
SORBI_3002G312300	1616.87601649128
SORBI_3002G312400	3877.625
SORBI_3002G312500	970
SORBI_3002G312550	425
SORBI_3002G312600	3629.682
SORBI_3002G312700	2704.55457673403
SORBI_3002G312800	1452.156
SORBI_3002G312900	3449.941
SORBI_3002G313000	2607.264
SORBI_3002G313100	2655.88
SORBI_3002G313300	2958.677
ENSRNA049441925	25
SORBI_3002G313400	4589.658
SORBI_3002G313500	881.953
SORBI_3002G313600	1418.354
SORBI_3002G313700	2502.27765236941
SORBI_3002G313800	5483.178
SORBI_3002G313850	1797
SORBI_3002G313900	2837.037
SORBI_3002G314000	931
SORBI_3002G314100	969.697
SORBI_3002G314200	687.134
SORBI_3002G314300	3400.464
SORBI_3002G314400	4865.437
SORBI_3002G314500	914.06
SORBI_3002G314600	904
SORBI_3002G314700	2843.729
SORBI_3002G314800	2155
SORBI_3002G314900	1898.611
SORBI_3002G314950	2781.858
SORBI_3002G315000	1362
SORBI_3002G315100	3775.997
SORBI_3002G315200	3959.45
SORBI_3002G315400	2526.473
SORBI_3002G315450	735
SORBI_3002G315500	2295
SORBI_3002G315700	1457.055
SORBI_3002G315800	1254.29850147212
SORBI_3002G315900	645
SORBI_3002G316000	970
SORBI_3002G316100	1300
SORBI_3002G316200	448
SORBI_3002G316301	64
SORBI_3002G316400	3251.639
SORBI_3002G316500	2379.45792778469
SORBI_3002G316600	3248.1390785682
SORBI_3002G316700	1895.91
SORBI_3002G316800	2825.122
SORBI_3002G316900	3095.213
SORBI_3002G317001	1143.992
SORBI_3002G317100	2792.775
SORBI_3002G317200	3466.18665925355
SORBI_3002G317300	1731.37945058335
SORBI_3002G317350	109
SORBI_3002G317400	1868.09517302724
SORBI_3002G317500	1219.651
SORBI_3002G317600	791.274074836131
SORBI_3002G317700	951.355
SORBI_3002G317800	1580.7
SORBI_3002G317900	2206
SORBI_3002G318000	2202.167
SORBI_3002G318100	723.927
SORBI_3002G318200	1076.703
SORBI_3002G318300	7727.229
SORBI_3002G318400	192
SORBI_3002G318501	480.977
SORBI_3002G318600	1351.684
SORBI_3002G318700	216.149
SORBI_3002G318800	2262.875
SORBI_3002G318900	276.296
SORBI_3002G319100	415.182
SORBI_3002G319200	2449.032
SORBI_3002G319300	3171.323
SORBI_3002G319400	1554.644
SORBI_3002G319500	2152.847
SORBI_3002G319600	292
SORBI_3002G319700	1243
SORBI_3002G319766	1672.868
SORBI_3002G319832	1563
SORBI_3002G319900	1923.747
SORBI_3002G320001	1607.087
ENSRNA049480671	3
ENSRNA049480667	3
SORBI_3002G320100	812.034
SORBI_3002G320200	1557.873
SORBI_3002G320300	1408
SORBI_3002G320500	4161.74
SORBI_3002G320600	2369.55923458052
SORBI_3002G320700	7324.389
SORBI_3002G320800	1559.792
SORBI_3002G320900	4006.69792918695
SORBI_3002G321000	438.383
SORBI_3002G321100	5457.745
SORBI_3002G321200	3317.786
SORBI_3002G321300	4943.22374280861
SORBI_3002G321400	4566.32
SORBI_3002G321500	1665.937
SORBI_3002G321600	568
SORBI_3002G321700	1017
SORBI_3002G321800	175.19
SORBI_3002G321901	2722.986
SORBI_3002G322000	1558.938
SORBI_3002G322101	3088.914
SORBI_3002G322200	3457
SORBI_3002G322100	6427.508
SORBI_3002G322300	554.574
SORBI_3002G322350	106
SORBI_3002G322400	2029.964
SORBI_3002G322500	660.078
SORBI_3002G322600	1462
SORBI_3002G322700	838.719
SORBI_3002G322800	2792.639
SORBI_3002G322900	2215.975
SORBI_3002G323000	2323.982
SORBI_3002G323200	2125
SORBI_3002G323300	1439.75893352717
SORBI_3002G323400	1418
SORBI_3002G323500	1463
SORBI_3002G323600	1389.684
SORBI_3002G323700	1486.122
SORBI_3002G323800	889
SORBI_3002G323900	808.804
SORBI_3002G324000	1923
SORBI_3002G324100	2541.633
SORBI_3002G324200	2270.384
SORBI_3002G324300	2772.359
SORBI_3002G324400	1584.425
SORBI_3002G324500	1804.615
SORBI_3002G324700	3037.495
SORBI_3002G324801	3501.024
SORBI_3002G324900	2263.557
SORBI_3002G325000	1208.427
SORBI_3002G325100	750.032
SORBI_3002G325200	718
SORBI_3002G325300	1553.53
SORBI_3002G325400	2473.739
SORBI_3002G325500	1094.358
SORBI_3002G325600	619
SORBI_3002G325700	1111
SORBI_3002G325800	1261
SORBI_3002G325900	1435
SORBI_3002G326000	879.457
SORBI_3002G326050	845.641
SORBI_3002G326100	1431.519
SORBI_3002G326200	1342.774
SORBI_3002G326300	445.572
SORBI_3002G326400	2026.965
SORBI_3002G326500	2628.152
SORBI_3002G326650	2537.201
SORBI_3002G326800	2022.398
SORBI_3002G326900	576.708673500533
SORBI_3002G327000	4241.80787113273
SORBI_3002G327100	771.054
SORBI_3002G327201	719.063
SORBI_3002G327300	1582.012
SORBI_3002G327400	531.089
SORBI_3002G327500	2748.746
SORBI_3002G327600	3446
SORBI_3002G327700	6765.478
SORBI_3002G327800	2720.684
SORBI_3002G327900	2104.04243321025
SORBI_3002G328000	2232.12532509858
SORBI_3002G328100	2340.782
SORBI_3002G328200	2028.258
SORBI_3002G328250	749
SORBI_3002G328300	3706.523
SORBI_3002G328400	2508.40595253756
SORBI_3002G328500	2420.5544342171
SORBI_3002G328550	1029
SORBI_3002G328600	3128.746
SORBI_3002G328800	1880.37244208484
SORBI_3002G328900	2107.5
SORBI_3002G329000	2335.428
SORBI_3002G329100	2221.148
SORBI_3002G329200	954
SORBI_3002G329300	986.53
SORBI_3002G329400	2560.419
SORBI_3002G329500	1988.922
SORBI_3002G329600	601.407
SORBI_3002G329700	2462.36
SORBI_3002G329800	764.585
SORBI_3002G329900	586.093
SORBI_3002G330000	707.017
SORBI_3002G330100	3813.999
SORBI_3002G330200	1063
SORBI_3002G330300	4654.405
SORBI_3002G330400	1690.159
SORBI_3002G330500	1643.514
SORBI_3002G330600	2713.986
SORBI_3002G330700	654.822
ENSRNA049480641	30
SORBI_3002G330800	3756.56
SORBI_3002G330900	1694.986
SORBI_3002G331000	818.017
SORBI_3002G331050	1556.03
SORBI_3002G331100	1326.316
SORBI_3002G331200	808
SORBI_3002G331300	693.326
SORBI_3002G331400	1312
SORBI_3002G331450	644.301
SORBI_3002G331500	1069
SORBI_3002G331600	1081
SORBI_3002G331700	1910.507
SORBI_3002G331800	1838.145
SORBI_3002G331900	189
SORBI_3002G332000	435
SORBI_3002G332100	1351.515
SORBI_3002G332200	783.298611298309
SORBI_3002G332300	1106
SORBI_3002G332400	997.152
SORBI_3002G332500	265
SORBI_3002G332600	405
SORBI_3002G332750	1522.049
SORBI_3002G332900	1955.274
SORBI_3002G333001	1382
SORBI_3002G333100	950.207
SORBI_3002G333200	2666
SORBI_3002G333300	2500.297
SORBI_3002G333400	3243.871
SORBI_3002G333500	3171.67487176733
SORBI_3002G333600	2290.107
SORBI_3002G333700	1435.49
SORBI_3002G333800	3960.383
SORBI_3002G333900	3375.373
SORBI_3002G334000	2558
SORBI_3002G334100	2754.795
SORBI_3002G334200	3051.243
SORBI_3002G334300	2525
SORBI_3002G334400	2778
SORBI_3002G334500	2721
SORBI_3002G334600	3306.98
SORBI_3002G334700	963.557
SORBI_3002G334800	160
SORBI_3002G334900	2679.778
SORBI_3002G335000	2593.646
SORBI_3002G335100	1934.416
SORBI_3002G335200	1231.419
SORBI_3002G335300	1518.424
SORBI_3002G335400	5988.702
SORBI_3002G335500	1057
SORBI_3002G335600	6361.528
SORBI_3002G335700	2259.218
SORBI_3002G335900	953.107
SORBI_3002G336000	1555.312
SORBI_3002G336100	1296.245
SORBI_3002G336200	3455.002
SORBI_3002G336400	1785.567
SORBI_3002G336500	3115.61
SORBI_3002G336600	2099.4950912881
SORBI_3002G336700	914.177
SORBI_3002G336800	1389.282
SORBI_3002G336900	427
SORBI_3002G337001	626
SORBI_3002G337100	1724.061
SORBI_3002G337300	1890.529
SORBI_3002G337400	3341.21
SORBI_3002G337500	1944.897
SORBI_3002G337600	1455
SORBI_3002G337700	2429.3256884679
SORBI_3002G337800	2271.384
SORBI_3002G338000	1062.776
SORBI_3002G338100	1308.872
SORBI_3002G338200	1211.689
SORBI_3002G338250	529
SORBI_3002G338300	1873.699
SORBI_3002G338400	415.168
SORBI_3002G338450	879
SORBI_3002G338500	1814.224
SORBI_3002G338600	924.666666666667
ENSRNA049442187	25
SORBI_3002G338700	1231.509
SORBI_3002G338800	933
SORBI_3002G338900	2049.275
SORBI_3002G339000	1862.08
SORBI_3002G339100	3410.439
SORBI_3002G339200	1161.913
SORBI_3002G339250	862
SORBI_3002G339300	4452.99
SORBI_3002G339400	1454.075
SORBI_3002G339500	1922.33
SORBI_3002G339600	2892.372
SORBI_3002G339666	964
SORBI_3002G339732	422
SORBI_3002G339800	3220.12536391556
SORBI_3002G339900	960.251907632283
SORBI_3002G340000	3544.051
SORBI_3002G340100	2279.922
SORBI_3002G340200	1840.23035652859
SORBI_3002G340350	15558.46
SORBI_3002G340500	863.797
SORBI_3002G340600	2692.45
SORBI_3002G340700	1265.048
SORBI_3002G340900	5065.769
SORBI_3002G341000	2876.947
SORBI_3002G341100	2315.398
SORBI_3002G341200	4126.623
SORBI_3002G341300	990.086352103946
SORBI_3002G341400	1421
SORBI_3002G341500	1304.576
SORBI_3002G341600	2734.472
SORBI_3002G341700	1802
SORBI_3002G341800	3058.459
SORBI_3002G341900	480.398
SORBI_3002G342000	2210.78
SORBI_3002G342100	3111.363
SORBI_3002G342200	1275
SORBI_3002G342300	1529.455
SORBI_3002G342400	2792.049
SORBI_3002G342500	1649.666
SORBI_3002G342600	639.444
SORBI_3002G342700	1361.771
SORBI_3002G342800	444.231
SORBI_3002G342901	493.639
SORBI_3002G343000	3048.478
SORBI_3002G343100	2333.16928078642
SORBI_3002G343200	4244.713
SORBI_3002G343300	3254.773
SORBI_3002G343400	1867.938
SORBI_3002G343500	1835.48
SORBI_3002G343600	1015.369
SORBI_3002G343700	752
SORBI_3002G343800	3103.477
SORBI_3002G343901	4080.919
SORBI_3002G344000	2819.25916837328
SORBI_3002G344100	730.5
SORBI_3002G344201	1829.5
SORBI_3002G344301	355.927
SORBI_3002G344400	1464
SORBI_3002G344500	1578.619
SORBI_3002G344600	10471.33
SORBI_3002G344700	1006.367
SORBI_3002G344800	292
SORBI_3002G344900	1242
SORBI_3002G345000	620.361
SORBI_3002G345100	2053.01
SORBI_3002G345200	1006.858
SORBI_3002G345300	921.156
SORBI_3002G345400	1315.072
SORBI_3002G345500	379
SORBI_3002G345600	372
SORBI_3002G345700	2365.20416530463
SORBI_3002G345800	966.843
SORBI_3002G345850	2894.783
SORBI_3002G345900	397
SORBI_3002G346000	535
SORBI_3002G346100	627.801
SORBI_3002G346200	3671.277
SORBI_3002G346250	957.136
SORBI_3002G346300	1734.753
SORBI_3002G346400	2831.1
SORBI_3002G346600	4677.273
SORBI_3002G346501	770
SORBI_3002G346700	1480
SORBI_3002G346800	458
SORBI_3002G346900	1305.0937017874
SORBI_3002G347000	1256.509
SORBI_3002G347100	2063
SORBI_3002G347200	629
SORBI_3002G347300	1790.916
SORBI_3002G347400	2210.3094449036
SORBI_3002G347500	1173.871
SORBI_3002G347600	2279.69126339396
SORBI_3002G347700	2180.155
SORBI_3002G347750	516
SORBI_3002G347800	1029
SORBI_3002G347850	1074
SORBI_3002G347900	1575.271
SORBI_3002G348000	4462.545
SORBI_3002G348100	801.308
SORBI_3002G348200	122
SORBI_3002G348300	396
SORBI_3002G348400	1210.424
SORBI_3002G348500	857.181
SORBI_3002G348600	1497.54
SORBI_3002G348700	1798.277
SORBI_3002G348850	1139
SORBI_3002G348800	798
SORBI_3002G348900	738.208
SORBI_3002G349000	1885.464
SORBI_3002G349100	1259.636
SORBI_3002G349200	518
SORBI_3002G349300	41
SORBI_3002G349400	6
SORBI_3002G349500	2761
SORBI_3002G349600	1151.5
SORBI_3002G349800	587
SORBI_3002G349900	2711.049
SORBI_3002G350000	152
SORBI_3002G350100	875
SORBI_3002G350200	184
SORBI_3002G350300	1721.24454085593
SORBI_3002G350400	1570.465
SORBI_3002G350500	1418
SORBI_3002G350600	3680.085
SORBI_3002G350700	1928.736
SORBI_3002G350800	2165.468
SORBI_3002G350901	2574.106
SORBI_3002G351000	610
SORBI_3002G351100	1213.289
SORBI_3002G351200	1355.572
SORBI_3002G351300	3182.522
SORBI_3002G351400	2689.067
SORBI_3002G351500	765
SORBI_3002G351600	2002.281
SORBI_3002G351700	3935.801
SORBI_3002G351801	251
SORBI_3002G351900	357.812
SORBI_3002G352000	2124.895
SORBI_3002G352100	1014.39292366333
SORBI_3002G352200	2160.577
SORBI_3002G352301	1236
SORBI_3002G352401	409
SORBI_3002G352501	2356
SORBI_3002G352600	781.241
SORBI_3002G352700	457.514
SORBI_3002G352800	3363.565
SORBI_3002G352900	341
ENSRNA049996626	47
SORBI_3002G353000	1048.079
SORBI_3002G353100	649
SORBI_3002G353200	1249.553
SORBI_3002G353300	1804.458
ENSRNA049485374	11
SORBI_3002G353400	1660.384
SORBI_3002G353450	1112
SORBI_3002G353500	1344.605
SORBI_3002G353600	2250.09718872785
SORBI_3002G353700	2493.435
SORBI_3002G353800	972.368
SORBI_3002G353900	2072.265
SORBI_3002G354000	2114.698
SORBI_3002G354100	4081.98
SORBI_3002G354200	1607.111
SORBI_3002G354300	1099
SORBI_3002G354400	1480.5
SORBI_3002G354501	473.454
SORBI_3002G354600	2286.467
SORBI_3002G354700	2912.43
SORBI_3002G354800	2894.75036322585
SORBI_3002G354900	4423.992
SORBI_3002G355000	2182.282
SORBI_3002G355100	1113.191
SORBI_3002G355200	2226.511
SORBI_3002G355300	2658.659
SORBI_3002G355400	1531.8
SORBI_3002G355500	2518.072
SORBI_3002G355600	547.684
SORBI_3002G355700	1779
SORBI_3002G355800	1217.962
SORBI_3002G355900	2487.428
SORBI_3002G356000	1056.547
SORBI_3002G356101	431.478
SORBI_3002G356200	2325.134
SORBI_3002G356300	455.258
SORBI_3002G356400	739.436
SORBI_3002G356500	3262.342
SORBI_3002G356600	961.040084031401
SORBI_3002G356700	907.564
SORBI_3002G356800	1506.192
SORBI_3002G356900	1816.982
SORBI_3002G357000	1108.521
SORBI_3002G357100	2339.547
SORBI_3002G357200	506.931
SORBI_3002G357300	711
SORBI_3002G357400	1608.706
SORBI_3002G357500	562
SORBI_3002G357600	957.812
SORBI_3002G357700	3538.918
SORBI_3002G357800	2816.553
SORBI_3002G357900	1395.474
SORBI_3002G357950	1338
SORBI_3002G358000	2257
SORBI_3002G358100	1659.048
SORBI_3002G358200	10550.978
SORBI_3002G358300	1513.61
SORBI_3002G358400	3664.412
SORBI_3002G358450	463
SORBI_3002G358500	2220.502
SORBI_3002G358600	2351.962
SORBI_3002G358800	2559.551
SORBI_3002G358900	1753.69
SORBI_3002G359000	2920.98
SORBI_3002G359100	1957
SORBI_3002G359200	1079
SORBI_3002G359300	1224.893
SORBI_3002G359400	2187.992
SORBI_3002G359500	1034
SORBI_3002G359600	1413.552
SORBI_3002G359700	998.409
SORBI_3002G359800	626.372
SORBI_3002G359900	2532.57952686709
SORBI_3002G360000	334.138
SORBI_3002G360100	749.993
SORBI_3002G360200	1728.927
SORBI_3002G360301	161
SORBI_3002G360400	727
SORBI_3002G360500	1644.243
SORBI_3002G360600	865
SORBI_3002G360701	380.379
SORBI_3002G360801	496
SORBI_3002G360900	531
SORBI_3002G361001	677.685
SORBI_3002G361100	793.858
SORBI_3002G361200	387.621
SORBI_3002G361300	2437.248
SORBI_3002G361400	3580.784
SORBI_3002G361500	2523.226
SORBI_3002G361600	310.964
SORBI_3002G361700	1279.247
SORBI_3002G361800	104
SORBI_3002G361900	161
SORBI_3002G362000	1317.207
SORBI_3002G362100	808.319
SORBI_3002G362200	3529.409
SORBI_3002G362300	933.151138538164
SORBI_3002G362400	895
SORBI_3002G362500	1527.774
SORBI_3002G362600	1792.235
SORBI_3002G362700	2393.717
SORBI_3002G362800	5750.7
SORBI_3002G362900	3499.27841080562
SORBI_3002G363000	1705.597
SORBI_3002G363100	2559.919
SORBI_3002G363200	1627.139
SORBI_3002G363300	848
SORBI_3002G363400	4144.473
SORBI_3002G363433	1076
SORBI_3002G363466	514
SORBI_3002G363500	2221.85056268648
SORBI_3002G363600	2360.014
SORBI_3002G363700	2575.33199971793
SORBI_3002G363800	4717.709231205
SORBI_3002G363901	496
SORBI_3002G364000	2166.488
SORBI_3002G364100	884.926
SORBI_3002G364301	703
SORBI_3002G364500	895.885
SORBI_3002G364600	496
SORBI_3002G364700	2530.392
SORBI_3002G364800	2358.52619167202
SORBI_3002G364900	2398.854
SORBI_3002G365100	1333.8050607704
SORBI_3002G365200	218.143
SORBI_3002G365300	1609
SORBI_3002G365400	843.353
SORBI_3002G365500	168.608
SORBI_3002G365550	614.235
SORBI_3002G365600	284.589
SORBI_3002G365700	586.683
SORBI_3002G365801	818.479
SORBI_3002G365900	1412.283
SORBI_3002G366000	1207.539
SORBI_3002G366100	2391.487
SORBI_3002G366200	3840.706
SORBI_3002G366300	1957.41
SORBI_3002G366400	2899.887
SORBI_3002G366500	1442.878
SORBI_3002G366600	2059.183
SORBI_3002G366700	122
ENSRNA049442156	27
SORBI_3002G366800	1080.40974722356
SORBI_3002G366900	2943.30712009221
SORBI_3002G367000	1531.388
SORBI_3002G367100	2317.423
SORBI_3002G367200	2154.692
SORBI_3002G367300	2927.599
SORBI_3002G367400	2650.861
SORBI_3002G367500	913
SORBI_3002G367600	1686
SORBI_3002G367700	2226.38277580247
SORBI_3002G367800	2295.414
SORBI_3002G367850	488
SORBI_3002G367900	1694.917
SORBI_3002G368000	2979.51476979068
SORBI_3002G368100	2088.565
SORBI_3002G368200	367.222
SORBI_3002G368300	2845.25
SORBI_3002G368400	3816.606
SORBI_3002G368500	700.634
ENSRNA049442138	25
SORBI_3002G368600	1464.422
ENSRNA049442126	25
SORBI_3002G368700	1307.667
SORBI_3002G368800	521.242
SORBI_3002G368901	670
SORBI_3002G369000	6011.205
SORBI_3002G369100	700
SORBI_3002G369200	101
SORBI_3002G369301	742
SORBI_3002G369400	939.528
SORBI_3002G369500	684.003
SORBI_3002G369600	1203
SORBI_3002G369701	3322.39218350567
SORBI_3002G369800	1126.732
SORBI_3002G370000	1233.067
SORBI_3002G370100	878.845
SORBI_3002G370150	567
SORBI_3002G370200	3088.689
SORBI_3002G370300	1224.695
SORBI_3002G370400	1412.636
SORBI_3002G370500	1648.453
SORBI_3002G370600	3048.857
SORBI_3002G370700	1453.826
SORBI_3002G370800	1601.901
SORBI_3002G370900	1091.173
SORBI_3002G371000	1036.56
ENSRNA049485379	22
ENSRNA049485360	22
ENSRNA049485365	20
SORBI_3002G371100	1033.413
SORBI_3002G371200	610.829
SORBI_3002G371300	1620.163
SORBI_3002G371400	2229.88180195615
SORBI_3002G371500	3038.605
SORBI_3002G371600	2895.89829905301
SORBI_3002G371700	2457.776
SORBI_3002G371800	3438.72
SORBI_3002G371900	1577
SORBI_3002G372000	3421
SORBI_3002G372100	4590.687
SORBI_3002G372200	1267
ENSRNA049485382	128
ENSRNA049485389	11
SORBI_3002G372300	1418.28449191146
SORBI_3002G372400	504.61
SORBI_3002G372500	2546.595
SORBI_3002G372600	610.822
SORBI_3002G372700	2114.349
SORBI_3002G372800	1899.94173921424
SORBI_3002G372900	566.506
SORBI_3002G373001	657.521
SORBI_3002G373100	1598.205
SORBI_3002G373200	1388.004
SORBI_3002G373300	573.305
SORBI_3002G373400	886
SORBI_3002G373500	1711.1
SORBI_3002G373600	1892.40284726075
SORBI_3002G373700	1899
SORBI_3002G373800	2116.666
SORBI_3002G373900	1627.561
ENSRNA049485356	102.883
SORBI_3002G373950	7094.275
SORBI_3002G374000	965
SORBI_3002G374100	1116.992
SORBI_3002G374200	1071.906
SORBI_3002G374300	3013.62164090364
SORBI_3002G374400	3967.00766933424
SORBI_3002G374500	1582
SORBI_3002G374600	2473.81
SORBI_3002G374650	2000.57111227117
SORBI_3002G374700	4233.78
SORBI_3002G375000	124
SORBI_3002G374900	1287.624
SORBI_3002G375100	1244.427
SORBI_3002G375200	1599.503
SORBI_3002G375300	3006.181
SORBI_3002G375400	3527.4547260994
SORBI_3002G375500	3457.338
SORBI_3002G375600	346.126
SORBI_3002G375701	1078
SORBI_3002G375800	2083.874
SORBI_3002G375900	2620.47626423816
SORBI_3002G375950	564
SORBI_3002G376000	1371.892
SORBI_3002G376100	3311.041
SORBI_3002G376200	1506.13
SORBI_3002G376300	2607.031
SORBI_3002G376400	1125.30136984274
SORBI_3002G376500	924.194638293425
SORBI_3002G376600	3847.1956778662
SORBI_3002G376700	125
SORBI_3002G376800	1150.911
SORBI_3002G376900	1287.694
SORBI_3002G377000	5463.1
SORBI_3002G377100	1690.751
SORBI_3002G377200	2555.62811077056
SORBI_3002G377300	2710.814
SORBI_3002G377400	2907.777
SORBI_3002G377501	1729.143
SORBI_3002G377600	1480.888
SORBI_3002G377700	1219
SORBI_3002G377800	799.378
SORBI_3002G377900	265.787
SORBI_3002G378000	4891.725
SORBI_3002G378100	3760.615
SORBI_3002G378200	1457.505
SORBI_3002G378300	1429.039
SORBI_3002G378401	2663.51
SORBI_3002G378500	1534.248
SORBI_3002G378600	1440.92
SORBI_3002G378700	1234.007
SORBI_3002G378800	3148.972
SORBI_3002G378900	4185.23562922065
SORBI_3002G379000	1807
SORBI_3002G379200	1271.18720969479
SORBI_3002G379100	1384.924
SORBI_3002G379201	484
SORBI_3002G379300	2908.865
SORBI_3002G379400	1657.129
SORBI_3002G379500	1189.89179851124
SORBI_3002G379600	1936.318
ENSRNA049485378	61
SORBI_3002G379700	1608.174
SORBI_3002G379750	5310.575
SORBI_3002G379800	428.831
SORBI_3002G379866	641.049
SORBI_3002G379932	1029
SORBI_3002G380000	548.047
SORBI_3002G380100	4445.551
SORBI_3002G380150	754
SORBI_3002G380200	2881.63871846994
SORBI_3002G380300	881
SORBI_3002G380400	155
SORBI_3002G380500	2531.3949665964
SORBI_3002G380550	376
SORBI_3002G380600	714.16
SORBI_3002G380700	1169.658
SORBI_3002G380750	523
SORBI_3002G380800	1020
SORBI_3002G381100	571
SORBI_3002G381200	1298
SORBI_3002G381300	868.061
SORBI_3002G381400	1849.157
SORBI_3002G381500	1432
SORBI_3002G381600	1154.5
SORBI_3002G381700	2224.059
SORBI_3002G381750	1210
SORBI_3002G381800	654
SORBI_3002G381900	1837.599
SORBI_3002G382001	1018.957
SORBI_3002G382100	597.013
SORBI_3002G382200	585
SORBI_3002G382300	1066.605
SORBI_3002G382400	77
SORBI_3002G382500	1174.039
SORBI_3002G382600	1791.275
SORBI_3002G382700	2377.638
SORBI_3002G382800	2453.764
SORBI_3002G382900	1094
SORBI_3002G382950	568.083
SORBI_3002G383000	4276.288
SORBI_3002G383050	1584.926
SORBI_3002G383100	3871.682
SORBI_3002G383300	1299.9093973278
SORBI_3002G383400	1546.965
SORBI_3002G383500	1281.783
SORBI_3002G383600	4295.37921106606
SORBI_3002G383700	1843.872
ENSRNA049441989	25
SORBI_3002G383800	1412.372
SORBI_3002G383900	2220.324
SORBI_3002G384000	1158
SORBI_3002G384100	2959.717
SORBI_3002G384150	1202.786
SORBI_3002G384200	824.226
SORBI_3002G384300	2082.42667445783
SORBI_3002G384400	1180.724
SORBI_3002G384500	1082
SORBI_3002G384600	2180
SORBI_3002G384700	1187.766
ENSRNA049485361	36
ENSRNA049485366	34
SORBI_3002G384800	1187.029
SORBI_3002G384900	637
SORBI_3002G385000	2676
SORBI_3002G385100	1158.715
ENSRNA049485363	36
ENSRNA049485368	34
SORBI_3002G385200	2030.973
SORBI_3002G385300	1596.118
SORBI_3002G385400	984.078
SORBI_3002G385450	771.676
ENSRNA049442115	33
SORBI_3002G385500	1109.66
SORBI_3002G385601	457.351
SORBI_3002G385700	3556
SORBI_3002G385800	1569.84291220938
SORBI_3002G385900	1202.93
SORBI_3002G386000	360.153
SORBI_3002G386100	619.158125366229
SORBI_3002G386200	2840.746
ENSRNA049441997	27
SORBI_3002G386300	591.253
SORBI_3002G386400	1567.161
SORBI_3002G386500	2441.301
SORBI_3002G386600	4395.8
SORBI_3002G386700	1147.171
SORBI_3002G386800	1471.404
SORBI_3002G386900	2653.77795631757
SORBI_3002G387000	810.631444068272
SORBI_3002G387100	2794.005
SORBI_3002G387200	1908.60149691443
SORBI_3002G387300	2247.853
SORBI_3002G387400	1930.987
SORBI_3002G387450	675
ENSRNA049485371	11
SORBI_3002G387500	1371.212
SORBI_3002G387600	1582.349
SORBI_3002G387701	4157.093
SORBI_3002G387800	1194.549
SORBI_3002G387900	1879
SORBI_3002G388000	1088.29901524905
SORBI_3002G388100	2634.38148990651
SORBI_3002G388200	2202.743
SORBI_3002G388400	2732.076
SORBI_3002G388500	3321.928
SORBI_3002G388600	1766.634
SORBI_3002G388700	1355.607
SORBI_3002G388800	1940.183
SORBI_3002G388900	1718.522
SORBI_3002G389000	1963.078
SORBI_3002G389100	2301.533
SORBI_3002G389200	4857.292
SORBI_3002G389301	3113.03
SORBI_3002G389400	2913.214
SORBI_3002G389500	1192.145
SORBI_3002G389600	2869.42820949605
SORBI_3002G389800	2687.828
SORBI_3002G389900	1458.071
SORBI_3002G390000	5220.105
SORBI_3002G390100	1573.034
SORBI_3002G390200	2299.4713031748
SORBI_3002G390300	491.879
SORBI_3002G390400	3806.242
SORBI_3002G390500	2410.45642676352
SORBI_3002G390600	1338.74
SORBI_3002G390700	2636.5
SORBI_3002G390800	4647.366
SORBI_3002G390900	1874.809
SORBI_3002G391000	467
SORBI_3002G391100	1225.221
SORBI_3002G391200	1419
SORBI_3002G391300	1259
SORBI_3002G391400	1443
SORBI_3002G391501	1111
SORBI_3002G391600	6397.636
SORBI_3002G391700	1223
SORBI_3002G391800	1381
SORBI_3002G391900	1786.767
SORBI_3002G392000	1301.642
SORBI_3002G392100	1274
SORBI_3002G392200	604
SORBI_3002G392300	1117
SORBI_3002G392400	1294.038
SORBI_3002G392500	4368
SORBI_3002G392550	9160.048
SORBI_3002G392600	5848.52105270423
SORBI_3002G392700	2495.358
SORBI_3002G392800	1135.711
SORBI_3002G392900	1096.166
SORBI_3002G393000	3405.45
SORBI_3002G393100	1575
SORBI_3002G393200	1717.378
SORBI_3002G393266	5156
SORBI_3002G393332	119
SORBI_3002G393400	411.464
SORBI_3002G393500	336.986
SORBI_3002G393600	4105.372
SORBI_3002G393700	2681.31183216547
SORBI_3002G393800	3295.078
SORBI_3002G393900	4152.961
SORBI_3002G393950	355
SORBI_3002G394000	1030
SORBI_3002G394100	1204
SORBI_3002G394200	2918.566
SORBI_3002G394300	169
SORBI_3002G394400	1283.80911375888
SORBI_3002G394433	553.434
SORBI_3002G394466	857
SORBI_3002G394500	3162.821
SORBI_3002G394550	2439
SORBI_3002G394600	1310.53
SORBI_3002G394700	1577
SORBI_3002G394800	1292.398
SORBI_3002G394900	889
SORBI_3002G395000	1152.619
SORBI_3002G395100	1617
SORBI_3002G395200	1239.376
SORBI_3002G395300	1613.757
SORBI_3002G395400	187
SORBI_3002G395500	969.155
SORBI_3002G395600	1770.624
SORBI_3002G395700	1623.5
SORBI_3002G395801	300.287
SORBI_3002G395900	2346.13458294483
SORBI_3002G396000	2640.946
SORBI_3002G396050	1777
SORBI_3002G396100	1804.13471551067
SORBI_3002G396200	590.842
SORBI_3002G396300	2335.615
SORBI_3002G396400	769.396
SORBI_3002G396500	13293.437
SORBI_3002G396600	1157
SORBI_3002G396700	2142.414
SORBI_3002G396800	2825.901
SORBI_3002G396900	2355.726
SORBI_3002G397001	733
SORBI_3002G397100	1716.075
SORBI_3002G397200	451
SORBI_3002G397300	1208
SORBI_3002G397400	1638.872
SORBI_3002G397500	5033.84105984226
SORBI_3002G397600	814.900756629311
SORBI_3002G397650	1748
SORBI_3002G397700	1008
SORBI_3002G397900	1038.575
SORBI_3002G398000	1991.607
SORBI_3002G398100	2732.784
SORBI_3002G398200	3256.929
SORBI_3002G398300	889
SORBI_3002G398400	3115.968
SORBI_3002G398500	909.37
SORBI_3002G398600	2039
SORBI_3002G398700	1673.373
SORBI_3002G398800	1756.031
SORBI_3002G398901	286.7
SORBI_3002G399000	1340.18413969909
SORBI_3002G399100	1349.65912116279
SORBI_3002G399200	1598.189
SORBI_3002G399300	1747
SORBI_3002G399400	1684.96
SORBI_3002G399500	967.278
SORBI_3002G399600	691
SORBI_3002G399700	1036.5
SORBI_3002G399800	5507.66
SORBI_3002G399900	1280.303
SORBI_3002G400000	1791.285
SORBI_3002G400050	1752
SORBI_3002G400101	1909.72344080346
SORBI_3002G400151	1560.18772436013
SORBI_3002G400200	476.99813297899
SORBI_3002G400300	1541.04149834479
SORBI_3002G400400	1675.51383889219
SORBI_3002G400500	613
SORBI_3002G400600	1922.604
SORBI_3002G400700	1076
SORBI_3002G400800	1880.869
SORBI_3002G400900	1070.812
SORBI_3002G401000	1197.793
SORBI_3002G401100	912.373
SORBI_3002G401200	1661.349
SORBI_3002G401301	1229.5
SORBI_3002G401400	777
SORBI_3002G401500	3699.87
SORBI_3002G401533	374.998
SORBI_3002G401566	982
SORBI_3002G401600	1262.891
SORBI_3002G401700	792.297
SORBI_3002G401800	1566.36349593416
SORBI_3002G401900	640.303
SORBI_3002G402000	1148.616
SORBI_3002G402100	3555.751
SORBI_3002G402233	358
SORBI_3002G402366	1571.36
SORBI_3002G402500	2940.602
SORBI_3002G402600	3287.34773671886
SORBI_3002G402700	5375.814
SORBI_3002G402900	1738
SORBI_3002G403000	1667
SORBI_3002G403100	2985.781
SORBI_3002G403200	902.655
SORBI_3002G403300	357.727
SORBI_3002G403400	406.866
SORBI_3002G403500	3879.297
SORBI_3002G403600	1150.98
SORBI_3002G403700	3927.53139535124
SORBI_3002G403833	1210.356
SORBI_3002G403966	849
SORBI_3002G404100	1949.5
SORBI_3002G404200	804.34608671715
SORBI_3002G404300	3168.5
SORBI_3002G404400	481
SORBI_3002G404500	752.873
SORBI_3002G404600	812.117
SORBI_3002G404700	6787.689
SORBI_3002G404800	1794.018
SORBI_3002G404900	2027.999
SORBI_3002G405000	1549.781
SORBI_3002G405100	3818.114
SORBI_3002G405200	1441.349
SORBI_3002G405300	2444
SORBI_3002G405400	1289.535
SORBI_3002G405500	2314.049
SORBI_3002G405600	1723.608
SORBI_3002G405700	460
SORBI_3002G405750	1206.334
SORBI_3002G405800	4955.17889548485
SORBI_3002G405900	1071.769
SORBI_3002G406000	984.15
SORBI_3002G406200	515.609
SORBI_3002G406300	1795.028
SORBI_3002G406400	1017.031
SORBI_3002G406500	995.68
SORBI_3002G406600	1902.152
SORBI_3002G406700	1644.71047566069
SORBI_3002G406801	1079
SORBI_3002G406900	1495.863
SORBI_3002G407000	4699.995
SORBI_3002G407100	543.034
ENSRNA049442037	25
ENSRNA049485358	4
SORBI_3002G407200	1513.648
ENSRNA049485359	4
SORBI_3002G407300	1465.444
SORBI_3002G407400	1446.5
SORBI_3002G407500	2132.915
SORBI_3002G407700	3452.094
SORBI_3002G407800	3310.852
SORBI_3002G407900	1650.30700971249
SORBI_3002G408000	2306.681
SORBI_3002G408100	2425.56288385406
SORBI_3002G408200	3513.8928081347
SORBI_3002G408300	1916.738
SORBI_3002G408400	910.248
SORBI_3002G408500	3901.256
SORBI_3002G408600	1330.806
SORBI_3002G408700	2504
SORBI_3002G408800	1768.933
SORBI_3002G408900	1463.47310658145
SORBI_3002G409000	2475.204
SORBI_3002G409100	355
SORBI_3002G409200	2074.5
SORBI_3002G409250	358
SORBI_3002G409300	1066
SORBI_3002G409500	1600.15081017528
SORBI_3002G409600	2228.833
SORBI_3002G409700	5317.41684450223
SORBI_3002G409800	1543.59452551203
SORBI_3002G409900	3030.558
SORBI_3002G410050	2847.66666666667
SORBI_3002G410200	577
SORBI_3002G410600	951
SORBI_3002G410700	750.661
SORBI_3002G410800	316
SORBI_3002G410850	278
SORBI_3002G410900	263
SORBI_3002G411000	1302
SORBI_3002G411200	981
SORBI_3002G411300	332.69260251251
SORBI_3002G411400	1567.11970353761
SORBI_3002G411500	3357.177
SORBI_3002G411600	6119.459
SORBI_3002G411700	1687.36
SORBI_3002G411800	804.294
SORBI_3002G411900	1252.105
SORBI_3002G412001	1330
SORBI_3002G412100	903
SORBI_3002G412200	991.687
SORBI_3002G412300	1235.229
SORBI_3002G412400	2323.038
SORBI_3002G412500	412
SORBI_3002G412600	615
SORBI_3002G412700	2362.953
SORBI_3002G412800	3919.003
SORBI_3002G413000	4503.2
SORBI_3002G413100	467
SORBI_3002G413200	2066.5
SORBI_3002G413300	792.338
SORBI_3002G413400	861.592
SORBI_3002G413500	1144.936
SORBI_3002G413600	1791.47048905508
SORBI_3002G413700	1195.093
SORBI_3002G413750	768.683
SORBI_3002G413800	695.147
SORBI_3002G413900	364
SORBI_3002G414000	1342
SORBI_3002G414150	1702
SORBI_3002G414300	1839
SORBI_3002G414400	3911.874
SORBI_3002G414500	2809.743
SORBI_3002G414600	651.615
SORBI_3002G414700	563.003
SORBI_3002G414800	2899.786
SORBI_3002G414850	1974.81
ENSRNA049996620	32
SORBI_3002G414900	3647.856
SORBI_3002G415000	1487.444
SORBI_3002G415100	1260.611
SORBI_3002G415300	596
SORBI_3002G415400	689
SORBI_3002G415500	1096.725
SORBI_3002G415600	1049.163
SORBI_3002G415900	2901.638
SORBI_3002G416000	1639
SORBI_3002G416100	1311.628
SORBI_3002G416150	4740.911
SORBI_3002G416200	3780.563
SORBI_3002G416250	376
SORBI_3002G416300	295
SORBI_3002G416400	607
SORBI_3002G416500	1637.806
SORBI_3002G416600	1695.331
SORBI_3002G416700	2411.243
SORBI_3002G416800	1123
SORBI_3002G416900	1899.11
SORBI_3002G416950	286
SORBI_3002G417000	1817.014
ENSRNA049442066	34
SORBI_3002G417101	221
SORBI_3002G417201	1155.951
SORBI_3002G417300	3199.84629399017
SORBI_3002G417401	2193.759
SORBI_3002G417500	2683.992
SORBI_3002G417600	917
SORBI_3002G417700	161
SORBI_3002G417800	1627.061
ENSRNA049485385	33
SORBI_3002G417900	2699.5
SORBI_3002G418000	1134
SORBI_3002G418100	751.566036475254
SORBI_3002G418200	2910.54896250672
SORBI_3002G418300	2415.475
SORBI_3002G418400	281.294
SORBI_3002G418500	1538.468
SORBI_3002G418600	5045.34
SORBI_3002G418700	1607.461
SORBI_3002G418800	1108
SORBI_3002G418900	3457.328
SORBI_3002G419000	3659.705
SORBI_3002G419100	673.21338278965
ENSRNA049485380	35
ENSRNA049485376	35
ENSRNA049485381	31
SORBI_3002G419200	2877.04194996585
SORBI_3002G419350	985
SORBI_3002G419500	608.351974760436
SORBI_3002G419550	396
SORBI_3002G419600	1216.65
SORBI_3002G419700	2390.132
SORBI_3002G419800	4385.41
SORBI_3002G419900	632.679
SORBI_3002G420000	2946.432
SORBI_3002G420100	2124.209
SORBI_3002G420200	2318.651
SORBI_3002G420300	2810.895
SORBI_3002G420400	1532
SORBI_3002G420500	854.469
SORBI_3002G420600	1603.442
SORBI_3002G420700	2272.098
SORBI_3002G420800	1677.375
SORBI_3002G421000	2174.6107984819
SORBI_3002G420900	1259.158
SORBI_3002G421100	4277.516
SORBI_3002G421200	1164.01233101182
SORBI_3002G421300	1588.028
SORBI_3002G421350	730
SORBI_3002G421400	2467.106
SORBI_3002G421501	714
ENSRNA049485377	29
SORBI_3002G421600	712.031024383284
SORBI_3002G421700	3805.971
SORBI_3002G421800	3383.54467309296
SORBI_3002G421900	1740.169
SORBI_3002G422000	1976.253
SORBI_3002G422100	5471.40657429943
SORBI_3002G422200	1558.131
SORBI_3002G422300	1764.476
SORBI_3002G422400	1009.818
SORBI_3002G422500	1606.403
SORBI_3002G422600	2233.755
SORBI_3002G422900	172
SORBI_3002G423000	1616
SORBI_3002G423100	1732.429
SORBI_3002G423200	2183.099
SORBI_3002G423300	1074.873
SORBI_3002G423400	4503.683
SORBI_3002G423500	1844.381
SORBI_3002G423600	1415.449
SORBI_3002G423700	996.426
SORBI_3002G423800	2707.476
SORBI_3002G423901	604
SORBI_3002G424000	1349.07717155351
ENSRNA049442081	26
SORBI_3002G424100	639.485730744431
SORBI_3002G424200	1573.978
SORBI_3002G424350	1437.439
SORBI_3002G424500	1606.9602005619
SORBI_3002G424550	561
SORBI_3002G424600	2050.81177734713
SORBI_3002G424700	2252.939
SORBI_3002G424800	1569.323
SORBI_3002G424900	2472.678
SORBI_3002G425000	161
SORBI_3002G425101	1063.695
SORBI_3002G425200	3848.959
SORBI_3002G425300	801
SORBI_3002G425400	442
SORBI_3002G425500	1806.77140918012
SORBI_3002G425600	1222.75
SORBI_3002G425700	2285.914
SORBI_3002G425800	1581.02353804435
SORBI_3002G425900	448
SORBI_3002G426000	1018
SORBI_3002G426100	2482.68
SORBI_3002G426201	1350
SORBI_3002G426300	1581.117
SORBI_3002G426400	3399.706
SORBI_3002G426501	397.477
SORBI_3002G426600	983.873
SORBI_3002G426650	520.033
SORBI_3002G426700	3817.633
SORBI_3002G426800	1098
SORBI_3002G426900	1696.936
SORBI_3002G427000	1061.89
SORBI_3002G427050	552.099
SORBI_3002G427100	3911.76911667047
SORBI_3002G427201	655.012
SORBI_3002G427300	1683.039
SORBI_3002G427400	1508.323
SORBI_3002G427500	1928
SORBI_3002G427550	470
SORBI_3002G427600	373
SORBI_3002G427700	704.274503962252
SORBI_3002G427800	2094.961
SORBI_3002G427900	270.481
SORBI_3002G428000	2613.442
SORBI_3002G428100	1853.335
SORBI_3002G428200	2743.901
SORBI_3002G428301	1023
SORBI_3002G428400	1114.157
SORBI_3002G428501	161
SORBI_3002G428600	819.49
SORBI_3002G428700	4952.074
SORBI_3002G428800	3541.83398161346
SORBI_3002G428900	1971.548
SORBI_3002G429000	1114.829
SORBI_3002G429100	1713
SORBI_3002G429200	763
SORBI_3002G429300	4029.083
SORBI_3002G429400	2790.825
SORBI_3002G429700	2930.459
SORBI_3002G429800	2228.795
SORBI_3002G429900	2487
SORBI_3002G430000	3275.04210267728
SORBI_3002G430100	1984.057
SORBI_3002G430200	1472.4
SORBI_3002G430300	4252.204
SORBI_3002G430400	2793.624
SORBI_3002G430500	2117.308
SORBI_3002G430601	661
SORBI_3002G430700	3630.718
SORBI_3002G430800	654.379
SORBI_3002G430900	1810.87673811675
SORBI_3002G431000	1202.967
SORBI_3002G431100	3497.234
SORBI_3002G431200	3285.513
SORBI_3002G431300	1822.06431419217
SORBI_3002G431333	1726
SORBI_3002G431366	2560.924
SORBI_3002G431400	3394.926
SORBI_3002G431500	2427.742
SORBI_3002G431600	1585.82495728274
SORBI_3002G431700	1094
SORBI_3003G000100	776
SORBI_3003G000150	229.723
SORBI_3003G000200	931
SORBI_3003G000400	1395.423
SORBI_3003G000500	885.483
SORBI_3003G000600	1577.073
SORBI_3003G000700	938
SORBI_3003G000800	1876.779
SORBI_3003G000900	1999.082
SORBI_3003G001000	837.458
SORBI_3003G001100	507.577
SORBI_3003G001200	1076.246
SORBI_3003G001300	2006.678
SORBI_3003G001400	1771.78651008323
SORBI_3003G001500	7957.895
SORBI_3003G001550	238.02
SORBI_3003G001600	1012.42591355339
SORBI_3003G001650	1309.16768949169
SORBI_3003G001701	2168.73
SORBI_3003G001751	150.791
SORBI_3003G001800	592.262
SORBI_3003G001901	1022
SORBI_3003G002000	1560
SORBI_3003G002100	6127.982
SORBI_3003G002300	1469.98039888336
SORBI_3003G002400	1327.788
SORBI_3003G002501	1044.705
SORBI_3003G002600	1362.77791815194
SORBI_3003G002700	2061.496
SORBI_3003G002800	900.077000177765
SORBI_3003G002900	2706
SORBI_3003G003000	1226.236
SORBI_3003G003101	473.088
SORBI_3003G003200	2499.378
SORBI_3003G003300	3108.963
SORBI_3003G003450	1645.252
SORBI_3003G003600	2978.95502346258
SORBI_3003G003700	2199.732
SORBI_3003G003800	2606.319
SORBI_3003G003900	411
SORBI_3003G004000	790
SORBI_3003G004100	4360.397
SORBI_3003G004200	1039.327
SORBI_3003G004300	3019.509
SORBI_3003G004500	3458.438
SORBI_3003G004600	1698.024
SORBI_3003G004700	1029.259
SORBI_3003G004800	1806.644
SORBI_3003G004900	1880
SORBI_3003G005000	534.556
ENSRNA049446004	25
SORBI_3003G005100	1445.192
SORBI_3003G005200	2538.144
SORBI_3003G005266	894.822
SORBI_3003G005332	1448
ENSRNA049445990	26
SORBI_3003G005400	1627
SORBI_3003G005500	1640.45564022553
SORBI_3003G005600	2248.35113218793
SORBI_3003G005700	2857.175
SORBI_3003G005800	679.88670702081
SORBI_3003G005900	1778.461
SORBI_3003G006000	1611
SORBI_3003G006100	2724
SORBI_3003G006200	1963.16755428593
SORBI_3003G006300	2299.597
SORBI_3003G006400	2760.717
SORBI_3003G006500	1456
SORBI_3003G006600	636
SORBI_3003G006800	413.11
SORBI_3003G006833	1480.958
SORBI_3003G006866	260
SORBI_3003G006900	227.114
SORBI_3003G007000	2716
SORBI_3003G007100	334.637
SORBI_3003G007200	438.182
SORBI_3003G007300	3654.264
SORBI_3003G007400	2803.17
SORBI_3003G007500	1572.68795630612
SORBI_3003G007600	1324.748
ENSRNA049445365	34
SORBI_3003G007650	1248
SORBI_3003G007700	2389.101
SORBI_3003G007800	1250
SORBI_3003G008000	17563.635
SORBI_3003G007900	1197
SORBI_3003G008100	3194.05
SORBI_3003G008200	1449.491
SORBI_3003G008300	182.777
SORBI_3003G008400	161
SORBI_3003G008500	2623.675
SORBI_3003G008600	1933.766
SORBI_3003G008700	2392.759
SORBI_3003G008800	4541.005
SORBI_3003G008850	1177
SORBI_3003G008900	996.596
SORBI_3003G009000	1133
SORBI_3003G009100	640.43282119478
SORBI_3003G009200	2255.36921452643
SORBI_3003G009300	1099.7909864285
SORBI_3003G009400	2649.942
SORBI_3003G009501	1372
SORBI_3003G009600	696
SORBI_3003G009650	587
SORBI_3003G009700	1649
SORBI_3003G009800	1413
SORBI_3003G009900	2603.5
SORBI_3003G010000	1776
SORBI_3003G010033	220
SORBI_3003G010066	259.787
SORBI_3003G010100	2237.719
SORBI_3003G010200	1503.718
SORBI_3003G010300	989.807
SORBI_3003G010400	1159.821
SORBI_3003G010500	1604.55577895627
SORBI_3003G010600	1906.277
SORBI_3003G010650	1016
SORBI_3003G010700	1462
SORBI_3003G010800	3447
SORBI_3003G010900	3617.19
SORBI_3003G011000	2951.719
SORBI_3003G011100	883.935317621918
SORBI_3003G011200	1162.121
SORBI_3003G011300	3293.686
SORBI_3003G011400	298
SORBI_3003G011600	1269.908
SORBI_3003G011700	952
SORBI_3003G011800	1489.844
SORBI_3003G011900	1323.10976270983
SORBI_3003G012000	2374.49
SORBI_3003G012100	1924.70063950373
SORBI_3003G012200	2011.15441944381
SORBI_3003G012300	960.377
SORBI_3003G012400	2246.566
SORBI_3003G012500	1448.42
SORBI_3003G012600	1759.292
SORBI_3003G012700	1767.606
SORBI_3003G012750	266
SORBI_3003G012800	1031.648
SORBI_3003G012900	3031
SORBI_3003G013000	1867.748
SORBI_3003G013100	1956.547
SORBI_3003G013300	520
SORBI_3003G013400	3715.216
SORBI_3003G013600	630.223
SORBI_3003G013700	929.276
SORBI_3003G013800	3038
SORBI_3003G013900	563
ENSRNA049996614	102
SORBI_3003G013950	685
SORBI_3003G014000	7632.575
ENSRNA049996604	125.639
SORBI_3003G014100	1250.8
SORBI_3003G014200	1664
SORBI_3003G014300	819.423
SORBI_3003G014400	857.535
SORBI_3003G014500	4641.8797103811
SORBI_3003G014600	1794.045
SORBI_3003G014700	2487.964
SORBI_3003G014766	1434.975
SORBI_3003G014832	2079.591
SORBI_3003G014900	3049.28806242445
SORBI_3003G015000	3207.12437388195
SORBI_3003G015100	2556.725
SORBI_3003G015200	1588.004
SORBI_3003G015300	707
SORBI_3003G015400	1025.811
SORBI_3003G015500	1134.651
SORBI_3003G015600	3606.229
SORBI_3003G015700	2717
SORBI_3003G015800	1474
SORBI_3003G015900	876.485
SORBI_3003G015950	1297
SORBI_3003G016000	936
SORBI_3003G016100	1013.373
SORBI_3003G016200	1024
SORBI_3003G016300	604.166
SORBI_3003G016400	779.645
SORBI_3003G016500	2562.021
SORBI_3003G016600	1988.946
SORBI_3003G016800	4067.301
SORBI_3003G016700	1447
SORBI_3003G016900	3460.21730154011
SORBI_3003G016950	1244.957
SORBI_3003G017000	1126.108
SORBI_3003G017100	2750.038
SORBI_3003G017200	1283.82
SORBI_3003G017300	2990.70815292601
SORBI_3003G017400	2951.288
SORBI_3003G017500	1505.143
SORBI_3003G017601	1571.705
SORBI_3003G017700	1175.632178722
SORBI_3003G017800	983.334803111559
SORBI_3003G017900	2224
SORBI_3003G018000	2352.841
SORBI_3003G018150	548.275
SORBI_3003G018300	393
SORBI_3003G018400	472
SORBI_3003G018600	454.266
SORBI_3003G018700	4146.801
SORBI_3003G018800	1056.242
SORBI_3003G018900	960.229
SORBI_3003G019000	2938.487
SORBI_3003G019100	5456.094
SORBI_3003G019200	668.119
SORBI_3003G019300	1362
SORBI_3003G019400	2558
SORBI_3003G019450	437
SORBI_3003G019500	1037
SORBI_3003G019600	580
SORBI_3003G019700	2007.649
SORBI_3003G019800	1112.201
SORBI_3003G019900	1917
SORBI_3003G020000	1496.848
SORBI_3003G020100	680.275
SORBI_3003G020200	1627.145
SORBI_3003G020300	1266
SORBI_3003G020400	973
SORBI_3003G020500	2400.578
SORBI_3003G020600	1915.98596421148
SORBI_3003G020700	454
SORBI_3003G020800	278
SORBI_3003G020900	160
SORBI_3003G021000	1135
SORBI_3003G021100	980.554881733183
SORBI_3003G021200	2301.759
SORBI_3003G021300	2578
SORBI_3003G021401	381
SORBI_3003G021500	1761.96219715178
SORBI_3003G021600	2406.22065005942
SORBI_3003G021700	766
SORBI_3003G021800	1078
SORBI_3003G021900	720.154
SORBI_3003G022000	1364.38913806385
SORBI_3003G022200	677.979
SORBI_3003G022300	2986.032
SORBI_3003G022400	1151.226
SORBI_3003G022500	1066.21
SORBI_3003G022600	2244.085
SORBI_3003G022700	637.651
SORBI_3003G022800	755.402
SORBI_3003G022900	5979.065
SORBI_3003G023000	1251.61
SORBI_3003G023100	378.015
SORBI_3003G023200	1915.337
SORBI_3003G023300	2082.926
SORBI_3003G023400	4279.18327118833
SORBI_3003G023450	162
SORBI_3003G023500	1155.32232873868
SORBI_3003G023600	1871
SORBI_3003G023666	2985.794
SORBI_3003G023732	847
SORBI_3003G023800	2083.075
SORBI_3003G023901	451
SORBI_3003G024000	1299.944
SORBI_3003G024100	2780.692
SORBI_3003G024200	1812.983
SORBI_3003G024300	2057.727
SORBI_3003G024400	1776
SORBI_3003G024450	932
SORBI_3003G024500	202.228
SORBI_3003G024600	1809
SORBI_3003G024700	1452
SORBI_3003G024800	1755.1
SORBI_3003G024900	186.921
SORBI_3003G025000	967.925
SORBI_3003G025100	2814.959
ENSRNA049445379	26
SORBI_3003G025200	771.952
ENSRNA049476998	12
SORBI_3003G025300	2409.944
SORBI_3003G025400	3707.757
SORBI_3003G025500	730
SORBI_3003G025600	2041.195
SORBI_3003G025700	13137.109
SORBI_3003G025800	562
SORBI_3003G025900	979.676
SORBI_3003G026000	734
SORBI_3003G026100	3296.776
SORBI_3003G026200	3340.797
SORBI_3003G026300	1983.659
SORBI_3003G026400	2520.968
SORBI_3003G026600	624
SORBI_3003G026700	1132.629
SORBI_3003G026900	2531.44163846392
SORBI_3003G027000	1247
SORBI_3003G027100	1267
SORBI_3003G027200	1277.016
SORBI_3003G027300	791
SORBI_3003G027350	242
SORBI_3003G027400	1193.231
SORBI_3003G027500	3465.8910857907
SORBI_3003G027600	1288.647
SORBI_3003G027700	1452
SORBI_3003G027800	2404.234
SORBI_3003G028000	595
SORBI_3003G028100	1046.501
SORBI_3003G028200	2147.564
SORBI_3003G028300	3858.498
SORBI_3003G028400	1531.73
SORBI_3003G028500	433
SORBI_3003G028600	2612.336
SORBI_3003G028700	610
SORBI_3003G028800	1927
SORBI_3003G028900	1244.674
SORBI_3003G029000	669.867
SORBI_3003G029100	2414.83
SORBI_3003G029150	433
SORBI_3003G029200	1365.748
SORBI_3003G029300	1262.957
SORBI_3003G029350	408
SORBI_3003G029400	161
SORBI_3003G029500	2417.225
SORBI_3003G029600	4253.584
SORBI_3003G029700	2350.32
ENSRNA049476932	408
SORBI_3003G029800	3620.203
SORBI_3003G029900	2125
SORBI_3003G030000	1014.012
SORBI_3003G030100	1365.899
SORBI_3003G030200	1349
SORBI_3003G030300	1782.166
SORBI_3003G030400	982.663983931412
SORBI_3003G030450	721
SORBI_3003G030500	5350.648
SORBI_3003G030600	961.846
SORBI_3003G030700	3430.904
SORBI_3003G030800	3074.765
SORBI_3003G030900	2064.569
SORBI_3003G031001	866.466
SORBI_3003G031100	2668.357
SORBI_3003G031200	582.51
SORBI_3003G031300	2695.44
SORBI_3003G031400	370.571
SORBI_3003G031500	1026.257
SORBI_3003G031600	3929
SORBI_3003G031700	4690.527
SORBI_3003G031750	926.138
SORBI_3003G031800	4381.654
SORBI_3003G031900	531.197
SORBI_3003G032000	3145.55
SORBI_3003G032100	1009
SORBI_3003G032200	1231.465
SORBI_3003G032301	2212.068
SORBI_3003G032400	949.809
SORBI_3003G032450	596
SORBI_3003G032500	972
SORBI_3003G032600	568.051138150044
SORBI_3003G032700	502.662
SORBI_3003G032800	879.85
SORBI_3003G032900	1812.219
SORBI_3003G033000	3210.32938717239
SORBI_3003G033100	1634.082
SORBI_3003G033200	1185.106
SORBI_3003G033300	1625
SORBI_3003G033400	686.939
SORBI_3003G033500	641.073
SORBI_3003G033600	784.962
SORBI_3003G033700	1837.387
SORBI_3003G033800	541.387
SORBI_3003G033900	1658.944
SORBI_3003G034000	1614.331
SORBI_3003G034100	1594.873
ENSRNA049476990	5
SORBI_3003G034200	2661.555
ENSRNA049476979	14
SORBI_3003G034250	334
SORBI_3003G034300	2200.283
SORBI_3003G034350	529
SORBI_3003G034400	3288.903
SORBI_3003G034500	1205.349
SORBI_3003G034600	1511.717
SORBI_3003G034700	2432.774
SORBI_3003G034800	2655.495
SORBI_3003G034900	1948.589
SORBI_3003G035001	98
SORBI_3003G035100	2522.013
SORBI_3003G035200	1243.619
SORBI_3003G035266	1152
SORBI_3003G035332	111
SORBI_3003G035400	2018
SORBI_3003G035500	2425.234
SORBI_3003G035601	374.904
SORBI_3003G035700	1827.86816135379
SORBI_3003G035801	1186
SORBI_3003G035900	750.839
SORBI_3003G036000	2363.01430039023
SORBI_3003G036100	567
SORBI_3003G036200	1884.106
SORBI_3003G036300	1246.99519291075
SORBI_3003G036400	2955.381
SORBI_3003G036500	755.452926741327
SORBI_3003G036600	1966.175
SORBI_3003G036650	849
SORBI_3003G036700	1989.565
SORBI_3003G036800	971.48851506014
SORBI_3003G036900	5229.952
SORBI_3003G036950	1585.153
ENSRNA049996599	35
ENSRNA049996593	2
SORBI_3003G037000	2029.049
SORBI_3003G037100	1264
SORBI_3003G037200	963.566
SORBI_3003G037300	1116.749
SORBI_3003G037400	1059.53560736722
SORBI_3003G037500	1498.137
SORBI_3003G037600	1448.943
SORBI_3003G037700	1661.19282384979
SORBI_3003G037800	1187.894
SORBI_3003G037900	1363.923
SORBI_3003G038000	2708.581
SORBI_3003G038100	2870.347
SORBI_3003G038200	895.016
SORBI_3003G038300	470
SORBI_3003G038400	902.970697367421
SORBI_3003G038500	2111.203
SORBI_3003G038600	950.405
SORBI_3003G038700	481
SORBI_3003G038800	505
SORBI_3003G038901	552
SORBI_3003G039000	1923.426
SORBI_3003G039100	831.598
SORBI_3003G039200	391.005
SORBI_3003G039300	1699.223
SORBI_3003G039400	1312.155
SORBI_3003G039500	1775.336
SORBI_3003G039600	566.296
SORBI_3003G039700	811.509
SORBI_3003G039800	254
SORBI_3003G039900	1540.2709475727
SORBI_3003G040000	1669.944
SORBI_3003G040100	2949.107
SORBI_3003G040200	4410.67692543126
SORBI_3003G040300	2912.665
SORBI_3003G040400	2094.764
SORBI_3003G040500	788.827
SORBI_3003G040600	1757.153
SORBI_3003G040700	3446.14
SORBI_3003G040800	1828.252
SORBI_3003G040900	4443.28906803113
SORBI_3003G041000	857.813
SORBI_3003G041100	3247.23
SORBI_3003G041200	1296.251
SORBI_3003G041300	1444.611
SORBI_3003G041400	1972.625
SORBI_3003G041500	2976.794
SORBI_3003G041600	442
SORBI_3003G041700	3424.553
SORBI_3003G041801	2757
SORBI_3003G041900	1111.65
SORBI_3003G042000	406
SORBI_3003G042100	1844.80394330604
SORBI_3003G042150	323
SORBI_3003G042200	1942.209
SORBI_3003G042400	3653.111
SORBI_3003G042600	685
SORBI_3003G042700	2140.5496032627
SORBI_3003G042800	462
SORBI_3003G042900	1094.145
SORBI_3003G043000	4205.52793124128
SORBI_3003G043100	712.663
SORBI_3003G043150	1402.733
SORBI_3003G043200	5879.19144634796
SORBI_3003G043300	991.333
SORBI_3003G043400	1272.716
SORBI_3003G043500	588.139
SORBI_3003G043550	3424.075
SORBI_3003G043600	2953.453
SORBI_3003G043650	1093
SORBI_3003G043700	180.372
SORBI_3003G043800	1921.408
SORBI_3003G043900	2914.555
SORBI_3003G044000	1125.769
SORBI_3003G044100	603.585134183425
SORBI_3003G044200	2223.452
SORBI_3003G044300	1046.954
SORBI_3003G044400	630.488
SORBI_3003G044500	189
SORBI_3003G044600	1290.013
SORBI_3003G044700	1788.98615734735
SORBI_3003G044800	1655
SORBI_3003G044900	925.113645437106
SORBI_3003G045000	2017.296
SORBI_3003G045100	1426.276
SORBI_3003G045200	1682.926
SORBI_3003G045300	1426.0428653782
SORBI_3003G045400	750.029
SORBI_3003G045450	158
SORBI_3003G045501	3704
SORBI_3003G045551	360
SORBI_3003G045600	1545.57778245138
SORBI_3003G045650	585
SORBI_3003G045700	4460.802
SORBI_3003G045800	775.796
SORBI_3003G045900	1500.371
SORBI_3003G046000	1038
SORBI_3003G046200	1869.285
SORBI_3003G046300	2223.9
SORBI_3003G046400	2686
SORBI_3003G046600	412
SORBI_3003G046700	3740.5
SORBI_3003G046800	2354.724
SORBI_3003G046900	349
SORBI_3003G047100	1581.58
SORBI_3003G047200	2753.828
SORBI_3003G047300	1721
SORBI_3003G047400	1477.95
SORBI_3003G047450	161
SORBI_3003G047500	1891.104
SORBI_3003G047600	1471.5
SORBI_3003G047700	1590.209
SORBI_3003G047800	2339.918
SORBI_3003G047900	2222.58083656566
SORBI_3003G048000	775.565
SORBI_3003G048100	1405
SORBI_3003G048200	2600
SORBI_3003G048300	2572.254
SORBI_3003G048400	3560.912
SORBI_3003G048500	1187.03233014759
SORBI_3003G048600	1691.913
SORBI_3003G048700	2385.412
SORBI_3003G048900	18162
SORBI_3003G049000	1248
SORBI_3003G049100	2167.741
SORBI_3003G049200	1518.007
SORBI_3003G049300	2097.624
SORBI_3003G049400	700.951
SORBI_3003G049500	4677.16
SORBI_3003G049600	3702.957
SORBI_3003G049700	3285.179
SORBI_3003G049800	420.72
SORBI_3003G049900	104
SORBI_3003G050000	1253.572
SORBI_3003G050100	1624.854
SORBI_3003G050200	161
SORBI_3003G050300	1204.811
SORBI_3003G050350	1134.048
SORBI_3003G050400	3571.5405391123
SORBI_3003G050500	786.318
SORBI_3003G050600	983.962611956941
SORBI_3003G050700	2895.05905051017
SORBI_3003G050800	2161.54
SORBI_3003G050900	1368.829
SORBI_3003G051000	2573.067
ENSRNA049476982	32
SORBI_3003G051100	2664.065
SORBI_3003G051200	1360.214
SORBI_3003G051300	462.756
SORBI_3003G051400	1984.62
SORBI_3003G051500	2221.061
SORBI_3003G051600	1168.136
SORBI_3003G051700	998.356
SORBI_3003G051800	642.196283945221
SORBI_3003G051900	695
SORBI_3003G052000	2531.23
SORBI_3003G052100	4577
SORBI_3003G052200	4185.641
SORBI_3003G052300	1861.392
SORBI_3003G052400	1900.048
SORBI_3003G052500	876.581
SORBI_3003G052600	1103.4730502553
SORBI_3003G052700	1587.416
SORBI_3003G052800	5048.153
SORBI_3003G052900	1830.117
SORBI_3003G053001	361
SORBI_3003G053100	375
SORBI_3003G053200	1153.309
SORBI_3003G053300	844.654
SORBI_3003G053400	1160.678
SORBI_3003G053500	2617.456
SORBI_3003G053600	1255
ENSRNA049445397	25
SORBI_3003G053700	2295.19818151873
SORBI_3003G053750	606
SORBI_3003G053800	1858.44356566039
SORBI_3003G053900	1187.191
SORBI_3003G054000	892.007
SORBI_3003G054100	1256.457
SORBI_3003G054200	1195.665
SORBI_3003G054400	5039.249
SORBI_3003G054500	895
SORBI_3003G054600	895
SORBI_3003G054800	2031.51
SORBI_3003G054900	2391.398
SORBI_3003G054950	908
SORBI_3003G055000	874.826
SORBI_3003G055200	2413.069
SORBI_3003G055300	1041.491
SORBI_3003G055400	746
SORBI_3003G055450	2964.795
SORBI_3003G055500	2079.104
SORBI_3003G055600	2013.245
SORBI_3003G055700	1114.86955449009
ENSRNA049445974	34
SORBI_3003G055800	1123
SORBI_3003G055900	862.433573500773
SORBI_3003G056000	1007.371
SORBI_3003G056100	7885.329
SORBI_3003G056200	244
SORBI_3003G056250	583
SORBI_3003G056300	868
SORBI_3003G056400	1552.384
SORBI_3003G056500	1369.33070141775
SORBI_3003G056600	155
SORBI_3003G056700	647
SORBI_3003G056800	2365
SORBI_3003G057050	8115.39
SORBI_3003G056900	586
SORBI_3003G057000	2206
SORBI_3003G057100	526.075
SORBI_3003G057233	2119.357
SORBI_3003G057366	476.903
SORBI_3003G057500	1450
SORBI_3003G057600	440.524
SORBI_3003G057650	866
SORBI_3003G057700	1378.085
SORBI_3003G057800	974.572
ENSRNA049445413	26
SORBI_3003G057900	668
SORBI_3003G058001	4206
SORBI_3003G058100	2835.838
SORBI_3003G058300	2762.179
SORBI_3003G058200	882.342376857472
SORBI_3003G058400	863
SORBI_3003G058500	1145.499
SORBI_3003G058600	1330
SORBI_3003G058700	767.649
SORBI_3003G058800	2102.697
SORBI_3003G058900	1072.657
SORBI_3003G059000	761
SORBI_3003G059100	2695
SORBI_3003G059200	5121.81
SORBI_3003G059250	317
SORBI_3003G059300	6229.515
SORBI_3003G059400	7799.438
SORBI_3003G059450	328
SORBI_3003G059500	525
SORBI_3003G059600	2124
SORBI_3003G059750	5820.98794452263
SORBI_3003G059900	920
SORBI_3003G060000	951.321
SORBI_3003G060100	632
SORBI_3003G060200	789
SORBI_3003G060300	1411.33333333333
SORBI_3003G060400	1588
SORBI_3003G060500	1138.78
SORBI_3003G060600	1599.504
SORBI_3003G060700	725.306
SORBI_3003G060800	751
SORBI_3003G060900	1213
SORBI_3003G061000	1339.5
SORBI_3003G061200	2366.629
SORBI_3003G061300	2061.10244149977
SORBI_3003G061400	1319.237
SORBI_3003G061500	748
SORBI_3003G061600	104
SORBI_3003G061700	521
SORBI_3003G061800	2130.073
SORBI_3003G061850	778
SORBI_3003G061900	3759.20841602025
SORBI_3003G062000	890.967
SORBI_3003G062101	446.992
SORBI_3003G062200	539.964
SORBI_3003G062300	2570.003
SORBI_3003G062400	1132.21758972225
SORBI_3003G062500	1336.03162927516
SORBI_3003G062600	492.064
SORBI_3003G062700	242
SORBI_3003G062800	1714.866
SORBI_3003G062900	1213
SORBI_3003G063000	1981.265
SORBI_3003G063100	74
SORBI_3003G063200	1031.29
SORBI_3003G063300	879.083
SORBI_3003G063400	1039
SORBI_3003G063500	899
SORBI_3003G063600	454
SORBI_3003G063700	1132.5
SORBI_3003G063801	1447.747
SORBI_3003G063900	1187.443
SORBI_3003G064000	152
SORBI_3003G064100	513
SORBI_3003G064150	556
SORBI_3003G064200	2060.415
SORBI_3003G064300	1507.299
SORBI_3003G064400	2487.26000868131
SORBI_3003G064500	2711.905
SORBI_3003G064600	309.755
SORBI_3003G064700	2132.913
SORBI_3003G064800	1234
SORBI_3003G064901	2626.909
SORBI_3003G065001	424
SORBI_3003G065100	2678.671
SORBI_3003G065201	3096.387
SORBI_3003G065300	828
SORBI_3003G065400	1180.073
SORBI_3003G065501	1184.616
SORBI_3003G065600	1970.067
SORBI_3003G065700	1264.5
SORBI_3003G065800	595
SORBI_3003G065900	652
SORBI_3003G066000	917
SORBI_3003G066100	556
SORBI_3003G066200	186
SORBI_3003G066250	138
SORBI_3003G066300	5896
SORBI_3003G066400	662.371
SORBI_3003G066500	562
SORBI_3003G066600	1764.901
SORBI_3003G066700	1354.76689857338
SORBI_3003G066900	591.478
SORBI_3003G067000	698
SORBI_3003G067100	1336.66906796733
SORBI_3003G067201	4105.43
SORBI_3003G067300	727.94
SORBI_3003G067400	839.847
SORBI_3003G067500	630.92
SORBI_3003G067600	4382.776
SORBI_3003G067700	424.787
SORBI_3003G067800	1073.73488537937
SORBI_3003G067900	844
SORBI_3003G068000	703.166
SORBI_3003G068100	2743
SORBI_3003G068150	2578
SORBI_3003G068200	3767.711
SORBI_3003G068300	1524.973
SORBI_3003G068400	628
SORBI_3003G068500	227
SORBI_3003G068600	1604.901
SORBI_3003G068700	956.483
SORBI_3003G068750	1486.492
SORBI_3003G068800	1575.679
SORBI_3003G068900	3684
SORBI_3003G068950	7071.306
SORBI_3003G069000	1731.493
SORBI_3003G069100	376
SORBI_3003G069200	2437
SORBI_3003G069300	1183
SORBI_3003G069400	671
SORBI_3003G069500	2692.396
SORBI_3003G069601	2219.474
SORBI_3003G069700	4408.603
SORBI_3003G069750	125
SORBI_3003G069800	364
SORBI_3003G069875	978.579
SORBI_3003G069950	3460.783
SORBI_3003G070025	4536.707
SORBI_3003G070100	6373.974
SORBI_3003G070200	254
SORBI_3003G070300	1986.804
SORBI_3003G070400	2511.495
SORBI_3003G070500	271
SORBI_3003G070600	1232.5
SORBI_3003G070700	1784.009
SORBI_3003G070800	1626.227
SORBI_3003G070900	1856.40006297868
SORBI_3003G071000	2783.98
SORBI_3003G071100	472
SORBI_3003G071300	576
SORBI_3003G071400	1693.863
SORBI_3003G071500	1646.598
SORBI_3003G071600	1689.409
SORBI_3003G071700	4371.71113165567
SORBI_3003G071800	1184
SORBI_3003G071901	106
SORBI_3003G072000	3091.744
SORBI_3003G072100	2455
SORBI_3003G072200	6519.243
SORBI_3003G072300	1194.991
SORBI_3003G072400	1790.924
SORBI_3003G072500	3039.037
SORBI_3003G072566	610
SORBI_3003G072632	707
SORBI_3003G072700	637
SORBI_3003G072801	1524
SORBI_3003G072900	1598.403
SORBI_3003G073000	1823.373
SORBI_3003G073100	221.981
SORBI_3003G073133	245
SORBI_3003G073166	926
SORBI_3003G073200	727
SORBI_3003G073300	1316.781
SORBI_3003G073380	1303.384
SORBI_3003G073460	192
SORBI_3003G073540	150
SORBI_3003G073620	763
SORBI_3003G073700	1050.644
SORBI_3003G073750	730
SORBI_3003G073800	1184.982817497
ENSRNA049996585	46
SORBI_3003G073900	718.083
SORBI_3003G074000	1358.833
SORBI_3003G074100	1092.177
SORBI_3003G074200	2294.53856574922
ENSRNA049445423	33
SORBI_3003G074300	1474
SORBI_3003G074400	926.152
SORBI_3003G074500	1767.673
SORBI_3003G074600	1457
SORBI_3003G074700	846.043
SORBI_3003G074801	2089.178
SORBI_3003G074900	1691.45
SORBI_3003G075000	1512.802
SORBI_3003G075100	2184.649
SORBI_3003G075200	1227.099
SORBI_3003G075300	1219
SORBI_3003G075400	1807.032
SORBI_3003G075500	1489.267
SORBI_3003G075566	980
SORBI_3003G075632	3185
SORBI_3003G075700	2222
ENSRNA049996579	20
SORBI_3003G075800	584.07772120479
SORBI_3003G075901	1012
SORBI_3003G076001	830
SORBI_3003G076100	637.729
SORBI_3003G076200	2954.3133134466
SORBI_3003G076300	576
SORBI_3003G076400	739
SORBI_3003G076500	2194.924
SORBI_3003G076600	696.09
SORBI_3003G076700	1213
SORBI_3003G076800	1046.174
SORBI_3003G076900	1962.223
SORBI_3003G077001	2852
SORBI_3003G077100	610
SORBI_3003G077200	374
SORBI_3003G077300	808.185
SORBI_3003G077400	1750.54117653458
SORBI_3003G077500	2311.821
SORBI_3003G077600	2057.008
SORBI_3003G077700	1452.86769849574
SORBI_3003G077800	1769.883
SORBI_3003G077900	1704.557
SORBI_3003G078000	1761.66666666667
SORBI_3003G078100	1921.678
SORBI_3003G078200	550.331
SORBI_3003G078300	2627.499
SORBI_3003G078400	1306.069
SORBI_3003G078501	2066.62588095475
SORBI_3003G078600	1064.535
SORBI_3003G078700	2551.854
SORBI_3003G078800	2179.872
SORBI_3003G078900	920.892
SORBI_3003G079100	1458.518
SORBI_3003G079200	1529.3727132319
SORBI_3003G079300	1163.096
SORBI_3003G079400	1848.95276917232
SORBI_3003G079466	406
SORBI_3003G079532	845
SORBI_3003G079600	1531
SORBI_3003G079700	2242.711
SORBI_3003G079725	573
SORBI_3003G079750	2687.611
SORBI_3003G079775	1048
SORBI_3003G079800	1123
SORBI_3003G079900	1789.869
SORBI_3003G080000	9503.991
SORBI_3003G080100	3028.83955502524
SORBI_3003G080300	505
SORBI_3003G080400	865.999
SORBI_3003G080500	688
SORBI_3003G080600	2827.69
SORBI_3003G080700	2866.912
SORBI_3003G080800	634
SORBI_3003G080900	2600.659
SORBI_3003G081000	2942.549
SORBI_3003G081100	2424.392
SORBI_3003G081200	772
SORBI_3003G081300	610
SORBI_3003G081400	606.034
SORBI_3003G081500	745.333
SORBI_3003G081700	10109.196
SORBI_3003G081601	538
SORBI_3003G081800	1657
SORBI_3003G081900	544.097
SORBI_3003G082000	514.381
SORBI_3003G082100	586.549
SORBI_3003G082200	1252.463
SORBI_3003G082300	903.412
SORBI_3003G082401	1901.058
SORBI_3003G082500	932.952
SORBI_3003G082600	3071.643
SORBI_3003G082700	2250
SORBI_3003G082800	1474
SORBI_3003G082900	1577.61166688089
SORBI_3003G082950	224
SORBI_3003G083000	2262.991
SORBI_3003G083100	301
SORBI_3003G083200	1669.05833954528
SORBI_3003G083300	1148.842
SORBI_3003G083400	9571.77
SORBI_3003G083500	834.825
SORBI_3003G083600	1519
SORBI_3003G083700	1339
SORBI_3003G083800	1257
SORBI_3003G083900	1699.67262850113
SORBI_3003G084000	1567.31905135055
SORBI_3003G084100	753.623
SORBI_3003G084200	4380.363
SORBI_3003G084300	979.492
SORBI_3003G084400	1720.505
SORBI_3003G084501	3203
SORBI_3003G084500	879.872016300789
SORBI_3003G084600	11
SORBI_3003G084700	1800.452
SORBI_3003G084750	1681.928
SORBI_3003G084800	3102
SORBI_3003G084900	4422.50023946115
SORBI_3003G085000	1467.532
SORBI_3003G085100	1824.984
SORBI_3003G085200	667
SORBI_3003G085300	501.09
SORBI_3003G085400	357
SORBI_3003G085500	729.659
SORBI_3003G085533	710
SORBI_3003G085566	1093
SORBI_3003G085600	1862.289
SORBI_3003G085700	2701.171
SORBI_3003G085750	808
SORBI_3003G085800	161
SORBI_3003G085900	3193.066
SORBI_3003G086000	1402
SORBI_3003G086200	332.554
SORBI_3003G086300	2383.77336463288
SORBI_3003G086400	1894.953
SORBI_3003G086500	913
SORBI_3003G086600	1415.93
SORBI_3003G086700	2373.881
SORBI_3003G086800	1341
SORBI_3003G086900	4508.36942393455
SORBI_3003G087000	1788.948
SORBI_3003G087100	674.052882106333
SORBI_3003G087200	1011.72608907936
SORBI_3003G087300	1114.007
SORBI_3003G087400	8879.663
SORBI_3003G087600	1364.792
SORBI_3003G087700	1807
SORBI_3003G087800	154
SORBI_3003G087900	884.654362177543
SORBI_3003G088100	2134.694
SORBI_3003G088200	1156
SORBI_3003G088300	858.333333333333
SORBI_3003G088400	419.211
SORBI_3003G088450	775
SORBI_3003G088500	3252
SORBI_3003G088600	2553.42857142857
SORBI_3003G088700	1432.958
SORBI_3003G088800	1620.956
SORBI_3003G088900	2147
SORBI_3003G089000	4644.252
SORBI_3003G089100	4803.902
SORBI_3003G089200	2760.558
SORBI_3003G089300	1621.504
SORBI_3003G089400	790
SORBI_3003G089500	1043
SORBI_3003G089600	1700
SORBI_3003G089700	3384.925
SORBI_3003G089650	1519.184
SORBI_3003G089801	192
SORBI_3003G089900	1185
SORBI_3003G090000	1291
SORBI_3003G090100	574
SORBI_3003G090200	568
SORBI_3003G090300	421
SORBI_3003G090400	1447
SORBI_3003G090500	634
SORBI_3003G090600	1135.09
SORBI_3003G090650	1525
SORBI_3003G090700	2056
SORBI_3003G090800	913
SORBI_3003G090900	1096.13
SORBI_3003G091001	808
SORBI_3003G091100	454
SORBI_3003G091200	2009.066
SORBI_3003G091300	1366
SORBI_3003G091400	640
SORBI_3003G091500	2030
SORBI_3003G091550	1149
SORBI_3003G091600	3393.058
SORBI_3003G091700	1426
SORBI_3003G091800	4871.33333333333
SORBI_3003G091850	1033
SORBI_3003G091900	766
SORBI_3003G092000	971.437
SORBI_3003G092033	1255.978
SORBI_3003G092066	533.462
SORBI_3003G092100	33
SORBI_3003G092150	484
SORBI_3003G092200	3638.649
SORBI_3003G092300	1229
SORBI_3003G092400	1880.66666666667
SORBI_3003G092500	7340.532
SORBI_3003G092600	4308.031
SORBI_3003G092700	1651.84822427942
SORBI_3003G092800	1613.271
SORBI_3003G092900	1813.862
SORBI_3003G093000	1108.667
ENSRNA049476938	34
SORBI_3003G093100	2520.04865538445
SORBI_3003G093200	744.413
ENSRNA049476953	81
SORBI_3003G093300	1069.5356841259
ENSRNA049476949	94
SORBI_3003G093400	2544.60875576678
SORBI_3003G093450	393
SORBI_3003G093500	1512.97832385798
SORBI_3003G093600	1005.839
SORBI_3003G093700	414.26
SORBI_3003G093800	3045.769
SORBI_3003G093900	2069.39
SORBI_3003G094000	1099.956
SORBI_3003G094100	1048.631
SORBI_3003G094200	1402.068
SORBI_3003G094350	2892.655
SORBI_3003G094500	922.674
SORBI_3003G094600	2366.093
SORBI_3003G094700	1345
SORBI_3003G094800	1730.716
SORBI_3003G094850	418
SORBI_3003G094900	328.29
SORBI_3003G095000	1262.266
SORBI_3003G095100	1690
SORBI_3003G095150	576
SORBI_3003G095200	2393
ENSRNA049476934	96.279
SORBI_3003G095301	464
SORBI_3003G095400	2591.19586684087
SORBI_3003G095500	2071.053
SORBI_3003G095600	1783.003
SORBI_3003G095700	2403.159
SORBI_3003G095750	506
SORBI_3003G095800	2585.886
SORBI_3003G095900	4321.687
SORBI_3003G096000	1218.537
SORBI_3003G096100	1290
SORBI_3003G096300	3931.032
SORBI_3003G096500	2364.58581652557
SORBI_3003G096400	2746.632
SORBI_3003G096600	2197.897
SORBI_3003G096750	2005.80509801576
SORBI_3003G096900	2734.922
SORBI_3003G096950	411.417
SORBI_3003G097000	1803.391
SORBI_3003G097200	2099.432
SORBI_3003G097100	3276.426
SORBI_3003G097300	1132
SORBI_3003G097400	460
SORBI_3003G097500	486
SORBI_3003G097600	895.918
SORBI_3003G097701	564
SORBI_3003G097800	451
SORBI_3003G097900	1659.7
ENSRNA049477009	21
SORBI_3003G098000	1676.215
SORBI_3003G098100	2364.446
SORBI_3003G098200	794.121
SORBI_3003G098300	161
SORBI_3003G098401	111
SORBI_3003G098500	1951.384
SORBI_3003G098600	1914.154
SORBI_3003G098650	1471
SORBI_3003G098700	1061.345
SORBI_3003G098800	682
SORBI_3003G098900	3591.521
SORBI_3003G099000	4266.338
SORBI_3003G099100	2694.281
SORBI_3003G099166	1913.383
SORBI_3003G099232	782
SORBI_3003G099300	2998.06
SORBI_3003G099400	858.487
SORBI_3003G099500	478
SORBI_3003G099600	593
SORBI_3003G099701	490
SORBI_3003G099800	864
SORBI_3003G099900	3057
SORBI_3003G100000	1359.238
SORBI_3003G100100	540
SORBI_3003G100200	1490.312
SORBI_3003G100300	301
SORBI_3003G100400	611.353
SORBI_3003G100500	2386.117
SORBI_3003G100600	3711
SORBI_3003G100700	3102.52
SORBI_3003G100800	1444.38827641932
SORBI_3003G100900	376.301
SORBI_3003G101000	3215.693
SORBI_3003G101100	874
SORBI_3003G101200	760
SORBI_3003G101300	976.636552501503
SORBI_3003G101400	4758.356
SORBI_3003G101500	5169.328
SORBI_3003G101600	667
SORBI_3003G101700	5088.498
SORBI_3003G101850	2096.46061285232
SORBI_3003G102000	2242.363
SORBI_3003G102100	1836
SORBI_3003G102200	1161.117
SORBI_3003G102300	1827
SORBI_3003G102400	2072.25417218215
SORBI_3003G102500	2286.785
ENSRNA049445954	26
SORBI_3003G102600	1729.67084971178
SORBI_3003G102700	1481.01747624328
SORBI_3003G102800	1159
SORBI_3003G102900	1321
SORBI_3003G103000	1866.133
SORBI_3003G103100	226
SORBI_3003G103200	1899.119
SORBI_3003G103300	1657.78358666833
SORBI_3003G103400	849.719
SORBI_3003G103701	8537.961
SORBI_3003G104000	2534.15772677272
SORBI_3003G104100	2275.871
SORBI_3003G104200	983.099
SORBI_3003G104350	1317.817
SORBI_3003G104500	704.234
SORBI_3003G104600	1526.961
SORBI_3003G104700	948.61
SORBI_3003G104800	1581
SORBI_3003G104900	1240
SORBI_3003G105000	1729.605
SORBI_3003G105101	390.855
SORBI_3003G105200	1715
SORBI_3003G105300	1421
SORBI_3003G105500	1350.742
SORBI_3003G105600	2019.856
SORBI_3003G105700	495.724
SORBI_3003G105800	1265.86965692883
SORBI_3003G105900	1369.5999189637
SORBI_3003G106000	2789.259
SORBI_3003G106100	1726.07253559942
SORBI_3003G106200	3094.91784590782
SORBI_3003G106300	1308.281
SORBI_3003G106400	502
SORBI_3003G106500	637.574
SORBI_3003G106600	1121.538
SORBI_3003G106800	1053.991
SORBI_3003G106900	1017.44759433161
ENSRNA049445944	34
SORBI_3003G107000	3683.069
SORBI_3003G107100	1399.13788460516
SORBI_3003G107200	959.811
SORBI_3003G107300	2110.439
SORBI_3003G107400	1208.151
SORBI_3003G107500	3618.35588756757
SORBI_3003G107600	698.57
SORBI_3003G107700	1454.529
SORBI_3003G107800	1570.571
SORBI_3003G107900	1708.193
SORBI_3003G108000	70.431
SORBI_3003G108050	501
SORBI_3003G108100	123
SORBI_3003G108200	1524.758
SORBI_3003G108300	1865
SORBI_3003G108401	2373
SORBI_3003G108500	934.287
SORBI_3003G108600	1101.801
SORBI_3003G108700	2445.53448188967
SORBI_3003G108800	908.991
SORBI_3003G108900	1499.27941517172
SORBI_3003G109000	2154.669
SORBI_3003G109100	2005.667
SORBI_3003G109150	1544
SORBI_3003G109200	1029.764
SORBI_3003G109250	162.621
SORBI_3003G109300	591.986
SORBI_3003G109400	708
SORBI_3003G109500	1485.26
SORBI_3003G109600	511.951
SORBI_3003G109700	2459.305
SORBI_3003G109766	904.651
SORBI_3003G109832	1240.741
SORBI_3003G109900	1976.787
SORBI_3003G110000	3110.083
SORBI_3003G110100	1381.56748480904
SORBI_3003G110200	1414.114
SORBI_3003G110301	574
SORBI_3003G110400	1667.348
SORBI_3003G110600	1352
SORBI_3003G110700	552.479442242556
SORBI_3003G110800	1587.66363597168
SORBI_3003G110866	1027.013
SORBI_3003G110932	907
ENSRNA049996571	148
SORBI_3003G111000	2574.972
SORBI_3003G111100	1703.839
SORBI_3003G111200	586.028
SORBI_3003G111300	704.937
SORBI_3003G111400	479
SORBI_3003G111500	897.897
SORBI_3003G111600	914.189
SORBI_3003G111700	1219
SORBI_3003G111800	724.5
SORBI_3003G111900	2096.71877063053
SORBI_3003G112001	770.236397579814
SORBI_3003G112100	2587
SORBI_3003G112200	1127.832
SORBI_3003G112300	771
SORBI_3003G112400	671
SORBI_3003G112500	815
SORBI_3003G112600	2217.087
SORBI_3003G112700	1092.408
SORBI_3003G112800	2524.667
SORBI_3003G112900	1663.262
SORBI_3003G113000	136
SORBI_3003G113100	997
SORBI_3003G113200	1459.39
SORBI_3003G113300	1022.599
SORBI_3003G113400	1123.599
SORBI_3003G113500	822
SORBI_3003G113700	1289.847
SORBI_3003G113800	3680.442
SORBI_3003G113900	1162.879
SORBI_3003G114000	1753
SORBI_3003G114100	1523.051
SORBI_3003G114200	1842
SORBI_3003G114300	951
SORBI_3003G114400	4085.223
SORBI_3003G114500	3417.609
SORBI_3003G114600	2955.042
SORBI_3003G114700	3179.92932701272
SORBI_3003G114750	421
SORBI_3003G114800	818
SORBI_3003G114900	346
SORBI_3003G115000	338.25396070695
SORBI_3003G115100	2109.259
SORBI_3003G115200	1367.544
SORBI_3003G115266	717
SORBI_3003G115332	504.262
SORBI_3003G115400	1603.191
SORBI_3003G115550	5569.339
SORBI_3003G115700	2256.572
SORBI_3003G115800	1000.018
SORBI_3003G115900	3897.0339181778
SORBI_3003G116000	64
SORBI_3003G116100	2028
SORBI_3003G116200	1015.92
SORBI_3003G116300	2512
SORBI_3003G116400	1674
SORBI_3003G116500	1409
SORBI_3003G116600	1384.004
SORBI_3003G116700	1601.219
SORBI_3003G116800	1298.739
SORBI_3003G116850	1526.639
SORBI_3003G116900	992.403
SORBI_3003G117000	495.03
ENSRNA049484875	10
SORBI_3003G117100	1190.72737810197
SORBI_3003G117200	3302.43
SORBI_3003G117300	798.51
SORBI_3003G117400	128
SORBI_3003G117500	1549.368
SORBI_3003G117600	3245.719
SORBI_3003G117700	4925.591
SORBI_3003G117800	1802.314
SORBI_3003G117850	271
SORBI_3003G117900	2075.685
SORBI_3003G118000	1344.464
SORBI_3003G118100	3679.628
SORBI_3003G118200	1830.896
SORBI_3003G118266	958
SORBI_3003G118332	1082
SORBI_3003G118400	1257.80540988322
SORBI_3003G118500	2265.439
SORBI_3003G118600	6321.81
SORBI_3003G118650	6860
SORBI_3003G118750	2776
SORBI_3003G118700	492
ENSRNA049996564	34
SORBI_3003G118800	2491
SORBI_3003G118900	3717.575
SORBI_3003G119000	3900.222
SORBI_3003G119100	1612.766
SORBI_3003G119200	1966.874
SORBI_3003G119266	2549.841
SORBI_3003G119332	1454
SORBI_3003G119400	1306.703
SORBI_3003G119500	623.799
SORBI_3003G119600	1725.29621747184
SORBI_3003G119700	3662.28489876112
SORBI_3003G119750	325
SORBI_3003G119800	1519.87167091038
SORBI_3003G119900	1000.661
SORBI_3003G120050	526
SORBI_3003G120300	1199.41400441133
SORBI_3003G120200	1041
SORBI_3003G120400	1382
SORBI_3003G120500	1392.08
SORBI_3003G120600	1216
SORBI_3003G120700	1368.97384370158
SORBI_3003G120800	8277.46841091245
SORBI_3003G120900	1144
SORBI_3003G121000	1225
SORBI_3003G121100	978.141
SORBI_3003G121200	2573.711
SORBI_3003G121300	1461.772
SORBI_3003G121400	2084.169
SORBI_3003G121500	1163
SORBI_3003G121600	855.621
SORBI_3003G121700	1662
SORBI_3003G121800	3355.025
SORBI_3003G121900	1435.724
SORBI_3003G122000	1138.706
SORBI_3003G122100	843.05
SORBI_3003G122200	1259.857
SORBI_3003G122300	996.661393198293
SORBI_3003G122400	1080.068
SORBI_3003G122500	3390.071
SORBI_3003G122800	945.583971820442
SORBI_3003G122900	607.78
SORBI_3003G123000	2469.46
SORBI_3003G123100	2818.261
SORBI_3003G123200	3203.33
SORBI_3003G123300	2636.259
SORBI_3003G123500	1319
SORBI_3003G123600	1219.831
SORBI_3003G123700	859
SORBI_3003G123800	645
SORBI_3003G123900	509
SORBI_3003G123950	2227
SORBI_3003G124000	2066.778
SORBI_3003G124100	1437.034
SORBI_3003G124200	1066.305
SORBI_3003G124300	626.982
SORBI_3003G124600	7869.84
SORBI_3003G124400	1306
SORBI_3003G124700	3433.397
SORBI_3003G124750	2579.579
SORBI_3003G124800	1028.016
SORBI_3003G124900	1915
SORBI_3003G125000	1662.5
SORBI_3003G125100	1430.76391448597
SORBI_3003G125200	849.375
SORBI_3003G125266	469
SORBI_3003G125332	1165.545
SORBI_3003G125400	482.795144756793
SORBI_3003G125500	1187.023
SORBI_3003G125650	639.176
SORBI_3003G125701	11110.678
SORBI_3003G125751	1445.024
SORBI_3003G125801	1350.598
SORBI_3003G125851	773
SORBI_3003G125900	2854.736
SORBI_3003G126100	2048.429
SORBI_3003G126200	1667
SORBI_3003G126300	1452.203
SORBI_3003G126400	1637.64
SORBI_3003G126500	3536.595
SORBI_3003G126600	1899.223
SORBI_3003G126700	907
SORBI_3003G126750	393
SORBI_3003G126800	877.351
SORBI_3003G126900	527.019
SORBI_3003G127001	561.491
SORBI_3003G127100	1530.239
SORBI_3003G127200	2798
SORBI_3003G127300	903.962
SORBI_3003G127350	1033.124
SORBI_3003G127400	909.748
SORBI_3003G127500	1153.071
SORBI_3003G127600	831.41
SORBI_3003G127700	1155.128
SORBI_3003G127800	1980.57
SORBI_3003G127900	926
SORBI_3003G128000	2018.432
SORBI_3003G128100	1420.61376068212
SORBI_3003G128200	593.213
SORBI_3003G128300	1379.385
SORBI_3003G128350	1555
SORBI_3003G128400	1866.449
SORBI_3003G128500	980.575
SORBI_3003G128525	343
SORBI_3003G128550	934
SORBI_3003G128575	828
SORBI_3003G128600	3383.033
SORBI_3003G128700	1506.044
SORBI_3003G128800	7381.866
SORBI_3003G128850	1158
SORBI_3003G128900	1368.362
SORBI_3003G129000	1721.753
SORBI_3003G129100	974
SORBI_3003G129200	3340
SORBI_3003G129300	2251.787
SORBI_3003G129400	3057.851
SORBI_3003G129500	6540.51375095625
SORBI_3003G129600	2966.47
SORBI_3003G129700	1197
ENSRNA049484867	35
ENSRNA049484864	3
SORBI_3003G129800	721.738750184019
SORBI_3003G129900	1804.835
SORBI_3003G130000	1263.865
SORBI_3003G130100	1078
SORBI_3003G130200	2417
SORBI_3003G130300	53
SORBI_3003G130400	2307.568
SORBI_3003G130500	1842.519
SORBI_3003G130600	977.211
SORBI_3003G130650	809
SORBI_3003G130700	1826.187
SORBI_3003G130800	1511.74
SORBI_3003G130900	1866.92719138334
SORBI_3003G131000	3033
SORBI_3003G131100	1487.21307081458
SORBI_3003G131200	3481.32014476727
SORBI_3003G131300	929.515
SORBI_3003G131400	828.477
SORBI_3003G131500	161
SORBI_3003G131600	1365.817
SORBI_3003G131700	800
SORBI_3003G131800	2272.10546036227
SORBI_3003G131900	939
SORBI_3003G132000	1438.266
SORBI_3003G132050	166.873
SORBI_3003G132100	1497.201
SORBI_3003G132200	2767.476
SORBI_3003G132300	1121.687
SORBI_3003G132400	1815
SORBI_3003G132500	2757.95
SORBI_3003G132600	339.421
SORBI_3003G132700	5491.26
SORBI_3003G133000	3203.5
SORBI_3003G133100	1141.384
SORBI_3003G133201	586
SORBI_3003G133300	1461.722
SORBI_3003G133450	394
SORBI_3003G133600	1892.5
SORBI_3003G133700	2426.02608877802
SORBI_3003G133800	1025.767
SORBI_3003G133900	2158.428
SORBI_3003G134000	1753.66769864273
SORBI_3003G134100	1187.288
SORBI_3003G134201	1297
SORBI_3003G134300	1875.282
SORBI_3003G134400	1557.88012649296
SORBI_3003G134500	1842
SORBI_3003G134600	1009
SORBI_3003G134700	1778.4
SORBI_3003G134800	2561.747
SORBI_3003G134900	947.792
SORBI_3003G134950	596
SORBI_3003G135000	2984
SORBI_3003G135101	637
SORBI_3003G135201	1548
SORBI_3003G135300	756
SORBI_3003G135400	2354.09921356983
SORBI_3003G135500	3133.227
SORBI_3003G135600	1023.397
SORBI_3003G135700	6484.588
SORBI_3003G135800	581.167
SORBI_3003G135900	868
SORBI_3003G136000	2306.434
SORBI_3003G136100	1040
SORBI_3003G136200	1356.185
SORBI_3003G136301	93
SORBI_3003G136400	1157.41
SORBI_3003G136500	1756.37
SORBI_3003G136600	1645.21754365288
SORBI_3003G136700	890
SORBI_3003G136800	1092.406
SORBI_3003G136900	1840.44822189283
SORBI_3003G137000	1520.726
SORBI_3003G137100	1477.712
SORBI_3003G137200	1989.489
SORBI_3003G137300	2104.02104273032
SORBI_3003G137400	1126.978
SORBI_3003G137500	1117
SORBI_3003G137600	1331.997
SORBI_3003G137700	900
SORBI_3003G137766	9190
SORBI_3003G137832	493
SORBI_3003G137900	373
SORBI_3003G138000	589
SORBI_3003G138100	254
SORBI_3003G138200	2354.68264330964
SORBI_3003G138300	460
SORBI_3003G138400	1468.274
SORBI_3003G138500	1455.13152822814
SORBI_3003G138550	604
SORBI_3003G138600	837.852546570195
SORBI_3003G138900	1175.32271135933
SORBI_3003G139000	1166.921
SORBI_3003G139050	292
SORBI_3003G139100	166
SORBI_3003G139200	460.972
SORBI_3003G139300	5172.41
SORBI_3003G139333	715
SORBI_3003G139366	1707
SORBI_3003G139400	2302
SORBI_3003G139500	1591.354
SORBI_3003G139600	1896.367
SORBI_3003G139700	1726.949
SORBI_3003G139800	901.559
SORBI_3003G139900	3342.814
SORBI_3003G140000	2969.211
SORBI_3003G140100	1553
SORBI_3003G140200	1370.409
SORBI_3003G140400	1807.81
SORBI_3003G140450	607
SORBI_3003G140500	111
SORBI_3003G140550	238
SORBI_3003G140600	1129
SORBI_3003G140700	2818.025
SORBI_3003G140800	1291.689
SORBI_3003G140900	1238.195
SORBI_3003G141000	2039.625
SORBI_3003G141050	408
SORBI_3003G141100	1265.66732178158
SORBI_3003G141200	3220
SORBI_3003G141400	976
SORBI_3003G141500	1922.65407997822
SORBI_3003G141550	427
SORBI_3003G141600	2034.999
SORBI_3003G141700	689.066
SORBI_3003G141800	2064.279
SORBI_3003G142000	562.227
SORBI_3003G142100	2525
SORBI_3003G142200	2058
SORBI_3003G142300	910.253
SORBI_3003G142400	4563.87
SORBI_3003G142500	1704
SORBI_3003G142700	565.707
SORBI_3003G142800	1381
SORBI_3003G142900	982.771
SORBI_3003G143000	1047.5
SORBI_3003G143100	1688.404
SORBI_3003G143200	1039.33173748976
SORBI_3003G143300	499
SORBI_3003G143401	814
SORBI_3003G143500	367
SORBI_3003G143600	859
SORBI_3003G143700	2086.66830399036
SORBI_3003G143800	4371.45
SORBI_3003G143900	1936.247
SORBI_3003G144000	1424.50135503044
SORBI_3003G144100	676
SORBI_3003G144200	1448.212
SORBI_3003G144300	5333.219
ENSRNA049484868	352
SORBI_3003G144400	210.646
SORBI_3003G144500	645.94
SORBI_3003G144600	1200.97
SORBI_3003G144700	535.181
SORBI_3003G144800	607.477
SORBI_3003G144900	5632.358
SORBI_3003G144950	499.539
SORBI_3003G145000	746.452
SORBI_3003G145050	263
SORBI_3003G145100	1359.984
SORBI_3003G145200	2174.52
SORBI_3003G145250	186
SORBI_3003G145300	128
SORBI_3003G145400	161
SORBI_3003G145500	189
SORBI_3003G145600	224
SORBI_3003G145700	1659.69470679947
SORBI_3003G145800	2823.432
SORBI_3003G145900	1133.238
SORBI_3003G146000	969.1
SORBI_3003G146100	2069.799
SORBI_3003G146200	778.148
SORBI_3003G146300	1715.006
SORBI_3003G146400	169.744
SORBI_3003G146450	860
SORBI_3003G146500	1187.70678856588
SORBI_3003G146600	3056.576
SORBI_3003G146800	2201.07400264715
SORBI_3003G146700	1022
SORBI_3003G146900	2426.916
SORBI_3003G147000	3399.30924939852
SORBI_3003G147100	311
SORBI_3003G147200	523
SORBI_3003G147301	1537.622
SORBI_3003G147401	1133.057
SORBI_3003G147500	3541.784
SORBI_3003G147600	5079.502
ENSRNA049484939	6
SORBI_3003G147700	712
SORBI_3003G147800	1310.967
SORBI_3003G147900	2016.041
SORBI_3003G148000	13639.924
SORBI_3003G148200	1513.216
SORBI_3003G148300	2035.084
SORBI_3003G148400	1912
SORBI_3003G148500	1582
SORBI_3003G148550	662
SORBI_3003G148600	776.743
SORBI_3003G148700	1311
SORBI_3003G148800	1850.687
SORBI_3003G148900	855.85
SORBI_3003G148950	774
SORBI_3003G149000	1510.185
SORBI_3003G149100	797.593
SORBI_3003G149200	823.012
SORBI_3003G149300	2255.07313907617
SORBI_3003G149400	1823.391
SORBI_3003G149500	2267.104
SORBI_3003G149600	1759
SORBI_3003G149700	764.476
SORBI_3003G149750	16
SORBI_3003G149800	2162.48040035752
SORBI_3003G149900	718.138
SORBI_3003G150000	599.577
SORBI_3003G150100	2672.486
SORBI_3003G150200	3701.754
SORBI_3003G150400	959.742
SORBI_3003G150500	1625.671
SORBI_3003G150600	2750.265
SORBI_3003G150700	1728
SORBI_3003G150800	2650.132
SORBI_3003G150900	2409.427
SORBI_3003G151000	1057.095
SORBI_3003G151100	1326.37
ENSRNA049996558	63
SORBI_3003G151200	1808.282
SORBI_3003G151300	2737.28132505879
SORBI_3003G151400	2407.087
SORBI_3003G151500	1561.919
SORBI_3003G151600	1913.99994093244
SORBI_3003G151800	136
SORBI_3003G151900	1830.069
SORBI_3003G152000	1778.219
SORBI_3003G152050	375
SORBI_3003G152100	1370.419
SORBI_3003G152200	1521.836
SORBI_3003G152300	1842
SORBI_3003G152400	4535.335
SORBI_3003G152500	1237.712
SORBI_3003G152600	619.516
SORBI_3003G152700	740.454
SORBI_3003G152800	780.357
SORBI_3003G152900	1490.696
SORBI_3003G153000	1863.73
SORBI_3003G153100	4091.332
SORBI_3003G153150	1126
SORBI_3003G153200	1258.921
SORBI_3003G153300	1401.008
SORBI_3003G153400	2842.307
SORBI_3003G153500	2226.952
SORBI_3003G153600	2210.275
SORBI_3003G153700	755.460901441929
SORBI_3003G153800	1896.527
SORBI_3003G153900	2964.206
SORBI_3003G154100	1188.156
SORBI_3003G154200	1722.284
SORBI_3003G154300	1527
SORBI_3003G154400	1939.532
SORBI_3003G154450	3182.5
SORBI_3003G154500	1293
SORBI_3003G154600	2026
SORBI_3003G154700	2692.679
SORBI_3003G154800	1948
SORBI_3003G154900	585
SORBI_3003G155000	3605.773
SORBI_3003G155100	3903.998
SORBI_3003G155300	7504.29
SORBI_3003G155350	629
SORBI_3003G155400	793.987
SORBI_3003G155600	2193.144
SORBI_3003G155700	1029.831
SORBI_3003G155800	1623
SORBI_3003G155900	1871.485
SORBI_3003G156000	1077.105
SORBI_3003G156100	4133
SORBI_3003G156200	1784.635
SORBI_3003G156300	748
SORBI_3003G156400	1208.094
SORBI_3003G156500	2836.88
SORBI_3003G156600	1032.927
SORBI_3003G156700	1175.71844687462
SORBI_3003G156733	590
SORBI_3003G156766	1047.239
SORBI_3003G156800	670
SORBI_3003G156900	947
ENSRNA049484896	3
ENSRNA049484865	2
ENSRNA049484952	35
ENSRNA049484883	6
SORBI_3003G157000	871
SORBI_3003G157100	616
SORBI_3003G157200	979
SORBI_3003G157300	1430.595
SORBI_3003G157400	1282.64612857705
SORBI_3003G157450	1447
SORBI_3003G157500	1071.135
SORBI_3003G157600	1950.567
SORBI_3003G157700	2502.624
SORBI_3003G157800	896
SORBI_3003G157900	3592.22
SORBI_3003G158000	3032.506
SORBI_3003G158100	2009.238
SORBI_3003G158201	534
SORBI_3003G158300	2522.73913270138
SORBI_3003G158400	1589.648
SORBI_3003G158500	2699.812
SORBI_3003G158600	150
SORBI_3003G158700	3087.446
SORBI_3003G158900	1813.57636167768
SORBI_3003G159000	550
SORBI_3003G159101	260
SORBI_3003G159200	3120.936
SORBI_3003G159300	630
SORBI_3003G159400	539
SORBI_3003G159450	232.451
SORBI_3003G159500	1345.75469915046
SORBI_3003G159600	2280.14688867562
SORBI_3003G159700	2873.304
ENSRNA049996551	5
SORBI_3003G159850	1935.333
SORBI_3003G160000	1708.12
SORBI_3003G160100	151.523190969267
SORBI_3003G160150	207
SORBI_3003G160200	4507.104
SORBI_3003G160300	8413.597
SORBI_3003G160400	3034
SORBI_3003G160433	429.316
SORBI_3003G160466	217.418
SORBI_3003G160500	898.304314164691
SORBI_3003G160600	1173.901
SORBI_3003G160700	1292.229
SORBI_3003G160800	1435.90338443049
SORBI_3003G160900	892.087
SORBI_3003G161000	2366.42
SORBI_3003G161100	1190.975
SORBI_3003G161200	2729.65
SORBI_3003G161300	260
SORBI_3003G161400	4028.538
SORBI_3003G161500	2521.525
SORBI_3003G161600	1254.781
SORBI_3003G161700	2647.285
SORBI_3003G161800	3782.377
SORBI_3003G161900	93
SORBI_3003G161950	3306
SORBI_3003G162000	957.121
ENSRNA049445458	33
SORBI_3003G162100	1031.611
SORBI_3003G162200	946
SORBI_3003G162400	2423.465
SORBI_3003G162500	2110
SORBI_3003G162600	3085
SORBI_3003G162633	1702
SORBI_3003G162666	1557
SORBI_3003G162700	250.56
SORBI_3003G162800	1346.022
SORBI_3003G162900	1089.51
SORBI_3003G163000	83
SORBI_3003G163100	2144.58525014959
SORBI_3003G163200	3522.331
SORBI_3003G163301	1513.601
SORBI_3003G163401	397
SORBI_3003G163500	912.65
SORBI_3003G163600	490.605
SORBI_3003G163700	641.459
SORBI_3003G163801	498
SORBI_3003G163900	5884.24079667563
SORBI_3003G164000	733
SORBI_3003G164100	712
SORBI_3003G164200	2527.152
SORBI_3003G164300	2365
SORBI_3003G164400	2780
SORBI_3003G164500	884
SORBI_3003G164600	817.648
SORBI_3003G164700	894
SORBI_3003G164800	1158.918
SORBI_3003G164950	858.703
SORBI_3003G165101	928.05
SORBI_3003G165251	216
SORBI_3003G165401	356.942
SORBI_3003G165551	1762
SORBI_3003G165700	649
SORBI_3003G165800	1157.725
SORBI_3003G166001	310.5
SORBI_3003G166200	2264.61501716463
SORBI_3003G166300	502
SORBI_3003G166400	55
SORBI_3003G166450	1396
SORBI_3003G166500	1083.475
SORBI_3003G166625	1639
SORBI_3003G166750	5098.816
SORBI_3003G166875	1794.749
SORBI_3003G167000	1790.75
SORBI_3003G167101	1252
SORBI_3003G167200	1233
SORBI_3003G167300	1180.832
SORBI_3003G167500	7709.69
SORBI_3003G167566	261
SORBI_3003G167632	923.104
SORBI_3003G167700	1400.969
SORBI_3003G167825	2769.827
SORBI_3003G167800	919.809
SORBI_3003G167850	712
SORBI_3003G167875	349
SORBI_3003G167900	1530.28196517269
SORBI_3003G168100	3915.865
SORBI_3003G168200	1420.111
SORBI_3003G168300	282
ENSRNA049445483	25
SORBI_3003G168350	164
SORBI_3003G168425	198
SORBI_3003G168500	211.393
SORBI_3003G168600	310
SORBI_3003G168700	908.04
SORBI_3003G168800	243
SORBI_3003G168900	16
SORBI_3003G169000	3
SORBI_3003G169100	1978.152
SORBI_3003G169200	893.419
SORBI_3003G169300	569.76
SORBI_3003G169400	5736.876
SORBI_3003G169500	2449.50755082182
SORBI_3003G169550	337
SORBI_3003G169600	1469.59448229538
SORBI_3003G169700	825
SORBI_3003G169800	1396.546
SORBI_3003G169900	1750.97422032162
SORBI_3003G169966	2017.841
SORBI_3003G170032	785.069
SORBI_3003G170100	1429.961
SORBI_3003G170200	1307.903
SORBI_3003G170300	692.405
SORBI_3003G170333	346
SORBI_3003G170366	823
SORBI_3003G170400	3230.082
SORBI_3003G170501	967
SORBI_3003G170600	3368
SORBI_3003G170700	6971.8580767192
SORBI_3003G170800	313
SORBI_3003G170900	1383.85191403051
SORBI_3003G170966	4694
SORBI_3003G171032	404
SORBI_3003G171100	792.501
SORBI_3003G171200	4092.191
SORBI_3003G171300	2012
SORBI_3003G171400	3497.54340981529
SORBI_3003G171500	8611.85
SORBI_3003G171701	349.509
SORBI_3003G171900	8
SORBI_3003G171950	57
SORBI_3003G172000	117
ENSRNA049471256	29
SORBI_3003G172200	709
ENSRNA049470939	1275.729
SORBI_3003G172250	406.121
ENSRNA049471265	29
SORBI_3003G172300	1999.769
SORBI_3003G172400	457
SORBI_3003G172500	18754.411
SORBI_3003G172450	335
SORBI_3003G172600	213
SORBI_3003G172701	101
SORBI_3003G172800	590.728
SORBI_3003G172850	1496
SORBI_3003G172900	567.483
SORBI_3003G172966	887.796
SORBI_3003G173032	80.32
SORBI_3003G173116	429.339
ENSRNA049471137	26.087
SORBI_3003G173200	1126
SORBI_3003G173266	2824.188
SORBI_3003G173332	1498
SORBI_3003G173400	1645.78518172787
SORBI_3003G173600	2217.39694999348
SORBI_3003G173700	1594.60336930991
SORBI_3003G173800	2230.414
SORBI_3003G173950	2032.485
SORBI_3003G174100	1060.79045684029
SORBI_3003G174200	2005.33333333333
SORBI_3003G174301	6362.71
SORBI_3003G174400	1012.33333333333
SORBI_3003G174425	379
SORBI_3003G174450	266.721
SORBI_3003G174475	353.277
SORBI_3003G174500	4646.166
SORBI_3003G174601	295
SORBI_3003G174700	2073.964
SORBI_3003G174800	1794.907
SORBI_3003G174850	738.20216238243
SORBI_3003G174900	1977.772
SORBI_3003G175000	2759
SORBI_3003G175050	2678
SORBI_3003G175100	9877.54
SORBI_3003G175201	934.344
SORBI_3003G175300	555
SORBI_3003G175350	2691
SORBI_3003G175400	329
SORBI_3003G175500	2626.487
SORBI_3003G175600	1999
SORBI_3003G175633	1723
SORBI_3003G175666	1792
SORBI_3003G175700	328
SORBI_3003G175800	571
SORBI_3003G175833	1687
SORBI_3003G175866	1711
SORBI_3003G175900	577.691
SORBI_3003G175950	1917
SORBI_3003G176000	2753.78514229717
SORBI_3003G176100	6217.188
SORBI_3003G176200	1145.378
SORBI_3003G176300	955.2
SORBI_3003G176325	411
SORBI_3003G176350	225
SORBI_3003G176375	3574.18
SORBI_3003G176400	1429.339
SORBI_3003G176500	4691.85521238873
SORBI_3003G176600	779.092
SORBI_3003G176650	1648
SORBI_3003G176700	1288
SORBI_3003G176800	640
SORBI_3003G176900	2102.378
SORBI_3003G177000	3551.39
SORBI_3003G177200	494
SORBI_3003G177350	4406.5
SORBI_3003G177500	983
SORBI_3003G177600	2474
SORBI_3003G177700	1493.674
SORBI_3003G177800	661.595
SORBI_3003G178000	1220
SORBI_3003G178101	1930
SORBI_3003G178200	1330
SORBI_3003G178301	495.635
SORBI_3003G178400	1007.214
SORBI_3003G178500	1636
SORBI_3003G178601	197.135
SORBI_3003G178700	2227.446
SORBI_3003G178800	157
SORBI_3003G178900	1333.25
SORBI_3003G179000	835.461
SORBI_3003G179100	2605.27125683493
SORBI_3003G179201	23920.544
SORBI_3003G179300	229
SORBI_3003G179350	1633.353
SORBI_3003G179400	5452.574
SORBI_3003G179500	1790.82
SORBI_3003G179600	5748.051
SORBI_3003G179700	2332
SORBI_3003G179800	694.192
SORBI_3003G179950	1389.846
SORBI_3003G180100	5023.417
SORBI_3003G180200	3342.028
SORBI_3003G180300	505.142
SORBI_3003G180400	4546.346
SORBI_3003G180600	1368.639
SORBI_3003G180700	3404
SORBI_3003G180800	1485.846
SORBI_3003G180900	11832.795
SORBI_3003G180950	186
SORBI_3003G181000	165
SORBI_3003G181201	98
SORBI_3003G181400	367.5
SORBI_3003G181500	2140.789
SORBI_3003G181600	4942.778
SORBI_3003G181700	1743.012
SORBI_3003G181800	1688.991
SORBI_3003G181900	213
SORBI_3003G182100	1135.02092497164
SORBI_3003G182200	1064.875
SORBI_3003G182300	1546.17519482741
SORBI_3003G182400	805.375
SORBI_3003G182501	1914.741
SORBI_3003G182600	395.23
SORBI_3003G182700	1092.704
SORBI_3003G182800	1671.179
SORBI_3003G182901	330
SORBI_3003G183000	3775.157
SORBI_3003G183100	2416.12
SORBI_3003G183200	883
SORBI_3003G183300	1824.18
SORBI_3003G183400	1780
SORBI_3003G183466	880.815
SORBI_3003G183532	157.773
SORBI_3003G183600	1033.289
SORBI_3003G183700	2789.134
SORBI_3003G183800	2641.241
SORBI_3003G183850	1355.141
SORBI_3003G183900	1319.516
SORBI_3003G184000	2106.534
SORBI_3003G184100	1353.48005889536
SORBI_3003G184200	692.89964947127
SORBI_3003G184300	2228.043
SORBI_3003G184400	1441.926
ENSRNA049996548	41
SORBI_3003G184500	1683.591
SORBI_3003G184600	848.722
SORBI_3003G184633	658.519
SORBI_3003G184666	628.723
SORBI_3003G184699	1618.504
SORBI_3003G184732	867.539
SORBI_3003G184765	340.84
SORBI_3003G184800	2963.132
SORBI_3003G184900	720.825
SORBI_3003G185000	3746
SORBI_3003G185100	1331.455
SORBI_3003G185200	4445.93800086345
SORBI_3003G185250	1791.266
SORBI_3003G185300	1238.208
SORBI_3003G185400	862.583039504884
SORBI_3003G185500	1271.602
SORBI_3003G185600	2724.241
SORBI_3003G185700	676
SORBI_3003G185800	664
SORBI_3003G185900	1191.60439639526
SORBI_3003G186000	7206.3244917465
SORBI_3003G186066	661
SORBI_3003G186132	306.29
SORBI_3003G186200	1051
SORBI_3003G186300	422.655
SORBI_3003G186350	2365
SORBI_3003G186400	1783.106
SORBI_3003G186500	1602.675
SORBI_3003G186600	1387.161
SORBI_3003G186700	1719.371
SORBI_3003G186800	4073.97
SORBI_3003G186900	1490.24406709056
SORBI_3003G187000	969
SORBI_3003G187100	1261.907
SORBI_3003G187200	1960.574
SORBI_3003G187300	741.439
SORBI_3003G187400	2483.98256633693
SORBI_3003G187500	2873.64
SORBI_3003G187600	3319.718
SORBI_3003G187700	1304
SORBI_3003G187800	1950
SORBI_3003G188000	1822.2778086282
SORBI_3003G188100	2653.25148012688
SORBI_3003G188200	1009.272
SORBI_3003G188300	3796.65396690735
SORBI_3003G188400	2081.004
SORBI_3003G188500	860.439
SORBI_3003G188600	356.048
SORBI_3003G188700	448
SORBI_3003G188801	1753
SORBI_3003G188900	3064.92581547509
SORBI_3003G189000	706.918
SORBI_3003G189100	1061.678
SORBI_3003G189200	1015.239
SORBI_3003G189333	871.566
SORBI_3003G189466	844
SORBI_3003G189600	3394.033
SORBI_3003G189700	988.48044247876
SORBI_3003G189800	1105.856
SORBI_3003G189900	819.168
SORBI_3003G190000	1922.132
SORBI_3003G190100	1818.246
SORBI_3003G190200	2640.766
SORBI_3003G190300	833.461337702907
SORBI_3003G190400	1121.618
SORBI_3003G190500	1337.671
SORBI_3003G190600	852.305
SORBI_3003G190701	355
SORBI_3003G190800	736.002
SORBI_3003G190900	1625.693
SORBI_3003G191000	1383.999
SORBI_3003G191200	7262.314
SORBI_3003G191300	499
SORBI_3003G191350	601
SORBI_3003G191400	918.541
SORBI_3003G191500	1938.295
SORBI_3003G191600	704.063
SORBI_3003G191700	2819.62372808249
SORBI_3003G191750	1627
SORBI_3003G191800	800.86
SORBI_3003G192000	2352.312
SORBI_3003G192100	3232.881
SORBI_3003G192200	1827
SORBI_3003G192300	325.588
SORBI_3003G192400	6586.965
SORBI_3003G192500	1138.201
SORBI_3003G192600	2468.68054938456
SORBI_3003G192701	1120
SORBI_3003G192801	1569.773
SORBI_3003G192900	922
SORBI_3003G193000	4448.62
SORBI_3003G193200	6330.75
SORBI_3003G193300	343
SORBI_3003G193400	1998
SORBI_3003G193500	2067.493
SORBI_3003G193600	667
SORBI_3003G193700	3467.798
SORBI_3003G193800	2270.161
SORBI_3003G193900	1069
ENSRNA049469210	10
SORBI_3003G194100	2111.126
SORBI_3003G194200	1304.95624754586
SORBI_3003G194300	613.254
SORBI_3003G194400	1329.477
SORBI_3003G194500	4084.527
SORBI_3003G194600	5438.62
SORBI_3003G194800	1616.57419120996
SORBI_3003G194900	1697
SORBI_3003G195000	2725.036
SORBI_3003G195150	813.091
SORBI_3003G195300	5181.927
SORBI_3003G195400	528
SORBI_3003G195500	3669.492
SORBI_3003G195600	1852.924
SORBI_3003G195700	1841
SORBI_3003G195800	679
SORBI_3003G195900	4261.157
SORBI_3003G196000	2382.84
SORBI_3003G196200	1683.72990503867
SORBI_3003G196300	7493.54
SORBI_3003G196400	930.874682498882
SORBI_3003G196500	1830
SORBI_3003G196600	773.34
SORBI_3003G196700	878.191
SORBI_3003G196800	702.772
SORBI_3003G196900	1544.102
SORBI_3003G197000	2547.135
SORBI_3003G197100	3358.26960686451
SORBI_3003G197200	1152.755
SORBI_3003G197300	2245.011
SORBI_3003G197400	1689.051
SORBI_3003G197500	2220.333
SORBI_3003G197600	478
SORBI_3003G197700	1210
SORBI_3003G197800	1911.669
SORBI_3003G198016	4649.13140551994
SORBI_3003G198000	1942
SORBI_3003G198032	943
SORBI_3003G198048	510.231
SORBI_3003G198064	649
SORBI_3003G198080	1721.986
SORBI_3003G198100	3485.593
SORBI_3003G198150	305.231
SORBI_3003G198200	1621.345
SORBI_3003G198300	1896.775
SORBI_3003G198400	1541.043
SORBI_3003G198500	2725.61701275358
SORBI_3003G198550	1111.961
SORBI_3003G198600	235.33
SORBI_3003G198701	1081.282
SORBI_3003G198800	4694.511
SORBI_3003G198850	638
SORBI_3003G198900	1340.877
SORBI_3003G199001	1786.935
SORBI_3003G199101	1444
SORBI_3003G199200	1543.4892598756
SORBI_3003G199300	6982.36
SORBI_3003G199400	1293.223
SORBI_3003G199500	1765.53
SORBI_3003G199600	1004
SORBI_3003G199650	861
SORBI_3003G199700	1214.906
SORBI_3003G199800	443.193581329369
SORBI_3003G199900	1007.88711546568
SORBI_3003G200000	597.133
SORBI_3003G200100	6635.631
SORBI_3003G200200	2756.329
SORBI_3003G200400	1318
SORBI_3003G200501	702.483
SORBI_3003G200600	2182.95
SORBI_3003G200700	907.418
SORBI_3003G200800	1510.719
SORBI_3003G200900	136
SORBI_3003G201000	1450.347
SORBI_3003G201100	1759.241
SORBI_3003G201150	1723
SORBI_3003G201200	771
SORBI_3003G201300	918
SORBI_3003G201400	2401.932
SORBI_3003G201500	1043.55
SORBI_3003G201600	1046
SORBI_3003G201700	1703.266
SORBI_3003G201750	17977.942
SORBI_3003G201800	460.639
SORBI_3003G201850	1302
SORBI_3003G201900	1485.437
SORBI_3003G202000	742
SORBI_3003G202100	1721.4
SORBI_3003G202200	1415.2143095127
SORBI_3003G202300	1678.157
SORBI_3003G202400	1653.642
SORBI_3003G202500	2521.93
SORBI_3003G202600	1377.383
SORBI_3003G202700	2149.653
SORBI_3003G202800	876.316
SORBI_3003G202900	2417.982
SORBI_3003G203000	519.88
SORBI_3003G203100	3448.472
SORBI_3003G203200	1348
SORBI_3003G203300	1507.358
SORBI_3003G203400	1350.61211619743
SORBI_3003G203500	2133.5649068765
SORBI_3003G203600	2103.10006221784
SORBI_3003G203700	67
SORBI_3003G203800	689
SORBI_3003G203833	172
SORBI_3003G203866	1161.5
SORBI_3003G203900	550
SORBI_3003G204000	316.661
SORBI_3003G204100	2488.722
SORBI_3003G204200	4021.947
SORBI_3003G204300	480
SORBI_3003G204400	677
SORBI_3003G204501	444.309
SORBI_3003G204600	384
SORBI_3003G204750	1097
SORBI_3003G204900	568.517
SORBI_3003G205000	547
SORBI_3003G205100	3403.03149311296
SORBI_3003G205200	7495.068
SORBI_3003G205300	2093.759
SORBI_3003G205400	966.81
SORBI_3003G205501	996.606
SORBI_3003G205600	1488.316
SORBI_3003G205700	1036
SORBI_3003G205801	727.172
SORBI_3003G205900	1580.46935365389
SORBI_3003G206000	1207
SORBI_3003G206100	970
SORBI_3003G206200	725
SORBI_3003G206250	186.16
SORBI_3003G206300	673
SORBI_3003G206400	1474
SORBI_3003G206500	364
SORBI_3003G206600	3098.423
SORBI_3003G206700	1797.788
SORBI_3003G206800	6983.512
SORBI_3003G206900	1414.76
SORBI_3003G207000	2398.716
SORBI_3003G207100	2421
SORBI_3003G207200	1239.075
SORBI_3003G207300	1409.113
SORBI_3003G207400	1119.958
SORBI_3003G207500	2748.71219739691
SORBI_3003G207600	2000.174
SORBI_3003G207700	2591.857
SORBI_3003G207800	2065
SORBI_3003G207900	3516.50207577379
SORBI_3003G208000	1871.809
SORBI_3003G208100	1987.144
SORBI_3003G208200	1582
SORBI_3003G208300	2050.111
SORBI_3003G208400	2743.73
SORBI_3003G208500	1583.139
SORBI_3003G208600	352
SORBI_3003G208700	2720.848
SORBI_3003G208800	2206.479
SORBI_3003G208900	2341
SORBI_3003G209000	627.513
SORBI_3003G209101	487
SORBI_3003G209200	1981.7083154006
SORBI_3003G209300	935
SORBI_3003G209400	1630.194
SORBI_3003G209500	2370.468
SORBI_3003G209600	844.179860011253
SORBI_3003G209800	380.095
SORBI_3003G209900	715.16
SORBI_3003G210000	1258
SORBI_3003G210100	1613.895
SORBI_3003G210200	300
SORBI_3003G210300	236
SORBI_3003G210400	736.61
SORBI_3003G210500	2861.371
SORBI_3003G210601	3163.114
SORBI_3003G210701	626
SORBI_3003G210801	3027.736
SORBI_3003G210900	3999.742
SORBI_3003G211000	641
SORBI_3003G211100	1366.135
SORBI_3003G211200	1337.2
SORBI_3003G211233	1796.255
SORBI_3003G211266	808
SORBI_3003G211300	495.354
SORBI_3003G211400	967.357
SORBI_3003G211500	806.518
SORBI_3003G211600	4930.947
SORBI_3003G211700	2154.907
SORBI_3003G211800	2188.843
SORBI_3003G211900	940.023
SORBI_3003G212000	161
SORBI_3003G212100	1679.654
SORBI_3003G212300	1641.646
SORBI_3003G212400	918.063
SORBI_3003G212500	990.35
SORBI_3003G212600	2245.195
SORBI_3003G212700	2351
SORBI_3003G212800	2678.062
SORBI_3003G212900	2314.111
SORBI_3003G213000	1441.935
SORBI_3003G213100	2167
SORBI_3003G213300	298
SORBI_3003G213400	822.088
SORBI_3003G213500	283
SORBI_3003G213600	1135.622
SORBI_3003G213700	885.625
SORBI_3003G213800	2864.299
SORBI_3003G213900	892.925
SORBI_3003G214000	1439.012
SORBI_3003G214100	1477.497
SORBI_3003G214200	1904
SORBI_3003G214300	2233.391
SORBI_3003G214400	2048.4430281928
SORBI_3003G214500	830.13
SORBI_3003G214600	2900.84363140254
SORBI_3003G214650	1463.06
SORBI_3003G214700	3862.101
SORBI_3003G214800	1410.859
SORBI_3003G214850	2292.887
SORBI_3003G214900	1094.164
SORBI_3003G215100	307
SORBI_3003G215200	1171.376
SORBI_3003G215300	4746.166
SORBI_3003G215350	694
SORBI_3003G215400	4668
SORBI_3003G215500	763
SORBI_3003G215600	4504
SORBI_3003G215700	904.545
SORBI_3003G215800	4791.24867913475
SORBI_3003G215900	178
SORBI_3003G216000	4590.096
SORBI_3003G216100	729.231
SORBI_3003G216166	1630.285
SORBI_3003G216232	4724.862
SORBI_3003G216300	3854.92288645829
SORBI_3003G216400	400
SORBI_3003G216500	870.093
SORBI_3003G216600	4994.80778014913
SORBI_3003G216700	1006.146
SORBI_3003G216800	1525
SORBI_3003G216901	964
SORBI_3003G217000	1382.397
SORBI_3003G217100	953.885
SORBI_3003G217200	2153.295
SORBI_3003G217300	517.551
SORBI_3003G217400	1226.824
SORBI_3003G217500	1525.972
SORBI_3003G217566	838
SORBI_3003G217632	1425
SORBI_3003G217700	1694.77294551376
SORBI_3003G217800	1001
SORBI_3003G217900	5671.859
SORBI_3003G218000	2431.361
SORBI_3003G218100	865
SORBI_3003G218200	2321.353
SORBI_3003G218300	1750.425
SORBI_3003G218400	707.662
SORBI_3003G218450	1158
SORBI_3003G218500	1371.344
SORBI_3003G218600	4220.144
SORBI_3003G218700	3171.78
SORBI_3003G218801	2122.18
SORBI_3003G218900	1656.965
SORBI_3003G218950	802
SORBI_3003G219000	1600
SORBI_3003G219100	1060.407
SORBI_3003G219200	1168.776
SORBI_3003G219300	1491
SORBI_3003G219400	1795.79974881405
SORBI_3003G219500	898.143
SORBI_3003G219600	3671.965
SORBI_3003G219700	702.406
SORBI_3003G219800	1494.159
SORBI_3003G220000	2216
SORBI_3003G220100	3623.923
SORBI_3003G220200	3879.004
SORBI_3003G220266	328
SORBI_3003G220332	888
SORBI_3003G220400	236
SORBI_3003G220500	2826.695
SORBI_3003G220600	2028.043
SORBI_3003G220700	1342.89707582174
SORBI_3003G220800	1747.225
SORBI_3003G220900	235.673
SORBI_3003G221000	2297.317
SORBI_3003G221100	368.126
SORBI_3003G221200	2677.388
SORBI_3003G221300	3277.501
SORBI_3003G221400	2947.657
SORBI_3003G221450	65
SORBI_3003G221500	2033.184
SORBI_3003G221600	943.364
SORBI_3003G221650	613.787
SORBI_3003G221700	1050.377
SORBI_3003G221800	2933.002
SORBI_3003G221900	2038.241
SORBI_3003G222000	2201.46
SORBI_3003G222101	341
SORBI_3003G222200	1169.953
SORBI_3003G222300	1226.891
SORBI_3003G222400	1068.344
ENSRNA049996543	45
SORBI_3003G222500	2098.062
SORBI_3003G222600	2194.352
SORBI_3003G222700	2178.02
SORBI_3003G222800	677.693
SORBI_3003G222900	2430.901
SORBI_3003G223000	2813.674
SORBI_3003G223100	1238.403
SORBI_3003G223200	2623.775
SORBI_3003G223300	1824.527
SORBI_3003G223400	1305.38
SORBI_3003G223500	1671.797
SORBI_3003G223600	741.791
SORBI_3003G223700	1643.895
SORBI_3003G223800	2598.097
SORBI_3003G223900	3178.539
SORBI_3003G223950	333
SORBI_3003G224000	161
SORBI_3003G224100	3443.015
SORBI_3003G224200	2872.689
SORBI_3003G224300	1391.742
SORBI_3003G224400	4321.364
SORBI_3003G224600	5122.142
SORBI_3003G224700	2993.66933951723
SORBI_3003G224800	872
SORBI_3003G224900	686.5
SORBI_3003G225000	1459.395
SORBI_3003G225100	1361.812
SORBI_3003G225200	2341.935
SORBI_3003G225300	1601.947
SORBI_3003G225500	1354
SORBI_3003G225600	3374.50612275898
SORBI_3003G225700	3285.536
SORBI_3003G225800	2642
SORBI_3003G225900	828.242
SORBI_3003G226000	1054
SORBI_3003G226100	2902.805
SORBI_3003G226200	3316.6530935426
SORBI_3003G226300	3147.152
SORBI_3003G226400	429
SORBI_3003G226500	1325.457
SORBI_3003G226600	1490.894
SORBI_3003G226700	2181.276
SORBI_3003G226800	1377.173
SORBI_3003G226900	1879.856
SORBI_3003G226950	1064.491
SORBI_3003G227000	1461.678
SORBI_3003G227100	2678.978
SORBI_3003G227200	471.688
SORBI_3003G227300	6460.889
SORBI_3003G227401	1630
SORBI_3003G227501	400.338
SORBI_3003G227600	2741.066
SORBI_3003G227700	1952.937
SORBI_3003G227800	1810
SORBI_3003G227900	2966.681
SORBI_3003G228000	1640.495
SORBI_3003G228100	1722.808
SORBI_3003G228200	1973.806
SORBI_3003G228300	2041.941
SORBI_3003G228400	2211.945
SORBI_3003G228500	1997.057
SORBI_3003G228600	2810.009
SORBI_3003G228700	2715.802
SORBI_3003G228900	2623.481
SORBI_3003G229000	1856.7341411109
SORBI_3003G229100	1686.592
SORBI_3003G229150	1702.143
SORBI_3003G229200	1870.058
SORBI_3003G229300	1597.22454357008
SORBI_3003G229400	2104.50171572514
SORBI_3003G229500	6443.1859524106
SORBI_3003G229600	1267.35
SORBI_3003G229650	1347
SORBI_3003G229700	2032
SORBI_3003G229800	1637
SORBI_3003G229900	439
SORBI_3003G230000	3468.331
SORBI_3003G230100	678.095
SORBI_3003G230200	5016
SORBI_3003G230300	691
SORBI_3003G230400	1524.426
SORBI_3003G230500	4394.89887838121
SORBI_3003G230600	6292.587
SORBI_3003G230700	1798.457
SORBI_3003G230800	2016
SORBI_3003G230900	1559.022
SORBI_3003G231000	1421
SORBI_3003G231100	3807.30991665184
SORBI_3003G231200	1109.324
SORBI_3003G231300	2807.502
SORBI_3003G231400	1315
SORBI_3003G231500	1538.098
SORBI_3003G231600	1415
SORBI_3003G231700	388
SORBI_3003G231800	601.173
SORBI_3003G231900	2086.098
SORBI_3003G232001	414.912
SORBI_3003G232100	2250
SORBI_3003G232200	2062
SORBI_3003G232266	204
SORBI_3003G232332	2593
SORBI_3003G232400	1164.644
SORBI_3003G232500	1963.682
SORBI_3003G232600	1709
SORBI_3003G232700	1525.3
SORBI_3003G232800	969
SORBI_3003G232900	1759.36
SORBI_3003G233000	2156.985
SORBI_3003G233100	7264.707
SORBI_3003G233300	161
SORBI_3003G233200	803.248935705974
SORBI_3003G233266	897
SORBI_3003G233332	269
SORBI_3003G233400	7101.452
SORBI_3003G233500	986.938
SORBI_3003G233600	1761.51
SORBI_3003G233700	1986.225
SORBI_3003G233800	3091
SORBI_3003G233900	204
SORBI_3003G234000	1626.338
SORBI_3003G234101	925
SORBI_3003G234200	8727.52
SORBI_3003G234300	417
SORBI_3003G234400	2905.942
SORBI_3003G234500	944.854617621814
SORBI_3003G234600	1727.399
SORBI_3003G234701	1340.953
SORBI_3003G234800	1006.123
SORBI_3003G234900	1672.56434787402
SORBI_3003G235000	1555.89
SORBI_3003G235100	1130.891
SORBI_3003G235200	6108.454
SORBI_3003G235300	1352.412
SORBI_3003G235400	1825.97038131526
SORBI_3003G235500	352.599
SORBI_3003G235601	1243
SORBI_3003G235700	833.986
SORBI_3003G235800	1700.648
SORBI_3003G235900	1226
SORBI_3003G236000	2830.386
SORBI_3003G236100	4231.137
SORBI_3003G236150	1207
SORBI_3003G236200	421
SORBI_3003G236300	523.157
SORBI_3003G236400	584
SORBI_3003G236450	3586.616
SORBI_3003G236501	1543.077
SORBI_3003G236551	927
SORBI_3003G236600	21314.271
SORBI_3003G236701	636.773
SORBI_3003G236800	1926.811
SORBI_3003G236900	1678
SORBI_3003G237000	1044.703
SORBI_3003G237100	1923.656
ENSRNA049445862	27
SORBI_3003G237201	1541.403
SORBI_3003G237300	2536.608
SORBI_3003G237400	1917.736
SORBI_3003G237500	111
SORBI_3003G237600	7885.398
SORBI_3003G237700	1948.233
SORBI_3003G237800	2143.488
SORBI_3003G237900	3828.531
SORBI_3003G238000	1237.75763976416
SORBI_3003G238100	812.221884401867
SORBI_3003G238200	1918.155
SORBI_3003G238250	2338.398
SORBI_3003G238300	853
SORBI_3003G238400	924
SORBI_3003G238500	1830.124
SORBI_3003G238600	1316.081
SORBI_3003G238700	1287.19138929957
SORBI_3003G238750	266
SORBI_3003G238800	1397
SORBI_3003G238900	1167
SORBI_3003G239000	1570.227
SORBI_3003G239100	1697
SORBI_3003G239200	2756
SORBI_3003G239300	1921.665
SORBI_3003G239400	1157
SORBI_3003G239500	925.422
SORBI_3003G239600	2561.5
SORBI_3003G239700	1788
SORBI_3003G239750	822
SORBI_3003G239800	1289.76092994805
SORBI_3003G239900	1851.461
SORBI_3003G240000	1633.211
SORBI_3003G240100	1876.558
SORBI_3003G240200	327.098
SORBI_3003G240300	499.473425285596
SORBI_3003G240400	1650
SORBI_3003G240500	1787
SORBI_3003G240600	879.977
SORBI_3003G240700	4657.646
SORBI_3003G240800	98
SORBI_3003G241000	2251.64523942296
SORBI_3003G241050	723.272
SORBI_3003G241100	1551.75612868767
SORBI_3003G241200	2620.443
SORBI_3003G241300	1507.681
SORBI_3003G241400	691.472
SORBI_3003G241500	1094.36851754291
SORBI_3003G241600	5470.872
SORBI_3003G241700	2779.408
SORBI_3003G241800	3185.68154247184
SORBI_3003G241900	2580.25
SORBI_3003G242000	2915.532
SORBI_3003G242200	2349.072
SORBI_3003G242300	1297
SORBI_3003G242400	1156
SORBI_3003G242500	164
SORBI_3003G242600	105
SORBI_3003G242700	6486.344
SORBI_3003G242800	3415.531
SORBI_3003G242900	7046.758
SORBI_3003G243000	1033.651
SORBI_3003G243100	1462.972
SORBI_3003G243200	352
SORBI_3003G243300	1166.353
SORBI_3003G243400	2418.701
SORBI_3003G243500	1173
SORBI_3003G243600	561.112375241291
SORBI_3003G243700	1590.669
SORBI_3003G243750	1370
SORBI_3003G243800	491
SORBI_3003G243900	661
SORBI_3003G244000	1854.174
SORBI_3003G244100	1642.84242436066
SORBI_3003G244200	1127.986
SORBI_3003G244250	892.928
ENSRNA049996537	44
SORBI_3003G244300	329.903
SORBI_3003G244401	846
SORBI_3003G244400	4779.256
SORBI_3003G244500	169
SORBI_3003G244600	1560.137
SORBI_3003G244700	2913.174
SORBI_3003G244800	366.113
SORBI_3003G244850	975.435
SORBI_3003G244900	776.781
SORBI_3003G245000	556
SORBI_3003G245101	457
SORBI_3003G245201	1912
SORBI_3003G245300	1266.66666666667
SORBI_3003G245401	1623
SORBI_3003G245500	1622
SORBI_3003G245600	1550.905
SORBI_3003G245700	848
SORBI_3003G245800	942.09
SORBI_3003G245900	1905.281
SORBI_3003G246000	2522.668
SORBI_3003G246100	2414.856
SORBI_3003G246200	4082.184
SORBI_3003G246300	1200.972
SORBI_3003G246400	518.474
SORBI_3003G246500	520
SORBI_3003G246600	636.775
SORBI_3003G246700	637.787
SORBI_3003G246800	1731
SORBI_3003G246900	1351
SORBI_3003G247000	1789
SORBI_3003G247100	1364.02477347132
SORBI_3003G247200	1899.269
SORBI_3003G247300	3336.47636861894
SORBI_3003G247400	1983.923
SORBI_3003G247500	3159.504
SORBI_3003G247600	3051.127
SORBI_3003G247700	903.836
SORBI_3003G247800	967
SORBI_3003G247900	1532.26
SORBI_3003G248000	1914.48213237624
SORBI_3003G248100	2294.07106544405
SORBI_3003G248200	1296.30104711027
SORBI_3003G248300	1919.696
SORBI_3003G248400	2712.422
SORBI_3003G248500	1633.939
SORBI_3003G248600	1694.819
SORBI_3003G248700	491
SORBI_3003G248800	847.206
SORBI_3003G248901	1912
SORBI_3003G249000	2102.321
SORBI_3003G249050	195
ENSRNA049469191	26
SORBI_3003G249100	549.491
SORBI_3003G249200	1313.707
SORBI_3003G249400	5656.179
SORBI_3003G249300	2448.735
SORBI_3003G249500	1339
SORBI_3003G249600	2769.547
SORBI_3003G249700	864.06
SORBI_3003G249800	1581.188
SORBI_3003G249900	1894.073
SORBI_3003G250000	1157.166
SORBI_3003G250100	2702.64435466055
SORBI_3003G250160	2035.734
SORBI_3003G250220	1768
SORBI_3003G250280	1684
SORBI_3003G250340	2292.355
SORBI_3003G250400	1864.94257849158
SORBI_3003G250500	1280.18208733023
SORBI_3003G250600	5928.64
SORBI_3003G250700	4323.283
SORBI_3003G250900	4696.27358615659
SORBI_3003G251000	2030.527
SORBI_3003G251050	1040.884
SORBI_3003G251100	848.021
SORBI_3003G251200	2377.136
SORBI_3003G251301	1229
SORBI_3003G251400	348
SORBI_3003G251600	3403.816
SORBI_3003G251700	1714.60447361438
SORBI_3003G251800	2520.889
SORBI_3003G251900	466
SORBI_3003G252000	1126.758
SORBI_3003G252100	5493.75100438659
SORBI_3003G252200	6334.13674350076
SORBI_3003G252300	908.660785306197
SORBI_3003G252400	1509.333
SORBI_3003G252500	5987.78020150626
ENSRNA049469198	32
SORBI_3003G252600	1573.158
SORBI_3003G252700	1847.83097893533
SORBI_3003G252750	867
SORBI_3003G252800	603.247
SORBI_3003G252850	269.395
SORBI_3003G252900	2715.212
SORBI_3003G253000	1574.332
SORBI_3003G253100	279
SORBI_3003G253200	346
SORBI_3003G253300	1110.86478534186
SORBI_3003G253350	618
SORBI_3003G253400	1461.656
SORBI_3003G253500	3301.412
SORBI_3003G253600	4645.404
SORBI_3003G253650	1311
SORBI_3003G253700	2491.811
SORBI_3003G253800	1279.582
SORBI_3003G253900	756
SORBI_3003G254000	4439.951
SORBI_3003G254100	2710.318
SORBI_3003G254200	2090
SORBI_3003G254300	637.357
ENSRNA049445848	34
SORBI_3003G254400	850
SORBI_3003G254500	820
SORBI_3003G254600	1507.966
SORBI_3003G254700	2891.294
SORBI_3003G254800	657.72
SORBI_3003G254850	559
SORBI_3003G254900	1746.72
SORBI_3003G255000	784
SORBI_3003G255100	777.681
SORBI_3003G255200	1087.14335328361
SORBI_3003G255266	2
SORBI_3003G255332	26
SORBI_3003G255400	2335
SORBI_3003G255500	1072.136
SORBI_3003G255600	1715
SORBI_3003G255700	2047.92319293509
SORBI_3003G255800	3163.248
SORBI_3003G255850	1901.834
SORBI_3003G255900	2782.722
SORBI_3003G256000	2887.013
SORBI_3003G256100	2600.82970909818
SORBI_3003G256200	713.252
SORBI_3003G256300	650.272
SORBI_3003G256400	432
SORBI_3003G256500	1232.942
SORBI_3003G256550	5957.11
SORBI_3003G256600	4042
SORBI_3003G256700	1562
SORBI_3003G256800	1618.64552363478
SORBI_3003G256900	3100.17282526142
SORBI_3003G257000	1210.919
SORBI_3003G257050	96
SORBI_3003G257100	1727.88
SORBI_3003G257200	6984.893
SORBI_3003G257400	458.452
SORBI_3003G257501	1947
SORBI_3003G257600	485.529
SORBI_3003G257650	625
SORBI_3003G257700	1188.17632301533
SORBI_3003G257800	302.291
SORBI_3003G257900	1643.497
SORBI_3003G258000	184
SORBI_3003G258100	2822.278
SORBI_3003G258200	2490.674
SORBI_3003G258300	1124.81250824802
SORBI_3003G258400	1242.50548083245
SORBI_3003G258500	1314.609
SORBI_3003G258600	3211.716
SORBI_3003G258700	1961
SORBI_3003G258800	7292.887
SORBI_3003G258900	1514.529
SORBI_3003G259000	569
SORBI_3003G259100	2258.6448883647
SORBI_3003G259200	1642.932
ENSRNA049445531	26
SORBI_3003G259300	2046.783
SORBI_3003G259400	2356.451
ENSRNA049445841	25
SORBI_3003G259500	713
SORBI_3003G259600	1566.59435039469
SORBI_3003G259700	635.198
SORBI_3003G259800	971
SORBI_3003G259901	1582.273
SORBI_3003G260000	879.315
SORBI_3003G260050	429
SORBI_3003G260100	562.276
SORBI_3003G260200	2308.375
SORBI_3003G260300	1828.991
SORBI_3003G260400	4216.764
SORBI_3003G260500	1121
SORBI_3003G260600	1635.79051266862
SORBI_3003G260700	2717.362
SORBI_3003G260800	1448.985
SORBI_3003G260900	1265.509
SORBI_3003G261000	778
SORBI_3003G261100	1182.11
SORBI_3003G261200	1755.64199094047
SORBI_3003G261300	1020.427
SORBI_3003G261400	1250.25513067278
SORBI_3003G261500	9766.011
SORBI_3003G261566	1774.61
SORBI_3003G261632	410.019
SORBI_3003G261700	1843.151
SORBI_3003G261733	4452.165
SORBI_3003G261766	784
SORBI_3003G261800	2141.047
SORBI_3003G261900	490.856
SORBI_3003G262000	260
SORBI_3003G262100	2744.108
SORBI_3003G262200	3244.503
SORBI_3003G262400	552.524
SORBI_3003G262500	2719.866
SORBI_3003G262600	5046.483
SORBI_3003G262650	599.518
SORBI_3003G262700	736
SORBI_3003G262900	832.696
SORBI_3003G263001	3427.275
SORBI_3003G263100	911.616
SORBI_3003G263300	2372.99
SORBI_3003G263450	12297.3969279175
SORBI_3003G263400	2516.012
SORBI_3003G263500	2531.225
SORBI_3003G263600	1986
SORBI_3003G263701	1605
SORBI_3003G263800	138
SORBI_3003G263900	880
SORBI_3003G264000	1816.237
SORBI_3003G264100	2610.49
SORBI_3003G264200	1569.621
SORBI_3003G264300	307
SORBI_3003G264400	922.351
SORBI_3003G264500	1111.578
SORBI_3003G264600	943.628
SORBI_3003G264700	1228.51
SORBI_3003G264800	2050.40175862989
SORBI_3003G264901	976.099
SORBI_3003G265000	898
SORBI_3003G265100	1763.766
SORBI_3003G265150	4097.365
SORBI_3003G265200	7483.395
SORBI_3003G265300	1438.773
SORBI_3003G265400	1387.071
SORBI_3003G265500	969.113
SORBI_3003G265600	3594.989
SORBI_3003G265701	578
SORBI_3003G265800	1420.988
SORBI_3003G265900	4347.905
SORBI_3003G266001	1618.731
SORBI_3003G266100	3624.051
SORBI_3003G266200	381
SORBI_3003G266300	648
SORBI_3003G266400	2424.545
SORBI_3003G266500	1665.68209576316
SORBI_3003G266600	3851.135
SORBI_3003G266700	1071.026
SORBI_3003G266900	1783.18
SORBI_3003G267000	1439.61204137802
SORBI_3003G267100	4536.89
SORBI_3003G267150	1293
SORBI_3003G267200	430.591
SORBI_3003G267300	4007.13
SORBI_3003G267400	924.727
SORBI_3003G267500	850.827
SORBI_3003G267600	1512
SORBI_3003G267700	4208.38
SORBI_3003G267800	3605.473
SORBI_3003G267900	1404.188
SORBI_3003G268000	1671
SORBI_3003G268100	1088.163
SORBI_3003G268200	584.359
SORBI_3003G268300	2363.99436887861
ENSRNA049484452	16
SORBI_3003G268500	365
SORBI_3003G268600	630.262235657574
SORBI_3003G268650	490
SORBI_3003G268700	1021.173
SORBI_3003G268800	1018.5
SORBI_3003G268900	671.875
SORBI_3003G269000	1424
SORBI_3003G269100	1105.975
SORBI_3003G269200	2922.576
SORBI_3003G269300	4057.258
SORBI_3003G269400	5219
SORBI_3003G269500	2009.03
SORBI_3003G269600	1798.579
SORBI_3003G269700	3118.437
SORBI_3003G269800	1943.32178911388
SORBI_3003G269900	2474
SORBI_3003G270000	803
SORBI_3003G270100	1343.012
SORBI_3003G270200	1534.654
SORBI_3003G270300	5477.517
SORBI_3003G270400	1092
SORBI_3003G270500	1701.835
SORBI_3003G270600	4616.724
SORBI_3003G270650	26
SORBI_3003G270700	962
SORBI_3003G270800	1671.325
SORBI_3003G270900	692.387
SORBI_3003G271000	1410
SORBI_3003G271100	3400.15
SORBI_3003G271201	821.873
SORBI_3003G271300	3180.777
SORBI_3003G271400	1795.235
SORBI_3003G271500	473.05
SORBI_3003G271600	789.629
SORBI_3003G271700	1209
SORBI_3003G271800	552.021
SORBI_3003G272000	505
SORBI_3003G271900	914.643
SORBI_3003G272001	911.616
SORBI_3003G272101	2904.257
SORBI_3003G272200	2206.064
SORBI_3003G272300	484.437033128676
SORBI_3003G272400	3618.877
SORBI_3003G272500	1235.8
ENSRNA049484455	2
SORBI_3003G272600	198
SORBI_3003G272700	2057.279
SORBI_3003G272800	1571.902
SORBI_3003G272900	51
SORBI_3003G273000	2170.163
SORBI_3003G273100	976.291
SORBI_3003G273200	879.863
SORBI_3003G273300	1374.566
SORBI_3003G273400	1515.861
SORBI_3003G273500	1484.819
SORBI_3003G273600	2145.106
SORBI_3003G273700	1204.893
SORBI_3003G273800	1609.002
SORBI_3003G273900	1378.683
SORBI_3003G274000	1501.66666666667
SORBI_3003G274100	577
SORBI_3003G274200	1476.023
SORBI_3003G274300	3530.87021113245
SORBI_3003G274400	1873.189
SORBI_3003G274500	366.716
SORBI_3003G274600	570.572
SORBI_3003G274700	1174.045
SORBI_3003G274800	1450.816
SORBI_3003G274900	2096
SORBI_3003G275000	1191.29835228123
SORBI_3003G275100	2154.052
SORBI_3003G275200	984.934409907997
SORBI_3003G275300	11279.908
SORBI_3003G275400	1751
SORBI_3003G275501	988
SORBI_3003G275600	1311.877
SORBI_3003G275700	6129.07675325385
SORBI_3003G275800	3184.09212600482
SORBI_3003G275900	2570.335
SORBI_3003G276000	1103.095
SORBI_3003G276100	2548.61
SORBI_3003G276200	1539
SORBI_3003G276300	1112.7355836449
SORBI_3003G276400	3657.145
SORBI_3003G276500	1192.184
SORBI_3003G276700	1071.5
SORBI_3003G276750	290.924
SORBI_3003G276800	1414.212
SORBI_3003G276901	1220.675
SORBI_3003G277000	618.288
SORBI_3003G277100	2057.01
SORBI_3003G277200	1794.13454476039
SORBI_3003G277300	969.179
SORBI_3003G277400	1894.137
SORBI_3003G277500	1208.294
SORBI_3003G277550	1376
SORBI_3003G277600	3355.06
SORBI_3003G277700	1703.14
SORBI_3003G277800	1953.62
SORBI_3003G277850	1242
SORBI_3003G277900	4134.665
SORBI_3003G278000	639.521
SORBI_3003G278100	595
SORBI_3003G278200	2051.434
SORBI_3003G278300	3690.028
SORBI_3003G278400	1869.534
SORBI_3003G278500	2148.67237096076
SORBI_3003G278600	4834.47
SORBI_3003G278633	970
SORBI_3003G278666	1102.078
SORBI_3003G278700	1515.685
SORBI_3003G278800	1899.5
SORBI_3003G278900	1250.5
SORBI_3003G279000	1207
SORBI_3003G279100	857.842
SORBI_3003G279200	841.75
SORBI_3003G279300	1081.074
SORBI_3003G279400	535
SORBI_3003G279500	2247.886
SORBI_3003G279600	337
SORBI_3003G279700	4170.078
SORBI_3003G279800	1248.417
SORBI_3003G279900	2222.96715061805
ENSRNA049445545	26
SORBI_3003G280000	2377.81
SORBI_3003G280100	545.158
SORBI_3003G280200	614.923
SORBI_3003G280300	1575.616
SORBI_3003G280400	1552.74952134157
SORBI_3003G280500	3379.807
SORBI_3003G280600	1511.618
SORBI_3003G280700	519.514
SORBI_3003G280800	3353.13180370707
SORBI_3003G280900	2533.5499063418
SORBI_3003G281000	835
SORBI_3003G281100	3020.48
SORBI_3003G281200	4253.438
SORBI_3003G281300	3395.275
SORBI_3003G281400	3767.869
SORBI_3003G281450	542
ENSRNA049445553	26
SORBI_3003G281500	4385.943
ENSRNA049445555	26
SORBI_3003G281600	161
SORBI_3003G281700	379.725
SORBI_3003G281800	2830.491
SORBI_3003G281900	2084.62183119469
SORBI_3003G282000	2813.321
SORBI_3003G282100	861
SORBI_3003G282200	714
SORBI_3003G282300	974
SORBI_3003G282400	898
SORBI_3003G282500	1968
SORBI_3003G282600	2220.599
SORBI_3003G282700	2072.386
SORBI_3003G282800	158
SORBI_3003G282901	627.117
SORBI_3003G283000	532
SORBI_3003G283100	2573.91
SORBI_3003G283200	598
SORBI_3003G283250	368.714
SORBI_3003G283300	732.982
SORBI_3003G283400	2613.437
SORBI_3003G283500	1302.677
SORBI_3003G283600	3478.253
SORBI_3003G283700	1254
SORBI_3003G283750	1982.475
SORBI_3003G283800	2017.123
SORBI_3003G283900	1264
SORBI_3003G284000	2320.249
SORBI_3003G284100	518.288
SORBI_3003G284200	2106.812
SORBI_3003G284300	1731.702
SORBI_3003G284400	214.104
SORBI_3003G284500	1781.15
SORBI_3003G284600	2070.198
SORBI_3003G284700	2968.92
SORBI_3003G284800	1290.73
SORBI_3003G284900	172.153
SORBI_3003G285000	2053.53705068652
SORBI_3003G285101	2194
SORBI_3003G285200	905
SORBI_3003G285300	1412.749
SORBI_3003G285400	314.323
ENSRNA049996525	18
SORBI_3003G285500	1979.321
SORBI_3003G285600	6490.243
SORBI_3003G285700	3033.89579471995
SORBI_3003G285800	675.088
SORBI_3003G285900	980.427
SORBI_3003G286000	679.369941966975
SORBI_3003G286100	835.972
SORBI_3003G286200	440.136
SORBI_3003G286300	1419.99811958124
SORBI_3003G286400	1702.637
SORBI_3003G286500	21259.3
SORBI_3003G286450	622
SORBI_3003G286600	1269.249
SORBI_3003G286650	2467
SORBI_3003G286700	1395.682
SORBI_3003G286800	785.104
SORBI_3003G286900	117
SORBI_3003G287000	1693
SORBI_3003G287100	2312.114
SORBI_3003G287200	1123
SORBI_3003G287300	1942.675
SORBI_3003G287400	2563.29729829146
SORBI_3003G287450	547.13
SORBI_3003G287500	2791.324
SORBI_3003G287600	3581.614
SORBI_3003G287700	1181.807
SORBI_3003G287800	1892
SORBI_3003G287900	1245.13850776479
SORBI_3003G288000	1071.285
SORBI_3003G288100	818.681
SORBI_3003G288200	1479.928
SORBI_3003G288300	1694.607
SORBI_3003G288401	3966.242
SORBI_3003G288500	4621.01
ENSRNA049445837	25
SORBI_3003G288600	5295.715
ENSRNA049484456	25
SORBI_3003G288700	1775.559
SORBI_3003G288800	2567.76
SORBI_3003G288900	316
SORBI_3003G289000	1004
SORBI_3003G289100	810
SORBI_3003G289200	517
SORBI_3003G289300	433
SORBI_3003G289400	1456.23303344864
SORBI_3003G289500	2765.632
SORBI_3003G289601	186.401
SORBI_3003G289700	1951.485
SORBI_3003G289800	1968.69
SORBI_3003G289900	2183.21915051768
SORBI_3003G290000	2081.83857229555
SORBI_3003G290050	510.5
SORBI_3003G290100	1634.47
SORBI_3003G290200	2226.699
SORBI_3003G290300	783.316
SORBI_3003G290400	2839.674
SORBI_3003G290500	1654.742
SORBI_3003G290600	1484
SORBI_3003G290700	1219
SORBI_3003G290800	3351.28196927616
SORBI_3003G290900	2066.10835131874
SORBI_3003G291000	1789.711
SORBI_3003G291050	376
SORBI_3003G291100	3328
SORBI_3003G291200	2407.13999163159
SORBI_3003G291300	1755.505
SORBI_3003G291400	632.524
SORBI_3003G291500	2170.49
SORBI_3003G291600	3625.429
SORBI_3003G291700	3950.023
SORBI_3003G291800	1780.786
SORBI_3003G291900	1670.85304419301
SORBI_3003G292000	2962.398
SORBI_3003G292100	2074.28571428571
SORBI_3003G292200	1923.347
SORBI_3003G292300	1537.096
SORBI_3003G292400	2322.563
SORBI_3003G292500	2452.98588707723
SORBI_3003G292600	661.188865620389
SORBI_3003G292700	2246.473
ENSRNA049445828	26
SORBI_3003G292800	1752.5
SORBI_3003G292866	3808.8
SORBI_3003G292932	288.36
SORBI_3003G293000	2937.999
ENSRNA049445567	26
SORBI_3003G293100	2110
SORBI_3003G293200	5930.914
SORBI_3003G293300	2435.793
SORBI_3003G293400	3184.19
SORBI_3003G293450	26
SORBI_3003G293500	2752.389
SORBI_3003G293550	874
SORBI_3003G293600	2260.398
SORBI_3003G293700	1398.375
SORBI_3003G293800	2418.492
SORBI_3003G293900	823.693
SORBI_3003G294000	1277.206
SORBI_3003G294100	2094.715
SORBI_3003G294200	2769.87312919176
SORBI_3003G294300	2080.869
SORBI_3003G294350	1241.523
SORBI_3003G294400	995.132
SORBI_3003G294500	2555
SORBI_3003G294550	1250
SORBI_3003G294600	5557.722
SORBI_3003G294700	529.67
SORBI_3003G294800	785
SORBI_3003G294900	1387.874
SORBI_3003G295000	1013.844
SORBI_3003G295050	164
SORBI_3003G295100	1507
SORBI_3003G295200	1228.5668507853
SORBI_3003G295300	705
SORBI_3003G295400	2279.197
SORBI_3003G295500	2414.202
SORBI_3003G295600	1151
SORBI_3003G295700	1395.032
SORBI_3003G295800	818.252
SORBI_3003G295900	1812.418
SORBI_3003G296000	3328.17511953746
SORBI_3003G296050	2120
SORBI_3003G296100	398.072
SORBI_3003G296200	1692.97765560901
SORBI_3003G296250	1817
SORBI_3003G296300	1145.01
SORBI_3003G296400	4092.502
SORBI_3003G296500	1303
SORBI_3003G296600	753.4488107457
SORBI_3003G296700	1527.394
SORBI_3003G296800	71
SORBI_3003G296900	1656.32
SORBI_3003G297000	111
SORBI_3003G297100	417
ENSRNA049445575	26
ENSRNA049445582	26
SORBI_3003G297200	1153.597
SORBI_3003G297300	1080.612
SORBI_3003G297400	2297.984
SORBI_3003G297500	594.505
SORBI_3003G297600	161
SORBI_3003G297700	1868.99928346418
SORBI_3003G297800	2606.092
SORBI_3003G297900	626.746
SORBI_3003G298000	1167
SORBI_3003G298100	1765.297
SORBI_3003G298200	1151.626
SORBI_3003G298300	1418.134
SORBI_3003G298400	946.116
SORBI_3003G298500	2034.437
SORBI_3003G298600	2090.38368997344
SORBI_3003G298700	1318.67
SORBI_3003G298800	1983.03544085209
SORBI_3003G298900	6599.31705038267
ENSRNA049484449	33
SORBI_3003G299000	2164.15
SORBI_3003G299100	691
SORBI_3003G299200	2515.35898311007
SORBI_3003G299300	2663
SORBI_3003G299400	891
SORBI_3003G299500	1832.097
SORBI_3003G299700	1908.706
SORBI_3003G299800	1388.789
SORBI_3003G299901	3370.926
SORBI_3003G300000	1584
SORBI_3003G300100	1589
SORBI_3003G300200	877
SORBI_3003G300250	1074
SORBI_3003G300300	1418.04359996032
SORBI_3003G300400	1601.375
SORBI_3003G300500	1457.305
SORBI_3003G300600	2508.481
SORBI_3003G300701	161
SORBI_3003G300800	1759.138
SORBI_3003G300900	1875.773
SORBI_3003G301000	1224.354
SORBI_3003G301050	709
SORBI_3003G301100	851
SORBI_3003G301200	1670.887
SORBI_3003G301300	961.486116303145
SORBI_3003G301400	2097.52
SORBI_3003G301500	1439.634
SORBI_3003G301600	690
SORBI_3003G301700	2407.075
SORBI_3003G301800	4113.891
SORBI_3003G301900	2382.562
SORBI_3003G301950	2098
SORBI_3003G302000	706
SORBI_3003G302100	1839.979
SORBI_3003G302200	1450.589
SORBI_3003G302300	260.606
SORBI_3003G302400	1165
SORBI_3003G302466	766
SORBI_3003G302532	607
SORBI_3003G302600	1665
SORBI_3003G302701	994.449
SORBI_3003G302800	4956.864
SORBI_3003G302900	1379.744
SORBI_3003G303000	3102.351
SORBI_3003G303100	2373.874
ENSRNA049445817	35
SORBI_3003G303200	1351.698
SORBI_3003G303300	1353.42271829341
SORBI_3003G303400	857
SORBI_3003G303500	1692.66666666667
SORBI_3003G303600	632.901
SORBI_3003G303700	1290.003
SORBI_3003G303800	1467.70416834762
SORBI_3003G303900	2038.08110904115
SORBI_3003G304000	2349
SORBI_3003G304100	1967.615
SORBI_3003G304200	2663.118
SORBI_3003G304300	1180.047
SORBI_3003G304400	1055.535
SORBI_3003G304500	709.598
SORBI_3003G304600	1343
SORBI_3003G304700	715.904
SORBI_3003G304800	1102.309913806
SORBI_3003G304900	433
SORBI_3003G305000	2899.423
SORBI_3003G305100	3242.655
SORBI_3003G305200	1883.444
SORBI_3003G305250	562
SORBI_3003G305300	804.719
SORBI_3003G305400	2841.463
SORBI_3003G305500	1459
SORBI_3003G305601	1201.463
SORBI_3003G305700	924.262
SORBI_3003G305800	939
SORBI_3003G305900	1708.821
SORBI_3003G306000	1050
SORBI_3003G306100	1201.132
SORBI_3003G306200	1306.86024164048
SORBI_3003G306300	994.357265438683
SORBI_3003G306400	1624.505
SORBI_3003G306500	2319.569
SORBI_3003G306600	1668.345
SORBI_3003G306700	2710.577
SORBI_3003G306800	1482.887
SORBI_3003G306900	876.808847017047
SORBI_3003G307000	3881.616
SORBI_3003G307100	3001.2
SORBI_3003G307200	2125.203
SORBI_3003G307300	903.442
SORBI_3003G307400	526
SORBI_3003G307500	618
SORBI_3003G307600	1370
SORBI_3003G307700	415
SORBI_3003G307801	1077.636
SORBI_3003G307900	1498.842
SORBI_3003G308000	571.081
SORBI_3003G308100	2241.901
SORBI_3003G308200	2361.25746755919
SORBI_3003G308300	2294.63
SORBI_3003G308400	2206.571
SORBI_3003G308500	3823.159
SORBI_3003G308700	2981.003
SORBI_3003G308800	2630.35190386417
SORBI_3003G308900	1595.216
ENSRNA049445597	25
SORBI_3003G309050	4298.69812494301
SORBI_3003G309200	4292.292
SORBI_3003G309300	2045.652
SORBI_3003G309400	3405.386
SORBI_3003G309500	2766.95
SORBI_3003G309600	1491
SORBI_3003G309700	2035
SORBI_3003G309900	2415.022
SORBI_3003G310000	1119.237
SORBI_3003G310100	681.751534242412
SORBI_3003G310200	1066.798
SORBI_3003G310300	4813.203
SORBI_3003G310400	2734
SORBI_3003G310500	161
SORBI_3003G310600	905.847
SORBI_3003G310700	1045.17
SORBI_3003G310800	867.141
SORBI_3003G310900	3050.71351308432
SORBI_3003G311000	963.263
SORBI_3003G311100	866
SORBI_3003G311150	177.922
SORBI_3003G311200	975
SORBI_3003G311250	368.172
SORBI_3003G311300	700
SORBI_3003G311400	1377.99718875306
SORBI_3003G311500	2389.418
SORBI_3003G311600	2840.358
SORBI_3003G311700	1411.75
SORBI_3003G311800	1267.346
SORBI_3003G311900	2616.64300021469
SORBI_3003G312000	1111.485
SORBI_3003G312100	5351.0954766416
SORBI_3003G312200	1587.01
SORBI_3003G312300	1290.645
SORBI_3003G312400	2219.0763244408
SORBI_3003G312500	1280.813
SORBI_3003G312550	2448.245
ENSRNA049996518	12
SORBI_3003G312600	2283.155
SORBI_3003G312700	2211.12504130986
SORBI_3003G312800	1758.445
SORBI_3003G312900	3807.854
SORBI_3003G313000	2061.44
SORBI_3003G313100	1500.036
SORBI_3003G313200	1825
SORBI_3003G313300	3024.52151749429
SORBI_3003G313400	3886.7064443611
SORBI_3003G313500	5288.898
SORBI_3003G313600	352
SORBI_3003G313700	2019.859
SORBI_3003G313800	1686.90236507252
SORBI_3003G313900	2942.38564012233
SORBI_3003G314000	2316.525
SORBI_3003G314100	1611.381
SORBI_3003G314200	1933.31451201905
SORBI_3003G314300	1575.643
SORBI_3003G314400	2800.161
SORBI_3003G314500	161
SORBI_3003G314533	496.005
SORBI_3003G314566	766.891
SORBI_3003G314600	298
SORBI_3003G314700	4426.716
SORBI_3003G314800	2047.046
SORBI_3003G314900	2571.553
SORBI_3003G315000	2155.57751126957
SORBI_3003G315166	3367.35092386568
SORBI_3003G315332	1569.203
SORBI_3003G315500	3110.377
SORBI_3003G315600	1676.983
SORBI_3003G315800	250.577
SORBI_3003G315700	3850.10950548776
SORBI_3003G315900	594
SORBI_3003G316000	2162.835
SORBI_3003G316100	370
SORBI_3003G316200	2106.11559334692
SORBI_3003G316300	2846.89589220798
SORBI_3003G316350	130
SORBI_3003G316400	1727.854
SORBI_3003G316500	4767.072
SORBI_3003G316601	1135
SORBI_3003G316700	3384.27014136627
SORBI_3003G316850	1169.33
SORBI_3003G317000	1763.669
SORBI_3003G317100	2100.09569672289
SORBI_3003G317200	1739.631
SORBI_3003G317300	3394.512
SORBI_3003G317400	1490.507
ENSRNA049445806	25
SORBI_3003G317500	3388.404
SORBI_3003G317600	2043
SORBI_3003G317700	1911.5
SORBI_3003G317800	479.967
SORBI_3003G317900	597.603
SORBI_3003G318001	800.492
SORBI_3003G318100	766.436
SORBI_3003G318200	207
SORBI_3003G318300	3196.841
SORBI_3003G318350	534.173
SORBI_3003G318400	567.417
SORBI_3003G318500	574.848
SORBI_3003G318600	568.088
SORBI_3003G318650	623
SORBI_3003G318700	1395.877
SORBI_3003G318800	133
SORBI_3003G318900	1670.683
SORBI_3003G319000	1182.453
SORBI_3003G319050	3035.5
SORBI_3003G319100	681.059
SORBI_3003G319200	152
SORBI_3003G319300	4118.739
SORBI_3003G319400	2508.889
SORBI_3003G319500	2912.883
SORBI_3003G319600	2445.687
SORBI_3003G319700	808.555
SORBI_3003G319800	2392.647
SORBI_3003G319850	1691.86549180001
SORBI_3003G319900	2259.749
SORBI_3003G320000	565
SORBI_3003G320100	1639.594
SORBI_3003G320200	974.116
SORBI_3003G320300	1425.47
SORBI_3003G320400	402
SORBI_3003G320500	1148
SORBI_3003G320600	1938.93
SORBI_3003G320700	2876.1519668217
SORBI_3003G320800	1849.432
SORBI_3003G320900	1032.501
SORBI_3003G321000	1390.366
SORBI_3003G321101	1312.098
SORBI_3003G321200	1573.152
SORBI_3003G321300	2180.435
SORBI_3003G321400	761
SORBI_3003G321500	2750
SORBI_3003G321600	1523.869
SORBI_3003G321700	1109.595
SORBI_3003G321800	1622.986
SORBI_3003G321900	1447.057
SORBI_3003G322000	1589
SORBI_3003G322100	1789.426
SORBI_3003G322200	2514.768
ENSRNA049484442	57
SORBI_3003G322300	569.874
SORBI_3003G322400	528.495
SORBI_3003G322466	1703.274
SORBI_3003G322532	616.287
SORBI_3003G322600	304
SORBI_3003G322700	2560.77758886296
SORBI_3003G322800	1098.513
SORBI_3003G322900	1925.947
SORBI_3003G323000	1116
SORBI_3003G323100	1576.382
SORBI_3003G323201	928.546
SORBI_3003G323300	1879.62546611274
SORBI_3003G323400	734
SORBI_3003G323500	2200.28
SORBI_3003G323600	2994.232
SORBI_3003G323700	3104.672
SORBI_3003G323750	1750
SORBI_3003G323800	98
SORBI_3003G323900	3188.23
SORBI_3003G324000	1284.424
SORBI_3003G324100	868.203
SORBI_3003G324200	1813.23
SORBI_3003G324300	2040.195
SORBI_3003G324400	754.325
SORBI_3003G324500	203.437
SORBI_3003G324600	2001.997
SORBI_3003G324700	850.55
SORBI_3003G324800	792
SORBI_3003G324900	490
SORBI_3003G325000	3130.351
SORBI_3003G325100	1010.235
SORBI_3003G325200	2455.54767696577
SORBI_3003G325300	4533.817
SORBI_3003G325400	2151.812
SORBI_3003G325500	1787.949
SORBI_3003G325600	262
SORBI_3003G325700	2363.178
SORBI_3003G325800	4168.677
SORBI_3003G325900	2754.963
SORBI_3003G326000	2575.084
SORBI_3003G326100	2211
SORBI_3003G326200	740.254
SORBI_3003G326300	399
SORBI_3003G326400	1133
SORBI_3003G326500	2963.948
SORBI_3003G326600	1850.138
SORBI_3003G326700	2063.33333333333
SORBI_3003G326800	2348.265
SORBI_3003G326900	990.679
SORBI_3003G327000	3315.228
SORBI_3003G327100	5375.972
SORBI_3003G327200	1495.619
SORBI_3003G327300	861.888
SORBI_3003G327400	1027
SORBI_3003G327500	2315.299
SORBI_3003G327600	1914.477
SORBI_3003G327700	516.289781133375
ENSRNA049484453	10
SORBI_3003G327800	1812.875
SORBI_3003G327900	1748.055
SORBI_3003G327950	1061
SORBI_3003G328000	2226.497
SORBI_3003G328100	819.214
SORBI_3003G328200	952.385
SORBI_3003G328300	1917.223
SORBI_3003G328400	1379.666
SORBI_3003G328500	1619.03
SORBI_3003G328600	3276.519
SORBI_3003G328700	597.843046115288
SORBI_3003G328800	3564.153
SORBI_3003G328900	974.273
SORBI_3003G329000	830.188497809207
SORBI_3003G329100	538.672
ENSRNA049484446	13
SORBI_3003G329200	1971.224
SORBI_3003G329400	3772.78024298537
SORBI_3003G329300	3468.944
SORBI_3003G329500	1997.036
SORBI_3003G329600	2086
SORBI_3003G329700	1627.078
SORBI_3003G329800	834.266
SORBI_3003G329900	1255.13796888173
SORBI_3003G330000	369.926
SORBI_3003G330100	1906.724
SORBI_3003G330200	903.974
SORBI_3003G330300	1334.682
SORBI_3003G330350	469
SORBI_3003G330400	2125
SORBI_3003G330500	390.317
SORBI_3003G330650	1355.33
SORBI_3003G330800	379
SORBI_3003G330900	4451.46
SORBI_3003G331000	1526.576
SORBI_3003G331100	2613.798
SORBI_3003G331200	803
SORBI_3003G331300	1282.069
SORBI_3003G331400	8807.773
ENSRNA049996513	24
ENSRNA049484440	57
SORBI_3003G331500	294.359
SORBI_3003G331550	624
SORBI_3003G331600	2349.739
SORBI_3003G331700	1109.707
SORBI_3003G331750	481.145
SORBI_3003G331800	490
SORBI_3003G331900	482
SORBI_3003G332000	1791.006
SORBI_3003G332100	1716.43
SORBI_3003G332200	2133.436
SORBI_3003G332300	1556
SORBI_3003G332401	2426.852
SORBI_3003G332500	2325.77
SORBI_3003G332700	1772.02196000749
SORBI_3003G332800	3719.043195918
SORBI_3003G332900	1934.0585591019
SORBI_3003G333000	1462
SORBI_3003G333100	1399.211
SORBI_3003G333150	618.753
SORBI_3003G333200	1487.276
SORBI_3003G333300	866
SORBI_3003G333400	1247.171
SORBI_3003G333501	87.014
SORBI_3003G333600	1225.20336064179
SORBI_3003G333700	2062.663
SORBI_3003G333800	612.472
SORBI_3003G333900	1977.533
SORBI_3003G334000	3794.972
SORBI_3003G334100	2989.332
SORBI_3003G334200	2396.123
SORBI_3003G334300	1493.343
SORBI_3003G334400	2808.89
SORBI_3003G334500	1587.938
SORBI_3003G334600	854.987
SORBI_3003G334700	5920.33032540287
SORBI_3003G334900	5923.147
SORBI_3003G335000	3606.662
SORBI_3003G335100	3471.943
SORBI_3003G335200	2313
SORBI_3003G335300	714.46632736657
SORBI_3003G335400	1619.524
SORBI_3003G335501	325
SORBI_3003G335601	1453
SORBI_3003G335700	2757
SORBI_3003G335800	674
SORBI_3003G335900	1829.761
SORBI_3003G336000	2398.33529464068
SORBI_3003G336100	3207.15232101553
SORBI_3003G336200	1962.855
SORBI_3003G336300	1178.271
SORBI_3003G336400	1706.218
SORBI_3003G336500	7064.943
SORBI_3003G336550	932
SORBI_3003G336600	4095.366
SORBI_3003G336700	6732.789
SORBI_3003G336800	3013.611
SORBI_3003G336900	4215.959
SORBI_3003G337000	1985.076
SORBI_3003G337100	2067.948
SORBI_3003G337200	1496.867
SORBI_3003G337300	3044.532
SORBI_3003G337400	2175.509
SORBI_3003G337500	4161.94
SORBI_3003G337600	912
SORBI_3003G337700	973
SORBI_3003G337800	1596.638
SORBI_3003G337900	2556.362
SORBI_3003G338000	1569.535
SORBI_3003G338100	1003.08220760716
SORBI_3003G338200	2991
SORBI_3003G338250	418
SORBI_3003G338300	2713.593
SORBI_3003G338400	2698.806
SORBI_3003G338500	1573.156
SORBI_3003G338600	481
SORBI_3003G338700	633.371
SORBI_3003G338801	2001.165
SORBI_3003G338900	554.822
SORBI_3003G338966	158
SORBI_3003G339032	1142.326
SORBI_3003G339100	2748.701
SORBI_3003G339200	483.701
SORBI_3003G339300	1871.054
SORBI_3003G339400	292
SORBI_3003G339500	3051.765
SORBI_3003G339600	5461.37
SORBI_3003G339700	3270.191
SORBI_3003G339800	1307.412
SORBI_3003G339900	1602.359
SORBI_3003G340000	1232
SORBI_3003G340100	1852.378
ENSRNA049445792	33
SORBI_3003G340200	818.5
SORBI_3003G340300	2551.25
SORBI_3003G340350	1114
SORBI_3003G340400	568
SORBI_3003G340500	1408
SORBI_3003G340600	2454.226
SORBI_3003G340700	762.343
SORBI_3003G340800	1855.15374261434
SORBI_3003G340900	3563.817
SORBI_3003G341000	751.069
SORBI_3003G341100	1907.148
SORBI_3003G341200	1444.588
SORBI_3003G341300	2822.733
SORBI_3003G341400	1937.856
SORBI_3003G341500	2121.795
SORBI_3003G341600	2119.884
SORBI_3003G341700	1937.901
SORBI_3003G341800	2270.762
SORBI_3003G341900	1363
SORBI_3003G342000	658
SORBI_3003G342100	1500.776
SORBI_3003G342200	1263.257
SORBI_3003G342300	1889.529
SORBI_3003G342500	2196.73810814878
SORBI_3003G342600	3437.75500154611
SORBI_3003G342700	1574.003
SORBI_3003G342800	1192.123
SORBI_3003G342900	2097.233
SORBI_3003G343000	527
SORBI_3003G343100	1199
SORBI_3003G343200	2454.919
SORBI_3003G343300	2117
SORBI_3003G343400	1953.752
SORBI_3003G343500	1517.647
SORBI_3003G343600	1349.498
SORBI_3003G343700	617.670398750397
SORBI_3003G343900	994.281
SORBI_3003G344050	673
SORBI_3003G344200	2017.29745801648
SORBI_3003G344300	449
SORBI_3003G344400	412
SORBI_3003G344501	606
SORBI_3003G344600	1089.148
SORBI_3003G344700	1948.5
SORBI_3003G344800	1021.27065277407
SORBI_3003G344900	747.708
SORBI_3003G344950	1935.901
SORBI_3003G345000	1886.934
SORBI_3003G345100	2347.064
SORBI_3003G345200	2180.16421538873
SORBI_3003G345300	1513.873
SORBI_3003G345400	883.602
SORBI_3003G345500	730.691
SORBI_3003G345600	916.414
SORBI_3003G345700	2193.681
SORBI_3003G345900	3207.846
SORBI_3003G346000	2682.775
SORBI_3003G346100	359.187
SORBI_3003G346200	2006.37032643895
SORBI_3003G346400	2665.419
SORBI_3003G346500	1104.801
SORBI_3003G346600	582.88
SORBI_3003G346700	1266.947
SORBI_3003G346800	1201
SORBI_3003G346901	155
SORBI_3003G347000	8190.895
SORBI_3003G347100	387
SORBI_3003G347200	832.896
SORBI_3003G347300	2509.432
SORBI_3003G347400	2137
ENSRNA049445789	26
SORBI_3003G347440	1448
SORBI_3003G347480	645.8
SORBI_3003G347520	2968.106
SORBI_3003G347560	5467.696
SORBI_3003G347680	2385.577
SORBI_3003G347800	3496.46905416501
SORBI_3003G347900	606.501
SORBI_3003G348000	6101.15164434569
SORBI_3003G348100	1910.2
SORBI_3003G348200	1610.605
SORBI_3003G348300	831.433
SORBI_3003G348400	1489.568
SORBI_3003G348500	857.5
SORBI_3003G348600	1170.236
SORBI_3003G348700	958.337
SORBI_3003G348800	1513.072
SORBI_3003G348900	295.062
SORBI_3003G349000	1621.391
SORBI_3003G349100	2464.3
SORBI_3003G349200	3834.735
SORBI_3003G349300	1741.781
SORBI_3003G349400	944.398
SORBI_3003G349600	874.305
SORBI_3003G349700	161
SORBI_3003G349800	1532.989
SORBI_3003G349900	632.35
SORBI_3003G350000	1511.65
SORBI_3003G350100	497.152
SORBI_3003G350200	277.209048115174
SORBI_3003G350300	1165.068
SORBI_3003G350400	676.285
SORBI_3003G350500	230
SORBI_3003G350600	817.243
SORBI_3003G350700	2222.698
SORBI_3003G350800	1904.286
SORBI_3003G350850	1013
SORBI_3003G350900	1013.635
SORBI_3003G351000	679.731
SORBI_3003G351100	411
SORBI_3003G351300	11078.781
SORBI_3003G351150	245.754
SORBI_3003G351200	475
SORBI_3003G351401	2512.55
SORBI_3003G351501	1722.882
SORBI_3003G351600	908.024
SORBI_3003G351701	2008.359
SORBI_3003G351800	122
SORBI_3003G351900	2262.896
SORBI_3003G352000	4628.72
ENSRNA049445621	26
SORBI_3003G352100	2365.405
SORBI_3003G352200	2599.898
SORBI_3003G352300	980.301
SORBI_3003G352400	909.95
SORBI_3003G352500	2754.3
SORBI_3003G352600	2268.273
SORBI_3003G352700	2488.334
SORBI_3003G352750	647
SORBI_3003G352800	2784.803
SORBI_3003G352900	2136.80726753313
SORBI_3003G353000	760.333333333333
SORBI_3003G353050	364
SORBI_3003G353100	845.118
SORBI_3003G353200	1938
SORBI_3003G353300	795.507
SORBI_3003G353400	1615.506
SORBI_3003G353500	1330.741
ENSRNA049445628	33
SORBI_3003G353600	3926.399
SORBI_3003G353700	932.7285661095
SORBI_3003G353800	478.335
SORBI_3003G353900	586
SORBI_3003G354000	1724.412
SORBI_3003G354050	2926.412
SORBI_3003G354100	2754.67173546327
SORBI_3003G354166	125
SORBI_3003G354232	2468.63083689283
ENSRNA049484447	31
SORBI_3003G354300	1845.573
SORBI_3003G354400	2383.277
SORBI_3003G354500	2152.418
SORBI_3003G354600	1723.81531619161
SORBI_3003G354700	6153.682
SORBI_3003G354800	498
SORBI_3003G354850	5199
SORBI_3003G354900	2155.631
SORBI_3003G355000	1497.81929426519
SORBI_3003G355100	1434.719
SORBI_3003G355200	2033.981
SORBI_3003G355300	1226.204
SORBI_3003G355400	2453.537
SORBI_3003G355500	1333.697
SORBI_3003G355600	1607.346
SORBI_3003G355700	801
SORBI_3003G355800	3866.608
SORBI_3003G355900	2798.312
ENSRNA049445782	27
SORBI_3003G356000	2779.792
SORBI_3003G356100	1720.816
SORBI_3003G356200	1923.746
SORBI_3003G356300	11060.739
SORBI_3003G356400	2150.102
SORBI_3003G356500	826
SORBI_3003G356600	2440.25
SORBI_3003G356700	790.365
SORBI_3003G356800	585.527
SORBI_3003G356850	210
SORBI_3003G356900	2521.405
SORBI_3003G357000	884.734
SORBI_3003G357100	1539.511
SORBI_3003G357166	83
SORBI_3003G357232	2608.132
SORBI_3003G357300	1729.056
SORBI_3003G357400	725.661
SORBI_3003G357500	2364.29584470122
SORBI_3003G357600	2056.87
SORBI_3003G357700	1628.806
SORBI_3003G357800	791.871
SORBI_3003G357900	1259.335
SORBI_3003G358000	5027.52054672738
SORBI_3003G358100	1534.68839137443
SORBI_3003G358150	2346
SORBI_3003G358200	942.391
SORBI_3003G358300	1392.931
SORBI_3003G358400	10965.67
SORBI_3003G358500	535
SORBI_3003G358600	2790.062
SORBI_3003G358800	1538.77955165181
SORBI_3003G358900	1894.781
SORBI_3003G359000	291.446
SORBI_3003G359100	1695.613
SORBI_3003G359200	3601
SORBI_3003G359300	1638.794
SORBI_3003G359350	422
SORBI_3003G359400	1817.829
SORBI_3003G359500	685.161
SORBI_3003G359600	1910.664
SORBI_3003G359800	2598.425
SORBI_3003G359900	4486.947
SORBI_3003G360000	1942.364
SORBI_3003G360100	1299.316
SORBI_3003G360200	973
SORBI_3003G360300	1268.98180070874
SORBI_3003G360400	2760.534613889
SORBI_3003G360500	2741
SORBI_3003G360600	1702.282
SORBI_3003G360700	1964
SORBI_3003G360800	2890.8
SORBI_3003G360900	1879.558
SORBI_3003G361000	3506.671
SORBI_3003G361100	2440.109
SORBI_3003G361150	1084
SORBI_3003G361200	1816.619
SORBI_3003G361300	2954.47
SORBI_3003G361400	2217.712
SORBI_3003G361500	1399.793
SORBI_3003G361600	160
SORBI_3003G361700	2123.69
SORBI_3003G361800	3286.198
SORBI_3003G361900	1578.954
SORBI_3003G362000	1871.641
SORBI_3003G362100	2157.18
SORBI_3003G362200	1724.28250558182
SORBI_3003G362300	2147.428
SORBI_3003G362400	1441.272
SORBI_3003G362500	1591.903
SORBI_3003G362600	5296.871
SORBI_3003G362700	2807.541
SORBI_3003G362800	3140.249
SORBI_3003G362900	2079.577
SORBI_3003G363000	1767.083
SORBI_3003G363100	1632.2909000162
SORBI_3003G363200	2427.455
SORBI_3003G363300	1434.5
SORBI_3003G363400	6168.988
SORBI_3003G363500	3697.749
SORBI_3003G363600	1384.18013562064
SORBI_3003G363700	1921.89188008172
SORBI_3003G363800	1509.791
SORBI_3003G363900	1085.765
SORBI_3003G364000	1196.198
SORBI_3003G364100	1128.304
SORBI_3003G364200	1638.868
SORBI_3003G364300	2214.689
SORBI_3003G364400	161
SORBI_3003G364500	2662.737
SORBI_3003G364550	340
SORBI_3003G364600	1891.668
SORBI_3003G364700	2811.73
SORBI_3003G364800	1557.738
SORBI_3003G364900	1186.685
SORBI_3003G364950	331
SORBI_3003G365000	1266.864
SORBI_3003G365100	1117.992
SORBI_3003G365200	973.379
SORBI_3003G365300	1239.483
SORBI_3003G365400	829.96
SORBI_3003G365450	798.437
SORBI_3003G365500	2045.591
SORBI_3003G365600	1587.388
SORBI_3003G365700	1362.389
SORBI_3003G365800	1358
SORBI_3003G365900	604
SORBI_3003G366000	1638
SORBI_3003G366100	4146.274
SORBI_3003G366200	512.155
SORBI_3003G366300	3388.081
SORBI_3003G366400	1461.16
SORBI_3003G366500	1774.582
SORBI_3003G366600	1282.849
SORBI_3003G366700	2135.108
SORBI_3003G366850	4046.336
SORBI_3003G367000	517.923
SORBI_3003G367100	1500
SORBI_3003G367200	1466.397
SORBI_3003G367300	3080.665
SORBI_3003G367350	1268.612
SORBI_3003G367401	415
SORBI_3003G367451	1373.79
SORBI_3003G367500	2262.603
SORBI_3003G367650	348.648
SORBI_3003G367800	2088.914
SORBI_3003G367900	982.788
SORBI_3003G368000	3019.703
SORBI_3003G368100	1487.077
SORBI_3003G368150	833
SORBI_3003G368200	1280.27108677574
SORBI_3003G368300	1614.624
SORBI_3003G368400	2408.643
SORBI_3003G368450	330
SORBI_3003G368500	876.051
SORBI_3003G368550	672
SORBI_3003G368600	1938.04086607091
SORBI_3003G368700	1191.963
SORBI_3003G368800	1862.47717145508
SORBI_3003G368901	5090.20425558471
SORBI_3003G369000	997
SORBI_3003G369033	790
SORBI_3003G369066	1072
SORBI_3003G369100	631.122
SORBI_3003G369200	4811.211
SORBI_3003G369300	298
SORBI_3003G369400	2535.79531015551
SORBI_3003G369500	2080.726
SORBI_3003G369533	774
SORBI_3003G369566	292
SORBI_3003G369600	1761.597
SORBI_3003G369700	5496.30830105607
SORBI_3003G369800	658
SORBI_3003G369900	1115.954
SORBI_3003G370000	1440.66
SORBI_3003G370100	1257.16766732681
SORBI_3003G370200	2508.16133004898
SORBI_3003G370300	3403.077
SORBI_3003G370400	2626.832
SORBI_3003G370500	2034.61138457562
SORBI_3003G370600	1845.667
SORBI_3003G370700	3091.628
SORBI_3003G370800	1629
SORBI_3003G370900	510.594214315463
SORBI_3003G371000	2732.7331896602
SORBI_3003G371100	2275.4
SORBI_3003G371250	1407.539
SORBI_3003G371400	9070.737
SORBI_3003G371600	3329.956
SORBI_3003G371750	943.934
SORBI_3003G371900	903.456
SORBI_3003G372000	1828.381
SORBI_3003G372100	1433.833
SORBI_3003G372200	1599.93439937863
SORBI_3003G372400	3339.557
SORBI_3003G372500	2124.104
SORBI_3003G372600	2124
ENSRNA049484445	4
SORBI_3003G372700	4249.556
SORBI_3003G372750	1680
SORBI_3003G372800	3235.89
SORBI_3003G372850	892
SORBI_3003G372900	1650.358
SORBI_3003G372950	977
SORBI_3003G373000	1672.19
SORBI_3003G373050	1210
SORBI_3003G373100	1646.539
SORBI_3003G373150	824.468
SORBI_3003G373200	940
SORBI_3003G373300	1550.32229678972
SORBI_3003G373500	6016.885
SORBI_3003G373600	2288.585
SORBI_3003G373700	641.95
SORBI_3003G373800	2452.604
SORBI_3003G373900	1263.66666666667
SORBI_3003G374000	2063.9
SORBI_3003G374100	2758.789
SORBI_3003G374150	3072.972
SORBI_3003G374200	1003.054
SORBI_3003G374300	1842
SORBI_3003G374400	5397.091
SORBI_3003G374500	3048.601
ENSRNA049484443	60
SORBI_3003G374600	1819.87
SORBI_3003G374700	2911.732
SORBI_3003G374850	1271.265
SORBI_3003G375000	2697.779
SORBI_3003G375100	671.251
SORBI_3003G375200	2259.368
SORBI_3003G375300	1724.33333333333
SORBI_3003G375400	865
SORBI_3003G375500	2634.767
SORBI_3003G375600	227.953
SORBI_3003G375700	2259
SORBI_3003G375800	5598.496
SORBI_3003G375900	1422.79
SORBI_3003G376000	2025.582
ENSRNA049445760	27
SORBI_3003G376100	1005.001
SORBI_3003G376200	516.915
SORBI_3003G376300	640
SORBI_3003G376400	2843.969
SORBI_3003G376500	1021.87896454597
SORBI_3003G376600	1094
SORBI_3003G376700	2683.863
SORBI_3003G376800	2535.98
SORBI_3003G376900	1115.757
SORBI_3003G377000	3494.292
SORBI_3003G377100	741.154
SORBI_3003G377200	2035.814
SORBI_3003G377300	3546
SORBI_3003G377400	1549
SORBI_3003G377500	762.407
SORBI_3003G377600	2410.073
SORBI_3003G377650	291
SORBI_3003G377700	1597.983
SORBI_3003G377800	2920.52
SORBI_3003G377900	4059.375
SORBI_3003G378000	3188.718
SORBI_3003G378050	755
SORBI_3003G378100	2087.97001024625
SORBI_3003G378201	1512.187
SORBI_3003G378301	319
ENSRNA049484450	27
SORBI_3003G378400	1569.321
SORBI_3003G378500	904.421
SORBI_3003G378600	434.398
SORBI_3003G378700	2409.188
SORBI_3003G378800	3862.67
SORBI_3003G378900	1497.408
SORBI_3003G379000	1861.675
SORBI_3003G379100	1007
SORBI_3003G379200	2247.31157723373
SORBI_3003G379301	144
SORBI_3003G379400	434.236
SORBI_3003G379450	935
SORBI_3003G379500	1216.22045846182
SORBI_3003G379600	4106.282
SORBI_3003G379700	1792.51923716992
SORBI_3003G379800	3662.511
SORBI_3003G379900	1784.887
ENSRNA049445747	34
SORBI_3003G380000	887.986
SORBI_3003G380100	1389.793
SORBI_3003G380200	985.133
SORBI_3003G380300	2344.501
SORBI_3003G380400	3354.757
SORBI_3003G380500	2495.81217250099
SORBI_3003G380600	1513.39812679031
SORBI_3003G380700	1528
SORBI_3003G380800	1745.924
SORBI_3003G380900	426.52
SORBI_3003G381000	1100.765
ENSRNA049445739	27
SORBI_3003G381100	2122
SORBI_3003G381200	1668.701
SORBI_3003G381300	803.686
SORBI_3003G381400	1408.711
SORBI_3003G381500	1683.847
SORBI_3003G381600	2215.62253168409
SORBI_3003G381700	2233.767
SORBI_3003G381800	2729.555
SORBI_3003G381900	953.291
SORBI_3003G382000	997.043
SORBI_3003G382100	751.259413217983
SORBI_3003G382200	1519
SORBI_3003G382300	2462.158
SORBI_3003G382350	933.789
SORBI_3003G382400	1747.05
SORBI_3003G382500	1328.32068069336
SORBI_3003G382600	958.933
SORBI_3003G382700	517
SORBI_3003G382800	498.514
SORBI_3003G382900	1710.766
SORBI_3003G383000	487
SORBI_3003G383100	1273.297
SORBI_3003G383200	965.767
SORBI_3003G383300	1138.07603856954
SORBI_3003G383400	1507
SORBI_3003G383500	978.975
SORBI_3003G383600	244.845
ENSRNA049445726	27
SORBI_3003G383700	1114
SORBI_3003G383800	3380.567
SORBI_3003G383900	1106.26
SORBI_3003G384100	2601.587
SORBI_3003G384200	1839.47
SORBI_3003G384300	6402.591
SORBI_3003G384400	892
SORBI_3003G384500	2284
SORBI_3003G384600	967
SORBI_3003G384650	1259.821
SORBI_3003G384700	1482.5471872759
SORBI_3003G384750	599
SORBI_3003G384800	1008.247
SORBI_3003G384900	1823.262
SORBI_3003G385000	1676.814
SORBI_3003G385100	3573.99260541227
SORBI_3003G385201	997
SORBI_3003G385300	2479.959
SORBI_3003G385401	2381.22658789068
SORBI_3003G385500	3266.598
SORBI_3003G385600	1513
SORBI_3003G385700	2299.498
SORBI_3003G385800	567
SORBI_3003G385900	3100.396
SORBI_3003G386000	1117.32
SORBI_3003G386100	668.758
SORBI_3003G386200	1931.015
SORBI_3003G386300	534.237
SORBI_3003G386350	494
SORBI_3003G386400	1635
SORBI_3003G386500	3529.802
SORBI_3003G386600	1501.393
SORBI_3003G386700	1756.658
SORBI_3003G386800	1661
SORBI_3003G386900	805
SORBI_3003G387000	1579
SORBI_3003G387100	1418.096
SORBI_3003G387200	515.381
SORBI_3003G387300	6910.957
SORBI_3003G387400	712.43
SORBI_3003G387500	519.54
SORBI_3003G387600	3614.297
SORBI_3003G387700	325
SORBI_3003G387800	2266.863
SORBI_3003G387900	1048.101
SORBI_3003G388000	2593.90793329417
SORBI_3003G388100	2305.568
SORBI_3003G388150	849.708
SORBI_3003G388201	299
SORBI_3003G388251	658.742
SORBI_3003G388300	1351
SORBI_3003G388400	2195.014
SORBI_3003G388500	1610.238
SORBI_3003G388601	979
SORBI_3003G388700	690.417
SORBI_3003G388800	130
SORBI_3003G388900	2095.228
SORBI_3003G389000	3110.13
SORBI_3003G389100	3295.45777464887
SORBI_3003G389150	443
SORBI_3003G389200	4790.835
SORBI_3003G389300	4043.502
SORBI_3003G389400	3108.943
SORBI_3003G389500	1142.793
SORBI_3003G389601	615
SORBI_3003G389700	718.957
SORBI_3003G389800	2474.994
SORBI_3003G389900	844
SORBI_3003G390000	3130.065
SORBI_3003G390100	1244.536
SORBI_3003G390300	1644
SORBI_3003G390400	3109.968
SORBI_3003G390500	2122
SORBI_3003G390600	2571.917
SORBI_3003G390700	1461.24687505591
SORBI_3003G390800	3426.60340366559
SORBI_3003G390900	1686
SORBI_3003G391000	1279.215
SORBI_3003G391100	1344.633
SORBI_3003G391200	791.434
SORBI_3003G391300	2465.90821792697
SORBI_3003G391400	1883.553
SORBI_3003G391500	2114.52018848526
ENSRNA049445643	27
SORBI_3003G391600	3802.013
SORBI_3003G391700	811
SORBI_3003G391800	814
SORBI_3003G391900	1098.405
SORBI_3003G392000	2023.235
SORBI_3003G392100	1802.167
SORBI_3003G392200	1442.87
SORBI_3003G392275	1152
SORBI_3003G392350	491
SORBI_3003G392425	2118
SORBI_3003G392500	658
SORBI_3003G392550	1631.552
SORBI_3003G392600	1442.0775401786
SORBI_3003G392700	3474.0768819608
SORBI_3003G392800	736.989
SORBI_3003G392900	1412.80975636217
SORBI_3003G393001	996.375
SORBI_3003G393100	3890.855
SORBI_3003G393200	2637.884
SORBI_3003G393300	2549.2
SORBI_3003G393400	4591.346
SORBI_3003G393500	3445.071
SORBI_3003G393600	2199.33333333333
SORBI_3003G393700	1702.43437519822
SORBI_3003G393800	393.251
SORBI_3003G393900	1369.084
SORBI_3003G394000	1174.668
SORBI_3003G394100	1725.027
SORBI_3003G394150	1489
SORBI_3003G394200	2703.708
SORBI_3003G394300	2249.99911088391
SORBI_3003G394400	846.141
SORBI_3003G394500	2063.465
SORBI_3003G394600	808.801
SORBI_3003G394701	1962
SORBI_3003G394801	485
SORBI_3003G394900	3415.049
SORBI_3003G395000	1369
SORBI_3003G395100	933.023
SORBI_3003G395150	510
SORBI_3003G395200	2801
SORBI_3003G395300	1201.96774083236
SORBI_3003G395400	760.676793269718
SORBI_3003G395450	1766.757
SORBI_3003G395500	349.31
SORBI_3003G395600	6129.23
SORBI_3003G395700	1434.292
SORBI_3003G395800	437.991
SORBI_3003G395900	3658.15
SORBI_3003G396000	2434.308
SORBI_3003G396050	1148.081
SORBI_3003G396100	839.941
SORBI_3003G396200	1357.595
SORBI_3003G396300	1005.819
SORBI_3003G396400	1276
SORBI_3003G396500	1306
SORBI_3003G396600	973.727
SORBI_3003G396700	5206.302
SORBI_3003G396800	3397.45465363864
SORBI_3003G396900	1445.929
SORBI_3003G397000	1690
SORBI_3003G397100	2023.683
SORBI_3003G397200	1437.822
SORBI_3003G397300	830.146
SORBI_3003G397400	824.612
SORBI_3003G397500	953.8
SORBI_3003G397600	1264.795
SORBI_3003G397700	1864.663
SORBI_3003G397800	2114.13996514947
SORBI_3003G397900	2186.117
SORBI_3003G398100	2393.876
SORBI_3003G398200	2169
SORBI_3003G398300	668.242
SORBI_3003G398400	2688.5
SORBI_3003G398500	1681.985
SORBI_3003G398600	1459
SORBI_3003G398700	2014.749
SORBI_3003G398800	1704.169
SORBI_3003G398900	999.397
SORBI_3003G399000	2028.66231930535
SORBI_3003G399101	798
SORBI_3003G399200	922
SORBI_3003G399266	57
SORBI_3003G399100	2139.585
SORBI_3003G399166	1365
SORBI_3003G399400	727
SORBI_3003G399500	1745.739
SORBI_3003G399600	612.069
SORBI_3003G399700	161
SORBI_3003G399800	709.5
SORBI_3003G399900	2509.59302404346
ENSRNA049484836	57
SORBI_3003G400000	1859
SORBI_3003G400100	1929.616
SORBI_3003G400200	854.025
SORBI_3003G400266	181
SORBI_3003G400332	1675
SORBI_3003G400400	697
SORBI_3003G400600	2154.825
SORBI_3003G400700	2440
SORBI_3003G400800	674.836
SORBI_3003G400900	2073.456
SORBI_3003G401000	3341.705
SORBI_3003G401100	2498.523
SORBI_3003G401200	1646.566
ENSRNA049484834	57
SORBI_3003G401300	1077
SORBI_3003G401400	2096.734
SORBI_3003G401600	8069.427
SORBI_3003G401500	377.639
SORBI_3003G401700	409
SORBI_3003G401800	2884.625
SORBI_3003G401900	2780.333
SORBI_3003G402000	1399.17539379996
SORBI_3003G402100	6890.5
SORBI_3003G402200	220.496
SORBI_3003G402300	1271.18
SORBI_3003G402400	1503
SORBI_3003G402500	1444.967
SORBI_3003G402550	337
SORBI_3003G402600	1286.105
SORBI_3003G402700	599.5
SORBI_3003G402800	2020.332
SORBI_3003G402900	1864.948
SORBI_3003G403000	1977.308
SORBI_3003G403300	3396.122
SORBI_3003G403400	5720.409
SORBI_3003G403500	1876.379
SORBI_3003G403600	724
SORBI_3003G403700	2293.835
SORBI_3003G403800	2583.885
SORBI_3003G403900	1294
SORBI_3003G404000	1284.837
SORBI_3003G404050	1118
SORBI_3003G404100	1366.429
SORBI_3003G404200	1323.451
SORBI_3003G404300	874.126
SORBI_3003G404400	2189.316
SORBI_3003G404500	2928.696
SORBI_3003G404600	1436.199
SORBI_3003G404700	1311
SORBI_3003G404800	325.884
SORBI_3003G404900	5732.302
SORBI_3003G405000	3515.092
SORBI_3003G405101	262
SORBI_3003G405200	1597.432
SORBI_3003G405300	1922.536
SORBI_3003G405400	1356.206
SORBI_3003G405500	2602.701
SORBI_3003G405600	2168.42511938981
SORBI_3003G405700	2472.473
SORBI_3003G405800	1657
SORBI_3003G405900	746.634
SORBI_3003G406000	1380.898
SORBI_3003G406060	776
SORBI_3003G406120	3364.047
SORBI_3003G406180	987
SORBI_3003G406240	1508
SORBI_3003G406300	1601.713
SORBI_3003G406400	343.259
SORBI_3003G406500	1069
SORBI_3003G406600	2445.779
SORBI_3003G406700	346.823
SORBI_3003G406800	934.498538224511
SORBI_3003G406850	857
SORBI_3003G406900	159
SORBI_3003G407001	344.478
SORBI_3003G407100	2072.638
SORBI_3003G407200	3063.873
SORBI_3003G407300	4962.80282432896
SORBI_3003G407400	735.682
SORBI_3003G407500	660.422
SORBI_3003G407600	1267.983
SORBI_3003G407700	2680.561
SORBI_3003G407800	1750.921
SORBI_3003G407900	1842.728
SORBI_3003G407950	1736.995
SORBI_3003G408000	886.041
SORBI_3003G408100	3229.586
SORBI_3003G408200	990
SORBI_3003G408300	1835.16
SORBI_3003G408400	894.697
SORBI_3003G408500	1519.67786132689
SORBI_3003G408600	4338.77531856511
SORBI_3003G408700	901
SORBI_3003G408800	1368.334
SORBI_3003G408900	1432
SORBI_3003G409000	1454
SORBI_3003G409100	1225
SORBI_3003G409150	3123.727
SORBI_3003G409200	4106.685
SORBI_3003G409300	2864.754
SORBI_3003G409400	1143.367
SORBI_3003G409500	218.228
SORBI_3003G409600	1075.951
SORBI_3003G409700	801.256
SORBI_3003G409800	4049.386
SORBI_3003G409850	422
SORBI_3003G409900	3186.259
SORBI_3003G410000	1005.688
SORBI_3003G410100	1983.213
SORBI_3003G410200	956.738
SORBI_3003G410300	1124
SORBI_3003G410400	2398.5064058145
SORBI_3003G410500	1431.49068202488
SORBI_3003G410600	1866.40942263975
ENSRNA049445717	26
SORBI_3003G410700	1790.2
SORBI_3003G410800	1828.897
SORBI_3003G410900	1162.148
SORBI_3003G411000	1240.29808308713
SORBI_3003G411100	1448
SORBI_3003G411150	1364
SORBI_3003G411200	824.126
SORBI_3003G411300	1498.43410984815
SORBI_3003G411400	2302.362
SORBI_3003G411500	1029
SORBI_3003G411600	518.847854659039
SORBI_3003G411700	2790.756
SORBI_3003G411800	2044.115
SORBI_3003G411900	5350.79697593752
SORBI_3003G412000	2319.618
SORBI_3003G412100	1790.59062369791
SORBI_3003G412200	1191.805
SORBI_3003G412300	3801.356
SORBI_3003G412400	1301.5611861244
SORBI_3003G412600	1548.757
SORBI_3003G412500	3362.501
SORBI_3003G412700	2989.344
SORBI_3003G412800	1843.647
SORBI_3003G412900	1275.295
SORBI_3003G413000	3357.071
ENSRNA049445711	33
SORBI_3003G413100	2304.30890644172
SORBI_3003G413201	1430.33333333333
SORBI_3003G413300	438.666666666667
SORBI_3003G413400	498
ENSRNA049445659	33
SORBI_3003G413500	1958.219
SORBI_3003G413550	67
SORBI_3003G413600	2739.874
SORBI_3003G413700	3819.092
SORBI_3003G413800	662.433
SORBI_3003G413900	1189
SORBI_3003G414000	1126
SORBI_3003G414100	1346
SORBI_3003G414200	514
SORBI_3003G414300	1687.78251416238
SORBI_3003G414400	1384
SORBI_3003G414500	1955.937
SORBI_3003G414600	546.388
SORBI_3003G414700	962
SORBI_3003G414800	1977.424
SORBI_3003G414900	796.751
SORBI_3003G415000	950
SORBI_3003G415100	2541.514
SORBI_3003G415200	258
SORBI_3003G415300	290
SORBI_3003G415400	661
SORBI_3003G415500	737.106
SORBI_3003G415600	3715.507
SORBI_3003G415700	128
SORBI_3003G415800	316
SORBI_3003G415900	1686.255
SORBI_3003G416000	1210
SORBI_3003G416100	1318.626
SORBI_3003G416200	345
SORBI_3003G416300	1066.607
SORBI_3003G416400	1642.901
SORBI_3003G416500	892.109
SORBI_3003G416600	1571.80918659308
SORBI_3003G416700	3945.518
SORBI_3003G416800	980.471
SORBI_3003G416900	2050.983
SORBI_3003G417000	1332.30837000965
SORBI_3003G417100	681.753
SORBI_3003G417200	935.547
SORBI_3003G417350	1619.034
SORBI_3003G417500	3240.931
ENSRNA049484842	19
ENSRNA049484841	6
ENSRNA049484853	28
ENSRNA049484850	34
SORBI_3003G417600	562
SORBI_3003G417700	723
SORBI_3003G417800	5082.025
SORBI_3003G417900	2248.907
SORBI_3003G418000	1638.253
SORBI_3003G418100	2681.108
SORBI_3003G418200	2477.334
SORBI_3003G418300	1859
SORBI_3003G418400	482.542
SORBI_3003G418500	1819.456
SORBI_3003G418600	634
SORBI_3003G418700	2134.174
SORBI_3003G418733	600
SORBI_3003G418766	323.898
SORBI_3003G418800	19
SORBI_3003G418900	2287.495
SORBI_3003G419100	2866.501
SORBI_3003G419000	757
SORBI_3003G419200	1629
SORBI_3003G419300	1189.557
SORBI_3003G419400	1489
SORBI_3003G419500	961.361
SORBI_3003G419600	9073
SORBI_3003G419700	2043
SORBI_3003G419800	2760.949
SORBI_3003G419900	1256.057
SORBI_3003G420000	1322.594
SORBI_3003G420100	1627.882
SORBI_3003G420201	466.963
SORBI_3003G420300	2457.521
SORBI_3003G420400	252.743
SORBI_3003G420500	3686
SORBI_3003G420600	2054.50941849153
SORBI_3003G420700	1003.24
SORBI_3003G420800	2548.278
SORBI_3003G420900	1555.016
SORBI_3003G421000	1106.191
SORBI_3003G421100	2903.963
SORBI_3003G421201	1912.662
SORBI_3003G421300	1401.912
SORBI_3003G421400	882.551
SORBI_3003G421500	850
SORBI_3003G421700	4921.148
SORBI_3003G421600	278
SORBI_3003G421800	985.206044775992
SORBI_3003G421900	1599.001
SORBI_3003G422000	1142
SORBI_3003G422100	1127
SORBI_3003G422200	1659.50303799664
SORBI_3003G422300	1634.21636944467
SORBI_3003G422400	2064.748
SORBI_3003G422500	6970.464
SORBI_3003G422600	2336.9
SORBI_3003G422700	2261.573
SORBI_3003G422800	1829.51778605252
SORBI_3003G422900	3873.22043589102
SORBI_3003G423000	1772.973
SORBI_3003G423100	161
SORBI_3003G423200	161
SORBI_3003G423300	8358.239
SORBI_3003G423400	277
SORBI_3003G423500	643.847
SORBI_3003G423600	4690.92223417722
SORBI_3003G423700	1674.853
SORBI_3003G423800	6157.544
SORBI_3003G423900	1942.624
SORBI_3003G424000	1937.645
SORBI_3003G424100	4048.06
SORBI_3003G424200	1996.856
SORBI_3003G424300	1701.639
SORBI_3003G424400	2638.238
SORBI_3003G424500	1090.858
SORBI_3003G424600	454.21
SORBI_3003G424800	955.14
SORBI_3003G424950	2191.375
SORBI_3003G425100	1253.16211533865
SORBI_3003G425200	812.805
SORBI_3003G425300	2404.196
SORBI_3003G425500	2981.271
SORBI_3003G425600	1006.481
SORBI_3003G425701	445
SORBI_3003G425800	214
SORBI_3003G425850	1114.1
SORBI_3003G425900	841.041
SORBI_3003G426000	971.396
SORBI_3003G426100	950.879
SORBI_3003G426200	823
SORBI_3003G426300	833.948
SORBI_3003G426400	1710.865
SORBI_3003G426500	763.139
SORBI_3003G426600	1360.087
SORBI_3003G426700	1472.487
SORBI_3003G426750	537
SORBI_3003G426800	1335.452
SORBI_3003G426900	709.147695940896
SORBI_3003G427000	2286.405
SORBI_3003G427100	2351.651
SORBI_3003G427200	2809.01
SORBI_3003G427300	2296.897
SORBI_3003G427400	1829.717
SORBI_3003G427500	1722.003
SORBI_3003G427550	1609
SORBI_3003G427600	5690.312
SORBI_3003G427700	997
SORBI_3003G427800	1063.188
SORBI_3003G427900	997
SORBI_3003G428000	4209.951
SORBI_3003G428100	3920.215
SORBI_3003G428200	1339.387
SORBI_3003G428300	1425.695
SORBI_3003G428400	4628.86169457169
SORBI_3003G428500	1195
SORBI_3003G428600	1942.789
SORBI_3003G428700	238.307
SORBI_3003G428800	1049.36101453626
SORBI_3003G428900	630.532
SORBI_3003G429000	1370.61154841101
SORBI_3003G429101	592
SORBI_3003G429200	604.128
SORBI_3003G429300	934.977
SORBI_3003G429401	809
SORBI_3003G429500	960
SORBI_3003G429600	1251
SORBI_3003G429650	3936.404
SORBI_3003G429700	1287.126
SORBI_3003G429800	4144.984
SORBI_3003G429900	1438.296
SORBI_3003G430000	1739
SORBI_3003G430100	2077.409
SORBI_3003G430400	2976.924
SORBI_3003G430500	160
SORBI_3003G430600	161
SORBI_3003G430700	438
SORBI_3003G430800	802
SORBI_3003G430900	1631.549
SORBI_3003G430950	204
SORBI_3003G431000	392.687
SORBI_3003G431100	2774.936
SORBI_3003G431200	1624.08539691596
SORBI_3003G431301	1042
SORBI_3003G431400	758.852275935203
SORBI_3003G431600	2683.702
SORBI_3003G431700	1658.369
SORBI_3003G431800	1249
SORBI_3003G431900	2053.436
SORBI_3003G432000	4514
SORBI_3003G432100	2613.579
SORBI_3003G432200	3075.364
SORBI_3003G432300	3259.936
SORBI_3003G432400	1504.85
SORBI_3003G432500	1365.253
SORBI_3003G432600	1264.018
SORBI_3003G432700	731.531
SORBI_3003G432800	3063.45
SORBI_3003G432900	6333.463
SORBI_3003G433000	2376
SORBI_3003G433100	1873.456
SORBI_3003G433200	1049.2761367401
SORBI_3003G433300	2348.086
SORBI_3003G433400	2592.40216799041
SORBI_3003G433500	1565.355
SORBI_3003G433600	2224.787
SORBI_3003G433750	2674.777
SORBI_3003G433900	790.136
SORBI_3003G434000	435.24
ENSRNA049445707	26
SORBI_3003G434100	1043
SORBI_3003G434200	2344.554
SORBI_3003G434300	793
SORBI_3003G434500	1084
SORBI_3003G434600	1660.409
SORBI_3003G434700	2678.457
SORBI_3003G434800	2134.065
SORBI_3003G434900	1412.40618795567
SORBI_3003G435000	767.491
SORBI_3003G435100	779.08
SORBI_3003G435200	1547.73463012905
SORBI_3003G435300	2147.24338515888
SORBI_3003G435400	2645.479
SORBI_3003G435500	5489.35857812438
SORBI_3003G435600	2143.6718025088
SORBI_3003G435700	2314.613
SORBI_3003G435800	2334.79
SORBI_3003G435900	1097
SORBI_3003G436000	1826
SORBI_3003G436200	1472.905
SORBI_3003G436100	3087
SORBI_3003G436300	1366.174
SORBI_3003G436400	3303
SORBI_3003G436500	150
SORBI_3003G436600	2488.444
SORBI_3003G436700	857.815
SORBI_3003G436750	153
SORBI_3003G436800	7470.616
SORBI_3003G436900	1552.159
SORBI_3003G437001	730
SORBI_3003G437100	1118.318
SORBI_3003G437200	974.691
SORBI_3003G437300	1017
SORBI_3003G437400	1478
SORBI_3003G437500	756.574
SORBI_3003G437600	1246.24890890218
SORBI_3003G437800	1558.643
SORBI_3003G437900	1879
SORBI_3003G438000	370
SORBI_3003G438100	1199
SORBI_3003G438200	1214.79
SORBI_3003G438300	486
SORBI_3003G438400	7788.93
SORBI_3003G438500	78
SORBI_3003G438600	2100.148
SORBI_3003G438700	1068
SORBI_3003G438800	376
SORBI_3003G438900	4616.264
SORBI_3003G439000	1441.493
SORBI_3003G439100	793.255482927767
SORBI_3003G439200	5561.702
SORBI_3003G439400	1445.932
SORBI_3003G439501	2300.535
SORBI_3003G439600	1165.027
SORBI_3003G439700	2090.865
SORBI_3003G439800	1037.23996951272
SORBI_3003G439900	1336.23441614016
SORBI_3003G440001	1394.5
SORBI_3003G440100	245
SORBI_3003G440200	1111.5
SORBI_3003G440300	729.645935037048
SORBI_3003G440400	7089.489
SORBI_3003G440500	1272.265
SORBI_3003G440600	1608.02125619727
SORBI_3003G440700	1183.82
SORBI_3003G440800	1976.796
ENSRNA049445666	32
SORBI_3003G440900	2050.746
SORBI_3003G441000	1358
SORBI_3003G441100	1215
SORBI_3003G441200	1477.564
SORBI_3003G441301	1013.785
SORBI_3003G441400	130
ENSRNA049484839	101
SORBI_3003G441500	1017
SORBI_3003G441601	1831
SORBI_3003G441700	2457.423
SORBI_3003G441800	1745.353
SORBI_3003G441900	3572.146
SORBI_3003G442000	1668.691
SORBI_3003G442100	275.616
ENSRNA049445675	35
SORBI_3003G442200	521.844
SORBI_3003G442300	1548.597
SORBI_3003G442400	748.188
SORBI_3003G442500	1752.513
SORBI_3003G442601	1369.69
SORBI_3003G442700	900.739702496057
SORBI_3003G442900	371.137
SORBI_3003G442800	1514.426
SORBI_3003G443000	1214.40705800276
SORBI_3003G443100	2774.16416726006
SORBI_3003G443200	3017
SORBI_3003G443300	810.843
SORBI_3003G443400	1697.21380863154
SORBI_3003G443500	481.917
SORBI_3003G443601	2650.291
SORBI_3003G443700	1470
SORBI_3003G443800	1196
SORBI_3003G443900	3634
ENSRNA049996507	38
SORBI_3003G444000	1725
SORBI_3003G444100	1692.402
SORBI_3003G444200	1551.444
SORBI_3003G444300	730.689368507312
SORBI_3003G444400	1041
SORBI_3003G444500	1411.68
SORBI_3003G444600	1694.552
SORBI_3003G444700	938.645
SORBI_3003G444800	1807.47037927175
SORBI_3003G444900	1288.722
SORBI_3003G445000	1327.51627160893
SORBI_3003G445100	718.64456891188
SORBI_3003G445200	5282.915
SORBI_3003G445300	3289.239
SORBI_3003G445400	1407.93523494928
SORBI_3003G445500	4794.882
SORBI_3003G445600	3126
SORBI_3003G445700	1677.397
SORBI_3003G445750	506
SORBI_3003G445800	1586.809
SORBI_3003G445900	3710.957
SORBI_3003G446000	4678.532
SORBI_3003G446100	3039.41
SORBI_3004G000100	1920.72851630029
SORBI_3004G000300	1636.8073238019
SORBI_3004G000400	1655.86302098196
SORBI_3004G000500	1721.319
SORBI_3004G000601	1310.791
SORBI_3004G000700	1039.649
SORBI_3004G000800	475
SORBI_3004G000900	692
SORBI_3004G001000	2637.758
SORBI_3004G001100	764
SORBI_3004G001200	2138
SORBI_3004G001300	2252.536
SORBI_3004G001400	1532.884
SORBI_3004G001500	6735.964
SORBI_3004G001600	2068.061
SORBI_3004G001700	892
SORBI_3004G001800	1413
SORBI_3004G001900	2981.23173176164
SORBI_3004G002000	927.044
SORBI_3004G002100	3158.116
SORBI_3004G002200	2016.60854871243
SORBI_3004G002300	3090.837
SORBI_3004G002350	1293.142
SORBI_3004G002400	1215.76
SORBI_3004G002500	1613.062
SORBI_3004G002600	1065.927
SORBI_3004G002700	655
SORBI_3004G002800	1352
SORBI_3004G002901	1877.884
SORBI_3004G003000	269
SORBI_3004G003100	1549.29910481017
SORBI_3004G003300	16544.987
ENSRNA049996501	37
SORBI_3004G003401	785.11307856523
SORBI_3004G003501	1551.13
ENSRNA049996494	89
SORBI_3004G003600	509
SORBI_3004G003700	724.992
SORBI_3004G003900	1845.94880640412
SORBI_3004G004100	533.939
SORBI_3004G004200	5050.142
SORBI_3004G004300	6909.05
SORBI_3004G004400	3041.981
SORBI_3004G004500	1282.22
SORBI_3004G004600	3228.709
SORBI_3004G004700	564
SORBI_3004G004800	2957.438
SORBI_3004G004900	2755.409
SORBI_3004G005000	1314.752
SORBI_3004G005100	3588.881
SORBI_3004G005200	2883.83496345218
SORBI_3004G005300	2401.5
SORBI_3004G005400	6541.798
SORBI_3004G005700	2644.896
SORBI_3004G005900	1845.31
SORBI_3004G006000	1140.662
SORBI_3004G006100	733.417
SORBI_3004G006200	1611.34552455752
SORBI_3004G006300	556.195
SORBI_3004G006400	1370.034
SORBI_3004G006500	202.554
SORBI_3004G006600	6574.804
SORBI_3004G006700	1352.696
SORBI_3004G006800	4672.509
SORBI_3004G006900	2147.08986863435
SORBI_3004G006966	1388.208
SORBI_3004G007032	526
SORBI_3004G007100	4793.132
SORBI_3004G007133	6016.10188192632
SORBI_3004G007166	18
SORBI_3004G007200	3988.696
SORBI_3004G007300	1209.723
SORBI_3004G007400	1233.806
SORBI_3004G007500	1773
SORBI_3004G007550	252
ENSRNA049481226	56
ENSRNA049481225	56
SORBI_3004G007600	2031.728
SORBI_3004G007700	1392.659
SORBI_3004G007800	2848.086
SORBI_3004G007850	241
SORBI_3004G007900	7513.09043811449
SORBI_3004G008000	1000.516
SORBI_3004G008100	2177.845
SORBI_3004G008200	744.671
SORBI_3004G008300	921
SORBI_3004G008400	890.092
ENSRNA049481276	2
ENSRNA049481349	31
SORBI_3004G008500	1627
SORBI_3004G008600	3215
SORBI_3004G008700	204
SORBI_3004G008800	949
SORBI_3004G008900	933
SORBI_3004G009000	2728.114
SORBI_3004G009100	2788.888
ENSRNA049481350	33
SORBI_3004G009200	1797
SORBI_3004G009300	1139
SORBI_3004G009400	1990.491
SORBI_3004G009500	1903.892
SORBI_3004G009600	6213.883
SORBI_3004G009700	45
SORBI_3004G009800	959.932
SORBI_3004G009900	3555
SORBI_3004G010000	1520.595
SORBI_3004G010050	3022
SORBI_3004G010101	217.233
SORBI_3004G010151	2481.309
SORBI_3004G010200	2669.614
SORBI_3004G010300	1764.623
SORBI_3004G010500	1014.24
SORBI_3004G010600	1264.89972963887
SORBI_3004G010700	3108.511
SORBI_3004G010800	3618.58
ENSRNA049438204	25
SORBI_3004G010900	1502.46945786083
ENSRNA049481294	4
ENSRNA049481278	4
ENSRNA049481298	3
ENSRNA049481281	3
ENSRNA049481344	4
ENSRNA049481332	6
ENSRNA049481261	5
ENSRNA049481338	2
SORBI_3004G011000	1606.491
SORBI_3004G011100	1182
SORBI_3004G011201	1333
SORBI_3004G011300	2643.474
SORBI_3004G011433	1212.126
SORBI_3004G011566	2580.47553552555
SORBI_3004G011700	1663.88329193062
SORBI_3004G011900	16888.458
SORBI_3004G011800	2295
ENSRNA049438241	27
SORBI_3004G012000	1687.731
SORBI_3004G012100	1068.82835768244
SORBI_3004G012200	1850.401
SORBI_3004G012250	1461
SORBI_3004G012300	8711.536
SORBI_3004G012400	2079.502
ENSRNA049439668	26
SORBI_3004G012501	574.636
ENSRNA049438269	26
SORBI_3004G012600	301
SORBI_3004G012700	1707.065
SORBI_3004G012800	619.926
ENSRNA049438291	26
SORBI_3004G012900	1211.511
SORBI_3004G013000	1134.011
SORBI_3004G013100	2035.278
SORBI_3004G013200	2785.926
SORBI_3004G013300	3454.25
SORBI_3004G013400	1330.907
SORBI_3004G013500	1650.76
SORBI_3004G013600	1446.488
SORBI_3004G013700	1787
SORBI_3004G013800	766.356
SORBI_3004G013900	2694.804
SORBI_3004G014000	2781.296
SORBI_3004G014100	1433.058
SORBI_3004G014200	1210
SORBI_3004G014300	233
SORBI_3004G014400	1098
SORBI_3004G014500	1078
SORBI_3004G014600	6952.176
SORBI_3004G014700	601
SORBI_3004G014800	793
SORBI_3004G014900	1151
SORBI_3004G015000	239
SORBI_3004G015050	256
SORBI_3004G015100	285
SORBI_3004G015150	451
SORBI_3004G015200	256
SORBI_3004G015300	1342.519
SORBI_3004G015400	1057.971
SORBI_3004G015500	5020.365
SORBI_3004G015600	1108.018
SORBI_3004G015550	400.846
SORBI_3004G015700	4025.123
SORBI_3004G015800	1755.922
SORBI_3004G015900	1329.369
SORBI_3004G016000	2148.177
SORBI_3004G016100	3574.911
SORBI_3004G016250	5306
SORBI_3004G016200	382
SORBI_3004G016300	616.783
SORBI_3004G016400	1567.467
SORBI_3004G016600	1610.135
SORBI_3004G016500	1070.705
SORBI_3004G016700	473.852
SORBI_3004G016800	2105.106
SORBI_3004G016900	1968.851
SORBI_3004G017000	2459.205
ENSRNA049439657	26
SORBI_3004G017100	1457.76736940371
ENSRNA049438320	26
SORBI_3004G017200	721.528
SORBI_3004G017300	1749.779
SORBI_3004G017400	1123.619
SORBI_3004G017500	1846
SORBI_3004G017600	646
SORBI_3004G017700	1433
SORBI_3004G017800	1153.92423747238
ENSRNA049438341	26
SORBI_3004G017900	1157.991
SORBI_3004G017950	101
SORBI_3004G018000	792.85
SORBI_3004G018100	1872.946
SORBI_3004G018150	220
SORBI_3004G018200	653.865
SORBI_3004G018300	1841.765
SORBI_3004G018400	1046.075
SORBI_3004G018500	1059.752
SORBI_3004G018700	1913.69252792891
SORBI_3004G018800	2807.566
SORBI_3004G018900	1950
SORBI_3004G019000	1093
SORBI_3004G019100	1812
SORBI_3004G019200	3934.079
SORBI_3004G019250	646
SORBI_3004G019300	1796
SORBI_3004G019400	1796
SORBI_3004G019500	2347.66
SORBI_3004G019550	785
SORBI_3004G019600	1010.331
SORBI_3004G019700	2048.254
SORBI_3004G019800	1683.13190261398
SORBI_3004G019900	340
SORBI_3004G020000	965.678
SORBI_3004G020100	2570.133
SORBI_3004G020150	1029
SORBI_3004G020200	1879
SORBI_3004G020300	877.662
SORBI_3004G020401	806.081
SORBI_3004G020500	691
SORBI_3004G020600	1396
SORBI_3004G020700	2283.517
ENSRNA049996488	52
SORBI_3004G020800	1637.115
SORBI_3004G020900	2782.601
SORBI_3004G021000	1561.084
SORBI_3004G021100	1294.537
SORBI_3004G021200	2066.521
SORBI_3004G021300	1274.928
SORBI_3004G021400	2180
SORBI_3004G021500	941.797
SORBI_3004G021600	386
SORBI_3004G021700	69
SORBI_3004G021800	556
SORBI_3004G021900	963.393
SORBI_3004G022000	537
SORBI_3004G022100	88
SORBI_3004G022200	634
SORBI_3004G022300	557.097
SORBI_3004G022366	1790.683
SORBI_3004G022432	700.12
SORBI_3004G022500	71
SORBI_3004G022600	399
SORBI_3004G022700	491
SORBI_3004G022800	430
SORBI_3004G022850	3629.521
SORBI_3004G022900	1291
SORBI_3004G022950	318
SORBI_3004G023000	4461.209
SORBI_3004G023100	6267.297
SORBI_3004G023200	1525.823
SORBI_3004G023300	742.208
SORBI_3004G023400	948.544
SORBI_3004G023700	2142.26842009834
SORBI_3004G023500	709
SORBI_3004G023600	874
SORBI_3004G023733	419
SORBI_3004G023766	444
SORBI_3004G023800	1552
SORBI_3004G023900	1724.272
SORBI_3004G024000	499
SORBI_3004G024100	1674.454
SORBI_3004G024200	1332.329
SORBI_3004G024300	1491.742
SORBI_3004G024350	1106
SORBI_3004G024400	1593.291
SORBI_3004G024500	6686.852
SORBI_3004G024600	738.44
SORBI_3004G024700	904.116227233174
SORBI_3004G024800	1912.628
SORBI_3004G025000	1876.20964809867
SORBI_3004G025100	841.83
SORBI_3004G025200	1372.515
SORBI_3004G025300	767.555
SORBI_3004G025400	1279.223
SORBI_3004G025500	685
SORBI_3004G025600	521
SORBI_3004G025700	3268.318
SORBI_3004G025800	1779.809
SORBI_3004G025900	1550.454
SORBI_3004G026000	2224.936
SORBI_3004G026100	806.924704666167
SORBI_3004G026200	2175.634
SORBI_3004G026300	2260.262
SORBI_3004G026400	739.072
SORBI_3004G026500	1536.03107625696
SORBI_3004G026600	1364.532
SORBI_3004G026700	1971.206
ENSRNA049481273	15
ENSRNA049481255	23
ENSRNA049481352	48
SORBI_3004G026900	2386
SORBI_3004G027000	1754.89178969958
SORBI_3004G027100	914.563
SORBI_3004G027150	1034.474
SORBI_3004G027200	1360.476
SORBI_3004G027300	919.444
SORBI_3004G027400	349.77
SORBI_3004G027500	1847.369
SORBI_3004G027600	1012.5
SORBI_3004G027700	1283.166
SORBI_3004G027800	2597.04898460779
SORBI_3004G027900	5001.509
ENSRNA049996484	5
SORBI_3004G028000	1208.604
SORBI_3004G028100	695.112
SORBI_3004G028200	2356.675
SORBI_3004G028300	1316.84
SORBI_3004G028400	724.878
SORBI_3004G028500	883.152
SORBI_3004G028600	1645.62270844181
SORBI_3004G028700	1821.25
SORBI_3004G028800	2001.55281975794
SORBI_3004G028900	1290.844
SORBI_3004G028966	412
SORBI_3004G029032	550
SORBI_3004G029100	1896.274
SORBI_3004G029200	514
SORBI_3004G029300	2499
SORBI_3004G029400	9143
SORBI_3004G029450	2562
SORBI_3004G029500	390
SORBI_3004G029550	602
SORBI_3004G029601	333
SORBI_3004G029651	1963
SORBI_3004G029700	1363
SORBI_3004G029800	895.337336528925
SORBI_3004G029900	1683
SORBI_3004G030000	831.315
SORBI_3004G030100	1928.045
SORBI_3004G030200	8000.51249605631
SORBI_3004G030300	776
SORBI_3004G030400	2280.581
SORBI_3004G030501	1989.221
SORBI_3004G030600	1932.632
SORBI_3004G030700	1946.575
SORBI_3004G030750	283
SORBI_3004G030800	2794.259
SORBI_3004G030850	1288
SORBI_3004G030900	3631.666
SORBI_3004G031001	1004.319
SORBI_3004G031100	161
SORBI_3004G031200	1454.785
SORBI_3004G031300	2174.19565147486
SORBI_3004G031400	4815.119
SORBI_3004G031501	2341.381
SORBI_3004G031600	1975.01656341776
SORBI_3004G031700	4068.397
SORBI_3004G031800	2875.904
SORBI_3004G031900	1795
SORBI_3004G032000	842.263
SORBI_3004G032100	942.524440482493
SORBI_3004G032200	1306.007
ENSRNA049481245	10
ENSRNA049481249	10
ENSRNA049481252	10
ENSRNA049481241	26
ENSRNA049481233	55.536
ENSRNA049481324	2
ENSRNA049481265	35
ENSRNA049481258	34
SORBI_3004G032300	1200.102
SORBI_3004G032400	2314.413
SORBI_3004G032500	1525.339
SORBI_3004G032600	446
SORBI_3004G032800	5974.05584165667
SORBI_3004G032900	1986
SORBI_3004G033000	1270.067
SORBI_3004G033100	1665.909
SORBI_3004G033200	1174.484
SORBI_3004G033300	3164.50120734737
SORBI_3004G033400	1588
SORBI_3004G033500	1810.413
SORBI_3004G033600	1827.779
SORBI_3004G033650	584
SORBI_3004G033700	1014.40854989443
SORBI_3004G033800	1053.063
SORBI_3004G033900	1437.219
SORBI_3004G034000	1931.191
SORBI_3004G034100	1855.407
SORBI_3004G034200	2184.5
SORBI_3004G034300	3734.95
SORBI_3004G034400	1802.88396092935
SORBI_3004G034500	663.828
SORBI_3004G034600	2090.425
SORBI_3004G034700	3514.468
SORBI_3004G034800	1467.58534884694
SORBI_3004G034900	4888.144
SORBI_3004G035000	1409.823
SORBI_3004G035100	2461.311
SORBI_3004G035200	954.442
SORBI_3004G035300	4760.095
SORBI_3004G035400	3627.385
SORBI_3004G035500	2556
SORBI_3004G035601	1963
SORBI_3004G035750	1767.836
SORBI_3004G035700	432
SORBI_3004G035800	1411.727
SORBI_3004G035900	710.652
ENSRNA049481231	57
SORBI_3004G036100	1397.094
SORBI_3004G036200	1219.047
ENSRNA049481235	56
SORBI_3004G036300	1665.16
SORBI_3004G036400	1129
SORBI_3004G036500	1752.75414985114
SORBI_3004G036600	899.785
SORBI_3004G036700	2345.927
SORBI_3004G036800	2858.322
SORBI_3004G036900	1404.49356672803
SORBI_3004G037000	1038.705
SORBI_3004G037100	2444.863
SORBI_3004G037200	2931.317
SORBI_3004G037300	2156.863
SORBI_3004G037401	74
SORBI_3004G037500	7683
SORBI_3004G037600	474.94
SORBI_3004G037700	558.281
SORBI_3004G037800	4960.465
SORBI_3004G037900	5017.134
SORBI_3004G038000	880.583985478237
SORBI_3004G038100	4240.55165567785
SORBI_3004G038200	1268.448
SORBI_3004G038300	2251
SORBI_3004G038400	868.054
SORBI_3004G038500	3264.914
SORBI_3004G038600	1573
SORBI_3004G038700	578
SORBI_3004G038800	4121.587
SORBI_3004G038850	454
SORBI_3004G038900	2152.232
SORBI_3004G039000	2243
SORBI_3004G039100	1853.551
SORBI_3004G039200	4955.227
SORBI_3004G039300	1958.172675241
SORBI_3004G039400	3033.54787591372
SORBI_3004G039500	331.375
SORBI_3004G039600	3080.057
SORBI_3004G039700	5415.193
SORBI_3004G039800	337
SORBI_3004G039900	1419.51860987323
SORBI_3004G040000	3621.303
SORBI_3004G040050	400.931
SORBI_3004G040100	1457.358
SORBI_3004G040200	3311.66655397636
SORBI_3004G040300	415.819
SORBI_3004G040350	4374.37
SORBI_3004G040400	1186
SORBI_3004G040500	7392.987
SORBI_3004G040600	1744.53759929677
SORBI_3004G040700	942.26967809998
SORBI_3004G040800	2343.721
SORBI_3004G040900	2819.002
SORBI_3004G041000	173.709
SORBI_3004G041100	3894.895
SORBI_3004G041200	1872.487
SORBI_3004G041300	1796
SORBI_3004G041500	1332.098
SORBI_3004G041600	1294.557
SORBI_3004G041700	858
SORBI_3004G041800	1115
SORBI_3004G041900	1772.934
SORBI_3004G042000	1846.05069452576
SORBI_3004G042100	4000.12292823077
SORBI_3004G042200	2356.991
SORBI_3004G042300	2284.433
SORBI_3004G042400	2585.235
SORBI_3004G042501	1530.545
SORBI_3004G042600	4326.959
SORBI_3004G042700	835.255
SORBI_3004G042800	3016.438
SORBI_3004G042900	2802.038
SORBI_3004G043001	1666.04825646705
SORBI_3004G043101	1847
SORBI_3004G043200	1569.9827984163
SORBI_3004G043301	266
SORBI_3004G043400	1697.362
SORBI_3004G043500	4766.686
SORBI_3004G043600	1333.661
SORBI_3004G043750	8552.21617462757
SORBI_3004G043900	530
SORBI_3004G044000	1233.663
SORBI_3004G044100	2168.241
SORBI_3004G044200	1283.434
SORBI_3004G044250	793.709
SORBI_3004G044300	1306.539
SORBI_3004G044401	10544.466
SORBI_3004G044500	3016
SORBI_3004G044700	3086.273
SORBI_3004G044800	3554.472
SORBI_3004G044900	958
SORBI_3004G045000	2484.508
SORBI_3004G045100	1990
SORBI_3004G045200	2136.884
SORBI_3004G045300	2011.098
SORBI_3004G045400	434.984
SORBI_3004G045500	2617
SORBI_3004G045566	2556.406
SORBI_3004G045632	454.233
SORBI_3004G045700	2607.58
SORBI_3004G045800	1278.281
SORBI_3004G045900	1645
SORBI_3004G046001	1314.008
SORBI_3004G046100	1149
SORBI_3004G046200	1068.576
SORBI_3004G046300	221
SORBI_3004G046400	1086.095
SORBI_3004G046500	2058.31579135367
SORBI_3004G046600	1834
SORBI_3004G046700	1333
SORBI_3004G046800	1542
SORBI_3004G046850	744.631
SORBI_3004G046900	862
ENSRNA049481354	49
SORBI_3004G047001	2030.465
SORBI_3004G047100	2068.46
SORBI_3004G047200	2184.612
SORBI_3004G047300	3580.438
SORBI_3004G047400	859.246
SORBI_3004G047500	849.237
SORBI_3004G047600	1672.354
SORBI_3004G047700	1321.781
SORBI_3004G047800	1693.802
SORBI_3004G047900	1083.67
SORBI_3004G048000	2422.998
SORBI_3004G048100	78
SORBI_3004G048201	376
SORBI_3004G048300	835
SORBI_3004G048400	444
SORBI_3004G048500	430
SORBI_3004G048600	158
SORBI_3004G048700	1517.674
ENSRNA049481221	57
SORBI_3004G048800	3720.161
SORBI_3004G048900	600.5
SORBI_3004G049000	224
SORBI_3004G049100	1101.851
SORBI_3004G049200	3467.319
SORBI_3004G049300	2397
SORBI_3004G049400	619.704
ENSRNA049481330	5
ENSRNA049996478	34
SORBI_3004G049500	3939.36
SORBI_3004G049600	3075.5
SORBI_3004G049700	859.668
SORBI_3004G049800	1189.822
SORBI_3004G049900	991.972300020491
SORBI_3004G050000	968.071176797115
SORBI_3004G050100	2638.28437758231
SORBI_3004G050200	1562.259
SORBI_3004G050300	1876.169
SORBI_3004G050400	895.318
SORBI_3004G050600	900
SORBI_3004G050700	1448
SORBI_3004G050800	2085
SORBI_3004G050900	1553
SORBI_3004G051000	790.5
SORBI_3004G051100	436.057
SORBI_3004G051133	885.939
SORBI_3004G051166	2303.591
SORBI_3004G051200	9792.963
SORBI_3004G051300	1840.621
SORBI_3004G051401	184.487
SORBI_3004G051500	778
SORBI_3004G051600	1263.88
SORBI_3004G051700	1786.465
SORBI_3004G051900	4056.62090189644
SORBI_3004G051800	475.352
SORBI_3004G052000	3850.95804127219
SORBI_3004G052100	2863.178
ENSRNA049996471	35
SORBI_3004G052200	573.547
SORBI_3004G052300	741
SORBI_3004G052401	2945.18
SORBI_3004G052500	1245.5
SORBI_3004G052600	1735
SORBI_3004G052700	810
SORBI_3004G052800	3262.249
SORBI_3004G052900	1490.38
SORBI_3004G053000	692.788
SORBI_3004G053100	2304.485
SORBI_3004G053200	990.274
SORBI_3004G053300	1532.123
ENSRNA049438449	25
SORBI_3004G053400	771.473
SORBI_3004G053500	4972.733
SORBI_3004G053600	1400.25614353749
SORBI_3004G053700	867.004
SORBI_3004G053800	732.467
SORBI_3004G053900	1826.231
SORBI_3004G054000	2396.934
SORBI_3004G054100	4518.025
SORBI_3004G054200	924.529
SORBI_3004G054300	1874.591
SORBI_3004G054400	810.304
SORBI_3004G054500	733.165
SORBI_3004G054600	2025.467
SORBI_3004G054700	825.179
SORBI_3004G054900	1465
SORBI_3004G055000	1646.683
SORBI_3004G055100	507.508848362697
SORBI_3004G055200	1367.84422115952
SORBI_3004G055300	3139.85
ENSRNA049481266	171.708
SORBI_3004G055400	361
SORBI_3004G055500	3191.611
SORBI_3004G055600	1416.978
SORBI_3004G055700	586.50556196101
SORBI_3004G055800	394.403193619592
SORBI_3004G055901	2092
SORBI_3004G056000	1232
SORBI_3004G056100	1788.716
SORBI_3004G056300	1962.90245716469
SORBI_3004G056201	218
SORBI_3004G056350	935
SORBI_3004G056400	1921.23
SORBI_3004G056500	498
SORBI_3004G056600	1618.886
SORBI_3004G056700	399
SORBI_3004G056800	436
SORBI_3004G056900	1063.604
SORBI_3004G057000	817
SORBI_3004G057100	1428.015
SORBI_3004G057200	1448.675
SORBI_3004G057300	836
SORBI_3004G057400	2855.08
SORBI_3004G057500	1718.865
SORBI_3004G057700	1422.59
SORBI_3004G057800	1195.853
SORBI_3004G057900	1805.85226735594
SORBI_3004G058000	4333.99
SORBI_3004G058050	996.288
SORBI_3004G058100	805
SORBI_3004G058200	2294.263
SORBI_3004G058300	640
SORBI_3004G058400	1626.24583644124
SORBI_3004G058500	1521.755
SORBI_3004G058600	2450.93744696462
SORBI_3004G058700	1851.758
SORBI_3004G058800	385
SORBI_3004G058900	1164.149
SORBI_3004G059000	5284.687
SORBI_3004G059100	689.151
SORBI_3004G059200	2020.276
SORBI_3004G059300	1144.70729245673
SORBI_3004G059400	572.333268460105
SORBI_3004G059600	2049.88803386555
SORBI_3004G059800	1784.312
SORBI_3004G059900	1268.86407906644
SORBI_3004G060000	1799.113
SORBI_3004G060100	2266.587
SORBI_3004G060300	2850.031
SORBI_3004G060400	2104.202
SORBI_3004G060500	1623.643
SORBI_3004G060600	1190.818
SORBI_3004G060700	1447
SORBI_3004G060766	315
SORBI_3004G060832	1659.286
SORBI_3004G060900	4309.731
SORBI_3004G061100	1256.892
SORBI_3004G061200	971.699
SORBI_3004G061300	1758
SORBI_3004G061400	4562.385
SORBI_3004G061500	584
SORBI_3004G061600	1694
SORBI_3004G061701	2267.0471590252
SORBI_3004G061800	1065.445
SORBI_3004G061900	2405.274
SORBI_3004G062000	2233.244
SORBI_3004G062100	1579
SORBI_3004G062200	1562.754
SORBI_3004G062300	868
SORBI_3004G062400	464.024
SORBI_3004G062500	1672.934
SORBI_3004G062600	1742.727
SORBI_3004G062800	763.42
SORBI_3004G062900	1469.672
SORBI_3004G063000	710.496
SORBI_3004G063100	2349.52737569845
SORBI_3004G063200	1745.632
SORBI_3004G063300	3524.507
SORBI_3004G063400	639.86
SORBI_3004G063500	1806.784
SORBI_3004G063600	2143.96
SORBI_3004G063750	532
SORBI_3004G063900	1375
SORBI_3004G064000	2199
ENSRNA049439648	26
SORBI_3004G064100	3412.24146666412
SORBI_3004G064200	1845.662
SORBI_3004G064300	839.487603314407
SORBI_3004G064400	1024.676
SORBI_3004G064500	1704.995
SORBI_3004G064600	1896.88723592097
SORBI_3004G064700	957.274
SORBI_3004G064800	1010.313
SORBI_3004G064900	872.826
SORBI_3004G065000	4132.352
SORBI_3004G065100	4876.02580248497
SORBI_3004G065200	3671.124
SORBI_3004G065300	1425.514
SORBI_3004G065400	2418.177
SORBI_3004G065500	835.506
SORBI_3004G065600	1581.925
SORBI_3004G065650	5586.318
SORBI_3004G065700	166
ENSRNA049996464	35
SORBI_3004G065800	1839
SORBI_3004G065850	693
SORBI_3004G065900	550.119
SORBI_3004G065950	248
ENSRNA049439629	34
SORBI_3004G066000	1576.668
SORBI_3004G066100	689.61
SORBI_3004G066200	2492.862
SORBI_3004G066300	902.915
ENSRNA049481238	30
SORBI_3004G066401	1261
SORBI_3004G066500	4921.928
SORBI_3004G066600	2616.013
SORBI_3004G066700	427
SORBI_3004G066800	1686.075
SORBI_3004G066900	2081.098
SORBI_3004G067000	994.883
SORBI_3004G067050	804.693
SORBI_3004G067100	1382.056
SORBI_3004G067200	669.809
SORBI_3004G067300	450.4
SORBI_3004G067400	2517.509
SORBI_3004G067500	2012.867
SORBI_3004G067600	2576.196
SORBI_3004G067700	1749.463
SORBI_3004G067800	534.558
SORBI_3004G067850	406
SORBI_3004G067900	2284.054
SORBI_3004G068000	144
SORBI_3004G068100	1763.0467463704
SORBI_3004G068200	1225.721
SORBI_3004G068300	2398.558
SORBI_3004G068350	1321
SORBI_3004G068400	3334.948
SORBI_3004G068500	1231.006
SORBI_3004G068600	1223.365
SORBI_3004G068700	1658.218
SORBI_3004G068750	733
SORBI_3004G068800	1164.783
SORBI_3004G068900	1284.042
SORBI_3004G069000	2225.882
SORBI_3004G069100	1238.24
SORBI_3004G069200	1282.337
SORBI_3004G069400	1175.717
SORBI_3004G069300	1079
SORBI_3004G069500	705.295
SORBI_3004G069600	913.189
SORBI_3004G069700	1336.568
SORBI_3004G069850	1044.066
SORBI_3004G070000	1630.946
SORBI_3004G070100	1628.9393001166
SORBI_3004G070150	581
SORBI_3004G070200	3424.04733020733
SORBI_3004G070300	261
SORBI_3004G070400	1137
SORBI_3004G070500	1627.40328141326
SORBI_3004G070600	2888
SORBI_3004G070700	817.905
SORBI_3004G070800	952.919
SORBI_3004G070900	1197.665
SORBI_3004G071000	3009.55896273824
SORBI_3004G071100	2565.528
SORBI_3004G071050	668
SORBI_3004G071200	1378.046
SORBI_3004G071300	331
SORBI_3004G071401	2065.968
SORBI_3004G071500	1562.76244966739
SORBI_3004G071600	729.356
SORBI_3004G071650	69
SORBI_3004G071700	1210.62
SORBI_3004G071750	130
SORBI_3004G071800	2048
SORBI_3004G071850	1285
ENSRNA049996456	6
SORBI_3004G071900	334
SORBI_3004G072000	821.685
SORBI_3004G072100	2101.664
SORBI_3004G072200	6456.541
SORBI_3004G072201	649
SORBI_3004G072300	389
SORBI_3004G072400	1586
SORBI_3004G072800	7035.299
SORBI_3004G072600	1850
SORBI_3004G072900	910
SORBI_3004G072950	523
SORBI_3004G073000	4509.935
SORBI_3004G073100	2837.25
SORBI_3004G073166	619
SORBI_3004G073232	16635.593
SORBI_3004G073300	1957.967
SORBI_3004G073400	4486
SORBI_3004G073500	3823.36199869681
SORBI_3004G073700	7899.29
SORBI_3004G073600	3495.764
SORBI_3004G073800	3230.214
SORBI_3004G074000	5832.31548829835
SORBI_3004G074100	1281
SORBI_3004G074200	1510.78795981468
SORBI_3004G074300	3360.846
SORBI_3004G074400	2876.63
SORBI_3004G074500	2529.67981474755
SORBI_3004G074600	1549.33380312451
SORBI_3004G074700	713
SORBI_3004G074900	1526.19722059818
SORBI_3004G075000	624.566
SORBI_3004G075100	602.36
SORBI_3004G075200	1821.733
SORBI_3004G075250	656
SORBI_3004G075301	300
SORBI_3004G075351	345.246
SORBI_3004G075400	483.097
SORBI_3004G075550	455
SORBI_3004G075700	6563.10304104301
SORBI_3004G075800	3624.51
SORBI_3004G075900	2142.115
SORBI_3004G076000	890.48
SORBI_3004G076100	1175.795
SORBI_3004G076300	257.72
SORBI_3004G076400	1794
SORBI_3004G076600	1917
SORBI_3004G076666	16848.22
SORBI_3004G076732	88
SORBI_3004G076800	802
SORBI_3004G076850	720.538
SORBI_3004G076900	227
SORBI_3004G077000	3609.185
SORBI_3004G077100	1327
SORBI_3004G077200	473
SORBI_3004G077300	5013.962
SORBI_3004G077400	2616.437
SORBI_3004G077500	1820.006
SORBI_3004G077600	1843.738
SORBI_3004G077700	697
SORBI_3004G077800	1327.8111599271
SORBI_3004G077900	1843.72103337397
SORBI_3004G078000	1427.50870307021
SORBI_3004G078100	1198.29540494744
SORBI_3004G078200	873
SORBI_3004G078300	1403.231
SORBI_3004G078400	5856.299
SORBI_3004G078500	3897.137
SORBI_3004G078600	2767.5
SORBI_3004G078700	1387.942
SORBI_3004G078750	1114
SORBI_3004G078800	1412.985
SORBI_3004G078900	1495.36321940762
SORBI_3004G079000	3146.692
SORBI_3004G079100	2731.034
SORBI_3004G079200	1088.118
SORBI_3004G079400	1720.267
SORBI_3004G079500	763.085
SORBI_3004G079600	83
SORBI_3004G079700	1425.964
SORBI_3004G079800	2185.232
SORBI_3004G079900	4344.982
SORBI_3004G080000	1200
SORBI_3004G080100	1360.9541747061
SORBI_3004G080200	1749.113
SORBI_3004G080300	5420
SORBI_3004G080350	956.5
SORBI_3004G080400	4020.34
SORBI_3004G080500	1377.04
SORBI_3004G080600	5339.645
SORBI_3004G080700	234
SORBI_3004G080800	1709.914
SORBI_3004G080901	409
SORBI_3004G081000	667
SORBI_3004G081100	1423.332
ENSRNA049481316	1
ENSRNA049481313	3
SORBI_3004G081201	3007.105
SORBI_3004G081300	1592
SORBI_3004G081400	2627.753
SORBI_3004G081501	340.415
SORBI_3004G081601	5361.681
SORBI_3004G081701	1087
SORBI_3004G081800	1959.643
SORBI_3004G081900	2719.154
SORBI_3004G082000	1342
SORBI_3004G082050	1693.512
SORBI_3004G082101	1376.38
SORBI_3004G082151	1174
SORBI_3004G082200	1311
ENSRNA049438473	33
SORBI_3004G082300	345.463
SORBI_3004G082400	147
SORBI_3004G082500	3712.365
SORBI_3004G082600	1060.603
SORBI_3004G082700	1257.044
SORBI_3004G082800	3191.929
SORBI_3004G082900	1826.391
SORBI_3004G083000	1367.82825871778
SORBI_3004G083100	1841.108
SORBI_3004G083200	1996.466
SORBI_3004G083250	595
SORBI_3004G083300	2052.077
SORBI_3004G083401	772
SORBI_3004G083500	1276
SORBI_3004G083600	395.743
SORBI_3004G083700	1316.756
ENSRNA049439594	25
SORBI_3004G083900	1183.628
SORBI_3004G084100	635.184
SORBI_3004G084200	4767.115
SORBI_3004G084300	2357.823
SORBI_3004G084400	518.909
SORBI_3004G084500	1645.965
SORBI_3004G084600	1328
SORBI_3004G084700	1452.32458949791
SORBI_3004G084800	761
SORBI_3004G084900	1173.073
SORBI_3004G085000	4912.721
ENSRNA049996449	140.581
SORBI_3004G085100	1645
SORBI_3004G085200	465.78
SORBI_3004G085300	1067.29375511831
SORBI_3004G085400	556
SORBI_3004G085500	864.719
SORBI_3004G085600	432.722
SORBI_3004G085700	2101.735
SORBI_3004G085800	1893
SORBI_3004G085900	2797.66004882646
SORBI_3004G086000	3737.035
SORBI_3004G086100	1800.808
SORBI_3004G086150	1782.90510038595
SORBI_3004G086200	3796.40198068114
SORBI_3004G086300	1830.197
SORBI_3004G086400	1392.203
SORBI_3004G086500	1577
SORBI_3004G086600	1236.779
SORBI_3004G086700	1963.889
SORBI_3004G086800	2387.468
SORBI_3004G086900	753
SORBI_3004G087000	882.743
SORBI_3004G087050	1
SORBI_3004G087100	1063.895
SORBI_3004G087200	846.108
SORBI_3004G087300	913.104
SORBI_3004G087366	1359.294
SORBI_3004G087432	1705
SORBI_3004G087500	1943.955
SORBI_3004G087600	1400.96561102167
SORBI_3004G087700	4503.76828298935
SORBI_3004G087750	213
SORBI_3004G087800	4858.003
SORBI_3004G087900	525
SORBI_3004G088000	975.129
SORBI_3004G088100	2355.436
SORBI_3004G088200	4583.003
SORBI_3004G088300	961
SORBI_3004G088400	2624.73627248952
SORBI_3004G088450	3305.02212479968
SORBI_3004G088501	3195.8218515562
SORBI_3004G088551	641.87
SORBI_3004G088600	686
SORBI_3004G088700	2417.863
SORBI_3004G088800	1468
ENSRNA049439570	24
SORBI_3004G088900	990.006
SORBI_3004G089000	1786.453
SORBI_3004G089100	245
SORBI_3004G089200	3952.116
SORBI_3004G089300	1978
SORBI_3004G089400	2591.163
SORBI_3004G089450	279.373
SORBI_3004G089500	1152.11
SORBI_3004G089600	751
SORBI_3004G089700	880
SORBI_3004G089901	3827.589
SORBI_3004G089801	250
SORBI_3004G090000	1449
SORBI_3004G090100	400
SORBI_3004G090200	1045
SORBI_3004G090300	1117
SORBI_3004G090400	232.5
SORBI_3004G090500	308
SORBI_3004G090600	3122.081
SORBI_3004G090700	451
SORBI_3004G090900	1531.014
SORBI_3004G091000	1683
SORBI_3004G091100	2551.847
SORBI_3004G091200	1992.615
SORBI_3004G091300	4455.714
SORBI_3004G091401	831
SORBI_3004G091500	3963.023
SORBI_3004G091600	2573
SORBI_3004G091700	2304.774
SORBI_3004G091800	209
SORBI_3004G091900	673
SORBI_3004G092000	289.039
SORBI_3004G092100	6192.986
SORBI_3004G092200	788.673
SORBI_3004G092300	611.935
SORBI_3004G092350	351.363
SORBI_3004G092400	1571.809
SORBI_3004G092500	1289.155
SORBI_3004G092600	1532.677
SORBI_3004G092700	1889.595
SORBI_3004G092800	578.69
SORBI_3004G092900	2824.042
SORBI_3004G092950	334
SORBI_3004G093000	2571.303
SORBI_3004G093100	1890.056
SORBI_3004G093200	1592.508
SORBI_3004G093300	1174
SORBI_3004G093400	3067.978
SORBI_3004G093500	6786.891
SORBI_3004G093600	2188.124
SORBI_3004G093700	2013.507
SORBI_3004G093800	2139.098
SORBI_3004G093900	1790
SORBI_3004G094000	1795
SORBI_3004G094100	2891
SORBI_3004G094150	1870
SORBI_3004G094200	1237.094
SORBI_3004G094300	3458.841
SORBI_3004G094400	2108.341
SORBI_3004G094500	1173.45
SORBI_3004G094600	2175.909
SORBI_3004G094700	2136.7074925226
SORBI_3004G094900	918
SORBI_3004G095000	2488
SORBI_3004G095100	2317
SORBI_3004G095200	9172.204
SORBI_3004G095300	1685.106
SORBI_3004G095400	1376.941
SORBI_3004G095500	1655.433
SORBI_3004G095600	3087.633
SORBI_3004G095700	2301.71125629194
SORBI_3004G095800	782
SORBI_3004G096000	546
SORBI_3004G096100	653.249
SORBI_3004G096200	605.5
SORBI_3004G096300	1373.224
SORBI_3004G096400	2191.748611185
ENSRNA049996441	50
SORBI_3004G096500	2115.867
SORBI_3004G096600	271.447
SORBI_3004G096700	1409.017
SORBI_3004G096801	1199.94
SORBI_3004G096900	2813.646
SORBI_3004G097000	1439.711
SORBI_3004G097100	545.747
SORBI_3004G097200	939.306
SORBI_3004G097300	1151.001
SORBI_3004G097400	1754.184943558
SORBI_3004G097500	4408.882
SORBI_3004G097700	2802
SORBI_3004G097800	1124
SORBI_3004G097900	4754.326
SORBI_3004G098000	1484.031
SORBI_3004G098100	591.21
SORBI_3004G098200	916.396
SORBI_3004G098300	2999.102
SORBI_3004G098400	1281
SORBI_3004G098500	289
SORBI_3004G098650	292
SORBI_3004G098800	957.319
SORBI_3004G099000	321
SORBI_3004G099050	297
SORBI_3004G099100	2222
SORBI_3004G099150	150
SORBI_3004G099200	4803
SORBI_3004G099300	2728.09671342186
SORBI_3004G099400	1470.058
SORBI_3004G099500	518.083
SORBI_3004G099600	1709.945
SORBI_3004G099650	1560
SORBI_3004G099700	3863.466
SORBI_3004G099750	588
SORBI_3004G099800	2509.18045903479
SORBI_3004G099900	403.776
SORBI_3004G100000	1050
SORBI_3004G100100	159
SORBI_3004G100200	1414.357
SORBI_3004G100300	1025
SORBI_3004G100400	628
SORBI_3004G100500	607
SORBI_3004G100600	133
SORBI_3004G100700	2984.028
SORBI_3004G100900	2360
SORBI_3004G101000	1463
SORBI_3004G101100	1020
ENSRNA049996432	6
SORBI_3004G101200	723
SORBI_3004G101250	143
SORBI_3004G101300	718.856
SORBI_3004G101400	1647.262
SORBI_3004G101500	946.028681565198
SORBI_3004G101601	150
SORBI_3004G101700	868
SORBI_3004G101800	888
SORBI_3004G101900	1851.866
SORBI_3004G102000	1588.74076221638
SORBI_3004G102100	3990.89469691314
SORBI_3004G102200	1473.088
SORBI_3004G102301	919
SORBI_3004G102400	2193.398
SORBI_3004G102500	1039
SORBI_3004G102600	667
SORBI_3004G102700	967
SORBI_3004G102750	414
SORBI_3004G102800	4541.574
SORBI_3004G102900	1774.906
SORBI_3004G102950	265
SORBI_3004G103000	1371.019
SORBI_3004G103100	101
SORBI_3004G103200	2296.352
SORBI_3004G103300	2599.324
ENSRNA049438522	25
SORBI_3004G103400	3449.685
SORBI_3004G103450	96
SORBI_3004G103500	584.238
SORBI_3004G103600	1203.08525321496
SORBI_3004G103700	2137.4211020359
ENSRNA049996426	11
ENSRNA049996419	5
ENSRNA049996410	16
SORBI_3004G103800	746.557
SORBI_3004G103901	841
SORBI_3004G104000	1195
ENSRNA049481335	34
SORBI_3004G104100	813.453
SORBI_3004G104200	1345
SORBI_3004G104250	889
ENSRNA049481340	34
SORBI_3004G104300	1015.257
SORBI_3004G104400	874.049
SORBI_3004G104500	69
SORBI_3004G104600	937
SORBI_3004G104700	1438.607
ENSRNA049481228	56
SORBI_3004G104800	2660.309
SORBI_3004G104900	1554.844
SORBI_3004G105001	695
SORBI_3004G105100	3762.48
SORBI_3004G105200	4199.704
SORBI_3004G105300	1075
SORBI_3004G105500	5165.484
SORBI_3004G105700	1251.684
SORBI_3004G105800	1191
SORBI_3004G105901	364
SORBI_3004G106000	1183
SORBI_3004G106100	1137
SORBI_3004G106200	1290.039
SORBI_3004G106250	2747.593
SORBI_3004G106300	2771.173
SORBI_3004G106400	6066.15930196452
SORBI_3004G106500	1440.936
SORBI_3004G106600	1111.562
SORBI_3004G106700	3437.465
SORBI_3004G106800	1069
SORBI_3004G106900	3029.851
SORBI_3004G107000	1406.576
SORBI_3004G107100	1500.51299286788
SORBI_3004G107200	4729.473
SORBI_3004G107300	1300.11983723559
SORBI_3004G107400	922.038
SORBI_3004G107500	2119.601
SORBI_3004G107550	5501.307
SORBI_3004G107600	638.8
SORBI_3004G107700	1427.925
SORBI_3004G107800	5848.968
SORBI_3004G107900	1257.591
SORBI_3004G108001	949.473
SORBI_3004G108100	2003.253
SORBI_3004G108200	1323.326
SORBI_3004G108300	1297.126
SORBI_3004G108400	2149
SORBI_3004G108501	2448.637
SORBI_3004G108600	959
SORBI_3004G108700	489
SORBI_3004G108800	1618
SORBI_3004G108900	543
SORBI_3004G109000	1010.516
SORBI_3004G109100	292.342
SORBI_3004G109200	535
SORBI_3004G109300	1199
SORBI_3004G109400	675
SORBI_3004G109500	10005.139
SORBI_3004G109600	161
SORBI_3004G109700	994
SORBI_3004G109750	860.603
SORBI_3004G109800	331.631
SORBI_3004G109900	184.926
SORBI_3004G110200	515
SORBI_3004G110300	10848.034
SORBI_3004G110400	491.494
SORBI_3004G110500	1457
SORBI_3004G110600	138
SORBI_3004G110700	395.493
SORBI_3004G111000	4986.04193785415
SORBI_3004G111100	1669.737
SORBI_3004G111200	3699.154
SORBI_3004G111300	452.203
SORBI_3004G111400	4154.273
SORBI_3004G111500	1183.507
SORBI_3004G111600	1202.813
ENSRNA049439548	25
ENSRNA049439537	25
ENSRNA049439526	25
ENSRNA049439510	25
ENSRNA049439505	25
SORBI_3004G111650	2083.103
SORBI_3004G111700	2541.831
SORBI_3004G111800	1028.787
SORBI_3004G111900	119
SORBI_3004G112000	104
SORBI_3004G112100	1944.00318743088
SORBI_3004G112200	1430
SORBI_3004G112300	467.212
SORBI_3004G112400	3320.442
SORBI_3004G112500	2091.723
SORBI_3004G112600	4668.66666666667
SORBI_3004G112800	745.949160066107
SORBI_3004G112900	5249.461
SORBI_3004G113000	1269
SORBI_3004G113100	1610.64476274308
SORBI_3004G113201	1575.6
SORBI_3004G113300	3051.705
SORBI_3004G113400	2603.926
SORBI_3004G113500	2284
SORBI_3004G113600	952.541809926202
SORBI_3004G113700	1200.485
SORBI_3004G113800	1766.683
SORBI_3004G113850	9212.53770317478
SORBI_3004G113900	2166
SORBI_3004G114000	976.622850362961
SORBI_3004G114100	502
SORBI_3004G114200	1064.603
SORBI_3004G114300	741.091
SORBI_3004G114400	1558.159
SORBI_3004G114500	1523.018
SORBI_3004G114600	1142
SORBI_3004G114700	250
SORBI_3004G114800	1494.878
SORBI_3004G115000	1755
SORBI_3004G115100	1700.77
SORBI_3004G115200	403
SORBI_3004G115350	2379.719
SORBI_3004G115500	260
SORBI_3004G115600	1054.4
SORBI_3004G115700	2673.987
SORBI_3004G115750	1702
SORBI_3004G115800	1084.019
SORBI_3004G115900	815
SORBI_3004G115950	3346.436
SORBI_3004G116000	5141.06950117628
SORBI_3004G116050	527
SORBI_3004G116100	753.08
SORBI_3004G116200	1050
SORBI_3004G116300	5808.775
SORBI_3004G116400	2774.163
SORBI_3004G116500	2076.956
SORBI_3004G116600	2958.248
SORBI_3004G116800	645.345
SORBI_3004G116900	1280.19143533409
SORBI_3004G117000	5201.017
SORBI_3004G117200	1243.22
SORBI_3004G117300	908.967
ENSRNA049438566	25
SORBI_3004G117400	501.188
SORBI_3004G117466	2169
SORBI_3004G117532	451
SORBI_3004G117600	742.924
SORBI_3004G117800	1016.499
SORBI_3004G117850	814
SORBI_3004G117900	1955.92634301906
SORBI_3004G117950	516.521
SORBI_3004G118000	2575
SORBI_3004G118100	490
SORBI_3004G118200	927.648
SORBI_3004G118400	6346.194
SORBI_3004G118300	1288.28
SORBI_3004G118500	893.11271089765
SORBI_3004G118600	4894.695
SORBI_3004G118700	1614.382
SORBI_3004G118800	3315.55
SORBI_3004G118900	3338
SORBI_3004G119000	1612.08674737976
SORBI_3004G119100	1217.67386775672
SORBI_3004G119200	815.803
SORBI_3004G119300	457
SORBI_3004G119400	3602.92535509352
SORBI_3004G119500	1622.63444532493
SORBI_3004G119600	861
SORBI_3004G119700	2551.228
SORBI_3004G119800	1117.21
SORBI_3004G119900	987
SORBI_3004G120000	580
SORBI_3004G120100	3827.91172343551
SORBI_3004G120150	335.294
SORBI_3004G120200	2314
SORBI_3004G120233	1441
SORBI_3004G120266	1792
SORBI_3004G120300	758.941
SORBI_3004G120400	2740
SORBI_3004G120500	1186
SORBI_3004G120550	1049.5
SORBI_3004G120600	970.5
SORBI_3004G120733	198
SORBI_3004G120866	566.473
SORBI_3004G121000	1548.251
SORBI_3004G121100	703.748099824632
SORBI_3004G121200	1909.315
SORBI_3004G121300	921.533
SORBI_3004G121400	2607.03909737313
SORBI_3004G121500	412
SORBI_3004G121600	984
SORBI_3004G121700	607
SORBI_3004G121800	977
SORBI_3004G121900	1036
SORBI_3004G122000	756.065
SORBI_3004G122100	60
SORBI_3004G122200	1928.385
SORBI_3004G122300	2936.006
SORBI_3004G122500	847.039
SORBI_3004G122600	2108.61835777178
SORBI_3004G122700	1300
SORBI_3004G122800	1386.052
SORBI_3004G122900	814.047
SORBI_3004G123000	1038.136
SORBI_3004G123100	2185
SORBI_3004G123200	1490.067
SORBI_3004G123300	1185.33854172436
SORBI_3004G123400	1930.3736117333
SORBI_3004G123600	2693.55208120112
SORBI_3004G123801	1970.055
SORBI_3004G124000	4508.949
SORBI_3004G124100	1021.824
SORBI_3004G124200	2395.217
SORBI_3004G124250	1657
SORBI_3004G124300	2076.218
SORBI_3004G124400	1018.15019845775
SORBI_3004G124500	2662.93548648337
SORBI_3004G124601	694
SORBI_3004G124700	2036.345
SORBI_3004G124800	1757.601
SORBI_3004G124900	636
SORBI_3004G125100	2510.942
SORBI_3004G125200	8675.159
SORBI_3004G125300	1808
SORBI_3004G125400	1447.096
SORBI_3004G125500	372
SORBI_3004G125700	1859.946
SORBI_3004G125600	9627
SORBI_3004G125701	6286.90908501588
SORBI_3004G125800	1374.55250174344
SORBI_3004G125900	2350.03
SORBI_3004G126000	1746.24913090565
SORBI_3004G126050	106
SORBI_3004G126100	1033
ENSRNA049439479	34
SORBI_3004G126200	2621
SORBI_3004G126500	1344
SORBI_3004G126601	680.915
SORBI_3004G126700	1277
SORBI_3004G126900	11595
SORBI_3004G127000	495
SORBI_3004G127066	183.356
SORBI_3004G127132	293.637
SORBI_3004G127200	1199.423
SORBI_3004G127300	2215.64
SORBI_3004G127350	925
SORBI_3004G127400	5359.666
SORBI_3004G127500	400
SORBI_3004G127600	1958.49
SORBI_3004G127650	1723
SORBI_3004G127700	3307.306
SORBI_3004G127733	367
SORBI_3004G127766	487
SORBI_3004G127800	4905.072
SORBI_3004G127900	2081.174
SORBI_3004G128000	453.757
SORBI_3004G128100	3065.2
SORBI_3004G128200	2337.187
SORBI_3004G128400	1555.371
SORBI_3004G128500	1846.729
SORBI_3004G128600	851.2
SORBI_3004G128633	128
SORBI_3004G128666	556.474
SORBI_3004G128700	2157
SORBI_3004G128800	1238.497
SORBI_3004G128900	2199.158
SORBI_3004G129100	2322.26117888563
SORBI_3004G129201	859
SORBI_3004G129300	1352.97489488859
SORBI_3004G129400	2420
SORBI_3004G129500	4032.916
SORBI_3004G129600	2673.101
SORBI_3004G129700	1877
SORBI_3004G129750	1663
SORBI_3004G129800	1670.51174900315
SORBI_3004G129900	1948.92359745622
SORBI_3004G130001	406.10348875849
SORBI_3004G130100	997.714
SORBI_3004G130200	1201.604
SORBI_3004G130300	3827.949
SORBI_3004G130400	2575.957
SORBI_3004G130500	1272.897
SORBI_3004G130600	1980.311
SORBI_3004G130700	1286
SORBI_3004G130800	1414.064
SORBI_3004G130850	1657
SORBI_3004G130900	1531.419
SORBI_3004G130916	1699
SORBI_3004G130932	1737.203
SORBI_3004G130948	1540
SORBI_3004G130964	342.247083029081
SORBI_3004G130980	1408
SORBI_3004G131040	1558.13964921122
SORBI_3004G131100	2883.957
SORBI_3004G131200	1029.09941476443
SORBI_3004G131300	3792.754
SORBI_3004G131350	3746.917
SORBI_3004G131400	590
SORBI_3004G131501	172
SORBI_3004G131600	353
SORBI_3004G131700	1360.646
SORBI_3004G131800	2104.431
SORBI_3004G131900	650.627
SORBI_3004G132000	836.895
SORBI_3004G132100	4037.193
ENSRNA049996402	19
SORBI_3004G132150	242.279
SORBI_3004G132200	236
SORBI_3004G132300	2482.86210451418
SORBI_3004G132350	1420
SORBI_3004G132400	2509.193
SORBI_3004G132600	7558
SORBI_3004G132700	2022
SORBI_3004G132800	2844
SORBI_3004G132900	23108.062
SORBI_3004G133000	12751.6
SORBI_3004G133100	920.853
SORBI_3004G133201	1834
SORBI_3004G133301	467.741
SORBI_3004G133400	1024.558
SORBI_3004G133500	2009.735
SORBI_3004G133550	1786
SORBI_3004G133600	1171
SORBI_3004G133700	1770.675
SORBI_3004G133750	490
SORBI_3004G133800	1020
SORBI_3004G133850	1780
SORBI_3004G133900	307
SORBI_3004G134000	4444.343
SORBI_3004G134100	2143.92952211023
SORBI_3004G134200	3302.871
SORBI_3004G134300	562
SORBI_3004G134400	6161.286
SORBI_3004G134500	364.675
SORBI_3004G134600	1286.651
SORBI_3004G134700	1108.856
SORBI_3004G134801	1680
SORBI_3004G134900	17749.37
SORBI_3004G135000	485
SORBI_3004G135200	2041.11351006464
SORBI_3004G135300	1519.38025869893
SORBI_3004G135333	366.764
SORBI_3004G135366	207
SORBI_3004G135400	2799.73
SORBI_3004G135500	2214.317
SORBI_3004G135600	1972.831
SORBI_3004G135700	815.036312784245
SORBI_3004G135800	424
SORBI_3004G135900	487.624
SORBI_3004G136100	1062
SORBI_3004G136200	1014.11090920804
SORBI_3004G136300	2698.12967196651
SORBI_3004G136333	275
SORBI_3004G136366	589
SORBI_3004G136400	1715
SORBI_3004G136500	1953.198
SORBI_3004G136600	1393.395
SORBI_3004G136701	276.863
SORBI_3004G136800	942.367
SORBI_3004G136901	1690
SORBI_3004G137000	584
SORBI_3004G137200	730
SORBI_3004G137300	502.726
SORBI_3004G137400	558
SORBI_3004G137500	803.187622787468
SORBI_3004G137601	1675
SORBI_3004G137701	403
SORBI_3004G137801	2856.889
SORBI_3004G137900	1346.79048957946
SORBI_3004G138000	13039.4507492147
SORBI_3004G138100	1379
SORBI_3004G138200	400
SORBI_3004G138300	111
SORBI_3004G138350	805.346
SORBI_3004G138400	739
SORBI_3004G138450	313
SORBI_3004G138500	367
SORBI_3004G138600	1317
SORBI_3004G138650	924
SORBI_3004G138700	346
SORBI_3004G138750	391
SORBI_3004G138800	1079.88
SORBI_3004G138850	1759
SORBI_3004G138900	538
SORBI_3004G139000	399.281
SORBI_3004G139100	152
SORBI_3004G139201	421
SORBI_3004G139300	1781.663
SORBI_3004G139400	5968.85
SORBI_3004G139450	1693
SORBI_3004G139500	1150.422
SORBI_3004G139700	1459
SORBI_3004G139800	934
SORBI_3004G139900	2281.298
SORBI_3004G140000	1558.91962302555
SORBI_3004G140200	399
SORBI_3004G140300	1903.703
SORBI_3004G140400	3430
SORBI_3004G140501	361
SORBI_3004G140600	2502.085
SORBI_3004G140800	282
SORBI_3004G140850	1184
SORBI_3004G140900	111
SORBI_3004G141000	1159.129
SORBI_3004G141100	1030.996
SORBI_3004G141200	1242.123
SORBI_3004G141300	257
SORBI_3004G141400	1391.579
SORBI_3004G141500	519
SORBI_3004G141600	2498.557
SORBI_3004G141700	4158.36
SORBI_3004G141800	3095.98196751909
SORBI_3004G142000	314
SORBI_3004G142201	272.706
SORBI_3004G142400	3234.737
SORBI_3004G142500	2147.176
SORBI_3004G142700	1661.298
SORBI_3004G142800	1375.095
SORBI_3004G142900	2968.197
SORBI_3004G143000	709.719
SORBI_3004G143100	626.569
SORBI_3004G143201	535.064
SORBI_3004G143300	1300.38286396904
SORBI_3004G143400	2229.046
SORBI_3004G143475	13297.495
SORBI_3004G143550	2906
SORBI_3004G143625	530
SORBI_3004G143700	2299.504
SORBI_3004G143801	257
SORBI_3004G143900	2487.152
SORBI_3004G144000	4304.165
SORBI_3004G144050	649
SORBI_3004G144100	1271.348
SORBI_3004G144150	391
SORBI_3004G144200	1093
ENSRNA049996386	6
SORBI_3004G144300	2465.326
SORBI_3004G144400	1329.99879371237
SORBI_3004G144433	409
SORBI_3004G144466	1621
SORBI_3004G144500	1897.31284046283
SORBI_3004G144700	3674.816
SORBI_3004G144600	1226.407
SORBI_3004G144800	5682
SORBI_3004G145000	3114.93144877688
ENSRNA049996394	9
SORBI_3004G145200	2431.12909079243
SORBI_3004G145300	1409.846
SORBI_3004G145550	3435.662
SORBI_3004G145500	2700.978
SORBI_3004G145600	2998.111
SORBI_3004G145701	473
SORBI_3004G145801	452.301
SORBI_3004G145900	466
SORBI_3004G146000	1255.699
SORBI_3004G146100	915.406
SORBI_3004G146150	1656
SORBI_3004G146200	1483.861
SORBI_3004G146300	3996.216
SORBI_3004G146400	130
SORBI_3004G146500	3829.337
SORBI_3004G146600	2654.989
SORBI_3004G146700	1015
SORBI_3004G146800	1994.417
SORBI_3004G146900	559
SORBI_3004G147050	1612
SORBI_3004G147200	4153.766
SORBI_3004G147300	766
SORBI_3004G147400	917
SORBI_3004G147500	4004.87818523511
SORBI_3004G147600	3262.42
SORBI_3004G147700	397
ENSRNA049996379	6
SORBI_3004G147800	1713.06744194738
SORBI_3004G147900	1500.61
SORBI_3004G147950	1450
SORBI_3004G148000	783.912
SORBI_3004G148100	731.473
SORBI_3004G148200	3632.818
SORBI_3004G148300	728.447
SORBI_3004G148400	887.472
SORBI_3004G148500	2304
SORBI_3004G148600	1704.851
SORBI_3004G148750	577.013
SORBI_3004G148900	1978.922
SORBI_3004G149000	1062
SORBI_3004G149100	1142.745
SORBI_3004G149150	2901.102
SORBI_3004G149200	1240
SORBI_3004G149400	1690.011
SORBI_3004G149433	1064
SORBI_3004G149466	2588.446
SORBI_3004G149500	592
SORBI_3004G149600	1001.95
SORBI_3004G149700	2439.41908075796
SORBI_3004G149800	8726.39
ENSRNA049996359	5
SORBI_3004G150200	1017.104
SORBI_3004G150300	519
SORBI_3004G150400	1782.964
SORBI_3004G150600	568
SORBI_3004G150650	1798
SORBI_3004G150700	21641.364
SORBI_3004G150800	1928
SORBI_3004G150901	2359
SORBI_3004G151000	3689.129
SORBI_3004G151200	1584.549
SORBI_3004G151300	3676.77602665889
SORBI_3004G151400	1485.544
SORBI_3004G151500	1793.86633434796
SORBI_3004G151600	1325.824
SORBI_3004G151700	893.695
SORBI_3004G151800	1719.64179966769
SORBI_3004G151900	551.873
SORBI_3004G152000	2614.538
SORBI_3004G152100	2725.334
SORBI_3004G152200	2760.428
SORBI_3004G152300	861
SORBI_3004G152400	1154.505
SORBI_3004G152501	951.5
SORBI_3004G152601	2979.367
SORBI_3004G152700	544.471
SORBI_3004G152800	1313.583
SORBI_3004G152900	1515.66666666667
SORBI_3004G153000	1912.457
SORBI_3004G153100	3567.776
SORBI_3004G153200	1276.204
SORBI_3004G153300	1006.621
SORBI_3004G153400	1387.954
SORBI_3004G153501	119.85
SORBI_3004G153600	4042.051
SORBI_3004G153700	1042
SORBI_3004G153800	867.541
SORBI_3004G153900	2400.29244457419
SORBI_3004G154000	2049.526
SORBI_3004G154100	667
SORBI_3004G154200	4470.767
SORBI_3004G154300	2799.859
SORBI_3004G154400	794.63
SORBI_3004G154466	740.482
SORBI_3004G154532	480
SORBI_3004G154600	741.092
SORBI_3004G154700	1188.833
SORBI_3004G154800	1879.229
SORBI_3004G154900	246.278
SORBI_3004G155000	690.621
SORBI_3004G155100	571.759
SORBI_3004G155150	2211.25
SORBI_3004G155200	1916.596
SORBI_3004G155300	76
SORBI_3004G155400	2094.079
SORBI_3004G155600	3585.333
SORBI_3004G155700	788.488
SORBI_3004G155800	1646.934
SORBI_3004G155900	1128.591
SORBI_3004G156000	1434
SORBI_3004G156100	1539
SORBI_3004G156200	8177.204
SORBI_3004G156250	744
SORBI_3004G156300	2226.904
SORBI_3004G156400	2224.51
SORBI_3004G156500	2879.597
SORBI_3004G156600	1917.038
SORBI_3004G156666	164.293
SORBI_3004G156732	1776.211
SORBI_3004G156800	1383.88528641171
SORBI_3004G156900	1030
SORBI_3004G156950	1030
SORBI_3004G157000	1995.394
SORBI_3004G157050	781
SORBI_3004G157100	1928.532
SORBI_3004G157200	1687
SORBI_3004G157300	1303.776
SORBI_3004G157400	1894.93
SORBI_3004G157500	478.375
ENSRNA049996369	2
SORBI_3004G157550	973
SORBI_3004G157600	2145.024
SORBI_3004G157700	1813.02635802381
SORBI_3004G157800	653.467
SORBI_3004G157900	280
SORBI_3004G157950	522
SORBI_3004G158000	1447.68
SORBI_3004G158050	1033.497
SORBI_3004G158100	2836
SORBI_3004G158200	2434.757
SORBI_3004G158300	2211.828
SORBI_3004G158400	4669.41
SORBI_3004G158500	2028.935
SORBI_3004G158600	1700
SORBI_3004G158700	2201.781
SORBI_3004G158800	731.346
SORBI_3004G158901	482.106
SORBI_3004G159000	983.097
SORBI_3004G159100	1607.107
SORBI_3004G159200	845
SORBI_3004G159400	1650.854
SORBI_3004G159500	755
SORBI_3004G159600	554.092
SORBI_3004G159733	422.074
SORBI_3004G159866	665.5
SORBI_3004G160000	2715
SORBI_3004G160100	1953
SORBI_3004G160200	1695.36439472585
SORBI_3004G160300	2810.367
SORBI_3004G160350	2038
SORBI_3004G160400	1372.759
SORBI_3004G160500	836
SORBI_3004G160600	519
SORBI_3004G160700	5010.426
SORBI_3004G160750	177
SORBI_3004G160800	3404.945
SORBI_3004G160950	794
SORBI_3004G161100	503
SORBI_3004G161200	1738.924
SORBI_3004G161301	5673.718
SORBI_3004G161400	1802.566
SORBI_3004G161501	584.75
SORBI_3004G161600	2616.928
SORBI_3004G161650	417.006
SORBI_3004G161701	5664.873
SORBI_3004G161751	917.825
SORBI_3004G161800	202.622
SORBI_3004G161850	494
ENSRNA049481645	10
SORBI_3004G161900	2192.203
SORBI_3004G162000	1097.929
SORBI_3004G162100	165
SORBI_3004G162200	2548.519
SORBI_3004G162300	487
SORBI_3004G162400	2916.319
SORBI_3004G162500	778.516
SORBI_3004G162600	3286.03
SORBI_3004G162700	1764
SORBI_3004G162800	706
SORBI_3004G162900	1123
SORBI_3004G163000	3287.416
SORBI_3004G163100	2930.749
SORBI_3004G163200	1551.514
SORBI_3004G163300	2641.39424116052
SORBI_3004G163350	3789.415
SORBI_3004G163400	1372
SORBI_3004G163500	2303.459
SORBI_3004G163600	1034.522
SORBI_3004G163700	3216.55
SORBI_3004G163800	2639.471
SORBI_3004G163900	1430.067
SORBI_3004G164000	4144.543
SORBI_3004G164100	2965.162
SORBI_3004G164200	858.382
SORBI_3004G164300	414
SORBI_3004G164400	862.480549487215
SORBI_3004G164500	747.958
SORBI_3004G164600	2664
SORBI_3004G164650	1945.419
SORBI_3004G164700	1240.5
SORBI_3004G164800	2919.11618674414
SORBI_3004G165000	3851.764
SORBI_3004G165100	1262.566
SORBI_3004G165200	1224.336
SORBI_3004G165300	852.377
SORBI_3004G165400	720.662
SORBI_3004G165500	881.262
SORBI_3004G165600	2978.156
SORBI_3004G165700	1225.26543629538
SORBI_3004G165800	949
SORBI_3004G165900	768.234
SORBI_3004G166000	905.108
SORBI_3004G166100	1020
SORBI_3004G166200	869
SORBI_3004G166301	2200
SORBI_3004G166400	749.816
SORBI_3004G166500	1166.588
SORBI_3004G166600	835.697
SORBI_3004G166700	3080.00368032241
SORBI_3004G166800	389.379
ENSRNA049439383	32
SORBI_3004G166900	889.028
SORBI_3004G167000	341.738
SORBI_3004G167100	792.919653989303
SORBI_3004G167200	1957.424
SORBI_3004G167300	682.439
SORBI_3004G167400	3617.951
SORBI_3004G167500	1322.781
SORBI_3004G167600	2249.84639886235
SORBI_3004G167700	699
SORBI_3004G167800	651.666
SORBI_3004G167900	1156
SORBI_3004G168000	352
SORBI_3004G168100	619
SORBI_3004G168150	658
SORBI_3004G168200	2273
SORBI_3004G168300	1848.82907584042
SORBI_3004G168366	322
SORBI_3004G168432	511
SORBI_3004G168500	1078.798
SORBI_3004G168600	2892
SORBI_3004G168700	1413.936
SORBI_3004G168800	1758.216
SORBI_3004G168900	2478.413
SORBI_3004G169000	3272.3
SORBI_3004G169100	3581.975
SORBI_3004G169200	1127.528
SORBI_3004G169300	2057.747
SORBI_3004G169401	721.244
SORBI_3004G169501	5978.168
SORBI_3004G169600	8288.755
SORBI_3004G169700	2176.694
SORBI_3004G169800	962
SORBI_3004G169900	253.257
SORBI_3004G169966	880
SORBI_3004G170032	1424
SORBI_3004G170100	98
SORBI_3004G170200	1460.89
SORBI_3004G170300	541
SORBI_3004G170400	854.475
SORBI_3004G170500	3618.901
SORBI_3004G170600	1599
SORBI_3004G170700	1688.507
SORBI_3004G170800	1924.708
SORBI_3004G170900	2979
SORBI_3004G171000	593.457
SORBI_3004G171100	1283.399
SORBI_3004G171200	1516.426
SORBI_3004G171300	676
SORBI_3004G171350	713
SORBI_3004G171400	1208.794
SORBI_3004G171500	1183
SORBI_3004G171600	1201
SORBI_3004G171700	161
SORBI_3004G171800	1177.18613560279
SORBI_3004G171900	341
SORBI_3004G172000	1723
SORBI_3004G172100	2491.368
SORBI_3004G172201	419
SORBI_3004G172300	656.79
SORBI_3004G172350	1267.856
SORBI_3004G172400	4270.072
SORBI_3004G172500	2561.872
SORBI_3004G172600	1741.026
SORBI_3004G172700	1796.322
SORBI_3004G172800	1201
SORBI_3004G173100	1449.53329164994
SORBI_3004G173200	891.259
SORBI_3004G173300	2814.12957653119
SORBI_3004G173400	1635
SORBI_3004G173500	1546.358
SORBI_3004G173600	2792.091
SORBI_3004G173700	78
SORBI_3004G173800	2330
SORBI_3004G173900	332
SORBI_3004G174000	161
SORBI_3004G174100	3094.096
SORBI_3004G174200	4332.696
SORBI_3004G174301	1320
SORBI_3004G174400	1544.473
SORBI_3004G174500	1322.249
SORBI_3004G174600	4147
SORBI_3004G174700	2007.937
SORBI_3004G174800	2292.293
SORBI_3004G174900	1602.951
SORBI_3004G175000	1063.586
SORBI_3004G175300	3998.61
SORBI_3004G175200	163.023
SORBI_3004G175400	958.930753881246
SORBI_3004G175500	1313.94535733186
SORBI_3004G175600	1711.01183029627
SORBI_3004G175700	557.447
SORBI_3004G175800	1422
SORBI_3004G175900	1087
SORBI_3004G176000	6919.52289429119
SORBI_3004G176100	239.671
SORBI_3004G176200	2887.629
SORBI_3004G176300	1681.183
SORBI_3004G176400	1207.506
SORBI_3004G176500	1472.041
SORBI_3004G176550	1730
SORBI_3004G176600	911
SORBI_3004G176700	1603.02497204999
SORBI_3004G176800	1365.618
ENSRNA049438645	26
SORBI_3004G176900	1957.39194103817
SORBI_3004G176950	1223.368
SORBI_3004G177000	1588.76456022849
SORBI_3004G177050	282
ENSRNA049481680	4
ENSRNA049481634	12
ENSRNA049481632	12
SORBI_3004G177100	1643.67
ENSRNA049439361	26
SORBI_3004G177300	809.82
SORBI_3004G177400	3864.893
SORBI_3004G177500	3674.284
SORBI_3004G177600	3040.851
SORBI_3004G177700	3433.633
SORBI_3004G177900	1481.682
SORBI_3004G178000	1674.866
SORBI_3004G178100	1390.554
SORBI_3004G178200	2911.144
SORBI_3004G178300	2141.69493918092
SORBI_3004G178400	1821.369
SORBI_3004G178500	2917.578
SORBI_3004G178550	706
SORBI_3004G178600	1609
SORBI_3004G178700	1126
SORBI_3004G178800	1949
SORBI_3004G178901	5485.915
SORBI_3004G179000	1842
SORBI_3004G179100	334
SORBI_3004G179200	1807.642
SORBI_3004G179300	7546.215
SORBI_3004G179400	1512.22450576843
SORBI_3004G179500	1500.96
ENSRNA049439353	34
SORBI_3004G179600	161
SORBI_3004G179700	1519.149
SORBI_3004G179800	3089.563
SORBI_3004G179900	1189
SORBI_3004G180000	4637.491
SORBI_3004G180033	424.453
SORBI_3004G180066	646.596
SORBI_3004G180100	316
SORBI_3004G180200	2331
SORBI_3004G180301	248
SORBI_3004G180400	919
SORBI_3004G180500	1888.563
SORBI_3004G180600	159
SORBI_3004G180700	1267
SORBI_3004G180800	1265
SORBI_3004G180900	4259.143
SORBI_3004G180950	708
SORBI_3004G181000	1859
SORBI_3004G181100	1022
SORBI_3004G181200	718
SORBI_3004G181300	386.623
SORBI_3004G181400	991.317
SORBI_3004G181500	3305.641
SORBI_3004G181600	2171.79117974404
SORBI_3004G181700	2223.596
SORBI_3004G181800	4881.42357223786
SORBI_3004G181900	2363.078
SORBI_3004G182000	430
SORBI_3004G182100	1377.007
SORBI_3004G182201	798.172
SORBI_3004G182300	1862.22131045247
SORBI_3004G182500	1479.449
SORBI_3004G182600	1632.9301347774
SORBI_3004G182700	994
SORBI_3004G182800	923.221
SORBI_3004G182900	1093.232
SORBI_3004G183000	531.09
SORBI_3004G183100	1946.168
SORBI_3004G183200	2273.177
SORBI_3004G183300	3189.88
SORBI_3004G183400	640.260762110689
SORBI_3004G183501	191.275
SORBI_3004G183600	1822.98
SORBI_3004G183701	433.306
SORBI_3004G183800	1981.44744922007
SORBI_3004G183900	1165
SORBI_3004G183950	78
SORBI_3004G184000	1041.686
SORBI_3004G184101	445
SORBI_3004G184200	1734.48726748282
SORBI_3004G184300	1150
SORBI_3004G184400	425.657
SORBI_3004G184500	1872.52
SORBI_3004G184600	1039
SORBI_3004G184700	300.347
SORBI_3004G184800	1294.047
SORBI_3004G184900	2568.919
SORBI_3004G185000	1582
SORBI_3004G185100	992
SORBI_3004G185200	877.009
ENSRNA049438673	34
SORBI_3004G185300	1420.611
SORBI_3004G185400	1471.082
SORBI_3004G185500	1555.7080351276
SORBI_3004G185600	3792.662
SORBI_3004G185800	3434.662
SORBI_3004G185900	2404.177
SORBI_3004G186000	934.183
SORBI_3004G186100	781.008
SORBI_3004G186200	484.42
SORBI_3004G186300	2248.928
SORBI_3004G186400	656
SORBI_3004G186500	1138.94
SORBI_3004G186600	1184.98819453715
SORBI_3004G186800	6273.226
SORBI_3004G186900	1663.264
SORBI_3004G186950	403
SORBI_3004G187000	1637.968
SORBI_3004G187100	4967.256
SORBI_3004G187200	991.358
SORBI_3004G187300	1593.569
SORBI_3004G187400	891
SORBI_3004G187501	1712.39
SORBI_3004G187600	1378.06
SORBI_3004G187701	330.819
SORBI_3004G187800	1703.046
SORBI_3004G187900	3010.281
SORBI_3004G188000	185.515
SORBI_3004G188100	1308.50250902509
SORBI_3004G188201	2455.245
SORBI_3004G188300	4874.652
SORBI_3004G188400	2586.74992843249
SORBI_3004G188500	1007.65188787078
SORBI_3004G188600	1099.71996404249
SORBI_3004G188701	1443
SORBI_3004G188800	4871.935
SORBI_3004G188900	853
SORBI_3004G189000	548
SORBI_3004G189100	2231.962
SORBI_3004G189200	2553.842
SORBI_3004G189301	310
SORBI_3004G189400	898.8
SORBI_3004G189500	424.879
SORBI_3004G189600	1106.375
SORBI_3004G189700	2278.547
ENSRNA049439315	25
SORBI_3004G189800	2086.52708960751
SORBI_3004G189900	2339.436
SORBI_3004G190100	3874.571
SORBI_3004G190200	1367
SORBI_3004G190300	2107
SORBI_3004G190400	1356
SORBI_3004G190500	1910.649
SORBI_3004G190600	745.249
SORBI_3004G190700	2567.573
SORBI_3004G190800	3642.593
SORBI_3004G190900	705.132
SORBI_3004G191000	2042.57
SORBI_3004G191100	929.304
SORBI_3004G191200	677.686
SORBI_3004G191300	488.524
SORBI_3004G191400	450.507
SORBI_3004G191500	485.359
SORBI_3004G191600	2223.16278849075
SORBI_3004G191700	1789.608
ENSRNA049439291	25
SORBI_3004G191800	1302
SORBI_3004G191901	955.665
SORBI_3004G192001	321
SORBI_3004G192100	2467.94
SORBI_3004G192200	1015.821
SORBI_3004G192300	272.38
SORBI_3004G192400	657.283
SORBI_3004G192450	735.265
ENSRNA049481630	58
SORBI_3004G192500	897.240437039993
SORBI_3004G192600	370
SORBI_3004G192700	963.475
SORBI_3004G192800	1339.347
SORBI_3004G192900	2168.616
SORBI_3004G193000	3435.044
SORBI_3004G193100	1645
SORBI_3004G193200	1265.19205000305
SORBI_3004G193300	3675.72
SORBI_3004G193350	758
SORBI_3004G193400	696.368
SORBI_3004G193500	3418.619
SORBI_3004G193600	97.083
SORBI_3004G193700	553.333
SORBI_3004G193800	5586.95
SORBI_3004G193900	2651.381
SORBI_3004G194000	4940.306
SORBI_3004G194100	2116.324
SORBI_3004G194200	189.011
SORBI_3004G194400	2766.538
SORBI_3004G194500	632.336
SORBI_3004G194600	907
SORBI_3004G194700	574.516
SORBI_3004G194800	76
SORBI_3004G194900	663.131
SORBI_3004G194950	1316
SORBI_3004G195000	1196.926
SORBI_3004G195300	489.79
SORBI_3004G195400	679
SORBI_3004G195500	213
SORBI_3004G195600	128
SORBI_3004G195650	373
SORBI_3004G195700	1242.453
SORBI_3004G195800	681.094
ENSRNA049438686	27
SORBI_3004G195900	619
SORBI_3004G196000	685
ENSRNA049438695	27
SORBI_3004G196101	2565.796
SORBI_3004G196200	1593
SORBI_3004G196300	1040.252
SORBI_3004G196400	800.431
SORBI_3004G196500	1296.723
SORBI_3004G196600	1666
SORBI_3004G196700	6561.517
SORBI_3004G196800	873.103183051878
SORBI_3004G196900	644
SORBI_3004G197000	498
SORBI_3004G197100	583
SORBI_3004G197200	2922
SORBI_3004G197300	616
SORBI_3004G197400	3219.505
SORBI_3004G197600	3031.932
SORBI_3004G197700	2526.107
SORBI_3004G197800	166
SORBI_3004G197900	957.71
SORBI_3004G198000	1967.525
SORBI_3004G198100	1800
SORBI_3004G198200	1716.66666666667
SORBI_3004G198300	1972.108
SORBI_3004G198350	279.5
SORBI_3004G198400	476.249
SORBI_3004G198500	859.005
ENSRNA049481637	29
SORBI_3004G198550	231
SORBI_3004G198600	3694.353
SORBI_3004G198701	608
SORBI_3004G198800	2399.677
SORBI_3004G198900	4056.209
SORBI_3004G199000	1371.141
SORBI_3004G199100	281
SORBI_3004G199200	2866.97786253459
SORBI_3004G199300	583.413
SORBI_3004G199400	2486.274
SORBI_3004G199500	1975.921
ENSRNA049481629	56
SORBI_3004G199600	1334.494
SORBI_3004G199700	3090.472
SORBI_3004G199800	567.175
SORBI_3004G199900	1846.022
SORBI_3004G200000	3420.413
SORBI_3004G200100	883.853
SORBI_3004G200200	2641.24320029869
SORBI_3004G200400	3368.192
SORBI_3004G200501	1407
SORBI_3004G200600	707
SORBI_3004G200700	772
SORBI_3004G200800	2881.949
SORBI_3004G200833	732.965
SORBI_3004G200866	899.286
SORBI_3004G200900	818.443
SORBI_3004G201000	820
SORBI_3004G201100	1879.509
SORBI_3004G201200	1428
SORBI_3004G201300	1457.27
SORBI_3004G201400	2389
SORBI_3004G201600	1371.92031373345
SORBI_3004G201700	4254.488
SORBI_3004G201800	1645.5
SORBI_3004G201900	2107.887
SORBI_3004G202000	1060.2
SORBI_3004G202100	1129.288
SORBI_3004G202200	6081.439
SORBI_3004G202300	1258.489
SORBI_3004G202400	1276.398
SORBI_3004G202500	1458.38308046029
SORBI_3004G202600	913.40176824368
SORBI_3004G202700	906.918
SORBI_3004G202750	5548
SORBI_3004G202800	939.612
SORBI_3004G202900	2198.576
SORBI_3004G203000	1785
SORBI_3004G203100	698.582
SORBI_3004G203150	680
SORBI_3004G203200	803.621
SORBI_3004G203301	398.5
SORBI_3004G203400	2223.984
SORBI_3004G203500	1835.36362186606
SORBI_3004G203600	3382.194
SORBI_3004G203633	644
SORBI_3004G203666	774
SORBI_3004G203700	1648.729
SORBI_3004G203800	2159.269
SORBI_3004G203900	1211.642
SORBI_3004G204000	2956.67465636167
SORBI_3004G204100	4375.628
SORBI_3004G204200	2746.448
SORBI_3004G204300	435.304
SORBI_3004G204400	4205.345
SORBI_3004G204500	791.213827063451
SORBI_3004G204600	2396.13996505136
SORBI_3004G204650	580
SORBI_3004G204700	1102
SORBI_3004G204800	1447.25
SORBI_3004G204900	3497.477
SORBI_3004G205000	1163.95799801364
SORBI_3004G205100	1871.302
SORBI_3004G205200	1940.8
SORBI_3004G205300	497.882
SORBI_3004G205400	374
SORBI_3004G205500	2023.634
SORBI_3004G205600	2745.50578924284
SORBI_3004G205700	1868.813
SORBI_3004G205800	3609.14
SORBI_3004G205900	83
SORBI_3004G206000	295.43
SORBI_3004G206050	1203.718
SORBI_3004G206100	1700.685
SORBI_3004G206200	1722.71
SORBI_3004G206300	2304.384
SORBI_3004G206401	630.269
SORBI_3004G206500	1485
SORBI_3004G206600	673
SORBI_3004G206700	3298.97
SORBI_3004G206800	2125
ENSRNA049996339	14
SORBI_3004G206900	2123.608
SORBI_3004G207000	2205.197
SORBI_3004G207100	6618.483
SORBI_3004G207200	1408.18
SORBI_3004G207300	1008.606
SORBI_3004G207350	1117
SORBI_3004G207400	3575.069
SORBI_3004G207500	1471
SORBI_3004G207600	1018
SORBI_3004G207700	689.604194311735
SORBI_3004G207733	1637
SORBI_3004G207766	1613
SORBI_3004G207800	1039
SORBI_3004G207900	4148.413
SORBI_3004G208000	4142.457
SORBI_3004G208100	2276.737
SORBI_3004G208201	3756.487
ENSRNA049481654	34
ENSRNA049481692	25
SORBI_3004G208301	1718.727
SORBI_3004G208400	786.393
SORBI_3004G208500	1888.078
SORBI_3004G208600	2463.988
SORBI_3004G208700	985.43
SORBI_3004G208800	2522.02388869616
SORBI_3004G208900	1937.621
SORBI_3004G209000	2169.79500808021
SORBI_3004G209100	2295.5
ENSRNA049438717	34
SORBI_3004G209200	790
SORBI_3004G209300	2542.431
SORBI_3004G209400	1107
SORBI_3004G209450	363
SORBI_3004G209500	2735.7
SORBI_3004G209600	4301.68539658212
SORBI_3004G209700	3051.599
SORBI_3004G209800	4237.283
SORBI_3004G209900	1673.695
SORBI_3004G210000	2290.942
SORBI_3004G210101	511.75
SORBI_3004G210200	2434.888
SORBI_3004G210300	1395.23465768556
SORBI_3004G210400	2901.85714285714
SORBI_3004G210500	1347.515
SORBI_3004G210601	757
SORBI_3004G210700	3516
SORBI_3004G210800	351.562
SORBI_3004G210900	1919.384
SORBI_3004G211000	4610.594
ENSRNA049481658	30
SORBI_3004G211100	1667.534
SORBI_3004G211200	904.549
SORBI_3004G211301	634.595
SORBI_3004G211400	1351.5374978376
SORBI_3004G211501	1161.20287742392
SORBI_3004G211600	882.621
SORBI_3004G211700	629
SORBI_3004G211800	605
SORBI_3004G211833	489.776
SORBI_3004G211866	32.479
SORBI_3004G211900	1157.271
SORBI_3004G212000	1865.286
SORBI_3004G212100	2138.498
SORBI_3004G212200	638.806
SORBI_3004G212250	625
SORBI_3004G212300	2588.253
SORBI_3004G212350	3586.151
SORBI_3004G212400	2107.914
SORBI_3004G212600	1975.26607693459
SORBI_3004G212500	1194.106
SORBI_3004G212700	1250.325
SORBI_3004G212800	4704.825
ENSRNA049996348	35
SORBI_3004G212900	774.557
SORBI_3004G213000	2612.269
SORBI_3004G213100	1156.516
SORBI_3004G213200	534.158
SORBI_3004G213300	1949.155
SORBI_3004G213400	4861
SORBI_3004G213500	1252
SORBI_3004G213600	1862.12112472979
SORBI_3004G213800	4891.131
SORBI_3004G213900	181.706
SORBI_3004G214000	752.814295593708
SORBI_3004G214100	1583.248
SORBI_3004G214200	605.091
SORBI_3004G214300	2415.144
SORBI_3004G214400	950.424
SORBI_3004G214500	3116.95646268011
SORBI_3004G214700	1791.43678905369
SORBI_3004G214800	2213
SORBI_3004G214900	4737.989
SORBI_3004G215000	1557
SORBI_3004G215100	5404.151
SORBI_3004G215200	1743.291
SORBI_3004G215300	2317
SORBI_3004G215400	989
SORBI_3004G215500	1331.5
SORBI_3004G215600	4748.59
SORBI_3004G215650	810
SORBI_3004G215700	3007.802
SORBI_3004G215800	2718.796
SORBI_3004G215900	3925.58405965581
SORBI_3004G216001	904
SORBI_3004G216100	339
SORBI_3004G216200	1232.987
SORBI_3004G216300	2267.405
ENSRNA049481712	106
SORBI_3004G216400	4037.662
SORBI_3004G216500	5962.439
SORBI_3004G216600	2978.825
ENSRNA049481639	36
SORBI_3004G216650	925
SORBI_3004G216700	1991.44
SORBI_3004G216800	1475.819
SORBI_3004G216900	1751.278
SORBI_3004G217000	862.418
SORBI_3004G217100	462.458
SORBI_3004G217200	1962
SORBI_3004G217300	412
SORBI_3004G217400	692
SORBI_3004G217450	2734.367
SORBI_3004G217600	7527.76
SORBI_3004G217500	2683
SORBI_3004G217700	1423.839
SORBI_3004G217800	1370.316
SORBI_3004G217900	1709.947999827
SORBI_3004G218000	4027.259
SORBI_3004G218100	2494
ENSRNA049439272	24
SORBI_3004G218200	850
SORBI_3004G218300	1353.71261973959
SORBI_3004G218400	853
SORBI_3004G218500	1958.0124334207
SORBI_3004G218600	1529.254
SORBI_3004G218700	3039.512
SORBI_3004G218800	2394
SORBI_3004G218900	8076.75
SORBI_3004G219000	2004.534
SORBI_3004G219100	1101.5235158733
SORBI_3004G219200	42.629
SORBI_3004G219300	991.854
SORBI_3004G219400	1317.075
SORBI_3004G219500	1444
SORBI_3004G219600	3222.46389371451
SORBI_3004G219700	2850.931
SORBI_3004G219800	880.051
SORBI_3004G219900	861.079
SORBI_3004G220000	1404.468
SORBI_3004G220101	1681
SORBI_3004G220200	5741.84798330715
SORBI_3004G220300	1981.273
SORBI_3004G220400	2207.482
SORBI_3004G220500	1621.142
SORBI_3004G220600	2448.519
SORBI_3004G220700	1592.671
SORBI_3004G220900	4044
SORBI_3004G221000	2316.5
SORBI_3004G221100	1078.116
SORBI_3004G221150	3651.228
SORBI_3004G221200	211
SORBI_3004G221300	2435.4819983015
SORBI_3004G221400	1867.756
SORBI_3004G221500	795.062
SORBI_3004G221600	459
SORBI_3004G221700	667
SORBI_3004G221800	325
SORBI_3004G221900	1411.373
SORBI_3004G222000	1225.785
SORBI_3004G222100	3019.981
SORBI_3004G222150	551.853
SORBI_3004G222200	1052
SORBI_3004G222300	964
SORBI_3004G222400	1293
SORBI_3004G222500	1437.224
SORBI_3004G222600	1276.62396049556
SORBI_3004G222700	173.345
SORBI_3004G222800	1095.62736231885
SORBI_3004G222900	526
SORBI_3004G223000	3880.762
SORBI_3004G223100	764
SORBI_3004G223300	2538.61
SORBI_3004G223350	1160
SORBI_3004G223400	3462.775
SORBI_3004G223500	3291.681
SORBI_3004G223600	5256.838
SORBI_3004G223700	428
SORBI_3004G223800	2228.331
SORBI_3004G223900	1137.922
SORBI_3004G224000	2826.45
SORBI_3004G224100	1949.38656029336
SORBI_3004G224200	735.426
SORBI_3004G224300	841
SORBI_3004G224350	847
SORBI_3004G224400	1696
SORBI_3004G224500	1059.30695207715
SORBI_3004G224600	2301.98682659189
SORBI_3004G224700	2579.131
SORBI_3004G224733	1303
SORBI_3004G224766	1700.859
SORBI_3004G224800	1642.56410547175
SORBI_3004G224900	985.824
SORBI_3004G225000	1430.284
SORBI_3004G225100	1355.79318395846
SORBI_3004G225200	1873.969
SORBI_3004G225300	838.318
SORBI_3004G225400	161
SORBI_3004G225450	994
SORBI_3004G225500	2635.059
ENSRNA049438755	26
SORBI_3004G225550	134
SORBI_3004G225600	1885.9762970079
SORBI_3004G225700	1681.117
SORBI_3004G225800	1392.169
SORBI_3004G225900	1371.806
ENSRNA049438766	26
SORBI_3004G226000	785
SORBI_3004G226100	875.95
SORBI_3004G226200	1289.622
SORBI_3004G226300	1075
SORBI_3004G226400	2134.923
SORBI_3004G226500	1451.009
SORBI_3004G226600	2438.317
SORBI_3004G226700	4406.83
SORBI_3004G226800	876.298
SORBI_3004G226900	1064.764
ENSRNA049439238	27
SORBI_3004G227000	2535
SORBI_3004G227100	1127.82895074442
SORBI_3004G227200	1491.342
SORBI_3004G227300	975.905
SORBI_3004G227400	1538.315
SORBI_3004G227500	2672.72
SORBI_3004G227550	298
SORBI_3004G227600	4507.025
SORBI_3004G227700	990.521085048007
SORBI_3004G227800	1740.641
SORBI_3004G227900	1657
SORBI_3004G228000	3319.552
SORBI_3004G228100	4483.877
SORBI_3004G228200	1021.999
SORBI_3004G228300	915.072
SORBI_3004G228400	489.342074690887
SORBI_3004G228500	1433.035
SORBI_3004G228600	676
SORBI_3004G228700	699.35
SORBI_3004G228800	2257.9336334931
SORBI_3004G228850	2003
SORBI_3004G228900	536.813
SORBI_3004G229000	979.423
SORBI_3004G229100	2409.6705765316
ENSRNA049439226	35
SORBI_3004G229200	1345.597
SORBI_3004G229300	997.387
SORBI_3004G229400	1186
SORBI_3004G229500	1127.065
SORBI_3004G229700	1695
SORBI_3004G229800	1491.985
SORBI_3004G229900	128
SORBI_3004G230000	832
SORBI_3004G230100	128
SORBI_3004G230200	2483.718
SORBI_3004G230400	1781
SORBI_3004G230300	8326
SORBI_3004G230500	1403
SORBI_3004G230600	1726
SORBI_3004G230650	1795
SORBI_3004G230700	1544.791
SORBI_3004G230800	1999.506
SORBI_3004G230900	2308.091
SORBI_3004G231001	4331.284
SORBI_3004G231100	457
SORBI_3004G231200	2211.395
SORBI_3004G231300	2032.071
SORBI_3004G231350	987.87
SORBI_3004G231400	1049.119
SORBI_3004G231501	1186.524
SORBI_3004G231600	1967.257
SORBI_3004G231700	1212
SORBI_3004G231800	438.804
SORBI_3004G231850	2804.145
SORBI_3004G231900	3092.993
SORBI_3004G232000	1905.719
SORBI_3004G232100	1936.139
SORBI_3004G232201	808
SORBI_3004G232300	1086.904
SORBI_3004G232400	1595.31
SORBI_3004G232500	1571.866
SORBI_3004G232600	1260.534
SORBI_3004G232700	875.068
SORBI_3004G232800	751.736166019546
SORBI_3004G232900	1927.474
SORBI_3004G233000	1786.329
SORBI_3004G233100	1778.691
SORBI_3004G233200	1846.835
SORBI_3004G233300	1731.304
SORBI_3004G233400	1011.356
SORBI_3004G233500	1192.29523607491
SORBI_3004G233600	1516.36552170361
SORBI_3004G233700	2717.23557584794
SORBI_3004G233800	650
SORBI_3004G233900	3864.497
SORBI_3004G234000	2132.921
SORBI_3004G234100	1891.633
SORBI_3004G234200	1008.40362355333
SORBI_3004G234300	527.34
SORBI_3004G234400	1592
SORBI_3004G234500	1895.46483446212
SORBI_3004G234600	2221
SORBI_3004G234700	1171
SORBI_3004G234832	7199.632
SORBI_3004G234766	1702
SORBI_3004G234900	805.437
SORBI_3004G235000	2024.568
SORBI_3004G235100	2017.495
ENSRNA049439210	25
SORBI_3004G235200	2089.129
SORBI_3004G235300	2313.795
SORBI_3004G235500	4335.424
SORBI_3004G235600	1124.961
SORBI_3004G235700	1428.905
SORBI_3004G235750	499
SORBI_3004G235801	8952
SORBI_3004G235851	631
SORBI_3004G235900	2620.515
SORBI_3004G236000	3050.279
SORBI_3004G236100	2631.178
SORBI_3004G236200	2109.671
SORBI_3004G236300	1157.902
SORBI_3004G236400	2617.12106890029
SORBI_3004G236500	3348.07
SORBI_3004G236550	204.106
SORBI_3004G236600	2198.0705291439
SORBI_3004G236800	4494.998
SORBI_3004G236901	5307.756
SORBI_3004G237000	2091.031
SORBI_3004G237100	2233.729
SORBI_3004G237200	1306.381
SORBI_3004G237300	8282.271
SORBI_3004G237400	2221.698
SORBI_3004G237500	1731.3
SORBI_3004G237600	1289.469
SORBI_3004G237700	1874.47469227696
SORBI_3004G237800	1144.156
SORBI_3004G237900	1792
SORBI_3004G238000	101
SORBI_3004G238100	1671.66
SORBI_3004G238200	1391.297
SORBI_3004G238400	559
SORBI_3004G238500	1984.154
SORBI_3004G238600	2824.101
SORBI_3004G238700	2255.103
SORBI_3004G238801	1533
SORBI_3004G238900	993.489
SORBI_3004G239000	1503
ENSRNA049996318	12
SORBI_3004G239100	855.598
SORBI_3004G239200	4995.968
SORBI_3004G239301	57
SORBI_3004G239400	2094
SORBI_3004G239500	1538.227
SORBI_3004G239700	191.04
SORBI_3004G239750	415.321
SORBI_3004G239800	647
SORBI_3004G239901	745.504
SORBI_3004G240000	3769.768
SORBI_3004G240100	1075.95
SORBI_3004G240250	267
SORBI_3004G240400	867.023086292569
SORBI_3004G240500	13770.028
SORBI_3004G240600	764.219
SORBI_3004G240700	963
SORBI_3004G240800	4043.035
SORBI_3004G240900	2698.73925155636
SORBI_3004G241000	4286.486
SORBI_3004G241100	4436.197
SORBI_3004G241200	3610.521
SORBI_3004G241300	4025.615
SORBI_3004G241400	1039.128
SORBI_3004G241500	2117.44367770922
SORBI_3004G241600	520.149
SORBI_3004G241700	1790.871
SORBI_3004G241800	1081.25793313176
SORBI_3004G241850	1327
SORBI_3004G241900	2371.062
SORBI_3004G242000	1201.097
SORBI_3004G242100	761.615
SORBI_3004G242200	2381.76215215134
SORBI_3004G242250	1135
SORBI_3004G242300	817.796
SORBI_3004G242400	5807.688
SORBI_3004G242500	1890.006
SORBI_3004G242600	1410
SORBI_3004G242700	1477.11352583122
SORBI_3004G242850	545.24
SORBI_3004G242800	724
SORBI_3004G242900	833.666
SORBI_3004G243000	677.863
SORBI_3004G243100	393.605
SORBI_3004G243200	2185.386
SORBI_3004G243300	1443
SORBI_3004G243400	2126.141
SORBI_3004G243500	2240.507
SORBI_3004G243600	1965.767
SORBI_3004G243700	610
SORBI_3004G243800	1726.111
SORBI_3004G243900	1650.884
SORBI_3004G244000	1634.979
SORBI_3004G244100	595.78
SORBI_3004G244200	409
SORBI_3004G244300	2023.951
SORBI_3004G244400	3331.6808358145
SORBI_3004G244500	4484.242
SORBI_3004G244600	1899.951
SORBI_3004G244700	355
SORBI_3004G244800	847.751
SORBI_3004G244900	4473.60801698214
SORBI_3004G245000	3059.06422164913
SORBI_3004G245100	585.607
SORBI_3004G245200	550.835
SORBI_3004G245300	570
SORBI_3004G245400	160
SORBI_3004G245450	547
SORBI_3004G245500	675.316
SORBI_3004G245600	510
SORBI_3004G245700	716.084
SORBI_3004G245800	565.366
SORBI_3004G245850	688.507
SORBI_3004G245900	1001.08
SORBI_3004G246000	4944.868
SORBI_3004G246100	2524.729
SORBI_3004G246200	1299.52
SORBI_3004G246300	3162
SORBI_3004G246400	4938.692
SORBI_3004G246500	2481.803
SORBI_3004G246600	965.743
SORBI_3004G246700	1158.264
SORBI_3004G246800	1866.438
SORBI_3004G246900	1646.297
SORBI_3004G246950	95
SORBI_3004G247000	1936.55947814364
SORBI_3004G247100	1132.48308184865
SORBI_3004G247200	2215.508
SORBI_3004G247300	1291
SORBI_3004G247400	1279.469
SORBI_3004G247500	696.605
SORBI_3004G247600	2019.12
SORBI_3004G247650	806.019
SORBI_3004G247700	780.631
SORBI_3004G247800	1455.469
SORBI_3004G247900	382
SORBI_3004G248000	728.664
SORBI_3004G248100	1902
SORBI_3004G248200	964
SORBI_3004G248300	777
SORBI_3004G248400	1432.35734508324
SORBI_3004G248500	1717.33
SORBI_3004G248600	5375.701
SORBI_3004G248700	1561.102
SORBI_3004G248800	847.65
SORBI_3004G248900	3070.201
SORBI_3004G249000	555.596
SORBI_3004G249100	2515.018
SORBI_3004G249200	951
SORBI_3004G249300	1215.345
SORBI_3004G249400	1731.567
SORBI_3004G249500	1715.725
SORBI_3004G249600	1912.371
SORBI_3004G249700	996
SORBI_3004G249800	322.496831758205
SORBI_3004G249900	202.308
SORBI_3004G249950	753.5
SORBI_3004G250000	747.79674342228
SORBI_3004G250100	1061.374
SORBI_3004G250200	1306.48521187784
SORBI_3004G250300	1796.242
SORBI_3004G250400	1816
SORBI_3004G250500	824.091
SORBI_3004G250600	2183.557
SORBI_3004G250700	3881.433
SORBI_3004G250800	1153
SORBI_3004G250900	2544.559982697
SORBI_3004G251000	274
SORBI_3004G251100	313
SORBI_3004G251150	535
SORBI_3004G251200	2609.282
SORBI_3004G251300	1239.30173661769
SORBI_3004G251350	664.472
SORBI_3004G251400	1208
SORBI_3004G251500	1270.043
SORBI_3004G251600	1726
SORBI_3004G251701	1209
SORBI_3004G251800	1503.534
SORBI_3004G251900	646
SORBI_3004G252000	797.031619278534
SORBI_3004G252100	886.458
SORBI_3004G252200	2774.607
SORBI_3004G252250	76
SORBI_3004G252300	1465
SORBI_3004G252400	1418.88885102863
SORBI_3004G252500	2449.07
SORBI_3004G252600	416.565
SORBI_3004G252700	331
ENSRNA049438783	25
SORBI_3004G252800	838.461
SORBI_3004G252850	599
SORBI_3004G252900	1444.675
SORBI_3004G253000	933.865
SORBI_3004G253050	2369.693
ENSRNA049481667	32
ENSRNA049481642	32
ENSRNA049481650	30
ENSRNA049481660	35
ENSRNA049481706	29
ENSRNA049481703	31
SORBI_3004G253100	3140.27592020632
SORBI_3004G253200	2015.361
SORBI_3004G253300	1694.243
SORBI_3004G253400	369.786154853418
SORBI_3004G253500	1737.803
SORBI_3004G253601	456.292
SORBI_3004G253700	1261.097
SORBI_3004G253800	635.075
ENSRNA049481687	14
SORBI_3004G253900	983.841
SORBI_3004G254000	317.078
SORBI_3004G254100	3958
SORBI_3004G254200	682
SORBI_3004G254300	1774
SORBI_3004G254400	720
SORBI_3004G254500	670
SORBI_3004G254600	1121.107
SORBI_3004G254700	912
SORBI_3004G254800	1379.868
SORBI_3004G254900	1554
SORBI_3004G255000	1732.612
SORBI_3004G255100	622
SORBI_3004G255200	2254.537
SORBI_3004G255300	1805.517
SORBI_3004G255400	158
SORBI_3004G255500	1855.809
SORBI_3004G255550	949
SORBI_3004G255600	1707.085
SORBI_3004G255700	1433.25
SORBI_3004G255800	2755.47473352033
SORBI_3004G255900	1646
SORBI_3004G256000	1922.873
SORBI_3004G256100	1479.138
SORBI_3004G256200	4105.896
SORBI_3004G256300	1185.66094241441
SORBI_3004G256400	1502
SORBI_3004G256500	5085.302
SORBI_3004G256550	583
SORBI_3004G256600	1386.824
SORBI_3004G256700	2562.42
SORBI_3004G256800	2197.06843264395
ENSRNA049438828	27
SORBI_3004G256900	4685.433
SORBI_3004G257000	2092.91874801349
SORBI_3004G257100	4737.828
SORBI_3004G257200	3870.196
SORBI_3004G257300	995.784
SORBI_3004G257350	941.52
SORBI_3004G257400	2049.07
SORBI_3004G257500	1975.3
SORBI_3004G257600	1722
SORBI_3004G257700	1123.587
SORBI_3004G257800	2600.185
SORBI_3004G257900	67
SORBI_3004G258000	601.537
SORBI_3004G258200	1378.202
SORBI_3004G258300	1627.654
SORBI_3004G258400	3719.957
SORBI_3004G258450	10288.598
SORBI_3004G258500	1469
SORBI_3004G258600	1263.285
SORBI_3004G258700	2218.92163538207
SORBI_3004G258800	161
SORBI_3004G258900	892
SORBI_3004G259000	2625.756
SORBI_3004G259101	1436.139
SORBI_3004G259200	3034.72585400499
SORBI_3004G259300	1766.978
SORBI_3004G259366	513.621
SORBI_3004G259432	578.061
SORBI_3004G259500	176.527
SORBI_3004G259600	161
SORBI_3004G259700	475.429
SORBI_3004G259800	2074.962
SORBI_3004G259900	2020.364
SORBI_3004G260000	1175.4832388547
SORBI_3004G260100	4780.27069772118
SORBI_3004G260200	804.554
SORBI_3004G260250	697
SORBI_3004G260300	1349.868
SORBI_3004G260400	732.757
SORBI_3004G260500	4265.382
SORBI_3004G260600	1415
SORBI_3004G260700	437
SORBI_3004G260800	2358.765
SORBI_3004G260900	289
SORBI_3004G261000	1516
SORBI_3004G261100	6341.304
SORBI_3004G261200	760.653
SORBI_3004G261300	1583.82
SORBI_3004G261400	1816
SORBI_3004G261500	1822.326
SORBI_3004G261600	3692.965
SORBI_3004G261700	1690.763
SORBI_3004G261800	1957.637
SORBI_3004G261900	1423.652
SORBI_3004G262000	2697.101
SORBI_3004G262100	1706.448
SORBI_3004G262200	5777.592
SORBI_3004G262300	1176.738
SORBI_3004G262400	1049.652
SORBI_3004G262500	3504.339
SORBI_3004G262550	688
SORBI_3004G262600	2396.737
SORBI_3004G262700	4412.407
SORBI_3004G262800	1556.714
SORBI_3004G262900	241.287
SORBI_3004G263000	836.212
SORBI_3004G263100	1490
SORBI_3004G263200	1719.49531939667
SORBI_3004G263300	1273.801
SORBI_3004G263400	3357.99035392145
SORBI_3004G263500	2935.43026098864
SORBI_3004G263600	3291.91094247062
SORBI_3004G263700	524.367
SORBI_3004G263800	1537.276
SORBI_3004G263900	1513.644
SORBI_3004G264000	1726.941
SORBI_3004G264100	2504.5
SORBI_3004G264200	1229
SORBI_3004G264300	3672.26
SORBI_3004G264400	2537.878
SORBI_3004G264450	1186
SORBI_3004G264500	1219.377
SORBI_3004G264600	159
SORBI_3004G264700	718.945
ENSRNA049480719	14
SORBI_3004G264800	1465
SORBI_3004G264900	2065.067
SORBI_3004G265000	1578.69
SORBI_3004G265066	1042
SORBI_3004G265132	483.514
SORBI_3004G265200	1138
SORBI_3004G265300	2229.13446480325
ENSRNA049480759	1
SORBI_3004G265400	492.008
SORBI_3004G265500	5015.61538924175
SORBI_3004G265600	3003.132
SORBI_3004G265700	1265.018
SORBI_3004G265800	3504.498
SORBI_3004G265900	2460.799
SORBI_3004G266000	679.801
SORBI_3004G266100	385.222
SORBI_3004G266200	1406.145
SORBI_3004G266300	9885.44859102043
SORBI_3004G266400	1699.632
SORBI_3004G266500	1929
SORBI_3004G266600	248
SORBI_3004G266700	1055.5
SORBI_3004G266800	1121.793
SORBI_3004G266900	5088.502
SORBI_3004G267000	3458.979
SORBI_3004G267200	2459.188
SORBI_3004G267300	4791.359
SORBI_3004G267400	940.954627638762
SORBI_3004G267500	1008.82275878545
SORBI_3004G267600	2591.028
SORBI_3004G267650	349
SORBI_3004G267700	1163.322
SORBI_3004G267800	1324.395
SORBI_3004G267900	2404.817
SORBI_3004G267950	1256
SORBI_3004G268000	2091.08283310008
SORBI_3004G268100	1430.368
SORBI_3004G268200	2682.47892090209
SORBI_3004G268300	1328.872
SORBI_3004G268400	5069.409
SORBI_3004G268500	1548.096
SORBI_3004G268600	1436.761
SORBI_3004G268700	2382.391
SORBI_3004G268800	808
SORBI_3004G268900	2830.817
SORBI_3004G269000	848.578140165536
SORBI_3004G269100	3264.394
SORBI_3004G269200	5398.769
SORBI_3004G269300	245
SORBI_3004G269400	1174.60923222095
SORBI_3004G269500	1785.59
SORBI_3004G269600	2206.881
SORBI_3004G269700	1583.521
SORBI_3004G269800	1318.055
SORBI_3004G269900	1939.987
SORBI_3004G270000	2528.505
SORBI_3004G270100	3414
SORBI_3004G270200	2119.6362413216
SORBI_3004G270300	14.918
SORBI_3004G270350	619
SORBI_3004G270400	3993.97
SORBI_3004G270500	1005.837
SORBI_3004G270600	1266.71
SORBI_3004G270700	601
SORBI_3004G270750	692
SORBI_3004G270800	9009.434
SORBI_3004G270900	1289
SORBI_3004G271000	3237.956
SORBI_3004G271100	469
SORBI_3004G271200	2005.003
SORBI_3004G271300	4083.963
SORBI_3004G271350	731.295
SORBI_3004G271400	1632.861
SORBI_3004G271500	1780.94013773124
SORBI_3004G271600	3106.693
SORBI_3004G271700	1026.47
SORBI_3004G271800	2648.441
SORBI_3004G271900	5767.01467642402
SORBI_3004G272000	853
SORBI_3004G272100	1243.85242123624
SORBI_3004G272200	722.859906825738
SORBI_3004G272300	702.297
SORBI_3004G272400	2177.774
SORBI_3004G272500	694.343
SORBI_3004G272600	2983.853
SORBI_3004G272700	1688.461
SORBI_3004G272800	1204.58045017405
SORBI_3004G272900	1314.486
SORBI_3004G272950	1730.283
SORBI_3004G273000	1406.389
SORBI_3004G273100	12339.512
SORBI_3004G273200	2378.725
SORBI_3004G273300	2826.434
SORBI_3004G273400	2674.672
SORBI_3004G273500	3413.574
SORBI_3004G273550	4325.835
SORBI_3004G273600	2319.635
SORBI_3004G273800	2041.043
SORBI_3004G273900	788.553
SORBI_3004G274000	934
SORBI_3004G274100	1427.11152459724
SORBI_3004G274200	1612.22258662213
SORBI_3004G274300	616
SORBI_3004G274400	1429.29372344848
SORBI_3004G274500	1205.924
SORBI_3004G274600	3431
SORBI_3004G274700	1295.649
SORBI_3004G274800	1972.54
SORBI_3004G274900	2575.1815048231
SORBI_3004G275000	728.065
SORBI_3004G275100	161
SORBI_3004G275200	1600.33417975158
SORBI_3004G275400	1953.878
SORBI_3004G275500	1688.227
SORBI_3004G275600	1524.442
SORBI_3004G275700	1745.262
SORBI_3004G275800	1129
SORBI_3004G275900	1960.656
SORBI_3004G276000	441
SORBI_3004G276100	125
SORBI_3004G276133	343.343
SORBI_3004G276166	6019
SORBI_3004G276200	3882.559
SORBI_3004G276300	1253.373
SORBI_3004G276400	6639.09458398046
SORBI_3004G276500	773.149
SORBI_3004G276600	1379
SORBI_3004G276700	3054.916
SORBI_3004G276800	857
SORBI_3004G276900	1579.287
SORBI_3004G277000	1146.17058951143
SORBI_3004G277100	984
SORBI_3004G277200	1677.129
SORBI_3004G277300	2316
SORBI_3004G277400	1463.01371089093
SORBI_3004G277501	752
SORBI_3004G277600	563
SORBI_3004G277700	385
SORBI_3004G277800	699.1
SORBI_3004G277900	6546
SORBI_3004G278000	1370.38770341755
SORBI_3004G278100	2639.615
SORBI_3004G278200	782.725032279831
SORBI_3004G278300	1161.069
SORBI_3004G278400	1098.778
SORBI_3004G278500	1077.369
SORBI_3004G278600	947.941
SORBI_3004G278650	161
SORBI_3004G278700	1874.59
SORBI_3004G278800	469.354
SORBI_3004G278900	3631.01562641968
SORBI_3004G279000	161
SORBI_3004G279100	2240.98615651182
SORBI_3004G279150	1743
SORBI_3004G279200	1951.715
SORBI_3004G279300	1758.193
SORBI_3004G279400	3549
SORBI_3004G279500	1610.52630128914
SORBI_3004G279601	672
SORBI_3004G279700	651.576
SORBI_3004G279800	1625.175
SORBI_3004G279900	3112
SORBI_3004G280000	812.88
SORBI_3004G280100	757.499
SORBI_3004G280200	1895.284
SORBI_3004G280301	1463.5
SORBI_3004G280401	204
SORBI_3004G280500	936.66
SORBI_3004G280600	2153.77
SORBI_3004G280700	564.351
SORBI_3004G280800	2748.793
SORBI_3004G280900	1284.857
SORBI_3004G281000	1159.334
SORBI_3004G281200	1912.267
SORBI_3004G281300	2066.47751499938
SORBI_3004G281400	161
SORBI_3004G281500	2068
SORBI_3004G281600	1813.35713536201
SORBI_3004G281700	749.44
SORBI_3004G281750	1370.844
SORBI_3004G281800	1595.664
SORBI_3004G281900	1271.411
SORBI_3004G282000	1752.445
SORBI_3004G282100	1685.198
SORBI_3004G282200	1333
SORBI_3004G282301	1808
SORBI_3004G282400	1822.412
SORBI_3004G282500	2621.957
SORBI_3004G282601	782.875
SORBI_3004G282700	860.129
SORBI_3004G282800	1889.454
SORBI_3004G282900	2987.46294009746
SORBI_3004G282933	128
SORBI_3004G282966	792
SORBI_3004G283000	1714.692
SORBI_3004G283050	719.609
SORBI_3004G283100	883.429
SORBI_3004G283201	1341.919
SORBI_3004G283300	2758.073
SORBI_3004G283400	1428.296
SORBI_3004G283500	1342.391
SORBI_3004G283550	621
SORBI_3004G283600	1685.434
SORBI_3004G283700	1785.892
SORBI_3004G283800	2000.616
SORBI_3004G283900	1862
SORBI_3004G284001	1152.022
SORBI_3004G284100	283
SORBI_3004G284200	2043.392
ENSRNA049480722	12
SORBI_3004G284300	603.754
SORBI_3004G284400	2130.875
SORBI_3004G284500	915.000869465893
SORBI_3004G284600	2595.145
SORBI_3004G284700	2416.463
SORBI_3004G284800	2344.47366679632
SORBI_3004G284900	507.104
SORBI_3004G285000	2024.673
ENSRNA049996330	10
SORBI_3004G285100	496
SORBI_3004G285200	1554.65345451217
SORBI_3004G285300	1127.5
SORBI_3004G285400	2726.809
SORBI_3004G285450	136
SORBI_3004G285500	4588.395
SORBI_3004G285600	1716.787
SORBI_3004G285650	75
SORBI_3004G285700	1449.81835592124
SORBI_3004G285800	1570.969
SORBI_3004G285900	601.382618584582
SORBI_3004G286000	2516.672
SORBI_3004G286100	3952.663
SORBI_3004G286200	2535.46
SORBI_3004G286250	10919.448
SORBI_3004G286301	3302.089
SORBI_3004G286351	741
SORBI_3004G286400	1751.329
SORBI_3004G286450	964
SORBI_3004G286500	1299.44544573444
SORBI_3004G286600	956.881
SORBI_3004G286700	1609.051
SORBI_3004G286800	1370.806
SORBI_3004G286900	2582.938
ENSRNA049996301	29
SORBI_3004G287000	1313.143
SORBI_3004G287100	1670.86218878211
SORBI_3004G287200	2161
SORBI_3004G287300	776.185
SORBI_3004G287400	2815.015
SORBI_3004G287500	1369.66666666667
ENSRNA049480702	24
SORBI_3004G287600	1696.599
SORBI_3004G287700	445.044
SORBI_3004G287800	4233.976
SORBI_3004G287900	1688.178
SORBI_3004G288000	953
SORBI_3004G288100	661.324
SORBI_3004G288200	3459.647
SORBI_3004G288300	1288.068
SORBI_3004G288400	979
SORBI_3004G288500	5391.575
SORBI_3004G288600	5506.241
SORBI_3004G288700	1128.885
SORBI_3004G288800	372
SORBI_3004G288900	3382
SORBI_3004G289000	4116.469
SORBI_3004G289100	2705
SORBI_3004G289200	1402
SORBI_3004G289300	545
SORBI_3004G289400	3256.984
SORBI_3004G289500	4274
SORBI_3004G289600	3778.226
SORBI_3004G289700	559
SORBI_3004G289800	5209.003
SORBI_3004G289900	2161
SORBI_3004G290000	4692.598
ENSRNA049996311	19
SORBI_3004G290100	222.967
SORBI_3004G290200	421.653
SORBI_3004G290300	2310.571
SORBI_3004G290400	2022.628
SORBI_3004G290500	834.232
SORBI_3004G290600	10204.9
SORBI_3004G290800	1715.746
SORBI_3004G290850	798
SORBI_3004G290900	1308.581
SORBI_3004G291000	1621.965
SORBI_3004G291100	2223.921
SORBI_3004G291200	571
SORBI_3004G291300	641.994
SORBI_3004G291400	1027.416
SORBI_3004G291500	911
SORBI_3004G291600	1497
SORBI_3004G291700	227.542
SORBI_3004G291800	438
SORBI_3004G291900	4279.33119279351
SORBI_3004G292001	591
SORBI_3004G292100	210
SORBI_3004G292200	210
SORBI_3004G292250	210
SORBI_3004G292300	210
SORBI_3004G292400	448
SORBI_3004G292500	210
SORBI_3004G292600	555
SORBI_3004G292700	562
SORBI_3004G292800	771
SORBI_3004G292833	706
SORBI_3004G292866	207
SORBI_3004G292900	927.149
SORBI_3004G293000	1673.368
SORBI_3004G293100	665.823
SORBI_3004G293200	1969.805
SORBI_3004G293300	1085
SORBI_3004G293400	5721.533
SORBI_3004G293500	4074.577
SORBI_3004G293600	1948.873
SORBI_3004G293700	872.907
SORBI_3004G293800	678
SORBI_3004G293900	2484
SORBI_3004G294000	1485.376
SORBI_3004G294100	972
SORBI_3004G294200	1736
SORBI_3004G294300	1316
SORBI_3004G294400	1235
SORBI_3004G294500	1490
SORBI_3004G294600	2303.623
SORBI_3004G294700	3174.55632198423
SORBI_3004G294800	1091.018
SORBI_3004G294900	1125.08641573222
SORBI_3004G295000	1027
SORBI_3004G295050	650
SORBI_3004G295100	1283.002
SORBI_3004G295200	1276.616
SORBI_3004G295300	969.731
SORBI_3004G295400	848.526
SORBI_3004G295500	1157.029
SORBI_3004G295600	985.798
SORBI_3004G295700	694
SORBI_3004G295800	2344.839
SORBI_3004G295900	1546.32350129553
SORBI_3004G296000	2179.31306478802
SORBI_3004G296100	1443
SORBI_3004G296200	1497.114
SORBI_3004G296300	2028.605
SORBI_3004G296400	2022.988
SORBI_3004G296500	1527.48029355831
SORBI_3004G296600	1277.445
SORBI_3004G296700	1457.942
SORBI_3004G296750	493
SORBI_3004G296800	3883.768
SORBI_3004G296900	1579.683
SORBI_3004G297000	1367.98942048442
SORBI_3004G297100	251.064
SORBI_3004G297200	1242.182
SORBI_3004G297300	931.686
SORBI_3004G297400	1053.32049094958
SORBI_3004G297500	1890.696
SORBI_3004G297600	3210.627
SORBI_3004G297700	923.498
SORBI_3004G297800	371.159
SORBI_3004G297900	1008.75
SORBI_3004G297950	427.676
SORBI_3004G298000	1558.697
SORBI_3004G298100	662.937
SORBI_3004G298200	1478.67
SORBI_3004G298250	701
SORBI_3004G298300	1466.33419060531
SORBI_3004G298400	1222
SORBI_3004G298500	1262.876
SORBI_3004G298600	2834.102
SORBI_3004G298700	2470.141
ENSRNA049480693	11
ENSRNA049480690	10
ENSRNA049480699	10
SORBI_3004G298800	739.855
ENSRNA049480697	36.664
ENSRNA049480677	50
ENSRNA049480731	34
ENSRNA049480746	2
ENSRNA049480751	2
ENSRNA049480696	2
ENSRNA049480688	5.292
SORBI_3004G298900	1893.002
SORBI_3004G299000	4467.996
SORBI_3004G299200	4070
SORBI_3004G299300	1311.01964508709
SORBI_3004G299401	756.694
SORBI_3004G299500	2294.221
SORBI_3004G299600	2138.605
SORBI_3004G299700	2249.115
SORBI_3004G299850	1949.912
SORBI_3004G300000	2473.20524865984
SORBI_3004G300100	1896.27209709566
SORBI_3004G300200	2204.517
SORBI_3004G300300	4531.602
SORBI_3004G300400	279
ENSRNA049996294	36
SORBI_3004G300500	2633.35215244361
SORBI_3004G300600	2210.761
SORBI_3004G300701	1183
SORBI_3004G300800	2199.233
SORBI_3004G300900	569.35
SORBI_3004G301000	1449.917
SORBI_3004G301100	1250.582
SORBI_3004G301200	4110.7824502509
SORBI_3004G301250	329
SORBI_3004G301300	806
SORBI_3004G301400	1675.134
SORBI_3004G301500	545.283
SORBI_3004G301600	1081
SORBI_3004G301650	424
SORBI_3004G301700	1859.888
SORBI_3004G301800	1820.488
SORBI_3004G301900	3253.35001610795
SORBI_3004G302000	927.929
SORBI_3004G302100	1967
SORBI_3004G302150	1366.142
SORBI_3004G302200	705.163
SORBI_3004G302300	499.627
SORBI_3004G302400	8602.222
SORBI_3004G302500	3410.108
SORBI_3004G302550	987
SORBI_3004G302600	7742.83
ENSRNA049438917	25
SORBI_3004G302700	1687
SORBI_3004G302800	1174.91073882755
SORBI_3004G302900	1458.313
SORBI_3004G303000	1099.29057081932
SORBI_3004G303100	4891.023
SORBI_3004G303150	511
ENSRNA049439138	25
SORBI_3004G303200	1243.429
SORBI_3004G303300	719.329
SORBI_3004G303400	1327
SORBI_3004G303433	88
ENSRNA049480754	29
SORBI_3004G303466	81
SORBI_3004G303500	780.253
SORBI_3004G303550	9136.468
SORBI_3004G303600	1159.517
SORBI_3004G303700	986
SORBI_3004G303800	774.088
SORBI_3004G303900	853
SORBI_3004G304000	1014.49860536882
SORBI_3004G304100	1468.60873105684
SORBI_3004G304200	1164.781
SORBI_3004G304300	1165.843
SORBI_3004G304400	963.662107288586
SORBI_3004G304475	800
SORBI_3004G304550	2210.109
SORBI_3004G304625	1304.149
SORBI_3004G304700	3354.192
SORBI_3004G304800	1571.176
SORBI_3004G304900	1654.43984155677
SORBI_3004G305000	2231.042
SORBI_3004G305100	2310.061
SORBI_3004G305200	1717.946
SORBI_3004G305300	88
SORBI_3004G305400	2741.487
SORBI_3004G305500	3056.157
SORBI_3004G305600	1673.95
SORBI_3004G305700	1580.157
SORBI_3004G305733	1880.918
SORBI_3004G305766	541
SORBI_3004G305800	992.98299178887
SORBI_3004G305900	909.744
SORBI_3004G306100	4075.101
SORBI_3004G306200	663.284
SORBI_3004G306300	619.341
SORBI_3004G306400	1270.53766349238
SORBI_3004G306500	708.396758191793
SORBI_3004G306700	1831.84434791361
SORBI_3004G306800	1215.30389595303
SORBI_3004G306900	1733.35
SORBI_3004G307000	1813
SORBI_3004G307100	3775.143
SORBI_3004G307200	645.688
SORBI_3004G307300	1887.35
SORBI_3004G307400	1695.313
SORBI_3004G307500	1361.404
SORBI_3004G307600	1385.624
SORBI_3004G307700	709.448
SORBI_3004G307800	215.357
SORBI_3004G307900	4072.518
SORBI_3004G308000	1130.55
SORBI_3004G308100	1180.149
SORBI_3004G308200	2946.655
SORBI_3004G308300	1612
SORBI_3004G308400	1807.70231884164
SORBI_3004G308500	2280
SORBI_3004G308600	1999.414
SORBI_3004G308700	1099.075
ENSRNA049480706	25
SORBI_3004G308800	11146.988
SORBI_3004G308900	1902.494
SORBI_3004G309000	1770
SORBI_3004G309100	499
ENSRNA049439126	26
SORBI_3004G309200	1610.929
SORBI_3004G309300	1694.351
SORBI_3004G309400	431.608
SORBI_3004G309500	455.014
SORBI_3004G309600	1398.691
SORBI_3004G309700	1049.5
SORBI_3004G309800	1950.42241784601
SORBI_3004G309900	3066.663
SORBI_3004G310000	1429.5
SORBI_3004G310100	1249.5
SORBI_3004G310200	2950.516
SORBI_3004G310300	1290.194
SORBI_3004G310350	298
SORBI_3004G310400	1772.478
SORBI_3004G310500	1227.63
SORBI_3004G310600	233.377
SORBI_3004G310700	680.536
SORBI_3004G310800	2017.522
SORBI_3004G310900	930.761
SORBI_3004G311000	2030.1
SORBI_3004G311100	894.232
SORBI_3004G311200	1347.71
SORBI_3004G311300	967.967692310396
SORBI_3004G311400	5162.67627105581
SORBI_3004G311500	1158.167
SORBI_3004G311550	919
SORBI_3004G311600	2278.596
SORBI_3004G311750	952
ENSRNA049996275	17
ENSRNA049996287	20
SORBI_3004G311900	11826.484
SORBI_3004G312000	1243.379
SORBI_3004G312100	1615.28177036017
SORBI_3004G312200	2379.083
SORBI_3004G312300	2789.501
SORBI_3004G312400	6758.42343770202
SORBI_3004G312500	3036.835
SORBI_3004G312600	2806.76
SORBI_3004G312700	1304.955
SORBI_3004G312800	435.694
SORBI_3004G312900	1018.937
SORBI_3004G313000	1168
SORBI_3004G313100	1185.814
SORBI_3004G313200	1711.427
SORBI_3004G313300	2869.587
SORBI_3004G313400	3135
SORBI_3004G313500	2165.994
SORBI_3004G313700	1221.274
SORBI_3004G313750	598.319
SORBI_3004G313800	218
SORBI_3004G313900	3397.52
SORBI_3004G314000	3588.734
SORBI_3004G314100	1632
SORBI_3004G314200	1651
SORBI_3004G314300	2142
ENSRNA049480683	33
SORBI_3004G314400	842.339
SORBI_3004G314500	1069.547
SORBI_3004G314700	4349.856
SORBI_3004G314750	568
SORBI_3004G314800	161
SORBI_3004G314900	1036
SORBI_3004G315000	1989.001
SORBI_3004G315100	505.165677841598
SORBI_3004G315200	150
SORBI_3004G315300	1091.886
SORBI_3004G315400	1654.19380071384
SORBI_3004G315500	1371.456
SORBI_3004G315600	715.159
SORBI_3004G315700	3121.55
SORBI_3004G315800	267.758
SORBI_3004G315850	81
SORBI_3004G315900	381
SORBI_3004G316000	363
SORBI_3004G316100	375
SORBI_3004G316200	317
SORBI_3004G316300	287
SORBI_3004G316350	356
SORBI_3004G316400	435
SORBI_3004G316500	1354.99909777864
SORBI_3004G316600	947.438
SORBI_3004G316700	4143.292078868
SORBI_3004G316800	2416.131
SORBI_3004G316900	972.574
SORBI_3004G317000	1503.657
SORBI_3004G317050	2031
SORBI_3004G317100	5148.636
SORBI_3004G317200	3486
SORBI_3004G317300	4422.70825623989
SORBI_3004G317401	2284
SORBI_3004G317500	746.734
SORBI_3004G317600	411.222
SORBI_3004G317700	3198.69
SORBI_3004G317800	960.573
SORBI_3004G317900	759.51
SORBI_3004G318000	2052.808814568
SORBI_3004G318100	2200.855
SORBI_3004G318200	1944.132
SORBI_3004G318300	1909
SORBI_3004G318400	943.44
SORBI_3004G318600	2891.313
SORBI_3004G318700	2283.893
SORBI_3004G318800	880
SORBI_3004G318900	1333.709
SORBI_3004G319000	3343.52
SORBI_3004G319050	1093
SORBI_3004G319100	4425.787
SORBI_3004G319300	3303.978
SORBI_3004G319400	2280.79256258137
SORBI_3004G319500	1570.196
SORBI_3004G319600	2089.79180466143
SORBI_3004G319700	940.745
SORBI_3004G319800	983.729
SORBI_3004G319900	3033.171
SORBI_3004G320000	808.59457876964
SORBI_3004G320100	1399.91448707974
SORBI_3004G320200	2894.509
SORBI_3004G320300	2211.399
SORBI_3004G320401	1699.876
ENSRNA049996260	7
SORBI_3004G320500	3126.162
SORBI_3004G320600	950.543
SORBI_3004G320700	3947.456
ENSRNA049480741	30
ENSRNA049439111	26
SORBI_3004G320800	1287.36
SORBI_3004G320900	850
SORBI_3004G321000	1007.227
SORBI_3004G321100	2632.771
SORBI_3004G321200	3936.178
SORBI_3004G321300	1213.886
SORBI_3004G321400	4422.249
SORBI_3004G321500	522
SORBI_3004G321600	1567
SORBI_3004G321700	2153.451
SORBI_3004G321800	4314.63287675574
SORBI_3004G321900	1838.149
SORBI_3004G322000	1159
SORBI_3004G322100	1318
SORBI_3004G322200	1388.399
SORBI_3004G322300	3024.777
SORBI_3004G322400	4036.50997321643
SORBI_3004G322500	2060.832
SORBI_3004G322550	2342
SORBI_3004G322600	4511.604
SORBI_3004G322650	291
SORBI_3004G322700	397.993
SORBI_3004G322800	1566.962
SORBI_3004G322901	391
SORBI_3004G323000	429
SORBI_3004G323100	1260
SORBI_3004G323200	448
SORBI_3004G323300	812
SORBI_3004G323400	1523.276
SORBI_3004G323500	2078.124
SORBI_3004G323600	1128.966
SORBI_3004G323700	3731.72308169578
SORBI_3004G323800	1754.511
SORBI_3004G323900	1856.464
SORBI_3004G324000	3401.591
SORBI_3004G324100	1585.214
SORBI_3004G324200	887
SORBI_3004G324300	2153
SORBI_3004G324350	3495
SORBI_3004G324400	1894
SORBI_3004G324500	3359.5
SORBI_3004G324600	3267.638
SORBI_3004G324700	1266
SORBI_3004G324800	1982.66666666667
SORBI_3004G324900	513.222
SORBI_3004G324950	2182
SORBI_3004G325000	2964.36
SORBI_3004G325100	2359.807
SORBI_3004G325150	193
SORBI_3004G325200	1021.52
SORBI_3004G325300	1692
SORBI_3004G325400	3350.198
SORBI_3004G325500	1449
SORBI_3004G325600	5556.143
SORBI_3004G325700	1972.324
SORBI_3004G325766	719
SORBI_3004G325832	1369
SORBI_3004G325900	3084.568
SORBI_3004G326000	2174.657
SORBI_3004G326100	535.588
SORBI_3004G326300	26
SORBI_3004G326200	846.932
SORBI_3004G326400	2918.243
SORBI_3004G326500	1156.312
SORBI_3004G326600	1868.05
SORBI_3004G326650	745.556
SORBI_3004G326700	542
SORBI_3004G326800	1715
SORBI_3004G326900	3073.938
SORBI_3004G327000	2411
SORBI_3004G327100	1726.14187357587
SORBI_3004G327150	1412.77
SORBI_3004G327200	2448.492
SORBI_3004G327300	1530.187
SORBI_3004G327400	1835.406
SORBI_3004G327500	3088.105
SORBI_3004G327600	1050.862
SORBI_3004G327700	5513.87727402921
SORBI_3004G327800	568.595
SORBI_3004G327900	1297.385
SORBI_3004G328000	1070.467
SORBI_3004G328100	1876.104
SORBI_3004G328200	138
SORBI_3004G328300	5426.584
SORBI_3004G328400	877.691866430741
SORBI_3004G328500	1916
SORBI_3004G328601	757
SORBI_3004G328700	1455
SORBI_3004G328800	1623
SORBI_3004G328900	652
SORBI_3004G329000	1799.5
SORBI_3004G329100	2643.619
SORBI_3004G329201	251.733
SORBI_3004G329300	1917.191
SORBI_3004G329400	5108.77657252571
SORBI_3004G329500	895
SORBI_3004G329600	936
SORBI_3004G329700	2064
SORBI_3004G329800	1326.929
SORBI_3004G330000	1907.81802592387
SORBI_3004G330100	1234
SORBI_3004G330200	880
SORBI_3004G330300	1634
SORBI_3004G330400	1283
ENSRNA049480725	114
SORBI_3004G330500	877
SORBI_3004G330600	2428.295
SORBI_3004G330700	2478.783
SORBI_3004G330800	1684.458
SORBI_3004G330900	3457.876
SORBI_3004G331000	924.413834278444
SORBI_3004G331100	4496.86760155842
SORBI_3004G331200	1217.084
SORBI_3004G331300	837
SORBI_3004G331400	1004.656
SORBI_3004G331500	3298
SORBI_3004G331600	2257.307
SORBI_3004G331700	1704.20416306971
SORBI_3004G331800	161
SORBI_3004G331900	4711.451
SORBI_3004G332000	4080.396
SORBI_3004G332100	3343.663
SORBI_3004G332200	2672.193
ENSRNA049480687	32
SORBI_3004G332300	1702.945
SORBI_3004G332400	2843.716
SORBI_3004G332500	1767.045
SORBI_3004G332600	4596.311
SORBI_3004G332700	1411
SORBI_3004G332800	3060.456
SORBI_3004G332900	1810.078
SORBI_3004G333000	574
SORBI_3004G333100	2375.018
SORBI_3004G333150	849
SORBI_3004G333200	1086.317
SORBI_3004G333300	161
SORBI_3004G333400	1371.468
SORBI_3004G333500	421.791107847999
SORBI_3004G333600	1702.561
SORBI_3004G333700	1329.089
SORBI_3004G333800	1204.156
SORBI_3004G333900	2757.772
SORBI_3004G334000	1658.83
SORBI_3004G334100	217.855
SORBI_3004G334200	1353.825
SORBI_3004G334300	2486.699
SORBI_3004G334400	2556.677
SORBI_3004G334501	1543.253
SORBI_3004G334601	1737.67863498095
SORBI_3004G334700	406
ENSRNA049480685	57
SORBI_3004G334800	1854.928
SORBI_3004G334900	1060
SORBI_3004G335000	1599.59543839432
SORBI_3004G335100	454
SORBI_3004G335200	3423
SORBI_3004G335300	4509.281
ENSRNA049996269	33
ENSRNA049996250	13
SORBI_3004G335400	523
SORBI_3004G335500	3564
SORBI_3004G335600	339.018
SORBI_3004G335700	1177.634
SORBI_3004G335800	959.668
SORBI_3004G335900	429.221
SORBI_3004G336000	1783.472
SORBI_3004G336100	2641.643
SORBI_3004G336200	1319.878
SORBI_3004G336300	3159.4712294379
SORBI_3004G336401	1204
SORBI_3004G336500	605.125
SORBI_3004G336600	1175.555
SORBI_3004G336700	1210.336549525
ENSRNA049480743	11
SORBI_3004G336800	3092.911
SORBI_3004G337000	1540.898
SORBI_3004G337066	763
ENSRNA049480679	32
SORBI_3004G337132	31
SORBI_3004G337200	876.709
SORBI_3004G337300	664.269
SORBI_3004G337400	2872.207
SORBI_3004G337500	7333.266
SORBI_3004G337600	397
SORBI_3004G337700	6723
SORBI_3004G337800	5290.93539929493
ENSRNA049996225	41
SORBI_3004G337850	1
SORBI_3004G337900	3048.095
SORBI_3004G337925	5116.38330595115
SORBI_3004G337950	1465
SORBI_3004G337975	1332
SORBI_3004G338000	988.738
SORBI_3004G338100	2547.128
SORBI_3004G338200	2973.517
SORBI_3004G338300	1487.39203893668
SORBI_3004G338400	4542.189
SORBI_3004G338500	7105.802
SORBI_3004G338600	344
SORBI_3004G338701	892
SORBI_3004G338800	2822.415
SORBI_3004G338900	1100
SORBI_3004G339000	1644.45
SORBI_3004G339100	2989.85
SORBI_3004G339200	2716.914
SORBI_3004G339300	1136.098
ENSRNA049439003	27
SORBI_3004G339400	1498.304
SORBI_3004G339500	2442.843
SORBI_3004G339600	2037.507
SORBI_3004G339700	2844.911
SORBI_3004G339800	3467.90432049434
SORBI_3004G339900	1733.99578787435
SORBI_3004G340000	1076
SORBI_3004G340100	845.246
SORBI_3004G340200	1017.195
SORBI_3004G340300	3150
SORBI_3004G340400	3415.49
SORBI_3004G340500	1856.48
SORBI_3004G340566	1769.607
SORBI_3004G340632	931.467
SORBI_3004G340700	1708
SORBI_3004G340800	1338.47
SORBI_3004G340900	1542.019
SORBI_3004G341000	2151.07216104015
SORBI_3004G341100	324.835
SORBI_3004G341200	1722.91527231474
SORBI_3004G341300	798.134192633935
SORBI_3004G341500	1703.005
SORBI_3004G341600	1516.04
SORBI_3004G341700	3155.4660700867
SORBI_3004G341800	1553.77
SORBI_3004G341900	2837.791
SORBI_3004G342000	2362
SORBI_3004G342100	480.741
SORBI_3004G342200	2343.436
SORBI_3004G342300	2224.68
SORBI_3004G342400	212.969
SORBI_3004G342500	1284.288
SORBI_3004G342600	2047.843
SORBI_3004G342700	721
SORBI_3004G342800	1012
SORBI_3004G342900	627
SORBI_3004G343000	1209.268
SORBI_3004G343100	1118.543
SORBI_3004G343300	985.614
SORBI_3004G343200	1670.298
SORBI_3004G343400	1063.458
SORBI_3004G343500	1979.24545391661
SORBI_3004G343600	1005.172
SORBI_3004G343700	3671.87901197197
SORBI_3004G343733	937.648
SORBI_3004G343766	565
SORBI_3004G343800	3619.559
SORBI_3004G343900	1177.27
SORBI_3004G344000	874.260533419511
SORBI_3004G344100	1631
SORBI_3004G344200	4249.586
SORBI_3004G344301	385
SORBI_3004G344400	5749.144
SORBI_3004G344500	868.061
SORBI_3004G344600	4354.769
SORBI_3004G344700	507.719
SORBI_3004G344800	1257.628
SORBI_3004G344901	4649.59436203262
SORBI_3004G345100	4718.944
SORBI_3004G345001	641
SORBI_3004G345200	2958.156
SORBI_3004G345300	1261.477
SORBI_3004G345400	1700.723
SORBI_3004G345500	1349.22
SORBI_3004G345600	931.818143876179
SORBI_3004G345700	2180.203
SORBI_3004G345800	1622.94965621409
SORBI_3004G345900	936.535
SORBI_3004G346000	1992.967
SORBI_3004G346100	1187.853
SORBI_3004G346200	1701.67771894611
SORBI_3004G346300	1603.33333333333
SORBI_3004G346400	675.901
SORBI_3004G346500	1438
SORBI_3004G346600	395
SORBI_3004G346750	2023.4119891339
SORBI_3004G346700	343
SORBI_3004G346800	994
ENSRNA049996235	10
SORBI_3004G347000	88
SORBI_3004G347100	994.438
SORBI_3004G347200	799
SORBI_3004G347300	1053.902
SORBI_3004G347400	4229.989
SORBI_3004G347500	2231.39175970553
SORBI_3004G347600	1042.453
SORBI_3004G347700	805.348
SORBI_3004G347800	1322.55527609287
SORBI_3004G347833	3710
SORBI_3004G347866	833
SORBI_3004G347900	3167.646
SORBI_3004G348000	3460
SORBI_3004G348100	1000.06329079532
SORBI_3004G348200	1438
SORBI_3004G348300	1517.85474572102
SORBI_3004G348400	1201.189
SORBI_3004G348500	1981
SORBI_3004G348600	1617.846
SORBI_3004G348700	1552.891
SORBI_3004G348800	1205
SORBI_3004G348900	1868.184
SORBI_3004G349000	777.409742399034
SORBI_3004G349100	1047.907
SORBI_3004G349125	4244.251
SORBI_3004G349150	394
SORBI_3004G349175	3229.865
SORBI_3004G349237	1894.328
SORBI_3004G349300	2140.784
SORBI_3004G349400	2851.992
SORBI_3004G349450	424
SORBI_3004G349500	442
SORBI_3004G349550	1497
SORBI_3004G349600	1783
SORBI_3004G349650	35
SORBI_3004G349700	945.576
ENSRNA049480714	28
ENSRNA049480709	27
SORBI_3004G349800	1246.33250922768
SORBI_3004G349900	2894.714
SORBI_3004G350000	2537.512
SORBI_3004G350100	1252.9353751153
SORBI_3004G350200	2094.588
SORBI_3004G350300	2290.85936259323
SORBI_3004G350400	1424
SORBI_3004G350500	1868
SORBI_3004G350600	760.614
SORBI_3004G350700	1450.096
SORBI_3004G350800	4614.535
SORBI_3004G350900	1511.434
SORBI_3004G351000	92
SORBI_3004G351100	3301.296
SORBI_3004G351200	1739.64172050608
SORBI_3004G351300	2210.443
SORBI_3004G351400	973.977
SORBI_3004G351500	700.063
SORBI_3004G351600	3745.16590881183
SORBI_3004G351700	2204
SORBI_3004G351800	1896.276
SORBI_3004G351866	2446
SORBI_3004G351932	1385
SORBI_3004G352000	1202.634
ENSRNA049439048	25
SORBI_3004G352100	2214.892
SORBI_3004G352200	636.15
SORBI_3004G352301	359.057
SORBI_3004G352400	842
SORBI_3004G352500	788.32
SORBI_3004G352600	1976.6530403784
SORBI_3004G352700	1179.646
SORBI_3004G352750	893.159
SORBI_3004G352800	1588.356
SORBI_3004G352900	2657.245
SORBI_3004G353000	2677.664
SORBI_3004G353100	1567.093
SORBI_3004G353200	1658.198
SORBI_3004G353300	4184.105
SORBI_3004G353400	2055.858
SORBI_3004G353500	1575.231
SORBI_3004G353600	2082.47
SORBI_3004G353650	164.659
SORBI_3004G353700	2097.099
SORBI_3004G353800	3267.827
SORBI_3004G353900	1778.38
SORBI_3004G354000	1655.453
SORBI_3004G354100	1589.04
SORBI_3004G354200	1027
SORBI_3004G354301	3133.679
SORBI_3004G354400	1181.905
SORBI_3004G354500	1156.801
SORBI_3004G354600	570.915
SORBI_3004G354700	3671.762
SORBI_3004G354800	1075.75784287065
SORBI_3004G355000	6352.154
SORBI_3004G355101	122
SORBI_3004G355200	3604.688
SORBI_3004G355300	1491.44980210054
SORBI_3004G355401	1823.506
ENSRNA049996244	1
SORBI_3004G355500	1710.942
SORBI_3004G355600	1687
SORBI_3004G355700	2264.632
SORBI_3004G355750	1013
SORBI_3004G355800	3131.545
SORBI_3004G355900	3267
SORBI_3004G356000	2780.192
SORBI_3004G356100	1085.855
SORBI_3004G356200	1519.754
SORBI_3004G356300	2994.865
SORBI_3004G356400	3344.365
SORBI_3004G356500	1128.994
SORBI_3004G356600	1287.472
SORBI_3004G356700	2479.423
SORBI_3004G356800	4456.7
SORBI_3004G356900	1488.357
SORBI_3004G357000	1251.162
SORBI_3004G357033	777
SORBI_3004G357066	504
SORBI_3004G357100	7279.97654644981
SORBI_3004G357200	2804.892
SORBI_3004G357300	1327.502
SORBI_3004G357400	2054.725
SORBI_3004G357500	918.125
SORBI_3004G357600	2639
SORBI_3004G357700	3282.06746761746
SORBI_3004G357800	239.069
SORBI_3004G357900	437.216
SORBI_3004G358000	5275.684
SORBI_3004G358100	1336
SORBI_3004G358150	252
SORBI_3004G358200	223.604
SORBI_3004G358301	3774.29
SORBI_3004G358400	6792.903
SORBI_3004G358500	1969.152
SORBI_3004G358600	2200.268
SORBI_3004G358700	1636.49962970936
SORBI_3004G358800	1219
SORBI_3004G358900	2311.975
SORBI_3004G359100	2021.474
SORBI_3004G359150	1485
SORBI_3004G359200	3342.143
SORBI_3004G359300	4390.072
SORBI_3004G359400	420.203
SORBI_3004G359500	746
SORBI_3004G359600	1994.78410553509
SORBI_3004G359700	1392.617
SORBI_3004G359800	543.959
SORBI_3004G359900	473
SORBI_3005G000100	1393.499
SORBI_3005G000200	1019.729
SORBI_3005G000300	2541.17540601372
SORBI_3005G000400	715
SORBI_3005G000500	3006.72
SORBI_3005G000650	473.079
SORBI_3005G000800	898.713
SORBI_3005G000900	1669
SORBI_3005G001000	4265.578
SORBI_3005G001100	3278.775
SORBI_3005G001200	1062
SORBI_3005G001300	847.099
SORBI_3005G001400	622.433314778326
SORBI_3005G001500	1772
SORBI_3005G001600	3378.799
SORBI_3005G001700	2604.601
SORBI_3005G001800	315.473
SORBI_3005G001900	950.891
SORBI_3005G002000	2383.77246413764
SORBI_3005G002050	4287.47
SORBI_3005G002100	1824
SORBI_3005G002300	2521.24436215418
SORBI_3005G002350	1125.5
SORBI_3005G002400	2495.697
SORBI_3005G002500	1021
SORBI_3005G002600	490.916
SORBI_3005G002700	1340
SORBI_3005G002800	2578.916
SORBI_3005G002900	1025.987
SORBI_3005G003001	3366
SORBI_3005G003100	1626.5
SORBI_3005G003200	1583.987
SORBI_3005G003300	4804.222
SORBI_3005G003400	918.445
SORBI_3005G003500	843.015
SORBI_3005G003600	1686.884
SORBI_3005G003700	925
SORBI_3005G003750	793
SORBI_3005G003800	1315.238
ENSRNA049439707	27
SORBI_3005G003900	1060.087
SORBI_3005G004000	1839.192
SORBI_3005G004100	1956.59
SORBI_3005G004200	850.995
SORBI_3005G004300	2012.553735566
ENSRNA049439718	25
SORBI_3005G004400	2896.5375650413
SORBI_3005G004500	1138.02210509281
SORBI_3005G004600	1476
SORBI_3005G004700	659
SORBI_3005G004800	2406.21
SORBI_3005G004900	1960.253
SORBI_3005G005000	11167.94
SORBI_3005G005100	1486
SORBI_3005G005200	1954.603
SORBI_3005G005300	5877.659
SORBI_3005G005400	2524.37
SORBI_3005G005500	649.249232692669
SORBI_3005G005600	478.972
ENSRNA049440399	26
SORBI_3005G005650	706
SORBI_3005G005700	2796
SORBI_3005G005800	1976
SORBI_3005G006000	1240
SORBI_3005G006100	326
SORBI_3005G006300	6486
SORBI_3005G006400	380
SORBI_3005G006500	548
SORBI_3005G006701	841
SORBI_3005G006900	532
SORBI_3005G007000	905
SORBI_3005G007101	301
SORBI_3005G007200	409
SORBI_3005G007500	437
SORBI_3005G007600	441
SORBI_3005G007700	1542.564
SORBI_3005G007800	2101.134
SORBI_3005G007900	2245
SORBI_3005G008001	2230.911
SORBI_3005G008101	1753
SORBI_3005G008201	1472
SORBI_3005G008301	428
SORBI_3005G008400	1884.107
SORBI_3005G008500	980.021
SORBI_3005G008600	871.946
SORBI_3005G008700	925
SORBI_3005G008800	4753.6655925864
SORBI_3005G008850	2232
SORBI_3005G008900	370
SORBI_3005G009100	2018.375
SORBI_3005G009200	1109.918
SORBI_3005G009300	4877.948
ENSRNA049440390	25
SORBI_3005G009400	833
SORBI_3005G009500	905
SORBI_3005G009600	1589
SORBI_3005G009700	747
SORBI_3005G009900	838
SORBI_3005G010000	835
SORBI_3005G010100	1659.922
SORBI_3005G010200	1469.408
SORBI_3005G010300	771
SORBI_3005G010400	391
SORBI_3005G010500	1160.739
SORBI_3005G010600	267.992
SORBI_3005G010900	5051.263
SORBI_3005G010800	839
ENSRNA049481149	61
SORBI_3005G011000	2279.773
ENSRNA049440379	34
SORBI_3005G011100	1266
SORBI_3005G011200	950.262
SORBI_3005G011300	2079.645
SORBI_3005G011400	243.817
SORBI_3005G011500	1063.942
SORBI_3005G011700	586
SORBI_3005G011900	749
SORBI_3005G012000	2697.985
SORBI_3005G012100	340
SORBI_3005G012200	3019.20141956296
SORBI_3005G012400	4406.767
SORBI_3005G012600	181
SORBI_3005G012700	3070.70725037951
SORBI_3005G012800	3845.219
SORBI_3005G013000	2198.918
SORBI_3005G012900	1051
SORBI_3005G013050	1140.044
SORBI_3005G013200	3057.819
SORBI_3005G013300	2151.279
SORBI_3005G013400	1721.372
SORBI_3005G013500	1724.43
SORBI_3005G013550	189
SORBI_3005G013600	1123.4020313757
SORBI_3005G013700	788
SORBI_3005G013800	792.5
SORBI_3005G013901	3789.876
SORBI_3005G014000	1914.334
SORBI_3005G014100	883
SORBI_3005G014200	723
SORBI_3005G014300	3326.08433121795
SORBI_3005G014400	938.367
SORBI_3005G014500	1093
SORBI_3005G014600	2161.207
SORBI_3005G014700	1768.56572410447
SORBI_3005G014800	429.743
SORBI_3005G014950	2376.973
SORBI_3005G015100	961.455
SORBI_3005G015200	562.443954505783
SORBI_3005G015300	1705.097
SORBI_3005G015450	2970.349
SORBI_3005G015600	1169.9911748079
SORBI_3005G015700	5667.37
SORBI_3005G015900	5758.662
SORBI_3005G016100	1545.42774611528
SORBI_3005G016200	1857
SORBI_3005G016300	2271
SORBI_3005G016400	1461
SORBI_3005G016500	1400
SORBI_3005G016550	382
SORBI_3005G016600	1529.679
SORBI_3005G016700	896.723
SORBI_3005G016800	1490.06340281629
SORBI_3005G016900	563.56
SORBI_3005G017000	2479.27201054718
SORBI_3005G017100	2371.95
SORBI_3005G017150	1644
SORBI_3005G017200	1798.903
SORBI_3005G017300	990.356158397889
SORBI_3005G017400	2416
SORBI_3005G017500	1558.892
SORBI_3005G017566	1749.493
SORBI_3005G017632	1367
SORBI_3005G017700	692.92
SORBI_3005G017801	607
SORBI_3005G017900	398.93301213096
SORBI_3005G018050	1262.81507044161
SORBI_3005G018200	1860.772
SORBI_3005G018300	3368.057
SORBI_3005G018400	2859.778
SORBI_3005G018500	1943.603
SORBI_3005G018600	525
SORBI_3005G018700	2034.841
SORBI_3005G018800	1474.997
SORBI_3005G018900	1914.00851945923
SORBI_3005G019000	8089
SORBI_3005G019100	2005.52
SORBI_3005G019200	5780.36
SORBI_3005G019250	974
SORBI_3005G019300	4014
SORBI_3005G019350	2629
SORBI_3005G019400	7944.325
SORBI_3005G019500	1427.809
SORBI_3005G019600	8654.269
SORBI_3005G019650	394
SORBI_3005G019700	1869.506
SORBI_3005G019750	1788.5
SORBI_3005G019800	603.23
SORBI_3005G019900	1817.241
SORBI_3005G020000	3512.873
SORBI_3005G020100	2184
SORBI_3005G020200	1472
SORBI_3005G020300	5260.629
SORBI_3005G020400	4185.271
SORBI_3005G020501	1683
SORBI_3005G020600	1325.908
SORBI_3005G020700	2184.091
SORBI_3005G020800	1060
SORBI_3005G020900	1765.759
SORBI_3005G021000	1367.305
SORBI_3005G021100	545.5
SORBI_3005G021200	1405.59931763072
ENSRNA049440351	26
SORBI_3005G021300	1599.108
SORBI_3005G021400	813
SORBI_3005G021500	2729.347
SORBI_3005G021600	1042.679
SORBI_3005G021700	1460.316
SORBI_3005G021800	1325.732
SORBI_3005G021900	6179.012
SORBI_3005G021950	460
SORBI_3005G022000	3361.43
SORBI_3005G022100	2237.601
SORBI_3005G022200	2424.43078893975
SORBI_3005G022300	2331.557
SORBI_3005G022400	1313.982
SORBI_3005G022500	2440.33393575155
SORBI_3005G022600	492
SORBI_3005G022700	2179.475
SORBI_3005G022800	3431.323
SORBI_3005G023000	1359.895
SORBI_3005G023100	1568.806
SORBI_3005G023201	515
SORBI_3005G023301	1379.36
SORBI_3005G023400	2659.872
SORBI_3005G023600	198
SORBI_3005G023700	441
SORBI_3005G023800	2889.42911407167
SORBI_3005G023900	2804.381
SORBI_3005G024000	2201
SORBI_3005G024100	2446
SORBI_3005G024200	2117.02812425926
SORBI_3005G024300	536
SORBI_3005G024400	1386.418
SORBI_3005G024500	1657
SORBI_3005G024600	2393.598
SORBI_3005G024700	6772.582
SORBI_3005G024800	2300.648
SORBI_3005G024900	3648.182
SORBI_3005G025001	683
SORBI_3005G025100	1084
SORBI_3005G025300	1531.823
SORBI_3005G025400	1838
SORBI_3005G025500	1612.049
SORBI_3005G025600	810
SORBI_3005G025700	1431.871
SORBI_3005G025800	1942.818
SORBI_3005G025900	1937.898
SORBI_3005G026000	3642.973
SORBI_3005G026100	2740.145
SORBI_3005G026200	5993.332
SORBI_3005G026300	1385
SORBI_3005G026400	3129.37
SORBI_3005G026500	5008.566
SORBI_3005G026600	611.182
SORBI_3005G026700	365
SORBI_3005G026800	460.535
SORBI_3005G026900	2331.187
SORBI_3005G026966	726
SORBI_3005G027032	220.564
SORBI_3005G027100	1024
SORBI_3005G027200	1089
SORBI_3005G027250	277
SORBI_3005G027300	821.229
SORBI_3005G027400	3544.386
SORBI_3005G027350	1325
SORBI_3005G027600	1808.029
SORBI_3005G027680	677.71
SORBI_3005G027760	1390.535
SORBI_3005G027840	2635.986
SORBI_3005G027920	974
SORBI_3005G028000	503
SORBI_3005G028100	2008.377
SORBI_3005G028200	1728.875
SORBI_3005G028300	3237.949
SORBI_3005G028400	3153.3244886977
SORBI_3005G028500	1250
SORBI_3005G028600	5367.23680703734
SORBI_3005G028700	6845.998
SORBI_3005G028800	1243.263
SORBI_3005G028900	1462.045
SORBI_3005G029000	1529.19622167779
SORBI_3005G029100	1458.86060052345
SORBI_3005G029200	2263.772
SORBI_3005G029300	1205
SORBI_3005G029400	743.162
SORBI_3005G029500	128
SORBI_3005G029600	1742
SORBI_3005G029700	8587.973
SORBI_3005G029800	4566.819
SORBI_3005G029833	138
SORBI_3005G029866	316
SORBI_3005G029900	1632.833
SORBI_3005G030000	3010.29101881629
SORBI_3005G030100	2229.862
SORBI_3005G030200	184
SORBI_3005G030233	463
SORBI_3005G030266	289
SORBI_3005G030300	3963.321
SORBI_3005G030400	1462.284
SORBI_3005G030500	1284.982
SORBI_3005G030600	994.065
SORBI_3005G030700	5837.259
SORBI_3005G030850	7843.493
SORBI_3005G031000	1271.40763622056
SORBI_3005G031100	1853.892
SORBI_3005G031200	464
SORBI_3005G031400	2331.949
SORBI_3005G031500	1942.863
SORBI_3005G031600	1279
SORBI_3005G031700	2194
SORBI_3005G031800	413
SORBI_3005G031901	979
SORBI_3005G032000	2540.221
SORBI_3005G032100	632
SORBI_3005G032200	1964.226
SORBI_3005G032300	2617.006
SORBI_3005G032400	1330.228
SORBI_3005G032500	921
SORBI_3005G032600	1884.574
SORBI_3005G032700	1664.576
SORBI_3005G032800	1595.9730696927
SORBI_3005G032900	1148.849
SORBI_3005G033000	1534.927
SORBI_3005G033100	2694.701
SORBI_3005G033200	1342.138
SORBI_3005G033300	1678.57579378808
SORBI_3005G033400	2149
SORBI_3005G033600	1967.33333333333
SORBI_3005G033700	2686.478
SORBI_3005G033801	1279
SORBI_3005G033900	1264
SORBI_3005G034000	837.209
SORBI_3005G034100	1655.168
SORBI_3005G034200	2703.68339463322
SORBI_3005G034300	949.096
SORBI_3005G034400	1593.47
SORBI_3005G034500	2697
SORBI_3005G034600	2895.639
SORBI_3005G034700	6243.763
SORBI_3005G034900	1197
SORBI_3005G035000	1626.231
SORBI_3005G035100	3009
SORBI_3005G035200	385
SORBI_3005G035250	366
SORBI_3005G035300	1224.199
SORBI_3005G035400	481
SORBI_3005G035500	532
SORBI_3005G035600	574
SORBI_3005G035700	724
SORBI_3005G035800	682
SORBI_3005G035850	475
SORBI_3005G035900	1684
SORBI_3005G035950	2283
SORBI_3005G036000	1007
SORBI_3005G036100	1456.172
SORBI_3005G036200	1176.192
SORBI_3005G036300	3240.66666666667
SORBI_3005G036350	213.86
SORBI_3005G036400	930.695
SORBI_3005G036450	1081
SORBI_3005G036500	1724.755
SORBI_3005G036600	1441
SORBI_3005G036700	207.560022106903
SORBI_3005G036800	2132.246
SORBI_3005G036900	1105
SORBI_3005G037000	1214.445
SORBI_3005G037100	2280.228
SORBI_3005G037200	1338.258
SORBI_3005G037300	2504.34
SORBI_3005G037400	563.324
SORBI_3005G037500	1149
SORBI_3005G037600	669
SORBI_3005G037700	1273
SORBI_3005G037800	1466
SORBI_3005G037850	720
SORBI_3005G037900	1117.047
SORBI_3005G038000	460
SORBI_3005G038100	823
SORBI_3005G038200	3510.45
SORBI_3005G038300	4045.533
SORBI_3005G038400	4705.247
SORBI_3005G038450	1739.88
SORBI_3005G038500	2184.4
SORBI_3005G038600	4757.459
SORBI_3005G038700	1290.19587407333
SORBI_3005G038800	2977
SORBI_3005G038900	1036.685
SORBI_3005G039000	1045
SORBI_3005G039100	275.86
SORBI_3005G039200	4424.806
SORBI_3005G039350	765
SORBI_3005G039500	1671.144
SORBI_3005G039600	2316.004
SORBI_3005G039700	2043.238
SORBI_3005G039800	138
SORBI_3005G039900	451
SORBI_3005G040000	532
SORBI_3005G040100	1009
SORBI_3005G040200	469
SORBI_3005G040301	257
SORBI_3005G040400	538
SORBI_3005G040500	3571.244
SORBI_3005G040700	5814
SORBI_3005G040800	532
ENSRNA049439854	27
SORBI_3005G040900	2498.374
SORBI_3005G040950	683
SORBI_3005G041000	1570.946
SORBI_3005G041100	1363
SORBI_3005G041150	766
SORBI_3005G041200	858.129
SORBI_3005G041300	1901
SORBI_3005G041400	1465
SORBI_3005G041450	1715.268
SORBI_3005G041500	1776
SORBI_3005G041700	3176.778
SORBI_3005G041800	814
SORBI_3005G041900	507
SORBI_3005G042000	992.668
SORBI_3005G042100	1199
SORBI_3005G042200	1209
SORBI_3005G042250	81
SORBI_3005G042300	979
SORBI_3005G042400	922
SORBI_3005G042600	912
SORBI_3005G042700	1671
SORBI_3005G042800	1357.471
SORBI_3005G042850	667
SORBI_3005G042900	190.972
SORBI_3005G043000	2625.879
SORBI_3005G043100	2736.546
SORBI_3005G043300	1038
SORBI_3005G043400	1599.517
SORBI_3005G043600	1381
SORBI_3005G043700	445
SORBI_3005G043800	949.625
SORBI_3005G043900	986
SORBI_3005G044000	1993.493
SORBI_3005G044101	506
SORBI_3005G044200	271.155
SORBI_3005G044100	235.414
SORBI_3005G044300	3453.083
SORBI_3005G044400	2518.02004709786
SORBI_3005G044500	873.733
SORBI_3005G044600	1406
SORBI_3005G044700	784
SORBI_3005G044800	921.442
SORBI_3005G044900	1133.907
SORBI_3005G045000	5105.561
SORBI_3005G045100	3200.46415409573
SORBI_3005G045200	2326.63748737597
SORBI_3005G045250	763
SORBI_3005G045300	3914.47525937188
SORBI_3005G045400	312
ENSRNA049440309	25
SORBI_3005G045500	204
SORBI_3005G045600	1452.083
SORBI_3005G045700	4302.8818312526
SORBI_3005G045750	484
SORBI_3005G045800	1446.612
SORBI_3005G045900	161
SORBI_3005G046001	1232
SORBI_3005G046100	982.334
SORBI_3005G046250	2580.498
SORBI_3005G046400	783
SORBI_3005G046500	8464.64419769623
SORBI_3005G046600	553
SORBI_3005G046700	759.042
SORBI_3005G046801	318
SORBI_3005G046900	2900.692
SORBI_3005G047000	201.33
SORBI_3005G047100	2375.909
SORBI_3005G047200	963.693
SORBI_3005G047300	2132.528
SORBI_3005G047500	3936.785
SORBI_3005G047700	3112.43164408988
SORBI_3005G047800	2788
SORBI_3005G047900	1230
SORBI_3005G048100	1103
SORBI_3005G048000	122
SORBI_3005G048200	6103.67
SORBI_3005G048250	727
SORBI_3005G048300	1126
SORBI_3005G048400	4124.365
SORBI_3005G048500	1834.982
SORBI_3005G048600	1470.888
SORBI_3005G048700	2388.079
SORBI_3005G048800	2358.733
SORBI_3005G048900	863
SORBI_3005G048950	742
SORBI_3005G049000	1414.252
SORBI_3005G049100	736
SORBI_3005G049200	1903
SORBI_3005G049350	890
SORBI_3005G049475	514.388
SORBI_3005G049600	3088.65706751958
SORBI_3005G049800	803
SORBI_3005G049850	1186
SORBI_3005G049900	308
SORBI_3005G049966	649
SORBI_3005G050032	885
SORBI_3005G050100	739
SORBI_3005G050200	1274.317
SORBI_3005G050300	3385
SORBI_3005G050350	2248.022
SORBI_3005G050400	932.184
SORBI_3005G050500	1867.745
SORBI_3005G050600	3455.593
SORBI_3005G050700	2498
SORBI_3005G050800	1001.391
SORBI_3005G050900	13587.33
SORBI_3005G051050	221
SORBI_3005G051200	411.366
SORBI_3005G051300	2334.136
SORBI_3005G051500	1052.045
SORBI_3005G051600	3306
SORBI_3005G051700	193
SORBI_3005G051800	634
SORBI_3005G052000	1478
SORBI_3005G052100	3381
SORBI_3005G052200	2549
SORBI_3005G052250	184
SORBI_3005G052300	1837.151
SORBI_3005G052400	1057.302
SORBI_3005G052500	1962
SORBI_3005G052700	1597
SORBI_3005G052900	1161
SORBI_3005G053001	5603.485
SORBI_3005G053100	5863.173
SORBI_3005G053200	5118.15894703778
SORBI_3005G053501	76
SORBI_3005G053800	2922.107
SORBI_3005G053700	371.081
SORBI_3005G053900	4330.316
SORBI_3005G053950	700.961
SORBI_3005G054000	5117.855
SORBI_3005G054150	839.333333333333
SORBI_3005G054300	2483.487
SORBI_3005G054401	1577.16
SORBI_3005G054501	532
SORBI_3005G054600	7332.243
SORBI_3005G054700	6282
SORBI_3005G054800	1516
SORBI_3005G054900	3338.781
SORBI_3005G055000	769.516
SORBI_3005G055150	2348.70953956592
SORBI_3005G055300	717.63
SORBI_3005G055400	1622.66666666667
SORBI_3005G055501	856.9
SORBI_3005G055600	4262.822
SORBI_3005G055700	1335
SORBI_3005G055900	4315.63
SORBI_3005G056000	2074.107
SORBI_3005G056100	1314
SORBI_3005G056201	640
SORBI_3005G056300	998
SORBI_3005G056400	3063.124
SORBI_3005G056500	1476.675
SORBI_3005G056600	1971.37102856193
SORBI_3005G056800	2683.893
SORBI_3005G057000	2785
SORBI_3005G057100	654
SORBI_3005G057201	15516
SORBI_3005G057301	2893
SORBI_3005G057401	4508
SORBI_3005G057500	3079
SORBI_3005G057550	86
SORBI_3005G057700	18246.738
SORBI_3005G057600	1378
SORBI_3005G057750	988
SORBI_3005G057800	1432.412
SORBI_3005G057900	481.14
SORBI_3005G058000	1156
SORBI_3005G058100	1168
SORBI_3005G058200	1129
SORBI_3005G058300	1460
SORBI_3005G058350	71
SORBI_3005G058400	270
SORBI_3005G058500	325
SORBI_3005G058600	1176
SORBI_3005G058700	1419
SORBI_3005G058800	2088.704
SORBI_3005G058900	1391.10097805737
SORBI_3005G059100	2663.422
SORBI_3005G059200	2903.481
SORBI_3005G059300	3445.749
SORBI_3005G059400	2599.668
SORBI_3005G059500	3168.233
SORBI_3005G059550	379
SORBI_3005G059600	2261.467
SORBI_3005G059800	2251.56476725229
SORBI_3005G059900	565
SORBI_3005G060000	538
SORBI_3005G060100	1065.08350300062
SORBI_3005G060200	1507.463
SORBI_3005G060300	825.244
SORBI_3005G060400	685.153
SORBI_3005G060600	1789.935
SORBI_3005G060633	232.195
SORBI_3005G060666	19546.675
SORBI_3005G060700	2610.36289857621
SORBI_3005G060766	616
SORBI_3005G060832	293
SORBI_3005G060900	4985.3
SORBI_3005G061000	2188.081
SORBI_3005G061033	620.419
ENSRNA049996199	35
SORBI_3005G061066	1507
SORBI_3005G061100	1124
SORBI_3005G061200	868.874
SORBI_3005G061300	922
SORBI_3005G061400	1060
SORBI_3005G061500	2826.64981136252
SORBI_3005G061601	838
SORBI_3005G061700	968.862
SORBI_3005G061801	539.633
SORBI_3005G061900	4360.403
SORBI_3005G061950	3829.789
SORBI_3005G062000	1806.251
SORBI_3005G062100	263
SORBI_3005G062200	4945.51
SORBI_3005G062300	3596
SORBI_3005G062500	1108
SORBI_3005G062600	1984.066
SORBI_3005G062700	995.394
SORBI_3005G062800	1173.063
SORBI_3005G062900	3386.9164355787
SORBI_3005G063000	1470.088
SORBI_3005G063100	601.957
SORBI_3005G063200	2152.646
SORBI_3005G063300	2053.89278214428
SORBI_3005G063400	1796.123
SORBI_3005G063500	570.167
SORBI_3005G063600	4468.79293762631
SORBI_3005G063700	1558.85303554699
SORBI_3005G063800	1895
SORBI_3005G063900	1900.5
SORBI_3005G064000	2004.12273299357
SORBI_3005G064100	8318.586
SORBI_3005G064200	1613.58171729601
SORBI_3005G064300	1265
SORBI_3005G064400	1273
SORBI_3005G064500	1574
SORBI_3005G064600	1107.681
SORBI_3005G064700	1071.522
SORBI_3005G064800	2452.525
SORBI_3005G064900	1367.298
SORBI_3005G065000	3638.915
SORBI_3005G065050	220
SORBI_3005G065100	827.341
SORBI_3005G065200	722.879
SORBI_3005G065300	3139.723
SORBI_3005G065400	1348
SORBI_3005G065500	1325
SORBI_3005G065600	2585.581
SORBI_3005G065700	929.659
SORBI_3005G065800	344
SORBI_3005G065900	740
SORBI_3005G066000	962.022
SORBI_3005G066100	880.552
SORBI_3005G066200	844.538
SORBI_3005G066300	662
SORBI_3005G066366	660
SORBI_3005G066432	668
SORBI_3005G066500	666
SORBI_3005G066600	703
SORBI_3005G066700	647.417413530074
SORBI_3005G066800	498.920084353851
SORBI_3005G066900	3915.046
SORBI_3005G067000	832
SORBI_3005G067200	2622.25
SORBI_3005G067300	1567.948
SORBI_3005G067400	122
SORBI_3005G067500	1502
SORBI_3005G067600	631
SORBI_3005G067700	5028.96
SORBI_3005G067800	228.37
SORBI_3005G067900	1861.017
SORBI_3005G067850	939.896
SORBI_3005G067933	647
SORBI_3005G067966	5223.314
SORBI_3005G068000	739
SORBI_3005G068101	454
SORBI_3005G068200	1216.212
SORBI_3005G068300	1016.591
SORBI_3005G068400	322
SORBI_3005G068500	402
SORBI_3005G068600	486
SORBI_3005G068700	3166.81
SORBI_3005G068800	3132.38387184116
SORBI_3005G068900	1252
SORBI_3005G069000	709
SORBI_3005G069166	2206
SORBI_3005G069332	844
SORBI_3005G069500	4112.919
SORBI_3005G069700	1427.389
SORBI_3005G069800	1963.664
SORBI_3005G069900	862
SORBI_3005G070000	2545.351
SORBI_3005G070101	329
SORBI_3005G070200	4884.69
SORBI_3005G070301	1443
SORBI_3005G070400	1909.2400888947
SORBI_3005G070500	3004
SORBI_3005G070600	350
SORBI_3005G070700	446
SORBI_3005G070800	409
SORBI_3005G070850	396
SORBI_3005G070901	946.566
SORBI_3005G070951	1366.936
SORBI_3005G071000	334
SORBI_3005G071100	1047.06311416647
SORBI_3005G071200	375
SORBI_3005G071250	486
SORBI_3005G071300	2200
SORBI_3005G071401	637
SORBI_3005G071500	1734.824
SORBI_3005G071700	3520
SORBI_3005G071800	3102.68
SORBI_3005G071900	3816.708
SORBI_3005G072000	2691.409
SORBI_3005G072100	4303.26903812283
SORBI_3005G072200	1693.166
SORBI_3005G072300	1942
SORBI_3005G072400	1999.031
SORBI_3005G072500	1937.55
SORBI_3005G072600	1643
SORBI_3005G072700	1173
SORBI_3005G072800	1195
SORBI_3005G072850	1614
SORBI_3005G072900	826
SORBI_3005G073000	797
SORBI_3005G073101	1000
SORBI_3005G073200	1734.472
SORBI_3005G073300	286
SORBI_3005G073400	459.302581310037
SORBI_3005G073500	2327.72771744072
SORBI_3005G073600	970.143
SORBI_3005G073700	949
SORBI_3005G073800	1335.958
SORBI_3005G073900	564.341
SORBI_3005G074000	762.925
SORBI_3005G074100	2446.516
SORBI_3005G074200	907
SORBI_3005G074300	1550.024
SORBI_3005G074400	1507.6078801531
SORBI_3005G074500	3670.573
SORBI_3005G074600	576
SORBI_3005G074650	1723
SORBI_3005G074700	479
SORBI_3005G074800	441
SORBI_3005G074900	436
SORBI_3005G075000	423
SORBI_3005G075100	4370.446
SORBI_3005G075200	2296.25123446848
SORBI_3005G075301	1052.671
SORBI_3005G075400	2363.02467873561
SORBI_3005G075500	566.340201773805
SORBI_3005G075600	4946.852
SORBI_3005G075700	2854.357
SORBI_3005G075800	6101.941
SORBI_3005G075900	880.935
SORBI_3005G076100	12169.522
SORBI_3005G076000	238.632
SORBI_3005G076200	14794.814
SORBI_3005G076301	6862.935
SORBI_3005G076400	5064.637
SORBI_3005G076500	5881.203
SORBI_3005G076600	1036.236
SORBI_3005G076650	1104.996
SORBI_3005G076700	1720.381
SORBI_3005G076800	1081
SORBI_3005G077001	1510.33333333333
SORBI_3005G077200	2581.167
SORBI_3005G077300	932.61
SORBI_3005G077400	468.484
SORBI_3005G077466	484.457
SORBI_3005G077532	913
SORBI_3005G077600	1187
SORBI_3005G077633	764.5
SORBI_3005G077666	744
SORBI_3005G077700	341
SORBI_3005G077750	280
SORBI_3005G077800	1432.58777246302
ENSRNA049481201	5
SORBI_3005G077900	1486
SORBI_3005G077933	920.752
SORBI_3005G078000	2420
SORBI_3005G077966	508
SORBI_3005G078066	481.356
SORBI_3005G078132	1213
SORBI_3005G078200	818.53
SORBI_3005G078300	1542.886
SORBI_3005G078400	284
SORBI_3005G078500	245
SORBI_3005G078600	835
SORBI_3005G078700	2348.349
SORBI_3005G078800	1562.695
SORBI_3005G078875	357.846
SORBI_3005G078950	888.293
SORBI_3005G079025	5681.688
SORBI_3005G079100	496.5
SORBI_3005G079201	870.227
SORBI_3005G079300	1921
SORBI_3005G079400	916
SORBI_3005G079500	4370.171
SORBI_3005G079600	1246
SORBI_3005G079700	5090.322
SORBI_3005G079800	5122.911
SORBI_3005G079900	1354.012
SORBI_3005G080000	840
SORBI_3005G080025	562
SORBI_3005G080050	3063
SORBI_3005G080075	1454
SORBI_3005G080100	805
SORBI_3005G080200	613.488
SORBI_3005G080400	1104.926
SORBI_3005G080501	1036.804
SORBI_3005G080600	1394
SORBI_3005G080700	359
SORBI_3005G080800	260
SORBI_3005G080900	733.654
SORBI_3005G081000	4300.746
SORBI_3005G081100	83
SORBI_3005G081200	335
SORBI_3005G081300	114
SORBI_3005G081400	354
SORBI_3005G081500	342
SORBI_3005G081600	76
SORBI_3005G081700	292
SORBI_3005G081800	286
SORBI_3005G081900	2132.979
SORBI_3005G082000	135
SORBI_3005G082100	2166
SORBI_3005G082200	1557.158
ENSRNA049996208	80
SORBI_3005G082300	1147
SORBI_3005G082400	491
SORBI_3005G082500	1401.92
SORBI_3005G082600	1138.658
SORBI_3005G082700	1688.893
SORBI_3005G082740	259
SORBI_3005G082780	2363
SORBI_3005G082820	2254
SORBI_3005G082860	22358.977
SORBI_3005G082900	166
SORBI_3005G082950	514
SORBI_3005G083000	130
SORBI_3005G083100	320
SORBI_3005G083160	304
SORBI_3005G083220	623
SORBI_3005G083280	807.59
SORBI_3005G083340	889
SORBI_3005G083400	1048
SORBI_3005G083550	8263
SORBI_3005G083601	9216
SORBI_3005G083651	10473
SORBI_3005G083500	663
SORBI_3005G083700	672
SORBI_3005G083733	977
SORBI_3005G083766	186
SORBI_3005G083800	2571
SORBI_3005G083866	526
SORBI_3005G083932	545
SORBI_3005G084000	5574.552
SORBI_3005G084100	3427.744
SORBI_3005G084200	150
SORBI_3005G084300	3531.646
SORBI_3005G084400	1801.44
SORBI_3005G084500	1337.75
SORBI_3005G084600	1910.824
SORBI_3005G084800	2644.877
SORBI_3005G084850	780.332
SORBI_3005G084900	1359.31914941288
SORBI_3005G085000	1449.154
SORBI_3005G085100	1092.725
SORBI_3005G085200	3951.181
SORBI_3005G085400	1037
SORBI_3005G085500	663.5
SORBI_3005G085600	2011.29
SORBI_3005G085700	2802.772
SORBI_3005G085800	4484.803
SORBI_3005G085901	1363
SORBI_3005G086000	2654.301
SORBI_3005G086100	983.914
SORBI_3005G086200	1141.956
SORBI_3005G086250	371.862
SORBI_3005G086300	2892.832
SORBI_3005G086400	772
SORBI_3005G086500	715.372
SORBI_3005G086600	1222
SORBI_3005G086650	13350.613
SORBI_3005G086700	3144.609
SORBI_3005G086801	571.154
SORBI_3005G086900	910
SORBI_3005G086950	1639
SORBI_3005G087000	2534.214
SORBI_3005G087100	726.474
SORBI_3005G087200	350.554
SORBI_3005G087300	1150.179
SORBI_3005G087400	2374.775
SORBI_3005G087500	233
SORBI_3005G087600	942.144
SORBI_3005G087666	1224
SORBI_3005G087732	351
SORBI_3005G087800	1564.933
SORBI_3005G087900	2535.62781433595
SORBI_3005G088100	573
SORBI_3005G088200	373
SORBI_3005G088300	906.489
SORBI_3005G088400	1672
SORBI_3005G088500	1298
SORBI_3005G088600	693
SORBI_3005G088700	922
SORBI_3005G088800	925
SORBI_3005G088900	1690.36147488237
SORBI_3005G089000	214.636
SORBI_3005G089101	355
SORBI_3005G089200	1439
SORBI_3005G089300	101
SORBI_3005G089400	3085.54405084105
SORBI_3005G089500	3001
SORBI_3005G089600	2131.18498920359
SORBI_3005G089700	1141
SORBI_3005G089800	1096.968
SORBI_3005G089900	221
SORBI_3005G090000	1824
SORBI_3005G090100	1183
SORBI_3005G090200	147
SORBI_3005G090300	642.394
SORBI_3005G090401	1412.064
SORBI_3005G090500	7045
SORBI_3005G090600	1093.242
SORBI_3005G090700	1589
SORBI_3005G090800	1969.26
SORBI_3005G090900	2630.824
SORBI_3005G091000	3146.768
SORBI_3005G091100	774
SORBI_3005G091200	792
SORBI_3005G091300	4074.35558810266
SORBI_3005G091400	5040.072
SORBI_3005G091500	1914.844
SORBI_3005G091600	761.348
SORBI_3005G091700	2017.087
SORBI_3005G091900	1753.291
SORBI_3005G092000	3502.54445836703
SORBI_3005G092100	964
SORBI_3005G092200	3244.006
SORBI_3005G092301	2035.332
SORBI_3005G092401	1552
SORBI_3005G092500	8920.547
SORBI_3005G092600	2772.8383409544
SORBI_3005G092700	3802.258
SORBI_3005G092800	568.436
SORBI_3005G092900	1382.319
SORBI_3005G093000	2283.309
SORBI_3005G093101	2587.5
SORBI_3005G093200	673
SORBI_3005G093300	838.517
SORBI_3005G093400	586.553
SORBI_3005G093500	2891.94997344492
SORBI_3005G093600	375
SORBI_3005G093700	524
SORBI_3005G093800	2405.54
SORBI_3005G093901	1098
SORBI_3005G094001	3341.28414910445
SORBI_3005G094100	1546
SORBI_3005G094200	3977.517
SORBI_3005G094266	367
SORBI_3005G094332	972.811
SORBI_3005G094400	843
SORBI_3005G094500	1098
SORBI_3005G094600	568.788
SORBI_3005G094700	1153
SORBI_3005G094800	1210.82778910062
SORBI_3005G094900	757
SORBI_3005G095000	4119.842
SORBI_3005G095166	637
SORBI_3005G095332	3536
SORBI_3005G095500	2870.847
SORBI_3005G095600	2694.293
SORBI_3005G095620	682
SORBI_3005G095640	3790.77
SORBI_3005G095660	3379.599
SORBI_3005G095680	3990.321
SORBI_3005G095700	7140.602
SORBI_3005G095800	682
SORBI_3005G095900	1745.65181903067
SORBI_3005G096000	4081.95459921668
SORBI_3005G096101	495.684
SORBI_3005G096201	3008.239
SORBI_3005G096300	5368.636
SORBI_3005G096400	3882.397
SORBI_3005G096500	494
SORBI_3005G096450	593.533
SORBI_3005G096600	3281.973
SORBI_3005G096700	3051.996
SORBI_3005G096800	3163.177
SORBI_3005G096866	445
SORBI_3005G096932	204.467
SORBI_3005G097000	1039
SORBI_3005G097201	615
SORBI_3005G097400	1126
SORBI_3005G097500	1742.664
SORBI_3005G097600	1720.891
SORBI_3005G097700	1263.5740103119
SORBI_3005G097800	1072
SORBI_3005G097900	2391.563
SORBI_3005G098000	790.746
SORBI_3005G098100	808
SORBI_3005G098200	871.723
SORBI_3005G098250	2777.738
SORBI_3005G098300	977
SORBI_3005G098400	1388
SORBI_3005G098501	1003
SORBI_3005G098600	927.768
SORBI_3005G098700	760
SORBI_3005G098800	3795.65330323528
SORBI_3005G098900	1167.97
SORBI_3005G099000	981.769
SORBI_3005G099100	1509.5
SORBI_3005G099150	2865.853
SORBI_3005G099200	4089.886
SORBI_3005G099300	624
SORBI_3005G099400	2399.078
SORBI_3005G099500	2333.993
SORBI_3005G099550	161
SORBI_3005G099600	325
SORBI_3005G099700	571
SORBI_3005G099800	441
SORBI_3005G100000	277
SORBI_3005G100200	2985
SORBI_3005G100250	1225
SORBI_3005G100300	703.687
SORBI_3005G100400	2389
SORBI_3005G100500	664.548
SORBI_3005G100600	2082.636
SORBI_3005G100700	3044.73263032199
SORBI_3005G100800	1296.84689321643
SORBI_3005G100900	1590.169
ENSRNA049996218	37
SORBI_3005G101000	835
SORBI_3005G101100	918.243
SORBI_3005G101200	2969.15102781625
ENSRNA049439896	26
SORBI_3005G101300	4136.426
ENSRNA049439906	26
SORBI_3005G101400	2126.888
SORBI_3005G101500	628
SORBI_3005G101600	791.061
SORBI_3005G101700	468.52
SORBI_3005G101800	1858.445
SORBI_3005G101850	1796
SORBI_3005G101900	1233.145
SORBI_3005G102000	175
SORBI_3005G102100	1095
SORBI_3005G102200	1472
SORBI_3005G102300	923.743
SORBI_3005G102350	13
SORBI_3005G102401	463
SORBI_3005G102451	1539.561
SORBI_3005G102500	1410.77668869997
SORBI_3005G102600	1357
SORBI_3005G102700	570
SORBI_3005G102750	445
SORBI_3005G102800	1674.846
ENSRNA049480419	6
SORBI_3005G102900	5808.626
SORBI_3005G103000	712
SORBI_3005G103050	1768
SORBI_3005G103100	688
SORBI_3005G103200	1273.33333333333
SORBI_3005G103300	1658.11
SORBI_3005G103400	195.686
SORBI_3005G103500	1826.371
SORBI_3005G103600	767.878
SORBI_3005G103650	951
SORBI_3005G103700	676.312
SORBI_3005G103800	2866.73
SORBI_3005G103900	537.522
SORBI_3005G104001	269
SORBI_3005G104100	2232
SORBI_3005G104200	1683.364
SORBI_3005G104300	1479.551
SORBI_3005G104400	763.614
SORBI_3005G104500	6857.61924550928
SORBI_3005G104600	1305
SORBI_3005G104700	925
SORBI_3005G104800	2155.879
SORBI_3005G104850	3944.415
SORBI_3005G104900	722.075
SORBI_3005G105000	1888.554
ENSRNA049996183	10
SORBI_3005G105300	4040.384
SORBI_3005G105500	1281.082
SORBI_3005G105550	1141.578
SORBI_3005G105600	2608
SORBI_3005G105700	1919.99
SORBI_3005G105850	655
SORBI_3005G106000	2703.581
SORBI_3005G106101	286.794
SORBI_3005G106200	3053.258
SORBI_3005G106300	1519
SORBI_3005G106366	1258
SORBI_3005G106432	1819
SORBI_3005G106500	1103.90827324299
SORBI_3005G106600	3463.178
SORBI_3005G106700	3951.26802470889
SORBI_3005G106800	186
SORBI_3005G106900	18889.627
SORBI_3005G107100	334
SORBI_3005G107200	122
SORBI_3005G107250	913
SORBI_3005G107300	531.609
SORBI_3005G107400	1306.741
SORBI_3005G107500	2229.74
SORBI_3005G107700	119
SORBI_3005G107800	820.964
SORBI_3005G107900	1533.081
SORBI_3005G108000	1097.087
SORBI_3005G108075	525.145
SORBI_3005G108150	747
SORBI_3005G108225	1522.63
SORBI_3005G108300	1037
SORBI_3005G108400	903
SORBI_3005G108501	843
SORBI_3005G108500	13282.756
SORBI_3005G108600	1077.89749783853
SORBI_3005G108601	1687
SORBI_3005G108700	878
SORBI_3005G108801	536.909747292096
SORBI_3005G108900	457
SORBI_3005G109000	1997.074
SORBI_3005G109101	328
SORBI_3005G109201	1471
SORBI_3005G109300	532
SORBI_3005G109400	439
SORBI_3005G109500	667
SORBI_3005G109600	376.43
SORBI_3005G109800	1132
SORBI_3005G109900	1612
SORBI_3005G110000	278
SORBI_3005G110040	275
SORBI_3005G110080	264
SORBI_3005G110120	1789
SORBI_3005G110160	1933
SORBI_3005G110200	8234.094
SORBI_3005G110300	492.441
SORBI_3005G110350	937
SORBI_3005G110400	2379.77141973785
SORBI_3005G110403	344.693
SORBI_3005G110406	992.431
SORBI_3005G110409	1216.495
SORBI_3005G110412	820
SORBI_3005G110415	1822
SORBI_3005G110418	760
SORBI_3005G110421	606
SORBI_3005G110424	3190
SORBI_3005G110427	466.098
SORBI_3005G110430	53
SORBI_3005G110433	3622
SORBI_3005G110436	1881.296
SORBI_3005G110439	954.483
SORBI_3005G110442	591.680196572607
SORBI_3005G110445	1670.649
SORBI_3005G110448	1044
SORBI_3005G110451	601.662
SORBI_3005G110454	312.708
SORBI_3005G110457	2856.263
SORBI_3005G110460	2664.692
SORBI_3005G110463	1642
SORBI_3005G110466	1561
SORBI_3005G110469	190.762310047312
SORBI_3005G110472	975.5533853861
SORBI_3005G110475	3640.237
SORBI_3005G110478	1738
SORBI_3005G110481	1674.471
SORBI_3005G110484	1768
SORBI_3005G110487	2584.867
SORBI_3005G110490	961.358
SORBI_3005G110493	167
SORBI_3005G110496	11187.179
SORBI_3005G110499	2455.603
SORBI_3005G110502	3885.877
SORBI_3005G110505	620
SORBI_3005G110508	7028.221
SORBI_3005G110511	3491.666
SORBI_3005G110514	2533
SORBI_3005G110517	224
SORBI_3005G110520	714.719
SORBI_3005G110523	13589.098
SORBI_3005G110526	600.399
SORBI_3005G110529	39
SORBI_3005G110532	2035
SORBI_3005G110535	2949.055
SORBI_3005G110538	1155
SORBI_3005G110541	1642.997
SORBI_3005G110544	1366.358
SORBI_3005G110547	1770.481
SORBI_3005G110550	1150.999
SORBI_3005G110553	1755.064
SORBI_3005G110556	994
SORBI_3005G110559	412
SORBI_3005G110562	778
SORBI_3005G110565	1519
SORBI_3005G110600	1552
SORBI_3005G110700	439
SORBI_3005G110800	405.353
SORBI_3005G110900	2341.042
SORBI_3005G111000	3827.8549498908
SORBI_3005G111100	858.275
SORBI_3005G111200	2092.077
SORBI_3005G111400	1687.425
SORBI_3005G111450	1546
SORBI_3005G111500	2127.92811043684
SORBI_3005G111550	1892.203
SORBI_3005G111600	739.299
SORBI_3005G111700	1326.81135801945
SORBI_3005G111800	610
SORBI_3005G111900	1619.514
SORBI_3005G112000	638
SORBI_3005G112033	1386
SORBI_3005G112066	218
SORBI_3005G112100	1043.309
SORBI_3005G112200	469
SORBI_3005G112300	3842.03973023379
SORBI_3005G112400	1243
SORBI_3005G112500	629
SORBI_3005G112566	117
SORBI_3005G112632	328.513
SORBI_3005G112700	562
SORBI_3005G112800	1644.92744041018
SORBI_3005G112900	531.877
SORBI_3005G113101	1600
SORBI_3005G113300	1466.071
SORBI_3005G113533	555.006
SORBI_3005G113766	1020.647
SORBI_3005G114000	6521.55
SORBI_3005G114101	7463.376
SORBI_3005G114201	560
SORBI_3005G114300	672.252
SORBI_3005G114400	1621.98293331011
SORBI_3005G114500	10310.94
SORBI_3005G114600	1023.89505385873
SORBI_3005G114700	604
SORBI_3005G114800	3395.464
SORBI_3005G114900	646
SORBI_3005G115000	711.557
ENSRNA049485579	29
ENSRNA049485573	1366
ENSRNA049485586	29
ENSRNA049485570	3210.734
ENSRNA049485571	2933.588
ENSRNA049485583	29
ENSRNA049485572	1331
ENSRNA049485589	162
ENSRNA049485591	18.646
ENSRNA049485577	545.008
ENSRNA049485574	971.779
ENSRNA049485585	43.55
ENSRNA049485569	3278.53
ENSRNA049485592	30
ENSRNA049485566	3317.041
ENSRNA049485587	29
ENSRNA049485567	3217.957
ENSRNA049485582	46.405
ENSRNA049485575	419
SORBI_3005G115200	2620
SORBI_3005G115300	1833
SORBI_3005G115400	3271.192
SORBI_3005G115350	975.193
SORBI_3005G115500	3107.377
SORBI_3005G115600	11788.776
SORBI_3005G115800	2133.884
SORBI_3005G115900	1358.076
SORBI_3005G116000	303
SORBI_3005G116100	450.352
SORBI_3005G116200	1386.77480219658
SORBI_3005G116250	319
SORBI_3005G116300	4811.016
SORBI_3005G116400	93
SORBI_3005G116500	14951.446
SORBI_3005G116601	586.932
SORBI_3005G116700	2848
SORBI_3005G116800	824
SORBI_3005G116900	161
SORBI_3005G117001	1075
SORBI_3005G117100	2249.851
SORBI_3005G117200	1436.237
SORBI_3005G117300	1489.732
SORBI_3005G117400	1256.514
SORBI_3005G117500	2427.648
SORBI_3005G117600	904
SORBI_3005G117700	181
SORBI_3005G117801	2781
SORBI_3005G117901	637
ENSRNA049482792	32
SORBI_3005G118000	517
SORBI_3005G118100	556
SORBI_3005G118201	413
SORBI_3005G118300	340
SORBI_3005G118400	2084.08
ENSRNA049482800	25
SORBI_3005G118500	1036
SORBI_3005G118600	7665.628
SORBI_3005G118700	722
SORBI_3005G118800	5235.11813199699
SORBI_3005G118900	1479.744
SORBI_3005G119001	1156.267
SORBI_3005G119100	1108.177
SORBI_3005G119250	1651
SORBI_3005G119400	3523.231
SORBI_3005G119300	433.66
SORBI_3005G119700	1524.496
SORBI_3005G119800	210
SORBI_3005G119900	1039.034
SORBI_3005G119950	1309
SORBI_3005G120000	527.105
SORBI_3005G120101	2118
SORBI_3005G120201	673
SORBI_3005G120301	1411
SORBI_3005G120400	1705
SORBI_3005G120433	67
SORBI_3005G120466	761
SORBI_3005G120500	1621.033
SORBI_3005G120600	1451.362
SORBI_3005G120700	1927.406
SORBI_3005G120800	868.21
SORBI_3005G120900	2398
SORBI_3005G121100	1075.68
SORBI_3005G121200	709.874855201658
SORBI_3005G121300	648.492
SORBI_3005G121500	1587
SORBI_3005G121600	438
SORBI_3005G121700	820
SORBI_3005G121800	978.685
SORBI_3005G122000	593
SORBI_3005G122100	457
SORBI_3005G122300	737.631
SORBI_3005G122400	3784.275
SORBI_3005G122500	2090.933
SORBI_3005G122600	994
SORBI_3005G122700	2043.85
SORBI_3005G122800	1249.424
SORBI_3005G122850	289
SORBI_3005G122900	1773.993
SORBI_3005G123000	975.971
SORBI_3005G123200	1242.66701721793
SORBI_3005G123300	2693
SORBI_3005G123400	2087.24934747989
SORBI_3005G123450	303
SORBI_3005G123500	1794.496
SORBI_3005G123700	342.817
SORBI_3005G123900	5718
SORBI_3005G124100	5428.026
SORBI_3005G124200	5250.391
SORBI_3005G124300	2155.725
SORBI_3005G124350	1134.935
SORBI_3005G124400	924.374
SORBI_3005G124500	4136.818
SORBI_3005G124600	2246.627
SORBI_3005G124700	2206
SORBI_3005G124850	917.134
SORBI_3005G125000	5812.272
SORBI_3005G125100	2252
SORBI_3005G125200	1479
SORBI_3005G125300	261.408
SORBI_3005G125400	1883
SORBI_3005G125600	694
SORBI_3005G125700	4404.231
SORBI_3005G125800	911
SORBI_3005G125950	1220.534
SORBI_3005G126100	888.937
SORBI_3005G126200	979.583
SORBI_3005G126300	1432.89342098891
SORBI_3005G126401	1141
SORBI_3005G126501	613
SORBI_3005G126600	3444.39
SORBI_3005G126701	682
SORBI_3005G126800	2419.515
SORBI_3005G126900	1965.288
SORBI_3005G127000	3809.463
SORBI_3005G127100	2907.9
SORBI_3005G127200	1960.707
SORBI_3005G127300	4775.44777948394
SORBI_3005G127400	1063
SORBI_3005G127500	221
SORBI_3005G127600	502
SORBI_3005G127800	2442.552
SORBI_3005G127900	3565.279
SORBI_3005G128000	2336.89
SORBI_3005G128100	1818.26
SORBI_3005G128200	3804.798
SORBI_3005G128300	1972.995
SORBI_3005G128400	4661.757
SORBI_3005G128550	571
SORBI_3005G128700	961.948
SORBI_3005G128800	265.413
SORBI_3005G128900	292
SORBI_3005G129000	431
SORBI_3005G129100	1292
SORBI_3005G129201	1184.894
SORBI_3005G129301	3115
SORBI_3005G129400	1766.942
SORBI_3005G129501	2785.423
SORBI_3005G129600	1882
SORBI_3005G129650	483.37
SORBI_3005G129700	1128
SORBI_3005G129716	792.687
ENSRNA049482797	10
ENSRNA049482791	538.929
ENSRNA049482790	529
SORBI_3005G129732	782.426
SORBI_3005G129748	747.898
SORBI_3005G129764	117
SORBI_3005G129780	788.933
SORBI_3005G129800	568
SORBI_3005G129900	1466.839
SORBI_3005G129950	765.397
SORBI_3005G130001	693
SORBI_3005G130051	1939
SORBI_3005G130100	1803
SORBI_3005G130200	1433.577
SORBI_3005G130400	1929.61517893694
SORBI_3005G130450	614
SORBI_3005G130500	2554
SORBI_3005G130550	2017.107
SORBI_3005G130600	433
SORBI_3005G130700	2314
SORBI_3005G130800	409
SORBI_3005G130900	420
SORBI_3005G131000	498
SORBI_3005G131100	466
SORBI_3005G131200	732.671
SORBI_3005G131301	1712
SORBI_3005G131400	637.707
SORBI_3005G131500	161
SORBI_3005G131550	158
SORBI_3005G131600	2695.25879674394
SORBI_3005G131700	839.413
SORBI_3005G131800	6150.806
SORBI_3005G131900	1235.663
SORBI_3005G132000	2972.35050082682
SORBI_3005G132033	1495
SORBI_3005G132066	258.545
SORBI_3005G132100	1007.367
SORBI_3005G132200	1771.575
SORBI_3005G132250	1639
SORBI_3005G132300	2854.25
ENSRNA049439930	25
SORBI_3005G132400	3295.706
SORBI_3005G132501	1906.381
SORBI_3005G132600	2054.601
SORBI_3005G132700	908.583
SORBI_3005G132800	207.378
SORBI_3005G133000	802
SORBI_3005G133100	1900
SORBI_3005G133133	1508
SORBI_3005G133166	236.641
SORBI_3005G133200	7155.397
SORBI_3005G133233	1333.537
SORBI_3005G133266	940
SORBI_3005G133300	1913
SORBI_3005G133350	804.977
SORBI_3005G133400	1613.5
SORBI_3005G133500	1746.151
SORBI_3005G133600	5956.358
SORBI_3005G133700	926.254
SORBI_3005G133750	746
SORBI_3005G133800	3859.887
SORBI_3005G133900	687.339
SORBI_3005G134000	1964.82
SORBI_3005G134100	566.29
SORBI_3005G134200	2169
SORBI_3005G134301	805
SORBI_3005G134400	784
SORBI_3005G134501	1024.336
SORBI_3005G134600	2013.42643260201
SORBI_3005G134700	1046
SORBI_3005G134800	425.5
SORBI_3005G134900	964
SORBI_3005G135000	1257.647
SORBI_3005G135100	130
SORBI_3005G135300	1456
SORBI_3005G135400	1079
SORBI_3005G135500	1205
SORBI_3005G135533	1865
SORBI_3005G135566	1915
SORBI_3005G135600	613
SORBI_3005G135700	1830
SORBI_3005G135800	1570
SORBI_3005G136100	800
SORBI_3005G136200	1892.72
SORBI_3005G136300	1634.199
SORBI_3005G136450	1045
SORBI_3005G136600	1045
SORBI_3005G136800	1366.525
SORBI_3005G136900	1114.729
SORBI_3005G137000	1631.842
SORBI_3005G137100	1269.816
SORBI_3005G137200	1462.524
SORBI_3005G137300	2481.631
SORBI_3005G137400	778.313
SORBI_3005G137500	1978
SORBI_3005G137700	1409.295
SORBI_3005G137800	715
SORBI_3005G137900	1924.505
SORBI_3005G138000	2604.498
SORBI_3005G138100	60
SORBI_3005G138150	1196.845
SORBI_3005G138200	1226.549
SORBI_3005G138300	4834.992
SORBI_3005G138500	741.845
SORBI_3005G138600	2431.705
SORBI_3005G138800	161
SORBI_3005G138900	1629
SORBI_3005G139000	1156.248
SORBI_3005G139075	2716.891
SORBI_3005G139150	136
SORBI_3005G139225	872.473
SORBI_3005G139300	2599.99338299657
SORBI_3005G139400	1098.012
SORBI_3005G139500	873.74
SORBI_3005G139600	737
SORBI_3005G139700	4361.246
SORBI_3005G139750	613.479
SORBI_3005G139800	3697
SORBI_3005G139900	1121.252
ENSRNA049482900	27
SORBI_3005G140001	1135
SORBI_3005G140100	1628
SORBI_3005G140200	1183
SORBI_3005G140300	151
SORBI_3005G140400	161
SORBI_3005G140450	428
SORBI_3005G140500	1815.109
SORBI_3005G140600	198
SORBI_3005G140900	1129
SORBI_3005G141000	1453
SORBI_3005G141100	1498.308
SORBI_3005G141200	3350.607
SORBI_3005G141300	536
SORBI_3005G141400	315
SORBI_3005G141500	274
SORBI_3005G141600	255
SORBI_3005G141700	284
SORBI_3005G141801	632.985812764807
SORBI_3005G141900	1012
SORBI_3005G142000	8016
SORBI_3005G142101	161
SORBI_3005G142200	562.566
SORBI_3005G142300	161
SORBI_3005G142400	883
SORBI_3005G142500	1759
SORBI_3005G142600	1749
SORBI_3005G142700	1910.329
SORBI_3005G142800	2396.56464603354
SORBI_3005G142900	1771.516
SORBI_3005G143000	2391.22453172678
SORBI_3005G143100	917.571
SORBI_3005G143200	1681.17
SORBI_3005G143300	1083.46341589519
SORBI_3005G143400	1010.742
SORBI_3005G143500	1720.941
SORBI_3005G143800	1067.334
SORBI_3005G143900	848.501
SORBI_3005G144000	1557
SORBI_3005G144101	1225
SORBI_3005G144201	1648.324
SORBI_3005G144300	1156.255
SORBI_3005G144400	5959.903
SORBI_3005G144450	184
SORBI_3005G144500	1590
SORBI_3005G144600	2169.763
SORBI_3005G144800	1090
SORBI_3005G144900	820
SORBI_3005G145000	1238
SORBI_3005G145100	928.5
SORBI_3005G145201	1190.297
SORBI_3005G145300	1807.213
SORBI_3005G145400	1382
SORBI_3005G145550	1159.39771296544
SORBI_3005G145700	2376
SORBI_3005G145800	1026.345
SORBI_3005G145900	373
SORBI_3005G145950	1723
SORBI_3005G146000	305
SORBI_3005G146200	215
SORBI_3005G146300	1402
SORBI_3005G146400	765.649
SORBI_3005G146533	585.027
SORBI_3005G146666	518.165
SORBI_3005G146800	430
SORBI_3005G146900	2232.511
SORBI_3005G146966	166
SORBI_3005G147032	798
SORBI_3005G147100	796
SORBI_3005G147200	809
SORBI_3005G147300	1235
SORBI_3005G147400	807
SORBI_3005G147500	543
SORBI_3005G147600	423
SORBI_3005G147700	798
SORBI_3005G147800	1113
SORBI_3005G147900	3847
SORBI_3005G148000	3641
SORBI_3005G148100	378
SORBI_3005G148201	368
SORBI_3005G148300	959
SORBI_3005G148400	607
SORBI_3005G148500	551.012
SORBI_3005G148600	421
SORBI_3005G148700	459
SORBI_3005G148900	424
SORBI_3005G148950	1599
SORBI_3005G149000	221
SORBI_3005G149100	1022.042
SORBI_3005G149200	1872.472
SORBI_3005G149300	973.01525790869
SORBI_3005G149400	986.196
SORBI_3005G149500	2151.81123480342
SORBI_3005G149550	2074
SORBI_3005G149600	1777
SORBI_3005G149650	1453
SORBI_3005G149700	557.789
SORBI_3005G149800	369
SORBI_3005G150000	241
SORBI_3005G150100	400
SORBI_3005G150150	155
SORBI_3005G150200	1628
SORBI_3005G150250	846
SORBI_3005G150300	3267
SORBI_3005G150350	3344.995
SORBI_3005G150400	179.597
SORBI_3005G150501	777
SORBI_3005G150600	752.598
SORBI_3005G150700	2581
SORBI_3005G150800	801.52
SORBI_3005G150900	1259.393
SORBI_3005G151000	799
SORBI_3005G151100	667
SORBI_3005G151200	122
SORBI_3005G151300	122
SORBI_3005G151350	651.076
SORBI_3005G151400	5805
SORBI_3005G151500	4125
SORBI_3005G151700	1219
SORBI_3005G151800	1070
SORBI_3005G151900	1351
SORBI_3005G152000	1537.71156275574
SORBI_3005G152100	1093.21
SORBI_3005G152200	1517.672
SORBI_3005G152250	130
SORBI_3005G152300	953.601
SORBI_3005G152400	315
SORBI_3005G152500	888.439
SORBI_3005G152550	793
SORBI_3005G152600	1903
SORBI_3005G152700	327
SORBI_3005G152800	544
SORBI_3005G152866	263
SORBI_3005G152932	522
SORBI_3005G153000	3037.391
SORBI_3005G153033	698
SORBI_3005G153066	280
SORBI_3005G153100	418
SORBI_3005G153200	295
SORBI_3005G153300	829
SORBI_3005G153400	538
SORBI_3005G153500	369
SORBI_3005G153600	486
SORBI_3005G153700	201
SORBI_3005G153800	1417
SORBI_3005G153900	1890
SORBI_3005G154000	983.5
SORBI_3005G154100	4039.121
SORBI_3005G154300	1681.145
SORBI_3005G154400	22253.099
SORBI_3005G154500	1458.12220068503
SORBI_3005G154600	133
SORBI_3005G154700	1585.455
SORBI_3005G154800	6684.026
SORBI_3005G154850	1202.704
SORBI_3005G154900	674.827
SORBI_3005G155001	172
SORBI_3005G155100	5151.769
SORBI_3005G155200	699.712
SORBI_3005G155300	1259.617
SORBI_3005G155500	101
SORBI_3005G155600	2299.94
ENSRNA049439960	27
SORBI_3005G155700	1022.725
SORBI_3005G155800	926.842
SORBI_3005G155900	1228
SORBI_3005G156000	1427.05
SORBI_3005G156100	2525.374
SORBI_3005G156201	114
SORBI_3005G156300	1599.5
SORBI_3005G156400	2274.153
SORBI_3005G156450	4289
SORBI_3005G156500	1061.289
SORBI_3005G156600	1078
SORBI_3005G156700	1504
SORBI_3005G156800	1072
SORBI_3005G156850	572.979
SORBI_3005G156900	1641.497
SORBI_3005G157000	2988.82703765032
SORBI_3005G157100	1521.493
SORBI_3005G157200	2650.975
SORBI_3005G157300	1247.507
SORBI_3005G157400	251
SORBI_3005G157500	1567
SORBI_3005G157600	1498
SORBI_3005G157733	2682.523
SORBI_3005G157866	172
SORBI_3005G158000	1587.156
SORBI_3005G158100	581.302134888301
SORBI_3005G158200	1498
SORBI_3005G158300	1301.532
SORBI_3005G158400	624
SORBI_3005G158500	799
SORBI_3005G158700	157
SORBI_3005G158801	214
SORBI_3005G158901	997
SORBI_3005G159000	3899.07
SORBI_3005G159100	376
SORBI_3005G159200	1754.152
SORBI_3005G159400	1400.5
SORBI_3005G159500	427
SORBI_3005G159600	1156.857
SORBI_3005G159801	2719.653
SORBI_3005G160000	632.014
SORBI_3005G160100	3126.275
SORBI_3005G160200	2098.879
SORBI_3005G160300	1205.58149294124
SORBI_3005G160400	2853.47217837545
SORBI_3005G160500	2986.199
SORBI_3005G160600	4365.284
SORBI_3005G160700	1020
SORBI_3005G160801	518.441
SORBI_3005G160900	3200.64
SORBI_3005G161000	3602
SORBI_3005G161100	2714.475
SORBI_3005G161200	2605
SORBI_3005G161400	6322.391
SORBI_3005G161500	4404.714
SORBI_3005G161600	4608.5
SORBI_3005G161700	1631.034
SORBI_3005G161750	215
SORBI_3005G161800	386
SORBI_3005G161900	2035.36579121278
SORBI_3005G162000	3300.052
SORBI_3005G162100	2175
SORBI_3005G162200	3331.756
SORBI_3005G162300	6082.462
ENSRNA049440295	26
SORBI_3005G162400	233
SORBI_3005G162500	3593.782
SORBI_3005G162600	1306.256
SORBI_3005G162800	1169.978
SORBI_3005G162900	3100.21
SORBI_3005G163100	14354.953698791
SORBI_3005G163200	731.554
SORBI_3005G163301	5488.477
SORBI_3005G163400	4500.211
SORBI_3005G163450	874
SORBI_3005G163500	6720.849
SORBI_3005G163600	3527.30621975946
SORBI_3005G163700	2043.092
SORBI_3005G163800	2011
SORBI_3005G163866	9307.024
SORBI_3005G163932	606
SORBI_3005G164000	1984.201
SORBI_3005G164100	3647.367
SORBI_3005G164200	1127.152
SORBI_3005G164300	1546
SORBI_3005G164400	385
SORBI_3005G164500	1031.462
SORBI_3005G164700	510.66
SORBI_3005G164800	3847.466
SORBI_3005G164900	1962.365
SORBI_3005G164966	821.543
SORBI_3005G165032	931
SORBI_3005G165100	2221
SORBI_3005G165201	1720.462
SORBI_3005G165300	913
SORBI_3005G165400	2836.415
SORBI_3005G165500	2878.90145180612
SORBI_3005G165566	198
SORBI_3005G165632	685
SORBI_3005G165700	1583.897
SORBI_3005G165800	2991.826
SORBI_3005G165850	830
SORBI_3005G165900	1751.122
SORBI_3005G165950	2402
SORBI_3005G166000	4218.451
SORBI_3005G166200	938.817
SORBI_3005G166100	1277.57
SORBI_3005G166300	3794
SORBI_3005G166366	1138
SORBI_3005G166432	1629
SORBI_3005G166500	535.178
SORBI_3005G166700	1991.164
SORBI_3005G166800	2594.5
SORBI_3005G166900	4842.346
SORBI_3005G167000	1843
SORBI_3005G167100	452
SORBI_3005G167200	6164.217
SORBI_3005G167300	3775.185
SORBI_3005G167400	3707.66405640942
SORBI_3005G167450	1107
SORBI_3005G167500	5874.91844022664
SORBI_3005G167600	1624
SORBI_3005G167650	472
ENSRNA049439979	25
SORBI_3005G167700	3369.268
SORBI_3005G167800	1500.819
SORBI_3005G168000	2510.20545865286
SORBI_3005G168100	995.378
SORBI_3005G168200	1105.48
SORBI_3005G168300	1276.471
SORBI_3005G168400	3178
SORBI_3005G168500	985
SORBI_3005G168600	1334.13552780372
SORBI_3005G168700	1454.454
SORBI_3005G168800	650.304
SORBI_3005G168900	788.245
SORBI_3005G169000	353.642
SORBI_3005G169100	1280.822
SORBI_3005G169200	1261.75
SORBI_3005G169300	513
SORBI_3005G169400	1309.888
SORBI_3005G169500	2338.526
SORBI_3005G169600	2361.964
SORBI_3005G169700	4177.253
SORBI_3005G169800	2675.788
SORBI_3005G169900	3012.302
SORBI_3005G170000	297.284
SORBI_3005G170100	1709.344
SORBI_3005G170150	753
SORBI_3005G170200	1692.385
SORBI_3005G170300	952
SORBI_3005G170400	1468
SORBI_3005G170500	1189
SORBI_3005G170600	1216
SORBI_3005G170700	1308
SORBI_3005G170800	1201
SORBI_3005G170900	1438.57475731021
SORBI_3005G171001	526
SORBI_3005G171100	1532
SORBI_3005G171200	1543
SORBI_3005G171300	1772.14062651526
SORBI_3005G171400	1153
SORBI_3005G171500	874
SORBI_3005G171600	1366
SORBI_3005G171700	1111
SORBI_3005G171800	712.352
SORBI_3005G171900	793
SORBI_3005G172000	430
SORBI_3005G172100	1244.683
SORBI_3005G172200	1891
SORBI_3005G172300	1595.499
SORBI_3005G172400	5310.95792406225
ENSRNA049440270	25
ENSRNA049440261	25
SORBI_3005G172500	2126.377
SORBI_3005G172700	2764
SORBI_3005G172800	2352.5
SORBI_3005G172900	1689.903
SORBI_3005G173100	5982.725
SORBI_3005G173200	2963.43
SORBI_3005G173366	614.76841519928
SORBI_3005G173532	197
SORBI_3005G173700	543.399
SORBI_3005G173800	285
SORBI_3005G173900	232
SORBI_3005G174000	297
SORBI_3005G174100	328
SORBI_3005G174200	302
SORBI_3005G174400	237
SORBI_3005G174500	304
SORBI_3005G174600	294
SORBI_3005G174700	328
SORBI_3005G174750	1147.23
SORBI_3005G174800	274
SORBI_3005G174900	358
SORBI_3005G175000	969.339756429789
SORBI_3005G175100	2339.249
SORBI_3005G175150	2157
SORBI_3005G175200	408
SORBI_3005G175300	1385.735
SORBI_3005G175400	1885.161
SORBI_3005G175500	2443.846
SORBI_3005G175600	2856.359
SORBI_3005G175700	616
SORBI_3005G175800	946.139
SORBI_3005G175900	1365.629
SORBI_3005G176000	1911.129
SORBI_3005G176100	1524.887
SORBI_3005G176300	3694
SORBI_3005G176500	199
SORBI_3005G176600	1132
SORBI_3005G176700	2532
SORBI_3005G176800	342.5
SORBI_3005G176875	402
SORBI_3005G176950	332
SORBI_3005G177025	464.713
SORBI_3005G177100	1076
SORBI_3005G177200	447
SORBI_3005G177400	1199
SORBI_3005G177500	1106
SORBI_3005G177600	1307.091
SORBI_3005G177700	1951.8
SORBI_3005G177800	1341.74638027566
SORBI_3005G177900	1346.125
SORBI_3005G178100	1788.64594454181
SORBI_3005G178200	209
SORBI_3005G178300	2657.455
SORBI_3005G178400	759
ENSRNA049474930	4
SORBI_3005G178550	989.397
SORBI_3005G178700	1880.285
SORBI_3005G178800	1413.249
SORBI_3005G178950	3082.54256583786
SORBI_3005G179100	474
SORBI_3005G179200	2883.17
SORBI_3005G179300	2055.192
SORBI_3005G179400	2149
ENSRNA049996191	70
SORBI_3005G179500	1871.18
SORBI_3005G179600	2869
SORBI_3005G179700	836
SORBI_3005G179800	607
SORBI_3005G179900	858
SORBI_3005G180000	607
SORBI_3005G180100	544
SORBI_3005G180150	239
SORBI_3005G180200	397
SORBI_3005G180300	346
SORBI_3005G180400	367
SORBI_3005G180500	1005.589
SORBI_3005G180600	2481.516
SORBI_3005G180700	1203.482
SORBI_3005G180800	595.277
SORBI_3005G180850	621
SORBI_3005G180900	2860.356
SORBI_3005G181000	2048.985
SORBI_3005G181100	806.664
SORBI_3005G181200	2913.299
SORBI_3005G181300	271
SORBI_3005G181400	218
SORBI_3005G181500	664
SORBI_3005G181600	1262.966
SORBI_3005G181700	3545.66666666667
SORBI_3005G181800	3534
SORBI_3005G181900	1040.681
SORBI_3005G182000	1763.963
SORBI_3005G182100	3005.155
SORBI_3005G182200	2313.944
SORBI_3005G182300	812.214
SORBI_3005G182400	4126.033
SORBI_3005G182500	3045.49394259576
SORBI_3005G182600	196.441
SORBI_3005G182701	865
SORBI_3005G182800	3599.902
SORBI_3005G182900	4916.398
SORBI_3005G183000	3861
SORBI_3005G183100	1299.233
SORBI_3005G183200	1517.515
SORBI_3005G183300	4447
SORBI_3005G183400	3981.277
SORBI_3005G183450	9823.589
SORBI_3005G183500	12582.803
SORBI_3005G183600	685
SORBI_3005G183700	1171
SORBI_3005G183900	4791.61
SORBI_3005G184000	933
ENSRNA049440013	26
SORBI_3005G184050	3394.983
SORBI_3005G184100	231.166
SORBI_3005G184200	1151.778
SORBI_3005G184300	1884.244
SORBI_3005G184400	661
SORBI_3005G184500	670
SORBI_3005G184600	391
SORBI_3005G184700	769
SORBI_3005G184800	765
SORBI_3005G184900	679
SORBI_3005G185000	210
SORBI_3005G185100	1103.541
SORBI_3005G185150	1111.437
SORBI_3005G185200	823.741
SORBI_3005G185300	257
SORBI_3005G185400	837
SORBI_3005G185500	1495.002
SORBI_3005G185600	836
SORBI_3005G185750	850.929
SORBI_3005G185900	484
SORBI_3005G186000	490
SORBI_3005G186100	1893.637
SORBI_3005G186200	1886.12
SORBI_3005G186250	114
SORBI_3005G186300	532
SORBI_3005G186400	1842.716
SORBI_3005G186500	1935
SORBI_3005G186600	422
SORBI_3005G186700	1236
SORBI_3005G186800	2120.651
SORBI_3005G187000	1110.186
SORBI_3005G187100	263
SORBI_3005G187200	1237.919
SORBI_3005G187250	184
ENSRNA049475008	5
SORBI_3005G187300	5180.505
SORBI_3005G187400	1700.384
SORBI_3005G187500	880.027
SORBI_3005G187600	253
SORBI_3005G187700	4018.09
SORBI_3005G187800	1534.01899458152
SORBI_3005G187900	5483.056
SORBI_3005G188000	1440
SORBI_3005G188100	1044.924
SORBI_3005G188200	750.733
SORBI_3005G188300	1994.62788070659
SORBI_3005G188400	1820
SORBI_3005G188500	2325
SORBI_3005G188600	3230.235
ENSRNA049440057	25
SORBI_3005G188800	782
SORBI_3005G188900	1048
SORBI_3005G189000	804
SORBI_3005G189100	1237
SORBI_3005G189300	1529.899
SORBI_3005G189400	856
SORBI_3005G189500	297
SORBI_3005G189600	286
SORBI_3005G189700	286
SORBI_3005G189800	269
SORBI_3005G189900	931
SORBI_3005G190000	937
SORBI_3005G190100	877
SORBI_3005G190200	562
SORBI_3005G190300	342
SORBI_3005G190400	793
SORBI_3005G190500	802
SORBI_3005G190600	269
SORBI_3005G190700	1098.653
SORBI_3005G190800	1113
SORBI_3005G190900	1852
SORBI_3005G191000	925
SORBI_3005G191101	470
SORBI_3005G191200	1768
SORBI_3005G191300	1121
SORBI_3005G191350	781
SORBI_3005G191400	1813
SORBI_3005G191500	1659.175
SORBI_3005G191600	566.107489231877
SORBI_3005G191700	1569.683
SORBI_3005G191900	2378.67349144273
SORBI_3005G192000	2189
SORBI_3005G192100	4344.204
SORBI_3005G192200	1107.983
SORBI_3005G192300	4617.88
SORBI_3005G192350	755
SORBI_3005G192400	2578.478
SORBI_3005G192500	1481.093
SORBI_3005G192600	798
SORBI_3005G192700	744
SORBI_3005G192801	738
SORBI_3005G192901	728
SORBI_3005G193000	786
SORBI_3005G192900	774
SORBI_3005G193100	706
SORBI_3005G193140	646
SORBI_3005G193180	790
SORBI_3005G193220	788
SORBI_3005G193260	738
SORBI_3005G193300	2581
SORBI_3005G193400	215
SORBI_3005G193500	2740
SORBI_3005G193600	1745
SORBI_3005G193700	610
SORBI_3005G193800	1650.469
SORBI_3005G193900	1249
SORBI_3005G194000	2669.399
SORBI_3005G194100	1648.276
SORBI_3005G194200	1480.237
SORBI_3005G194300	1785.27682608652
SORBI_3005G194400	809.169
SORBI_3005G194500	484
SORBI_3005G194700	6873.218
SORBI_3005G194800	407.695
SORBI_3005G194900	1573.659
SORBI_3005G195000	4480.455
SORBI_3005G195100	2638.28580465426
SORBI_3005G195200	886.043223376464
SORBI_3005G195301	420.023
SORBI_3005G195400	2235
SORBI_3005G195600	2044.193
SORBI_3005G195700	1876
SORBI_3005G195750	1669
SORBI_3005G195800	1795.15022864298
SORBI_3005G195900	2089.419
SORBI_3005G196000	1702
SORBI_3005G196100	967.489
SORBI_3005G196200	1556
SORBI_3005G196300	1473.301
SORBI_3005G196400	329
SORBI_3005G196450	504
SORBI_3005G196500	2907
SORBI_3005G196600	13403.434
SORBI_3005G196533	1504
SORBI_3005G196566	201
SORBI_3005G196700	1820.562
SORBI_3005G196800	525.644
SORBI_3005G196900	2354.002
SORBI_3005G196950	679.532985560218
SORBI_3005G197000	1192
SORBI_3005G197100	1347.475
SORBI_3005G197200	663
SORBI_3005G197300	2735.527
SORBI_3005G197350	144
SORBI_3005G197400	919
SORBI_3005G197500	2552
SORBI_3005G197600	4690.60479786442
SORBI_3005G197700	655.707
SORBI_3005G197800	443.5
SORBI_3005G197900	325
SORBI_3005G198000	2131.244
SORBI_3005G198100	835.955
SORBI_3005G198150	436.784
SORBI_3005G198200	1860.137
SORBI_3005G198300	993
SORBI_3005G198400	1868
SORBI_3005G198500	1904.735
SORBI_3005G198600	1672
SORBI_3005G198700	706
SORBI_3005G198800	1873
SORBI_3005G198901	1448.459
SORBI_3005G199000	406
SORBI_3005G199050	574
SORBI_3005G199101	685
SORBI_3005G199151	586
SORBI_3005G199200	3265.108
SORBI_3005G199300	946
SORBI_3005G199400	1815.594
SORBI_3005G199500	955
SORBI_3005G199700	2676
SORBI_3005G199800	1832
SORBI_3005G200100	497
SORBI_3005G200200	1390.497
SORBI_3005G200300	730.199
SORBI_3005G200400	268
SORBI_3005G200600	738
SORBI_3005G200700	343
SORBI_3005G200800	2843.49543364006
ENSRNA049440146	27
SORBI_3005G200900	3558.52508091552
SORBI_3005G201000	2530.952
SORBI_3005G201100	3136.946
SORBI_3005G201200	3360
SORBI_3005G201400	697
SORBI_3005G201501	631
SORBI_3005G201600	1012
SORBI_3005G201700	787
SORBI_3005G201800	724
SORBI_3005G201900	799
SORBI_3005G202000	1909.87
SORBI_3005G202101	242
SORBI_3005G202200	838
SORBI_3005G202300	734.436
SORBI_3005G202400	1086
SORBI_3005G202500	2054.222
SORBI_3005G202600	861
SORBI_3005G202700	1157.063
SORBI_3005G202800	1205.726
SORBI_3005G202901	1346
SORBI_3005G203000	621.637
SORBI_3005G203100	742
SORBI_3005G203150	251
SORBI_3005G203200	3269.017
SORBI_3005G203300	568
SORBI_3005G203400	1729.26
SORBI_3005G203500	2506
SORBI_3005G203600	786
SORBI_3005G203700	152
SORBI_3005G203750	1853.737
SORBI_3005G203800	1395.14418832778
SORBI_3005G203900	535.11
SORBI_3005G204000	578
SORBI_3005G204100	2600.634
SORBI_3005G204200	1378.88762305966
SORBI_3005G204300	504.018
SORBI_3005G204400	1120.44058326739
SORBI_3005G204500	3568
SORBI_3005G204600	2211.5
SORBI_3005G204700	1874.905
SORBI_3005G204800	574.765
SORBI_3005G204900	2358
SORBI_3005G205000	1703.06
SORBI_3005G205100	4464.439
SORBI_3005G205150	446.733
SORBI_3005G205200	1982.8939632982
SORBI_3005G205300	3471.93
SORBI_3005G205400	602
SORBI_3005G205550	286.374
SORBI_3005G205700	535
SORBI_3005G205800	1123
SORBI_3005G206000	620
SORBI_3005G206100	1848
SORBI_3005G206300	3221.29930975201
SORBI_3005G206400	822
SORBI_3005G206500	2715.27
SORBI_3005G206601	1512.255
SORBI_3005G206700	993.663
SORBI_3005G206800	842.908
SORBI_3005G206900	202
SORBI_3005G207000	1571.83500858679
SORBI_3005G207100	2270.993
SORBI_3005G207200	1174
SORBI_3005G207300	1302
SORBI_3005G207400	1199.574
SORBI_3005G207500	3629.45001065542
SORBI_3005G207550	15753
SORBI_3005G207600	575.201
SORBI_3005G207700	2221.388
SORBI_3005G207800	4352.892
SORBI_3005G207900	2557
SORBI_3005G208000	4762
SORBI_3005G208100	2403.662
SORBI_3005G208200	4683.527
SORBI_3005G208275	1280.479
SORBI_3005G208350	628.056
SORBI_3005G208425	357.929
SORBI_3005G208500	1294
SORBI_3005G208600	1633
SORBI_3005G208700	1504
SORBI_3005G208801	1438
SORBI_3005G208900	1264.041
SORBI_3005G208950	1204
SORBI_3005G209000	2453.598
SORBI_3005G209100	2219.598
SORBI_3005G209200	1845
SORBI_3005G209300	1985
SORBI_3005G209400	1930.32240975657
SORBI_3005G209500	1963.033
SORBI_3005G209600	3116.152
SORBI_3005G209800	1756
SORBI_3005G209900	2583
SORBI_3005G210000	2992.409
SORBI_3005G210100	2039.048
SORBI_3005G210200	1706.76514815471
SORBI_3005G210300	1607.187
ENSRNA049996166	30
SORBI_3005G210350	1154.223
ENSRNA049996174	5
SORBI_3005G210400	1919
SORBI_3005G210500	2047.273
SORBI_3005G210600	1452.803
SORBI_3005G210700	3810.717
SORBI_3005G210850	4520.645
SORBI_3005G211000	5980
SORBI_3005G211200	2225.497
SORBI_3005G211301	2264.188
SORBI_3005G211400	2270.393
SORBI_3005G211500	1753.064
SORBI_3005G211600	3676
SORBI_3005G211700	189
SORBI_3005G211750	1345
SORBI_3005G211801	363.5
SORBI_3005G211851	144
SORBI_3005G211900	585
SORBI_3005G212000	422
SORBI_3005G212100	11404
SORBI_3005G212201	577
SORBI_3005G212300	982
SORBI_3005G212400	3630
SORBI_3005G212500	8146.2
SORBI_3005G212600	2012.478
SORBI_3005G212700	830
SORBI_3005G212800	2555
ENSRNA049440162	25
SORBI_3005G212900	1830
SORBI_3005G213000	471
SORBI_3005G213100	5540.539
SORBI_3005G213200	3735.77
SORBI_3005G213300	653.668
SORBI_3005G213400	181
SORBI_3005G213500	1241
SORBI_3005G213600	1842.938
SORBI_3005G213700	1411.977
SORBI_3005G213766	1530.736
SORBI_3005G213832	1966.84
SORBI_3005G213900	218
SORBI_3005G213950	1120.457
SORBI_3005G214000	1489.766
SORBI_3005G214150	880
SORBI_3005G214300	543
SORBI_3005G214400	2000.342
SORBI_3005G214600	976
SORBI_3005G214700	210
SORBI_3005G214800	1651.527
SORBI_3005G214900	961
SORBI_3005G215000	1691
SORBI_3005G215100	640
SORBI_3005G215200	1282
SORBI_3005G215300	2980.307
SORBI_3005G215400	1223.775
SORBI_3005G215500	615.559
SORBI_3005G215601	158
SORBI_3005G215700	157
SORBI_3005G215766	700.533
SORBI_3005G215832	166
SORBI_3005G215900	782.073
SORBI_3005G216000	558.824
SORBI_3005G216100	1358
SORBI_3005G216200	1288.086
SORBI_3005G216300	1953.558
SORBI_3005G216400	2308
SORBI_3005G216500	1468
SORBI_3005G216600	1766
SORBI_3005G216700	1565.33333333333
SORBI_3005G216800	1925.931
SORBI_3005G216833	1074
SORBI_3005G216866	1096
SORBI_3005G216900	346
SORBI_3005G217000	2152.47424750342
SORBI_3005G217101	1972
SORBI_3005G217200	4071.244
SORBI_3005G217300	2570.312
SORBI_3005G217400	346
SORBI_3005G217500	1679
SORBI_3005G217600	1381.99
SORBI_3005G217700	1006
SORBI_3005G217766	1911.8
SORBI_3005G217832	411
SORBI_3005G217900	1990.169
SORBI_3005G218000	2816
SORBI_3005G218100	2980
SORBI_3005G218201	3920.53489966331
SORBI_3005G218300	1009
SORBI_3005G218400	4503.86
SORBI_3005G218500	1189
SORBI_3005G218600	13436.743
SORBI_3005G218700	4433.347
SORBI_3005G218800	316
SORBI_3005G219000	1509
SORBI_3005G219100	198
SORBI_3005G219300	5286.248
SORBI_3005G219500	1707
SORBI_3005G219600	2391.33333333333
SORBI_3005G219700	4216.541
SORBI_3005G219800	775
SORBI_3005G219900	14576.202
SORBI_3005G220000	4065.81365087169
SORBI_3005G220101	4310.722
SORBI_3005G220200	3924.011
SORBI_3005G220250	355
SORBI_3005G220300	2415
SORBI_3005G220400	540
SORBI_3005G220500	540
SORBI_3005G220560	195
SORBI_3005G220620	176
SORBI_3005G220680	983
SORBI_3005G220740	673
SORBI_3005G220800	2356
SORBI_3005G220900	1607.029
SORBI_3005G221000	392
SORBI_3005G221100	247
SORBI_3005G221200	287
SORBI_3005G221250	538.014
SORBI_3005G221300	324
SORBI_3005G221425	608.515
SORBI_3005G221550	1457.385
SORBI_3005G221675	518
SORBI_3005G221800	503
SORBI_3005G221900	1253.259
SORBI_3005G222000	3188.651
SORBI_3005G222100	5314.854
SORBI_3005G222200	9889.415
SORBI_3005G222300	1423
SORBI_3005G222400	1591
SORBI_3005G222500	3196.521
SORBI_3005G222600	4162.696
SORBI_3005G222650	444.158
SORBI_3005G222700	3231.037
SORBI_3005G222800	968
SORBI_3005G222900	5119.357
SORBI_3005G223000	1148.519
SORBI_3005G223200	227
SORBI_3005G223300	259
SORBI_3005G223450	4988.599
SORBI_3005G223600	4419.81
SORBI_3005G223700	3465.044
SORBI_3005G223925	21434.706
SORBI_3005G223775	1159
SORBI_3005G223850	1918
SORBI_3005G224000	2930.115
SORBI_3005G224200	3464.691
SORBI_3005G224300	1446.438
SORBI_3005G224400	1673.975
SORBI_3005G224500	8091.346
SORBI_3005G224601	204
SORBI_3005G224700	1197.79640226108
SORBI_3005G224800	809.231106561024
SORBI_3005G224900	1100
SORBI_3005G225000	357
SORBI_3005G225100	1525.19313491336
SORBI_3005G225200	2261.495
SORBI_3005G225300	1486.036
SORBI_3005G225400	5190.123
SORBI_3005G225500	4865.232
SORBI_3005G225700	1066
SORBI_3005G225800	1548.588
SORBI_3005G225901	226
SORBI_3005G226000	2787.537
SORBI_3005G226100	391
SORBI_3005G226150	665
SORBI_3005G226200	1900
SORBI_3005G226300	1562.853
SORBI_3005G226350	1407.552
SORBI_3005G226400	3636.012
SORBI_3005G226450	1261.5
SORBI_3005G226500	622
SORBI_3005G226600	427
SORBI_3005G226700	391
SORBI_3005G226800	4732.5
SORBI_3005G226900	2426
SORBI_3005G227000	3493
SORBI_3005G227050	983
SORBI_3005G227101	722
SORBI_3005G227151	5066.024
SORBI_3005G227200	443
SORBI_3005G227300	510
SORBI_3005G227400	664
SORBI_3005G227500	1883.023
SORBI_3005G227600	463
SORBI_3005G227700	266
SORBI_3005G227800	313
SORBI_3005G227900	333
SORBI_3005G228000	932.812
SORBI_3005G228100	830.169
SORBI_3005G228250	5761.883
SORBI_3005G228400	4471
SORBI_3005G228501	2611
SORBI_3005G228600	2034.834
SORBI_3005G228650	753
SORBI_3005G228700	821.778
SORBI_3005G228900	2515.857
SORBI_3005G229000	2100.261
SORBI_3005G229100	3722.017
SORBI_3005G229166	1714.526
SORBI_3005G229232	635
SORBI_3005G229300	1143.455
SORBI_3005G229400	1808.877
SORBI_3005G229500	2754.199
SORBI_3005G229600	3549.551
SORBI_3005G229700	1788.141
SORBI_3005G229800	2570.13962636341
SORBI_3005G229900	2252.857
SORBI_3005G230000	2924.023
SORBI_3005G230100	2217.412
SORBI_3005G230200	2759.761
SORBI_3005G230300	1759
SORBI_3005G230400	1118.425
SORBI_3005G230500	1203.229
SORBI_3005G230600	2713.65
SORBI_3005G230700	995.273
SORBI_3005G230800	2054.167
SORBI_3005G230900	1892.255
SORBI_3005G231100	1069.12456701642
SORBI_3005G231000	2362
SORBI_3005G231201	538
SORBI_3005G231300	1006.96
SORBI_3005G231400	1682.5
SORBI_3005G231500	2336.814
SORBI_3005G231600	1789
SORBI_3005G231700	1278.1295959082
SORBI_3005G231800	706
SORBI_3005G231900	1206.31
SORBI_3005G232000	164.23
SORBI_3005G232100	1749.094
SORBI_3005G232200	1619
SORBI_3006G000100	3170.057
SORBI_3006G000200	415
SORBI_3006G000300	356.38
SORBI_3006G000400	1007.84755201773
SORBI_3006G000600	2987.996
SORBI_3006G000700	3348.319
SORBI_3006G000800	922.75
SORBI_3006G000900	3929.136
SORBI_3006G001000	1570.039
SORBI_3006G001100	1892.755
SORBI_3006G001200	1623.95495118036
SORBI_3006G001400	4217
SORBI_3006G001600	2411.245
SORBI_3006G001650	1681
SORBI_3006G001700	339
SORBI_3006G001800	3348.36
SORBI_3006G001900	4359.379
SORBI_3006G002000	1228.21705876953
SORBI_3006G002100	1842.263
SORBI_3006G002201	141.291
SORBI_3006G002300	3640.59
SORBI_3006G002400	2454.381
SORBI_3006G002500	914.392
SORBI_3006G002600	2073.552
SORBI_3006G002700	1398.557
SORBI_3006G002800	2655.665
SORBI_3006G002900	2048.285
SORBI_3006G003000	2053.154
SORBI_3006G003100	1228.818
SORBI_3006G003200	990
SORBI_3006G003300	1292.455
SORBI_3006G003350	703.21
SORBI_3006G003400	1596.755
SORBI_3006G003501	1840.32
SORBI_3006G003600	1731
SORBI_3006G003500	1916
SORBI_3006G003601	1375
SORBI_3006G003700	2116.5
SORBI_3006G003800	1306
SORBI_3006G003850	1634
SORBI_3006G003901	211
SORBI_3006G003951	172.12
SORBI_3006G004000	404.416
SORBI_3006G004100	1413
SORBI_3006G004200	3811.755
SORBI_3006G004300	553.813
SORBI_3006G004400	577
SORBI_3006G004500	1195.617
SORBI_3006G004600	1341.71385371041
SORBI_3006G004700	1620.059
SORBI_3006G004800	586
SORBI_3006G004900	1844
SORBI_3006G005000	2717
SORBI_3006G005200	837.14025091183
SORBI_3006G005300	1134.5
SORBI_3006G005400	1799.673
SORBI_3006G005500	4599
SORBI_3006G005550	488
SORBI_3006G005600	3301.642
SORBI_3006G005700	1230
SORBI_3006G005800	779
SORBI_3006G005900	1860
SORBI_3006G005950	95.636
SORBI_3006G006000	486
SORBI_3006G006100	517
SORBI_3006G006200	313
SORBI_3006G006300	1415.396
SORBI_3006G006400	480
SORBI_3006G006450	423
SORBI_3006G006500	4744.53967563516
SORBI_3006G006600	7964.839
SORBI_3006G006650	1777
SORBI_3006G006700	508
SORBI_3006G006800	955
SORBI_3006G006900	561
SORBI_3006G007001	421
SORBI_3006G007100	1289
SORBI_3006G007300	560
SORBI_3006G007450	935
SORBI_3006G007600	751
SORBI_3006G007650	330
SORBI_3006G007700	727
SORBI_3006G007800	1465.475
SORBI_3006G007850	544
SORBI_3006G007900	1243
SORBI_3006G008000	1240
SORBI_3006G008100	2082.255
SORBI_3006G008200	946.758176879511
SORBI_3006G008300	2759.00318228105
SORBI_3006G008400	823.724
SORBI_3006G008500	761
SORBI_3006G008600	2831.975
SORBI_3006G008650	1718
SORBI_3006G008700	1427.891
SORBI_3006G008800	1599.167
SORBI_3006G008900	3067.6344294994
SORBI_3006G009000	1665.139
SORBI_3006G009100	3071.223
SORBI_3006G009200	2468
SORBI_3006G009300	601
SORBI_3006G009400	1014.407
SORBI_3006G009500	2649.767
SORBI_3006G009600	1935.631
SORBI_3006G009700	877
SORBI_3006G009800	815
SORBI_3006G009900	1452.5
SORBI_3006G010000	3712.604
SORBI_3006G010100	2077
SORBI_3006G010200	1562
SORBI_3006G010301	739
ENSRNA049474184	4
ENSRNA049474108	5
SORBI_3006G010400	2020.89
SORBI_3006G010500	1312
SORBI_3006G010600	599.227
SORBI_3006G010700	3057.368
SORBI_3006G010800	2613.532
SORBI_3006G010900	3005.409
SORBI_3006G011000	1572.324
SORBI_3006G011100	628.348
SORBI_3006G011200	1513.682
SORBI_3006G011300	4361.06
SORBI_3006G011350	71
SORBI_3006G011400	2837.936
SORBI_3006G011450	368
SORBI_3006G011500	3301.505
SORBI_3006G011601	319
SORBI_3006G011700	606
SORBI_3006G011800	2209
SORBI_3006G011900	958
SORBI_3006G012000	637
SORBI_3006G012100	1324
SORBI_3006G012200	2562.553
SORBI_3006G012300	3424.073
SORBI_3006G012400	1596.61830951308
SORBI_3006G012500	6698.864
SORBI_3006G012700	906.872
SORBI_3006G012800	1381.66666666667
SORBI_3006G012900	2362.74015001746
SORBI_3006G013000	681.945
SORBI_3006G013100	1612.059
SORBI_3006G013200	619
SORBI_3006G013300	3291.564
SORBI_3006G013500	1234.042
SORBI_3006G013600	3876.721
SORBI_3006G013700	3827.66777275996
SORBI_3006G013800	784.933
SORBI_3006G013900	1328.984
SORBI_3006G014000	2101.072
SORBI_3006G014100	2570.518
SORBI_3006G014200	991
SORBI_3006G014300	2121
SORBI_3006G014400	1612
SORBI_3006G014500	787.305
SORBI_3006G014566	308
SORBI_3006G014632	896.32
SORBI_3006G014700	1611.965
SORBI_3006G014800	4783.374
SORBI_3006G014900	1526.288
SORBI_3006G015000	1788
SORBI_3006G015100	2117
SORBI_3006G015200	622
SORBI_3006G015250	1106.183
SORBI_3006G015300	1836
SORBI_3006G015400	1955.502
SORBI_3006G015500	4085.431
SORBI_3006G015600	585.126
SORBI_3006G015700	1332
SORBI_3006G015750	172
SORBI_3006G015800	3052.234
SORBI_3006G015900	14745.111
SORBI_3006G016000	1626
SORBI_3006G016200	5945.634
SORBI_3006G016350	2203
SORBI_3006G016500	1800.57384777188
SORBI_3006G016600	1409.546
SORBI_3006G016700	3704.976
SORBI_3006G016800	224
SORBI_3006G016900	1223.927
SORBI_3006G016950	578
SORBI_3006G017000	1538.93136544039
SORBI_3006G017100	2879.033
SORBI_3006G017200	3384
SORBI_3006G017332	8130
SORBI_3006G017266	656
SORBI_3006G017400	3434
SORBI_3006G017500	3731.935
SORBI_3006G017600	770.945639507128
SORBI_3006G017700	522
SORBI_3006G017800	2204.376
SORBI_3006G017900	395
SORBI_3006G018000	101
SORBI_3006G018100	1029.804
SORBI_3006G018200	848
SORBI_3006G018300	1078
SORBI_3006G018400	729.602
SORBI_3006G018500	605
SORBI_3006G018600	508
SORBI_3006G018650	1765
SORBI_3006G018701	1171.648
SORBI_3006G018751	88
SORBI_3006G018800	4120.711
SORBI_3006G018900	2538.462
SORBI_3006G019000	1627
SORBI_3006G019100	3784.841
SORBI_3006G019200	886
SORBI_3006G019300	1884.45260148903
SORBI_3006G019400	1302
SORBI_3006G019600	10971.782
SORBI_3006G019700	1965.949
SORBI_3006G019801	1037.941
SORBI_3006G019901	207.931
SORBI_3006G020000	1768.861
SORBI_3006G020200	1807.13
SORBI_3006G020300	4205.83333333333
SORBI_3006G020350	2158
SORBI_3006G020400	881
SORBI_3006G020500	1608
SORBI_3006G020600	1524
SORBI_3006G020700	3666
SORBI_3006G020900	838.795
SORBI_3006G021000	1783.319
SORBI_3006G021100	1476.545
SORBI_3006G021200	6587.223
SORBI_3006G021250	4127.108
SORBI_3006G021300	605
SORBI_3006G021400	937
SORBI_3006G021500	1011
SORBI_3006G021600	757.453416211079
SORBI_3006G021700	4075.025
SORBI_3006G021800	1285.59064346523
SORBI_3006G021900	3752.8711608135
SORBI_3006G022000	1585
SORBI_3006G022200	4631.485
SORBI_3006G022301	550
SORBI_3006G022400	1281.795
SORBI_3006G022500	1048.02
SORBI_3006G022700	1723
SORBI_3006G022800	1547.882
SORBI_3006G022900	1827
SORBI_3006G023000	670
SORBI_3006G023100	958.158
SORBI_3006G023200	943.281
SORBI_3006G023300	750.827
SORBI_3006G023400	951.342
SORBI_3006G023900	905.561
SORBI_3006G024000	1191.096
SORBI_3006G024101	2314
SORBI_3006G024200	2737.974
SORBI_3006G024400	2131.25
SORBI_3006G024450	302
SORBI_3006G024500	1097.87800861322
SORBI_3006G024600	2182.126
SORBI_3006G024700	3009.719
SORBI_3006G024800	51
SORBI_3006G025000	6143.763
SORBI_3006G025066	770.139
SORBI_3006G025132	678
SORBI_3006G025200	315
SORBI_3006G025300	3540.15260029933
SORBI_3006G025350	1795
SORBI_3006G025400	728.901
SORBI_3006G025500	575
SORBI_3006G025550	158
SORBI_3006G025600	534.986
SORBI_3006G025700	280
SORBI_3006G025800	569
SORBI_3006G025900	572.903
SORBI_3006G026000	1875.84
SORBI_3006G026100	823.213
SORBI_3006G026200	655
SORBI_3006G026250	3983.792
SORBI_3006G026300	1464.5
SORBI_3006G026400	525.718
SORBI_3006G026500	603.428
SORBI_3006G026600	1936.538
SORBI_3006G026700	1623.053
SORBI_3006G026800	2230.525
SORBI_3006G026900	1670
SORBI_3006G027000	2049.74681582666
SORBI_3006G027101	2080
SORBI_3006G027200	5256.084
SORBI_3006G027300	1718.5
SORBI_3006G027500	1675.5
SORBI_3006G027601	999.871
SORBI_3006G027700	93
SORBI_3006G027800	2646.25
SORBI_3006G027900	1767.105
SORBI_3006G028000	1494
SORBI_3006G028100	868.393
SORBI_3006G028200	4924.529
SORBI_3006G028250	434.571
SORBI_3006G028300	1317.386
SORBI_3006G028400	1200.757
SORBI_3006G028500	1194
SORBI_3006G028550	991
SORBI_3006G028600	2823
SORBI_3006G028700	2691.22021630829
SORBI_3006G028800	1320.761
SORBI_3006G028900	1096.392
SORBI_3006G029000	642.736
SORBI_3006G029100	2173.16639807808
SORBI_3006G029200	2401
SORBI_3006G029250	731
SORBI_3006G029300	3845
SORBI_3006G029400	1024.959
SORBI_3006G029550	4067
SORBI_3006G029700	2367.609
SORBI_3006G029800	1449.47
SORBI_3006G029850	489.5
SORBI_3006G029900	1636
SORBI_3006G030001	213
SORBI_3006G030100	8800.06
SORBI_3006G030200	2046.762
SORBI_3006G030250	289
SORBI_3006G030300	2961.397
SORBI_3006G030400	2900.617
SORBI_3006G030500	448
SORBI_3006G030600	2923.16
SORBI_3006G030700	2807.566
SORBI_3006G030800	2090.815
SORBI_3006G031000	4484
SORBI_3006G031100	792
SORBI_3006G031200	2562.031
SORBI_3006G031300	1579.70264660795
SORBI_3006G031400	708.477
SORBI_3006G031500	195
SORBI_3006G031600	4528.66666666667
SORBI_3006G031701	1078
SORBI_3006G031800	3377.25
SORBI_3006G031833	5045.469
SORBI_3006G031866	718
SORBI_3006G031900	1071
SORBI_3006G032000	1792.964
SORBI_3006G032033	467
SORBI_3006G032066	451
SORBI_3006G032100	1154.286
SORBI_3006G032200	1710.94689961217
SORBI_3006G032300	5927.891
SORBI_3006G032400	3114.93651234067
SORBI_3006G032500	766.507927110819
SORBI_3006G032600	1083.431
SORBI_3006G032700	1948.93172341535
SORBI_3006G032800	1962.157
SORBI_3006G032900	1464.261
SORBI_3006G033001	1660
SORBI_3006G033101	4335.992
SORBI_3006G033200	3043.84607821311
SORBI_3006G033260	2149.943
SORBI_3006G033320	1585
SORBI_3006G033380	2333.03
SORBI_3006G033440	56
SORBI_3006G033500	1177.01
SORBI_3006G033601	336.122
SORBI_3006G033700	4617.207
SORBI_3006G033800	1924.961
SORBI_3006G033900	361
SORBI_3006G034000	1446.265
SORBI_3006G034100	1608.72587879074
SORBI_3006G034200	1593.949
SORBI_3006G034225	1588
SORBI_3006G034250	1579
SORBI_3006G034275	439
SORBI_3006G034300	1999.874
SORBI_3006G034400	5167.789
SORBI_3006G034500	1712.097
SORBI_3006G034650	11456.581
SORBI_3006G034800	751.32
SORBI_3006G034900	3200.16666666667
SORBI_3006G035200	6543.53139735632
SORBI_3006G035300	2566.05556779509
SORBI_3006G035350	425
SORBI_3006G035400	4191.239
SORBI_3006G035500	861.544292405898
SORBI_3006G035600	2835.462
ENSRNA049996144	32
SORBI_3006G035700	988
SORBI_3006G035800	292
SORBI_3006G035900	1278.877
SORBI_3006G035950	931
SORBI_3006G036000	96
SORBI_3006G036100	2176.925
SORBI_3006G036201	731
SORBI_3006G036300	844.847
SORBI_3006G036400	4293.605
SORBI_3006G036500	1957.002
SORBI_3006G036566	991.715
SORBI_3006G036632	1639
SORBI_3006G036700	2108.427
SORBI_3006G036801	649
SORBI_3006G036900	1243.196
SORBI_3006G037000	626.5
SORBI_3006G037050	3395
SORBI_3006G037100	1505.287
SORBI_3006G037150	607
SORBI_3006G037200	329
SORBI_3006G037300	1821.923
SORBI_3006G037401	6007
SORBI_3006G037500	1511.641
SORBI_3006G037600	331
SORBI_3006G037650	487
SORBI_3006G037700	3206.559
SORBI_3006G037800	759
SORBI_3006G037900	385.697
SORBI_3006G038000	1425.65216915349
SORBI_3006G038050	411.6
SORBI_3006G038100	1708.58
SORBI_3006G038200	1216.596
SORBI_3006G038300	1400.1
SORBI_3006G038350	966
SORBI_3006G038400	533.703326397526
SORBI_3006G038500	2359.012
SORBI_3006G038600	549
SORBI_3006G038700	1543.85
SORBI_3006G038800	2730.9733643888
SORBI_3006G038850	1367
SORBI_3006G038901	127.583
SORBI_3006G038951	626.723471862139
SORBI_3006G039000	337
SORBI_3006G039100	630.712
SORBI_3006G039300	2195.381
SORBI_3006G039400	1296.091
SORBI_3006G039500	433
SORBI_3006G039600	1056.423
SORBI_3006G039700	767.86
SORBI_3006G039800	2684.437
SORBI_3006G039900	1105.868
SORBI_3006G040000	1101.35
SORBI_3006G040101	1990
SORBI_3006G040201	1765
SORBI_3006G040301	1777
SORBI_3006G040401	1765
SORBI_3006G040500	4447.66093187609
SORBI_3006G040550	1630
SORBI_3006G040600	383
SORBI_3006G040700	674
SORBI_3006G040800	11776.381046957
SORBI_3006G040900	260
SORBI_3006G041000	1533.91
SORBI_3006G041200	621
SORBI_3006G041100	1260.301
SORBI_3006G041266	456.89
SORBI_3006G041432	1343.3028247722
SORBI_3006G041600	4565.513
SORBI_3006G041700	1581.44
SORBI_3006G041750	205
SORBI_3006G041800	882.119
SORBI_3006G041866	560
SORBI_3006G041932	1798
SORBI_3006G042000	360.9
SORBI_3006G042100	729
SORBI_3006G042200	10694.171
SORBI_3006G042275	1597
SORBI_3006G042350	1768
SORBI_3006G042425	1462
SORBI_3006G042500	1873
SORBI_3006G042600	316
SORBI_3006G042800	634
SORBI_3006G042900	2879
SORBI_3006G043101	1595
SORBI_3006G043300	427.045
SORBI_3006G043400	881.481
ENSRNA049996151	111
SORBI_3006G043600	675.353
SORBI_3006G043700	1038.914
SORBI_3006G043750	988.679
SORBI_3006G043800	1886.645
SORBI_3006G043901	165.441
SORBI_3006G044000	679.922783380676
SORBI_3006G044100	1866.136
SORBI_3006G044200	2592
SORBI_3006G044301	3944.75
SORBI_3006G044400	1844.105
SORBI_3006G044466	10811.23
SORBI_3006G044532	1621
SORBI_3006G044600	960.901442062016
SORBI_3006G044800	671
SORBI_3006G044866	1069
SORBI_3006G044932	367.731
SORBI_3006G045000	160
SORBI_3006G045100	517.644
SORBI_3006G045200	2897.934
SORBI_3006G045301	828.403
SORBI_3006G045400	739.406
SORBI_3006G045500	340.247
SORBI_3006G045601	369.5
SORBI_3006G045700	372.85727717784
SORBI_3006G045800	931
SORBI_3006G045901	757.635
SORBI_3006G046000	1100.686
SORBI_3006G046100	88
SORBI_3006G046200	593
SORBI_3006G046300	1282.281
SORBI_3006G046400	821.439222485436
SORBI_3006G046500	2772.439
SORBI_3006G046600	1760.45483172481
SORBI_3006G046700	2693.593
SORBI_3006G046900	1242.686
SORBI_3006G047000	1320.18633650615
SORBI_3006G047100	2435.898
SORBI_3006G047200	1112.01
SORBI_3006G047300	1436.826
SORBI_3006G047350	1354
SORBI_3006G047400	664.174
SORBI_3006G047500	800.664
SORBI_3006G047700	397
SORBI_3006G047801	817
SORBI_3006G047900	2945.7945834216
SORBI_3006G048000	1874.179
SORBI_3006G048100	871.617
SORBI_3006G048201	550
SORBI_3006G048300	2061.528
SORBI_3006G048400	973.508
SORBI_3006G048500	2879.831
SORBI_3006G048600	562.742
SORBI_3006G048700	1508.951
SORBI_3006G048775	1573.40234577622
SORBI_3006G048850	1546
SORBI_3006G048925	1678
SORBI_3006G049000	681
SORBI_3006G049100	943.45055116269
SORBI_3006G049200	2161.029
SORBI_3006G049300	1729.002
SORBI_3006G049450	1837
SORBI_3006G049600	1754.27
SORBI_3006G049633	1597.797
ENSRNA049996159	45
SORBI_3006G049666	1627
SORBI_3006G049700	1106.902
SORBI_3006G049800	114
SORBI_3006G049900	4636.304
SORBI_3006G050000	1571.39778735023
SORBI_3006G050050	2507
SORBI_3006G050100	1238.501
SORBI_3006G050201	979
SORBI_3006G050300	1293.5
SORBI_3006G050400	748.998083931417
SORBI_3006G050500	1445.809
SORBI_3006G050550	822
SORBI_3006G050600	1929.37
SORBI_3006G050700	3961.052
SORBI_3006G050800	1151
SORBI_3006G050900	1002
SORBI_3006G051000	972.975400031224
SORBI_3006G051100	694
ENSRNA049437263	27
SORBI_3006G051201	1096
SORBI_3006G051300	455
SORBI_3006G051400	338.176
SORBI_3006G051700	3746.521
SORBI_3006G051750	1174.957
SORBI_3006G051800	2527.454
SORBI_3006G051850	280
SORBI_3006G051900	483.346000862997
SORBI_3006G052100	13582.63
SORBI_3006G052150	2094.598
SORBI_3006G052200	3647.577
SORBI_3006G052250	161
SORBI_3006G052300	3026.94669359866
SORBI_3006G052400	913.717
SORBI_3006G052500	4916.201
SORBI_3006G052650	1329.447
SORBI_3006G052800	3208.309
SORBI_3006G052900	840
SORBI_3006G053000	1029.399
ENSRNA049483822	3
ENSRNA049483927	2
SORBI_3006G053050	121
ENSRNA049483820	4
ENSRNA049483819	4
SORBI_3006G053100	2195.233
SORBI_3006G053200	2419.14647233887
SORBI_3006G053400	1881
SORBI_3006G053500	2769.45592817092
SORBI_3006G053550	587
SORBI_3006G053601	727
SORBI_3006G053651	2044.277
SORBI_3006G053700	2501.98932049257
SORBI_3006G053800	1530
SORBI_3006G053900	358
SORBI_3006G054000	1500.154
SORBI_3006G054100	1708.046
SORBI_3006G054200	6880.552
SORBI_3006G054233	976.057
SORBI_3006G054266	29
SORBI_3006G054300	992.167
SORBI_3006G054400	1621
SORBI_3006G054500	995.656
SORBI_3006G054600	1777
SORBI_3006G054700	1615.84287230265
SORBI_3006G054800	1450.96042739754
SORBI_3006G054900	599.664
SORBI_3006G055000	2300.303
SORBI_3006G055100	824.2
SORBI_3006G055200	6147.646
SORBI_3006G055300	4501.648
SORBI_3006G055400	2216.435
SORBI_3006G055501	1838.5
ENSRNA049996129	39
ENSRNA049996138	13
SORBI_3006G055600	2174.02120028469
SORBI_3006G055700	340
SORBI_3006G055800	1059.246
SORBI_3006G055900	951.5
SORBI_3006G056000	4113.176
SORBI_3006G056100	1092.37709108477
SORBI_3006G056200	2169.54627883136
SORBI_3006G056300	781.422
SORBI_3006G056400	5014.476
SORBI_3006G056600	1434.197
SORBI_3006G056700	1980.494
SORBI_3006G056800	1616.508
SORBI_3006G056900	442
SORBI_3006G057000	11153.251
SORBI_3006G057100	25051.88
SORBI_3006G057050	485.5
SORBI_3006G057200	1451.806
SORBI_3006G057300	1661.215
SORBI_3006G057500	730
SORBI_3006G057600	1496.547
SORBI_3006G057733	960
SORBI_3006G057866	4672.586
SORBI_3006G058000	2094.092
SORBI_3006G058100	3972.008
SORBI_3006G058300	2224.611
SORBI_3006G058400	491.323829261134
SORBI_3006G058500	517.107
SORBI_3006G058600	3495.55620579467
SORBI_3006G058666	744
SORBI_3006G058732	619.969
SORBI_3006G058800	2199.602
SORBI_3006G058900	965.712
SORBI_3006G059000	1857.156
SORBI_3006G059100	681
SORBI_3006G059150	361
SORBI_3006G059200	1358.379
SORBI_3006G059300	510
SORBI_3006G059400	375
SORBI_3006G059500	2220.686
SORBI_3006G059700	1638.292
SORBI_3006G059800	700
SORBI_3006G059900	862
SORBI_3006G060000	1525.917
SORBI_3006G060100	2389.096
SORBI_3006G060200	1469.735
SORBI_3006G060400	2070
SORBI_3006G060500	1365.817
SORBI_3006G060601	580.708
SORBI_3006G060700	1252.2
SORBI_3006G060800	1527.914
SORBI_3006G060900	1136.792
SORBI_3006G061000	9902.723
SORBI_3006G061100	1343.21605997454
SORBI_3006G061201	533.981
SORBI_3006G061300	7263.442
SORBI_3006G061401	49
SORBI_3006G061500	2788
SORBI_3006G061600	448
SORBI_3006G061700	2437.468
SORBI_3006G061800	444
SORBI_3006G061900	1059.822
SORBI_3006G062000	400
SORBI_3006G062100	2398
SORBI_3006G062200	1456.24808340004
SORBI_3006G062300	17473.325
SORBI_3006G062400	22398.629
SORBI_3006G062466	2863
SORBI_3006G062433	358
SORBI_3006G062500	1135.53790636248
SORBI_3006G062600	5196
SORBI_3006G062700	1216
SORBI_3006G062750	125
SORBI_3006G062800	2689.066
SORBI_3006G062900	3494.753
SORBI_3006G063001	1817.615
SORBI_3006G063100	240.015
SORBI_3006G063200	3344.242
SORBI_3006G063300	1446.303
SORBI_3006G063400	1655.33333333333
SORBI_3006G063500	3613.999
SORBI_3006G063600	2091.912
SORBI_3006G063700	2050.228
SORBI_3006G063800	3070.385
SORBI_3006G063900	1871.931
SORBI_3006G064000	136
SORBI_3006G064100	3808.112
SORBI_3006G064200	4498.494
SORBI_3006G064300	337
SORBI_3006G064400	1190
SORBI_3006G064450	2879
SORBI_3006G064500	322
SORBI_3006G064600	2917.283
SORBI_3006G064700	686
SORBI_3006G064800	2019.144
SORBI_3006G064900	937
SORBI_3006G065000	455.499
SORBI_3006G065100	2819.941
SORBI_3006G065200	2064.166
SORBI_3006G065300	3064.20852821073
SORBI_3006G065400	161
SORBI_3006G065500	900.162
SORBI_3006G065600	1528.80662534301
SORBI_3006G065700	1622.071
SORBI_3006G065800	1713.801
SORBI_3006G065850	950
SORBI_3006G065900	643.698
SORBI_3006G066000	1510.27013599029
SORBI_3006G066050	2931
SORBI_3006G066100	844
SORBI_3006G066150	565
SORBI_3006G066200	2930.458
SORBI_3006G066300	961
SORBI_3006G066400	1514
SORBI_3006G066500	3249.745
SORBI_3006G066600	78
SORBI_3006G066650	934.136841820441
SORBI_3006G066700	1898.665
SORBI_3006G066800	3411.919
SORBI_3006G066900	2506.767
SORBI_3006G067000	1023.913
SORBI_3006G067050	528
SORBI_3006G067100	1176.588
SORBI_3006G067150	217.479
SORBI_3006G067200	619.234
SORBI_3006G067300	1520
SORBI_3006G067400	1463.81
SORBI_3006G067500	1134.844
SORBI_3006G067600	1558.80682688297
SORBI_3006G067700	4170.30675185663
SORBI_3006G067800	1221.942
SORBI_3006G067900	2995.091
SORBI_3006G068000	1255.856
SORBI_3006G068100	1567
SORBI_3006G068200	1297
SORBI_3006G068300	1273.382
SORBI_3006G068350	11247.437
SORBI_3006G068400	6560.136
SORBI_3006G068500	468
SORBI_3006G068700	457
SORBI_3006G068800	1586.669
SORBI_3006G068900	2126.469
SORBI_3006G069000	3747.032
SORBI_3006G069050	111
SORBI_3006G069100	9643.82
SORBI_3006G069200	3483.69172176705
SORBI_3006G069300	2101.727
ENSRNA049437232	25
SORBI_3006G069400	1341
SORBI_3006G069500	1826
SORBI_3006G069766	2634.724
SORBI_3006G070032	1899
SORBI_3006G070298	1845.054
SORBI_3006G070564	1929.989
SORBI_3006G070830	1978
SORBI_3006G071096	674
SORBI_3006G071362	1420.666
SORBI_3006G071628	2370.65505104299
SORBI_3006G071814	461.125
SORBI_3006G072000	1404.826
SORBI_3006G072201	367.693
ENSRNA049437220	32
SORBI_3006G072400	1528.387
SORBI_3006G072501	1811.314
SORBI_3006G072601	1595.951
SORBI_3006G072701	566
SORBI_3006G072800	1078.176
SORBI_3006G072900	3918.517
SORBI_3006G073001	1838.607
SORBI_3006G073100	824.785
SORBI_3006G073150	3670.781
SORBI_3006G073200	2257.95
SORBI_3006G073300	949.386
SORBI_3006G073400	161
SORBI_3006G073500	677.405
SORBI_3006G073600	7339.729
SORBI_3006G073700	1955.476
SORBI_3006G073800	1115
SORBI_3006G073900	1477.56831123652
SORBI_3006G074000	1066.545
SORBI_3006G074100	664.851
SORBI_3006G074150	474
SORBI_3006G074200	466.022
SORBI_3006G074300	497
SORBI_3006G074400	629.374
SORBI_3006G074500	1483.372
SORBI_3006G074600	1483.13425450129
SORBI_3006G074800	316
SORBI_3006G074900	2715.207
SORBI_3006G075000	1379.623
SORBI_3006G075100	4440.003
SORBI_3006G075200	1999
SORBI_3006G075300	1123
SORBI_3006G075350	1889
SORBI_3006G075400	1057.293
SORBI_3006G075450	527.107
SORBI_3006G075500	161
SORBI_3006G075600	3588.53767620225
SORBI_3006G075650	278
SORBI_3006G075700	621
SORBI_3006G075801	1836
SORBI_3006G075900	694
SORBI_3006G076000	977.054
SORBI_3006G076100	429
SORBI_3006G076201	1120
SORBI_3006G076300	5019.242
SORBI_3006G076400	462.097
SORBI_3006G076500	2278
SORBI_3006G076601	742.467
SORBI_3006G076700	414
SORBI_3006G076800	3359.125
SORBI_3006G076900	2614.44444444444
SORBI_3006G077000	2227
SORBI_3006G077050	699.5
SORBI_3006G077100	1510
SORBI_3006G077200	1914.173
SORBI_3006G077300	2790.14403346052
SORBI_3006G077400	3082.984
SORBI_3006G077500	988
SORBI_3006G077600	1392.97524088195
SORBI_3006G077700	1017
SORBI_3006G077900	4445.969
SORBI_3006G077800	473
SORBI_3006G078000	1411
SORBI_3006G078100	1041.587
SORBI_3006G078200	2341.357
SORBI_3006G078300	1368.154
SORBI_3006G078350	500.873
SORBI_3006G078400	435.297
SORBI_3006G078450	1783
SORBI_3006G078500	1636.785
SORBI_3006G078600	3007.666
SORBI_3006G078800	3266.609
SORBI_3006G078900	1663.159
SORBI_3006G079000	736
SORBI_3006G079100	729
SORBI_3006G079300	1348
SORBI_3006G079350	562.115
SORBI_3006G079400	2958.394
SORBI_3006G079450	1479.245
SORBI_3006G079500	2078
SORBI_3006G079650	1570
SORBI_3006G079800	9603.099
SORBI_3006G079900	771.838
SORBI_3006G080000	1264.214
SORBI_3006G080050	2356
SORBI_3006G080100	1952
SORBI_3006G080200	948
SORBI_3006G080300	2525.672
SORBI_3006G080400	3765.883
SORBI_3006G080500	2143
SORBI_3006G080600	2047.212
SORBI_3006G080700	3106.044
SORBI_3006G080750	971
SORBI_3006G080800	2947.89
SORBI_3006G080900	4865.20945873848
SORBI_3006G081000	2583.173
SORBI_3006G081100	677.023
SORBI_3006G081200	1497.286
SORBI_3006G081400	2952.012
SORBI_3006G081500	2535.93
SORBI_3006G081600	1127.205
SORBI_3006G081700	1740.702
SORBI_3006G081800	676.248
SORBI_3006G081900	1039
SORBI_3006G082000	2154.55
SORBI_3006G082100	4447.766
SORBI_3006G082200	1065.866
SORBI_3006G082250	472
SORBI_3006G082300	1064.538
SORBI_3006G082400	2427.988
SORBI_3006G082500	739.145
SORBI_3006G082600	1393.47
SORBI_3006G082700	160
SORBI_3006G082850	1372
SORBI_3006G082800	3162
ENSRNA049437207	25
SORBI_3006G082900	981.61
SORBI_3006G083000	1120.99040014409
SORBI_3006G083050	827
SORBI_3006G083100	892.143
SORBI_3006G083201	4152.792
SORBI_3006G083300	4099.41174344906
SORBI_3006G083400	1549.037
SORBI_3006G083500	158
SORBI_3006G083600	1317.447
SORBI_3006G083700	685.49
SORBI_3006G083800	2677.203
SORBI_3006G083900	5771.514
ENSRNA049436185	25
SORBI_3006G084000	2366.517
SORBI_3006G084100	1929
SORBI_3006G084201	1463.092
SORBI_3006G084300	5368.967
SORBI_3006G084400	1205.845
SORBI_3006G084500	1477.612
SORBI_3006G084600	2354.718
ENSRNA049482062	34
SORBI_3006G084701	3802.604
ENSRNA049482013	38
ENSRNA049481965	41
ENSRNA049481951	35
ENSRNA049481984	23
ENSRNA049481958	29
ENSRNA049481978	30
ENSRNA049481960	31
ENSRNA049482054	45
ENSRNA049482008	37
SORBI_3006G084800	189
ENSRNA049481987	34
ENSRNA049481982	26
ENSRNA049481990	35
ENSRNA049481954	41
ENSRNA049482020	35
ENSRNA049481992	31
SORBI_3006G084900	111
ENSRNA049481995	39
ENSRNA049481966	26
ENSRNA049481999	35
ENSRNA049481970	41
ENSRNA049482015	35
ENSRNA049481968	43
SORBI_3006G085100	5993.31794174262
ENSRNA049482026	15
ENSRNA049482002	40
ENSRNA049481998	39
ENSRNA049996121	27
ENSRNA049481950	39
SORBI_3006G085200	227
SORBI_3006G085300	3058.527
SORBI_3006G085500	1179.296
SORBI_3006G085601	2208.45
SORBI_3006G085700	2979.438
SORBI_3006G085800	1510.792
SORBI_3006G085900	3002.894
SORBI_3006G086000	2244.098
SORBI_3006G086100	2091.953
SORBI_3006G086400	2702
SORBI_3006G086500	2229.91553365562
SORBI_3006G086600	4557.65
SORBI_3006G086700	2162.834
SORBI_3006G086800	860.576338097623
SORBI_3006G086900	2239.656
SORBI_3006G087000	236
SORBI_3006G087100	2342.139
SORBI_3006G087200	683.595
SORBI_3006G087250	1576
SORBI_3006G087300	161
SORBI_3006G087400	1514.701
SORBI_3006G087500	2222.049
SORBI_3006G087600	957
SORBI_3006G087700	3053.18
SORBI_3006G087800	2925.914
SORBI_3006G087900	2454.253
SORBI_3006G088000	1829.906
SORBI_3006G088100	1309.21
SORBI_3006G088200	3686.21625421829
SORBI_3006G088400	5649.188
SORBI_3006G088450	397.229
SORBI_3006G088500	2655.961
SORBI_3006G088580	667.166
SORBI_3006G088660	218.529
SORBI_3006G088740	1424.908
SORBI_3006G088820	300.143
SORBI_3006G088900	1411
SORBI_3006G089000	1409
SORBI_3006G089101	382
SORBI_3006G089200	114
SORBI_3006G089233	425
SORBI_3006G089266	1064.158
SORBI_3006G089300	1305.98925591183
SORBI_3006G089350	453
SORBI_3006G089400	1843.367
SORBI_3006G089500	3060.41
SORBI_3006G089601	786
SORBI_3006G089700	1059
SORBI_3006G089800	1286
SORBI_3006G089900	2207.097
SORBI_3006G090000	978.161
SORBI_3006G090100	2115.012
SORBI_3006G090201	1853.551
SORBI_3006G090300	2036.78
SORBI_3006G090400	1477.162
SORBI_3006G090450	512
SORBI_3006G090500	6668.733
SORBI_3006G090700	1694.24
ENSRNA049436356	26
SORBI_3006G090800	429.907
SORBI_3006G090900	1457.931
ENSRNA049437188	34
SORBI_3006G091000	1731.06601572901
SORBI_3006G091100	2110.274
SORBI_3006G091200	277
SORBI_3006G091300	1659.379
SORBI_3006G091400	1304
SORBI_3006G091500	1144.856
SORBI_3006G091600	1308.19315983325
SORBI_3006G091700	1731.134
SORBI_3006G091800	888.99
SORBI_3006G091850	2980.609
SORBI_3006G091900	910.264
SORBI_3006G092000	3075.088
SORBI_3006G092100	1423
SORBI_3006G092200	1126
SORBI_3006G092300	1458
SORBI_3006G092400	2758.228
SORBI_3006G092500	2355.95809123775
SORBI_3006G092600	319
SORBI_3006G092700	2642.406
SORBI_3006G092800	2404.183
SORBI_3006G093000	1759
SORBI_3006G093100	3078.468
SORBI_3006G093200	1652.48
SORBI_3006G093300	2570.78
SORBI_3006G093400	3185
SORBI_3006G093500	4560.953
SORBI_3006G093550	1840
SORBI_3006G093600	511
SORBI_3006G093700	1352.192
SORBI_3006G093800	2729.748
SORBI_3006G093900	293.361
SORBI_3006G094000	986
SORBI_3006G094100	327.651
SORBI_3006G094201	7399
ENSRNA049996111	53
SORBI_3006G094300	2136.893
SORBI_3006G094400	319
SORBI_3006G094500	1125.888
SORBI_3006G094600	806.955
SORBI_3006G094800	3432.667
SORBI_3006G094900	788
SORBI_3006G095000	2280.587
SORBI_3006G095100	1023.984
SORBI_3006G095200	907.677
SORBI_3006G095300	1165.471
SORBI_3006G095400	1705.027
SORBI_3006G095500	1218.403
SORBI_3006G095550	1546
SORBI_3006G095600	2519.38823264219
SORBI_3006G095700	2890.003
SORBI_3006G095800	5712.964
SORBI_3006G095900	1731.662
SORBI_3006G096000	1389.268
SORBI_3006G096100	1246
SORBI_3006G096200	1116.855
SORBI_3006G096300	783.488598148236
SORBI_3006G096400	1490.819
SORBI_3006G096500	1622.678
SORBI_3006G096600	950
SORBI_3006G096700	1506
SORBI_3006G096800	1358.90072058183
SORBI_3006G096900	2921.394
SORBI_3006G097000	1852.899
SORBI_3006G097100	867.868
SORBI_3006G097200	685.785
SORBI_3006G097300	1240.871
SORBI_3006G097400	1309.912
SORBI_3006G097500	2695.017
SORBI_3006G097600	505.264
SORBI_3006G097700	1400.181
SORBI_3006G097800	1278
SORBI_3006G097900	2160
SORBI_3006G098100	1610.13675028189
SORBI_3006G098200	3937.137
SORBI_3006G098300	838
SORBI_3006G098400	910
SORBI_3006G098500	1444.443
SORBI_3006G098600	1454.663
SORBI_3006G098800	1258.993
SORBI_3006G098900	769
SORBI_3006G099001	658
SORBI_3006G099100	631
SORBI_3006G099200	769
SORBI_3006G099300	2362.213
SORBI_3006G099400	41
SORBI_3006G099501	41
SORBI_3006G099600	1267
SORBI_3006G099650	446
SORBI_3006G099700	823.707
SORBI_3006G099800	836.55
SORBI_3006G099900	815.052
SORBI_3006G100000	1183.017
SORBI_3006G100100	1417.912
SORBI_3006G100150	242
SORBI_3006G100200	760.314
SORBI_3006G100266	1369.222
SORBI_3006G100332	2270.458
SORBI_3006G100400	6658.831
SORBI_3006G100501	259.394
SORBI_3006G100600	826.405367389752
SORBI_3006G100700	1020.20906260845
SORBI_3006G100800	2870.045
SORBI_3006G100900	1764
SORBI_3006G101000	215
SORBI_3006G101100	462.168
SORBI_3006G101200	1094.144
SORBI_3006G101300	872.18
SORBI_3006G101400	98
SORBI_3006G101500	645.593912269212
SORBI_3006G101600	2334.77642821618
SORBI_3006G101700	1623.366
SORBI_3006G101800	2248.90494340363
SORBI_3006G101900	2039.377
SORBI_3006G102000	915.99
SORBI_3006G102100	1669.202
SORBI_3006G102200	3574.914
SORBI_3006G102300	2561.617
SORBI_3006G102400	1935.554
SORBI_3006G102500	1591.44
SORBI_3006G102550	789.451
SORBI_3006G102600	619
SORBI_3006G102650	733.417
SORBI_3006G102700	1356.12293264015
SORBI_3006G102800	1563.427
ENSRNA049436383	26
SORBI_3006G102900	1235.75
SORBI_3006G103000	1615.632
SORBI_3006G103100	1305.944
SORBI_3006G103200	1515.67
SORBI_3006G103300	373
SORBI_3006G103400	1849.565
SORBI_3006G103500	1061
SORBI_3006G103601	247.08
SORBI_3006G103700	3557.05127640583
SORBI_3006G103800	1003
SORBI_3006G103900	1053.413
SORBI_3006G104000	2010.448
SORBI_3006G104100	1208.831
SORBI_3006G104200	481.839
SORBI_3006G104300	1580.2288796675
ENSRNA049437184	25
SORBI_3006G104400	1119
SORBI_3006G104500	2321.967
SORBI_3006G104600	3913.104
SORBI_3006G104700	913
SORBI_3006G104800	3166
SORBI_3006G104900	1833.417
SORBI_3006G105000	2730.443
SORBI_3006G105100	2345.49
SORBI_3006G105200	3118.477
SORBI_3006G105300	749
SORBI_3006G105400	2251.899
SORBI_3006G105500	1772
SORBI_3006G105600	4549.866
SORBI_3006G105700	2252.642
SORBI_3006G105750	1489.787
SORBI_3006G105800	1279.614
SORBI_3006G105900	1624.76795960325
SORBI_3006G106000	918.011950060796
SORBI_3006G106100	782.58
SORBI_3006G106200	862.07
SORBI_3006G106300	2229.191
SORBI_3006G106400	1853.322
SORBI_3006G106500	5605.186
ENSRNA049437173	33
SORBI_3006G106600	1651.077
SORBI_3006G106700	1783.148
SORBI_3006G106800	634.212
SORBI_3006G106900	928
SORBI_3006G107000	457
SORBI_3006G107100	1304.66666666667
SORBI_3006G107200	2827.245
SORBI_3006G107266	2941.715
SORBI_3006G107332	2539
SORBI_3006G107400	1424.733
ENSRNA049437165	25
SORBI_3006G107500	1444
SORBI_3006G107600	2213.802
SORBI_3006G107700	1067.738
SORBI_3006G107766	681
SORBI_3006G107832	197.443
SORBI_3006G107900	1349.068
SORBI_3006G108000	3077
SORBI_3006G108100	606
SORBI_3006G108200	875.066049065494
SORBI_3006G108300	2061.37116190085
SORBI_3006G108400	2619.816
SORBI_3006G108500	1253.099
SORBI_3006G108600	893.861
SORBI_3006G108700	1885.208
SORBI_3006G108766	2787
SORBI_3006G108832	342.694
SORBI_3006G108900	1521.988
SORBI_3006G109000	1002.218
SORBI_3006G109100	966.504
SORBI_3006G109200	3111.678
SORBI_3006G109300	1229.804
SORBI_3006G109400	4052.563
SORBI_3006G109500	1699.206
SORBI_3006G109600	2968.743
SORBI_3006G109650	1288
SORBI_3006G109700	1126.808
SORBI_3006G109850	1133.5
SORBI_3006G110000	3114.513
SORBI_3006G110101	709
SORBI_3006G110200	3878.40555028598
SORBI_3006G110300	2391.10889012958
SORBI_3006G110400	1500.395968178
SORBI_3006G110500	1935
SORBI_3006G110600	2757.814
SORBI_3006G110700	3068.882
SORBI_3006G110850	672
SORBI_3006G110900	1079.65852211993
SORBI_3006G111000	1111
SORBI_3006G111100	752
SORBI_3006G111200	3519.355
SORBI_3006G111300	742.035
SORBI_3006G111400	841.592
SORBI_3006G111450	468
SORBI_3006G111500	822
SORBI_3006G111600	1253.949
SORBI_3006G111700	1696.737
SORBI_3006G111800	3457.656
SORBI_3006G112000	926
SORBI_3006G112100	2004.7070873032
SORBI_3006G112200	294.5
SORBI_3006G112300	4346
SORBI_3006G112500	2206.54852875363
SORBI_3006G112600	1082.73266455152
SORBI_3006G112700	2529.45349562255
SORBI_3006G112800	2911
SORBI_3006G112850	4489.468
SORBI_3006G112900	715
SORBI_3006G113000	2940.812
SORBI_3006G113100	556
SORBI_3006G113200	775.78
SORBI_3006G113301	2097
SORBI_3006G113400	538
SORBI_3006G113500	658.246
SORBI_3006G113600	1256.906
SORBI_3006G113700	286
SORBI_3006G113800	732.61
SORBI_3006G113900	584.443150827105
SORBI_3006G113950	2347.842
SORBI_3006G114000	3079.588
SORBI_3006G114100	5607
SORBI_3006G114150	195
SORBI_3006G114200	642.351
SORBI_3006G114300	2096.994
SORBI_3006G114400	1531.513
SORBI_3006G114500	1835.567
SORBI_3006G114600	1926.102
ENSRNA049437150	27
SORBI_3006G114700	1281.147
SORBI_3006G114800	1312.418
SORBI_3006G114900	1302
SORBI_3006G115000	495.826807511045
SORBI_3006G115100	749.898
SORBI_3006G115200	996.008
SORBI_3006G115300	2452.22660923122
SORBI_3006G115400	1402
SORBI_3006G115466	1096.542
SORBI_3006G115532	581
SORBI_3006G115600	4241.59611489758
SORBI_3006G115700	3636
SORBI_3006G115800	1226
SORBI_3006G115900	574
SORBI_3006G116000	4246.983
SORBI_3006G116050	1790.533
SORBI_3006G116100	2975.44344071308
SORBI_3006G116200	2820.852
SORBI_3006G116300	1792.27231358053
SORBI_3006G116400	1114
SORBI_3006G116500	1838.36
SORBI_3006G116600	2736
SORBI_3006G116700	630.719
SORBI_3006G116801	315.188
SORBI_3006G116900	8360.477
SORBI_3006G117000	2000.33333333333
SORBI_3006G117100	1952.04023260811
SORBI_3006G117300	1715.5
SORBI_3006G117400	2420.574
SORBI_3006G117500	1076
SORBI_3006G117600	2552.973
SORBI_3006G117700	2716.63820902401
SORBI_3006G117800	2239
SORBI_3006G117900	992.5
SORBI_3006G118000	640
SORBI_3006G118100	1159
SORBI_3006G118150	1277
SORBI_3006G118200	1149.481
SORBI_3006G118300	954.984
SORBI_3006G118400	1038.584
SORBI_3006G118500	1246
SORBI_3006G118700	2531.654
SORBI_3006G118800	1161.5
SORBI_3006G118850	750
SORBI_3006G118900	2187.473
SORBI_3006G119000	1099.042
SORBI_3006G119100	982
SORBI_3006G119200	2626.831
SORBI_3006G119300	1122.479
SORBI_3006G119400	5061.534
SORBI_3006G119600	3247.028
SORBI_3006G119700	584.357
SORBI_3006G119800	1318.373
SORBI_3006G119900	2866.25049747644
SORBI_3006G120000	1547.58
SORBI_3006G120100	849
SORBI_3006G120200	3774.187
SORBI_3006G120301	941.252
SORBI_3006G120400	2021.029
SORBI_3006G120500	2100.70890733176
SORBI_3006G120600	2601.355
SORBI_3006G120700	1208.286
SORBI_3006G120800	1170.28935051045
SORBI_3006G120900	1040.461439344
SORBI_3006G121000	1093
SORBI_3006G121100	1047.143
SORBI_3006G121200	2147.948
SORBI_3006G121300	1871.806
SORBI_3006G121400	766.397072777304
SORBI_3006G121500	1944.259
SORBI_3006G121600	1837.026
SORBI_3006G121700	298
SORBI_3006G121800	1454.081
SORBI_3006G121900	11607.839
SORBI_3006G121950	319
SORBI_3006G122000	1171
SORBI_3006G122100	2414.57790200346
SORBI_3006G122200	1897.508
SORBI_3006G122300	1653.098
SORBI_3006G122400	2250.753
SORBI_3006G122500	688.475
SORBI_3006G122600	1089.122
SORBI_3006G122700	369.858
SORBI_3006G122800	1887.203
SORBI_3006G122900	2278.986
SORBI_3006G123000	2862.9
SORBI_3006G123100	3847.392
SORBI_3006G123200	1017
SORBI_3006G123300	1699.413
SORBI_3006G123400	11536.321
SORBI_3006G123500	1639.922
SORBI_3006G123600	1757.08197507639
SORBI_3006G123650	325
SORBI_3006G123700	1259.165
SORBI_3006G123800	64
SORBI_3006G123900	4106.97117600756
SORBI_3006G124000	1021.906
SORBI_3006G124100	4944.309
SORBI_3006G124200	2963.911
SORBI_3006G124300	606.644544953416
ENSRNA049996103	42
SORBI_3006G124400	5087.605
SORBI_3006G124500	2089.704
SORBI_3006G124600	2027
SORBI_3006G124700	387
SORBI_3006G124800	3
SORBI_3006G124850	172
SORBI_3006G124900	2206.183
SORBI_3006G125000	1438.478
SORBI_3006G125100	960
SORBI_3006G125200	856
SORBI_3006G125301	117
SORBI_3006G125400	2801.537
SORBI_3006G125500	4172.38746343802
SORBI_3006G125600	977.134
SORBI_3006G125700	2125.019
SORBI_3006G125800	1117
SORBI_3006G125900	1930.297
SORBI_3006G126000	1281.553
SORBI_3006G126100	1654.72482816646
SORBI_3006G126200	1415.691
SORBI_3006G126300	2980.482
SORBI_3006G126400	1247.478
SORBI_3006G126500	2529.939
SORBI_3006G126600	1165.76
SORBI_3006G126700	1375.988
SORBI_3006G126800	3969.483
SORBI_3006G126900	3533.462
SORBI_3006G127000	904.49
SORBI_3006G127100	782.846435290744
SORBI_3006G127200	1702.832
SORBI_3006G127300	919.048
SORBI_3006G127350	1787.874
SORBI_3006G127400	2596.661
SORBI_3006G127500	1289.772
SORBI_3006G127600	1824.006
SORBI_3006G127700	778
SORBI_3006G127750	813
SORBI_3006G127800	4386
ENSRNA049436407	34
SORBI_3006G127900	1056.71641328444
SORBI_3006G128100	2837.92522925233
SORBI_3006G128150	258
SORBI_3006G128200	998.341
SORBI_3006G128233	517
SORBI_3006G128266	317
SORBI_3006G128300	3219.79255692523
SORBI_3006G128400	3196.59300780577
SORBI_3006G128450	719
SORBI_3006G128500	1831.356
SORBI_3006G128700	2397.72199304172
SORBI_3006G128600	769
SORBI_3006G128800	998.62594078781
SORBI_3006G128900	4342.602
SORBI_3006G129000	1180.714
SORBI_3006G129100	809.635
SORBI_3006G129200	550
SORBI_3006G129300	445
SORBI_3006G129400	1148.473
SORBI_3006G129466	457
SORBI_3006G129532	192
SORBI_3006G129600	439
SORBI_3006G129700	1916.712
SORBI_3006G129800	2704.23020476633
ENSRNA049482006	12
SORBI_3006G129900	931.823
SORBI_3006G130000	1374.871
SORBI_3006G130100	3108.371
SORBI_3006G130200	2286.247
SORBI_3006G130300	1125.132
SORBI_3006G130400	3372.873
SORBI_3006G130501	2192.147
SORBI_3006G130600	1497.483
SORBI_3006G130700	2109
SORBI_3006G130750	924.949
SORBI_3006G130800	4540.68
SORBI_3006G130900	614
SORBI_3006G131000	2353.654
SORBI_3006G131050	364
SORBI_3006G131100	1008
SORBI_3006G131200	4751.271
SORBI_3006G131300	808.659
SORBI_3006G131400	3396.422
SORBI_3006G131500	4383.10216060252
SORBI_3006G131600	1518.326
SORBI_3006G131700	1589.97637699369
SORBI_3006G131800	2123.097
SORBI_3006G131900	6142.10457021673
SORBI_3006G132000	2284.566
SORBI_3006G132100	2332
SORBI_3006G132200	975
SORBI_3006G132300	1043
SORBI_3006G132400	2029.739
SORBI_3006G132500	1751.59
SORBI_3006G132600	3500.657
SORBI_3006G132700	1525.988
SORBI_3006G132800	1331
SORBI_3006G132900	1898.421
SORBI_3006G133000	1655.812
SORBI_3006G133100	2398
SORBI_3006G133200	1390
SORBI_3006G133300	1294
SORBI_3006G133400	1006
SORBI_3006G133500	161
SORBI_3006G133600	2038.913
SORBI_3006G133650	559
SORBI_3006G133700	1527.051
SORBI_3006G133800	1138.137
SORBI_3006G133900	5641.788
SORBI_3006G134001	2273
SORBI_3006G134100	1391.47242716809
SORBI_3006G134200	407.862
SORBI_3006G134300	39
SORBI_3006G134400	345.400205982094
SORBI_3006G134500	2216.74136186446
SORBI_3006G134550	574
SORBI_3006G134600	1315
SORBI_3006G134700	2230
SORBI_3006G134800	571.084
SORBI_3006G134900	1731.972
SORBI_3006G135000	1568.971
SORBI_3006G135100	722.929
SORBI_3006G135200	2289.984
SORBI_3006G135300	1670.67625337882
SORBI_3006G135500	1893.661
SORBI_3006G135525	1460
SORBI_3006G135550	1342
SORBI_3006G135575	149.349
SORBI_3006G135600	1029.082
SORBI_3006G135701	644.507
SORBI_3006G135800	1446
SORBI_3006G135900	1928.05
SORBI_3006G136000	1031.74071039428
SORBI_3006G136100	2672.35017285947
SORBI_3006G136200	391.531079614263
SORBI_3006G136300	89.37
SORBI_3006G136400	2305.351
SORBI_3006G136500	2239.664
SORBI_3006G136600	161
SORBI_3006G136700	1068
SORBI_3006G136800	2339.76
SORBI_3006G136900	3487.703
SORBI_3006G137000	1534.64325723722
SORBI_3006G137100	841.856376176991
SORBI_3006G137200	2582.37
SORBI_3006G137300	1740.936
SORBI_3006G137400	1657.739
ENSRNA049996096	2
SORBI_3006G137500	662.815
SORBI_3006G137600	2244.8066339493
SORBI_3006G137700	2270.711
SORBI_3006G137800	927.246
ENSRNA049437127	27
SORBI_3006G137900	675.13
SORBI_3006G138000	3620.29261235592
SORBI_3006G138100	338.019887414562
SORBI_3006G138200	2149.23646864343
SORBI_3006G138300	3330.79
SORBI_3006G138400	1776.5717065434
SORBI_3006G138500	1477.68026898633
SORBI_3006G138600	2087.85020591081
SORBI_3006G138700	728
SORBI_3006G138800	630.094
SORBI_3006G138850	394
SORBI_3006G138900	704
SORBI_3006G138933	150
SORBI_3006G138966	663
SORBI_3006G139000	1876.662
SORBI_3006G139100	2211.519
SORBI_3006G139200	3103
SORBI_3006G139300	3381.78677969278
SORBI_3006G139400	816.5
SORBI_3006G139501	2558
SORBI_3006G139600	956.512
SORBI_3006G139700	2313.26
SORBI_3006G139900	682.87
SORBI_3006G140000	5792.80149886793
SORBI_3006G140050	284
SORBI_3006G140100	1410.62347968361
SORBI_3006G140200	2074.22
SORBI_3006G140300	5448.984
SORBI_3006G140400	4398.772
SORBI_3006G140450	411
SORBI_3006G140500	903.19
SORBI_3006G140600	4304.514
SORBI_3006G140700	1282.5
SORBI_3006G140801	1968.102
SORBI_3006G140900	1006.65958767744
SORBI_3006G141000	1191.08240045384
SORBI_3006G141100	2036.84
SORBI_3006G141200	356
SORBI_3006G141300	3937.766
SORBI_3006G141400	3127
ENSRNA049483161	58.478
SORBI_3006G141500	682.488
ENSRNA049483144	1
ENSRNA049483131	1
SORBI_3006G141600	1435.703
SORBI_3006G141700	586.959
SORBI_3006G141800	1332.869
SORBI_3006G141900	1012
SORBI_3006G142000	1548.066
SORBI_3006G142100	592
SORBI_3006G142200	2131.5
SORBI_3006G142233	800
SORBI_3006G142266	2369.66666666667
SORBI_3006G142299	298
SORBI_3006G142332	1819.645
SORBI_3006G142365	485
SORBI_3006G142400	1534.909
SORBI_3006G142500	2149.811
SORBI_3006G142600	3281.94592170567
SORBI_3006G142700	1358.24960866949
SORBI_3006G142775	4295.21576076357
SORBI_3006G142850	2491
SORBI_3006G142925	286
SORBI_3006G143000	1235.479
SORBI_3006G143100	1008.64579638811
SORBI_3006G143200	2297.108
SORBI_3006G143300	1945.943
SORBI_3006G143400	1305.58
SORBI_3006G143500	1419.647
SORBI_3006G143600	1294
SORBI_3006G143700	2527
SORBI_3006G143750	1777
SORBI_3006G143800	634.592
SORBI_3006G143900	2956.853
ENSRNA049437073	24
SORBI_3006G144000	4333.576
SORBI_3006G144101	421
SORBI_3006G144201	470
SORBI_3006G144300	2048.051
SORBI_3006G144400	529
SORBI_3006G144500	2606.043
SORBI_3006G144600	2050.359
SORBI_3006G144700	1920.049
SORBI_3006G144800	160
SORBI_3006G144900	1693
SORBI_3006G145000	3098.312
SORBI_3006G145200	589.103
SORBI_3006G145300	1642
SORBI_3006G145400	1665.25
SORBI_3006G145500	1720.10213133227
SORBI_3006G145600	1791
SORBI_3006G145650	2033.13
SORBI_3006G145700	1463.918
SORBI_3006G145800	1887.992
SORBI_3006G145901	1984.379
SORBI_3006G146000	3326.488
SORBI_3006G146100	2320.07
SORBI_3006G146150	515
SORBI_3006G146200	2693.966
SORBI_3006G146300	1386.35
SORBI_3006G146400	2970.37180078169
SORBI_3006G146500	3326.967
SORBI_3006G146600	793.605133962941
SORBI_3006G146700	3225
SORBI_3006G146800	2162.091
SORBI_3006G146900	3277.94
SORBI_3006G147000	595.586
SORBI_3006G147101	286
SORBI_3006G147200	772.012
SORBI_3006G147300	2463.609
SORBI_3006G147350	622
SORBI_3006G147400	797.768
SORBI_3006G147450	2681
SORBI_3006G147500	909.882
SORBI_3006G147600	2311.412
SORBI_3006G147700	3185.003
SORBI_3006G147800	3229
SORBI_3006G147900	806
SORBI_3006G148000	2120.371
SORBI_3006G148100	1581.056
SORBI_3006G148200	1865.52119167035
SORBI_3006G148300	1815.109
SORBI_3006G148400	3574.84246995533
SORBI_3006G148500	2769.36471630071
SORBI_3006G148600	221
SORBI_3006G148700	1204.075
SORBI_3006G148800	2094.86
SORBI_3006G148900	2113.824
SORBI_3006G149000	29
SORBI_3006G149101	484.234
SORBI_3006G149200	451.570081927135
SORBI_3006G149300	1341.685
SORBI_3006G149400	3350.702
SORBI_3006G149500	1715.751
SORBI_3006G149600	1773.32
SORBI_3006G149650	588
SORBI_3006G149700	869.441
SORBI_3006G149800	10796.679
SORBI_3006G149900	358
SORBI_3006G150001	93
SORBI_3006G150100	1743.63
SORBI_3006G150200	157
SORBI_3006G150300	2158.34
SORBI_3006G150400	3080.261
SORBI_3006G150500	60
SORBI_3006G150600	997.224
SORBI_3006G150700	515
SORBI_3006G150800	3657.395
SORBI_3006G150900	947
SORBI_3006G151001	1566.252
SORBI_3006G151100	1195.258
SORBI_3006G151200	2770.798
SORBI_3006G151300	1359
SORBI_3006G151500	1628.109
SORBI_3006G151600	1096.3803092949
SORBI_3006G151800	490
SORBI_3006G152000	1088.62
SORBI_3006G152100	281
SORBI_3006G152200	3428.85
SORBI_3006G152400	2627
SORBI_3006G152500	2249.755
SORBI_3006G152600	2743.768
SORBI_3006G152700	2359.018
SORBI_3006G152801	2313
SORBI_3006G152900	2686.025
SORBI_3006G153000	1070.603
SORBI_3006G153100	1855.934
SORBI_3006G153200	929.211813389641
SORBI_3006G153300	3508.99132954644
SORBI_3006G153400	3937.579
SORBI_3006G153500	1337.639
SORBI_3006G153550	405
SORBI_3006G153600	161
SORBI_3006G153700	2484.62
SORBI_3006G153900	2601.582
SORBI_3006G154000	161
ENSRNA049436469	26
SORBI_3006G154100	1144.72637554808
SORBI_3006G154200	1204.391
SORBI_3006G154300	532
SORBI_3006G154400	1391.828
SORBI_3006G154500	953.024
ENSRNA049436500	26
SORBI_3006G154600	1988.119
SORBI_3006G154800	4260.962
SORBI_3006G154900	1458.105
SORBI_3006G155000	1115.154
SORBI_3006G155100	1269.62
SORBI_3006G155150	2105
SORBI_3006G155200	2005
SORBI_3006G155300	1941.5
SORBI_3006G155400	1391
SORBI_3006G155500	563.843
SORBI_3006G155600	307
SORBI_3006G155700	2182
SORBI_3006G155800	1213.579
SORBI_3006G155900	1859.847
SORBI_3006G156000	12436.254
SORBI_3006G156100	1103.237
SORBI_3006G156200	549
SORBI_3006G156300	3221.31
SORBI_3006G156400	3820.30629614064
SORBI_3006G156500	1832
SORBI_3006G156600	2013.162
SORBI_3006G156801	455.602
SORBI_3006G157000	1917.3787150272
SORBI_3006G157100	1403.646
SORBI_3006G157200	676.408
SORBI_3006G157300	1078.963
SORBI_3006G157400	1440.333
SORBI_3006G157450	1219
SORBI_3006G157500	3993.282
SORBI_3006G157600	988.615
SORBI_3006G157700	2151.775
SORBI_3006G157800	456.429
SORBI_3006G157900	971.601
SORBI_3006G158000	864.779
SORBI_3006G158100	817.268
SORBI_3006G158200	1659.844
SORBI_3006G158266	4045.117
SORBI_3006G158332	2478.294
SORBI_3006G158400	1213.466
SORBI_3006G158500	1125
SORBI_3006G158600	1748.889
SORBI_3006G158700	1373.728
SORBI_3006G158800	1689.974
SORBI_3006G158900	1169.062
SORBI_3006G159000	788
SORBI_3006G159100	2484.476
SORBI_3006G159200	1557
SORBI_3006G159300	859.621
SORBI_3006G159350	2057.134
SORBI_3006G159400	993.002
SORBI_3006G159500	1019.002
SORBI_3006G159600	1242.606
SORBI_3006G159700	1000
SORBI_3006G159800	2449.62358161867
SORBI_3006G159900	2112.066
SORBI_3006G160000	2778.848
SORBI_3006G160100	896.351
SORBI_3006G160200	946.885948805339
SORBI_3006G160300	1204.81308265764
SORBI_3006G160400	770.462
SORBI_3006G160500	428.794
SORBI_3006G160600	797.698401581067
SORBI_3006G160700	2310.67156922823
SORBI_3006G160800	1184
SORBI_3006G160900	5041.749
SORBI_3006G161000	1942.41955287924
SORBI_3006G161100	1329.373
SORBI_3006G161200	2106.277
SORBI_3006G161300	1810.21
SORBI_3006G161400	1342.685
SORBI_3006G161500	2653.953
SORBI_3006G161600	1551
SORBI_3006G161800	1367.732
SORBI_3006G161900	1822.551
SORBI_3006G162000	4250.522
SORBI_3006G162100	1293.265
SORBI_3006G162200	1118.804
SORBI_3006G162300	1588.33333333333
SORBI_3006G162400	1334.113
SORBI_3006G162500	899.146
SORBI_3006G162550	697.742
SORBI_3006G162600	587.588
SORBI_3006G162700	370.304
SORBI_3006G162750	1326
SORBI_3006G162800	3637.93753916903
SORBI_3006G163000	1348.7578141153
SORBI_3006G163033	1377
SORBI_3006G163066	162
SORBI_3006G163100	1839.03789051509
SORBI_3006G163200	2841.51
SORBI_3006G163300	1591.634
SORBI_3006G163401	2700.594
SORBI_3006G163501	326
SORBI_3006G163600	1559.205
SORBI_3006G163650	1008.89
SORBI_3006G163700	141
SORBI_3006G163800	4031.025
SORBI_3006G163900	1380.285
SORBI_3006G164000	896.954
SORBI_3006G164100	973.345
SORBI_3006G164200	2288.55431509573
SORBI_3006G164300	2213.60957574274
SORBI_3006G164400	1763.44351594588
SORBI_3006G164500	1623.012
SORBI_3006G164650	380
SORBI_3006G164800	6295
SORBI_3006G164900	1288.34266879711
SORBI_3006G165000	2942.609
SORBI_3006G165100	3593.882
SORBI_3006G165200	1415.33333333333
SORBI_3006G165250	416.713
SORBI_3006G165300	2437.702
SORBI_3006G165501	2453.787
SORBI_3006G165400	2411.209
SORBI_3006G165600	387.955
SORBI_3006G165650	190.067
SORBI_3006G165700	761
SORBI_3006G165800	2829.224
SORBI_3006G165900	1588.883
SORBI_3006G166000	1438.842
SORBI_3006G166100	2281.725
SORBI_3006G166200	1811.954
SORBI_3006G166300	1122.39690400958
SORBI_3006G166400	1593.75
SORBI_3006G166500	1014.514
SORBI_3006G166601	1595
SORBI_3006G166700	1162.5
SORBI_3006G166800	867
SORBI_3006G166900	1746
SORBI_3006G167000	2315
SORBI_3006G167100	3037.876
SORBI_3006G167200	1635.501
SORBI_3006G167250	2413.363
SORBI_3006G167300	2677.617
SORBI_3006G167400	3158.792
SORBI_3006G167500	4261.634
SORBI_3006G167600	1845.855
SORBI_3006G167700	1089
SORBI_3006G167800	2490.121
SORBI_3006G167850	515
SORBI_3006G167900	1613.894
SORBI_3006G168000	646.502
SORBI_3006G168100	1553.639
SORBI_3006G168200	1141
SORBI_3006G168300	2531.756
SORBI_3006G168400	1599.956
SORBI_3006G168500	3052.041
SORBI_3006G168650	1367.9846976922
SORBI_3006G168800	1164.129
SORBI_3006G168900	1478.777
SORBI_3006G169000	2155.837
SORBI_3006G169100	730
SORBI_3006G169200	1801.804
SORBI_3006G169300	826
SORBI_3006G169400	161.442
SORBI_3006G169500	1338.87822743899
SORBI_3006G169600	923.457
SORBI_3006G169700	1305
SORBI_3006G169800	11817.776
SORBI_3006G169900	313.534
SORBI_3006G169950	172
SORBI_3006G170000	604
SORBI_3006G170100	161
SORBI_3006G170200	1101.78993256526
SORBI_3006G170300	1463.738
SORBI_3006G170400	1240.595
SORBI_3006G170500	571.103
SORBI_3006G170600	936.715
SORBI_3006G170700	1163.06130196244
SORBI_3006G170800	2091.385
SORBI_3006G170900	2165.53
SORBI_3006G171000	1618
SORBI_3006G171050	699.5
SORBI_3006G171100	1188
SORBI_3006G171200	1127
SORBI_3006G171300	2207
SORBI_3006G171400	3605.248
SORBI_3006G171500	2127
SORBI_3006G171600	1151.803
SORBI_3006G171700	3751.268
SORBI_3006G171801	923
SORBI_3006G171900	1893.175
SORBI_3006G172000	980
SORBI_3006G172100	1671.103
SORBI_3006G172200	1865.74546977194
SORBI_3006G172300	1999.312
SORBI_3006G172400	643
SORBI_3006G172500	576
SORBI_3006G172550	560
SORBI_3006G172601	3205.685
SORBI_3006G172651	4713.092
SORBI_3006G172700	845
SORBI_3006G172800	936
SORBI_3006G172900	5253.812
SORBI_3006G173000	1873.1172490309
SORBI_3006G173100	2442.304
SORBI_3006G173200	8100.87568459692
SORBI_3006G173400	924
SORBI_3006G173500	1141.852
SORBI_3006G173600	2005.468
SORBI_3006G173700	3355.588
SORBI_3006G173800	4070.37991629409
SORBI_3006G173900	650.014
SORBI_3006G174000	1273
SORBI_3006G174050	906
SORBI_3006G174100	436
SORBI_3006G174300	3479.099
SORBI_3006G174200	266
SORBI_3006G174400	1295.135
SORBI_3006G174500	1161.359
SORBI_3006G174600	644.478
SORBI_3006G174725	1822
SORBI_3006G174850	2300.1
SORBI_3006G174975	161
SORBI_3006G175100	3166
SORBI_3006G175200	1659
SORBI_3006G175400	3624.178
SORBI_3006G175500	28206.563
SORBI_3006G175600	899
SORBI_3006G175700	2026.81213847833
SORBI_3006G175800	1924.604
SORBI_3006G175900	1884.117
SORBI_3006G176100	5611.603
SORBI_3006G176000	271
SORBI_3006G176200	2227
SORBI_3006G176300	2439.808
SORBI_3006G176400	1441.051
SORBI_3006G176500	4399.155
SORBI_3006G176600	2687.826
SORBI_3006G176700	1201.549
SORBI_3006G176800	3632.8369670708
SORBI_3006G176900	467
SORBI_3006G177000	1611.101
SORBI_3006G177100	730.093
SORBI_3006G177200	2998.044
SORBI_3006G177300	1204.38
SORBI_3006G177400	4427.33
SORBI_3006G177500	1450.183
SORBI_3006G177600	3116.534
SORBI_3006G177700	2936
SORBI_3006G177800	4095.16
SORBI_3006G177900	500
SORBI_3006G178000	233.288
SORBI_3006G178100	2095.289
SORBI_3006G178200	2066.277
SORBI_3006G178300	1197
SORBI_3006G178400	1948
SORBI_3006G178500	1639.447
SORBI_3006G178700	2089.074
SORBI_3006G178800	2660.066
SORBI_3006G178900	1454
SORBI_3006G179000	2057.211
SORBI_3006G179100	2696.324
SORBI_3006G179200	1846.405
SORBI_3006G179300	3724.11735546848
SORBI_3006G179400	4814.694
SORBI_3006G179500	1293.36868260123
SORBI_3006G179600	1475.135
SORBI_3006G179700	946.019
SORBI_3006G179800	526.025622968894
SORBI_3006G179900	3075.19670462663
SORBI_3006G180000	745.294251691467
SORBI_3006G180100	1744.926
SORBI_3006G180200	1989.405
SORBI_3006G180300	3488.688
SORBI_3006G180366	241
SORBI_3006G180432	1970.47929169217
SORBI_3006G180500	928
SORBI_3006G180600	2801.593
SORBI_3006G180700	3712.394
SORBI_3006G180800	672
SORBI_3006G180850	152
SORBI_3006G180900	2960.96455139013
SORBI_3006G181000	5666.982
SORBI_3006G181150	1026
SORBI_3006G181300	3526.189
SORBI_3006G181400	1477
SORBI_3006G181500	562.680262784234
SORBI_3006G181600	1426
SORBI_3006G181700	161
SORBI_3006G181800	4013.85512047122
ENSRNA049996089	12
SORBI_3006G181900	1716.277
SORBI_3006G182000	3873.646
SORBI_3006G182100	1175.549
SORBI_3006G182200	1889.16901776893
SORBI_3006G182300	4378.86650909008
SORBI_3006G182401	544
SORBI_3006G182500	2836.66
SORBI_3006G182700	1456
SORBI_3006G182800	644.94
SORBI_3006G182900	5037.111
SORBI_3006G183000	833.36639297217
SORBI_3006G183100	1172.739
SORBI_3006G183200	2643.77404706342
SORBI_3006G183301	2530.938
SORBI_3006G183400	1207.108
SORBI_3006G183500	1996.243
SORBI_3006G183600	1822.357
SORBI_3006G183701	352
SORBI_3006G183800	2702.994
SORBI_3006G183900	2341.425
ENSRNA049436977	26
SORBI_3006G184000	1404.66666666667
SORBI_3006G184100	1951.171
SORBI_3006G184200	2004.453
SORBI_3006G184300	1660.501
SORBI_3006G184400	1850.179
SORBI_3006G184500	1345.826
SORBI_3006G184700	1495.04
SORBI_3006G184800	775.466
SORBI_3006G184900	4401.403
SORBI_3006G185000	1807.793
SORBI_3006G185100	1785.322
SORBI_3006G185150	524
SORBI_3006G185200	5406.93427487766
SORBI_3006G185300	816.639
SORBI_3006G185400	324
SORBI_3006G185500	3922.61091401909
SORBI_3006G185600	5146.111
ENSRNA049996080	11
SORBI_3006G185700	1531.26
SORBI_3006G185800	2210.654
SORBI_3006G185900	1862.93
SORBI_3006G186000	1950.034
SORBI_3006G186100	2109.842
SORBI_3006G186200	1053.681
SORBI_3006G186300	1508.628
SORBI_3006G186400	1823.385
SORBI_3006G186500	2150
SORBI_3006G186600	1054.91356900766
SORBI_3006G186700	497.685
SORBI_3006G186800	3983.86
SORBI_3006G186900	1277
SORBI_3006G187000	2438.848
SORBI_3006G187100	2127.774
SORBI_3006G187200	1948.471
SORBI_3006G187300	1394
SORBI_3006G187401	172
SORBI_3006G187500	816.963
SORBI_3006G187600	1069
SORBI_3006G187700	427
SORBI_3006G187750	288
SORBI_3006G187800	1163.95148461457
SORBI_3006G187900	2360.924
SORBI_3006G188000	1812.273
ENSRNA049483202	26
ENSRNA049483138	2
SORBI_3006G188100	1227.631
SORBI_3006G188200	2525.207396839
SORBI_3006G188400	836.267
SORBI_3006G188500	3567.73046166436
SORBI_3006G188600	1979.167
SORBI_3006G188700	1816.349
SORBI_3006G188800	1415.263
SORBI_3006G188900	1767.24963432507
SORBI_3006G189000	778.246
SORBI_3006G189100	1054.214
SORBI_3006G189200	1352.588
SORBI_3006G189300	705
SORBI_3006G189400	1992
SORBI_3006G189500	1051
SORBI_3006G189600	611
SORBI_3006G189700	1439.259
SORBI_3006G189801	417
SORBI_3006G189900	397
SORBI_3006G190000	1318.202
SORBI_3006G190100	1432.625
SORBI_3006G190150	961
SORBI_3006G190200	2150.649
SORBI_3006G190300	2277
SORBI_3006G190400	4126.517
SORBI_3006G190500	57
SORBI_3006G190600	802
SORBI_3006G190700	638
SORBI_3006G190800	2185
SORBI_3006G190850	420
SORBI_3006G190900	2872
SORBI_3006G190950	2866
SORBI_3006G191000	2794.252
SORBI_3006G191100	3099.321
SORBI_3006G191200	2783.986
SORBI_3006G191400	1094.445
SORBI_3006G191500	1625.267
SORBI_3006G191600	4168.232
SORBI_3006G191700	894.107
SORBI_3006G191800	492.659
SORBI_3006G191900	3968.311
SORBI_3006G192000	897
SORBI_3006G192100	1403.27681554319
SORBI_3006G192150	461
SORBI_3006G192200	956.4
ENSRNA049483146	6
SORBI_3006G192266	1062.516
SORBI_3006G192332	3767.881
SORBI_3006G192400	3886.404
SORBI_3006G192500	2389.082
SORBI_3006G192600	2260.027
SORBI_3006G192700	1919.315
SORBI_3006G192800	1722.759
SORBI_3006G192900	2281.622
SORBI_3006G193000	1327.312
SORBI_3006G193100	2182.791
SORBI_3006G193200	3273.45025284104
SORBI_3006G193300	2855.564
SORBI_3006G193400	1660.923
SORBI_3006G193500	503.879
SORBI_3006G193600	860.946
SORBI_3006G193700	1472.067
SORBI_3006G193801	970
SORBI_3006G193900	845.401
SORBI_3006G194000	218.707
SORBI_3006G194100	283.908
SORBI_3006G194150	3566.723
SORBI_3006G194200	772.327
SORBI_3006G194300	6006.55
SORBI_3006G194400	4653.894
SORBI_3006G194500	530.859
SORBI_3006G194600	3936.182
SORBI_3006G194700	1036
SORBI_3006G194800	538
SORBI_3006G194900	554
SORBI_3006G195000	1864
SORBI_3006G195100	2123.44
SORBI_3006G195200	2808.18
SORBI_3006G195400	1007.264
SORBI_3006G195500	4019.243
SORBI_3006G195600	1480
SORBI_3006G195700	2100.457
SORBI_3006G195750	1400.182
SORBI_3006G195800	5255.101
SORBI_3006G195900	2403.482
SORBI_3006G196000	1420.538
SORBI_3006G196100	1238
SORBI_3006G196200	2981.748
SORBI_3006G196300	1291.714
SORBI_3006G196400	1106.386
SORBI_3006G196500	1586.82420229533
SORBI_3006G196600	1431
SORBI_3006G196700	617
SORBI_3006G196800	1372
SORBI_3006G196900	1383.16
SORBI_3006G197000	1880.711
SORBI_3006G197100	1965.687
SORBI_3006G197200	1077
SORBI_3006G197300	980.713
SORBI_3006G197400	2263
SORBI_3006G197500	1874
SORBI_3006G197600	2205.927
SORBI_3006G197700	1171.34417735196
SORBI_3006G197800	1992.161
SORBI_3006G197900	322.213
SORBI_3006G198000	251
SORBI_3006G198200	1279
SORBI_3006G198300	2964.496
SORBI_3006G198400	1846.736
SORBI_3006G198500	1706.791
SORBI_3006G198600	2596.044
SORBI_3006G198700	1164.908
SORBI_3006G198800	1651.292
SORBI_3006G198900	1377.105
SORBI_3006G199000	326.289
SORBI_3006G199100	1168.897
SORBI_3006G199200	1742.517
SORBI_3006G199300	674.135
SORBI_3006G199400	399
SORBI_3006G199500	1605.33333333333
SORBI_3006G199601	1891
SORBI_3006G199700	3083.268
SORBI_3006G199800	1594.862
SORBI_3006G199900	424
SORBI_3006G200000	1168.517
SORBI_3006G200100	1909
SORBI_3006G200200	1375
SORBI_3006G200300	2454
SORBI_3006G200400	922
ENSRNA049483115	33
SORBI_3006G200500	1030.79639611097
SORBI_3006G200600	3158.453
SORBI_3006G200650	346
SORBI_3006G200700	2236.53576554761
SORBI_3006G200800	3787.157
SORBI_3006G200901	600.985
SORBI_3006G201000	2559.051
SORBI_3006G201100	1806.26589531958
SORBI_3006G201200	1558.343
SORBI_3006G201300	3219.791
SORBI_3006G201350	2641
SORBI_3006G201400	1000.969
SORBI_3006G201450	495
SORBI_3006G201500	1032.22
SORBI_3006G201600	1327
SORBI_3006G201700	3163.689
SORBI_3006G201800	1274.219
SORBI_3006G201900	11497.92
SORBI_3006G202000	798.648
SORBI_3006G202100	365.965
SORBI_3006G202150	308.277
SORBI_3006G202200	2746.263
SORBI_3006G202300	1156.613
SORBI_3006G202401	158
ENSRNA049996072	6
SORBI_3006G202500	1230.227
SORBI_3006G202600	3539
SORBI_3006G202700	544
SORBI_3006G202800	1145.65949817628
SORBI_3006G202900	589
SORBI_3006G203000	1345.831
SORBI_3006G203100	1325.404
SORBI_3006G203200	5417
SORBI_3006G203300	1906.841
SORBI_3006G203400	1150.194
SORBI_3006G203600	751.614
SORBI_3006G203700	918
SORBI_3006G203800	3294.5
SORBI_3006G203900	1635.20127987985
SORBI_3006G204100	683.044
SORBI_3006G204000	2600.49
SORBI_3006G204200	1852.236
SORBI_3006G204300	427.492
SORBI_3006G204400	2067.379
SORBI_3006G204500	1974
SORBI_3006G204600	2684.965
SORBI_3006G204700	1256.903
SORBI_3006G204800	2490.548
ENSRNA049483108	85.65
SORBI_3006G204850	569
SORBI_3006G204900	3842.319
SORBI_3006G205000	1972.08952263291
SORBI_3006G205100	2711.17
SORBI_3006G205200	1045.202
SORBI_3006G205300	330
SORBI_3006G205400	3411.042
SORBI_3006G205500	822
SORBI_3006G205600	1662.448
SORBI_3006G205700	1332
SORBI_3006G205800	2320.747
SORBI_3006G205900	427
SORBI_3006G206000	708.331
SORBI_3006G206100	979
SORBI_3006G206200	1961.288
SORBI_3006G206400	979
SORBI_3006G206500	1238.996
SORBI_3006G206600	1385.46912501298
SORBI_3006G206700	1738.1564322948
SORBI_3006G206800	4106.825
SORBI_3006G206900	505.882
SORBI_3006G207000	1394.789
ENSRNA049996056	6
SORBI_3006G207100	1199.335
SORBI_3006G207200	2403.485
SORBI_3006G207300	4264.239
SORBI_3006G207400	3623.907
SORBI_3006G207500	468.307640594323
SORBI_3006G207600	1431.111
SORBI_3006G207700	1168.34382202925
SORBI_3006G207800	1538.949
SORBI_3006G207900	2488.041
SORBI_3006G208000	2326.059
SORBI_3006G208050	4675.049
ENSRNA049996064	2
SORBI_3006G208100	1523.906
SORBI_3006G208200	1201.14388821117
SORBI_3006G208300	833
SORBI_3006G208400	2733.041
SORBI_3006G208500	3808.833
SORBI_3006G208700	3661.31
SORBI_3006G208600	1126.606
SORBI_3006G208800	2630.347
SORBI_3006G208900	2657.048
SORBI_3006G209000	1289
SORBI_3006G209100	333
SORBI_3006G209200	1202.662
SORBI_3006G209300	1225.841
SORBI_3006G209400	1789.309
SORBI_3006G209500	1308.28012953179
SORBI_3006G209600	1604.36
SORBI_3006G209700	776.416810848679
SORBI_3006G209850	3993.46674538705
SORBI_3006G210000	3196.015
SORBI_3006G210100	2845.03073712899
SORBI_3006G210200	3386.97309817619
SORBI_3006G210233	1293
SORBI_3006G210266	554
SORBI_3006G210300	548.829
SORBI_3006G210400	1232.92563720104
SORBI_3006G210500	527.277
SORBI_3006G210600	3110
SORBI_3006G210700	2803.75379388463
SORBI_3006G210800	899.398
SORBI_3006G210900	3619.78580727695
ENSRNA049436919	26
SORBI_3006G211000	1154.593
SORBI_3006G211200	311.233
SORBI_3006G211300	2432.043
SORBI_3006G211100	2940.539
SORBI_3006G211400	2033.247
SORBI_3006G211500	3067.972
SORBI_3006G211600	2096
SORBI_3006G211701	1016.946
SORBI_3006G211800	1182.901
SORBI_3006G211900	1354.0507602969
SORBI_3006G212000	1591.22
SORBI_3006G212100	969.571
SORBI_3006G212200	1285.295
SORBI_3006G212300	3711.145
SORBI_3006G212350	245
SORBI_3006G212400	1871.467
SORBI_3006G212500	2184.665
SORBI_3006G212600	3473.525
SORBI_3006G212700	928
SORBI_3006G212800	1665.385
SORBI_3006G212900	1867.23
SORBI_3006G213000	827.646
SORBI_3006G213100	1881.528
SORBI_3006G213200	1010.942
SORBI_3006G213300	1317.5249875748
SORBI_3006G213350	4087.238
SORBI_3006G213400	2676.229
SORBI_3006G213500	2993.233
SORBI_3006G213601	948.197
SORBI_3006G213700	1306.452
SORBI_3006G213800	1762.685
SORBI_3006G213900	1554.657
SORBI_3006G214000	2880.908
SORBI_3006G214101	114
SORBI_3006G214200	2501.971
SORBI_3006G214300	6157.322
SORBI_3006G214400	4084.418
SORBI_3006G214500	2331.554
SORBI_3006G214600	268.926
SORBI_3006G214700	3000
SORBI_3006G214800	1861.953
SORBI_3006G214900	688.238
SORBI_3006G215000	3774.877
SORBI_3006G215050	3099.006
SORBI_3006G215100	1453.828
ENSRNA049483158	10
SORBI_3006G215200	1040
SORBI_3006G215300	1239.989
SORBI_3006G215400	4698.362
SORBI_3006G215500	978
SORBI_3006G215600	3434.15544277548
SORBI_3006G215650	508
SORBI_3006G215700	1298.83
SORBI_3006G215750	302.102
SORBI_3006G215800	6236.263
SORBI_3006G215900	2019.832
SORBI_3006G215950	1471
SORBI_3006G216000	856.306
SORBI_3006G216100	1716.96824251741
SORBI_3006G216150	596.659
SORBI_3006G216200	1364.489
SORBI_3006G216300	1551.973
SORBI_3006G216400	467.766
SORBI_3006G216500	801.905
SORBI_3006G216600	1123.30445712553
SORBI_3006G216700	198.695
SORBI_3006G216800	3021.966
ENSRNA049483105	73
SORBI_3006G216900	582.101
SORBI_3006G217000	1153.517
SORBI_3006G217100	817.17
ENSRNA049436901	26
SORBI_3006G217200	2269.081
SORBI_3006G217300	2056.669
SORBI_3006G217400	1098.476
SORBI_3006G217500	1455.16
ENSRNA049436890	35
SORBI_3006G217700	1116.058
SORBI_3006G217800	1601.732
SORBI_3006G217900	3623.22354920418
SORBI_3006G217950	1617.622
SORBI_3006G218000	350.801
SORBI_3006G218050	133
SORBI_3006G218100	1579.659
SORBI_3006G218200	1777
SORBI_3006G218300	1044.167
ENSRNA049436865	27
SORBI_3006G218400	2765.677
SORBI_3006G218600	1259.645
SORBI_3006G218700	3402.893
SORBI_3006G218800	1476.962
SORBI_3006G218850	445
SORBI_3006G218900	3639.827
SORBI_3006G218950	799.889
SORBI_3006G219000	1484.219
SORBI_3006G219100	2780
SORBI_3006G219150	1223.925
SORBI_3006G219200	1150.264
SORBI_3006G219250	4727.588
SORBI_3006G219300	6487.42287513434
SORBI_3006G219400	452
SORBI_3006G219500	2809.66666666667
ENSRNA049483120	57
SORBI_3006G219600	4804.03352384134
SORBI_3006G219700	513
SORBI_3006G219801	9273.73697847867
SORBI_3006G219900	1512.574
SORBI_3006G219950	745.601
SORBI_3006G220000	1200.74304513813
SORBI_3006G220100	622.614
SORBI_3006G220200	2731.4
SORBI_3006G220300	1187.049
SORBI_3006G220400	1961.802
SORBI_3006G220500	1998.26254465117
SORBI_3006G220600	1589.882
SORBI_3006G220700	1427.447
SORBI_3006G220800	1589.548
ENSRNA049996046	36
SORBI_3006G220900	814.848541802986
SORBI_3006G221000	4857.163
SORBI_3006G221101	699.113
SORBI_3006G221200	522.219
SORBI_3006G221300	1887.56
SORBI_3006G221400	2676.384
SORBI_3006G221500	1327.138
SORBI_3006G221600	6587.95499929685
SORBI_3006G221700	814
SORBI_3006G221800	9198.926
SORBI_3006G221850	281
SORBI_3006G221900	865
SORBI_3006G222000	859
SORBI_3006G222100	1705.886
SORBI_3006G222200	985
SORBI_3006G222300	8401.96
SORBI_3006G222400	1592.806
SORBI_3006G222500	2633.847
SORBI_3006G222600	1516.19718413217
SORBI_3006G222650	840.863
SORBI_3006G222700	881.108770917835
SORBI_3006G222800	8476.469
SORBI_3006G222901	3589
SORBI_3006G223001	141
SORBI_3006G223101	4852.096
SORBI_3006G223200	1955.592
SORBI_3006G223300	3240.632
SORBI_3006G223400	3232.971
SORBI_3006G223500	2454.524
SORBI_3006G223601	2361.969
SORBI_3006G223700	331
SORBI_3006G223800	2321.927
SORBI_3006G223850	3072
SORBI_3006G223900	1191.168
SORBI_3006G224000	1983.718
SORBI_3006G224100	3545.116
SORBI_3006G224200	2209
SORBI_3006G224300	1821.919
SORBI_3006G224400	3283.194
SORBI_3006G224500	1141
SORBI_3006G224600	490
SORBI_3006G224800	4100.153
SORBI_3006G225000	3680
SORBI_3006G225100	1412.58734685824
SORBI_3006G225200	1154.356
SORBI_3006G225300	1366.511
SORBI_3006G225400	1426.16
SORBI_3006G225500	701
SORBI_3006G225600	1025.17513975118
SORBI_3006G225700	4620.85
SORBI_3006G225800	5154.147
SORBI_3006G225900	4868.309
SORBI_3006G226000	215
SORBI_3006G226100	813.5
SORBI_3006G226200	2622.01387285042
SORBI_3006G226300	2696.524
SORBI_3006G226400	958.166
SORBI_3006G226500	1368.765
SORBI_3006G226601	713.691
SORBI_3006G226700	3512.043
SORBI_3006G226800	1562.364
SORBI_3006G226900	2293.859
SORBI_3006G227000	1064.83
SORBI_3006G227050	507
SORBI_3006G227100	1513
SORBI_3006G227200	1557.425
SORBI_3006G227300	1546.616
SORBI_3006G227400	1451.84
ENSRNA049996039	12
ENSRNA049996032	26
ENSRNA049483152	35
ENSRNA049996023	4
ENSRNA049996013	4
ENSRNA049483182	16
SORBI_3006G227500	931.798
SORBI_3006G227600	799
SORBI_3006G227700	800
SORBI_3006G227750	535.7
SORBI_3006G227800	1273
SORBI_3006G227900	1846.745
SORBI_3006G228000	851.015
SORBI_3006G228100	1262
SORBI_3006G228200	2846.4
ENSRNA049483107	69
ENSRNA049483104	92.606
ENSRNA049483111	89.971
SORBI_3006G228300	2687.71
SORBI_3006G228400	2360.425
SORBI_3006G228500	1251.88
SORBI_3006G228700	4379.004
SORBI_3006G228833	6328.732
SORBI_3006G228966	3391.749
SORBI_3006G229100	2910.43749909292
SORBI_3006G229200	3081.379
SORBI_3006G229250	636
SORBI_3006G229300	3110
SORBI_3006G229400	751
SORBI_3006G229500	2414.5
SORBI_3006G229600	2547.19422762863
SORBI_3006G229700	724
SORBI_3006G229800	2687.762
SORBI_3006G229901	1570
SORBI_3006G230000	533
SORBI_3006G230100	2919.998
SORBI_3006G230200	2557
SORBI_3006G230300	1593.23962491742
SORBI_3006G230400	2210.34253504865
SORBI_3006G230500	776.325
SORBI_3006G230600	114
SORBI_3006G230700	952.481
SORBI_3006G230800	760.693
SORBI_3006G230900	3125.413
SORBI_3006G231100	1881.252
SORBI_3006G231200	249.736
SORBI_3006G231266	754.826
SORBI_3006G231332	104
SORBI_3006G231400	1212.882
SORBI_3006G231500	2162.391
ENSRNA049483194	7
ENSRNA049483200	9
ENSRNA049483205	8
ENSRNA049483207	8
ENSRNA049483199	8
SORBI_3006G231600	362.516
SORBI_3006G231700	550.329
SORBI_3006G231800	2538.98157391516
SORBI_3006G231900	2511.595
SORBI_3006G232000	1773.89
SORBI_3006G232100	1252.917
SORBI_3006G232200	2725.725
SORBI_3006G232300	1642.5
SORBI_3006G232400	1449.82
SORBI_3006G232500	1774.97
SORBI_3006G232600	3197.875
SORBI_3006G232700	2262
SORBI_3006G232800	1859.014
SORBI_3006G232900	1890
SORBI_3006G233000	1781.479
SORBI_3006G233100	3376.825
SORBI_3006G233200	261
SORBI_3006G233300	5326.558
SORBI_3006G233400	826.18
SORBI_3006G233500	2651.20938061416
ENSRNA049436810	25
SORBI_3006G233600	1602
SORBI_3006G233700	3637.348
SORBI_3006G233800	1250.79228490132
SORBI_3006G233900	2377.718
SORBI_3006G234000	805.524
SORBI_3006G234100	2140.674
SORBI_3006G234200	2946.826
SORBI_3006G234300	2400.93
SORBI_3006G234400	2169
SORBI_3006G234433	813
SORBI_3006G234466	511.135
SORBI_3006G234500	1357.476
SORBI_3006G234601	4837.507
SORBI_3006G234700	2991.809
SORBI_3006G234800	433
SORBI_3006G234850	585
SORBI_3006G234900	636.93
SORBI_3006G235000	1237
SORBI_3006G235100	436
SORBI_3006G235200	853.299
SORBI_3006G235300	1358.785
SORBI_3006G235350	750.766840888067
SORBI_3006G235400	2302.807
SORBI_3006G235500	941.497
SORBI_3006G235600	2991.799
SORBI_3006G235650	2032
SORBI_3006G235700	1623.733
SORBI_3006G235801	1075.66666666667
SORBI_3006G235900	16
SORBI_3006G235800	1787.074
SORBI_3006G236000	4110.35
SORBI_3006G236100	547.852
ENSRNA049996006	26
ENSRNA049483185	35
ENSRNA049483177	35
ENSRNA049995999	4
ENSRNA049995991	21
ENSRNA049995982	33
SORBI_3006G236300	2461
SORBI_3006G236400	1714
SORBI_3006G236500	2496.437
SORBI_3006G236600	1201
SORBI_3006G236700	4092.691
SORBI_3006G236800	1088.647
SORBI_3006G236900	833.133
ENSRNA049436624	27
SORBI_3006G237000	1731.255
SORBI_3006G237100	1666.404
SORBI_3006G237200	3871.124
SORBI_3006G237300	1105.293
SORBI_3006G237400	4064.07
SORBI_3006G237500	2159.054
SORBI_3006G237600	925
SORBI_3006G237700	1990
SORBI_3006G237800	466
SORBI_3006G237900	2082.449
SORBI_3006G238000	493
SORBI_3006G238100	227
SORBI_3006G238200	1822.8512503589
SORBI_3006G238300	1453
SORBI_3006G238400	3514.85
SORBI_3006G238500	7386.692
SORBI_3006G238600	2975.018
SORBI_3006G238700	2050.11
SORBI_3006G238900	280
SORBI_3006G239000	5194.492
SORBI_3006G239100	3575.427
SORBI_3006G239200	553
SORBI_3006G239300	1781.061
SORBI_3006G239400	1900.608
SORBI_3006G239500	760
SORBI_3006G239600	190
SORBI_3006G239700	1174.463
SORBI_3006G239800	2587.4
SORBI_3006G239900	3332.493
SORBI_3006G240000	1819.866
ENSRNA049436656	25
SORBI_3006G240100	1408.669
SORBI_3006G240200	610
SORBI_3006G240300	2382.2960590491
SORBI_3006G240400	5511.132
SORBI_3006G240500	1271.517
SORBI_3006G240600	2360.42
SORBI_3006G240650	918
SORBI_3006G240700	2316.55050416679
SORBI_3006G240800	1263.629
SORBI_3006G240900	4196.308
SORBI_3006G241000	992
SORBI_3006G241100	1448.996
SORBI_3006G241200	967
SORBI_3006G241300	1851
SORBI_3006G241350	888.887
SORBI_3006G241400	1009.257
SORBI_3006G241500	1215.056
SORBI_3006G241600	1062.07
SORBI_3006G241700	2094.975
SORBI_3006G241800	2716.469
SORBI_3006G241900	1843.213
SORBI_3006G241950	315
SORBI_3006G242000	1743.023
SORBI_3006G242100	2038.439
SORBI_3006G242200	1559.33
SORBI_3006G242300	623.366
SORBI_3006G242401	520.291872113727
SORBI_3006G242500	2635.596
SORBI_3006G242600	486.319
SORBI_3006G242701	774.922
SORBI_3006G242800	591.558
SORBI_3006G242900	467.675
SORBI_3006G243000	3177.863
SORBI_3006G243100	1405.38830140923
SORBI_3006G243200	1470.278
SORBI_3006G243300	1405.294
SORBI_3006G243400	1492.772
SORBI_3006G243500	2357.175
SORBI_3006G243600	1134.566
SORBI_3006G243700	9002.105
SORBI_3006G243800	2592
SORBI_3006G243900	2681.45976175625
SORBI_3006G244000	5075.488
SORBI_3006G244100	1787
SORBI_3006G244200	2091
SORBI_3006G244300	951.339
SORBI_3006G244400	1844.713
SORBI_3006G244500	1267.85
SORBI_3006G244600	706.791
SORBI_3006G244700	1692.081
SORBI_3006G244800	1029.483
SORBI_3006G244900	1489.888
ENSRNA049483174	10
SORBI_3006G245000	74
SORBI_3006G245100	1069.402
SORBI_3006G245200	1855.928
SORBI_3006G245300	422
SORBI_3006G245400	2235.245
SORBI_3006G245500	2309.486
SORBI_3006G245600	2789.221
SORBI_3006G245700	1355.78826757225
SORBI_3006G245800	2263.50477108949
SORBI_3006G245900	1990.137
SORBI_3006G246001	949
SORBI_3006G246100	805.989
SORBI_3006G246200	2334.84359614032
SORBI_3006G246300	2149.31168434068
SORBI_3006G246350	848
SORBI_3006G246400	1467.619
SORBI_3006G246500	2220.552
SORBI_3006G246600	184
SORBI_3006G246700	1102
SORBI_3006G246800	937
SORBI_3006G246900	2837.147
SORBI_3006G247000	901
SORBI_3006G247100	3186.525
ENSRNA049483118	55.492
SORBI_3006G247200	203
SORBI_3006G247300	2551.514
SORBI_3006G247500	3400.70968853463
SORBI_3006G247400	1195
SORBI_3006G247600	583
SORBI_3006G247700	2443.376
SORBI_3006G247800	1752
SORBI_3006G247900	6550.346
SORBI_3006G248000	1384
SORBI_3006G248100	1601
SORBI_3006G248200	369.449
SORBI_3006G248300	2291.523
SORBI_3006G248350	542.748
SORBI_3006G248400	2489.736
SORBI_3006G248450	421
SORBI_3006G248500	2003.964
SORBI_3006G248600	138
SORBI_3006G248700	1454.908
SORBI_3006G248801	1042
SORBI_3006G248900	961.044
SORBI_3006G249000	3139.758
SORBI_3006G249050	1552.164
SORBI_3006G249100	1539.944
SORBI_3006G249200	1323.137
SORBI_3006G249300	561
SORBI_3006G249400	1831.962
SORBI_3006G249500	2183.491
SORBI_3006G249600	2058.952
SORBI_3006G249700	1240.486
SORBI_3006G249800	1076
SORBI_3006G249900	2307
SORBI_3006G250000	3416.724
SORBI_3006G250100	1056.609
SORBI_3006G250200	2003.743
SORBI_3006G250300	1286.34403067414
SORBI_3006G250350	1053
SORBI_3006G250400	1385.33
SORBI_3006G250500	4575.38
SORBI_3006G250600	1063
SORBI_3006G250700	982
SORBI_3006G250800	2877.66385551137
SORBI_3006G250900	1071.506
SORBI_3006G251000	4594.106
SORBI_3006G251100	1108
SORBI_3006G251200	2280.185
SORBI_3006G251301	1315
SORBI_3006G251400	1231
SORBI_3006G251500	2514.634
SORBI_3006G251600	1372.718
SORBI_3006G251701	601.839
SORBI_3006G251800	3400.755
SORBI_3006G251900	2723.957
SORBI_3006G252000	412.555
SORBI_3006G252100	2487.392
SORBI_3006G252200	1197.061
SORBI_3006G252300	797.787
SORBI_3006G252400	366.254560215655
SORBI_3006G252466	625.352
SORBI_3006G252532	1810
SORBI_3006G252600	803
SORBI_3006G252700	1718.82419082803
SORBI_3006G252800	2025
SORBI_3006G252900	2668.02746605944
SORBI_3006G253000	2587.854
ENSRNA049483126	48
SORBI_3006G253050	361
SORBI_3006G253100	3085.5
SORBI_3006G253200	454
SORBI_3006G253300	1122
SORBI_3006G253400	2645.606
ENSRNA049483129	48
SORBI_3006G253500	2386.25
SORBI_3006G253600	722
SORBI_3006G253700	550.8
SORBI_3006G253801	1016
SORBI_3006G253900	1558
SORBI_3006G254000	1417.592
SORBI_3006G254100	1654.90578057156
SORBI_3006G254200	2358.077
SORBI_3006G254300	1842.455
SORBI_3006G254400	1923.964
SORBI_3006G254500	2767.58
SORBI_3006G254600	1978.789
SORBI_3006G254700	1749.703
SORBI_3006G254800	1614.493
SORBI_3006G254900	1483
SORBI_3006G255000	1026.02737695585
SORBI_3006G255100	509.179
SORBI_3006G255200	333
SORBI_3006G255300	4724.568
SORBI_3006G255400	1416.57
SORBI_3006G255500	1946.03
SORBI_3006G255600	1685.997
SORBI_3006G255700	290.611
SORBI_3006G255800	387.649
SORBI_3006G255900	1418.73
SORBI_3006G256000	712.243
SORBI_3006G256100	1597.133
SORBI_3006G256200	1188.59017022445
SORBI_3006G256300	4021.219
SORBI_3006G256400	907
SORBI_3006G256500	1306.05424120347
SORBI_3006G256600	1802.072
SORBI_3006G256700	680.127
SORBI_3006G256801	838
SORBI_3006G256900	670
SORBI_3006G257001	867.497
SORBI_3006G257100	877.778
SORBI_3006G257200	4089.159
SORBI_3006G257250	634
SORBI_3006G257300	873.873293933382
SORBI_3006G257400	2492.204
SORBI_3006G257500	758.576
SORBI_3006G257550	460
SORBI_3006G257600	9022.583
SORBI_3006G257700	1147.114
SORBI_3006G257800	2032.608
SORBI_3006G257900	800.758
SORBI_3006G258000	755.866
SORBI_3006G258100	5550
SORBI_3006G258200	365
SORBI_3006G258300	1108.60144338634
SORBI_3006G258400	2113.208
SORBI_3006G258500	2302.3382022516
SORBI_3006G258600	935.562
SORBI_3006G258700	688.244065345294
SORBI_3006G258800	1400.23526976112
SORBI_3006G258900	500.681
SORBI_3006G259000	1268.4
SORBI_3006G259100	2150.484
SORBI_3006G259201	487.712
SORBI_3006G259300	1677.189
SORBI_3006G259401	1258.709
SORBI_3006G259501	2006
SORBI_3006G259600	1619.648
SORBI_3006G259700	1387.59920967789
SORBI_3006G259800	1495.498
SORBI_3006G259900	4153.886
SORBI_3006G260000	1517.105
SORBI_3006G260101	3281
SORBI_3006G260200	1521.334
SORBI_3006G260300	1401.282
SORBI_3006G260400	1695.642
SORBI_3006G260500	2447.337
SORBI_3006G260600	1020.05769016755
SORBI_3006G260700	1361
SORBI_3006G260800	741.155
SORBI_3006G260900	1358.35010338506
SORBI_3006G261000	1456
SORBI_3006G261100	1671.054
SORBI_3006G261200	2357
ENSRNA049436794	26
ENSRNA049436788	26
SORBI_3006G261300	1521.04072021925
SORBI_3006G261400	5410.56
SORBI_3006G261500	2378.343
SORBI_3006G261550	390
SORBI_3006G261600	2175.178
SORBI_3006G261650	742
SORBI_3006G261700	1821.756
SORBI_3006G261800	2524.133
SORBI_3006G261900	568.99
SORBI_3006G262001	1761.741
SORBI_3006G262100	4224.404
SORBI_3006G262200	3776.549
SORBI_3006G262300	228.939
SORBI_3006G262400	2389.843
SORBI_3006G262501	5316.498
SORBI_3006G262600	3195.953
SORBI_3006G262800	6950.456
SORBI_3006G262700	1894
SORBI_3006G262900	1001.568
SORBI_3006G263000	2649.277
SORBI_3006G263100	1497.83124585988
SORBI_3006G263200	1596.01375187743
SORBI_3006G263250	357
SORBI_3006G263300	853.527
SORBI_3006G263400	1010.454
SORBI_3006G263500	862
SORBI_3006G263600	951.832
SORBI_3006G263700	696.782680711701
SORBI_3006G263800	1411.587
SORBI_3006G263900	1037.425
SORBI_3006G264000	3112.02210960513
SORBI_3006G264100	1150.425
SORBI_3006G264201	1167.842
SORBI_3006G264300	1271.005
SORBI_3006G264400	278
SORBI_3006G264500	2337.117
ENSRNA049995974	51
SORBI_3006G264700	2822
SORBI_3006G264800	178
SORBI_3006G264900	4580.749
SORBI_3006G265000	1625.452
SORBI_3006G265100	2022.784
SORBI_3006G265200	13703.427
SORBI_3006G265300	1507.12557776096
SORBI_3006G265400	1195.994
SORBI_3006G265500	973.074
SORBI_3006G265600	2746.16
SORBI_3006G265700	1323.16
SORBI_3006G265800	2522.295
SORBI_3006G265900	453.306
SORBI_3006G266000	1312.684
SORBI_3006G266100	951.635
SORBI_3006G266200	1925.50287118645
SORBI_3006G266300	4389.61474302406
SORBI_3006G266400	1393
SORBI_3006G266600	1556.844
SORBI_3006G266700	1597.864
SORBI_3006G266800	657.181
SORBI_3006G266850	1922.057
SORBI_3006G266900	1414
SORBI_3006G267000	3424.628
SORBI_3006G267100	2423.6020317731
SORBI_3006G267200	1143.402
SORBI_3006G267300	989.265
SORBI_3006G267400	705
SORBI_3006G267500	3415.03054807094
SORBI_3006G267600	2262.36146987245
SORBI_3006G267700	1567.46
SORBI_3006G267800	1966.11
SORBI_3006G267900	1036.474
SORBI_3006G267950	572
SORBI_3006G268000	1279.788
SORBI_3006G268100	2113.692
SORBI_3006G268200	1081.561
SORBI_3006G268300	1566.968
SORBI_3006G268500	657
SORBI_3006G268600	3443.765
SORBI_3006G268700	2177
SORBI_3006G268800	899.917
SORBI_3006G268900	1548.313
SORBI_3006G269000	1100.41
SORBI_3006G269101	392
SORBI_3006G269200	1396.983
SORBI_3006G269250	385
SORBI_3006G269400	2726.473
SORBI_3006G269300	465
SORBI_3006G269501	627
ENSRNA049995966	147
SORBI_3006G269600	890.060550532679
SORBI_3006G269700	973.475
SORBI_3006G269800	2467.52
SORBI_3006G269900	1662.857
SORBI_3006G270000	1115.476
SORBI_3006G270100	2256.05857442698
SORBI_3006G270200	3019.48137708929
SORBI_3006G270300	4308
SORBI_3006G270400	4404.145
SORBI_3006G270500	1063.71936770005
SORBI_3006G270600	1599.486
SORBI_3006G270700	4658.218
SORBI_3006G270800	1261
SORBI_3006G270900	1008.368
ENSRNA049469435	23
SORBI_3006G271000	809.435
SORBI_3006G271100	1573.436
SORBI_3006G271200	2986.008
SORBI_3006G271300	526.872
SORBI_3006G271400	1267
SORBI_3006G271500	1033.271
SORBI_3006G271600	5149.75
ENSRNA049469461	8
SORBI_3006G271700	1194.17
SORBI_3006G271800	4335.73
SORBI_3006G271900	3831.251
SORBI_3006G272000	1367.33998676983
SORBI_3006G272100	4077.839
SORBI_3006G272200	1223.799
SORBI_3006G272300	1410.531
SORBI_3006G272400	1254.062
SORBI_3006G272450	1411.308
SORBI_3006G272500	3170.322
SORBI_3006G272600	791.453
SORBI_3006G272700	2274.034
SORBI_3006G272800	5259.602
SORBI_3006G272900	606
SORBI_3006G273000	1287.533
SORBI_3006G273100	3518.052
ENSRNA049995946	35
SORBI_3006G273150	382
SORBI_3006G273200	3119.623
SORBI_3006G273300	874
SORBI_3006G273400	3508.351
SORBI_3006G273500	6339.687
SORBI_3006G273600	935
SORBI_3006G273700	742.469
SORBI_3006G273800	1252.591
SORBI_3006G273900	2419.09300900842
SORBI_3006G274000	1121
SORBI_3006G274100	570.672
SORBI_3006G274200	2201.173
SORBI_3006G274300	593.002
SORBI_3006G274400	10515.232
SORBI_3006G274500	730
SORBI_3006G274600	3363.904
SORBI_3006G274700	4436.33
SORBI_3006G274800	2363.375
SORBI_3006G274833	632
SORBI_3006G274866	2819.672
SORBI_3006G274933	979.769
SORBI_3006G275000	2265.63
SORBI_3006G275100	1144.79276044011
SORBI_3006G275200	609.469650884045
SORBI_3006G275300	803
SORBI_3006G275401	452
SORBI_3006G275500	3869.238
SORBI_3006G275600	757.072
SORBI_3006G275700	304
SORBI_3006G275800	1187.509
SORBI_3006G275900	1942
SORBI_3006G276000	1199.398
SORBI_3006G276100	1543.29135018931
SORBI_3006G276200	751.077
SORBI_3006G276300	1473.93
SORBI_3006G276401	1153
SORBI_3006G276500	696.5
SORBI_3006G276533	641
SORBI_3006G276566	409
SORBI_3006G276600	1569
SORBI_3006G276700	748.704055363006
SORBI_3006G276801	1087
SORBI_3006G276900	1311.604
SORBI_3006G277000	925.112780025523
SORBI_3006G277100	1781.644
SORBI_3006G277200	3692.883
SORBI_3006G277300	3004.557
SORBI_3006G277400	849.268
SORBI_3006G277500	1850.222
SORBI_3006G277550	780
SORBI_3006G277600	1403.223
SORBI_3006G277700	1704.162
SORBI_3006G277750	1114
SORBI_3006G277800	1224.7
SORBI_3006G277900	1766
SORBI_3006G278000	2794.464
SORBI_3006G278100	2927.611
SORBI_3006G278200	2576.458
SORBI_3006G278300	1187
SORBI_3006G278400	1750
SORBI_3006G278500	3209.397
SORBI_3006G278600	576.491
SORBI_3006G278700	1834.1486622406
SORBI_3006G278800	1804.33431455561
SORBI_3006G278900	2626.7
SORBI_3006G278950	728
SORBI_3006G279000	1013
SORBI_3006G279100	6873.866
SORBI_3006G279200	6471.713
SORBI_3006G279400	2724.855
SORBI_3006G279600	5621
SORBI_3006G279700	1043.658
SORBI_3006G279800	169.183
SORBI_3006G279900	3358.093
SORBI_3006G280000	3354.422
SORBI_3006G280050	553.255
SORBI_3006G280100	3017.697
SORBI_3006G280200	4315.86256014433
SORBI_3006G280250	4308.593
SORBI_3006G280300	1966.711
SORBI_3006G280400	4139.017
SORBI_3006G280500	1465.023
SORBI_3006G280600	987.57170883704
SORBI_3006G280700	163.171
SORBI_3006G280800	1190.799
SORBI_3006G280900	1588.63422983079
SORBI_3006G281000	3945.819
SORBI_3006G281066	1966.005
SORBI_3006G281132	861
SORBI_3006G281200	1400.188
SORBI_3006G281300	1417
SORBI_3006G281400	3047.37453674811
SORBI_3006G281500	1815.326
SORBI_3006G281600	727.817778303748
SORBI_3006G281700	1559.41320800903
SORBI_3006G281800	939.938
SORBI_3006G281900	2363.8849615012
SORBI_3006G282000	1259
SORBI_3006G282100	2335
SORBI_3006G282200	1697.93475681103
SORBI_3006G282300	2713.365
SORBI_3007G000050	1681
SORBI_3007G000100	6529.459
SORBI_3007G000200	4712.243
SORBI_3007G000300	2148.186
SORBI_3007G000400	1779.154
SORBI_3007G000500	911.086
SORBI_3007G000600	385
SORBI_3007G000700	3056.067
SORBI_3007G000800	1280.139
SORBI_3007G000900	3954.39016545245
SORBI_3007G001100	2925.502
SORBI_3007G001200	1020.807
SORBI_3007G001300	668.602
SORBI_3007G001500	2393.004
SORBI_3007G001600	244
SORBI_3007G001700	1374
SORBI_3007G001800	1051
SORBI_3007G001900	1949.765
SORBI_3007G002000	1208.801
SORBI_3007G002100	2107.863
SORBI_3007G002200	1880.76047458938
SORBI_3007G002300	1700.12603199054
ENSRNA049441255	35
SORBI_3007G002400	543
SORBI_3007G002500	3180.17419120731
SORBI_3007G002600	1728.13447616313
SORBI_3007G002700	4743.247
SORBI_3007G002800	1793.807
SORBI_3007G002900	1125.901
SORBI_3007G003000	2087
SORBI_3007G003100	912.616
SORBI_3007G003200	1490.805
SORBI_3007G003250	322
SORBI_3007G003300	619
SORBI_3007G003400	2061.4
SORBI_3007G003500	2402.287
SORBI_3007G003600	2089.336
SORBI_3007G003700	2018.825
SORBI_3007G003800	2406.68
SORBI_3007G003900	2405.017
SORBI_3007G004000	1224.471
SORBI_3007G004100	1306.329
SORBI_3007G004200	1734.926
SORBI_3007G004300	1990.126
SORBI_3007G004400	2271
SORBI_3007G004500	6892.211
SORBI_3007G004600	2411.466
SORBI_3007G004700	1432.799
SORBI_3007G004750	791
SORBI_3007G004800	679.821
SORBI_3007G004850	5200.59
SORBI_3007G004900	1883
SORBI_3007G005000	1436
SORBI_3007G005100	1217
SORBI_3007G005200	4228.348
SORBI_3007G005300	2279.28793577685
SORBI_3007G005400	2462.894
SORBI_3007G005500	2544.39130526843
SORBI_3007G005600	1181.53
SORBI_3007G005700	579.516
SORBI_3007G005800	1057
SORBI_3007G005850	514
SORBI_3007G005900	1571
SORBI_3007G006000	1109
SORBI_3007G006100	4746.584
SORBI_3007G006200	4505.672
SORBI_3007G006300	3953.091
SORBI_3007G006350	635.982
SORBI_3007G006400	733.903
SORBI_3007G006501	1723
SORBI_3007G006600	1286.474
SORBI_3007G006700	1506.693
SORBI_3007G006800	3177.806
SORBI_3007G006900	1312.758
SORBI_3007G007000	1589.27564321011
SORBI_3007G007100	1057
SORBI_3007G007200	10875.282
SORBI_3007G007250	379
SORBI_3007G007300	1794
SORBI_3007G007400	1201
SORBI_3007G007600	1357
SORBI_3007G007650	556
SORBI_3007G007700	1552
SORBI_3007G007800	1664.211
SORBI_3007G007900	1079.27
SORBI_3007G008000	937.723
SORBI_3007G008100	936.484
SORBI_3007G008200	6162.282
SORBI_3007G008300	2197.786
SORBI_3007G008400	859
SORBI_3007G008500	2432.5
SORBI_3007G008600	391.363348269028
SORBI_3007G008700	4140.166
SORBI_3007G008800	1321.63416443199
SORBI_3007G008900	3126.621
SORBI_3007G009000	4315.641
SORBI_3007G009100	1784.533
SORBI_3007G009200	1029.17
SORBI_3007G009300	5037.544
ENSRNA049995956	6
SORBI_3007G009400	2999.249
SORBI_3007G009500	2618.371
SORBI_3007G009600	1855
SORBI_3007G009700	1079.302
SORBI_3007G009800	440
SORBI_3007G009900	929
SORBI_3007G010000	2307.925
SORBI_3007G010100	1353.818
SORBI_3007G010200	2660.476
SORBI_3007G010300	664
SORBI_3007G010350	388
SORBI_3007G010400	1307
SORBI_3007G010550	2103.17542946356
SORBI_3007G010700	2101.18445910875
SORBI_3007G010800	1671.193
SORBI_3007G010900	2056.458
SORBI_3007G011000	2306.83
SORBI_3007G011100	449
SORBI_3007G011200	3685.31
SORBI_3007G011300	3299.26
SORBI_3007G011400	3108.401
SORBI_3007G011500	1575
SORBI_3007G011600	2184.12755652872
SORBI_3007G011700	2894.845
SORBI_3007G011800	2655.99284305035
SORBI_3007G011900	2393
SORBI_3007G012001	313
SORBI_3007G012100	369
SORBI_3007G012300	2066.219
SORBI_3007G012400	525.621
SORBI_3007G012500	1081.5
SORBI_3007G012600	2155.2
SORBI_3007G012700	987.79
SORBI_3007G012800	5272.83
SORBI_3007G012900	1002.65639836658
SORBI_3007G013000	2796.446
SORBI_3007G013100	4294
SORBI_3007G013200	1587
SORBI_3007G013300	2714.80252316771
SORBI_3007G013400	1310.239
SORBI_3007G013500	684.179
SORBI_3007G013601	436.02
SORBI_3007G013700	2141.358
SORBI_3007G013800	1421.574
SORBI_3007G013900	559.113
SORBI_3007G014000	1860.5
SORBI_3007G014100	1241
ENSRNA049484464	45
SORBI_3007G014200	600.32
SORBI_3007G014300	423
SORBI_3007G014400	2664
SORBI_3007G014500	2818.5
SORBI_3007G014600	838.045
SORBI_3007G014700	1406.87306355491
SORBI_3007G014800	2957.288
SORBI_3007G014900	1318.81
SORBI_3007G015000	1274
SORBI_3007G015100	1633
SORBI_3007G015200	1892.052
SORBI_3007G015300	5310.614
SORBI_3007G015400	1388
SORBI_3007G015500	1594
SORBI_3007G015600	161
SORBI_3007G015700	2623
SORBI_3007G015800	588
SORBI_3007G015900	1141
SORBI_3007G016000	628.722
SORBI_3007G016100	549
SORBI_3007G016200	4219
SORBI_3007G016300	1934
SORBI_3007G016400	1550.138
SORBI_3007G016500	759
SORBI_3007G016600	1212.428
SORBI_3007G016700	606
SORBI_3007G016750	827.15
SORBI_3007G016800	2536.031
SORBI_3007G016900	1761.413
SORBI_3007G017000	1757
SORBI_3007G017100	1540.41
SORBI_3007G017200	2017.137
SORBI_3007G017300	1635
SORBI_3007G017400	1275.69378494485
SORBI_3007G017500	1927.875
SORBI_3007G017700	2026
SORBI_3007G017800	1824.90860561821
SORBI_3007G017900	1377.283
SORBI_3007G018000	1109
SORBI_3007G018100	4311.253
SORBI_3007G018200	1360.683
SORBI_3007G018300	564.504
SORBI_3007G018400	9499.351
SORBI_3007G018500	1249.455
SORBI_3007G018550	460
SORBI_3007G018601	200
SORBI_3007G018651	784
SORBI_3007G018700	2087.356
SORBI_3007G018900	1725.957
SORBI_3007G019000	527.528
SORBI_3007G019100	1834.766
SORBI_3007G019200	1392.17633537207
SORBI_3007G019300	3489.775
SORBI_3007G019400	664.857
SORBI_3007G019501	915.913
SORBI_3007G019600	3213.919
SORBI_3007G019700	2484
SORBI_3007G019800	1040.19351794783
SORBI_3007G019900	924
SORBI_3007G020000	1662.704
SORBI_3007G020100	950
SORBI_3007G020200	881
SORBI_3007G020300	2184.598
SORBI_3007G020400	2848
SORBI_3007G020500	5137.811
ENSRNA049995939	5
SORBI_3007G020600	1592.28062056631
SORBI_3007G020700	967.112
SORBI_3007G020800	577
SORBI_3007G020900	638
SORBI_3007G021000	1731
ENSRNA049440479	27
ENSRNA049484461	57
ENSRNA049440486	33
SORBI_3007G021100	301.891
SORBI_3007G021200	1507.829
SORBI_3007G021300	1770.833
SORBI_3007G021400	7364.511
SORBI_3007G021500	4278
SORBI_3007G021600	535
SORBI_3007G021700	927
SORBI_3007G021800	508
SORBI_3007G021900	586
SORBI_3007G022000	2717.768
SORBI_3007G022100	1287
SORBI_3007G022200	685.953
SORBI_3007G022300	535
SORBI_3007G022400	1091
ENSRNA049440508	25
SORBI_3007G022500	1093.248
SORBI_3007G022600	994.993
SORBI_3007G022700	1489.702
SORBI_3007G022800	1716.198
SORBI_3007G022900	2592.495
SORBI_3007G023000	1585
SORBI_3007G023100	930.346249455063
SORBI_3007G023200	2020.916
SORBI_3007G023300	161
SORBI_3007G023400	813.754631308018
SORBI_3007G023500	3932
SORBI_3007G023600	3489.301
SORBI_3007G023650	685
SORBI_3007G023700	2595
SORBI_3007G023800	3543.895
SORBI_3007G023900	1189
SORBI_3007G024000	290
SORBI_3007G024100	346
SORBI_3007G024150	9028.923
SORBI_3007G024200	670.471
SORBI_3007G024300	1027
SORBI_3007G024400	1348.125
SORBI_3007G024500	1927.051
SORBI_3007G024600	122
SORBI_3007G024700	2486.39917571036
SORBI_3007G024800	846.195042272644
SORBI_3007G024900	898
SORBI_3007G025000	2638.515
SORBI_3007G025100	3983
SORBI_3007G025200	1062
SORBI_3007G025300	1127
SORBI_3007G025350	764
SORBI_3007G025400	3150.91542546543
SORBI_3007G025500	1733.44695500075
SORBI_3007G025600	2166
SORBI_3007G025700	2650.705
SORBI_3007G025800	3065.815
SORBI_3007G025900	1995.556
SORBI_3007G026000	2488.097
SORBI_3007G026100	670.311
SORBI_3007G026200	1810.41
SORBI_3007G026300	1788.839
SORBI_3007G026400	1348.906
SORBI_3007G026500	1778.95066197999
SORBI_3007G026600	1075.43655111401
SORBI_3007G026700	1568.04
SORBI_3007G026800	1987.019
SORBI_3007G026900	2768.01
SORBI_3007G027000	1166.33219106543
SORBI_3007G027100	3446.115
SORBI_3007G027200	2888
SORBI_3007G027301	1635.063
SORBI_3007G027400	938
SORBI_3007G027500	1264
SORBI_3007G027601	1593.11220944278
SORBI_3007G027700	2244.983
SORBI_3007G027800	2164
SORBI_3007G027900	4586.083
SORBI_3007G028001	226.023
SORBI_3007G028100	1621.688
SORBI_3007G028200	1762.681
SORBI_3007G028400	1963.524
SORBI_3007G028300	251
SORBI_3007G028500	1254.499
SORBI_3007G028600	1095.956
SORBI_3007G028700	425.408709004296
SORBI_3007G028766	1686
ENSRNA049995932	34
SORBI_3007G028832	628
SORBI_3007G028900	2071.458
SORBI_3007G029000	1928
SORBI_3007G029100	1142.65238842418
SORBI_3007G029200	3404.843
SORBI_3007G029300	1770.066
SORBI_3007G029400	1286.458
SORBI_3007G029500	1428.09677894774
SORBI_3007G029600	2729.402
SORBI_3007G029700	2975.604
SORBI_3007G029800	556
SORBI_3007G029900	2130.935
SORBI_3007G030000	1664.556
SORBI_3007G030100	1854.821
SORBI_3007G030200	889
SORBI_3007G030300	1589
SORBI_3007G030400	628
SORBI_3007G030501	1375
SORBI_3007G030600	993.135777946549
SORBI_3007G030700	1464.172
SORBI_3007G030800	2187.001
SORBI_3007G030900	2474.57902579306
SORBI_3007G031000	138
SORBI_3007G031100	269.661769740965
SORBI_3007G031200	368.354
SORBI_3007G031300	1482.733
SORBI_3007G031400	337
SORBI_3007G031500	1385
SORBI_3007G031600	6383.351
SORBI_3007G031700	37
SORBI_3007G031800	2332.635
SORBI_3007G031900	1850.9206637302
SORBI_3007G032000	1262.643
SORBI_3007G032100	3231
SORBI_3007G032200	448
SORBI_3007G032300	1047.255
SORBI_3007G032400	1362.937
SORBI_3007G032500	1759
SORBI_3007G032600	871
SORBI_3007G032700	937
SORBI_3007G032800	412
SORBI_3007G032900	2747.241
SORBI_3007G033100	15906.5854896231
SORBI_3007G033200	1847.499
SORBI_3007G033300	1338.125
SORBI_3007G033400	4455.663
SORBI_3007G033500	550
SORBI_3007G033600	855
SORBI_3007G033700	2669.581
SORBI_3007G033800	1082.91057515667
SORBI_3007G033900	1312.108
SORBI_3007G034000	764.507
SORBI_3007G034100	2386.67
SORBI_3007G034200	2838.28464652348
SORBI_3007G034300	2442.955
SORBI_3007G034400	991.486
ENSRNA049484482	4
ENSRNA049484481	4
ENSRNA049484491	4
ENSRNA049484480	4
ENSRNA049484490	4
ENSRNA049484485	3
ENSRNA049484472	6
SORBI_3007G034500	1075.464
SORBI_3007G034550	109
SORBI_3007G034600	200.558
SORBI_3007G034650	446
SORBI_3007G034700	2202.97109300304
SORBI_3007G034900	1723.702
SORBI_3007G035000	1010.529
SORBI_3007G035100	598
SORBI_3007G035200	433
SORBI_3007G035300	1738.842
SORBI_3007G035500	2018.914
SORBI_3007G035600	1135.862
SORBI_3007G035700	2164.69
SORBI_3007G035800	2044
SORBI_3007G035900	775
SORBI_3007G036000	2349
SORBI_3007G036100	1666.87
SORBI_3007G036200	656
SORBI_3007G036300	161
SORBI_3007G036400	778
SORBI_3007G036550	5025.844
SORBI_3007G036500	682.47
SORBI_3007G036600	469
SORBI_3007G036700	2045.506
SORBI_3007G036750	160
SORBI_3007G036800	1698.231
SORBI_3007G036900	1200.672
SORBI_3007G037000	1573.695
SORBI_3007G037100	1044.198
SORBI_3007G037200	1080.5
SORBI_3007G037301	3320.015
SORBI_3007G037400	204
SORBI_3007G037600	2137
SORBI_3007G037700	7131
SORBI_3007G037800	1490
SORBI_3007G037900	1228.929
SORBI_3007G038000	3167.437
SORBI_3007G038100	1831
SORBI_3007G038200	1846
SORBI_3007G038250	1283.91
SORBI_3007G038300	154
SORBI_3007G038366	1819
SORBI_3007G038432	2259
SORBI_3007G038500	464.023
SORBI_3007G038600	2400.081
SORBI_3007G038700	1738.521
SORBI_3007G038800	652.063
SORBI_3007G038900	1767.544
SORBI_3007G039001	921.58
SORBI_3007G039100	1835.902
SORBI_3007G039200	1140.09651491435
SORBI_3007G039300	2027.85
SORBI_3007G039400	1324.991
SORBI_3007G039500	2448.594
SORBI_3007G039600	1362
SORBI_3007G039700	252
SORBI_3007G039800	276
SORBI_3007G039814	214
SORBI_3007G039828	801.794
SORBI_3007G039842	306.079
SORBI_3007G039856	1312.108
SORBI_3007G039870	150
SORBI_3007G039884	147
SORBI_3007G039900	265
SORBI_3007G040000	271
SORBI_3007G040050	1174
SORBI_3007G040100	83
SORBI_3007G040150	215
SORBI_3007G040200	232
SORBI_3007G040301	1347.91421215182
SORBI_3007G040400	271
SORBI_3007G040500	241
SORBI_3007G040600	246
SORBI_3007G040700	405
SORBI_3007G040800	403
SORBI_3007G040900	306
SORBI_3007G041000	291
SORBI_3007G041100	1510
SORBI_3007G041200	1465
SORBI_3007G041300	1144.577
SORBI_3007G041400	1367.444
SORBI_3007G041500	2299.59643878077
SORBI_3007G041600	559
SORBI_3007G041701	1173
SORBI_3007G041800	4061.66666666667
SORBI_3007G041900	6472.57142857143
SORBI_3007G042100	5478
SORBI_3007G042150	2464
SORBI_3007G042200	5651.801
SORBI_3007G042300	1628.889
SORBI_3007G042400	3790.2805371126
SORBI_3007G042500	295
SORBI_3007G042600	5251
SORBI_3007G042700	3668.641
SORBI_3007G042800	949
SORBI_3007G042900	2095.71
SORBI_3007G043000	2423.144
SORBI_3007G043050	489
SORBI_3007G043100	2280
SORBI_3007G043200	1193.328
SORBI_3007G043300	2053.25
SORBI_3007G043400	1640.844
SORBI_3007G043500	3650.56903373434
SORBI_3007G043600	957.895
SORBI_3007G043700	2990.08048609457
SORBI_3007G043750	391
SORBI_3007G043800	2626
SORBI_3007G043900	1175.06237504679
SORBI_3007G044000	448
SORBI_3007G044100	6337.19
SORBI_3007G044201	1570
SORBI_3007G044300	2456.125
SORBI_3007G044350	545
SORBI_3007G044400	1208.96150324251
SORBI_3007G044500	1032.566
SORBI_3007G044600	1123
SORBI_3007G044700	556
SORBI_3007G044800	502
SORBI_3007G044900	1464.756
SORBI_3007G045000	125
SORBI_3007G045100	746.367
SORBI_3007G045201	789.742
SORBI_3007G045300	502
SORBI_3007G045500	9856.839
SORBI_3007G045600	951.948
SORBI_3007G045700	409.191
SORBI_3007G045750	296
ENSRNA049484489	18
SORBI_3007G045800	4293.656
ENSRNA049995922	2
ENSRNA049995912	36
ENSRNA049995908	32
ENSRNA049484496	4
ENSRNA049995902	35
SORBI_3007G045900	2346.054
SORBI_3007G046000	1338.386
SORBI_3007G046100	1825
SORBI_3007G046200	3063.363
SORBI_3007G046400	274.996
SORBI_3007G046500	1173.11581582749
SORBI_3007G046600	678
SORBI_3007G046700	2787
SORBI_3007G046800	266
SORBI_3007G046900	1806.03249122307
SORBI_3007G046950	1572
SORBI_3007G047000	214
SORBI_3007G047050	277
SORBI_3007G047100	246
SORBI_3007G047200	1780.689
SORBI_3007G047300	1728.225
SORBI_3007G047400	6715.905
SORBI_3007G047450	1417
SORBI_3007G047500	1728.818
SORBI_3007G047600	2173.41837219087
SORBI_3007G047700	2492.56633063632
SORBI_3007G047900	1077.868
SORBI_3007G048000	685
SORBI_3007G048101	9116.156
SORBI_3007G048200	2246
SORBI_3007G048300	1510
SORBI_3007G048400	1485.666
SORBI_3007G048500	201
SORBI_3007G048600	1309.045
SORBI_3007G048700	1402.352
SORBI_3007G048800	1846
SORBI_3007G048900	1062.353
SORBI_3007G049000	1237
SORBI_3007G049050	111
SORBI_3007G049100	1061
SORBI_3007G049200	1187
SORBI_3007G049300	704.543
SORBI_3007G049400	1237
SORBI_3007G049500	1058
SORBI_3007G049600	778
SORBI_3007G049700	931.322
SORBI_3007G049733	446
SORBI_3007G049766	688.862
SORBI_3007G049800	1546.775
SORBI_3007G049900	2816.162
SORBI_3007G050000	1667.571
SORBI_3007G050100	3636.615
SORBI_3007G050200	1400.621
SORBI_3007G050300	1057.22237387781
SORBI_3007G050400	5416.431
SORBI_3007G050500	2042.413
SORBI_3007G050600	4505.642
SORBI_3007G050650	1032.204
SORBI_3007G050700	2418.193
SORBI_3007G050750	466
SORBI_3007G050800	4244.691
SORBI_3007G050900	499
SORBI_3007G051000	625.391
SORBI_3007G051100	1560.275
SORBI_3007G051200	941.605
SORBI_3007G051300	1631.28
SORBI_3007G051400	2272.084
SORBI_3007G051501	725
SORBI_3007G051600	1786
SORBI_3007G051700	4228.875
SORBI_3007G051800	926.891
SORBI_3007G051900	2431.006
SORBI_3007G052000	2835.159
SORBI_3007G052100	1637.38
SORBI_3007G052201	2032
SORBI_3007G052300	272.914
SORBI_3007G052400	941.995068878172
SORBI_3007G052500	331
SORBI_3007G052600	309.317
SORBI_3007G052700	878.708
SORBI_3007G052800	1071.829
SORBI_3007G052900	1063.11839536556
SORBI_3007G053000	744
SORBI_3007G053100	6187.329
SORBI_3007G053300	856.629
ENSRNA049484470	43.575
ENSRNA049484467	44.903
SORBI_3007G053400	1148.651
SORBI_3007G053500	980.815
SORBI_3007G053600	595.917
SORBI_3007G053700	4317.099
SORBI_3007G053800	1760.718
SORBI_3007G053900	494
SORBI_3007G054000	5195.233
SORBI_3007G054100	5124.11955406755
SORBI_3007G054200	1476.277
SORBI_3007G054300	386
SORBI_3007G054400	2312.502
ENSRNA049995894	38
SORBI_3007G054500	1458.03
SORBI_3007G054600	161
SORBI_3007G054700	1713
SORBI_3007G054800	3100.668
SORBI_3007G054900	2277.659
SORBI_3007G055000	632.86
SORBI_3007G055100	427
SORBI_3007G055300	1227
SORBI_3007G055400	613
SORBI_3007G055500	1537.812
SORBI_3007G055600	1383.824
SORBI_3007G055700	6355.367
SORBI_3007G055800	1949
SORBI_3007G055900	1228.75
ENSRNA049440533	27
SORBI_3007G056100	1494.185
SORBI_3007G056200	6762.71037670914
SORBI_3007G056300	1605.366
SORBI_3007G056400	460
SORBI_3007G056500	2976.447
SORBI_3007G056600	1035.525
SORBI_3007G056700	899.825
SORBI_3007G056800	1057
SORBI_3007G056900	4716.627
SORBI_3007G057000	665.082
SORBI_3007G057100	463.582
SORBI_3007G057201	701.385
SORBI_3007G057300	567
SORBI_3007G057400	615
SORBI_3007G057450	404.711
SORBI_3007G057500	803.711
SORBI_3007G057600	1590
SORBI_3007G057700	453.794
SORBI_3007G057800	821
SORBI_3007G057900	1089
SORBI_3007G058001	840.622
SORBI_3007G058100	1321.459
SORBI_3007G058200	521
SORBI_3007G058300	1149
SORBI_3007G058400	1325
SORBI_3007G058600	1358.455
SORBI_3007G058700	78
SORBI_3007G058800	1692.459
SORBI_3007G058900	3429.5
SORBI_3007G059000	1052
SORBI_3007G059100	1717.549
SORBI_3007G059150	932
SORBI_3007G059200	1348
SORBI_3007G059300	3255
SORBI_3007G059400	1702
SORBI_3007G059500	710.979
SORBI_3007G059600	3039.686
SORBI_3007G059700	4243.488
SORBI_3007G059800	1141
SORBI_3007G059900	1285.34582630902
SORBI_3007G060000	3697.427
SORBI_3007G060100	1421.195
SORBI_3007G060201	1030.581
SORBI_3007G060300	3194.755
SORBI_3007G060400	1306
SORBI_3007G060500	1555
SORBI_3007G060550	1255
SORBI_3007G060600	3541.951
ENSRNA049440557	25
SORBI_3007G060700	2105.99386006037
SORBI_3007G060800	2490
SORBI_3007G060900	7318.5
SORBI_3007G061000	868.098002266726
SORBI_3007G061100	3000.049
SORBI_3007G061300	1708.427
SORBI_3007G061400	724.212
SORBI_3007G061500	11376.058
SORBI_3007G061600	2533
SORBI_3007G061700	3322.592
SORBI_3007G061800	2058
SORBI_3007G061900	470.732
SORBI_3007G062000	2526.399
SORBI_3007G062100	1040.32
SORBI_3007G062200	2470.983
SORBI_3007G062500	982.217
ENSRNA049484459	73
SORBI_3007G062600	1149.5
SORBI_3007G062700	1465
SORBI_3007G062800	7173.049
SORBI_3007G062900	364
SORBI_3007G063000	5723.227
SORBI_3007G063100	2848
SORBI_3007G063200	2836.422
SORBI_3007G063300	1758.524
SORBI_3007G063500	1443
SORBI_3007G063600	304
SORBI_3007G063700	694.461
SORBI_3007G063800	2005.098
SORBI_3007G063900	917
SORBI_3007G064000	1548
SORBI_3007G064100	2058
SORBI_3007G064250	1272
SORBI_3007G064400	1034.5
SORBI_3007G064500	2015.458
SORBI_3007G064600	1639
SORBI_3007G064700	942
SORBI_3007G064800	1829
SORBI_3007G064900	1461.925
SORBI_3007G065000	1183.5
SORBI_3007G065100	4018.418
SORBI_3007G065300	3458
SORBI_3007G065400	3869.30498866255
SORBI_3007G065500	3042.799
SORBI_3007G065600	781
SORBI_3007G065700	2202.454
SORBI_3007G065800	879.5
SORBI_3007G065900	847.604
SORBI_3007G066050	353.913
SORBI_3007G066200	1390.5
SORBI_3007G066566	971
SORBI_3007G066932	744.518
SORBI_3007G067300	472.627
SORBI_3007G067350	553.927
SORBI_3007G067400	852.515
SORBI_3007G067600	801.576
SORBI_3007G067608	718.592
SORBI_3007G067616	991.059
SORBI_3007G067100	863.157
SORBI_3007G067108	714.129
SORBI_3007G066600	801.309
SORBI_3007G066608	875.249
SORBI_3007G066500	5044.69
SORBI_3007G066508	4483.152
SORBI_3007G066800	843.002
SORBI_3007G066808	547.747
SORBI_3007G066816	3516.383
SORBI_3007G066824	802
SORBI_3007G066832	705.913
SORBI_3007G067000	4481.892
SORBI_3007G067008	591.782
SORBI_3007G066900	726.916
SORBI_3007G066908	838.178
SORBI_3007G067700	1350.24722997123
SORBI_3007G067800	749.965
SORBI_3007G067900	1888.552
SORBI_3007G068000	449.798
SORBI_3007G068100	3672.561
SORBI_3007G068200	5011.396
SORBI_3007G068300	2525.151
SORBI_3007G068500	2117.34
SORBI_3007G068700	1929
SORBI_3007G068800	276.73
SORBI_3007G068900	1399.641
ENSRNA049995889	16
SORBI_3007G069000	1644.319
SORBI_3007G069101	1441.867
SORBI_3007G069200	2286.27311614698
SORBI_3007G069300	187
SORBI_3007G069400	1691.197
SORBI_3007G069450	244
SORBI_3007G069500	130
SORBI_3007G069600	1254.065
SORBI_3007G069700	1538.617
SORBI_3007G069800	6122.686
SORBI_3007G069750	2248
SORBI_3007G069900	1183
SORBI_3007G070000	2563.62788919131
SORBI_3007G070100	1595.5
SORBI_3007G070200	1228.48980819594
SORBI_3007G070300	2245.179
SORBI_3007G070400	504.13
SORBI_3007G070500	1039.521
SORBI_3007G070600	1779.214
SORBI_3007G070700	2836
SORBI_3007G070900	1085
SORBI_3007G071000	1210.059
SORBI_3007G071100	2691.665
SORBI_3007G071200	5021.13281145999
SORBI_3007G071300	3897.909
SORBI_3007G071400	14907.132
SORBI_3007G071500	826.463
SORBI_3007G071600	1367
SORBI_3007G071700	490.631
SORBI_3007G071800	2024
SORBI_3007G071900	1272.917
SORBI_3007G071950	2050.127
SORBI_3007G072000	820.643
SORBI_3007G072100	1597.72261197657
SORBI_3007G072133	4920.654
SORBI_3007G072166	245
SORBI_3007G072200	1767
SORBI_3007G072300	1601.295
SORBI_3007G072400	323.683
ENSRNA049995883	6
SORBI_3007G072600	2653.22706394073
SORBI_3007G072700	570
SORBI_3007G072800	2706.51
SORBI_3007G072901	2864.697
SORBI_3007G073000	2666.749
SORBI_3007G073100	1958
SORBI_3007G073300	1576
ENSRNA049440581	26
SORBI_3007G073400	3571.18617548316
SORBI_3007G073500	1157
SORBI_3007G073600	896.45
SORBI_3007G073700	1482.421
SORBI_3007G073750	460
SORBI_3007G073800	2459.5
SORBI_3007G073900	5748.107
SORBI_3007G074000	798.404
SORBI_3007G074100	1859
SORBI_3007G074200	1060.011
SORBI_3007G074300	2202
SORBI_3007G074400	666.351
SORBI_3007G074500	1648.967
SORBI_3007G074600	2351.97088606859
SORBI_3007G074700	336.341
SORBI_3007G074800	1137.608
SORBI_3007G075100	3294.07996967066
SORBI_3007G075200	1800.99570378458
SORBI_3007G075250	379
SORBI_3007G075301	187
SORBI_3007G075351	683
SORBI_3007G075400	5719.417
ENSRNA049995876	26
SORBI_3007G075500	1689.825
SORBI_3007G075600	1304
SORBI_3007G075700	1126.69503651422
SORBI_3007G075750	1819
SORBI_3007G075800	1926.976
SORBI_3007G075900	1426.28327443417
SORBI_3007G076000	1918.389
SORBI_3007G076100	1880
SORBI_3007G076200	2066.56179987129
SORBI_3007G076250	1678
SORBI_3007G076300	968.166
SORBI_3007G076400	2641.076
SORBI_3007G076500	1629.967
SORBI_3007G076600	3926
SORBI_3007G076700	1189.814
SORBI_3007G076800	1352.52
SORBI_3007G076900	1272.751
SORBI_3007G077001	1371.383
SORBI_3007G077100	561.701
SORBI_3007G077200	1433.318
SORBI_3007G077300	3878.254
SORBI_3007G077400	1507.831
SORBI_3007G077466	2437.023
SORBI_3007G077532	2569.018
SORBI_3007G077600	2126
SORBI_3007G077700	3379.231
SORBI_3007G077766	2409.749
SORBI_3007G077832	1698.634
SORBI_3007G077900	3986.44686526664
SORBI_3007G078000	1348.82916869082
SORBI_3007G078100	1779.347
SORBI_3007G078200	3064.744
SORBI_3007G078300	4954.732
SORBI_3007G078400	2332
SORBI_3007G078500	3143.193
SORBI_3007G078600	1978.95704022606
SORBI_3007G078700	606
SORBI_3007G078800	3458.321
SORBI_3007G078900	1595.157
SORBI_3007G079000	635.242
SORBI_3007G079200	2161.747
SORBI_3007G079300	3000.482
SORBI_3007G079400	3037.785
SORBI_3007G079500	458.666666666667
SORBI_3007G079600	726.231
SORBI_3007G079700	768.959
SORBI_3007G079901	1101
SORBI_3007G080100	9345
SORBI_3007G080150	114
SORBI_3007G080200	9058
SORBI_3007G080300	2768
SORBI_3007G080500	3088.503
SORBI_3007G080600	1051.968
SORBI_3007G080660	478
SORBI_3007G080720	1490
SORBI_3007G080780	6799.961
SORBI_3007G080840	1863.305
SORBI_3007G080900	18415.083
SORBI_3007G081000	1012
SORBI_3007G081100	1193
SORBI_3007G081200	892
SORBI_3007G081300	1901.88054622717
SORBI_3007G081400	185
SORBI_3007G081500	2096.131
SORBI_3007G081600	337
SORBI_3007G081701	534
SORBI_3007G081800	1264
SORBI_3007G081900	1204.62010813295
SORBI_3007G082000	1545.503
SORBI_3007G082100	1356
SORBI_3007G082200	1817.033
SORBI_3007G082300	907
SORBI_3007G082500	2441
SORBI_3007G082700	898
SORBI_3007G082900	581
SORBI_3007G083000	457
SORBI_3007G083200	1400
SORBI_3007G083100	1822.076
SORBI_3007G083300	480
SORBI_3007G083400	922
SORBI_3007G083500	1360
SORBI_3007G083700	2377.349
SORBI_3007G083800	317.922
SORBI_3007G083900	916
SORBI_3007G084100	2031.03
SORBI_3007G084200	4092.658
SORBI_3007G084300	1370.58124001501
SORBI_3007G084400	615
SORBI_3007G084650	11402.937
SORBI_3007G084600	565
SORBI_3007G084700	564
SORBI_3007G084800	784
SORBI_3007G084900	274
SORBI_3007G085001	1129.654
SORBI_3007G085100	613
SORBI_3007G085000	660.331075148365
SORBI_3007G085300	632.585
SORBI_3007G085350	6584.60351543057
SORBI_3007G085400	2722.218
SORBI_3007G085500	2197
SORBI_3007G085600	1350.183
SORBI_3007G085700	990.036
SORBI_3007G085800	2846.56175383911
SORBI_3007G085900	555
SORBI_3007G085966	1244.72
SORBI_3007G086032	1765
SORBI_3007G086100	583
SORBI_3007G086200	583
SORBI_3007G086300	1103
SORBI_3007G086400	1069
SORBI_3007G086500	944.016
SORBI_3007G086600	1391.348
SORBI_3007G086701	2531
SORBI_3007G086800	485.364
SORBI_3007G086900	1738.30016306023
SORBI_3007G087000	2196.935
SORBI_3007G087100	3296.574
SORBI_3007G087200	1369.179
SORBI_3007G087300	370
SORBI_3007G087400	1297.825
SORBI_3007G087500	538
SORBI_3007G087600	1203
SORBI_3007G087700	3413
SORBI_3007G087800	1545.351
SORBI_3007G087900	3061.813
SORBI_3007G088000	2090.482
SORBI_3007G088200	1209.69079516827
SORBI_3007G088100	219.353
SORBI_3007G088300	1342.286
SORBI_3007G088400	13459.471
SORBI_3007G088500	4605.792
SORBI_3007G088600	1292.628
SORBI_3007G088700	1169
SORBI_3007G088800	1180.834
SORBI_3007G088900	4516.271
SORBI_3007G089101	453
SORBI_3007G089300	2904.309
SORBI_3007G089400	1092.503
SORBI_3007G089500	3214.934
SORBI_3007G089533	1508
SORBI_3007G089600	3073.483
SORBI_3007G089566	405
SORBI_3007G089700	661
SORBI_3007G089800	2233.39483322032
SORBI_3007G089900	1991.938
SORBI_3007G090001	177.546
SORBI_3007G090100	697
SORBI_3007G090200	961.231
SORBI_3007G090300	206.93
SORBI_3007G090400	987.324
SORBI_3007G090403	6742.958
SORBI_3007G090406	880
SORBI_3007G090409	305.564
SORBI_3007G090412	583
SORBI_3007G090415	918
SORBI_3007G090418	2291
SORBI_3007G090421	478
SORBI_3007G090424	887
SORBI_3007G090427	1802.51
SORBI_3007G090430	1914.343
SORBI_3007G090433	194
SORBI_3007G090436	1251.984
SORBI_3007G090439	799
SORBI_3007G090442	3165.436
SORBI_3007G090445	160
SORBI_3007G090448	982.077
SORBI_3007G090451	670.45
SORBI_3007G090454	752.886
SORBI_3007G090457	1531
SORBI_3007G090460	1083.364
SORBI_3007G090463	1164.042
SORBI_3007G090466	2171.964
SORBI_3007G090469	25117.017
SORBI_3007G090472	4823.60052583145
SORBI_3007G090475	183.687
SORBI_3007G090537	1561.212
SORBI_3007G090600	3156
SORBI_3007G090701	3887.693
SORBI_3007G090800	29
SORBI_3007G090900	2372.551
SORBI_3007G091000	1708.325
SORBI_3007G091100	1268.279
SORBI_3007G091200	981
SORBI_3007G091301	930.494
SORBI_3007G091400	1774
SORBI_3007G091500	608.759
SORBI_3007G091600	1965.531
SORBI_3007G091800	721
SORBI_3007G091900	2699.642
SORBI_3007G092000	1503.779
SORBI_3007G092100	911.466
SORBI_3007G092200	1381.56664858788
SORBI_3007G092300	1321
SORBI_3007G092400	2354.757
SORBI_3007G092450	155
SORBI_3007G092500	695.951
SORBI_3007G092600	3630.08
SORBI_3007G092700	3815.593
SORBI_3007G092900	1673.284
SORBI_3007G093000	1433.399
SORBI_3007G093100	526
SORBI_3007G093201	301
SORBI_3007G093300	703
SORBI_3007G093400	1169
SORBI_3007G093500	760
SORBI_3007G093800	942.365043112085
SORBI_3007G093900	709.393460849427
SORBI_3007G094000	628
SORBI_3007G094050	9338.39
ENSRNA049995871	6
SORBI_3007G094100	2423
SORBI_3007G094200	1845
SORBI_3007G094300	478.487
SORBI_3007G094400	681.869
SORBI_3007G094500	3306.01
SORBI_3007G094600	1679
SORBI_3007G094700	1820.869
SORBI_3007G094801	459.927225660775
SORBI_3007G094900	1641.395
SORBI_3007G095000	1593
SORBI_3007G095100	2779.522
SORBI_3007G095200	3665.209
SORBI_3007G095300	1440.233
SORBI_3007G095333	1212
SORBI_3007G095366	304
SORBI_3007G095400	2278.44
SORBI_3007G095500	949.284
SORBI_3007G095600	3520.747
SORBI_3007G095700	4822
SORBI_3007G095850	736
SORBI_3007G096000	2637.309
SORBI_3007G096200	1813.432
SORBI_3007G096401	210.091
SORBI_3007G096600	4737.596
SORBI_3007G096700	573.2
SORBI_3007G096800	1355.4353999095
SORBI_3007G096833	120
SORBI_3007G096866	1579
SORBI_3007G096900	2344
SORBI_3007G097000	2334
SORBI_3007G097100	1087.935
SORBI_3007G097201	274
SORBI_3007G097300	249.821
SORBI_3007G097400	4333.50653085652
SORBI_3007G097550	2785.283
SORBI_3007G097700	1457.73864498481
SORBI_3007G097800	1310.041
SORBI_3007G097900	1009.096
SORBI_3007G098000	685
SORBI_3007G098050	804
SORBI_3007G098100	796.522
SORBI_3007G098200	1350.493
SORBI_3007G098400	1838.461
ENSRNA049440638	27
SORBI_3007G098500	14570.4693040937
SORBI_3007G098600	958
SORBI_3007G098800	1894.92264452351
SORBI_3007G098900	106
SORBI_3007G098950	3805.719
SORBI_3007G099000	159
SORBI_3007G099100	965.309
SORBI_3007G099133	628
SORBI_3007G099166	1771
SORBI_3007G099200	1482.50769072015
SORBI_3007G099300	660
SORBI_3007G099400	1260.679
SORBI_3007G099500	2038.037
SORBI_3007G099700	1082
SORBI_3007G099800	367
SORBI_3007G099900	1047.489
SORBI_3007G099966	5711.1
SORBI_3007G100032	295.229
SORBI_3007G100100	271.544
SORBI_3007G100200	304
SORBI_3007G100275	1810
SORBI_3007G100350	420.581
SORBI_3007G100425	1570.97
SORBI_3007G100500	1153.227
SORBI_3007G100600	1081
SORBI_3007G100700	1086.744
SORBI_3007G100800	3501
SORBI_3007G100900	917.96
SORBI_3007G101000	448
SORBI_3007G101100	2141.258
SORBI_3007G101150	496
SORBI_3007G101200	254
SORBI_3007G101300	1190.33124939184
SORBI_3007G101401	1561
SORBI_3007G101500	1829.938
SORBI_3007G101600	12303.271
SORBI_3007G101800	2124.53491853535
SORBI_3007G101900	93
SORBI_3007G102000	4829.74
SORBI_3007G102150	1839.46
SORBI_3007G102300	160
SORBI_3007G102400	664
SORBI_3007G102500	713.43
SORBI_3007G102600	467.748
SORBI_3007G102700	826.399518561632
SORBI_3007G102800	1063.183
SORBI_3007G102900	3228
SORBI_3007G103000	2847
SORBI_3007G103100	6286.69
SORBI_3007G103200	430
SORBI_3007G103300	670
SORBI_3007G103350	1582
SORBI_3007G103400	2267.03637256927
SORBI_3007G103500	673.02
SORBI_3007G103600	3002.48824531312
SORBI_3007G103666	188.307
SORBI_3007G103732	1546
SORBI_3007G103800	8458
SORBI_3007G104000	2683
SORBI_3007G104100	626
SORBI_3007G104201	3854
SORBI_3007G104300	2714
SORBI_3007G104450	2380
SORBI_3007G104600	1589
SORBI_3007G104800	1531.82366250354
SORBI_3007G104866	173
SORBI_3007G104932	426
SORBI_3007G105000	682.412
SORBI_3007G105100	1739.49989832948
SORBI_3007G105200	406
SORBI_3007G105400	2415.323
SORBI_3007G105500	3789.386
SORBI_3007G105600	1813.398
SORBI_3007G105700	2667.493
SORBI_3007G105800	760.948
SORBI_3007G105900	537.653
SORBI_3007G106050	603.035
SORBI_3007G106200	1076
ENSRNA049440673	35
SORBI_3007G106300	2240.7638720172
SORBI_3007G106400	1515.884
SORBI_3007G106500	3327.064
SORBI_3007G106600	961
SORBI_3007G106700	1528.927
SORBI_3007G106800	10227.294
SORBI_3007G106850	699
SORBI_3007G106900	1107.629
SORBI_3007G107000	1250.414
SORBI_3007G107100	250.719
SORBI_3007G107200	2210
SORBI_3007G107400	433
SORBI_3007G107500	337
SORBI_3007G107600	2466.977
SORBI_3007G107700	1872.109
SORBI_3007G107800	2016.172
SORBI_3007G107850	1716.343
SORBI_3007G107900	1336.748
SORBI_3007G107950	289
SORBI_3007G108000	574
SORBI_3007G108100	925.272
SORBI_3007G108200	1663.25
SORBI_3007G108400	1618.90605753942
SORBI_3007G108500	2723.046
SORBI_3007G108600	323
SORBI_3007G108700	477.964
SORBI_3007G108800	605.908
SORBI_3007G108900	1076.914
SORBI_3007G109000	485
SORBI_3007G109200	109
SORBI_3007G109301	1714.245
SORBI_3007G109400	335.5
SORBI_3007G109500	271
SORBI_3007G109600	799
SORBI_3007G109700	759.055
SORBI_3007G109800	488.989
SORBI_3007G109900	1551.853
SORBI_3007G110200	2056.66688256286
SORBI_3007G110300	2191.418
SORBI_3007G110333	732
SORBI_3007G110366	582
SORBI_3007G110400	765
SORBI_3007G110500	848
SORBI_3007G110600	383
SORBI_3007G110700	6544.564
SORBI_3007G110800	880
SORBI_3007G110900	778
SORBI_3007G111001	1432
SORBI_3007G111100	1364.387
SORBI_3007G111150	1768
SORBI_3007G111200	1530.626
SORBI_3007G111300	1652.4419152439
SORBI_3007G111400	736.508
SORBI_3007G111500	2797.589
SORBI_3007G111600	2080.387
SORBI_3007G111700	3148
SORBI_3007G111800	1428
SORBI_3007G111901	3370.195
SORBI_3007G112000	398.295957902423
SORBI_3007G112100	1983.93905978577
SORBI_3007G112200	2014.363
SORBI_3007G112301	1837
SORBI_3007G112400	2516.036
SORBI_3007G112450	1363
SORBI_3007G112500	381
SORBI_3007G112600	957.881594253811
SORBI_3007G112700	720.046
SORBI_3007G112766	215.13
SORBI_3007G112832	1172.396
SORBI_3007G112900	5046.31
SORBI_3007G113000	506
SORBI_3007G113101	2804.008
SORBI_3007G113200	376
SORBI_3007G113300	2180.27450707536
SORBI_3007G113400	20135.302
SORBI_3007G113500	785.154
SORBI_3007G113533	1642
SORBI_3007G113566	1498
SORBI_3007G113600	1782.507
SORBI_3007G113800	2311.78529574939
SORBI_3007G113900	2345.478
SORBI_3007G113950	1627
SORBI_3007G114000	1607.788
SORBI_3007G114100	1542.124
SORBI_3007G114200	1820.783
SORBI_3007G114301	1228
SORBI_3007G114401	695
SORBI_3007G114500	1707.997
SORBI_3007G114600	956.282395346674
SORBI_3007G114650	190.314
SORBI_3007G114700	3786.863
SORBI_3007G115000	138
SORBI_3007G115050	727
SORBI_3007G115100	874.747
SORBI_3007G115200	606.563309831794
SORBI_3007G115300	2090.828
SORBI_3007G115400	3343
SORBI_3007G115500	1260.351
SORBI_3007G115600	1689
SORBI_3007G115700	610
SORBI_3007G115801	942.208
SORBI_3007G115900	1217.77555243398
SORBI_3007G116000	806
SORBI_3007G116100	808.043
SORBI_3007G116150	946
SORBI_3007G116200	3937.53
SORBI_3007G116300	1387
SORBI_3007G116400	7490.825
SORBI_3007G116500	3128.64233845532
SORBI_3007G116600	2361.363
SORBI_3007G116700	894.322406854687
SORBI_3007G116733	1855
SORBI_3007G116766	1971
SORBI_3007G116800	1827.735
SORBI_3007G116950	1354.48658804014
SORBI_3007G117100	1161.812
SORBI_3007G117200	1032.51
SORBI_3007G117400	2403.76
SORBI_3007G117500	1116.997
SORBI_3007G117700	2775.058
SORBI_3007G117800	645.767
SORBI_3007G117900	1172
SORBI_3007G118000	1312.5
SORBI_3007G118025	1378
SORBI_3007G118050	442
SORBI_3007G118075	773.639
SORBI_3007G118100	109
SORBI_3007G118200	1873.467
SORBI_3007G118301	580.203
SORBI_3007G118400	564.945719729812
SORBI_3007G118500	1520.299
SORBI_3007G118600	1712.816
SORBI_3007G118700	254
SORBI_3007G118800	615
SORBI_3007G119000	769.432
SORBI_3007G119101	2080.837
SORBI_3007G119200	2273.02255901566
ENSRNA049440702	25
SORBI_3007G119300	2321
SORBI_3007G119400	2896.445
SORBI_3007G119500	2616.785
SORBI_3007G119600	591.333
SORBI_3007G119700	1351.488
SORBI_3007G119750	1726
SORBI_3007G119800	3005.405
SORBI_3007G119900	1674.79
SORBI_3007G120000	2807.331
SORBI_3007G120100	3821.579
SORBI_3007G120200	2453.528
SORBI_3007G120301	150
SORBI_3007G120401	1453.591
SORBI_3007G120500	1955.115
SORBI_3007G120600	583
SORBI_3007G120650	570
SORBI_3007G120700	367
SORBI_3007G120800	2438.32677922529
SORBI_3007G121000	2819.549
SORBI_3007G121200	1934
SORBI_3007G121300	1131.67
SORBI_3007G121400	3235
SORBI_3007G121600	325.929
SORBI_3007G121650	2350.808
SORBI_3007G121700	3233.489
SORBI_3007G121800	1935
SORBI_3007G121900	201
SORBI_3007G121950	3237
SORBI_3007G122000	1068.5
SORBI_3007G122200	3075.574
SORBI_3007G122300	2128.344
SORBI_3007G122400	2157.5
SORBI_3007G122500	831.952
SORBI_3007G122600	1563
SORBI_3007G122700	3839.67923493194
SORBI_3007G122800	2143.126
SORBI_3007G122866	4456.166
SORBI_3007G122932	227
SORBI_3007G123000	949
SORBI_3007G123100	5440.809
ENSRNA049441196	24
SORBI_3007G123200	1889
SORBI_3007G123300	1114.072
SORBI_3007G123350	636
SORBI_3007G123400	1534.364
SORBI_3007G123500	2455.61870823638
SORBI_3007G123600	2039.847
ENSRNA049440721	36
SORBI_3007G123700	708.2
SORBI_3007G123800	3928.793
SORBI_3007G123850	4392.42
SORBI_3007G123900	2450.501
SORBI_3007G124000	3170.111
SORBI_3007G124100	856.705
SORBI_3007G124200	2688.998
SORBI_3007G124301	2125.098
SORBI_3007G124400	890.295
SORBI_3007G124500	1205.46
SORBI_3007G124600	448
SORBI_3007G124800	8877.95098592388
SORBI_3007G124700	3109
SORBI_3007G124900	319
SORBI_3007G125000	775.990393406383
SORBI_3007G125100	641.504
SORBI_3007G125200	2218
SORBI_3007G125300	2048
SORBI_3007G125400	709.789
SORBI_3007G125500	1084.032
SORBI_3007G125600	2050.529
SORBI_3007G125700	1909.964
SORBI_3007G125800	772
SORBI_3007G125900	2308.69812061533
SORBI_3007G126000	579.5
SORBI_3007G126100	5226.273
SORBI_3007G126150	829
SORBI_3007G126200	983.31441444188
SORBI_3007G126300	1029.63
SORBI_3007G126400	827.354412224994
SORBI_3007G126500	2374.349
SORBI_3007G126600	2656.504
SORBI_3007G126800	117
SORBI_3007G126900	1084.511
SORBI_3007G127000	453.947
SORBI_3007G127100	2486.006
SORBI_3007G127200	858.708
SORBI_3007G127400	993.866
SORBI_3007G127500	2248
SORBI_3007G127550	576
SORBI_3007G127600	1441.697
SORBI_3007G127700	659
SORBI_3007G127800	1489
SORBI_3007G127900	547
SORBI_3007G127950	1555.275
SORBI_3007G128000	1456
SORBI_3007G128100	2447.125
SORBI_3007G128200	2531.804
SORBI_3007G128300	1335.815
SORBI_3007G128400	3169.201
SORBI_3007G128500	2317.14
SORBI_3007G128600	4190.95418247346
SORBI_3007G128800	521
SORBI_3007G128900	769.843
SORBI_3007G129000	2650.817
SORBI_3007G129100	163.864
SORBI_3007G129201	1416.986
SORBI_3007G129300	1707
SORBI_3007G129401	751
SORBI_3007G129500	625
SORBI_3007G129800	541
SORBI_3007G129900	1475.516
SORBI_3007G130000	2273
SORBI_3007G130100	719.682
SORBI_3007G130200	4837.595
SORBI_3007G130300	996.215980672284
SORBI_3007G130400	1768.27854568864
SORBI_3007G130500	1854.141
SORBI_3007G130600	2017.643
SORBI_3007G130701	5910.713
SORBI_3007G130800	1501.632
SORBI_3007G130900	1873.11
SORBI_3007G131000	4071
SORBI_3007G131100	2331.5
SORBI_3007G131200	710.288
SORBI_3007G131300	1715
SORBI_3007G131500	254
SORBI_3007G131600	1791.899
SORBI_3007G131700	1554.959
SORBI_3007G131800	458.405
SORBI_3007G131900	1356.31583454283
SORBI_3007G131950	3008
SORBI_3007G132000	2641.33333333333
SORBI_3007G132100	2097.84
SORBI_3007G132200	2767.982
SORBI_3007G132300	1523.184
SORBI_3007G132400	2577.583
SORBI_3007G132500	1524.978
SORBI_3007G132600	2233.577
SORBI_3007G132650	482
SORBI_3007G132700	1954.384
SORBI_3007G132900	2687.739
SORBI_3007G132950	1615
SORBI_3007G133000	17196.863
SORBI_3007G133100	230
SORBI_3007G133250	1588
SORBI_3007G133400	1409.71
SORBI_3007G133500	87
SORBI_3007G133600	1237.718
SORBI_3007G133700	8921.314
SORBI_3007G133733	292
SORBI_3007G133766	1889.679
SORBI_3007G133800	894.517
SORBI_3007G133850	1112
SORBI_3007G133900	2139
SORBI_3007G134000	881.922857122146
SORBI_3007G134100	3472.115
SORBI_3007G134140	597
SORBI_3007G134180	367
SORBI_3007G134220	648
SORBI_3007G134260	712
SORBI_3007G134300	1902.069
SORBI_3007G134400	1300.069
SORBI_3007G134501	676.762
SORBI_3007G134600	1944.24200071482
SORBI_3007G134650	138
SORBI_3007G134700	3386
SORBI_3007G134800	2062.25
SORBI_3007G134900	718.93
SORBI_3007G135000	2148.005
SORBI_3007G135100	211.719
SORBI_3007G135201	2903.479
SORBI_3007G135301	1240
SORBI_3007G135400	673
SORBI_3007G135500	572.434
SORBI_3007G135700	1125
SORBI_3007G135800	864.785
SORBI_3007G135900	612.241
SORBI_3007G136000	373
SORBI_3007G136100	964.526
SORBI_3007G136200	2064.262
SORBI_3007G136300	1619.5
SORBI_3007G136400	9259.97638751736
SORBI_3007G136500	989.728
SORBI_3007G136600	812.264
SORBI_3007G136700	606.777
SORBI_3007G136800	1623.686
SORBI_3007G136900	1651.674
SORBI_3007G137100	1704
SORBI_3007G137000	2659.087
SORBI_3007G137101	2519
SORBI_3007G137201	965.835
SORBI_3007G137300	1713.73466419616
SORBI_3007G137350	1869.343
SORBI_3007G137400	2518.603
SORBI_3007G137501	1449.231
SORBI_3007G137600	2628.75
SORBI_3007G137700	659.402
SORBI_3007G137750	585.5
SORBI_3007G137800	2766.668
SORBI_3007G137900	1443.138
SORBI_3007G138000	1002.535
SORBI_3007G138100	770.066
SORBI_3007G138200	1401
SORBI_3007G138300	1433.227
SORBI_3007G138401	1593
SORBI_3007G138501	1544
SORBI_3007G138600	1440.328
SORBI_3007G138700	466.477
SORBI_3007G138800	1028
SORBI_3007G138900	1218
SORBI_3007G139000	2597.187
SORBI_3007G139100	346
SORBI_3007G139200	920.051
SORBI_3007G139300	1629
SORBI_3007G139400	4356.178
SORBI_3007G139500	3749.21
SORBI_3007G139600	3351.625
SORBI_3007G139650	771
SORBI_3007G139700	1572.50666766022
SORBI_3007G139800	788
SORBI_3007G139850	1825
SORBI_3007G139900	1699.929
SORBI_3007G139950	386
SORBI_3007G140000	2183.74842828463
SORBI_3007G140050	916
SORBI_3007G140100	868.546
SORBI_3007G140200	1985.236
SORBI_3007G140300	1867.343
SORBI_3007G140400	2475.353
SORBI_3007G140500	2588.128
SORBI_3007G140600	906.988
SORBI_3007G140700	1806.953
SORBI_3007G140800	1565.185
SORBI_3007G140900	5369.583
SORBI_3007G141001	2726.211
ENSRNA049995859	11
SORBI_3007G141100	1101.153
SORBI_3007G141200	1642.146
SORBI_3007G141300	1405
SORBI_3007G141340	1717
SORBI_3007G141380	2725
SORBI_3007G141420	992
SORBI_3007G141460	80
SORBI_3007G141500	1274.149
SORBI_3007G141600	829.745
SORBI_3007G141650	1372
SORBI_3007G141700	4100.172
SORBI_3007G141801	353.697
SORBI_3007G141900	3375.57
SORBI_3007G142000	466
SORBI_3007G142050	2557.846
SORBI_3007G142100	1704.051
SORBI_3007G142200	1055.292
SORBI_3007G142300	2130.5
SORBI_3007G142400	1072.68142646087
SORBI_3007G142500	1604.039
SORBI_3007G142600	3683.094
SORBI_3007G142700	1121.01
SORBI_3007G142801	3272
SORBI_3007G142900	1236.62128501095
SORBI_3007G143000	711.561
SORBI_3007G143100	725.532
SORBI_3007G143200	484.63
SORBI_3007G143250	141.437
SORBI_3007G143300	1987.325
SORBI_3007G143400	1056.503
SORBI_3007G143500	451.359361429841
SORBI_3007G143600	175
SORBI_3007G143700	702.61362963182
SORBI_3007G143800	878.172
SORBI_3007G143900	88
SORBI_3007G144000	1763.887
SORBI_3007G144100	3959.019
SORBI_3007G144200	1616.05999625379
SORBI_3007G144300	3048.383
ENSRNA049475647	165
SORBI_3007G144400	916
SORBI_3007G144501	3048.75
SORBI_3007G144600	4020.234
SORBI_3007G144700	2476.574
SORBI_3007G144900	1731.808
SORBI_3007G145000	1802.201
SORBI_3007G145100	1888.36033106592
SORBI_3007G145200	1273.65401540176
SORBI_3007G145300	2872
SORBI_3007G145400	2224.707
SORBI_3007G145500	1551.66666666667
SORBI_3007G145600	1741.747
SORBI_3007G145700	800.311
SORBI_3007G145801	75
SORBI_3007G145901	514.781
SORBI_3007G146001	1840
SORBI_3007G146100	6331.968
SORBI_3007G146200	1978
SORBI_3007G146300	1932
SORBI_3007G146350	603.636
SORBI_3007G146400	5899.978
SORBI_3007G146500	517
SORBI_3007G146600	2298.494
SORBI_3007G146700	1290.319
SORBI_3007G146800	152
SORBI_3007G146900	4058.294
SORBI_3007G147000	975
SORBI_3007G147101	2581.501
SORBI_3007G147200	4001.692
SORBI_3007G147300	955
SORBI_3007G147400	2366.63483791116
SORBI_3007G147600	633.518
SORBI_3007G147700	551.196
SORBI_3007G147800	945.743
SORBI_3007G147901	652.353
SORBI_3007G148000	852.217
SORBI_3007G148100	3029.17049453855
SORBI_3007G148200	1133.60887481747
ENSRNA049440906	26
SORBI_3007G148233	510
SORBI_3007G148266	159
SORBI_3007G148300	2723.457
SORBI_3007G148400	1041.92526428216
SORBI_3007G148500	830
SORBI_3007G148600	1463.211
SORBI_3007G148700	3677.032
SORBI_3007G148800	1099.672
SORBI_3007G148900	1411
SORBI_3007G149000	1462
SORBI_3007G149200	3625.27164403197
SORBI_3007G149300	161
SORBI_3007G149400	494.495
SORBI_3007G149500	1850.408
SORBI_3007G149550	7872.542
SORBI_3007G149600	757.659
SORBI_3007G149700	8876.573
SORBI_3007G149750	727
SORBI_3007G149800	2511.394
SORBI_3007G149900	2263.083
SORBI_3007G149950	930.124
SORBI_3007G150000	1775.046
SORBI_3007G150100	2514.43363989406
SORBI_3007G150200	1581.582
SORBI_3007G150500	1267
SORBI_3007G150700	3019.645
SORBI_3007G150800	946.71
SORBI_3007G150900	1012
SORBI_3007G151100	2436.393
SORBI_3007G151200	638
SORBI_3007G151250	484
SORBI_3007G151300	896.036
SORBI_3007G151400	1359.578
SORBI_3007G151500	2075.89
SORBI_3007G151600	557.778
SORBI_3007G151650	561
SORBI_3007G151700	1443
SORBI_3007G151800	4948
SORBI_3007G151900	2143.28173855358
SORBI_3007G152000	1001.333
SORBI_3007G152101	2682.663
SORBI_3007G152200	346
SORBI_3007G152300	1874
SORBI_3007G152400	1218.108
SORBI_3007G152500	1058.698
SORBI_3007G152600	2758.647
SORBI_3007G152701	1439
SORBI_3007G152800	1540.75068931876
SORBI_3007G152900	1626.231
SORBI_3007G153001	2567.344
SORBI_3007G153100	1947
SORBI_3007G153200	35
SORBI_3007G153300	1986
SORBI_3007G153400	1478.475
SORBI_3007G153500	2788.628
SORBI_3007G153600	1544.67581363173
SORBI_3007G153700	1289.499
SORBI_3007G153800	813.886
SORBI_3007G153900	2744.116
SORBI_3007G154001	2368
SORBI_3007G154100	1553
SORBI_3007G154200	1053.55
SORBI_3007G154300	1520.102
SORBI_3007G154350	3136.502
SORBI_3007G154400	1176.576
SORBI_3007G154500	922.715
SORBI_3007G154600	352.917
SORBI_3007G154701	1572.628
SORBI_3007G154800	2231.627
SORBI_3007G154901	649
SORBI_3007G155000	1639.792
SORBI_3007G155050	246
SORBI_3007G155100	750.106850814551
SORBI_3007G155200	751.13
SORBI_3007G155300	419.532
ENSRNA049475729	36
SORBI_3007G155400	3386.29
SORBI_3007G155500	4225.318
SORBI_3007G155600	1778.36678551995
SORBI_3007G155700	1938.869
SORBI_3007G155900	973.300013182921
SORBI_3007G155950	1080
SORBI_3007G156000	445
SORBI_3007G156101	179.614
SORBI_3007G156200	1504.458
SORBI_3007G156300	1960.785
SORBI_3007G156400	1519
SORBI_3007G156500	1257.5
SORBI_3007G156600	634.257
SORBI_3007G156700	186.323
SORBI_3007G156800	645
SORBI_3007G156900	1438
SORBI_3007G157000	3215.93832214558
SORBI_3007G157100	1030
SORBI_3007G157200	592
SORBI_3007G157300	1165.037
SORBI_3007G157400	525.704
SORBI_3007G157500	1638.467
SORBI_3007G157550	267.246
SORBI_3007G157600	2611
SORBI_3007G157700	2365.742
SORBI_3007G157800	844
SORBI_3007G157900	2485.32
SORBI_3007G158000	487
SORBI_3007G158100	1459.64441163542
SORBI_3007G158200	3368.519
SORBI_3007G158300	1504.95
SORBI_3007G158400	802
SORBI_3007G158500	2188.885
SORBI_3007G158600	2130.301
SORBI_3007G158700	2440.731
SORBI_3007G158800	1685.13415264655
SORBI_3007G158900	798.026
SORBI_3007G159000	9194.421
SORBI_3007G159100	397
SORBI_3007G159200	2263.96953781159
SORBI_3007G159300	1600
SORBI_3007G159450	312.899
SORBI_3007G159600	381.456
SORBI_3007G159650	236
SORBI_3007G159500	282.267
SORBI_3007G159700	814.385
SORBI_3007G159800	6451
SORBI_3007G159900	3845.30960891231
SORBI_3007G160050	2171.10675863163
SORBI_3007G160200	1810.902
SORBI_3007G160300	1936
SORBI_3007G160400	3716
SORBI_3007G160501	1165
SORBI_3007G160600	1143.009
SORBI_3007G160700	2456.468
SORBI_3007G160900	1414
SORBI_3007G161000	3456.297
SORBI_3007G161100	835
SORBI_3007G161200	1301.99756513236
SORBI_3007G161300	2319.328
SORBI_3007G161400	486.271783043168
SORBI_3007G161450	2613
SORBI_3007G161500	943.555
SORBI_3007G161600	4029.534
SORBI_3007G161700	877.099
SORBI_3007G161800	1562.542
SORBI_3007G162000	2361
SORBI_3007G162100	1910.657
SORBI_3007G162200	1309.981
SORBI_3007G162250	82.007
SORBI_3007G162300	300.495
SORBI_3007G162400	1738
SORBI_3007G162500	3558.339
SORBI_3007G162600	1720.06377995103
SORBI_3007G162700	1006
SORBI_3007G162800	692.721330030197
SORBI_3007G162901	1613
SORBI_3007G163001	1390.18867349072
SORBI_3007G163100	5150.44774593377
SORBI_3007G163200	1171
SORBI_3007G163300	1117
SORBI_3007G163400	1951
SORBI_3007G163433	1108
SORBI_3007G163466	712
SORBI_3007G163500	3024.245
SORBI_3007G163600	2703.666
SORBI_3007G163700	1424.354
SORBI_3007G163800	3057.059
SORBI_3007G163901	813.243
SORBI_3007G164000	1847.335
SORBI_3007G164050	3080.161
SORBI_3007G164101	2828.805
SORBI_3007G164151	1213
SORBI_3007G164200	2858.979
SORBI_3007G164300	1195.389
SORBI_3007G164400	1206.505
SORBI_3007G164500	1049.053
SORBI_3007G164600	625
SORBI_3007G164750	429.636
SORBI_3007G164900	840
SORBI_3007G165000	1774.694
SORBI_3007G165100	988
SORBI_3007G165200	419
SORBI_3007G165300	663.515
SORBI_3007G165400	914.71
SORBI_3007G165500	4730.828
SORBI_3007G165600	5148.491
SORBI_3007G165701	235.228
SORBI_3007G165800	1959
SORBI_3007G165900	1999.402
SORBI_3007G166000	2832.016
SORBI_3007G166100	2082.929
SORBI_3007G166200	2035.389
SORBI_3007G166300	1797.504
SORBI_3007G166400	1490.446
SORBI_3007G166500	664
SORBI_3007G166600	892.642
SORBI_3007G166701	111.53
SORBI_3007G166800	2905.687
SORBI_3007G166900	1675.293
SORBI_3007G167000	93
SORBI_3007G167100	873.917
SORBI_3007G167200	1798.16156130683
SORBI_3007G167300	6017.882
SORBI_3007G167400	1838.209
SORBI_3007G167500	2336.42396325671
SORBI_3007G167600	1060
SORBI_3007G167700	766.503
SORBI_3007G167800	2450.076
SORBI_3007G167900	1808.51727855399
SORBI_3007G167950	155
SORBI_3007G168000	1282
SORBI_3007G168100	753.131
SORBI_3007G168200	907.853
SORBI_3007G168300	3271.75077520282
SORBI_3007G168400	575.939
SORBI_3007G168500	858.44
SORBI_3007G168600	1117.69834994563
ENSRNA049440959	25
SORBI_3007G168700	1417.869
SORBI_3007G168800	757
SORBI_3007G168900	3055.1
SORBI_3007G169000	161
SORBI_3007G169100	1383.157
SORBI_3007G169200	1300.891
SORBI_3007G169300	1499.517
SORBI_3007G169500	15957.539
SORBI_3007G169533	726.246
SORBI_3007G169566	64
SORBI_3007G169600	1114.215
SORBI_3007G169700	1922.56591110605
SORBI_3007G169900	2765.576
SORBI_3007G170000	1065
SORBI_3007G170100	2165.077
SORBI_3007G170200	2276.747
SORBI_3007G170300	1545.27204462446
SORBI_3007G170400	1363
SORBI_3007G170500	1237
SORBI_3007G170700	3968.889
SORBI_3007G170800	1698
SORBI_3007G170900	705.298237128952
SORBI_3007G171000	1836.4
SORBI_3007G171100	2455.474
SORBI_3007G171200	1045.89493065944
SORBI_3007G171300	177.578
SORBI_3007G171400	990.602
SORBI_3007G171500	989.962832305919
SORBI_3007G171600	1014.182
SORBI_3007G171700	427
SORBI_3007G171800	987.595
SORBI_3007G171950	1680.12
SORBI_3007G172100	1351
SORBI_3007G172200	3259.023
SORBI_3007G172300	400.122
SORBI_3007G172400	4546.386
SORBI_3007G172500	2884.974
SORBI_3007G172600	775.313
ENSRNA049441138	26
SORBI_3007G172700	2897.58813078095
SORBI_3007G172800	1016
SORBI_3007G172900	2498.5
SORBI_3007G173000	1939.772
SORBI_3007G173100	3936.716
SORBI_3007G173150	2336
SORBI_3007G173200	5290.875
SORBI_3007G173300	4693.14508765213
SORBI_3007G173400	3487.5
SORBI_3007G173500	1923.459
SORBI_3007G173700	1690.423
SORBI_3007G173800	989.022
SORBI_3007G173901	541
SORBI_3007G174000	1241
SORBI_3007G174100	541
SORBI_3007G174200	1510
SORBI_3007G174300	6158.335
SORBI_3007G174500	556
SORBI_3007G174600	4552.588
SORBI_3007G174701	556
SORBI_3007G174800	6386.313
SORBI_3007G174900	1120.528
SORBI_3007G175000	484
SORBI_3007G175100	556
SORBI_3007G175200	738.697
SORBI_3007G175300	747
SORBI_3007G175400	798
SORBI_3007G175500	1018
SORBI_3007G175600	269
SORBI_3007G175701	1048
ENSRNA049481741	55
SORBI_3007G175800	1766.474
SORBI_3007G175900	1195.24289633016
SORBI_3007G176000	1804.897
SORBI_3007G176100	1577.279
SORBI_3007G176200	1514.508
SORBI_3007G176300	236
SORBI_3007G176400	554
ENSRNA049440979	26
SORBI_3007G176500	760.827
SORBI_3007G176600	355.29
SORBI_3007G176700	812
SORBI_3007G176800	609.68
ENSRNA049440998	25
SORBI_3007G176900	3004.852
SORBI_3007G177000	1098.912
SORBI_3007G177100	1192.351
SORBI_3007G177150	294
SORBI_3007G177200	1014.66
SORBI_3007G177300	1445.521
SORBI_3007G177400	2193
SORBI_3007G177500	1811.814
SORBI_3007G177600	1827.709
SORBI_3007G177700	290.153
SORBI_3007G177801	735.952
SORBI_3007G177901	346.587
SORBI_3007G178000	161
SORBI_3007G178100	2097.647
SORBI_3007G178200	1745.357
SORBI_3007G178300	6656.828
SORBI_3007G178401	2023.164
SORBI_3007G178500	1297.46
SORBI_3007G178600	420.966
SORBI_3007G178700	3788.097
SORBI_3007G178900	1411.702
ENSRNA049995851	114
SORBI_3007G179000	778
SORBI_3007G179100	1122
SORBI_3007G179200	3197.854
SORBI_3007G179266	106
SORBI_3007G179332	2892.691
SORBI_3007G179400	3884.612
SORBI_3007G179500	1410.833
SORBI_3007G179600	1872.646
SORBI_3007G179700	415
SORBI_3007G179750	3044.042
SORBI_3007G179800	2122.013
SORBI_3007G179900	1151.698
SORBI_3007G180000	2686.68682496352
SORBI_3007G180050	2543
SORBI_3007G180100	1582.42880289309
SORBI_3007G180200	1926
SORBI_3007G180300	2660.655
SORBI_3007G180450	1935.066
SORBI_3007G180600	2396.3712241365
SORBI_3007G180700	1035
SORBI_3007G180800	862
SORBI_3007G180900	1423.351
SORBI_3007G181000	1397
SORBI_3007G181100	4571.773
SORBI_3007G181300	1331.353
SORBI_3007G181400	927.176411610353
SORBI_3007G181500	768.149
SORBI_3007G181600	1098.143
SORBI_3007G181701	3435.879
SORBI_3007G181801	307
SORBI_3007G181900	1571.207
SORBI_3007G182000	1432.659
SORBI_3007G182101	502.98
SORBI_3007G182200	160
SORBI_3007G182300	3971.255
SORBI_3007G182400	831
SORBI_3007G182500	2593.835
SORBI_3007G182600	3249.874
SORBI_3007G182700	271
SORBI_3007G182801	502
SORBI_3007G182900	755
SORBI_3007G183000	679
SORBI_3007G183050	631
SORBI_3007G183100	682
SORBI_3007G183200	3917.945
SORBI_3007G183300	3315.994
SORBI_3007G183400	3688.305
SORBI_3007G183500	3658.306
SORBI_3007G183600	1879.842
SORBI_3007G183700	1355.894
SORBI_3007G183800	2756.76
SORBI_3007G183900	2865.57321120171
SORBI_3007G184001	932.855
SORBI_3007G184100	547
SORBI_3007G184200	1019.953
SORBI_3007G184300	2163.727
SORBI_3007G184400	912.977
SORBI_3007G184500	2722.511
SORBI_3007G184600	159
SORBI_3007G184700	4712.211
SORBI_3007G184800	996.596
SORBI_3007G185000	2240.149
SORBI_3007G185100	808.341
SORBI_3007G185200	1571.428
SORBI_3007G185300	2947.87
ENSRNA049441130	25
SORBI_3007G185400	280
SORBI_3007G185600	1092.266
SORBI_3007G185700	2255.90762119852
SORBI_3007G185801	1203
SORBI_3007G185900	2326.091
SORBI_3007G186000	1207.66100963045
SORBI_3007G186100	1184.23033299899
SORBI_3007G186200	1692.459
SORBI_3007G186300	1313.93
SORBI_3007G186400	4243.436
SORBI_3007G186500	4407.892
SORBI_3007G186600	4383.307
SORBI_3007G186700	3677.5
SORBI_3007G186800	2347.634
SORBI_3007G186900	2904.857
SORBI_3007G187000	1309
SORBI_3007G187100	1747
SORBI_3007G187200	1517.718
SORBI_3007G187300	926
SORBI_3007G187400	1817.258
SORBI_3007G187500	276
SORBI_3007G187600	1652.768
SORBI_3007G187700	3064.081
SORBI_3007G187800	3400.857
ENSRNA049441121	33
SORBI_3007G187900	3070.257
SORBI_3007G188001	6902.253
SORBI_3007G188100	2219.766
SORBI_3007G188200	1252.761
SORBI_3007G188300	2290.02
SORBI_3007G188400	622
SORBI_3007G188500	1597.133
SORBI_3007G188600	1957.12
SORBI_3007G188701	205.826
SORBI_3007G188800	2876.835
SORBI_3007G188900	1246.44887325417
SORBI_3007G189000	2239.948
SORBI_3007G189100	2872.855
SORBI_3007G189200	4007.482
SORBI_3007G189300	1440
SORBI_3007G189400	1353
SORBI_3007G189500	758.636
SORBI_3007G189600	2897.564
ENSRNA049481746	14
ENSRNA049481758	6
ENSRNA049995843	2
ENSRNA049995830	18
SORBI_3007G189700	1217
ENSRNA049995837	5
ENSRNA049481768	96
SORBI_3007G189800	1660.658
SORBI_3007G189900	1106
SORBI_3007G190000	2572.55583474008
SORBI_3007G190100	1583.32902337138
SORBI_3007G190200	2622.73
SORBI_3007G190333	1623.141
SORBI_3007G190466	372
SORBI_3007G190600	1002
SORBI_3007G190700	5858.167
SORBI_3007G190800	2179.124
SORBI_3007G191100	14332.149
SORBI_3007G190901	2971
SORBI_3007G191000	577
SORBI_3007G191150	599
SORBI_3007G191200	2315.98
SORBI_3007G191300	700.028
SORBI_3007G191400	1322
SORBI_3007G191500	457.5
SORBI_3007G191600	1257.603
SORBI_3007G191700	2452.189
SORBI_3007G191800	2870.527
SORBI_3007G191900	1964.793
SORBI_3007G192000	1472.5
SORBI_3007G192100	1607.209
SORBI_3007G192200	1074.451
SORBI_3007G192300	1174.291
SORBI_3007G192400	2075.225
SORBI_3007G192500	1794.594
SORBI_3007G192600	2958.98085838962
SORBI_3007G192700	546.532
SORBI_3007G192800	1663.399
SORBI_3007G192900	1010.465
SORBI_3007G193000	2625
SORBI_3007G193200	1423.999
SORBI_3007G193300	1270
SORBI_3007G193400	457
SORBI_3007G193500	1642.739
SORBI_3007G193600	634
SORBI_3007G193700	1126.57312963082
SORBI_3007G193800	1608.536
SORBI_3007G193900	3408.673
SORBI_3007G194000	1860.738
SORBI_3007G194100	3159.834
SORBI_3007G194200	773.26
SORBI_3007G194300	1525.61
SORBI_3007G194400	1522.958
SORBI_3007G194500	310.022
SORBI_3007G194600	1267
SORBI_3007G194700	1717.70365189804
SORBI_3007G194800	2518.10458625675
SORBI_3007G194900	718.444
SORBI_3007G195000	1258
SORBI_3007G195100	852.209
SORBI_3007G195201	783
SORBI_3007G195300	1247.352
SORBI_3007G195400	1091.45646358379
SORBI_3007G195500	1207
SORBI_3007G195600	1912.195
SORBI_3007G195701	671.236
SORBI_3007G195800	1139.533
SORBI_3007G195900	1736
SORBI_3007G196000	2133.39845040697
SORBI_3007G196100	2429
SORBI_3007G196201	1719.584
SORBI_3007G196300	2469.848
SORBI_3007G196400	3344.718
SORBI_3007G196500	835.15
SORBI_3007G196600	1239.837
SORBI_3007G196700	995.675
SORBI_3007G196800	2596.621
SORBI_3007G196900	1743.78496617948
SORBI_3007G197000	2045
SORBI_3007G197100	3162.696
SORBI_3007G197200	1726.31613367368
SORBI_3007G197300	3683.13188096522
SORBI_3007G197400	757.919
SORBI_3007G197450	509.736
SORBI_3007G197500	1168
SORBI_3007G197600	1148.695
SORBI_3007G197700	2240.544
SORBI_3007G197800	791.722
SORBI_3007G197900	872.457
SORBI_3007G198000	1278.798
SORBI_3007G198100	1188.425
SORBI_3007G198200	362
SORBI_3007G198300	3232.15120650938
SORBI_3007G198400	808
SORBI_3007G198500	895.342
SORBI_3007G198600	1622.426
SORBI_3007G198700	909.038
SORBI_3007G198800	1588.712
SORBI_3007G198900	1348
SORBI_3007G199000	790
SORBI_3007G199101	1056
SORBI_3007G199200	932.062
SORBI_3007G199300	1908
SORBI_3007G199500	1712
SORBI_3007G199550	367
SORBI_3007G199600	1395
SORBI_3007G199700	739
SORBI_3007G199800	1695.25
SORBI_3007G199901	62
SORBI_3007G200000	1182.614
SORBI_3007G200100	1943.733
SORBI_3007G200200	2681.68385252377
SORBI_3007G200300	2339.098
SORBI_3007G200400	1022
SORBI_3007G200500	3907.524
SORBI_3007G200600	2109.685
SORBI_3007G200700	1260.159
SORBI_3007G200900	1621.446
SORBI_3007G201000	1049.947
SORBI_3007G201100	915.800496405924
SORBI_3007G201200	489.877
SORBI_3007G201300	96
SORBI_3007G201400	3073.501
SORBI_3007G201450	602
SORBI_3007G201500	2792.78
SORBI_3007G201600	617.387
SORBI_3007G201650	2902.338
SORBI_3007G201700	2392.337
SORBI_3007G201800	1295.80530634173
SORBI_3007G201900	2098.735
SORBI_3007G202000	4568.451
SORBI_3007G202100	3583.5
SORBI_3007G202300	4106.382
SORBI_3007G202360	1899
SORBI_3007G202420	697
SORBI_3007G202480	3282
SORBI_3007G202600	3755.38601884802
SORBI_3007G202540	452
SORBI_3007G202700	1176.405
SORBI_3007G202800	1451.893
SORBI_3007G202900	3931.22760841346
SORBI_3007G203000	1374.73
SORBI_3007G203100	662.003
SORBI_3007G203200	1750.024
SORBI_3007G203300	2261.681
SORBI_3007G203400	2378.938
SORBI_3007G203500	3920.681
SORBI_3007G203600	2756.015
SORBI_3007G203700	4173.533
SORBI_3007G203800	500
SORBI_3007G203850	269
SORBI_3007G203900	3217.865
SORBI_3007G204000	3919.814
SORBI_3007G204100	564.644
SORBI_3007G204200	890
SORBI_3007G204300	1045
SORBI_3007G204350	614
SORBI_3007G204400	203.012
SORBI_3007G204500	1628.55713332321
SORBI_3007G204600	2694.071
SORBI_3007G204700	1519.16
SORBI_3007G204800	2314
SORBI_3007G204900	1609.5
SORBI_3007G205000	1492.10482707118
SORBI_3007G205100	574
ENSRNA049441053	26
SORBI_3007G205200	725
SORBI_3007G205300	860
SORBI_3007G205400	304
SORBI_3007G205500	662.806519200862
ENSRNA049441065	26
SORBI_3007G205600	1405.782
SORBI_3007G205700	643.819
SORBI_3007G205800	1508.20931483998
SORBI_3007G205900	2389.607
SORBI_3007G206000	2024.993
SORBI_3007G206100	1301.077
SORBI_3007G206200	1794.52242568135
SORBI_3007G206250	310
SORBI_3007G206300	1124.489
SORBI_3007G206400	678
SORBI_3007G206500	1433.178
SORBI_3007G206600	2554.477
SORBI_3007G206550	319
SORBI_3007G206700	1700.389
SORBI_3007G206800	2328.923
SORBI_3007G206900	4023.708
SORBI_3007G207000	3898.76253720579
SORBI_3007G207100	266
SORBI_3007G207200	3416.598
SORBI_3007G207300	160
SORBI_3007G207400	1071.345
SORBI_3007G207500	841.683
SORBI_3007G207600	1816.805
SORBI_3007G207700	1485.197
SORBI_3007G207800	848.442421430009
SORBI_3007G207900	2147.402
SORBI_3007G208000	1403.625
SORBI_3007G208100	1783
SORBI_3007G208200	1126.836
SORBI_3007G208300	1445.363
SORBI_3007G208400	1571.803
SORBI_3007G208500	794.636
SORBI_3007G208600	1962.72
SORBI_3007G208700	1927
SORBI_3007G208800	1880
SORBI_3007G208900	3176.201
SORBI_3007G209000	888
SORBI_3007G209100	1384.349
SORBI_3007G209200	1427
SORBI_3007G209300	1090.974
SORBI_3007G209400	2139.846
SORBI_3007G209500	1189.857
ENSRNA049441098	26
SORBI_3007G209600	1351.853
SORBI_3007G209700	1146
SORBI_3007G209800	928.767
SORBI_3007G209900	2664
SORBI_3007G210000	2197.473
SORBI_3007G210100	4510.719
SORBI_3007G210200	1427.538
SORBI_3007G210300	1915.06
SORBI_3007G210400	2270.124
SORBI_3007G210500	5686.65453506272
SORBI_3007G210600	4184.955
SORBI_3007G210700	2095.45441621944
SORBI_3007G210801	1080.06597610436
SORBI_3007G210900	1872.47725676267
SORBI_3007G211000	1717.5516457989
SORBI_3007G211100	499.755787771488
SORBI_3007G211200	1254.65
SORBI_3007G211300	1610.37020054923
SORBI_3007G211400	2351
SORBI_3007G211500	402.794
SORBI_3007G211600	4077.717
SORBI_3007G211700	474.207
SORBI_3007G211800	1748.266
SORBI_3007G211900	1826
SORBI_3007G212000	4044
SORBI_3007G212100	1142.131
SORBI_3007G212200	1626.19472343291
SORBI_3007G212250	573
SORBI_3007G212300	2588.88
SORBI_3007G212400	898.795
SORBI_3007G212500	1465.70723684064
SORBI_3007G212600	1577.627
SORBI_3007G212700	158
SORBI_3007G212800	423.211
SORBI_3007G212900	1882
SORBI_3007G213000	2509.1
SORBI_3007G213100	1218.294
SORBI_3007G213200	2006
SORBI_3007G213300	2666.89524757361
SORBI_3007G213400	621.072354117583
SORBI_3007G213500	1826.8
SORBI_3007G213600	1258.32286277676
SORBI_3007G213700	4167.314
SORBI_3007G213800	598.026
SORBI_3007G213925	962.626587710929
SORBI_3007G214050	352
SORBI_3007G214175	826
SORBI_3007G214300	2915.004
SORBI_3007G214400	447.426
SORBI_3007G214500	2389.953
SORBI_3007G214600	1334.359
SORBI_3007G214700	2016.899
SORBI_3007G214800	1463.08100066769
SORBI_3007G214900	3945.4
SORBI_3007G215100	658.194
SORBI_3007G215200	3511.431
SORBI_3007G215300	261.697
SORBI_3007G215400	1112.783
SORBI_3007G215500	2305.066
SORBI_3007G215600	3040.406
SORBI_3007G215700	6631.762
SORBI_3007G215800	1429
SORBI_3007G215900	2917.909
SORBI_3007G216001	1267.353
SORBI_3007G216100	2721.146
SORBI_3007G216201	985
SORBI_3007G216300	1706.5
SORBI_3007G216401	1244.793
SORBI_3007G216500	3429.483
SORBI_3007G216550	1651
SORBI_3007G216600	2358.354
SORBI_3007G216700	2037.932
SORBI_3007G216800	2314.31
SORBI_3007G216900	1401.091
SORBI_3007G217000	2441.98836424499
SORBI_3007G217100	1834.58898059237
SORBI_3007G217200	274
SORBI_3007G217300	1182.549
SORBI_3007G217350	594.795
SORBI_3007G217400	1162.923
SORBI_3007G217500	1909.698
SORBI_3007G217600	2704.392
SORBI_3007G217700	2656.4400208883
SORBI_3007G217800	1327.5
SORBI_3007G217900	1420
SORBI_3007G218000	2626.801
SORBI_3007G218100	3526.078
SORBI_3007G218200	538.315775301088
SORBI_3007G218300	965.907
SORBI_3007G218400	607
ENSRNA049481743	61
SORBI_3007G218450	119
SORBI_3007G218500	995
SORBI_3007G218550	1053
SORBI_3007G218600	1752.88935441047
SORBI_3007G218700	3582.681
SORBI_3007G218800	1707.32
SORBI_3007G218900	1963.735
SORBI_3007G219000	3151.986
SORBI_3007G219100	2964.828
SORBI_3007G219200	2588.192
SORBI_3007G219300	757
SORBI_3007G219400	1460
SORBI_3007G219500	935.07
SORBI_3007G219601	424
SORBI_3007G219700	398
SORBI_3007G219800	1428.342
SORBI_3007G219900	2677.15
ENSRNA049481744	47
ENSRNA049441085	27
SORBI_3007G220000	2220.969
SORBI_3007G220033	778
SORBI_3007G220066	856
SORBI_3007G220100	2048.407
ENSRNA049995823	6
SORBI_3007G220150	2905
SORBI_3007G220200	1298.678
SORBI_3007G220300	2366.67483292756
SORBI_3007G220400	4315
SORBI_3007G220500	412
SORBI_3007G220700	1982.811
SORBI_3007G220900	460.673971173432
SORBI_3007G221000	588.492
SORBI_3007G221100	4145.38391842535
SORBI_3007G221201	912.522
SORBI_3007G221300	847
SORBI_3007G221400	3121.266
SORBI_3007G221500	341.333333333333
SORBI_3007G221600	3256.97
SORBI_3007G221700	4175.324
SORBI_3007G221800	546.106
SORBI_3007G221866	804
SORBI_3007G221932	575
SORBI_3007G222000	3531
SORBI_3007G222100	527
SORBI_3007G222200	645
SORBI_3007G222400	541
SORBI_3007G222500	2920
SORBI_3007G222600	876.767
SORBI_3007G222700	894
SORBI_3007G222800	3494.03
SORBI_3007G222900	2866.369
SORBI_3007G223000	2288.941
SORBI_3007G223100	2356.767
SORBI_3007G223150	1614.109
SORBI_3007G223200	1610.641
SORBI_3007G223250	513
SORBI_3007G223300	1444.38
SORBI_3007G223400	646
SORBI_3007G223500	798.376408309062
SORBI_3007G223600	1325.258
SORBI_3007G223701	1109.33333333333
SORBI_3007G223801	331
SORBI_3007G223900	289.947
SORBI_3007G224000	1617.179
SORBI_3007G224100	2383.365
SORBI_3007G224200	1430.28409148543
SORBI_3007G224300	316.495
SORBI_3007G224400	278.994
SORBI_3007G224500	1387.983
SORBI_3007G224600	1371
SORBI_3007G224700	1156
SORBI_3007G224800	1382
SORBI_3007G224900	1142.40605594629
SORBI_3007G225000	3769.613
SORBI_3007G225050	319
SORBI_3007G225100	4327.677
SORBI_3007G225200	1106.3735314852
SORBI_3007G225300	870.751624135319
SORBI_3007G225400	1604
SORBI_3007G225500	823.479
SORBI_3007G225600	742.868
SORBI_3007G225700	1429.432
SORBI_3007G225800	2802.832
SORBI_3007G225900	2376.676
SORBI_3007G226000	1508.70379140687
SORBI_3007G226100	1041.935
SORBI_3007G226200	3399.385
SORBI_3007G226300	1584.058
SORBI_3007G226400	1700.95
SORBI_3007G226500	1271.609
SORBI_3007G226600	6528.479
SORBI_3007G226700	2312.9
SORBI_3007G226800	1848.75
SORBI_3007G226900	243
SORBI_3007G227000	1687.576
SORBI_3007G227100	3319.741
SORBI_3007G227300	1572.045
SORBI_3007G227401	1272
SORBI_3007G227500	3937.907
SORBI_3007G227600	943.28
SORBI_3007G227700	812.96
SORBI_3008G000100	1809.998
SORBI_3008G000201	655.018
SORBI_3008G000300	4379.211
SORBI_3008G000400	1121.87
SORBI_3008G000500	1573.495
SORBI_3008G000600	1516.044
SORBI_3008G000700	2699.359
SORBI_3008G000800	4325.35819944409
SORBI_3008G000900	1215.345
SORBI_3008G001000	4120.589
SORBI_3008G001100	970.614
SORBI_3008G001200	4295.517
SORBI_3008G001300	2848.02731814264
SORBI_3008G001400	1484.827
SORBI_3008G001500	1368.065
SORBI_3008G001600	1285
SORBI_3008G001700	1710
SORBI_3008G001800	1907.434
SORBI_3008G001900	3014.972
SORBI_3008G002000	2240.62419256572
SORBI_3008G002100	295
SORBI_3008G002201	1076.5
SORBI_3008G002300	2714.59079609822
SORBI_3008G002400	4676.274
SORBI_3008G002500	4036.34339575499
SORBI_3008G002600	1603
SORBI_3008G002700	945.02
SORBI_3008G002800	1298
SORBI_3008G002950	1513
SORBI_3008G003100	1269.534
SORBI_3008G003200	2216.509
SORBI_3008G003300	512.967163029986
SORBI_3008G003400	787.915
SORBI_3008G003600	1734.122
SORBI_3008G003700	4803.588
SORBI_3008G003800	2265.912
SORBI_3008G003900	677.713771932107
SORBI_3008G004000	908.361
ENSRNA049437330	27
SORBI_3008G004100	1744.471
SORBI_3008G004200	2755
SORBI_3008G004300	1911.35606549763
SORBI_3008G004400	3987.991
SORBI_3008G004500	947
ENSRNA049437353	25
SORBI_3008G004600	3013.21285821529
SORBI_3008G004700	675.238
SORBI_3008G004800	1132.612
SORBI_3008G004900	1218.413
SORBI_3008G005000	399.234
SORBI_3008G005100	1680.181
SORBI_3008G005200	1171
SORBI_3008G005300	729.112
SORBI_3008G005400	1619.231
SORBI_3008G005700	445
SORBI_3008G005600	1015
SORBI_3008G005800	6291.748
SORBI_3008G005900	2317
SORBI_3008G006000	1023.22
SORBI_3008G006100	1922.166
SORBI_3008G006200	200.061
SORBI_3008G006300	697.158
SORBI_3008G006350	556
SORBI_3008G006400	673
SORBI_3008G006500	2947
SORBI_3008G006601	589
SORBI_3008G006700	1925.64
SORBI_3008G006800	2584
SORBI_3008G006900	811
SORBI_3008G007000	2203.923
SORBI_3008G007100	312.17
SORBI_3008G007200	1825.134
SORBI_3008G007300	398.378
SORBI_3008G007400	4850.943
SORBI_3008G007500	1069
SORBI_3008G007600	157
SORBI_3008G007700	2304.878
SORBI_3008G007800	671.125
SORBI_3008G007900	1946
SORBI_3008G008000	883
SORBI_3008G008100	3877
SORBI_3008G008200	1593
SORBI_3008G008300	268.349
SORBI_3008G008400	1783.687
SORBI_3008G008500	1514
SORBI_3008G008601	2602
SORBI_3008G008701	508
SORBI_3008G008801	796.63
SORBI_3008G008900	1313.563
SORBI_3008G009000	2081.754
SORBI_3008G009100	2351
SORBI_3008G009200	1834.412
SORBI_3008G009300	3398.09
SORBI_3008G009400	742
SORBI_3008G009450	914.595
SORBI_3008G009500	3824.538
SORBI_3008G009600	1069.40154260881
SORBI_3008G009700	5849.129
SORBI_3008G009800	907.763
SORBI_3008G009900	1735.59086089792
SORBI_3008G010000	748.712865341641
SORBI_3008G010100	2163.967
ENSRNA049438123	25
SORBI_3008G010200	906.771
SORBI_3008G010300	1851.907
SORBI_3008G010400	8558.33281446498
SORBI_3008G010500	1175.38
ENSRNA049438114	27
SORBI_3008G010600	1089.118
SORBI_3008G010700	3507.32607309653
SORBI_3008G010750	500.464
ENSRNA049437392	34
SORBI_3008G010800	2785.006
SORBI_3008G010900	1416.568
SORBI_3008G011000	2273.443
SORBI_3008G011100	2936.37987928365
SORBI_3008G011200	2407
SORBI_3008G011300	722.804
SORBI_3008G011400	1088
SORBI_3008G011500	266
SORBI_3008G011550	332
SORBI_3008G011600	2697.509
SORBI_3008G011700	1608.79
SORBI_3008G011800	1978.364
SORBI_3008G011901	1530
SORBI_3008G012000	236
SORBI_3008G012100	2745.828
SORBI_3008G012150	1006.55
SORBI_3008G012200	739
SORBI_3008G012300	1667.135
SORBI_3008G012400	2600.225
SORBI_3008G012500	491
SORBI_3008G012600	3128
SORBI_3008G012700	1796.413
SORBI_3008G012800	2093
SORBI_3008G012900	807.684
SORBI_3008G013000	2017.392
SORBI_3008G013100	1543.069
SORBI_3008G013200	1750.217
SORBI_3008G013300	5713.492
SORBI_3008G013400	1152
SORBI_3008G013500	985
SORBI_3008G013600	741.096
ENSRNA049482484	35
SORBI_3008G013700	45
ENSRNA049482483	24
SORBI_3008G013800	2647.421
SORBI_3008G013900	1329
SORBI_3008G014000	1382
SORBI_3008G014100	3842.944
SORBI_3008G014200	1447
SORBI_3008G014300	713.626
SORBI_3008G014400	3262.828
SORBI_3008G014500	1710.45497301073
SORBI_3008G014601	814
SORBI_3008G014700	1572.408
SORBI_3008G014801	2217.817
SORBI_3008G014900	972
SORBI_3008G015000	1483
SORBI_3008G015100	2220.987
SORBI_3008G015200	5275.29072377977
SORBI_3008G015300	1880.89880791178
SORBI_3008G015400	1329.621
SORBI_3008G015500	1532.506
SORBI_3008G015600	2298
SORBI_3008G015700	1381
SORBI_3008G015800	1271.72722492545
SORBI_3008G015900	1921.705
SORBI_3008G016000	1668
SORBI_3008G016100	1562.692
SORBI_3008G016200	923.153
SORBI_3008G016250	4941.385
ENSRNA049995817	4
SORBI_3008G016300	2198.902
SORBI_3008G016400	111
SORBI_3008G016500	2380
SORBI_3008G016600	870.334
SORBI_3008G016700	607.612
SORBI_3008G016800	2106.485
SORBI_3008G016850	3979
SORBI_3008G016900	2519.186
SORBI_3008G017000	439
SORBI_3008G017100	3422.192
SORBI_3008G017200	1879.102
SORBI_3008G017300	2310.89
SORBI_3008G017400	160
SORBI_3008G017500	2298
SORBI_3008G017600	1466.017
SORBI_3008G017700	979
SORBI_3008G017800	2872.415
SORBI_3008G017850	2125
SORBI_3008G017900	4357.799
SORBI_3008G018000	348.815
SORBI_3008G018100	4060
ENSRNA049438104	27
SORBI_3008G018200	2746.646
SORBI_3008G018300	385.59667960078
SORBI_3008G018400	1091.91
SORBI_3008G018500	1218.11872215018
SORBI_3008G018600	974.099
SORBI_3008G018700	3234
SORBI_3008G018800	1111.04016601311
SORBI_3008G018900	2377.246
SORBI_3008G019000	3003
SORBI_3008G019100	447.607
SORBI_3008G019200	1702
ENSRNA049995811	6
SORBI_3008G019300	2544.49923866346
ENSRNA049438097	35
SORBI_3008G019350	313
SORBI_3008G019400	1833.343
SORBI_3008G019466	658.587963551568
SORBI_3008G019532	761.766
SORBI_3008G019600	4249.719
SORBI_3008G019700	161
SORBI_3008G019800	1123
SORBI_3008G019900	777
SORBI_3008G020000	954
SORBI_3008G020100	838.732
SORBI_3008G020200	2822.479
SORBI_3008G020300	799
SORBI_3008G020350	81
SORBI_3008G020400	522
SORBI_3008G020500	1669
SORBI_3008G020600	799
SORBI_3008G020700	753.803
SORBI_3008G020800	4479.154
SORBI_3008G020900	1542.213
SORBI_3008G021000	1608.172
ENSRNA049482525	3
SORBI_3008G021100	480.181
SORBI_3008G021200	1550.289
SORBI_3008G021300	1128.465
SORBI_3008G021400	5827.517
SORBI_3008G021500	370
SORBI_3008G021601	239
SORBI_3008G021700	1944.501
SORBI_3008G021800	2426.992
SORBI_3008G021900	1400.43601193728
SORBI_3008G022000	1005
SORBI_3008G022100	1697
SORBI_3008G022200	2783.177
SORBI_3008G022300	2361.97845029534
SORBI_3008G022400	2142.431
SORBI_3008G022500	2282.557
SORBI_3008G022600	813.121
SORBI_3008G022701	1046.997
SORBI_3008G022800	673
SORBI_3008G023000	925
SORBI_3008G023100	870
SORBI_3008G023200	1009
SORBI_3008G023300	6519.918
SORBI_3008G023401	1250.823
SORBI_3008G023500	397
SORBI_3008G023600	2319.38335350204
SORBI_3008G023801	868
SORBI_3008G024000	1293.818
SORBI_3008G024100	2867
SORBI_3008G024200	2579
SORBI_3008G024300	2011.615
SORBI_3008G024400	1618.181
SORBI_3008G024500	602.727
SORBI_3008G024550	1589
SORBI_3008G024600	1785.357
SORBI_3008G024700	1961
SORBI_3008G024800	418.466
SORBI_3008G024900	263.605
SORBI_3008G025000	346
SORBI_3008G025100	361.338
SORBI_3008G025200	4697.803
SORBI_3008G025300	1464
SORBI_3008G025400	1333
SORBI_3008G025500	1531.824
SORBI_3008G025550	1618
SORBI_3008G025600	1264.345
SORBI_3008G025700	2326.475
SORBI_3008G025800	1109
SORBI_3008G025900	1571.924
SORBI_3008G026000	197.666
SORBI_3008G026100	788.968
SORBI_3008G026200	4160.19
SORBI_3008G026300	256
SORBI_3008G026400	942.987
SORBI_3008G026500	1062
SORBI_3008G026600	3069.47152405392
SORBI_3008G026700	1645.73709441193
SORBI_3008G026800	1117.186
SORBI_3008G026900	1909.477
SORBI_3008G027000	3818.305
SORBI_3008G027300	870.849
SORBI_3008G027200	4921.434
SORBI_3008G027400	4835.621
SORBI_3008G027500	391.048
SORBI_3008G027600	1287.229
SORBI_3008G027700	592.537
SORBI_3008G027800	207
SORBI_3008G027900	649
SORBI_3008G028000	644
SORBI_3008G028100	289.906
SORBI_3008G028200	207
SORBI_3008G028300	524
SORBI_3008G028400	3036.299
SORBI_3008G028500	515.754
SORBI_3008G028533	249
SORBI_3008G028566	851
SORBI_3008G028600	2042.97
SORBI_3008G028700	8907.91
SORBI_3008G028800	547
SORBI_3008G028850	903
SORBI_3008G028900	933
SORBI_3008G029000	1314.308
SORBI_3008G029200	1571
SORBI_3008G029300	1736.39625038964
SORBI_3008G029400	1907.162
SORBI_3008G029500	2646.963
SORBI_3008G029700	676
SORBI_3008G029600	662.557
SORBI_3008G029800	2685.604
SORBI_3008G029850	680.692
SORBI_3008G029900	5430.126
SORBI_3008G030000	746.353
SORBI_3008G030100	1345.03774099988
ENSRNA049482476	87
SORBI_3008G030200	1452
SORBI_3008G030300	590
SORBI_3008G030400	1963
SORBI_3008G030501	797.32
SORBI_3008G030600	9941.824
SORBI_3008G030700	695
SORBI_3008G030801	358
SORBI_3008G030900	1414.572
SORBI_3008G031000	1198.78
SORBI_3008G031200	1426.10636462541
SORBI_3008G031300	4110.376
SORBI_3008G031350	2560
SORBI_3008G031400	2172
SORBI_3008G031600	1787
SORBI_3008G031700	334
SORBI_3008G031800	307
SORBI_3008G031900	424
SORBI_3008G032000	2654.606
SORBI_3008G032100	991.627
SORBI_3008G032200	2229.3754081097
SORBI_3008G032300	5577.271
SORBI_3008G032400	577.829
SORBI_3008G032500	2370.5
SORBI_3008G032600	1346.005
SORBI_3008G032701	1101
SORBI_3008G032800	1869.103
SORBI_3008G032850	4755
SORBI_3008G032900	2802.825
SORBI_3008G033000	2210.288
SORBI_3008G033100	3193
SORBI_3008G033200	1099.64777656435
SORBI_3008G033250	249
SORBI_3008G033300	1500.882
SORBI_3008G033350	587
SORBI_3008G033400	1763.86
SORBI_3008G033500	1857.157
SORBI_3008G033600	1566.66916673277
SORBI_3008G033700	4452.672
SORBI_3008G033750	9950.929
SORBI_3008G033800	5215.5
SORBI_3008G033900	5227.90973092055
SORBI_3008G034000	1244.509
SORBI_3008G034200	1505
SORBI_3008G034300	2426.468
SORBI_3008G034400	1411.229
SORBI_3008G034500	1507.265
SORBI_3008G034600	1376.4270892824
SORBI_3008G034700	1039.812
SORBI_3008G034800	508
SORBI_3008G034900	1405
SORBI_3008G035000	1009
SORBI_3008G035300	2538.165
SORBI_3008G035400	1004
SORBI_3008G035501	4659.494
ENSRNA049438058	26
SORBI_3008G035600	1782.654
SORBI_3008G035633	525.974
SORBI_3008G035666	399
SORBI_3008G035700	867.635
SORBI_3008G035800	1450
SORBI_3008G035900	1553.464
SORBI_3008G036000	1270.346
SORBI_3008G036100	1615
SORBI_3008G036200	907
SORBI_3008G036300	2343.347
SORBI_3008G036350	119
SORBI_3008G036400	1578.683
SORBI_3008G036500	64
SORBI_3008G036600	1633
SORBI_3008G036800	1469.274
SORBI_3008G036900	1191.052
SORBI_3008G037000	2588.97717399844
SORBI_3008G037100	746
SORBI_3008G037200	828
SORBI_3008G037300	773.083
SORBI_3008G037400	2187.591
SORBI_3008G037500	1112.46
SORBI_3008G037600	1059.667
SORBI_3008G037700	1722.333
SORBI_3008G037800	3309.152
SORBI_3008G037900	7020.787
SORBI_3008G038000	784.826
SORBI_3008G038100	3230.715
SORBI_3008G038200	4039.805
SORBI_3008G038300	573.628
SORBI_3008G038400	983.972
SORBI_3008G038500	1238.41223889472
SORBI_3008G038600	2156.75
SORBI_3008G038700	1203
SORBI_3008G038801	4321.189
SORBI_3008G038900	1096
SORBI_3008G039000	539.828
SORBI_3008G039100	2055.853
SORBI_3008G039200	827
SORBI_3008G039300	1858.086
SORBI_3008G039401	497.112840435913
ENSRNA049482514	1
SORBI_3008G039501	1955
SORBI_3008G039600	1744.525
SORBI_3008G039700	1326.842
SORBI_3008G039750	788.303
SORBI_3008G039800	2270.358
SORBI_3008G039900	3598.754
SORBI_3008G040000	5268.726
SORBI_3008G040100	2537.70598058765
SORBI_3008G040201	1221.599
SORBI_3008G040300	956.118
ENSRNA049437422	27
SORBI_3008G040400	2797.78
SORBI_3008G040501	553
SORBI_3008G040600	584.5
SORBI_3008G040700	1343.33593285356
SORBI_3008G040800	1369.313
SORBI_3008G040900	2269.963
SORBI_3008G041000	12951.208
SORBI_3008G041100	1418
SORBI_3008G041300	1648.903
SORBI_3008G041400	1901.016
SORBI_3008G041450	1202.902
SORBI_3008G041500	3850.746
SORBI_3008G041600	4414.361
SORBI_3008G041700	1105.185
SORBI_3008G041800	1421.663
SORBI_3008G041900	1602
SORBI_3008G042000	1023.116
SORBI_3008G042100	1372
SORBI_3008G042200	1477
SORBI_3008G042250	679.5
SORBI_3008G042300	946.849
SORBI_3008G042400	178
SORBI_3008G042500	161
SORBI_3008G042600	2111.08
SORBI_3008G042700	1345.97229494448
SORBI_3008G042800	2023.07
SORBI_3008G042900	1209.058
SORBI_3008G043000	1234
SORBI_3008G043100	862
SORBI_3008G043200	391
SORBI_3008G043300	396
SORBI_3008G043400	352
SORBI_3008G043450	1300.751
SORBI_3008G043500	528.253
SORBI_3008G043600	1811.36176919847
SORBI_3008G043700	1039
SORBI_3008G043800	598
SORBI_3008G043900	778
SORBI_3008G044000	3386.816
SORBI_3008G044100	4162.485
SORBI_3008G044200	1708.5
SORBI_3008G044300	506.792
SORBI_3008G044400	2568.948
SORBI_3008G044450	3869
SORBI_3008G044500	2713.5
SORBI_3008G044600	7335.234
SORBI_3008G044750	164
SORBI_3008G044900	8433.116
SORBI_3008G045000	3339.388
SORBI_3008G045100	336
SORBI_3008G045166	152
SORBI_3008G045232	436
SORBI_3008G045300	5580
SORBI_3008G045450	1818.956
SORBI_3008G045600	754
SORBI_3008G045650	1334
SORBI_3008G045700	22244.67
SORBI_3008G045800	3068.573
SORBI_3008G045900	535
SORBI_3008G046000	1677.52455035624
SORBI_3008G046100	1008.453
SORBI_3008G046200	1507.068
SORBI_3008G046300	1975.5
SORBI_3008G046400	779
SORBI_3008G046500	1327.58
SORBI_3008G046600	902.512
SORBI_3008G046700	4197.001
SORBI_3008G046800	3045.19288190638
SORBI_3008G046900	527.74
SORBI_3008G047000	2131.89493752779
SORBI_3008G047100	1699.613
SORBI_3008G047150	396.72
SORBI_3008G047200	564.703
SORBI_3008G047300	4849.402
SORBI_3008G047400	3088.59755516405
SORBI_3008G047500	3985.26830507544
SORBI_3008G047600	217.41
SORBI_3008G047700	2792.15396222919
SORBI_3008G047800	2840.94313119333
SORBI_3008G047900	1433.06
SORBI_3008G048000	466
SORBI_3008G048100	997.92
SORBI_3008G048200	2293
SORBI_3008G048300	1069.687
SORBI_3008G048400	1612.194
SORBI_3008G048501	907
SORBI_3008G048600	396
SORBI_3008G048800	762
SORBI_3008G048900	904.708
SORBI_3008G048933	160
SORBI_3008G048966	6387.314
SORBI_3008G049000	779
ENSRNA049995805	6
SORBI_3008G049100	2987.708
ENSRNA049438015	27
ENSRNA049438010	27
SORBI_3008G049200	518.929418027801
SORBI_3008G049250	495.692
SORBI_3008G049300	1518.705
SORBI_3008G049701	6850
SORBI_3008G050100	2875.452
SORBI_3008G050200	1554.822
SORBI_3008G050300	10893
SORBI_3008G050400	3971.14810312779
SORBI_3008G050500	1054
SORBI_3008G050600	2528.946
SORBI_3008G050700	798.101787786187
SORBI_3008G050800	1524.679
SORBI_3008G050900	1147
SORBI_3008G051000	1327.727
SORBI_3008G051100	912.505
SORBI_3008G051200	1665.581
SORBI_3008G051300	3288.62
SORBI_3008G051400	1922.47087906866
SORBI_3008G051500	1030
SORBI_3008G051600	769
SORBI_3008G051700	1483
SORBI_3008G051800	927.4
SORBI_3008G051900	807.826
SORBI_3008G052000	2701.394
SORBI_3008G052200	3582.938
SORBI_3008G052300	5122.096471308
SORBI_3008G052400	1060
SORBI_3008G052450	1085.357
SORBI_3008G052500	3070
SORBI_3008G052600	3144.156
SORBI_3008G052700	535
SORBI_3008G052800	901.705
SORBI_3008G052900	1866.436
SORBI_3008G053000	4106.29
SORBI_3008G053101	465
SORBI_3008G053200	1929.32
SORBI_3008G053300	2378.921
SORBI_3008G053500	1182.604
SORBI_3008G053600	1244.975
SORBI_3008G053700	1155
SORBI_3008G053750	879
SORBI_3008G053800	2379
SORBI_3008G053900	1790.076
SORBI_3008G054000	1824.784
SORBI_3008G054100	2103.926
SORBI_3008G054150	8
SORBI_3008G054200	982.5
SORBI_3008G054400	546
SORBI_3008G054450	1780
SORBI_3008G054500	2450.992
SORBI_3008G054600	2956.28
SORBI_3008G054700	1928.883
SORBI_3008G054800	64.859
SORBI_3008G054900	805
SORBI_3008G055000	825.278
SORBI_3008G055100	611.021
SORBI_3008G055200	1537
SORBI_3008G055300	1222.2992249261
SORBI_3008G055366	101
SORBI_3008G055432	2468
SORBI_3008G055500	2066.612
SORBI_3008G055600	2006
SORBI_3008G055650	505
SORBI_3008G055700	565.535
SORBI_3008G055800	1238.645
SORBI_3008G055900	1865.72
SORBI_3008G056000	1118
SORBI_3008G056100	348.201
SORBI_3008G056200	1622.73008155444
SORBI_3008G056350	379.691
SORBI_3008G056500	1773.262
SORBI_3008G056600	1289
SORBI_3008G056700	2365
SORBI_3008G056800	2538
SORBI_3008G056900	1801.616
SORBI_3008G057000	2123.75834223509
SORBI_3008G057100	1681.82398280313
SORBI_3008G057200	1288
SORBI_3008G057300	9966.59
SORBI_3008G057400	2554
SORBI_3008G057500	1867.579
SORBI_3008G057600	2305.023
SORBI_3008G057700	1651
SORBI_3008G057800	4080
SORBI_3008G057900	1154.216
SORBI_3008G058000	2258.946
SORBI_3008G058100	2332.15203967542
SORBI_3008G058200	9620.058
SORBI_3008G058300	530.153
SORBI_3008G058400	15320.055
SORBI_3008G058500	1801
SORBI_3008G058600	2456.103
SORBI_3008G058700	2513.1
SORBI_3008G058800	1702.121
SORBI_3008G058900	1647.176
SORBI_3008G059000	1812.857
SORBI_3008G059100	1970.35
SORBI_3008G059200	2345.917
SORBI_3008G059300	658
SORBI_3008G059400	2699.373
SORBI_3008G059500	1562
SORBI_3008G059566	1021
SORBI_3008G059632	1309
SORBI_3008G059700	675
SORBI_3008G059800	1030
SORBI_3008G059900	1422.671
SORBI_3008G060000	3496.419
SORBI_3008G060050	275
SORBI_3008G060100	1552.307
SORBI_3008G060150	2321.869
SORBI_3008G060200	1938.518
SORBI_3008G060300	1337.668
SORBI_3008G060400	389
SORBI_3008G060500	4553.799
SORBI_3008G060700	2683.751
SORBI_3008G060800	937.25
SORBI_3008G060900	5741.091
SORBI_3008G061000	1354
SORBI_3008G061100	1258.925
SORBI_3008G061201	5717.71187209795
SORBI_3008G061300	749
SORBI_3008G061401	916
SORBI_3008G061500	982
SORBI_3008G061601	1468.573
SORBI_3008G061701	3955.907
SORBI_3008G061801	1897
SORBI_3008G061900	779
SORBI_3008G062000	1164.966
SORBI_3008G062200	1623.52600251066
SORBI_3008G062300	1071.909
SORBI_3008G062400	1199.734
SORBI_3008G062500	758.185
SORBI_3008G062601	1156.808
SORBI_3008G062700	1563.04
SORBI_3008G062800	166
SORBI_3008G062900	1778.293
SORBI_3008G063000	3223.306
SORBI_3008G063100	1227.709
SORBI_3008G063200	887.537930474603
SORBI_3008G063300	2497.93733598578
SORBI_3008G063400	1399.221
SORBI_3008G063500	982.146
SORBI_3008G063600	2320.532
SORBI_3008G063800	166
SORBI_3008G064000	406
SORBI_3008G064100	1053
SORBI_3008G064200	2445
SORBI_3008G064250	367
SORBI_3008G064300	1816.5
SORBI_3008G064400	626
SORBI_3008G064500	2318.763
SORBI_3008G064601	1720
SORBI_3008G064700	3391.505
SORBI_3008G064750	1175
SORBI_3008G064800	1134
SORBI_3008G064900	1747.218
SORBI_3008G065000	1320.563
SORBI_3008G065050	1055
SORBI_3008G065100	708
SORBI_3008G065200	3304.671
SORBI_3008G065300	1466.624
SORBI_3008G065400	1124.69
ENSRNA049482538	29
SORBI_3008G065600	1119.338
ENSRNA049482541	29
SORBI_3008G065700	1661
SORBI_3008G065800	1214.232
SORBI_3008G065866	628.5
SORBI_3008G065932	1032.032
SORBI_3008G066000	485.801
SORBI_3008G066100	1846.659
SORBI_3008G066200	2366.094
SORBI_3008G066300	1055.409
SORBI_3008G066401	2365.921
SORBI_3008G066501	506
SORBI_3008G066600	3535.664
SORBI_3008G066700	865
SORBI_3008G066800	1377.217
SORBI_3008G066900	1132.158
ENSRNA049437502	25
ENSRNA049482478	8
SORBI_3008G067000	456.443
SORBI_3008G067100	1642.02889318288
SORBI_3008G067200	857.405
SORBI_3008G067301	930.878
SORBI_3008G067400	1454
SORBI_3008G067500	2908.545
SORBI_3008G067600	3202.4589935449
SORBI_3008G067700	2819.96
SORBI_3008G067800	4119.041
SORBI_3008G067900	2265.621
SORBI_3008G068000	1819.678
SORBI_3008G068100	2087.789
SORBI_3008G068133	761
SORBI_3008G068166	1399.985
SORBI_3008G068200	1949.977
SORBI_3008G068300	1443.405
SORBI_3008G068400	812.763868710818
SORBI_3008G068450	228
SORBI_3008G068500	2243.722
SORBI_3008G068601	774.932
SORBI_3008G068700	777
SORBI_3008G068800	3178.786
SORBI_3008G068850	240
SORBI_3008G068900	312
SORBI_3008G069000	1204
SORBI_3008G069100	1111.125
SORBI_3008G069200	2760.674
SORBI_3008G069300	678.928301751915
SORBI_3008G069401	1715.601
SORBI_3008G069500	254
SORBI_3008G069600	325
SORBI_3008G069700	1925.486
SORBI_3008G069901	535
SORBI_3008G070100	260
SORBI_3008G070200	1542
SORBI_3008G070350	2024.84141051229
SORBI_3008G070500	2970.571
SORBI_3008G070600	2033
SORBI_3008G070650	1681
SORBI_3008G070700	1883.926
SORBI_3008G070800	2556.608
SORBI_3008G070900	1424.846
SORBI_3008G071050	2503.456
SORBI_3008G071200	1620
SORBI_3008G071300	1202.032
SORBI_3008G071400	1794
SORBI_3008G071550	1525.848
SORBI_3008G071700	313
SORBI_3008G071800	852.296
SORBI_3008G071900	1057
SORBI_3008G072050	3619.32
SORBI_3008G072200	2611.481
SORBI_3008G072300	1536.138
SORBI_3008G072400	2904.364
SORBI_3008G072500	1179.631
SORBI_3008G072550	143
SORBI_3008G072600	956.26
SORBI_3008G072700	161
SORBI_3008G072800	603.042
SORBI_3008G072850	1624
SORBI_3008G072900	2385
SORBI_3008G073000	2583.376
SORBI_3008G073100	1543.628
SORBI_3008G073200	1755.6
SORBI_3008G073300	710.416
SORBI_3008G073400	884
SORBI_3008G073500	4116.45598177175
SORBI_3008G073600	1235.10594988766
SORBI_3008G073700	1574.5
SORBI_3008G073800	1541
SORBI_3008G073900	2132.004
SORBI_3008G074000	7055.589
SORBI_3008G074100	1642
SORBI_3008G074150	379
SORBI_3008G074200	1396
SORBI_3008G074300	1660.984
SORBI_3008G074400	1050.87125249689
SORBI_3008G074500	3505.43934517712
SORBI_3008G074600	625.709
SORBI_3008G074700	307.738
SORBI_3008G074800	2113
SORBI_3008G074900	158
SORBI_3008G075100	1150.126
SORBI_3008G075200	1129.329
SORBI_3008G075300	499
SORBI_3008G075350	10455
SORBI_3008G075400	549.626
SORBI_3008G075500	2983.072
SORBI_3008G075533	1819
SORBI_3008G075566	113
SORBI_3008G075600	982.067
SORBI_3008G075700	3386.761
SORBI_3008G075800	566
SORBI_3008G075900	979.982064593405
SORBI_3008G076100	1150
SORBI_3008G076200	3078
SORBI_3008G076250	2328
SORBI_3008G076300	994
SORBI_3008G076401	599.264
SORBI_3008G076500	416.791
SORBI_3008G076600	3036.983
SORBI_3008G076700	2257
SORBI_3008G076800	1726.93310854895
SORBI_3008G076900	3444.401
SORBI_3008G077100	1026.5
SORBI_3008G077300	1165
SORBI_3008G077400	1446
SORBI_3008G077500	577.263
SORBI_3008G077550	677
SORBI_3008G077600	2855.388
SORBI_3008G077700	3885.163
SORBI_3008G077800	1531
SORBI_3008G077900	1473
SORBI_3008G078000	714.698
SORBI_3008G078100	1668.147
SORBI_3008G078200	1889
SORBI_3008G078300	1545.427
SORBI_3008G078400	734.335
SORBI_3008G078500	428
ENSRNA049995800	4
SORBI_3008G078550	1609
SORBI_3008G078600	1238
SORBI_3008G078700	804.5
SORBI_3008G078800	11361.377
SORBI_3008G078900	1444.905
SORBI_3008G078966	1694
ENSRNA049472582	14
SORBI_3008G079032	1223.614
SORBI_3008G079100	2996.414
SORBI_3008G079200	858.5
SORBI_3008G079300	1265.604
SORBI_3008G079400	1174.773
SORBI_3008G079500	1061
SORBI_3008G079600	1985.177
SORBI_3008G079650	1901
SORBI_3008G079700	473.95
SORBI_3008G079733	477
SORBI_3008G079766	958
SORBI_3008G079800	1889
SORBI_3008G079900	1594.948
SORBI_3008G080000	929.017
SORBI_3008G080100	1562
SORBI_3008G080200	1907.23630525156
SORBI_3008G080300	547
SORBI_3008G080400	2074.716
SORBI_3008G080500	2398.55247630646
SORBI_3008G080600	1345
SORBI_3008G080700	1925
SORBI_3008G080801	697.446
SORBI_3008G080900	874.598
SORBI_3008G081000	1858
SORBI_3008G081100	1898
SORBI_3008G081150	168.766
SORBI_3008G081200	2202
SORBI_3008G081300	788.991
SORBI_3008G081400	1944.297
SORBI_3008G081500	2834.813
SORBI_3008G081600	809.609510949876
SORBI_3008G081700	2621
SORBI_3008G081800	2718.794
SORBI_3008G081900	3599.34043104348
SORBI_3008G082000	1881
SORBI_3008G082100	1687.459
SORBI_3008G082150	1777
SORBI_3008G082200	936
SORBI_3008G082250	1699
SORBI_3008G082300	282
SORBI_3008G082400	450.713
SORBI_3008G082450	876
SORBI_3008G082500	3295.987
SORBI_3008G082550	253
SORBI_3008G082600	512
SORBI_3008G082700	1135
SORBI_3008G082800	1532.58333494582
SORBI_3008G082900	948.148
SORBI_3008G083000	1930.831
SORBI_3008G083100	553
SORBI_3008G083200	2570.496
SORBI_3008G083300	2109.916
SORBI_3008G083400	1721.179
SORBI_3008G083500	2703.04922720999
SORBI_3008G083600	5092.438
SORBI_3008G083650	547
SORBI_3008G083700	1422.089
SORBI_3008G084000	1182
SORBI_3008G084100	956.974
SORBI_3008G084200	826
SORBI_3008G084300	5773.115
SORBI_3008G084401	4709.085
SORBI_3008G084501	138
SORBI_3008G084600	825.893
SORBI_3008G084700	210.828
SORBI_3008G084800	4236.66666666667
SORBI_3008G084900	2664
SORBI_3008G085050	658
SORBI_3008G085200	760.194
SORBI_3008G085300	6289.638
SORBI_3008G085350	437.605
SORBI_3008G085400	1482
SORBI_3008G085600	347.858
SORBI_3008G085700	2772.905
SORBI_3008G085800	437
SORBI_3008G085950	1897.959
SORBI_3008G086100	1070
SORBI_3008G086200	4062.492
SORBI_3008G086300	128
SORBI_3008G086401	161
SORBI_3008G086500	907
SORBI_3008G086700	688.000950587918
SORBI_3008G087000	329.345
SORBI_3008G087100	628
SORBI_3008G087200	3448.069
SORBI_3008G087300	852
SORBI_3008G087400	464.615
SORBI_3008G087500	2167.463
SORBI_3008G087800	764.89
SORBI_3008G087833	1741
SORBI_3008G087866	2703.134
SORBI_3008G087900	605.281
SORBI_3008G088000	807.5
SORBI_3008G088100	415
SORBI_3008G088200	2013.065
SORBI_3008G088300	3539.946
SORBI_3008G088400	2398.914
SORBI_3008G088450	1455
SORBI_3008G088500	1547
SORBI_3008G088600	848.419
SORBI_3008G088800	114
SORBI_3008G088803	1031.705
SORBI_3008G088806	1410.158
SORBI_3008G088809	2201.629
SORBI_3008G088812	1150.928
SORBI_3008G088815	3859.093
SORBI_3008G088818	3964.33
SORBI_3008G088821	1743.616
SORBI_3008G088824	2817.844
SORBI_3008G088827	1627
SORBI_3008G088830	1384.943
SORBI_3008G088833	892
SORBI_3008G088836	2077
SORBI_3008G088839	2210.639
SORBI_3008G088842	3765.968
SORBI_3008G088845	266
SORBI_3008G088848	688
SORBI_3008G088851	1025.835
SORBI_3008G088854	3695.569
SORBI_3008G088857	1725.82245678514
SORBI_3008G088860	1541.431
SORBI_3008G088863	1055.195
SORBI_3008G088866	2930.811
SORBI_3008G088869	1798
SORBI_3008G088872	3063.05158846955
SORBI_3008G088875	739.224
SORBI_3008G088878	746
SORBI_3008G088881	1921
SORBI_3008G088884	1681
SORBI_3008G088887	1312
SORBI_3008G088890	1315
SORBI_3008G088900	1838
SORBI_3008G089100	2134.708
SORBI_3008G089233	1591.182
SORBI_3008G089366	175
SORBI_3008G089500	1850.473
SORBI_3008G089600	759.626811959269
SORBI_3008G089700	779.482624169766
SORBI_3008G089750	1597.723
SORBI_3008G089800	444.741
SORBI_3008G089900	1331.97922453195
SORBI_3008G090000	2883.196
SORBI_3008G090100	2540.529
SORBI_3008G090150	670
SORBI_3008G090200	178
SORBI_3008G090300	1285.405
SORBI_3008G090400	479.162
SORBI_3008G090600	711.804
SORBI_3008G090701	1570
SORBI_3008G090800	2361.426
SORBI_3008G090900	1454.869
SORBI_3008G091100	650.394228898951
SORBI_3008G091300	6422.45722059634
SORBI_3008G091400	13595.718
SORBI_3008G091500	1013.365
SORBI_3008G091557	3569.588
SORBI_3008G091614	2083.27
SORBI_3008G091671	1823.798
SORBI_3008G091728	7761.153
SORBI_3008G091785	4064
SORBI_3008G091842	23474.146
SORBI_3008G091900	264.827
SORBI_3008G092000	569
SORBI_3008G092200	964
SORBI_3008G092300	2337.1460560869
SORBI_3008G092400	4339.729
SORBI_3008G092466	1006
SORBI_3008G092532	2978.649
SORBI_3008G092600	11499.787
SORBI_3008G092701	793
SORBI_3008G092800	1956.32874100451
SORBI_3008G092866	1030
SORBI_3008G092932	712
SORBI_3008G093000	1625.752
SORBI_3008G093101	12438.992
SORBI_3008G093200	888.848
SORBI_3008G093300	2341.879
SORBI_3008G093500	836.028
SORBI_3008G093600	10247.241
SORBI_3008G093700	8317.666
SORBI_3008G093900	367
SORBI_3008G094000	1658.426
SORBI_3008G094150	2648
SORBI_3008G094300	1378.65
SORBI_3008G094400	1239.135
SORBI_3008G094500	1783
SORBI_3008G094600	580.44
SORBI_3008G094650	2134
SORBI_3008G094700	1188.514
SORBI_3008G094800	2711.066
SORBI_3008G094900	629.173
SORBI_3008G095000	2871.898
SORBI_3008G095100	1173.936
SORBI_3008G095150	9794
SORBI_3008G095200	12458.05
SORBI_3008G095400	2786.307
SORBI_3008G095500	3980
SORBI_3008G095633	1636
SORBI_3008G095766	788
SORBI_3008G095900	5523.67487640138
SORBI_3008G096000	3304.13738101845
SORBI_3008G096050	2020
SORBI_3008G096100	1730.519
SORBI_3008G096150	775
SORBI_3008G096200	3388.58
SORBI_3008G096300	370
SORBI_3008G096401	1168
SORBI_3008G096500	1561
SORBI_3008G096700	2929.142
SORBI_3008G096800	1265.91880956089
SORBI_3008G096900	2304.69
SORBI_3008G097000	1445.719
SORBI_3008G097100	1301.096
SORBI_3008G097200	184
SORBI_3008G097300	1700.455
SORBI_3008G097401	468.231
SORBI_3008G097500	1179.942
SORBI_3008G097600	1862.51585740965
SORBI_3008G097700	1910.641
SORBI_3008G097800	2053
SORBI_3008G097900	2235.60241728427
SORBI_3008G097966	497.018
SORBI_3008G098032	298
SORBI_3008G098098	758.606
SORBI_3008G098164	575
SORBI_3008G098230	703.327
SORBI_3008G098300	2560.415
SORBI_3008G098400	2418.286
SORBI_3008G098500	91
SORBI_3008G098600	886.497
SORBI_3008G098700	3352.255
SORBI_3008G098800	718.168
ENSRNA049995793	4
SORBI_3008G098900	3753.902
SORBI_3008G099000	904
SORBI_3008G099100	720
SORBI_3008G099166	1070
SORBI_3008G099232	19641.222
SORBI_3008G099300	551.68
SORBI_3008G099500	905.346817397209
SORBI_3008G099600	2760.5
SORBI_3008G099800	3134.73255898494
SORBI_3008G099900	3084.662
SORBI_3008G100000	726.12
SORBI_3008G100100	2857.151
SORBI_3008G100201	1451.843
SORBI_3008G100300	2056.859
SORBI_3008G100400	2626.06
SORBI_3008G100600	4298
SORBI_3008G100700	681.426
SORBI_3008G100801	849
SORBI_3008G100900	249
SORBI_3008G100950	1289.384
SORBI_3008G101000	4466.926
SORBI_3008G101100	4963.291
SORBI_3008G101200	3623.673
SORBI_3008G101300	1471.36646203798
SORBI_3008G101350	1280
SORBI_3008G101400	950.569
SORBI_3008G101500	4033.749
SORBI_3008G101600	864.438230056598
ENSRNA049437591	25
SORBI_3008G101800	1549.706
SORBI_3008G101850	2801
SORBI_3008G101900	798.191
SORBI_3008G102000	1212.567
SORBI_3008G102050	3031.645
SORBI_3008G102100	78
SORBI_3008G102150	16
SORBI_3008G102200	3
SORBI_3008G102300	78
SORBI_3008G102400	3
SORBI_3008G102466	787
SORBI_3008G102532	586
SORBI_3008G102600	1069.522
SORBI_3008G102800	1286.199
SORBI_3008G102850	2610.752
SORBI_3008G102900	274
SORBI_3008G103000	889
SORBI_3008G103066	525
SORBI_3008G103132	1591
SORBI_3008G103200	2137.63064336634
SORBI_3008G103250	186
SORBI_3008G103300	1282.002
SORBI_3008G103400	1645.205
SORBI_3008G103500	617
SORBI_3008G103700	1166.618
SORBI_3008G103800	668.846
SORBI_3008G103900	2111.459
SORBI_3008G104000	1101.576
SORBI_3008G104100	1603
SORBI_3008G104200	1166.553
SORBI_3008G104300	1619.778
SORBI_3008G104350	1611.932
SORBI_3008G104400	3659.837
SORBI_3008G104500	1012.51916868515
SORBI_3008G104601	20478.594
SORBI_3008G104701	1588
SORBI_3008G104801	6817.35
SORBI_3008G104900	1260
SORBI_3008G105000	943
SORBI_3008G105100	2404
SORBI_3008G105200	2455
SORBI_3008G105300	1451.66861148185
SORBI_3008G105366	2367.399
SORBI_3008G105432	393.45
SORBI_3008G105500	2625.315
SORBI_3008G105600	607
SORBI_3008G105800	5282.972
SORBI_3008G105850	647.859
SORBI_3008G105900	1770.087
SORBI_3008G106000	2358.708
SORBI_3008G106100	1217.437
SORBI_3008G106200	9173.522
SORBI_3008G106301	309
SORBI_3008G106400	468.66620788978
SORBI_3008G106500	670
SORBI_3008G106550	1203
SORBI_3008G106600	3736.02
SORBI_3008G106700	767.105769032987
SORBI_3008G106800	554.888906410964
SORBI_3008G106900	1128.469
SORBI_3008G107000	2274.649
SORBI_3008G107100	4664.624
SORBI_3008G107200	2048.664
SORBI_3008G107300	2077.455
SORBI_3008G107500	2267.351
SORBI_3008G107600	1873.824
SORBI_3008G107800	1829.387
SORBI_3008G107900	348.258
SORBI_3008G108000	470.529
SORBI_3008G108100	340
SORBI_3008G108200	2833.209
SORBI_3008G108300	1037.48
SORBI_3008G108400	1673.985
SORBI_3008G108500	678.447372155876
SORBI_3008G108601	557.913
SORBI_3008G108700	1270
SORBI_3008G108800	2556
SORBI_3008G108900	611
SORBI_3008G108950	4263.175
SORBI_3008G109000	568
SORBI_3008G109100	3334.57668019056
SORBI_3008G109200	1895.533
SORBI_3008G109300	1318.25
SORBI_3008G109400	1411.814
SORBI_3008G109500	445
SORBI_3008G109600	1205.384
SORBI_3008G109650	1109
SORBI_3008G109700	1124.904
SORBI_3008G109800	913.383
SORBI_3008G109900	807.102
SORBI_3008G109950	10826.852
SORBI_3008G110000	436
SORBI_3008G110050	2127
SORBI_3008G110101	230
SORBI_3008G110151	1531.27
SORBI_3008G110200	973.356
SORBI_3008G110300	1083.33
SORBI_3008G110400	1613.835
SORBI_3008G110450	306
SORBI_3008G110500	1008.4949189655
SORBI_3008G110600	2460.182
SORBI_3008G110700	1478.253
SORBI_3008G110800	934.091478029853
SORBI_3008G110900	19763.64
SORBI_3008G111000	1369
SORBI_3008G111100	919.945
SORBI_3008G111150	431
SORBI_3008G111200	1356.941
SORBI_3008G111300	949.533
SORBI_3008G111400	493.978
SORBI_3008G111500	161
SORBI_3008G111600	2689.635
SORBI_3008G111700	1095.357
SORBI_3008G111800	715.775
SORBI_3008G112000	569.959
SORBI_3008G112100	1800.817
SORBI_3008G112200	1616
SORBI_3008G112300	1267.027
SORBI_3008G112400	403
SORBI_3008G112500	1054.161
SORBI_3008G112550	1411
SORBI_3008G112600	1771.232
SORBI_3008G112700	1426
SORBI_3008G112800	4185.519
SORBI_3008G112900	1207
SORBI_3008G113000	1860.76549157869
SORBI_3008G113100	2481.662
SORBI_3008G113200	1470.045
SORBI_3008G113300	1627.01276307232
SORBI_3008G113350	343
SORBI_3008G113400	2395
SORBI_3008G113500	2370.697
SORBI_3008G113600	2081.56531712509
SORBI_3008G113700	771.938
SORBI_3008G113800	587.235
SORBI_3008G113900	1934
SORBI_3008G114000	1139
SORBI_3008G114101	1149
SORBI_3008G114200	1834
SORBI_3008G114300	8227.80475551337
SORBI_3008G114401	943
SORBI_3008G114500	417.647
SORBI_3008G114600	876
SORBI_3008G114700	1417.931
SORBI_3008G114800	787
SORBI_3008G114900	1351.207
SORBI_3008G115000	2432.319
SORBI_3008G115200	1629.7871749049
SORBI_3008G115400	653.829
SORBI_3008G115500	1199.089
SORBI_3008G115600	890.041
SORBI_3008G115700	3328
SORBI_3008G115800	1347
SORBI_3008G115900	1063.06961466704
ENSRNA049437625	25
SORBI_3008G116000	1205.111
SORBI_3008G116100	1752.487
SORBI_3008G116200	708.531
SORBI_3008G116300	922.692
SORBI_3008G116400	858.458
SORBI_3008G116500	2385.977
SORBI_3008G116600	1442.516
SORBI_3008G116700	1503.446
SORBI_3008G116800	667.692
SORBI_3008G116900	1321
SORBI_3008G117000	4090.39054501876
SORBI_3008G117100	516.055
SORBI_3008G117200	2703.156
SORBI_3008G117300	161
SORBI_3008G117400	649
SORBI_3008G117600	2326
SORBI_3008G117800	600
SORBI_3008G117900	298
SORBI_3008G118000	1063
SORBI_3008G118050	555
SORBI_3008G118100	3694.868
SORBI_3008G118200	2846.888
SORBI_3008G118300	854.540685098969
SORBI_3008G118400	2024.80591041569
SORBI_3008G118500	1358.833
SORBI_3008G118600	1756.44339793176
SORBI_3008G118700	3672.871
SORBI_3008G118800	1034.614
SORBI_3008G118900	1319.379
SORBI_3008G119000	2766.165
SORBI_3008G119100	636
SORBI_3008G119200	969
SORBI_3008G119250	510.029
SORBI_3008G119300	527
SORBI_3008G119400	871.019
SORBI_3008G119501	2652
SORBI_3008G119600	4799
SORBI_3008G119700	1379.632
SORBI_3008G119800	1387.235
SORBI_3008G119900	3754.764
SORBI_3008G120000	808.56
SORBI_3008G120132	1246.56536796596
SORBI_3008G120066	1011
SORBI_3008G120200	220
SORBI_3008G120233	1687
SORBI_3008G120266	201
SORBI_3008G120300	255
SORBI_3008G120450	254
SORBI_3008G120600	1099.556
SORBI_3008G120760	337
SORBI_3008G120920	710
SORBI_3008G121080	160
SORBI_3008G121240	1772.622
SORBI_3008G121400	1091.33333333333
SORBI_3008G121501	1008
SORBI_3008G121600	322
SORBI_3008G121700	346
SORBI_3008G121800	378
SORBI_3008G121850	376
SORBI_3008G121900	10219.5
SORBI_3008G122001	1720
SORBI_3008G122100	701.679
SORBI_3008G122200	2446
SORBI_3008G122250	638
SORBI_3008G122300	2102
SORBI_3008G122400	1586
SORBI_3008G122500	1376.196
SORBI_3008G122600	1136.356
SORBI_3008G122700	2139
SORBI_3008G122800	1935.619
SORBI_3008G123000	3318
SORBI_3008G123100	2297.657
SORBI_3008G123200	2410.061
SORBI_3008G123300	2997.779
SORBI_3008G123350	207
SORBI_3008G123400	3075.336
SORBI_3008G123500	2715.313
SORBI_3008G123600	710.706
SORBI_3008G123700	1975
SORBI_3008G123801	14870.92
SORBI_3008G123900	8761.307
SORBI_3008G124000	1813.992
SORBI_3008G124100	727.905
SORBI_3008G124200	141
SORBI_3008G124301	651
SORBI_3008G124400	752.998
SORBI_3008G124500	1885.694
SORBI_3008G124600	1793.251
SORBI_3008G124700	501.831251766161
SORBI_3008G124733	405
SORBI_3008G124766	2058.365
ENSRNA049484277	16
ENSRNA049484293	5
SORBI_3008G124800	3406.2477745785
SORBI_3008G124900	2345.663
SORBI_3008G125000	3311.636
SORBI_3008G125100	2752.876
SORBI_3008G125200	1772.6619241915
SORBI_3008G125300	6043.942
SORBI_3008G125400	5109
SORBI_3008G125501	478
SORBI_3008G125600	2006
SORBI_3008G125700	3841
SORBI_3008G125801	349
SORBI_3008G125900	1082.21
SORBI_3008G126000	2368.775
SORBI_3008G126100	280
SORBI_3008G126200	1571.27488526434
SORBI_3008G126300	240
SORBI_3008G126400	2488
SORBI_3008G126500	1963.762
SORBI_3008G126600	2212.651
SORBI_3008G126700	2771.992
SORBI_3008G126800	1408
SORBI_3008G127000	2728.105
SORBI_3008G127100	2304.02631187238
SORBI_3008G127200	860
SORBI_3008G127250	3581.258
SORBI_3008G127300	4409.246
SORBI_3008G127400	3763.171
SORBI_3008G127500	726.856
SORBI_3008G127550	1546.12260187576
SORBI_3008G127600	1399
SORBI_3008G127700	1254
SORBI_3008G127800	1270
SORBI_3008G127933	7124
SORBI_3008G128066	625
SORBI_3008G128200	638
SORBI_3008G128500	6023.139
SORBI_3008G128600	844.049
SORBI_3008G128800	1910.70307212252
SORBI_3008G128900	594.403
SORBI_3008G129000	1653.11972709228
SORBI_3008G129100	825.079
SORBI_3008G129200	2523.098
SORBI_3008G129300	1131.634
SORBI_3008G129400	3646.742
SORBI_3008G129500	652
SORBI_3008G129600	1221.99683653096
SORBI_3008G129700	1669.862
SORBI_3008G129800	914
SORBI_3008G129900	2675.238
SORBI_3008G130000	2859.06
SORBI_3008G130100	2906.34
SORBI_3008G130200	387.43
SORBI_3008G130300	646
SORBI_3008G130350	604
SORBI_3008G130400	966.095
SORBI_3008G130500	2092
SORBI_3008G130601	166
SORBI_3008G130700	889
ENSRNA049995788	21
SORBI_3008G130800	1743
ENSRNA049437939	25
SORBI_3008G130900	871.222
SORBI_3008G131000	1510.53
SORBI_3008G131100	1459.94139202519
SORBI_3008G131200	6978
SORBI_3008G131300	1716
SORBI_3008G131400	1458.331
SORBI_3008G131500	2181.843
SORBI_3008G131550	1174
SORBI_3008G131601	6541.768
SORBI_3008G131651	1646
SORBI_3008G131700	1814.26032038406
SORBI_3008G131800	3760.091
SORBI_3008G131900	4393.735
SORBI_3008G132000	2250.203
SORBI_3008G132200	2332.786
SORBI_3008G132250	593
SORBI_3008G132300	2546.6128208025
SORBI_3008G132400	782.612
SORBI_3008G132500	4075.722
SORBI_3008G132550	778
SORBI_3008G132600	5524.906
SORBI_3008G132700	1565.409
SORBI_3008G132800	527.552
SORBI_3008G132900	5175.383
SORBI_3008G133000	198
SORBI_3008G133100	2404.781
SORBI_3008G133200	919.6
SORBI_3008G133300	1512.08685551967
SORBI_3008G133400	1772.23012420425
SORBI_3008G133500	1725.477
SORBI_3008G133600	1320.37075197993
SORBI_3008G133700	944.594281645952
SORBI_3008G133750	1566.286
SORBI_3008G133800	550.208
SORBI_3008G133900	2160.696
SORBI_3008G133950	797.752
SORBI_3008G134000	233
SORBI_3008G134100	5521.149
SORBI_3008G134300	3991.193
SORBI_3008G134401	1465
SORBI_3008G134500	3078
SORBI_3008G134600	3952
SORBI_3008G134700	975.606
SORBI_3008G134800	1079.483
SORBI_3008G134900	435.239
SORBI_3008G135000	940.019
SORBI_3008G135100	722.189
SORBI_3008G135200	5708.866
SORBI_3008G135300	966
SORBI_3008G135401	688.101872033447
SORBI_3008G135500	718.698
SORBI_3008G135600	3206.588
ENSRNA049484263	22
SORBI_3008G135701	563.987
SORBI_3008G135800	1043
SORBI_3008G135901	1210.5
SORBI_3008G136000	2109.507
ENSRNA049484288	3
ENSRNA049484264	35
ENSRNA049484243	20
SORBI_3008G136100	1070.593
SORBI_3008G136150	518
SORBI_3008G136200	2248.28711591744
SORBI_3008G136400	1112.504
SORBI_3008G136500	1209.384
SORBI_3008G136601	2095
SORBI_3008G136700	3327.223
ENSRNA049437718	26
SORBI_3008G136800	514.493
SORBI_3008G136900	1227
SORBI_3008G137200	1022.70352492068
SORBI_3008G137000	1038.136
SORBI_3008G137100	181.104
SORBI_3008G137300	3261
SORBI_3008G137400	312.854
SORBI_3008G137500	4288
SORBI_3008G137600	2491.624
SORBI_3008G137700	1098.03323222095
SORBI_3008G137800	370.934
SORBI_3008G137901	91
SORBI_3008G138000	3560
SORBI_3008G138100	1600
SORBI_3008G138200	3986.5
SORBI_3008G138300	873
SORBI_3008G138400	1102
SORBI_3008G138500	4047.719
SORBI_3008G138600	5260.116
SORBI_3008G138700	3719
SORBI_3008G138800	3731.628
SORBI_3008G138850	6301
SORBI_3008G138900	3689.343
SORBI_3008G139000	11784.672
SORBI_3008G139100	2110
SORBI_3008G139200	663
SORBI_3008G139250	161
SORBI_3008G139300	101
SORBI_3008G139400	74
SORBI_3008G139500	1696.599
SORBI_3008G139600	3528.104
SORBI_3008G139700	3239.019
SORBI_3008G139800	4707.443
SORBI_3008G139900	549.08437208328
ENSRNA049437758	26
SORBI_3008G140000	916.748
SORBI_3008G140050	712
SORBI_3008G140100	2775.256
SORBI_3008G140200	2854.782
SORBI_3008G140300	2448.032
ENSRNA049437924	26
SORBI_3008G140400	3051.159
SORBI_3008G140500	1331
SORBI_3008G140600	1717
SORBI_3008G140700	2150.648
SORBI_3008G140800	233.221
SORBI_3008G140900	233
SORBI_3008G141000	133
SORBI_3008G141100	8954.295
SORBI_3008G141150	646
SORBI_3008G141200	3953.297
SORBI_3008G141300	1414.839
SORBI_3008G141400	5145.449
SORBI_3008G141501	490
SORBI_3008G141600	3645.124
SORBI_3008G141700	3806.907
SORBI_3008G141800	2101.148
SORBI_3008G141833	379
SORBI_3008G141866	805
SORBI_3008G141900	2647
SORBI_3008G142000	1288.934
SORBI_3008G142100	2015.564
SORBI_3008G142200	3658.649
SORBI_3008G142301	4116.281
SORBI_3008G142400	2177.46153846154
SORBI_3008G142450	1322
SORBI_3008G142500	2708.996
SORBI_3008G142600	1675.9
SORBI_3008G142700	2277.298
SORBI_3008G142766	1304.562
SORBI_3008G142832	361
SORBI_3008G142900	1804.146
SORBI_3008G143000	1860
SORBI_3008G143100	1538.528
SORBI_3008G143200	316
SORBI_3008G143300	277
SORBI_3008G143400	145
SORBI_3008G143600	1665.091
SORBI_3008G143700	1679.254
SORBI_3008G143800	1822.591
SORBI_3008G143901	4826.397
SORBI_3008G144000	1307.478
SORBI_3008G144100	1255
SORBI_3008G144201	130
SORBI_3008G144300	1044.953
SORBI_3008G144401	951.075
SORBI_3008G144500	2572.368
SORBI_3008G144600	1679
SORBI_3008G144701	1197
SORBI_3008G144800	1724.139
SORBI_3008G144900	2102.286
SORBI_3008G145000	1409
SORBI_3008G145100	1838.599
SORBI_3008G145200	1632
SORBI_3008G145300	1449.163
SORBI_3008G145400	263
SORBI_3008G145500	1618
ENSRNA049484279	10
SORBI_3008G145700	74
ENSRNA049484246	45
SORBI_3008G145800	2797.22437628385
SORBI_3008G145900	1928
SORBI_3008G146000	1139.5
SORBI_3008G146100	2065.61591318535
SORBI_3008G146301	3063.964
SORBI_3008G146501	318
SORBI_3008G146700	1459.264
SORBI_3008G146801	198
SORBI_3008G146900	1978.359
SORBI_3008G147000	1536.997
SORBI_3008G147101	1254.217
SORBI_3008G147200	2752.282
SORBI_3008G147250	200
SORBI_3008G147300	3444.54607675705
SORBI_3008G147400	2743.813
SORBI_3008G147500	2217.543
SORBI_3008G147600	851
SORBI_3008G147700	2121.15
SORBI_3008G147800	2885.874
SORBI_3008G147900	1915.864
SORBI_3008G148000	6029.006
SORBI_3008G148101	667
SORBI_3008G148200	3781.425
SORBI_3008G148300	3207.726
SORBI_3008G148400	1481.68979396753
SORBI_3008G148500	2763.907
SORBI_3008G148600	1303
SORBI_3008G148700	1363
SORBI_3008G148900	2398
SORBI_3008G149000	558.71
SORBI_3008G149100	4541.544
SORBI_3008G149200	1112.07120162628
SORBI_3008G149300	1286
SORBI_3008G149400	1168
SORBI_3008G149450	179.062
SORBI_3008G149500	157
SORBI_3008G149650	2040.865
SORBI_3008G149800	4060.63332647888
SORBI_3008G149900	523.786
SORBI_3008G150000	2972.686
SORBI_3008G150100	3342.77975320444
SORBI_3008G150150	922
SORBI_3008G150200	5122.423
SORBI_3008G150300	2923.694
SORBI_3008G150400	1036.855
SORBI_3008G150500	1444.585
SORBI_3008G150700	9610.973
SORBI_3008G150800	2872.715
SORBI_3008G151000	4474.817
SORBI_3008G151100	4447.515
SORBI_3008G151200	307.471
SORBI_3008G151300	510.018
SORBI_3008G151366	838.959
SORBI_3008G151432	852.003
SORBI_3008G151500	1711.626
SORBI_3008G151600	2034.785
SORBI_3008G151900	570.596
SORBI_3008G152000	1135.777
SORBI_3008G152100	1204
SORBI_3008G152200	888
SORBI_3008G152300	1420.419
ENSRNA049437916	27
SORBI_3008G152400	1942.325
SORBI_3008G152500	1221.627
SORBI_3008G152600	2515.306
SORBI_3008G152700	1741.705
SORBI_3008G152800	1037.445
SORBI_3008G152900	3145.337
SORBI_3008G153000	5130.337
SORBI_3008G153200	1269.249
SORBI_3008G153300	1602
SORBI_3008G153400	1905.314
SORBI_3008G153500	2346.582
SORBI_3008G153600	1958.758
SORBI_3008G153700	340
SORBI_3008G153801	434.5
SORBI_3008G153900	1054
SORBI_3008G154000	1148
SORBI_3008G154100	787
SORBI_3008G154200	853
SORBI_3008G154300	1640
SORBI_3008G154400	1369
SORBI_3008G154500	346
SORBI_3008G154600	394
SORBI_3008G154700	706
SORBI_3008G154801	1156
SORBI_3008G154900	415
SORBI_3008G155000	1586.338
SORBI_3008G155150	784
SORBI_3008G155300	104
SORBI_3008G155400	1485.371
SORBI_3008G155500	1668
SORBI_3008G155600	972.42
SORBI_3008G155700	1529.867
SORBI_3008G155800	1171
SORBI_3008G155900	1436
SORBI_3008G156000	280
SORBI_3008G156100	1130
SORBI_3008G156200	1988.281
SORBI_3008G156300	1718.46161971824
SORBI_3008G156400	2988.708
SORBI_3008G156500	1938
SORBI_3008G156600	1638.023
SORBI_3008G156700	1204.221
SORBI_3008G156800	3740
SORBI_3008G156900	994.437
SORBI_3008G157000	931.409
SORBI_3008G157100	1319.487
SORBI_3008G157200	3570.617
SORBI_3008G157400	6528.956
SORBI_3008G157500	2410
SORBI_3008G157600	1511.67338675757
SORBI_3008G157700	1161
SORBI_3008G157800	1274
SORBI_3008G157900	2378
SORBI_3008G157950	843.189
SORBI_3008G158000	3117
SORBI_3008G158100	660.906
SORBI_3008G158200	561
SORBI_3008G158266	860
SORBI_3008G158332	652
SORBI_3008G158400	1100
SORBI_3008G158501	820
SORBI_3008G158600	923
SORBI_3008G158666	529
SORBI_3008G158732	2117
SORBI_3008G158800	991
SORBI_3008G158900	1753.512
SORBI_3008G159000	522
SORBI_3008G159100	868.744
SORBI_3008G159150	441
SORBI_3008G159200	1268
ENSRNA049995780	16
SORBI_3008G159250	3407.394
ENSRNA049995776	44
SORBI_3008G159300	626
SORBI_3008G159400	1052.1
SORBI_3008G159500	3287.351
SORBI_3008G159601	1231
SORBI_3008G159701	2618.597
SORBI_3008G159800	502
SORBI_3008G159901	1671.53502547508
SORBI_3008G160000	1025.679
SORBI_3008G160100	1013.372
SORBI_3008G160150	301
SORBI_3008G160200	24
SORBI_3008G160300	384
SORBI_3008G160400	3614.20635912715
SORBI_3008G160500	1327.495
SORBI_3008G160600	2414.515
SORBI_3008G160700	2630.489
SORBI_3008G161000	2106.597
SORBI_3008G161100	920.617
SORBI_3008G161201	2303
SORBI_3008G161300	2197
SORBI_3008G161401	2635.914
SORBI_3008G161500	2069.798
SORBI_3008G161601	1945.39
SORBI_3008G161700	1425.86293243771
SORBI_3008G161800	2609.24
SORBI_3008G161900	1924
SORBI_3008G162000	896.592
SORBI_3008G162100	1224.951
SORBI_3008G162201	1708.589
SORBI_3008G162300	278.809
SORBI_3008G162400	626
SORBI_3008G162600	1214.389
SORBI_3008G162700	1071.4
SORBI_3008G162900	1548.97846906786
SORBI_3008G163000	842
SORBI_3008G163100	1090
SORBI_3008G163200	2339.14285714286
SORBI_3008G163300	1717.70677339549
SORBI_3008G163400	1667.109
SORBI_3008G163500	2316.091
SORBI_3008G163600	637
SORBI_3008G163700	4331.95581023283
SORBI_3008G163750	586
SORBI_3008G163800	3013.893
SORBI_3008G163900	1052
SORBI_3008G164000	1066
SORBI_3008G164101	6283
SORBI_3008G164201	564
SORBI_3008G164300	1249
SORBI_3008G164375	4040
SORBI_3008G164450	688.242
SORBI_3008G164525	260
SORBI_3008G164600	1363.938
SORBI_3008G164700	2270.108
SORBI_3008G164800	1038.087
ENSRNA049437892	27
SORBI_3008G164850	1457.669
SORBI_3008G164900	1335
SORBI_3008G165000	717.573
SORBI_3008G165100	2043.02
SORBI_3008G165200	2163.225
SORBI_3008G165233	1675
SORBI_3008G165266	83
SORBI_3008G165300	270.507
SORBI_3008G165401	6288
SORBI_3008G165500	1276
SORBI_3008G165600	363.642
SORBI_3008G165700	3567.98
SORBI_3008G165800	2474.182
SORBI_3008G165900	2008.185
SORBI_3008G166000	595
SORBI_3008G166050	1553.54
SORBI_3008G166100	3424.37
SORBI_3008G166200	619
SORBI_3008G166250	839
SORBI_3008G166300	2034.949
SORBI_3008G166400	6773.54
SORBI_3008G166550	3192.309
SORBI_3008G166700	2790.242
SORBI_3008G166800	227
SORBI_3008G166900	1882
SORBI_3008G167000	1051
SORBI_3008G167100	2320
SORBI_3008G167200	2221.0222245285
SORBI_3008G167300	2807.499
SORBI_3008G167401	390.145
SORBI_3008G167500	4180.101
SORBI_3008G167400	851.389
SORBI_3008G167600	963.291065013935
SORBI_3008G167700	2507.302
SORBI_3008G167800	1688.732
SORBI_3008G167900	1150
SORBI_3008G168000	845.492370916925
SORBI_3008G168100	2983.249
SORBI_3008G168200	508.556
SORBI_3008G168300	2744.667
SORBI_3008G168400	1751.271
SORBI_3008G168500	1636
SORBI_3008G168600	356.707
SORBI_3008G168650	202
SORBI_3008G168700	4712.991
SORBI_3008G168800	1539.874
SORBI_3008G168866	562
SORBI_3008G168932	570
SORBI_3008G169000	1351
SORBI_3008G169101	1080
SORBI_3008G169200	2025.30990668152
SORBI_3008G169300	2021.42571036591
SORBI_3008G169400	3798.365
SORBI_3008G169500	195
SORBI_3008G169650	2043.299
SORBI_3008G169800	1842.002
SORBI_3008G170000	3624.561
SORBI_3008G170100	820
SORBI_3008G170250	2351
SORBI_3008G170400	2016.5
SORBI_3008G170500	1357
SORBI_3008G170600	836.522
SORBI_3008G170800	4417.414
SORBI_3008G170700	5883.112
SORBI_3008G170900	1138
SORBI_3008G171000	6482.972
SORBI_3008G171050	85
SORBI_3008G171100	1505
SORBI_3008G171200	2425
SORBI_3008G171300	1455.764
SORBI_3008G171400	1451.197
SORBI_3008G171500	3452.588
SORBI_3008G171600	1887
SORBI_3008G171700	2996.557
SORBI_3008G171800	909.4
SORBI_3008G171900	2466.518
SORBI_3008G172000	1194
SORBI_3008G172100	1146.919
SORBI_3008G172200	3708
SORBI_3008G172300	1630.03153519644
SORBI_3008G172400	1467
SORBI_3008G172500	2899.988
SORBI_3008G172600	3090.562
SORBI_3008G172700	1614.809
SORBI_3008G172800	957.211667268912
SORBI_3008G172900	5114.577
SORBI_3008G173000	1333.376
SORBI_3008G173100	3198.082
SORBI_3008G173200	481
SORBI_3008G173300	448
SORBI_3008G173400	1813.17898453196
ENSRNA049483096	523
SORBI_3008G173500	653.363
SORBI_3008G173601	1886
SORBI_3008G173700	3309
SORBI_3008G173800	2067.627
SORBI_3008G173900	3270.73773321511
SORBI_3008G174000	1885
SORBI_3008G174100	3979.36880959594
SORBI_3008G174200	3450.207
SORBI_3008G174300	1633.951
SORBI_3008G174400	1978
SORBI_3008G174500	6294.744
SORBI_3008G174650	2110.52026125498
SORBI_3008G174800	2403.305
SORBI_3008G174850	215
SORBI_3008G174900	1531.24207769117
SORBI_3008G174966	3277.44
SORBI_3008G175032	3935.944
SORBI_3008G175100	540.766
SORBI_3008G175200	1355
SORBI_3008G175300	1350.395
SORBI_3008G175400	2143.956
SORBI_3008G175501	1434.456
SORBI_3008G175600	325
SORBI_3008G175700	510.136
SORBI_3008G175800	1541.823
SORBI_3008G175900	3104.87
SORBI_3008G175933	1198
SORBI_3008G175966	755
SORBI_3008G176000	8696.073
SORBI_3008G176100	317
SORBI_3008G176200	3743
SORBI_3008G176233	456
SORBI_3008G176266	1817
SORBI_3008G176300	1270.448
SORBI_3008G176401	655
SORBI_3008G176500	4308
SORBI_3008G176600	925
SORBI_3008G176666	412
SORBI_3008G176732	597.149
SORBI_3008G176800	2281.56176360562
SORBI_3008G176900	1739.732
SORBI_3008G177001	487
SORBI_3008G177100	1615.93835002164
SORBI_3008G177200	2403.06272195238
SORBI_3008G177400	1449
SORBI_3008G177600	628
SORBI_3008G177700	868
SORBI_3008G177750	273
SORBI_3008G177800	1338.356
SORBI_3008G177850	2556.388
SORBI_3008G177900	4185.286
SORBI_3008G177950	315.793
SORBI_3008G178000	2576.27
SORBI_3008G178100	20001.167
SORBI_3008G178200	3501.148
SORBI_3008G178300	4376.58
SORBI_3008G178400	3359.273
SORBI_3008G178450	1692.081
SORBI_3008G178500	7886.125
SORBI_3008G178533	450.875
SORBI_3008G178566	2101.833
SORBI_3008G178600	5215.822
SORBI_3008G178701	355
SORBI_3008G178800	4262.359191679
SORBI_3008G178901	1588
SORBI_3008G179000	1751.322
SORBI_3008G179100	519
SORBI_3008G179200	1792
SORBI_3008G179400	1492
SORBI_3008G179500	747.933
SORBI_3008G179600	2859.416
SORBI_3008G179700	1374.077
SORBI_3008G179800	1676.524
SORBI_3008G179900	911.632882869165
SORBI_3008G180000	500
SORBI_3008G180200	861.666666666667
SORBI_3008G180300	2049.602
SORBI_3008G180400	1601.78396306893
SORBI_3008G180500	795.513
SORBI_3008G180550	1201
SORBI_3008G180600	144
SORBI_3008G180701	673
SORBI_3008G180800	1085.516
SORBI_3008G180900	2397.484
SORBI_3008G181000	739
SORBI_3008G181050	1940
SORBI_3008G181100	691
SORBI_3008G181200	893
SORBI_3008G181250	11596.091
SORBI_3008G181300	1174.57
SORBI_3008G181400	3190.5
SORBI_3008G181600	625
SORBI_3008G181701	415
SORBI_3008G181801	519.312
SORBI_3008G181900	1156
SORBI_3008G182000	2590
SORBI_3008G182100	407
SORBI_3008G182200	353
SORBI_3008G182300	997.627
SORBI_3008G182350	291
SORBI_3008G182400	599.611
SORBI_3008G182500	683
SORBI_3008G182600	1038.334
SORBI_3008G182700	816.225
SORBI_3008G182800	747.862
SORBI_3008G182900	1519.701
SORBI_3008G183000	2431
SORBI_3008G183100	2661
SORBI_3008G183150	1115
SORBI_3008G183200	2089
SORBI_3008G183300	943
SORBI_3008G183400	2914.552
SORBI_3008G183500	937
SORBI_3008G183600	1045.178
SORBI_3008G183700	1048.215
SORBI_3008G183800	1170
SORBI_3008G183900	1191.953
SORBI_3008G184000	1349
SORBI_3008G184100	1931
SORBI_3008G184201	778
SORBI_3008G184300	2887
SORBI_3008G184400	1518
SORBI_3008G184500	1351
SORBI_3008G184600	2339.184
SORBI_3008G184700	1521
SORBI_3008G184800	1411
SORBI_3008G184900	1457.933
SORBI_3008G185000	403
SORBI_3008G185066	2244.976
SORBI_3008G185132	369
SORBI_3008G185200	4874.152
SORBI_3008G185300	1036.483
SORBI_3008G185400	1295.34617512341
SORBI_3008G185500	2879.06269502871
SORBI_3008G185600	2043.508
SORBI_3008G185800	1851.934
ENSRNA049437857	25
SORBI_3008G185900	1653.996
SORBI_3008G186000	8109.72
SORBI_3008G186100	2464.91942435118
SORBI_3008G186200	1810.931
SORBI_3008G186300	1885.197
SORBI_3008G186400	2786.197
SORBI_3008G186500	2179.452
SORBI_3008G186600	749.959
SORBI_3008G186700	813
SORBI_3008G186800	630.833
SORBI_3008G186900	592
SORBI_3008G187001	470.4
SORBI_3008G187100	5003.693
SORBI_3008G187200	1735.162
SORBI_3008G187300	920.923
SORBI_3008G187400	9129.206
SORBI_3008G187450	628.124
SORBI_3008G187500	189.101
SORBI_3008G187566	972
SORBI_3008G187632	674
SORBI_3008G187700	280
SORBI_3008G187800	1547.235
SORBI_3008G187900	1963.217
ENSRNA049437879	26
SORBI_3008G188000	1459.389
SORBI_3008G188100	1636.93
SORBI_3008G188200	390
SORBI_3008G188300	450
SORBI_3008G188400	1761.64
SORBI_3008G188500	364
SORBI_3008G188600	2345.496
SORBI_3008G188700	797.207
SORBI_3008G188800	2045.989
SORBI_3008G188900	2154.24207006393
SORBI_3008G188950	1326
SORBI_3008G189000	1244
SORBI_3008G189100	1114.164
SORBI_3008G189200	1082.417
SORBI_3008G189300	778.771
SORBI_3008G189400	5157.436
SORBI_3008G189500	1449.5
SORBI_3008G189600	1310.342
SORBI_3008G189700	2847.97
SORBI_3008G189800	242
SORBI_3008G189900	3549.13229503123
SORBI_3008G190000	1883.437
SORBI_3008G190100	1649.84062488851
SORBI_3008G190200	1988.754
SORBI_3008G190300	829
SORBI_3008G190400	2091.172
SORBI_3008G190500	3093.532
SORBI_3008G190600	3173.397
SORBI_3008G190700	5039.404
SORBI_3008G190800	1254.957
SORBI_3008G190900	572.272
SORBI_3008G191000	2916.085
SORBI_3008G191100	1678.875
SORBI_3008G191200	3805.669
SORBI_3008G191300	1629.064
SORBI_3008G191400	2980.423
SORBI_3008G191500	1730.891
SORBI_3008G191600	1846.125
SORBI_3008G191700	552
SORBI_3008G191800	1061
SORBI_3008G191850	1911.123
SORBI_3008G191900	2649
SORBI_3008G192000	1295.071
SORBI_3008G192100	688.948
SORBI_3008G192200	424
SORBI_3008G192300	3473.721
SORBI_3008G192400	1785.754
SORBI_3008G192500	468.439
SORBI_3008G192600	2630.411
SORBI_3008G192700	2019.79168223335
SORBI_3008G192800	2626.10061887494
SORBI_3008G192900	3911.371
SORBI_3008G193000	3217.67
SORBI_3008G193200	644.086
SORBI_3008G193300	2572.407
SORBI_3008G193400	3118.534
SORBI_3009G000100	3270.3936251854
SORBI_3009G000200	4680.985
SORBI_3009G000300	4029.519
SORBI_3009G000400	2932.369
SORBI_3009G000500	1887.25927607411
SORBI_3009G000600	847.328
SORBI_3009G000700	1875.238
SORBI_3009G000801	5279.119
SORBI_3009G000900	2410.16
SORBI_3009G001000	1704.192
SORBI_3009G001100	1921.567
SORBI_3009G001200	2051.905
SORBI_3009G001300	2658.65526498712
SORBI_3009G001400	1448.023
SORBI_3009G001500	946.632
SORBI_3009G001600	627
SORBI_3009G001700	54.847
SORBI_3009G001800	1029.037
SORBI_3009G001900	2262.204
SORBI_3009G002000	1610.22
SORBI_3009G002100	944.155
SORBI_3009G002200	1789.481
SORBI_3009G002300	2725.999
SORBI_3009G002400	760.343
SORBI_3009G002500	908
SORBI_3009G002600	894.544
SORBI_3009G002700	1212
SORBI_3009G002800	852.672
SORBI_3009G002900	1627.491
SORBI_3009G003000	3558.31443587902
SORBI_3009G003300	1868.866
SORBI_3009G003400	448
SORBI_3009G003500	53.532
SORBI_3009G003600	1452.964
SORBI_3009G003700	3415.494
SORBI_3009G003800	1098.755
SORBI_3009G003900	1077.561
SORBI_3009G004000	496
SORBI_3009G004100	1230.00353798892
SORBI_3009G004200	2360.619
SORBI_3009G004300	3029.879
SORBI_3009G004400	1074.573
SORBI_3009G004500	1716.142
SORBI_3009G004600	974.378
SORBI_3009G004700	11777.39
SORBI_3009G004800	4301.214
SORBI_3009G004900	7694.703
SORBI_3009G004950	3560.991
SORBI_3009G005000	2135.647
SORBI_3009G005100	2008.926
SORBI_3009G005200	1912.75
SORBI_3009G005300	571
SORBI_3009G005400	4702.145
ENSRNA049444139	32
ENSRNA049444134	25
SORBI_3009G005500	3547.22
SORBI_3009G005600	1084
SORBI_3009G005700	5686.146
SORBI_3009G005800	1364.543
SORBI_3009G005750	1008
SORBI_3009G005900	1258.13386342954
SORBI_3009G006000	902.515433390011
SORBI_3009G006100	3326.068
SORBI_3009G006200	3161.53
SORBI_3009G006300	2677.844
SORBI_3009G006400	1095.4
SORBI_3009G006500	1742.872
SORBI_3009G006600	823.171
SORBI_3009G006700	611
SORBI_3009G006800	466
SORBI_3009G006900	1362.459
SORBI_3009G007100	1447
ENSRNA049444126	26
SORBI_3009G007200	1512.961
SORBI_3009G007300	1420
SORBI_3009G007500	1784
SORBI_3009G007600	1466.422
SORBI_3009G007700	1851.418
SORBI_3009G007800	1646.893
SORBI_3009G007901	481
SORBI_3009G008000	709
SORBI_3009G008100	2586.63439253809
SORBI_3009G008200	2599.172
SORBI_3009G008300	2743
SORBI_3009G008400	8626.701
SORBI_3009G008600	1259.751
SORBI_3009G008701	442
SORBI_3009G008800	1405
SORBI_3009G008900	887.121
SORBI_3009G009000	1818
SORBI_3009G009100	817.776
SORBI_3009G009200	1941.17203193768
SORBI_3009G009300	1654
SORBI_3009G009400	86.053
SORBI_3009G009500	2253.268
SORBI_3009G009600	471.692
SORBI_3009G009700	656.152
SORBI_3009G009800	1121.574
SORBI_3009G009900	811.5
SORBI_3009G010000	76
SORBI_3009G010150	248
SORBI_3009G010300	3755.403
SORBI_3009G010400	4114.127
SORBI_3009G010600	7364.60778575884
SORBI_3009G010700	793.331
SORBI_3009G010800	304
SORBI_3009G010900	2339.933
SORBI_3009G011000	1865.137
SORBI_3009G011050	81
SORBI_3009G011100	1627.831
SORBI_3009G011200	3036.5
SORBI_3009G011300	3913
SORBI_3009G011400	641.767
SORBI_3009G011500	1239.1351825913
SORBI_3009G011600	1434.36797428201
SORBI_3009G011700	1752.708
SORBI_3009G011800	659.84
SORBI_3009G011901	461.227
SORBI_3009G012000	1390.317
SORBI_3009G012100	1156
SORBI_3009G012200	1599.713
SORBI_3009G012300	1009.808
SORBI_3009G012400	1492
SORBI_3009G012500	3342
SORBI_3009G012550	1239.115
SORBI_3009G012600	3308.461
SORBI_3009G012700	1069.192
SORBI_3009G012800	527.247
SORBI_3009G012900	2972
SORBI_3009G013000	3861.44962339193
SORBI_3009G013100	3639.07012537075
SORBI_3009G013200	2515.655
SORBI_3009G013300	5061.754
SORBI_3009G013400	868.601664453756
SORBI_3009G013600	1850
SORBI_3009G013700	1395.236
SORBI_3009G013800	2497.702
SORBI_3009G013850	1052
SORBI_3009G013900	1132.32975998906
SORBI_3009G014100	2599.745
SORBI_3009G014000	3880.29
SORBI_3009G014200	1897.872
SORBI_3009G014266	199.896
SORBI_3009G014332	452.809
SORBI_3009G014400	1604.57
SORBI_3009G014500	1715.7050748661
SORBI_3009G014600	1319
SORBI_3009G014700	1231.507
SORBI_3009G014800	829
SORBI_3009G014900	1790
SORBI_3009G015000	5113.372
SORBI_3009G015100	2923.035
SORBI_3009G015133	506
SORBI_3009G015166	1874
SORBI_3009G015200	16265.57
SORBI_3009G015300	2075
SORBI_3009G015400	7921.489
SORBI_3009G015500	733
SORBI_3009G015600	403
SORBI_3009G015700	693.336
SORBI_3009G015800	1060.4023503148
SORBI_3009G015900	724.785
SORBI_3009G016000	3283.632
SORBI_3009G016100	2523.176
SORBI_3009G016201	1561.683
SORBI_3009G016300	448
SORBI_3009G016400	1622.376
SORBI_3009G016500	630.59
SORBI_3009G016600	2207.943
SORBI_3009G016633	1645.894
SORBI_3009G016666	432.021
SORBI_3009G016700	1141
SORBI_3009G016800	1716.307
SORBI_3009G016900	1294
SORBI_3009G017000	957
SORBI_3009G017100	945
SORBI_3009G017200	1667.172
SORBI_3009G017300	1004
SORBI_3009G017400	2677.18147967053
SORBI_3009G017500	2378.484
SORBI_3009G017600	1895.269
SORBI_3009G017666	93
SORBI_3009G017732	1440
SORBI_3009G017800	1425.448
SORBI_3009G018000	2724.495
SORBI_3009G018100	455
SORBI_3009G018200	2717
SORBI_3009G018300	7234.011
SORBI_3009G018450	942.304
SORBI_3009G018600	2281
SORBI_3009G018700	498
SORBI_3009G018800	810
SORBI_3009G018900	2836.833
SORBI_3009G019000	899.488
SORBI_3009G019100	2696.973
SORBI_3009G019200	4245.874
SORBI_3009G019301	298
SORBI_3009G019400	706
SORBI_3009G019550	281
SORBI_3009G019700	601
SORBI_3009G019800	5156.725
SORBI_3009G019900	1207
SORBI_3009G020000	302
ENSRNA049443316	27
SORBI_3009G020100	1719.597
SORBI_3009G020200	5253
SORBI_3009G020300	1820
SORBI_3009G020500	2608.431
SORBI_3009G020600	2402.402
SORBI_3009G020700	5763.343
SORBI_3009G020800	859
SORBI_3009G020900	2787.512
SORBI_3009G020950	573.48
SORBI_3009G021000	785
SORBI_3009G021050	531
SORBI_3009G021100	2747
SORBI_3009G021300	547
SORBI_3009G021400	619
SORBI_3009G021500	1311.745
SORBI_3009G021600	1197
SORBI_3009G021700	1328
SORBI_3009G021800	512
SORBI_3009G021900	2638.475
SORBI_3009G022000	1581.034
SORBI_3009G022100	3200.479
SORBI_3009G022200	2210.735
SORBI_3009G022400	799.111
ENSRNA049480000	26
ENSRNA049479980	34
SORBI_3009G022500	1394.516
SORBI_3009G022600	6511.694
SORBI_3009G022700	916.64
SORBI_3009G022800	1733.72168093933
SORBI_3009G022900	4924.534
SORBI_3009G023050	877
SORBI_3009G023200	2450.565
SORBI_3009G023300	1313
SORBI_3009G023401	2599.481
SORBI_3009G023501	440
SORBI_3009G023600	1039.50660923151
SORBI_3009G023700	1237.514
SORBI_3009G023801	2287.46
SORBI_3009G023900	1895
SORBI_3009G024000	5243.406
SORBI_3009G024100	3865.209
SORBI_3009G024133	2881
SORBI_3009G024166	166
SORBI_3009G024200	1712.912
SORBI_3009G024300	801.675
SORBI_3009G024400	1637.285
SORBI_3009G024500	675.186
SORBI_3009G024600	1140.27407476046
SORBI_3009G024650	922
SORBI_3009G024700	469
SORBI_3009G024800	9922.648
SORBI_3009G024900	2417.082
SORBI_3009G025000	263
SORBI_3009G025100	1438.448
SORBI_3009G025200	4163.048
SORBI_3009G025300	1735
SORBI_3009G025400	3534.248
SORBI_3009G025500	544
SORBI_3009G025600	81
ENSRNA049443353	27
SORBI_3009G025700	1681.912
ENSRNA049443369	27
SORBI_3009G025750	350
SORBI_3009G025800	1229.356
SORBI_3009G025900	1007.532
SORBI_3009G025950	586
SORBI_3009G026000	896.333333333333
SORBI_3009G026101	1140.142
SORBI_3009G026200	1403.1596870956
SORBI_3009G026300	1036.537
SORBI_3009G026400	478
SORBI_3009G026500	2856.8167984863
SORBI_3009G026600	57
SORBI_3009G026650	1383
SORBI_3009G026700	3673
SORBI_3009G026800	1155.247
SORBI_3009G026850	1327
SORBI_3009G026900	2372.216
SORBI_3009G027000	890.845
SORBI_3009G027100	2392.35570137689
SORBI_3009G027200	2906.862
SORBI_3009G027300	4242.41726461717
SORBI_3009G027350	891.429
SORBI_3009G027550	5728.053
SORBI_3009G027400	475
SORBI_3009G027700	1913.248
SORBI_3009G027800	2257.88
SORBI_3009G027900	3316.781
SORBI_3009G028100	1885.30850545682
SORBI_3009G028200	2976.69017066102
SORBI_3009G028300	5124.93343914145
SORBI_3009G028400	1352.298
SORBI_3009G028500	3917.566
SORBI_3009G028600	543.8
SORBI_3009G028650	396
SORBI_3009G028700	1637
SORBI_3009G028800	1424.091
SORBI_3009G028901	2025.995
SORBI_3009G029001	750.587
SORBI_3009G029100	1150
SORBI_3009G029300	563
SORBI_3009G029500	2081.42689685846
SORBI_3009G029600	2167.824
SORBI_3009G029700	2431.34
SORBI_3009G029800	1009
SORBI_3009G029900	1852
SORBI_3009G030001	1454
SORBI_3009G030100	1272.368
ENSRNA049479941	10
SORBI_3009G030200	1773.216
SORBI_3009G030300	1256.50457325784
SORBI_3009G030400	881.650819065604
SORBI_3009G030501	70
SORBI_3009G030600	1939.424
SORBI_3009G030701	726.914
SORBI_3009G030800	770.333324817171
SORBI_3009G030900	731.565
SORBI_3009G031000	2852.082
SORBI_3009G031100	2374.853
SORBI_3009G031200	3080.82804727878
SORBI_3009G031300	2765.088
SORBI_3009G031400	2577.89157569855
SORBI_3009G031450	1962.433
SORBI_3009G031500	1778.851
SORBI_3009G031600	3542.45
SORBI_3009G031700	2983
SORBI_3009G031800	213
SORBI_3009G031900	1060
SORBI_3009G032000	2063.887
SORBI_3009G032100	698.757
SORBI_3009G032200	2074.17836413079
SORBI_3009G032300	2620.388
SORBI_3009G032350	198
SORBI_3009G032400	2293.085
SORBI_3009G032500	2224.023
SORBI_3009G032533	201
SORBI_3009G032566	867
SORBI_3009G032600	1455.964
SORBI_3009G032700	1190
SORBI_3009G032800	1208
SORBI_3009G032900	1216
SORBI_3009G033000	1336.537
SORBI_3009G033100	3795.70668102328
SORBI_3009G033200	1148.43097407644
SORBI_3009G033300	1186.279
SORBI_3009G033400	2353.269
SORBI_3009G033500	1000.328
SORBI_3009G033600	3372.631
SORBI_3009G033700	3141.07
SORBI_3009G033800	1220.58954851785
SORBI_3009G033900	2029.136
SORBI_3009G034000	787.774
SORBI_3009G034100	1203.63486551632
SORBI_3009G034200	1757.78155227442
SORBI_3009G034250	381
SORBI_3009G034300	1441.497
SORBI_3009G034400	1035.097
SORBI_3009G034500	5238.759
SORBI_3009G034600	1031.927
SORBI_3009G034700	2557.7939168609
SORBI_3009G034800	2952.567
SORBI_3009G035000	1638.419
SORBI_3009G035100	5576.807
SORBI_3009G035200	185.102
SORBI_3009G035300	869
SORBI_3009G035400	1084
SORBI_3009G035500	280
SORBI_3009G035601	592
SORBI_3009G035700	1116
SORBI_3009G035900	931
SORBI_3009G036000	639.552
SORBI_3009G036100	445.485
SORBI_3009G036200	1272.80679943062
SORBI_3009G036300	1605.102
SORBI_3009G036333	1177.249
SORBI_3009G036366	315
SORBI_3009G036400	2218.295
SORBI_3009G036450	406
SORBI_3009G036500	2352.448
SORBI_3009G036700	1298.355
SORBI_3009G036800	1140.035
SORBI_3009G036900	815.716
SORBI_3009G037000	1515.08488289911
SORBI_3009G037050	3
SORBI_3009G037100	1182
SORBI_3009G037200	1787
SORBI_3009G037300	1802
SORBI_3009G037400	793
SORBI_3009G037500	3068.297
SORBI_3009G037600	1178.06799218009
SORBI_3009G037700	1438.602
SORBI_3009G037800	5285.8590070683
SORBI_3009G038000	535.284
SORBI_3009G038100	705.837
SORBI_3009G038200	2748.083
SORBI_3009G038300	2254.727
SORBI_3009G038401	499.422
SORBI_3009G038501	463
SORBI_3009G038600	1358.63806127115
SORBI_3009G038701	2239.528
SORBI_3009G038800	2168.514
SORBI_3009G038900	2922.376
SORBI_3009G039000	935
SORBI_3009G039100	998
SORBI_3009G039200	1243
SORBI_3009G039300	343
SORBI_3009G039400	204
SORBI_3009G039500	1170
SORBI_3009G039600	1143
SORBI_3009G039700	1290
SORBI_3009G039800	5169.581
SORBI_3009G039900	660
SORBI_3009G040000	798
SORBI_3009G040100	815
SORBI_3009G040175	1805.976
SORBI_3009G040250	779.158
SORBI_3009G040325	521.895
SORBI_3009G040400	1846.281
SORBI_3009G040500	1285.671
SORBI_3009G040600	3365.211
SORBI_3009G040700	3469.459
ENSRNA049444114	27
SORBI_3009G040800	1930.783
SORBI_3009G040900	2161.18069574224
SORBI_3009G041000	3275.671
SORBI_3009G041100	400
SORBI_3009G041200	316
SORBI_3009G041301	750.17
SORBI_3009G041400	4032.98
SORBI_3009G041600	2098.093
SORBI_3009G041700	2204.29153196198
SORBI_3009G041800	1628.131
SORBI_3009G041900	1347
SORBI_3009G042000	3066.376
SORBI_3009G042100	2678.541
SORBI_3009G042200	2168.989
SORBI_3009G042300	746.118
SORBI_3009G042400	1500.07
SORBI_3009G042500	1585.534
SORBI_3009G042600	3002.12060505369
SORBI_3009G042700	2731.247
SORBI_3009G042800	1586.703
SORBI_3009G042900	334.278
SORBI_3009G043000	1046.68142268055
SORBI_3009G043100	3541.553
SORBI_3009G043200	517
SORBI_3009G043400	2961.455
SORBI_3009G043500	1567.234
SORBI_3009G043600	1476.581
SORBI_3009G043700	437.884
SORBI_3009G043800	2008.941
SORBI_3009G043900	1061.302
SORBI_3009G044000	690
SORBI_3009G044100	749
SORBI_3009G044200	870
SORBI_3009G044300	2136.346
SORBI_3009G044400	900.238
SORBI_3009G044501	565
SORBI_3009G044600	1133.665
SORBI_3009G044700	1330.282
SORBI_3009G044800	2532.644
SORBI_3009G044900	1519.032
ENSRNA049479993	11
SORBI_3009G045000	1966.36177846014
SORBI_3009G045100	1747.712
SORBI_3009G045200	2100.54222443441
SORBI_3009G045300	2337.90517491019
SORBI_3009G045400	2289.52126657138
SORBI_3009G045500	1470.825
SORBI_3009G045600	1583.314
SORBI_3009G045700	1498.99247306675
SORBI_3009G045800	956.671
SORBI_3009G045900	1502.066
SORBI_3009G046000	850
SORBI_3009G046100	2116.05
SORBI_3009G046200	1166.517
SORBI_3009G046300	467
SORBI_3009G046400	988
SORBI_3009G046500	2723.413
SORBI_3009G046600	1113.929
SORBI_3009G046700	3949.261
SORBI_3009G046800	3433.31
SORBI_3009G046900	1717.874
SORBI_3009G047000	1413.227
SORBI_3009G047033	684
SORBI_3009G047066	1066
SORBI_3009G047100	863
SORBI_3009G047200	5975.601
SORBI_3009G047150	558
SORBI_3009G047400	1259
SORBI_3009G047500	859
SORBI_3009G047600	3419.316
SORBI_3009G047700	1329.977
SORBI_3009G047800	970
SORBI_3009G047900	1427
SORBI_3009G048000	3040.592
SORBI_3009G048100	2030.63
SORBI_3009G048201	970
SORBI_3009G048300	3096.25
SORBI_3009G048350	1143
SORBI_3009G048400	687
SORBI_3009G048466	472
SORBI_3009G048532	163
SORBI_3009G048600	1332
SORBI_3009G048700	2186
SORBI_3009G048800	514.685488776986
ENSRNA049995770	34
SORBI_3009G048900	1477.5
SORBI_3009G049000	1511.916
SORBI_3009G049100	1261
SORBI_3009G049200	2515.198
SORBI_3009G049300	1574.566
SORBI_3009G049400	2485.527
SORBI_3009G049500	4011.5
SORBI_3009G049600	10241.685
SORBI_3009G049701	622
SORBI_3009G049800	4955.31034383472
SORBI_3009G049850	577
SORBI_3009G049900	2073.082
SORBI_3009G050000	2843.347
SORBI_3009G050100	840.619
SORBI_3009G050200	467.187
SORBI_3009G050300	1037.818
ENSRNA049479997	32
SORBI_3009G050400	3263.815
SORBI_3009G050500	1303.625
SORBI_3009G050600	961.613064044172
SORBI_3009G050700	2124.847
SORBI_3009G050800	1009
SORBI_3009G050900	2018.77720682107
SORBI_3009G051001	318
SORBI_3009G051101	118
SORBI_3009G051201	1095
SORBI_3009G051301	696
SORBI_3009G051400	1292.19
SORBI_3009G051500	708.632397186507
SORBI_3009G051600	1728.717
SORBI_3009G051700	1213.016
ENSRNA049444086	27
SORBI_3009G051800	1993.655
SORBI_3009G051900	1522
SORBI_3009G052000	4511.348
SORBI_3009G052100	2471.37
SORBI_3009G052200	1779.442
SORBI_3009G052300	2570.8
SORBI_3009G052400	2603
SORBI_3009G052500	2918.773
SORBI_3009G052600	807.133
SORBI_3009G052700	1583.80311260555
SORBI_3009G052800	816
SORBI_3009G052901	808.098
SORBI_3009G053001	198
SORBI_3009G053101	1672.607
SORBI_3009G053201	6494.431
SORBI_3009G053300	1642.363
SORBI_3009G053400	2276.586
SORBI_3009G053500	136
SORBI_3009G053600	2865.87
SORBI_3009G053700	1598.038
SORBI_3009G053800	8310.169
SORBI_3009G053900	3803.937
SORBI_3009G054000	689.043
SORBI_3009G054100	1681.348
SORBI_3009G054200	21041.999
SORBI_3009G054301	2483.466
SORBI_3009G054400	3059.98613372703
SORBI_3009G054450	1423
SORBI_3009G054500	1893.04106671957
SORBI_3009G054600	1717.279
SORBI_3009G054700	1260.071
SORBI_3009G054800	659.37
SORBI_3009G054900	1737.408
SORBI_3009G055000	2562.438
SORBI_3009G055100	1479.801
SORBI_3009G055200	2644.961
SORBI_3009G055300	1263.454
ENSRNA049443400	27
SORBI_3009G055400	1848.747
SORBI_3009G055500	1643.411
SORBI_3009G055550	345.399
SORBI_3009G055600	3520.263
SORBI_3009G055700	969.783
SORBI_3009G055800	1260.636
SORBI_3009G055900	5972.574
SORBI_3009G055966	482
SORBI_3009G056032	178
SORBI_3009G056100	7941.415
SORBI_3009G056200	2456.102
SORBI_3009G056300	1113.646
SORBI_3009G056400	1094.656
SORBI_3009G056500	6241.689
SORBI_3009G056600	436
SORBI_3009G056700	3051.668
SORBI_3009G056800	765.775
SORBI_3009G056900	14847
SORBI_3009G056950	1328
SORBI_3009G057000	766.5
SORBI_3009G057100	1336.777
SORBI_3009G057200	1454.26192575352
SORBI_3009G057300	2028.226
SORBI_3009G057400	817.322
SORBI_3009G057500	775.049
SORBI_3009G057600	3445.523
SORBI_3009G057700	1185.742
SORBI_3009G057750	4
ENSRNA049444059	25
SORBI_3009G057800	4059.073
SORBI_3009G057900	2324.92627084616
ENSRNA049443413	25
ENSRNA049995762	69
SORBI_3009G058100	3042
SORBI_3009G058200	109
SORBI_3009G058300	563
SORBI_3009G058400	675
SORBI_3009G058500	1061.46098732734
SORBI_3009G058600	940
SORBI_3009G058800	888.425
ENSRNA049443429	34
SORBI_3009G059000	8176.632
SORBI_3009G058900	2284
SORBI_3009G059100	907
SORBI_3009G059200	397
SORBI_3009G059300	1056.247
SORBI_3009G059400	834.069
SORBI_3009G059500	1793.882
SORBI_3009G059600	3897.21
SORBI_3009G059700	1740.414
SORBI_3009G059800	430
SORBI_3009G059866	331
SORBI_3009G059932	430
SORBI_3009G060000	1233
SORBI_3009G060100	1360
SORBI_3009G060300	1603.50590527313
SORBI_3009G060400	2273.513
SORBI_3009G060501	74
SORBI_3009G060600	413
SORBI_3009G060700	3563
SORBI_3009G060800	1736
SORBI_3009G060900	1348
SORBI_3009G061000	1602.043
SORBI_3009G061100	430
SORBI_3009G061200	1008.038
SORBI_3009G061300	1894.014
SORBI_3009G061400	3018.84
SORBI_3009G061500	493
SORBI_3009G061601	12303.801
SORBI_3009G061700	6721.436
SORBI_3009G061800	666
SORBI_3009G061900	1065.66666666667
SORBI_3009G062000	294.495
SORBI_3009G062150	1378
SORBI_3009G062300	2169
SORBI_3009G062400	1764.983
SORBI_3009G062500	1790.996
SORBI_3009G062600	2305
SORBI_3009G062701	1505.70538316509
SORBI_3009G062800	1986.113
SORBI_3009G062900	3980.05649545398
SORBI_3009G063000	114
SORBI_3009G063100	1959.811
SORBI_3009G063200	821.399
SORBI_3009G063301	2201.047
SORBI_3009G063400	3286.66
SORBI_3009G063450	925.853
SORBI_3009G063500	4911.954
SORBI_3009G063700	1363
SORBI_3009G063800	612.096
SORBI_3009G063900	717.528
SORBI_3009G064000	533.275
SORBI_3009G064100	186
SORBI_3009G064200	2619.443
SORBI_3009G064250	1738
SORBI_3009G064300	732.615
SORBI_3009G064400	1490.754
SORBI_3009G064500	1235.979
SORBI_3009G064600	1692
SORBI_3009G064700	1072
SORBI_3009G064766	3089.46
SORBI_3009G064832	1478.933
SORBI_3009G064900	2886.134
SORBI_3009G065000	1172.807
SORBI_3009G065100	3193.986
SORBI_3009G065200	4004.838
SORBI_3009G065300	643.737
SORBI_3009G065400	1777.584
SORBI_3009G065500	430
SORBI_3009G065600	2382.586
SORBI_3009G065700	520
SORBI_3009G065800	528
SORBI_3009G065900	1417.529
SORBI_3009G066000	961.983
SORBI_3009G066100	2148.969
SORBI_3009G066200	613.855
SORBI_3009G066300	717.909
SORBI_3009G066400	3482.296
SORBI_3009G066500	908.937
SORBI_3009G066600	559.748
SORBI_3009G066700	1047
SORBI_3009G066800	846.071
SORBI_3009G066850	593
SORBI_3009G066900	3106.749
SORBI_3009G067000	3225.545
ENSRNA049443446	24
SORBI_3009G067100	1438
SORBI_3009G067200	2726.871
SORBI_3009G067301	73.17
SORBI_3009G067400	161
SORBI_3009G067450	714
SORBI_3009G067501	161
SORBI_3009G067551	1321.477
SORBI_3009G067600	713
SORBI_3009G067700	925
SORBI_3009G067800	457
SORBI_3009G068000	2175.653
ENSRNA049444042	25
SORBI_3009G068100	96
SORBI_3009G068200	784.657
SORBI_3009G068300	1923.955
SORBI_3009G068350	437
SORBI_3009G068400	2077.5
SORBI_3009G068500	1165.3844914909
SORBI_3009G068600	1512.895
SORBI_3009G068700	2645.876
SORBI_3009G068800	1622.415
SORBI_3009G068900	1047.566
SORBI_3009G069000	2089.87
ENSRNA049479815	10
ENSRNA049479757	10
ENSRNA049479887	10
ENSRNA049479862	10
ENSRNA049479914	10
ENSRNA049479723	10
ENSRNA049479718	10
ENSRNA049479597	10
ENSRNA049479824	10
ENSRNA049479791	10
ENSRNA049479599	10
ENSRNA049479694	10
ENSRNA049479802	10
ENSRNA049479923	6
ENSRNA049479603	10
ENSRNA049479792	10
ENSRNA049479646	10
ENSRNA049478998	10
ENSRNA049479805	10
ENSRNA049479001	10
ENSRNA049479005	10
ENSRNA049479008	10
ENSRNA049479654	10
ENSRNA049478964	10
ENSRNA049479826	10
ENSRNA049479617	10
ENSRNA049479010	10
ENSRNA049479015	10
ENSRNA049479017	10
ENSRNA049479019	10
ENSRNA049479727	10
ENSRNA049479656	10
ENSRNA049479846	10
ENSRNA049479749	10
ENSRNA049479023	10
ENSRNA049479026	10
ENSRNA049479030	10
ENSRNA049479032	10
ENSRNA049479034	10
ENSRNA049479038	10
ENSRNA049479671	10
ENSRNA049479746	10
ENSRNA049479042	10
ENSRNA049479813	11
ENSRNA049479046	10
ENSRNA049479049	10
ENSRNA049479056	10
ENSRNA049479058	10
ENSRNA049478967	10
ENSRNA049479062	10
ENSRNA049479064	10
ENSRNA049479638	10
ENSRNA049479930	10
ENSRNA049479070	10
ENSRNA049479073	10
ENSRNA049479775	10
ENSRNA049479762	10
ENSRNA049479841	10
ENSRNA049479771	10
ENSRNA049479076	10
ENSRNA049479080	10
ENSRNA049479083	10
SORBI_3009G069100	997
ENSRNA049479779	10
ENSRNA049479086	10
ENSRNA049479095	10
ENSRNA049479100	10
ENSRNA049479103	10
ENSRNA049478972	10
ENSRNA049478976	10
ENSRNA049479933	10
ENSRNA049479108	10
ENSRNA049479111	10
ENSRNA049479117	10
ENSRNA049479121	10
ENSRNA049478978	10
ENSRNA049479830	10
ENSRNA049479794	10
ENSRNA049479606	10
ENSRNA049479697	10
ENSRNA049479807	10
ENSRNA049479927	6
ENSRNA049479610	10
ENSRNA049479720	10
ENSRNA049479613	10
ENSRNA049479124	10
ENSRNA049479128	10
ENSRNA049479133	10
ENSRNA049479138	10
ENSRNA049479142	10
ENSRNA049479146	10
ENSRNA049479149	10
ENSRNA049479687	10
ENSRNA049479154	10
ENSRNA049479161	10
ENSRNA049479165	10
ENSRNA049479171	10
ENSRNA049479172	10
ENSRNA049479180	10
ENSRNA049479766	10
ENSRNA049479182	10
ENSRNA049479189	10
ENSRNA049479193	10
ENSRNA049479195	10
ENSRNA049479818	10
ENSRNA049479938	11
ENSRNA049479882	10
ENSRNA049479851	10
ENSRNA049479198	10
ENSRNA049479200	10
ENSRNA049479704	10
ENSRNA049479636	10
ENSRNA049479206	10
ENSRNA049479208	10
ENSRNA049479652	10
ENSRNA049479834	10
ENSRNA049479212	10
ENSRNA049479215	10
ENSRNA049479216	10
ENSRNA049479936	2
ENSRNA049479220	10
ENSRNA049479224	10
ENSRNA049479227	10
ENSRNA049479229	10
ENSRNA049479628	10
ENSRNA049479661	10
ENSRNA049479621	10
ENSRNA049479625	10
ENSRNA049479232	10
ENSRNA049479236	10
ENSRNA049479240	10
ENSRNA049479714	10
ENSRNA049479893	11
ENSRNA049479241	10
ENSRNA049479245	10
ENSRNA049479249	10
ENSRNA049479252	10
ENSRNA049479648	10
ENSRNA049479256	10
ENSRNA049479260	10
ENSRNA049479263	10
ENSRNA049479265	10
ENSRNA049479267	10
ENSRNA049479681	10
ENSRNA049479268	10
ENSRNA049479726	10
ENSRNA049479272	10
ENSRNA049479274	10
ENSRNA049479782	10
ENSRNA049479277	10
ENSRNA049479281	10
ENSRNA049479939	10
ENSRNA049479691	10
ENSRNA049479285	10
ENSRNA049478980	10
ENSRNA049479903	10
ENSRNA049479291	10
ENSRNA049479295	10
ENSRNA049479300	10
ENSRNA049479304	10
ENSRNA049479306	10
ENSRNA049479308	10
ENSRNA049479314	10
ENSRNA049479631	10
ENSRNA049478991	10
ENSRNA049479319	10
ENSRNA049479811	10
ENSRNA049479320	10
ENSRNA049479323	10
ENSRNA049479326	10
ENSRNA049479329	10
ENSRNA049479332	10
ENSRNA049479335	10
ENSRNA049479337	10
ENSRNA049479340	10
ENSRNA049479342	10
ENSRNA049479346	10
ENSRNA049479349	10
ENSRNA049479355	10
ENSRNA049479799	10
ENSRNA049479360	10
ENSRNA049479364	10
ENSRNA049479371	10
ENSRNA049479376	10
ENSRNA049479378	10
ENSRNA049479382	10
ENSRNA049479386	10
ENSRNA049479388	10
ENSRNA049479393	10
ENSRNA049479397	10
ENSRNA049479399	10
ENSRNA049479836	10
ENSRNA049479405	10
ENSRNA049479407	10
ENSRNA049479741	10
ENSRNA049479412	10
ENSRNA049479833	10
ENSRNA049479418	10
ENSRNA049479420	10
ENSRNA049479425	10
ENSRNA049479427	10
ENSRNA049479710	10
ENSRNA049479431	10
ENSRNA049479644	10
ENSRNA049479787	10
ENSRNA049479857	10
ENSRNA049479433	10
ENSRNA049479438	10
ENSRNA049479769	10
ENSRNA049479441	10
ENSRNA049479444	10
ENSRNA049479446	10
ENSRNA049479450	10
ENSRNA049479454	10
ENSRNA049479458	10
ENSRNA049479462	10
ENSRNA049479468	10
ENSRNA049479706	10
ENSRNA049479472	10
ENSRNA049479477	10
ENSRNA049479482	10
ENSRNA049479484	10
ENSRNA049479743	10
ENSRNA049479487	10
ENSRNA049478984	10
ENSRNA049479490	10
ENSRNA049479752	10
ENSRNA049479493	10
ENSRNA049479497	10
ENSRNA049479500	10
ENSRNA049479732	10
ENSRNA049479975	11
ENSRNA049479668	10
ENSRNA049479797	10
ENSRNA049479878	10
ENSRNA049479786	10
ENSRNA049479860	10
ENSRNA049479502	10
ENSRNA049479504	10
ENSRNA049479507	10
ENSRNA049479510	10
ENSRNA049479640	10
ENSRNA049479513	10
ENSRNA049479517	10
ENSRNA049479519	10
ENSRNA049479521	10
ENSRNA049479524	10
ENSRNA049478988	10
ENSRNA049479876	10
ENSRNA049479528	10
ENSRNA049479533	10
ENSRNA049479535	10
ENSRNA049479538	10
ENSRNA049479542	10
ENSRNA049479906	10
ENSRNA049479897	10
ENSRNA049479545	10
ENSRNA049478990	10
ENSRNA049479872	10
ENSRNA049479911	10
ENSRNA049479547	10
ENSRNA049479551	10
ENSRNA049479677	10
ENSRNA049479553	10
ENSRNA049479555	10
ENSRNA049479558	10
ENSRNA049479735	10
ENSRNA049479561	10
ENSRNA049479565	10
ENSRNA049479570	10
ENSRNA049479576	10
ENSRNA049479619	10
ENSRNA049479577	10
ENSRNA049479580	10
ENSRNA049479582	10
ENSRNA049479586	10
ENSRNA049479866	10
ENSRNA049479587	10
ENSRNA049479594	10
SORBI_3009G069200	4781.81512089269
SORBI_3009G069300	3093.34005339669
SORBI_3009G069400	117
SORBI_3009G069450	570.907
SORBI_3009G069500	314.561
SORBI_3009G069600	2683.259
SORBI_3009G069700	1761.08
SORBI_3009G069800	1784.149
SORBI_3009G069901	705
SORBI_3009G070000	1321
SORBI_3009G070033	88
SORBI_3009G070066	111
SORBI_3009G070100	414.642
SORBI_3009G070200	1449.046
SORBI_3009G070250	1332.478
SORBI_3009G070300	190.853
SORBI_3009G070400	2616.367
SORBI_3009G070500	2188
SORBI_3009G070600	1129.399
SORBI_3009G070700	1201.485
SORBI_3009G070750	2800
SORBI_3009G070800	728.313701631623
SORBI_3009G070900	454.166
SORBI_3009G070950	371.651
SORBI_3009G071000	215
SORBI_3009G071100	298
SORBI_3009G071300	1043
SORBI_3009G071401	1756
SORBI_3009G071500	9338.541
SORBI_3009G071600	1155.77267527037
SORBI_3009G071700	2119.282
SORBI_3009G071800	2226.943
SORBI_3009G071900	96
SORBI_3009G072000	1397.781
SORBI_3009G072033	3221
SORBI_3009G072066	617
SORBI_3009G072100	1780.921
SORBI_3009G072200	1380.856
SORBI_3009G072300	677.946
SORBI_3009G072333	165.6
SORBI_3009G072366	1612
SORBI_3009G072400	4584.914
SORBI_3009G072500	1836.874
SORBI_3009G072550	74
SORBI_3009G072600	1586
SORBI_3009G072700	1530.519
SORBI_3009G072800	538
SORBI_3009G072900	1907.82405889427
SORBI_3009G073000	1301.592
SORBI_3009G073100	1281.775
SORBI_3009G073200	280
SORBI_3009G073300	2848.022
SORBI_3009G073400	1391.467
SORBI_3009G073500	1589
SORBI_3009G073600	433
SORBI_3009G073700	364
SORBI_3009G073800	1701.53383638342
SORBI_3009G073900	979.828
SORBI_3009G074100	1745.324
SORBI_3009G074000	538
SORBI_3009G074200	741
SORBI_3009G074250	2673
SORBI_3009G074300	2070.277
SORBI_3009G074400	2928.646
SORBI_3009G074500	1582.955
SORBI_3009G074700	2169.754
SORBI_3009G074800	443.596
SORBI_3009G074850	88
SORBI_3009G074900	1658
SORBI_3009G075000	1621
SORBI_3009G075100	600.392
SORBI_3009G075201	2898.348
SORBI_3009G075300	349
SORBI_3009G075400	791
SORBI_3009G075500	1074.65090566574
SORBI_3009G075600	1300.699
SORBI_3009G075800	7477.695
SORBI_3009G075900	1776.818
SORBI_3009G076100	3923.126
SORBI_3009G076000	831
SORBI_3009G076200	799
SORBI_3009G076300	361
SORBI_3009G076400	704.463
ENSRNA049479945	21
ENSRNA049479943	23
ENSRNA049479948	24
SORBI_3009G076500	532
SORBI_3009G076600	1643.027
SORBI_3009G076550	96
SORBI_3009G076700	1083.487
SORBI_3009G076800	1573.062
SORBI_3009G076900	993.127
SORBI_3009G077000	1288
SORBI_3009G077100	3909.211
SORBI_3009G077200	88
SORBI_3009G077250	381
SORBI_3009G077300	1822.771
SORBI_3009G077400	1241.865
SORBI_3009G077500	1330.40869473336
SORBI_3009G077600	3056.53118670432
SORBI_3009G077700	1041.596
SORBI_3009G077800	539.607
SORBI_3009G077901	41
SORBI_3009G078000	428.52
SORBI_3009G078200	17471.496
SORBI_3009G078300	1498.646
SORBI_3009G078401	601
SORBI_3009G078500	1806.13272148095
SORBI_3009G078600	1223
SORBI_3009G078700	841
SORBI_3009G078900	2124.903
SORBI_3009G079000	2055.84
SORBI_3009G079100	3468.122
SORBI_3009G079200	780
SORBI_3009G079300	3154.4333674571
SORBI_3009G079400	2034.447
SORBI_3009G079500	1791.411
SORBI_3009G079600	542.144
SORBI_3009G079700	511
SORBI_3009G079801	158
SORBI_3009G079900	2226
SORBI_3009G079925	267
SORBI_3009G079950	978.013
SORBI_3009G080000	692.125472107277
SORBI_3009G079975	476.58
SORBI_3009G080100	707.708855254834
SORBI_3009G080150	1378
SORBI_3009G080200	1297.129
SORBI_3009G080233	418
SORBI_3009G080266	1369
SORBI_3009G080300	712
SORBI_3009G080400	1027.677
SORBI_3009G080450	3604
SORBI_3009G080500	269
SORBI_3009G080600	1670.968
SORBI_3009G080700	10395.458
SORBI_3009G080800	332
SORBI_3009G080900	2499.338
SORBI_3009G081100	131.695
SORBI_3009G081300	581
SORBI_3009G081400	2126.418
SORBI_3009G081500	1927.097
SORBI_3009G081700	8987.00299774214
SORBI_3009G081800	3842.81
SORBI_3009G081900	2678
SORBI_3009G082000	2751.33
SORBI_3009G082050	786.28
SORBI_3009G082100	1012
SORBI_3009G082200	2880.224
SORBI_3009G082300	1250
SORBI_3009G082400	681
SORBI_3009G082500	1767
SORBI_3009G082550	948
SORBI_3009G082600	1853.617
SORBI_3009G082700	3129.256
SORBI_3009G082800	1054.62242084336
SORBI_3009G082900	973
SORBI_3009G083100	2111.415
SORBI_3009G083000	1010.005
SORBI_3009G083200	1132.491
SORBI_3009G083300	2592
SORBI_3009G083400	1989.304
SORBI_3009G083500	5279.021
SORBI_3009G083450	459.932
SORBI_3009G083600	805.856
SORBI_3009G083800	3321.339
SORBI_3009G083900	4788.90270581042
SORBI_3009G084000	1494.65313978802
SORBI_3009G084100	949.212373950382
SORBI_3009G084300	1847.79065708619
SORBI_3009G084400	2164.202
SORBI_3009G084500	1551.8364599875
SORBI_3009G084600	820.225
SORBI_3009G084700	947.355
SORBI_3009G084800	1742.111
SORBI_3009G084900	3192.459
SORBI_3009G084950	117
SORBI_3009G085001	1451.406
SORBI_3009G085051	1636
SORBI_3009G085100	805.859
SORBI_3009G085200	1219.63025975583
SORBI_3009G085250	1597
SORBI_3009G085300	375.946
SORBI_3009G085400	1515.783
SORBI_3009G085500	2293.424
SORBI_3009G085600	1906.722
SORBI_3009G085700	836.363
SORBI_3009G085900	957.774
SORBI_3009G086100	931
SORBI_3009G086200	1499.815
SORBI_3009G086300	2026.292
SORBI_3009G086400	496
SORBI_3009G086501	345
SORBI_3009G086600	1753
SORBI_3009G086700	1154
SORBI_3009G086800	1585
SORBI_3009G086900	2104.97790155585
SORBI_3009G087000	2923.046
SORBI_3009G087100	1789.138
SORBI_3009G087200	2042
SORBI_3009G087300	1992.539
SORBI_3009G087360	21
SORBI_3009G087420	1912
SORBI_3009G087480	410
SORBI_3009G087540	5222.613
SORBI_3009G087600	2269
SORBI_3009G087700	581
SORBI_3009G087800	957.915
SORBI_3009G087850	581.402
SORBI_3009G087900	1573
SORBI_3009G088000	2282.4351879193
SORBI_3009G088100	3794.512
SORBI_3009G088200	1546.57106347745
SORBI_3009G088300	292
SORBI_3009G088401	1241.383
SORBI_3009G088500	400
SORBI_3009G088525	460
SORBI_3009G088550	1648
SORBI_3009G088575	9266.042
SORBI_3009G088600	1355.794
SORBI_3009G088700	2271.642
SORBI_3009G088800	1383.021
SORBI_3009G088900	666
SORBI_3009G089000	2534
SORBI_3009G089101	149.639
SORBI_3009G089200	2851.5
SORBI_3009G089366	158
SORBI_3009G089532	2080
SORBI_3009G089700	886.178178217158
SORBI_3009G089800	983.666666666667
SORBI_3009G090000	124.031
SORBI_3009G090100	1370.266
SORBI_3009G090250	855
SORBI_3009G090400	2126
SORBI_3009G090500	1482.45
SORBI_3009G090566	247
SORBI_3009G090632	664
SORBI_3009G090700	298
SORBI_3009G090800	28545.61
SORBI_3009G090900	631
SORBI_3009G091000	2885
SORBI_3009G091101	781
SORBI_3009G091200	28
SORBI_3009G091300	1891
SORBI_3009G091600	932
SORBI_3009G091800	1036.26490615693
SORBI_3009G091850	716.634
SORBI_3009G091900	1794
SORBI_3009G091940	499.008
SORBI_3009G091980	1672
SORBI_3009G092020	805.597
SORBI_3009G092060	17370.32
SORBI_3009G092100	3896.626
SORBI_3009G092200	275
SORBI_3009G092300	2527.003
SORBI_3009G092400	1590.15143366184
SORBI_3009G092601	817
SORBI_3009G092800	1234.972
SORBI_3009G092850	1405
SORBI_3009G092900	1663.41194352358
SORBI_3009G093000	577
SORBI_3009G093100	1815.865
SORBI_3009G093200	885.523
SORBI_3009G093301	2243
SORBI_3009G093400	280.07
SORBI_3009G093800	1837
SORBI_3009G093900	1687.32344644277
SORBI_3009G094000	482
SORBI_3009G094100	434
SORBI_3009G094200	6119.273
SORBI_3009G094300	1208.6770323183
SORBI_3009G094450	430.807
SORBI_3009G094600	323
SORBI_3009G094700	768.867
SORBI_3009G094800	620.007
SORBI_3009G094900	5076.446
SORBI_3009G095100	636.269
SORBI_3009G095200	722
SORBI_3009G095300	880
SORBI_3009G095400	4077
SORBI_3009G095480	1471
SORBI_3009G095560	1582
SORBI_3009G095640	1469
SORBI_3009G095720	1121
SORBI_3009G095800	889
SORBI_3009G096100	1085.54743896079
SORBI_3009G096300	1006
SORBI_3009G096433	20541.049
SORBI_3009G096566	3313
ENSRNA049480852	22
SORBI_3009G096700	1586
SORBI_3009G096850	7245
SORBI_3009G097000	2734
SORBI_3009G097100	2047.386
SORBI_3009G097200	5678.387
SORBI_3009G097250	122
SORBI_3009G097300	4296.959
SORBI_3009G097400	88
SORBI_3009G097500	62
SORBI_3009G097900	937.438
SORBI_3009G098000	2162.364
SORBI_3009G098100	1659.906
SORBI_3009G098150	3328
SORBI_3009G098200	682
SORBI_3009G098300	975.853
SORBI_3009G098400	898
SORBI_3009G098501	257
SORBI_3009G098601	739
SORBI_3009G098700	861.599
SORBI_3009G098801	1633
SORBI_3009G098900	976
SORBI_3009G099000	1558.264
SORBI_3009G099050	292
SORBI_3009G099100	4381.92353869889
SORBI_3009G099150	697.502
SORBI_3009G099200	2366.849
SORBI_3009G099300	327.066
SORBI_3009G099400	334
SORBI_3009G099450	1582
SORBI_3009G099500	1232.32975443712
SORBI_3009G099600	142.937925799157
SORBI_3009G099700	2511.752
ENSRNA049995757	13
SORBI_3009G099850	7698
SORBI_3009G100050	1682.492
SORBI_3009G100000	494
SORBI_3009G100100	1472.889
SORBI_3009G100200	1325.398
SORBI_3009G100300	940.402
SORBI_3009G100500	4163.10428097335
SORBI_3009G100700	3399.407
SORBI_3009G100800	8487.208
SORBI_3009G100900	472.907
SORBI_3009G101000	3935.876
SORBI_3009G101100	1288.424
SORBI_3009G101200	2710.462
SORBI_3009G101250	1573
SORBI_3009G101300	1280.66010912823
SORBI_3009G101400	1375.7751279742
SORBI_3009G101500	430
SORBI_3009G101600	2571.09312898865
SORBI_3009G101700	1780.031
SORBI_3009G101800	2030.737
SORBI_3009G102000	2249.0400025748
SORBI_3009G102100	811.979
SORBI_3009G102200	2290.186
SORBI_3009G102250	158
SORBI_3009G102300	2235.37
SORBI_3009G102400	1206
SORBI_3009G102500	1123.217
SORBI_3009G102550	2085.079
ENSRNA049444033	26
SORBI_3009G102600	6273.351
SORBI_3009G102700	987
SORBI_3009G102800	1877.86505471387
SORBI_3009G102900	4880.813
SORBI_3009G103000	1320.466
SORBI_3009G103101	3033.571
SORBI_3009G103201	211
SORBI_3009G103300	1601
SORBI_3009G103400	1750.337
SORBI_3009G103500	2260.158
SORBI_3009G103600	1775.32873882086
SORBI_3009G103650	1582.275
SORBI_3009G103700	976.200120719302
SORBI_3009G103800	1888
SORBI_3009G103900	1722
SORBI_3009G104000	856.037
SORBI_3009G104100	2217.832
SORBI_3009G104201	1059.544
SORBI_3009G104300	541.952125051337
SORBI_3009G104400	626
SORBI_3009G104500	1368.205
SORBI_3009G104600	1986.643
SORBI_3009G104700	1719.826
SORBI_3009G104800	3971.17969751522
SORBI_3009G104850	851
SORBI_3009G104900	5728.697
SORBI_3009G105000	1747.688
SORBI_3009G105050	1657
SORBI_3009G105100	3145
SORBI_3009G105200	1608.242
SORBI_3009G105300	490.309981687021
SORBI_3009G105400	1780.716
SORBI_3009G105500	3334.13
SORBI_3009G105600	1173.281
SORBI_3009G105700	516.033
SORBI_3009G105800	1841.328
SORBI_3009G105900	4030.511
SORBI_3009G106000	1173
SORBI_3009G106100	1861
SORBI_3009G106300	180.277
SORBI_3009G106400	853.787
SORBI_3009G106500	1772.5
SORBI_3009G106601	577
SORBI_3009G106700	1489.858
SORBI_3009G106800	1192
SORBI_3009G106900	275
SORBI_3009G106960	213
SORBI_3009G107020	358.908
SORBI_3009G107080	2840.713
SORBI_3009G107140	3003
SORBI_3009G107200	430.151
SORBI_3009G107300	4796.069
SORBI_3009G107400	1521.316
SORBI_3009G107500	4327.962
SORBI_3009G107600	409.764
SORBI_3009G107800	682
SORBI_3009G108050	204
SORBI_3009G108300	424.116
SORBI_3009G108400	1180.71582637026
SORBI_3009G108500	1345.80328662226
SORBI_3009G108600	1258.7852666394
SORBI_3009G108700	1650.54768849625
SORBI_3009G108900	661
SORBI_3009G109000	1280
SORBI_3009G109101	2119.697
SORBI_3009G109200	8176.863
SORBI_3009G109300	2261.38
SORBI_3009G109450	506.711
SORBI_3009G109600	981.98533026043
SORBI_3009G109700	2262.355
SORBI_3009G109775	1714
SORBI_3009G109850	2308.329
SORBI_3009G109925	4443.957
SORBI_3009G110000	1126.45514456104
SORBI_3009G110100	1344.557
SORBI_3009G110200	457
SORBI_3009G110300	609.49
SORBI_3009G110333	436
SORBI_3009G110366	865.16
SORBI_3009G110400	1361.799
SORBI_3009G110500	511
SORBI_3009G110600	1891
SORBI_3009G110700	1411
SORBI_3009G110800	1714
SORBI_3009G111000	6953.416
SORBI_3009G111050	2049
SORBI_3009G111100	1653.078
SORBI_3009G111200	1339.346
SORBI_3009G111301	637
SORBI_3009G111400	2014.54053862233
SORBI_3009G111500	883.549380892119
SORBI_3009G111600	928.824
SORBI_3009G111700	654
SORBI_3009G111800	2880.041
ENSRNA049995754	116
SORBI_3009G111901	2651
ENSRNA049995750	63
SORBI_3009G112000	1772
SORBI_3009G112101	802
SORBI_3009G112200	2532.5
SORBI_3009G112300	1290.88461804903
SORBI_3009G112350	101
SORBI_3009G112400	3310.671
ENSRNA049481000	11
SORBI_3009G112450	1744
SORBI_3009G112500	2283.887
SORBI_3009G112600	1946.463
SORBI_3009G112700	492.915
SORBI_3009G112800	3661.467
SORBI_3009G112900	1819.463
SORBI_3009G113000	3307.057
SORBI_3009G113100	1252.70731118656
SORBI_3009G113200	239.5
SORBI_3009G113300	421
SORBI_3009G113400	295.826
SORBI_3009G113500	1610.60247786294
SORBI_3009G113600	608.296899333128
SORBI_3009G113700	1394.932
SORBI_3009G113800	1646.69650122835
SORBI_3009G113900	1772.328
SORBI_3009G114000	1991.881
SORBI_3009G114200	2064
SORBI_3009G114300	313
SORBI_3009G114400	682.24
SORBI_3009G114500	1079.63218964581
SORBI_3009G114600	745.902575131327
SORBI_3009G114700	337
SORBI_3009G114800	941.326
SORBI_3009G114900	1133.13
SORBI_3009G115000	287
SORBI_3009G115050	3257.5
SORBI_3009G115100	781.45
SORBI_3009G115200	1390
SORBI_3009G115300	869
SORBI_3009G115400	756
SORBI_3009G115500	1121
SORBI_3009G115600	208.316
SORBI_3009G115700	1034.044
SORBI_3009G115800	69
SORBI_3009G115900	251
SORBI_3009G115950	807
SORBI_3009G116000	622
SORBI_3009G116100	1649
SORBI_3009G116200	1076
SORBI_3009G116300	2119
SORBI_3009G116400	1844.13143020621
SORBI_3009G116500	1390.5
SORBI_3009G116600	502
SORBI_3009G116700	966.422
SORBI_3009G116766	575
SORBI_3009G116832	3141.125
ENSRNA049480997	8
ENSRNA049481042	32
ENSRNA049481031	2
SORBI_3009G116900	5189.90943180817
SORBI_3009G117000	17291.866
SORBI_3009G117100	1250.15522739278
SORBI_3009G117200	2377.35073717214
SORBI_3009G117300	2181.653
SORBI_3009G117400	2306.873
SORBI_3009G117500	1365.739
SORBI_3009G117700	1207
SORBI_3009G117800	3397
SORBI_3009G117900	1146.126
SORBI_3009G118100	1603.469
SORBI_3009G118200	1137.18479227758
SORBI_3009G118300	2400.137
SORBI_3009G118400	1319.47
SORBI_3009G118500	3925.604026406
SORBI_3009G118600	2359.08635546868
SORBI_3009G118700	2135.393
SORBI_3009G118900	4256.078
SORBI_3009G119000	4309.275
SORBI_3009G119100	1511
SORBI_3009G119200	3438.846
SORBI_3009G119300	1182.516
SORBI_3009G119400	1409.196
SORBI_3009G119501	1900.269
SORBI_3009G119600	1398
SORBI_3009G119700	3988.674
SORBI_3009G119800	3413
SORBI_3009G119900	625.084
SORBI_3009G120000	545.696
SORBI_3009G120100	1750.107
SORBI_3009G120200	663
SORBI_3009G120301	2648.3421231522
SORBI_3009G120400	2274.03369405221
SORBI_3009G120500	1993.8
SORBI_3009G120600	3555.836
SORBI_3009G120700	1784.57
SORBI_3009G120800	669.776
SORBI_3009G120850	553
SORBI_3009G120900	1681.337
SORBI_3009G121000	3469.679
SORBI_3009G121100	2988.274
SORBI_3009G121150	4000.386
SORBI_3009G121200	1415
SORBI_3009G121300	1369.322
SORBI_3009G121400	2052.232
SORBI_3009G121600	1198.075
SORBI_3009G121750	915
SORBI_3009G121900	483.621551796626
ENSRNA049443496	26
SORBI_3009G122000	1354.961
SORBI_3009G122100	668.808
SORBI_3009G122201	2043.85
SORBI_3009G122300	1333.404
SORBI_3009G122325	15863.652
ENSRNA049995749	39
ENSRNA049995742	58
SORBI_3009G122350	207
SORBI_3009G122375	2047.108
SORBI_3009G122400	730.598
SORBI_3009G122500	1863.62137125468
SORBI_3009G122600	1275.515
SORBI_3009G122700	878
SORBI_3009G122800	2350.74837051389
SORBI_3009G122900	6203.898
SORBI_3009G123000	1793.413
SORBI_3009G123100	7
SORBI_3009G123300	3724.666
SORBI_3009G123400	1134
SORBI_3009G123500	3185.955
SORBI_3009G123600	1374.06587589137
SORBI_3009G123700	2279.561
SORBI_3009G123733	886
SORBI_3009G123766	4699.345
SORBI_3009G123800	152
SORBI_3009G123900	1090.49
SORBI_3009G124000	1065.186
SORBI_3009G124100	522
SORBI_3009G124200	2380.875
SORBI_3009G124300	340
SORBI_3009G124400	122.904
SORBI_3009G124600	1779.707
SORBI_3009G124700	1301.549
SORBI_3009G124800	2240.024
SORBI_3009G124900	5898.075
SORBI_3009G124850	425
SORBI_3009G125000	1671.11
SORBI_3009G125100	3040
SORBI_3009G125200	468
SORBI_3009G125300	1832.572
SORBI_3009G125400	2392.51701835249
SORBI_3009G125500	828
SORBI_3009G125600	1832.123
SORBI_3009G125700	610
SORBI_3009G125800	1580.113
SORBI_3009G125850	674
SORBI_3009G125900	2447.313
SORBI_3009G126000	3090.42660430169
SORBI_3009G126100	2037.559
SORBI_3009G126200	340
SORBI_3009G126300	5190.716
SORBI_3009G126400	2086.899
SORBI_3009G126500	916.818571830193
SORBI_3009G126600	2206.882
SORBI_3009G126700	3737.80271650165
SORBI_3009G126800	1582.547
SORBI_3009G126900	1633.961
SORBI_3009G127000	1891.599
SORBI_3009G127100	74
SORBI_3009G127201	2527.176
SORBI_3009G127300	1372.074
SORBI_3009G127400	1068.02964192223
SORBI_3009G127500	2004.82672645293
SORBI_3009G127600	1669.417
SORBI_3009G127700	1799.888
SORBI_3009G127800	2110.339
SORBI_3009G127900	3188.024
SORBI_3009G128000	277.682095026297
SORBI_3009G128200	6259.842
SORBI_3009G128101	62
SORBI_3009G128300	1358.13401285567
SORBI_3009G128400	3652.716
SORBI_3009G128500	1826.678
SORBI_3009G128600	1369.893
SORBI_3009G128700	445.996
SORBI_3009G128800	1775.15
SORBI_3009G128901	1233.298
SORBI_3009G129000	1422.036
SORBI_3009G129100	2073.19537811682
SORBI_3009G129300	844.088
SORBI_3009G129400	5143.466
SORBI_3009G129500	2039.23
SORBI_3009G129600	2546.628
SORBI_3009G129650	938.619
SORBI_3009G129700	1261
SORBI_3009G129800	1379.923
SORBI_3009G129900	1061.564
SORBI_3009G130000	933.162
SORBI_3009G130100	849.722
SORBI_3009G130200	920
ENSRNA049444003	26
SORBI_3009G130300	697
SORBI_3009G130400	996.283
SORBI_3009G130500	1280.115
SORBI_3009G130600	1275.464
SORBI_3009G130700	1018.208
SORBI_3009G130800	926.017
SORBI_3009G130900	2598.236
SORBI_3009G130966	629
SORBI_3009G131032	919
SORBI_3009G131100	1034.06342676878
SORBI_3009G131200	2563.21
SORBI_3009G131300	4114.836
SORBI_3009G131400	1192
SORBI_3009G131500	1415.562
SORBI_3009G131550	887.677
SORBI_3009G131600	6416.511
SORBI_3009G131800	563.477
SORBI_3009G131900	4358.968
SORBI_3009G132000	615.250928238727
SORBI_3009G132100	14644.712
SORBI_3009G132200	617.371
SORBI_3009G132400	1359.23068861142
SORBI_3009G132650	12376.36
SORBI_3009G132600	2289.266
SORBI_3009G132700	3748.244
SORBI_3009G132800	2194.422
SORBI_3009G132900	2522.24950004467
SORBI_3009G133000	210
SORBI_3009G133100	2115.414
SORBI_3009G133201	1699
SORBI_3009G133300	2559
SORBI_3009G133400	1273.586
SORBI_3009G133500	3130.783
SORBI_3009G133600	130.995
SORBI_3009G133700	1000.56
SORBI_3009G133800	2942.447
ENSRNA049481001	4
ENSRNA049480996	2
ENSRNA049481022	21
SORBI_3009G133900	3448.59654027455
SORBI_3009G134000	2392
SORBI_3009G134200	1302.931
SORBI_3009G134300	3341.222
SORBI_3009G134400	2270.192
SORBI_3009G134450	204
SORBI_3009G134500	2496.33685288405
SORBI_3009G134600	2441.56219493802
SORBI_3009G134700	3346.749
SORBI_3009G134766	1044.858
SORBI_3009G134832	1465.463
SORBI_3009G134900	4694.829
SORBI_3009G135000	2443.03847002844
SORBI_3009G135100	2200.35
SORBI_3009G135300	3029.04841387471
SORBI_3009G135400	715
SORBI_3009G135500	2735.178
SORBI_3009G135550	541
SORBI_3009G135600	4813.423
SORBI_3009G135800	1971.422
SORBI_3009G135900	1563.509
SORBI_3009G136000	2111.565
SORBI_3009G136100	1774.793
SORBI_3009G136200	1590.037
SORBI_3009G136300	821.147
SORBI_3009G136400	1373.044
SORBI_3009G136500	2199.432
SORBI_3009G136600	2612
SORBI_3009G136700	2327.369
SORBI_3009G136800	2055
SORBI_3009G136900	2024.844
SORBI_3009G136950	687
SORBI_3009G137000	2121.59950015665
SORBI_3009G137100	2202.191
SORBI_3009G137200	1732.9370480739
SORBI_3009G137300	625.287
SORBI_3009G137401	2308
SORBI_3009G137500	1174
SORBI_3009G137600	1123
SORBI_3009G137700	937.837
SORBI_3009G137800	1852.35186885173
SORBI_3009G137900	10052.806
SORBI_3009G138000	4196.383
SORBI_3009G138100	1722.14244971202
SORBI_3009G138200	3795.737
SORBI_3009G138300	1800.99
SORBI_3009G138401	1441.216
SORBI_3009G138500	3028
SORBI_3009G138700	1215.056
SORBI_3009G138800	3031.02540994281
SORBI_3009G138900	900.715
SORBI_3009G139000	6498.455
SORBI_3009G139100	2715
SORBI_3009G139200	2076.997
SORBI_3009G139300	695.107204779993
SORBI_3009G139400	618.942
SORBI_3009G139500	592
SORBI_3009G139600	775
SORBI_3009G139700	172
SORBI_3009G139800	1876.82497737792
SORBI_3009G139900	2005.137
SORBI_3009G140000	1734
SORBI_3009G140150	1987.111
SORBI_3009G140300	1834.955
SORBI_3009G140400	3633.172
SORBI_3009G140500	1198.798
SORBI_3009G140600	1598.219
SORBI_3009G140700	1112.766
SORBI_3009G140800	1870.576
SORBI_3009G140900	730.31621075131
SORBI_3009G141000	1347.58492016251
SORBI_3009G141100	1639
SORBI_3009G141201	1848.305
SORBI_3009G141300	1568
SORBI_3009G141400	1379.96289447072
SORBI_3009G141500	161
SORBI_3009G141700	4528.50926659006
SORBI_3009G141800	707.447
SORBI_3009G141900	551
SORBI_3009G142000	3185.03288475
SORBI_3009G142100	868
SORBI_3009G142200	822.497482727034
SORBI_3009G142300	2902.6
SORBI_3009G142400	1734.467
SORBI_3009G142500	826.684
SORBI_3009G142600	1911.196
SORBI_3009G142700	584
SORBI_3009G142800	2867.905
SORBI_3009G143000	1861.74548886757
SORBI_3009G142900	2033
SORBI_3009G143100	893.625
SORBI_3009G143200	3061.491
SORBI_3009G143300	3429.819
SORBI_3009G143400	4343.215
SORBI_3009G143500	1862.052
SORBI_3009G143600	1909
SORBI_3009G143700	3537.69609433386
SORBI_3009G143750	379
SORBI_3009G143800	1740.829
ENSRNA049995738	42
SORBI_3009G143900	2283.180075313
SORBI_3009G144050	2226.85470480127
SORBI_3009G144200	3262.075
SORBI_3009G144300	1075.191
SORBI_3009G144400	226
ENSRNA049443991	34
SORBI_3009G144500	2394.92108984137
SORBI_3009G144600	1231.796
SORBI_3009G144700	1199.438
SORBI_3009G144800	1425.266
SORBI_3009G144900	1596.339
SORBI_3009G145000	2343.424
SORBI_3009G145101	996.254
SORBI_3009G145200	517.666666666667
SORBI_3009G145350	1054
SORBI_3009G145500	1151.9
SORBI_3009G145600	1543.167
SORBI_3009G145700	1281.789
SORBI_3009G145750	1642
SORBI_3009G145800	1136
SORBI_3009G145900	2450.8450211625
SORBI_3009G146000	2855
SORBI_3009G146100	8309.453
SORBI_3009G146250	3401.227
SORBI_3009G146400	1216.385
SORBI_3009G146500	2870.315
SORBI_3009G146700	1540.868
SORBI_3009G146800	6093.779
SORBI_3009G146900	8901.541
SORBI_3009G147000	2920.156
SORBI_3009G147100	312
SORBI_3009G147200	2271.66666666667
SORBI_3009G147300	1027.39812558127
SORBI_3009G147400	941.609
SORBI_3009G147450	1480
SORBI_3009G147500	3154.389
SORBI_3009G147600	5995.399
SORBI_3009G147700	874.118
SORBI_3009G147800	1066.27569671197
SORBI_3009G148000	2133.026
SORBI_3009G148100	612.455
SORBI_3009G148200	1756.572
SORBI_3009G148300	2584.992
SORBI_3009G148400	9
SORBI_3009G148500	1526.915
SORBI_3009G148600	3673.449
SORBI_3009G148700	788.55
SORBI_3009G148800	2049.754
SORBI_3009G148900	1991.61724568416
SORBI_3009G148950	1031
SORBI_3009G149000	1099.213
SORBI_3009G149100	529.088
SORBI_3009G149200	642.162
SORBI_3009G149300	680.734
SORBI_3009G149400	1587.59
SORBI_3009G149500	1077.05376539967
SORBI_3009G149600	1491.315
SORBI_3009G149700	2002.67
SORBI_3009G149800	731.1
SORBI_3009G149900	1412.671
SORBI_3009G150000	1183.644
SORBI_3009G150100	930.58
SORBI_3009G150300	3419.284
SORBI_3009G150400	1405.066
SORBI_3009G150500	1368.627
SORBI_3009G150600	927
SORBI_3009G150700	382.191991383359
SORBI_3009G150800	1165
SORBI_3009G150900	731.267
SORBI_3009G151000	2925
SORBI_3009G151100	1739
SORBI_3009G151200	8896.72603359183
SORBI_3009G151400	1693.66007555021
SORBI_3009G151500	332
SORBI_3009G151600	1794
SORBI_3009G151700	1197.503
SORBI_3009G151800	2249.305
SORBI_3009G151900	804.492
SORBI_3009G152000	1382.353
SORBI_3009G152100	532.681
SORBI_3009G152120	2767.32
SORBI_3009G152140	322
SORBI_3009G152160	60
SORBI_3009G152180	485
SORBI_3009G152200	3162.773
SORBI_3009G152300	568.867
SORBI_3009G152350	508
SORBI_3009G152400	3627.048
SORBI_3009G152600	1330.682
SORBI_3009G152700	1199.54456578007
SORBI_3009G152800	1176.669
SORBI_3009G152901	224
SORBI_3009G153000	3548.719
SORBI_3009G153100	496
SORBI_3009G153200	2893.266
SORBI_3009G153300	1681
SORBI_3009G153333	233
SORBI_3009G153366	3457
SORBI_3009G153400	3164
SORBI_3009G153500	2088.462
SORBI_3009G153600	1118.892
SORBI_3009G153700	1679.782
SORBI_3009G153800	3718.297
SORBI_3009G153900	1049
SORBI_3009G154000	1053
SORBI_3009G154100	1141
SORBI_3009G154200	1038.956
SORBI_3009G154300	1773.549
ENSRNA049443540	32
SORBI_3009G154400	221
SORBI_3009G154500	2926.99
SORBI_3009G154600	2619.31793317217
SORBI_3009G154700	1845.007
SORBI_3009G154800	2062.189
SORBI_3009G154900	2498.828
SORBI_3009G155050	2760.8323196013
SORBI_3009G155200	2662.278
SORBI_3009G155250	1181.673
SORBI_3009G155300	1287.287
SORBI_3009G155400	3428.785
SORBI_3009G155500	1184.693
SORBI_3009G155600	1855.065
SORBI_3009G155700	861.926
SORBI_3009G155800	2379.725
SORBI_3009G155900	5930.281
SORBI_3009G155950	1085
SORBI_3009G156000	2209.31137939846
SORBI_3009G156100	953.979050392307
SORBI_3009G156200	4178.541
SORBI_3009G156300	2698.014
SORBI_3009G156400	637.861
SORBI_3009G156500	2202.108
SORBI_3009G156600	2443.451
SORBI_3009G156700	359
SORBI_3009G156750	488.757
SORBI_3009G156800	584.610687314727
SORBI_3009G156900	1434.24631307743
SORBI_3009G157000	1828
SORBI_3009G157050	98
SORBI_3009G157100	1998.554
SORBI_3009G157200	2053.468
SORBI_3009G157300	5736.987
SORBI_3009G157400	739
SORBI_3009G157450	251
SORBI_3009G157500	2253.579
SORBI_3009G157600	793.871
SORBI_3009G157700	3335.831
SORBI_3009G157800	1418.122
SORBI_3009G157900	1020.596
SORBI_3009G158000	2475.855
SORBI_3009G158100	2898.489
ENSRNA049478932	2
SORBI_3009G158150	1440
ENSRNA049478940	2
SORBI_3009G158200	608
SORBI_3009G158300	603
SORBI_3009G158400	375
SORBI_3009G158500	499.769
SORBI_3009G158600	429.364
SORBI_3009G158700	166.09
SORBI_3009G158800	2733.175
ENSRNA049478906	2
SORBI_3009G158900	1935.145
SORBI_3009G159000	2505.364
SORBI_3009G159100	2067.39794243729
SORBI_3009G159200	1710.244
SORBI_3009G159300	1039.7
SORBI_3009G159400	967.087
SORBI_3009G159500	2648.295
SORBI_3009G159600	2603.237
SORBI_3009G159700	2483.052
SORBI_3009G159800	1074
SORBI_3009G159900	1875.935
SORBI_3009G160000	1036.502
SORBI_3009G160100	2635.01522830897
SORBI_3009G160200	789.534587947494
SORBI_3009G160300	307
SORBI_3009G160500	686.28
SORBI_3009G160600	2226.901
SORBI_3009G160700	652.12
SORBI_3009G160800	1538.497
SORBI_3009G160900	144
SORBI_3009G161000	890.287666445326
SORBI_3009G161100	1033.40931187013
SORBI_3009G161200	883.319
SORBI_3009G161300	545.176405688672
SORBI_3009G161350	310
SORBI_3009G161401	1090.654
SORBI_3009G161451	363
SORBI_3009G161500	703.913
SORBI_3009G161600	3980.526
SORBI_3009G161550	2237.721
SORBI_3009G161700	879.514
SORBI_3009G161800	1186.3736122774
SORBI_3009G161900	926.306030505364
SORBI_3009G162000	1897.04
SORBI_3009G162100	1222.855
SORBI_3009G162200	1069.759
SORBI_3009G162300	2107.109
SORBI_3009G162401	934
SORBI_3009G162500	1517.05
SORBI_3009G162550	879
SORBI_3009G162600	4167.63
SORBI_3009G162700	1493.3
SORBI_3009G162800	2524
SORBI_3009G162900	5125.302
SORBI_3009G163000	357
SORBI_3009G163100	3113.386
SORBI_3009G163400	1473.342
SORBI_3009G163500	489
SORBI_3009G163600	2112.257
SORBI_3009G163700	1334.391
SORBI_3009G163800	1055.651
SORBI_3009G163900	2241.583
SORBI_3009G163950	2011.483
SORBI_3009G164000	3498.75868036401
SORBI_3009G164100	1417.95097258156
SORBI_3009G164200	385
SORBI_3009G164300	1598.36430499015
SORBI_3009G164400	788.746
SORBI_3009G164500	538.168576914612
SORBI_3009G164600	229.528
SORBI_3009G164700	999.345
SORBI_3009G164800	801.085
SORBI_3009G164900	2395.617
SORBI_3009G165000	496.564
SORBI_3009G165050	1679
SORBI_3009G165100	863.287
SORBI_3009G165200	857
SORBI_3009G165300	1312.474
SORBI_3009G165400	4661.482
SORBI_3009G165500	1749.449
SORBI_3009G165600	3149.544
SORBI_3009G165700	4827.532
SORBI_3009G165800	2389.44416283985
SORBI_3009G165900	1460
SORBI_3009G165950	435
SORBI_3009G166000	1734
SORBI_3009G166100	5581.9699772154
SORBI_3009G166200	839.375
SORBI_3009G166300	4958.056
SORBI_3009G166400	3001.971
SORBI_3009G166500	595.318
SORBI_3009G166600	2537.746
SORBI_3009G166650	1853.077
SORBI_3009G166700	610.275
SORBI_3009G166801	932.137
SORBI_3009G166900	48.523
SORBI_3009G167000	1119.314
SORBI_3009G167100	2372.184
SORBI_3009G167201	1162
ENSRNA049443970	26
SORBI_3009G167300	2846.118
SORBI_3009G167400	5007.181
SORBI_3009G167500	849.371
SORBI_3009G167600	800.278
SORBI_3009G167700	1131.52
SORBI_3009G167800	1950.186
SORBI_3009G167900	1884.495
SORBI_3009G168000	1016.557
SORBI_3009G168100	2195.542
SORBI_3009G168150	3694.701
SORBI_3009G168200	2716
SORBI_3009G168300	2561
SORBI_3009G168400	1168
SORBI_3009G168500	1056
SORBI_3009G168600	4994.158
SORBI_3009G168700	1996.862
SORBI_3009G168800	694.295
SORBI_3009G168900	161
SORBI_3009G169000	1971.173
SORBI_3009G169050	541
SORBI_3009G169100	5014.37019513228
SORBI_3009G169200	1702.874
SORBI_3009G169300	1575
SORBI_3009G169400	2441.235
SORBI_3009G169500	384
SORBI_3009G169650	198
SORBI_3009G169800	837.453
SORBI_3009G169900	1680.39
SORBI_3009G170000	432.704
SORBI_3009G170050	1105.672
SORBI_3009G170100	213.862
SORBI_3009G170200	6669.254
SORBI_3009G170301	883
SORBI_3009G170400	1134.81
SORBI_3009G170500	2273.821
SORBI_3009G170550	1834
SORBI_3009G170600	3930
SORBI_3009G170700	1776.3
SORBI_3009G170800	997.772
SORBI_3009G170900	2502
SORBI_3009G171000	4854.237
SORBI_3009G171100	765.749
SORBI_3009G171200	886.54
SORBI_3009G171300	3327.972
SORBI_3009G171400	2062.462
SORBI_3009G171500	1299
SORBI_3009G171600	2671.123
SORBI_3009G171700	3572.288
SORBI_3009G171750	493.673
SORBI_3009G171800	1392.514
SORBI_3009G171900	326
SORBI_3009G172000	6158.781
SORBI_3009G172100	1017
SORBI_3009G172200	3760.756
SORBI_3009G172300	4155.485
SORBI_3009G172400	2174.374
SORBI_3009G172500	1585.767
SORBI_3009G172600	2367.981
SORBI_3009G172700	1440
SORBI_3009G172800	136
SORBI_3009G172950	3858.818
SORBI_3009G173100	2321.953
SORBI_3009G173200	2707.712
SORBI_3009G173300	855.532
SORBI_3009G173400	1397.411
SORBI_3009G173500	3702.54
ENSRNA049478920	2
ENSRNA049478914	2
ENSRNA049478934	2
SORBI_3009G173600	14683.827
SORBI_3009G173700	9831.733
SORBI_3009G173800	1958.164
SORBI_3009G173900	646
SORBI_3009G174000	1593.615
ENSRNA049995734	34
SORBI_3009G174100	2594.401
SORBI_3009G174150	123
SORBI_3009G174200	1687
SORBI_3009G174300	1009
SORBI_3009G174400	1520.57142857143
SORBI_3009G174500	6126.353
SORBI_3009G174600	2331.16354984054
SORBI_3009G174700	1425.013
ENSRNA049443943	27
SORBI_3009G174800	1166
SORBI_3009G174833	664
SORBI_3009G174866	1136.109
SORBI_3009G174900	2035.438
SORBI_3009G175100	5705.767
SORBI_3009G175200	2827.306
SORBI_3009G175300	1953.388
SORBI_3009G175400	1399.25
SORBI_3009G175500	1669.84
SORBI_3009G175600	3498.505256554
SORBI_3009G175700	537
SORBI_3009G175800	3171.998
SORBI_3009G175900	1205.87401627036
SORBI_3009G176000	2918.357
SORBI_3009G176100	942
SORBI_3009G176200	1556.344
SORBI_3009G176300	1500.99180142721
SORBI_3009G176333	908
SORBI_3009G176366	220.624
SORBI_3009G176400	3557.89951860124
SORBI_3009G176500	616.148
SORBI_3009G176600	1148.332
SORBI_3009G176700	1500.957
SORBI_3009G176800	161
SORBI_3009G176900	2833.378
SORBI_3009G177000	1417.052
SORBI_3009G177200	4468.955
SORBI_3009G177100	1321
SORBI_3009G177300	2397.305
SORBI_3009G177400	3894.675
SORBI_3009G177500	2947.42155186213
ENSRNA049478879	30
SORBI_3009G177600	1926.19650031524
SORBI_3009G177700	2195.34
SORBI_3009G177750	909
SORBI_3009G177800	532.477
SORBI_3009G177901	3727.55
SORBI_3009G178000	1873.07174974209
ENSRNA049995729	8
SORBI_3009G178100	1635.60917088426
SORBI_3009G178200	1288.19
SORBI_3009G178300	1939.38338567053
SORBI_3009G178400	1491.457
SORBI_3009G178500	785.966
SORBI_3009G178550	864.257
SORBI_3009G178600	1878.108
SORBI_3009G178650	442
SORBI_3009G178700	406
SORBI_3009G178800	2219.607
SORBI_3009G178850	395.669
SORBI_3009G178900	635.993
SORBI_3009G179000	645
SORBI_3009G179100	588.41
SORBI_3009G179200	1776.568
SORBI_3009G179300	2226.982
SORBI_3009G179400	2679.477
SORBI_3009G179500	1644.727
SORBI_3009G179600	661.318
SORBI_3009G179700	4326.656
SORBI_3009G179800	3047.827
SORBI_3009G179900	214.614
SORBI_3009G179950	1032.02053809156
SORBI_3009G180000	1958.758
SORBI_3009G180100	1453
SORBI_3009G180200	1546.374
SORBI_3009G180300	884
SORBI_3009G180400	856
SORBI_3009G180500	2367.107
SORBI_3009G180550	224
SORBI_3009G180600	1599
SORBI_3009G180700	1838
SORBI_3009G180800	2405.258
SORBI_3009G180900	4027.491
SORBI_3009G181000	439
SORBI_3009G181100	256.439
SORBI_3009G181200	1842.474
SORBI_3009G181300	2041.668
SORBI_3009G181400	468.405
SORBI_3009G181500	2884.535
SORBI_3009G181600	1685
SORBI_3009G181700	1933.941
SORBI_3009G181800	1528.246
SORBI_3009G181900	1716.80281986036
SORBI_3009G182000	1483.284
SORBI_3009G182100	1638.046
SORBI_3009G182200	1247.492
SORBI_3009G182300	96
SORBI_3009G182400	161
SORBI_3009G182500	569.787
SORBI_3009G182600	5074.37
SORBI_3009G182700	1505.438
SORBI_3009G182800	3204.445
SORBI_3009G182900	1979.102
SORBI_3009G183000	2868.293
SORBI_3009G183101	641.961
SORBI_3009G183200	4376.337
SORBI_3009G183300	2519.823
SORBI_3009G183400	1785.882
SORBI_3009G183500	434.273
SORBI_3009G183600	598.884713638683
SORBI_3009G183650	499
SORBI_3009G183700	1623.775
SORBI_3009G183800	753.065
SORBI_3009G183900	1133.24011455887
SORBI_3009G184000	1507.117
SORBI_3009G184100	664
SORBI_3009G184200	3544.938
SORBI_3009G184300	1037.874
SORBI_3009G184400	662.299
SORBI_3009G184450	762
SORBI_3009G184500	157
SORBI_3009G184600	5293.986
SORBI_3009G184700	1821.64329157506
SORBI_3009G184800	1289.12
SORBI_3009G184900	2195.259
SORBI_3009G185000	186
SORBI_3009G185100	2384
SORBI_3009G185201	1097
SORBI_3009G185301	862
SORBI_3009G185400	360
SORBI_3009G185501	159
SORBI_3009G185601	245
SORBI_3009G185700	2225.2027305884
SORBI_3009G185800	165.486
SORBI_3009G185900	2450.115
SORBI_3009G186001	6220.085
SORBI_3009G186100	453.425
SORBI_3009G186300	2283
SORBI_3009G186400	418
ENSRNA049478834	79.18
SORBI_3009G186500	1152
SORBI_3009G186600	1357.826
SORBI_3009G186700	1401.906
SORBI_3009G186800	1255
SORBI_3009G186900	1472
SORBI_3009G187000	1487.721
SORBI_3009G187100	1430.384
SORBI_3009G187150	2045.036
SORBI_3009G187200	1703.282
SORBI_3009G187300	1200.525
SORBI_3009G187400	1329.197
SORBI_3009G187500	441.085
SORBI_3009G187600	1070.099
SORBI_3009G187700	1888
SORBI_3009G187900	5802.863
SORBI_3009G188000	1239.571
SORBI_3009G188100	1766.574
SORBI_3009G188200	417
SORBI_3009G188300	1050.721
SORBI_3009G188500	1218
SORBI_3009G188600	175
SORBI_3009G188700	2419.261
SORBI_3009G188750	997.761
SORBI_3009G188800	4606.099
SORBI_3009G188900	2188.041
ENSRNA049443582	25
ENSRNA049443595	25
SORBI_3009G189000	1098.068
SORBI_3009G189100	2227.619
SORBI_3009G189200	975.28
SORBI_3009G189300	161
SORBI_3009G189400	2255.539
SORBI_3009G189501	51
SORBI_3009G189600	589.880613545752
SORBI_3009G189700	457
SORBI_3009G189800	451
SORBI_3009G189900	1344.319
SORBI_3009G190000	1392.548
SORBI_3009G190100	1033
SORBI_3009G190200	6227.461
SORBI_3009G190300	1275.551
SORBI_3009G190400	846
SORBI_3009G190500	1837.753
SORBI_3009G190600	2613.591
SORBI_3009G190700	3116.32688302717
SORBI_3009G190800	600.763
SORBI_3009G190900	2081.32
SORBI_3009G191000	4339.70715622858
SORBI_3009G191100	2183.532
SORBI_3009G191200	858.081
SORBI_3009G191300	914.638
SORBI_3009G191400	2757.361
SORBI_3009G191500	2334.959
SORBI_3009G191600	1109.231
SORBI_3009G191700	1356.402
SORBI_3009G191801	277
SORBI_3009G191800	828.054970283987
SORBI_3009G191900	161
SORBI_3009G192000	977.517
SORBI_3009G192100	215.817
SORBI_3009G192200	1608.8888866556
SORBI_3009G192300	2439.604
SORBI_3009G192400	2283.133
SORBI_3009G192450	630
SORBI_3009G192500	2776.314
SORBI_3009G192600	2195.881
SORBI_3009G192700	2952.613
SORBI_3009G192800	2377.472
SORBI_3009G192933	856
SORBI_3009G193066	307
SORBI_3009G193200	325.576
SORBI_3009G193300	3641.82
SORBI_3009G193400	2984.22
SORBI_3009G193500	1686.941
ENSRNA049443893	25
ENSRNA049443882	25
SORBI_3009G193600	1312
SORBI_3009G193700	2719.854
SORBI_3009G193850	1704.002
SORBI_3009G194000	1615.5552033997
SORBI_3009G194100	1492.509
SORBI_3009G194200	1823.149
SORBI_3009G194300	1719.497
SORBI_3009G194400	282.608
SORBI_3009G194500	1897.985
SORBI_3009G194600	380
SORBI_3009G194700	977.55789910396
SORBI_3009G194801	539.194880426461
SORBI_3009G194900	4316.262
SORBI_3009G195000	2635.1314172932
SORBI_3009G195100	1471.68
SORBI_3009G195200	1564.55893729612
SORBI_3009G195300	1785.712
SORBI_3009G195400	1570.894
SORBI_3009G195500	1745.5
SORBI_3009G195600	1148.055
SORBI_3009G195700	973.972179994964
SORBI_3009G195800	3740.10007761724
SORBI_3009G195900	1183.235
SORBI_3009G196001	1189.346
SORBI_3009G196100	1405
SORBI_3009G196200	1350
SORBI_3009G196300	1433
SORBI_3009G196400	152
SORBI_3009G196500	482
SORBI_3009G196600	439
SORBI_3009G196700	1763
SORBI_3009G196800	1750.752
SORBI_3009G196900	2461.799
SORBI_3009G197000	1226.986
SORBI_3009G197100	237.64
SORBI_3009G197200	791.45
SORBI_3009G197300	2698.121
SORBI_3009G197350	3147.666
SORBI_3009G197400	1432.327
SORBI_3009G197500	443
SORBI_3009G197600	2235.05849301148
SORBI_3009G197700	1097
SORBI_3009G197800	550
SORBI_3009G197901	634
SORBI_3009G198000	1469.018
SORBI_3009G198100	1955.097
SORBI_3009G198200	2086.635
ENSRNA049443870	26
SORBI_3009G198300	257
SORBI_3009G198350	511
SORBI_3009G198400	2746.741
SORBI_3009G198500	1115.374
SORBI_3009G198600	161
SORBI_3009G198700	1534.78
SORBI_3009G198800	1568.773
SORBI_3009G198900	2775.718
SORBI_3009G199001	1046.357
SORBI_3009G199100	1166.714
SORBI_3009G199200	1141.13
SORBI_3009G199300	1067
SORBI_3009G199401	619.231
SORBI_3009G199500	791.05
SORBI_3009G199601	2863.564
SORBI_3009G199700	505.066
SORBI_3009G199750	779
SORBI_3009G199800	1309.324
SORBI_3009G199900	1202
SORBI_3009G200000	3148.914
SORBI_3009G200100	1984
SORBI_3009G200200	4041.996
SORBI_3009G200300	1589.999
SORBI_3009G200400	2344.062
SORBI_3009G200500	5347.91394901494
SORBI_3009G200566	728.242
SORBI_3009G200632	335.534
SORBI_3009G200700	1311.626
SORBI_3009G200750	2814.191
SORBI_3009G200800	2817.3830212104
SORBI_3009G200900	999.022
SORBI_3009G201000	1676.146
SORBI_3009G201100	1123.605
SORBI_3009G201200	3526.352
SORBI_3009G201300	3603.165
SORBI_3009G201400	1417
SORBI_3009G201500	3288.081
SORBI_3009G201600	1038.107
ENSRNA049995726	40
SORBI_3009G201700	2811.354
SORBI_3009G201800	826.015
SORBI_3009G201900	970.01
SORBI_3009G202000	792.02
SORBI_3009G202101	1174
SORBI_3009G202200	537
SORBI_3009G202400	721
SORBI_3009G202501	348
SORBI_3009G202600	1486
SORBI_3009G202700	1209.25
ENSRNA049443858	26
SORBI_3009G202801	2432.199
SORBI_3009G202900	700.094291018793
SORBI_3009G203000	3194.879
SORBI_3009G203100	2174.021
SORBI_3009G203200	2202
SORBI_3009G203400	782.619547895536
SORBI_3009G203500	2977.354
SORBI_3009G203600	4039.185
SORBI_3009G203700	3432.108
SORBI_3009G203733	899
SORBI_3009G203766	106
SORBI_3009G203800	622
SORBI_3009G203900	669
SORBI_3009G204000	714
SORBI_3009G204100	1180.655
SORBI_3009G204200	1905.053
SORBI_3009G204300	4103.58022127192
SORBI_3009G204400	2603.712
SORBI_3009G204501	237
SORBI_3009G204601	3161.364
SORBI_3009G204700	2907
SORBI_3009G204800	3118
SORBI_3009G204900	4273.421
SORBI_3009G205000	5197.809
SORBI_3009G205100	1227.656
SORBI_3009G205200	881.049
SORBI_3009G205300	982.297
ENSRNA049443630	25
SORBI_3009G205400	1464.806
SORBI_3009G205500	813.995
SORBI_3009G205600	1161.215
SORBI_3009G205700	2653.21
SORBI_3009G205800	1547.086
SORBI_3009G205900	2568.68
SORBI_3009G206000	2125.583
SORBI_3009G206100	1750.71169320073
SORBI_3009G206150	3098
SORBI_3009G206200	633
SORBI_3009G206250	610
SORBI_3009G206300	1135
SORBI_3009G206400	1206.479
SORBI_3009G206500	3403.086
SORBI_3009G206600	556.082
SORBI_3009G206700	2955.002
SORBI_3009G206800	565
SORBI_3009G206900	2158
ENSRNA049478842	2
ENSRNA049478902	3
ENSRNA049478943	30
ENSRNA049478851	1
SORBI_3009G207000	976.078
SORBI_3009G207100	3321.583
SORBI_3009G207200	1015.771
SORBI_3009G207300	741.104
SORBI_3009G207400	3328.665
SORBI_3009G207500	2707.853
ENSRNA049995722	15
ENSRNA049995719	13
ENSRNA049995715	13
SORBI_3009G207600	1576.001
SORBI_3009G207700	1444
SORBI_3009G207800	1430
SORBI_3009G207900	1721.23
SORBI_3009G208000	3972.47
SORBI_3009G208100	2480.789
SORBI_3009G208200	1423.354
SORBI_3009G208300	1350
SORBI_3009G208400	161
SORBI_3009G208500	363.896
SORBI_3009G208600	1111
SORBI_3009G208700	919
SORBI_3009G208800	1850.856
SORBI_3009G208900	2066
SORBI_3009G209001	673.182
ENSRNA049443808	26
SORBI_3009G209100	1810.07
SORBI_3009G209150	1527.682
SORBI_3009G209200	1971.724
SORBI_3009G209300	3060.471
SORBI_3009G209400	732.593
SORBI_3009G209500	521.738
SORBI_3009G209650	2423.753
SORBI_3009G209800	1255.892
SORBI_3009G209900	888.072
SORBI_3009G210000	968.923863389423
SORBI_3009G210100	1379.46
SORBI_3009G210200	1325.82
SORBI_3009G210250	542
SORBI_3009G210300	1318.276
SORBI_3009G210400	1828
SORBI_3009G210500	2570.524706228
SORBI_3009G210600	2975.61
SORBI_3009G210700	404
SORBI_3009G210800	7718.977
SORBI_3009G210900	1989
SORBI_3009G211000	884.844
SORBI_3009G211100	3320.61
SORBI_3009G211200	1663.678
SORBI_3009G211300	1843.25
SORBI_3009G211400	1896.177
SORBI_3009G211500	2154.593
SORBI_3009G211600	2018.43255854566
SORBI_3009G211700	1183.345
SORBI_3009G211800	1575.582
SORBI_3009G211900	401.236
SORBI_3009G212000	1806.6889597053
SORBI_3009G212100	2104.62766448391
SORBI_3009G212200	387.54
SORBI_3009G212300	1296.119
SORBI_3009G212400	1352.128
SORBI_3009G212500	1202.738
SORBI_3009G212600	1980.675
SORBI_3009G212700	896
SORBI_3009G212800	1377.444
SORBI_3009G212900	5768.549
SORBI_3009G213000	1330.16
SORBI_3009G213100	2063.641
SORBI_3009G213150	3588
SORBI_3009G213200	2003.324
SORBI_3009G213300	1093.82370363173
SORBI_3009G213400	1039.46823829649
SORBI_3009G213500	905.914598055795
SORBI_3009G213600	2655.292
SORBI_3009G213700	848.652
SORBI_3009G213800	1171.986
SORBI_3009G213900	3569.822
SORBI_3009G213950	1403.601
SORBI_3009G214000	701.033
SORBI_3009G214100	1829.78
SORBI_3009G214200	2778.318
SORBI_3009G214300	1087.183
SORBI_3009G214400	1081
SORBI_3009G214500	1569.309
SORBI_3009G214600	1433.082
SORBI_3009G214700	1544
SORBI_3009G214800	6988.26
SORBI_3009G214900	5856.361
SORBI_3009G215000	1274.782
SORBI_3009G215100	1633.561
SORBI_3009G215200	1944.514
ENSRNA049478892	18
ENSRNA049478883	18
SORBI_3009G215300	55
SORBI_3009G215350	3252.85
SORBI_3009G215400	1960.236
SORBI_3009G215500	2451.6398031892
SORBI_3009G215600	668.235
SORBI_3009G215700	803.102
SORBI_3009G215800	2150.847
SORBI_3009G215901	1624.069
SORBI_3009G216000	1509.366
SORBI_3009G216050	157
SORBI_3009G216100	1469.34413851014
SORBI_3009G216200	1204
SORBI_3009G216300	2154.348
SORBI_3009G216400	1581
SORBI_3009G216500	2587.848
SORBI_3009G216600	416
SORBI_3009G216700	1273.73705899723
SORBI_3009G216800	1293.741
SORBI_3009G216900	2575.41
SORBI_3009G217000	1677.063
SORBI_3009G217100	2559.98996992812
SORBI_3009G217200	5990.57708817099
SORBI_3009G217300	1210.194
SORBI_3009G217400	3585.46074839013
SORBI_3009G217450	2175.745
SORBI_3009G217500	877.402
SORBI_3009G217600	521.056
SORBI_3009G217700	691
SORBI_3009G217800	3405
SORBI_3009G217900	572.525
SORBI_3009G218000	830.784
SORBI_3009G218100	700
SORBI_3009G218200	912
SORBI_3009G218450	6049.456
SORBI_3009G218700	1207.408
SORBI_3009G218800	601.411
SORBI_3009G218900	2202.598
SORBI_3009G219000	2283.864
SORBI_3009G219100	1512.47381990828
SORBI_3009G219200	630
SORBI_3009G219300	331
SORBI_3009G219400	872.49041217512
SORBI_3009G219500	640.151
SORBI_3009G219601	413
SORBI_3009G219700	315.049
SORBI_3009G219800	1123
SORBI_3009G219900	760.945
SORBI_3009G220000	1273.91895380914
SORBI_3009G220100	1719.304
SORBI_3009G220200	1845.652
SORBI_3009G220250	150
SORBI_3009G220300	210
SORBI_3009G220400	1228
SORBI_3009G220500	5315.627
SORBI_3009G220600	438.35
SORBI_3009G220700	1010.162
SORBI_3009G220800	2055.785
SORBI_3009G220900	213
SORBI_3009G220933	658
SORBI_3009G220966	207
SORBI_3009G221000	5220.181
SORBI_3009G221200	5075.742
SORBI_3009G221400	1051.864
SORBI_3009G221500	2171.661
SORBI_3009G221600	440.384
SORBI_3009G221701	1067.284
ENSRNA049478870	11
SORBI_3009G221800	1450
SORBI_3009G221900	1838.655
SORBI_3009G222000	1216.462
SORBI_3009G222100	1989.329
SORBI_3009G222200	3757.12230369215
SORBI_3009G222400	2634.739
SORBI_3009G222500	2104.126
SORBI_3009G222600	685.953711921346
SORBI_3009G222700	636.168
SORBI_3009G222800	978.935
SORBI_3009G222900	960.583
SORBI_3009G223000	205
SORBI_3009G223100	1466
SORBI_3009G223200	2687.071
SORBI_3009G223300	1140.723
SORBI_3009G223400	2015.311
SORBI_3009G223500	3614.276
SORBI_3009G223600	3719.876
SORBI_3009G223700	335.416
SORBI_3009G223800	1015
SORBI_3009G223900	2026
SORBI_3009G224000	1336.53330322384
SORBI_3009G224100	1143.365
SORBI_3009G224200	161
SORBI_3009G224300	2417.349
SORBI_3009G224400	1753.611
SORBI_3009G224500	953.552
SORBI_3009G224600	1698.007
SORBI_3009G224700	1541.191
SORBI_3009G224800	1079.734
SORBI_3009G224900	109
SORBI_3009G225000	405.04
SORBI_3009G225100	2387.558
SORBI_3009G225200	1192.882
SORBI_3009G225250	152
SORBI_3009G225300	178
ENSRNA049443666	25
SORBI_3009G225500	1906.544
ENSRNA049443801	26
SORBI_3009G225600	762.955
SORBI_3009G225700	7237.083
SORBI_3009G225800	828.635
SORBI_3009G225900	2784.059
ENSRNA049478863	2
ENSRNA049478845	12
SORBI_3009G226000	1021.001
SORBI_3009G226100	789.319
SORBI_3009G226200	674.869
SORBI_3009G226250	85.406
SORBI_3009G226300	2205.951
SORBI_3009G226400	2032.947
SORBI_3009G226600	1550.324
SORBI_3009G226700	965.668
SORBI_3009G226800	2490.669
SORBI_3009G226900	1987.522
SORBI_3009G227000	4032.157
SORBI_3009G227100	1788.26641315161
SORBI_3009G227201	1293
SORBI_3009G227300	1161
SORBI_3009G227400	443.227
SORBI_3009G227500	1662
SORBI_3009G227600	1506.406
SORBI_3009G227650	755.055
SORBI_3009G227700	1926.49
SORBI_3009G227800	1250.329
SORBI_3009G227900	4231.768
SORBI_3009G228000	2180.134
SORBI_3009G228100	6132.828
SORBI_3009G228201	1785.296
SORBI_3009G228300	1208.354
SORBI_3009G228400	1691.35355960896
SORBI_3009G228500	1074.7535772015
SORBI_3009G228600	1407.456
SORBI_3009G228700	2883.821
SORBI_3009G228800	1978.122
SORBI_3009G228900	1064.74752850528
SORBI_3009G229000	1277.769
SORBI_3009G229100	931
SORBI_3009G229200	1155.35329574747
SORBI_3009G229300	2438.9694538805
ENSRNA049443684	34
SORBI_3009G229400	1259.406
SORBI_3009G229500	230
SORBI_3009G229600	2844.62226440727
SORBI_3009G229700	2785.872
SORBI_3009G229800	1430.236
SORBI_3009G229900	2397
SORBI_3009G230000	1214
SORBI_3009G230100	1783.90142838336
SORBI_3009G230200	2149.187
SORBI_3009G230300	510
SORBI_3009G230400	1961.968
SORBI_3009G230500	1185.62502427307
SORBI_3009G230600	1660.83560030537
SORBI_3009G230700	2659.864
SORBI_3009G230800	1877
SORBI_3009G230900	844.279
SORBI_3009G231000	490.893
SORBI_3009G231100	664.063
SORBI_3009G231200	2026.84870973428
SORBI_3009G231300	1302.282
SORBI_3009G231400	1432.191
SORBI_3009G231500	1677
SORBI_3009G231600	1767
SORBI_3009G231700	3136.689
SORBI_3009G231800	2456.7018345879
SORBI_3009G231900	1205.301
SORBI_3009G232000	1797.449
SORBI_3009G232100	2032.902
SORBI_3009G232200	1253.431
SORBI_3009G232266	642.989
SORBI_3009G232332	271
SORBI_3009G232400	1372.909
SORBI_3009G232500	226.696
SORBI_3009G232700	2635.078
SORBI_3009G232800	6488.543
SORBI_3009G232900	1187.049
SORBI_3009G233000	2195
SORBI_3009G233100	700
SORBI_3009G233200	3473.81320523543
SORBI_3009G233300	529.858
SORBI_3009G233400	939.401
SORBI_3009G233500	2312.979
SORBI_3009G233600	1071.756
SORBI_3009G233700	1173.214
SORBI_3009G233800	1329.111
SORBI_3009G233900	635.578
SORBI_3009G234000	160
SORBI_3009G234100	2104.372
SORBI_3009G234200	2390.736
SORBI_3009G234300	2326.432
SORBI_3009G234400	1423.634
SORBI_3009G234500	774.398
SORBI_3009G234600	1031.782
SORBI_3009G234700	3009.728
SORBI_3009G234800	2223.82861658369
SORBI_3009G234900	2002.187
SORBI_3009G235000	1920.124
SORBI_3009G235100	1863.409
SORBI_3009G235200	2312.355
SORBI_3009G235300	5579.442
SORBI_3009G235400	117
SORBI_3009G235500	478
SORBI_3009G235600	1826.748
SORBI_3009G235700	1789.578
SORBI_3009G235801	787
SORBI_3009G235900	1710.616
SORBI_3009G236000	2853
SORBI_3009G236100	2163.762
SORBI_3009G236150	1140
SORBI_3009G236200	2692.156
SORBI_3009G236300	3597.067
SORBI_3009G236400	961.603
ENSRNA049443757	27
SORBI_3009G236500	1600.696
SORBI_3009G236600	161
SORBI_3009G236700	2024
SORBI_3009G236800	2248.555
SORBI_3009G236900	1326
SORBI_3009G236950	2167.794
SORBI_3009G237000	1618.74809314617
SORBI_3009G237100	1998.58772110785
SORBI_3009G237200	1564.625
SORBI_3009G237300	284
SORBI_3009G237350	928
SORBI_3009G237400	3786.70855213817
SORBI_3009G237500	729.777
SORBI_3009G237600	3634.271
SORBI_3009G237700	1220.578
SORBI_3009G237800	471.284
SORBI_3009G237900	1346
SORBI_3009G238000	3785.426
SORBI_3009G238100	1907.711
SORBI_3009G238200	1241.885
SORBI_3009G238300	690.240936910018
SORBI_3009G238500	1681.314
SORBI_3009G238600	912.605
SORBI_3009G238650	556
ENSRNA049478922	8
SORBI_3009G238700	4746.657
SORBI_3009G238800	1578.387
SORBI_3009G238850	2838.732
SORBI_3009G238900	1286.18030445879
SORBI_3009G239000	795
SORBI_3009G239101	2052.207
SORBI_3009G239200	1569.354
SORBI_3009G239250	408.043
SORBI_3009G239301	131.345
SORBI_3009G239351	2580.433
SORBI_3009G239400	269
SORBI_3009G239500	3700.656
SORBI_3009G239600	2752.63
SORBI_3009G239700	104
SORBI_3009G239800	617
SORBI_3009G239900	1541.995
SORBI_3009G240000	3059.046
SORBI_3009G240100	1549.137
SORBI_3009G240200	567.411
SORBI_3009G240300	3207
SORBI_3009G240400	516
SORBI_3009G240500	1063
SORBI_3009G240600	1299.36
SORBI_3009G240700	1205.523
SORBI_3009G240900	1917.597
SORBI_3009G241000	2246.372
SORBI_3009G241100	543.211504466817
SORBI_3009G241200	4211.893
SORBI_3009G241300	980.61
SORBI_3009G241400	1570
SORBI_3009G241500	1249.053
SORBI_3009G241600	1735.005
SORBI_3009G241700	980.126
SORBI_3009G241801	1812.244
SORBI_3009G241900	660.5
SORBI_3009G241966	834.834
SORBI_3009G242032	1145
SORBI_3009G242100	2745.07002103776
SORBI_3009G242200	2093.73
SORBI_3009G242250	995
SORBI_3009G242300	159
SORBI_3009G242400	2270.975
SORBI_3009G242501	1066.536
SORBI_3009G242600	1027.46204560079
SORBI_3009G242700	500.292
SORBI_3009G242800	1194.973
SORBI_3009G242900	2576.651
SORBI_3009G243000	1522.839
SORBI_3009G243100	1143.191
SORBI_3009G243200	2893.707
SORBI_3009G243400	1395.794
SORBI_3009G243500	2505
SORBI_3009G243600	2769.97
ENSRNA049478859	20
SORBI_3009G243800	2206.685
SORBI_3009G243900	841.103
SORBI_3009G244000	1873
SORBI_3009G244100	7896.836
SORBI_3009G244200	1398.803
SORBI_3009G244300	1729.349
SORBI_3009G244450	315.97
SORBI_3009G244600	435.5
SORBI_3009G244650	532
SORBI_3009G244700	4414.379
SORBI_3009G244800	979
SORBI_3009G244900	1436.672
SORBI_3009G245000	2533.085
SORBI_3009G245101	827.169979577919
SORBI_3009G245200	1861.563
SORBI_3009G245300	883
SORBI_3009G245400	2241.118
SORBI_3009G245500	2156
SORBI_3009G245600	2782.909
SORBI_3009G245650	1264
ENSRNA049443705	26
SORBI_3009G245700	697
SORBI_3009G245750	495
SORBI_3009G245800	2500.08426997241
SORBI_3009G245900	1063
SORBI_3009G246000	952
SORBI_3009G246100	1426.622
SORBI_3009G246200	2204.535
SORBI_3009G246250	2618
SORBI_3009G246300	1877.22440907924
SORBI_3009G246400	2028.711
SORBI_3009G246500	3295.971
SORBI_3009G246600	2709.396
SORBI_3009G246700	2142.846
SORBI_3009G246800	5053.592
SORBI_3009G246950	1882.442
SORBI_3009G247100	2082.021
SORBI_3009G247200	2096.487
SORBI_3009G247300	891.79
SORBI_3009G247400	3721.662
SORBI_3009G247500	984
SORBI_3009G247601	2116
SORBI_3009G247700	1842.008
SORBI_3009G247900	685.26
SORBI_3009G248000	1979.783
SORBI_3009G248100	347.571
SORBI_3009G248200	1890.902
SORBI_3009G248300	2169.366
SORBI_3009G248500	1940.039
SORBI_3009G248600	2142.672
SORBI_3009G248700	995.291
SORBI_3009G248801	3411.142
SORBI_3009G248900	1330.227
SORBI_3009G249000	2086.384
SORBI_3009G249100	4335.87
SORBI_3009G249200	3753.145
SORBI_3009G249301	236.532
SORBI_3009G249400	1357.684
SORBI_3009G249500	1462.494
SORBI_3009G249600	2616.353
SORBI_3009G249700	3538.22004082618
SORBI_3009G249800	2575.07
SORBI_3009G249900	2734.4129531204
SORBI_3009G250000	2221
SORBI_3009G250100	2972.076
SORBI_3009G250200	2199.49
SORBI_3009G250300	1576
SORBI_3009G250400	1628.85
SORBI_3009G250500	1307
SORBI_3009G250600	622
SORBI_3009G250700	1746.718
SORBI_3009G250800	1376.946
SORBI_3009G250900	1261.84230716
SORBI_3009G251000	2378.3719065024
SORBI_3009G251100	1335.444
SORBI_3009G251200	3789.68456083083
SORBI_3009G251300	1319.205
SORBI_3009G251400	4674.068
SORBI_3009G251500	4105.35
SORBI_3009G251600	502.124
SORBI_3009G251700	1293.212
SORBI_3009G251800	1388.053
SORBI_3009G252000	1303
SORBI_3009G252100	2468
SORBI_3009G252200	3370.284
SORBI_3009G252300	2320.175
SORBI_3009G252400	1308.914
SORBI_3009G252500	1964.66
SORBI_3009G252600	1957.388
SORBI_3009G252700	2748.818
SORBI_3009G252800	3971.11337098755
ENSRNA049995717	4
ENSRNA049443727	26
SORBI_3009G253000	2086.378
SORBI_3009G253101	495.433
SORBI_3009G253200	388
ENSRNA049443719	27
SORBI_3009G253300	1827.721
SORBI_3009G253400	1628.973
SORBI_3009G253450	4794.965
SORBI_3009G253500	1135
SORBI_3009G253600	644.956
SORBI_3009G253700	2274
SORBI_3009G253800	1345
SORBI_3009G253900	3901.658
SORBI_3009G253950	7550.829
ENSRNA049995701	3
SORBI_3009G254000	3049.105
SORBI_3009G254100	2756.235
SORBI_3009G254200	5790.635
SORBI_3009G254400	1860
SORBI_3009G254500	3456
SORBI_3009G254600	1263
SORBI_3009G254700	1290.111
SORBI_3009G254800	1440
SORBI_3009G254900	1559.68
SORBI_3009G255000	1980.543
SORBI_3009G255100	3691.867
SORBI_3009G255200	793
SORBI_3009G255300	1954.427
SORBI_3009G255400	1066
SORBI_3009G255500	1553.691
SORBI_3009G255600	3931.073
SORBI_3009G255700	3109.741
SORBI_3009G255800	3975.548
SORBI_3009G255900	2984.134
SORBI_3009G256000	1603.081
SORBI_3009G256100	2488.842
SORBI_3009G256200	161.848
SORBI_3009G256300	5858.50860329274
SORBI_3009G256400	7673.585
SORBI_3009G256500	2703
SORBI_3009G256601	1000
SORBI_3009G256700	1838.246
SORBI_3009G256800	2637.398
SORBI_3009G256900	2053.53601240762
SORBI_3009G257000	641
SORBI_3009G257100	1776.263
SORBI_3009G257200	1616.16388551863
SORBI_3009G257300	2701.78942465091
SORBI_3009G257400	1594.902
SORBI_3009G257500	2688.582
SORBI_3009G257600	2367.114
SORBI_3009G257700	1599.184
SORBI_3009G257800	3728.18
SORBI_3009G257900	3915
SORBI_3009G258000	1651
SORBI_3009G258100	4909.54
SORBI_3009G258150	3175.854
SORBI_3009G258200	1143
SORBI_3009G258300	1733.912
SORBI_3009G258400	2450.324
SORBI_3009G258500	2196.513
SORBI_3009G258600	617.758449564214
SORBI_3009G258700	2650.419
SORBI_3009G258800	1202.361
SORBI_3009G258900	469
SORBI_3009G259100	1472.25
SORBI_3009G259200	944.499
SORBI_3009G259300	2374
SORBI_3009G259400	2697.39643379978
SORBI_3009G259500	2929.33333333333
SORBI_3009G259600	2208
SORBI_3009G259700	458.217
SORBI_3009G259800	854.927
SORBI_3009G259900	4455.22
SORBI_3009G260000	1361.415
SORBI_3009G260200	856
SORBI_3009G260350	486.428
SORBI_3009G260500	2522.67253247556
SORBI_3009G260550	252
SORBI_3009G260600	927.764
SORBI_3009G260650	1368.628
SORBI_3009G260700	744.63383203445
SORBI_3009G260800	441
SORBI_3009G260900	2449
SORBI_3K000200	985
SORBI_3K000400	1150
SORBI_3K000500	289.481
SORBI_3K044400	639.079
ENSRNA049485535	45.153
ENSRNA049485533	3502.402
SORBI_3K004100	1562.362
SORBI_3K004201	15358.964
ENSRNA049485470	3407.673
SORBI_3K004400	189
SORBI_3K004500	74
ENSRNA049485443	10
ENSRNA049485454	10
ENSRNA049485442	10
ENSRNA049485444	10
ENSRNA049485461	10
ENSRNA049485445	10
ENSRNA049485446	10
ENSRNA049485447	10
ENSRNA049485463	10
ENSRNA049485458	10
ENSRNA049485449	10
ENSRNA049485459	10
ENSRNA049485450	10
ENSRNA049485451	10
ENSRNA049485452	10
SORBI_3K009800	1079.193
SORBI_3K009900	178
SORBI_3K010000	2021
SORBI_3K010100	2377.783
SORBI_3K010300	3546.394
SORBI_3K044401	1632.125
SORBI_3K010500	184
ENSRNA049485467	35
ENSRNA049485468	35
SORBI_3K012900	94.042
SORBI_3K013000	619.223
SORBI_3K013100	218.461
SORBI_3K013200	1512.053
SORBI_3K014100	415
SORBI_3K014200	83
ENSRNA049485436	3266.506
ENSRNA049485438	45.153
SORBI_3K044402	1140
ENSRNA049484633	386.167
ENSRNA049484595	45.153
ENSRNA049484584	3240.699
ENSRNA049484596	45.153
ENSRNA049484545	3266.506
ENSRNA049484598	45.153
ENSRNA049484547	3266.506
ENSRNA049484599	45.153
ENSRNA049484548	3266.506
ENSRNA049484600	45.153
ENSRNA049484551	3266.506
ENSRNA049484601	45.153
ENSRNA049484553	3266.506
ENSRNA049484602	45.153
ENSRNA049484585	3338.464
ENSRNA049484603	45.153
ENSRNA049484554	3266.506
ENSRNA049484604	45.153
ENSRNA049484555	3266.506
ENSRNA049484607	45.153
ENSRNA049484557	3266.506
ENSRNA049484608	45.153
ENSRNA049484559	3266.506
ENSRNA049484610	45.153
ENSRNA049484560	3266.506
ENSRNA049484611	45.153
ENSRNA049484563	3266.506
ENSRNA049484623	51.934
ENSRNA049484566	3266.506
SORBI_3K044403	1848.202
ENSRNA049484612	45.153
ENSRNA049484582	3250.113
ENSRNA049484626	51.934
ENSRNA049484594	2794.057
ENSRNA049484614	45.153
ENSRNA049484567	3266.506
ENSRNA049484615	45.153
ENSRNA049484576	3256.151
ENSRNA049484616	45.153
ENSRNA049484579	3255.777
ENSRNA049484617	45.153
ENSRNA049484587	3256.621
ENSRNA049484618	45.153
ENSRNA049484570	3266.506
ENSRNA049484620	45.153
ENSRNA049484573	3266.506
ENSRNA049484637	29
ENSRNA049484592	3270.616
ENSRNA049484593	2255.283
ENSRNA049484591	3250.266
ENSRNA049484638	30
ENSRNA049484589	3236.745
ENSRNA049484632	29
ENSRNA049484640	4
ENSRNA049484628	32
ENSRNA049484630	29
SORBI_3K015700	353.325
SORBI_3K015800	91
SORBI_3K044404	78
SORBI_3K016500	457
SORBI_3K016700	402.868
SORBI_3K008450	760.167
SORBI_3K016900	4098.025
ENSRNA049485498	10
ENSRNA049485500	10
ENSRNA049485510	10
ENSRNA049485512	10
ENSRNA049485501	10
ENSRNA049485513	11
ENSRNA049485503	10
ENSRNA049485505	10
ENSRNA049485508	10
ENSRNA049485509	10
SORBI_3K017300	122
SORBI_3K020400	301.541
SORBI_3K020500	1807.721
SORBI_3K044405	1765
SORBI_3K044505	1551
SORBI_3K024000	1917.549
SORBI_3K044406	926.68
SORBI_3K024100	111
ENSRNA049485542	29
ENSRNA049485538	3266.506
ENSRNA049485539	45.153
SORBI_3K024300	104
SORBI_3K044407	4687.588
ENSRNA049485541	3262.108
SORBI_3K024500	997
ENSRNA049485553	45.153
SORBI_3K024600	631
SORBI_3K044408	1189
SORBI_3K024800	1094.498
SORBI_3K025800	812.915
ENSRNA049485548	45.153
SORBI_3K025900	1285
ENSRNA049485554	2061.066
ENSRNA049485441	45.153
SORBI_3K026200	51
ENSRNA049485561	35
SORBI_3K026400	1768
SORBI_3K026800	217.511
SORBI_3K044409	1675
SORBI_3K026900	1613.516
ENSRNA049485550	3447.354
SORBI_3K044410	1537.914
SORBI_3K027700	122
SORBI_3K027900	710.119
SORBI_3K028000	2085.238
SORBI_3K044411	1202.52
ENSRNA049485562	4
SORBI_3K028200	2511.898
ENSRNA049485515	45.153
SORBI_3K028300	1351
SORBI_3K044412	561
ENSRNA049485401	4
SORBI_3K028600	615.141
SORBI_3K044413	2732.893
ENSRNA049485423	10
ENSRNA049485412	10
ENSRNA049485427	12
ENSRNA049485428	34
ENSRNA049485414	10
ENSRNA049485415	10
ENSRNA049485425	10
ENSRNA049485418	10
ENSRNA049485421	10
SORBI_3K028900	3883
SORBI_3K044414	1776
ENSRNA049485495	36
ENSRNA049485493	35
SORBI_3K044415	313
ENSRNA049485556	35
ENSRNA049485555	35
SORBI_3K029900	538.072
SORBI_3K030000	469.749
SORBI_3K030100	637
SORBI_3K030200	463
SORBI_3K030700	431
ENSRNA049484642	3
SORBI_3K044416	1633
SORBI_3K031100	443
SORBI_3K031200	367
SORBI_3K031300	796
SORBI_3K031500	1379.436
SORBI_3K031800	813.82629633224
SORBI_3K044417	1588
SORBI_3K032900	764.515
ENSRNA049485527	45.153
ENSRNA049485526	2942.975
SORBI_3K044418	1863.773
SORBI_3K033000	451.624
ENSRNA049483612	45.153
ENSRNA049483600	3180.773
ENSRNA049483615	45.153
ENSRNA049483594	3260.011
ENSRNA049483618	45.153
ENSRNA049483575	3266.506
ENSRNA049483619	45.153
ENSRNA049483576	3266.506
ENSRNA049483622	45.153
ENSRNA049483578	3266.506
ENSRNA049483624	45.153
ENSRNA049483580	3266.506
ENSRNA049483625	45.153
ENSRNA049483582	3266.506
ENSRNA049483626	45.153
ENSRNA049483596	3244.87
ENSRNA049483627	45.153
ENSRNA049483584	3266.506
ENSRNA049483607	460.335
ENSRNA049483602	1969.448
ENSRNA049483628	45.153
ENSRNA049483588	3266.506
ENSRNA049483629	45.153
ENSRNA049483603	1020.964
ENSRNA049483639	14
ENSRNA049483640	37
ENSRNA049483611	41.094
ENSRNA049483609	377.039
ENSRNA049483605	498.254
ENSRNA049483632	45.153
ENSRNA049483598	3236.386
ENSRNA049483635	45.153
ENSRNA049483591	3266.506
ENSRNA049483637	45.153
ENSRNA049483597	3250.909
SORBI_3K040800	1174.912
ENSRNA049483670	45.153
ENSRNA049483653	3290.778
ENSRNA049483666	759.106
ENSRNA049483677	45.714
ENSRNA049483659	3259.942
ENSRNA049483671	45.153
ENSRNA049483662	3274.408
ENSRNA049483678	29
ENSRNA049483658	3220.819
ENSRNA049483675	29
ENSRNA049483660	3222.731
ENSRNA049483664	2169.688
ENSRNA049483667	560.602
ENSRNA049483679	29
ENSRNA049483650	3281.963
ENSRNA049483674	45.153
ENSRNA049483655	3243.024
SORBI_3K041900	3203.655
SORBI_3K042000	4059.37
SORBI_3K044419	1663
SORBI_3K042600	784
SORBI_3K042700	583
SORBI_3K044420	511
SORBI_3K043400	1435.406
SORBI_3K043500	697
SORBI_3K043800	756.202
SORBI_3K044200	1142
SORBI_3K044300	1833.312
