feature_id	SRR14935704
SORBI_3001G000100	0
SORBI_3001G000200	405.996
SORBI_3001G000400	272.446
SORBI_3001G000300	0
SORBI_3001G000501	8
SORBI_3001G000700	493.167
SORBI_3001G000800	1572
SORBI_3001G000900	0
SORBI_3001G001000	0
SORBI_3001G001066	0
SORBI_3001G001132	0
SORBI_3001G001200	21
SORBI_3001G001300	53
SORBI_3001G001400	1401.188
SORBI_3001G001700	8
SORBI_3001G001800	0
SORBI_3001G001900	432
SORBI_3001G002000	1361.999
SORBI_3001G002050	220
SORBI_3001G002100	8
SORBI_3001G002200	0
SORBI_3001G002300	1
SORBI_3001G002400	1
SORBI_3001G002500	5
SORBI_3001G002600	117
SORBI_3001G002650	0
SORBI_3001G002700	5
SORBI_3001G002800	27
SORBI_3001G002900	1
SORBI_3001G003000	150.011
SORBI_3001G003100	1625
SORBI_3001G003200	210
SORBI_3001G003300	29
SORBI_3001G003400	0
SORBI_3001G003500	277
SORBI_3001G003600	0
SORBI_3001G003700	0
SORBI_3001G003900	35.931
SORBI_3001G004000	2
SORBI_3001G004100	328.908
SORBI_3001G004200	170
SORBI_3001G004300	2
SORBI_3001G004400	1156.003
SORBI_3001G004500	1
SORBI_3001G004550	0
SORBI_3001G004600	13
SORBI_3001G004700	52
SORBI_3001G004800	8
SORBI_3001G004901	0
SORBI_3001G005000	1
SORBI_3001G005100	11
SORBI_3001G005200	467
SORBI_3001G005300	6
SORBI_3001G005400	0
SORBI_3001G005500	48
SORBI_3001G005600	647.888
SORBI_3001G005700	119
SORBI_3001G005800	142
ENSRNA049997130	0
SORBI_3001G005900	471.998
SORBI_3001G006000	54
SORBI_3001G006101	2
SORBI_3001G006201	19
SORBI_3001G006300	0
SORBI_3001G006400	239
SORBI_3001G006500	8
SORBI_3001G006600	0
SORBI_3001G006700	1829.109
SORBI_3001G006800	105
SORBI_3001G006900	1
SORBI_3001G007000	410
SORBI_3001G007100	145
SORBI_3001G007200	553.541
SORBI_3001G007300	1
SORBI_3001G007400	321
SORBI_3001G007500	133
SORBI_3001G007600	1892.127
SORBI_3001G007700	22
SORBI_3001G007800	235.976
SORBI_3001G007900	102.235
SORBI_3001G008000	34
SORBI_3001G008100	340
SORBI_3001G008200	183
SORBI_3001G008300	9
SORBI_3001G008400	1
SORBI_3001G008500	156
SORBI_3001G008600	2
SORBI_3001G008700	59
SORBI_3001G008800	252
SORBI_3001G008900	127
SORBI_3001G009000	0
SORBI_3001G009100	0
SORBI_3001G009200	50
SORBI_3001G009300	395
SORBI_3001G009400	15
SORBI_3001G009500	59
SORBI_3001G009600	617
SORBI_3001G009700	2
SORBI_3001G009800	622
SORBI_3001G009900	15
SORBI_3001G010000	12
SORBI_3001G010100	211.084
SORBI_3001G010200	36
SORBI_3001G010300	271
SORBI_3001G010400	399.904
SORBI_3001G010500	0
SORBI_3001G010600	720
SORBI_3001G010700	790.55
SORBI_3001G010800	103
SORBI_3001G010900	126
SORBI_3001G011000	867.975
SORBI_3001G011100	0
SORBI_3001G011200	1385.002
SORBI_3001G011300	29
SORBI_3001G011400	37
SORBI_3001G011600	176
SORBI_3001G011700	349
SORBI_3001G011800	16
ENSRNA049997137	0
ENSRNA049469069	0
SORBI_3001G012000	0
SORBI_3001G012100	161.988
SORBI_3001G012200	104
SORBI_3001G012300	4
SORBI_3001G012400	58
SORBI_3001G012500	15983.719
SORBI_3001G012600	1245.382
SORBI_3001G012700	93
SORBI_3001G012800	1058.908
SORBI_3001G012900	330
SORBI_3001G013000	600
SORBI_3001G013100	125
SORBI_3001G013200	97
SORBI_3001G013300	150
SORBI_3001G013400	4.82
SORBI_3001G013500	323
SORBI_3001G013600	27
ENSRNA049468963	0
SORBI_3001G013701	0
SORBI_3001G013800	24
SORBI_3001G013900	27
SORBI_3001G014000	11
SORBI_3001G014100	447.818
SORBI_3001G014200	502
SORBI_3001G014300	397.981
SORBI_3001G014400	0
SORBI_3001G014500	184
SORBI_3001G014600	0
SORBI_3001G014700	1
SORBI_3001G014800	840.988
SORBI_3001G014900	171.97
SORBI_3001G015000	2
SORBI_3001G015100	861
SORBI_3001G015200	112
SORBI_3001G015300	6
SORBI_3001G015400	1288.305
SORBI_3001G015500	444.999
SORBI_3001G015600	1
SORBI_3001G015700	0
SORBI_3001G015800	617
SORBI_3001G016000	349
SORBI_3001G016050	1
SORBI_3001G016100	13.012
SORBI_3001G016201	232.479
SORBI_3001G016300	0.988
SORBI_3001G016350	0
SORBI_3001G016200	196.701
SORBI_3001G016400	846.285
SORBI_3001G016500	637.706
SORBI_3001G016600	192.999
SORBI_3001G016700	485.636
SORBI_3001G016800	0
SORBI_3001G016900	1216.915
SORBI_3001G017000	11
SORBI_3001G017100	3941.305
SORBI_3001G017200	670
SORBI_3001G017300	121
SORBI_3001G017400	285
SORBI_3001G017500	0
ENSRNA049444170	0
SORBI_3001G017600	206.661
SORBI_3001G017700	394.237
SORBI_3001G017800	182
SORBI_3001G017900	233
SORBI_3001G018000	56
SORBI_3001G018100	619.133
SORBI_3001G018200	201.867
SORBI_3001G018300	30
SORBI_3001G018350	0
SORBI_3001G018400	0
SORBI_3001G018500	255
SORBI_3001G018550	0
ENSRNA049445322	0
SORBI_3001G018600	0
SORBI_3001G018700	0
ENSRNA049444201	0
SORBI_3001G018800	714.577
SORBI_3001G018900	3256
SORBI_3001G019000	0
SORBI_3001G019100	0
ENSRNA049444213	0
SORBI_3001G019200	31
SORBI_3001G019300	36
SORBI_3001G019400	375
SORBI_3001G019500	205
SORBI_3001G019601	4
SORBI_3001G019700	26
SORBI_3001G019800	266
SORBI_3001G019900	657.847
SORBI_3001G020000	498
SORBI_3001G020100	456.217
SORBI_3001G020200	19
SORBI_3001G020350	2
SORBI_3001G020500	300
SORBI_3001G020600	269
ENSRNA049444222	0
SORBI_3001G020700	5
SORBI_3001G020800	0
SORBI_3001G020900	0
SORBI_3001G021000	502.668
SORBI_3001G021100	0
SORBI_3001G021200	0
SORBI_3001G021300	832.807
SORBI_3001G021400	4316.611
SORBI_3001G021500	9952.709
SORBI_3001G021601	0
SORBI_3001G021700	130
SORBI_3001G021800	109.542
SORBI_3001G021900	157.459
SORBI_3001G022000	64
SORBI_3001G022100	467
SORBI_3001G022200	1
SORBI_3001G022300	85.002
SORBI_3001G022400	209
SORBI_3001G022500	440.654
SORBI_3001G022600	1732.047
SORBI_3001G022700	35
SORBI_3001G022800	1692.167
SORBI_3001G022900	1267.363
SORBI_3001G023000	267.454
SORBI_3001G023100	1015
SORBI_3001G023200	129
SORBI_3001G023300	30
SORBI_3001G023400	163
SORBI_3001G023500	45
SORBI_3001G023600	25
SORBI_3001G023700	2
SORBI_3001G023800	154.999
SORBI_3001G023900	321
SORBI_3001G024000	947.03
SORBI_3001G024100	0
SORBI_3001G024200	75
SORBI_3001G024250	0
SORBI_3001G024300	0
SORBI_3001G024400	1
SORBI_3001G024500	307.04
SORBI_3001G024700	0
SORBI_3001G024800	0
SORBI_3001G024900	1
SORBI_3001G025000	977
SORBI_3001G025101	9
SORBI_3001G025201	2
SORBI_3001G025300	78
SORBI_3001G025400	198.735
SORBI_3001G025500	139
SORBI_3001G025600	437.927
SORBI_3001G025700	256
SORBI_3001G025800	52
SORBI_3001G025900	6
SORBI_3001G026000	737.059
SORBI_3001G026100	1
SORBI_3001G026200	409
SORBI_3001G026300	0
SORBI_3001G026400	59
SORBI_3001G026500	1411.449
SORBI_3001G026600	118
SORBI_3001G026700	4
ENSRNA049445318	0
SORBI_3001G026800	338
SORBI_3001G026900	196
SORBI_3001G026950	0
SORBI_3001G027000	0
SORBI_3001G027100	126
SORBI_3001G027200	0
SORBI_3001G027300	9
SORBI_3001G027400	0
SORBI_3001G027500	4
SORBI_3001G027600	98
SORBI_3001G027700	0
SORBI_3001G027800	6
SORBI_3001G027900	4
SORBI_3001G028000	132.444
SORBI_3001G028100	1803.077
SORBI_3001G028200	11
SORBI_3001G028301	0
SORBI_3001G028400	641
SORBI_3001G028500	299
SORBI_3001G028600	1
SORBI_3001G028700	147.002
SORBI_3001G028800	192
SORBI_3001G028900	38
SORBI_3001G029000	34
SORBI_3001G029100	7
SORBI_3001G029200	2168.812
SORBI_3001G029300	0
SORBI_3001G029400	140
SORBI_3001G029500	0
SORBI_3001G029600	3
SORBI_3001G029700	0
SORBI_3001G029800	1
SORBI_3001G029900	21
SORBI_3001G030000	950
SORBI_3001G030100	4
SORBI_3001G030200	5
SORBI_3001G030300	181
SORBI_3001G030400	186
SORBI_3001G030500	10
SORBI_3001G030600	5
SORBI_3001G030800	0
SORBI_3001G030900	0
SORBI_3001G031000	0
SORBI_3001G031100	330
SORBI_3001G031200	129
SORBI_3001G031300	213.063
SORBI_3001G031400	18
SORBI_3001G031500	0
SORBI_3001G031600	574.341
SORBI_3001G031700	28
SORBI_3001G031800	41.166
SORBI_3001G031900	283.052
SORBI_3001G032000	44
SORBI_3001G032100	145
ENSRNA049468937	0
SORBI_3001G032200	206.022
SORBI_3001G032300	183
SORBI_3001G032400	85
SORBI_3001G032550	12
SORBI_3001G032700	48.998
SORBI_3001G032800	615.912
SORBI_3001G032850	0
SORBI_3001G032900	46
SORBI_3001G033000	48
SORBI_3001G033100	475.97
SORBI_3001G033200	409
SORBI_3001G033300	1
SORBI_3001G033400	157.009
SORBI_3001G033500	262.923
SORBI_3001G033600	26
SORBI_3001G033701	0
SORBI_3001G033800	0
SORBI_3001G033900	48
SORBI_3001G034000	34
SORBI_3001G034050	0
SORBI_3001G034100	1149.967
SORBI_3001G034200	0
SORBI_3001G034300	23
SORBI_3001G034400	0
SORBI_3001G034500	955.969
SORBI_3001G034600	171
ENSRNA049444240	0
SORBI_3001G034700	5958.798
SORBI_3001G034900	42
SORBI_3001G035000	825.344
SORBI_3001G035100	109
SORBI_3001G035200	495.885
SORBI_3001G035300	0
SORBI_3001G035400	697.584
SORBI_3001G035450	2.001
SORBI_3001G035500	1697.905
SORBI_3001G035600	262.387
SORBI_3001G035700	0
SORBI_3001G035800	4
SORBI_3001G035900	173
SORBI_3001G036050	386
SORBI_3001G036200	1
SORBI_3001G036300	243
SORBI_3001G036400	0
SORBI_3001G036600	0
SORBI_3001G036700	54
SORBI_3001G036800	130.655
SORBI_3001G036900	1257.003
SORBI_3001G037000	133
SORBI_3001G037033	0
SORBI_3001G037066	0
SORBI_3001G037100	2627.422
SORBI_3001G037150	2
SORBI_3001G037200	3
SORBI_3001G037300	3
SORBI_3001G037400	1
SORBI_3001G037500	67
SORBI_3001G037550	0
SORBI_3001G037600	0
SORBI_3001G037700	0
SORBI_3001G037800	69
SORBI_3001G037900	467
SORBI_3001G038000	874.998
SORBI_3001G038050	0
ENSRNA049468928	0
SORBI_3001G038100	119
SORBI_3001G038200	840
SORBI_3001G038300	42
SORBI_3001G038400	0
SORBI_3001G038450	0
ENSRNA049997145	0
SORBI_3001G038500	62
SORBI_3001G038601	0
SORBI_3001G038700	10
SORBI_3001G038800	1885.035
SORBI_3001G038900	119
SORBI_3001G039000	2
SORBI_3001G039100	0
SORBI_3001G039200	1
SORBI_3001G039300	164
SORBI_3001G039400	612.494
SORBI_3001G039500	764
SORBI_3001G039600	256
SORBI_3001G039700	1228.283
SORBI_3001G039750	0
SORBI_3001G039800	404
SORBI_3001G039900	259
SORBI_3001G040000	88.074
SORBI_3001G040100	1111
SORBI_3001G040200	1511
SORBI_3001G040300	396
SORBI_3001G040400	0
SORBI_3001G040500	1882.069
SORBI_3001G040600	398.014
SORBI_3001G040701	0
SORBI_3001G040800	4364
SORBI_3001G040900	0
SORBI_3001G041000	81
SORBI_3001G041100	407
SORBI_3001G041200	242
SORBI_3001G041300	0
SORBI_3001G041400	344.283
SORBI_3001G041450	0
SORBI_3001G041500	88
SORBI_3001G041600	0
SORBI_3001G041700	47
SORBI_3001G041800	291
SORBI_3001G041900	69
SORBI_3001G042000	61
SORBI_3001G042100	0
SORBI_3001G042200	1664.878
SORBI_3001G042301	0
SORBI_3001G042400	10
SORBI_3001G042500	42
SORBI_3001G042600	0
SORBI_3001G042700	1
SORBI_3001G042800	27
ENSRNA049469080	0
SORBI_3001G042901	1
SORBI_3001G043000	24
SORBI_3001G043100	468
SORBI_3001G043200	17
SORBI_3001G043300	0
SORBI_3001G043400	481
SORBI_3001G043500	15
SORBI_3001G043601	77.221
ENSRNA049468921	0
SORBI_3001G043700	63
SORBI_3001G043800	567
SORBI_3001G043900	124
SORBI_3001G044000	18
SORBI_3001G044100	0
SORBI_3001G044200	2
SORBI_3001G044300	8
SORBI_3001G044400	18
SORBI_3001G044500	125
SORBI_3001G044600	260
SORBI_3001G044700	0
SORBI_3001G044800	3660.031
SORBI_3001G044900	91.758
SORBI_3001G045000	1668
SORBI_3001G045100	0
SORBI_3001G045300	0
SORBI_3001G045400	0
SORBI_3001G045500	0
SORBI_3001G045600	2346.81
SORBI_3001G045700	2967.893
SORBI_3001G045800	0
SORBI_3001G045900	0
SORBI_3001G046000	288.984
SORBI_3001G046100	598.8
SORBI_3001G046200	199
SORBI_3001G046300	944.2
SORBI_3001G046400	0
SORBI_3001G046500	19
SORBI_3001G046600	0
SORBI_3001G046700	2
SORBI_3001G046800	0
SORBI_3001G046900	393
SORBI_3001G047000	463.001
SORBI_3001G047100	348.92
SORBI_3001G047200	54
SORBI_3001G047400	519.986
SORBI_3001G047500	0
SORBI_3001G047600	530
SORBI_3001G047700	36
SORBI_3001G047800	648
SORBI_3001G047900	20
SORBI_3001G048000	49
SORBI_3001G048100	1072
SORBI_3001G048200	265
SORBI_3001G048300	1
SORBI_3001G048400	66
SORBI_3001G048500	0
SORBI_3001G048600	0
SORBI_3001G048700	488
SORBI_3001G048766	21
SORBI_3001G048832	567
SORBI_3001G048900	276.001
SORBI_3001G049000	1
SORBI_3001G049200	807
SORBI_3001G049300	871
SORBI_3001G049400	606
SORBI_3001G049500	924.444
SORBI_3001G049600	312
SORBI_3001G049700	1
SORBI_3001G049800	579.008
SORBI_3001G049900	9
SORBI_3001G050000	0
SORBI_3001G050100	44
SORBI_3001G050200	422.054
SORBI_3001G050300	1
SORBI_3001G050400	27
SORBI_3001G050500	105
SORBI_3001G050600	820.818
SORBI_3001G050650	0
SORBI_3001G050700	363.617
SORBI_3001G050800	780
SORBI_3001G050900	22
SORBI_3001G051100	0
SORBI_3001G051200	1395.686
SORBI_3001G051300	125.001
SORBI_3001G051400	375
SORBI_3001G051500	722.887
SORBI_3001G051600	6886.333
SORBI_3001G051700	333
SORBI_3001G051800	369.124
SORBI_3001G052000	10671.023
SORBI_3001G052100	32.025
SORBI_3001G052200	43
SORBI_3001G052300	973.931
SORBI_3001G052350	0
SORBI_3001G052400	579
SORBI_3001G052500	0
SORBI_3001G052600	387
SORBI_3001G052700	1137.161
SORBI_3001G052800	25.664
SORBI_3001G052900	525
SORBI_3001G053000	45
SORBI_3001G053100	532.637
SORBI_3001G053200	631.402
SORBI_3001G053350	108.902
SORBI_3001G053500	0
SORBI_3001G053601	0
SORBI_3001G053700	2.098
SORBI_3001G053800	588.949
SORBI_3001G053900	111
SORBI_3001G054000	56
SORBI_3001G054050	0
SORBI_3001G054100	50
SORBI_3001G054200	97
SORBI_3001G054300	0
SORBI_3001G054400	0
SORBI_3001G054500	1
SORBI_3001G054600	252
SORBI_3001G054700	37
SORBI_3001G054800	1040.995
SORBI_3001G054900	696.715
SORBI_3001G055100	0
SORBI_3001G055300	0
SORBI_3001G055400	0
SORBI_3001G055600	46
SORBI_3001G055700	0
SORBI_3001G055800	0
SORBI_3001G055900	372
SORBI_3001G056000	0
SORBI_3001G056100	1
SORBI_3001G056200	313
SORBI_3001G056300	44
SORBI_3001G056400	1
SORBI_3001G056500	41
SORBI_3001G056601	249
SORBI_3001G056700	165.019
SORBI_3001G056800	376.789
SORBI_3001G056900	33
SORBI_3001G057100	100
SORBI_3001G057200	186
SORBI_3001G057300	1143
SORBI_3001G057400	35
SORBI_3001G057500	0
ENSRNA049997152	0
SORBI_3001G057600	75
SORBI_3001G057700	959.63
SORBI_3001G057800	291
SORBI_3001G057900	1
SORBI_3001G058000	38
SORBI_3001G058100	233
SORBI_3001G058200	72.001
SORBI_3001G058300	6
SORBI_3001G058400	9
SORBI_3001G058500	34
SORBI_3001G058600	119
SORBI_3001G058700	1112
SORBI_3001G058800	0
SORBI_3001G058900	1279
SORBI_3001G059001	0
SORBI_3001G059100	265
SORBI_3001G059150	0
SORBI_3001G059200	143
SORBI_3001G059300	0
SORBI_3001G059400	180
SORBI_3001G059500	2
ENSRNA049468934	0
SORBI_3001G059600	1
SORBI_3001G059700	9
SORBI_3001G059800	0
SORBI_3001G059900	0
SORBI_3001G060001	0
SORBI_3001G060100	59
SORBI_3001G060200	0
SORBI_3001G060300	186
SORBI_3001G060401	0
SORBI_3001G060500	140
SORBI_3001G060600	0
SORBI_3001G060666	0
SORBI_3001G060732	0
SORBI_3001G060800	0
SORBI_3001G060900	0
SORBI_3001G061000	2
SORBI_3001G061101	17
SORBI_3001G061200	316
SORBI_3001G061300	5
SORBI_3001G061400	1
SORBI_3001G061500	1579.814
SORBI_3001G061600	117
SORBI_3001G061700	720
SORBI_3001G061800	343
SORBI_3001G061900	484
SORBI_3001G062000	0
SORBI_3001G062066	22
SORBI_3001G062132	19
SORBI_3001G062200	0
SORBI_3001G062250	0
SORBI_3001G062300	5371.093
SORBI_3001G062400	0
SORBI_3001G062500	282.422
SORBI_3001G062600	128.47
SORBI_3001G062700	0
SORBI_3001G062750	1
SORBI_3001G062800	0
SORBI_3001G062900	338
SORBI_3001G063000	1
SORBI_3001G063100	261
SORBI_3001G063200	4
SORBI_3001G063300	0
SORBI_3001G063400	76
SORBI_3001G063500	2004.649
SORBI_3001G063600	2963
SORBI_3001G063700	909
SORBI_3001G063800	26
SORBI_3001G063900	38
SORBI_3001G064000	453.52
SORBI_3001G064200	1426.345
SORBI_3001G064300	90.48
SORBI_3001G064400	0
SORBI_3001G064500	3344.966
SORBI_3001G064600	67
SORBI_3001G064700	147
SORBI_3001G064800	310
SORBI_3001G064900	1262.582
SORBI_3001G065000	1122
SORBI_3001G065100	1079.955
SORBI_3001G065150	0
SORBI_3001G065200	33
SORBI_3001G065300	14
SORBI_3001G065400	0
SORBI_3001G065500	12
SORBI_3001G065600	64.037
SORBI_3001G065700	1052.65
SORBI_3001G065800	453
SORBI_3001G065900	1
SORBI_3001G066000	6
SORBI_3001G066100	7
SORBI_3001G066300	95
SORBI_3001G066400	1
SORBI_3001G066500	4642.221
SORBI_3001G066600	8
ENSRNA049469047	0
ENSRNA049469020	0
SORBI_3001G066700	231.998
SORBI_3001G066800	0
SORBI_3001G066900	0
SORBI_3001G067000	102
SORBI_3001G067100	1092
SORBI_3001G067200	406
SORBI_3001G067300	474.001
SORBI_3001G067400	89
SORBI_3001G067500	3
SORBI_3001G067601	89
SORBI_3001G067700	189
SORBI_3001G067800	0
SORBI_3001G067850	143.057
SORBI_3001G067900	791
SORBI_3001G068000	0
SORBI_3001G068066	0
SORBI_3001G068132	1
ENSRNA049997158	0
SORBI_3001G068200	0
ENSRNA049444273	0
SORBI_3001G068301	382
SORBI_3001G068400	0
SORBI_3001G068500	0
SORBI_3001G068600	0
ENSRNA049444312	0
SORBI_3001G068700	140
SORBI_3001G068800	0
ENSRNA049468970	0
ENSRNA049469087	0
SORBI_3001G068901	4
SORBI_3001G069000	62
SORBI_3001G069100	0
SORBI_3001G069200	48
SORBI_3001G069300	27.295
SORBI_3001G069400	38
SORBI_3001G069500	55
SORBI_3001G069600	153
SORBI_3001G069700	64
SORBI_3001G069800	923.039
SORBI_3001G069900	537
SORBI_3001G070000	6421.638
SORBI_3001G070100	0
SORBI_3001G070200	0
SORBI_3001G070300	2
SORBI_3001G070401	0
SORBI_3001G070500	262
SORBI_3001G070600	219
SORBI_3001G070700	119
SORBI_3001G070800	261.386
SORBI_3001G070900	2
SORBI_3001G071000	3
SORBI_3001G071100	15
SORBI_3001G071200	0
SORBI_3001G071250	0
SORBI_3001G071300	64
SORBI_3001G071400	574.999
SORBI_3001G071500	0
SORBI_3001G071600	22
SORBI_3001G071700	0
SORBI_3001G071800	2491.091
SORBI_3001G071900	39
SORBI_3001G072000	58
SORBI_3001G072100	0
SORBI_3001G072200	10
SORBI_3001G072250	1
SORBI_3001G072300	18
SORBI_3001G072400	0
SORBI_3001G072500	1155.234
SORBI_3001G072550	0
SORBI_3001G072600	247
SORBI_3001G072700	429
SORBI_3001G072800	105
SORBI_3001G072900	21
SORBI_3001G073000	44.843
SORBI_3001G073150	259.999
SORBI_3001G073300	76
SORBI_3001G073400	25
SORBI_3001G073500	133
SORBI_3001G073550	0
SORBI_3001G073600	816.503
ENSRNA049444321	0
SORBI_3001G073700	766
SORBI_3001G073800	27
SORBI_3001G073900	942
SORBI_3001G074000	10
SORBI_3001G074100	50
SORBI_3001G074200	859
SORBI_3001G074300	142
SORBI_3001G074400	2888.915
SORBI_3001G074500	0
SORBI_3001G074601	0
SORBI_3001G074700	535
SORBI_3001G074800	11
SORBI_3001G074900	2
SORBI_3001G075000	107
SORBI_3001G075101	615.864
SORBI_3001G075201	1
SORBI_3001G075300	2
SORBI_3001G075200	0
SORBI_3001G075400	1
SORBI_3001G075500	0
SORBI_3001G075600	714.186
SORBI_3001G075700	0
SORBI_3001G075800	291.015
SORBI_3001G075900	4
SORBI_3001G075950	0
SORBI_3001G076000	316
SORBI_3001G076100	35
SORBI_3001G076200	176
SORBI_3001G076300	0
SORBI_3001G076400	386.001
ENSRNA049444337	0
SORBI_3001G076500	40
SORBI_3001G076600	39
SORBI_3001G076700	117.046
SORBI_3001G076800	2
SORBI_3001G076850	0
SORBI_3001G076900	8
SORBI_3001G077000	1392
SORBI_3001G077100	14
SORBI_3001G077200	15
SORBI_3001G077300	262
SORBI_3001G077400	2956.015
SORBI_3001G077500	87
SORBI_3001G077600	4
SORBI_3001G077700	308
SORBI_3001G077800	6
SORBI_3001G077900	384.014
SORBI_3001G078000	31
SORBI_3001G078100	213
SORBI_3001G078200	275
SORBI_3001G078300	21
SORBI_3001G078400	589
SORBI_3001G078500	113
SORBI_3001G078600	0
SORBI_3001G078700	0
SORBI_3001G078800	972.018
SORBI_3001G078900	755
SORBI_3001G079000	0
SORBI_3001G079100	193
SORBI_3001G079150	0
SORBI_3001G079200	1080.645
SORBI_3001G079300	71
SORBI_3001G079401	0
SORBI_3001G079500	8564.857
SORBI_3001G079600	1
SORBI_3001G079700	560.996
SORBI_3001G079900	1
SORBI_3001G080000	234
SORBI_3001G080100	386
SORBI_3001G080200	61
SORBI_3001G080300	141
SORBI_3001G080500	0
SORBI_3001G080600	0
SORBI_3001G080700	1173
SORBI_3001G080800	49
SORBI_3001G080900	46
SORBI_3001G080950	0
SORBI_3001G081000	212
SORBI_3001G081100	30
SORBI_3001G081300	43.011
SORBI_3001G081200	723.922
SORBI_3001G081400	133
SORBI_3001G081450	0
SORBI_3001G081500	27
SORBI_3001G081600	7217.121
SORBI_3001G081700	81
SORBI_3001G081800	30
SORBI_3001G081900	283.365
SORBI_3001G082000	430
SORBI_3001G082100	381
SORBI_3001G082200	78
SORBI_3001G082300	6
SORBI_3001G082400	157
SORBI_3001G082500	19
SORBI_3001G082600	85
SORBI_3001G082700	0
SORBI_3001G082800	0
SORBI_3001G082900	1302
SORBI_3001G083000	1
SORBI_3001G083100	150
SORBI_3001G083200	760.53
SORBI_3001G083300	1
SORBI_3001G083400	1157
SORBI_3001G083450	0
SORBI_3001G083500	6
SORBI_3001G083600	167
SORBI_3001G083701	0
SORBI_3001G083800	833.001
SORBI_3001G083900	163.035
SORBI_3001G084000	304
SORBI_3001G084100	20152.189
SORBI_3001G084133	0
SORBI_3001G084166	0
SORBI_3001G084200	0
SORBI_3001G084300	43.841
SORBI_3001G084400	37.159
SORBI_3001G084500	2
SORBI_3001G084600	87
SORBI_3001G084700	24
SORBI_3001G084900	362
SORBI_3001G085000	1019.17
SORBI_3001G085100	274
SORBI_3001G085200	5
SORBI_3001G085300	1452.03
ENSRNA049445250	0
SORBI_3001G085400	2958.798
ENSRNA049469036	0
ENSRNA049469007	0
SORBI_3001G085450	0
SORBI_3001G085500	313
SORBI_3001G085600	1009
SORBI_3001G085700	739.997
SORBI_3001G085800	149
SORBI_3001G085900	541.004
SORBI_3001G086000	11
SORBI_3001G086100	0
SORBI_3001G086050	0
SORBI_3001G086200	4422.55
SORBI_3001G086300	124.464
SORBI_3001G086400	3
SORBI_3001G086500	782
SORBI_3001G086600	530.232
SORBI_3001G086700	0
SORBI_3001G086800	63
SORBI_3001G086900	188
SORBI_3001G087000	188.001
SORBI_3001G087100	792
SORBI_3001G087201	0
SORBI_3001G087300	1
SORBI_3001G087400	301
SORBI_3001G087500	0
SORBI_3001G087600	338.286
SORBI_3001G087700	435
SORBI_3001G087800	21
SORBI_3001G087850	0
SORBI_3001G087900	151
SORBI_3001G088000	8
SORBI_3001G088100	903
SORBI_3001G088200	303
SORBI_3001G088300	282.989
SORBI_3001G088400	10
SORBI_3001G088450	0
SORBI_3001G088500	204
SORBI_3001G088600	0
SORBI_3001G088700	23
SORBI_3001G088800	21
SORBI_3001G088900	304
SORBI_3001G089000	26
SORBI_3001G089100	331
SORBI_3001G089200	1
SORBI_3001G089300	0
SORBI_3001G089400	2
SORBI_3001G089500	413
SORBI_3001G089600	459.089
SORBI_3001G089800	399
SORBI_3001G089850	0
SORBI_3001G089900	94.111
SORBI_3001G090000	32
SORBI_3001G090100	209
SORBI_3001G090200	15
SORBI_3001G090300	345.001
SORBI_3001G090400	349.004
SORBI_3001G090500	3125.134
SORBI_3001G090600	1444.357
SORBI_3001G090700	27
SORBI_3001G090800	394
SORBI_3001G090900	0
SORBI_3001G091000	0
SORBI_3001G091100	18
SORBI_3001G091200	15
SORBI_3001G091300	461.044
SORBI_3001G091400	474
SORBI_3001G091500	0
SORBI_3001G091600	2
SORBI_3001G091701	27
SORBI_3001G091801	1512
SORBI_3001G091900	385
SORBI_3001G092000	39
SORBI_3001G092100	21
SORBI_3001G092200	120
SORBI_3001G092250	6
SORBI_3001G092300	45
SORBI_3001G092400	0
SORBI_3001G092500	0
SORBI_3001G092600	164.002
SORBI_3001G092650	0
SORBI_3001G092700	0
SORBI_3001G092800	7
SORBI_3001G093000	0
SORBI_3001G093100	0
SORBI_3001G093200	1
SORBI_3001G093300	472.995
SORBI_3001G093400	0
SORBI_3001G093500	4.005
SORBI_3001G093600	12
SORBI_3001G093666	1
SORBI_3001G093732	1
SORBI_3001G093800	776
SORBI_3001G093900	485
SORBI_3001G094000	1217.847
SORBI_3001G094100	0
ENSRNA049997165	0
SORBI_3001G094200	39
SORBI_3001G094300	1380
SORBI_3001G094400	637
SORBI_3001G094500	688.996
SORBI_3001G094550	0
SORBI_3001G094600	47
SORBI_3001G094700	0
SORBI_3001G094800	162
SORBI_3001G094900	120
SORBI_3001G095000	1099
SORBI_3001G095100	0
SORBI_3001G095200	108
SORBI_3001G095300	451
SORBI_3001G095366	0
SORBI_3001G095432	0
SORBI_3001G095500	283
SORBI_3001G095566	0
SORBI_3001G095632	673.993
SORBI_3001G095700	2741.852
SORBI_3001G095750	5
SORBI_3001G095800	68
SORBI_3001G095900	0
ENSRNA049997171	0
SORBI_3001G096000	648.923
SORBI_3001G096100	811.505
SORBI_3001G096200	30
SORBI_3001G096300	145
SORBI_3001G096400	0
SORBI_3001G096450	0
SORBI_3001G096500	0
SORBI_3001G096600	0
SORBI_3001G096700	0
SORBI_3001G096800	5
SORBI_3001G096833	0
SORBI_3001G096866	1
SORBI_3001G096900	41
SORBI_3001G097000	0
SORBI_3001G097100	1116
SORBI_3001G097200	1212.999
SORBI_3001G097300	0
SORBI_3001G097400	123
SORBI_3001G097500	684
SORBI_3001G097600	934.173
SORBI_3001G097700	110
SORBI_3001G097800	0
SORBI_3001G097900	432
SORBI_3001G098000	388
SORBI_3001G098100	179
SORBI_3001G098200	610
SORBI_3001G098301	25.011
SORBI_3001G098400	496
SORBI_3001G098500	4884.91
SORBI_3001G098600	76
SORBI_3001G098700	292
SORBI_3001G098800	622
SORBI_3001G098900	1
SORBI_3001G099000	71
SORBI_3001G099100	2291.104
SORBI_3001G099200	14
SORBI_3001G099300	6
ENSRNA049997178	0
SORBI_3001G099400	2
SORBI_3001G099500	2
SORBI_3001G099600	1
SORBI_3001G099700	0
SORBI_3001G099800	474
SORBI_3001G099900	671.392
SORBI_3001G100000	178
SORBI_3001G100100	143
SORBI_3001G100200	3
SORBI_3001G100400	174.419
SORBI_3001G100300	1
SORBI_3001G100501	1105.506
SORBI_3001G100600	169.549
SORBI_3001G100650	0
SORBI_3001G100700	0
SORBI_3001G100800	0
SORBI_3001G100900	239.026
SORBI_3001G101000	670.972
SORBI_3001G101100	98
SORBI_3001G101200	5
SORBI_3001G101300	0
SORBI_3001G101400	8
SORBI_3001G101500	296
SORBI_3001G101600	0
SORBI_3001G101650	0
SORBI_3001G101700	6
SORBI_3001G101900	1
SORBI_3001G102000	0
SORBI_3001G102100	1
ENSRNA049997123	0
SORBI_3001G102150	0
SORBI_3001G102200	39
SORBI_3001G102300	460
SORBI_3001G102350	0
SORBI_3001G102400	0
SORBI_3001G102500	922.197
SORBI_3001G102600	0
SORBI_3001G102700	2262.11
SORBI_3001G102800	19
SORBI_3001G102901	1
SORBI_3001G103000	9
SORBI_3001G103100	0
SORBI_3001G103200	356
SORBI_3001G103300	297
SORBI_3001G103400	1
SORBI_3001G103500	0
SORBI_3001G103600	0
SORBI_3001G103800	41
SORBI_3001G103900	517.095
SORBI_3001G104000	137
SORBI_3001G104050	0
SORBI_3001G104100	2
SORBI_3001G104300	37
SORBI_3001G104400	0
SORBI_3001G104500	13
SORBI_3001G104550	0
SORBI_3001G104600	44
SORBI_3001G104700	60
SORBI_3001G104800	119
SORBI_3001G104900	40
SORBI_3001G105000	163
SORBI_3001G105100	330
SORBI_3001G105200	352.173
SORBI_3001G105300	31
SORBI_3001G105400	46.999
SORBI_3001G105500	475
SORBI_3001G105600	8
SORBI_3001G105700	187
ENSRNA049445222	0
SORBI_3001G105800	0
SORBI_3001G105900	49
SORBI_3001G106000	0
SORBI_3001G106100	130
SORBI_3001G106200	0
SORBI_3001G106300	24.268
SORBI_3001G106400	81.732
SORBI_3001G106500	0
SORBI_3001G106550	0
SORBI_3001G106600	1415.009
SORBI_3001G106700	271
SORBI_3001G106800	0
SORBI_3001G106900	128
SORBI_3001G107001	0
SORBI_3001G107100	5892.356
SORBI_3001G107150	0
SORBI_3001G107200	2768.762
SORBI_3001G107300	44
SORBI_3001G107400	4986.846
SORBI_3001G107500	1352.029
SORBI_3001G107550	0
SORBI_3001G107600	1941.529
SORBI_3001G107700	0
SORBI_3001G107800	24
SORBI_3001G107900	932.316
SORBI_3001G108000	27
SORBI_3001G108100	1
SORBI_3001G108200	41
SORBI_3001G108300	0
SORBI_3001G108350	179
SORBI_3001G108400	1668
SORBI_3001G108500	1038.841
SORBI_3001G108600	132.001
SORBI_3001G108700	17
SORBI_3001G108800	24
SORBI_3001G108900	89
SORBI_3001G109000	43
SORBI_3001G109100	313
SORBI_3001G109300	641.899
SORBI_3001G109400	136.101
SORBI_3001G109500	108
SORBI_3001G109700	4
SORBI_3001G109800	496
SORBI_3001G109900	0
SORBI_3001G110000	66
SORBI_3001G110100	0
SORBI_3001G110150	0
SORBI_3001G110200	0
SORBI_3001G110250	0
SORBI_3001G110300	52
SORBI_3001G110400	73
SORBI_3001G110500	1
SORBI_3001G110600	2778.795
SORBI_3001G110701	38.887
SORBI_3001G110800	73
SORBI_3001G110900	36
SORBI_3001G110950	0
SORBI_3001G111000	1258
SORBI_3001G111150	119
SORBI_3001G111300	0
SORBI_3001G111366	505.406
SORBI_3001G111500	9221.254
SORBI_3001G111432	0
SORBI_3001G111600	1315.001
SORBI_3001G111650	0
SORBI_3001G111700	25
SORBI_3001G111800	644
SORBI_3001G111850	327.016
SORBI_3001G111900	460.004
SORBI_3001G112000	113
SORBI_3001G112100	31
SORBI_3001G112200	275.151
SORBI_3001G112250	0
SORBI_3001G112300	0
SORBI_3001G112350	0
SORBI_3001G112400	135
SORBI_3001G112500	0
SORBI_3001G112550	0
SORBI_3001G112600	439
SORBI_3001G112700	127
SORBI_3001G112800	16.002
SORBI_3001G112900	940.993
SORBI_3001G113000	999.503
SORBI_3001G113200	1653
SORBI_3001G113400	1
SORBI_3001G113500	319
SORBI_3001G113600	0
SORBI_3001G113700	96
SORBI_3001G113800	2081.631
SORBI_3001G113900	21
SORBI_3001G114000	800.202
SORBI_3001G114100	0
SORBI_3001G114200	146.048
SORBI_3001G114300	2
SORBI_3001G114400	1185.333
SORBI_3001G114500	901.017
SORBI_3001G114550	0
SORBI_3001G114600	0
SORBI_3001G114650	3
SORBI_3001G114700	6
SORBI_3001G114800	0
SORBI_3001G114900	1
SORBI_3001G115001	2
SORBI_3001G115100	62
SORBI_3001G115200	0
ENSRNA049468953	0
SORBI_3001G115300	172
SORBI_3001G115400	0
SORBI_3001G115500	438
SORBI_3001G115600	0
SORBI_3001G115700	1329.92
SORBI_3001G115800	4
SORBI_3001G115900	1
SORBI_3001G116000	739
SORBI_3001G116100	1155
SORBI_3001G116200	164
SORBI_3001G116300	0
SORBI_3001G116400	1803.994
SORBI_3001G116500	2589
SORBI_3001G116600	531
SORBI_3001G116650	8.105
SORBI_3001G116700	329
SORBI_3001G116800	70
SORBI_3001G116900	0
SORBI_3001G117000	0
SORBI_3001G117100	0
SORBI_3001G117200	743
SORBI_3001G117300	253.968
SORBI_3001G117400	60
SORBI_3001G117500	106
SORBI_3001G117600	25
SORBI_3001G117701	0
SORBI_3001G117800	1541
SORBI_3001G117900	70
SORBI_3001G118000	1099
SORBI_3001G118050	0
SORBI_3001G118100	57
SORBI_3001G118200	660.451
SORBI_3001G118300	201.601
SORBI_3001G118400	241
SORBI_3001G118500	1
SORBI_3001G118600	21
SORBI_3001G118700	31
SORBI_3001G118800	29
SORBI_3001G118900	807
SORBI_3001G119000	270
SORBI_3001G119100	52
SORBI_3001G119200	0
SORBI_3001G119300	293
SORBI_3001G119400	75
SORBI_3001G119500	1
SORBI_3001G119600	250
SORBI_3001G119700	64
SORBI_3001G119800	597
SORBI_3001G119900	296
SORBI_3001G120000	30
SORBI_3001G120100	428
SORBI_3001G120200	8
SORBI_3001G120300	255
SORBI_3001G120400	92
SORBI_3001G120500	679
SORBI_3001G120600	42.244
SORBI_3001G120700	0
SORBI_3001G120750	0
SORBI_3001G120800	0
SORBI_3001G120850	0
SORBI_3001G120900	504
SORBI_3001G121000	0
SORBI_3001G121100	1396
SORBI_3001G121200	753.322
SORBI_3001G121300	0
SORBI_3001G121400	2
SORBI_3001G121500	1
SORBI_3001G121600	0
SORBI_3001G121700	71.997
SORBI_3001G121800	0
SORBI_3001G121850	0
SORBI_3001G121900	1005
SORBI_3001G122000	552
SORBI_3001G122100	32
SORBI_3001G122200	108
SORBI_3001G122300	79
SORBI_3001G122400	186
SORBI_3001G122500	405
SORBI_3001G122600	0
SORBI_3001G122700	0
SORBI_3001G122766	0
SORBI_3001G122832	982
SORBI_3001G122900	264
SORBI_3001G123000	1013
SORBI_3001G123100	272
SORBI_3001G123201	268
SORBI_3001G123300	314
SORBI_3001G123400	0
SORBI_3001G123500	267.22
SORBI_3001G123600	89
SORBI_3001G123650	0
SORBI_3001G123700	0
SORBI_3001G123800	0
SORBI_3001G123900	0
SORBI_3001G124000	990
SORBI_3001G124100	987
SORBI_3001G124200	933.853
ENSRNA049997116	0
SORBI_3001G124300	159
SORBI_3001G124400	25
SORBI_3001G124500	11
SORBI_3001G124600	379.376
SORBI_3001G124800	16
SORBI_3001G124900	0
SORBI_3001G125000	1369
SORBI_3001G125100	62.001
SORBI_3001G125200	677
SORBI_3001G125300	86
SORBI_3001G125400	50
SORBI_3001G125500	163
SORBI_3001G125600	0
SORBI_3001G125700	3
SORBI_3001G125800	10591.637
SORBI_3001G125900	1550.25
SORBI_3001G126000	0
SORBI_3001G126100	250
SORBI_3001G126200	187
SORBI_3001G126300	468
SORBI_3001G126400	59
SORBI_3001G126500	16
SORBI_3001G126600	3627.989
SORBI_3001G126800	0
SORBI_3001G126900	3
SORBI_3001G127000	236.054
SORBI_3001G127100	85.945
SORBI_3001G127200	669
SORBI_3001G127300	18
SORBI_3001G127400	214
SORBI_3001G127500	190
SORBI_3001G127600	0
SORBI_3001G127700	0
SORBI_3001G127800	1573.661
SORBI_3001G128000	16
SORBI_3001G128100	225
SORBI_3001G128200	29
SORBI_3001G128300	689
SORBI_3001G128400	643.809
SORBI_3001G128500	2.074
SORBI_3001G128600	41
SORBI_3001G128800	0
SORBI_3001G128900	15
SORBI_3001G129000	1219
SORBI_3001G129100	101.065
SORBI_3001G129150	0
SORBI_3001G129200	0
SORBI_3001G129300	34
ENSRNA049468679	0
SORBI_3001G129400	74
SORBI_3001G129500	13
SORBI_3001G129600	2
SORBI_3001G129650	15.56
SORBI_3001G129700	2
SORBI_3001G129750	0
SORBI_3001G129800	0
SORBI_3001G129900	0
SORBI_3001G130000	55
SORBI_3001G130100	91
SORBI_3001G130200	487
SORBI_3001G130301	100
SORBI_3001G130400	351
ENSRNA049468784	0
SORBI_3001G130500	0
SORBI_3001G130600	9
SORBI_3001G130700	54
SORBI_3001G130800	0
SORBI_3001G130900	0
SORBI_3001G131001	4
SORBI_3001G131100	231
SORBI_3001G131200	7
SORBI_3001G131300	3
SORBI_3001G131400	98
SORBI_3001G131500	61
SORBI_3001G131600	343
SORBI_3001G131700	552
SORBI_3001G131800	461
SORBI_3001G131900	104
SORBI_3001G132000	231.265
SORBI_3001G132100	307.791
SORBI_3001G132200	203.683
SORBI_3001G132300	68
SORBI_3001G132400	4295.844
SORBI_3001G132500	3
SORBI_3001G132600	304.001
SORBI_3001G132800	220
SORBI_3001G132900	354
SORBI_3001G133000	126
SORBI_3001G133100	1
SORBI_3001G133200	0
SORBI_3001G133300	0
SORBI_3001G133400	0
SORBI_3001G133466	88
SORBI_3001G133532	0
SORBI_3001G133600	1
SORBI_3001G133800	0
SORBI_3001G133900	2049.963
SORBI_3001G134000	31
SORBI_3001G134100	102
SORBI_3001G134150	1
SORBI_3001G134200	386.993
ENSRNA049445211	0
SORBI_3001G134300	921
SORBI_3001G134400	820
SORBI_3001G134500	249
SORBI_3001G134600	34
SORBI_3001G134700	31
SORBI_3001G134800	212.109
SORBI_3001G134900	3
SORBI_3001G135000	3
SORBI_3001G135100	238
SORBI_3001G135200	2
SORBI_3001G135300	168
SORBI_3001G135400	170.996
SORBI_3001G135500	225
SORBI_3001G135600	0
SORBI_3001G135650	0
SORBI_3001G135700	1
SORBI_3001G135800	1
SORBI_3001G135900	0
SORBI_3001G135950	0
SORBI_3001G136000	0
SORBI_3001G136150	0
SORBI_3001G136300	1
SORBI_3001G136400	0
SORBI_3001G136500	379
SORBI_3001G136600	266
SORBI_3001G136800	230.024
SORBI_3001G136850	0
SORBI_3001G136900	116
SORBI_3001G137000	1593.002
SORBI_3001G137050	0
SORBI_3001G137100	1189
SORBI_3001G137200	0
SORBI_3001G137300	114
SORBI_3001G137400	0
SORBI_3001G137500	0
SORBI_3001G137600	0
SORBI_3001G137800	10
SORBI_3001G137900	0
SORBI_3001G138000	654
SORBI_3001G138100	5
SORBI_3001G138200	31
SORBI_3001G138300	649.01
SORBI_3001G138400	315.998
SORBI_3001G138500	2.264
SORBI_3001G138600	397
SORBI_3001G138700	14
SORBI_3001G138800	27
SORBI_3001G138900	9
SORBI_3001G139001	36
SORBI_3001G139100	47
SORBI_3001G139200	5
SORBI_3001G139300	43
SORBI_3001G139400	0
SORBI_3001G139500	1
SORBI_3001G139600	0
SORBI_3001G139700	3
SORBI_3001G139750	10
ENSRNA049468746	0
ENSRNA049468737	0
ENSRNA049468729	0
SORBI_3001G139800	0
SORBI_3001G139850	0
SORBI_3001G139900	317
SORBI_3001G140000	19
SORBI_3001G140101	0
SORBI_3001G140200	0
SORBI_3001G140300	0
SORBI_3001G140400	0
SORBI_3001G140600	1
SORBI_3001G140700	54
ENSRNA049444394	0
SORBI_3001G140800	0
SORBI_3001G140900	14
SORBI_3001G140950	0
SORBI_3001G141000	3
SORBI_3001G141100	0
SORBI_3001G141200	93
SORBI_3001G141300	10315.491
ENSRNA049445201	0
SORBI_3001G141333	0
ENSRNA049444410	0
SORBI_3001G141366	0
SORBI_3001G141400	58
SORBI_3001G141500	0
SORBI_3001G141600	7
SORBI_3001G141700	104
SORBI_3001G141800	203
SORBI_3001G141900	3
SORBI_3001G142000	13
SORBI_3001G142100	612
SORBI_3001G142200	72
SORBI_3001G142300	61
SORBI_3001G142400	6
SORBI_3001G142501	1
SORBI_3001G142600	0
SORBI_3001G142700	0
SORBI_3001G142800	2
SORBI_3001G142900	0
SORBI_3001G143000	1380.003
SORBI_3001G143100	42
SORBI_3001G143200	60
SORBI_3001G143300	808.588
SORBI_3001G143400	0
SORBI_3001G143500	640
SORBI_3001G143600	187
SORBI_3001G143700	0
SORBI_3001G143800	0
SORBI_3001G143850	0
SORBI_3001G143900	81.211
SORBI_3001G144001	3
SORBI_3001G144100	0
SORBI_3001G144150	0
SORBI_3001G144200	146
SORBI_3001G144300	3
SORBI_3001G144400	0
SORBI_3001G144600	82
SORBI_3001G144700	0
SORBI_3001G144800	0
SORBI_3001G144900	0
SORBI_3001G145000	452
SORBI_3001G145050	9
SORBI_3001G145100	0
SORBI_3001G145200	12
SORBI_3001G145300	0
SORBI_3001G145400	1552.103
SORBI_3001G145500	119
SORBI_3001G145550	0
SORBI_3001G145600	0
SORBI_3001G145700	27
SORBI_3001G145900	35
SORBI_3001G146000	421.961
SORBI_3001G146100	62
SORBI_3001G146200	4
SORBI_3001G146301	6
SORBI_3001G146400	23
SORBI_3001G146450	0
SORBI_3001G146500	18
SORBI_3001G146600	3
SORBI_3001G146700	0
SORBI_3001G146800	609
SORBI_3001G146900	9
SORBI_3001G147000	7
SORBI_3001G147100	522.001
SORBI_3001G147200	2284
SORBI_3001G147300	66.027
SORBI_3001G147400	0
SORBI_3001G147500	30
SORBI_3001G147650	0
SORBI_3001G147800	62
SORBI_3001G147900	214.01
SORBI_3001G148000	4
SORBI_3001G148101	50
SORBI_3001G148200	199
SORBI_3001G148300	46
ENSRNA049445195	0
SORBI_3001G148400	22
SORBI_3001G148450	0
SORBI_3001G148500	138
SORBI_3001G148600	1
SORBI_3001G148700	64
SORBI_3001G148800	1
SORBI_3001G148900	2534
SORBI_3001G149000	131
SORBI_3001G149100	25
SORBI_3001G149201	0
SORBI_3001G149300	0
SORBI_3001G149400	34
SORBI_3001G149500	10868.989
SORBI_3001G149600	70
SORBI_3001G149700	386
SORBI_3001G149800	43
SORBI_3001G150000	45.353
SORBI_3001G149901	58.154
SORBI_3001G150033	46
SORBI_3001G150066	0
SORBI_3001G150100	0
SORBI_3001G150200	93
SORBI_3001G150300	0
SORBI_3001G150600	137
SORBI_3001G150650	26
SORBI_3001G150700	0
SORBI_3001G150800	86
SORBI_3001G150901	0
SORBI_3001G151000	98
SORBI_3001G151100	571.053
SORBI_3001G151200	0
SORBI_3001G151300	17
SORBI_3001G151400	34
SORBI_3001G151500	66
ENSRNA049445185	0
SORBI_3001G151600	201
SORBI_3001G151700	73
SORBI_3001G151800	43
SORBI_3001G151900	216
SORBI_3001G152000	199
SORBI_3001G152100	67.17
SORBI_3001G152150	0
SORBI_3001G152200	0
SORBI_3001G152240	0
SORBI_3001G152280	47
SORBI_3001G152320	320.995
SORBI_3001G152360	2
SORBI_3001G152400	1
SORBI_3001G152500	0
SORBI_3001G152600	13
SORBI_3001G152700	53.085
SORBI_3001G152800	0
SORBI_3001G152901	0
SORBI_3001G153000	0
SORBI_3001G153100	0
SORBI_3001G153200	1453.964
SORBI_3001G153300	78
SORBI_3001G153400	770.997
SORBI_3001G153500	0
SORBI_3001G153600	95
SORBI_3001G153700	2
SORBI_3001G153800	0
SORBI_3001G153900	0
SORBI_3001G154000	0
SORBI_3001G154100	27335.096
SORBI_3001G154200	160.144
SORBI_3001G154300	25
SORBI_3001G154400	243
SORBI_3001G154450	0
SORBI_3001G154500	437
SORBI_3001G154600	21
SORBI_3001G154700	14
SORBI_3001G154800	0
SORBI_3001G154900	1336
SORBI_3001G155000	1652
SORBI_3001G155100	2
SORBI_3001G155200	36
SORBI_3001G155300	36
SORBI_3001G155400	359
SORBI_3001G155500	42
SORBI_3001G155600	1
SORBI_3001G155700	0
SORBI_3001G155800	0
SORBI_3001G155900	0
SORBI_3001G156000	38
SORBI_3001G156100	1296.972
SORBI_3001G156200	0
SORBI_3001G156300	104
SORBI_3001G156401	1
SORBI_3001G156500	0
SORBI_3001G156600	80
ENSRNA049468691	0
SORBI_3001G156700	0
SORBI_3001G156800	6
SORBI_3001G156900	276
SORBI_3001G157000	0
SORBI_3001G157100	70
SORBI_3001G157200	18
SORBI_3001G157300	202
ENSRNA049468822	0
SORBI_3001G157400	2065
SORBI_3001G157500	47
SORBI_3001G157600	403
SORBI_3001G157700	0
SORBI_3001G157800	42
SORBI_3001G157900	69
SORBI_3001G158000	2
SORBI_3001G158100	3
SORBI_3001G158200	3
ENSRNA049468584	0
SORBI_3001G158300	20
SORBI_3001G158400	118
SORBI_3001G158500	957
SORBI_3001G158600	0
SORBI_3001G158700	404
SORBI_3001G158900	41
SORBI_3001G158966	0
SORBI_3001G159032	25
SORBI_3001G159100	0
SORBI_3001G159200	59
SORBI_3001G159250	0
SORBI_3001G159300	7.789
SORBI_3001G159400	1804.938
SORBI_3001G159500	5
SORBI_3001G159600	659
SORBI_3001G159700	33
SORBI_3001G159800	890
SORBI_3001G159850	0
SORBI_3001G159900	42
SORBI_3001G160000	0
SORBI_3001G160100	0
SORBI_3001G160200	108
SORBI_3001G160300	0
SORBI_3001G160400	0
SORBI_3001G160500	3
SORBI_3001G160600	0
SORBI_3001G160700	0
SORBI_3001G160800	8
SORBI_3001G160900	0
SORBI_3001G161000	25
SORBI_3001G161100	3
SORBI_3001G161200	2076.302
SORBI_3001G161300	188
SORBI_3001G161400	370
SORBI_3001G161500	4
SORBI_3001G161601	0
SORBI_3001G161700	1172.012
SORBI_3001G161800	356.045
SORBI_3001G161900	154
SORBI_3001G162000	282
SORBI_3001G162100	809
SORBI_3001G162200	89
SORBI_3001G162233	0
SORBI_3001G162266	0
SORBI_3001G162300	154
SORBI_3001G162400	2
SORBI_3001G162500	1093
SORBI_3001G162600	0
SORBI_3001G162700	17
SORBI_3001G162800	171
SORBI_3001G162900	0
SORBI_3001G163000	34
SORBI_3001G163300	317
SORBI_3001G163400	1848.287
SORBI_3001G163500	0
SORBI_3001G163600	1
SORBI_3001G163666	0
SORBI_3001G163732	0
SORBI_3001G163800	1
SORBI_3001G163900	6.896
SORBI_3001G164000	0
SORBI_3001G164100	637.683
SORBI_3001G164200	77.687
SORBI_3001G164350	272
SORBI_3001G164500	0
SORBI_3001G164700	65
SORBI_3001G164800	0
SORBI_3001G164900	53
SORBI_3001G165000	979.973
SORBI_3001G165100	0
SORBI_3001G165200	0
SORBI_3001G165301	0.961
SORBI_3001G165401	0
SORBI_3001G165500	0
SORBI_3001G165600	0
SORBI_3001G165700	3
SORBI_3001G165801	1
SORBI_3001G165901	0
SORBI_3001G166000	0
SORBI_3001G166100	11
SORBI_3001G166200	1
SORBI_3001G166300	29.105
SORBI_3001G166401	763.895
SORBI_3001G166500	5
SORBI_3001G166600	641
SORBI_3001G166700	56
SORBI_3001G166750	0
SORBI_3001G166800	14
SORBI_3001G166900	3
SORBI_3001G167000	12
SORBI_3001G167100	266
SORBI_3001G167200	215
SORBI_3001G167300	0
SORBI_3001G167500	199
SORBI_3001G167600	2
SORBI_3001G167701	0
SORBI_3001G167800	42
SORBI_3001G167900	143
SORBI_3001G168000	158.932
SORBI_3001G168250	105
SORBI_3001G168100	11
SORBI_3001G168400	392
SORBI_3001G168500	51
SORBI_3001G168600	218.161
SORBI_3001G168700	2
SORBI_3001G168800	116
SORBI_3001G168900	315
SORBI_3001G169000	3
SORBI_3001G169100	146.678
SORBI_3001G169200	9
SORBI_3001G169300	0
SORBI_3001G169400	1
SORBI_3001G169500	1
SORBI_3001G169600	51
SORBI_3001G169700	28
SORBI_3001G169800	2
SORBI_3001G169900	1644.04
SORBI_3001G169950	0
SORBI_3001G170000	0
SORBI_3001G170100	2068.003
SORBI_3001G170301	11
SORBI_3001G170500	18
SORBI_3001G170600	0
SORBI_3001G170700	30
SORBI_3001G170800	0
SORBI_3001G170900	1
SORBI_3001G171001	0
SORBI_3001G171100	3
SORBI_3001G171200	6
SORBI_3001G171300	0
SORBI_3001G171500	22
SORBI_3001G171600	102.817
SORBI_3001G171700	0
SORBI_3001G171800	8.04
SORBI_3001G171850	34.96
SORBI_3001G171900	27
SORBI_3001G172000	439
ENSRNA049445168	0
ENSRNA049445158	0
SORBI_3001G172050	0
SORBI_3001G172100	0
SORBI_3001G172200	153
SORBI_3001G172300	24
SORBI_3001G172400	31
SORBI_3001G172700	51.183
SORBI_3001G172800	154.045
SORBI_3001G172900	4
SORBI_3001G173000	0
SORBI_3001G173100	0
SORBI_3001G173150	0
SORBI_3001G173201	1
SORBI_3001G173251	0
SORBI_3001G173300	23254.801
ENSRNA049445147	0
SORBI_3001G173400	284
SORBI_3001G173500	870.471
SORBI_3001G173600	66
SORBI_3001G173700	0
SORBI_3001G173800	688
SORBI_3001G173900	180
SORBI_3001G174000	2
SORBI_3001G174100	1
SORBI_3001G174150	2
SORBI_3001G174200	0
SORBI_3001G174300	15
SORBI_3001G174400	1
SORBI_3001G174500	2
SORBI_3001G174600	0
SORBI_3001G174700	82
SORBI_3001G174800	5
SORBI_3001G174900	2470.153
SORBI_3001G175000	3
SORBI_3001G175100	159
SORBI_3001G175200	0
SORBI_3001G175300	1101
SORBI_3001G175400	0
SORBI_3001G175500	17
SORBI_3001G175501	0
SORBI_3001G175600	31
SORBI_3001G175700	121
SORBI_3001G175800	197
SORBI_3001G175900	0
SORBI_3001G176000	2
SORBI_3001G176100	0
SORBI_3001G176200	166.999
SORBI_3001G176300	2
SORBI_3001G176400	4
SORBI_3001G176501	0
SORBI_3001G176600	6
SORBI_3001G176700	506
SORBI_3001G176800	2
ENSRNA049468575	1
SORBI_3001G176900	20
SORBI_3001G177000	641.757
SORBI_3001G177100	789
SORBI_3001G177200	21
SORBI_3001G177300	78
SORBI_3001G177400	7
SORBI_3001G177500	89
SORBI_3001G177600	0
SORBI_3001G177700	0
SORBI_3001G177800	2639.999
SORBI_3001G177900	5
SORBI_3001G178000	17
SORBI_3001G178100	194
SORBI_3001G178200	0
SORBI_3001G178250	10
SORBI_3001G178300	499
SORBI_3001G178400	1035
SORBI_3001G178500	110
SORBI_3001G178600	1023.62
SORBI_3001G178700	77.003
SORBI_3001G178800	84
SORBI_3001G178900	0
SORBI_3001G179000	1268
SORBI_3001G179100	270
SORBI_3001G179200	237
SORBI_3001G179300	1
SORBI_3001G179400	0
SORBI_3001G179500	0
SORBI_3001G179560	4
SORBI_3001G179620	0
SORBI_3001G179680	1
SORBI_3001G179740	0
SORBI_3001G179800	244
SORBI_3001G179900	486.076
SORBI_3001G180000	343
SORBI_3001G180200	271
SORBI_3001G180300	0
SORBI_3001G180400	0
SORBI_3001G180500	0
SORBI_3001G180600	0
SORBI_3001G180700	0
SORBI_3001G180800	60.054
SORBI_3001G180900	1168
SORBI_3001G180950	0
SORBI_3001G181000	0
SORBI_3001G181100	28
SORBI_3001G181200	11
SORBI_3001G181300	4
SORBI_3001G181400	0
SORBI_3001G181500	367.179
SORBI_3001G181600	9
SORBI_3001G181700	142
SORBI_3001G181800	4
SORBI_3001G181900	0
SORBI_3001G182000	1
SORBI_3001G182100	10
SORBI_3001G182200	0
SORBI_3001G182300	0
SORBI_3001G182400	0
SORBI_3001G182500	60
SORBI_3001G182600	23
SORBI_3001G182700	0
SORBI_3001G182800	13
SORBI_3001G182850	20
SORBI_3001G182900	0
SORBI_3001G183000	40
SORBI_3001G183100	0
SORBI_3001G183200	0
SORBI_3001G183300	0
SORBI_3001G183401	23
ENSRNA049445133	0
SORBI_3001G183500	0
ENSRNA049997111	0
SORBI_3001G183550	0
SORBI_3001G183600	60
SORBI_3001G183633	0
SORBI_3001G183666	0
SORBI_3001G183700	20
SORBI_3001G183800	0
SORBI_3001G183900	0
SORBI_3001G184000	429.991
SORBI_3001G184100	4
SORBI_3001G184300	46
SORBI_3001G184400	0
SORBI_3001G184500	0
SORBI_3001G184650	0
SORBI_3001G184800	0
SORBI_3001G184900	5
SORBI_3001G184950	0
SORBI_3001G185000	0
SORBI_3001G185100	0
SORBI_3001G185200	1
SORBI_3001G185300	0
SORBI_3001G185400	211
SORBI_3001G185450	0
SORBI_3001G185500	3654.077
SORBI_3001G185600	16
SORBI_3001G185700	0
SORBI_3001G185800	54
SORBI_3001G185900	0
SORBI_3001G186100	648
SORBI_3001G186200	8
SORBI_3001G186300	0
SORBI_3001G186401	417.786
SORBI_3001G186500	611.823
SORBI_3001G186600	94
SORBI_3001G186700	0
SORBI_3001G186800	528
SORBI_3001G186850	164.752
SORBI_3001G186925	45.561
SORBI_3001G187000	16
SORBI_3001G187100	13
SORBI_3001G187200	74
SORBI_3001G187300	0
SORBI_3001G187400	2
SORBI_3001G187500	0
SORBI_3001G187600	0
SORBI_3001G187700	4
SORBI_3001G187800	35.477
SORBI_3001G187900	3
SORBI_3001G188000	30
SORBI_3001G188100	0
SORBI_3001G188400	442
SORBI_3001G188500	0
SORBI_3001G188600	47
SORBI_3001G188700	187
SORBI_3001G188800	1
SORBI_3001G188900	52
SORBI_3001G189000	3
SORBI_3001G189100	0
SORBI_3001G189200	3
SORBI_3001G189300	20
SORBI_3001G189400	0
SORBI_3001G189500	1
SORBI_3001G189600	26
SORBI_3001G189700	22
SORBI_3001G189750	0
SORBI_3001G189800	0
SORBI_3001G189900	8
SORBI_3001G190000	50
SORBI_3001G190100	568.97
SORBI_3001G190200	21
SORBI_3001G190300	1
SORBI_3001G190400	51
SORBI_3001G190500	0
SORBI_3001G190600	0
SORBI_3001G190700	0
SORBI_3001G190900	0
SORBI_3001G191000	73
SORBI_3001G191100	64
SORBI_3001G191200	5328.965
SORBI_3001G191300	99
SORBI_3001G191400	142
SORBI_3001G191500	100.113
SORBI_3001G191600	571.887
SORBI_3001G191700	820
SORBI_3001G191800	1
SORBI_3001G191900	70.001
SORBI_3001G192000	177
SORBI_3001G192100	25
SORBI_3001G192200	21
SORBI_3001G192250	43.045
SORBI_3001G192300	4
SORBI_3001G192400	153
SORBI_3001G192600	95
SORBI_3001G192700	255
SORBI_3001G192750	1
SORBI_3001G192800	869
SORBI_3001G192900	75
SORBI_3001G193000	701.912
SORBI_3001G193100	987
SORBI_3001G193200	452
SORBI_3001G193300	443
SORBI_3001G193400	10
SORBI_3001G193500	2892.242
SORBI_3001G193600	249
SORBI_3001G193700	64
SORBI_3001G193800	2
SORBI_3001G193900	4
ENSRNA049997103	0
SORBI_3001G194000	10
SORBI_3001G194100	0
SORBI_3001G194200	496.977
SORBI_3001G194300	11
SORBI_3001G194401	10
SORBI_3001G194500	0
SORBI_3001G194600	187
SORBI_3001G194700	1
SORBI_3001G194800	1
SORBI_3001G194900	251
SORBI_3001G195000	101
SORBI_3001G195100	994.503
SORBI_3001G195200	8.844
SORBI_3001G195300	29.238
SORBI_3001G195400	0
SORBI_3001G195500	173.762
SORBI_3001G195600	56
SORBI_3001G195550	0
SORBI_3001G195700	418
ENSRNA049997096	0
SORBI_3001G195800	9
SORBI_3001G195866	0
SORBI_3001G195932	134.544
SORBI_3001G196000	58
SORBI_3001G196100	337.999
SORBI_3001G196200	77
SORBI_3001G196300	267
SORBI_3001G196400	0
SORBI_3001G196500	855
SORBI_3001G196600	21.93
SORBI_3001G196700	710
SORBI_3001G196800	134
SORBI_3001G196900	971.995
SORBI_3001G196950	0
SORBI_3001G197000	1804.999
SORBI_3001G197050	0
SORBI_3001G197100	211
SORBI_3001G197200	0
SORBI_3001G197300	0
SORBI_3001G197400	1677.285
SORBI_3001G197500	3
SORBI_3001G197600	0
SORBI_3001G197700	0
SORBI_3001G197800	2
SORBI_3001G197901	2
ENSRNA049468628	0
SORBI_3001G198000	319
SORBI_3001G198100	335
SORBI_3001G198200	261.014
SORBI_3001G198400	180
SORBI_3001G198300	0
SORBI_3001G198500	0
SORBI_3001G198600	0
SORBI_3001G198700	0
SORBI_3001G198800	0
SORBI_3001G198900	255
SORBI_3001G199000	278
SORBI_3001G199100	1363.92
SORBI_3001G199200	0
SORBI_3001G199300	82
SORBI_3001G199400	6
SORBI_3001G199500	240.325
SORBI_3001G199566	0
SORBI_3001G199632	252
SORBI_3001G199700	18
SORBI_3001G199800	119
SORBI_3001G199900	156
SORBI_3001G200000	0
SORBI_3001G200100	0
SORBI_3001G200200	253
SORBI_3001G200300	0
SORBI_3001G200400	0
SORBI_3001G200500	269.006
SORBI_3001G200600	40
SORBI_3001G200700	8
SORBI_3001G200800	0
SORBI_3001G200900	0
SORBI_3001G201000	104.996
SORBI_3001G201100	29
SORBI_3001G201200	0
SORBI_3001G201300	0
SORBI_3001G201400	296.174
SORBI_3001G201500	672.825
SORBI_3001G201601	9
SORBI_3001G201700	1457.892
SORBI_3001G201800	16
SORBI_3001G201900	65
SORBI_3001G201933	0
SORBI_3001G201966	5
SORBI_3001G202000	11
SORBI_3001G202133	0
SORBI_3001G202266	475
SORBI_3001G202400	2261.528
SORBI_3001G202450	0
SORBI_3001G202500	79
SORBI_3001G202550	0
SORBI_3001G202600	1261.496
SORBI_3001G202700	16
SORBI_3001G202800	0
ENSRNA049468565	0
SORBI_3001G202900	0
SORBI_3001G203000	28
SORBI_3001G203100	0
SORBI_3001G203200	683
SORBI_3001G203300	0
SORBI_3001G203350	0
SORBI_3001G203400	838
SORBI_3001G203450	0
SORBI_3001G203500	73.001
SORBI_3001G203600	79
SORBI_3001G203650	0
SORBI_3001G203700	1
SORBI_3001G203800	31
SORBI_3001G203900	1912.35
SORBI_3001G204000	466
SORBI_3001G204100	427.461
SORBI_3001G204200	31
SORBI_3001G204300	176.007
ENSRNA049444424	0
SORBI_3001G204400	3
SORBI_3001G204601	12.347
SORBI_3001G204501	117.653
SORBI_3001G204700	28
SORBI_3001G204800	6
SORBI_3001G204900	552
SORBI_3001G205000	16
SORBI_3001G205100	216
SORBI_3001G205200	2289.736
SORBI_3001G205350	277.993
SORBI_3001G205500	41
SORBI_3001G205600	0
SORBI_3001G205700	110.189
SORBI_3001G205800	171
SORBI_3001G205900	167
SORBI_3001G205950	0
SORBI_3001G206000	350.354
SORBI_3001G206100	559
SORBI_3001G206200	834
SORBI_3001G206300	32
SORBI_3001G206400	68
SORBI_3001G206500	505.202
SORBI_3001G206600	3
SORBI_3001G206700	295
SORBI_3001G206800	0
SORBI_3001G206900	1113.23
SORBI_3001G207000	1221
SORBI_3001G207200	333.684
SORBI_3001G207100	0
SORBI_3001G207301	158
SORBI_3001G207400	328
SORBI_3001G207500	141
SORBI_3001G207600	0
SORBI_3001G207633	0
SORBI_3001G207666	0
SORBI_3001G207700	176.329
ENSRNA049468671	0
SORBI_3001G207800	228
SORBI_3001G207900	0
SORBI_3001G208000	277
SORBI_3001G208100	73
SORBI_3001G208133	2
SORBI_3001G208166	2
SORBI_3001G208200	360
SORBI_3001G208300	129
SORBI_3001G208401	21
SORBI_3001G208500	1
SORBI_3001G208600	85
SORBI_3001G208700	1352.836
SORBI_3001G208800	1
SORBI_3001G208900	64
SORBI_3001G209000	1
SORBI_3001G209101	41.188
SORBI_3001G209200	11
SORBI_3001G209300	54
SORBI_3001G209400	0
SORBI_3001G209500	15
SORBI_3001G209550	0
SORBI_3001G209600	0
SORBI_3001G209701	0
SORBI_3001G209800	2537
SORBI_3001G209900	0
SORBI_3001G210000	100.999
SORBI_3001G210101	33
SORBI_3001G210200	1.62
SORBI_3001G210250	45.38
SORBI_3001G210300	2
SORBI_3001G210500	0
SORBI_3001G210600	1
SORBI_3001G210700	34
SORBI_3001G210800	0
SORBI_3001G210900	68
SORBI_3001G211000	20.272
SORBI_3001G211101	4
SORBI_3001G211200	9
SORBI_3001G211400	7
SORBI_3001G211500	354
SORBI_3001G211600	0
SORBI_3001G211700	0
SORBI_3001G211750	0
SORBI_3001G211800	0
SORBI_3001G211900	111
SORBI_3001G212000	3
SORBI_3001G212100	19
SORBI_3001G212200	6
SORBI_3001G212300	1222
SORBI_3001G212350	4
ENSRNA049444438	0
SORBI_3001G212401	0
SORBI_3001G212451	1
SORBI_3001G212500	69.605
SORBI_3001G212600	32.395
SORBI_3001G212701	0
SORBI_3001G212800	336.475
SORBI_3001G212900	256.525
SORBI_3001G213000	4
SORBI_3001G213100	0
SORBI_3001G213150	0
SORBI_3001G213200	0
SORBI_3001G213300	6
SORBI_3001G213400	358
SORBI_3001G213500	0
SORBI_3001G213666	3
SORBI_3001G213832	0
SORBI_3001G214000	13
SORBI_3001G214100	92
ENSRNA049997087	0
SORBI_3001G214200	383.871
SORBI_3001G214300	830.133
SORBI_3001G214400	0
SORBI_3001G214600	228
SORBI_3001G214800	519
SORBI_3001G214900	175
SORBI_3001G215000	0
SORBI_3001G215100	32
SORBI_3001G215201	0
SORBI_3001G215300	10
SORBI_3001G215400	98
SORBI_3001G215500	100
SORBI_3001G215600	29
SORBI_3001G215700	1
SORBI_3001G215900	42
SORBI_3001G216001	0
SORBI_3001G216100	103
SORBI_3001G216200	1088
SORBI_3001G216300	519
SORBI_3001G216400	0
SORBI_3001G216500	16
SORBI_3001G216600	95
SORBI_3001G216701	73
SORBI_3001G216800	0
SORBI_3001G216900	0
SORBI_3001G217000	326.993
SORBI_3001G217100	341
SORBI_3001G217200	117.999
SORBI_3001G217300	355
SORBI_3001G217400	1111.787
SORBI_3001G217500	902
SORBI_3001G217600	155
SORBI_3001G217700	404
SORBI_3001G217800	0
SORBI_3001G217850	0
SORBI_3001G217900	253
SORBI_3001G218200	290
SORBI_3001G218300	0
SORBI_3001G218400	108
SORBI_3001G218500	7
SORBI_3001G218600	4
SORBI_3001G218701	0
SORBI_3001G218800	75
SORBI_3001G218900	0
SORBI_3001G219200	74
SORBI_3001G219300	3916.635
SORBI_3001G219400	131
SORBI_3001G219600	1016
SORBI_3001G219700	30
SORBI_3001G219800	631
SORBI_3001G219900	709.091
ENSRNA049997080	0
SORBI_3001G220000	121
SORBI_3001G220066	0
SORBI_3001G220132	0
SORBI_3001G220200	1
SORBI_3001G220250	0
SORBI_3001G220300	1148.919
ENSRNA049997073	0
SORBI_3001G220400	873
SORBI_3001G220500	107
SORBI_3001G220600	0
SORBI_3001G220800	0
SORBI_3001G220900	171
SORBI_3001G221000	0
SORBI_3001G221100	45
SORBI_3001G221200	1
SORBI_3001G221300	8
SORBI_3001G221350	0
SORBI_3001G221400	2
SORBI_3001G221500	400.002
SORBI_3001G221601	1
SORBI_3001G221700	2
SORBI_3001G221750	0
SORBI_3001G221800	853
SORBI_3001G221850	0
SORBI_3001G221900	0
SORBI_3001G221950	0
SORBI_3001G222000	172
SORBI_3001G222100	0
SORBI_3001G222150	1
SORBI_3001G222200	59
SORBI_3001G222250	24
SORBI_3001G222300	34
SORBI_3001G222400	365
SORBI_3001G222500	605
SORBI_3001G222550	2
SORBI_3001G222600	301
SORBI_3001G222700	1
SORBI_3001G222800	2
SORBI_3001G222900	1006.976
SORBI_3001G223000	1
SORBI_3001G223100	84.532
SORBI_3001G223200	2
SORBI_3001G223300	5
SORBI_3001G223400	0
SORBI_3001G223550	30
SORBI_3001G223700	1
SORBI_3001G223900	1
SORBI_3001G224000	73
SORBI_3001G224200	4420.054
SORBI_3001G224300	37
ENSRNA049444482	0
SORBI_3001G224400	946
SORBI_3001G224500	0
SORBI_3001G224600	239
SORBI_3001G224700	6
SORBI_3001G224800	0
SORBI_3001G224900	0
SORBI_3001G225000	0
SORBI_3001G225100	25
SORBI_3001G225200	4
SORBI_3001G225300	0
SORBI_3001G225400	13
SORBI_3001G225500	18
SORBI_3001G225600	8
SORBI_3001G225700	761.41
SORBI_3001G225800	0
SORBI_3001G225900	1
SORBI_3001G226000	1227.734
SORBI_3001G226100	158.516
SORBI_3001G226200	24
SORBI_3001G226300	95
SORBI_3001G226401	0
SORBI_3001G226500	781
SORBI_3001G226600	19
SORBI_3001G226700	100
SORBI_3001G226800	13
SORBI_3001G226900	0
SORBI_3001G227000	1
SORBI_3001G227100	0
SORBI_3001G227200	363
SORBI_3001G227400	421
SORBI_3001G227500	58
SORBI_3001G227601	0
SORBI_3001G227700	1
SORBI_3001G227800	492
SORBI_3001G227850	3
SORBI_3001G227900	0
SORBI_3001G228000	0
SORBI_3001G228100	0
SORBI_3001G228200	1382.75
SORBI_3001G228300	143
SORBI_3001G228400	70
SORBI_3001G228500	0
ENSRNA049997067	0
SORBI_3001G228600	12
SORBI_3001G228701	14.344
SORBI_3001G228800	8.656
SORBI_3001G228700	10
SORBI_3001G228900	0
SORBI_3001G229000	0
SORBI_3001G229100	0
SORBI_3001G229200	38
SORBI_3001G229300	355
SORBI_3001G229401	0
SORBI_3001G229500	0
SORBI_3001G229700	4
SORBI_3001G229850	0
SORBI_3001G230000	784.017
SORBI_3001G230050	0
SORBI_3001G230100	3054.501
SORBI_3001G230200	138
SORBI_3001G230300	3
SORBI_3001G230400	0
SORBI_3001G230500	240.661
SORBI_3001G230600	0
SORBI_3001G230700	701.636
SORBI_3001G230801	6.006
SORBI_3001G230900	108
SORBI_3001G231000	362
SORBI_3001G231100	0
SORBI_3001G231200	177
SORBI_3001G231300	0
SORBI_3001G231350	0
SORBI_3001G231400	7
SORBI_3001G231500	210
SORBI_3001G231600	9
SORBI_3001G231700	3
SORBI_3001G231800	1
SORBI_3001G231900	0
SORBI_3001G232000	2
SORBI_3001G232200	0
SORBI_3001G232300	47.332
SORBI_3001G232400	0
SORBI_3001G232500	0
SORBI_3001G232600	0
SORBI_3001G232700	0
SORBI_3001G232800	0
SORBI_3001G232950	0
SORBI_3001G233100	0
SORBI_3001G233200	132
SORBI_3001G233300	114
ENSRNA049444492	0
ENSRNA049444495	0
SORBI_3001G233400	171
SORBI_3001G233466	0
SORBI_3001G233532	367
SORBI_3001G233600	0
SORBI_3001G233700	318
SORBI_3001G233800	30
SORBI_3001G233900	2
SORBI_3001G234000	0
SORBI_3001G234100	0
SORBI_3001G234200	151
SORBI_3001G234300	52
SORBI_3001G234500	0
SORBI_3001G234700	0
SORBI_3001G234733	0
SORBI_3001G234766	0
SORBI_3001G234800	1207
SORBI_3001G234900	0
SORBI_3001G235000	288
SORBI_3001G235100	0
SORBI_3001G235200	0
SORBI_3001G235266	0
SORBI_3001G235332	0
SORBI_3001G235400	0
SORBI_3001G235500	25
SORBI_3001G235600	4.498
SORBI_3001G235700	137
SORBI_3001G235800	52
SORBI_3001G235900	436
SORBI_3001G236050	0
SORBI_3001G236200	144
SORBI_3001G236300	2797.645
SORBI_3001G236400	326.007
SORBI_3001G236700	24.322
SORBI_3001G236800	35
ENSRNA049997061	0
SORBI_3001G236900	2
SORBI_3001G236950	0
SORBI_3001G237000	30
SORBI_3001G237100	33
SORBI_3001G237200	0
SORBI_3001G237250	1
SORBI_3001G237300	3639.705
SORBI_3001G237400	0
SORBI_3001G237500	292.999
SORBI_3001G237600	114
SORBI_3001G237700	949.958
SORBI_3001G237800	0
SORBI_3001G237900	0
SORBI_3001G238000	0
SORBI_3001G238100	0
SORBI_3001G238200	0
SORBI_3001G238300	1
SORBI_3001G238400	0
SORBI_3001G238500	9
SORBI_3001G238600	1
SORBI_3001G238700	65
SORBI_3001G238800	0
SORBI_3001G238900	12
SORBI_3001G239000	0
SORBI_3001G239100	35
SORBI_3001G239200	0
SORBI_3001G239300	44.874
SORBI_3001G239400	0
SORBI_3001G239500	170
SORBI_3001G239601	0
SORBI_3001G239700	0
SORBI_3001G239800	928.381
SORBI_3001G239900	11
ENSRNA049465890	0
SORBI_3001G240000	50
SORBI_3001G240100	21
SORBI_3001G240300	34
SORBI_3001G240400	57
SORBI_3001G240500	109.921
ENSRNA049444525	0
SORBI_3001G240600	0
SORBI_3001G240700	0
SORBI_3001G240800	71
SORBI_3001G240850	0
SORBI_3001G240900	0
SORBI_3001G241000	0
SORBI_3001G241100	639.001
SORBI_3001G241150	0
SORBI_3001G241200	460.486
SORBI_3001G241300	95.712
SORBI_3001G241401	0
SORBI_3001G241500	2
SORBI_3001G241600	23
SORBI_3001G241700	0
SORBI_3001G241900	0
SORBI_3001G242000	0
SORBI_3001G242100	3
SORBI_3001G242200	0
SORBI_3001G242300	17
SORBI_3001G242350	1
SORBI_3001G242400	2
SORBI_3001G242500	30
SORBI_3001G242600	0
SORBI_3001G242700	0
SORBI_3001G242800	114.846
SORBI_3001G242900	0
SORBI_3001G243000	163
SORBI_3001G243100	2248.009
SORBI_3001G243150	0
SORBI_3001G243200	1554.04
SORBI_3001G243300	59
SORBI_3001G243400	0
SORBI_3001G243500	1
SORBI_3001G243600	1
SORBI_3001G243666	0
SORBI_3001G243732	12
SORBI_3001G243800	3
SORBI_3001G243901	0
SORBI_3001G244000	7.352
SORBI_3001G244100	0
SORBI_3001G244200	156
SORBI_3001G244300	81
SORBI_3001G244400	0
SORBI_3001G244500	0
SORBI_3001G244600	1463.997
SORBI_3001G244650	0
SORBI_3001G244700	141
SORBI_3001G244800	0
SORBI_3001G244900	1
SORBI_3001G245000	267
SORBI_3001G245100	0
SORBI_3001G245200	1
SORBI_3001G245300	38
SORBI_3001G245400	10
SORBI_3001G245500	9.525
SORBI_3001G245650	0.977
SORBI_3001G245800	0
SORBI_3001G245900	743
SORBI_3001G246001	1
SORBI_3001G246101	0
SORBI_3001G246200	13
SORBI_3001G246300	0
SORBI_3001G246400	0
SORBI_3001G246500	355
SORBI_3001G246600	0
SORBI_3001G246650	0
SORBI_3001G246700	17.481
SORBI_3001G246800	0
SORBI_3001G246900	0
SORBI_3001G247000	16
ENSRNA049997055	0
SORBI_3001G247101	0
SORBI_3001G247200	111.826
SORBI_3001G247300	411.477
SORBI_3001G247400	117
SORBI_3001G247500	0
SORBI_3001G247550	0
SORBI_3001G247600	1742.746
SORBI_3001G247700	0
SORBI_3001G247800	23.499
SORBI_3001G247900	49
SORBI_3001G248000	0
SORBI_3001G248100	171
SORBI_3001G248200	1464
SORBI_3001G248300	656.001
SORBI_3001G248400	6.999
SORBI_3001G248500	15
SORBI_3001G248700	11
SORBI_3001G248600	53
SORBI_3001G248900	62
SORBI_3001G249000	7
SORBI_3001G249100	3
SORBI_3001G249200	1
SORBI_3001G249233	1
SORBI_3001G249266	0
ENSRNA049997050	0
SORBI_3001G249300	8
SORBI_3001G249400	72
SORBI_3001G249500	0
SORBI_3001G249600	1
SORBI_3001G249700	123.999
SORBI_3001G249800	0
SORBI_3001G250000	1
SORBI_3001G249900	0
SORBI_3001G250100	0
SORBI_3001G250150	4.169
SORBI_3001G250200	0
SORBI_3001G250300	652
SORBI_3001G250600	1
SORBI_3001G250700	200
SORBI_3001G250750	0
SORBI_3001G250800	0
SORBI_3001G250900	0
SORBI_3001G251000	0
SORBI_3001G251100	965.316
SORBI_3001G251200	2481.795
SORBI_3001G251300	3
SORBI_3001G251400	50
SORBI_3001G251500	20
SORBI_3001G251600	140
SORBI_3001G251650	2
SORBI_3001G251700	572.423
SORBI_3001G251750	0
SORBI_3001G251900	82.985
SORBI_3001G251800	10.015
SORBI_3001G252000	636.001
SORBI_3001G252050	0
SORBI_3001G252101	0
SORBI_3001G252151	0
SORBI_3001G252200	169.156
SORBI_3001G252300	519
SORBI_3001G252401	8
SORBI_3001G252500	200.21
SORBI_3001G252600	2
SORBI_3001G252700	32
SORBI_3001G252800	64
SORBI_3001G252900	0
SORBI_3001G253000	0
SORBI_3001G253050	0
SORBI_3001G253100	440.273
SORBI_3001G253200	199
SORBI_3001G253300	133
SORBI_3001G253400	0
SORBI_3001G253501	0
SORBI_3001G253600	186
SORBI_3001G253700	531
SORBI_3001G253750	2.001
SORBI_3001G253800	1.419
SORBI_3001G253900	1
SORBI_3001G254000	0
SORBI_3001G254100	0
SORBI_3001G254150	0
SORBI_3001G254200	873
SORBI_3001G254300	21
SORBI_3001G254400	69
SORBI_3001G254600	16
SORBI_3001G254700	0
SORBI_3001G254800	2
SORBI_3001G255001	1
SORBI_3001G255200	0
SORBI_3001G255300	0
SORBI_3001G255400	1
SORBI_3001G255450	0
SORBI_3001G255500	0
ENSRNA049444535	0
SORBI_3001G255600	0
SORBI_3001G255700	0
SORBI_3001G255800	730.69
SORBI_3001G255866	0
SORBI_3001G255932	17.85
SORBI_3001G256000	1
SORBI_3001G256200	0
SORBI_3001G256300	0
SORBI_3001G256400	23
SORBI_3001G256500	6
SORBI_3001G256600	0
SORBI_3001G256700	29.013
SORBI_3001G256750	0
SORBI_3001G256800	0
SORBI_3001G256900	14.882
SORBI_3001G257100	0
SORBI_3001G257200	169
SORBI_3001G257300	1034
SORBI_3001G257400	3
SORBI_3001G257600	4
SORBI_3001G257650	5
SORBI_3001G257700	201.457
SORBI_3001G257800	235
ENSRNA049997042	0
SORBI_3001G258000	103
SORBI_3001G258100	5
SORBI_3001G258200	256
SORBI_3001G258300	11
SORBI_3001G258400	0
SORBI_3001G258500	0
SORBI_3001G258600	17
SORBI_3001G258700	0
SORBI_3001G258801	9
SORBI_3001G258900	60
SORBI_3001G259000	530.576
SORBI_3001G259100	3
SORBI_3001G259200	1
SORBI_3001G259250	0
SORBI_3001G259300	0
SORBI_3001G259400	22
SORBI_3001G259500	0
SORBI_3001G259600	1150.781
SORBI_3001G259700	1662.813
SORBI_3001G259800	70
SORBI_3001G259850	4
SORBI_3001G259900	31
SORBI_3001G260000	0
SORBI_3001G260300	34
SORBI_3001G260400	747.024
SORBI_3001G260500	1477.695
ENSRNA049463778	0
ENSRNA049463750	3.925
SORBI_3001G260550	0
ENSRNA049463764	9.95
SORBI_3001G260600	122
SORBI_3001G260701	48
SORBI_3001G260800	1291
SORBI_3001G260850	0
SORBI_3001G260900	0
SORBI_3001G261100	0
SORBI_3001G261200	856.033
SORBI_3001G261250	0
SORBI_3001G261300	0
SORBI_3001G261400	1
SORBI_3001G261404	0
SORBI_3001G261408	397.992
SORBI_3001G261412	0
SORBI_3001G261416	0
SORBI_3001G261420	1
SORBI_3001G261424	0
SORBI_3001G261428	0
SORBI_3001G261432	28
SORBI_3001G261436	211
SORBI_3001G261440	0
SORBI_3001G261444	0
SORBI_3001G261448	0
SORBI_3001G261452	0
SORBI_3001G261456	227.999
SORBI_3001G261460	0
SORBI_3001G261464	0
SORBI_3001G261468	48
SORBI_3001G261472	0
SORBI_3001G261476	1476
SORBI_3001G261480	122
SORBI_3001G261484	109.023
SORBI_3001G261488	0
SORBI_3001G261492	158.137
SORBI_3001G261496	61
SORBI_3001G261501	1387.826
SORBI_3001G261505	0
SORBI_3001G261509	1
SORBI_3001G261513	8
SORBI_3001G261517	0
SORBI_3001G261521	1
SORBI_3001G261525	0
SORBI_3001G261529	0
SORBI_3001G261533	0
SORBI_3001G261537	8
SORBI_3001G261541	39
SORBI_3001G261545	295
SORBI_3001G261549	77
SORBI_3001G261553	0
SORBI_3001G261557	0
SORBI_3001G261561	0
SORBI_3001G261565	0
SORBI_3001G261569	5
SORBI_3001G261573	415
SORBI_3001G261577	244.982
SORBI_3001G261581	0
SORBI_3001G261585	346
SORBI_3001G261589	0
SORBI_3001G261593	0
SORBI_3001G261597	738
SORBI_3001G261600	29
SORBI_3001G261700	0
SORBI_3001G261750	0
SORBI_3001G261800	0
SORBI_3001G261900	479.802
SORBI_3001G262000	1.335
SORBI_3001G262100	82
SORBI_3001G262200	114.103
SORBI_3001G262301	0
SORBI_3001G262400	39.861
SORBI_3001G262500	22
SORBI_3001G262601	0
SORBI_3001G262700	213.56
SORBI_3001G262800	0
SORBI_3001G262900	222.44
SORBI_3001G262950	0
SORBI_3001G263000	363
SORBI_3001G263100	96
SORBI_3001G263200	547
ENSRNA049997038	0
SORBI_3001G263300	0
SORBI_3001G263500	96
SORBI_3001G263600	589
SORBI_3001G263701	10
SORBI_3001G263801	0
SORBI_3001G263900	337
SORBI_3001G264000	14
SORBI_3001G264100	0
SORBI_3001G264201	35
SORBI_3001G264300	0
SORBI_3001G264400	1
SORBI_3001G264500	4
SORBI_3001G264550	0
SORBI_3001G264600	0
SORBI_3001G264700	162
SORBI_3001G264800	1
SORBI_3001G264901	9.44
SORBI_3001G265000	0
SORBI_3001G265100	0
SORBI_3001G265200	23
SORBI_3001G265300	0
SORBI_3001G265400	890.581
SORBI_3001G265500	14
SORBI_3001G265600	317
SORBI_3001G265700	1
ENSRNA049997030	0
SORBI_3001G265800	1
SORBI_3001G265900	0
SORBI_3001G266000	1
SORBI_3001G266100	0
SORBI_3001G266200	0
SORBI_3001G266300	0
SORBI_3001G266400	352
SORBI_3001G266500	2
SORBI_3001G266600	0
SORBI_3001G266700	10.53
SORBI_3001G266900	0
SORBI_3001G267000	10.306
SORBI_3001G267050	0
SORBI_3001G267100	0
SORBI_3001G267233	674.871
SORBI_3001G267200	272.794
SORBI_3001G267266	3
SORBI_3001G267300	0
SORBI_3001G267400	0
SORBI_3001G267500	52
SORBI_3001G267600	2056
SORBI_3001G267701	1
SORBI_3001G267800	1
SORBI_3001G267900	71
SORBI_3001G268000	137.564
SORBI_3001G267950	0
SORBI_3001G268100	0
SORBI_3001G268200	591
SORBI_3001G268300	43
SORBI_3001G268400	1
SORBI_3001G268550	0
SORBI_3001G268700	317.168
SORBI_3001G268850	1
SORBI_3001G269000	56
SORBI_3001G269100	2
SORBI_3001G269200	0
SORBI_3001G269300	0
SORBI_3001G269400	0
SORBI_3001G269501	0
SORBI_3001G269600	0
SORBI_3001G269650	0
SORBI_3001G269700	0
SORBI_3001G269800	0
SORBI_3001G269900	1
SORBI_3001G270200	6
SORBI_3001G270301	0
SORBI_3001G270400	344
SORBI_3001G270500	35
SORBI_3001G270600	0
SORBI_3001G270700	4.028
SORBI_3001G270800	146.02
SORBI_3001G270900	127
SORBI_3001G271000	1
SORBI_3001G271100	17
SORBI_3001G271200	0
SORBI_3001G271300	0
SORBI_3001G271500	12
SORBI_3001G271600	0
SORBI_3001G271700	0
SORBI_3001G271900	226.297
SORBI_3001G271801	82.703
SORBI_3001G272000	14
SORBI_3001G272100	0
SORBI_3001G272200	0
SORBI_3001G272300	0
SORBI_3001G272400	0
SORBI_3001G272466	0
SORBI_3001G272532	1
SORBI_3001G272600	65
SORBI_3001G272700	19
SORBI_3001G272800	22
SORBI_3001G272900	1
SORBI_3001G273000	67
SORBI_3001G273100	1
SORBI_3001G273200	1
SORBI_3001G273400	0
SORBI_3001G273500	178
SORBI_3001G273600	3
SORBI_3001G273650	0
SORBI_3001G273700	1066.733
SORBI_3001G273800	20
SORBI_3001G273875	11.008
SORBI_3001G273950	0
SORBI_3001G274025	0
SORBI_3001G274100	0
SORBI_3001G274200	570.431
SORBI_3001G274300	0
SORBI_3001G274400	0
SORBI_3001G274600	6
SORBI_3001G274700	89
SORBI_3001G274800	135
SORBI_3001G274900	68.174
SORBI_3001G275100	0
SORBI_3001G275200	10
SORBI_3001G275300	514
SORBI_3001G275400	0
SORBI_3001G275450	0
SORBI_3001G275500	197
SORBI_3001G275600	0
SORBI_3001G275700	0
SORBI_3001G275800	0
SORBI_3001G275900	83
SORBI_3001G275950	0
SORBI_3001G276000	0.843
SORBI_3001G276100	181.157
SORBI_3001G276200	280.999
SORBI_3001G276300	515
SORBI_3001G276400	40
SORBI_3001G276500	1
SORBI_3001G276550	0
SORBI_3001G276600	290
SORBI_3001G276700	0
SORBI_3001G276800	0
SORBI_3001G276900	3
SORBI_3001G277000	0
SORBI_3001G277300	63
SORBI_3001G277400	32
SORBI_3001G277500	6
SORBI_3001G277600	11
SORBI_3001G277700	0
SORBI_3001G277800	0
SORBI_3001G277900	1431.994
SORBI_3001G278000	0
SORBI_3001G278100	0
ENSRNA049997024	0
SORBI_3001G278300	0
SORBI_3001G278400	4
SORBI_3001G278500	0
SORBI_3001G278600	263.258
SORBI_3001G278650	0
SORBI_3001G278700	75
SORBI_3001G278800	169
SORBI_3001G278900	0
SORBI_3001G279000	0
SORBI_3001G279100	351.001
SORBI_3001G279200	98
SORBI_3001G279300	9
SORBI_3001G279350	0
SORBI_3001G279400	0
SORBI_3001G279500	1
SORBI_3001G279601	241
SORBI_3001G279701	0
SORBI_3001G279800	0
SORBI_3001G279900	1655
SORBI_3001G280000	46
SORBI_3001G280100	873.001
SORBI_3001G280200	234
SORBI_3001G280300	156
SORBI_3001G280400	125.946
SORBI_3001G280500	181
SORBI_3001G280700	2
SORBI_3001G280800	18
SORBI_3001G280900	1306
SORBI_3001G281100	1073
SORBI_3001G281201	0
SORBI_3001G281300	428.67
SORBI_3001G281400	1963.55
SORBI_3001G281500	166
SORBI_3001G281600	434
SORBI_3001G281700	125
SORBI_3001G281800	26
SORBI_3001G281900	217.002
SORBI_3001G282000	381
SORBI_3001G282100	573
SORBI_3001G282200	144.051
SORBI_3001G282300	80
SORBI_3001G282400	1
SORBI_3001G282500	850.986
SORBI_3001G282600	365
SORBI_3001G282700	2837.883
SORBI_3001G282800	26
SORBI_3001G282900	1640.71
SORBI_3001G283000	124
SORBI_3001G283100	67
SORBI_3001G283200	1098
SORBI_3001G283300	36
SORBI_3001G283400	0
SORBI_3001G283500	1020
SORBI_3001G283600	982.854
SORBI_3001G283700	378
SORBI_3001G283800	1
SORBI_3001G283900	0
SORBI_3001G284100	3537.797
SORBI_3001G284200	116
SORBI_3001G284300	0
SORBI_3001G284400	1907.408
SORBI_3001G284425	28
SORBI_3001G284450	0
SORBI_3001G284475	35
SORBI_3001G284500	6.044
SORBI_3001G284600	194
SORBI_3001G284700	0
SORBI_3001G284800	54
SORBI_3001G284900	1
SORBI_3001G285000	41
SORBI_3001G285100	127
SORBI_3001G285200	51
SORBI_3001G285300	295
SORBI_3001G285400	113
SORBI_3001G285500	0
SORBI_3001G285600	2
SORBI_3001G285650	0
SORBI_3001G285700	0
SORBI_3001G285800	166
SORBI_3001G286000	100
SORBI_3001G286050	0
SORBI_3001G286100	13
SORBI_3001G286200	384
SORBI_3001G286300	147
SORBI_3001G286400	71.048
SORBI_3001G286500	741.06
SORBI_3001G286600	178.007
SORBI_3001G286700	0
SORBI_3001G286800	0
SORBI_3001G286900	0
SORBI_3001G287000	20
SORBI_3001G287101	83.538
SORBI_3001G287201	141
SORBI_3001G287301	40.002
SORBI_3001G287400	0
SORBI_3001G287500	1543.291
ENSRNA049445116	0
SORBI_3001G287600	1696.18
SORBI_3001G287700	0
SORBI_3001G287800	498
SORBI_3001G287900	0
SORBI_3001G288000	2
SORBI_3001G288100	283
SORBI_3001G288200	0
SORBI_3001G288301	67.083
SORBI_3001G288400	0
SORBI_3001G288500	3
SORBI_3001G288601	1
SORBI_3001G288700	506
SORBI_3001G288800	224
SORBI_3001G288900	80
SORBI_3001G289000	2
SORBI_3001G289100	60
SORBI_3001G289200	0
SORBI_3001G289400	588.999
SORBI_3001G289500	192
SORBI_3001G289600	1729
SORBI_3001G289700	333.44
SORBI_3001G289800	1140.152
SORBI_3001G289900	153
SORBI_3001G290000	529
SORBI_3001G290100	1342
SORBI_3001G290200	182
ENSRNA049445101	0
SORBI_3001G290300	49
SORBI_3001G290400	546
SORBI_3001G290500	123
SORBI_3001G290600	739
SORBI_3001G290700	165
SORBI_3001G290766	46
SORBI_3001G290832	2
ENSRNA049470481	0
SORBI_3001G290900	0
ENSRNA049470492	0
SORBI_3001G291000	250.007
SORBI_3001G291100	1075.9
SORBI_3001G291200	302.412
SORBI_3001G291300	52
SORBI_3001G291400	223
SORBI_3001G291500	3
SORBI_3001G291600	119.577
SORBI_3001G291701	0
SORBI_3001G291800	2113.046
SORBI_3001G291900	199
SORBI_3001G292000	205
SORBI_3001G292100	0
SORBI_3001G292200	327.001
SORBI_3001G292400	196.071
SORBI_3001G292500	23.637
SORBI_3001G292700	320
SORBI_3001G292800	16
SORBI_3001G292900	39
SORBI_3001G293000	0
SORBI_3001G293100	0
SORBI_3001G293200	0
SORBI_3001G293300	275
SORBI_3001G293400	0
SORBI_3001G293450	0
SORBI_3001G293500	0
SORBI_3001G293550	0
SORBI_3001G293600	35
SORBI_3001G293633	0
SORBI_3001G293666	0
SORBI_3001G293700	2882.401
SORBI_3001G293800	69
SORBI_3001G293900	0
SORBI_3001G294000	560
SORBI_3001G294100	70
SORBI_3001G294150	3
SORBI_3001G294200	421.86
SORBI_3001G294300	611
SORBI_3001G294400	372.222
SORBI_3001G294500	1
SORBI_3001G294600	15.958
SORBI_3001G294700	102
SORBI_3001G294800	2
SORBI_3001G294900	433
SORBI_3001G295000	4
SORBI_3001G295100	182
SORBI_3001G295200	1491
SORBI_3001G295300	558
SORBI_3001G295400	11
SORBI_3001G295500	32
SORBI_3001G295600	1682
SORBI_3001G295700	43
SORBI_3001G295800	2
SORBI_3001G295900	0
SORBI_3001G296000	0
SORBI_3001G296100	44
SORBI_3001G296300	1
SORBI_3001G296400	96.001
SORBI_3001G296500	639
SORBI_3001G296600	0
SORBI_3001G296700	14
SORBI_3001G296800	74
SORBI_3001G296900	533
SORBI_3001G297000	29
SORBI_3001G297200	55
SORBI_3001G297300	0
SORBI_3001G297400	0
SORBI_3001G297500	737.567
SORBI_3001G297600	120
SORBI_3001G297700	0
SORBI_3001G297800	0
SORBI_3001G297900	90
SORBI_3001G297966	0
SORBI_3001G298032	0
SORBI_3001G298100	24
SORBI_3001G298200	0
SORBI_3001G298300	421.242
SORBI_3001G298400	18
SORBI_3001G298500	92
SORBI_3001G298600	201
SORBI_3001G298700	153.873
SORBI_3001G298800	2
SORBI_3001G298900	2634.986
SORBI_3001G299001	0
SORBI_3001G299100	9
SORBI_3001G299150	0
SORBI_3001G299200	21
SORBI_3001G299300	0
SORBI_3001G299400	3
SORBI_3001G299500	30
SORBI_3001G299600	0
SORBI_3001G299700	1971.153
SORBI_3001G299800	9
SORBI_3001G299900	2
ENSRNA049470435	0
SORBI_3001G300000	17
SORBI_3001G300033	0
SORBI_3001G300066	0
SORBI_3001G300100	131
SORBI_3001G300201	470
SORBI_3001G300301	1
SORBI_3001G300400	3
SORBI_3001G300450	0
SORBI_3001G300500	1
SORBI_3001G300600	24
SORBI_3001G300700	1
SORBI_3001G300750	0
SORBI_3001G300800	0
SORBI_3001G300900	176
SORBI_3001G301000	2
SORBI_3001G301100	0
SORBI_3001G301200	576
SORBI_3001G301300	4
SORBI_3001G301400	0
SORBI_3001G301500	0
SORBI_3001G301600	0
SORBI_3001G301700	612.001
SORBI_3001G301800	129
SORBI_3001G301900	0
SORBI_3001G302000	0
SORBI_3001G302100	49.216
SORBI_3001G302200	1097.783
SORBI_3001G302300	22
SORBI_3001G302400	74
SORBI_3001G302500	6
SORBI_3001G302600	0
SORBI_3001G302666	21
SORBI_3001G302732	136
SORBI_3001G302800	193
SORBI_3001G302900	351
SORBI_3001G303000	2
SORBI_3001G303100	356.288
SORBI_3001G303200	312
ENSRNA049445084	0
SORBI_3001G303300	14
SORBI_3001G303600	1
SORBI_3001G303675	128.204
SORBI_3001G303750	0
SORBI_3001G303825	3.997
SORBI_3001G303900	161.001
SORBI_3001G304000	315
SORBI_3001G304100	4
SORBI_3001G304201	5
SORBI_3001G304300	0
SORBI_3001G304400	297.581
SORBI_3001G304500	103
SORBI_3001G304600	33.002
SORBI_3001G304700	5819.208
SORBI_3001G304800	1
SORBI_3001G304900	162
SORBI_3001G305000	0
SORBI_3001G305100	0
SORBI_3001G305200	0
SORBI_3001G305300	0
SORBI_3001G305350	9
SORBI_3001G305400	0
SORBI_3001G305500	687.755
SORBI_3001G305550	3.05
SORBI_3001G305600	662
SORBI_3001G305700	138
SORBI_3001G305800	163
SORBI_3001G305900	142
SORBI_3001G306000	134
SORBI_3001G306101	0
SORBI_3001G306200	0
SORBI_3001G306300	0
SORBI_3001G306400	0
SORBI_3001G306500	0
SORBI_3001G306600	14.999
SORBI_3001G306700	40
SORBI_3001G306800	50
SORBI_3001G306900	570.992
SORBI_3001G307000	0
SORBI_3001G307100	0
SORBI_3001G307200	81
SORBI_3001G307300	0
SORBI_3001G307400	0
SORBI_3001G307450	0
SORBI_3001G307500	0
SORBI_3001G307600	15
SORBI_3001G307700	14.752
SORBI_3001G307800	0
SORBI_3001G307900	95
SORBI_3001G308000	47
SORBI_3001G308100	3
SORBI_3001G308200	314
SORBI_3001G308300	212
SORBI_3001G308350	0
SORBI_3001G308400	685
SORBI_3001G308450	0
SORBI_3001G308500	43
SORBI_3001G308600	14
SORBI_3001G308700	68
SORBI_3001G308800	123
ENSRNA049470424	0
SORBI_3001G308900	47
SORBI_3001G309000	0
SORBI_3001G309100	177
SORBI_3001G309200	174
SORBI_3001G309300	63
SORBI_3001G309400	276
SORBI_3001G309500	563.094
SORBI_3001G309600	9
SORBI_3001G309666	0
SORBI_3001G309732	9
SORBI_3001G309800	32.99
SORBI_3001G309900	80
SORBI_3001G310000	0
SORBI_3001G310100	504.003
SORBI_3001G310133	0
SORBI_3001G310166	0
ENSRNA049997017	0
SORBI_3001G310200	0
SORBI_3001G310300	0
SORBI_3001G310400	0
SORBI_3001G310500	54
SORBI_3001G310600	0
SORBI_3001G310700	554.001
SORBI_3001G310800	6
SORBI_3001G310900	1
SORBI_3001G311000	349
SORBI_3001G311050	0
SORBI_3001G311100	1994.419
SORBI_3001G311200	4
SORBI_3001G311400	0
SORBI_3001G311500	183
SORBI_3001G311601	0
SORBI_3001G311700	2
SORBI_3001G311800	0
SORBI_3001G311833	12.952
SORBI_3001G311866	0
SORBI_3001G311900	34
SORBI_3001G312000	0
SORBI_3001G312100	0
SORBI_3001G312200	0
SORBI_3001G312300	0
SORBI_3001G312350	0
SORBI_3001G312400	25
SORBI_3001G312500	706.999
SORBI_3001G312600	893.872
SORBI_3001G312700	50
SORBI_3001G312801	1
SORBI_3001G312900	6452.849
SORBI_3001G313000	438
SORBI_3001G313100	854
SORBI_3001G313150	0
SORBI_3001G313200	136.251
SORBI_3001G313301	21
SORBI_3001G313400	199
SORBI_3001G313500	423
SORBI_3001G313600	0
SORBI_3001G313700	471
SORBI_3001G313800	0
SORBI_3001G313900	26
SORBI_3001G314000	0
SORBI_3001G314100	0
SORBI_3001G314200	358
SORBI_3001G314300	381
SORBI_3001G314350	0
SORBI_3001G314400	59
SORBI_3001G314500	572.428
SORBI_3001G314600	0
SORBI_3001G314700	251
SORBI_3001G314800	133
SORBI_3001G314900	169.002
SORBI_3001G315000	0
SORBI_3001G315100	117
SORBI_3001G315200	2
SORBI_3001G315300	0
SORBI_3001G315400	305
SORBI_3001G315500	68
SORBI_3001G315600	0
SORBI_3001G315700	650
SORBI_3001G315800	12
SORBI_3001G315901	3.644
SORBI_3001G316000	24
SORBI_3001G316100	4
SORBI_3001G316200	361.451
SORBI_3001G316300	2
ENSRNA049482469	0
SORBI_3001G316400	37
SORBI_3001G316500	0
SORBI_3001G316700	367.103
SORBI_3001G316800	3
SORBI_3001G316900	25
ENSRNA049445071	0
SORBI_3001G317000	591
SORBI_3001G317200	23
SORBI_3001G317300	22
SORBI_3001G317400	24
SORBI_3001G317500	0
SORBI_3001G317600	5
SORBI_3001G317700	1
SORBI_3001G317800	0
SORBI_3001G317900	0
SORBI_3001G317950	0
SORBI_3001G318000	20
SORBI_3001G318100	62.872
SORBI_3001G318200	33
SORBI_3001G318300	1
SORBI_3001G318366	0
SORBI_3001G318432	47
SORBI_3001G318500	35
SORBI_3001G318600	16
SORBI_3001G318700	45
SORBI_3001G318800	4
SORBI_3001G318900	27
SORBI_3001G319000	4
SORBI_3001G319100	9
SORBI_3001G319200	3
SORBI_3001G319300	18
SORBI_3001G319350	3.128
SORBI_3001G319400	177
SORBI_3001G319500	122
SORBI_3001G319600	7
SORBI_3001G319650	0
SORBI_3001G319700	4
SORBI_3001G319800	0
SORBI_3001G319900	32.905
SORBI_3001G320000	0
SORBI_3001G320101	28
SORBI_3001G320200	789
SORBI_3001G320300	0
SORBI_3001G320400	0
SORBI_3001G320500	4
SORBI_3001G320700	114.168
SORBI_3001G320800	0
SORBI_3001G320900	56
SORBI_3001G321000	469
SORBI_3001G321100	17
SORBI_3001G321200	276
SORBI_3001G321300	0
SORBI_3001G321400	92
SORBI_3001G321500	977.031
SORBI_3001G321600	89
SORBI_3001G321700	7
SORBI_3001G321800	4096.744
SORBI_3001G321900	947.986
SORBI_3001G322000	597.015
SORBI_3001G322100	66
SORBI_3001G322200	219
SORBI_3001G322300	238
SORBI_3001G322400	17
SORBI_3001G322500	301
SORBI_3001G322600	179
SORBI_3001G322700	375
SORBI_3001G322766	0
SORBI_3001G322832	9
SORBI_3001G322900	111.84
SORBI_3001G323000	351
SORBI_3001G323101	19
SORBI_3001G323200	0
SORBI_3001G323300	46
SORBI_3001G323400	5
SORBI_3001G323500	0
SORBI_3001G323600	0
SORBI_3001G323701	1
SORBI_3001G323801	0
SORBI_3001G323900	2.389
SORBI_3001G324000	8.127
SORBI_3001G324100	64
SORBI_3001G324200	1.488
SORBI_3001G324250	3.512
SORBI_3001G324300	0
SORBI_3001G324400	146
SORBI_3001G324500	0
SORBI_3001G324600	0
SORBI_3001G324700	1
SORBI_3001G324800	0
SORBI_3001G324900	494
SORBI_3001G325000	6
SORBI_3001G325100	0
SORBI_3001G325200	1543.33
SORBI_3001G325400	78
SORBI_3001G325500	0
SORBI_3001G325600	4
SORBI_3001G325700	2593.575
SORBI_3001G325850	0
SORBI_3001G326000	0
SORBI_3001G326100	272.465
ENSRNA049997009	0
SORBI_3001G326200	0
SORBI_3001G326300	199
SORBI_3001G326400	1
SORBI_3001G326500	0
SORBI_3001G326600	4
SORBI_3001G326700	0
SORBI_3001G326800	0
SORBI_3001G326900	72
SORBI_3001G327000	18
SORBI_3001G327100	4
SORBI_3001G327200	0
SORBI_3001G327300	59
SORBI_3001G327400	1
SORBI_3001G327500	0
SORBI_3001G327700	22
SORBI_3001G327800	792
SORBI_3001G327900	0
SORBI_3001G328000	43.999
SORBI_3001G328100	62
SORBI_3001G328200	282
SORBI_3001G328350	0
SORBI_3001G328500	169
SORBI_3001G328650	64.882
SORBI_3001G328800	0
SORBI_3001G328850	0
SORBI_3001G328900	0
SORBI_3001G329001	243
SORBI_3001G329100	1744.937
SORBI_3001G329200	1
SORBI_3001G329300	2247.109
SORBI_3001G329400	90
SORBI_3001G329600	15
SORBI_3001G329701	16
SORBI_3001G329800	576
SORBI_3001G329901	0
SORBI_3001G330000	176.777
SORBI_3001G330100	47
SORBI_3001G330200	6
SORBI_3001G330300	0
SORBI_3001G330400	9
SORBI_3001G330500	13
ENSRNA049482464	0
SORBI_3001G330600	0
SORBI_3001G330700	1909
SORBI_3001G330775	0
SORBI_3001G330850	25
SORBI_3001G330925	84
SORBI_3001G331000	0
SORBI_3001G331100	28
SORBI_3001G331200	12
SORBI_3001G331301	13
SORBI_3001G331401	0
SORBI_3001G331500	0
SORBI_3001G331600	458
SORBI_3001G331650	0
SORBI_3001G331700	0
SORBI_3001G331800	0
SORBI_3001G331900	72
SORBI_3001G332000	0
SORBI_3001G332050	0
SORBI_3001G332100	0
SORBI_3001G332200	0
SORBI_3001G332300	209
SORBI_3001G332400	0
SORBI_3001G332500	572
SORBI_3001G332700	75
SORBI_3001G332933	7
SORBI_3001G332900	1
SORBI_3001G332966	0
SORBI_3001G333000	7
SORBI_3001G333100	647.001
SORBI_3001G333200	54
SORBI_3001G333300	67
SORBI_3001G333400	1
SORBI_3001G333500	1797.601
SORBI_3001G333600	799
SORBI_3001G333700	6
SORBI_3001G333800	205
SORBI_3001G333900	608
SORBI_3001G334001	3
SORBI_3001G334100	154
SORBI_3001G334150	0
SORBI_3001G334200	0
SORBI_3001G334300	1278.289
SORBI_3001G334400	2
SORBI_3001G334501	0
SORBI_3001G334600	43
SORBI_3001G334700	427
SORBI_3001G334800	0
SORBI_3001G334900	242
SORBI_3001G335000	414
SORBI_3001G335100	5
SORBI_3001G335201	57
SORBI_3001G335300	776.525
SORBI_3001G335400	285
SORBI_3001G335500	659
SORBI_3001G335600	8
SORBI_3001G335700	0
SORBI_3001G335800	2
SORBI_3001G335900	628
SORBI_3001G336050	1146
SORBI_3001G336200	11
SORBI_3001G336400	0
SORBI_3001G336450	1
SORBI_3001G336500	2262.06
SORBI_3001G336600	0
SORBI_3001G336700	80
SORBI_3001G336800	0
SORBI_3001G336900	3
SORBI_3001G337100	5
SORBI_3001G337200	0
SORBI_3001G337300	69.228
SORBI_3001G337350	21
SORBI_3001G337400	55
ENSRNA049445049	0
SORBI_3001G337500	0
SORBI_3001G337600	26
SORBI_3001G337701	0
SORBI_3001G337800	0
SORBI_3001G338000	0
SORBI_3001G338100	4
SORBI_3001G338200	0
SORBI_3001G338400	508
SORBI_3001G338500	75
SORBI_3001G338600	112.664
SORBI_3001G338700	0
SORBI_3001G338800	510.402
SORBI_3001G338900	9
SORBI_3001G339000	0
SORBI_3001G339100	121
SORBI_3001G339200	2
SORBI_3001G339300	2
SORBI_3001G339400	477.373
SORBI_3001G339500	636
SORBI_3001G339600	282.794
SORBI_3001G339700	81
SORBI_3001G339801	0
SORBI_3001G339900	4
SORBI_3001G340000	614
SORBI_3001G340100	0
SORBI_3001G340200	831.001
SORBI_3001G340300	414
SORBI_3001G340400	1
SORBI_3001G340500	568
SORBI_3001G340600	47
SORBI_3001G340700	139
SORBI_3001G340800	8
SORBI_3001G340900	0
SORBI_3001G341001	0
SORBI_3001G341100	479
SORBI_3001G341200	0
SORBI_3001G341300	166
SORBI_3001G341400	26
SORBI_3001G341500	236
SORBI_3001G341550	0
SORBI_3001G341600	700
SORBI_3001G341700	0
SORBI_3001G341800	1809.436
SORBI_3001G341900	3
SORBI_3001G342000	0
SORBI_3001G342101	0
SORBI_3001G342200	78
SORBI_3001G342300	0
SORBI_3001G342400	3
SORBI_3001G342500	0
SORBI_3001G342600	6507.455
SORBI_3001G342700	0
SORBI_3001G342800	0
SORBI_3001G342900	279
SORBI_3001G343000	424
SORBI_3001G343100	26
SORBI_3001G343300	0
SORBI_3001G343400	0
SORBI_3001G343500	0
SORBI_3001G343601	0
SORBI_3001G343700	0
SORBI_3001G343766	314
SORBI_3001G343832	0
SORBI_3001G343900	1878
SORBI_3001G344000	57
SORBI_3001G344150	6
SORBI_3001G344300	0
SORBI_3001G344400	1020.269
SORBI_3001G344450	0
SORBI_3001G344500	6262.205
SORBI_3001G344600	98
SORBI_3001G344700	6
SORBI_3001G344800	12
SORBI_3001G344900	10
SORBI_3001G345000	72
SORBI_3001G345100	548
SORBI_3001G345200	0
SORBI_3001G345300	0
SORBI_3001G345333	0
SORBI_3001G345366	0
SORBI_3001G345400	13
SORBI_3001G345500	0
SORBI_3001G345600	0
SORBI_3001G345700	0
SORBI_3001G345800	0
SORBI_3001G345900	0
SORBI_3001G346000	16
SORBI_3001G346100	344
SORBI_3001G346200	0
SORBI_3001G346300	197.999
SORBI_3001G346401	0
SORBI_3001G346500	4
SORBI_3001G346600	241
SORBI_3001G346700	157
SORBI_3001G346800	3.116
SORBI_3001G346900	250
SORBI_3001G347001	0
SORBI_3001G347100	10
SORBI_3001G347201	0
SORBI_3001G347300	842.731
SORBI_3001G347400	11
SORBI_3001G347500	2182.172
SORBI_3001G347600	652.871
SORBI_3001G347700	115.594
SORBI_3001G347800	21
SORBI_3001G347901	236.996
ENSRNA049482456	0
ENSRNA049482440	0
SORBI_3001G348000	77
SORBI_3001G348100	260
SORBI_3001G348200	0
SORBI_3001G348300	0
SORBI_3001G348400	0
SORBI_3001G348500	0
SORBI_3001G348600	0
SORBI_3001G348700	0
SORBI_3001G348800	1
SORBI_3001G348900	19
SORBI_3001G349000	13
SORBI_3001G349100	0
SORBI_3001G349200	1.032
SORBI_3001G349300	9.384
SORBI_3001G349400	152.984
SORBI_3001G349500	134
SORBI_3001G349600	0
SORBI_3001G349650	17
SORBI_3001G349700	374
SORBI_3001G349800	282
SORBI_3001G349900	42
SORBI_3001G350000	8
SORBI_3001G350100	1
SORBI_3001G350200	17
SORBI_3001G350300	0
SORBI_3001G350400	192
SORBI_3001G350501	1941.944
SORBI_3001G350600	905.021
SORBI_3001G350700	259
SORBI_3001G350800	0
SORBI_3001G350900	3808.073
ENSRNA049997003	0
SORBI_3001G351000	2031
SORBI_3001G351100	10
SORBI_3001G351200	4
SORBI_3001G351300	0
SORBI_3001G351400	66
SORBI_3001G351500	50
SORBI_3001G351600	2
SORBI_3001G351700	7580.757
SORBI_3001G351800	47
SORBI_3001G351900	143.003
SORBI_3001G352100	0
SORBI_3001G352200	5
SORBI_3001G352300	9
SORBI_3001G352400	8970.009
SORBI_3001G352500	203
SORBI_3001G352600	587
SORBI_3001G352633	0
SORBI_3001G352666	1
SORBI_3001G352700	16
SORBI_3001G352800	138
SORBI_3001G352900	740.575
SORBI_3001G352933	0
SORBI_3001G352966	0
SORBI_3001G353000	1
SORBI_3001G353100	25
SORBI_3001G353200	489
SORBI_3001G353250	7
SORBI_3001G353300	30
SORBI_3001G353400	584
SORBI_3001G353501	71
SORBI_3001G353600	117
SORBI_3001G353700	16
SORBI_3001G353800	0
SORBI_3001G353900	47.011
SORBI_3001G354000	5
SORBI_3001G354100	7
SORBI_3001G354200	4
SORBI_3001G354400	7
SORBI_3001G354501	20.999
SORBI_3001G354600	871.68
ENSRNA049445021	0
ENSRNA049444649	0
SORBI_3001G354700	0
SORBI_3001G354800	1
SORBI_3001G354900	0
SORBI_3001G355000	453
SORBI_3001G355100	162
SORBI_3001G355200	137
SORBI_3001G355300	0
SORBI_3001G355400	0
ENSRNA049482421	0
ENSRNA049482451	0
ENSRNA049482425	0
SORBI_3001G355500	22
SORBI_3001G355600	195
SORBI_3001G355700	0
SORBI_3001G355800	436
SORBI_3001G355850	0
SORBI_3001G355900	0
SORBI_3001G356000	1
SORBI_3001G356100	102
ENSRNA049445015	0
SORBI_3001G356200	223
SORBI_3001G356300	0
SORBI_3001G356400	0
SORBI_3001G356500	341
SORBI_3001G356600	918.172
SORBI_3001G356700	0
SORBI_3001G356800	2
SORBI_3001G357000	0
SORBI_3001G357100	0
SORBI_3001G357200	224
SORBI_3001G357300	1398.712
SORBI_3001G357400	13
SORBI_3001G357500	45
SORBI_3001G357600	0
SORBI_3001G357650	0
SORBI_3001G357700	2
SORBI_3001G357800	17
SORBI_3001G357900	18.937
SORBI_3001G358000	161
SORBI_3001G358101	0
SORBI_3001G358200	32
SORBI_3001G358300	641
SORBI_3001G358366	0
SORBI_3001G358432	0
SORBI_3001G358500	108
SORBI_3001G358600	292.792
SORBI_3001G358700	0
ENSRNA049482457	0
SORBI_3001G358800	153
SORBI_3001G358900	0
SORBI_3001G359000	0
SORBI_3001G359100	0
SORBI_3001G359200	33
SORBI_3001G359300	181
SORBI_3001G359400	1035.198
SORBI_3001G359500	130.98
SORBI_3001G359601	0
SORBI_3001G359700	0
SORBI_3001G359800	74
SORBI_3001G359900	38
SORBI_3001G360000	79
SORBI_3001G360200	625
SORBI_3001G360300	31
SORBI_3001G360400	1
SORBI_3001G360500	79
SORBI_3001G360600	565
SORBI_3001G360700	198
SORBI_3001G360800	6
SORBI_3001G360900	505
SORBI_3001G361000	0
SORBI_3001G361100	5
SORBI_3001G361200	15
SORBI_3001G361300	767.029
SORBI_3001G361400	0
SORBI_3001G361500	1
SORBI_3001G361600	116
SORBI_3001G361700	176
SORBI_3001G361750	0
SORBI_3001G361800	25
SORBI_3001G361900	288
SORBI_3001G362001	164
SORBI_3001G362100	8
SORBI_3001G362200	576.141
SORBI_3001G362300	114.863
SORBI_3001G362400	14
SORBI_3001G362500	329
SORBI_3001G362601	68
SORBI_3001G362701	3
SORBI_3001G362800	24
SORBI_3001G362900	0
SORBI_3001G363000	44
SORBI_3001G363100	14
SORBI_3001G363200	1
SORBI_3001G363300	22
SORBI_3001G363400	0
SORBI_3001G363500	1342.814
SORBI_3001G363600	0
SORBI_3001G363700	16
SORBI_3001G363900	5.234
SORBI_3001G364100	2
SORBI_3001G364200	16.376
SORBI_3001G364300	0
SORBI_3001G364400	15.624
SORBI_3001G364500	447.822
SORBI_3001G364600	454
SORBI_3001G364700	0
SORBI_3001G364800	326.715
SORBI_3001G364900	2
SORBI_3001G365000	5
SORBI_3001G365100	2
SORBI_3001G365200	591.002
SORBI_3001G365266	0
SORBI_3001G365332	0
SORBI_3001G365400	19.975
SORBI_3001G365500	122.593
SORBI_3001G365600	297.007
SORBI_3001G365700	39
SORBI_3001G365800	1439.431
SORBI_3001G365900	2275.572
SORBI_3001G366000	0
SORBI_3001G366100	43.562
SORBI_3001G366200	5
SORBI_3001G366300	45
SORBI_3001G366401	0
SORBI_3001G366500	22.87
SORBI_3001G366600	89
SORBI_3001G366700	2
SORBI_3001G366800	701
ENSRNA049482413	3.582
SORBI_3001G366900	0
SORBI_3001G367000	330
SORBI_3001G367100	704
SORBI_3001G367301	187
SORBI_3001G367500	1.398
SORBI_3001G367600	24
SORBI_3001G367700	12
SORBI_3001G367800	285
SORBI_3001G367900	6
SORBI_3001G368000	8
SORBI_3001G368100	91.02
SORBI_3001G368300	205
SORBI_3001G368400	65
SORBI_3001G368500	297
SORBI_3001G368600	94
SORBI_3001G368700	7
SORBI_3001G368800	94.364
SORBI_3001G368900	1
SORBI_3001G369000	2396.65
SORBI_3001G369101	0
SORBI_3001G369200	2
SORBI_3001G369300	0
SORBI_3001G369401	3
SORBI_3001G369500	110
SORBI_3001G369550	0
SORBI_3001G369600	4
SORBI_3001G369701	0
SORBI_3001G369800	11
SORBI_3001G369900	41
SORBI_3001G370000	0
SORBI_3001G370100	100
SORBI_3001G370200	0
SORBI_3001G370300	84
SORBI_3001G370400	63
SORBI_3001G370500	248
SORBI_3001G370600	6453.465
SORBI_3001G370700	87
SORBI_3001G370750	0
ENSRNA049482453	0
SORBI_3001G370800	0
SORBI_3001G370900	1037.645
SORBI_3001G371000	932.989
SORBI_3001G371100	1568
SORBI_3001G371200	202
SORBI_3001G371300	514.078
SORBI_3001G371400	1620.889
SORBI_3001G371500	0
SORBI_3001G371600	0
SORBI_3001G371650	0
ENSRNA049482436	0
SORBI_3001G371700	111
SORBI_3001G371750	76
SORBI_3001G371800	17
SORBI_3001G371900	1355.146
SORBI_3001G372000	881
SORBI_3001G372100	7
SORBI_3001G372200	186
SORBI_3001G372400	0
SORBI_3001G372500	1397.989
SORBI_3001G372600	13
SORBI_3001G372700	455.753
SORBI_3001G372800	1774.575
SORBI_3001G372900	114
SORBI_3001G373000	511.001
SORBI_3001G373100	20
SORBI_3001G373200	86
SORBI_3001G373300	0
SORBI_3001G373400	50
SORBI_3001G373500	0
ENSRNA049444986	0
SORBI_3001G373600	3
SORBI_3001G373700	365.989
SORBI_3001G373800	731
SORBI_3001G373850	0
SORBI_3001G373900	69
SORBI_3001G374000	184
SORBI_3001G374100	645
SORBI_3001G374200	0
SORBI_3001G374301	0
SORBI_3001G374400	141
SORBI_3001G374500	0
SORBI_3001G374600	0
SORBI_3001G374700	1264.947
SORBI_3001G374800	100
SORBI_3001G374900	1
SORBI_3001G375000	199
SORBI_3001G375100	1769.951
SORBI_3001G375200	0
SORBI_3001G375300	346
SORBI_3001G375400	0
SORBI_3001G375500	1
SORBI_3001G375600	150
SORBI_3001G375650	0
SORBI_3001G375700	601
SORBI_3001G375800	1
SORBI_3001G375900	9
SORBI_3001G376100	400
SORBI_3001G376150	0
SORBI_3001G376200	0
SORBI_3001G376266	8.405
SORBI_3001G376332	1.356
SORBI_3001G376400	139
SORBI_3001G376501	0
SORBI_3001G376600	959.231
SORBI_3001G376700	281.216
SORBI_3001G376800	222
SORBI_3001G376900	718.027
SORBI_3001G377000	288
SORBI_3001G377050	0
SORBI_3001G377100	22
SORBI_3001G377200	246
SORBI_3001G377300	177
SORBI_3001G377400	23
SORBI_3001G377500	0
SORBI_3001G377600	47
SORBI_3001G377700	0
SORBI_3001G377800	622.001
ENSRNA049482448	0
SORBI_3001G377900	62
SORBI_3001G378001	8.215
SORBI_3001G378100	521.161
ENSRNA049996996	0
SORBI_3001G378150	0
SORBI_3001G378200	404
SORBI_3001G378300	1520.001
SORBI_3001G378400	0
SORBI_3001G378500	0
SORBI_3001G378550	0
SORBI_3001G378600	0
SORBI_3001G378700	3
SORBI_3001G378800	976.216
SORBI_3001G378900	0
SORBI_3001G379000	306
SORBI_3001G379100	9
SORBI_3001G379200	245.258
SORBI_3001G379300	0
SORBI_3001G379400	0
SORBI_3001G379500	1
SORBI_3001G379600	222
SORBI_3001G379700	385
SORBI_3001G379800	0
SORBI_3001G379900	46
SORBI_3001G380000	0
SORBI_3001G380100	0
SORBI_3001G380200	6944.587
SORBI_3001G380300	0
SORBI_3001G380400	679
SORBI_3001G380500	596.988
SORBI_3001G380600	821.002
SORBI_3001G380700	1
SORBI_3001G380800	0
SORBI_3001G380900	17
SORBI_3001G381000	1
SORBI_3001G381100	0
SORBI_3001G381200	2086
SORBI_3001G381250	0
SORBI_3001G381300	2
SORBI_3001G381400	0
SORBI_3001G381500	83
SORBI_3001G381600	1608.128
SORBI_3001G381700	1
SORBI_3001G381800	1637.252
SORBI_3001G381900	81
SORBI_3001G382000	768
SORBI_3001G382100	42
SORBI_3001G382200	653
ENSRNA049482445	0
ENSRNA049482466	0
SORBI_3001G382266	0
SORBI_3001G382332	0
SORBI_3001G382400	3864.996
SORBI_3001G382500	1041.967
SORBI_3001G382600	276
SORBI_3001G382700	56
SORBI_3001G382800	457.997
SORBI_3001G382900	0
SORBI_3001G383000	504
SORBI_3001G383100	1418
SORBI_3001G383200	0
SORBI_3001G383300	624.761
SORBI_3001G383350	0
SORBI_3001G383400	462
SORBI_3001G383500	67
SORBI_3001G383600	0
SORBI_3001G383700	1881.919
SORBI_3001G383800	159.081
SORBI_3001G383900	194
SORBI_3001G384000	922
SORBI_3001G384100	260
SORBI_3001G384200	64
SORBI_3001G384300	544.997
SORBI_3001G384400	102
SORBI_3001G384500	505
SORBI_3001G384600	347
SORBI_3001G384700	28
SORBI_3001G384800	192
SORBI_3001G384900	73
SORBI_3001G385000	167
SORBI_3001G385066	1
SORBI_3001G385132	13
SORBI_3001G385200	7
SORBI_3001G385300	25
SORBI_3001G385400	1268.211
SORBI_3001G385500	9
SORBI_3001G385800	368
SORBI_3001G385900	766.137
SORBI_3001G386000	474
SORBI_3001G386100	116
SORBI_3001G386200	191
SORBI_3001G386300	420
ENSRNA049996987	1
SORBI_3001G386400	813
SORBI_3001G386500	0
SORBI_3001G386600	21
SORBI_3001G386700	35
SORBI_3001G386800	9
SORBI_3001G386900	0
SORBI_3001G387000	155
SORBI_3001G387200	144
SORBI_3001G387300	54
SORBI_3001G387400	0
SORBI_3001G387500	99.04
SORBI_3001G387600	6586.585
SORBI_3001G387700	1
SORBI_3001G387800	543.998
SORBI_3001G387900	48
SORBI_3001G388000	12.338
SORBI_3001G388100	2
SORBI_3001G388200	531
SORBI_3001G388250	165.05
SORBI_3001G388300	12
SORBI_3001G388400	70.935
SORBI_3001G388500	1.065
SORBI_3001G388600	1197.523
SORBI_3001G388700	14
SORBI_3001G388800	34
SORBI_3001G388900	9
SORBI_3001G389000	116
SORBI_3001G389100	775
SORBI_3001G389200	815
SORBI_3001G389300	193
SORBI_3001G389400	123
SORBI_3001G389500	122
SORBI_3001G389600	2
SORBI_3001G389700	31
SORBI_3001G389800	474
SORBI_3001G389900	54.021
SORBI_3001G390000	10.496
SORBI_3001G390200	3100.819
SORBI_3001G390300	2681.795
SORBI_3001G390400	0
SORBI_3001G390500	334.577
SORBI_3001G390700	75
ENSRNA049444972	0
SORBI_3001G390800	821
SORBI_3001G390900	277
SORBI_3001G391000	10
SORBI_3001G391101	6
SORBI_3001G391200	161
SORBI_3001G391300	474
SORBI_3001G391400	298
SORBI_3001G391500	318
SORBI_3001G391600	235
SORBI_3001G391800	1
SORBI_3001G391900	156
SORBI_3001G392000	3
SORBI_3001G392100	13
SORBI_3001G392200	368.776
SORBI_3001G392300	1137
SORBI_3001G392400	33
SORBI_3001G392500	3
SORBI_3001G392600	889
SORBI_3001G392650	0
SORBI_3001G392700	0
SORBI_3001G392800	871
SORBI_3001G392900	0
SORBI_3001G393000	2
SORBI_3001G393101	0
SORBI_3001G393200	0
SORBI_3001G393300	384
SORBI_3001G393401	142
SORBI_3001G393500	286
ENSRNA049482424	0
ENSRNA049482429	0
SORBI_3001G393600	30
SORBI_3001G393700	707.184
SORBI_3001G393800	182
SORBI_3001G393900	212.001
SORBI_3001G394000	0
SORBI_3001G394100	85
SORBI_3001G394250	0
SORBI_3001G394400	603
SORBI_3001G394466	0
SORBI_3001G394532	0
SORBI_3001G394600	215
SORBI_3001G394700	3
SORBI_3001G394800	381
SORBI_3001G394900	1
SORBI_3001G395000	3
SORBI_3001G395100	222
SORBI_3001G395150	0
SORBI_3001G395200	1089
SORBI_3001G395300	349
SORBI_3001G395400	1010
SORBI_3001G395500	428
SORBI_3001G395600	3
SORBI_3001G395700	41
SORBI_3001G395800	39
SORBI_3001G395900	0
SORBI_3001G396000	1278
SORBI_3001G396050	22
SORBI_3001G396100	453
SORBI_3001G396200	30.061
SORBI_3001G396300	147
SORBI_3001G396400	30
SORBI_3001G396500	15
SORBI_3001G396550	0
SORBI_3001G396600	0
SORBI_3001G396700	0
SORBI_3001G396800	32
SORBI_3001G396900	63
SORBI_3001G397000	370.08
SORBI_3001G397100	0
SORBI_3001G397200	11
SORBI_3001G397300	7
SORBI_3001G397400	695.806
SORBI_3001G397500	146
SORBI_3001G397550	0
SORBI_3001G397600	3
SORBI_3001G397700	38
SORBI_3001G397800	82
SORBI_3001G397850	1
SORBI_3001G397900	0
SORBI_3001G398000	0
ENSRNA049482417	0
SORBI_3001G398100	0
SORBI_3001G398150	0
SORBI_3001G398200	0
SORBI_3001G398300	2
SORBI_3001G398400	28
SORBI_3001G398450	0
SORBI_3001G398500	4987.781
SORBI_3001G398600	252.651
SORBI_3001G398700	46
SORBI_3001G398800	1299.309
SORBI_3001G398950	4053.307
SORBI_3001G399100	133
SORBI_3001G399200	37.158
SORBI_3001G399300	1782.001
SORBI_3001G399400	9
SORBI_3001G399501	0
SORBI_3001G399600	1
SORBI_3001G399700	77
SORBI_3001G399800	32
SORBI_3001G399900	1631.144
SORBI_3001G400000	117
SORBI_3001G400101	1
SORBI_3001G400200	3
SORBI_3001G400300	413
SORBI_3001G400400	5
SORBI_3001G400500	1304.69
SORBI_3001G400601	0
SORBI_3001G400700	83.578
SORBI_3001G400800	69.555
SORBI_3001G400900	85.98
SORBI_3001G401000	186.764
SORBI_3001G401100	87.001
SORBI_3001G401200	248.592
SORBI_3001G401300	1416.53
SORBI_3001G401400	377
SORBI_3001G401500	153
SORBI_3001G401600	304
SORBI_3001G401700	772
SORBI_3001G401750	0
ENSRNA049996979	0
SORBI_3001G401800	39
SORBI_3001G401900	365.978
SORBI_3001G401975	3.022
SORBI_3001G402050	1001.768
SORBI_3001G402125	0
SORBI_3001G402200	124
SORBI_3001G402300	295.002
SORBI_3001G402400	11
SORBI_3001G402500	788.643
SORBI_3001G402600	119
ENSRNA049444730	0
SORBI_3001G402701	55
SORBI_3001G402800	20
SORBI_3001G402900	0
SORBI_3001G403000	0
SORBI_3001G403100	0
SORBI_3001G403200	1
SORBI_3001G403300	401
SORBI_3001G403350	0
SORBI_3001G403400	287
SORBI_3001G403500	4922.236
SORBI_3001G403600	668
ENSRNA049444968	0
SORBI_3001G403700	144
SORBI_3001G403800	38
SORBI_3001G403900	0
SORBI_3001G404000	1
SORBI_3001G404100	1002
SORBI_3001G404200	100
SORBI_3001G404300	6
SORBI_3001G404400	1
SORBI_3001G404500	503
SORBI_3001G404600	836.926
SORBI_3001G404700	372.052
SORBI_3001G404800	253
SORBI_3001G404900	190
SORBI_3001G404950	1
SORBI_3001G405000	83
ENSRNA049482432	0
SORBI_3001G405100	14
SORBI_3001G405150	0
SORBI_3001G405200	0
SORBI_3001G405300	802.006
SORBI_3001G405400	745
SORBI_3001G405450	0
SORBI_3001G405500	1410.002
SORBI_3001G405600	277.131
SORBI_3001G405700	51
SORBI_3001G405800	99
SORBI_3001G405900	1320.383
SORBI_3001G406000	99
SORBI_3001G406100	258.039
SORBI_3001G406200	0
SORBI_3001G406300	5293.846
SORBI_3001G406400	0
SORBI_3001G406500	0
SORBI_3001G406600	0
SORBI_3001G406700	4
SORBI_3001G406800	322
SORBI_3001G406901	0
SORBI_3001G407000	0
SORBI_3001G407100	14
SORBI_3001G407200	415.964
SORBI_3001G407300	0
SORBI_3001G407600	18994.671
ENSRNA049482471	0
SORBI_3001G407700	819.996
SORBI_3001G407800	41
SORBI_3001G407900	24
SORBI_3001G408001	1
SORBI_3001G408100	191
SORBI_3001G408200	1386.456
SORBI_3001G408300	119
SORBI_3001G408400	396
SORBI_3001G408500	357
SORBI_3001G408600	143
SORBI_3001G408700	177
SORBI_3001G408800	305
SORBI_3001G408900	531
SORBI_3001G409000	0
SORBI_3001G409100	693
SORBI_3001G409200	79
SORBI_3001G409300	317
SORBI_3001G409400	65
SORBI_3001G409500	133
SORBI_3001G409600	248
SORBI_3001G409700	7
SORBI_3001G409800	10
SORBI_3001G409850	0
SORBI_3001G409900	2889
SORBI_3001G410000	797
SORBI_3001G410100	8127.572
SORBI_3001G410200	2444.048
SORBI_3001G410300	1
SORBI_3001G410400	1
SORBI_3001G410450	61
SORBI_3001G410500	1
SORBI_3001G410600	11
SORBI_3001G410700	62
SORBI_3001G410800	102
SORBI_3001G410900	0
SORBI_3001G411100	91
SORBI_3001G411200	22
SORBI_3001G411300	42
SORBI_3001G411400	4811.949
SORBI_3001G411500	53
SORBI_3001G411600	0
SORBI_3001G411800	57
SORBI_3001G411900	491.935
SORBI_3001G412001	11
SORBI_3001G412100	573
SORBI_3001G412200	13
SORBI_3001G412300	4
SORBI_3001G412350	6
SORBI_3001G412400	25
SORBI_3001G412500	244.925
SORBI_3001G412600	0
SORBI_3001G412700	7
SORBI_3001G412800	5247.733
SORBI_3001G412900	0
SORBI_3001G413000	185
SORBI_3001G413100	175
SORBI_3001G413200	205.768
SORBI_3001G413300	0
SORBI_3001G413400	0
SORBI_3001G413500	656
SORBI_3001G413600	6
SORBI_3001G413700	3
SORBI_3001G413800	231
ENSRNA049482419	0
SORBI_3001G413850	0
SORBI_3001G413900	1196.933
SORBI_3001G414000	246
SORBI_3001G414100	172
SORBI_3001G414200	1
SORBI_3001G414300	0
SORBI_3001G414400	11
SORBI_3001G414500	1322
ENSRNA049444940	0
SORBI_3001G414650	122
SORBI_3001G414800	1
SORBI_3001G414900	55
SORBI_3001G415000	427
SORBI_3001G415100	0
SORBI_3001G415200	102
SORBI_3001G415300	2287.171
SORBI_3001G415400	240
SORBI_3001G415500	223
SORBI_3001G415600	10
SORBI_3001G415700	43
SORBI_3001G415750	0
SORBI_3001G415800	0
SORBI_3001G415901	1
SORBI_3001G416000	3
SORBI_3001G416100	0
SORBI_3001G416200	1
SORBI_3001G416300	108
SORBI_3001G416500	2
SORBI_3001G416600	8424.136
SORBI_3001G416700	439
SORBI_3001G416800	8.479
SORBI_3001G416900	5.521
SORBI_3001G417000	458.306
SORBI_3001G417100	0
SORBI_3001G417200	76
SORBI_3001G417301	69
SORBI_3001G417400	57
SORBI_3001G417500	194
SORBI_3001G417600	50
SORBI_3001G417700	1
SORBI_3001G417800	1779
SORBI_3001G417900	2326.52
SORBI_3001G418000	605.061
SORBI_3001G418100	1484.961
SORBI_3001G418200	7
SORBI_3001G418300	0
SORBI_3001G418400	1
SORBI_3001G418500	0
SORBI_3001G418600	1603.078
SORBI_3001G418650	17
SORBI_3001G418700	718.501
SORBI_3001G418800	193.067
SORBI_3001G418900	182
SORBI_3001G419000	0
SORBI_3001G419100	0
SORBI_3001G419200	0
SORBI_3001G419300	0
SORBI_3001G419400	0
SORBI_3001G419500	0
SORBI_3001G419600	0
SORBI_3001G419700	20
SORBI_3001G419801	0
SORBI_3001G419900	7
SORBI_3001G420000	436
SORBI_3001G420100	17500.424
SORBI_3001G420150	0
SORBI_3001G420200	1316.855
SORBI_3001G420300	7
SORBI_3001G420350	1.257
SORBI_3001G420400	175.497
SORBI_3001G420500	283
SORBI_3001G420600	0
SORBI_3001G420700	5260.805
SORBI_3001G420800	430.501
SORBI_3001G420900	155.066
SORBI_3001G421000	3
SORBI_3001G421100	0
SORBI_3001G421200	0
SORBI_3001G421250	0
SORBI_3001G421300	1427
SORBI_3001G421400	306
SORBI_3001G421450	0
SORBI_3001G421500	3372.962
SORBI_3001G421600	0
SORBI_3001G421700	4297.786
SORBI_3001G421800	0
SORBI_3001G421900	1426
SORBI_3001G422001	0
SORBI_3001G422100	939.695
SORBI_3001G422200	0
SORBI_3001G422300	21
SORBI_3001G422366	300.108
SORBI_3001G422432	0
SORBI_3001G422500	720.237
SORBI_3001G422600	223.645
SORBI_3001G422700	63
SORBI_3001G422800	3
SORBI_3001G422850	11
SORBI_3001G422900	168
SORBI_3001G423000	25.021
SORBI_3001G423100	263.971
SORBI_3001G423200	11
SORBI_3001G423300	752
SORBI_3001G423400	481
SORBI_3001G423500	6
SORBI_3001G423600	352.366
SORBI_3001G423633	5
SORBI_3001G423666	0
SORBI_3001G423700	1120
SORBI_3001G423800	72.108
SORBI_3001G423900	1
SORBI_3001G424000	66
SORBI_3001G424066	0
SORBI_3001G424132	2
SORBI_3001G424200	16
SORBI_3001G424300	129
SORBI_3001G424400	129.601
SORBI_3001G424500	895
SORBI_3001G424600	191
SORBI_3001G424650	0
SORBI_3001G424700	743.996
SORBI_3001G424800	437
SORBI_3001G424900	32
SORBI_3001G425000	724
SORBI_3001G425100	97
SORBI_3001G425150	185.95
SORBI_3001G425200	957.131
SORBI_3001G425300	407
SORBI_3001G425400	199
SORBI_3001G425500	10
SORBI_3001G425600	5
SORBI_3001G425700	949
SORBI_3001G425750	0
SORBI_3001G425800	909.898
SORBI_3001G425900	0
SORBI_3001G426000	814
SORBI_3001G426100	299
SORBI_3001G426200	974
SORBI_3001G426300	51
SORBI_3001G426400	229
SORBI_3001G426500	6
SORBI_3001G426600	1236.667
SORBI_3001G426701	0
SORBI_3001G426800	755
SORBI_3001G426900	562.314
SORBI_3001G427000	50
SORBI_3001G427100	330
SORBI_3001G427200	94
SORBI_3001G427300	298
SORBI_3001G427400	14.733
SORBI_3001G427500	55
SORBI_3001G427600	19
SORBI_3001G427700	1470.042
SORBI_3001G427800	566
SORBI_3001G427900	393
SORBI_3001G428000	410
SORBI_3001G428100	239
SORBI_3001G428200	295
SORBI_3001G428300	0
SORBI_3001G428400	161.013
SORBI_3001G428500	434
SORBI_3001G428600	0
SORBI_3001G428700	1
SORBI_3001G428800	324
SORBI_3001G428900	26
SORBI_3001G429000	75
SORBI_3001G429100	331
SORBI_3001G429200	190.001
SORBI_3001G429300	849.179
SORBI_3001G429400	223.86
SORBI_3001G429500	860
SORBI_3001G429600	1051
SORBI_3001G429700	58
SORBI_3001G429800	939
SORBI_3001G429900	67.217
SORBI_3001G429950	0
SORBI_3001G430000	0
SORBI_3001G430100	0
SORBI_3001G430200	0
SORBI_3001G430300	0
SORBI_3001G430400	80
SORBI_3001G430500	0
SORBI_3001G430600	15
SORBI_3001G430700	2235
SORBI_3001G430800	992
SORBI_3001G430900	3
SORBI_3001G431000	492
SORBI_3001G431100	4
SORBI_3001G431200	0
SORBI_3001G431400	87
SORBI_3001G431500	74
SORBI_3001G431600	9
SORBI_3001G431700	75
SORBI_3001G431800	50
SORBI_3001G431900	0
SORBI_3001G432000	85
SORBI_3001G432100	139
SORBI_3001G432200	1
SORBI_3001G432300	328
SORBI_3001G432400	1
SORBI_3001G432500	18
SORBI_3001G432550	1
SORBI_3001G432600	2
SORBI_3001G432700	6
SORBI_3001G432750	1
SORBI_3001G432800	220
SORBI_3001G432900	1
SORBI_3001G433000	275
SORBI_3001G433100	170
SORBI_3001G433200	25
SORBI_3001G433300	153
SORBI_3001G433400	1607
SORBI_3001G433500	0
SORBI_3001G433600	75.002
SORBI_3001G433700	723.882
SORBI_3001G433800	3055.461
SORBI_3001G433900	398
SORBI_3001G434000	12
SORBI_3001G434100	0
SORBI_3001G434200	285
SORBI_3001G434300	21
SORBI_3001G434400	182
ENSRNA049480047	0
SORBI_3001G434450	0
SORBI_3001G434500	395
SORBI_3001G434600	26
SORBI_3001G434650	0
SORBI_3001G434700	244
SORBI_3001G434800	24
SORBI_3001G434900	1178.981
SORBI_3001G435000	66
SORBI_3001G435100	117
SORBI_3001G435201	40
SORBI_3001G435300	0
SORBI_3001G435400	3069.848
SORBI_3001G435500	3
SORBI_3001G435600	0
SORBI_3001G435650	6.604
SORBI_3001G435700	20
SORBI_3001G435800	6591.436
SORBI_3001G435900	651.81
SORBI_3001G436000	2537.949
SORBI_3001G436100	613
SORBI_3001G436200	2484.441
SORBI_3001G436300	229.316
SORBI_3001G436400	108
SORBI_3001G436450	0
SORBI_3001G436500	5
SORBI_3001G436600	21
SORBI_3001G436800	1
SORBI_3001G436850	0
SORBI_3001G436900	798
SORBI_3001G437000	594
SORBI_3001G437050	0
SORBI_3001G437100	224
SORBI_3001G437200	190
SORBI_3001G437300	0
SORBI_3001G437400	1953.243
SORBI_3001G437500	4549.178
SORBI_3001G437600	0
SORBI_3001G437801	226
SORBI_3001G438000	67
SORBI_3001G438100	653
SORBI_3001G438200	0
SORBI_3001G438300	0
SORBI_3001G438400	0
SORBI_3001G438500	0
SORBI_3001G438600	131
SORBI_3001G438700	2
SORBI_3001G438800	178
SORBI_3001G438900	16
SORBI_3001G439000	0
SORBI_3001G439050	1
SORBI_3001G439100	129
SORBI_3001G439200	6
SORBI_3001G439300	83
SORBI_3001G439400	13
SORBI_3001G439500	269
SORBI_3001G439600	904.021
SORBI_3001G439700	210
SORBI_3001G439800	62
SORBI_3001G439850	0
SORBI_3001G439900	109
SORBI_3001G440000	14
SORBI_3001G440100	201
SORBI_3001G440200	6403
SORBI_3001G440300	32
SORBI_3001G440401	14
SORBI_3001G440500	397
SORBI_3001G440600	4394.033
SORBI_3001G440700	1002.215
SORBI_3001G440800	170.329
SORBI_3001G440900	248
SORBI_3001G441000	852
SORBI_3001G441100	687.968
SORBI_3001G441200	534.492
SORBI_3001G441300	59
SORBI_3001G441400	494
SORBI_3001G441350	0
SORBI_3001G441500	52
SORBI_3001G441600	2400.512
ENSRNA049480033	0
SORBI_3001G441700	1
SORBI_3001G441800	414
SORBI_3001G441900	162
SORBI_3001G442000	16
SORBI_3001G442100	3
SORBI_3001G442200	222
SORBI_3001G442300	30
SORBI_3001G442400	0
SORBI_3001G442500	8
SORBI_3001G442700	90
SORBI_3001G442600	0
SORBI_3001G442750	0
SORBI_3001G442800	245.424
SORBI_3001G442900	10
SORBI_3001G443000	12
SORBI_3001G443100	473
SORBI_3001G443200	1977.11
SORBI_3001G443300	46
SORBI_3001G443400	0
SORBI_3001G443500	0
SORBI_3001G443600	0
SORBI_3001G443700	0
SORBI_3001G443800	267
SORBI_3001G443850	0
SORBI_3001G443900	70
SORBI_3001G444000	4
SORBI_3001G444100	103
SORBI_3001G444200	2
SORBI_3001G444300	269
SORBI_3001G444400	4
SORBI_3001G444500	0
SORBI_3001G444600	35
SORBI_3001G444700	17
SORBI_3001G444800	769.998
ENSRNA049480045	0
SORBI_3001G444900	0
SORBI_3001G445000	219.024
SORBI_3001G445100	1351.564
SORBI_3001G445200	32
SORBI_3001G445300	0
SORBI_3001G445400	0
SORBI_3001G445500	1226
ENSRNA049444932	0
SORBI_3001G445600	102
SORBI_3001G445700	200
SORBI_3001G445800	65
SORBI_3001G445850	0
SORBI_3001G445900	214
SORBI_3001G446000	7
SORBI_3001G446100	19
SORBI_3001G446200	265
SORBI_3001G446300	81
SORBI_3001G446400	34
SORBI_3001G446500	1
SORBI_3001G446800	3
SORBI_3001G446850	150.426
SORBI_3001G446900	624.576
SORBI_3001G447000	220
SORBI_3001G447100	160
SORBI_3001G447200	101
SORBI_3001G447300	2166.157
SORBI_3001G447400	204
SORBI_3001G447500	7
SORBI_3001G447600	1308
SORBI_3001G447700	69
SORBI_3001G447800	12
SORBI_3001G447900	120
SORBI_3001G448000	0
SORBI_3001G448100	383.149
SORBI_3001G448200	390.42
SORBI_3001G448300	1
SORBI_3001G448350	0
SORBI_3001G448400	75
SORBI_3001G448500	0
SORBI_3001G448600	177
SORBI_3001G448700	91.017
SORBI_3001G448750	0
SORBI_3001G448800	238
SORBI_3001G448900	0
SORBI_3001G449000	51.014
SORBI_3001G449100	0
SORBI_3001G449200	0
SORBI_3001G449300	20
SORBI_3001G449400	204
SORBI_3001G449500	6
SORBI_3001G449600	924
SORBI_3001G449700	5058.997
SORBI_3001G449800	134
SORBI_3001G449900	683
SORBI_3001G450000	391
SORBI_3001G450050	0
SORBI_3001G450100	0
SORBI_3001G450200	19
SORBI_3001G450300	98
SORBI_3001G450400	26
SORBI_3001G450500	54
SORBI_3001G450600	305
SORBI_3001G450700	866
SORBI_3001G450800	2656.139
SORBI_3001G450900	2
SORBI_3001G451000	1638.005
SORBI_3001G451100	53
SORBI_3001G451150	0
SORBI_3001G451200	50
SORBI_3001G451300	704.03
SORBI_3001G451400	1253
SORBI_3001G451450	30
SORBI_3001G451500	225.996
SORBI_3001G451600	1
SORBI_3001G451700	29
SORBI_3001G451800	187
SORBI_3001G451901	102
SORBI_3001G452000	125
SORBI_3001G452100	415.057
SORBI_3001G452200	23
ENSRNA049480057	0
SORBI_3001G452300	0
SORBI_3001G452400	0
SORBI_3001G452500	0
SORBI_3001G452600	4413.087
SORBI_3001G452700	57
SORBI_3001G452800	0
SORBI_3001G452900	1
SORBI_3001G453000	351
SORBI_3001G453100	24
SORBI_3001G453150	0
SORBI_3001G453200	2
SORBI_3001G453250	0.849
SORBI_3001G453300	60
SORBI_3001G453400	1000.985
SORBI_3001G453500	66
SORBI_3001G453600	37
SORBI_3001G453700	1414.183
SORBI_3001G453800	297
SORBI_3001G453900	0
SORBI_3001G454000	815.968
SORBI_3001G454100	99
SORBI_3001G454200	9
SORBI_3001G454301	187.335
SORBI_3001G454401	31
SORBI_3001G454500	235.785
SORBI_3001G454600	4
SORBI_3001G454700	1
SORBI_3001G454800	0
SORBI_3001G454850	0
SORBI_3001G454900	196
SORBI_3001G455000	485
SORBI_3001G455100	1
SORBI_3001G455200	0
SORBI_3001G455250	5
SORBI_3001G455300	0
SORBI_3001G455433	42
SORBI_3001G455400	0
SORBI_3001G455466	0
SORBI_3001G455500	36
SORBI_3001G455600	495.982
SORBI_3001G455700	83
SORBI_3001G455800	1436.569
SORBI_3001G455900	0
SORBI_3001G456000	0
SORBI_3001G456100	999.644
SORBI_3001G456200	17
SORBI_3001G456300	232
SORBI_3001G456400	242
SORBI_3001G456500	2
SORBI_3001G456650	0
SORBI_3001G456800	115
SORBI_3001G456900	439
SORBI_3001G457000	2879.996
SORBI_3001G457100	2
SORBI_3001G457200	84
SORBI_3001G457300	150
SORBI_3001G457400	5
SORBI_3001G457433	0
SORBI_3001G457500	10
SORBI_3001G457466	0
SORBI_3001G457600	52.987
SORBI_3001G457700	103
SORBI_3001G457800	1604.305
SORBI_3001G457900	1722.243
SORBI_3001G457933	9
SORBI_3001G457966	0
SORBI_3001G458000	53
SORBI_3001G458100	92.998
SORBI_3001G458200	3202.208
SORBI_3001G458300	0
SORBI_3001G458400	15
SORBI_3001G458500	0
SORBI_3001G458600	2
SORBI_3001G458700	946
SORBI_3001G458800	1716.515
SORBI_3001G458900	0
SORBI_3001G459000	0
SORBI_3001G459100	268
SORBI_3001G459200	1155
SORBI_3001G459300	0
SORBI_3001G459400	5
SORBI_3001G459500	156
SORBI_3001G459600	113
SORBI_3001G459700	0
SORBI_3001G459800	14773.186
SORBI_3001G459900	478
SORBI_3001G460100	528
SORBI_3001G460000	74.064
SORBI_3001G460150	0
SORBI_3001G460200	14
SORBI_3001G460300	67
SORBI_3001G460400	353
SORBI_3001G460500	2096.22
SORBI_3001G460600	128
SORBI_3001G460700	7
SORBI_3001G460800	1222.345
SORBI_3001G460900	245.697
SORBI_3001G461000	5938.904
SORBI_3001G461101	0
SORBI_3001G461200	36
SORBI_3001G461300	96
SORBI_3001G461400	1037
SORBI_3001G461500	2
SORBI_3001G461600	0
SORBI_3001G461700	200.137
SORBI_3001G461800	20
SORBI_3001G461900	212
SORBI_3001G462100	9
SORBI_3001G462200	266
SORBI_3001G462300	1
SORBI_3001G462401	2
SORBI_3001G462500	933.218
SORBI_3001G462600	367
SORBI_3001G462700	29
SORBI_3001G462800	1131.008
SORBI_3001G462900	124.995
SORBI_3001G463000	1876.038
SORBI_3001G463100	648
SORBI_3001G463200	13
SORBI_3001G463301	1
SORBI_3001G463400	36
SORBI_3001G463450	0
SORBI_3001G463500	37
SORBI_3001G463600	0
SORBI_3001G463800	180.66
SORBI_3001G463650	0
SORBI_3001G463700	0
SORBI_3001G463900	2
SORBI_3001G464000	2
SORBI_3001G464100	124
SORBI_3001G464200	254
SORBI_3001G464300	0
SORBI_3001G464400	39
SORBI_3001G464500	529
SORBI_3001G464600	25
SORBI_3001G464700	0
SORBI_3001G464800	31
SORBI_3001G464900	5204.758
SORBI_3001G465000	0
SORBI_3001G465100	116
SORBI_3001G465200	380
SORBI_3001G465300	280
SORBI_3001G465400	2111.539
SORBI_3001G465450	0
SORBI_3001G465500	151
SORBI_3001G465600	1
SORBI_3001G465700	213.033
SORBI_3001G465800	1083.027
SORBI_3001G465900	42
SORBI_3001G466000	9
SORBI_3001G466100	1
SORBI_3001G466200	90.999
SORBI_3001G466300	61
SORBI_3001G466400	0
SORBI_3001G466450	0
SORBI_3001G466500	26
SORBI_3001G466600	34
SORBI_3001G466700	322
SORBI_3001G466800	135
SORBI_3001G466900	324
SORBI_3001G467000	292
SORBI_3001G467100	89
SORBI_3001G467150	1
SORBI_3001G467200	252
SORBI_3001G467300	5536.533
SORBI_3001G467400	0
SORBI_3001G467500	47
SORBI_3001G467600	8
SORBI_3001G467700	1
SORBI_3001G467800	3
SORBI_3001G468000	38
SORBI_3001G468100	87
SORBI_3001G468200	55
SORBI_3001G468300	1
SORBI_3001G468400	9
SORBI_3001G468500	37
SORBI_3001G468600	962
SORBI_3001G468700	194
ENSRNA049480049	0
ENSRNA049480042	0
SORBI_3001G468900	0
SORBI_3001G469100	41
SORBI_3001G469150	0
SORBI_3001G469200	438
SORBI_3001G469300	2
SORBI_3001G469400	72
SORBI_3001G469500	142
ENSRNA049480035	0
SORBI_3001G469600	7094.51
SORBI_3001G469700	503.001
SORBI_3001G469800	449
SORBI_3001G469900	26
SORBI_3001G469933	97
SORBI_3001G469966	0
SORBI_3001G470000	31
SORBI_3001G470100	0
SORBI_3001G470200	1
SORBI_3001G470300	0
SORBI_3001G470400	0
SORBI_3001G470500	4
SORBI_3001G470600	97
SORBI_3001G470700	0
SORBI_3001G470800	87
SORBI_3001G470900	1278.215
SORBI_3001G471000	301
SORBI_3001G471050	0
SORBI_3001G471100	0
SORBI_3001G471150	0
SORBI_3001G471200	1493
SORBI_3001G471300	0
SORBI_3001G471400	1
SORBI_3001G471500	227
SORBI_3001G471600	32
SORBI_3001G471800	1
SORBI_3001G471900	266
SORBI_3001G472000	15
SORBI_3001G472050	0
SORBI_3001G472100	81
SORBI_3001G472200	0
SORBI_3001G472301	0
SORBI_3001G472400	0
SORBI_3001G472500	104.999
SORBI_3001G472600	5558.015
SORBI_3001G472666	44
SORBI_3001G472732	0
SORBI_3001G472800	1296.996
SORBI_3001G472900	0
SORBI_3001G473000	346.979
SORBI_3001G473100	1
SORBI_3001G473200	52
SORBI_3001G473300	237
SORBI_3001G473400	456.343
SORBI_3001G473500	9
SORBI_3001G473600	511.373
SORBI_3001G473700	0
SORBI_3001G473800	87
SORBI_3001G473900	149
SORBI_3001G474001	0
SORBI_3001G474100	0
ENSRNA049444892	0
SORBI_3001G474200	128
SORBI_3001G474300	0
SORBI_3001G474400	385.33
SORBI_3001G474500	366
SORBI_3001G474600	953.005
SORBI_3001G474700	406
SORBI_3001G474900	0
SORBI_3001G475000	187.26
SORBI_3001G475100	617
SORBI_3001G475200	1626.111
SORBI_3001G475300	681
SORBI_3001G475400	29
ENSRNA049444884	0
SORBI_3001G475500	182
ENSRNA049480017	1
SORBI_3001G475600	29.034
SORBI_3001G475701	2
SORBI_3001G475800	367.047
SORBI_3001G475900	288.001
SORBI_3001G475950	1
SORBI_3001G476000	9
SORBI_3001G476100	71
SORBI_3001G476201	1
SORBI_3001G476300	95
SORBI_3001G476400	4850.706
SORBI_3001G476500	0
SORBI_3001G476600	81
SORBI_3001G476700	1059.982
SORBI_3001G476800	1
SORBI_3001G476900	0
SORBI_3001G477100	10
SORBI_3001G477200	79
SORBI_3001G477300	798.764
SORBI_3001G477350	2
SORBI_3001G477400	16
SORBI_3001G477500	0
SORBI_3001G477600	149
SORBI_3001G477650	83
SORBI_3001G477700	993
SORBI_3001G477800	481
SORBI_3001G477900	190
SORBI_3001G478000	214
SORBI_3001G478100	14
SORBI_3001G478200	0
SORBI_3001G478300	639.008
SORBI_3001G478400	2948.123
SORBI_3001G478500	145
SORBI_3001G478600	72
SORBI_3001G478700	19
SORBI_3001G478800	128
SORBI_3001G478900	10
ENSRNA049480026	0
SORBI_3001G479000	0
SORBI_3001G479050	0
ENSRNA049480023	0
SORBI_3001G479100	83
SORBI_3001G479200	143.005
SORBI_3001G479300	82.462
SORBI_3001G479500	474
SORBI_3001G479600	1
SORBI_3001G479700	0
SORBI_3001G479800	297
SORBI_3001G479850	0
SORBI_3001G479900	31
SORBI_3001G480000	0
SORBI_3001G480100	75
SORBI_3001G480200	0
SORBI_3001G480400	42
SORBI_3001G480550	46
SORBI_3001G480700	2
SORBI_3001G480800	4965.111
SORBI_3001G480900	0
SORBI_3001G481000	4
SORBI_3001G481100	473
SORBI_3001G481201	13
SORBI_3001G481300	59
SORBI_3001G481400	292
SORBI_3001G481500	3
SORBI_3001G481600	40
SORBI_3001G481700	676
SORBI_3001G481800	142
SORBI_3001G481850	0
SORBI_3001G481900	4292.043
SORBI_3001G482000	1
SORBI_3001G482100	8042.232
SORBI_3001G482200	124
SORBI_3001G482300	0
SORBI_3001G482500	21
SORBI_3001G482600	4197.089
SORBI_3001G482700	2134
SORBI_3001G482800	306
SORBI_3001G482900	483
SORBI_3001G483001	2
SORBI_3001G483100	761.794
SORBI_3001G483200	1170.13
SORBI_3001G483300	35
SORBI_3001G483400	529.776
SORBI_3001G483500	0
SORBI_3001G483600	197
SORBI_3001G483800	857.705
SORBI_3001G483700	0
SORBI_3001G483900	5
SORBI_3001G484000	3
SORBI_3001G484100	13
SORBI_3001G484200	274
SORBI_3001G484300	22
SORBI_3001G484400	1127.23
SORBI_3001G484500	0
SORBI_3001G484600	0
SORBI_3001G484700	163
SORBI_3001G484800	60
SORBI_3001G484900	1
SORBI_3001G485000	5
SORBI_3001G485100	97
SORBI_3001G485200	1
SORBI_3001G485300	99
SORBI_3001G485400	16
SORBI_3001G485500	3
SORBI_3001G485600	1770.002
SORBI_3001G485700	24
SORBI_3001G485800	607.006
SORBI_3001G485901	1
SORBI_3001G486000	959
SORBI_3001G486100	206.748
SORBI_3001G486300	886.282
SORBI_3001G486500	234
SORBI_3001G486400	0
ENSRNA049444765	0
SORBI_3001G486600	10
SORBI_3001G486700	347
SORBI_3001G486800	0
SORBI_3001G486900	89
SORBI_3001G487000	5
SORBI_3001G487100	255
SORBI_3001G487200	41
SORBI_3001G487250	0
SORBI_3001G487300	0
SORBI_3001G487400	1
SORBI_3001G487500	0
SORBI_3001G487600	3
SORBI_3001G487800	0
SORBI_3001G487900	1.024
SORBI_3001G488000	14
SORBI_3001G488100	392.274
SORBI_3001G488200	164
SORBI_3001G488300	0
SORBI_3001G488400	0
SORBI_3001G488500	3771.174
SORBI_3001G488600	274
SORBI_3001G488700	675.293
SORBI_3001G488800	0
SORBI_3001G488900	10
SORBI_3001G488950	0
SORBI_3001G489000	8
SORBI_3001G489075	0
SORBI_3001G489150	23.356
SORBI_3001G489225	0
SORBI_3001G489300	962.845
SORBI_3001G489400	460.155
SORBI_3001G489500	379
SORBI_3001G489550	1
SORBI_3001G489600	8891.08
SORBI_3001G489700	212.275
SORBI_3001G489800	23
SORBI_3001G489900	127
SORBI_3001G490000	6
SORBI_3001G490100	0
SORBI_3001G490200	2
ENSRNA049444774	0
SORBI_3001G490350	0
SORBI_3001G490500	231
SORBI_3001G490600	8
SORBI_3001G490800	3
SORBI_3001G490700	2
SORBI_3001G490900	162
SORBI_3001G490950	5
SORBI_3001G491000	1274.088
SORBI_3001G491100	101.958
SORBI_3001G491200	112.63
SORBI_3001G491300	1
SORBI_3001G491400	0
SORBI_3001G491500	15
SORBI_3001G491600	0
SORBI_3001G491700	107
SORBI_3001G491800	102
SORBI_3001G491900	157
SORBI_3001G492000	7
SORBI_3001G492100	0
SORBI_3001G492200	82
SORBI_3001G492300	1632.172
SORBI_3001G492400	0
SORBI_3001G492600	16
SORBI_3001G492700	0
SORBI_3001G492800	272
SORBI_3001G492900	78.001
SORBI_3001G493001	330.065
SORBI_3001G493100	0
SORBI_3001G493200	528.002
SORBI_3001G493300	0
SORBI_3001G493400	302
SORBI_3001G493500	14
SORBI_3001G493600	0
SORBI_3001G493700	1416
SORBI_3001G493800	5
SORBI_3001G493900	74
SORBI_3001G494000	250
SORBI_3001G494100	27
SORBI_3001G494150	12
SORBI_3001G494200	61
SORBI_3001G494300	56
SORBI_3001G494350	0
ENSRNA049996972	0
SORBI_3001G494400	0
SORBI_3001G494500	98
SORBI_3001G494600	0
SORBI_3001G494650	0
SORBI_3001G494700	0
SORBI_3001G494800	0
SORBI_3001G494900	0
SORBI_3001G494950	2
SORBI_3001G495000	272.941
SORBI_3001G495100	0
SORBI_3001G495116	1
SORBI_3001G495132	5
SORBI_3001G495148	1
SORBI_3001G495164	3
SORBI_3001G495180	3
SORBI_3001G495200	574.178
SORBI_3001G495300	376.803
SORBI_3001G495400	32.178
SORBI_3001G495500	0
SORBI_3001G495550	5
SORBI_3001G495600	106
SORBI_3001G495700	0
SORBI_3001G495850	2
SORBI_3001G496000	1
SORBI_3001G496100	0
ENSRNA049996965	0
SORBI_3001G496200	6
SORBI_3001G496300	770.194
SORBI_3001G496400	1
SORBI_3001G496500	209
SORBI_3001G496600	135
SORBI_3001G496700	31
SORBI_3001G496800	306.833
SORBI_3001G496900	62
SORBI_3001G497000	303
SORBI_3001G497100	2
SORBI_3001G497200	573
SORBI_3001G497300	1370.996
SORBI_3001G497400	0
SORBI_3001G497500	25
SORBI_3001G497600	26
SORBI_3001G497700	1
SORBI_3001G497750	0
SORBI_3001G497800	0
SORBI_3001G497900	131
SORBI_3001G498000	827.97
SORBI_3001G498033	1
SORBI_3001G498066	2
SORBI_3001G498100	2
SORBI_3001G498200	13063.472
ENSRNA049444878	0
SORBI_3001G498300	7
SORBI_3001G498400	1131.992
SORBI_3001G498500	729.029
SORBI_3001G498600	686.279
SORBI_3001G498700	8
SORBI_3001G498800	28
SORBI_3001G498900	0
SORBI_3001G499000	164
SORBI_3001G499100	91
SORBI_3001G499200	95.002
SORBI_3001G499300	129
SORBI_3001G499350	0
SORBI_3001G499400	0
SORBI_3001G499500	377
SORBI_3001G499600	167
SORBI_3001G499701	0
SORBI_3001G499800	0
SORBI_3001G499900	1
SORBI_3001G500000	27
SORBI_3001G500100	1
SORBI_3001G500200	10
SORBI_3001G500300	357
SORBI_3001G500400	7
SORBI_3001G500500	46
SORBI_3001G500600	126
SORBI_3001G500700	21
SORBI_3001G500800	463
SORBI_3001G500900	0
SORBI_3001G501000	180
SORBI_3001G501100	676
SORBI_3001G501200	563.498
SORBI_3001G501300	1924.894
SORBI_3001G501400	613.081
SORBI_3001G501500	1
SORBI_3001G501600	31
SORBI_3001G501701	1
SORBI_3001G501800	295
SORBI_3001G501900	485
SORBI_3001G502000	1
SORBI_3001G502100	0
SORBI_3001G502200	699.022
SORBI_3001G502300	0
SORBI_3001G502400	22
SORBI_3001G502450	0
SORBI_3001G502500	1
SORBI_3001G502600	127
SORBI_3001G502700	443
SORBI_3001G502801	0
SORBI_3001G502900	2507.646
SORBI_3001G503000	1
SORBI_3001G503100	14.075
SORBI_3001G503200	127
SORBI_3001G503300	1804.573
SORBI_3001G503400	65
SORBI_3001G503500	545
SORBI_3001G503600	1
SORBI_3001G503700	0
SORBI_3001G503801	29
SORBI_3001G503900	762
SORBI_3001G504000	9626.429
SORBI_3001G504100	7
ENSRNA049444810	0
SORBI_3001G504200	773
SORBI_3001G504300	1
SORBI_3001G504400	78
SORBI_3001G504500	8
SORBI_3001G504600	0
SORBI_3001G504700	10
SORBI_3001G504800	0
SORBI_3001G504900	280.534
SORBI_3001G505000	63
SORBI_3001G505033	0
SORBI_3001G505066	1.022
SORBI_3001G505100	1034
SORBI_3001G505200	192
SORBI_3001G505300	23
SORBI_3001G505400	0
SORBI_3001G505500	158
SORBI_3001G505600	95
SORBI_3001G505700	0
SORBI_3001G505800	0
SORBI_3001G505900	0
SORBI_3001G506000	185.218
SORBI_3001G506033	5
SORBI_3001G506066	47
SORBI_3001G506100	0
SORBI_3001G506200	0
SORBI_3001G506300	442
SORBI_3001G506400	7
SORBI_3001G506500	0
SORBI_3001G506600	0
SORBI_3001G506700	0
SORBI_3001G506750	0
SORBI_3001G506800	0
SORBI_3001G506900	0
SORBI_3001G507000	18
SORBI_3001G507100	0
SORBI_3001G507200	997.326
SORBI_3001G507300	3001.106
SORBI_3001G507400	429
SORBI_3001G507500	43.114
SORBI_3001G507550	0
SORBI_3001G507600	84
SORBI_3001G507700	0
SORBI_3001G507800	0
SORBI_3001G507900	221
SORBI_3001G507933	0
SORBI_3001G507966	0
SORBI_3001G508000	0
SORBI_3001G508100	999.222
SORBI_3001G508200	1013
SORBI_3001G508300	0
SORBI_3001G508400	12
SORBI_3001G508466	86
SORBI_3001G508532	5
SORBI_3001G508600	21
SORBI_3001G508700	23
SORBI_3001G508800	99
SORBI_3001G508900	706
SORBI_3001G509000	0
SORBI_3001G509100	19
SORBI_3001G509200	2155.965
SORBI_3001G509300	780
SORBI_3001G509400	0
SORBI_3001G509450	0
ENSRNA049480036	0
SORBI_3001G509500	1009.454
SORBI_3001G509600	20
SORBI_3001G509700	26
SORBI_3001G509800	27
SORBI_3001G509901	0
SORBI_3001G510000	0
SORBI_3001G510100	0
SORBI_3001G510200	0
SORBI_3001G510300	104
SORBI_3001G510400	273
SORBI_3001G510500	0
SORBI_3001G510600	184
SORBI_3001G510650	0
SORBI_3001G510700	2932.001
SORBI_3001G510800	1457.061
ENSRNA049444870	0
SORBI_3001G511000	155
SORBI_3001G511100	0
SORBI_3001G511200	3
SORBI_3001G511300	95
SORBI_3001G511400	0
SORBI_3001G511500	459
SORBI_3001G511600	0
SORBI_3001G511800	0
SORBI_3001G511900	155
SORBI_3001G512000	82
SORBI_3001G512100	9
SORBI_3001G512200	56
SORBI_3001G512300	545.999
SORBI_3001G512400	265
SORBI_3001G512500	145
SORBI_3001G512600	1319.035
SORBI_3001G512633	0
SORBI_3001G512666	0
SORBI_3001G512700	338.671
SORBI_3001G512800	2216.001
SORBI_3001G512900	136
SORBI_3001G513000	87
SORBI_3001G513100	0
SORBI_3001G513200	12
SORBI_3001G513300	91
SORBI_3001G513400	0
SORBI_3001G513500	1253.85
SORBI_3001G513600	581
SORBI_3001G513650	4
SORBI_3001G513700	178
SORBI_3001G513800	143
SORBI_3001G513900	0
ENSRNA049996959	0
SORBI_3001G513950	0
SORBI_3001G514000	112
SORBI_3001G514100	121
SORBI_3001G514200	22
SORBI_3001G514300	0
SORBI_3001G514400	1
SORBI_3001G514500	21.004
SORBI_3001G514700	11
SORBI_3001G514800	214
SORBI_3001G514900	19
SORBI_3001G515000	92
SORBI_3001G515100	458
SORBI_3001G515200	6
SORBI_3001G515300	0
SORBI_3001G515350	0
SORBI_3001G515400	1
SORBI_3001G515500	254.09
SORBI_3001G515600	169
SORBI_3001G515700	0
SORBI_3001G515750	0
SORBI_3001G515800	23
SORBI_3001G515900	0
SORBI_3001G516000	18
SORBI_3001G516100	4112.577
SORBI_3001G516200	2
SORBI_3001G516400	0
SORBI_3001G516500	113
SORBI_3001G516600	1520
SORBI_3001G516800	42
SORBI_3001G516901	119
SORBI_3001G517000	0
SORBI_3001G517100	440.053
SORBI_3001G517200	45
SORBI_3001G517400	0
SORBI_3001G517500	1308.945
SORBI_3001G517600	2752.832
SORBI_3001G517700	1806
SORBI_3001G517800	993.14
SORBI_3001G517900	109
SORBI_3001G518000	20
ENSRNA049480044	0
SORBI_3001G518050	0
SORBI_3001G518100	175
SORBI_3001G518200	35
SORBI_3001G518300	13
SORBI_3001G518400	1031.012
SORBI_3001G518500	507
SORBI_3001G518600	414
SORBI_3001G518700	19
SORBI_3001G518800	44
SORBI_3001G518900	0
SORBI_3001G519000	289
SORBI_3001G519100	0
SORBI_3001G519200	1
SORBI_3001G519300	0
SORBI_3001G519400	0
SORBI_3001G519500	0
SORBI_3001G519600	0
SORBI_3001G519700	2
ENSRNA049996950	0
SORBI_3001G519800	880
SORBI_3001G519900	775.001
SORBI_3001G520000	36
SORBI_3001G520050	29
SORBI_3001G520100	959.361
SORBI_3001G520200	128.639
SORBI_3001G520300	1233.311
SORBI_3001G520400	0
SORBI_3001G520500	52
SORBI_3001G520600	0
SORBI_3001G520700	35
SORBI_3001G520800	1
SORBI_3001G520900	606
SORBI_3001G521001	0
SORBI_3001G521100	25
SORBI_3001G521200	20
SORBI_3001G521300	4
SORBI_3001G521400	0
SORBI_3001G521500	11950.054
SORBI_3001G521600	4.975
SORBI_3001G521700	24.623
SORBI_3001G521750	14.377
SORBI_3001G521800	0
SORBI_3001G521850	22
SORBI_3001G521900	75
SORBI_3001G522000	1999.829
SORBI_3001G522050	0
SORBI_3001G522100	385
SORBI_3001G522200	0
SORBI_3001G522300	5
SORBI_3001G522400	474
SORBI_3001G522500	2
SORBI_3001G522600	215
SORBI_3001G522700	1
SORBI_3001G522800	0
SORBI_3001G522900	51
SORBI_3001G523000	27
SORBI_3001G523050	0
SORBI_3001G523100	168
SORBI_3001G523150	0
SORBI_3001G523200	1406.983
SORBI_3001G523300	499.002
SORBI_3001G523400	0
SORBI_3001G523500	0
SORBI_3001G523700	117
SORBI_3001G523800	264
SORBI_3001G523866	33
SORBI_3001G523932	0
SORBI_3001G524000	1803
SORBI_3001G524100	63
SORBI_3001G524150	2
SORBI_3001G524200	614
SORBI_3001G524300	137
SORBI_3001G524400	1384.703
SORBI_3001G524500	120.96
SORBI_3001G524600	2.04
SORBI_3001G524750	0
ENSRNA049480064	0
ENSRNA049480032	0
SORBI_3001G524900	154
SORBI_3001G525000	21
SORBI_3001G525101	0
SORBI_3001G525200	1
SORBI_3001G525300	1
SORBI_3001G525400	1833
SORBI_3001G525500	163
SORBI_3001G525600	5
SORBI_3001G525900	389.028
SORBI_3001G526000	211
SORBI_3001G526050	0
SORBI_3001G526100	877
SORBI_3001G526200	615
SORBI_3001G526300	174
SORBI_3001G526500	0
SORBI_3001G526600	577
SORBI_3001G526800	270
SORBI_3001G526900	71
SORBI_3001G527000	65
SORBI_3001G527100	57
SORBI_3001G527200	1
ENSRNA049480024	0
SORBI_3001G527300	454
SORBI_3001G527400	0
SORBI_3001G527500	0
SORBI_3001G527550	0
SORBI_3001G527600	13
SORBI_3001G527700	77.007
SORBI_3001G527800	1110.938
SORBI_3001G527900	74.182
SORBI_3001G528000	0
SORBI_3001G528100	9
SORBI_3001G528200	14
SORBI_3001G528300	11
SORBI_3001G528350	12
SORBI_3001G528400	49
SORBI_3001G528500	24
SORBI_3001G528600	50
SORBI_3001G528700	0
SORBI_3001G528800	46
SORBI_3001G528900	2
SORBI_3001G529000	150
SORBI_3001G529100	0
SORBI_3001G529200	0
SORBI_3001G529301	0
SORBI_3001G529400	41.893
SORBI_3001G529500	5
SORBI_3001G529600	3358.372
SORBI_3001G529700	92
SORBI_3001G529800	0
SORBI_3001G529900	117
SORBI_3001G530000	524.163
SORBI_3001G530100	720
SORBI_3001G530201	0
ENSRNA049480037	0
SORBI_3001G530300	0
SORBI_3001G530350	109
SORBI_3001G530400	0
SORBI_3001G530500	2143.319
SORBI_3001G530600	264
SORBI_3001G530650	0
SORBI_3001G530700	2
SORBI_3001G530800	736
SORBI_3001G530900	299
SORBI_3001G531000	0
SORBI_3001G531100	4.001
SORBI_3001G531200	100
SORBI_3001G531300	1
SORBI_3001G531400	75
SORBI_3001G531500	9
SORBI_3001G531600	0
SORBI_3001G531700	16
SORBI_3001G531800	26
SORBI_3001G531900	576.008
SORBI_3001G532000	21
SORBI_3001G532100	660.992
SORBI_3001G532200	8300.976
SORBI_3001G532300	667.999
SORBI_3001G532400	398
SORBI_3001G532501	0
SORBI_3001G532600	75.999
SORBI_3001G532700	239
SORBI_3001G532800	79
SORBI_3001G532900	51.243
SORBI_3001G533000	52
SORBI_3001G533100	350.491
SORBI_3001G533200	0
SORBI_3001G533300	268
SORBI_3001G533400	1167
SORBI_3001G533500	358.998
SORBI_3001G533600	4
SORBI_3001G533700	1427.994
SORBI_3001G533800	76
SORBI_3001G533900	153
SORBI_3001G534000	5
SORBI_3001G534066	80
SORBI_3001G534132	0
SORBI_3001G534200	0
ENSRNA049996939	0
SORBI_3001G534300	14
SORBI_3001G534400	4
SORBI_3001G534466	1
SORBI_3001G534532	0
SORBI_3001G534600	290
SORBI_3001G534700	2714.002
SORBI_3001G534800	1915.04
SORBI_3001G534900	5
SORBI_3001G535000	23
SORBI_3001G535100	199
SORBI_3001G535200	8
SORBI_3001G535300	0
SORBI_3001G535600	0
SORBI_3001G535400	145
SORBI_3001G535500	374.243
SORBI_3001G535601	0
SORBI_3001G535700	25
SORBI_3001G535800	396.961
SORBI_3001G535850	5
SORBI_3001G535900	0
SORBI_3001G536000	586
SORBI_3001G536100	758
SORBI_3001G536200	13
SORBI_3001G536300	1
SORBI_3001G536400	589.484
ENSRNA049480030	0
SORBI_3001G536500	376
SORBI_3001G536600	1
SORBI_3001G536700	73
SORBI_3001G536800	9
SORBI_3001G536901	8.376
SORBI_3001G537001	79.704
SORBI_3001G537100	86
SORBI_3001G537200	575
SORBI_3001G537300	821.07
SORBI_3001G537400	7
SORBI_3001G537500	458
SORBI_3001G537600	3
SORBI_3001G537700	110
SORBI_3001G537800	292
SORBI_3001G537900	44
SORBI_3001G538000	0
SORBI_3001G538100	79
SORBI_3001G538200	0
SORBI_3001G538275	0
SORBI_3001G538350	0
SORBI_3001G538425	0
SORBI_3001G538500	106
SORBI_3001G538600	105
SORBI_3001G538700	127
SORBI_3001G538800	459.886
SORBI_3001G538866	395.201
SORBI_3001G538932	0
SORBI_3001G539016	1178.052
SORBI_3001G539100	0
SORBI_3001G539200	10.248
SORBI_3001G539300	2
SORBI_3001G539400	27.999
SORBI_3001G539500	172
SORBI_3001G539600	0
SORBI_3001G539700	0
SORBI_3001G539760	0
SORBI_3001G539820	0
SORBI_3001G539880	0
SORBI_3001G539940	0
SORBI_3001G540000	0
SORBI_3001G540100	178
SORBI_3001G540200	2
SORBI_3001G540250	2
SORBI_3001G540300	25
SORBI_3001G540400	1255
SORBI_3001G540600	83
SORBI_3001G540700	15
SORBI_3001G540800	54
SORBI_3001G540900	104
SORBI_3001G541000	35
SORBI_3001G541100	4014.863
SORBI_3001G541166	8
SORBI_3001G541232	1
SORBI_3001G541300	7
SORBI_3001G541400	132
SORBI_3001G541500	170
ENSRNA049471702	0
ENSRNA049471705	1
ENSRNA049471714	0
SORBI_3001G541601	0
ENSRNA049444859	0
SORBI_3001G541700	4
SORBI_3001G541800	504
SORBI_3001G541900	0
SORBI_3001G542000	0
SORBI_3001G542100	0
SORBI_3001G542150	59.001
SORBI_3001G542200	0
SORBI_3001G542300	1134
SORBI_3001G542400	1621.825
SORBI_3001G542450	589
SORBI_3001G542500	2365.174
SORBI_3001G542600	53
SORBI_3001G542700	985.197
SORBI_3001G542800	207
SORBI_3001G542900	222
SORBI_3001G543000	36
SORBI_3001G543100	15
SORBI_3001G543200	73
SORBI_3001G543300	561.801
SORBI_3001G543400	47
SORBI_3001G543500	27
SORBI_3001G543600	0
SORBI_3001G543700	290.962
SORBI_3001G543800	424.038
SORBI_3001G543900	620
SORBI_3001G544000	0
SORBI_3001G544100	104
SORBI_3001G544200	523.999
SORBI_3001G544300	649
ENSRNA049996930	0
SORBI_3001G544400	0
SORBI_3001G544500	128
SORBI_3001G544600	8
SORBI_3010G000100	234.824
SORBI_3010G000200	13.176
SORBI_3010G000300	276
SORBI_3010G000401	2
SORBI_3010G000500	244
SORBI_3010G000600	3087.499
SORBI_3010G000700	116
SORBI_3010G000800	440
SORBI_3010G000900	182
SORBI_3010G001000	17
SORBI_3010G001100	1229
SORBI_3010G001200	0
SORBI_3010G001300	5
SORBI_3010G001400	0
SORBI_3010G001500	382
SORBI_3010G001600	595
SORBI_3010G001700	8
SORBI_3010G001800	217.629
SORBI_3010G001900	178
SORBI_3010G002000	127
SORBI_3010G002100	1287
SORBI_3010G002201	0
SORBI_3010G002301	0
SORBI_3010G002400	168.159
SORBI_3010G002500	810.888
SORBI_3010G002600	381.112
SORBI_3010G002700	217
SORBI_3010G002800	62
SORBI_3010G002850	0
SORBI_3010G002900	0
SORBI_3010G003000	0
SORBI_3010G003100	6
SORBI_3010G003200	8
SORBI_3010G003300	113
SORBI_3010G003400	526.942
SORBI_3010G003600	0
SORBI_3010G003700	1
ENSRNA049480402	0
ENSRNA049480389	0
SORBI_3010G003800	0
SORBI_3010G003900	120
SORBI_3010G004001	28
SORBI_3010G004100	1482.157
SORBI_3010G004200	60
SORBI_3010G004300	560
SORBI_3010G004400	43
SORBI_3010G004500	0
SORBI_3010G004600	15.786
SORBI_3010G004701	86
SORBI_3010G004800	19
SORBI_3010G004900	41.344
SORBI_3010G005000	91
SORBI_3010G005100	6
SORBI_3010G005200	29
SORBI_3010G005300	2579.603
SORBI_3010G005401	41
SORBI_3010G005500	1367.88
SORBI_3010G005600	507.08
SORBI_3010G005700	141
SORBI_3010G005900	0
SORBI_3010G006000	0
SORBI_3010G006100	0
SORBI_3010G006200	0
SORBI_3010G006300	23
SORBI_3010G006350	14
SORBI_3010G006400	13
SORBI_3010G006700	245.701
SORBI_3010G006800	63.22
SORBI_3010G006900	0
SORBI_3010G007000	0
SORBI_3010G007100	257
SORBI_3010G007200	65.1
SORBI_3010G007300	589.879
SORBI_3010G007400	470
SORBI_3010G007500	105
SORBI_3010G007600	1
SORBI_3010G007700	88
SORBI_3010G007800	0
SORBI_3010G007900	12
SORBI_3010G008000	0
ENSRNA049443288	0
SORBI_3010G008100	624
SORBI_3010G008200	0
SORBI_3010G008300	0
SORBI_3010G008400	145
SORBI_3010G008433	0
SORBI_3010G008466	0
SORBI_3010G008500	0
SORBI_3010G008600	5004.905
SORBI_3010G008700	131
SORBI_3010G008800	270
SORBI_3010G008900	2
SORBI_3010G009100	0
SORBI_3010G009200	188.999
SORBI_3010G009300	2843
SORBI_3010G009250	0
SORBI_3010G009400	1170
SORBI_3010G009466	39
SORBI_3010G009532	0
SORBI_3010G009600	54
SORBI_3010G009700	5
SORBI_3010G009800	93
SORBI_3010G009900	0
SORBI_3010G010000	0
SORBI_3010G010100	1
SORBI_3010G010201	0
SORBI_3010G010300	0
SORBI_3010G010400	0
SORBI_3010G010500	0
SORBI_3010G010600	0
SORBI_3010G010700	1066
SORBI_3010G010900	153
SORBI_3010G011001	0
SORBI_3010G011100	0
SORBI_3010G011000	12.001
SORBI_3010G011200	2622.274
ENSRNA049443269	0
SORBI_3010G011300	0
SORBI_3010G011500	0
SORBI_3010G011700	52
SORBI_3010G011800	0
SORBI_3010G011900	13
SORBI_3010G012001	15
SORBI_3010G012100	98
SORBI_3010G012200	25.272
SORBI_3010G012300	267.728
SORBI_3010G012400	0
SORBI_3010G012500	370.701
SORBI_3010G012600	290
SORBI_3010G012700	0
SORBI_3010G012800	1097
SORBI_3010G012900	132
SORBI_3010G013000	28
SORBI_3010G013100	5
SORBI_3010G013200	6799.912
SORBI_3010G013300	615
SORBI_3010G013400	11
SORBI_3010G013500	29
SORBI_3010G013600	0
SORBI_3010G013700	4
SORBI_3010G013800	522
SORBI_3010G013900	192
SORBI_3010G014100	709
SORBI_3010G014200	0
SORBI_3010G014300	0
SORBI_3010G014400	0
SORBI_3010G014500	0
SORBI_3010G014600	0
SORBI_3010G014700	0
SORBI_3010G014800	0
SORBI_3010G014850	0
SORBI_3010G014900	0
SORBI_3010G015000	13.345
SORBI_3010G015100	0
SORBI_3010G015200	597
SORBI_3010G015300	1
SORBI_3010G015400	72.021
SORBI_3010G015500	307.979
SORBI_3010G015700	46
SORBI_3010G015800	91
SORBI_3010G015900	1017.937
SORBI_3010G016000	21
SORBI_3010G016100	0
SORBI_3010G016200	0
SORBI_3010G016250	0
SORBI_3010G016300	306
SORBI_3010G016400	771
SORBI_3010G016500	320.039
SORBI_3010G016600	428
SORBI_3010G016800	1.563
SORBI_3010G016850	3.437
SORBI_3010G016900	184
SORBI_3010G017000	508
SORBI_3010G017100	135
SORBI_3010G017200	0
SORBI_3010G017300	101
SORBI_3010G017400	4
SORBI_3010G017501	0
SORBI_3010G017600	0
SORBI_3010G017700	0
SORBI_3010G017800	1265
SORBI_3010G017900	410.071
SORBI_3010G018000	139
SORBI_3010G018100	160.001
SORBI_3010G018200	0
SORBI_3010G018300	1
SORBI_3010G018400	474
SORBI_3010G018500	11
SORBI_3010G018600	223
SORBI_3010G018700	144
SORBI_3010G018800	108
SORBI_3010G018900	129.012
SORBI_3010G019000	7623.52
SORBI_3010G019100	71
SORBI_3010G019200	0
ENSRNA049996919	0
SORBI_3010G019300	103
SORBI_3010G019400	136
SORBI_3010G019500	40
SORBI_3010G019600	14
SORBI_3010G019700	1
SORBI_3010G019800	63
SORBI_3010G019900	422
SORBI_3010G020000	0
SORBI_3010G020100	7.55
SORBI_3010G020200	3
SORBI_3010G020300	268.505
SORBI_3010G020400	1633
SORBI_3010G020600	2
SORBI_3010G020700	6
SORBI_3010G020800	2075.326
SORBI_3010G020900	27
SORBI_3010G021000	69
SORBI_3010G021100	60
SORBI_3010G021200	170
SORBI_3010G021300	40
SORBI_3010G021401	4
SORBI_3010G021500	245
SORBI_3010G021600	0
SORBI_3010G021700	0
SORBI_3010G021800	964.641
SORBI_3010G021900	15
SORBI_3010G022000	6
SORBI_3010G022100	34
SORBI_3010G022200	367
SORBI_3010G022300	576
SORBI_3010G022350	0
SORBI_3010G022400	593.756
ENSRNA049480365	0
SORBI_3010G022500	0
SORBI_3010G022600	0
SORBI_3010G022700	0
SORBI_3010G022800	0
SORBI_3010G022850	0
SORBI_3010G022900	0
SORBI_3010G023000	0
SORBI_3010G023066	0
SORBI_3010G023132	0
SORBI_3010G023200	688.742
SORBI_3010G023300	1647.744
SORBI_3010G023400	78
SORBI_3010G023500	0
SORBI_3010G023600	0
SORBI_3010G023650	0
SORBI_3010G023700	2395.345
SORBI_3010G023800	1114
SORBI_3010G023900	565
SORBI_3010G024000	4
SORBI_3010G024100	66
SORBI_3010G024200	0
SORBI_3010G024300	154
SORBI_3010G024400	0
SORBI_3010G024500	34
SORBI_3010G024600	259
SORBI_3010G024700	0
SORBI_3010G024800	0
SORBI_3010G024900	0
SORBI_3010G025000	14
SORBI_3010G025100	4
SORBI_3010G025200	0
SORBI_3010G025300	1332.969
SORBI_3010G025600	0
SORBI_3010G025850	1646.977
SORBI_3010G026100	136
SORBI_3010G026200	34
SORBI_3010G026300	674
SORBI_3010G026400	425
SORBI_3010G026500	7
SORBI_3010G026600	94
SORBI_3010G026700	99
SORBI_3010G026775	11
SORBI_3010G026850	0
SORBI_3010G026925	4253.162
SORBI_3010G027000	5644.277
SORBI_3010G027100	18
SORBI_3010G027200	214
SORBI_3010G027300	6
SORBI_3010G027400	4
SORBI_3010G027500	201
SORBI_3010G027600	92
SORBI_3010G027700	0
SORBI_3010G027800	311.212
SORBI_3010G027900	15
SORBI_3010G028000	49
SORBI_3010G028100	2.034
SORBI_3010G028200	113.966
SORBI_3010G028300	198
SORBI_3010G028333	0
SORBI_3010G028366	0
SORBI_3010G028400	84
SORBI_3010G028501	177
SORBI_3010G028600	44
SORBI_3010G028700	15
SORBI_3010G028800	251
SORBI_3010G028900	0
SORBI_3010G028950	17
SORBI_3010G029000	70
SORBI_3010G029100	144
SORBI_3010G029200	0
SORBI_3010G029300	5
SORBI_3010G029400	861.724
SORBI_3010G029450	0
SORBI_3010G029500	0
SORBI_3010G029600	0
SORBI_3010G029700	22
SORBI_3010G029800	0
SORBI_3010G029900	195
SORBI_3010G030000	9
SORBI_3010G030100	0
SORBI_3010G030200	4
SORBI_3010G030300	818.317
SORBI_3010G030401	8
SORBI_3010G030500	0
SORBI_3010G030600	0
SORBI_3010G030700	283
SORBI_3010G030800	3
SORBI_3010G030900	259
SORBI_3010G031000	105
SORBI_3010G031100	10
SORBI_3010G031300	577
SORBI_3010G031400	0
SORBI_3010G031500	122
SORBI_3010G031600	0
SORBI_3010G031700	0
SORBI_3010G031800	0
SORBI_3010G031900	2
SORBI_3010G032000	13
SORBI_3010G032100	0
SORBI_3010G032200	0
SORBI_3010G032300	51.616
SORBI_3010G032400	202
SORBI_3010G032500	2
SORBI_3010G032600	255
SORBI_3010G032700	208
SORBI_3010G032800	20
SORBI_3010G032900	526
SORBI_3010G033000	50
SORBI_3010G033100	4
SORBI_3010G033300	462
SORBI_3010G033400	638.005
SORBI_3010G033500	0
SORBI_3010G033600	132
SORBI_3010G033700	82.714
SORBI_3010G033750	0
SORBI_3010G033800	8
SORBI_3010G033900	0
SORBI_3010G034000	144
ENSRNA049442647	0
ENSRNA049442663	0
SORBI_3010G034100	180.001
SORBI_3010G034200	0
SORBI_3010G034300	0
SORBI_3010G034400	0
SORBI_3010G034500	45
SORBI_3010G034600	0
SORBI_3010G034700	0
SORBI_3010G034800	3
SORBI_3010G034900	0
SORBI_3010G035000	0
SORBI_3010G035100	8
SORBI_3010G035200	56
SORBI_3010G035300	8
SORBI_3010G035400	109
SORBI_3010G035500	147
SORBI_3010G035600	0
SORBI_3010G035700	0
SORBI_3010G035801	14
SORBI_3010G035900	7
ENSRNA049480382	0
SORBI_3010G036000	206.414
SORBI_3010G036100	0
SORBI_3010G036200	1
SORBI_3010G036301	4
SORBI_3010G036400	0
SORBI_3010G036500	3
SORBI_3010G036601	0
SORBI_3010G036700	2
SORBI_3010G036750	0
SORBI_3010G036800	2
SORBI_3010G036901	3
SORBI_3010G037000	0
SORBI_3010G037101	0
SORBI_3010G037200	5
SORBI_3010G037300	402
SORBI_3010G037400	187
SORBI_3010G037500	1
SORBI_3010G037600	1
SORBI_3010G037701	0
SORBI_3010G037800	24
SORBI_3010G037901	0
SORBI_3010G038000	0
SORBI_3010G038100	45
SORBI_3010G038200	0
SORBI_3010G038300	0
SORBI_3010G038400	0
SORBI_3010G038600	79
SORBI_3010G038500	0
SORBI_3010G038700	88
SORBI_3010G038800	1650
SORBI_3010G038900	18
SORBI_3010G039000	90
SORBI_3010G039100	374
SORBI_3010G039150	0
ENSRNA049480359	0
SORBI_3010G039200	323.002
ENSRNA049480377	1
SORBI_3010G039300	394
SORBI_3010G039401	0
SORBI_3010G039500	72
ENSRNA049996915	0
SORBI_3010G039600	0
SORBI_3010G039700	54
SORBI_3010G039800	138
SORBI_3010G039900	33
SORBI_3010G040000	0
SORBI_3010G040100	245
SORBI_3010G040200	11.002
SORBI_3010G040300	0
SORBI_3010G040400	0
SORBI_3010G040500	0
SORBI_3010G040600	11
SORBI_3010G040700	0
SORBI_3010G040800	205
SORBI_3010G040900	107
SORBI_3010G041000	108
ENSRNA049480375	0
SORBI_3010G041100	14
SORBI_3010G041201	21.998
ENSRNA049480363	1
ENSRNA049480378	0
SORBI_3010G041301	0
SORBI_3010G041400	1313.509
SORBI_3010G041500	62
SORBI_3010G041600	3743.666
SORBI_3010G041700	2406.682
SORBI_3010G041800	36
SORBI_3010G041900	3
SORBI_3010G042000	102
SORBI_3010G042100	2212
SORBI_3010G042200	86
SORBI_3010G042300	6
SORBI_3010G042400	15
SORBI_3010G042500	5
SORBI_3010G042600	230
SORBI_3010G042700	87
SORBI_3010G042800	797.442
SORBI_3010G042900	343
SORBI_3010G043000	279.749
SORBI_3010G043100	93
SORBI_3010G043200	691.915
SORBI_3010G043250	0
SORBI_3010G043300	0
SORBI_3010G043350	0
SORBI_3010G043400	609
SORBI_3010G043500	0
SORBI_3010G043600	1282.743
SORBI_3010G043700	2
SORBI_3010G043800	57
SORBI_3010G043900	2
SORBI_3010G044001	0
SORBI_3010G044100	0
SORBI_3010G044200	335
SORBI_3010G044300	0
SORBI_3010G044400	0
SORBI_3010G044500	91
SORBI_3010G044600	0
SORBI_3010G044700	21
SORBI_3010G044800	116
SORBI_3010G044900	145
SORBI_3010G045000	0
SORBI_3010G045100	0
SORBI_3010G045200	26
SORBI_3010G045300	1
SORBI_3010G045400	212.892
SORBI_3010G045500	0
SORBI_3010G045600	297
SORBI_3010G045700	29
SORBI_3010G045833	53
SORBI_3010G045966	235
SORBI_3010G046100	0
SORBI_3010G046200	1
SORBI_3010G046300	142
SORBI_3010G046400	28
SORBI_3010G046500	205
SORBI_3010G046601	0
SORBI_3010G046700	4700.413
SORBI_3010G046801	0
SORBI_3010G046900	2
SORBI_3010G047000	282.357
SORBI_3010G047100	277.274
SORBI_3010G047200	5.718
SORBI_3010G047300	3
SORBI_3010G047400	398.395
SORBI_3010G047500	0
SORBI_3010G047600	0
SORBI_3010G047700	845.998
SORBI_3010G047800	1
SORBI_3010G047900	0
SORBI_3010G048000	0
SORBI_3010G048200	0
SORBI_3010G048300	0
SORBI_3010G048350	0
SORBI_3010G048400	0
SORBI_3010G048500	0
SORBI_3010G048600	0
SORBI_3010G048700	1
SORBI_3010G048800	0
SORBI_3010G048900	12
SORBI_3010G048933	0
SORBI_3010G048966	0
SORBI_3010G049000	274
SORBI_3010G049100	2098
SORBI_3010G049200	0
SORBI_3010G049300	30
SORBI_3010G049400	0
SORBI_3010G049500	0
SORBI_3010G049600	0
ENSRNA049443258	0
SORBI_3010G049700	0
SORBI_3010G049800	0
SORBI_3010G049900	0
SORBI_3010G050000	0
SORBI_3010G050100	0
ENSRNA049442678	0
SORBI_3010G050200	81
SORBI_3010G050300	9
SORBI_3010G050400	176
SORBI_3010G050500	13
SORBI_3010G050600	1
SORBI_3010G050700	170
SORBI_3010G050750	280.14
SORBI_3010G050800	259
SORBI_3010G050900	1261.999
SORBI_3010G051000	0
SORBI_3010G051100	99
ENSRNA049480373	0
SORBI_3010G051200	243
SORBI_3010G051300	321
SORBI_3010G051400	283
SORBI_3010G051500	452
SORBI_3010G051600	1
SORBI_3010G051700	677.667
SORBI_3010G051800	7
SORBI_3010G051900	0
SORBI_3010G052000	0
SORBI_3010G052100	0
SORBI_3010G052200	8232.142
SORBI_3010G052300	262
SORBI_3010G052400	420
SORBI_3010G052450	0
SORBI_3010G052500	14
SORBI_3010G052600	52
SORBI_3010G052700	10
ENSRNA049443244	0
SORBI_3010G052800	1491.966
SORBI_3010G052833	0
SORBI_3010G052866	0
SORBI_3010G052900	34
SORBI_3010G053000	0
SORBI_3010G053100	0
SORBI_3010G053200	0
SORBI_3010G053300	0
SORBI_3010G053400	0
SORBI_3010G053500	1
SORBI_3010G053600	4206.106
SORBI_3010G053700	1
SORBI_3010G053800	839
SORBI_3010G053900	13
SORBI_3010G054000	574.019
SORBI_3010G054100	258
SORBI_3010G054150	0
SORBI_3010G054200	331
SORBI_3010G054300	127
SORBI_3010G054400	35
SORBI_3010G054500	2
SORBI_3010G054600	206.992
SORBI_3010G054700	0
SORBI_3010G054800	0
SORBI_3010G054900	166
SORBI_3010G055000	51
SORBI_3010G055100	6.001
SORBI_3010G055300	7
SORBI_3010G055200	1.311
SORBI_3010G055400	88.689
SORBI_3010G055500	566.037
SORBI_3010G055600	210.455
SORBI_3010G055700	278
SORBI_3010G055800	97
SORBI_3010G055900	0
SORBI_3010G056000	293.3
SORBI_3010G056100	288
SORBI_3010G056200	949
SORBI_3010G056300	24
SORBI_3010G056500	0
SORBI_3010G056600	1
SORBI_3010G056700	0
SORBI_3010G056800	10.342
SORBI_3010G056900	0
SORBI_3010G057000	164
SORBI_3010G057100	628
SORBI_3010G057200	0
SORBI_3010G057250	0
ENSRNA049996905	1
SORBI_3010G057300	1120.803
SORBI_3010G057400	108.481
SORBI_3010G057500	47
SORBI_3010G057600	3
SORBI_3010G057633	0
SORBI_3010G057666	438.492
SORBI_3010G057700	644.778
SORBI_3010G057800	10
SORBI_3010G057900	1216.134
SORBI_3010G058000	0
SORBI_3010G058200	55
SORBI_3010G058300	6
SORBI_3010G058400	0
SORBI_3010G058500	2391.809
SORBI_3010G058650	25.994
SORBI_3010G058600	0
SORBI_3010G058700	27
SORBI_3010G058800	56
SORBI_3010G058900	134
SORBI_3010G059000	2057
SORBI_3010G059100	0
ENSRNA049480369	0
SORBI_3010G059200	249
SORBI_3010G059300	282.007
SORBI_3010G059400	0
SORBI_3010G059500	360
SORBI_3010G059600	3
SORBI_3010G059700	181
SORBI_3010G059800	185
SORBI_3010G059900	96
SORBI_3010G060000	6
SORBI_3010G060100	0
SORBI_3010G060166	53
SORBI_3010G060232	1
SORBI_3010G060300	85
SORBI_3010G060400	27
SORBI_3010G060500	1118.037
SORBI_3010G060600	538.998
SORBI_3010G060701	2.002
SORBI_3010G060800	0
SORBI_3010G060900	281
SORBI_3010G061100	108
SORBI_3010G061300	33
SORBI_3010G061400	0
SORBI_3010G061500	2
SORBI_3010G061600	0
SORBI_3010G061700	0
SORBI_3010G061800	389
SORBI_3010G061900	17
SORBI_3010G062000	162.031
SORBI_3010G062100	563
SORBI_3010G062200	0
SORBI_3010G062300	2
SORBI_3010G062400	0
SORBI_3010G062500	66
SORBI_3010G062600	0
SORBI_3010G062700	1
SORBI_3010G062800	272
SORBI_3010G062900	76
SORBI_3010G062950	0
SORBI_3010G063000	0
SORBI_3010G063033	0
SORBI_3010G063066	0
SORBI_3010G063100	3
ENSRNA049480385	0
SORBI_3010G063200	361
SORBI_3010G063300	1519.541
SORBI_3010G063433	1
SORBI_3010G063566	43.444
SORBI_3010G063700	1
SORBI_3010G063801	147.844
SORBI_3010G063900	0
SORBI_3010G064000	24
SORBI_3010G064050	0
SORBI_3010G064100	26.178
SORBI_3010G064200	88.006
SORBI_3010G064300	0
SORBI_3010G064500	120
SORBI_3010G064600	542.964
SORBI_3010G064700	572
SORBI_3010G064800	0
SORBI_3010G065001	0
SORBI_3010G065200	26
SORBI_3010G065300	2212
SORBI_3010G065400	235
SORBI_3010G065500	5
SORBI_3010G065600	49
SORBI_3010G065700	0
SORBI_3010G065800	2294.002
SORBI_3010G065900	454
SORBI_3010G066000	50
SORBI_3010G066100	5
SORBI_3010G066200	270
SORBI_3010G066300	158
SORBI_3010G066400	31.003
SORBI_3010G066500	0
SORBI_3010G066601	200.534
SORBI_3010G066700	95.466
SORBI_3010G066800	3
SORBI_3010G066900	37
SORBI_3010G067000	20
SORBI_3010G067100	625.99
SORBI_3010G067200	2
SORBI_3010G067300	15
SORBI_3010G067400	6
SORBI_3010G067500	257
SORBI_3010G067600	184
SORBI_3010G067700	744
SORBI_3010G067800	42
SORBI_3010G067900	30
SORBI_3010G067950	9
SORBI_3010G068001	10
SORBI_3010G068051	0
SORBI_3010G068100	0
SORBI_3010G068200	156
SORBI_3010G068300	0
SORBI_3010G068400	436
SORBI_3010G068500	685.257
SORBI_3010G068600	13
SORBI_3010G068700	121
SORBI_3010G068800	25
SORBI_3010G068900	34
SORBI_3010G068950	0
SORBI_3010G069000	0
SORBI_3010G069100	1923.635
SORBI_3010G069200	0
SORBI_3010G069300	0
SORBI_3010G069400	1830
ENSRNA049443235	0
SORBI_3010G069500	14
SORBI_3010G069600	112
SORBI_3010G069700	0
SORBI_3010G069800	0
SORBI_3010G069900	98
SORBI_3010G070000	10
SORBI_3010G070100	5
SORBI_3010G070200	0
SORBI_3010G070300	0
SORBI_3010G070400	3
SORBI_3010G070500	370
SORBI_3010G070600	147
SORBI_3010G070750	0
SORBI_3010G070900	0
SORBI_3010G071000	153
SORBI_3010G071100	110
SORBI_3010G071200	1512.679
SORBI_3010G071300	0
SORBI_3010G071400	259
SORBI_3010G071500	0
SORBI_3010G071600	1341.703
SORBI_3010G071650	0
SORBI_3010G071700	4797.675
SORBI_3010G071800	258
SORBI_3010G071900	172
SORBI_3010G072000	189.891
SORBI_3010G072100	15
SORBI_3010G072200	1
SORBI_3010G072300	6556.789
SORBI_3010G072400	842
SORBI_3010G072500	6
SORBI_3010G072600	0
SORBI_3010G072700	142
SORBI_3010G072800	1180.405
SORBI_3010G072900	57
SORBI_3010G073000	0
SORBI_3010G073100	198
SORBI_3010G073200	2785.174
SORBI_3010G073300	4
SORBI_3010G073366	0
SORBI_3010G073432	0
SORBI_3010G073500	456
SORBI_3010G073600	2236
SORBI_3010G073700	898
SORBI_3010G073800	132
SORBI_3010G073900	9
SORBI_3010G074000	0
SORBI_3010G074200	10
SORBI_3010G074100	64
SORBI_3010G074300	2313.899
SORBI_3010G074366	0
SORBI_3010G074432	21
SORBI_3010G074500	487.293
SORBI_3010G074600	210
SORBI_3010G074700	2.062
SORBI_3010G074800	0
SORBI_3010G074900	157
SORBI_3010G074920	0
SORBI_3010G074940	0
SORBI_3010G074960	0
SORBI_3010G074980	0
ENSRNA049442699	0
SORBI_3010G075000	43
SORBI_3010G075100	0
SORBI_3010G075200	14
SORBI_3010G075300	0
SORBI_3010G075500	1
SORBI_3010G075600	0
SORBI_3010G075700	1
SORBI_3010G075800	6
SORBI_3010G075900	2
SORBI_3010G076000	0
SORBI_3010G076100	0
SORBI_3010G076200	39
SORBI_3010G076300	354.098
SORBI_3010G076400	943.997
SORBI_3010G076500	1
SORBI_3010G076600	1569.572
SORBI_3010G076700	3953
SORBI_3010G076800	158
SORBI_3010G076900	0
SORBI_3010G077000	0
SORBI_3010G077100	647
SORBI_3010G077200	24
SORBI_3010G077225	0
SORBI_3010G077250	8
SORBI_3010G077275	0
SORBI_3010G077300	17
SORBI_3010G077400	127.948
SORBI_3010G077500	1021.394
SORBI_3010G077600	225
SORBI_3010G077650	3
SORBI_3010G077700	0
SORBI_3010G077800	0
SORBI_3010G077900	0
SORBI_3010G078000	2
SORBI_3010G078100	1008.856
SORBI_3010G078200	0
SORBI_3010G078300	151
SORBI_3010G078400	0
ENSRNA049996895	0
SORBI_3010G078500	59.167
SORBI_3010G078600	35
SORBI_3010G078700	0
SORBI_3010G078800	1
SORBI_3010G078900	1689.243
SORBI_3010G079000	246
SORBI_3010G079100	126
SORBI_3010G079150	0
SORBI_3010G079200	0
SORBI_3010G079300	32
SORBI_3010G079500	1998.797
SORBI_3010G079600	0
SORBI_3010G079650	0
SORBI_3010G079700	79.011
SORBI_3010G079800	39
SORBI_3010G079850	29
SORBI_3010G079900	333.775
SORBI_3010G080000	3
SORBI_3010G080100	65
SORBI_3010G080200	377
SORBI_3010G080300	456
SORBI_3010G080400	64
SORBI_3010G080500	215
SORBI_3010G080600	61.483
SORBI_3010G080550	38.516
SORBI_3010G080700	1073
SORBI_3010G080750	0
SORBI_3010G080800	0
SORBI_3010G080900	177.854
SORBI_3010G081100	16
SORBI_3010G081200	183
SORBI_3010G081300	0
SORBI_3010G081500	0
SORBI_3010G081600	8
SORBI_3010G081700	141
SORBI_3010G081750	0
SORBI_3010G081800	17
SORBI_3010G081900	214
SORBI_3010G081950	0
SORBI_3010G082000	0
SORBI_3010G082100	0
SORBI_3010G082201	0
SORBI_3010G082300	0
SORBI_3010G082400	1
SORBI_3010G082500	75.852
SORBI_3010G082600	547
SORBI_3010G082700	287
SORBI_3010G082800	82
SORBI_3010G082850	24
SORBI_3010G082900	0
SORBI_3010G083000	257
SORBI_3010G083050	36
SORBI_3010G083100	34
SORBI_3010G083200	0
SORBI_3010G083300	6
SORBI_3010G083500	283
SORBI_3010G083400	11
SORBI_3010G083550	1
SORBI_3010G083600	401
SORBI_3010G083700	333
SORBI_3010G083900	580
SORBI_3010G084000	210.067
SORBI_3010G084100	7
SORBI_3010G084300	60.919
SORBI_3010G084400	90
SORBI_3010G084600	5.004
SORBI_3010G084700	548.076
SORBI_3010G084800	0
SORBI_3010G084900	70
SORBI_3010G085000	8
SORBI_3010G085100	996.239
SORBI_3010G085200	95
SORBI_3010G085400	943
SORBI_3010G085500	0
SORBI_3010G085600	309
SORBI_3010G085700	0
SORBI_3010G085800	73
SORBI_3010G085900	22
SORBI_3010G086000	0
SORBI_3010G086100	10
SORBI_3010G086200	666
SORBI_3010G086300	125
SORBI_3010G086400	12
SORBI_3010G086500	21
SORBI_3010G086600	81.14
SORBI_3010G086700	0
SORBI_3010G086800	0
SORBI_3010G086900	85
SORBI_3010G087000	4
SORBI_3010G087050	1
SORBI_3010G087100	4
SORBI_3010G087200	32
SORBI_3010G087300	97
SORBI_3010G087400	352
SORBI_3010G087500	2
SORBI_3010G087600	4
SORBI_3010G087700	3
SORBI_3010G087800	12
SORBI_3010G087900	6
SORBI_3010G088000	385
SORBI_3010G088100	0
SORBI_3010G088200	4
SORBI_3010G088300	65
SORBI_3010G088400	0
SORBI_3010G088500	0
SORBI_3010G088600	173.101
SORBI_3010G088700	114
SORBI_3010G088800	5
SORBI_3010G088950	246
SORBI_3010G089100	639.84
SORBI_3010G089200	54
SORBI_3010G089300	8
SORBI_3010G089350	5
SORBI_3010G089400	550
SORBI_3010G089500	609.353
SORBI_3010G089600	0
SORBI_3010G089700	1505
SORBI_3010G089800	143
SORBI_3010G089850	0
SORBI_3010G089900	0
SORBI_3010G090000	0
SORBI_3010G090100	9
SORBI_3010G090200	0
SORBI_3010G090301	185
SORBI_3010G090401	5
SORBI_3010G090500	3548.995
SORBI_3010G090550	0
SORBI_3010G090600	0
SORBI_3010G090700	24.999
SORBI_3010G090800	1
SORBI_3010G090850	1
SORBI_3010G090900	239
SORBI_3010G091000	256
SORBI_3010G091100	197
SORBI_3010G091200	12
SORBI_3010G091250	0
SORBI_3010G091300	300
SORBI_3010G091333	118
SORBI_3010G091366	4
SORBI_3010G091400	436.029
SORBI_3010G091500	27
SORBI_3010G091600	11
SORBI_3010G091700	0
SORBI_3010G091750	0
SORBI_3010G091800	0
SORBI_3010G091900	504
SORBI_3010G092000	0
SORBI_3010G092100	20
SORBI_3010G092200	22
SORBI_3010G092300	798
SORBI_3010G092350	8
SORBI_3010G092400	42
SORBI_3010G092500	0
SORBI_3010G092550	0
SORBI_3010G092600	939.457
SORBI_3010G092650	0
SORBI_3010G092700	53
SORBI_3010G092801	22
SORBI_3010G092900	13
SORBI_3010G093001	0
SORBI_3010G093100	362
SORBI_3010G093200	0
SORBI_3010G093300	1
SORBI_3010G093400	272
SORBI_3010G093500	57
SORBI_3010G093600	2
SORBI_3010G093800	1
SORBI_3010G094000	0
SORBI_3010G094100	36
SORBI_3010G094200	0
SORBI_3010G094301	112
SORBI_3010G094400	1
SORBI_3010G094500	342.498
SORBI_3010G094600	361
SORBI_3010G094700	368
SORBI_3010G094750	5
SORBI_3010G094800	1943.003
SORBI_3010G094900	1034
SORBI_3010G095000	101
SORBI_3010G095100	42
SORBI_3010G095200	178
SORBI_3010G095300	19.014
SORBI_3010G095400	121
SORBI_3010G095500	23
SORBI_3010G095550	0
SORBI_3010G095600	73
SORBI_3010G095700	2862.956
SORBI_3010G095800	6
SORBI_3010G096000	395
SORBI_3010G096100	56
SORBI_3010G096200	1
SORBI_3010G096300	155
SORBI_3010G096400	1
SORBI_3010G096500	4.011
SORBI_3010G096600	0
SORBI_3010G096700	0
SORBI_3010G096801	1
SORBI_3010G096900	0
SORBI_3010G097000	1
SORBI_3010G097100	0
SORBI_3010G097200	8
SORBI_3010G097250	0
SORBI_3010G097300	5
SORBI_3010G097400	24
SORBI_3010G097500	95
SORBI_3010G097600	2777
SORBI_3010G097700	25
SORBI_3010G097800	9
SORBI_3010G097900	5
SORBI_3010G098000	0
SORBI_3010G098100	0
SORBI_3010G098200	161.515
SORBI_3010G098350	0
SORBI_3010G098400	277.775
SORBI_3010G098500	0
SORBI_3010G098600	749
SORBI_3010G098700	0
SORBI_3010G098800	2
SORBI_3010G098866	0
SORBI_3010G098932	0
SORBI_3010G099000	3
SORBI_3010G099100	239
SORBI_3010G099200	67.001
SORBI_3010G099300	46
SORBI_3010G099400	23
SORBI_3010G099500	0
SORBI_3010G099600	377.043
SORBI_3010G099700	17
SORBI_3010G099800	70
SORBI_3010G099900	80
SORBI_3010G100000	296
SORBI_3010G100100	0
SORBI_3010G100150	0
SORBI_3010G100200	19.701
SORBI_3010G100300	0
SORBI_3010G100366	22.308
SORBI_3010G100432	0
SORBI_3010G100516	197
SORBI_3010G100600	4
SORBI_3010G100650	0
SORBI_3010G100700	22.074
SORBI_3010G100800	242.926
SORBI_3010G100900	228
SORBI_3010G101000	217
SORBI_3010G101100	33
SORBI_3010G101200	6202.292
SORBI_3010G101300	31
SORBI_3010G101350	0
SORBI_3010G101400	179
SORBI_3010G101500	440.371
SORBI_3010G101600	1320.074
SORBI_3010G101700	32
SORBI_3010G101800	2569.046
SORBI_3010G101900	150
SORBI_3010G101950	0
SORBI_3010G102000	163
SORBI_3010G102050	0
SORBI_3010G102100	1
SORBI_3010G102150	1
SORBI_3010G102200	0
SORBI_3010G102300	3
SORBI_3010G102366	0
SORBI_3010G102432	0
SORBI_3010G102500	0
SORBI_3010G102600	145
SORBI_3010G102700	7
SORBI_3010G102800	117
SORBI_3010G102900	1
SORBI_3010G103000	326
SORBI_3010G103100	0
SORBI_3010G103200	45.757
SORBI_3010G103300	105
SORBI_3010G103400	0
SORBI_3010G103500	272
SORBI_3010G103600	0
SORBI_3010G103700	4
SORBI_3010G103800	1.02
SORBI_3010G103900	211.005
SORBI_3010G104000	0
SORBI_3010G104100	212
SORBI_3010G104200	3
SORBI_3010G104300	9
SORBI_3010G104400	0
SORBI_3010G104500	0
SORBI_3010G104600	0
SORBI_3010G104700	108
SORBI_3010G104800	2
SORBI_3010G104900	249
SORBI_3010G105000	217
SORBI_3010G105050	0
SORBI_3010G105100	3
SORBI_3010G105200	5081.161
SORBI_3010G105250	0
SORBI_3010G105300	3261
SORBI_3010G105350	0
SORBI_3010G105400	8
SORBI_3010G105500	98
SORBI_3010G105600	381
SORBI_3010G105701	41.001
SORBI_3010G105800	1203
SORBI_3010G105900	0
SORBI_3010G106000	6.968
SORBI_3010G106100	1
SORBI_3010G106200	166.993
SORBI_3010G106300	97.973
SORBI_3010G106400	0
SORBI_3010G106500	1
SORBI_3010G106601	12
SORBI_3010G106700	5
SORBI_3010G106800	0
SORBI_3010G106900	1638.869
SORBI_3010G107000	917.422
SORBI_3010G107050	4.839
SORBI_3010G107100	145
SORBI_3010G107200	85
SORBI_3010G107250	0
SORBI_3010G107300	31.421
SORBI_3010G107400	0
SORBI_3010G107601	0
SORBI_3010G107800	0
SORBI_3010G107901	0
SORBI_3010G108001	0
SORBI_3010G108100	0
SORBI_3010G108200	0
SORBI_3010G108301	2
SORBI_3010G108401	0
SORBI_3010G108500	0
SORBI_3010G108600	0
SORBI_3010G108800	0
SORBI_3010G108900	1663
SORBI_3010G109000	1
SORBI_3010G109100	0
SORBI_3010G109200	1
SORBI_3010G109300	3
SORBI_3010G109400	0
SORBI_3010G109450	0
SORBI_3010G109500	279
SORBI_3010G109600	153
SORBI_3010G109700	0
SORBI_3010G109800	0
SORBI_3010G109901	0
SORBI_3010G110000	984
SORBI_3010G110050	0
SORBI_3010G110100	10
SORBI_3010G110200	36
SORBI_3010G110266	0
SORBI_3010G110332	1
SORBI_3010G110400	0
SORBI_3010G110500	0
SORBI_3010G110601	0
SORBI_3010G110700	14
SORBI_3010G110800	6
SORBI_3010G110901	3
SORBI_3010G111000	0
SORBI_3010G111200	0
SORBI_3010G111300	0
SORBI_3010G111400	0
SORBI_3010G111450	0
SORBI_3010G111500	0
SORBI_3010G111700	0
SORBI_3010G111750	0
SORBI_3010G111800	384
SORBI_3010G111900	1
SORBI_3010G112000	652
SORBI_3010G112100	493.999
SORBI_3010G112200	504
SORBI_3010G112300	183
SORBI_3010G112401	0
SORBI_3010G112500	0
SORBI_3010G112600	38
SORBI_3010G112700	3
SORBI_3010G112800	58
SORBI_3010G112900	2
SORBI_3010G113000	2253.452
SORBI_3010G113100	21
SORBI_3010G113150	0
SORBI_3010G113200	0
SORBI_3010G113300	0
SORBI_3010G113400	1
SORBI_3010G113500	71.041
SORBI_3010G113600	172.959
SORBI_3010G113700	0
SORBI_3010G113800	0
SORBI_3010G113900	33
SORBI_3010G114000	0
SORBI_3010G114100	8
SORBI_3010G114200	0
SORBI_3010G114300	0
SORBI_3010G114400	5.13
SORBI_3010G114500	0
SORBI_3010G114600	17
SORBI_3010G114700	265.822
SORBI_3010G114800	1
SORBI_3010G114900	732.02
SORBI_3010G115000	0
SORBI_3010G115200	199
SORBI_3010G115300	101
SORBI_3010G115400	53
SORBI_3010G115450	0
SORBI_3010G115500	364.247
SORBI_3010G115600	22
SORBI_3010G115700	8
SORBI_3010G115800	0
SORBI_3010G115900	0
SORBI_3010G116000	0
SORBI_3010G116100	0
SORBI_3010G116200	0
ENSRNA049442771	0
SORBI_3010G116300	224
SORBI_3010G116400	1135.281
SORBI_3010G116500	20
SORBI_3010G116550	101
SORBI_3010G116600	496.998
SORBI_3010G116650	0
SORBI_3010G116700	0
SORBI_3010G116800	8.322
SORBI_3010G116900	1
SORBI_3010G117000	0
SORBI_3010G117050	0
SORBI_3010G117100	0
SORBI_3010G117200	12.388
SORBI_3010G117300	9.612
SORBI_3010G117400	0
SORBI_3010G117450	0
SORBI_3010G117500	3.009
SORBI_3010G117600	1.991
SORBI_3010G117700	0
SORBI_3010G117800	7
SORBI_3010G117850	0
SORBI_3010G117900	7
SORBI_3010G118000	69
SORBI_3010G118100	1127.642
SORBI_3010G118200	27
SORBI_3010G118300	276
SORBI_3010G118401	1
SORBI_3010G118500	51.975
SORBI_3010G118600	0
SORBI_3010G118550	0
SORBI_3010G118700	391
SORBI_3010G118800	0
SORBI_3010G118900	0
SORBI_3010G118950	40
SORBI_3010G119000	0
SORBI_3010G119050	0
SORBI_3010G119100	0
SORBI_3010G119200	0
SORBI_3010G119300	3
SORBI_3010G119400	22
SORBI_3010G119500	197
SORBI_3010G119600	0
SORBI_3010G119700	1
SORBI_3010G119800	19
SORBI_3010G119900	0
SORBI_3010G120000	92
SORBI_3010G120100	0
SORBI_3010G120200	6
SORBI_3010G120300	574
SORBI_3010G120350	0
SORBI_3010G120400	1
SORBI_3010G120500	0
SORBI_3010G120600	7
SORBI_3010G120700	176
SORBI_3010G120800	311
SORBI_3010G120900	65
SORBI_3010G121000	55
SORBI_3010G121100	155
SORBI_3010G121200	7
SORBI_3010G121300	1070.192
SORBI_3010G121401	0
SORBI_3010G121500	2532.744
SORBI_3010G121600	59
SORBI_3010G121700	0
SORBI_3010G121800	0
SORBI_3010G121900	0
SORBI_3010G122000	33
SORBI_3010G122100	117.001
SORBI_3010G122200	100
SORBI_3010G122300	2
SORBI_3010G122400	39
SORBI_3010G122533	0
SORBI_3010G122666	0
SORBI_3010G122800	57
SORBI_3010G122900	2
SORBI_3010G123000	0
SORBI_3010G123100	37
SORBI_3010G123300	472
SORBI_3010G123400	412
SORBI_3010G123500	8
SORBI_3010G123600	425
SORBI_3010G123650	0
SORBI_3010G123700	289
SORBI_3010G123750	0
SORBI_3010G123800	0
SORBI_3010G123901	0
SORBI_3010G124001	29
SORBI_3010G124100	1
SORBI_3010G124133	102
SORBI_3010G124166	0
SORBI_3010G124200	0
SORBI_3010G124300	0
SORBI_3010G124400	1
SORBI_3010G124500	0
SORBI_3010G124600	0
SORBI_3010G124700	2
SORBI_3010G124800	24
SORBI_3010G124850	0
SORBI_3010G124900	0
SORBI_3010G125000	5.049
SORBI_3010G125100	152.951
SORBI_3010G125200	362
SORBI_3010G125300	1
SORBI_3010G125400	1
SORBI_3010G125500	157
SORBI_3010G125700	1680
SORBI_3010G125800	15
SORBI_3010G125833	17.002
SORBI_3010G125866	1
SORBI_3010G125900	0
SORBI_3010G126000	275.139
SORBI_3010G126100	34
SORBI_3010G126200	1
SORBI_3010G126300	0
SORBI_3010G126400	3
SORBI_3010G126500	25
SORBI_3010G126600	0
SORBI_3010G126700	96
SORBI_3010G126800	19
SORBI_3010G126900	65
SORBI_3010G127100	93
SORBI_3010G127200	2
SORBI_3010G127300	4
SORBI_3010G127500	0
SORBI_3010G127550	0
SORBI_3010G127600	15
SORBI_3010G127700	0
SORBI_3010G127800	0
SORBI_3010G127901	0
SORBI_3010G128000	8
SORBI_3010G128101	21
SORBI_3010G128200	0
SORBI_3010G128300	0
SORBI_3010G128350	0
SORBI_3010G128400	0
SORBI_3010G128500	72
SORBI_3010G128601	0
SORBI_3010G128700	0
SORBI_3010G128800	57
SORBI_3010G128900	31
SORBI_3010G129000	6
SORBI_3010G129050	0
SORBI_3010G129100	1
SORBI_3010G129200	105
SORBI_3010G129300	0
SORBI_3010G129450	0
SORBI_3010G129600	441
SORBI_3010G129700	331
SORBI_3010G129900	0
SORBI_3010G130000	933
SORBI_3010G130100	81.998
SORBI_3010G130200	119
SORBI_3010G130300	88
SORBI_3010G130400	0
SORBI_3010G130500	4
SORBI_3010G130601	1
SORBI_3010G130700	33
SORBI_3010G130800	0
SORBI_3010G130900	0
SORBI_3010G131000	80
SORBI_3010G131101	19.041
SORBI_3010G131200	0
SORBI_3010G131300	188.999
SORBI_3010G131400	70.044
SORBI_3010G131500	7.788
SORBI_3010G131600	0
SORBI_3010G131700	435
SORBI_3010G131900	405.448
SORBI_3010G131950	8
SORBI_3010G132000	84
SORBI_3010G132100	59
SORBI_3010G132200	7
SORBI_3010G132300	314
SORBI_3010G132400	192
SORBI_3010G132500	67.768
SORBI_3010G132550	3
SORBI_3010G132600	684.919
SORBI_3010G132700	0
SORBI_3010G132800	6
SORBI_3010G132900	0
SORBI_3010G133000	0
SORBI_3010G133100	0
SORBI_3010G133150	0
SORBI_3010G133200	7
SORBI_3010G133225	0
SORBI_3010G133250	0
SORBI_3010G133275	0
SORBI_3010G133300	0
SORBI_3010G133400	741
SORBI_3010G133450	0
SORBI_3010G133500	66
SORBI_3010G133566	0
SORBI_3010G133632	0
SORBI_3010G133700	0
SORBI_3010G133800	0
SORBI_3010G133866	0
SORBI_3010G133932	0
SORBI_3010G134000	4
SORBI_3010G134100	164
SORBI_3010G134200	0
SORBI_3010G134300	0
SORBI_3010G134400	329
SORBI_3010G134500	43
SORBI_3010G134600	27
SORBI_3010G134650	10
SORBI_3010G134700	196
SORBI_3010G134801	0
SORBI_3010G134900	10
SORBI_3010G135000	125
SORBI_3010G135100	4
SORBI_3010G135200	1
SORBI_3010G135250	89
SORBI_3010G135300	110
SORBI_3010G135450	0
SORBI_3010G135600	9
SORBI_3010G135700	0
SORBI_3010G135800	0
SORBI_3010G135900	21
SORBI_3010G136000	802
SORBI_3010G136100	0
SORBI_3010G136200	525
SORBI_3010G136250	1
SORBI_3010G136300	2
SORBI_3010G136400	65
SORBI_3010G136450	0
SORBI_3010G136500	7
SORBI_3010G136601	0
SORBI_3010G136600	142
SORBI_3010G136700	0
SORBI_3010G136900	0
SORBI_3010G136950	0
SORBI_3010G137000	0
SORBI_3010G137100	98
SORBI_3010G137200	0
SORBI_3010G137300	1
SORBI_3010G137333	0
SORBI_3010G137366	0
SORBI_3010G137400	826
SORBI_3010G137500	0
SORBI_3010G137600	0
SORBI_3010G137700	0
SORBI_3010G137800	0
SORBI_3010G138000	642.996
SORBI_3010G138200	674.018
SORBI_3010G138300	0
SORBI_3010G138350	0
SORBI_3010G138400	142
SORBI_3010G138500	28.096
SORBI_3010G138600	0
SORBI_3010G138700	15
SORBI_3010G138800	1
SORBI_3010G138850	0
SORBI_3010G138900	276
SORBI_3010G138950	0
SORBI_3010G139000	1083
SORBI_3010G139100	0
SORBI_3010G139200	0
SORBI_3010G139301	118.12
SORBI_3010G139400	0
SORBI_3010G139500	643
SORBI_3010G139550	0
SORBI_3010G139600	947
SORBI_3010G140100	0
SORBI_3010G140150	0
SORBI_3010G140200	0
SORBI_3010G140300	0
SORBI_3010G140400	171
SORBI_3010G140500	633.38
SORBI_3010G140525	0
SORBI_3010G140550	0
SORBI_3010G140575	0
SORBI_3010G140600	273
SORBI_3010G140700	0
SORBI_3010G140750	0
SORBI_3010G140800	8.852
SORBI_3010G141001	1
SORBI_3010G141201	0
SORBI_3010G141400	0
SORBI_3010G141433	3.292
SORBI_3010G141466	0
SORBI_3010G141500	105
SORBI_3010G141600	602
SORBI_3010G141700	0
SORBI_3010G141800	74.344
SORBI_3010G141966	6.408
SORBI_3010G142132	0
SORBI_3010G142300	0
SORBI_3010G142401	0
SORBI_3010G142501	0
SORBI_3010G142600	0
SORBI_3010G142650	0
SORBI_3010G142700	153.516
SORBI_3010G142900	0
SORBI_3010G143000	3.835
SORBI_3010G143100	33
SORBI_3010G143200	35
SORBI_3010G143300	4
SORBI_3010G143400	4
SORBI_3010G143500	1649.066
SORBI_3010G143600	261
SORBI_3010G143633	0
SORBI_3010G143666	0
SORBI_3010G143800	223.248
SORBI_3010G143700	1
SORBI_3010G143900	258
SORBI_3010G144000	1.006
SORBI_3010G144050	0
SORBI_3010G144100	57.998
SORBI_3010G144250	1
SORBI_3010G144400	722
SORBI_3010G144450	0
SORBI_3010G144500	0
SORBI_3010G144600	0
SORBI_3010G144700	4
SORBI_3010G144800	0
SORBI_3010G144900	191
ENSRNA049996889	0
SORBI_3010G145000	0
SORBI_3010G145100	0
SORBI_3010G145200	1
SORBI_3010G145300	0
SORBI_3010G145500	92.519
SORBI_3010G145650	6.995
SORBI_3010G145800	317
SORBI_3010G145900	2847
SORBI_3010G146000	0
SORBI_3010G146100	6
SORBI_3010G146200	4
SORBI_3010G146300	0
SORBI_3010G146350	0
SORBI_3010G146400	288
SORBI_3010G146500	0
SORBI_3010G146600	250.894
SORBI_3010G146700	58
SORBI_3010G146800	0
SORBI_3010G146900	1
SORBI_3010G147000	48
SORBI_3010G147100	726.079
SORBI_3010G147200	0
SORBI_3010G147250	0
SORBI_3010G147300	0
SORBI_3010G147350	0
SORBI_3010G147400	0
SORBI_3010G147500	6
SORBI_3010G147600	2242.198
SORBI_3010G147700	4
SORBI_3010G147833	367.002
SORBI_3010G147966	2
SORBI_3010G148100	0
SORBI_3010G148200	0
SORBI_3010G148400	27
SORBI_3010G148501	85.284
SORBI_3010G148600	0
SORBI_3010G148700	0
SORBI_3010G148750	1
SORBI_3010G148800	0
SORBI_3010G148866	0
SORBI_3010G148932	1215.913
SORBI_3010G149000	0
SORBI_3010G149200	340
ENSRNA049443167	0
SORBI_3010G149300	2054.999
SORBI_3010G149500	341
SORBI_3010G149600	25
SORBI_3010G149700	2
SORBI_3010G149800	9.78
SORBI_3010G149900	0
SORBI_3010G150000	0
SORBI_3010G150100	630.05
SORBI_3010G150200	74.192
SORBI_3010G150325	0
SORBI_3010G150450	54
SORBI_3010G150575	63.534
SORBI_3010G150600	1
SORBI_3010G150700	295.131
SORBI_3010G150701	0
SORBI_3010G150800	7
SORBI_3010G150900	1.036
SORBI_3010G151000	137.972
SORBI_3010G151050	0
SORBI_3010G151100	0
SORBI_3010G151200	0
SORBI_3010G151325	0
SORBI_3010G151450	0
SORBI_3010G151575	0
SORBI_3010G151700	158
SORBI_3010G151801	12
SORBI_3010G151900	439.635
SORBI_3010G152000	105
SORBI_3010G152100	409
SORBI_3010G152200	0
SORBI_3010G152250	0
SORBI_3010G152300	0
SORBI_3010G152400	0
SORBI_3010G152500	0
SORBI_3010G152600	11
SORBI_3010G152700	0
SORBI_3010G152800	0
SORBI_3010G152850	122
SORBI_3010G152900	0
SORBI_3010G153000	6
SORBI_3010G153100	298
SORBI_3010G153201	78.14
SORBI_3010G153300	279.708
SORBI_3010G153400	82
SORBI_3010G153466	152.221
SORBI_3010G153532	25.59
SORBI_3010G153600	0
SORBI_3010G153700	296
SORBI_3010G153800	0
SORBI_3010G153900	337
SORBI_3010G154000	221
SORBI_3010G154150	2
SORBI_3010G154300	0
SORBI_3010G154400	0
SORBI_3010G154500	26
SORBI_3010G154600	3
SORBI_3010G154700	412
SORBI_3010G154801	2
SORBI_3010G154900	99
SORBI_3010G155000	0
SORBI_3010G155100	0
SORBI_3010G155200	0
SORBI_3010G155300	4
SORBI_3010G155401	0
SORBI_3010G155500	4
SORBI_3010G155600	838.902
SORBI_3010G155701	18
SORBI_3010G155800	0
SORBI_3010G155901	0
SORBI_3010G156000	369
SORBI_3010G156100	71
SORBI_3010G156200	0
SORBI_3010G156300	7
SORBI_3010G156400	0
SORBI_3010G156500	4
SORBI_3010G156601	24.43
SORBI_3010G156700	0
SORBI_3010G156800	3
SORBI_3010G157000	0
SORBI_3010G157100	0
SORBI_3010G157200	0
SORBI_3010G157300	0
SORBI_3010G157400	0
SORBI_3010G157500	0
SORBI_3010G157600	0
SORBI_3010G157700	75.996
SORBI_3010G157800	0
SORBI_3010G157900	5
SORBI_3010G158000	9
SORBI_3010G158050	0
SORBI_3010G158100	2
SORBI_3010G158200	0
SORBI_3010G158300	1
SORBI_3010G158400	0
SORBI_3010G158500	0
SORBI_3010G158601	0
SORBI_3010G158700	0
SORBI_3010G158766	0
SORBI_3010G158832	1
SORBI_3010G158900	2
SORBI_3010G159000	68.663
SORBI_3010G159100	156
SORBI_3010G159200	0
SORBI_3010G159300	0
SORBI_3010G159400	38
SORBI_3010G159500	1
SORBI_3010G159600	0
SORBI_3010G159700	109.887
SORBI_3010G159800	0
SORBI_3010G159900	12
SORBI_3010G160000	0
SORBI_3010G160033	6.113
SORBI_3010G160066	27
SORBI_3010G160100	7
SORBI_3010G160200	0
SORBI_3010G160300	318
SORBI_3010G160400	131
SORBI_3010G160500	3
SORBI_3010G160600	1
SORBI_3010G160700	61
SORBI_3010G160800	0
SORBI_3010G160850	0
SORBI_3010G160900	53
SORBI_3010G161000	1
SORBI_3010G161050	0
SORBI_3010G161100	0
SORBI_3010G161201	0
SORBI_3010G161300	0
SORBI_3010G161400	0
SORBI_3010G161450	496
SORBI_3010G161525	223
SORBI_3010G161600	37
SORBI_3010G161700	0
SORBI_3010G161800	0
SORBI_3010G161900	3
SORBI_3010G162000	6
SORBI_3010G162101	0
SORBI_3010G162200	273
SORBI_3010G162300	0
SORBI_3010G162400	27
SORBI_3010G162500	38
SORBI_3010G162700	0
SORBI_3010G162800	0
SORBI_3010G162900	28
SORBI_3010G163000	122
SORBI_3010G163100	10
SORBI_3010G163150	51
SORBI_3010G163200	3
SORBI_3010G163400	53.495
ENSRNA049996882	1
ENSRNA049996871	0
SORBI_3010G163600	1189.739
SORBI_3010G163666	0
SORBI_3010G163732	0
SORBI_3010G163800	89
SORBI_3010G163900	205
SORBI_3010G164000	83
SORBI_3010G164100	10
SORBI_3010G164150	0
SORBI_3010G164200	0
SORBI_3010G164300	0
SORBI_3010G164350	295.466
SORBI_3010G164400	204
SORBI_3010G164500	0
SORBI_3010G164600	0
SORBI_3010G164800	0
SORBI_3010G164900	0
SORBI_3010G165000	0
SORBI_3010G165100	159.362
SORBI_3010G165200	138
SORBI_3010G165300	804
SORBI_3010G165400	0
SORBI_3010G165500	6907.919
SORBI_3010G165700	477
SORBI_3010G165800	147
SORBI_3010G165900	270.004
SORBI_3010G165925	0
SORBI_3010G165950	0
SORBI_3010G165975	0
SORBI_3010G166000	90
SORBI_3010G166100	350.742
SORBI_3010G166201	0
SORBI_3010G166300	0
SORBI_3010G166400	126
SORBI_3010G166500	1142.488
SORBI_3010G166600	0
SORBI_3010G166700	433
ENSRNA049483441	0
SORBI_3010G166800	0
SORBI_3010G166850	0
SORBI_3010G166900	0
SORBI_3010G166950	0
SORBI_3010G167000	0
SORBI_3010G167100	0
SORBI_3010G167200	0
SORBI_3010G167266	0
SORBI_3010G167332	0
SORBI_3010G167400	0
SORBI_3010G167500	119
SORBI_3010G167601	2
SORBI_3010G167700	0
SORBI_3010G167800	3
SORBI_3010G167900	6609.399
SORBI_3010G168000	128
SORBI_3010G168100	0
SORBI_3010G168200	56
SORBI_3010G168301	0
SORBI_3010G168400	37
SORBI_3010G168500	30
SORBI_3010G168600	408.314
SORBI_3010G168700	0
SORBI_3010G168800	171
SORBI_3010G168900	495.023
SORBI_3010G169000	532
SORBI_3010G169100	0
SORBI_3010G169200	0
SORBI_3010G169250	0
SORBI_3010G169300	775
SORBI_3010G169500	0
SORBI_3010G169600	1536.996
SORBI_3010G169700	117
SORBI_3010G169900	1266.968
SORBI_3010G169950	0
SORBI_3010G170000	141
SORBI_3010G170150	3
SORBI_3010G170300	302
SORBI_3010G170400	40
SORBI_3010G170500	2
SORBI_3010G170550	6
SORBI_3010G170600	12
SORBI_3010G170700	0
SORBI_3010G170800	0
SORBI_3010G170900	16
SORBI_3010G171000	1270
SORBI_3010G171100	420
SORBI_3010G171200	7
SORBI_3010G171300	36
SORBI_3010G171400	8
SORBI_3010G171501	225
SORBI_3010G171600	527
SORBI_3010G171800	3
SORBI_3010G171900	3
SORBI_3010G172000	18
SORBI_3010G172100	2
SORBI_3010G172200	0
SORBI_3010G172300	0
SORBI_3010G172400	942.281
SORBI_3010G172500	5765.218
SORBI_3010G172600	0
SORBI_3010G172633	0
SORBI_3010G172666	0
SORBI_3010G172700	122
SORBI_3010G172800	27
SORBI_3010G172900	185
SORBI_3010G173000	36.996
SORBI_3010G173100	7902.361
SORBI_3010G173201	51.863
SORBI_3010G173300	23
SORBI_3010G173400	0
SORBI_3010G173550	0
SORBI_3010G173500	0
SORBI_3010G173600	0
SORBI_3010G173700	109.001
SORBI_3010G173800	6
SORBI_3010G173900	10
SORBI_3010G174000	0
SORBI_3010G174100	0
SORBI_3010G174300	43.001
SORBI_3010G174400	1013.001
SORBI_3010G174500	2194
SORBI_3010G174550	0
SORBI_3010G174600	0
SORBI_3010G174700	519.999
SORBI_3010G174800	888.053
SORBI_3010G174900	93
SORBI_3010G175100	5
SORBI_3010G175000	133
SORBI_3010G175200	75
SORBI_3010G175350	0
SORBI_3010G175500	367.627
SORBI_3010G175400	6962.431
SORBI_3010G175550	0
SORBI_3010G175700	0
SORBI_3010G175800	8
SORBI_3010G175900	84
SORBI_3010G176000	0
SORBI_3010G176101	50
SORBI_3010G176200	528
SORBI_3010G176300	303
SORBI_3010G176400	0
SORBI_3010G176500	172.999
SORBI_3010G176550	111.451
SORBI_3010G176600	69
SORBI_3010G176700	15
SORBI_3010G176800	8
SORBI_3010G176900	11
SORBI_3010G177000	4
SORBI_3010G177100	205
SORBI_3010G177200	6
SORBI_3010G177300	0
SORBI_3010G177400	330.015
ENSRNA049443133	0
SORBI_3010G177500	0
SORBI_3010G177600	0
SORBI_3010G177800	124
SORBI_3010G177900	3
SORBI_3010G178000	51
SORBI_3010G178050	0
SORBI_3010G178100	0
SORBI_3010G178200	759
SORBI_3010G178300	0
SORBI_3010G178401	0
SORBI_3010G178500	4
SORBI_3010G178600	732
SORBI_3010G178700	81
SORBI_3010G178800	2081
SORBI_3010G178900	1
SORBI_3010G179000	0
SORBI_3010G179150	0
SORBI_3010G179300	0
SORBI_3010G179400	5
SORBI_3010G179500	4
SORBI_3010G179600	0
SORBI_3010G179700	609.476
SORBI_3010G179750	0
SORBI_3010G179800	37
SORBI_3010G179850	2
SORBI_3010G179900	6
SORBI_3010G180000	0
SORBI_3010G180100	130
SORBI_3010G180200	4
SORBI_3010G180300	0
SORBI_3010G180350	0
SORBI_3010G180400	10465.156
SORBI_3010G180500	0
SORBI_3010G180550	1
SORBI_3010G180600	545
ENSRNA049996863	0
SORBI_3010G180700	194
SORBI_3010G180800	122
SORBI_3010G180750	0
SORBI_3010G181000	14.004
SORBI_3010G181100	37
SORBI_3010G181150	14.452
SORBI_3010G181200	62
SORBI_3010G181300	229
SORBI_3010G181500	49
SORBI_3010G181600	1696.814
SORBI_3010G181701	16
SORBI_3010G181800	0
SORBI_3010G181900	0
SORBI_3010G182000	9
SORBI_3010G182100	6384.256
SORBI_3010G182200	13725.963
SORBI_3010G182300	7029.37
SORBI_3010G182500	0
SORBI_3010G182600	13962.667
SORBI_3010G182700	33
SORBI_3010G182800	14
SORBI_3010G182900	0
SORBI_3010G182966	427
SORBI_3010G183032	0
SORBI_3010G183100	125
SORBI_3010G183201	429
SORBI_3010G183300	34
SORBI_3010G183350	1
SORBI_3010G183400	128
SORBI_3010G183500	510
SORBI_3010G183600	237
SORBI_3010G183700	3
SORBI_3010G183800	0
SORBI_3010G183900	0
SORBI_3010G184000	752
SORBI_3010G184100	483
SORBI_3010G184201	0
SORBI_3010G184300	539.964
SORBI_3010G184400	1
SORBI_3010G184500	1
SORBI_3010G184600	222
SORBI_3010G184800	101.151
SORBI_3010G184900	1.072
ENSRNA049443107	0
SORBI_3010G185000	41
SORBI_3010G185100	43
SORBI_3010G185200	147.066
SORBI_3010G185250	0
SORBI_3010G185300	0
SORBI_3010G185350	0
SORBI_3010G185400	656
SORBI_3010G185500	369
SORBI_3010G185600	497
SORBI_3010G185700	470
SORBI_3010G185800	121
SORBI_3010G185850	1
SORBI_3010G185900	0
SORBI_3010G186000	439.956
SORBI_3010G186100	77
SORBI_3010G186200	309
SORBI_3010G186300	32
SORBI_3010G186400	1474
SORBI_3010G186500	456
SORBI_3010G186600	461
SORBI_3010G186700	286
SORBI_3010G186900	0
SORBI_3010G187000	10
SORBI_3010G187100	82
SORBI_3010G187201	0
SORBI_3010G187300	0
SORBI_3010G187350	0
SORBI_3010G187400	0
SORBI_3010G187500	19
SORBI_3010G187600	534
SORBI_3010G187700	0
SORBI_3010G187800	0
SORBI_3010G187900	65
SORBI_3010G187950	0
SORBI_3010G188000	439
SORBI_3010G188100	1089
SORBI_3010G188200	102
SORBI_3010G188300	25
SORBI_3010G188400	833.067
SORBI_3010G188500	0
SORBI_3010G188600	84.001
SORBI_3010G188700	8
SORBI_3010G188800	230
SORBI_3010G188900	20
SORBI_3010G189000	408
SORBI_3010G189100	90.012
SORBI_3010G189200	16
SORBI_3010G189300	229
SORBI_3010G189366	0
SORBI_3010G189432	0
SORBI_3010G189500	1
SORBI_3010G189600	31
SORBI_3010G189700	8
SORBI_3010G189800	171
SORBI_3010G189900	2
SORBI_3010G190001	0
SORBI_3010G190100	0
SORBI_3010G190200	0
SORBI_3010G190300	0
SORBI_3010G190350	0
SORBI_3010G190400	1
SORBI_3010G190500	0
SORBI_3010G190600	7339.076
SORBI_3010G190700	2
SORBI_3010G190800	9
SORBI_3010G190900	15
SORBI_3010G191000	3
SORBI_3010G191100	5
SORBI_3010G191200	0
SORBI_3010G191301	0
SORBI_3010G191400	0
SORBI_3010G191450	0
SORBI_3010G191500	0
SORBI_3010G191600	0
SORBI_3010G191700	6
SORBI_3010G191750	0
SORBI_3010G191800	4
SORBI_3010G191900	0
SORBI_3010G192200	0
SORBI_3010G192300	0
SORBI_3010G192366	2
SORBI_3010G192432	54
SORBI_3010G192500	15
SORBI_3010G192600	353
SORBI_3010G192700	2
SORBI_3010G192800	180
SORBI_3010G192900	103
SORBI_3010G193000	62
SORBI_3010G193100	4
SORBI_3010G193200	5
SORBI_3010G193300	534.001
SORBI_3010G193400	1
SORBI_3010G193501	0
SORBI_3010G193600	130
SORBI_3010G193700	3
SORBI_3010G193800	606
SORBI_3010G193900	397
SORBI_3010G194001	0
SORBI_3010G194100	25
SORBI_3010G194200	30
SORBI_3010G194300	208
SORBI_3010G194400	0
SORBI_3010G194500	1
SORBI_3010G194600	100.123
SORBI_3010G194700	231
SORBI_3010G194801	0
SORBI_3010G194900	1091
SORBI_3010G195000	658.074
SORBI_3010G195100	248
SORBI_3010G195200	59
SORBI_3010G195301	0
SORBI_3010G195400	0
SORBI_3010G195450	0
SORBI_3010G195500	58
SORBI_3010G195600	0
SORBI_3010G195701	83
SORBI_3010G195800	30
SORBI_3010G195901	58.044
SORBI_3010G196000	0
SORBI_3010G196100	2
SORBI_3010G196200	16
SORBI_3010G196300	21
SORBI_3010G196400	0
SORBI_3010G196433	0
SORBI_3010G196466	1
SORBI_3010G196500	330
SORBI_3010G196600	40
SORBI_3010G196700	1
SORBI_3010G196800	0
SORBI_3010G196900	3
SORBI_3010G197000	2534.415
SORBI_3010G197200	112
SORBI_3010G197300	0
SORBI_3010G197400	11
SORBI_3010G197500	739.031
SORBI_3010G197566	2
SORBI_3010G197632	0
SORBI_3010G197700	0
SORBI_3010G197800	36
SORBI_3010G197900	31
SORBI_3010G198000	37
SORBI_3010G198100	0
SORBI_3010G198200	0
SORBI_3010G198400	0
SORBI_3010G198500	0
SORBI_3010G198600	2
SORBI_3010G198700	0
SORBI_3010G198800	2.038
SORBI_3010G198900	0
SORBI_3010G199000	0
SORBI_3010G199100	61
SORBI_3010G199200	5201
SORBI_3010G199300	52
SORBI_3010G199500	0
SORBI_3010G199600	676.176
SORBI_3010G199700	9.002
SORBI_3010G199800	291
SORBI_3010G199900	355
SORBI_3010G200000	0
SORBI_3010G200100	0
SORBI_3010G200200	0
SORBI_3010G200300	0
SORBI_3010G200400	0
SORBI_3010G200600	2
SORBI_3010G200700	871.913
SORBI_3010G200800	27
SORBI_3010G200900	0
SORBI_3010G201000	0
SORBI_3010G201100	0
ENSRNA049483793	0
ENSRNA049996856	0
SORBI_3010G201200	9
SORBI_3010G201266	0
SORBI_3010G201332	0
SORBI_3010G201388	30
SORBI_3010G201444	0
SORBI_3010G201500	582.029
SORBI_3010G201600	21
SORBI_3010G201700	76
SORBI_3010G201900	45
SORBI_3010G202000	18
SORBI_3010G202100	0
SORBI_3010G202200	0
SORBI_3010G202300	111
SORBI_3010G202400	0
SORBI_3010G202450	0
SORBI_3010G202500	145
SORBI_3010G202600	3773.878
SORBI_3010G202700	0
SORBI_3010G202800	4
SORBI_3010G202900	36
SORBI_3010G203000	0
SORBI_3010G203100	27
SORBI_3010G203150	0
SORBI_3010G203200	662.984
SORBI_3010G203300	140
SORBI_3010G203400	0
SORBI_3010G203500	1
SORBI_3010G203600	117
SORBI_3010G203700	0
SORBI_3010G203800	0
SORBI_3010G204000	0
SORBI_3010G204100	12
SORBI_3010G204200	1
SORBI_3010G204300	2273
SORBI_3010G204400	525
SORBI_3010G204500	455
SORBI_3010G204600	2094.033
SORBI_3010G204700	0
SORBI_3010G204900	97
SORBI_3010G205000	13
SORBI_3010G205100	485
SORBI_3010G205200	2782.224
SORBI_3010G205300	489.591
SORBI_3010G205400	976.275
SORBI_3010G205500	2161.04
SORBI_3010G205600	303
SORBI_3010G205700	88
SORBI_3010G205800	563.998
SORBI_3010G205900	708
SORBI_3010G206000	114
SORBI_3010G206100	0
SORBI_3010G206200	701.407
SORBI_3010G206300	1610.571
SORBI_3010G206400	0
SORBI_3010G206501	0
SORBI_3010G206600	0
SORBI_3010G206700	0
SORBI_3010G206800	43
SORBI_3010G206900	1187.023
SORBI_3010G207100	434.003
SORBI_3010G207175	2
SORBI_3010G207250	71
SORBI_3010G207325	0
SORBI_3010G207400	1825.474
SORBI_3010G207450	0
SORBI_3010G207500	1007.932
SORBI_3010G207600	313.134
SORBI_3010G207700	115
SORBI_3010G207800	1
SORBI_3010G207900	0
SORBI_3010G208000	64
SORBI_3010G208100	0
SORBI_3010G208200	0
SORBI_3010G208300	0
SORBI_3010G208400	178
SORBI_3010G208500	66.003
SORBI_3010G208600	18
SORBI_3010G208700	34
SORBI_3010G208750	0
SORBI_3010G208800	0
SORBI_3010G208900	47
ENSRNA049442880	0
SORBI_3010G209000	223
SORBI_3010G209100	665.692
SORBI_3010G209200	284.997
SORBI_3010G209300	0
SORBI_3010G209400	596
SORBI_3010G209501	72
ENSRNA049996849	0
SORBI_3010G209600	65
SORBI_3010G209700	72
SORBI_3010G209800	0
SORBI_3010G209900	66
SORBI_3010G210000	1094
SORBI_3010G210050	0
SORBI_3010G210100	0
SORBI_3010G210200	444.12
SORBI_3010G210300	109
SORBI_3010G210400	1
SORBI_3010G210500	97
SORBI_3010G210600	277
SORBI_3010G210700	89
SORBI_3010G210800	14
SORBI_3010G211000	1
SORBI_3010G210900	0
SORBI_3010G211100	5
SORBI_3010G211200	51
SORBI_3010G211300	420.037
SORBI_3010G211400	1
SORBI_3010G211500	364
SORBI_3010G211600	0
SORBI_3010G211700	1
SORBI_3010G211800	73
SORBI_3010G211900	1
SORBI_3010G212000	8
SORBI_3010G212100	3
SORBI_3010G212200	115
ENSRNA049442929	0
SORBI_3010G212350	0
SORBI_3010G212500	0
SORBI_3010G212600	0
SORBI_3010G212700	0
SORBI_3010G212800	1
SORBI_3010G212900	0
SORBI_3010G213000	13
SORBI_3010G213100	0
SORBI_3010G213200	249
SORBI_3010G213301	0
SORBI_3010G213400	626
ENSRNA049996839	0
SORBI_3010G213500	623.911
SORBI_3010G213600	42
SORBI_3010G213700	4
SORBI_3010G213800	9
SORBI_3010G213900	1
SORBI_3010G214000	278
SORBI_3010G214100	117
SORBI_3010G214150	4
SORBI_3010G214200	151
SORBI_3010G214300	0
SORBI_3010G214400	3
SORBI_3010G214500	0
SORBI_3010G214600	29
SORBI_3010G214700	18
SORBI_3010G214800	13
SORBI_3010G214900	832
SORBI_3010G214950	0
SORBI_3010G215000	0
SORBI_3010G215100	0
SORBI_3010G215201	0
SORBI_3010G215300	4
SORBI_3010G215400	7
SORBI_3010G215500	69
SORBI_3010G215600	781
SORBI_3010G215700	0
SORBI_3010G215800	6
SORBI_3010G215900	36
SORBI_3010G216000	1462.347
SORBI_3010G216100	0
SORBI_3010G216200	279.004
ENSRNA049483680	0
SORBI_3010G216300	381
SORBI_3010G216400	10
SORBI_3010G216500	0
SORBI_3010G216600	0
SORBI_3010G216700	0
SORBI_3010G216800	0
SORBI_3010G216901	0
SORBI_3010G217001	0
SORBI_3010G217100	197
SORBI_3010G217200	162.754
SORBI_3010G217400	195
SORBI_3010G217466	0
SORBI_3010G217532	25
SORBI_3010G217600	217
SORBI_3010G217700	9
SORBI_3010G217800	45
SORBI_3010G217900	233
SORBI_3010G218000	78
SORBI_3010G218100	40
SORBI_3010G218200	15
SORBI_3010G218300	140
SORBI_3010G218400	3247
ENSRNA049996830	0
SORBI_3010G218500	491
SORBI_3010G218600	39
SORBI_3010G218700	10
SORBI_3010G218800	0
SORBI_3010G218900	0
SORBI_3010G219000	132
SORBI_3010G219100	825.99
SORBI_3010G219200	0
SORBI_3010G219300	0
SORBI_3010G219400	114
SORBI_3010G219500	15
SORBI_3010G219600	147
SORBI_3010G219700	64
SORBI_3010G219800	747.533
SORBI_3010G219900	8
SORBI_3010G220000	31
SORBI_3010G220100	608
SORBI_3010G220200	304
SORBI_3010G220300	0
SORBI_3010G220400	0
SORBI_3010G220500	802
SORBI_3010G220600	651
SORBI_3010G220700	0
SORBI_3010G220800	0
SORBI_3010G220900	257
SORBI_3010G220966	0
SORBI_3010G221032	283
SORBI_3010G221100	0
SORBI_3010G221200	0
SORBI_3010G221300	5
SORBI_3010G221400	33
SORBI_3010G221500	0
SORBI_3010G221600	288
SORBI_3010G221700	1
ENSRNA049996820	0
SORBI_3010G221800	1018.619
SORBI_3010G221900	0
SORBI_3010G222000	0
SORBI_3010G222050	0
SORBI_3010G222100	14
SORBI_3010G222200	0
SORBI_3010G222300	1
SORBI_3010G222400	76
SORBI_3010G222501	0
SORBI_3010G222600	0
SORBI_3010G222666	0
SORBI_3010G222732	0
SORBI_3010G222800	44
SORBI_3010G222900	91
SORBI_3010G223100	401
SORBI_3010G223200	5198.961
SORBI_3010G223300	332.808
SORBI_3010G223400	500
SORBI_3010G223500	23
SORBI_3010G223600	1405
SORBI_3010G223700	312.373
SORBI_3010G223800	34
SORBI_3010G223900	503
SORBI_3010G224000	621.999
SORBI_3010G224100	92
SORBI_3010G224200	487
SORBI_3010G224300	398
ENSRNA049483783	0
SORBI_3010G224400	15
SORBI_3010G224501	214
SORBI_3010G224600	0
SORBI_3010G224700	501
SORBI_3010G224800	106
SORBI_3010G224900	4205.549
SORBI_3010G225001	3
SORBI_3010G225100	526.313
SORBI_3010G225125	0
SORBI_3010G225150	1
SORBI_3010G225175	0
SORBI_3010G225201	41
SORBI_3010G225226	63
SORBI_3010G225251	1
SORBI_3010G225276	0
SORBI_3010G225300	292
SORBI_3010G225400	0
SORBI_3010G225500	0
SORBI_3010G225600	1.052
SORBI_3010G225701	370
SORBI_3010G225801	0
SORBI_3010G225900	0
SORBI_3010G225950	0
SORBI_3010G226000	733
SORBI_3010G226100	3
SORBI_3010G226201	0
SORBI_3010G226300	0
SORBI_3010G226400	4
SORBI_3010G226500	0
SORBI_3010G226600	0
SORBI_3010G226700	0
SORBI_3010G226800	0
SORBI_3010G226901	21
SORBI_3010G227000	53
SORBI_3010G227100	117
SORBI_3010G227150	0
SORBI_3010G227200	9
SORBI_3010G227300	54
SORBI_3010G227400	404
SORBI_3010G227600	0
ENSRNA049442964	0
SORBI_3010G227800	141
SORBI_3010G227900	0
SORBI_3010G227950	2
ENSRNA049996814	0
SORBI_3010G228000	3797.504
SORBI_3010G228100	0
SORBI_3010G228200	0
SORBI_3010G228300	0
SORBI_3010G228400	423
SORBI_3010G228500	523
SORBI_3010G228600	67
SORBI_3010G228700	327
SORBI_3010G228800	0
SORBI_3010G229000	1396
SORBI_3010G229025	0
SORBI_3010G229050	0
SORBI_3010G229075	0
SORBI_3010G229100	0
SORBI_3010G229200	0
SORBI_3010G229300	0
SORBI_3010G229400	272
SORBI_3010G229450	6
SORBI_3010G229500	1
SORBI_3010G229600	44
SORBI_3010G229801	0
SORBI_3010G230000	66
SORBI_3010G230100	0
ENSRNA049483688	0
ENSRNA049483729	0
ENSRNA049483746	0
ENSRNA049483777	0
ENSRNA049483773	0
SORBI_3010G230200	0
SORBI_3010G230300	8
SORBI_3010G230400	0
SORBI_3010G230500	344.002
SORBI_3010G230600	223
SORBI_3010G230700	781.185
SORBI_3010G230800	0
SORBI_3010G230900	0
SORBI_3010G231000	0
SORBI_3010G231050	0
SORBI_3010G231100	149
SORBI_3010G231200	1
SORBI_3010G231300	600.102
SORBI_3010G231350	0
SORBI_3010G231400	1
SORBI_3010G231500	215
SORBI_3010G231600	0
SORBI_3010G231700	72
SORBI_3010G231800	13
SORBI_3010G231900	47
SORBI_3010G232000	1
SORBI_3010G232100	13561.748
SORBI_3010G232200	123.64
SORBI_3010G232300	0
SORBI_3010G232400	76.583
SORBI_3010G232500	293
SORBI_3010G232600	825
SORBI_3010G232700	42
SORBI_3010G232750	107
ENSRNA049483731	0
ENSRNA049483739	0
ENSRNA049483759	0
ENSRNA049483794	0
ENSRNA049483787	0
ENSRNA049483695	0
ENSRNA049483754	0
ENSRNA049483767	0
ENSRNA049483681	0
ENSRNA049483780	0
ENSRNA049483683	0
SORBI_3010G232800	0
SORBI_3010G232900	95
SORBI_3010G233000	339
ENSRNA049483692	4
SORBI_3010G233100	83.845
ENSRNA049483730	0
ENSRNA049483697	1
ENSRNA049483775	0.5
ENSRNA049483698	2
ENSRNA049483755	13
ENSRNA049483796	0
ENSRNA049483690	15
ENSRNA049483684	3.155
SORBI_3010G233200	1875
SORBI_3010G233300	0
SORBI_3010G233400	77
SORBI_3010G233450	80
SORBI_3010G233500	0
SORBI_3010G233600	1
SORBI_3010G233700	1
SORBI_3010G233800	108
SORBI_3010G233900	14
SORBI_3010G234000	2551.915
SORBI_3010G234100	68.618
SORBI_3010G234200	2
SORBI_3010G234300	4
SORBI_3010G234400	0
SORBI_3010G234500	1
SORBI_3010G234600	1984.288
SORBI_3010G234700	19
SORBI_3010G234800	25
SORBI_3010G234900	4.006
SORBI_3010G235000	271
SORBI_3010G235100	1
SORBI_3010G235200	363
SORBI_3010G235300	0
SORBI_3010G235400	0
SORBI_3010G235500	16
SORBI_3010G235550	0
SORBI_3010G235600	27
SORBI_3010G235700	106.987
SORBI_3010G235800	36
SORBI_3010G235900	0
SORBI_3010G236000	0
SORBI_3010G236100	718.998
SORBI_3010G236200	450.999
SORBI_3010G236300	432.011
SORBI_3010G236400	349
SORBI_3010G236500	364
SORBI_3010G236600	72
SORBI_3010G236700	10
SORBI_3010G236800	14
SORBI_3010G236900	302.427
SORBI_3010G236950	0
SORBI_3010G237000	1141
SORBI_3010G237100	0
SORBI_3010G237200	2
SORBI_3010G237300	0
SORBI_3010G237400	0
SORBI_3010G237500	0
SORBI_3010G237650	275
SORBI_3010G237800	196
SORBI_3010G237900	119
SORBI_3010G238000	0
SORBI_3010G238100	16
SORBI_3010G238300	0
SORBI_3010G238400	12
SORBI_3010G238500	0
SORBI_3010G238600	93
SORBI_3010G238700	1137
SORBI_3010G238800	2775
SORBI_3010G238900	7
SORBI_3010G239033	0
SORBI_3010G239166	0
SORBI_3010G239300	0
SORBI_3010G239400	14
SORBI_3010G239500	2203.147
SORBI_3010G239600	13002.966
SORBI_3010G239700	45
SORBI_3010G239800	344
SORBI_3010G239900	308
SORBI_3010G240001	17
SORBI_3010G240100	247.001
SORBI_3010G240200	0
SORBI_3010G240300	0
SORBI_3010G240400	25
SORBI_3010G240500	299.003
SORBI_3010G240600	0
SORBI_3010G240700	7.001
SORBI_3010G240800	162
SORBI_3010G240900	419.001
SORBI_3010G241000	1219.73
SORBI_3010G241100	0
SORBI_3010G241200	26
SORBI_3010G241300	20
SORBI_3010G241400	0
SORBI_3010G241450	0
SORBI_3010G241500	118
SORBI_3010G241600	77
SORBI_3010G241700	0
SORBI_3010G241800	0
SORBI_3010G241900	0
SORBI_3010G242000	2
SORBI_3010G242100	7
SORBI_3010G242200	31
SORBI_3010G242300	91
SORBI_3010G242400	143
SORBI_3010G242500	1
SORBI_3010G242600	0
SORBI_3010G242700	0
SORBI_3010G242800	0
SORBI_3010G242900	554.309
SORBI_3010G243000	2
SORBI_3010G243100	0
SORBI_3010G243200	580
SORBI_3010G243300	2
SORBI_3010G243400	329
SORBI_3010G243600	4
SORBI_3010G243700	14
SORBI_3010G243800	1
SORBI_3010G243900	922.797
SORBI_3010G244000	23
SORBI_3010G244100	15
SORBI_3010G244150	0
SORBI_3010G244200	0
SORBI_3010G244300	0
SORBI_3010G244400	21
SORBI_3010G244500	8
SORBI_3010G244600	19
SORBI_3010G244701	0
SORBI_3010G244800	9
SORBI_3010G244900	43
SORBI_3010G245000	65
SORBI_3010G245100	44
SORBI_3010G245200	159
SORBI_3010G245300	0
SORBI_3010G245400	0
SORBI_3010G245500	7
SORBI_3010G245601	0
SORBI_3010G245701	0
SORBI_3010G245800	1645
SORBI_3010G245900	92
SORBI_3010G246000	7312.606
SORBI_3010G246066	0
SORBI_3010G246132	2
SORBI_3010G246200	66
SORBI_3010G246300	44
SORBI_3010G246400	10309.93
SORBI_3010G246500	0
SORBI_3010G246600	295
SORBI_3010G246650	0
SORBI_3010G246700	21
SORBI_3010G246800	0
SORBI_3010G246900	0
SORBI_3010G247000	0
SORBI_3010G247100	0
SORBI_3010G247200	56
SORBI_3010G247300	0
SORBI_3010G247400	180
SORBI_3010G247500	14
SORBI_3010G247600	2
SORBI_3010G247700	0
SORBI_3010G247800	1165
SORBI_3010G247750	0
SORBI_3010G247900	10
SORBI_3010G248000	113
SORBI_3010G248100	510
SORBI_3010G248150	0
SORBI_3010G248200	32
SORBI_3010G248301	267.533
SORBI_3010G248400	0
SORBI_3010G248500	0
SORBI_3010G248600	4
SORBI_3010G248700	172
SORBI_3010G248800	44
SORBI_3010G248900	30
SORBI_3010G249000	12
SORBI_3010G249100	707
SORBI_3010G249200	256.012
SORBI_3010G249300	90
SORBI_3010G249400	0
SORBI_3010G249500	641.907
SORBI_3010G249600	36.091
SORBI_3010G249700	28
SORBI_3010G249800	0
SORBI_3010G249900	35.001
SORBI_3010G250000	232.762
SORBI_3010G250100	142
SORBI_3010G250200	319
SORBI_3010G250300	11
SORBI_3010G250400	183
SORBI_3010G250500	9
SORBI_3010G250600	24
SORBI_3010G250700	0
ENSRNA049483763	0
SORBI_3010G250800	249
SORBI_3010G250900	453
SORBI_3010G251000	1783.185
SORBI_3010G251100	11082.81
SORBI_3010G251200	593.001
SORBI_3010G251300	1130
SORBI_3010G251400	118.001
SORBI_3010G251501	0
SORBI_3010G251600	749
SORBI_3010G251700	0
SORBI_3010G251800	0
SORBI_3010G251900	1
SORBI_3010G252000	4
SORBI_3010G252100	0
SORBI_3010G252200	36
SORBI_3010G252301	0
SORBI_3010G252401	0
SORBI_3010G252500	48
SORBI_3010G252550	0
SORBI_3010G252600	3
SORBI_3010G252700	154
SORBI_3010G252800	0
SORBI_3010G252900	25
SORBI_3010G253000	39
SORBI_3010G253100	40
SORBI_3010G253200	19
SORBI_3010G253250	0
SORBI_3010G253300	534
SORBI_3010G253400	125
SORBI_3010G253500	179.135
SORBI_3010G253600	0
SORBI_3010G253700	1
SORBI_3010G253800	168
SORBI_3010G253901	2
SORBI_3010G254000	0
SORBI_3010G254100	0
SORBI_3010G254200	335
SORBI_3010G254300	85
SORBI_3010G254401	0
SORBI_3010G254500	51
SORBI_3010G254801	1
SORBI_3010G254700	0
SORBI_3010G254900	254.125
SORBI_3010G255000	0
SORBI_3010G255100	728
SORBI_3010G255200	0
SORBI_3010G255300	167
SORBI_3010G255400	48
SORBI_3010G255500	25
SORBI_3010G255600	41
SORBI_3010G255700	226
SORBI_3010G255800	18
SORBI_3010G255900	25.998
SORBI_3010G256000	20
SORBI_3010G256100	0
SORBI_3010G256200	205
SORBI_3010G256300	0
SORBI_3010G256400	0
SORBI_3010G256433	16
SORBI_3010G256466	6
SORBI_3010G256500	0
SORBI_3010G256600	155
SORBI_3010G256700	180.142
SORBI_3010G256800	148.211
SORBI_3010G256866	2
SORBI_3010G256932	36.858
SORBI_3010G257000	75.124
SORBI_3010G257100	1367
SORBI_3010G257300	82
SORBI_3010G257200	0
SORBI_3010G257400	124
SORBI_3010G257500	76
SORBI_3010G257600	44
SORBI_3010G257700	4
SORBI_3010G257800	0
SORBI_3010G257900	0
SORBI_3010G258000	916.012
SORBI_3010G258100	491
SORBI_3010G258200	0
SORBI_3010G258300	396
SORBI_3010G258400	0
SORBI_3010G258500	192
SORBI_3010G258600	14
SORBI_3010G258700	3
SORBI_3010G258800	1191
SORBI_3010G258900	0
SORBI_3010G259001	0
SORBI_3010G259100	18
SORBI_3010G259200	3
SORBI_3010G259233	36
SORBI_3010G259266	0
SORBI_3010G259300	298.907
SORBI_3010G259400	0
SORBI_3010G259500	30.01
SORBI_3010G259600	304.99
SORBI_3010G259700	33
SORBI_3010G259800	0
ENSRNA049483720	0
ENSRNA049483752	0
ENSRNA049483706	0
SORBI_3010G259900	373.001
ENSRNA049483710	0
ENSRNA049483749	0
ENSRNA049483713	0
ENSRNA049483719	0
SORBI_3010G260000	69
SORBI_3010G260100	295.999
ENSRNA049483717	0
ENSRNA049483744	1
ENSRNA049483727	0
ENSRNA049483723	0
ENSRNA049483725	0
SORBI_3010G260200	9
SORBI_3010G260300	290
SORBI_3010G260400	103
SORBI_3010G260500	623
SORBI_3010G260600	16
SORBI_3010G260700	1
SORBI_3010G260800	9
SORBI_3010G260900	3
SORBI_3010G261000	0
SORBI_3010G261100	31
SORBI_3010G261200	0
SORBI_3010G261300	247.002
SORBI_3010G261400	24
SORBI_3010G261500	735.55
SORBI_3010G261600	738.335
SORBI_3010G261700	7
SORBI_3010G261800	8
SORBI_3010G261900	0
SORBI_3010G262000	175
SORBI_3010G262100	93
SORBI_3010G262200	154
SORBI_3010G262300	451
SORBI_3010G262400	6
SORBI_3010G262433	3734.277
SORBI_3010G262466	2914.674
SORBI_3010G262500	7916.839
SORBI_3010G262550	0
SORBI_3010G262600	0
SORBI_3010G262650	0
SORBI_3010G262700	0
SORBI_3010G262800	211.985
SORBI_3010G262900	233
SORBI_3010G262950	0
SORBI_3010G263001	57
SORBI_3010G263051	0
SORBI_3010G263101	0
SORBI_3010G263151	0
SORBI_3010G263200	0
SORBI_3010G263300	0
SORBI_3010G263400	0
SORBI_3010G263500	0
SORBI_3010G263600	11
SORBI_3010G263700	2
SORBI_3010G263800	548.165
SORBI_3010G263900	349
SORBI_3010G263950	0
SORBI_3010G264000	245
SORBI_3010G264100	710.013
SORBI_3010G264150	0
SORBI_3010G264200	323.54
SORBI_3010G264300	388
SORBI_3010G264400	1603.969
SORBI_3010G264450	0
SORBI_3010G264500	3
SORBI_3010G264601	0
SORBI_3010G264700	201.376
ENSRNA049996808	1.676
SORBI_3010G265300	219
SORBI_3010G265400	0
SORBI_3010G265500	25
SORBI_3010G265600	1875.835
SORBI_3010G265700	78
SORBI_3010G265800	382
SORBI_3010G265900	63
SORBI_3010G266000	60.539
SORBI_3010G266100	0
SORBI_3010G266200	465.998
SORBI_3010G266300	1656.496
SORBI_3010G266400	0
SORBI_3010G266500	200
SORBI_3010G266600	0
SORBI_3010G266700	98
SORBI_3010G266800	549
SORBI_3010G266900	1010
SORBI_3010G267000	51.949
SORBI_3010G267100	49
SORBI_3010G267200	37
SORBI_3010G267300	2
SORBI_3010G267400	1942.456
SORBI_3010G267500	451.246
SORBI_3010G267450	0
SORBI_3010G267600	2246.004
SORBI_3010G267650	6
SORBI_3010G267700	63
SORBI_3010G267900	57
SORBI_3010G268001	1
SORBI_3010G268100	83
SORBI_3010G268200	452.206
SORBI_3010G268300	980.999
SORBI_3010G268400	314
SORBI_3010G268500	0
SORBI_3010G268600	0
SORBI_3010G268700	0
SORBI_3010G268800	2
SORBI_3010G268900	0
SORBI_3010G269000	1
SORBI_3010G269100	236
SORBI_3010G269200	37
SORBI_3010G269300	77
SORBI_3010G269400	174
SORBI_3010G269500	92
SORBI_3010G269600	779
SORBI_3010G269700	9
SORBI_3010G269800	28
SORBI_3010G269950	0
SORBI_3010G264900	175.978
SORBI_3010G270100	70.001
SORBI_3010G265100	0
SORBI_3010G267651	0
SORBI_3010G270200	2
SORBI_3010G270300	111
SORBI_3010G270500	58
SORBI_3010G270700	17
SORBI_3010G270800	0
SORBI_3010G270900	0
SORBI_3010G271000	0
SORBI_3010G271100	115.981
SORBI_3010G271200	0
SORBI_3010G271300	0
SORBI_3010G271400	0
SORBI_3010G271501	23
SORBI_3010G271600	0
SORBI_3010G271700	7
SORBI_3010G271800	0
SORBI_3010G271901	0
SORBI_3010G272000	259
SORBI_3010G272101	762.014
SORBI_3010G272200	165
SORBI_3010G272300	7
SORBI_3010G272400	0
SORBI_3010G272501	29
SORBI_3010G272600	0
SORBI_3010G272700	0
SORBI_3010G272800	570.59
SORBI_3010G272900	1
SORBI_3010G273000	184
SORBI_3010G273100	0
SORBI_3010G273200	0
SORBI_3010G273300	146
SORBI_3010G273400	3
SORBI_3010G273500	0
SORBI_3010G273600	0
SORBI_3010G273700	100
SORBI_3010G273800	1337
SORBI_3010G273900	692
SORBI_3010G274000	1
SORBI_3010G274100	0
SORBI_3010G274200	0
SORBI_3010G274300	0
SORBI_3010G274400	0
SORBI_3010G274500	2057.12
SORBI_3010G274600	106
SORBI_3010G274700	3
SORBI_3010G274800	179
SORBI_3010G274900	57
SORBI_3010G275001	19
SORBI_3010G275100	2
SORBI_3010G275150	34
SORBI_3010G275200	3023.681
SORBI_3010G275300	0
SORBI_3010G275400	602.018
SORBI_3010G275500	1408
SORBI_3010G275550	0
SORBI_3010G275600	0
SORBI_3010G275700	273.082
SORBI_3010G275800	415
SORBI_3010G276000	7
SORBI_3010G276100	5
SORBI_3010G276200	0
SORBI_3010G276301	0
SORBI_3010G276400	149
SORBI_3010G276500	0
SORBI_3010G276600	288
SORBI_3010G276700	2
SORBI_3010G276800	721.352
SORBI_3010G276850	19
SORBI_3010G276900	136
SORBI_3010G277000	105
SORBI_3010G277100	702.782
SORBI_3010G277200	44
ENSRNA049443062	0
SORBI_3010G277300	909
SORBI_3010G277400	0
SORBI_3010G277500	270.009
SORBI_3010G277550	1
SORBI_3010G277600	178
SORBI_3010G277700	16
SORBI_3010G277800	527
SORBI_3010G277900	207
SORBI_3010G278000	467
SORBI_3010G278100	60.359
SORBI_3010G278200	1756.881
SORBI_3010G278300	427
SORBI_3010G278400	105.502
SORBI_3010G278500	239.45
SORBI_3010G278600	681.862
SORBI_3010G278700	106
SORBI_3010G278800	869.026
SORBI_3010G278900	0
SORBI_3010G279000	863.695
SORBI_3010G279100	145
SORBI_3010G279200	26
ENSRNA049443052	0
SORBI_3010G279300	16
SORBI_3010G279450	895.953
SORBI_3010G279600	0
SORBI_3010G279700	674
SORBI_3010G279800	196
SORBI_3010G279900	504
SORBI_3010G280000	0
SORBI_3010G280100	274
SORBI_3002G000200	1
SORBI_3002G000300	119.844
SORBI_3002G000350	0
SORBI_3002G000400	34
SORBI_3002G000500	213
SORBI_3002G000600	223.009
SORBI_3002G000700	509.009
SORBI_3002G000800	0
SORBI_3002G000900	0
SORBI_3002G001000	2026
SORBI_3002G001100	27
SORBI_3002G001200	0
SORBI_3002G001300	0
SORBI_3002G001400	34
SORBI_3002G001500	135.3
SORBI_3002G001600	179.7
ENSRNA049996800	1
SORBI_3002G001700	70.005
SORBI_3002G001800	35
SORBI_3002G001900	4
SORBI_3002G002000	3
SORBI_3002G002100	186
SORBI_3002G002200	169
SORBI_3002G002300	1
SORBI_3002G002400	8
SORBI_3002G002500	1035.681
SORBI_3002G002600	0
SORBI_3002G002700	114
SORBI_3002G002800	1
SORBI_3002G002900	0
SORBI_3002G003000	258
SORBI_3002G003100	0
SORBI_3002G003200	0
SORBI_3002G003300	203.306
SORBI_3002G003400	0
SORBI_3002G003500	1
SORBI_3002G003601	0
SORBI_3002G003700	0
SORBI_3002G003800	5
SORBI_3002G003900	0
SORBI_3002G004000	6
SORBI_3002G004100	4
SORBI_3002G004200	0
SORBI_3002G004300	0
SORBI_3002G004400	0
SORBI_3002G004500	0
SORBI_3002G004600	84
SORBI_3002G004700	29
SORBI_3002G004800	690
SORBI_3002G004900	37
SORBI_3002G005000	372
SORBI_3002G005100	3
SORBI_3002G005200	2
SORBI_3002G005300	21
SORBI_3002G005400	2
SORBI_3002G005500	0
SORBI_3002G005600	919.998
SORBI_3002G005700	245.072
SORBI_3002G005800	1132
SORBI_3002G006001	4
SORBI_3002G005900	0
SORBI_3002G006100	42
SORBI_3002G006200	0
SORBI_3002G006300	237
SORBI_3002G006401	97.998
SORBI_3002G006500	0
SORBI_3002G006600	1449.921
SORBI_3002G006700	0
SORBI_3002G006801	0
SORBI_3002G006900	1319
SORBI_3002G007000	6
SORBI_3002G007100	3686.913
SORBI_3002G007200	23
SORBI_3002G007250	0
SORBI_3002G007300	0
SORBI_3002G007400	0
SORBI_3002G007500	0
SORBI_3002G007600	0
SORBI_3002G007700	0
SORBI_3002G007800	66
SORBI_3002G007900	0
SORBI_3002G008000	0
SORBI_3002G008100	308.001
SORBI_3002G008200	1
SORBI_3002G008300	36.001
SORBI_3002G008400	0
SORBI_3002G008500	342
SORBI_3002G008600	10
SORBI_3002G008701	3.006
SORBI_3002G008800	395.994
SORBI_3002G008900	1365.101
SORBI_3002G009000	0
SORBI_3002G009100	0
SORBI_3002G009200	163
SORBI_3002G009300	497
SORBI_3002G009401	11
SORBI_3002G009500	12
SORBI_3002G009600	53
SORBI_3002G009700	56
SORBI_3002G009800	455.173
SORBI_3002G009900	587
ENSRNA049442577	0
SORBI_3002G010000	1
SORBI_3002G010100	746.165
SORBI_3002G010150	0
SORBI_3002G010200	1211
SORBI_3002G010300	1469.679
SORBI_3002G010400	6
SORBI_3002G010500	0
SORBI_3002G010600	0
SORBI_3002G010700	6
SORBI_3002G010800	148
SORBI_3002G010900	1
SORBI_3002G011000	0
SORBI_3002G011100	32
SORBI_3002G011200	0
SORBI_3002G011300	0
SORBI_3002G011400	0
SORBI_3002G011500	0
SORBI_3002G011600	0
SORBI_3002G011700	1
SORBI_3002G011800	41
SORBI_3002G011900	4
SORBI_3002G012000	0
SORBI_3002G012100	0
SORBI_3002G012200	0
SORBI_3002G012300	0
SORBI_3002G012350	0
SORBI_3002G012400	1
SORBI_3002G012500	0
SORBI_3002G012600	0
SORBI_3002G012650	0
SORBI_3002G012700	2
SORBI_3002G012800	7
SORBI_3002G012900	0
SORBI_3002G013000	0
SORBI_3002G013200	0
SORBI_3002G013300	5
SORBI_3002G013400	7
SORBI_3002G013500	1
SORBI_3002G013550	0
SORBI_3002G013600	1
SORBI_3002G013700	101
SORBI_3002G013800	0
SORBI_3002G013850	0
SORBI_3002G013900	3
SORBI_3002G013966	1
SORBI_3002G014032	0
SORBI_3002G014100	0
SORBI_3002G014200	7
SORBI_3002G014250	0
SORBI_3002G014300	0
SORBI_3002G014400	1945.556
SORBI_3002G014500	269
SORBI_3002G014600	32
SORBI_3002G014700	37
SORBI_3002G014800	90
SORBI_3002G014900	0
SORBI_3002G015000	0
SORBI_3002G015100	0
SORBI_3002G015200	0
SORBI_3002G015266	0
SORBI_3002G015332	7.994
SORBI_3002G015400	0
SORBI_3002G015500	0
SORBI_3002G015600	0
SORBI_3002G015700	0
SORBI_3002G015800	4
SORBI_3002G015900	0
SORBI_3002G015950	0
SORBI_3002G016000	0
SORBI_3002G016100	154
SORBI_3002G016200	157
SORBI_3002G016250	0
SORBI_3002G016300	31
SORBI_3002G016400	1
SORBI_3002G016500	3
SORBI_3002G016600	56
SORBI_3002G016700	0
SORBI_3002G016800	0
SORBI_3002G016900	18
SORBI_3002G017000	0
SORBI_3002G017100	0
SORBI_3002G017201	1
SORBI_3002G017300	0
SORBI_3002G017400	0
SORBI_3002G017500	104
SORBI_3002G017600	28
SORBI_3002G017700	3
SORBI_3002G017750	6
SORBI_3002G017800	31
SORBI_3002G017900	404
SORBI_3002G018000	0
SORBI_3002G018100	0
SORBI_3002G018133	0
SORBI_3002G018166	0
SORBI_3002G018200	0
SORBI_3002G018250	0
SORBI_3002G018300	265
SORBI_3002G018400	0
SORBI_3002G018500	0
SORBI_3002G018600	107
SORBI_3002G018700	0
SORBI_3002G018800	0
SORBI_3002G018901	7.062
SORBI_3002G019000	0
SORBI_3002G019100	0
SORBI_3002G019200	0
SORBI_3002G019300	0
SORBI_3002G019400	1
SORBI_3002G019500	20
SORBI_3002G019600	69
SORBI_3002G019750	0
SORBI_3002G019900	0
SORBI_3002G020000	0
SORBI_3002G020100	1
SORBI_3002G020200	45
SORBI_3002G020301	0
SORBI_3002G020400	238
SORBI_3002G020500	9
ENSRNA049996789	0
SORBI_3002G020600	96
ENSRNA049441289	0
SORBI_3002G020700	645.854
SORBI_3002G020800	1
SORBI_3002G020900	113
SORBI_3002G020950	0
SORBI_3002G021000	13
SORBI_3002G021066	4
SORBI_3002G021132	16
SORBI_3002G021200	56
SORBI_3002G021300	416
ENSRNA049471543	4
SORBI_3002G021500	0
SORBI_3002G021600	4
SORBI_3002G021700	18
SORBI_3002G021900	4
SORBI_3002G022000	0
SORBI_3002G022100	0
SORBI_3002G022200	16
SORBI_3002G022300	10
SORBI_3002G022400	1346.056
SORBI_3002G022500	0
SORBI_3002G022600	0
SORBI_3002G022700	0
SORBI_3002G022800	16
SORBI_3002G022900	2
SORBI_3002G023000	5
SORBI_3002G023100	94.064
SORBI_3002G023200	1
SORBI_3002G023300	14
SORBI_3002G023400	0
SORBI_3002G023500	0
SORBI_3002G023600	23
SORBI_3002G023700	0
SORBI_3002G023900	1555.995
SORBI_3002G024000	25
SORBI_3002G024100	228
SORBI_3002G024200	13
SORBI_3002G024300	0
SORBI_3002G024400	62
SORBI_3002G024500	0
SORBI_3002G024650	0
SORBI_3002G024800	0
SORBI_3002G025000	26
SORBI_3002G025100	0
SORBI_3002G025200	0
SORBI_3002G025300	0
SORBI_3002G025400	0
SORBI_3002G025500	0
SORBI_3002G025600	0
SORBI_3002G025700	17
SORBI_3002G025900	0
SORBI_3002G026000	0
SORBI_3002G026100	5
SORBI_3002G026150	1
SORBI_3002G026200	22
SORBI_3002G026300	3047.548
SORBI_3002G026500	0
SORBI_3002G026600	0
SORBI_3002G026700	0
SORBI_3002G026800	0
SORBI_3002G026900	0
SORBI_3002G027100	0
SORBI_3002G027166	19.048
SORBI_3002G027232	0
SORBI_3002G027300	0
SORBI_3002G027401	0
SORBI_3002G027500	65
ENSRNA049441327	0
SORBI_3002G027600	28
SORBI_3002G027700	158
SORBI_3002G027800	351
SORBI_3002G027901	0
SORBI_3002G028000	0
SORBI_3002G028100	0
SORBI_3002G028201	0
SORBI_3002G028300	0
SORBI_3002G028400	25
SORBI_3002G028500	0
SORBI_3002G028566	0
SORBI_3002G028632	0
SORBI_3002G028700	2422.243
SORBI_3002G028800	14
SORBI_3002G028901	0
SORBI_3002G029000	0
SORBI_3002G029100	606.183
SORBI_3002G029200	0
SORBI_3002G029300	312
SORBI_3002G029400	0
SORBI_3002G029500	0
SORBI_3002G029600	34
SORBI_3002G029700	0
SORBI_3002G029900	136.128
SORBI_3002G029800	168.221
ENSRNA049471625	0
ENSRNA049471443	0
SORBI_3002G030001	1
ENSRNA049471447	0
ENSRNA049471439	0
SORBI_3002G030100	0
SORBI_3002G030200	741.807
SORBI_3002G030300	2
SORBI_3002G030400	6
SORBI_3002G030500	575.99
SORBI_3002G030575	0
SORBI_3002G030650	0
SORBI_3002G030725	0
SORBI_3002G030800	0
SORBI_3002G030900	134.126
SORBI_3002G031000	0
ENSRNA049442567	0
SORBI_3002G031100	740
SORBI_3002G031200	0
SORBI_3002G031301	0
SORBI_3002G031400	164.001
SORBI_3002G031500	51.58
ENSRNA049996783	0
SORBI_3002G031600	34.008
SORBI_3002G031700	128
SORBI_3002G031800	0
SORBI_3002G031900	34.353
SORBI_3002G032000	304.086
SORBI_3002G032033	0
SORBI_3002G032066	217.433
SORBI_3002G032100	0
SORBI_3002G032200	512.482
SORBI_3002G032400	0
SORBI_3002G032500	4
SORBI_3002G032700	61
SORBI_3002G032800	68
SORBI_3002G032900	15
SORBI_3002G033000	0
SORBI_3002G033100	0
SORBI_3002G033200	1
SORBI_3002G033300	387
SORBI_3002G033400	610.991
SORBI_3002G033500	161.998
SORBI_3002G033550	0
SORBI_3002G033600	62
SORBI_3002G033700	1814.166
SORBI_3002G033800	104
SORBI_3002G033900	31
SORBI_3002G034100	497.605
SORBI_3002G034200	0
SORBI_3002G034301	8
SORBI_3002G034400	21
SORBI_3002G034500	5187.641
SORBI_3002G034600	1312.42
SORBI_3002G034700	1148
SORBI_3002G034750	15
SORBI_3002G034800	1
SORBI_3002G034900	0
SORBI_3002G035000	0
SORBI_3002G035100	0
SORBI_3002G035200	33
SORBI_3002G035300	23
SORBI_3002G035400	77
SORBI_3002G035500	23
SORBI_3002G035600	210
SORBI_3002G035700	4
SORBI_3002G035733	0
SORBI_3002G035766	0
SORBI_3002G035800	43
SORBI_3002G035900	1881.789
SORBI_3002G036000	479.999
SORBI_3002G036100	108.504
SORBI_3002G036150	34.496
SORBI_3002G036200	0
SORBI_3002G036300	27
SORBI_3002G036400	123
SORBI_3002G036500	0
SORBI_3002G036600	0
SORBI_3002G036800	0
SORBI_3002G036850	0
SORBI_3002G036900	0
SORBI_3002G037000	0
SORBI_3002G037200	8
SORBI_3002G037300	0
SORBI_3002G037400	22
SORBI_3002G037600	8
SORBI_3002G037700	17.004
SORBI_3002G037800	83
SORBI_3002G037900	22
SORBI_3002G038000	0
SORBI_3002G038200	134
SORBI_3002G038300	93
SORBI_3002G038400	5
SORBI_3002G038500	0
SORBI_3002G038600	60.001
SORBI_3002G038733	7
SORBI_3002G038866	154
SORBI_3002G039000	1223
SORBI_3002G039100	21
SORBI_3002G039200	1285.397
SORBI_3002G039301	0
SORBI_3002G039400	0
SORBI_3002G039500	23
SORBI_3002G039600	8
SORBI_3002G039800	469
SORBI_3002G039700	0
SORBI_3002G039900	0
SORBI_3002G040100	1.002
SORBI_3002G040201	0
SORBI_3002G040300	70
SORBI_3002G040400	0
SORBI_3002G040500	0
SORBI_3002G040550	0
SORBI_3002G040600	662.995
SORBI_3002G040700	464
SORBI_3002G040800	562.235
SORBI_3002G040900	8
SORBI_3002G041000	9
SORBI_3002G041100	56.637
SORBI_3002G041150	0
SORBI_3002G041200	2.363
SORBI_3002G041300	39
SORBI_3002G041333	0
SORBI_3002G041366	0
SORBI_3002G041400	3
SORBI_3002G041533	19
SORBI_3002G041666	18.001
SORBI_3002G041800	5
SORBI_3002G041900	28
SORBI_3002G042000	1
SORBI_3002G042100	4
SORBI_3002G042200	4
SORBI_3002G042300	13
SORBI_3002G042400	206
SORBI_3002G042500	309.582
SORBI_3002G042600	1816.491
SORBI_3002G042700	0
SORBI_3002G042800	54
SORBI_3002G042900	13
SORBI_3002G043000	222
SORBI_3002G043100	766
SORBI_3002G043201	1
SORBI_3002G043300	1303.933
SORBI_3002G043400	16261.253
SORBI_3002G043500	1642.988
SORBI_3002G043600	208
SORBI_3002G043700	17
SORBI_3002G043800	340.003
SORBI_3002G043900	10
SORBI_3002G044000	555
ENSRNA049471516	0
ENSRNA049471490	0
ENSRNA049471601	0
SORBI_3002G044100	1
SORBI_3002G044200	0
SORBI_3002G044300	0
ENSRNA049471574	0
SORBI_3002G044400	1
SORBI_3002G044500	0
SORBI_3002G044600	72
SORBI_3002G044700	0
SORBI_3002G044800	0
SORBI_3002G044900	1
SORBI_3002G045000	6
SORBI_3002G045100	177.002
SORBI_3002G045200	43
SORBI_3002G045300	3873.841
SORBI_3002G045400	136.009
SORBI_3002G045600	314
SORBI_3002G045700	273.185
SORBI_3002G045800	12
SORBI_3002G045850	0
SORBI_3002G045900	2
ENSRNA049471473	0
ENSRNA049471462	0
ENSRNA049471594	0
SORBI_3002G046000	1
SORBI_3002G046100	1155.106
SORBI_3002G046150	0
SORBI_3002G046200	0
SORBI_3002G046300	261
SORBI_3002G046400	3
SORBI_3002G046500	0
SORBI_3002G046600	0
SORBI_3002G046700	28
SORBI_3002G046800	445
SORBI_3002G046900	34
SORBI_3002G047000	989.871
SORBI_3002G047100	0
SORBI_3002G047300	0
SORBI_3002G047333	14.883
SORBI_3002G047366	0
SORBI_3002G047400	268
SORBI_3002G047500	119
SORBI_3002G047600	1460.996
SORBI_3002G047700	1233.991
SORBI_3002G047800	0
SORBI_3002G047900	0
SORBI_3002G048001	22
SORBI_3002G048100	0
SORBI_3002G048200	120
SORBI_3002G048250	0
SORBI_3002G048300	0
SORBI_3002G048501	1
SORBI_3002G048700	180
SORBI_3002G048800	18
SORBI_3002G048900	1
SORBI_3002G049000	792.989
SORBI_3002G049200	435
SORBI_3002G049300	1155
SORBI_3002G049400	0
SORBI_3002G049500	0
SORBI_3002G049600	46
SORBI_3002G049700	2
SORBI_3002G049750	0
SORBI_3002G049800	0
SORBI_3002G049900	0
SORBI_3002G050000	0
SORBI_3002G050100	0
SORBI_3002G050200	155
SORBI_3002G050300	2
SORBI_3002G050400	107
SORBI_3002G050450	0
ENSRNA049441438	0
SORBI_3002G050500	37
SORBI_3002G050600	4
SORBI_3002G050700	1
SORBI_3002G050900	787.001
ENSRNA049442539	0
SORBI_3002G051000	8
SORBI_3002G051100	306
SORBI_3002G051200	75
SORBI_3002G051300	38.115
SORBI_3002G051400	307.885
SORBI_3002G051450	5
SORBI_3002G051500	10
SORBI_3002G051600	363.944
SORBI_3002G051700	973.63
SORBI_3002G051750	182
SORBI_3002G051800	300.084
SORBI_3002G051900	22
SORBI_3002G052000	290
SORBI_3002G052100	116
SORBI_3002G052300	0
SORBI_3002G052400	45.736
SORBI_3002G052500	15.264
SORBI_3002G052600	13
ENSRNA049996771	0
SORBI_3002G052700	471
SORBI_3002G052800	6
SORBI_3002G052900	103
SORBI_3002G053000	68.261
SORBI_3002G053100	0
SORBI_3002G053201	0
SORBI_3002G053200	40.999
SORBI_3002G053300	0
SORBI_3002G053350	65
SORBI_3002G053500	0
SORBI_3002G053600	64.956
SORBI_3002G053700	3
SORBI_3002G053800	0
SORBI_3002G053900	0
SORBI_3002G054000	1091.691
SORBI_3002G054100	9.335
SORBI_3002G054200	41.664
SORBI_3002G054300	498
SORBI_3002G054400	90
SORBI_3002G054500	1
SORBI_3002G054600	228
SORBI_3002G054700	398
SORBI_3002G054800	2
SORBI_3002G054901	9
SORBI_3002G055000	41
SORBI_3002G055100	176
SORBI_3002G055200	3
ENSRNA049471537	0
ENSRNA049471531	0
SORBI_3002G055300	86
SORBI_3002G055400	23
SORBI_3002G055500	0
SORBI_3002G055600	94
SORBI_3002G055700	177
SORBI_3002G055800	4
SORBI_3002G055900	522.529
SORBI_3002G056000	365.835
SORBI_3002G056100	1
SORBI_3002G056200	1224.217
SORBI_3002G056300	2476.959
SORBI_3002G056400	523.694
SORBI_3002G056500	49
SORBI_3002G056600	575
SORBI_3002G056701	64.492
SORBI_3002G056800	132
SORBI_3002G056900	467
SORBI_3002G057050	5.001
SORBI_3002G057200	0
SORBI_3002G057300	1
SORBI_3002G057400	2
SORBI_3002G057500	3
SORBI_3002G057550	0
SORBI_3002G057600	393.132
SORBI_3002G057700	0
SORBI_3002G057800	0
SORBI_3002G057900	3051.935
SORBI_3002G058000	0
SORBI_3002G058100	0
SORBI_3002G058200	0
SORBI_3002G058300	187
SORBI_3002G058400	101
SORBI_3002G058500	315
SORBI_3002G058600	16
SORBI_3002G058700	481
SORBI_3002G058900	0
SORBI_3002G059000	14
SORBI_3002G059100	0
SORBI_3002G059200	29
SORBI_3002G059300	88
SORBI_3002G059500	0
SORBI_3002G059600	0
SORBI_3002G059700	0
SORBI_3002G059800	2
SORBI_3002G059866	0
SORBI_3002G059932	0
SORBI_3002G060000	0
SORBI_3002G060101	0
SORBI_3002G060200	0
SORBI_3002G060400	7
SORBI_3002G060450	9
SORBI_3002G060500	0
SORBI_3002G060600	35.854
SORBI_3002G060700	11.146
SORBI_3002G060750	0
SORBI_3002G060800	322
SORBI_3002G060900	214
SORBI_3002G061000	0
SORBI_3002G061100	0
SORBI_3002G061200	0
SORBI_3002G061300	0
SORBI_3002G061400	134
SORBI_3002G061500	0
SORBI_3002G061600	756.484
SORBI_3002G061666	11
SORBI_3002G061732	0
SORBI_3002G061800	0
SORBI_3002G061900	47
SORBI_3002G062000	9
SORBI_3002G062100	10
SORBI_3002G062300	11
SORBI_3002G062350	0
SORBI_3002G062400	0
SORBI_3002G062500	529
SORBI_3002G062600	0
SORBI_3002G062700	0
SORBI_3002G062800	2
SORBI_3002G062900	2
SORBI_3002G063000	37.053
SORBI_3002G063201	0
SORBI_3002G063400	0
SORBI_3002G063500	0
SORBI_3002G063533	6
SORBI_3002G063566	0
SORBI_3002G063600	5.19
SORBI_3002G063700	0
SORBI_3002G063800	3
SORBI_3002G063850	0
SORBI_3002G063900	167.999
SORBI_3002G064000	0
SORBI_3002G064100	0
SORBI_3002G064200	0
SORBI_3002G064400	3
SORBI_3002G064450	0
SORBI_3002G064500	26
SORBI_3002G064600	0
SORBI_3002G064650	0
SORBI_3002G064700	19
SORBI_3002G064750	37
SORBI_3002G064800	0
SORBI_3002G064900	30
SORBI_3002G065000	1298.002
SORBI_3002G065200	38
SORBI_3002G065300	2
SORBI_3002G065400	76.446
SORBI_3002G065500	0
SORBI_3002G065600	0
SORBI_3002G065700	0
SORBI_3002G065800	0
SORBI_3002G065900	6
SORBI_3002G066000	0
SORBI_3002G066100	0
SORBI_3002G066200	0
SORBI_3002G066300	0
SORBI_3002G066350	0
SORBI_3002G066400	28
SORBI_3002G066600	0
SORBI_3002G066700	2
SORBI_3002G066800	449
SORBI_3002G066901	10
SORBI_3002G067000	54
SORBI_3002G067050	2
SORBI_3002G067100	406.649
SORBI_3002G067200	0
ENSRNA049996763	0
SORBI_3002G067300	53
SORBI_3002G067400	1
SORBI_3002G067500	0
SORBI_3002G067600	381.362
SORBI_3002G067700	0
SORBI_3002G067800	479.684
SORBI_3002G067900	0
SORBI_3002G068000	1
SORBI_3002G068100	645
SORBI_3002G068300	3477.453
SORBI_3002G068500	1
SORBI_3002G068400	0
SORBI_3002G068600	1
SORBI_3002G068701	1
SORBI_3002G068800	1950.543
SORBI_3002G068900	549
SORBI_3002G069000	85
SORBI_3002G069050	24
SORBI_3002G069100	0
SORBI_3002G069166	0
SORBI_3002G069232	0
SORBI_3002G069300	0
SORBI_3002G069400	0
SORBI_3002G069500	67
SORBI_3002G069601	0
SORBI_3002G069700	0
SORBI_3002G069800	0
SORBI_3002G069900	97
SORBI_3002G070000	10.002
SORBI_3002G070100	0
SORBI_3002G070200	173
SORBI_3002G070300	496
SORBI_3002G070400	0
SORBI_3002G070500	0
SORBI_3002G070600	2343.998
SORBI_3002G070700	0
SORBI_3002G070800	0
SORBI_3002G070901	0
SORBI_3002G071000	1365.803
SORBI_3002G071100	294
SORBI_3002G071201	0
SORBI_3002G071300	37
SORBI_3002G071350	1
SORBI_3002G071400	1441
SORBI_3002G071500	843
SORBI_3002G071600	0
SORBI_3002G071700	0
SORBI_3002G071850	88
SORBI_3002G072000	140.007
SORBI_3002G072050	2
SORBI_3002G072100	456
SORBI_3002G072200	2
SORBI_3002G072300	293
ENSRNA049471493	0
SORBI_3002G072400	570.895
SORBI_3002G072500	27
SORBI_3002G072600	479
SORBI_3002G072700	6
SORBI_3002G073000	10
SORBI_3002G073100	3
SORBI_3002G073200	119
SORBI_3002G073250	69.549
SORBI_3002G073300	97.846
SORBI_3002G073350	9.154
SORBI_3002G073400	37.713
SORBI_3002G073600	0
SORBI_3002G073700	563.999
SORBI_3002G073800	1282.932
SORBI_3002G073900	255
SORBI_3002G074000	27
SORBI_3002G074100	16
SORBI_3002G074200	172
SORBI_3002G074300	5
SORBI_3002G074400	1
SORBI_3002G074500	11
SORBI_3002G074600	4
SORBI_3002G074700	1
SORBI_3002G074800	35
SORBI_3002G074900	0
SORBI_3002G075000	0
SORBI_3002G075100	0
SORBI_3002G075300	0
SORBI_3002G075400	0
SORBI_3002G075500	4463.531
SORBI_3002G075600	1
SORBI_3002G075700	31
SORBI_3002G075800	1158.997
SORBI_3002G075900	1098
SORBI_3002G076000	418
SORBI_3002G076100	238
SORBI_3002G076200	95
SORBI_3002G076300	44
SORBI_3002G076350	7
SORBI_3002G076400	808.08
SORBI_3002G076450	6
SORBI_3002G076500	541
SORBI_3002G076600	4
SORBI_3002G076700	0
SORBI_3002G076800	325
SORBI_3002G076866	505
SORBI_3002G076932	0
SORBI_3002G077000	13
ENSRNA049471549	0
SORBI_3002G077100	416
SORBI_3002G077200	252
SORBI_3002G077400	0
SORBI_3002G077500	1
SORBI_3002G077600	158
SORBI_3002G077700	0
SORBI_3002G077900	1268.155
SORBI_3002G078000	39.997
SORBI_3002G078100	34
SORBI_3002G078200	2
SORBI_3002G078300	233
SORBI_3002G078400	5369.546
SORBI_3002G078500	2
SORBI_3002G078600	0
SORBI_3002G078700	0
SORBI_3002G078800	0
SORBI_3002G078850	0
SORBI_3002G078900	57
SORBI_3002G079000	103
SORBI_3002G079100	269
SORBI_3002G079200	0
SORBI_3002G079300	0
SORBI_3002G079400	0
SORBI_3002G079500	0
SORBI_3002G079700	195
SORBI_3002G079801	0
SORBI_3002G079900	56
SORBI_3002G080000	29
SORBI_3002G080100	2483.462
SORBI_3002G080150	0
SORBI_3002G080200	0
SORBI_3002G080400	4
SORBI_3002G080450	0
SORBI_3002G080500	0
SORBI_3002G080600	0
SORBI_3002G080700	2
SORBI_3002G080900	0
SORBI_3002G081000	0
SORBI_3002G081050	0
SORBI_3002G081100	373
SORBI_3002G081300	24
SORBI_3002G081400	317
SORBI_3002G081500	25.001
SORBI_3002G081600	1213
SORBI_3002G081700	9
SORBI_3002G081800	0
SORBI_3002G081850	0
SORBI_3002G081900	63
SORBI_3002G082000	69
SORBI_3002G082100	212.955
SORBI_3002G082300	17
SORBI_3002G082350	0
SORBI_3002G082400	0
SORBI_3002G082500	0
SORBI_3002G082600	894.222
SORBI_3002G082700	0
SORBI_3002G082800	4
SORBI_3002G082900	112
SORBI_3002G082950	0
SORBI_3002G083000	150
SORBI_3002G083100	0
SORBI_3002G083200	209
SORBI_3002G083266	528
SORBI_3002G083332	0
SORBI_3002G083400	87
SORBI_3002G083500	229
SORBI_3002G083600	45
SORBI_3002G083700	0
SORBI_3002G083800	357
SORBI_3002G083900	210
SORBI_3002G084100	3
SORBI_3002G084200	0
SORBI_3002G084300	769.089
SORBI_3002G084400	50
SORBI_3002G084500	125
SORBI_3002G084600	0
SORBI_3002G084700	0
SORBI_3002G084800	226
SORBI_3002G084900	34
SORBI_3002G085000	0
SORBI_3002G085100	17
SORBI_3002G085200	0
SORBI_3002G085300	34
SORBI_3002G085400	14
SORBI_3002G085500	3
SORBI_3002G085700	273.999
SORBI_3002G085600	0
SORBI_3002G085800	4
SORBI_3002G085900	0
SORBI_3002G086200	52
SORBI_3002G086300	0
SORBI_3002G086400	0
SORBI_3002G086500	9
SORBI_3002G086700	1
SORBI_3002G086800	108
SORBI_3002G086900	4
SORBI_3002G087000	366
SORBI_3002G087200	0
SORBI_3002G087400	0
SORBI_3002G087500	0
SORBI_3002G087600	0
SORBI_3002G087700	0
SORBI_3002G087800	42
SORBI_3002G087900	799
SORBI_3002G088000	0
SORBI_3002G088100	59
SORBI_3002G088200	0
SORBI_3002G088300	0
SORBI_3002G088400	2
SORBI_3002G088600	16.994
SORBI_3002G088500	0
SORBI_3002G088700	545
SORBI_3002G088800	19
SORBI_3002G088900	3
SORBI_3002G089100	8
SORBI_3002G089200	0
SORBI_3002G089300	0
SORBI_3002G089400	0
SORBI_3002G089500	0
SORBI_3002G089600	0
SORBI_3002G089700	4
SORBI_3002G089900	70
SORBI_3002G090100	0
SORBI_3002G090200	159
SORBI_3002G090300	36
SORBI_3002G090400	253
SORBI_3002G090500	1008.055
ENSRNA049471449	0
SORBI_3002G090600	11
SORBI_3002G090700	889.984
SORBI_3002G090800	103
SORBI_3002G090900	1
SORBI_3002G091000	1
SORBI_3002G091100	0
SORBI_3002G091200	1
SORBI_3002G091300	0
SORBI_3002G091400	0
SORBI_3002G091500	1
SORBI_3002G091600	42
ENSRNA049442516	0
SORBI_3002G091700	0
SORBI_3002G091800	0
ENSRNA049441490	0
SORBI_3002G091900	0
SORBI_3002G092050	42
SORBI_3002G092200	41
SORBI_3002G092300	318.011
SORBI_3002G092400	0
SORBI_3002G092500	1
SORBI_3002G092600	0
SORBI_3002G092700	30
SORBI_3002G092801	9
SORBI_3002G092901	14
SORBI_3002G093000	271
SORBI_3002G093150	0
SORBI_3002G093300	118
SORBI_3002G093400	1
SORBI_3002G093500	4
SORBI_3002G093600	0
SORBI_3002G093700	1
SORBI_3002G093800	5
SORBI_3002G093900	334
SORBI_3002G094000	0
SORBI_3002G094100	0
SORBI_3002G094400	0
SORBI_3002G094500	0
SORBI_3002G094600	1214
SORBI_3002G094700	0
SORBI_3002G094800	30
SORBI_3002G094900	0
SORBI_3002G095000	0
SORBI_3002G095100	142
SORBI_3002G095200	0
SORBI_3002G095300	1
SORBI_3002G095400	239
SORBI_3002G095600	16
SORBI_3002G095700	63
SORBI_3002G095800	27
SORBI_3002G095900	2
SORBI_3002G096000	2.134
SORBI_3002G096101	0
SORBI_3002G096201	0
SORBI_3002G096300	0
SORBI_3002G096400	0
SORBI_3002G096501	0
SORBI_3002G096600	0
SORBI_3002G096700	0
SORBI_3002G096800	6
SORBI_3002G096900	0
SORBI_3002G097000	0
SORBI_3002G097100	0
SORBI_3002G097200	0
SORBI_3002G097300	0
SORBI_3002G097400	79
SORBI_3002G097500	0
SORBI_3002G097601	0
SORBI_3002G097700	0
SORBI_3002G097900	16
SORBI_3002G098000	0
SORBI_3002G098050	0
SORBI_3002G098100	48.778
SORBI_3002G098200	6
SORBI_3002G098300	0
SORBI_3002G098400	0
SORBI_3002G098450	1
SORBI_3002G098500	282
SORBI_3002G098600	15
SORBI_3002G098701	59
SORBI_3002G098800	83
ENSRNA049442498	0
SORBI_3002G098850	0
SORBI_3002G098900	21
SORBI_3002G099000	0
SORBI_3002G099100	0
SORBI_3002G099200	0
SORBI_3002G099300	0
SORBI_3002G099350	27
SORBI_3002G099401	0
SORBI_3002G099451	0
SORBI_3002G099500	0
SORBI_3002G099600	0
SORBI_3002G099700	0
SORBI_3002G099800	0
SORBI_3002G099866	0
SORBI_3002G099932	0
SORBI_3002G100000	0
SORBI_3002G100100	0
SORBI_3002G100200	0
SORBI_3002G100300	0
SORBI_3002G100600	10.639
SORBI_3002G100700	2
SORBI_3002G100766	0
SORBI_3002G100832	0
SORBI_3002G100900	0
SORBI_3002G100950	0
ENSRNA049442481	0
SORBI_3002G101000	623
SORBI_3002G101100	73.324
SORBI_3002G101200	0
SORBI_3002G101300	247.518
SORBI_3002G101400	50
SORBI_3002G101500	0
SORBI_3002G101550	0
SORBI_3002G101600	1
SORBI_3002G101700	0
SORBI_3002G101800	0
SORBI_3002G101900	0
SORBI_3002G102000	70
SORBI_3002G102066	0
SORBI_3002G102132	0
SORBI_3002G102200	82
SORBI_3002G102300	0
SORBI_3002G102500	0
SORBI_3002G102600	0
SORBI_3002G102700	0
SORBI_3002G102800	0
SORBI_3002G102900	0
SORBI_3002G103000	0
SORBI_3002G103100	10.915
SORBI_3002G103200	1
SORBI_3002G103400	0
SORBI_3002G103500	312
SORBI_3002G103600	77
SORBI_3002G103700	14
SORBI_3002G103800	50
SORBI_3002G103900	0
SORBI_3002G104000	4
SORBI_3002G104050	0
SORBI_3002G104100	162.01
SORBI_3002G104200	0
SORBI_3002G104300	29
SORBI_3002G104400	78
SORBI_3002G104450	0
SORBI_3002G104500	32
SORBI_3002G104600	15
SORBI_3002G104700	0
SORBI_3002G104801	0
SORBI_3002G104900	485
SORBI_3002G105000	68
SORBI_3002G105101	64
SORBI_3002G105200	287
SORBI_3002G105250	0
SORBI_3002G105300	0
SORBI_3002G105350	0
SORBI_3002G105400	0
SORBI_3002G105501	0
SORBI_3002G105600	0
SORBI_3002G105700	66
SORBI_3002G105800	24
SORBI_3002G105900	0
SORBI_3002G106000	6
SORBI_3002G106100	63
SORBI_3002G106200	29
SORBI_3002G106600	0
SORBI_3002G106700	0
SORBI_3002G106800	0
SORBI_3002G106900	11
SORBI_3002G107000	125.745
SORBI_3002G107200	69.724
SORBI_3002G107400	225.063
SORBI_3002G107466	0
SORBI_3002G107532	152
SORBI_3002G107600	139.467
SORBI_3002G107700	0
SORBI_3002G107800	12
SORBI_3002G107900	5
SORBI_3002G108000	0
SORBI_3002G108100	23
SORBI_3002G108200	21
SORBI_3002G108300	0
SORBI_3002G108400	2
SORBI_3002G108450	0
SORBI_3002G108500	0
SORBI_3002G108600	15
SORBI_3002G108700	0
SORBI_3002G108800	0
SORBI_3002G108900	0
SORBI_3002G109000	141
SORBI_3002G109100	0
SORBI_3002G109200	1
SORBI_3002G109300	3
SORBI_3002G109400	23
SORBI_3002G109500	1
SORBI_3002G109600	139
SORBI_3002G109700	20.927
SORBI_3002G109800	25.073
SORBI_3002G109900	80
SORBI_3002G110000	2
SORBI_3002G110100	101
SORBI_3002G110200	102
SORBI_3002G110300	106.337
SORBI_3002G110400	35
SORBI_3002G110500	186.766
SORBI_3002G110600	136.234
SORBI_3002G110700	154
SORBI_3002G110800	33
SORBI_3002G111000	707
SORBI_3002G111100	2
SORBI_3002G111200	462.971
SORBI_3002G111300	0
SORBI_3002G111400	0
SORBI_3002G111500	3
SORBI_3002G111600	65
SORBI_3002G111700	39
SORBI_3002G111800	205.054
SORBI_3002G111900	1
ENSRNA049441507	0
SORBI_3002G112000	1
SORBI_3002G112100	607
SORBI_3002G112200	4
SORBI_3002G112300	54
SORBI_3002G112400	675
SORBI_3002G112500	3.019
SORBI_3002G112600	167.989
SORBI_3002G112700	788.811
SORBI_3002G112850	0
SORBI_3002G113000	1.1
SORBI_3002G113033	0
SORBI_3002G113066	0
SORBI_3002G113100	19
SORBI_3002G113200	18
SORBI_3002G113300	1
SORBI_3002G113400	5
SORBI_3002G113500	57
SORBI_3002G113600	1
SORBI_3002G113700	6
SORBI_3002G113800	2304.01
SORBI_3002G113900	834
SORBI_3002G114000	14.789
SORBI_3002G114100	0
SORBI_3002G114150	0
SORBI_3002G114200	0
SORBI_3002G114300	0
SORBI_3002G114400	228.211
SORBI_3002G114501	0
SORBI_3002G114600	0
SORBI_3002G114700	50
SORBI_3002G114800	705
SORBI_3002G114900	428.108
SORBI_3002G115000	554
SORBI_3002G115025	0
ENSRNA049996752	0
SORBI_3002G115050	0
SORBI_3002G115075	0
SORBI_3002G115100	0
SORBI_3002G115200	7
SORBI_3002G115300	0
SORBI_3002G115400	1
SORBI_3002G115500	183
SORBI_3002G115600	0
SORBI_3002G115700	2
SORBI_3002G115801	8.055
SORBI_3002G115900	0
SORBI_3002G116000	981.19
SORBI_3002G116100	1
SORBI_3002G116200	113
SORBI_3002G116300	182.492
SORBI_3002G116400	0
SORBI_3002G116500	71
SORBI_3002G116600	7.997
SORBI_3002G116700	0
SORBI_3002G116800	45
SORBI_3002G116900	220
SORBI_3002G117000	138
SORBI_3002G117100	17
SORBI_3002G117200	83
SORBI_3002G117300	12
SORBI_3002G117400	616.84
SORBI_3002G117500	339.067
SORBI_3002G117600	358
SORBI_3002G117700	445
SORBI_3002G117850	1
SORBI_3002G117800	0
SORBI_3002G117900	29
SORBI_3002G118000	3
SORBI_3002G118101	60
SORBI_3002G118200	912.865
SORBI_3002G118300	7
SORBI_3002G118400	0
SORBI_3002G118500	0
SORBI_3002G118600	4979.956
SORBI_3002G118700	6629.998
SORBI_3002G118801	1
SORBI_3002G118900	0
SORBI_3002G119000	0
SORBI_3002G119100	19
SORBI_3002G119200	0
SORBI_3002G119400	801
SORBI_3002G119500	482.712
SORBI_3002G119600	137.012
SORBI_3002G119700	1328.945
SORBI_3002G119800	115.527
SORBI_3002G119900	44.038
ENSRNA049996744	0
SORBI_3002G120100	12.043
SORBI_3002G120200	40
SORBI_3002G120250	0
SORBI_3002G120300	9
SORBI_3002G120400	1
SORBI_3002G120501	0
SORBI_3002G120601	0
SORBI_3002G120700	49
SORBI_3002G120800	0
SORBI_3002G120850	0
SORBI_3002G120900	0
SORBI_3002G121000	584
SORBI_3002G121050	0
SORBI_3002G121100	1
SORBI_3002G121201	0
SORBI_3002G121300	589
SORBI_3002G121450	0
ENSRNA049478533	0
SORBI_3002G121600	270
SORBI_3002G121701	0
SORBI_3002G121800	0
SORBI_3002G121900	0
SORBI_3002G122000	0
SORBI_3002G122100	8
SORBI_3002G122200	21
SORBI_3002G122300	0
SORBI_3002G122400	0
SORBI_3002G122500	0
SORBI_3002G122600	750.978
SORBI_3002G122700	163.726
SORBI_3002G122800	0
SORBI_3002G122900	0
SORBI_3002G123000	117
SORBI_3002G123100	1
SORBI_3002G123200	793
SORBI_3002G123300	0
SORBI_3002G123400	0
SORBI_3002G123500	1
SORBI_3002G123600	25
SORBI_3002G123700	38.978
SORBI_3002G123750	0
SORBI_3002G123800	3
SORBI_3002G123900	210.657
SORBI_3002G124100	6
SORBI_3002G124200	51.343
SORBI_3002G124400	0
SORBI_3002G124450	0
SORBI_3002G124500	0
SORBI_3002G124600	690.425
SORBI_3002G124700	3048
SORBI_3002G124766	0
SORBI_3002G124832	0
SORBI_3002G124900	119
SORBI_3002G125000	22.996
SORBI_3002G125100	0
SORBI_3002G125200	25.18
SORBI_3002G125300	13.156
SORBI_3002G125400	0
SORBI_3002G125500	0
SORBI_3002G125600	17
SORBI_3002G125700	100.669
SORBI_3002G125800	674.994
SORBI_3002G125900	681
SORBI_3002G126000	18
SORBI_3002G126100	9
SORBI_3002G126200	67.969
ENSRNA049996736	0
SORBI_3002G126300	223
SORBI_3002G126400	0
SORBI_3002G126500	390
SORBI_3002G126600	920
SORBI_3002G126700	0
SORBI_3002G126800	431
SORBI_3002G126900	0
SORBI_3002G127100	315
SORBI_3002G127200	137.001
SORBI_3002G127300	0
SORBI_3002G127400	319
SORBI_3002G127550	233
SORBI_3002G127700	2
SORBI_3002G127800	35
SORBI_3002G127900	258.157
SORBI_3002G128000	6
SORBI_3002G128101	83
SORBI_3002G128200	980
SORBI_3002G128300	0
SORBI_3002G128400	21
SORBI_3002G128500	0
SORBI_3002G128600	0
SORBI_3002G128700	0
SORBI_3002G128750	8
SORBI_3002G128800	651
SORBI_3002G128900	124
SORBI_3002G129000	455
SORBI_3002G129100	0
SORBI_3002G129200	1274
SORBI_3002G129300	0
SORBI_3002G129400	171
SORBI_3002G129500	0
SORBI_3002G129600	0
SORBI_3002G129700	0
SORBI_3002G129800	0
SORBI_3002G129900	0
SORBI_3002G130000	33
SORBI_3002G130101	0
SORBI_3002G130200	7.001
SORBI_3002G130350	20.726
SORBI_3002G130500	1
SORBI_3002G130601	0
SORBI_3002G130700	172
SORBI_3002G130800	2661.044
SORBI_3002G130900	235
SORBI_3002G131000	184.72
SORBI_3002G131100	6
SORBI_3002G131200	265.001
SORBI_3002G131300	122
ENSRNA049442463	0
SORBI_3002G131400	103
SORBI_3002G131500	199
SORBI_3002G131600	60
SORBI_3002G131700	502
SORBI_3002G131800	1199.319
SORBI_3002G131900	388.004
SORBI_3002G132000	522
SORBI_3002G132100	26.436
SORBI_3002G132201	0
SORBI_3002G132300	172
SORBI_3002G132400	253
SORBI_3002G132500	15
SORBI_3002G132600	1316
SORBI_3002G132701	0
SORBI_3002G132801	0
SORBI_3002G132900	0
SORBI_3002G133000	229
SORBI_3002G133100	80
SORBI_3002G133150	0
SORBI_3002G133200	0
SORBI_3002G133300	401
SORBI_3002G133350	0
SORBI_3002G133400	418
SORBI_3002G133600	0
SORBI_3002G133700	15
SORBI_3002G133800	2123.332
SORBI_3002G133900	141
SORBI_3002G134001	331
SORBI_3002G134100	1
SORBI_3002G134200	239.001
SORBI_3002G134250	5
SORBI_3002G134300	5
SORBI_3002G134400	1049
SORBI_3002G134600	5853.337
SORBI_3002G134700	0
SORBI_3002G134800	0
SORBI_3002G134900	0
SORBI_3002G135000	9
SORBI_3002G135100	69
SORBI_3002G135200	2353.641
ENSRNA049476476	0
ENSRNA049476483	2
ENSRNA049476474	2
SORBI_3002G135300	0
SORBI_3002G135400	3
SORBI_3002G135500	35
SORBI_3002G135600	6
SORBI_3002G135700	1
SORBI_3002G135750	0
SORBI_3002G135800	1
SORBI_3002G135950	0
SORBI_3002G136100	272.213
SORBI_3002G136200	477.113
SORBI_3002G136300	109.103
SORBI_3002G136400	81
SORBI_3002G136500	0
SORBI_3002G136600	11
SORBI_3002G136700	19
SORBI_3002G136800	32
SORBI_3002G136900	68.653
SORBI_3002G137000	164
SORBI_3002G137100	53
SORBI_3002G137200	451.648
SORBI_3002G137300	473
SORBI_3002G137400	321.332
SORBI_3002G137601	214
SORBI_3002G137800	511.16
SORBI_3002G137850	2.093
SORBI_3002G137900	0
SORBI_3002G138000	0
SORBI_3002G138100	137
SORBI_3002G138200	5
SORBI_3002G138300	38
SORBI_3002G138400	0
SORBI_3002G138500	296
SORBI_3002G138600	0
SORBI_3002G138700	765
SORBI_3002G138800	197
SORBI_3002G138900	0
SORBI_3002G139000	41
SORBI_3002G139100	36
SORBI_3002G139200	18
SORBI_3002G139300	0
SORBI_3002G139400	4
SORBI_3002G139600	59
SORBI_3002G139700	142
ENSRNA049996725	0
SORBI_3002G139750	0
SORBI_3002G139800	0
SORBI_3002G139900	0
SORBI_3002G140000	92
SORBI_3002G140100	51
SORBI_3002G140200	0
SORBI_3002G140300	1695
SORBI_3002G140400	470
SORBI_3002G140500	0
SORBI_3002G140600	963.177
SORBI_3002G140700	460
SORBI_3002G140800	38.551
SORBI_3002G140900	187
SORBI_3002G141000	550.907
SORBI_3002G141050	1
SORBI_3002G141100	1
SORBI_3002G141200	44.001
SORBI_3002G141300	1090.854
SORBI_3002G141450	0
SORBI_3002G141600	1
SORBI_3002G141700	250
SORBI_3002G141800	64
SORBI_3002G141900	224
SORBI_3002G142000	4
SORBI_3002G142066	33
SORBI_3002G142132	9
SORBI_3002G142200	0
SORBI_3002G142300	19
SORBI_3002G142350	0
SORBI_3002G142400	13.001
SORBI_3002G142500	207
SORBI_3002G142550	0
SORBI_3002G142600	493
SORBI_3002G142700	108
SORBI_3002G142900	396.017
SORBI_3002G142950	0
ENSRNA049996721	0
SORBI_3002G143000	87.018
SORBI_3002G143100	1
SORBI_3002G143200	1133.057
SORBI_3002G143300	1
SORBI_3002G143450	0
SORBI_3002G143500	479.064
SORBI_3002G143600	0
SORBI_3002G143700	0
SORBI_3002G143766	0
SORBI_3002G143832	0
SORBI_3002G143900	105
SORBI_3002G144025	0
SORBI_3002G144150	0
SORBI_3002G144275	80
SORBI_3002G144400	0
SORBI_3002G144500	0
SORBI_3002G144600	0
SORBI_3002G144666	0
SORBI_3002G144732	0
SORBI_3002G144800	2
SORBI_3002G144850	0
SORBI_3002G144900	0
SORBI_3002G144933	387.003
SORBI_3002G144966	116.774
SORBI_3002G145000	365
SORBI_3002G145101	330
SORBI_3002G145200	23.01
SORBI_3002G145300	331
SORBI_3002G145400	0
SORBI_3002G145500	38
SORBI_3002G145550	0
SORBI_3002G145600	37
SORBI_3002G145800	611.012
SORBI_3002G146000	8
SORBI_3002G146100	1
SORBI_3002G146200	228
SORBI_3002G146300	1664.868
SORBI_3002G146400	44
SORBI_3002G146501	0
SORBI_3002G146601	3
SORBI_3002G146701	6.314
SORBI_3002G146800	0
SORBI_3002G146900	51
SORBI_3002G147100	184
SORBI_3002G147200	201
SORBI_3002G147300	0
SORBI_3002G147350	0
SORBI_3002G147400	0
ENSRNA049465492	0
ENSRNA049465688	0
SORBI_3002G147433	0
SORBI_3002G147466	0
SORBI_3002G147500	12.399
SORBI_3002G147600	4289.204
SORBI_3002G147550	0
SORBI_3002G147900	0
SORBI_3002G148000	7
SORBI_3002G148100	1115
SORBI_3002G148166	0
SORBI_3002G148232	154
SORBI_3002G148300	131
SORBI_3002G148350	0
SORBI_3002G148400	430.263
SORBI_3002G148550	9.232
SORBI_3002G148700	617.493
SORBI_3002G148750	90.999
SORBI_3002G148801	0
SORBI_3002G148851	0
SORBI_3002G148900	104.691
SORBI_3002G149000	0
SORBI_3002G149101	0
SORBI_3002G149200	0
SORBI_3002G149300	9
SORBI_3002G149500	0
SORBI_3002G149550	1
SORBI_3002G149600	0
SORBI_3002G149900	0
SORBI_3002G149966	0
SORBI_3002G150032	0
SORBI_3002G150100	0
SORBI_3002G150200	0
SORBI_3002G150301	0
SORBI_3002G150400	1
SORBI_3002G150550	0
SORBI_3002G150700	3631
SORBI_3002G150733	0
SORBI_3002G150766	9
SORBI_3002G150800	211.995
SORBI_3002G150866	1
SORBI_3002G150932	0
SORBI_3002G151000	180
SORBI_3002G151200	0
SORBI_3002G151300	599
SORBI_3002G151400	2
SORBI_3002G151500	15
SORBI_3002G151600	617.001
SORBI_3002G151700	0
SORBI_3002G151800	8
SORBI_3002G151900	0
SORBI_3002G152200	146
SORBI_3002G152000	0
SORBI_3002G152100	1
SORBI_3002G152300	0
SORBI_3002G152400	0
SORBI_3002G152600	225
SORBI_3002G152700	180.266
SORBI_3002G152800	133
SORBI_3002G152900	172
SORBI_3002G153000	76
SORBI_3002G153050	0
SORBI_3002G153100	73
SORBI_3002G153200	0
SORBI_3002G153400	294
SORBI_3002G153500	239
SORBI_3002G153600	21
SORBI_3002G153700	648
ENSRNA049996710	0
SORBI_3002G153800	0
SORBI_3002G153900	0
SORBI_3002G154000	1202.012
ENSRNA049996703	0
SORBI_3002G154100	5.608
SORBI_3002G154300	0
SORBI_3002G154400	545.892
SORBI_3002G154450	0
SORBI_3002G154501	0
SORBI_3002G154551	220.107
SORBI_3002G154600	36
SORBI_3002G154700	0
SORBI_3002G154750	0
SORBI_3002G154800	55.018
SORBI_3002G154900	0
SORBI_3002G155000	96
SORBI_3002G155100	2500.553
SORBI_3002G155200	183.582
SORBI_3002G155301	129
SORBI_3002G155400	48
SORBI_3002G155500	406
SORBI_3002G155700	8
SORBI_3002G155800	0
SORBI_3002G155900	0
SORBI_3002G156000	856
SORBI_3002G156100	35.615
SORBI_3002G156200	52
SORBI_3002G156300	0
SORBI_3002G156400	0
SORBI_3002G156500	0
SORBI_3002G156601	3
ENSRNA049996696	0
SORBI_3002G156700	0
SORBI_3002G156750	4.837
SORBI_3002G156800	0
SORBI_3002G156900	1.264
SORBI_3002G157000	192
SORBI_3002G157050	0
SORBI_3002G157100	328
SORBI_3002G157200	194
SORBI_3002G157300	417
SORBI_3002G157350	0
SORBI_3002G157400	0
SORBI_3002G157500	0
SORBI_3002G157600	0
SORBI_3002G157800	0
SORBI_3002G157900	0
SORBI_3002G157950	0
SORBI_3002G158000	0
SORBI_3002G158150	0
SORBI_3002G158300	18
SORBI_3002G158401	1
SORBI_3002G158500	51.001
SORBI_3002G158600	0
SORBI_3002G158700	526.846
SORBI_3002G158800	76
SORBI_3002G158900	14
SORBI_3002G159000	0
SORBI_3002G159100	138
SORBI_3002G159200	1256.999
SORBI_3002G159300	447.075
SORBI_3002G159400	0
SORBI_3002G159500	959
SORBI_3002G159700	176
SORBI_3002G159750	0
SORBI_3002G159800	223
SORBI_3002G159900	1597.088
SORBI_3002G160001	0
SORBI_3002G160100	20.736
SORBI_3002G160200	0
SORBI_3002G160300	84.163
SORBI_3002G160400	831
SORBI_3002G160500	0
SORBI_3002G160600	2
SORBI_3002G160700	183
SORBI_3002G160800	0
SORBI_3002G160901	0
SORBI_3002G161000	158
SORBI_3002G161100	0
SORBI_3002G161200	1
SORBI_3002G161400	72
SORBI_3002G161600	0
SORBI_3002G161700	158
SORBI_3002G161800	302
SORBI_3002G161900	246.999
SORBI_3002G162000	13
SORBI_3002G162100	0
SORBI_3002G162200	0
SORBI_3002G162300	2
SORBI_3002G162400	41
SORBI_3002G162450	33.736
SORBI_3002G162500	72
SORBI_3002G162601	0
SORBI_3002G162701	21
SORBI_3002G162800	622
SORBI_3002G162900	15
SORBI_3002G163000	0
SORBI_3002G163100	0
SORBI_3002G163200	0
SORBI_3002G163301	0
SORBI_3002G163400	0
SORBI_3002G163500	0
SORBI_3002G163600	29
SORBI_3002G163700	34
SORBI_3002G163950	34
SORBI_3002G164200	481
SORBI_3002G164300	370
SORBI_3002G164400	8
SORBI_3002G164600	1
SORBI_3002G164700	0
SORBI_3002G164800	45
SORBI_3002G164833	0
SORBI_3002G164866	0
SORBI_3002G164900	107.679
SORBI_3002G164960	0
SORBI_3002G165020	14
SORBI_3002G165080	0
SORBI_3002G165140	817.938
SORBI_3002G165200	0
ENSRNA049480238	0.5
SORBI_3002G165300	50.356
SORBI_3002G165401	0
SORBI_3002G165500	0
SORBI_3002G165600	1
SORBI_3002G165700	34
SORBI_3002G165800	152
SORBI_3002G165900	1
SORBI_3002G166000	0
SORBI_3002G166150	12
SORBI_3002G166300	232
SORBI_3002G166400	16
SORBI_3002G166500	188
SORBI_3002G166600	16.859
SORBI_3002G166700	23.14
SORBI_3002G166800	0
SORBI_3002G166900	501
SORBI_3002G167000	1864.397
SORBI_3002G167100	106.473
SORBI_3002G167200	0
SORBI_3002G167250	0
SORBI_3002G167300	0
SORBI_3002G167400	32
SORBI_3002G167500	224
SORBI_3002G167600	139
SORBI_3002G167700	0
SORBI_3002G167800	187
SORBI_3002G168000	36
SORBI_3002G168100	0
SORBI_3002G168150	0
SORBI_3002G168200	0
SORBI_3002G168300	1272.813
SORBI_3002G168400	39
SORBI_3002G168500	186
SORBI_3002G168550	0
SORBI_3002G168600	50
ENSRNA049441585	0
SORBI_3002G168650	0
SORBI_3002G168700	10
SORBI_3002G168750	4
SORBI_3002G168800	37.06
SORBI_3002G169000	0
SORBI_3002G169200	0
SORBI_3002G169300	18
SORBI_3002G169400	45
SORBI_3002G169500	0
SORBI_3002G169633	355.001
SORBI_3002G169766	2
SORBI_3002G169900	137
SORBI_3002G170000	0
SORBI_3002G170100	16
SORBI_3002G170200	218
SORBI_3002G170300	8
SORBI_3002G170400	0
SORBI_3002G170500	0
SORBI_3002G170600	0
SORBI_3002G170633	0
SORBI_3002G170666	0
SORBI_3002G170700	0
SORBI_3002G170740	0
SORBI_3002G170780	1
SORBI_3002G170820	0
SORBI_3002G170860	0
SORBI_3002G170900	0
SORBI_3002G171101	231
SORBI_3002G171001	3
SORBI_3002G171200	1
SORBI_3002G171300	253
SORBI_3002G171400	0
ENSRNA049441601	0
SORBI_3002G171500	0
SORBI_3002G171600	0
SORBI_3002G171700	6.314
SORBI_3002G171800	0
SORBI_3002G171901	1
SORBI_3002G172000	29
SORBI_3002G172100	0
SORBI_3002G172200	0
SORBI_3002G172300	0
SORBI_3002G172401	40.006
SORBI_3002G172500	18
SORBI_3002G172600	162
SORBI_3002G172700	182
SORBI_3002G172800	0
SORBI_3002G172900	215
SORBI_3002G173000	180
SORBI_3002G173100	361.027
SORBI_3002G173200	0
SORBI_3002G173300	0
SORBI_3002G173400	27
SORBI_3002G173500	9
SORBI_3002G173600	0
SORBI_3002G173700	32.539
SORBI_3002G173800	64
SORBI_3002G173900	18.697
SORBI_3002G174000	549
SORBI_3002G174100	0
SORBI_3002G174200	88
SORBI_3002G174300	421
SORBI_3002G174400	0
SORBI_3002G174500	9
SORBI_3002G174600	5
SORBI_3002G174700	1
SORBI_3002G174801	6
SORBI_3002G174900	343
SORBI_3002G175000	4.06
SORBI_3002G175050	0
SORBI_3002G175100	926.384
ENSRNA049480240	0
SORBI_3002G175200	0
SORBI_3002G175300	0
SORBI_3002G175400	98
ENSRNA049441618	0
SORBI_3002G175500	67
SORBI_3002G175550	3
SORBI_3002G175600	72
SORBI_3002G175700	0
SORBI_3002G175800	0
SORBI_3002G175900	14
SORBI_3002G176000	0
SORBI_3002G176100	43.436
SORBI_3002G176200	164
SORBI_3002G176300	11
SORBI_3002G176400	43
SORBI_3002G176450	0
SORBI_3002G176500	350
SORBI_3002G176600	0
SORBI_3002G176700	30.252
SORBI_3002G176800	28.748
SORBI_3002G176900	0
SORBI_3002G177000	2816.308
SORBI_3002G177100	67
SORBI_3002G177200	0
SORBI_3002G177300	71
SORBI_3002G177400	1483.651
ENSRNA049442421	0
SORBI_3002G177500	167
SORBI_3002G177600	28
ENSRNA049441639	0
SORBI_3002G177700	99
SORBI_3002G177800	142.998
SORBI_3002G177900	55.779
SORBI_3002G178000	28.002
SORBI_3002G178101	1
SORBI_3002G178200	0
SORBI_3002G178400	0
SORBI_3002G178601	56.545
SORBI_3002G178800	1
SORBI_3002G178700	0
SORBI_3002G178900	0
SORBI_3002G179000	887
SORBI_3002G179100	114
SORBI_3002G179150	10
SORBI_3002G179200	0
SORBI_3002G179300	691.979
SORBI_3002G179400	436
SORBI_3002G179500	281.227
SORBI_3002G179700	1
SORBI_3002G179800	11
SORBI_3002G179900	183
SORBI_3002G180000	359.068
SORBI_3002G180100	8
SORBI_3002G180200	61
SORBI_3002G180300	1094.196
SORBI_3002G180400	444
SORBI_3002G180501	63
SORBI_3002G180600	116
SORBI_3002G180666	933.477
SORBI_3002G180732	0
SORBI_3002G180800	33
SORBI_3002G180900	124
SORBI_3002G181000	144
SORBI_3002G181066	0
SORBI_3002G181132	103
SORBI_3002G181200	109.173
SORBI_3002G181300	549
SORBI_3002G181400	69
SORBI_3002G181450	0
SORBI_3002G181500	0
SORBI_3002G181600	218.999
SORBI_3002G181700	145
SORBI_3002G181800	2
SORBI_3002G181900	0
SORBI_3002G182000	110
SORBI_3002G182150	23.08
SORBI_3002G182300	0
SORBI_3002G182400	3
SORBI_3002G182500	7
SORBI_3002G182601	0
SORBI_3002G182701	0
SORBI_3002G182800	520
SORBI_3002G182850	0
SORBI_3002G182900	23
SORBI_3002G183000	6
SORBI_3002G183100	3
SORBI_3002G183200	57
SORBI_3002G183300	81
SORBI_3002G183400	1049.876
SORBI_3002G183600	0
SORBI_3002G183700	27
SORBI_3002G183750	3
SORBI_3002G183800	3
SORBI_3002G183900	132
ENSRNA049442413	0
SORBI_3002G184100	1
SORBI_3002G184200	58.821
SORBI_3002G184300	12
SORBI_3002G184400	537
SORBI_3002G184450	0
SORBI_3002G184500	100
SORBI_3002G184600	9444.521
SORBI_3002G184700	2
SORBI_3002G184800	0
SORBI_3002G184900	46
SORBI_3002G185000	3
SORBI_3002G185100	1
SORBI_3002G185200	707.994
SORBI_3002G185300	435
SORBI_3002G185400	0
SORBI_3002G185500	20
SORBI_3002G185600	13
SORBI_3002G185800	58
SORBI_3002G185900	224
SORBI_3002G186000	207
SORBI_3002G186100	0
SORBI_3002G186200	15
SORBI_3002G186300	580
SORBI_3002G186400	184
SORBI_3002G186500	73
SORBI_3002G186600	0
SORBI_3002G186700	1
SORBI_3002G186800	0
SORBI_3002G186900	308
SORBI_3002G186966	36
SORBI_3002G187032	17
SORBI_3002G187100	64
SORBI_3002G187200	7
SORBI_3002G187300	40
SORBI_3002G187350	2
SORBI_3002G187400	19
SORBI_3002G187500	103
SORBI_3002G187600	8
SORBI_3002G187700	365
SORBI_3002G187801	294.676
SORBI_3002G187900	2
SORBI_3002G188000	10
SORBI_3002G188100	0
SORBI_3002G188200	5.936
SORBI_3002G188300	0
SORBI_3002G188350	0
SORBI_3002G188400	0
SORBI_3002G188500	505
SORBI_3002G188600	1174
SORBI_3002G188700	338
SORBI_3002G188800	0
SORBI_3002G188900	30
SORBI_3002G189000	274.012
SORBI_3002G189100	5261.468
SORBI_3002G189300	2
SORBI_3002G189350	0
SORBI_3002G189400	434
SORBI_3002G189500	0
SORBI_3002G189600	78
SORBI_3002G189700	2211
SORBI_3002G189750	0
SORBI_3002G189800	0
SORBI_3002G189900	15
SORBI_3002G190000	1
SORBI_3002G190100	1
SORBI_3002G190200	2
SORBI_3002G190300	265
SORBI_3002G190400	0
SORBI_3002G190500	69
SORBI_3002G190600	0
SORBI_3002G190700	37
SORBI_3002G190750	3
SORBI_3002G190800	37
SORBI_3002G190900	170
SORBI_3002G191000	15
SORBI_3002G191100	184
SORBI_3002G191200	0
SORBI_3002G191300	0
SORBI_3002G191400	0
SORBI_3002G191450	0
SORBI_3002G191500	0
SORBI_3002G191600	0
SORBI_3002G191800	151
SORBI_3002G191900	0
SORBI_3002G192000	30
SORBI_3002G192101	20
SORBI_3002G192200	207
SORBI_3002G192500	161
SORBI_3002G192600	0
SORBI_3002G192700	0
SORBI_3002G192800	0
SORBI_3002G192900	62
SORBI_3002G193000	13
SORBI_3002G193100	779.34
SORBI_3002G193200	0
SORBI_3002G193300	422.999
SORBI_3002G193400	91
SORBI_3002G193500	83
SORBI_3002G193600	449.092
SORBI_3002G193800	117
SORBI_3002G193900	12
SORBI_3002G194000	182
SORBI_3002G194100	835
SORBI_3002G194201	0
SORBI_3002G194300	0
SORBI_3002G194400	1
SORBI_3002G194500	0
SORBI_3002G194600	0
SORBI_3002G194650	0
SORBI_3002G194700	726.009
SORBI_3002G194800	71
SORBI_3002G194900	40
SORBI_3002G195000	27
SORBI_3002G195033	0
SORBI_3002G195066	0
SORBI_3002G195100	1
SORBI_3002G195200	0
SORBI_3002G195300	0
SORBI_3002G195400	29
SORBI_3002G195500	0
SORBI_3002G195600	25
SORBI_3002G195700	206
SORBI_3002G195800	20
SORBI_3002G195900	334.783
SORBI_3002G196000	3.352
SORBI_3002G196100	5.648
SORBI_3002G196200	5093.32
SORBI_3002G196350	408.774
SORBI_3002G196500	16
SORBI_3002G196600	95
SORBI_3002G196700	0
SORBI_3002G196800	354
SORBI_3002G196900	5
SORBI_3002G197000	5
SORBI_3002G197100	1148.926
SORBI_3002G197200	30
SORBI_3002G197300	176
SORBI_3002G197400	111.121
SORBI_3002G197500	43.191
SORBI_3002G197600	712
SORBI_3002G197650	65
SORBI_3002G197700	0
SORBI_3002G197800	0
SORBI_3002G197900	0
SORBI_3002G198000	15
SORBI_3002G198100	53
SORBI_3002G198200	1447.935
SORBI_3002G198300	184
SORBI_3002G198400	0
SORBI_3002G198500	3
SORBI_3002G198600	42
SORBI_3002G198700	0
SORBI_3002G198801	1
SORBI_3002G198900	15
SORBI_3002G199000	26
SORBI_3002G199100	292
SORBI_3002G199200	0
ENSRNA049442373	0
ENSRNA049996690	0
SORBI_3002G199300	0
ENSRNA049480282	0
ENSRNA049480247	0
SORBI_3002G199400	206
SORBI_3002G199500	139
SORBI_3002G199650	19
SORBI_3002G199800	0
SORBI_3002G199850	0
SORBI_3002G199900	77
SORBI_3002G200000	335.001
SORBI_3002G200100	141
SORBI_3002G200200	112
SORBI_3002G200300	5
SORBI_3002G200400	0
SORBI_3002G200500	46
SORBI_3002G200600	640
SORBI_3002G200700	2740.462
SORBI_3002G200900	233.152
SORBI_3002G201000	0
SORBI_3002G201100	0
SORBI_3002G201200	0
SORBI_3002G201300	0
SORBI_3002G201400	0
SORBI_3002G201500	0
SORBI_3002G201600	30
SORBI_3002G201700	38
SORBI_3002G201800	0
SORBI_3002G201900	321.25
SORBI_3002G201950	1
SORBI_3002G202000	215.534
SORBI_3002G202050	0
SORBI_3002G202100	99
SORBI_3002G202300	454
SORBI_3002G202200	0
SORBI_3002G202350	0
SORBI_3002G202400	215
SORBI_3002G202500	2
SORBI_3002G202600	11
SORBI_3002G202700	109
SORBI_3002G202750	0
SORBI_3002G202800	0
SORBI_3002G203000	214
SORBI_3002G203050	0
SORBI_3002G203100	252
SORBI_3002G203200	1
SORBI_3002G203300	0
ENSRNA049996683	0
SORBI_3002G203401	0
SORBI_3002G203500	55
SORBI_3002G203600	5
SORBI_3002G203700	1
SORBI_3002G203800	0
SORBI_3002G203900	44.523
SORBI_3002G204000	151
SORBI_3002G204100	129
SORBI_3002G204050	0
SORBI_3002G204200	368
SORBI_3002G204300	7
SORBI_3002G204350	0
SORBI_3002G204400	20
SORBI_3002G204500	2
SORBI_3002G204600	528
SORBI_3002G204700	23.987
SORBI_3002G204800	53.013
SORBI_3002G204900	27.999
SORBI_3002G205000	9
SORBI_3002G205100	8
SORBI_3002G205201	0
SORBI_3002G205300	153
SORBI_3002G205500	26
SORBI_3002G205600	42
SORBI_3002G205700	1
SORBI_3002G205800	6
SORBI_3002G205900	32
SORBI_3002G206000	4
SORBI_3002G206100	0
SORBI_3002G206200	1033
SORBI_3002G206300	49
SORBI_3002G206400	2
SORBI_3002G206500	58
SORBI_3002G206600	1
SORBI_3002G206700	631
SORBI_3002G206750	22
SORBI_3002G206800	424
SORBI_3002G206900	0
SORBI_3002G207000	16
SORBI_3002G207100	0
SORBI_3002G207200	14
SORBI_3002G207300	12218.602
SORBI_3002G207400	265
SORBI_3002G207500	442
SORBI_3002G207601	17
SORBI_3002G207700	695
SORBI_3002G207900	133
SORBI_3002G208000	85
SORBI_3002G208200	1177.951
SORBI_3002G208400	98
SORBI_3002G208301	0
SORBI_3002G208500	1
SORBI_3002G208700	4
SORBI_3002G208800	0
SORBI_3002G208850	0
SORBI_3002G208900	0
SORBI_3002G209000	5
SORBI_3002G209100	30
SORBI_3002G209200	109
SORBI_3002G209300	44
SORBI_3002G209400	108.325
SORBI_3002G209450	0
SORBI_3002G209500	0
SORBI_3002G209600	133
SORBI_3002G209800	1
ENSRNA049996677	0
SORBI_3002G209900	0
SORBI_3002G210100	91
SORBI_3002G210150	0
SORBI_3002G210200	105.997
SORBI_3002G210300	71
SORBI_3002G210401	32
SORBI_3002G210500	11.876
SORBI_3002G210700	1
SORBI_3002G210800	33
SORBI_3002G210901	4.598
SORBI_3002G211000	44
SORBI_3002G211200	0
SORBI_3002G211300	0
SORBI_3002G211400	0
SORBI_3002G211501	0
SORBI_3002G211600	0
SORBI_3002G211700	2
SORBI_3002G211800	1356.995
SORBI_3002G211900	386
SORBI_3002G212000	6061.96
SORBI_3002G212100	0
SORBI_3002G212200	38
SORBI_3002G212300	3
SORBI_3002G212400	0
SORBI_3002G212500	6
SORBI_3002G212601	0
SORBI_3002G212700	1
SORBI_3002G212800	160
SORBI_3002G212900	1
SORBI_3002G213000	0
SORBI_3002G213050	0
SORBI_3002G213100	0
SORBI_3002G213200	0
SORBI_3002G213300	859
ENSRNA049996671	0
SORBI_3002G213400	341
SORBI_3002G213500	3
SORBI_3002G213600	1
SORBI_3002G213701	0
SORBI_3002G213800	279
ENSRNA049441711	0
SORBI_3002G213900	54
SORBI_3002G214000	0
SORBI_3002G214200	1151.001
SORBI_3002G214300	0
SORBI_3002G214400	817.953
SORBI_3002G214500	0
SORBI_3002G214600	138
SORBI_3002G214700	34
SORBI_3002G214800	1711.013
SORBI_3002G214900	429
SORBI_3002G215000	19
SORBI_3002G215100	425
SORBI_3002G215200	366
SORBI_3002G215300	14
SORBI_3002G215600	71.052
SORBI_3002G215700	566
SORBI_3002G215800	38
SORBI_3002G215866	2
SORBI_3002G215932	0
SORBI_3002G216000	4
SORBI_3002G216100	36
SORBI_3002G216200	0
SORBI_3002G216250	0
SORBI_3002G216300	0
SORBI_3002G216400	555.766
SORBI_3002G216500	140.195
SORBI_3002G216600	1
SORBI_3002G216650	0
SORBI_3002G216700	17
SORBI_3002G216801	0
SORBI_3002G216900	0
SORBI_3002G217000	0
SORBI_3002G217100	822
SORBI_3002G217133	0
SORBI_3002G217166	3
SORBI_3002G217200	5327.947
SORBI_3002G217300	19
SORBI_3002G217400	274.497
SORBI_3002G217500	89
SORBI_3002G217600	36
SORBI_3002G217700	1709.007
SORBI_3002G217800	0
SORBI_3002G217900	3
SORBI_3002G218000	97
SORBI_3002G218100	5
SORBI_3002G218200	3
SORBI_3002G218300	0
SORBI_3002G218350	0
SORBI_3002G218400	0
SORBI_3002G218500	822.736
SORBI_3002G218600	40
SORBI_3002G218700	25
SORBI_3002G218800	9
SORBI_3002G218900	0
SORBI_3002G219000	11
SORBI_3002G219100	0
SORBI_3002G219200	15
SORBI_3002G219300	0
SORBI_3002G219333	0
SORBI_3002G219366	0
SORBI_3002G219400	0
SORBI_3002G219500	1
SORBI_3002G219600	0
SORBI_3002G219700	37.001
SORBI_3002G219800	102
SORBI_3002G219900	139
SORBI_3002G220000	72
SORBI_3002G220100	3
SORBI_3002G220200	492
SORBI_3002G220300	37
SORBI_3002G220400	0
SORBI_3002G220500	20.652
SORBI_3002G220600	116
SORBI_3002G220700	0
SORBI_3002G220800	0
SORBI_3002G220900	71
SORBI_3002G221000	0
SORBI_3002G221100	0
SORBI_3002G221200	0
SORBI_3002G221300	0
SORBI_3002G221400	1
SORBI_3002G221450	0
SORBI_3002G221500	1
SORBI_3002G221600	50
SORBI_3002G221700	2228.859
SORBI_3002G221800	2
SORBI_3002G221900	21
SORBI_3002G222000	0
SORBI_3002G222200	157
SORBI_3002G222300	228
SORBI_3002G222400	3
ENSRNA049996661	0
SORBI_3002G222500	0
SORBI_3002G222600	0
SORBI_3002G222700	31
SORBI_3002G222800	221
SORBI_3002G222900	106
SORBI_3002G223000	0
SORBI_3002G223050	0
SORBI_3002G223100	44
SORBI_3002G223200	482
SORBI_3002G223300	154
SORBI_3002G223401	155
SORBI_3002G223500	256
SORBI_3002G223550	0
SORBI_3002G223600	56
SORBI_3002G223650	0
SORBI_3002G223700	163
SORBI_3002G223800	129
SORBI_3002G223900	28
SORBI_3002G224000	0
SORBI_3002G224100	88
SORBI_3002G224200	0
SORBI_3002G224300	0
SORBI_3002G224400	18
SORBI_3002G224450	79
SORBI_3002G224500	110
SORBI_3002G224700	192
SORBI_3002G224800	59
SORBI_3002G224900	4
SORBI_3002G225000	287.973
SORBI_3002G225100	330
SORBI_3002G225200	13
SORBI_3002G225300	873
SORBI_3002G225400	3
SORBI_3002G225500	0
SORBI_3002G225600	2.66
SORBI_3002G225650	2.34
SORBI_3002G225700	413
SORBI_3002G225800	0
SORBI_3002G225900	3
SORBI_3002G226000	138
SORBI_3002G226100	64
SORBI_3002G226200	0
SORBI_3002G226300	1
SORBI_3002G226400	64
SORBI_3002G226500	1
SORBI_3002G226600	0
SORBI_3002G226700	56
SORBI_3002G226800	40
SORBI_3002G226900	912
SORBI_3002G227000	92
SORBI_3002G227100	10
SORBI_3002G227200	167.115
SORBI_3002G227300	27
SORBI_3002G227400	0
SORBI_3002G227500	270
SORBI_3002G227700	40
SORBI_3002G227800	0
SORBI_3002G227900	1
SORBI_3002G228000	207.379
SORBI_3002G228100	0
SORBI_3002G228200	8
SORBI_3002G228300	0
SORBI_3002G228400	18
SORBI_3002G228500	31
SORBI_3002G228600	45
SORBI_3002G228700	171
SORBI_3002G228800	0
SORBI_3002G228900	303
SORBI_3002G229000	92
SORBI_3002G229100	5
SORBI_3002G229200	0
SORBI_3002G229250	0
SORBI_3002G229300	70
SORBI_3002G229400	59
SORBI_3002G229500	0
SORBI_3002G229600	145.539
SORBI_3002G229650	0
SORBI_3002G229700	247
SORBI_3002G229800	0
SORBI_3002G229900	47
SORBI_3002G230000	0
SORBI_3002G230100	295
SORBI_3002G230201	0
SORBI_3002G230301	0
SORBI_3002G230400	37
SORBI_3002G230500	76
SORBI_3002G230600	974
SORBI_3002G230700	3
SORBI_3002G230800	18
SORBI_3002G230900	1
SORBI_3002G231000	6
SORBI_3002G231100	4
SORBI_3002G231200	526
SORBI_3002G231300	84
SORBI_3002G231400	0
SORBI_3002G231500	271
SORBI_3002G231600	16
SORBI_3002G231700	4
SORBI_3002G231800	1
SORBI_3002G231900	121
SORBI_3002G232100	0
SORBI_3002G232200	12
SORBI_3002G232300	0
SORBI_3002G232400	289
SORBI_3002G232500	634
SORBI_3002G232600	2
SORBI_3002G232700	2
SORBI_3002G232800	50
SORBI_3002G232900	0
SORBI_3002G233000	7
SORBI_3002G233100	147
SORBI_3002G233200	0
SORBI_3002G233300	1
SORBI_3002G233400	15
SORBI_3002G233500	13
SORBI_3002G233600	266
SORBI_3002G233700	218
SORBI_3002G233800	806
SORBI_3002G233900	205
SORBI_3002G234000	1
SORBI_3002G234100	0
SORBI_3002G234200	458
SORBI_3002G234300	626.124
SORBI_3002G234400	497
SORBI_3002G234500	102
SORBI_3002G234600	149
SORBI_3002G234700	48
ENSRNA049442339	0
SORBI_3002G234800	40
SORBI_3002G234900	0
SORBI_3002G235000	0
SORBI_3002G235200	326.001
SORBI_3002G235300	64
SORBI_3002G235400	1
SORBI_3002G235500	5
SORBI_3002G235600	25
SORBI_3002G235700	21
SORBI_3002G235800	0
SORBI_3002G235900	1121.496
SORBI_3002G236000	1
SORBI_3002G236100	0
SORBI_3002G236200	820
SORBI_3002G236300	6
SORBI_3002G236400	173
SORBI_3002G236500	51.001
SORBI_3002G236600	26
SORBI_3002G236700	33
SORBI_3002G236800	0
SORBI_3002G236900	2
SORBI_3002G237000	0
SORBI_3002G237100	0
SORBI_3002G237200	62
SORBI_3002G237400	4
SORBI_3002G237500	0
SORBI_3002G237600	58
SORBI_3002G237700	22
SORBI_3002G237750	2
ENSRNA049996658	0
SORBI_3002G237800	75
SORBI_3002G237900	179
SORBI_3002G238000	246
SORBI_3002G238100	222
SORBI_3002G238200	1
SORBI_3002G238300	67
SORBI_3002G238400	72
SORBI_3002G238500	240
SORBI_3002G238600	6
SORBI_3002G238700	0
SORBI_3002G238800	1
SORBI_3002G238900	0
SORBI_3002G239000	0
SORBI_3002G239101	0
SORBI_3002G239200	386
SORBI_3002G239300	267.005
SORBI_3002G239400	57
SORBI_3002G239450	0
SORBI_3002G239500	0
SORBI_3002G239601	57
SORBI_3002G239700	12
SORBI_3002G239800	0
SORBI_3002G239900	337
SORBI_3002G240000	0
SORBI_3002G240100	0
SORBI_3002G240200	0
SORBI_3002G240300	6
SORBI_3002G240400	0
SORBI_3002G240500	0
SORBI_3002G240700	5
ENSRNA049441734	0
SORBI_3002G240800	0
SORBI_3002G240900	28
SORBI_3002G241000	0
SORBI_3002G241100	22
SORBI_3002G241250	3
SORBI_3002G241400	114
SORBI_3002G241500	113
SORBI_3002G241600	45
SORBI_3002G241700	3.263
SORBI_3002G241900	0
SORBI_3002G242000	200
SORBI_3002G242100	7
SORBI_3002G242200	540.002
SORBI_3002G242300	12
SORBI_3002G242400	0
SORBI_3002G242500	488
SORBI_3002G242600	17
SORBI_3002G242650	1
SORBI_3002G242700	36
SORBI_3002G242800	4
SORBI_3002G242900	6
SORBI_3002G243000	41
SORBI_3002G243100	0
SORBI_3002G243200	2030.39
SORBI_3002G243300	0
SORBI_3002G243400	0
SORBI_3002G243500	3802.72
SORBI_3002G243650	75
SORBI_3002G243800	182
SORBI_3002G243900	312.999
SORBI_3002G244100	1180
SORBI_3002G244200	104
SORBI_3002G244300	7
SORBI_3002G244400	1
SORBI_3002G244500	615
SORBI_3002G244600	0
SORBI_3002G244700	28
SORBI_3002G244800	0
SORBI_3002G244901	53
SORBI_3002G245000	227
SORBI_3002G245100	135
SORBI_3002G245200	0
SORBI_3002G245300	20.141
SORBI_3002G245400	364.859
SORBI_3002G245500	22
SORBI_3002G245600	16
SORBI_3002G245700	6
SORBI_3002G245800	6387.803
SORBI_3002G245900	42
SORBI_3002G246000	10
SORBI_3002G246100	0
SORBI_3002G246200	130
SORBI_3002G246300	1
SORBI_3002G246400	102
SORBI_3002G246500	134
SORBI_3002G246600	43
SORBI_3002G246700	1971.999
SORBI_3002G246800	48
SORBI_3002G246900	0
SORBI_3002G246950	0
SORBI_3002G247000	28
SORBI_3002G247100	0
SORBI_3002G247200	19
SORBI_3002G247300	4
SORBI_3002G247401	11
SORBI_3002G247500	212.445
SORBI_3002G247600	193
SORBI_3002G247700	0
SORBI_3002G247800	82
SORBI_3002G247900	0
SORBI_3002G248001	139
SORBI_3002G248100	455.434
SORBI_3002G248201	3
SORBI_3002G248300	0
ENSRNA049480636	1
SORBI_3002G248400	520.021
SORBI_3002G248500	15
SORBI_3002G248600	159.068
SORBI_3002G248700	128
SORBI_3002G248800	53
SORBI_3002G248900	161
SORBI_3002G249000	390
SORBI_3002G249101	2
SORBI_3002G249200	622
SORBI_3002G249300	7
SORBI_3002G249400	0.927
SORBI_3002G249500	329
SORBI_3002G249600	14.68
SORBI_3002G249650	0
SORBI_3002G249700	7.32
SORBI_3002G249800	730
SORBI_3002G249900	314
SORBI_3002G250000	25
SORBI_3002G250100	28
SORBI_3002G250200	0
SORBI_3002G250300	1
SORBI_3002G250400	478
SORBI_3002G250550	2898
SORBI_3002G250700	0
SORBI_3002G250800	0
SORBI_3002G250900	1
SORBI_3002G251000	3
SORBI_3002G251050	0
SORBI_3002G251100	16
SORBI_3002G251200	45
SORBI_3002G251300	1
SORBI_3002G251400	28
SORBI_3002G251501	0
SORBI_3002G251600	0
SORBI_3002G251700	709
SORBI_3002G251800	30
SORBI_3002G251900	122
SORBI_3002G252000	613.267
SORBI_3002G252100	475
SORBI_3002G252200	4
SORBI_3002G252300	57
SORBI_3002G252400	776
SORBI_3002G252500	133
SORBI_3002G252600	735
SORBI_3002G252700	1
SORBI_3002G252800	121
SORBI_3002G252900	659
SORBI_3002G253000	212
SORBI_3002G253100	123.14
SORBI_3002G253200	0
SORBI_3002G253300	0
SORBI_3002G253400	16
SORBI_3002G253500	8
SORBI_3002G253600	70
SORBI_3002G253800	16
SORBI_3002G253900	160
SORBI_3002G254000	2.596
SORBI_3002G254100	1.404
SORBI_3002G254200	75
SORBI_3002G254250	0
SORBI_3002G254300	5
SORBI_3002G254500	90
SORBI_3002G254600	33
SORBI_3002G254650	61
SORBI_3002G254700	10
SORBI_3002G254800	269.132
SORBI_3002G254900	129
SORBI_3002G255000	0
SORBI_3002G255100	507.36
SORBI_3002G255200	279.478
SORBI_3002G255300	279.989
SORBI_3002G255400	177
SORBI_3002G255500	13
SORBI_3002G255600	94
SORBI_3002G255700	1
SORBI_3002G255800	0
SORBI_3002G255901	1
SORBI_3002G256000	188
SORBI_3002G256100	9
SORBI_3002G256200	312
SORBI_3002G256250	0
SORBI_3002G256300	244
SORBI_3002G256400	7
SORBI_3002G256500	73
SORBI_3002G256601	18
SORBI_3002G256700	541
SORBI_3002G256800	629
SORBI_3002G256900	1
SORBI_3002G257001	3
SORBI_3002G257100	614.904
SORBI_3002G257150	1
SORBI_3002G257200	1821.706
SORBI_3002G257300	442
SORBI_3002G257400	609
SORBI_3002G257500	44
SORBI_3002G257600	14
SORBI_3002G257750	68
SORBI_3002G257900	32
SORBI_3002G258000	0
SORBI_3002G258100	51
SORBI_3002G258200	1
SORBI_3002G258300	2
SORBI_3002G258400	372
SORBI_3002G258500	0
SORBI_3002G258600	43
SORBI_3002G258700	0
SORBI_3002G258800	1908.707
SORBI_3002G258900	0
SORBI_3002G259000	1981.008
SORBI_3002G259100	6
SORBI_3002G259200	0
SORBI_3002G259301	0
SORBI_3002G259400	891.999
SORBI_3002G259466	7
ENSRNA049996651	0
SORBI_3002G259532	0
SORBI_3002G259600	49
SORBI_3002G259700	1061.923
SORBI_3002G259800	560
SORBI_3002G259900	52
SORBI_3002G260000	842.003
SORBI_3002G260100	0
ENSRNA049996644	0
ENSRNA049996637	0
ENSRNA049480657	0
ENSRNA049480666	0
SORBI_3002G260200	65
ENSRNA049441756	0
SORBI_3002G260300	0
SORBI_3002G260400	330
SORBI_3002G260500	0
SORBI_3002G260600	1
SORBI_3002G260700	399
SORBI_3002G260800	0
SORBI_3002G260900	477
SORBI_3002G261000	96
SORBI_3002G261100	531.38
SORBI_3002G261200	103
SORBI_3002G261300	13
SORBI_3002G261400	2
SORBI_3002G261450	0
SORBI_3002G261500	3
SORBI_3002G261600	1176
SORBI_3002G261700	90
SORBI_3002G261800	257
SORBI_3002G261900	1373.999
SORBI_3002G262000	604
SORBI_3002G262100	490
SORBI_3002G262200	54.025
SORBI_3002G262250	0
SORBI_3002G262300	197
SORBI_3002G262400	77
SORBI_3002G262500	0
SORBI_3002G262600	2213.909
SORBI_3002G262700	435
SORBI_3002G262800	142
SORBI_3002G262850	0
SORBI_3002G262900	228
SORBI_3002G263000	66
SORBI_3002G263100	115
SORBI_3002G263200	145
SORBI_3002G263300	77
SORBI_3002G263600	188
SORBI_3002G263700	651
SORBI_3002G263800	1205
SORBI_3002G263900	141
SORBI_3002G264000	29.151
SORBI_3002G263400	32
SORBI_3002G263500	0
SORBI_3002G264100	85
SORBI_3002G264200	505
SORBI_3002G264300	179
SORBI_3002G264400	1737.875
SORBI_3002G264500	345
SORBI_3002G264600	1040
SORBI_3002G264700	0
SORBI_3002G264800	2
SORBI_3002G264900	63
SORBI_3002G265001	0
SORBI_3002G265100	0
SORBI_3002G265133	0
SORBI_3002G265166	0
SORBI_3002G265200	13
SORBI_3002G265300	665
SORBI_3002G265400	2
SORBI_3002G265500	0
SORBI_3002G265600	2
SORBI_3002G265700	0
SORBI_3002G265800	9
SORBI_3002G265900	5
SORBI_3002G266000	4667.269
SORBI_3002G266100	4.017
SORBI_3002G266200	49
SORBI_3002G266250	0
SORBI_3002G266300	214
SORBI_3002G266400	0
SORBI_3002G266500	0
SORBI_3002G266600	1
SORBI_3002G266700	0
SORBI_3002G266800	82
SORBI_3002G266900	22
SORBI_3002G267000	0
SORBI_3002G267050	0
SORBI_3002G267100	0
SORBI_3002G267300	26
SORBI_3002G267400	107
SORBI_3002G267500	870.137
SORBI_3002G267600	14
SORBI_3002G267700	9
SORBI_3002G267800	119.451
SORBI_3002G267900	14
SORBI_3002G268000	258
SORBI_3002G268100	3177.01
SORBI_3002G268200	1
SORBI_3002G268250	0
SORBI_3002G268300	0
SORBI_3002G268400	289.745
SORBI_3002G268450	0
SORBI_3002G268500	0
SORBI_3002G268600	12
SORBI_3002G268700	496.412
SORBI_3002G268800	476
SORBI_3002G268900	76
SORBI_3002G268966	0
SORBI_3002G269032	0
SORBI_3002G269100	595
SORBI_3002G269300	3142.186
SORBI_3002G269400	1621.8
SORBI_3002G269500	118
SORBI_3002G269600	0
SORBI_3002G269700	0
SORBI_3002G269800	0
SORBI_3002G269900	4
SORBI_3002G270000	1200
SORBI_3002G270100	120.134
SORBI_3002G270200	281
SORBI_3002G270300	620
SORBI_3002G270400	0
SORBI_3002G270500	862
SORBI_3002G270600	0
ENSRNA049442324	0
SORBI_3002G270700	5213.637
SORBI_3002G270733	0
SORBI_3002G270766	434.058
SORBI_3002G270800	595
SORBI_3002G270900	172
SORBI_3002G271000	12
SORBI_3002G271100	111
SORBI_3002G271200	12
SORBI_3002G271300	151
SORBI_3002G271400	55
SORBI_3002G271500	0
ENSRNA049480644	0
SORBI_3002G271600	245
SORBI_3002G271700	1039.046
ENSRNA049480663	1
SORBI_3002G271800	0
SORBI_3002G271900	280.538
SORBI_3002G272000	21
SORBI_3002G272100	26
SORBI_3002G272200	1
SORBI_3002G272250	6
SORBI_3002G272300	1
SORBI_3002G272350	0
SORBI_3002G272400	60
SORBI_3002G272500	573.451
SORBI_3002G272600	885.042
SORBI_3002G272700	198
SORBI_3002G272800	203
SORBI_3002G272900	235
SORBI_3002G273000	13
SORBI_3002G273100	37
SORBI_3002G273200	0
SORBI_3002G273300	703
SORBI_3002G273400	0
SORBI_3002G273500	0
SORBI_3002G273600	1
SORBI_3002G273700	85.649
SORBI_3002G273800	20.351
SORBI_3002G273900	595.003
SORBI_3002G274000	14
SORBI_3002G274100	1
SORBI_3002G274200	105.999
SORBI_3002G274300	0
SORBI_3002G274400	0
SORBI_3002G274500	51
SORBI_3002G274600	2
SORBI_3002G274700	156
SORBI_3002G274800	104
SORBI_3002G274850	0
SORBI_3002G274900	0
SORBI_3002G275000	0
SORBI_3002G275050	3
SORBI_3002G275100	1625
SORBI_3002G275200	34
SORBI_3002G275300	357
SORBI_3002G275400	0
SORBI_3002G275500	89
SORBI_3002G275600	681.379
SORBI_3002G275700	679.371
SORBI_3002G275800	0
SORBI_3002G275900	197
SORBI_3002G276000	8
SORBI_3002G276100	2353.011
SORBI_3002G276400	1630
SORBI_3002G276500	0
SORBI_3002G276600	1057
SORBI_3002G276700	47
SORBI_3002G276800	357
SORBI_3002G276900	843
SORBI_3002G277000	0
SORBI_3002G277100	1306
SORBI_3002G277200	141
SORBI_3002G277300	428
SORBI_3002G277366	0
SORBI_3002G277500	4
SORBI_3002G277432	0
SORBI_3002G277600	325
SORBI_3002G277700	0
SORBI_3002G277800	0
SORBI_3002G277900	871
SORBI_3002G278000	194
SORBI_3002G278100	392
SORBI_3002G278200	0
SORBI_3002G278300	86
SORBI_3002G278400	3
SORBI_3002G278500	1842.223
SORBI_3002G278600	300
SORBI_3002G278700	1
SORBI_3002G278800	0
SORBI_3002G278900	0
SORBI_3002G279000	275
SORBI_3002G279100	21
SORBI_3002G279200	2
SORBI_3002G279300	1
SORBI_3002G279400	33
SORBI_3002G279500	984
SORBI_3002G279600	424
SORBI_3002G279700	826
SORBI_3002G279800	164.001
SORBI_3002G279900	14
SORBI_3002G280001	1
SORBI_3002G280100	94
SORBI_3002G280200	464
SORBI_3002G280300	0
SORBI_3002G280400	721
SORBI_3002G280500	0
SORBI_3002G280600	82
SORBI_3002G280700	26
SORBI_3002G280800	3
SORBI_3002G280850	0
SORBI_3002G280900	218
SORBI_3002G280950	0
SORBI_3002G281000	3
SORBI_3002G281100	8
SORBI_3002G281200	9
SORBI_3002G281300	353
SORBI_3002G281400	17
SORBI_3002G281500	225
SORBI_3002G281600	109
SORBI_3002G281700	11592.486
SORBI_3002G281800	555.012
SORBI_3002G281850	3.518
SORBI_3002G281900	147
SORBI_3002G282000	84
SORBI_3002G282100	7.225
SORBI_3002G282150	0
SORBI_3002G282200	97
SORBI_3002G282300	1663.123
SORBI_3002G282400	179
SORBI_3002G282500	519
SORBI_3002G282600	0
SORBI_3002G282800	0
SORBI_3002G282900	22
SORBI_3002G283000	0
SORBI_3002G283100	35
SORBI_3002G283200	3
SORBI_3002G283300	871.005
SORBI_3002G283400	50.009
SORBI_3002G283500	248
SORBI_3002G283600	546.435
SORBI_3002G283800	3
SORBI_3002G283900	0
SORBI_3002G284000	0
SORBI_3002G284100	20
SORBI_3002G284200	172
SORBI_3002G284300	0
SORBI_3002G284400	4
SORBI_3002G284500	0
SORBI_3002G284600	1
SORBI_3002G284701	0
SORBI_3002G284800	0
SORBI_3002G284901	1
SORBI_3002G285001	0
SORBI_3002G285101	0
SORBI_3002G285200	0
SORBI_3002G285300	0
SORBI_3002G285375	0
SORBI_3002G285450	0
SORBI_3002G285525	0
SORBI_3002G285600	0
SORBI_3002G285700	12
SORBI_3002G285800	0
SORBI_3002G285950	0
SORBI_3002G286100	11
SORBI_3002G286150	0
SORBI_3002G286200	689
SORBI_3002G286300	83
SORBI_3002G286400	14
SORBI_3002G286500	3
SORBI_3002G286566	2
SORBI_3002G286632	7
SORBI_3002G286700	0
SORBI_3002G286800	85
SORBI_3002G286900	1765.02
SORBI_3002G287000	44
SORBI_3002G287100	1
ENSRNA049480640	0
SORBI_3002G287201	0
SORBI_3002G287300	0
SORBI_3002G287400	215
SORBI_3002G287500	4
SORBI_3002G287600	0
SORBI_3002G287750	11
SORBI_3002G287900	21
SORBI_3002G288000	133
SORBI_3002G288100	1
SORBI_3002G288200	352
SORBI_3002G288300	977
SORBI_3002G288400	0
SORBI_3002G288500	0
SORBI_3002G288600	0
SORBI_3002G288700	0
SORBI_3002G288800	0
SORBI_3002G288900	945.681
SORBI_3002G289000	136
SORBI_3002G289100	0
SORBI_3002G289200	1.098
SORBI_3002G289250	0
SORBI_3002G289300	3
SORBI_3002G289350	4
SORBI_3002G289400	40
SORBI_3002G289500	5
SORBI_3002G289601	0
SORBI_3002G289701	3
ENSRNA049996630	0
SORBI_3002G289800	76.026
SORBI_3002G289900	5
SORBI_3002G290000	4
SORBI_3002G290100	647.001
SORBI_3002G290300	157
SORBI_3002G290400	1151
SORBI_3002G290500	26
SORBI_3002G290600	0
SORBI_3002G290700	0
SORBI_3002G290800	0
SORBI_3002G290900	1
SORBI_3002G291000	0
SORBI_3002G291066	164.403
SORBI_3002G291132	0
SORBI_3002G291200	8082.253
SORBI_3002G291300	156
SORBI_3002G291350	0
SORBI_3002G291400	225.72
SORBI_3002G291500	474
SORBI_3002G291600	84
SORBI_3002G291700	11
SORBI_3002G291800	72
SORBI_3002G291850	0
SORBI_3002G291900	2
SORBI_3002G292000	0
SORBI_3002G292100	1987.565
SORBI_3002G292200	46
SORBI_3002G292300	17
SORBI_3002G292400	51
SORBI_3002G292500	0
SORBI_3002G292600	298
SORBI_3002G292700	3
SORBI_3002G292800	216
SORBI_3002G292900	251.002
SORBI_3002G293000	152.744
SORBI_3002G293100	0
SORBI_3002G293200	389
SORBI_3002G293300	4049.397
SORBI_3002G293400	165
SORBI_3002G293500	458
SORBI_3002G293600	196.863
SORBI_3002G293700	447
SORBI_3002G293800	4
SORBI_3002G293900	43
SORBI_3002G293950	8
SORBI_3002G294000	11
SORBI_3002G294100	305
SORBI_3002G294200	2715
SORBI_3002G294300	0
SORBI_3002G294400	422.999
SORBI_3002G294500	333
SORBI_3002G294600	245.197
SORBI_3002G294700	2733
SORBI_3002G294800	1150.613
SORBI_3002G294900	20.869
SORBI_3002G295000	0
SORBI_3002G295100	843
SORBI_3002G295200	0
SORBI_3002G295300	0
SORBI_3002G295400	0
SORBI_3002G295500	338
SORBI_3002G295550	0
SORBI_3002G295600	0
SORBI_3002G295700	322
ENSRNA049442200	0
SORBI_3002G295800	5
SORBI_3002G295900	236
SORBI_3002G296000	3
SORBI_3002G296100	30
SORBI_3002G296200	443
SORBI_3002G296300	188
SORBI_3002G296400	51
SORBI_3002G296500	2
SORBI_3002G296600	339
SORBI_3002G296800	0
SORBI_3002G296900	278
SORBI_3002G297000	546
SORBI_3002G297100	1
SORBI_3002G297200	762.855
SORBI_3002G297300	83.145
SORBI_3002G297400	147
SORBI_3002G297500	4
SORBI_3002G297600	87
SORBI_3002G297700	959.06
SORBI_3002G297800	153
SORBI_3002G297900	54
SORBI_3002G298100	205
SORBI_3002G298201	0
SORBI_3002G298300	119
SORBI_3002G298400	0
SORBI_3002G298500	0
SORBI_3002G298600	0
ENSRNA049441805	0
SORBI_3002G298700	32
SORBI_3002G298800	39
SORBI_3002G298900	26
SORBI_3002G299000	448.123
SORBI_3002G299100	140
SORBI_3002G299200	10
SORBI_3002G299300	39
SORBI_3002G299400	91
SORBI_3002G299500	5
SORBI_3002G299600	216
SORBI_3002G299700	600.017
SORBI_3002G299800	0
SORBI_3002G299900	12
SORBI_3002G300000	22
SORBI_3002G300100	0
SORBI_3002G300300	399.225
SORBI_3002G300400	75
SORBI_3002G300500	42
SORBI_3002G300600	296
SORBI_3002G300700	465
SORBI_3002G300800	0
SORBI_3002G300850	0
SORBI_3002G300900	0
SORBI_3002G300950	0
SORBI_3002G301000	95.575
SORBI_3002G301100	425
SORBI_3002G301200	697
SORBI_3002G301300	305
SORBI_3002G301400	168
SORBI_3002G301500	142
SORBI_3002G301600	8.547
SORBI_3002G301700	44.453
SORBI_3002G301800	180
SORBI_3002G301900	1
SORBI_3002G302000	0
SORBI_3002G302100	6
SORBI_3002G302200	0
SORBI_3002G302300	2
SORBI_3002G302400	10
SORBI_3002G302500	27
SORBI_3002G302600	45
SORBI_3002G302700	151
SORBI_3002G302800	0
SORBI_3002G302900	145.659
SORBI_3002G303000	41
SORBI_3002G303100	25
SORBI_3002G303200	39
SORBI_3002G303300	1664.108
SORBI_3002G303400	0
SORBI_3002G303500	0
SORBI_3002G303600	567
SORBI_3002G303700	87
SORBI_3002G303800	38
SORBI_3002G303900	1
SORBI_3002G303950	5
SORBI_3002G304000	1797.979
SORBI_3002G304100	254
SORBI_3002G304200	0
SORBI_3002G304300	0
SORBI_3002G304400	15
SORBI_3002G304500	14
SORBI_3002G304600	0
SORBI_3002G304700	284
SORBI_3002G304801	0
SORBI_3002G304900	933.007
SORBI_3002G305000	1211.883
SORBI_3002G305100	33
SORBI_3002G305200	0
SORBI_3002G305300	0
SORBI_3002G305400	0
SORBI_3002G305500	10
SORBI_3002G305600	0
SORBI_3002G305700	16
SORBI_3002G305750	0
SORBI_3002G305800	0
SORBI_3002G305900	21
SORBI_3002G306000	2186.823
SORBI_3002G306100	291
SORBI_3002G306201	9
SORBI_3002G306300	117
SORBI_3002G306400	446
SORBI_3002G306500	16
SORBI_3002G306600	287
SORBI_3002G306700	448.027
SORBI_3002G306800	36
SORBI_3002G306900	6095.997
SORBI_3002G307000	0
SORBI_3002G307100	0
SORBI_3002G307200	0
SORBI_3002G307300	0
SORBI_3002G307400	0
SORBI_3002G307500	0
SORBI_3002G307600	166
SORBI_3002G307700	0
SORBI_3002G307800	37
SORBI_3002G307900	0
SORBI_3002G308000	12
SORBI_3002G308200	26
SORBI_3002G308300	302.556
SORBI_3002G308400	11
SORBI_3002G308500	434.877
SORBI_3002G308600	0
SORBI_3002G308700	1601
SORBI_3002G308800	80
SORBI_3002G308900	0
SORBI_3002G309000	0
SORBI_3002G309100	2
SORBI_3002G309150	0
SORBI_3002G309200	78
SORBI_3002G309300	0
SORBI_3002G309400	1309.008
SORBI_3002G309500	1549.354
SORBI_3002G309600	1870.269
SORBI_3002G309700	984
SORBI_3002G309800	1831.923
SORBI_3002G309900	574
SORBI_3002G310100	0
SORBI_3002G310000	7
SORBI_3002G310200	411
SORBI_3002G310300	8
SORBI_3002G310400	0
SORBI_3002G310500	0
SORBI_3002G310600	3
SORBI_3002G310800	272.037
SORBI_3002G310900	216
SORBI_3002G311000	40
SORBI_3002G311100	1216.919
SORBI_3002G311200	1
SORBI_3002G311300	3
SORBI_3002G311350	0
SORBI_3002G311400	143
SORBI_3002G311501	35.167
SORBI_3002G311601	70.833
SORBI_3002G311700	33
SORBI_3002G311900	2
SORBI_3002G312000	0
SORBI_3002G312100	0
SORBI_3002G312200	18.026
SORBI_3002G312300	21
SORBI_3002G312400	2661.857
SORBI_3002G312500	0
SORBI_3002G312550	0
SORBI_3002G312600	1
SORBI_3002G312700	188
SORBI_3002G312800	411.527
SORBI_3002G312900	247
SORBI_3002G313000	9
SORBI_3002G313100	495
SORBI_3002G313300	1107.417
ENSRNA049441925	0
SORBI_3002G313400	770.568
SORBI_3002G313500	231
SORBI_3002G313600	318
SORBI_3002G313700	59
SORBI_3002G313800	553.852
SORBI_3002G313850	0
SORBI_3002G313900	201.166
SORBI_3002G314000	0
SORBI_3002G314100	5
SORBI_3002G314200	22.507
SORBI_3002G314300	321.493
SORBI_3002G314400	188.959
SORBI_3002G314500	14
SORBI_3002G314600	0
SORBI_3002G314700	30
SORBI_3002G314800	0
SORBI_3002G314900	203
SORBI_3002G314950	1
SORBI_3002G315000	0
SORBI_3002G315100	172
SORBI_3002G315200	1339.644
SORBI_3002G315400	11
SORBI_3002G315450	0
SORBI_3002G315500	0
SORBI_3002G315700	284
SORBI_3002G315800	2591
SORBI_3002G315900	0
SORBI_3002G316000	0
SORBI_3002G316100	0
SORBI_3002G316200	0
SORBI_3002G316301	0
SORBI_3002G316400	5
SORBI_3002G316500	71
SORBI_3002G316600	309
SORBI_3002G316700	158
SORBI_3002G316800	112
SORBI_3002G316900	1556
SORBI_3002G317001	2
SORBI_3002G317100	99
SORBI_3002G317200	572.937
SORBI_3002G317300	2391.061
SORBI_3002G317350	1
SORBI_3002G317400	837.999
SORBI_3002G317500	1
SORBI_3002G317600	219
SORBI_3002G317700	7
SORBI_3002G317800	236
SORBI_3002G317900	0
SORBI_3002G318000	119
SORBI_3002G318100	10
SORBI_3002G318200	14
SORBI_3002G318300	199.92
SORBI_3002G318400	0
SORBI_3002G318501	7
SORBI_3002G318600	758
SORBI_3002G318700	13
SORBI_3002G318800	373
SORBI_3002G318900	1
SORBI_3002G319100	19
SORBI_3002G319200	62.844
SORBI_3002G319300	2
SORBI_3002G319400	16
SORBI_3002G319500	60
SORBI_3002G319600	0
SORBI_3002G319700	0
SORBI_3002G319766	1
SORBI_3002G319832	0
SORBI_3002G319900	99
SORBI_3002G320001	2
ENSRNA049480671	0
ENSRNA049480667	0
SORBI_3002G320100	177
SORBI_3002G320200	6
SORBI_3002G320300	0
SORBI_3002G320500	329
SORBI_3002G320600	126
SORBI_3002G320700	48.152
SORBI_3002G320800	12.848
SORBI_3002G320900	330
SORBI_3002G321000	1
SORBI_3002G321100	270
SORBI_3002G321200	72
SORBI_3002G321300	72.986
SORBI_3002G321400	158
SORBI_3002G321500	143.94
SORBI_3002G321600	0
SORBI_3002G321700	0
SORBI_3002G321800	1.037
SORBI_3002G321901	90.946
SORBI_3002G322000	11197.643
SORBI_3002G322101	3.235
SORBI_3002G322200	0
SORBI_3002G322100	198.025
SORBI_3002G322300	17
SORBI_3002G322350	0
SORBI_3002G322400	710.099
SORBI_3002G322500	5
SORBI_3002G322600	0
SORBI_3002G322700	3
SORBI_3002G322800	65
SORBI_3002G322900	161
SORBI_3002G323000	76
SORBI_3002G323200	0
SORBI_3002G323300	1073
SORBI_3002G323400	0
SORBI_3002G323500	0
SORBI_3002G323600	1.005
SORBI_3002G323700	24
SORBI_3002G323800	0
SORBI_3002G323900	227.051
SORBI_3002G324000	0
SORBI_3002G324100	5
SORBI_3002G324200	49326.072
SORBI_3002G324300	170.365
SORBI_3002G324400	331.197
SORBI_3002G324500	5
SORBI_3002G324700	515
SORBI_3002G324801	12
SORBI_3002G324900	2
SORBI_3002G325000	386.628
SORBI_3002G325100	1
SORBI_3002G325200	0
SORBI_3002G325300	452.941
SORBI_3002G325400	398
SORBI_3002G325500	2
SORBI_3002G325600	0
SORBI_3002G325700	0
SORBI_3002G325800	0
SORBI_3002G325900	0
SORBI_3002G326000	2
SORBI_3002G326050	4
SORBI_3002G326100	8
SORBI_3002G326200	40
SORBI_3002G326300	4
SORBI_3002G326400	1
SORBI_3002G326500	5
SORBI_3002G326650	2
SORBI_3002G326800	18
SORBI_3002G326900	45
SORBI_3002G327000	688.311
SORBI_3002G327100	4
SORBI_3002G327201	1
SORBI_3002G327300	8
SORBI_3002G327400	3
SORBI_3002G327500	75
SORBI_3002G327600	0
SORBI_3002G327700	13
SORBI_3002G327800	89
SORBI_3002G327900	4.004
SORBI_3002G328000	59.092
SORBI_3002G328100	146.577
SORBI_3002G328200	11
SORBI_3002G328250	0
SORBI_3002G328300	371.996
SORBI_3002G328400	8759.409
SORBI_3002G328500	343.002
SORBI_3002G328550	0
SORBI_3002G328600	21
SORBI_3002G328800	41
SORBI_3002G328900	0
SORBI_3002G329000	484.997
SORBI_3002G329100	236
SORBI_3002G329200	0
SORBI_3002G329300	131
SORBI_3002G329400	5
SORBI_3002G329500	60
SORBI_3002G329600	275
SORBI_3002G329700	189.143
SORBI_3002G329800	6
SORBI_3002G329900	41
SORBI_3002G330000	788
SORBI_3002G330100	3
SORBI_3002G330200	0
SORBI_3002G330300	5759.018
SORBI_3002G330400	91
SORBI_3002G330500	404
SORBI_3002G330600	500
SORBI_3002G330700	7
ENSRNA049480641	0
SORBI_3002G330800	4
SORBI_3002G330900	28
SORBI_3002G331000	4
SORBI_3002G331050	9
SORBI_3002G331100	65
SORBI_3002G331200	0
SORBI_3002G331300	1257.999
SORBI_3002G331400	0
SORBI_3002G331450	37.742
SORBI_3002G331500	0
SORBI_3002G331600	0
SORBI_3002G331700	22
SORBI_3002G331800	70
SORBI_3002G331900	0
SORBI_3002G332000	0
SORBI_3002G332100	967
SORBI_3002G332200	379.211
SORBI_3002G332300	0
SORBI_3002G332400	133.912
SORBI_3002G332500	0
SORBI_3002G332600	0
SORBI_3002G332750	2200.333
SORBI_3002G332900	77
SORBI_3002G333001	0
SORBI_3002G333100	81
SORBI_3002G333200	0
SORBI_3002G333300	247
SORBI_3002G333400	75
SORBI_3002G333500	514
SORBI_3002G333600	112
SORBI_3002G333700	81
SORBI_3002G333800	63
SORBI_3002G333900	1
SORBI_3002G334000	0
SORBI_3002G334100	1
SORBI_3002G334200	2
SORBI_3002G334300	0
SORBI_3002G334400	0
SORBI_3002G334500	0
SORBI_3002G334600	102
SORBI_3002G334700	2
SORBI_3002G334800	0
SORBI_3002G334900	217
SORBI_3002G335000	295
SORBI_3002G335100	128.005
SORBI_3002G335200	17
SORBI_3002G335300	106
SORBI_3002G335400	32
SORBI_3002G335500	0
SORBI_3002G335600	3366.711
SORBI_3002G335700	42
SORBI_3002G335900	1
SORBI_3002G336000	55
SORBI_3002G336100	21
SORBI_3002G336200	4
SORBI_3002G336400	1
SORBI_3002G336500	5
SORBI_3002G336600	1256.074
SORBI_3002G336700	8
SORBI_3002G336800	98
SORBI_3002G336900	0
SORBI_3002G337001	0
SORBI_3002G337100	42
SORBI_3002G337300	375
SORBI_3002G337400	1
SORBI_3002G337500	84
SORBI_3002G337600	0
SORBI_3002G337700	613
SORBI_3002G337800	197
SORBI_3002G338000	198
SORBI_3002G338100	354
SORBI_3002G338200	157
SORBI_3002G338250	0
SORBI_3002G338300	2
SORBI_3002G338400	17
SORBI_3002G338450	0
SORBI_3002G338500	433
SORBI_3002G338600	0
ENSRNA049442187	0
SORBI_3002G338700	10
SORBI_3002G338800	0
SORBI_3002G338900	9
SORBI_3002G339000	197
SORBI_3002G339100	15
SORBI_3002G339200	677
SORBI_3002G339250	0
SORBI_3002G339300	1455.058
SORBI_3002G339400	59
SORBI_3002G339500	207
SORBI_3002G339600	4613.772
SORBI_3002G339666	0
SORBI_3002G339732	0
SORBI_3002G339800	685
SORBI_3002G339900	19
SORBI_3002G340000	133
SORBI_3002G340100	5863.51
SORBI_3002G340200	29
SORBI_3002G340350	211.555
SORBI_3002G340500	5
SORBI_3002G340600	5
SORBI_3002G340700	219.14
SORBI_3002G340900	1929.997
SORBI_3002G341000	420
SORBI_3002G341100	63
SORBI_3002G341200	324
SORBI_3002G341300	31
SORBI_3002G341400	0
SORBI_3002G341500	88
SORBI_3002G341600	17.944
SORBI_3002G341700	0
SORBI_3002G341800	1534.869
SORBI_3002G341900	48
SORBI_3002G342000	401.001
SORBI_3002G342100	161
SORBI_3002G342200	0
SORBI_3002G342300	161
SORBI_3002G342400	3
SORBI_3002G342500	189
SORBI_3002G342600	18
SORBI_3002G342700	15
SORBI_3002G342800	17
SORBI_3002G342901	7
SORBI_3002G343000	15
SORBI_3002G343100	217
SORBI_3002G343200	211
SORBI_3002G343300	238
SORBI_3002G343400	386
SORBI_3002G343500	3190.014
SORBI_3002G343600	116
SORBI_3002G343700	0
SORBI_3002G343800	139
SORBI_3002G343901	294
SORBI_3002G344000	616
SORBI_3002G344100	0
SORBI_3002G344201	0
SORBI_3002G344301	4
SORBI_3002G344400	0
SORBI_3002G344500	93
SORBI_3002G344600	274.396
SORBI_3002G344700	1441.594
SORBI_3002G344800	0
SORBI_3002G344900	0
SORBI_3002G345000	5
SORBI_3002G345100	3
SORBI_3002G345200	17
SORBI_3002G345300	702
SORBI_3002G345400	2
SORBI_3002G345500	0
SORBI_3002G345600	0
SORBI_3002G345700	2089.086
SORBI_3002G345800	915
SORBI_3002G345850	20
SORBI_3002G345900	0
SORBI_3002G346000	0
SORBI_3002G346100	2
SORBI_3002G346200	5197.934
SORBI_3002G346250	6
SORBI_3002G346300	15
SORBI_3002G346400	933.009
SORBI_3002G346600	68
SORBI_3002G346501	0
SORBI_3002G346700	0
SORBI_3002G346800	0
SORBI_3002G346900	343.842
SORBI_3002G347000	116
SORBI_3002G347100	0
SORBI_3002G347200	0
SORBI_3002G347300	19
SORBI_3002G347400	25
SORBI_3002G347500	61
SORBI_3002G347600	102
SORBI_3002G347700	192.175
SORBI_3002G347750	0
SORBI_3002G347800	0
SORBI_3002G347850	0
SORBI_3002G347900	114
SORBI_3002G348000	1056.026
SORBI_3002G348100	60
SORBI_3002G348200	0
SORBI_3002G348300	0
SORBI_3002G348400	235
SORBI_3002G348500	5
SORBI_3002G348600	663
SORBI_3002G348700	132
SORBI_3002G348850	0
SORBI_3002G348800	0
SORBI_3002G348900	309
SORBI_3002G349000	1
SORBI_3002G349100	456.983
SORBI_3002G349200	0
SORBI_3002G349300	2
SORBI_3002G349400	581
SORBI_3002G349500	0
SORBI_3002G349600	0
SORBI_3002G349800	0
SORBI_3002G349900	2
SORBI_3002G350000	0
SORBI_3002G350100	0
SORBI_3002G350200	0
SORBI_3002G350300	1561.651
SORBI_3002G350400	4026.056
SORBI_3002G350500	0
SORBI_3002G350600	4015.996
SORBI_3002G350700	113
SORBI_3002G350800	46
SORBI_3002G350901	113
SORBI_3002G351000	0
SORBI_3002G351100	9
SORBI_3002G351200	82
SORBI_3002G351300	151
SORBI_3002G351400	1
SORBI_3002G351500	0
SORBI_3002G351600	126
SORBI_3002G351700	166
SORBI_3002G351801	0
SORBI_3002G351900	61
SORBI_3002G352000	12
SORBI_3002G352100	400.242
SORBI_3002G352200	1152.003
SORBI_3002G352301	0
SORBI_3002G352401	0
SORBI_3002G352501	0
SORBI_3002G352600	115
SORBI_3002G352700	200
SORBI_3002G352800	201.999
SORBI_3002G352900	0
ENSRNA049996626	0
SORBI_3002G353000	294
SORBI_3002G353100	0
SORBI_3002G353200	72
SORBI_3002G353300	193
ENSRNA049485374	0
SORBI_3002G353400	4018.721
SORBI_3002G353450	0
SORBI_3002G353500	218.788
SORBI_3002G353600	652.422
SORBI_3002G353700	203.874
SORBI_3002G353800	1
SORBI_3002G353900	910.005
SORBI_3002G354000	2002.053
SORBI_3002G354100	12
SORBI_3002G354200	8
SORBI_3002G354300	0
SORBI_3002G354400	0
SORBI_3002G354501	171
SORBI_3002G354600	202
SORBI_3002G354700	4
SORBI_3002G354800	7
SORBI_3002G354900	8724.483
SORBI_3002G355000	509
SORBI_3002G355100	226
SORBI_3002G355200	59
SORBI_3002G355300	1464
SORBI_3002G355400	27
SORBI_3002G355500	927.588
SORBI_3002G355600	3
SORBI_3002G355700	0
SORBI_3002G355800	1049
SORBI_3002G355900	4
SORBI_3002G356000	1
SORBI_3002G356101	5771.873
SORBI_3002G356200	265.028
SORBI_3002G356300	5
SORBI_3002G356400	403
SORBI_3002G356500	8
SORBI_3002G356600	53
SORBI_3002G356700	4
SORBI_3002G356800	176
SORBI_3002G356900	162.996
SORBI_3002G357000	27
SORBI_3002G357100	794
SORBI_3002G357200	3
SORBI_3002G357300	0
SORBI_3002G357400	3
SORBI_3002G357500	0
SORBI_3002G357600	72.019
SORBI_3002G357700	860
SORBI_3002G357800	78
SORBI_3002G357900	428
SORBI_3002G357950	0
SORBI_3002G358000	0
SORBI_3002G358100	5
SORBI_3002G358200	2.048
SORBI_3002G358300	4.952
SORBI_3002G358400	2099
SORBI_3002G358450	0
SORBI_3002G358500	213
SORBI_3002G358600	154
SORBI_3002G358800	3022
SORBI_3002G358900	23
SORBI_3002G359000	670
SORBI_3002G359100	0
SORBI_3002G359200	0
SORBI_3002G359300	100
SORBI_3002G359400	423.11
SORBI_3002G359500	0
SORBI_3002G359600	132
SORBI_3002G359700	54
SORBI_3002G359800	9
SORBI_3002G359900	1444.781
SORBI_3002G360000	1
SORBI_3002G360100	2
SORBI_3002G360200	32
SORBI_3002G360301	170
SORBI_3002G360400	0
SORBI_3002G360500	9
SORBI_3002G360600	0
SORBI_3002G360701	1
SORBI_3002G360801	0
SORBI_3002G360900	0
SORBI_3002G361001	2
SORBI_3002G361100	2
SORBI_3002G361200	1
SORBI_3002G361300	630
SORBI_3002G361400	292
SORBI_3002G361500	1271
SORBI_3002G361600	6
SORBI_3002G361700	8
SORBI_3002G361800	0
SORBI_3002G361900	4
SORBI_3002G362000	110
SORBI_3002G362100	25
SORBI_3002G362200	212
SORBI_3002G362300	111
SORBI_3002G362400	0
SORBI_3002G362500	33
SORBI_3002G362600	24
SORBI_3002G362700	5
SORBI_3002G362800	791.131
SORBI_3002G362900	7317.476
SORBI_3002G363000	41
SORBI_3002G363100	8339.558
SORBI_3002G363200	74
SORBI_3002G363300	0
SORBI_3002G363400	243
SORBI_3002G363433	0
SORBI_3002G363466	0
SORBI_3002G363500	55
SORBI_3002G363600	109
SORBI_3002G363700	25
SORBI_3002G363800	181.133
SORBI_3002G363901	0
SORBI_3002G364000	97
SORBI_3002G364100	1504.485
SORBI_3002G364301	0
SORBI_3002G364500	1059.392
SORBI_3002G364600	0
SORBI_3002G364700	1
SORBI_3002G364800	601
SORBI_3002G364900	419
SORBI_3002G365100	366
SORBI_3002G365200	1
SORBI_3002G365300	0
SORBI_3002G365400	18
SORBI_3002G365500	3
SORBI_3002G365550	17
SORBI_3002G365600	11
SORBI_3002G365700	9
SORBI_3002G365801	3
SORBI_3002G365900	303
SORBI_3002G366000	34
SORBI_3002G366100	39.845
SORBI_3002G366200	13.155
SORBI_3002G366300	107.096
SORBI_3002G366400	908
SORBI_3002G366500	40
SORBI_3002G366600	15
SORBI_3002G366700	5
ENSRNA049442156	0
SORBI_3002G366800	526
SORBI_3002G366900	352
SORBI_3002G367000	23
SORBI_3002G367100	311
SORBI_3002G367200	498.971
SORBI_3002G367300	15
SORBI_3002G367400	56
SORBI_3002G367500	0
SORBI_3002G367600	0
SORBI_3002G367700	303.295
SORBI_3002G367800	214
SORBI_3002G367850	0
SORBI_3002G367900	480.803
SORBI_3002G368000	501
SORBI_3002G368100	378
SORBI_3002G368200	1
SORBI_3002G368300	33
SORBI_3002G368400	512.073
SORBI_3002G368500	5
ENSRNA049442138	0
SORBI_3002G368600	32
ENSRNA049442126	0
SORBI_3002G368700	528.863
SORBI_3002G368800	6
SORBI_3002G368901	0
SORBI_3002G369000	5
SORBI_3002G369100	0
SORBI_3002G369200	0
SORBI_3002G369301	0
SORBI_3002G369400	1
SORBI_3002G369500	1
SORBI_3002G369600	0
SORBI_3002G369701	178
SORBI_3002G369800	5
SORBI_3002G370000	13
SORBI_3002G370100	252
SORBI_3002G370150	0
SORBI_3002G370200	721
SORBI_3002G370300	3
SORBI_3002G370400	121
SORBI_3002G370500	312.995
SORBI_3002G370600	68
SORBI_3002G370700	85
SORBI_3002G370800	117
SORBI_3002G370900	651
SORBI_3002G371000	79
ENSRNA049485379	1
ENSRNA049485360	3
ENSRNA049485365	0
SORBI_3002G371100	604
SORBI_3002G371200	462
SORBI_3002G371300	161
SORBI_3002G371400	132.999
SORBI_3002G371500	96
SORBI_3002G371600	294
SORBI_3002G371700	942
SORBI_3002G371800	19
SORBI_3002G371900	0
SORBI_3002G372000	0
SORBI_3002G372100	1
SORBI_3002G372200	0
ENSRNA049485382	0
ENSRNA049485389	0
SORBI_3002G372300	142.999
SORBI_3002G372400	1260.693
SORBI_3002G372500	188
SORBI_3002G372600	38
SORBI_3002G372700	243
SORBI_3002G372800	163
SORBI_3002G372900	1
SORBI_3002G373001	611
SORBI_3002G373100	97
SORBI_3002G373200	17
SORBI_3002G373300	19
SORBI_3002G373400	0
SORBI_3002G373500	1
SORBI_3002G373600	2630.873
SORBI_3002G373700	0
SORBI_3002G373800	4198.366
SORBI_3002G373900	35
ENSRNA049485356	1
SORBI_3002G373950	243
SORBI_3002G374000	0
SORBI_3002G374100	6000.629
SORBI_3002G374200	130
SORBI_3002G374300	162
SORBI_3002G374400	464
SORBI_3002G374500	0
SORBI_3002G374600	231
SORBI_3002G374650	90
SORBI_3002G374700	105
SORBI_3002G375000	0
SORBI_3002G374900	1484.122
SORBI_3002G375100	1244.441
SORBI_3002G375200	65
SORBI_3002G375300	380
SORBI_3002G375400	122
SORBI_3002G375500	23
SORBI_3002G375600	2
SORBI_3002G375701	0
SORBI_3002G375800	178
SORBI_3002G375900	38.001
SORBI_3002G375950	0
SORBI_3002G376000	6
SORBI_3002G376100	160
SORBI_3002G376200	70
SORBI_3002G376300	292
SORBI_3002G376400	23
SORBI_3002G376500	736
SORBI_3002G376600	528
SORBI_3002G376700	11
SORBI_3002G376800	20.184
SORBI_3002G376900	31.816
SORBI_3002G377000	4
SORBI_3002G377100	44
SORBI_3002G377200	15
SORBI_3002G377300	225
SORBI_3002G377400	34
SORBI_3002G377501	7
SORBI_3002G377600	1
SORBI_3002G377700	0
SORBI_3002G377800	28
SORBI_3002G377900	41.384
SORBI_3002G378000	348.24
SORBI_3002G378100	647
SORBI_3002G378200	656.16
SORBI_3002G378300	171
SORBI_3002G378401	256
SORBI_3002G378500	1
SORBI_3002G378600	113
SORBI_3002G378700	44
SORBI_3002G378800	425
SORBI_3002G378900	222.999
SORBI_3002G379000	0
SORBI_3002G379200	680
SORBI_3002G379100	20
SORBI_3002G379201	0
SORBI_3002G379300	23
SORBI_3002G379400	2889.66
SORBI_3002G379500	2968.68
SORBI_3002G379600	1880.712
ENSRNA049485378	0
SORBI_3002G379700	6
SORBI_3002G379750	201
SORBI_3002G379800	20
SORBI_3002G379866	198
SORBI_3002G379932	0
SORBI_3002G380000	258
SORBI_3002G380100	67
SORBI_3002G380150	0
SORBI_3002G380200	597.587
SORBI_3002G380300	0
SORBI_3002G380400	21
SORBI_3002G380500	1009.999
SORBI_3002G380550	0
SORBI_3002G380600	306
SORBI_3002G380700	300
SORBI_3002G380750	0
SORBI_3002G380800	0
SORBI_3002G381100	0
SORBI_3002G381200	0
SORBI_3002G381300	22
SORBI_3002G381400	7
SORBI_3002G381500	0
SORBI_3002G381600	0
SORBI_3002G381700	185
SORBI_3002G381750	0
SORBI_3002G381800	0
SORBI_3002G381900	87.202
SORBI_3002G382001	1
SORBI_3002G382100	2
SORBI_3002G382200	0
SORBI_3002G382300	4
SORBI_3002G382400	0
SORBI_3002G382500	4
SORBI_3002G382600	363
SORBI_3002G382700	334
SORBI_3002G382800	29
SORBI_3002G382900	0
SORBI_3002G382950	14
SORBI_3002G383000	27.044
SORBI_3002G383050	0.956
SORBI_3002G383100	1169.801
SORBI_3002G383300	157.001
SORBI_3002G383400	2
SORBI_3002G383500	4
SORBI_3002G383600	1568.003
SORBI_3002G383700	57
ENSRNA049441989	0
SORBI_3002G383800	768.595
SORBI_3002G383900	57
SORBI_3002G384000	0
SORBI_3002G384100	1
SORBI_3002G384150	2
SORBI_3002G384200	59
SORBI_3002G384300	170
SORBI_3002G384400	413.001
SORBI_3002G384500	0
SORBI_3002G384600	0
SORBI_3002G384700	568.455
ENSRNA049485361	0.5
ENSRNA049485366	0
SORBI_3002G384800	4.333
SORBI_3002G384900	0
SORBI_3002G385000	0
SORBI_3002G385100	407.545
ENSRNA049485363	0.5
ENSRNA049485368	0
SORBI_3002G385200	13.667
SORBI_3002G385300	112.001
SORBI_3002G385400	8
SORBI_3002G385450	4
ENSRNA049442115	0
SORBI_3002G385500	2
SORBI_3002G385601	3
SORBI_3002G385700	0
SORBI_3002G385800	160
SORBI_3002G385900	421
SORBI_3002G386000	2
SORBI_3002G386100	350
SORBI_3002G386200	88
ENSRNA049441997	0
SORBI_3002G386300	110
SORBI_3002G386400	1224
SORBI_3002G386500	600.721
SORBI_3002G386600	388
SORBI_3002G386700	264
SORBI_3002G386800	1827.23
SORBI_3002G386900	206
SORBI_3002G387000	25
SORBI_3002G387100	97
SORBI_3002G387200	352
SORBI_3002G387300	370.515
SORBI_3002G387400	397.928
SORBI_3002G387450	0
ENSRNA049485371	0
SORBI_3002G387500	173
SORBI_3002G387600	120
SORBI_3002G387701	23
SORBI_3002G387800	151
SORBI_3002G387900	0
SORBI_3002G388000	65
SORBI_3002G388100	88
SORBI_3002G388200	105.437
SORBI_3002G388400	319.532
SORBI_3002G388500	719.487
SORBI_3002G388600	2027
SORBI_3002G388700	2
SORBI_3002G388800	2155.292
SORBI_3002G388900	1117.871
SORBI_3002G389000	603.216
SORBI_3002G389100	34
SORBI_3002G389200	13
SORBI_3002G389301	8
SORBI_3002G389400	1406.088
SORBI_3002G389500	254
SORBI_3002G389600	36
SORBI_3002G389800	444.003
SORBI_3002G389900	99
SORBI_3002G390000	5.833
SORBI_3002G390100	131
SORBI_3002G390200	36
SORBI_3002G390300	50
SORBI_3002G390400	193.329
SORBI_3002G390500	90
SORBI_3002G390600	464
SORBI_3002G390700	0
SORBI_3002G390800	28
SORBI_3002G390900	35
SORBI_3002G391000	0
SORBI_3002G391100	1
SORBI_3002G391200	0
SORBI_3002G391300	0
SORBI_3002G391400	0
SORBI_3002G391501	0
SORBI_3002G391600	1777.387
SORBI_3002G391700	0
SORBI_3002G391800	0
SORBI_3002G391900	9
SORBI_3002G392000	1
SORBI_3002G392100	0
SORBI_3002G392200	0
SORBI_3002G392300	0
SORBI_3002G392400	19
SORBI_3002G392500	0
SORBI_3002G392550	2
SORBI_3002G392600	471.92
SORBI_3002G392700	505.313
SORBI_3002G392800	32
SORBI_3002G392900	1
SORBI_3002G393000	630
SORBI_3002G393100	0
SORBI_3002G393200	275
SORBI_3002G393266	0
SORBI_3002G393332	23
SORBI_3002G393400	260
SORBI_3002G393500	188
SORBI_3002G393600	33
SORBI_3002G393700	876
SORBI_3002G393800	69
SORBI_3002G393900	12
SORBI_3002G393950	0
SORBI_3002G394000	0
SORBI_3002G394100	0
SORBI_3002G394200	8
SORBI_3002G394300	0
SORBI_3002G394400	3130.824
SORBI_3002G394433	1
SORBI_3002G394466	0
SORBI_3002G394500	2
SORBI_3002G394550	0
SORBI_3002G394600	1092.004
SORBI_3002G394700	0
SORBI_3002G394800	264
SORBI_3002G394900	0
SORBI_3002G395000	804
SORBI_3002G395100	0
SORBI_3002G395200	16
SORBI_3002G395300	115
SORBI_3002G395400	0
SORBI_3002G395500	289
SORBI_3002G395600	365
SORBI_3002G395700	127
SORBI_3002G395801	104.56
SORBI_3002G395900	50
SORBI_3002G396000	554
SORBI_3002G396050	0
SORBI_3002G396100	43
SORBI_3002G396200	29
SORBI_3002G396300	105.86
SORBI_3002G396400	59
SORBI_3002G396500	4243.653
SORBI_3002G396600	0
SORBI_3002G396700	1349.758
SORBI_3002G396800	89
SORBI_3002G396900	7
SORBI_3002G397001	0
SORBI_3002G397100	33.945
SORBI_3002G397200	0
SORBI_3002G397300	0
SORBI_3002G397400	1.055
SORBI_3002G397500	633.105
SORBI_3002G397600	261
SORBI_3002G397650	0
SORBI_3002G397700	0
SORBI_3002G397900	137
SORBI_3002G398000	81.907
SORBI_3002G398100	36
SORBI_3002G398200	14
SORBI_3002G398300	0
SORBI_3002G398400	14
SORBI_3002G398500	117
SORBI_3002G398600	0
SORBI_3002G398700	209
SORBI_3002G398800	216
SORBI_3002G398901	596
SORBI_3002G399000	153
SORBI_3002G399100	396
SORBI_3002G399200	270
SORBI_3002G399300	0
SORBI_3002G399400	4
SORBI_3002G399500	193
SORBI_3002G399600	0
SORBI_3002G399700	0
SORBI_3002G399800	558.049
SORBI_3002G399900	266
SORBI_3002G400000	924.883
SORBI_3002G400050	0
SORBI_3002G400101	63
SORBI_3002G400151	75
SORBI_3002G400200	146.001
SORBI_3002G400300	15
SORBI_3002G400400	42.932
SORBI_3002G400500	0
SORBI_3002G400600	86
SORBI_3002G400700	0
SORBI_3002G400800	34
SORBI_3002G400900	14
SORBI_3002G401000	562
SORBI_3002G401100	152
SORBI_3002G401200	410
SORBI_3002G401301	0
SORBI_3002G401400	0
SORBI_3002G401500	2929
SORBI_3002G401533	1
SORBI_3002G401566	0
SORBI_3002G401600	740
SORBI_3002G401700	82
SORBI_3002G401800	163.344
SORBI_3002G401900	81
SORBI_3002G402000	146
SORBI_3002G402100	2
SORBI_3002G402233	0
SORBI_3002G402366	42
SORBI_3002G402500	221.199
SORBI_3002G402600	591
SORBI_3002G402700	3098.18
SORBI_3002G402900	0
SORBI_3002G403000	0
SORBI_3002G403100	25
SORBI_3002G403200	215.11
SORBI_3002G403300	3
SORBI_3002G403400	98.256
SORBI_3002G403500	16
SORBI_3002G403600	47
SORBI_3002G403700	45
SORBI_3002G403833	15
SORBI_3002G403966	0
SORBI_3002G404100	0
SORBI_3002G404200	181
SORBI_3002G404300	0
SORBI_3002G404400	0
SORBI_3002G404500	40
SORBI_3002G404600	1
SORBI_3002G404700	2842.645
SORBI_3002G404800	230
SORBI_3002G404900	75
SORBI_3002G405000	6
SORBI_3002G405100	341.339
SORBI_3002G405200	134
SORBI_3002G405300	0
SORBI_3002G405400	140
SORBI_3002G405500	844.962
SORBI_3002G405600	6340
SORBI_3002G405700	0
SORBI_3002G405750	1
SORBI_3002G405800	728
SORBI_3002G405900	197
SORBI_3002G406000	101
SORBI_3002G406200	85
SORBI_3002G406300	395
SORBI_3002G406400	2
SORBI_3002G406500	4222.254
SORBI_3002G406600	130
SORBI_3002G406700	62
SORBI_3002G406801	0
SORBI_3002G406900	6
SORBI_3002G407000	1144.001
SORBI_3002G407100	15
ENSRNA049442037	0
ENSRNA049485358	0
SORBI_3002G407200	512.725
ENSRNA049485359	0
SORBI_3002G407300	2
SORBI_3002G407400	0
SORBI_3002G407500	2
SORBI_3002G407700	217
SORBI_3002G407800	17
SORBI_3002G407900	1203.268
SORBI_3002G408000	12
SORBI_3002G408100	1897
SORBI_3002G408200	1024.309
SORBI_3002G408300	759.58
SORBI_3002G408400	1
SORBI_3002G408500	3
SORBI_3002G408600	56
SORBI_3002G408700	0
SORBI_3002G408800	96
SORBI_3002G408900	469.008
SORBI_3002G409000	2
SORBI_3002G409100	0
SORBI_3002G409200	0
SORBI_3002G409250	0
SORBI_3002G409300	0
SORBI_3002G409500	44
SORBI_3002G409600	652
SORBI_3002G409700	276
SORBI_3002G409800	1252.002
SORBI_3002G409900	93
SORBI_3002G410050	0
SORBI_3002G410200	0
SORBI_3002G410600	0
SORBI_3002G410700	790
SORBI_3002G410800	0
SORBI_3002G410850	0
SORBI_3002G410900	0
SORBI_3002G411000	0
SORBI_3002G411200	0
SORBI_3002G411300	99
SORBI_3002G411400	277.159
SORBI_3002G411500	2552.419
SORBI_3002G411600	3104.003
SORBI_3002G411700	13
SORBI_3002G411800	21
SORBI_3002G411900	1
SORBI_3002G412001	0
SORBI_3002G412100	0
SORBI_3002G412200	28
SORBI_3002G412300	13
SORBI_3002G412400	18
SORBI_3002G412500	0
SORBI_3002G412600	0
SORBI_3002G412700	473
SORBI_3002G412800	1546.499
SORBI_3002G413000	5950.072
SORBI_3002G413100	0
SORBI_3002G413200	0
SORBI_3002G413300	132
SORBI_3002G413400	815
SORBI_3002G413500	141
SORBI_3002G413600	67
SORBI_3002G413700	12
SORBI_3002G413750	20
SORBI_3002G413800	1
SORBI_3002G413900	0
SORBI_3002G414000	0
SORBI_3002G414150	0
SORBI_3002G414300	0
SORBI_3002G414400	148
SORBI_3002G414500	52.959
SORBI_3002G414600	788.997
SORBI_3002G414700	737
SORBI_3002G414800	20
SORBI_3002G414850	1
ENSRNA049996620	0
SORBI_3002G414900	16
SORBI_3002G415000	5
SORBI_3002G415100	2
SORBI_3002G415300	0
SORBI_3002G415400	0
SORBI_3002G415500	398.822
SORBI_3002G415600	126
SORBI_3002G415900	1052
SORBI_3002G416000	0
SORBI_3002G416100	6
SORBI_3002G416150	92.086
SORBI_3002G416200	264.577
SORBI_3002G416250	0
SORBI_3002G416300	0
SORBI_3002G416400	0
SORBI_3002G416500	1
SORBI_3002G416600	16
SORBI_3002G416700	21
SORBI_3002G416800	0
SORBI_3002G416900	2
SORBI_3002G416950	0
SORBI_3002G417000	4
ENSRNA049442066	0
SORBI_3002G417101	0
SORBI_3002G417201	7
SORBI_3002G417300	19229.273
SORBI_3002G417401	6
SORBI_3002G417500	912
SORBI_3002G417600	0
SORBI_3002G417700	1
SORBI_3002G417800	1677.005
ENSRNA049485385	0
SORBI_3002G417900	0
SORBI_3002G418000	0
SORBI_3002G418100	117
SORBI_3002G418200	1324
SORBI_3002G418300	6
SORBI_3002G418400	342
SORBI_3002G418500	2
SORBI_3002G418600	322.868
SORBI_3002G418700	254
SORBI_3002G418800	0
SORBI_3002G418900	4240.779
SORBI_3002G419000	1816.721
SORBI_3002G419100	695
ENSRNA049485380	0
ENSRNA049485376	0
ENSRNA049485381	0
SORBI_3002G419200	212
SORBI_3002G419350	0
SORBI_3002G419500	6
SORBI_3002G419550	0
SORBI_3002G419600	4
SORBI_3002G419700	361.016
SORBI_3002G419800	712
SORBI_3002G419900	1
SORBI_3002G420000	9
SORBI_3002G420100	28
SORBI_3002G420200	1
SORBI_3002G420300	649.278
SORBI_3002G420400	0
SORBI_3002G420500	24
SORBI_3002G420600	468
SORBI_3002G420700	6
SORBI_3002G420800	286.001
SORBI_3002G421000	93.195
SORBI_3002G420900	118.802
SORBI_3002G421100	1108.005
SORBI_3002G421200	1670.715
SORBI_3002G421300	1015
SORBI_3002G421350	0
SORBI_3002G421400	298.08
SORBI_3002G421501	0
ENSRNA049485377	0
SORBI_3002G421600	27
SORBI_3002G421700	167
SORBI_3002G421800	22
SORBI_3002G421900	636.141
SORBI_3002G422000	4
SORBI_3002G422100	681.198
SORBI_3002G422200	37
SORBI_3002G422300	163
SORBI_3002G422400	107
SORBI_3002G422500	225
SORBI_3002G422600	59
SORBI_3002G422900	0
SORBI_3002G423000	0
SORBI_3002G423100	3
SORBI_3002G423200	93
SORBI_3002G423300	8
SORBI_3002G423400	44
SORBI_3002G423500	1089
SORBI_3002G423600	9
SORBI_3002G423700	1
SORBI_3002G423800	243
SORBI_3002G423901	0
SORBI_3002G424000	1330.062
ENSRNA049442081	0
SORBI_3002G424100	351
SORBI_3002G424200	8
SORBI_3002G424350	1506.429
SORBI_3002G424500	130
SORBI_3002G424550	0
SORBI_3002G424600	47
SORBI_3002G424700	204
SORBI_3002G424800	65
SORBI_3002G424900	55
SORBI_3002G425000	1
SORBI_3002G425101	12
SORBI_3002G425200	15
SORBI_3002G425300	0
SORBI_3002G425400	0
SORBI_3002G425500	723.617
SORBI_3002G425600	0
SORBI_3002G425700	123
SORBI_3002G425800	406.274
SORBI_3002G425900	0
SORBI_3002G426000	0
SORBI_3002G426100	445.178
SORBI_3002G426201	0
SORBI_3002G426300	387
SORBI_3002G426400	694.788
SORBI_3002G426501	2
SORBI_3002G426600	17
SORBI_3002G426650	1
SORBI_3002G426700	7
SORBI_3002G426800	0
SORBI_3002G426900	1
SORBI_3002G427000	35
SORBI_3002G427050	258
SORBI_3002G427100	14
SORBI_3002G427201	1
SORBI_3002G427300	403
SORBI_3002G427400	113
SORBI_3002G427500	0
SORBI_3002G427550	0
SORBI_3002G427600	0
SORBI_3002G427700	169
SORBI_3002G427800	58.4
SORBI_3002G427900	55
SORBI_3002G428000	1
SORBI_3002G428100	518
SORBI_3002G428200	2103.017
SORBI_3002G428301	0
SORBI_3002G428400	2
SORBI_3002G428501	0
SORBI_3002G428600	403
SORBI_3002G428700	99
SORBI_3002G428800	332.98
SORBI_3002G428900	237.001
SORBI_3002G429000	1
SORBI_3002G429100	0
SORBI_3002G429200	0
SORBI_3002G429300	420
SORBI_3002G429400	87
SORBI_3002G429700	1866.737
SORBI_3002G429800	81
SORBI_3002G429900	0
SORBI_3002G430000	1450.42
SORBI_3002G430100	15.046
SORBI_3002G430200	222.983
SORBI_3002G430300	698.853
SORBI_3002G430400	10
SORBI_3002G430500	800.989
SORBI_3002G430601	0
SORBI_3002G430700	1
SORBI_3002G430800	341.159
SORBI_3002G430900	142
SORBI_3002G431000	427
SORBI_3002G431100	7923.281
SORBI_3002G431200	174.76
SORBI_3002G431300	264.038
SORBI_3002G431333	0
SORBI_3002G431366	219.074
SORBI_3002G431400	141.852
SORBI_3002G431500	219
SORBI_3002G431600	814.13
SORBI_3002G431700	0
SORBI_3003G000100	0
SORBI_3003G000150	13
SORBI_3003G000200	0
SORBI_3003G000400	5
SORBI_3003G000500	2
SORBI_3003G000600	484
SORBI_3003G000700	0
SORBI_3003G000800	86
SORBI_3003G000900	10
SORBI_3003G001000	240.266
SORBI_3003G001100	810.734
SORBI_3003G001200	76
SORBI_3003G001300	1
SORBI_3003G001400	285
SORBI_3003G001500	62.89
SORBI_3003G001550	16
SORBI_3003G001600	7
SORBI_3003G001650	32
SORBI_3003G001701	16
SORBI_3003G001751	2
SORBI_3003G001800	7
SORBI_3003G001901	0
SORBI_3003G002000	0
SORBI_3003G002100	330.167
SORBI_3003G002300	923
SORBI_3003G002400	439.849
SORBI_3003G002501	33.451
SORBI_3003G002600	388
SORBI_3003G002700	390
SORBI_3003G002800	31
SORBI_3003G002900	0
SORBI_3003G003000	248
SORBI_3003G003101	1
SORBI_3003G003200	315
SORBI_3003G003300	310
SORBI_3003G003450	256
SORBI_3003G003600	862.977
SORBI_3003G003700	6
SORBI_3003G003800	361
SORBI_3003G003900	0
SORBI_3003G004000	0
SORBI_3003G004100	22
SORBI_3003G004200	36
SORBI_3003G004300	861.003
SORBI_3003G004500	646.007
SORBI_3003G004600	127
SORBI_3003G004700	76
SORBI_3003G004800	78
SORBI_3003G004900	0
SORBI_3003G005000	28
ENSRNA049446004	0
SORBI_3003G005100	59
SORBI_3003G005200	769.039
SORBI_3003G005266	1
SORBI_3003G005332	0
ENSRNA049445990	0
SORBI_3003G005400	0
SORBI_3003G005500	23
SORBI_3003G005600	988.981
SORBI_3003G005700	8
SORBI_3003G005800	4915.446
SORBI_3003G005900	543.918
SORBI_3003G006000	0
SORBI_3003G006100	0
SORBI_3003G006200	161
SORBI_3003G006300	505
SORBI_3003G006400	767
SORBI_3003G006500	0
SORBI_3003G006600	0
SORBI_3003G006800	27
SORBI_3003G006833	579.918
SORBI_3003G006866	0
SORBI_3003G006900	40
SORBI_3003G007000	0
SORBI_3003G007100	16
SORBI_3003G007200	7
SORBI_3003G007300	676.734
SORBI_3003G007400	8
SORBI_3003G007500	459.799
SORBI_3003G007600	9
ENSRNA049445365	0
SORBI_3003G007650	0
SORBI_3003G007700	106
SORBI_3003G007800	0
SORBI_3003G008000	2
SORBI_3003G007900	0
SORBI_3003G008100	21
SORBI_3003G008200	11
SORBI_3003G008300	32
SORBI_3003G008400	0
SORBI_3003G008500	2878.894
SORBI_3003G008600	748.908
SORBI_3003G008700	2
SORBI_3003G008800	134
SORBI_3003G008850	0
SORBI_3003G008900	54
SORBI_3003G009000	0
SORBI_3003G009100	141
SORBI_3003G009200	33.001
SORBI_3003G009300	205
SORBI_3003G009400	18
SORBI_3003G009501	0
SORBI_3003G009600	0
SORBI_3003G009650	0
SORBI_3003G009700	0
SORBI_3003G009800	0
SORBI_3003G009900	0
SORBI_3003G010000	0
SORBI_3003G010033	0
SORBI_3003G010066	4
SORBI_3003G010100	17
SORBI_3003G010200	62
SORBI_3003G010300	63
SORBI_3003G010400	1230.444
SORBI_3003G010500	434
SORBI_3003G010600	316
SORBI_3003G010650	0
SORBI_3003G010700	0
SORBI_3003G010800	0
SORBI_3003G010900	68
SORBI_3003G011000	141
SORBI_3003G011100	855
SORBI_3003G011200	5
SORBI_3003G011300	376
SORBI_3003G011400	0
SORBI_3003G011600	14
SORBI_3003G011700	0
SORBI_3003G011800	35
SORBI_3003G011900	81
SORBI_3003G012000	101
SORBI_3003G012100	709
SORBI_3003G012200	1098
SORBI_3003G012300	29
SORBI_3003G012400	2
SORBI_3003G012500	415
SORBI_3003G012600	94
SORBI_3003G012700	923.673
SORBI_3003G012750	0
SORBI_3003G012800	1600
SORBI_3003G012900	0
SORBI_3003G013000	46
SORBI_3003G013100	1
SORBI_3003G013300	0
SORBI_3003G013400	9
SORBI_3003G013600	85
SORBI_3003G013700	17
SORBI_3003G013800	0
SORBI_3003G013900	0
ENSRNA049996614	0
SORBI_3003G013950	0
SORBI_3003G014000	83.566
ENSRNA049996604	2.421
SORBI_3003G014100	46
SORBI_3003G014200	0
SORBI_3003G014300	43
SORBI_3003G014400	1
SORBI_3003G014500	202.866
SORBI_3003G014600	3
SORBI_3003G014700	29
SORBI_3003G014766	8
SORBI_3003G014832	3
SORBI_3003G014900	62.001
SORBI_3003G015000	52
SORBI_3003G015100	1
SORBI_3003G015200	23
SORBI_3003G015300	0
SORBI_3003G015400	116
SORBI_3003G015500	1
SORBI_3003G015600	1444.466
SORBI_3003G015700	0
SORBI_3003G015800	0
SORBI_3003G015900	1274.919
SORBI_3003G015950	0
SORBI_3003G016000	0
SORBI_3003G016100	3
SORBI_3003G016200	0
SORBI_3003G016300	85
SORBI_3003G016400	9
SORBI_3003G016500	158
SORBI_3003G016600	193.939
SORBI_3003G016800	26.061
SORBI_3003G016700	0
SORBI_3003G016900	372.973
SORBI_3003G016950	56.923
SORBI_3003G017000	183.642
SORBI_3003G017100	219
SORBI_3003G017200	772.015
SORBI_3003G017300	39
SORBI_3003G017400	84.725
SORBI_3003G017500	113
SORBI_3003G017601	353
SORBI_3003G017700	139
SORBI_3003G017800	101.879
SORBI_3003G017900	0
SORBI_3003G018000	4
SORBI_3003G018150	1
SORBI_3003G018300	0
SORBI_3003G018400	0
SORBI_3003G018600	402.092
SORBI_3003G018700	8
SORBI_3003G018800	139.248
SORBI_3003G018900	60
SORBI_3003G019000	97
SORBI_3003G019100	243.452
SORBI_3003G019200	2485.001
SORBI_3003G019300	0
SORBI_3003G019400	0
SORBI_3003G019450	0
SORBI_3003G019500	0
SORBI_3003G019600	0
SORBI_3003G019700	474
SORBI_3003G019800	24
SORBI_3003G019900	0
SORBI_3003G020000	62.782
SORBI_3003G020100	27.217
SORBI_3003G020200	2
SORBI_3003G020300	0
SORBI_3003G020400	0
SORBI_3003G020500	3
SORBI_3003G020600	1282.036
SORBI_3003G020700	0
SORBI_3003G020800	0
SORBI_3003G020900	0
SORBI_3003G021000	0
SORBI_3003G021100	99.001
SORBI_3003G021200	359
SORBI_3003G021300	0
SORBI_3003G021401	0
SORBI_3003G021500	2934.938
SORBI_3003G021600	342
SORBI_3003G021700	0
SORBI_3003G021800	0
SORBI_3003G021900	24
SORBI_3003G022000	16
SORBI_3003G022200	56
SORBI_3003G022300	614
SORBI_3003G022400	2
SORBI_3003G022500	1
SORBI_3003G022600	32
SORBI_3003G022700	3
SORBI_3003G022800	89
SORBI_3003G022900	39
SORBI_3003G023000	443.877
SORBI_3003G023100	2
SORBI_3003G023200	201
SORBI_3003G023300	213
SORBI_3003G023400	2852
SORBI_3003G023450	0
SORBI_3003G023500	501.005
SORBI_3003G023600	0
SORBI_3003G023666	9
SORBI_3003G023732	0
SORBI_3003G023800	151
SORBI_3003G023901	0
SORBI_3003G024000	25
SORBI_3003G024100	10
SORBI_3003G024200	320
SORBI_3003G024300	20
SORBI_3003G024400	0
SORBI_3003G024450	0
SORBI_3003G024500	77
SORBI_3003G024600	0
SORBI_3003G024700	0
SORBI_3003G024800	1584.994
SORBI_3003G024900	3
SORBI_3003G025000	19
SORBI_3003G025100	15.971
ENSRNA049445379	0
SORBI_3003G025200	1330.999
ENSRNA049476998	0
SORBI_3003G025300	14
SORBI_3003G025400	2
SORBI_3003G025500	0
SORBI_3003G025600	155
SORBI_3003G025700	114
SORBI_3003G025800	0
SORBI_3003G025900	12
SORBI_3003G026000	0
SORBI_3003G026100	1
SORBI_3003G026200	26
SORBI_3003G026300	1474
SORBI_3003G026400	43
SORBI_3003G026600	0
SORBI_3003G026700	164
SORBI_3003G026900	117
SORBI_3003G027000	0
SORBI_3003G027100	0
SORBI_3003G027200	11
SORBI_3003G027300	0
SORBI_3003G027350	0
SORBI_3003G027400	3
SORBI_3003G027500	72
SORBI_3003G027600	22
SORBI_3003G027700	0
SORBI_3003G027800	700
SORBI_3003G028000	0
SORBI_3003G028100	71
SORBI_3003G028200	179
SORBI_3003G028300	133
SORBI_3003G028400	24
SORBI_3003G028500	0
SORBI_3003G028600	580
SORBI_3003G028700	0
SORBI_3003G028800	0
SORBI_3003G028900	311
SORBI_3003G029000	2
SORBI_3003G029100	1163.256
SORBI_3003G029150	0
SORBI_3003G029200	28
SORBI_3003G029300	3
SORBI_3003G029350	0
SORBI_3003G029400	1
SORBI_3003G029500	132
SORBI_3003G029600	601
SORBI_3003G029700	625
ENSRNA049476932	0
SORBI_3003G029800	542
SORBI_3003G029900	0
SORBI_3003G030000	29
SORBI_3003G030100	4
SORBI_3003G030200	0
SORBI_3003G030300	33
SORBI_3003G030400	71
SORBI_3003G030450	0
SORBI_3003G030500	334
SORBI_3003G030600	31
SORBI_3003G030700	31
SORBI_3003G030800	113
SORBI_3003G030900	63
SORBI_3003G031001	1.073
SORBI_3003G031100	45
SORBI_3003G031200	434
SORBI_3003G031300	114.432
SORBI_3003G031400	12
SORBI_3003G031500	284
SORBI_3003G031600	0
SORBI_3003G031700	24
SORBI_3003G031750	4
SORBI_3003G031800	310
SORBI_3003G031900	10
SORBI_3003G032000	697.975
SORBI_3003G032100	0
SORBI_3003G032200	1
SORBI_3003G032301	15
SORBI_3003G032400	301
SORBI_3003G032450	0
SORBI_3003G032500	0
SORBI_3003G032600	98
SORBI_3003G032700	12
SORBI_3003G032800	444
SORBI_3003G032900	1622
SORBI_3003G033000	334
SORBI_3003G033100	83
SORBI_3003G033200	39
SORBI_3003G033300	0
SORBI_3003G033400	2
SORBI_3003G033500	14
SORBI_3003G033600	7
SORBI_3003G033700	107
SORBI_3003G033800	11
SORBI_3003G033900	162
SORBI_3003G034000	922
SORBI_3003G034100	31
ENSRNA049476990	0
SORBI_3003G034200	4
ENSRNA049476979	0
SORBI_3003G034250	0
SORBI_3003G034300	257
SORBI_3003G034350	0
SORBI_3003G034400	46
SORBI_3003G034500	175
SORBI_3003G034600	15
SORBI_3003G034700	3200.231
SORBI_3003G034800	2
SORBI_3003G034900	1766.05
SORBI_3003G035001	0
SORBI_3003G035100	393
SORBI_3003G035200	2
SORBI_3003G035266	0
SORBI_3003G035332	0
SORBI_3003G035400	0
SORBI_3003G035500	331
SORBI_3003G035601	1
SORBI_3003G035700	613
SORBI_3003G035801	0
SORBI_3003G035900	90
SORBI_3003G036000	3014.837
SORBI_3003G036100	0
SORBI_3003G036200	2.053
SORBI_3003G036300	182
SORBI_3003G036400	1883.659
SORBI_3003G036500	118.141
SORBI_3003G036600	233
SORBI_3003G036650	0
SORBI_3003G036700	8
SORBI_3003G036800	173
SORBI_3003G036900	823.014
SORBI_3003G036950	13
ENSRNA049996599	0
ENSRNA049996593	0
SORBI_3003G037000	1229.377
SORBI_3003G037100	0
SORBI_3003G037200	20
SORBI_3003G037300	147
SORBI_3003G037400	246
SORBI_3003G037500	89
SORBI_3003G037600	9
SORBI_3003G037700	51
SORBI_3003G037800	908
SORBI_3003G037900	556.907
SORBI_3003G038000	1
SORBI_3003G038100	1568
SORBI_3003G038200	57
SORBI_3003G038300	0
SORBI_3003G038400	19
SORBI_3003G038500	2518.994
SORBI_3003G038600	293
SORBI_3003G038700	0
SORBI_3003G038800	0
SORBI_3003G038901	0
SORBI_3003G039000	192
SORBI_3003G039100	14
SORBI_3003G039200	507
SORBI_3003G039300	366
SORBI_3003G039400	259
SORBI_3003G039500	53
SORBI_3003G039600	8.462
SORBI_3003G039700	218
SORBI_3003G039800	0
SORBI_3003G039900	854.999
SORBI_3003G040000	127
SORBI_3003G040100	1
SORBI_3003G040200	201.001
SORBI_3003G040300	3
SORBI_3003G040400	2
SORBI_3003G040500	1
SORBI_3003G040600	57
SORBI_3003G040700	59.044
SORBI_3003G040800	61
SORBI_3003G040900	16634.899
SORBI_3003G041000	145
SORBI_3003G041100	47
SORBI_3003G041200	1
SORBI_3003G041300	210
SORBI_3003G041400	8
SORBI_3003G041500	2.015
SORBI_3003G041600	0
SORBI_3003G041700	2
SORBI_3003G041801	0
SORBI_3003G041900	4
SORBI_3003G042000	0
SORBI_3003G042100	174.981
SORBI_3003G042150	0
SORBI_3003G042200	15
SORBI_3003G042400	430
SORBI_3003G042600	0
SORBI_3003G042700	15
SORBI_3003G042800	0
SORBI_3003G042900	11
SORBI_3003G043000	159
SORBI_3003G043100	1316
SORBI_3003G043150	1
SORBI_3003G043200	476
SORBI_3003G043300	931.389
SORBI_3003G043400	495
SORBI_3003G043500	6
SORBI_3003G043550	1
SORBI_3003G043600	974.001
SORBI_3003G043650	0
SORBI_3003G043700	7
SORBI_3003G043800	330
SORBI_3003G043900	2
SORBI_3003G044000	46
SORBI_3003G044100	189
SORBI_3003G044200	2046.428
SORBI_3003G044300	146
SORBI_3003G044400	340
SORBI_3003G044500	0
SORBI_3003G044600	20
SORBI_3003G044700	285
SORBI_3003G044800	0
SORBI_3003G044900	840
SORBI_3003G045000	63
SORBI_3003G045100	44
SORBI_3003G045200	131
SORBI_3003G045300	76.999
SORBI_3003G045400	345.652
SORBI_3003G045450	1
SORBI_3003G045501	0
SORBI_3003G045551	0
SORBI_3003G045600	595.306
SORBI_3003G045650	0
SORBI_3003G045700	106
SORBI_3003G045800	1
SORBI_3003G045900	62
SORBI_3003G046000	0
SORBI_3003G046200	5
SORBI_3003G046300	561
SORBI_3003G046400	0
SORBI_3003G046600	0
SORBI_3003G046700	0
SORBI_3003G046800	4
SORBI_3003G046900	0
SORBI_3003G047100	275
SORBI_3003G047200	2.032
SORBI_3003G047300	0
SORBI_3003G047400	11
SORBI_3003G047450	2
SORBI_3003G047500	9
SORBI_3003G047600	0
SORBI_3003G047700	17
SORBI_3003G047800	255
SORBI_3003G047900	402
SORBI_3003G048000	33
SORBI_3003G048100	0
SORBI_3003G048200	0
SORBI_3003G048300	2
SORBI_3003G048400	7
SORBI_3003G048500	1222.162
SORBI_3003G048600	248
SORBI_3003G048700	1
SORBI_3003G048900	0
SORBI_3003G049000	0
SORBI_3003G049100	7
SORBI_3003G049200	397
SORBI_3003G049300	117
SORBI_3003G049400	194
SORBI_3003G049500	195
SORBI_3003G049600	2606.869
SORBI_3003G049700	59
SORBI_3003G049800	387.327
SORBI_3003G049900	49
SORBI_3003G050000	37
SORBI_3003G050100	4
SORBI_3003G050200	6
SORBI_3003G050300	298
SORBI_3003G050350	2
SORBI_3003G050400	13318.857
SORBI_3003G050500	5
SORBI_3003G050600	210
SORBI_3003G050700	361
SORBI_3003G050800	333
SORBI_3003G050900	244.727
SORBI_3003G051000	501.021
ENSRNA049476982	0
SORBI_3003G051100	477.055
SORBI_3003G051200	239
SORBI_3003G051300	7
SORBI_3003G051400	1
SORBI_3003G051500	16
SORBI_3003G051600	226.02
SORBI_3003G051700	144.842
SORBI_3003G051800	115
SORBI_3003G051900	0
SORBI_3003G052000	4
SORBI_3003G052100	0
SORBI_3003G052200	61
SORBI_3003G052300	54
SORBI_3003G052400	698
SORBI_3003G052500	166
SORBI_3003G052600	39
SORBI_3003G052700	42
SORBI_3003G052800	478
SORBI_3003G052900	154
SORBI_3003G053001	0
SORBI_3003G053100	0
SORBI_3003G053200	3
SORBI_3003G053300	7
SORBI_3003G053400	46.002
SORBI_3003G053500	27
SORBI_3003G053600	0
ENSRNA049445397	0
SORBI_3003G053700	346
SORBI_3003G053750	0
SORBI_3003G053800	212.999
SORBI_3003G053900	168
SORBI_3003G054000	12
SORBI_3003G054100	63
SORBI_3003G054200	599
SORBI_3003G054400	9399.263
SORBI_3003G054500	0
SORBI_3003G054600	0
SORBI_3003G054800	1
SORBI_3003G054900	397
SORBI_3003G054950	0
SORBI_3003G055000	13
SORBI_3003G055200	19
SORBI_3003G055300	82
SORBI_3003G055400	0
SORBI_3003G055450	11.912
SORBI_3003G055500	720
SORBI_3003G055600	17
SORBI_3003G055700	957.956
ENSRNA049445974	0
SORBI_3003G055800	0
SORBI_3003G055900	30
SORBI_3003G056000	19
SORBI_3003G056100	511
SORBI_3003G056200	0
SORBI_3003G056250	0
SORBI_3003G056300	0
SORBI_3003G056400	7
SORBI_3003G056500	300
SORBI_3003G056600	0
SORBI_3003G056700	0
SORBI_3003G056800	0
SORBI_3003G057050	1
SORBI_3003G056900	0
SORBI_3003G057000	0
SORBI_3003G057100	7.987
SORBI_3003G057233	42
SORBI_3003G057366	10.706
SORBI_3003G057500	0
SORBI_3003G057600	3
SORBI_3003G057650	0
SORBI_3003G057700	195.656
SORBI_3003G057800	26
ENSRNA049445413	0
SORBI_3003G057900	0
SORBI_3003G058001	0
SORBI_3003G058100	131
SORBI_3003G058300	5
SORBI_3003G058200	298.998
SORBI_3003G058400	0
SORBI_3003G058500	358
SORBI_3003G058600	0
SORBI_3003G058700	60
SORBI_3003G058800	243
SORBI_3003G058900	373
SORBI_3003G059000	0
SORBI_3003G059100	0
SORBI_3003G059200	168.274
SORBI_3003G059250	0
SORBI_3003G059300	16.013
SORBI_3003G059400	1493.894
SORBI_3003G059450	0
SORBI_3003G059500	0
SORBI_3003G059600	0
SORBI_3003G059750	953
SORBI_3003G059900	0
SORBI_3003G060000	7.063
SORBI_3003G060100	0
SORBI_3003G060200	0
SORBI_3003G060300	0
SORBI_3003G060400	0
SORBI_3003G060500	397.111
SORBI_3003G060600	3.548
SORBI_3003G060700	1
SORBI_3003G060800	0
SORBI_3003G060900	0
SORBI_3003G061000	0
SORBI_3003G061200	89.127
SORBI_3003G061300	1063.436
SORBI_3003G061400	21
SORBI_3003G061500	0
SORBI_3003G061600	0
SORBI_3003G061700	0
SORBI_3003G061800	204
SORBI_3003G061850	0
SORBI_3003G061900	7266.788
SORBI_3003G062000	3
SORBI_3003G062101	3
SORBI_3003G062200	4
SORBI_3003G062300	245
SORBI_3003G062400	154
SORBI_3003G062500	24
SORBI_3003G062600	2
SORBI_3003G062700	0
SORBI_3003G062800	268.583
SORBI_3003G062900	0
SORBI_3003G063000	446.938
SORBI_3003G063100	0
SORBI_3003G063200	680.857
SORBI_3003G063300	87
SORBI_3003G063400	0
SORBI_3003G063500	0
SORBI_3003G063600	0
SORBI_3003G063700	0
SORBI_3003G063801	3
SORBI_3003G063900	2
SORBI_3003G064000	0
SORBI_3003G064100	0
SORBI_3003G064150	0
SORBI_3003G064200	235
SORBI_3003G064300	1197
SORBI_3003G064400	337.999
SORBI_3003G064500	36
SORBI_3003G064600	4
SORBI_3003G064700	264
SORBI_3003G064800	0
SORBI_3003G064901	2
SORBI_3003G065001	0
SORBI_3003G065100	1
SORBI_3003G065201	14
SORBI_3003G065300	0
SORBI_3003G065400	5
SORBI_3003G065501	2
SORBI_3003G065600	9
SORBI_3003G065700	0
SORBI_3003G065800	0
SORBI_3003G065900	0
SORBI_3003G066000	0
SORBI_3003G066100	0
SORBI_3003G066200	0
SORBI_3003G066250	0
SORBI_3003G066300	0
SORBI_3003G066400	1
SORBI_3003G066500	0
SORBI_3003G066600	7
SORBI_3003G066700	42
SORBI_3003G066900	44
SORBI_3003G067000	0
SORBI_3003G067100	282.355
SORBI_3003G067201	40
SORBI_3003G067300	302.32
SORBI_3003G067400	2
SORBI_3003G067500	185.986
SORBI_3003G067600	18.082
SORBI_3003G067700	155
SORBI_3003G067800	308.009
SORBI_3003G067900	0
SORBI_3003G068000	13
SORBI_3003G068100	0
SORBI_3003G068150	0
SORBI_3003G068200	12
SORBI_3003G068300	1
SORBI_3003G068400	0
SORBI_3003G068500	0
SORBI_3003G068600	35
SORBI_3003G068700	1
SORBI_3003G068750	47.103
SORBI_3003G068800	1
SORBI_3003G068900	0
SORBI_3003G068950	3.358
SORBI_3003G069000	20
SORBI_3003G069100	0
SORBI_3003G069200	0
SORBI_3003G069300	0
SORBI_3003G069400	0
SORBI_3003G069500	111
SORBI_3003G069601	1
SORBI_3003G069700	11
SORBI_3003G069750	0
SORBI_3003G069800	0
SORBI_3003G069875	1
SORBI_3003G069950	36.548
SORBI_3003G070025	21.452
SORBI_3003G070100	204.742
SORBI_3003G070200	0
SORBI_3003G070300	36
SORBI_3003G070400	4
SORBI_3003G070500	0
SORBI_3003G070600	0
SORBI_3003G070700	48
SORBI_3003G070800	47
SORBI_3003G070900	473.661
SORBI_3003G071000	661.188
SORBI_3003G071100	0
SORBI_3003G071300	0
SORBI_3003G071400	363
SORBI_3003G071500	379.996
SORBI_3003G071600	495
SORBI_3003G071700	131
SORBI_3003G071800	0
SORBI_3003G071901	53
SORBI_3003G072000	1
SORBI_3003G072100	0
SORBI_3003G072200	2050.556
SORBI_3003G072300	3223.704
SORBI_3003G072400	10
SORBI_3003G072500	802
SORBI_3003G072566	0
SORBI_3003G072632	0
SORBI_3003G072700	0
SORBI_3003G072801	0
SORBI_3003G072900	22
SORBI_3003G073000	724
SORBI_3003G073100	1
SORBI_3003G073133	0
SORBI_3003G073166	0
SORBI_3003G073200	0
SORBI_3003G073300	15
SORBI_3003G073380	4
SORBI_3003G073460	0
SORBI_3003G073540	0
SORBI_3003G073620	0
SORBI_3003G073700	8
SORBI_3003G073750	0
SORBI_3003G073800	649.003
ENSRNA049996585	2
SORBI_3003G073900	56
SORBI_3003G074000	171
SORBI_3003G074100	1
SORBI_3003G074200	256
ENSRNA049445423	0
SORBI_3003G074300	0
SORBI_3003G074400	474
SORBI_3003G074500	5
SORBI_3003G074600	0
SORBI_3003G074700	13
SORBI_3003G074801	7
SORBI_3003G074900	160
SORBI_3003G075000	10
SORBI_3003G075100	394
SORBI_3003G075200	274
SORBI_3003G075300	0
SORBI_3003G075400	43
SORBI_3003G075500	67
SORBI_3003G075566	0
SORBI_3003G075632	0
SORBI_3003G075700	0
ENSRNA049996579	0
SORBI_3003G075800	427.001
SORBI_3003G075901	0
SORBI_3003G076001	0
SORBI_3003G076100	1
SORBI_3003G076200	1207.988
SORBI_3003G076300	0
SORBI_3003G076400	0
SORBI_3003G076500	423
SORBI_3003G076600	322.995
SORBI_3003G076700	0
SORBI_3003G076800	2
SORBI_3003G076900	25
SORBI_3003G077001	0
SORBI_3003G077100	0
SORBI_3003G077200	0
SORBI_3003G077300	61
SORBI_3003G077400	57
SORBI_3003G077500	96
SORBI_3003G077600	18
SORBI_3003G077700	136
SORBI_3003G077800	51
SORBI_3003G077900	2017.812
SORBI_3003G078000	0
SORBI_3003G078100	50
SORBI_3003G078200	799.713
SORBI_3003G078300	56
SORBI_3003G078400	6
SORBI_3003G078501	295
SORBI_3003G078600	93
SORBI_3003G078700	1
SORBI_3003G078800	1966.226
SORBI_3003G078900	5
SORBI_3003G079100	471
SORBI_3003G079200	57
SORBI_3003G079300	27
SORBI_3003G079400	53.999
SORBI_3003G079466	0
SORBI_3003G079532	0
SORBI_3003G079600	0
SORBI_3003G079700	1
SORBI_3003G079725	0
SORBI_3003G079750	109
SORBI_3003G079775	0
SORBI_3003G079800	0
SORBI_3003G079900	10.388
SORBI_3003G080000	33.989
SORBI_3003G080100	16
SORBI_3003G080300	0
SORBI_3003G080400	1
SORBI_3003G080500	0
SORBI_3003G080600	3
SORBI_3003G080700	7
SORBI_3003G080800	0
SORBI_3003G080900	6
SORBI_3003G081000	241.256
SORBI_3003G081100	54.612
SORBI_3003G081200	0
SORBI_3003G081300	0
SORBI_3003G081400	5
SORBI_3003G081500	1
SORBI_3003G081700	244
SORBI_3003G081601	0
SORBI_3003G081800	0
SORBI_3003G081900	9059.048
SORBI_3003G082000	536.884
SORBI_3003G082100	65.328
SORBI_3003G082200	95.668
SORBI_3003G082300	141
SORBI_3003G082401	1
SORBI_3003G082500	46
SORBI_3003G082600	812
SORBI_3003G082700	0
SORBI_3003G082800	0
SORBI_3003G082900	44
SORBI_3003G082950	0
SORBI_3003G083000	40
SORBI_3003G083100	0
SORBI_3003G083200	101.051
SORBI_3003G083300	140
SORBI_3003G083400	240
SORBI_3003G083500	1
SORBI_3003G083600	0
SORBI_3003G083700	0
SORBI_3003G083800	0
SORBI_3003G083900	353
SORBI_3003G084000	1284.999
SORBI_3003G084100	10
SORBI_3003G084200	347
SORBI_3003G084300	102.999
SORBI_3003G084400	58
SORBI_3003G084501	0
SORBI_3003G084500	89
SORBI_3003G084600	0
SORBI_3003G084700	382
SORBI_3003G084750	74
SORBI_3003G084800	0
SORBI_3003G084900	322.102
SORBI_3003G085000	214
SORBI_3003G085100	56
SORBI_3003G085200	0
SORBI_3003G085300	18
SORBI_3003G085400	0
SORBI_3003G085500	77
SORBI_3003G085533	0
SORBI_3003G085566	0
SORBI_3003G085600	4628.714
SORBI_3003G085700	49
SORBI_3003G085750	0
SORBI_3003G085800	18
SORBI_3003G085900	27
SORBI_3003G086000	0
SORBI_3003G086200	4
SORBI_3003G086300	20
SORBI_3003G086400	83
SORBI_3003G086500	0
SORBI_3003G086600	49
SORBI_3003G086700	24
SORBI_3003G086800	0
SORBI_3003G086900	1733.906
SORBI_3003G087000	1675.467
SORBI_3003G087100	567.001
SORBI_3003G087200	358
SORBI_3003G087300	17
SORBI_3003G087400	312.01
SORBI_3003G087600	2
SORBI_3003G087700	0
SORBI_3003G087800	0
SORBI_3003G087900	18
SORBI_3003G088100	53
SORBI_3003G088200	0
SORBI_3003G088300	0
SORBI_3003G088400	47
SORBI_3003G088450	0
SORBI_3003G088500	0
SORBI_3003G088600	0
SORBI_3003G088700	177.999
SORBI_3003G088800	27
SORBI_3003G088900	0
SORBI_3003G089000	468
SORBI_3003G089100	330
SORBI_3003G089200	44
SORBI_3003G089300	79
SORBI_3003G089400	0
SORBI_3003G089500	0
SORBI_3003G089600	0
SORBI_3003G089700	5.251
SORBI_3003G089650	10.245
SORBI_3003G089801	0
SORBI_3003G089900	0
SORBI_3003G090000	0
SORBI_3003G090100	0
SORBI_3003G090200	0
SORBI_3003G090300	0
SORBI_3003G090400	0
SORBI_3003G090500	0
SORBI_3003G090600	4
SORBI_3003G090650	0
SORBI_3003G090700	0
SORBI_3003G090800	0
SORBI_3003G090900	2.285
SORBI_3003G091001	0
SORBI_3003G091100	0
SORBI_3003G091200	1
SORBI_3003G091300	0
SORBI_3003G091400	0
SORBI_3003G091500	0
SORBI_3003G091550	0
SORBI_3003G091600	1
SORBI_3003G091700	0
SORBI_3003G091800	0
SORBI_3003G091850	0
SORBI_3003G091900	0
SORBI_3003G092000	4
SORBI_3003G092033	111.997
SORBI_3003G092066	14
SORBI_3003G092100	2
SORBI_3003G092150	0
SORBI_3003G092200	18.027
SORBI_3003G092300	0
SORBI_3003G092400	0
SORBI_3003G092500	61
SORBI_3003G092600	1
SORBI_3003G092700	209
SORBI_3003G092800	443.547
SORBI_3003G092900	827.45
SORBI_3003G093000	413
ENSRNA049476938	0
SORBI_3003G093100	9
SORBI_3003G093200	3
ENSRNA049476953	0
SORBI_3003G093300	245
ENSRNA049476949	0
SORBI_3003G093400	309
SORBI_3003G093450	0
SORBI_3003G093500	16
SORBI_3003G093600	381
SORBI_3003G093700	6
SORBI_3003G093800	1156.998
SORBI_3003G093900	1306.256
SORBI_3003G094000	164.859
SORBI_3003G094100	85
SORBI_3003G094200	828
SORBI_3003G094350	170
SORBI_3003G094500	6
SORBI_3003G094600	1269
SORBI_3003G094700	0
SORBI_3003G094800	32
SORBI_3003G094850	0
SORBI_3003G094900	2
SORBI_3003G095000	2
SORBI_3003G095100	0
SORBI_3003G095150	0
SORBI_3003G095200	0
ENSRNA049476934	3
SORBI_3003G095301	0
SORBI_3003G095400	401.999
SORBI_3003G095500	20
SORBI_3003G095600	1
SORBI_3003G095700	43.881
SORBI_3003G095750	0
SORBI_3003G095800	406
SORBI_3003G095900	944.222
SORBI_3003G096000	890
SORBI_3003G096100	0
SORBI_3003G096300	11
SORBI_3003G096500	16.001
SORBI_3003G096400	12
SORBI_3003G096600	2
SORBI_3003G096750	31
SORBI_3003G096900	28
SORBI_3003G096950	3
SORBI_3003G097000	161
SORBI_3003G097200	6
SORBI_3003G097100	66
SORBI_3003G097300	0
SORBI_3003G097400	0
SORBI_3003G097500	0
SORBI_3003G097600	13
SORBI_3003G097701	0
SORBI_3003G097800	0
SORBI_3003G097900	2
ENSRNA049477009	0
SORBI_3003G098000	86
SORBI_3003G098100	4
SORBI_3003G098200	83
SORBI_3003G098300	1
SORBI_3003G098401	0
SORBI_3003G098500	222
SORBI_3003G098600	24
SORBI_3003G098650	0
SORBI_3003G098700	3
SORBI_3003G098800	0
SORBI_3003G098900	46
SORBI_3003G099000	5
SORBI_3003G099100	107
SORBI_3003G099166	3
SORBI_3003G099232	0
SORBI_3003G099300	1209
SORBI_3003G099400	18
SORBI_3003G099500	0
SORBI_3003G099600	0
SORBI_3003G099701	0
SORBI_3003G099800	0
SORBI_3003G099900	0
SORBI_3003G100000	9
SORBI_3003G100100	0
SORBI_3003G100200	4
SORBI_3003G100300	0
SORBI_3003G100400	2
SORBI_3003G100500	3
SORBI_3003G100600	0
SORBI_3003G100700	523
SORBI_3003G100800	339.001
SORBI_3003G100900	2
SORBI_3003G101000	16
SORBI_3003G101100	0
SORBI_3003G101200	0
SORBI_3003G101300	114.02
SORBI_3003G101400	4302.448
SORBI_3003G101500	294.836
SORBI_3003G101600	0
SORBI_3003G101700	57.164
SORBI_3003G101850	195
SORBI_3003G102000	1
SORBI_3003G102100	0
SORBI_3003G102200	701
SORBI_3003G102300	0
SORBI_3003G102400	531.001
SORBI_3003G102500	516.611
ENSRNA049445954	0
SORBI_3003G102600	287.026
SORBI_3003G102700	11
SORBI_3003G102800	0
SORBI_3003G102900	0
SORBI_3003G103000	65
SORBI_3003G103100	0
SORBI_3003G103200	744
SORBI_3003G103300	427.986
SORBI_3003G103400	414
SORBI_3003G103701	365
SORBI_3003G104000	590
SORBI_3003G104100	73
SORBI_3003G104200	4
SORBI_3003G104350	143
SORBI_3003G104500	1
SORBI_3003G104600	649.776
SORBI_3003G104700	393
SORBI_3003G104800	0
SORBI_3003G104900	0
SORBI_3003G105000	129.139
SORBI_3003G105101	105
SORBI_3003G105200	0
SORBI_3003G105300	0
SORBI_3003G105500	3
SORBI_3003G105600	11
SORBI_3003G105700	2165.078
SORBI_3003G105800	23
SORBI_3003G105900	561
SORBI_3003G106000	278.997
SORBI_3003G106100	16.003
SORBI_3003G106200	180.999
SORBI_3003G106300	3
SORBI_3003G106400	0
SORBI_3003G106500	61
SORBI_3003G106600	1
SORBI_3003G106800	2.109
SORBI_3003G106900	59.891
ENSRNA049445944	0
SORBI_3003G107000	29
SORBI_3003G107100	109.89
SORBI_3003G107200	12
SORBI_3003G107300	245.212
SORBI_3003G107400	176.943
SORBI_3003G107500	671.951
SORBI_3003G107600	265.056
SORBI_3003G107700	191
SORBI_3003G107800	21
SORBI_3003G107900	36
SORBI_3003G108000	26
SORBI_3003G108050	0
SORBI_3003G108100	1
SORBI_3003G108200	1037
SORBI_3003G108300	0
SORBI_3003G108401	0
SORBI_3003G108500	9
SORBI_3003G108600	30
SORBI_3003G108700	233
SORBI_3003G108800	53
SORBI_3003G108900	584
SORBI_3003G109000	42
SORBI_3003G109100	867
SORBI_3003G109150	0
SORBI_3003G109200	51
SORBI_3003G109250	1
SORBI_3003G109300	1
SORBI_3003G109400	0
SORBI_3003G109500	803.948
SORBI_3003G109600	2554.042
SORBI_3003G109700	505.03
SORBI_3003G109766	1.131
SORBI_3003G109832	320.789
SORBI_3003G109900	235
SORBI_3003G110000	742.09
SORBI_3003G110100	954.786
SORBI_3003G110200	348
SORBI_3003G110301	0
SORBI_3003G110400	516.989
SORBI_3003G110600	0
SORBI_3003G110700	10
SORBI_3003G110800	439.106
SORBI_3003G110866	2
SORBI_3003G110932	0
ENSRNA049996571	0
SORBI_3003G111000	3
SORBI_3003G111100	63
SORBI_3003G111200	3
SORBI_3003G111300	9
SORBI_3003G111400	0
SORBI_3003G111500	1
SORBI_3003G111600	2
SORBI_3003G111700	0
SORBI_3003G111800	0
SORBI_3003G111900	14
SORBI_3003G112001	40
SORBI_3003G112100	0
SORBI_3003G112200	22.937
SORBI_3003G112300	0
SORBI_3003G112400	0
SORBI_3003G112500	0
SORBI_3003G112600	29
SORBI_3003G112700	11
SORBI_3003G112800	1611.889
SORBI_3003G112900	26.452
SORBI_3003G113000	0
SORBI_3003G113100	0
SORBI_3003G113200	418.306
SORBI_3003G113300	88
SORBI_3003G113400	270
SORBI_3003G113500	0
SORBI_3003G113700	261
SORBI_3003G113800	3955
SORBI_3003G113900	70
SORBI_3003G114000	0
SORBI_3003G114100	25
SORBI_3003G114200	0
SORBI_3003G114300	0
SORBI_3003G114400	248.16
SORBI_3003G114500	154
SORBI_3003G114600	3
SORBI_3003G114700	872.217
SORBI_3003G114750	0
SORBI_3003G114800	0
SORBI_3003G114900	0
SORBI_3003G115000	9
SORBI_3003G115100	2072
SORBI_3003G115200	10
SORBI_3003G115266	0
SORBI_3003G115332	43
SORBI_3003G115400	35
SORBI_3003G115550	41.547
SORBI_3003G115700	71
SORBI_3003G115800	636
SORBI_3003G115900	2747.146
SORBI_3003G116000	0
SORBI_3003G116100	0
SORBI_3003G116200	11
SORBI_3003G116300	0
SORBI_3003G116400	0
SORBI_3003G116500	0
SORBI_3003G116600	1151.103
SORBI_3003G116700	326.123
SORBI_3003G116800	103
SORBI_3003G116850	1
SORBI_3003G116900	385
SORBI_3003G117000	8552.107
ENSRNA049484875	0
SORBI_3003G117100	474
SORBI_3003G117200	65
SORBI_3003G117300	409
SORBI_3003G117400	0
SORBI_3003G117500	87
SORBI_3003G117600	50
SORBI_3003G117700	601.506
SORBI_3003G117800	590
SORBI_3003G117850	0
SORBI_3003G117900	233
SORBI_3003G118000	1
SORBI_3003G118100	10
SORBI_3003G118200	424
SORBI_3003G118266	0
SORBI_3003G118332	0
SORBI_3003G118400	205
SORBI_3003G118500	6
SORBI_3003G118600	20.265
SORBI_3003G118650	0
SORBI_3003G118750	0
SORBI_3003G118700	0
ENSRNA049996564	0
SORBI_3003G118800	0
SORBI_3003G118900	131
SORBI_3003G119000	1489.001
SORBI_3003G119100	11
SORBI_3003G119200	4
SORBI_3003G119266	4
SORBI_3003G119332	0
SORBI_3003G119400	809.02
SORBI_3003G119500	281
SORBI_3003G119600	168.001
SORBI_3003G119700	1457.752
SORBI_3003G119750	0
SORBI_3003G119800	4708.941
SORBI_3003G119900	94
SORBI_3003G120050	0
SORBI_3003G120300	106
SORBI_3003G120200	0
SORBI_3003G120400	0
SORBI_3003G120500	4
SORBI_3003G120600	0
SORBI_3003G120700	488.879
SORBI_3003G120800	240
SORBI_3003G120900	0
SORBI_3003G121000	0
SORBI_3003G121100	4
SORBI_3003G121200	106
SORBI_3003G121300	242
SORBI_3003G121400	221
SORBI_3003G121500	0
SORBI_3003G121600	204
SORBI_3003G121700	0
SORBI_3003G121800	1478.051
SORBI_3003G121900	8
SORBI_3003G122000	201
SORBI_3003G122100	22
SORBI_3003G122200	118.843
SORBI_3003G122300	144
SORBI_3003G122400	84
SORBI_3003G122500	715
SORBI_3003G122800	207
SORBI_3003G122900	17.007
SORBI_3003G123000	721.83
SORBI_3003G123100	313.007
SORBI_3003G123200	1362.549
SORBI_3003G123300	97
SORBI_3003G123500	0
SORBI_3003G123600	27
SORBI_3003G123700	0
SORBI_3003G123800	0
SORBI_3003G123900	0
SORBI_3003G123950	0
SORBI_3003G124000	108
SORBI_3003G124100	94
SORBI_3003G124200	62
SORBI_3003G124300	500
SORBI_3003G124600	37.052
SORBI_3003G124400	0
SORBI_3003G124700	107
SORBI_3003G124750	194.675
SORBI_3003G124800	976
SORBI_3003G124900	0
SORBI_3003G125000	0
SORBI_3003G125100	104
SORBI_3003G125200	5
SORBI_3003G125266	0
SORBI_3003G125332	78
SORBI_3003G125400	86
SORBI_3003G125500	21
SORBI_3003G125650	1084.005
SORBI_3003G125701	10522.041
SORBI_3003G125751	2
SORBI_3003G125801	2
SORBI_3003G125851	0
SORBI_3003G125900	680
SORBI_3003G126100	1
SORBI_3003G126200	0
SORBI_3003G126300	362.69
SORBI_3003G126400	22
SORBI_3003G126500	142.01
SORBI_3003G126600	171.99
SORBI_3003G126700	0
SORBI_3003G126750	0
SORBI_3003G126800	656.007
SORBI_3003G126900	1.128
SORBI_3003G127001	86.206
SORBI_3003G127100	1539.001
SORBI_3003G127200	0
SORBI_3003G127300	216
SORBI_3003G127350	15
SORBI_3003G127400	302
SORBI_3003G127500	114
SORBI_3003G127600	4.001
SORBI_3003G127700	305
SORBI_3003G127800	67
SORBI_3003G127900	0
SORBI_3003G128000	28
SORBI_3003G128100	13
SORBI_3003G128200	246
SORBI_3003G128300	517
SORBI_3003G128350	0
SORBI_3003G128400	299
SORBI_3003G128500	24
SORBI_3003G128525	0
SORBI_3003G128550	0
SORBI_3003G128575	0
SORBI_3003G128600	32
SORBI_3003G128700	9
SORBI_3003G128800	10
SORBI_3003G128850	0
SORBI_3003G128900	2
SORBI_3003G129000	4.001
SORBI_3003G129100	0
SORBI_3003G129200	0
SORBI_3003G129300	48.054
SORBI_3003G129400	396
SORBI_3003G129500	1128
SORBI_3003G129600	558
SORBI_3003G129700	0
ENSRNA049484867	0
ENSRNA049484864	0
SORBI_3003G129800	172
SORBI_3003G129900	858.999
SORBI_3003G130000	526
SORBI_3003G130100	0
SORBI_3003G130200	0
SORBI_3003G130300	0
SORBI_3003G130400	3
SORBI_3003G130500	66
SORBI_3003G130600	276
SORBI_3003G130650	0
SORBI_3003G130700	98
SORBI_3003G130800	4129
SORBI_3003G130900	622
SORBI_3003G131000	0
SORBI_3003G131100	14
SORBI_3003G131200	243
SORBI_3003G131300	147
SORBI_3003G131400	43
SORBI_3003G131500	22
SORBI_3003G131600	45
SORBI_3003G131700	0
SORBI_3003G131800	2160.998
SORBI_3003G131900	0
SORBI_3003G132000	1148
SORBI_3003G132050	1
SORBI_3003G132100	1779.866
SORBI_3003G132200	5
SORBI_3003G132300	15
SORBI_3003G132400	0
SORBI_3003G132500	10
SORBI_3003G132600	49.83
SORBI_3003G132700	43
SORBI_3003G133000	0
SORBI_3003G133100	1
SORBI_3003G133201	0
SORBI_3003G133300	9
SORBI_3003G133450	0
SORBI_3003G133600	0
SORBI_3003G133700	192
SORBI_3003G133800	228
SORBI_3003G133900	2874.067
SORBI_3003G134000	782
SORBI_3003G134100	5
SORBI_3003G134201	0
SORBI_3003G134300	124
SORBI_3003G134400	148.001
SORBI_3003G134500	0
SORBI_3003G134600	0
SORBI_3003G134700	0
SORBI_3003G134800	1117
SORBI_3003G134900	23
SORBI_3003G134950	0
SORBI_3003G135000	0
SORBI_3003G135101	0
SORBI_3003G135201	0
SORBI_3003G135300	0
SORBI_3003G135400	439
SORBI_3003G135500	43
SORBI_3003G135600	664
SORBI_3003G135700	1094
SORBI_3003G135800	5
SORBI_3003G135900	0
SORBI_3003G136000	45
SORBI_3003G136100	0
SORBI_3003G136200	1137.933
SORBI_3003G136301	0
SORBI_3003G136400	51
SORBI_3003G136500	36
SORBI_3003G136600	525.046
SORBI_3003G136700	0
SORBI_3003G136800	53
SORBI_3003G136900	384
SORBI_3003G137000	4.665
SORBI_3003G137100	412
SORBI_3003G137200	150
SORBI_3003G137300	4
SORBI_3003G137400	278.57
SORBI_3003G137500	0
SORBI_3003G137600	36
SORBI_3003G137700	0
SORBI_3003G137766	0
SORBI_3003G137832	0
SORBI_3003G137900	0
SORBI_3003G138000	0
SORBI_3003G138100	0
SORBI_3003G138200	291.972
SORBI_3003G138300	0
SORBI_3003G138400	97.057
SORBI_3003G138500	3172
SORBI_3003G138550	0
SORBI_3003G138600	93
SORBI_3003G138900	431
SORBI_3003G139000	9
SORBI_3003G139050	0
SORBI_3003G139100	0
SORBI_3003G139200	11
SORBI_3003G139300	582.1
SORBI_3003G139333	0
SORBI_3003G139366	0
SORBI_3003G139400	0
SORBI_3003G139500	2339.387
SORBI_3003G139600	1
SORBI_3003G139700	12
SORBI_3003G139800	725
SORBI_3003G139900	1521.002
SORBI_3003G140000	62
SORBI_3003G140100	0
SORBI_3003G140200	3
SORBI_3003G140400	1
SORBI_3003G140450	0
SORBI_3003G140500	0
SORBI_3003G140550	0
SORBI_3003G140600	0
SORBI_3003G140700	5
SORBI_3003G140800	1
SORBI_3003G140900	66
SORBI_3003G141000	1919.67
SORBI_3003G141050	0
SORBI_3003G141100	139
SORBI_3003G141200	0
SORBI_3003G141400	0
SORBI_3003G141500	854
SORBI_3003G141550	0
SORBI_3003G141600	10
SORBI_3003G141700	237
SORBI_3003G141800	53
SORBI_3003G142000	54
SORBI_3003G142100	0
SORBI_3003G142200	0
SORBI_3003G142300	201
SORBI_3003G142400	23
SORBI_3003G142500	0
SORBI_3003G142700	145
SORBI_3003G142800	0
SORBI_3003G142900	3
SORBI_3003G143000	0
SORBI_3003G143100	27
SORBI_3003G143200	268
SORBI_3003G143300	0
SORBI_3003G143401	0
SORBI_3003G143500	0
SORBI_3003G143600	0
SORBI_3003G143700	1424.992
SORBI_3003G143800	1663.646
SORBI_3003G143900	189
SORBI_3003G144000	123
SORBI_3003G144100	0
SORBI_3003G144200	247.176
SORBI_3003G144300	375.107
ENSRNA049484868	0
SORBI_3003G144400	105.981
SORBI_3003G144500	5
SORBI_3003G144600	157.038
SORBI_3003G144700	62.993
SORBI_3003G144800	7
SORBI_3003G144900	50
SORBI_3003G144950	61
SORBI_3003G145000	25.813
SORBI_3003G145050	0
SORBI_3003G145100	17
SORBI_3003G145200	1
SORBI_3003G145250	0
SORBI_3003G145300	0
SORBI_3003G145400	9
SORBI_3003G145500	0
SORBI_3003G145600	0
SORBI_3003G145700	85
SORBI_3003G145800	58
SORBI_3003G145900	245
SORBI_3003G146000	21.925
SORBI_3003G146100	63.075
SORBI_3003G146200	1
SORBI_3003G146300	3
SORBI_3003G146400	10
SORBI_3003G146450	0
SORBI_3003G146500	128.352
SORBI_3003G146600	471
SORBI_3003G146800	31
SORBI_3003G146700	0
SORBI_3003G146900	401
SORBI_3003G147000	502.523
SORBI_3003G147100	0
SORBI_3003G147200	0
SORBI_3003G147301	14
SORBI_3003G147401	1
SORBI_3003G147500	163
SORBI_3003G147600	57
ENSRNA049484939	0
SORBI_3003G147700	0
SORBI_3003G147800	1
SORBI_3003G147900	7
SORBI_3003G148000	1604
SORBI_3003G148200	1
SORBI_3003G148300	11
SORBI_3003G148400	0
SORBI_3003G148500	0
SORBI_3003G148550	0
SORBI_3003G148600	98
SORBI_3003G148700	0
SORBI_3003G148800	121
SORBI_3003G148900	817.997
SORBI_3003G148950	0
SORBI_3003G149000	29
SORBI_3003G149100	6
SORBI_3003G149200	724
SORBI_3003G149300	303
SORBI_3003G149400	2.006
SORBI_3003G149500	328.994
SORBI_3003G149600	0
SORBI_3003G149700	2
SORBI_3003G149750	0
SORBI_3003G149800	670.001
SORBI_3003G149900	11.757
SORBI_3003G150000	253
SORBI_3003G150100	606
SORBI_3003G150200	51.022
SORBI_3003G150400	141
SORBI_3003G150500	79
SORBI_3003G150600	1
SORBI_3003G150700	0
SORBI_3003G150800	338
SORBI_3003G150900	406.179
SORBI_3003G151000	74
SORBI_3003G151100	4
ENSRNA049996558	0
SORBI_3003G151200	250.077
SORBI_3003G151300	206
SORBI_3003G151400	2
SORBI_3003G151500	191.01
SORBI_3003G151600	7213.974
SORBI_3003G151800	7
SORBI_3003G151900	3
SORBI_3003G152000	12
SORBI_3003G152050	0
SORBI_3003G152100	6
SORBI_3003G152200	1
SORBI_3003G152300	0
SORBI_3003G152400	489
SORBI_3003G152500	28
SORBI_3003G152600	1477.841
SORBI_3003G152700	120
SORBI_3003G152800	242.101
SORBI_3003G152900	1019.62
SORBI_3003G153000	153
SORBI_3003G153100	32.044
SORBI_3003G153150	0
SORBI_3003G153200	1
SORBI_3003G153300	2129.407
SORBI_3003G153400	110
SORBI_3003G153500	21
SORBI_3003G153600	13
SORBI_3003G153700	207
SORBI_3003G153800	174
SORBI_3003G153900	26
SORBI_3003G154100	8
SORBI_3003G154200	5
SORBI_3003G154300	0
SORBI_3003G154400	2
SORBI_3003G154450	0
SORBI_3003G154500	0
SORBI_3003G154600	0
SORBI_3003G154700	254
SORBI_3003G154800	0
SORBI_3003G154900	0
SORBI_3003G155000	3.002
SORBI_3003G155100	1135.595
SORBI_3003G155300	777.001
SORBI_3003G155350	0
SORBI_3003G155400	936
SORBI_3003G155600	2
SORBI_3003G155700	175
SORBI_3003G155800	0
SORBI_3003G155900	497
SORBI_3003G156000	4
SORBI_3003G156100	0
SORBI_3003G156200	6
SORBI_3003G156300	0
SORBI_3003G156400	1106.915
SORBI_3003G156500	1042.001
SORBI_3003G156600	6
SORBI_3003G156700	25
SORBI_3003G156733	0
SORBI_3003G156766	10
SORBI_3003G156800	0
SORBI_3003G156900	0
ENSRNA049484896	0
ENSRNA049484865	0
ENSRNA049484952	0
ENSRNA049484883	0
SORBI_3003G157000	0
SORBI_3003G157100	0
SORBI_3003G157200	0
SORBI_3003G157300	56
SORBI_3003G157400	34
SORBI_3003G157450	0
SORBI_3003G157500	7
SORBI_3003G157600	23
SORBI_3003G157700	120
SORBI_3003G157800	0
SORBI_3003G157900	47
SORBI_3003G158000	37
SORBI_3003G158100	214
SORBI_3003G158201	0
SORBI_3003G158300	1183.976
SORBI_3003G158400	88
SORBI_3003G158500	363
SORBI_3003G158600	787.728
SORBI_3003G158700	1311.029
SORBI_3003G158900	405.148
SORBI_3003G159000	0
SORBI_3003G159101	0
SORBI_3003G159200	222
SORBI_3003G159300	0
SORBI_3003G159400	0
SORBI_3003G159450	58
SORBI_3003G159500	316
SORBI_3003G159600	557.647
SORBI_3003G159700	178
ENSRNA049996551	0
SORBI_3003G159850	4
SORBI_3003G160000	191
SORBI_3003G160100	14
SORBI_3003G160150	0
SORBI_3003G160200	786
SORBI_3003G160300	11.418
SORBI_3003G160400	0
SORBI_3003G160433	2.582
SORBI_3003G160466	4
SORBI_3003G160500	131
SORBI_3003G160600	1
SORBI_3003G160700	525
SORBI_3003G160800	115
SORBI_3003G160900	832
SORBI_3003G161000	37.999
SORBI_3003G161100	10
SORBI_3003G161200	4
SORBI_3003G161300	0
SORBI_3003G161400	23.001
SORBI_3003G161500	410
SORBI_3003G161600	45
SORBI_3003G161700	276
SORBI_3003G161800	993.069
SORBI_3003G161900	0
SORBI_3003G161950	0
SORBI_3003G162000	69
ENSRNA049445458	0
SORBI_3003G162100	67.001
SORBI_3003G162200	0
SORBI_3003G162400	394
SORBI_3003G162500	0
SORBI_3003G162600	0
SORBI_3003G162633	0
SORBI_3003G162666	0
SORBI_3003G162700	15
SORBI_3003G162800	93
SORBI_3003G162900	1
SORBI_3003G163000	0
SORBI_3003G163100	454
SORBI_3003G163200	1453
SORBI_3003G163301	8
SORBI_3003G163401	0
SORBI_3003G163500	1
SORBI_3003G163600	2
SORBI_3003G163700	5
SORBI_3003G163801	0
SORBI_3003G163900	143
SORBI_3003G164000	0
SORBI_3003G164100	0
SORBI_3003G164200	1143
SORBI_3003G164300	0
SORBI_3003G164400	0
SORBI_3003G164500	0
SORBI_3003G164600	22.999
SORBI_3003G164700	0
SORBI_3003G164800	9
SORBI_3003G164950	41.763
SORBI_3003G165101	378
SORBI_3003G165251	0
SORBI_3003G165401	42
SORBI_3003G165551	0
SORBI_3003G165700	0
SORBI_3003G165800	125
SORBI_3003G166001	0
SORBI_3003G166200	1358.403
SORBI_3003G166300	0
SORBI_3003G166400	0
SORBI_3003G166450	0
SORBI_3003G166500	353.124
SORBI_3003G166625	0
SORBI_3003G166750	274
SORBI_3003G166875	611
SORBI_3003G167000	225.715
SORBI_3003G167101	0
SORBI_3003G167200	0
SORBI_3003G167300	2
SORBI_3003G167500	66
SORBI_3003G167566	0
SORBI_3003G167632	25
SORBI_3003G167700	24
SORBI_3003G167825	5
SORBI_3003G167800	9
SORBI_3003G167850	0
SORBI_3003G167875	0
SORBI_3003G167900	694.429
SORBI_3003G168100	270
SORBI_3003G168200	3
SORBI_3003G168300	0
ENSRNA049445483	0
SORBI_3003G168350	0
SORBI_3003G168425	0
SORBI_3003G168500	1
SORBI_3003G168600	0
SORBI_3003G168700	1
SORBI_3003G168800	0
SORBI_3003G168900	0
SORBI_3003G169000	1
SORBI_3003G169100	6.908
SORBI_3003G169200	1
SORBI_3003G169300	1
SORBI_3003G169400	1
SORBI_3003G169500	474.013
SORBI_3003G169550	0
SORBI_3003G169600	307
SORBI_3003G169700	0
SORBI_3003G169800	2
SORBI_3003G169900	1061.869
SORBI_3003G169966	4
SORBI_3003G170032	1
SORBI_3003G170100	348.995
SORBI_3003G170200	688
SORBI_3003G170300	703.411
SORBI_3003G170333	0
SORBI_3003G170366	0
SORBI_3003G170400	5.006
SORBI_3003G170501	0
SORBI_3003G170600	0
SORBI_3003G170700	1080.477
SORBI_3003G170800	0
SORBI_3003G170900	358.863
SORBI_3003G170966	0
SORBI_3003G171032	0
SORBI_3003G171100	90.161
SORBI_3003G171200	125.198
SORBI_3003G171300	0
SORBI_3003G171400	1028
SORBI_3003G171500	460
SORBI_3003G171701	1.014
SORBI_3003G171900	0
SORBI_3003G171950	0
SORBI_3003G172000	0
ENSRNA049471256	0
SORBI_3003G172200	0
ENSRNA049470939	138
SORBI_3003G172250	1
ENSRNA049471265	0
SORBI_3003G172300	1.092
SORBI_3003G172400	0
SORBI_3003G172500	83.28
SORBI_3003G172450	0
SORBI_3003G172600	0
SORBI_3003G172701	0
SORBI_3003G172800	11
SORBI_3003G172850	0
SORBI_3003G172900	1
SORBI_3003G172966	1
SORBI_3003G173032	1
SORBI_3003G173116	2
ENSRNA049471137	14
SORBI_3003G173200	0
SORBI_3003G173266	5
SORBI_3003G173332	0
SORBI_3003G173400	255.981
SORBI_3003G173600	779.432
SORBI_3003G173700	27
SORBI_3003G173800	3
SORBI_3003G173950	106
SORBI_3003G174100	73.999
SORBI_3003G174200	0
SORBI_3003G174301	4
SORBI_3003G174400	0
SORBI_3003G174425	0
SORBI_3003G174450	16
SORBI_3003G174475	64.953
SORBI_3003G174500	42.047
SORBI_3003G174601	0
SORBI_3003G174700	117
SORBI_3003G174800	22
SORBI_3003G174850	13
SORBI_3003G174900	14
SORBI_3003G175000	0
SORBI_3003G175050	0
SORBI_3003G175100	263.001
SORBI_3003G175201	42
SORBI_3003G175300	0
SORBI_3003G175350	0
SORBI_3003G175400	0
SORBI_3003G175500	23.316
SORBI_3003G175600	0
SORBI_3003G175633	0
SORBI_3003G175666	0
SORBI_3003G175700	0
SORBI_3003G175800	0
SORBI_3003G175833	0
SORBI_3003G175866	0
SORBI_3003G175900	1.037
SORBI_3003G175950	0
SORBI_3003G176000	424
SORBI_3003G176100	378
SORBI_3003G176200	30
SORBI_3003G176300	1
SORBI_3003G176325	0
SORBI_3003G176350	0
SORBI_3003G176375	1
SORBI_3003G176400	53
SORBI_3003G176500	204.088
SORBI_3003G176600	213.341
SORBI_3003G176650	0
SORBI_3003G176700	0
SORBI_3003G176800	0
SORBI_3003G176900	657
SORBI_3003G177000	109
SORBI_3003G177200	0
SORBI_3003G177350	0
SORBI_3003G177500	0
SORBI_3003G177600	0
SORBI_3003G177700	26
SORBI_3003G177800	19
SORBI_3003G178000	0
SORBI_3003G178101	0
SORBI_3003G178200	0
SORBI_3003G178301	5
SORBI_3003G178400	2
SORBI_3003G178500	0
SORBI_3003G178601	1
SORBI_3003G178700	2
SORBI_3003G178800	2
SORBI_3003G178900	44
SORBI_3003G179000	773
SORBI_3003G179100	2423.512
SORBI_3003G179201	123.401
SORBI_3003G179300	0
SORBI_3003G179350	7.264
SORBI_3003G179400	127.659
SORBI_3003G179500	2
SORBI_3003G179600	189
SORBI_3003G179700	0
SORBI_3003G179800	2
SORBI_3003G179950	22
SORBI_3003G180100	107
SORBI_3003G180200	54.166
SORBI_3003G180300	120
SORBI_3003G180400	5
SORBI_3003G180600	1
SORBI_3003G180700	0
SORBI_3003G180800	5
SORBI_3003G180900	130.997
SORBI_3003G180950	0
SORBI_3003G181000	0
SORBI_3003G181201	27.889
SORBI_3003G181400	0
SORBI_3003G181500	973.068
SORBI_3003G181600	3087.008
SORBI_3003G181700	87
SORBI_3003G181800	505
SORBI_3003G181900	0
SORBI_3003G182100	150
SORBI_3003G182200	7
SORBI_3003G182300	475
SORBI_3003G182400	112
SORBI_3003G182501	11
SORBI_3003G182600	115.044
SORBI_3003G182700	65.079
SORBI_3003G182800	40
SORBI_3003G182901	0
SORBI_3003G183000	33
SORBI_3003G183100	2
SORBI_3003G183200	0
SORBI_3003G183300	5
SORBI_3003G183400	0
SORBI_3003G183466	9
SORBI_3003G183532	1
SORBI_3003G183600	22
SORBI_3003G183700	20
SORBI_3003G183800	2
SORBI_3003G183850	2
SORBI_3003G183900	31
SORBI_3003G184000	11
SORBI_3003G184100	109.736
SORBI_3003G184200	97
SORBI_3003G184300	30.999
SORBI_3003G184400	101
ENSRNA049996548	0
SORBI_3003G184500	1
SORBI_3003G184600	13
SORBI_3003G184633	1
SORBI_3003G184666	16
SORBI_3003G184699	157.005
SORBI_3003G184732	1
SORBI_3003G184765	102
SORBI_3003G184800	1265
SORBI_3003G184900	234
SORBI_3003G185000	0
SORBI_3003G185100	1
SORBI_3003G185200	1305.264
SORBI_3003G185250	29
SORBI_3003G185300	2
SORBI_3003G185400	244.97
SORBI_3003G185500	182
SORBI_3003G185600	88
SORBI_3003G185700	0
SORBI_3003G185800	0
SORBI_3003G185900	450
SORBI_3003G186000	515.047
SORBI_3003G186066	0
SORBI_3003G186132	1
SORBI_3003G186200	0
SORBI_3003G186300	11
SORBI_3003G186350	0
SORBI_3003G186400	5
SORBI_3003G186500	12850.798
SORBI_3003G186600	105
SORBI_3003G186700	1483.972
SORBI_3003G186800	653.887
SORBI_3003G186900	493
SORBI_3003G187000	0
SORBI_3003G187100	17.949
SORBI_3003G187200	189
SORBI_3003G187300	1
SORBI_3003G187400	1377
SORBI_3003G187500	512.918
SORBI_3003G187600	3
SORBI_3003G187700	0
SORBI_3003G187800	0
SORBI_3003G188000	91
SORBI_3003G188100	13
SORBI_3003G188200	313.029
SORBI_3003G188300	214
SORBI_3003G188400	376.279
SORBI_3003G188500	903
SORBI_3003G188600	39
SORBI_3003G188700	0
SORBI_3003G188801	0
SORBI_3003G188900	264
SORBI_3003G189000	862.985
SORBI_3003G189100	2
SORBI_3003G189200	9
SORBI_3003G189333	25
SORBI_3003G189466	0
SORBI_3003G189600	599.001
SORBI_3003G189700	274
SORBI_3003G189800	348.932
SORBI_3003G189900	75
SORBI_3003G190000	156
SORBI_3003G190100	17550.789
SORBI_3003G190200	417
SORBI_3003G190300	30.988
SORBI_3003G190400	1167
SORBI_3003G190500	310
SORBI_3003G190600	402
SORBI_3003G190701	0
SORBI_3003G190800	329
SORBI_3003G190900	13
SORBI_3003G191000	4563.999
SORBI_3003G191200	1
SORBI_3003G191300	0
SORBI_3003G191350	0
SORBI_3003G191400	6
SORBI_3003G191500	177
SORBI_3003G191600	12
SORBI_3003G191700	451.999
SORBI_3003G191750	0
SORBI_3003G191800	1
SORBI_3003G192000	1149
SORBI_3003G192100	295
SORBI_3003G192200	0
SORBI_3003G192300	2
SORBI_3003G192400	87
SORBI_3003G192500	1
SORBI_3003G192600	109
SORBI_3003G192701	0
SORBI_3003G192801	1
SORBI_3003G192900	0
SORBI_3003G193000	30
SORBI_3003G193200	203
SORBI_3003G193300	0
SORBI_3003G193400	0
SORBI_3003G193500	737
SORBI_3003G193600	0
SORBI_3003G193700	539.001
SORBI_3003G193800	2084.006
SORBI_3003G193900	0
ENSRNA049469210	0
SORBI_3003G194100	357
SORBI_3003G194200	115
SORBI_3003G194300	175
SORBI_3003G194400	1
SORBI_3003G194500	102
SORBI_3003G194600	270
SORBI_3003G194800	101
SORBI_3003G194900	0
SORBI_3003G195000	859.934
SORBI_3003G195150	80
SORBI_3003G195300	88
SORBI_3003G195400	0
SORBI_3003G195500	3119.657
SORBI_3003G195600	50
SORBI_3003G195700	0
SORBI_3003G195800	0
SORBI_3003G195900	697
SORBI_3003G196000	3
SORBI_3003G196200	394
SORBI_3003G196300	1005.362
SORBI_3003G196400	101
SORBI_3003G196500	0
SORBI_3003G196600	88
SORBI_3003G196700	27
SORBI_3003G196800	2496.001
SORBI_3003G196900	252
SORBI_3003G197000	275
SORBI_3003G197100	128
SORBI_3003G197200	1725.652
SORBI_3003G197300	172
SORBI_3003G197400	132
SORBI_3003G197500	1
SORBI_3003G197600	0
SORBI_3003G197700	0
SORBI_3003G197800	363.04
SORBI_3003G198016	121.735
SORBI_3003G198000	0
SORBI_3003G198032	0
SORBI_3003G198048	19.398
SORBI_3003G198064	0
SORBI_3003G198080	136.126
SORBI_3003G198100	31
SORBI_3003G198150	72
SORBI_3003G198200	695
SORBI_3003G198300	157
SORBI_3003G198400	297.001
SORBI_3003G198500	645
SORBI_3003G198550	4
SORBI_3003G198600	39
SORBI_3003G198701	30.006
SORBI_3003G198800	2509.937
SORBI_3003G198850	0
SORBI_3003G198900	111
SORBI_3003G199001	138
SORBI_3003G199101	0
SORBI_3003G199200	107
SORBI_3003G199300	1380
SORBI_3003G199400	5
SORBI_3003G199500	808
SORBI_3003G199600	0
SORBI_3003G199650	0
SORBI_3003G199700	20
SORBI_3003G199800	28.001
SORBI_3003G199900	95
SORBI_3003G200000	2
SORBI_3003G200100	227.063
SORBI_3003G200200	1212.02
SORBI_3003G200400	0
SORBI_3003G200501	58
SORBI_3003G200600	322
SORBI_3003G200700	8
SORBI_3003G200800	1508.862
SORBI_3003G200900	0
SORBI_3003G201000	13
SORBI_3003G201100	1
SORBI_3003G201150	0
SORBI_3003G201200	0
SORBI_3003G201300	0
SORBI_3003G201400	2
SORBI_3003G201500	188
SORBI_3003G201600	0
SORBI_3003G201700	216
SORBI_3003G201750	36.007
SORBI_3003G201800	2
SORBI_3003G201850	0
SORBI_3003G201900	324
SORBI_3003G202000	0
SORBI_3003G202100	143
SORBI_3003G202200	1271.561
SORBI_3003G202300	32
SORBI_3003G202400	44
SORBI_3003G202500	11
SORBI_3003G202600	316
SORBI_3003G202700	17
SORBI_3003G202800	948
SORBI_3003G202900	317
SORBI_3003G203000	156
SORBI_3003G203100	47
SORBI_3003G203200	0
SORBI_3003G203300	193
SORBI_3003G203400	356
SORBI_3003G203500	1699
SORBI_3003G203600	52.585
SORBI_3003G203700	0
SORBI_3003G203800	0
SORBI_3003G203833	0
SORBI_3003G203866	0
SORBI_3003G203900	0
SORBI_3003G204000	6.161
SORBI_3003G204100	10.118
SORBI_3003G204200	25
SORBI_3003G204300	0
SORBI_3003G204400	0
SORBI_3003G204501	1
SORBI_3003G204600	0
SORBI_3003G204750	0
SORBI_3003G204900	1
SORBI_3003G205000	0
SORBI_3003G205100	314
SORBI_3003G205200	1061.002
SORBI_3003G205300	97
SORBI_3003G205400	135
SORBI_3003G205501	354
SORBI_3003G205600	49
SORBI_3003G205700	0
SORBI_3003G205801	84
SORBI_3003G205900	26
SORBI_3003G206000	0
SORBI_3003G206100	0
SORBI_3003G206200	0
SORBI_3003G206250	2
SORBI_3003G206300	0
SORBI_3003G206400	0
SORBI_3003G206500	0
SORBI_3003G206600	469
SORBI_3003G206700	50
SORBI_3003G206800	240
SORBI_3003G206900	8
SORBI_3003G207000	329
SORBI_3003G207100	0
SORBI_3003G207200	24
SORBI_3003G207300	34
SORBI_3003G207400	2
SORBI_3003G207500	682.293
SORBI_3003G207600	3
SORBI_3003G207700	2
SORBI_3003G207800	0
SORBI_3003G207900	201.567
SORBI_3003G208000	1
SORBI_3003G208100	4
SORBI_3003G208200	0
SORBI_3003G208300	234
SORBI_3003G208400	48
SORBI_3003G208500	27
SORBI_3003G208600	0
SORBI_3003G208700	85
SORBI_3003G208800	35
SORBI_3003G208900	0
SORBI_3003G209000	878.219
SORBI_3003G209101	0
SORBI_3003G209200	559
SORBI_3003G209300	0
SORBI_3003G209400	183
SORBI_3003G209500	5
SORBI_3003G209600	123
SORBI_3003G209800	56.328
SORBI_3003G209900	123.672
SORBI_3003G210000	0
SORBI_3003G210100	103
SORBI_3003G210200	0
SORBI_3003G210300	0
SORBI_3003G210400	1
SORBI_3003G210500	9.233
SORBI_3003G210601	2
SORBI_3003G210701	0
SORBI_3003G210801	70.767
SORBI_3003G210900	233
SORBI_3003G211000	0
SORBI_3003G211100	856
SORBI_3003G211200	50
SORBI_3003G211233	3
SORBI_3003G211266	0
SORBI_3003G211300	2
SORBI_3003G211400	1
SORBI_3003G211500	57
SORBI_3003G211600	2
SORBI_3003G211700	43
SORBI_3003G211800	6
SORBI_3003G211900	1
SORBI_3003G212000	3
SORBI_3003G212100	252
SORBI_3003G212300	363
SORBI_3003G212400	30.002
SORBI_3003G212500	164
SORBI_3003G212600	5
SORBI_3003G212700	0
SORBI_3003G212800	2
SORBI_3003G212900	309
SORBI_3003G213000	1
SORBI_3003G213100	0
SORBI_3003G213300	0
SORBI_3003G213400	57
SORBI_3003G213500	0
SORBI_3003G213600	4
SORBI_3003G213700	53
SORBI_3003G213800	27
SORBI_3003G213900	141
SORBI_3003G214000	1233
SORBI_3003G214100	1
SORBI_3003G214200	0
SORBI_3003G214300	211
SORBI_3003G214400	79
SORBI_3003G214500	125
SORBI_3003G214600	900
SORBI_3003G214650	3
SORBI_3003G214700	331
SORBI_3003G214800	12
SORBI_3003G214850	10
SORBI_3003G214900	507.016
SORBI_3003G215100	0
SORBI_3003G215200	8
SORBI_3003G215300	9
SORBI_3003G215350	0
SORBI_3003G215400	0
SORBI_3003G215500	0
SORBI_3003G215600	0
SORBI_3003G215700	406.027
SORBI_3003G215800	895.349
SORBI_3003G215900	0
SORBI_3003G216000	29.869
SORBI_3003G216100	17
SORBI_3003G216166	601.433
SORBI_3003G216232	3349.89
SORBI_3003G216300	40
SORBI_3003G216400	0
SORBI_3003G216500	932
SORBI_3003G216600	72
SORBI_3003G216700	185
SORBI_3003G216800	0
SORBI_3003G216901	0
SORBI_3003G217000	1
SORBI_3003G217100	421.894
SORBI_3003G217200	274
SORBI_3003G217300	10
SORBI_3003G217400	113.72
SORBI_3003G217500	23
SORBI_3003G217566	0
SORBI_3003G217632	0
SORBI_3003G217700	91.488
SORBI_3003G217800	3
SORBI_3003G217900	876
SORBI_3003G218000	4
SORBI_3003G218100	0
SORBI_3003G218200	32
SORBI_3003G218300	110
SORBI_3003G218400	740.794
SORBI_3003G218450	0
SORBI_3003G218500	222
SORBI_3003G218600	698.943
SORBI_3003G218700	112
SORBI_3003G218801	88
SORBI_3003G218900	371.009
SORBI_3003G218950	0
SORBI_3003G219000	0
SORBI_3003G219100	100
SORBI_3003G219200	95
SORBI_3003G219300	0
SORBI_3003G219400	518
SORBI_3003G219500	415
SORBI_3003G219600	210
SORBI_3003G219700	21
SORBI_3003G219800	142
SORBI_3003G220000	0
SORBI_3003G220100	275
SORBI_3003G220200	1897.36
SORBI_3003G220266	0
SORBI_3003G220332	0
SORBI_3003G220400	0
SORBI_3003G220500	5
SORBI_3003G220600	1776.014
SORBI_3003G220700	263
SORBI_3003G220800	736
SORBI_3003G220900	61.001
SORBI_3003G221000	14
SORBI_3003G221100	1
SORBI_3003G221200	898
SORBI_3003G221300	8
SORBI_3003G221400	1641.859
SORBI_3003G221450	0
SORBI_3003G221500	286
SORBI_3003G221600	440.001
SORBI_3003G221650	2
SORBI_3003G221700	139
SORBI_3003G221800	347.147
SORBI_3003G221900	378
SORBI_3003G222000	92
SORBI_3003G222101	0
SORBI_3003G222200	384
SORBI_3003G222300	1961
SORBI_3003G222400	40
ENSRNA049996543	0
SORBI_3003G222500	535
SORBI_3003G222600	747
SORBI_3003G222700	227
SORBI_3003G222800	4
SORBI_3003G222900	746
SORBI_3003G223000	26
SORBI_3003G223100	55
SORBI_3003G223200	826.223
SORBI_3003G223300	131.994
SORBI_3003G223400	13.133
SORBI_3003G223500	176
SORBI_3003G223600	4
SORBI_3003G223700	11
SORBI_3003G223800	26
SORBI_3003G223900	2635.325
SORBI_3003G223950	0
SORBI_3003G224000	2
SORBI_3003G224100	546
SORBI_3003G224200	22
SORBI_3003G224300	157
SORBI_3003G224400	4
SORBI_3003G224600	1600
SORBI_3003G224700	331.15
SORBI_3003G224800	0
SORBI_3003G224900	0
SORBI_3003G225000	35.156
SORBI_3003G225100	225
SORBI_3003G225200	2240.158
SORBI_3003G225300	501
SORBI_3003G225500	0
SORBI_3003G225600	74
SORBI_3003G225700	1488.141
SORBI_3003G225800	0
SORBI_3003G225900	2710.999
SORBI_3003G226000	0
SORBI_3003G226100	12.001
SORBI_3003G226200	1609.705
SORBI_3003G226300	115
SORBI_3003G226400	0
SORBI_3003G226500	2286.29
SORBI_3003G226600	42
SORBI_3003G226700	37.835
SORBI_3003G226800	52
SORBI_3003G226900	17
SORBI_3003G226950	1
SORBI_3003G227000	2
SORBI_3003G227100	636.01
SORBI_3003G227200	770
SORBI_3003G227300	132
SORBI_3003G227401	0
SORBI_3003G227501	1
SORBI_3003G227600	384
SORBI_3003G227700	164
SORBI_3003G227800	0
SORBI_3003G227900	173
SORBI_3003G228000	590
SORBI_3003G228100	841
SORBI_3003G228200	153.177
SORBI_3003G228300	191
SORBI_3003G228400	3
SORBI_3003G228500	17
SORBI_3003G228600	14
SORBI_3003G228700	3
SORBI_3003G228900	868
SORBI_3003G229000	688.204
SORBI_3003G229100	1
SORBI_3003G229150	7
SORBI_3003G229200	208
SORBI_3003G229300	936.892
SORBI_3003G229400	1394.63
SORBI_3003G229500	974
SORBI_3003G229600	100
SORBI_3003G229650	0
SORBI_3003G229700	0
SORBI_3003G229800	0
SORBI_3003G229900	0
SORBI_3003G230000	684
SORBI_3003G230100	16
SORBI_3003G230200	0
SORBI_3003G230300	0
SORBI_3003G230400	59
SORBI_3003G230500	829.978
SORBI_3003G230600	2004.703
SORBI_3003G230700	49.078
SORBI_3003G230800	0
SORBI_3003G230900	11
SORBI_3003G231000	0
SORBI_3003G231100	226
SORBI_3003G231200	3
SORBI_3003G231300	4
SORBI_3003G231400	0
SORBI_3003G231500	2
SORBI_3003G231600	0
SORBI_3003G231700	0
SORBI_3003G231800	50
SORBI_3003G231900	13
SORBI_3003G232001	20
SORBI_3003G232100	0
SORBI_3003G232200	0
SORBI_3003G232266	0
SORBI_3003G232332	0
SORBI_3003G232400	5
SORBI_3003G232500	4
SORBI_3003G232600	0
SORBI_3003G232700	198
SORBI_3003G232800	0
SORBI_3003G232900	137.2
SORBI_3003G233000	695.776
SORBI_3003G233100	257.418
SORBI_3003G233300	3
SORBI_3003G233200	226.001
SORBI_3003G233266	0
SORBI_3003G233332	0
SORBI_3003G233400	553
SORBI_3003G233500	289
SORBI_3003G233600	839
SORBI_3003G233700	117
SORBI_3003G233800	0
SORBI_3003G233900	0
SORBI_3003G234000	501
SORBI_3003G234101	0
SORBI_3003G234200	94
SORBI_3003G234300	0
SORBI_3003G234400	343
SORBI_3003G234500	410.999
SORBI_3003G234600	9
SORBI_3003G234701	2
SORBI_3003G234800	26
SORBI_3003G234900	70
SORBI_3003G235000	71
SORBI_3003G235100	133
SORBI_3003G235200	216.997
SORBI_3003G235300	45
SORBI_3003G235400	333
SORBI_3003G235500	304
SORBI_3003G235601	0
SORBI_3003G235700	107
SORBI_3003G235800	6
SORBI_3003G235900	0
SORBI_3003G236000	94
SORBI_3003G236100	12.98
SORBI_3003G236150	0
SORBI_3003G236200	0
SORBI_3003G236300	63
SORBI_3003G236400	0
SORBI_3003G236450	5
SORBI_3003G236501	1
SORBI_3003G236551	0
SORBI_3003G236600	27
SORBI_3003G236701	1
SORBI_3003G236800	280
SORBI_3003G236900	0
SORBI_3003G237000	29
SORBI_3003G237100	14
ENSRNA049445862	0
SORBI_3003G237201	23
SORBI_3003G237300	19
SORBI_3003G237400	948
SORBI_3003G237500	0
SORBI_3003G237600	1
SORBI_3003G237700	2
SORBI_3003G237800	360
SORBI_3003G237900	6488.725
SORBI_3003G238000	1590
SORBI_3003G238100	183.307
SORBI_3003G238200	14
SORBI_3003G238250	1
SORBI_3003G238300	0
SORBI_3003G238400	0
SORBI_3003G238500	1095.277
SORBI_3003G238600	59
SORBI_3003G238700	114
SORBI_3003G238750	0
SORBI_3003G238800	0
SORBI_3003G238900	0
SORBI_3003G239000	8
SORBI_3003G239100	0
SORBI_3003G239200	0
SORBI_3003G239300	4
SORBI_3003G239400	0
SORBI_3003G239500	40
SORBI_3003G239600	0
SORBI_3003G239700	0
SORBI_3003G239750	0
SORBI_3003G239800	80
SORBI_3003G239900	7467.322
SORBI_3003G240000	78
SORBI_3003G240100	187
SORBI_3003G240200	2.964
SORBI_3003G240300	2
SORBI_3003G240400	0
SORBI_3003G240500	0
SORBI_3003G240600	141
SORBI_3003G240700	1049.548
SORBI_3003G240800	0
SORBI_3003G241000	1030.178
SORBI_3003G241050	1
SORBI_3003G241100	183
SORBI_3003G241200	330
SORBI_3003G241300	185.224
SORBI_3003G241400	1
SORBI_3003G241500	4673.889
SORBI_3003G241600	5
SORBI_3003G241700	365.042
SORBI_3003G241800	791.999
SORBI_3003G241900	272
SORBI_3003G242000	1870.023
SORBI_3003G242200	49.47
SORBI_3003G242300	0
SORBI_3003G242400	0
SORBI_3003G242500	0
SORBI_3003G242600	0
SORBI_3003G242700	30
SORBI_3003G242800	43
SORBI_3003G242900	2260.989
SORBI_3003G243000	1
SORBI_3003G243100	2
SORBI_3003G243200	0
SORBI_3003G243300	11
SORBI_3003G243400	45
SORBI_3003G243500	0
SORBI_3003G243600	2113
SORBI_3003G243700	212
SORBI_3003G243750	0
SORBI_3003G243800	0
SORBI_3003G243900	0
SORBI_3003G244000	279.446
SORBI_3003G244100	388
SORBI_3003G244200	2805.391
SORBI_3003G244250	2
ENSRNA049996537	0
SORBI_3003G244300	23
SORBI_3003G244401	0
SORBI_3003G244400	38
SORBI_3003G244500	0
SORBI_3003G244600	212
SORBI_3003G244700	804.314
SORBI_3003G244800	7
SORBI_3003G244850	3.001
SORBI_3003G244900	3
SORBI_3003G245000	0
SORBI_3003G245101	0
SORBI_3003G245201	0
SORBI_3003G245300	0
SORBI_3003G245401	0
SORBI_3003G245500	0
SORBI_3003G245600	36
SORBI_3003G245700	0
SORBI_3003G245800	46
SORBI_3003G245900	39
SORBI_3003G246000	201.026
SORBI_3003G246100	878
SORBI_3003G246200	421
SORBI_3003G246300	5
SORBI_3003G246400	91
SORBI_3003G246500	0
SORBI_3003G246600	5
SORBI_3003G246700	1039
SORBI_3003G246800	0
SORBI_3003G246900	0
SORBI_3003G247000	0
SORBI_3003G247100	325.464
SORBI_3003G247200	298
SORBI_3003G247300	1837.744
SORBI_3003G247400	69
SORBI_3003G247500	377
SORBI_3003G247600	25
SORBI_3003G247700	1
SORBI_3003G247800	0
SORBI_3003G247900	242.002
SORBI_3003G248000	584
SORBI_3003G248100	483
SORBI_3003G248200	525
SORBI_3003G248300	116
SORBI_3003G248400	324
SORBI_3003G248500	418.822
SORBI_3003G248600	1325.153
SORBI_3003G248700	0
SORBI_3003G248800	3.178
SORBI_3003G248901	0
SORBI_3003G249000	13
SORBI_3003G249050	0
ENSRNA049469191	0
SORBI_3003G249100	67
SORBI_3003G249200	7
SORBI_3003G249400	115
SORBI_3003G249300	12
SORBI_3003G249500	0
SORBI_3003G249600	296
SORBI_3003G249700	782
SORBI_3003G249800	511.809
SORBI_3003G249900	270
SORBI_3003G250000	1.095
SORBI_3003G250100	19
SORBI_3003G250160	1
SORBI_3003G250220	0
SORBI_3003G250280	0
SORBI_3003G250340	4364.38
SORBI_3003G250400	403.005
SORBI_3003G250500	411
SORBI_3003G250600	1104.019
SORBI_3003G250700	402
SORBI_3003G250900	242.476
SORBI_3003G251000	23
SORBI_3003G251050	1
SORBI_3003G251100	221.46
SORBI_3003G251200	40.248
SORBI_3003G251301	0
SORBI_3003G251400	0
SORBI_3003G251600	12
SORBI_3003G251700	98
SORBI_3003G251800	2
SORBI_3003G251900	0
SORBI_3003G252000	12
SORBI_3003G252100	1800.657
SORBI_3003G252200	1276.855
SORBI_3003G252300	621
SORBI_3003G252400	3589.954
SORBI_3003G252500	1715.724
ENSRNA049469198	0
SORBI_3003G252600	769
SORBI_3003G252700	230
SORBI_3003G252750	0
SORBI_3003G252800	4
SORBI_3003G252850	5
SORBI_3003G252900	683.398
SORBI_3003G253000	1416.768
SORBI_3003G253100	0
SORBI_3003G253200	0
SORBI_3003G253300	683.243
SORBI_3003G253350	0
SORBI_3003G253400	470.156
SORBI_3003G253500	780.008
SORBI_3003G253600	804.455
SORBI_3003G253650	0
SORBI_3003G253700	108.192
SORBI_3003G253800	232.808
SORBI_3003G253900	0
SORBI_3003G254000	543
SORBI_3003G254100	146
SORBI_3003G254200	0
SORBI_3003G254300	632
ENSRNA049445848	0
SORBI_3003G254400	0
SORBI_3003G254500	0
SORBI_3003G254600	53
SORBI_3003G254700	375.148
SORBI_3003G254800	254
SORBI_3003G254850	0
SORBI_3003G254900	11
SORBI_3003G255000	0
SORBI_3003G255100	42
SORBI_3003G255200	102
SORBI_3003G255266	0
SORBI_3003G255332	0
SORBI_3003G255400	0
SORBI_3003G255500	1
SORBI_3003G255600	0
SORBI_3003G255700	232
SORBI_3003G255800	4
SORBI_3003G255850	2
SORBI_3003G255900	18
SORBI_3003G256000	3
SORBI_3003G256100	542
SORBI_3003G256200	155
SORBI_3003G256300	29
SORBI_3003G256400	0
SORBI_3003G256500	9
SORBI_3003G256550	8.911
SORBI_3003G256600	0
SORBI_3003G256700	0
SORBI_3003G256800	156
SORBI_3003G256900	13
SORBI_3003G257000	299
SORBI_3003G257050	0
SORBI_3003G257100	534
SORBI_3003G257200	484
SORBI_3003G257400	1
SORBI_3003G257501	0
SORBI_3003G257600	146
SORBI_3003G257650	0
SORBI_3003G257700	85
SORBI_3003G257800	5
SORBI_3003G257900	345.765
SORBI_3003G258000	0
SORBI_3003G258100	2
SORBI_3003G258200	264.226
SORBI_3003G258300	80
SORBI_3003G258400	3234.019
SORBI_3003G258500	12.001
SORBI_3003G258600	26
SORBI_3003G258700	0
SORBI_3003G258800	4325.533
SORBI_3003G258900	1302.327
SORBI_3003G259000	0
SORBI_3003G259100	472
SORBI_3003G259200	35
ENSRNA049445531	0
SORBI_3003G259300	28
SORBI_3003G259400	352
ENSRNA049445841	0
SORBI_3003G259500	0
SORBI_3003G259600	144.448
SORBI_3003G259700	342
SORBI_3003G259800	0
SORBI_3003G259901	26
SORBI_3003G260000	31
SORBI_3003G260050	0
SORBI_3003G260100	13
SORBI_3003G260200	165
SORBI_3003G260300	79
SORBI_3003G260400	498.991
SORBI_3003G260500	0
SORBI_3003G260600	2067
SORBI_3003G260700	8
SORBI_3003G260800	13
SORBI_3003G260900	689
SORBI_3003G261000	0
SORBI_3003G261100	248
SORBI_3003G261200	21
SORBI_3003G261300	115
SORBI_3003G261400	300
SORBI_3003G261500	429.98
SORBI_3003G261566	1
SORBI_3003G261632	1
SORBI_3003G261700	4
SORBI_3003G261733	13.042
SORBI_3003G261766	0
SORBI_3003G261800	163
SORBI_3003G261900	42
SORBI_3003G262000	0
SORBI_3003G262100	31
SORBI_3003G262200	712.085
SORBI_3003G262400	220
SORBI_3003G262500	122.036
SORBI_3003G262600	1452.677
SORBI_3003G262650	94
SORBI_3003G262700	0
SORBI_3003G262900	29.928
SORBI_3003G263001	165.072
SORBI_3003G263100	426.278
SORBI_3003G263300	92
SORBI_3003G263450	692.454
SORBI_3003G263400	12.076
SORBI_3003G263500	3
SORBI_3003G263600	0
SORBI_3003G263701	0
SORBI_3003G263800	0
SORBI_3003G263900	0
SORBI_3003G264000	221
SORBI_3003G264100	1104
SORBI_3003G264200	578.002
SORBI_3003G264300	0
SORBI_3003G264400	7
SORBI_3003G264500	21
SORBI_3003G264600	6
SORBI_3003G264700	175.227
SORBI_3003G264800	331.957
SORBI_3003G264901	47
SORBI_3003G265000	0
SORBI_3003G265100	194
SORBI_3003G265150	3.796
SORBI_3003G265200	546
SORBI_3003G265300	2
SORBI_3003G265400	348
SORBI_3003G265500	34
SORBI_3003G265600	2
SORBI_3003G265701	0
SORBI_3003G265800	29
SORBI_3003G265900	46
SORBI_3003G266001	121
SORBI_3003G266100	1.011
SORBI_3003G266200	0
SORBI_3003G266300	0
SORBI_3003G266400	69
SORBI_3003G266500	71
SORBI_3003G266600	830.676
SORBI_3003G266700	2.006
SORBI_3003G266900	771
SORBI_3003G267000	82
SORBI_3003G267100	151
SORBI_3003G267150	0
SORBI_3003G267200	7
SORBI_3003G267300	326
SORBI_3003G267400	12
SORBI_3003G267500	23
SORBI_3003G267600	0
SORBI_3003G267700	40
SORBI_3003G267800	586.798
SORBI_3003G267900	17
SORBI_3003G268000	0
SORBI_3003G268100	1
SORBI_3003G268200	189
SORBI_3003G268300	705
ENSRNA049484452	0
SORBI_3003G268500	0
SORBI_3003G268600	12
SORBI_3003G268650	0
SORBI_3003G268700	354
SORBI_3003G268800	51
SORBI_3003G268900	252
SORBI_3003G269000	0
SORBI_3003G269100	1
SORBI_3003G269200	552
SORBI_3003G269300	100
SORBI_3003G269400	83
SORBI_3003G269500	78
SORBI_3003G269600	6
SORBI_3003G269700	3
SORBI_3003G269800	558
SORBI_3003G269900	0
SORBI_3003G270000	0
SORBI_3003G270100	157
SORBI_3003G270200	4
SORBI_3003G270300	2842.864
SORBI_3003G270400	0
SORBI_3003G270500	243.961
SORBI_3003G270600	1468.052
SORBI_3003G270650	0
SORBI_3003G270700	0
SORBI_3003G270800	173
SORBI_3003G270900	2
SORBI_3003G271000	0
SORBI_3003G271100	101
SORBI_3003G271201	10
SORBI_3003G271300	11
SORBI_3003G271400	60.323
SORBI_3003G271500	1
SORBI_3003G271600	5
SORBI_3003G271700	0
SORBI_3003G271800	1
SORBI_3003G272000	0
SORBI_3003G271900	42
SORBI_3003G272001	2
SORBI_3003G272101	15
SORBI_3003G272200	429.971
SORBI_3003G272300	226
SORBI_3003G272400	4331.215
SORBI_3003G272500	501
ENSRNA049484455	1
SORBI_3003G272600	0
SORBI_3003G272700	305
SORBI_3003G272800	2
SORBI_3003G272900	0
SORBI_3003G273000	29
SORBI_3003G273100	840
SORBI_3003G273200	2
SORBI_3003G273300	300
SORBI_3003G273400	220
SORBI_3003G273500	175
SORBI_3003G273600	1889.414
SORBI_3003G273700	53
SORBI_3003G273800	4
SORBI_3003G273900	115
SORBI_3003G274000	0
SORBI_3003G274100	0
SORBI_3003G274200	224
SORBI_3003G274300	801
SORBI_3003G274400	742
SORBI_3003G274500	2
SORBI_3003G274600	28
SORBI_3003G274700	204
SORBI_3003G274800	129
SORBI_3003G274900	0
SORBI_3003G275000	358
SORBI_3003G275100	87
SORBI_3003G275200	153
SORBI_3003G275300	127.102
SORBI_3003G275400	0
SORBI_3003G275501	0
SORBI_3003G275600	643
SORBI_3003G275700	2372
SORBI_3003G275800	305
SORBI_3003G275900	173
SORBI_3003G276000	24
SORBI_3003G276100	131.302
SORBI_3003G276200	0
SORBI_3003G276300	32
SORBI_3003G276400	50
SORBI_3003G276500	50.007
SORBI_3003G276700	0
SORBI_3003G276750	5
SORBI_3003G276800	32
SORBI_3003G276901	26
SORBI_3003G277000	108
SORBI_3003G277100	27
SORBI_3003G277200	99
SORBI_3003G277300	4
SORBI_3003G277400	122
SORBI_3003G277500	42.043
SORBI_3003G277550	0
SORBI_3003G277600	1175.905
SORBI_3003G277700	4918.007
SORBI_3003G277800	705.98
SORBI_3003G277850	0
SORBI_3003G277900	1378.452
SORBI_3003G278000	1
SORBI_3003G278100	0
SORBI_3003G278200	1
SORBI_3003G278300	50
SORBI_3003G278400	2
SORBI_3003G278500	4299.753
SORBI_3003G278600	38
SORBI_3003G278633	0
SORBI_3003G278666	1
SORBI_3003G278700	133
SORBI_3003G278800	0
SORBI_3003G278900	0
SORBI_3003G279000	0
SORBI_3003G279100	1
SORBI_3003G279200	817
SORBI_3003G279300	122
SORBI_3003G279400	0
SORBI_3003G279500	89.984
SORBI_3003G279600	0
SORBI_3003G279700	8
SORBI_3003G279800	1279.252
SORBI_3003G279900	187.001
ENSRNA049445545	0
SORBI_3003G280000	2
SORBI_3003G280100	1
SORBI_3003G280200	2
SORBI_3003G280300	917.647
SORBI_3003G280400	29
SORBI_3003G280500	2
SORBI_3003G280600	14
SORBI_3003G280700	1595
SORBI_3003G280800	812.705
SORBI_3003G280900	3860.266
SORBI_3003G281000	0
SORBI_3003G281100	11
SORBI_3003G281200	174.822
SORBI_3003G281300	9.178
SORBI_3003G281400	76
SORBI_3003G281450	0
ENSRNA049445553	0
SORBI_3003G281500	294
ENSRNA049445555	0
SORBI_3003G281600	5
SORBI_3003G281700	2
SORBI_3003G281800	58
SORBI_3003G281900	1385.021
SORBI_3003G282000	666.997
SORBI_3003G282100	0
SORBI_3003G282200	0
SORBI_3003G282300	0
SORBI_3003G282400	0
SORBI_3003G282500	0
SORBI_3003G282600	13
SORBI_3003G282700	46.998
SORBI_3003G282800	1
SORBI_3003G282901	6
SORBI_3003G283000	0
SORBI_3003G283100	8
SORBI_3003G283200	0
SORBI_3003G283250	2.416
SORBI_3003G283300	10
SORBI_3003G283400	2
SORBI_3003G283500	3
SORBI_3003G283600	56
SORBI_3003G283700	0
SORBI_3003G283750	5
SORBI_3003G283800	57
SORBI_3003G283900	0
SORBI_3003G284000	805
SORBI_3003G284100	13
SORBI_3003G284200	4
SORBI_3003G284300	947.125
SORBI_3003G284400	1
SORBI_3003G284500	122.001
SORBI_3003G284600	40
SORBI_3003G284700	760
SORBI_3003G284800	6
SORBI_3003G284900	9
SORBI_3003G285000	546.165
SORBI_3003G285101	0
SORBI_3003G285200	0
SORBI_3003G285300	347.835
SORBI_3003G285400	20
ENSRNA049996525	0
SORBI_3003G285500	20
SORBI_3003G285600	50
SORBI_3003G285700	154
SORBI_3003G285800	144
SORBI_3003G285900	23
SORBI_3003G286000	9.991
SORBI_3003G286100	44
SORBI_3003G286200	200
SORBI_3003G286300	91
SORBI_3003G286400	3
SORBI_3003G286500	339.382
SORBI_3003G286450	0
SORBI_3003G286600	115
SORBI_3003G286650	0
SORBI_3003G286700	4
SORBI_3003G286800	13
SORBI_3003G286900	0
SORBI_3003G287000	0
SORBI_3003G287100	213
SORBI_3003G287200	0
SORBI_3003G287300	89
SORBI_3003G287400	250.047
SORBI_3003G287450	8
SORBI_3003G287500	302.069
SORBI_3003G287600	37
SORBI_3003G287700	22
SORBI_3003G287800	0
SORBI_3003G287900	279
SORBI_3003G288000	312
SORBI_3003G288100	33
SORBI_3003G288200	39
SORBI_3003G288300	21
SORBI_3003G288401	291
SORBI_3003G288500	20
ENSRNA049445837	0
SORBI_3003G288600	1165.158
ENSRNA049484456	0
SORBI_3003G288700	1
SORBI_3003G288800	49
SORBI_3003G288900	0
SORBI_3003G289000	0
SORBI_3003G289100	0
SORBI_3003G289200	0
SORBI_3003G289300	0
SORBI_3003G289400	405
SORBI_3003G289500	145
SORBI_3003G289601	6
SORBI_3003G289700	57
SORBI_3003G289800	44
SORBI_3003G289900	361
SORBI_3003G290000	574
SORBI_3003G290050	0
SORBI_3003G290100	1850.605
SORBI_3003G290200	96
SORBI_3003G290300	976.401
SORBI_3003G290400	7.998
SORBI_3003G290500	12
SORBI_3003G290600	0
SORBI_3003G290700	0
SORBI_3003G290800	339
SORBI_3003G290900	1021
SORBI_3003G291000	23
SORBI_3003G291050	0
SORBI_3003G291100	0
SORBI_3003G291200	23
SORBI_3003G291300	40
SORBI_3003G291400	22
SORBI_3003G291500	5015.485
SORBI_3003G291600	1698
SORBI_3003G291700	11
SORBI_3003G291800	820.059
SORBI_3003G291900	17.493
SORBI_3003G292000	16
SORBI_3003G292100	0
SORBI_3003G292200	275.005
SORBI_3003G292300	97
SORBI_3003G292400	21
SORBI_3003G292500	117.046
SORBI_3003G292600	19
SORBI_3003G292700	70
ENSRNA049445828	0
SORBI_3003G292800	0
SORBI_3003G292866	10
SORBI_3003G292932	3
SORBI_3003G293000	446
ENSRNA049445567	0
SORBI_3003G293100	0
SORBI_3003G293200	950.025
SORBI_3003G293300	513
SORBI_3003G293400	72
SORBI_3003G293450	0
SORBI_3003G293500	3
SORBI_3003G293550	0
SORBI_3003G293600	17
SORBI_3003G293700	7
SORBI_3003G293800	30
SORBI_3003G293900	327
SORBI_3003G294000	1
SORBI_3003G294100	239
SORBI_3003G294200	36
SORBI_3003G294300	216
SORBI_3003G294350	3.998
SORBI_3003G294400	179
SORBI_3003G294500	0
SORBI_3003G294550	0
SORBI_3003G294600	1131
SORBI_3003G294700	4
SORBI_3003G294800	0
SORBI_3003G294900	10
SORBI_3003G295000	8
SORBI_3003G295050	0
SORBI_3003G295100	0
SORBI_3003G295200	254
SORBI_3003G295300	0
SORBI_3003G295400	611
SORBI_3003G295500	19
SORBI_3003G295600	0
SORBI_3003G295700	63
SORBI_3003G295800	147.063
SORBI_3003G295900	415.584
SORBI_3003G296000	3806.024
SORBI_3003G296050	0
SORBI_3003G296100	3
SORBI_3003G296200	412
SORBI_3003G296250	0
SORBI_3003G296300	457
SORBI_3003G296400	79
SORBI_3003G296500	0
SORBI_3003G296600	135
SORBI_3003G296700	348
SORBI_3003G296800	77
SORBI_3003G296900	288
SORBI_3003G297000	0
SORBI_3003G297100	0
ENSRNA049445575	0
ENSRNA049445582	0
SORBI_3003G297200	55
SORBI_3003G297300	104
SORBI_3003G297400	159.746
SORBI_3003G297500	71
SORBI_3003G297600	10
SORBI_3003G297700	117
SORBI_3003G297800	802
SORBI_3003G297900	1336.234
SORBI_3003G298000	0
SORBI_3003G298100	95
SORBI_3003G298200	286
SORBI_3003G298300	15
SORBI_3003G298400	85
SORBI_3003G298500	9
SORBI_3003G298600	1458.001
SORBI_3003G298700	1
SORBI_3003G298800	52.001
SORBI_3003G298900	288
ENSRNA049484449	0
SORBI_3003G299000	609
SORBI_3003G299100	0
SORBI_3003G299200	28
SORBI_3003G299300	0
SORBI_3003G299400	0
SORBI_3003G299500	318
SORBI_3003G299700	1
SORBI_3003G299800	503
SORBI_3003G299901	4
SORBI_3003G300000	0
SORBI_3003G300100	0
SORBI_3003G300200	0
SORBI_3003G300250	0
SORBI_3003G300300	1716
SORBI_3003G300400	271
SORBI_3003G300500	1
SORBI_3003G300600	24
SORBI_3003G300701	1
SORBI_3003G300800	190
SORBI_3003G300900	224
SORBI_3003G301000	366
SORBI_3003G301050	0
SORBI_3003G301100	0
SORBI_3003G301200	14
SORBI_3003G301300	140
SORBI_3003G301400	177
SORBI_3003G301500	56
SORBI_3003G301600	0
SORBI_3003G301700	3
SORBI_3003G301800	369
SORBI_3003G301900	717.073
SORBI_3003G301950	0
SORBI_3003G302000	0
SORBI_3003G302100	551
SORBI_3003G302200	617.24
SORBI_3003G302300	9
SORBI_3003G302400	0
SORBI_3003G302466	0
SORBI_3003G302532	0
SORBI_3003G302600	0
SORBI_3003G302701	55.827
SORBI_3003G302800	977.026
SORBI_3003G302900	470.006
SORBI_3003G303000	12
SORBI_3003G303100	61
ENSRNA049445817	0
SORBI_3003G303200	8.001
SORBI_3003G303300	913
SORBI_3003G303400	0
SORBI_3003G303500	0
SORBI_3003G303600	2
SORBI_3003G303700	109
SORBI_3003G303800	78
SORBI_3003G303900	571.373
SORBI_3003G304000	0
SORBI_3003G304100	10
SORBI_3003G304200	157
SORBI_3003G304300	1
SORBI_3003G304400	318.074
SORBI_3003G304500	3
SORBI_3003G304600	0
SORBI_3003G304700	212
SORBI_3003G304800	87
SORBI_3003G304900	0
SORBI_3003G305000	1
SORBI_3003G305100	193
SORBI_3003G305200	413.413
SORBI_3003G305250	0
SORBI_3003G305300	1
SORBI_3003G305400	317
SORBI_3003G305500	0
SORBI_3003G305601	13
SORBI_3003G305700	2217.731
SORBI_3003G305800	0
SORBI_3003G305900	93
SORBI_3003G306000	0
SORBI_3003G306100	2453.589
SORBI_3003G306200	83
SORBI_3003G306300	84
SORBI_3003G306400	87
SORBI_3003G306500	42
SORBI_3003G306600	1426.397
SORBI_3003G306700	1362.514
SORBI_3003G306800	33
SORBI_3003G306900	42
SORBI_3003G307000	380
SORBI_3003G307100	20
SORBI_3003G307200	8
SORBI_3003G307300	3
SORBI_3003G307400	0
SORBI_3003G307500	0
SORBI_3003G307600	0
SORBI_3003G307700	0
SORBI_3003G307801	7.504
SORBI_3003G307900	160
SORBI_3003G308000	38
SORBI_3003G308100	16
SORBI_3003G308200	1512.955
SORBI_3003G308300	363
SORBI_3003G308400	593
SORBI_3003G308500	288
SORBI_3003G308700	1241
SORBI_3003G308800	115
SORBI_3003G308900	3
ENSRNA049445597	0
SORBI_3003G309050	170.246
SORBI_3003G309200	3106.935
SORBI_3003G309300	130
SORBI_3003G309400	13
SORBI_3003G309500	239
SORBI_3003G309600	0
SORBI_3003G309700	0
SORBI_3003G309900	409.243
SORBI_3003G310000	123
SORBI_3003G310100	56
SORBI_3003G310200	13
SORBI_3003G310300	106
SORBI_3003G310400	0
SORBI_3003G310500	14
SORBI_3003G310600	106
SORBI_3003G310700	369
SORBI_3003G310800	11
SORBI_3003G310900	1464.962
SORBI_3003G311000	23
SORBI_3003G311100	0
SORBI_3003G311150	15
SORBI_3003G311200	0
SORBI_3003G311250	2
SORBI_3003G311300	0
SORBI_3003G311400	67
SORBI_3003G311500	243
SORBI_3003G311600	88
SORBI_3003G311700	197
SORBI_3003G311800	60
SORBI_3003G311900	1411
SORBI_3003G312000	11
SORBI_3003G312100	873.251
SORBI_3003G312200	1983.999
SORBI_3003G312300	8
SORBI_3003G312400	598
SORBI_3003G312500	308
SORBI_3003G312550	24.356
ENSRNA049996518	0
SORBI_3003G312600	1
SORBI_3003G312700	577.64
SORBI_3003G312800	1
SORBI_3003G312900	2
SORBI_3003G313000	296.361
SORBI_3003G313100	475
SORBI_3003G313200	0
SORBI_3003G313300	957
SORBI_3003G313400	728.082
SORBI_3003G313500	1134
SORBI_3003G313600	0
SORBI_3003G313700	6
SORBI_3003G313800	324
SORBI_3003G313900	136
SORBI_3003G314000	30
SORBI_3003G314100	260
SORBI_3003G314200	113
SORBI_3003G314300	131
SORBI_3003G314400	30
SORBI_3003G314500	478
SORBI_3003G314533	19
SORBI_3003G314566	3
SORBI_3003G314600	0
SORBI_3003G314700	476
SORBI_3003G314800	511.099
SORBI_3003G314900	1
SORBI_3003G315000	17.001
SORBI_3003G315166	90
SORBI_3003G315332	133
SORBI_3003G315500	5
SORBI_3003G315600	17
SORBI_3003G315800	20
SORBI_3003G315700	221.025
SORBI_3003G315900	0
SORBI_3003G316000	2
SORBI_3003G316100	0
SORBI_3003G316200	614
SORBI_3003G316300	2932.976
SORBI_3003G316350	0
SORBI_3003G316400	26
SORBI_3003G316500	1880.907
SORBI_3003G316601	0
SORBI_3003G316700	1265.691
SORBI_3003G316850	406
SORBI_3003G317000	1
SORBI_3003G317100	98
SORBI_3003G317200	158
SORBI_3003G317300	14
SORBI_3003G317400	29
ENSRNA049445806	0
SORBI_3003G317500	1578.757
SORBI_3003G317600	0
SORBI_3003G317700	0
SORBI_3003G317800	171.005
SORBI_3003G317900	34
SORBI_3003G318001	2
SORBI_3003G318100	2
SORBI_3003G318200	0
SORBI_3003G318300	36
SORBI_3003G318350	5.237
SORBI_3003G318400	8.941
SORBI_3003G318500	2.432
SORBI_3003G318600	7.39
SORBI_3003G318650	0
SORBI_3003G318700	99
SORBI_3003G318800	9
SORBI_3003G318900	4
SORBI_3003G319000	443.975
SORBI_3003G319050	0
SORBI_3003G319100	115
SORBI_3003G319200	79
SORBI_3003G319300	123
SORBI_3003G319400	6
SORBI_3003G319500	336.016
SORBI_3003G319600	40
SORBI_3003G319700	768
SORBI_3003G319800	17
SORBI_3003G319850	689.147
SORBI_3003G319900	1
SORBI_3003G320000	0
SORBI_3003G320100	13
SORBI_3003G320200	29
SORBI_3003G320300	6
SORBI_3003G320400	0
SORBI_3003G320500	0
SORBI_3003G320600	29
SORBI_3003G320700	973.115
SORBI_3003G320800	567
SORBI_3003G320900	50
SORBI_3003G321000	52
SORBI_3003G321101	8
SORBI_3003G321200	105
SORBI_3003G321300	353
SORBI_3003G321400	0
SORBI_3003G321500	0
SORBI_3003G321600	28
SORBI_3003G321700	682
SORBI_3003G321800	1
SORBI_3003G321900	264
SORBI_3003G322000	0
SORBI_3003G322100	7
SORBI_3003G322200	288.001
ENSRNA049484442	0
SORBI_3003G322300	534.001
SORBI_3003G322400	1597
SORBI_3003G322466	5
SORBI_3003G322532	185
SORBI_3003G322600	0
SORBI_3003G322700	757.103
SORBI_3003G322800	1
SORBI_3003G322900	100
SORBI_3003G323000	0
SORBI_3003G323100	84
SORBI_3003G323201	951.773
SORBI_3003G323300	350
SORBI_3003G323400	0
SORBI_3003G323500	3001.241
SORBI_3003G323600	412.37
SORBI_3003G323700	135
SORBI_3003G323750	0
SORBI_3003G323800	0
SORBI_3003G323900	327.001
SORBI_3003G324000	165
SORBI_3003G324100	108
SORBI_3003G324200	1
SORBI_3003G324300	106
SORBI_3003G324400	698
SORBI_3003G324500	4
SORBI_3003G324600	72
SORBI_3003G324700	142
SORBI_3003G324800	0
SORBI_3003G324900	0
SORBI_3003G325000	70
SORBI_3003G325100	4
SORBI_3003G325200	112.958
SORBI_3003G325300	46
SORBI_3003G325400	46
SORBI_3003G325500	1136.23
SORBI_3003G325600	0
SORBI_3003G325700	794.887
SORBI_3003G325800	1
SORBI_3003G325900	61
SORBI_3003G326000	28
SORBI_3003G326100	0
SORBI_3003G326200	12
SORBI_3003G326300	0
SORBI_3003G326400	0
SORBI_3003G326500	161
SORBI_3003G326600	205
SORBI_3003G326700	0
SORBI_3003G326800	400.995
SORBI_3003G326900	231
SORBI_3003G327000	23.001
SORBI_3003G327100	1113.217
SORBI_3003G327200	337
SORBI_3003G327300	17
SORBI_3003G327400	0
SORBI_3003G327500	61.775
SORBI_3003G327600	561.238
SORBI_3003G327700	709
ENSRNA049484453	0
SORBI_3003G327800	232
SORBI_3003G327900	174
SORBI_3003G327950	0
SORBI_3003G328000	58
SORBI_3003G328100	107
SORBI_3003G328200	14
SORBI_3003G328300	81
SORBI_3003G328400	1
SORBI_3003G328500	7
SORBI_3003G328600	1191.957
SORBI_3003G328700	847.919
SORBI_3003G328800	2325.005
SORBI_3003G328900	96
SORBI_3003G329000	1484.978
SORBI_3003G329100	2
ENSRNA049484446	0
SORBI_3003G329200	268
SORBI_3003G329400	887.948
SORBI_3003G329300	1.053
SORBI_3003G329500	480
SORBI_3003G329600	0
SORBI_3003G329700	6
SORBI_3003G329800	1045.533
SORBI_3003G329900	109.001
SORBI_3003G330000	151
SORBI_3003G330100	123
SORBI_3003G330200	62
SORBI_3003G330300	21
SORBI_3003G330350	0
SORBI_3003G330400	0
SORBI_3003G330500	285.996
SORBI_3003G330650	24.97
SORBI_3003G330800	0
SORBI_3003G330900	233
SORBI_3003G331000	38
SORBI_3003G331100	66
SORBI_3003G331200	0
SORBI_3003G331300	133.014
SORBI_3003G331400	953
ENSRNA049996513	1
ENSRNA049484440	0
SORBI_3003G331500	38
SORBI_3003G331550	0
SORBI_3003G331600	262
SORBI_3003G331700	15
SORBI_3003G331750	1
SORBI_3003G331800	0
SORBI_3003G331900	0
SORBI_3003G332000	205
SORBI_3003G332100	84
SORBI_3003G332200	118
SORBI_3003G332300	0
SORBI_3003G332401	2127.313
SORBI_3003G332500	113
SORBI_3003G332700	289.001
SORBI_3003G332800	769.065
SORBI_3003G332900	174
SORBI_3003G333000	0
SORBI_3003G333100	49
SORBI_3003G333150	1
SORBI_3003G333200	67
SORBI_3003G333300	0
SORBI_3003G333400	1400.896
SORBI_3003G333501	23
SORBI_3003G333600	51
SORBI_3003G333700	121
SORBI_3003G333800	686
SORBI_3003G333900	217
SORBI_3003G334000	820
SORBI_3003G334100	295.01
SORBI_3003G334200	59
SORBI_3003G334300	69
SORBI_3003G334400	50
SORBI_3003G334500	5
SORBI_3003G334600	1016
SORBI_3003G334700	1482.315
SORBI_3003G334900	41
SORBI_3003G335000	103
SORBI_3003G335100	12
SORBI_3003G335200	0
SORBI_3003G335300	576
SORBI_3003G335400	26
SORBI_3003G335501	0
SORBI_3003G335601	0
SORBI_3003G335700	0
SORBI_3003G335800	0
SORBI_3003G335900	25
SORBI_3003G336000	4019.538
SORBI_3003G336100	3380.76
SORBI_3003G336200	100
SORBI_3003G336300	3
SORBI_3003G336400	31
SORBI_3003G336500	144
SORBI_3003G336550	0
SORBI_3003G336600	479.002
SORBI_3003G336700	886
SORBI_3003G336800	317
SORBI_3003G336900	36
SORBI_3003G337000	1862.009
SORBI_3003G337100	11
SORBI_3003G337200	11
SORBI_3003G337300	952
SORBI_3003G337400	13
SORBI_3003G337500	1
SORBI_3003G337600	0
SORBI_3003G337700	0
SORBI_3003G337800	275
SORBI_3003G337900	1405.633
SORBI_3003G338000	471.353
SORBI_3003G338100	372.274
SORBI_3003G338200	0
SORBI_3003G338250	0
SORBI_3003G338300	3
SORBI_3003G338400	388
SORBI_3003G338500	705
SORBI_3003G338600	0
SORBI_3003G338700	7
SORBI_3003G338801	1
SORBI_3003G338900	81
SORBI_3003G338966	469
SORBI_3003G339032	3.462
SORBI_3003G339100	251.174
SORBI_3003G339200	27
SORBI_3003G339300	1
SORBI_3003G339400	0
SORBI_3003G339500	202
SORBI_3003G339600	7
SORBI_3003G339700	869
SORBI_3003G339800	27
SORBI_3003G339900	295
SORBI_3003G340000	0
SORBI_3003G340100	6
ENSRNA049445792	0
SORBI_3003G340200	0
SORBI_3003G340300	104
SORBI_3003G340350	0
SORBI_3003G340400	0
SORBI_3003G340500	0
SORBI_3003G340600	396.145
SORBI_3003G340700	471.206
SORBI_3003G340800	171
SORBI_3003G340900	378.383
SORBI_3003G341000	313.597
SORBI_3003G341100	1077
SORBI_3003G341200	73
SORBI_3003G341300	444.125
SORBI_3003G341400	422
SORBI_3003G341500	6
SORBI_3003G341600	83
SORBI_3003G341700	53
SORBI_3003G341800	23.031
SORBI_3003G341900	0
SORBI_3003G342000	0
SORBI_3003G342100	599
SORBI_3003G342200	61
SORBI_3003G342300	8.781
SORBI_3003G342500	57.999
SORBI_3003G342600	191
SORBI_3003G342700	30
SORBI_3003G342800	24
SORBI_3003G342900	8
SORBI_3003G343000	0
SORBI_3003G343100	0
SORBI_3003G343200	27
SORBI_3003G343300	0
SORBI_3003G343400	657.994
SORBI_3003G343500	351
SORBI_3003G343600	112
SORBI_3003G343700	90
SORBI_3003G343900	99
SORBI_3003G344050	0
SORBI_3003G344200	552
SORBI_3003G344300	0
SORBI_3003G344400	0
SORBI_3003G344501	0
SORBI_3003G344600	280
SORBI_3003G344700	0
SORBI_3003G344800	72
SORBI_3003G344900	211
SORBI_3003G344950	1.906
SORBI_3003G345000	468.295
SORBI_3003G345100	184
SORBI_3003G345200	256
SORBI_3003G345300	28
SORBI_3003G345400	331
SORBI_3003G345500	243
SORBI_3003G345600	11
SORBI_3003G345700	101
SORBI_3003G345900	108
SORBI_3003G346000	519.119
SORBI_3003G346100	29
SORBI_3003G346200	56
SORBI_3003G346400	1145
SORBI_3003G346500	306
SORBI_3003G346600	1236
SORBI_3003G346700	545
SORBI_3003G346800	0
SORBI_3003G346901	48
SORBI_3003G347000	144.572
SORBI_3003G347100	0
SORBI_3003G347200	165.969
SORBI_3003G347300	845
SORBI_3003G347400	0
ENSRNA049445789	0
SORBI_3003G347440	0
SORBI_3003G347480	0
SORBI_3003G347520	509
SORBI_3003G347560	71.4
SORBI_3003G347680	3
SORBI_3003G347800	30
SORBI_3003G347900	73.254
SORBI_3003G348000	434
SORBI_3003G348100	1
SORBI_3003G348200	790
SORBI_3003G348300	1
SORBI_3003G348400	281
SORBI_3003G348500	0
SORBI_3003G348600	1
SORBI_3003G348700	20
SORBI_3003G348800	542
SORBI_3003G348900	1
SORBI_3003G349000	138.994
SORBI_3003G349100	37
SORBI_3003G349200	3571.805
SORBI_3003G349300	1387.213
SORBI_3003G349400	3
SORBI_3003G349600	27
SORBI_3003G349700	1
SORBI_3003G349800	1
SORBI_3003G349900	16
SORBI_3003G350000	12
SORBI_3003G350100	15
SORBI_3003G350200	48
SORBI_3003G350300	1875.897
SORBI_3003G350400	2
SORBI_3003G350500	0
SORBI_3003G350600	355
SORBI_3003G350700	3604.163
SORBI_3003G350800	971
SORBI_3003G350850	0
SORBI_3003G350900	1
SORBI_3003G351000	119
SORBI_3003G351100	0
SORBI_3003G351300	24.557
SORBI_3003G351150	1.32
SORBI_3003G351200	0
SORBI_3003G351401	216
SORBI_3003G351501	5.396
SORBI_3003G351600	7
SORBI_3003G351701	184
SORBI_3003G351800	0
SORBI_3003G351900	37
SORBI_3003G352000	171.125
ENSRNA049445621	0
SORBI_3003G352100	2
SORBI_3003G352200	155
SORBI_3003G352300	67
SORBI_3003G352400	952
SORBI_3003G352500	326.011
SORBI_3003G352600	683
SORBI_3003G352700	3
SORBI_3003G352750	0
SORBI_3003G352800	1
SORBI_3003G352900	79
SORBI_3003G353000	0
SORBI_3003G353050	0
SORBI_3003G353100	1
SORBI_3003G353200	0
SORBI_3003G353300	1
SORBI_3003G353400	461
SORBI_3003G353500	168
ENSRNA049445628	0
SORBI_3003G353600	941
SORBI_3003G353700	382.001
SORBI_3003G353800	505
SORBI_3003G353900	0
SORBI_3003G354000	98
SORBI_3003G354050	1
SORBI_3003G354100	509
SORBI_3003G354166	0
SORBI_3003G354232	41
ENSRNA049484447	0
SORBI_3003G354300	28
SORBI_3003G354400	666.495
SORBI_3003G354500	88
SORBI_3003G354600	414
SORBI_3003G354700	6
SORBI_3003G354800	0
SORBI_3003G354850	0
SORBI_3003G354900	269
SORBI_3003G355000	735.368
SORBI_3003G355100	206.97
SORBI_3003G355200	563.013
SORBI_3003G355300	4
SORBI_3003G355400	124
SORBI_3003G355500	300
SORBI_3003G355600	143
SORBI_3003G355700	0
SORBI_3003G355800	675
SORBI_3003G355900	361
ENSRNA049445782	0
SORBI_3003G356000	762
SORBI_3003G356100	23
SORBI_3003G356200	810
SORBI_3003G356300	242.199
SORBI_3003G356400	9
SORBI_3003G356500	0
SORBI_3003G356600	3
SORBI_3003G356700	36
SORBI_3003G356800	23
SORBI_3003G356850	0
SORBI_3003G356900	350
SORBI_3003G357000	1
SORBI_3003G357100	378
SORBI_3003G357166	33
SORBI_3003G357232	84
SORBI_3003G357300	42
SORBI_3003G357400	4
SORBI_3003G357500	18.016
SORBI_3003G357600	58
SORBI_3003G357700	9
SORBI_3003G357800	75
SORBI_3003G357900	13
SORBI_3003G358000	42.093
SORBI_3003G358100	626.435
SORBI_3003G358150	0
SORBI_3003G358200	56
SORBI_3003G358300	193
SORBI_3003G358400	25.013
SORBI_3003G358500	0
SORBI_3003G358600	458.987
SORBI_3003G358800	49.999
SORBI_3003G358900	208.001
SORBI_3003G359000	1
SORBI_3003G359100	406.217
SORBI_3003G359200	0
SORBI_3003G359300	88
SORBI_3003G359350	0
SORBI_3003G359400	17
SORBI_3003G359500	159
SORBI_3003G359600	1163
SORBI_3003G359800	426.111
SORBI_3003G359900	484.148
SORBI_3003G360000	368
SORBI_3003G360100	13
SORBI_3003G360200	0
SORBI_3003G360300	98.954
SORBI_3003G360400	1065
SORBI_3003G360500	0
SORBI_3003G360600	1
SORBI_3003G360700	0
SORBI_3003G360800	478.009
SORBI_3003G360900	2
SORBI_3003G361000	7
SORBI_3003G361100	4791.685
SORBI_3003G361150	0
SORBI_3003G361200	2
SORBI_3003G361300	842.001
SORBI_3003G361400	521.467
SORBI_3003G361500	837.997
SORBI_3003G361600	37
SORBI_3003G361700	399.042
SORBI_3003G361800	2012.071
SORBI_3003G361900	85
SORBI_3003G362000	158
SORBI_3003G362100	64.007
SORBI_3003G362200	214
SORBI_3003G362300	310
SORBI_3003G362400	206
SORBI_3003G362500	82
SORBI_3003G362600	698
SORBI_3003G362700	124
SORBI_3003G362800	17.069
SORBI_3003G362900	148.931
SORBI_3003G363000	57
SORBI_3003G363100	417
SORBI_3003G363200	85
SORBI_3003G363300	0
SORBI_3003G363400	5.041
SORBI_3003G363500	199
SORBI_3003G363600	69
SORBI_3003G363700	184
SORBI_3003G363800	697
SORBI_3003G363900	7
SORBI_3003G364000	50.282
SORBI_3003G364100	29.771
SORBI_3003G364200	63
SORBI_3003G364300	318
SORBI_3003G364400	5
SORBI_3003G364500	230
SORBI_3003G364550	0
SORBI_3003G364600	1802
SORBI_3003G364700	3
SORBI_3003G364800	26
SORBI_3003G364900	27
SORBI_3003G364950	0
SORBI_3003G365000	113
SORBI_3003G365100	81
SORBI_3003G365200	17
SORBI_3003G365300	722.924
SORBI_3003G365400	86
SORBI_3003G365450	1
SORBI_3003G365500	151
SORBI_3003G365600	569
SORBI_3003G365700	210
SORBI_3003G365800	0
SORBI_3003G365900	0
SORBI_3003G366000	0
SORBI_3003G366100	6.034
SORBI_3003G366200	12
SORBI_3003G366300	145
SORBI_3003G366400	334
SORBI_3003G366500	388.156
SORBI_3003G366600	10
SORBI_3003G366700	8
SORBI_3003G366850	27
SORBI_3003G367000	11
SORBI_3003G367100	0
SORBI_3003G367200	44
SORBI_3003G367300	5390.647
SORBI_3003G367350	5
SORBI_3003G367401	0
SORBI_3003G367451	524.442
SORBI_3003G367500	1270.997
SORBI_3003G367650	100.86
SORBI_3003G367800	178
SORBI_3003G367900	214
SORBI_3003G368000	504
SORBI_3003G368100	2
SORBI_3003G368150	0
SORBI_3003G368200	146
SORBI_3003G368300	346
SORBI_3003G368400	464.338
SORBI_3003G368450	0
SORBI_3003G368500	313.099
SORBI_3003G368550	0
SORBI_3003G368600	10
SORBI_3003G368700	198.131
SORBI_3003G368800	387
SORBI_3003G368901	129
SORBI_3003G369000	0
SORBI_3003G369033	0
SORBI_3003G369066	0
SORBI_3003G369100	9
SORBI_3003G369200	177
SORBI_3003G369300	0
SORBI_3003G369400	646
SORBI_3003G369500	446.253
SORBI_3003G369533	0
SORBI_3003G369566	0
SORBI_3003G369600	119
SORBI_3003G369700	412
SORBI_3003G369800	0
SORBI_3003G369900	120.435
SORBI_3003G370000	721
SORBI_3003G370100	467
SORBI_3003G370200	297
SORBI_3003G370300	14
SORBI_3003G370400	49
SORBI_3003G370500	115
SORBI_3003G370600	5
SORBI_3003G370700	800
SORBI_3003G370800	0
SORBI_3003G370900	137
SORBI_3003G371000	158
SORBI_3003G371100	3
SORBI_3003G371250	44
SORBI_3003G371400	20
SORBI_3003G371600	13
SORBI_3003G371750	25
SORBI_3003G371900	1
SORBI_3003G372000	163.923
SORBI_3003G372100	152.125
SORBI_3003G372200	330.376
SORBI_3003G372400	261.624
SORBI_3003G372500	308
SORBI_3003G372600	0
ENSRNA049484445	0
SORBI_3003G372700	416
SORBI_3003G372750	0
SORBI_3003G372800	2833
SORBI_3003G372850	0
SORBI_3003G372900	409
SORBI_3003G372950	0
SORBI_3003G373000	194.97
SORBI_3003G373050	0
SORBI_3003G373100	10393.228
SORBI_3003G373150	25
SORBI_3003G373200	0
SORBI_3003G373300	130
SORBI_3003G373500	2795
SORBI_3003G373600	845
SORBI_3003G373700	3
SORBI_3003G373800	32
SORBI_3003G373900	0
SORBI_3003G374000	242.132
SORBI_3003G374100	35
SORBI_3003G374150	154.653
SORBI_3003G374200	113
SORBI_3003G374300	0
SORBI_3003G374400	2
SORBI_3003G374500	42
ENSRNA049484443	0
SORBI_3003G374600	129
SORBI_3003G374700	1181.017
SORBI_3003G374850	134
SORBI_3003G375000	1763.452
SORBI_3003G375100	71
SORBI_3003G375200	642.963
SORBI_3003G375300	0
SORBI_3003G375400	0
SORBI_3003G375500	153.379
SORBI_3003G375600	10
SORBI_3003G375700	0
SORBI_3003G375800	35
SORBI_3003G375900	74.001
SORBI_3003G376000	34
ENSRNA049445760	0
SORBI_3003G376100	330
SORBI_3003G376200	24
SORBI_3003G376300	0
SORBI_3003G376400	100
SORBI_3003G376500	76
SORBI_3003G376600	0
SORBI_3003G376700	15218.46
SORBI_3003G376800	150
SORBI_3003G376900	13
SORBI_3003G377000	124
SORBI_3003G377100	9
SORBI_3003G377200	29
SORBI_3003G377300	0
SORBI_3003G377400	0
SORBI_3003G377500	18
SORBI_3003G377600	18
SORBI_3003G377650	0
SORBI_3003G377700	886.384
SORBI_3003G377800	278
SORBI_3003G377900	802.999
SORBI_3003G378000	806.959
SORBI_3003G378050	0
SORBI_3003G378100	74
SORBI_3003G378201	3
SORBI_3003G378301	0
ENSRNA049484450	0
SORBI_3003G378400	257
SORBI_3003G378500	4
SORBI_3003G378600	51
SORBI_3003G378700	2
SORBI_3003G378800	9
SORBI_3003G378900	2
SORBI_3003G379000	6
SORBI_3003G379100	0
SORBI_3003G379200	696
SORBI_3003G379301	10
SORBI_3003G379400	110.123
SORBI_3003G379450	0
SORBI_3003G379500	8.001
SORBI_3003G379600	4595.665
SORBI_3003G379700	659
SORBI_3003G379800	250
SORBI_3003G379900	2
ENSRNA049445747	0
SORBI_3003G380000	234
SORBI_3003G380100	5
SORBI_3003G380200	124.418
SORBI_3003G380300	18
SORBI_3003G380400	437
SORBI_3003G380500	595
SORBI_3003G380600	187
SORBI_3003G380700	0
SORBI_3003G380800	10
SORBI_3003G380900	87
SORBI_3003G381000	198
ENSRNA049445739	0
SORBI_3003G381100	0
SORBI_3003G381200	1922
SORBI_3003G381300	138
SORBI_3003G381400	28
SORBI_3003G381500	12
SORBI_3003G381600	217
SORBI_3003G381700	9553.719
SORBI_3003G381800	98
SORBI_3003G381900	136
SORBI_3003G382000	97
SORBI_3003G382100	180
SORBI_3003G382200	0
SORBI_3003G382300	29
SORBI_3003G382350	3
SORBI_3003G382400	16
SORBI_3003G382500	258.002
SORBI_3003G382600	96
SORBI_3003G382700	0
SORBI_3003G382800	254
SORBI_3003G382900	1052.003
SORBI_3003G383000	0
SORBI_3003G383100	3
SORBI_3003G383200	13
SORBI_3003G383300	668
SORBI_3003G383400	0
SORBI_3003G383500	51
SORBI_3003G383600	19
ENSRNA049445726	0
SORBI_3003G383700	0
SORBI_3003G383800	4
SORBI_3003G383900	62
SORBI_3003G384100	3
SORBI_3003G384200	3
SORBI_3003G384300	378
SORBI_3003G384400	0
SORBI_3003G384500	0
SORBI_3003G384600	0
SORBI_3003G384650	1
SORBI_3003G384700	76
SORBI_3003G384750	0
SORBI_3003G384800	62
SORBI_3003G384900	16
SORBI_3003G385000	4610.526
SORBI_3003G385100	628.001
SORBI_3003G385201	0
SORBI_3003G385300	135.049
SORBI_3003G385401	359
SORBI_3003G385500	786.222
SORBI_3003G385600	0
SORBI_3003G385700	1
SORBI_3003G385800	0
SORBI_3003G385900	27.832
SORBI_3003G386000	911.666
SORBI_3003G386100	232
SORBI_3003G386200	15
SORBI_3003G386300	13
SORBI_3003G386350	0
SORBI_3003G386400	0
SORBI_3003G386500	5
SORBI_3003G386600	373
SORBI_3003G386700	46
SORBI_3003G386800	0
SORBI_3003G386900	0
SORBI_3003G387000	0
SORBI_3003G387100	564.947
SORBI_3003G387200	31
SORBI_3003G387300	13
SORBI_3003G387400	4
SORBI_3003G387500	8
SORBI_3003G387600	17
SORBI_3003G387700	0
SORBI_3003G387800	259.304
SORBI_3003G387900	4960.989
SORBI_3003G388000	112
SORBI_3003G388100	197
SORBI_3003G388150	19
SORBI_3003G388201	0
SORBI_3003G388251	340.207
SORBI_3003G388300	0
SORBI_3003G388400	1
SORBI_3003G388500	72
SORBI_3003G388601	0
SORBI_3003G388700	364
SORBI_3003G388800	0
SORBI_3003G388900	152
SORBI_3003G389000	1366
SORBI_3003G389100	907
SORBI_3003G389150	0
SORBI_3003G389200	1081.05
SORBI_3003G389300	905
SORBI_3003G389400	8
SORBI_3003G389500	5
SORBI_3003G389601	0
SORBI_3003G389700	190
SORBI_3003G389800	24
SORBI_3003G389900	0
SORBI_3003G390000	6
SORBI_3003G390100	480
SORBI_3003G390300	0
SORBI_3003G390400	893.548
SORBI_3003G390500	0
SORBI_3003G390600	7
SORBI_3003G390700	1349
SORBI_3003G390800	193
SORBI_3003G390900	0
SORBI_3003G391000	1
SORBI_3003G391100	517
SORBI_3003G391200	142
SORBI_3003G391300	73
SORBI_3003G391400	334
SORBI_3003G391500	57.998
ENSRNA049445643	0
SORBI_3003G391600	32
SORBI_3003G391700	0
SORBI_3003G391800	0
SORBI_3003G391900	206.001
SORBI_3003G392000	72.001
SORBI_3003G392100	123
SORBI_3003G392200	438
SORBI_3003G392275	0
SORBI_3003G392350	0
SORBI_3003G392425	0
SORBI_3003G392500	0
SORBI_3003G392550	118
SORBI_3003G392600	282
SORBI_3003G392700	45
SORBI_3003G392800	3
SORBI_3003G392900	221.999
SORBI_3003G393001	10
SORBI_3003G393100	100
SORBI_3003G393200	74
SORBI_3003G393300	206
SORBI_3003G393400	29
SORBI_3003G393500	453
SORBI_3003G393600	0
SORBI_3003G393700	69
SORBI_3003G393800	53
SORBI_3003G393900	7412.24
SORBI_3003G394000	1
SORBI_3003G394100	177
SORBI_3003G394150	0
SORBI_3003G394200	680
SORBI_3003G394300	248.24
SORBI_3003G394400	126
SORBI_3003G394500	314
SORBI_3003G394600	137
SORBI_3003G394701	0
SORBI_3003G394801	0
SORBI_3003G394900	19
SORBI_3003G395000	0
SORBI_3003G395100	336
SORBI_3003G395150	0
SORBI_3003G395200	0
SORBI_3003G395300	156.999
SORBI_3003G395400	184.777
SORBI_3003G395450	12.263
SORBI_3003G395500	195
SORBI_3003G395600	708.239
SORBI_3003G395700	17
SORBI_3003G395800	2
SORBI_3003G395900	176
SORBI_3003G396000	2719.003
SORBI_3003G396050	1
SORBI_3003G396100	79
SORBI_3003G396200	121
SORBI_3003G396300	24
SORBI_3003G396400	0
SORBI_3003G396500	0
SORBI_3003G396600	415.599
SORBI_3003G396700	499
SORBI_3003G396800	211.104
SORBI_3003G396900	19
SORBI_3003G397000	0
SORBI_3003G397100	255
SORBI_3003G397200	74
SORBI_3003G397300	384
SORBI_3003G397400	25
SORBI_3003G397500	393
SORBI_3003G397600	337
SORBI_3003G397700	110
SORBI_3003G397800	2262.969
SORBI_3003G397900	1401.324
SORBI_3003G398100	325
SORBI_3003G398200	0
SORBI_3003G398300	60
SORBI_3003G398400	627
SORBI_3003G398500	106
SORBI_3003G398600	0
SORBI_3003G398700	201
SORBI_3003G398800	264
SORBI_3003G398900	6
SORBI_3003G399000	144
SORBI_3003G399101	0
SORBI_3003G399200	0
SORBI_3003G399266	3.02
SORBI_3003G399100	37.906
SORBI_3003G399166	0
SORBI_3003G399400	0
SORBI_3003G399500	1
SORBI_3003G399600	4
SORBI_3003G399700	0
SORBI_3003G399800	0
SORBI_3003G399900	23.798
ENSRNA049484836	0
SORBI_3003G400000	0
SORBI_3003G400100	141
SORBI_3003G400200	5
SORBI_3003G400266	0
SORBI_3003G400332	0
SORBI_3003G400400	0
SORBI_3003G400600	266
SORBI_3003G400700	0
SORBI_3003G400800	470.283
SORBI_3003G400900	4
SORBI_3003G401000	818.372
SORBI_3003G401100	174
SORBI_3003G401200	809
ENSRNA049484834	0
SORBI_3003G401300	0
SORBI_3003G401400	1544.993
SORBI_3003G401600	1684.617
SORBI_3003G401500	3
SORBI_3003G401700	0
SORBI_3003G401800	17
SORBI_3003G401900	9
SORBI_3003G402000	902.665
SORBI_3003G402100	0
SORBI_3003G402200	9
SORBI_3003G402300	9
SORBI_3003G402400	0
SORBI_3003G402500	89
SORBI_3003G402550	0
SORBI_3003G402600	3329.969
SORBI_3003G402700	0
SORBI_3003G402800	132
SORBI_3003G402900	561.347
SORBI_3003G403000	1
SORBI_3003G403300	1927.021
SORBI_3003G403400	893
SORBI_3003G403500	448.297
SORBI_3003G403600	0
SORBI_3003G403700	3231.203
SORBI_3003G403800	22
SORBI_3003G403900	0
SORBI_3003G404000	3683.949
SORBI_3003G404050	0
SORBI_3003G404100	232
SORBI_3003G404200	818.996
SORBI_3003G404300	201
SORBI_3003G404400	119
SORBI_3003G404500	1297
SORBI_3003G404600	20
SORBI_3003G404700	0
SORBI_3003G404800	2
SORBI_3003G404900	8
SORBI_3003G405000	8.983
SORBI_3003G405101	0
SORBI_3003G405200	2
SORBI_3003G405300	1
SORBI_3003G405400	1
SORBI_3003G405500	559
SORBI_3003G405600	29
SORBI_3003G405700	247
SORBI_3003G405800	0
SORBI_3003G405900	1213.29
SORBI_3003G406000	81
SORBI_3003G406060	0
SORBI_3003G406120	1
SORBI_3003G406180	0
SORBI_3003G406240	0
SORBI_3003G406300	83
SORBI_3003G406400	56
SORBI_3003G406500	0
SORBI_3003G406600	129
SORBI_3003G406700	66
SORBI_3003G406800	509
SORBI_3003G406850	0
SORBI_3003G406900	2
SORBI_3003G407001	2
SORBI_3003G407100	643.065
SORBI_3003G407200	624.306
SORBI_3003G407300	636
SORBI_3003G407400	7
SORBI_3003G407500	6
SORBI_3003G407600	394
SORBI_3003G407700	2
SORBI_3003G407800	1042.421
SORBI_3003G407900	1309.71
SORBI_3003G407950	1
SORBI_3003G408000	161
SORBI_3003G408100	2379.369
SORBI_3003G408200	0
SORBI_3003G408300	703
SORBI_3003G408400	42
SORBI_3003G408500	343.114
SORBI_3003G408600	662.983
SORBI_3003G408700	0
SORBI_3003G408800	1044
SORBI_3003G408900	0
SORBI_3003G409000	0
SORBI_3003G409100	0
SORBI_3003G409150	3.04
SORBI_3003G409200	252.96
SORBI_3003G409300	147.062
SORBI_3003G409400	92
SORBI_3003G409500	11
SORBI_3003G409600	59
SORBI_3003G409700	68
SORBI_3003G409800	540
SORBI_3003G409850	0
SORBI_3003G409900	219.759
SORBI_3003G410000	2
SORBI_3003G410100	514
SORBI_3003G410200	115
SORBI_3003G410300	0
SORBI_3003G410400	517
SORBI_3003G410500	3295.38
SORBI_3003G410600	165
ENSRNA049445717	0
SORBI_3003G410700	1942.005
SORBI_3003G410800	1055.009
SORBI_3003G410900	641.368
SORBI_3003G411000	582
SORBI_3003G411100	0
SORBI_3003G411150	0
SORBI_3003G411200	4
SORBI_3003G411300	54
SORBI_3003G411400	274.005
SORBI_3003G411500	0
SORBI_3003G411600	33
SORBI_3003G411700	4
SORBI_3003G411800	7
SORBI_3003G411900	12528.184
SORBI_3003G412000	184
SORBI_3003G412100	218
SORBI_3003G412200	2
SORBI_3003G412300	611
SORBI_3003G412400	290.908
SORBI_3003G412600	17
SORBI_3003G412500	1
SORBI_3003G412700	1136.663
SORBI_3003G412800	36
SORBI_3003G412900	76
SORBI_3003G413000	8
ENSRNA049445711	0
SORBI_3003G413100	56
SORBI_3003G413201	0
SORBI_3003G413300	0
SORBI_3003G413400	0
ENSRNA049445659	0
SORBI_3003G413500	3252
SORBI_3003G413550	0
SORBI_3003G413600	10
SORBI_3003G413700	10
SORBI_3003G413800	69
SORBI_3003G413900	0
SORBI_3003G414000	0
SORBI_3003G414100	0
SORBI_3003G414200	0
SORBI_3003G414300	562
SORBI_3003G414400	0
SORBI_3003G414500	244
SORBI_3003G414600	153
SORBI_3003G414700	0
SORBI_3003G414800	7
SORBI_3003G414900	1
SORBI_3003G415000	0
SORBI_3003G415100	292
SORBI_3003G415200	0
SORBI_3003G415300	0
SORBI_3003G415400	0
SORBI_3003G415500	6
SORBI_3003G415600	83
SORBI_3003G415700	0
SORBI_3003G415800	0
SORBI_3003G415900	401
SORBI_3003G416000	0
SORBI_3003G416100	93.001
SORBI_3003G416200	0
SORBI_3003G416300	1105
SORBI_3003G416400	249
SORBI_3003G416500	3080
SORBI_3003G416600	919.029
SORBI_3003G416700	454
SORBI_3003G416800	1962.96
SORBI_3003G416900	37.04
SORBI_3003G417000	72
SORBI_3003G417100	3
SORBI_3003G417200	3
SORBI_3003G417350	306
SORBI_3003G417500	18
ENSRNA049484842	0
ENSRNA049484841	0
ENSRNA049484853	0
ENSRNA049484850	0
SORBI_3003G417600	0
SORBI_3003G417700	0
SORBI_3003G417800	62
SORBI_3003G417900	192
SORBI_3003G418000	6
SORBI_3003G418100	836.025
SORBI_3003G418200	749.993
SORBI_3003G418300	0
SORBI_3003G418400	7
SORBI_3003G418500	6
SORBI_3003G418600	0
SORBI_3003G418700	179
SORBI_3003G418733	0
SORBI_3003G418766	84
SORBI_3003G418800	0
SORBI_3003G418900	1
SORBI_3003G419100	940.631
SORBI_3003G419000	0
SORBI_3003G419200	0
SORBI_3003G419300	2
SORBI_3003G419400	0
SORBI_3003G419500	2
SORBI_3003G419600	0
SORBI_3003G419700	0
SORBI_3003G419800	30
SORBI_3003G419900	237
SORBI_3003G420000	27
SORBI_3003G420100	103
SORBI_3003G420201	20
SORBI_3003G420300	48
SORBI_3003G420400	26
SORBI_3003G420500	0
SORBI_3003G420600	18
SORBI_3003G420700	51
SORBI_3003G420800	26
SORBI_3003G420900	284
SORBI_3003G421000	17
SORBI_3003G421100	261
SORBI_3003G421201	752
SORBI_3003G421300	155.681
SORBI_3003G421400	161
SORBI_3003G421500	0
SORBI_3003G421700	51
SORBI_3003G421600	0
SORBI_3003G421800	29
SORBI_3003G421900	1
SORBI_3003G422000	0
SORBI_3003G422100	0
SORBI_3003G422200	40
SORBI_3003G422300	282.001
SORBI_3003G422400	20
SORBI_3003G422500	953.713
SORBI_3003G422600	12
SORBI_3003G422700	209
SORBI_3003G422800	243
SORBI_3003G422900	645.042
SORBI_3003G423000	2
SORBI_3003G423100	4
SORBI_3003G423200	6
SORBI_3003G423300	16.418
SORBI_3003G423400	0
SORBI_3003G423500	44
SORBI_3003G423600	82
SORBI_3003G423700	1
SORBI_3003G423800	12
SORBI_3003G423900	191
SORBI_3003G424000	1
SORBI_3003G424100	14.947
SORBI_3003G424200	952
SORBI_3003G424300	212
SORBI_3003G424400	536.002
SORBI_3003G424500	5138
SORBI_3003G424600	2
SORBI_3003G424800	446
SORBI_3003G424950	137
SORBI_3003G425100	133
SORBI_3003G425200	828
SORBI_3003G425300	295
SORBI_3003G425500	1675.912
SORBI_3003G425600	11
SORBI_3003G425701	0
SORBI_3003G425800	0
SORBI_3003G425850	60
SORBI_3003G425900	3
SORBI_3003G426000	42
SORBI_3003G426100	1
SORBI_3003G426200	0
SORBI_3003G426300	82
SORBI_3003G426400	213
SORBI_3003G426500	101
SORBI_3003G426600	1
SORBI_3003G426700	3
SORBI_3003G426750	0
SORBI_3003G426800	618.998
SORBI_3003G426900	90.638
SORBI_3003G427000	12
SORBI_3003G427100	541.093
SORBI_3003G427200	324
SORBI_3003G427300	117.863
SORBI_3003G427400	146
SORBI_3003G427500	10.002
SORBI_3003G427550	0
SORBI_3003G427600	2595.742
SORBI_3003G427700	0
SORBI_3003G427800	1
SORBI_3003G427900	0
SORBI_3003G428000	179
SORBI_3003G428100	505
SORBI_3003G428200	568.364
SORBI_3003G428300	88
SORBI_3003G428400	1135.33
SORBI_3003G428500	0
SORBI_3003G428600	63
SORBI_3003G428700	534
SORBI_3003G428800	82
SORBI_3003G428900	105
SORBI_3003G429000	291
SORBI_3003G429101	0
SORBI_3003G429200	93
SORBI_3003G429300	48
SORBI_3003G429401	0
SORBI_3003G429500	0
SORBI_3003G429600	0
SORBI_3003G429650	232
SORBI_3003G429700	707.585
SORBI_3003G429800	468
SORBI_3003G429900	48
SORBI_3003G430000	0
SORBI_3003G430100	2
SORBI_3003G430400	414.009
SORBI_3003G430500	1
SORBI_3003G430600	2
SORBI_3003G430700	0
SORBI_3003G430800	0
SORBI_3003G430900	191
SORBI_3003G430950	0
SORBI_3003G431000	7
SORBI_3003G431100	39
SORBI_3003G431200	32
SORBI_3003G431301	0
SORBI_3003G431400	14
SORBI_3003G431600	147
SORBI_3003G431700	1132
SORBI_3003G431800	0
SORBI_3003G431900	5
SORBI_3003G432000	0
SORBI_3003G432100	387
SORBI_3003G432200	72
SORBI_3003G432300	612.636
SORBI_3003G432400	5
SORBI_3003G432500	252
SORBI_3003G432600	8
SORBI_3003G432700	101
SORBI_3003G432800	82
SORBI_3003G432900	312
SORBI_3003G433000	0
SORBI_3003G433100	374
SORBI_3003G433200	196
SORBI_3003G433300	283
SORBI_3003G433400	268
SORBI_3003G433500	868
SORBI_3003G433600	28
SORBI_3003G433750	1951.761
SORBI_3003G433900	175
SORBI_3003G434000	82
ENSRNA049445707	0
SORBI_3003G434100	0
SORBI_3003G434200	149
SORBI_3003G434300	0
SORBI_3003G434500	0
SORBI_3003G434600	20
SORBI_3003G434700	396
SORBI_3003G434800	57
SORBI_3003G434900	544.998
SORBI_3003G435000	18
SORBI_3003G435100	94
SORBI_3003G435200	429.998
SORBI_3003G435300	21
SORBI_3003G435400	3
SORBI_3003G435500	1622.257
SORBI_3003G435600	26
SORBI_3003G435700	63.999
SORBI_3003G435800	236.466
SORBI_3003G435900	0
SORBI_3003G436000	0
SORBI_3003G436200	22
SORBI_3003G436100	0
SORBI_3003G436300	221
SORBI_3003G436400	0
SORBI_3003G436500	259
SORBI_3003G436600	308
SORBI_3003G436700	594
SORBI_3003G436750	0
SORBI_3003G436800	24.853
SORBI_3003G436900	4
SORBI_3003G437001	0
SORBI_3003G437100	2
SORBI_3003G437200	29
SORBI_3003G437300	0
SORBI_3003G437400	0
SORBI_3003G437500	154
SORBI_3003G437600	170
SORBI_3003G437800	1151
SORBI_3003G437900	0
SORBI_3003G438000	0
SORBI_3003G438100	0
SORBI_3003G438200	44
SORBI_3003G438300	0
SORBI_3003G438400	203
SORBI_3003G438500	0
SORBI_3003G438600	2
SORBI_3003G438700	0
SORBI_3003G438800	0
SORBI_3003G438900	259
SORBI_3003G439000	10
SORBI_3003G439100	34.97
SORBI_3003G439200	2
SORBI_3003G439400	87
SORBI_3003G439501	250
SORBI_3003G439600	201
SORBI_3003G439700	6
SORBI_3003G439800	148
SORBI_3003G439900	94
SORBI_3003G440001	0
SORBI_3003G440100	0
SORBI_3003G440200	0
SORBI_3003G440300	224
SORBI_3003G440400	1900.043
SORBI_3003G440500	2
SORBI_3003G440600	156
SORBI_3003G440700	368
SORBI_3003G440800	160
ENSRNA049445666	0
SORBI_3003G440900	235
SORBI_3003G441000	0
SORBI_3003G441100	0
SORBI_3003G441200	99
SORBI_3003G441301	2
SORBI_3003G441400	0
ENSRNA049484839	0
SORBI_3003G441500	0
SORBI_3003G441601	0
SORBI_3003G441700	2
SORBI_3003G441800	1
SORBI_3003G441900	124
SORBI_3003G442000	52
SORBI_3003G442100	39
ENSRNA049445675	0
SORBI_3003G442200	84
SORBI_3003G442300	101
SORBI_3003G442400	274.073
SORBI_3003G442500	24
SORBI_3003G442601	35
SORBI_3003G442700	53
SORBI_3003G442900	577
SORBI_3003G442800	80
SORBI_3003G443000	213.897
SORBI_3003G443100	593
SORBI_3003G443200	0
SORBI_3003G443300	1499
SORBI_3003G443400	49
SORBI_3003G443500	37
SORBI_3003G443601	1
SORBI_3003G443700	0
SORBI_3003G443800	0
SORBI_3003G443900	0
ENSRNA049996507	0
SORBI_3003G444000	0
SORBI_3003G444100	4
SORBI_3003G444200	54
SORBI_3003G444300	37.999
SORBI_3003G444400	0
SORBI_3003G444500	276.069
SORBI_3003G444600	186.902
SORBI_3003G444700	1
SORBI_3003G444800	345
SORBI_3003G444900	149
SORBI_3003G445000	144
SORBI_3003G445100	68
SORBI_3003G445200	87
SORBI_3003G445300	3
SORBI_3003G445400	1076.999
SORBI_3003G445500	421.789
SORBI_3003G445600	0
SORBI_3003G445700	100
SORBI_3003G445750	0
SORBI_3003G445800	36
SORBI_3003G445900	102
SORBI_3003G446000	24
SORBI_3003G446100	489
SORBI_3004G000100	561.999
SORBI_3004G000300	240.844
SORBI_3004G000400	170
SORBI_3004G000500	734.002
SORBI_3004G000601	2
SORBI_3004G000700	3
SORBI_3004G000800	0
SORBI_3004G000900	0
SORBI_3004G001000	686
SORBI_3004G001100	0
SORBI_3004G001200	0
SORBI_3004G001300	1008
SORBI_3004G001400	732.766
SORBI_3004G001500	1379.803
SORBI_3004G001600	30
SORBI_3004G001700	0
SORBI_3004G001800	0
SORBI_3004G001900	237
SORBI_3004G002000	1
SORBI_3004G002100	1439.022
SORBI_3004G002200	1573.696
SORBI_3004G002300	3
SORBI_3004G002350	226
SORBI_3004G002400	753
SORBI_3004G002500	280.086
SORBI_3004G002600	72
SORBI_3004G002700	0
SORBI_3004G002800	0
SORBI_3004G002901	3
SORBI_3004G003000	0
SORBI_3004G003100	24
SORBI_3004G003300	5
ENSRNA049996501	0
SORBI_3004G003401	482
SORBI_3004G003501	123
ENSRNA049996494	0
SORBI_3004G003600	0
SORBI_3004G003700	4
SORBI_3004G003900	203
SORBI_3004G004100	49
SORBI_3004G004200	612.792
SORBI_3004G004300	1206.208
SORBI_3004G004400	278.006
SORBI_3004G004500	48
SORBI_3004G004600	244
SORBI_3004G004700	0
SORBI_3004G004800	61
SORBI_3004G004900	167
SORBI_3004G005000	6
SORBI_3004G005100	54.096
SORBI_3004G005200	367.903
SORBI_3004G005300	0
SORBI_3004G005400	260.577
SORBI_3004G005700	5
SORBI_3004G005900	4
SORBI_3004G006000	182
SORBI_3004G006100	2
SORBI_3004G006200	365.925
SORBI_3004G006300	14007.245
SORBI_3004G006400	5
SORBI_3004G006500	40
SORBI_3004G006600	501
SORBI_3004G006700	553
SORBI_3004G006800	117
SORBI_3004G006900	623
SORBI_3004G006966	0
SORBI_3004G007032	0
SORBI_3004G007100	2008.371
SORBI_3004G007133	218.998
SORBI_3004G007166	2
SORBI_3004G007200	2
SORBI_3004G007300	1644.632
SORBI_3004G007400	1
SORBI_3004G007500	0
SORBI_3004G007550	0
ENSRNA049481226	0
ENSRNA049481225	0
SORBI_3004G007600	567
SORBI_3004G007700	147
SORBI_3004G007800	8
SORBI_3004G007850	0
SORBI_3004G007900	336.001
SORBI_3004G008000	22
SORBI_3004G008100	58
SORBI_3004G008200	1
SORBI_3004G008300	0
SORBI_3004G008400	1032.691
ENSRNA049481276	2
ENSRNA049481349	0
SORBI_3004G008500	0
SORBI_3004G008600	0
SORBI_3004G008700	0
SORBI_3004G008800	0
SORBI_3004G008900	0
SORBI_3004G009000	5
SORBI_3004G009100	124
ENSRNA049481350	0
SORBI_3004G009200	0
SORBI_3004G009300	0
SORBI_3004G009400	17.285
SORBI_3004G009500	25.715
SORBI_3004G009600	3894.564
SORBI_3004G009700	0
SORBI_3004G009800	1
SORBI_3004G009900	0
SORBI_3004G010000	3
SORBI_3004G010050	0
SORBI_3004G010101	3
SORBI_3004G010151	117.155
SORBI_3004G010200	110
SORBI_3004G010300	67
SORBI_3004G010500	129.001
SORBI_3004G010600	130
SORBI_3004G010700	126
SORBI_3004G010800	175.878
ENSRNA049438204	0
SORBI_3004G010900	368
ENSRNA049481294	0
ENSRNA049481278	0
ENSRNA049481298	0
ENSRNA049481281	0
ENSRNA049481344	0
ENSRNA049481332	0
ENSRNA049481261	0
ENSRNA049481338	0
SORBI_3004G011000	695
SORBI_3004G011100	0
SORBI_3004G011201	0
SORBI_3004G011300	494.975
SORBI_3004G011433	1
SORBI_3004G011566	10878.034
SORBI_3004G011700	1907.754
SORBI_3004G011900	2
SORBI_3004G011800	0
ENSRNA049438241	0
SORBI_3004G012000	449
SORBI_3004G012100	690
SORBI_3004G012200	4
SORBI_3004G012250	0
SORBI_3004G012300	235.134
SORBI_3004G012400	213
ENSRNA049439668	0
SORBI_3004G012501	2
ENSRNA049438269	0
SORBI_3004G012600	0
SORBI_3004G012700	87
SORBI_3004G012800	234
ENSRNA049438291	0
SORBI_3004G012900	212
SORBI_3004G013000	62
SORBI_3004G013100	295.371
SORBI_3004G013200	2.023
SORBI_3004G013300	364.977
SORBI_3004G013400	4
SORBI_3004G013500	3
SORBI_3004G013600	74
SORBI_3004G013700	0
SORBI_3004G013800	13
SORBI_3004G013900	8
SORBI_3004G014000	446.108
SORBI_3004G014100	24
SORBI_3004G014200	0
SORBI_3004G014300	0
SORBI_3004G014400	0
SORBI_3004G014500	0
SORBI_3004G014600	3
SORBI_3004G014700	0
SORBI_3004G014800	0
SORBI_3004G014900	0
SORBI_3004G015000	0
SORBI_3004G015050	0
SORBI_3004G015100	0
SORBI_3004G015150	0
SORBI_3004G015200	0
SORBI_3004G015300	162
SORBI_3004G015400	312
SORBI_3004G015500	250.96
SORBI_3004G015600	1
SORBI_3004G015550	1
SORBI_3004G015700	117
SORBI_3004G015800	421.117
SORBI_3004G015900	5
SORBI_3004G016000	277
SORBI_3004G016100	338
SORBI_3004G016250	0
SORBI_3004G016200	0
SORBI_3004G016300	29
SORBI_3004G016400	494.244
SORBI_3004G016600	2
SORBI_3004G016500	2
SORBI_3004G016700	1
SORBI_3004G016800	1
SORBI_3004G016900	1
SORBI_3004G017000	24
ENSRNA049439657	0
SORBI_3004G017100	10.999
ENSRNA049438320	0
SORBI_3004G017200	2
SORBI_3004G017300	116
SORBI_3004G017400	20
SORBI_3004G017500	0
SORBI_3004G017600	0
SORBI_3004G017700	0
SORBI_3004G017800	237
ENSRNA049438341	0
SORBI_3004G017900	565
SORBI_3004G017950	6
SORBI_3004G018000	96
SORBI_3004G018100	350
SORBI_3004G018150	0
SORBI_3004G018200	770
SORBI_3004G018300	292
SORBI_3004G018400	3591
SORBI_3004G018500	79
SORBI_3004G018700	68
SORBI_3004G018800	99
SORBI_3004G018900	0
SORBI_3004G019000	0
SORBI_3004G019100	0
SORBI_3004G019200	647
SORBI_3004G019250	0
SORBI_3004G019300	0
SORBI_3004G019400	0
SORBI_3004G019500	40
SORBI_3004G019550	0
SORBI_3004G019600	555.003
SORBI_3004G019700	19
SORBI_3004G019800	189.999
SORBI_3004G019900	0
SORBI_3004G020000	907.195
SORBI_3004G020100	269.005
SORBI_3004G020150	0
SORBI_3004G020200	0
SORBI_3004G020300	40
SORBI_3004G020401	12
SORBI_3004G020500	0
SORBI_3004G020600	0
SORBI_3004G020700	522
ENSRNA049996488	0
SORBI_3004G020800	51
SORBI_3004G020900	147
SORBI_3004G021000	203
SORBI_3004G021100	565.553
SORBI_3004G021200	316
SORBI_3004G021300	1660.349
SORBI_3004G021400	0
SORBI_3004G021500	12
SORBI_3004G021600	0
SORBI_3004G021700	13
SORBI_3004G021800	0
SORBI_3004G021900	3
SORBI_3004G022000	0
SORBI_3004G022100	0
SORBI_3004G022200	0
SORBI_3004G022300	17
SORBI_3004G022366	1
SORBI_3004G022432	3
SORBI_3004G022500	0
SORBI_3004G022600	0
SORBI_3004G022700	0
SORBI_3004G022800	0
SORBI_3004G022850	1
SORBI_3004G022900	0
SORBI_3004G022950	0
SORBI_3004G023000	270.95
SORBI_3004G023100	554
SORBI_3004G023200	1120.942
SORBI_3004G023300	4.003
SORBI_3004G023400	77
SORBI_3004G023700	76
SORBI_3004G023500	0
SORBI_3004G023600	0
SORBI_3004G023733	0
SORBI_3004G023766	0
SORBI_3004G023800	0
SORBI_3004G023900	1712
SORBI_3004G024000	0
SORBI_3004G024100	83
SORBI_3004G024200	242
SORBI_3004G024300	61
SORBI_3004G024350	0
SORBI_3004G024400	5
SORBI_3004G024500	51.006
SORBI_3004G024600	326
SORBI_3004G024700	155
SORBI_3004G024800	1
SORBI_3004G025000	14612.907
SORBI_3004G025100	18
SORBI_3004G025200	60
SORBI_3004G025300	132
SORBI_3004G025400	31
SORBI_3004G025500	0
SORBI_3004G025600	0
SORBI_3004G025700	153
SORBI_3004G025800	385
SORBI_3004G025900	1
SORBI_3004G026000	53
SORBI_3004G026100	276
SORBI_3004G026200	204
SORBI_3004G026300	28
SORBI_3004G026400	39
SORBI_3004G026500	243
SORBI_3004G026600	4
SORBI_3004G026700	113
ENSRNA049481273	0
ENSRNA049481255	0
ENSRNA049481352	0
SORBI_3004G026900	0
SORBI_3004G027000	204.02
SORBI_3004G027100	321
SORBI_3004G027150	1
SORBI_3004G027200	84
SORBI_3004G027300	82
SORBI_3004G027400	65
SORBI_3004G027500	426.006
SORBI_3004G027600	15
SORBI_3004G027700	18
SORBI_3004G027800	188
SORBI_3004G027900	147
ENSRNA049996484	0
SORBI_3004G028000	55
SORBI_3004G028100	58
SORBI_3004G028200	42
SORBI_3004G028300	120
SORBI_3004G028400	344
SORBI_3004G028500	322
SORBI_3004G028600	276
SORBI_3004G028700	0
SORBI_3004G028800	103
SORBI_3004G028900	4
SORBI_3004G028966	0
SORBI_3004G029032	0
SORBI_3004G029100	1
SORBI_3004G029200	0
SORBI_3004G029300	0
SORBI_3004G029400	0
SORBI_3004G029450	0
SORBI_3004G029500	0
SORBI_3004G029550	0
SORBI_3004G029601	0
SORBI_3004G029651	0
SORBI_3004G029700	0
SORBI_3004G029800	29.5
SORBI_3004G029900	0
SORBI_3004G030000	2261.191
SORBI_3004G030100	198.069
SORBI_3004G030200	18652.441
SORBI_3004G030300	0
SORBI_3004G030400	23
SORBI_3004G030501	42
SORBI_3004G030600	50
SORBI_3004G030700	157
SORBI_3004G030750	0
SORBI_3004G030800	391
SORBI_3004G030850	0
SORBI_3004G030900	212
SORBI_3004G031001	1
SORBI_3004G031100	33
SORBI_3004G031200	613
SORBI_3004G031300	242
SORBI_3004G031400	18
SORBI_3004G031501	4
SORBI_3004G031600	4215.275
SORBI_3004G031700	394
SORBI_3004G031800	1364.092
SORBI_3004G031900	0
SORBI_3004G032000	510
SORBI_3004G032100	121
SORBI_3004G032200	20
ENSRNA049481245	8
ENSRNA049481249	4
ENSRNA049481252	0
ENSRNA049481241	10
ENSRNA049481233	3
ENSRNA049481324	1
ENSRNA049481265	0
ENSRNA049481258	1
SORBI_3004G032300	11
SORBI_3004G032400	65
SORBI_3004G032500	54
SORBI_3004G032600	0
SORBI_3004G032800	274.002
SORBI_3004G032900	0
SORBI_3004G033000	514.543
SORBI_3004G033100	445.983
SORBI_3004G033200	463.999
SORBI_3004G033300	1237.013
SORBI_3004G033400	0
SORBI_3004G033500	78
SORBI_3004G033600	547.5
SORBI_3004G033650	0
SORBI_3004G033700	593.981
SORBI_3004G033800	9
SORBI_3004G033900	3
SORBI_3004G034000	50
SORBI_3004G034100	3
SORBI_3004G034200	0
SORBI_3004G034300	465
SORBI_3004G034400	160.027
SORBI_3004G034500	73
SORBI_3004G034600	506
SORBI_3004G034700	593
SORBI_3004G034800	84.001
SORBI_3004G034900	1401
SORBI_3004G035000	50
SORBI_3004G035100	148
SORBI_3004G035200	164
SORBI_3004G035300	41
SORBI_3004G035400	50
SORBI_3004G035500	0
SORBI_3004G035601	0
SORBI_3004G035750	1.001
SORBI_3004G035700	0
SORBI_3004G035800	2
SORBI_3004G035900	44.019
ENSRNA049481231	0
SORBI_3004G036100	10
SORBI_3004G036200	4899.998
ENSRNA049481235	0
SORBI_3004G036300	155
SORBI_3004G036400	0
SORBI_3004G036500	17
SORBI_3004G036600	1117
SORBI_3004G036700	518.004
SORBI_3004G036800	92
SORBI_3004G036900	286.001
SORBI_3004G037000	7
SORBI_3004G037100	8
SORBI_3004G037200	769.138
SORBI_3004G037300	7
SORBI_3004G037401	0
SORBI_3004G037500	0
SORBI_3004G037600	16
SORBI_3004G037700	156
SORBI_3004G037800	382
SORBI_3004G037900	661
SORBI_3004G038000	51.744
SORBI_3004G038100	921
SORBI_3004G038200	11
SORBI_3004G038300	0
SORBI_3004G038400	17
SORBI_3004G038500	56
SORBI_3004G038600	0
SORBI_3004G038700	0
SORBI_3004G038800	235.561
SORBI_3004G038850	0
SORBI_3004G038900	3
SORBI_3004G039000	0
SORBI_3004G039100	100.548
SORBI_3004G039200	823.028
SORBI_3004G039300	473.007
SORBI_3004G039400	1783
SORBI_3004G039500	3
SORBI_3004G039600	2761.583
SORBI_3004G039700	444.439
SORBI_3004G039800	0
SORBI_3004G039900	535
SORBI_3004G040000	1064.74
SORBI_3004G040050	1
SORBI_3004G040100	30
SORBI_3004G040200	885
SORBI_3004G040300	20
SORBI_3004G040350	1203.455
SORBI_3004G040400	0
SORBI_3004G040500	1380
SORBI_3004G040600	277
SORBI_3004G040700	57
SORBI_3004G040800	10
SORBI_3004G040900	2835.826
SORBI_3004G041000	4
SORBI_3004G041100	36
SORBI_3004G041200	46.004
SORBI_3004G041300	0
SORBI_3004G041500	1297.77
SORBI_3004G041600	7
SORBI_3004G041700	0
SORBI_3004G041800	0
SORBI_3004G041900	15
SORBI_3004G042000	342.436
SORBI_3004G042100	175
SORBI_3004G042200	704.116
SORBI_3004G042300	109
SORBI_3004G042400	1
SORBI_3004G042501	3
SORBI_3004G042600	60
SORBI_3004G042700	16
SORBI_3004G042800	4
SORBI_3004G042900	813.006
SORBI_3004G043001	12
SORBI_3004G043101	0
SORBI_3004G043200	8
SORBI_3004G043301	0
SORBI_3004G043400	3
SORBI_3004G043500	3.015
SORBI_3004G043600	48.985
SORBI_3004G043750	859
SORBI_3004G043900	0
SORBI_3004G044000	50
SORBI_3004G044100	15
SORBI_3004G044200	111.994
SORBI_3004G044250	1
SORBI_3004G044300	2
SORBI_3004G044401	2
SORBI_3004G044500	0
SORBI_3004G044700	57.83
SORBI_3004G044800	374.57
SORBI_3004G044900	0
SORBI_3004G045000	181.599
SORBI_3004G045100	0
SORBI_3004G045200	8
SORBI_3004G045300	579
SORBI_3004G045400	921.861
SORBI_3004G045500	0
SORBI_3004G045566	57
SORBI_3004G045632	3
SORBI_3004G045700	1
SORBI_3004G045800	2
SORBI_3004G045900	0
SORBI_3004G046001	29
SORBI_3004G046100	0
SORBI_3004G046200	45
SORBI_3004G046300	0
SORBI_3004G046400	14
SORBI_3004G046500	195
SORBI_3004G046600	0
SORBI_3004G046700	0
SORBI_3004G046800	0
SORBI_3004G046850	1
SORBI_3004G046900	0
ENSRNA049481354	0
SORBI_3004G047001	5
SORBI_3004G047100	3
SORBI_3004G047200	1835.99
SORBI_3004G047300	26
SORBI_3004G047400	82
SORBI_3004G047500	144
SORBI_3004G047600	2
SORBI_3004G047700	438
SORBI_3004G047800	28
SORBI_3004G047900	3
SORBI_3004G048000	2041
SORBI_3004G048100	1
SORBI_3004G048201	0
SORBI_3004G048300	0
SORBI_3004G048400	0
SORBI_3004G048500	0
SORBI_3004G048600	0
SORBI_3004G048700	106
ENSRNA049481221	0
SORBI_3004G048800	1341
SORBI_3004G048900	0
SORBI_3004G049000	0
SORBI_3004G049100	195
SORBI_3004G049200	69.329
SORBI_3004G049300	0
SORBI_3004G049400	23
ENSRNA049481330	0
ENSRNA049996478	0
SORBI_3004G049500	304
SORBI_3004G049600	0
SORBI_3004G049700	341
SORBI_3004G049800	5
SORBI_3004G049900	1742.824
SORBI_3004G050000	3107.844
SORBI_3004G050100	6051.299
SORBI_3004G050200	15
SORBI_3004G050300	182
SORBI_3004G050400	3
SORBI_3004G050600	0
SORBI_3004G050700	0
SORBI_3004G050800	0
SORBI_3004G050900	0
SORBI_3004G051000	0
SORBI_3004G051100	6
SORBI_3004G051133	1
SORBI_3004G051166	155
SORBI_3004G051200	1751.997
SORBI_3004G051300	850
SORBI_3004G051401	2
SORBI_3004G051500	0
SORBI_3004G051600	11
SORBI_3004G051700	575.843
SORBI_3004G051900	1225
SORBI_3004G051800	9
SORBI_3004G052000	5540.325
SORBI_3004G052100	24
ENSRNA049996471	0
SORBI_3004G052200	1
SORBI_3004G052300	0
SORBI_3004G052401	2
SORBI_3004G052500	0
SORBI_3004G052600	0
SORBI_3004G052700	0
SORBI_3004G052800	4
SORBI_3004G052900	114
SORBI_3004G053000	245
SORBI_3004G053100	29
SORBI_3004G053200	9
SORBI_3004G053300	468.001
ENSRNA049438449	0
SORBI_3004G053400	1
SORBI_3004G053500	1691.884
SORBI_3004G053600	16
SORBI_3004G053700	99
SORBI_3004G053800	220.766
SORBI_3004G053900	2
SORBI_3004G054000	352
SORBI_3004G054100	224
SORBI_3004G054200	5
SORBI_3004G054300	340
SORBI_3004G054400	55
SORBI_3004G054500	190
SORBI_3004G054600	17
SORBI_3004G054700	76
SORBI_3004G054900	0
SORBI_3004G055000	18
SORBI_3004G055100	254
SORBI_3004G055200	2799.91
SORBI_3004G055300	131.856
ENSRNA049481266	6.144
SORBI_3004G055400	0
SORBI_3004G055500	275.476
SORBI_3004G055600	50.524
SORBI_3004G055700	338
SORBI_3004G055800	82
SORBI_3004G055901	0
SORBI_3004G056000	0
SORBI_3004G056100	4
SORBI_3004G056300	35.997
SORBI_3004G056201	0
SORBI_3004G056350	0
SORBI_3004G056400	2831.564
SORBI_3004G056500	0
SORBI_3004G056600	2
SORBI_3004G056700	0
SORBI_3004G056800	0
SORBI_3004G056900	423
SORBI_3004G057000	0
SORBI_3004G057100	304.002
SORBI_3004G057200	326.997
SORBI_3004G057300	0
SORBI_3004G057400	464
SORBI_3004G057500	23.385
SORBI_3004G057700	1
SORBI_3004G057800	66
SORBI_3004G057900	133
SORBI_3004G058000	112
SORBI_3004G058050	4.206
SORBI_3004G058100	0
SORBI_3004G058200	1078
SORBI_3004G058300	0
SORBI_3004G058400	243.087
SORBI_3004G058500	2385.925
SORBI_3004G058600	1595.915
SORBI_3004G058700	49
SORBI_3004G058800	0
SORBI_3004G058900	351
SORBI_3004G059000	486.761
SORBI_3004G059100	59
SORBI_3004G059200	4
SORBI_3004G059300	34
SORBI_3004G059400	166.702
SORBI_3004G059600	185
SORBI_3004G059800	3
SORBI_3004G059900	923
SORBI_3004G060000	1
SORBI_3004G060100	3194.799
SORBI_3004G060300	456
SORBI_3004G060400	1
SORBI_3004G060500	553
SORBI_3004G060600	174
SORBI_3004G060700	0
SORBI_3004G060766	0
SORBI_3004G060832	266
SORBI_3004G060900	327
SORBI_3004G061100	1
SORBI_3004G061200	93
SORBI_3004G061300	0
SORBI_3004G061400	241
SORBI_3004G061500	0
SORBI_3004G061600	0
SORBI_3004G061701	357.45
SORBI_3004G061800	349.057
SORBI_3004G061900	386
SORBI_3004G062000	9
SORBI_3004G062100	0
SORBI_3004G062200	7
SORBI_3004G062300	0
SORBI_3004G062400	342.178
SORBI_3004G062500	2563.865
SORBI_3004G062600	3
SORBI_3004G062800	11
SORBI_3004G062900	13
SORBI_3004G063000	1
SORBI_3004G063100	831
SORBI_3004G063200	138
SORBI_3004G063300	101
SORBI_3004G063400	9
SORBI_3004G063500	265
SORBI_3004G063600	9
SORBI_3004G063750	0
SORBI_3004G063900	0
SORBI_3004G064000	0
ENSRNA049439648	0
SORBI_3004G064100	64
SORBI_3004G064200	1
SORBI_3004G064300	201
SORBI_3004G064400	466.995
SORBI_3004G064500	257
SORBI_3004G064600	193.065
SORBI_3004G064700	1
SORBI_3004G064800	10
SORBI_3004G064900	49
SORBI_3004G065000	184
SORBI_3004G065100	1417.881
SORBI_3004G065200	2042.303
SORBI_3004G065300	371
SORBI_3004G065400	4
SORBI_3004G065500	583
SORBI_3004G065600	262
SORBI_3004G065650	48
SORBI_3004G065700	0
ENSRNA049996464	0
SORBI_3004G065800	0
SORBI_3004G065850	0
SORBI_3004G065900	5634.038
SORBI_3004G065950	0
ENSRNA049439629	0
SORBI_3004G066000	120
SORBI_3004G066100	100
SORBI_3004G066200	700
SORBI_3004G066300	37
ENSRNA049481238	0
SORBI_3004G066401	0
SORBI_3004G066500	372
SORBI_3004G066600	1482.653
SORBI_3004G066700	0
SORBI_3004G066800	312
SORBI_3004G066900	141
SORBI_3004G067000	278
SORBI_3004G067050	3
SORBI_3004G067100	1081
SORBI_3004G067200	113
SORBI_3004G067300	1
SORBI_3004G067400	85
SORBI_3004G067500	51
SORBI_3004G067600	8
SORBI_3004G067700	244.004
SORBI_3004G067800	1
SORBI_3004G067850	0
SORBI_3004G067900	9
SORBI_3004G068000	0
SORBI_3004G068100	347
SORBI_3004G068200	492.154
SORBI_3004G068300	1122.007
SORBI_3004G068350	0
SORBI_3004G068400	1325
SORBI_3004G068500	711
SORBI_3004G068600	4
SORBI_3004G068700	25
SORBI_3004G068750	0
SORBI_3004G068800	108
SORBI_3004G068900	6
SORBI_3004G069000	147
SORBI_3004G069100	14
SORBI_3004G069200	86
SORBI_3004G069400	3
SORBI_3004G069300	0
SORBI_3004G069500	212
SORBI_3004G069600	5
SORBI_3004G069700	35
SORBI_3004G069850	420
SORBI_3004G070000	87
SORBI_3004G070100	35
SORBI_3004G070150	0
SORBI_3004G070200	424
SORBI_3004G070300	0
SORBI_3004G070400	0
SORBI_3004G070500	169
SORBI_3004G070600	0
SORBI_3004G070700	279
SORBI_3004G070800	246
SORBI_3004G070900	59
SORBI_3004G071000	728.013
SORBI_3004G071100	8
SORBI_3004G071050	0
SORBI_3004G071200	31
SORBI_3004G071300	0
SORBI_3004G071401	1
SORBI_3004G071500	122
SORBI_3004G071600	3
SORBI_3004G071650	0
SORBI_3004G071700	0.896
SORBI_3004G071750	0
SORBI_3004G071800	0
SORBI_3004G071850	0
ENSRNA049996456	0
SORBI_3004G071900	0
SORBI_3004G072000	78
SORBI_3004G072100	339.106
SORBI_3004G072200	130.174
SORBI_3004G072201	0
SORBI_3004G072300	0
SORBI_3004G072400	0
SORBI_3004G072800	102.826
SORBI_3004G072600	0
SORBI_3004G072900	0
SORBI_3004G072950	0
SORBI_3004G073000	53
SORBI_3004G073100	87
SORBI_3004G073166	0
SORBI_3004G073232	57.224
SORBI_3004G073300	1
SORBI_3004G073400	0
SORBI_3004G073500	187
SORBI_3004G073700	26
SORBI_3004G073600	1
SORBI_3004G073800	12
SORBI_3004G074000	46
SORBI_3004G074100	0
SORBI_3004G074200	182
SORBI_3004G074300	86
SORBI_3004G074400	31
SORBI_3004G074500	43
SORBI_3004G074600	18
SORBI_3004G074700	0
SORBI_3004G074900	1342
SORBI_3004G075000	24
SORBI_3004G075100	14
SORBI_3004G075200	381
SORBI_3004G075250	0
SORBI_3004G075301	0
SORBI_3004G075351	2
SORBI_3004G075400	12
SORBI_3004G075550	0
SORBI_3004G075700	429
SORBI_3004G075800	400.024
SORBI_3004G075900	20
SORBI_3004G076000	4
SORBI_3004G076100	46
SORBI_3004G076300	1
SORBI_3004G076400	0
SORBI_3004G076600	0
SORBI_3004G076666	7
SORBI_3004G076732	0
SORBI_3004G076800	0
SORBI_3004G076850	16
SORBI_3004G076900	0
SORBI_3004G077000	326
SORBI_3004G077100	0
SORBI_3004G077200	0
SORBI_3004G077300	161
SORBI_3004G077400	34
SORBI_3004G077500	509
SORBI_3004G077600	257.514
SORBI_3004G077700	0
SORBI_3004G077800	283
SORBI_3004G077900	133
SORBI_3004G078000	520
SORBI_3004G078100	100
SORBI_3004G078200	0
SORBI_3004G078300	55
SORBI_3004G078400	38
SORBI_3004G078500	151
SORBI_3004G078600	0
SORBI_3004G078700	433.022
SORBI_3004G078750	0
SORBI_3004G078800	37.978
SORBI_3004G078900	30
SORBI_3004G079000	419.166
SORBI_3004G079100	2946
SORBI_3004G079200	179
SORBI_3004G079400	2.641
SORBI_3004G079500	80.66
SORBI_3004G079600	0
SORBI_3004G079700	267.071
SORBI_3004G079800	431
SORBI_3004G079900	123
SORBI_3004G080000	0
SORBI_3004G080100	401
SORBI_3004G080200	74
SORBI_3004G080300	0
SORBI_3004G080350	0
SORBI_3004G080400	78
SORBI_3004G080500	78
SORBI_3004G080600	5
SORBI_3004G080700	0
SORBI_3004G080800	5
SORBI_3004G080901	0
SORBI_3004G081000	0
SORBI_3004G081100	162
ENSRNA049481316	0
ENSRNA049481313	0
SORBI_3004G081201	19.709
SORBI_3004G081300	0
SORBI_3004G081400	1
SORBI_3004G081501	1
SORBI_3004G081601	6.272
SORBI_3004G081701	0
SORBI_3004G081800	412.784
SORBI_3004G081900	10
SORBI_3004G082000	0
SORBI_3004G082050	75.901
SORBI_3004G082101	222.099
SORBI_3004G082151	0
SORBI_3004G082200	0
ENSRNA049438473	0
SORBI_3004G082300	14
SORBI_3004G082400	2.347
SORBI_3004G082500	297
SORBI_3004G082600	12
SORBI_3004G082700	100
SORBI_3004G082800	1
SORBI_3004G082900	951
SORBI_3004G083000	499.766
SORBI_3004G083100	15
SORBI_3004G083200	538.872
SORBI_3004G083250	0
SORBI_3004G083300	2553
SORBI_3004G083401	0
SORBI_3004G083500	0
SORBI_3004G083600	30
SORBI_3004G083700	394
ENSRNA049439594	0
SORBI_3004G083900	5
SORBI_3004G084100	1766.104
SORBI_3004G084200	102
SORBI_3004G084300	323
SORBI_3004G084400	119
SORBI_3004G084500	232
SORBI_3004G084600	0
SORBI_3004G084700	56.097
SORBI_3004G084800	0
SORBI_3004G084900	41
SORBI_3004G085000	1252.98
ENSRNA049996449	1
SORBI_3004G085100	0
SORBI_3004G085200	429
SORBI_3004G085300	147
SORBI_3004G085400	0
SORBI_3004G085500	1
SORBI_3004G085600	140
SORBI_3004G085700	2
SORBI_3004G085800	0
SORBI_3004G085900	222
SORBI_3004G086000	78
SORBI_3004G086100	31
SORBI_3004G086150	105.869
SORBI_3004G086200	1548
SORBI_3004G086300	50
SORBI_3004G086400	12
SORBI_3004G086500	0
SORBI_3004G086600	1544.624
SORBI_3004G086700	400
SORBI_3004G086800	1589
SORBI_3004G086900	0
SORBI_3004G087000	1
SORBI_3004G087050	0
SORBI_3004G087100	14
SORBI_3004G087200	26
SORBI_3004G087300	4
SORBI_3004G087366	10
SORBI_3004G087432	0
SORBI_3004G087500	1706.479
SORBI_3004G087600	1111.131
SORBI_3004G087700	419.17
SORBI_3004G087750	0
SORBI_3004G087800	249.83
SORBI_3004G087900	0
SORBI_3004G088000	7
SORBI_3004G088100	679
SORBI_3004G088200	339.01
SORBI_3004G088300	0
SORBI_3004G088400	1699.021
SORBI_3004G088450	1462.943
SORBI_3004G088501	1981.057
SORBI_3004G088551	104
SORBI_3004G088600	0
SORBI_3004G088700	76
SORBI_3004G088800	0
ENSRNA049439570	0
SORBI_3004G088900	1
SORBI_3004G089000	78
SORBI_3004G089100	0
SORBI_3004G089200	226
SORBI_3004G089300	0
SORBI_3004G089400	1
SORBI_3004G089450	11
SORBI_3004G089500	17
SORBI_3004G089600	0
SORBI_3004G089700	0
SORBI_3004G089901	30
SORBI_3004G089801	0
SORBI_3004G090000	0
SORBI_3004G090100	0
SORBI_3004G090200	0
SORBI_3004G090300	0
SORBI_3004G090400	0
SORBI_3004G090500	0
SORBI_3004G090600	1
SORBI_3004G090700	0
SORBI_3004G090900	23
SORBI_3004G091000	0
SORBI_3004G091100	710
SORBI_3004G091200	240
SORBI_3004G091300	1
SORBI_3004G091401	0
SORBI_3004G091500	3
SORBI_3004G091600	0
SORBI_3004G091700	12
SORBI_3004G091800	0
SORBI_3004G091900	0
SORBI_3004G092000	2202.741
SORBI_3004G092100	321.887
SORBI_3004G092200	3
SORBI_3004G092300	13
SORBI_3004G092350	2
SORBI_3004G092400	207
SORBI_3004G092500	862
SORBI_3004G092600	129
SORBI_3004G092700	2
SORBI_3004G092800	17
SORBI_3004G092900	1278
SORBI_3004G092950	0
SORBI_3004G093000	2
SORBI_3004G093100	2
SORBI_3004G093200	1
SORBI_3004G093300	0
SORBI_3004G093400	6
SORBI_3004G093500	330.64
SORBI_3004G093600	1266
SORBI_3004G093700	669.49
SORBI_3004G093800	152.352
SORBI_3004G093900	0
SORBI_3004G094000	0
SORBI_3004G094100	0
SORBI_3004G094150	0
SORBI_3004G094200	1264.624
SORBI_3004G094300	1651.148
SORBI_3004G094400	2
SORBI_3004G094500	140
SORBI_3004G094600	1
SORBI_3004G094700	1264.999
SORBI_3004G094900	0
SORBI_3004G095000	0
SORBI_3004G095100	0
SORBI_3004G095200	4
SORBI_3004G095300	758
SORBI_3004G095400	66
SORBI_3004G095500	220
SORBI_3004G095600	101.998
SORBI_3004G095700	110
SORBI_3004G095800	0
SORBI_3004G096000	0
SORBI_3004G096100	46
SORBI_3004G096200	0
SORBI_3004G096300	206
SORBI_3004G096400	603
ENSRNA049996441	0
SORBI_3004G096500	1161
SORBI_3004G096600	57
SORBI_3004G096700	600
SORBI_3004G096801	634
SORBI_3004G096900	29
SORBI_3004G097000	6
SORBI_3004G097100	59
SORBI_3004G097200	190
SORBI_3004G097300	1
SORBI_3004G097400	805.843
SORBI_3004G097500	197
SORBI_3004G097700	0
SORBI_3004G097800	0
SORBI_3004G097900	52
SORBI_3004G098000	96
SORBI_3004G098100	3
SORBI_3004G098200	2
SORBI_3004G098300	1
SORBI_3004G098400	0
SORBI_3004G098500	0
SORBI_3004G098650	0
SORBI_3004G098800	37
SORBI_3004G099000	0
SORBI_3004G099050	0
SORBI_3004G099100	0
SORBI_3004G099150	0
SORBI_3004G099200	0
SORBI_3004G099300	3602.388
SORBI_3004G099400	1
SORBI_3004G099500	1151.998
SORBI_3004G099600	1
SORBI_3004G099650	0
SORBI_3004G099700	78.992
SORBI_3004G099750	0
SORBI_3004G099800	566
SORBI_3004G099900	646
SORBI_3004G100000	0
SORBI_3004G100100	3
SORBI_3004G100200	273
SORBI_3004G100300	0
SORBI_3004G100400	0
SORBI_3004G100500	0
SORBI_3004G100600	0
SORBI_3004G100700	82
SORBI_3004G100900	0
SORBI_3004G101000	0
SORBI_3004G101100	0
ENSRNA049996432	0
SORBI_3004G101200	0
SORBI_3004G101250	0
SORBI_3004G101300	10
SORBI_3004G101400	7
SORBI_3004G101500	88
SORBI_3004G101601	29.297
SORBI_3004G101700	0
SORBI_3004G101800	0
SORBI_3004G101900	1398.147
SORBI_3004G102000	762
SORBI_3004G102100	141
SORBI_3004G102200	1
SORBI_3004G102301	0
SORBI_3004G102400	189
SORBI_3004G102500	0
SORBI_3004G102600	0
SORBI_3004G102700	0
SORBI_3004G102750	0
SORBI_3004G102800	122
SORBI_3004G102900	326.108
SORBI_3004G102950	0
SORBI_3004G103000	575
SORBI_3004G103100	0
SORBI_3004G103200	1
SORBI_3004G103300	380
ENSRNA049438522	0
SORBI_3004G103400	11
SORBI_3004G103450	0
SORBI_3004G103500	17
SORBI_3004G103600	97
SORBI_3004G103700	723
ENSRNA049996426	0
ENSRNA049996419	0
ENSRNA049996410	0
SORBI_3004G103800	534.657
SORBI_3004G103901	0
SORBI_3004G104000	0
ENSRNA049481335	0
SORBI_3004G104100	301.398
SORBI_3004G104200	0
SORBI_3004G104250	0
ENSRNA049481340	0
SORBI_3004G104300	411.944
SORBI_3004G104400	24
SORBI_3004G104500	0
SORBI_3004G104600	0
SORBI_3004G104700	377.029
ENSRNA049481228	0
SORBI_3004G104800	66
SORBI_3004G104900	1358.631
SORBI_3004G105001	0
SORBI_3004G105100	17
SORBI_3004G105200	18
SORBI_3004G105300	0
SORBI_3004G105500	427
SORBI_3004G105700	35
SORBI_3004G105800	0
SORBI_3004G105901	0
SORBI_3004G106000	0
SORBI_3004G106100	0
SORBI_3004G106200	60
SORBI_3004G106250	134
SORBI_3004G106300	67
SORBI_3004G106400	379
SORBI_3004G106500	7
SORBI_3004G106600	19
SORBI_3004G106700	54
SORBI_3004G106800	0
SORBI_3004G106900	3495.649
SORBI_3004G107000	126.214
SORBI_3004G107100	180
SORBI_3004G107200	657.001
SORBI_3004G107300	146
SORBI_3004G107400	1
SORBI_3004G107500	1
SORBI_3004G107550	15
SORBI_3004G107600	221
SORBI_3004G107700	75
SORBI_3004G107800	245
SORBI_3004G107900	1
SORBI_3004G108001	23
SORBI_3004G108100	29
SORBI_3004G108200	7
SORBI_3004G108300	1
SORBI_3004G108400	0
SORBI_3004G108501	24
SORBI_3004G108600	0
SORBI_3004G108700	0
SORBI_3004G108800	0
SORBI_3004G108900	0
SORBI_3004G109000	36
SORBI_3004G109100	2
SORBI_3004G109200	0
SORBI_3004G109300	0
SORBI_3004G109400	0
SORBI_3004G109500	147
SORBI_3004G109600	1
SORBI_3004G109700	0
SORBI_3004G109750	8
SORBI_3004G109800	1
SORBI_3004G109900	2
SORBI_3004G110200	0
SORBI_3004G110300	13
SORBI_3004G110400	1
SORBI_3004G110500	0
SORBI_3004G110600	0
SORBI_3004G110700	14
SORBI_3004G111000	656.286
SORBI_3004G111100	1768
SORBI_3004G111200	1.008
SORBI_3004G111300	9
SORBI_3004G111400	2
SORBI_3004G111500	2
SORBI_3004G111600	17
ENSRNA049439548	0
ENSRNA049439537	0
ENSRNA049439526	0
ENSRNA049439510	0
ENSRNA049439505	0
SORBI_3004G111650	48.001
SORBI_3004G111700	116.608
SORBI_3004G111800	1
SORBI_3004G111900	0
SORBI_3004G112000	0
SORBI_3004G112100	1061
SORBI_3004G112200	0
SORBI_3004G112300	70
SORBI_3004G112400	41
SORBI_3004G112500	94
SORBI_3004G112600	0
SORBI_3004G112800	37
SORBI_3004G112900	128
SORBI_3004G113000	0
SORBI_3004G113100	140
SORBI_3004G113201	5
SORBI_3004G113300	10
SORBI_3004G113400	785.833
SORBI_3004G113500	0
SORBI_3004G113600	219
SORBI_3004G113700	48
SORBI_3004G113800	167.402
SORBI_3004G113850	11.955
SORBI_3004G113900	0
SORBI_3004G114000	20
SORBI_3004G114100	0
SORBI_3004G114200	1
SORBI_3004G114300	12
SORBI_3004G114400	523.598
SORBI_3004G114500	14
SORBI_3004G114600	0
SORBI_3004G114700	0
SORBI_3004G114800	305
SORBI_3004G115000	0
SORBI_3004G115100	1
SORBI_3004G115200	0
SORBI_3004G115350	519
SORBI_3004G115500	0
SORBI_3004G115600	3
SORBI_3004G115700	1
SORBI_3004G115750	0
SORBI_3004G115800	188
SORBI_3004G115900	0
SORBI_3004G115950	1
SORBI_3004G116000	462
SORBI_3004G116050	0
SORBI_3004G116100	121.042
SORBI_3004G116200	0
SORBI_3004G116300	13064.288
SORBI_3004G116400	25
SORBI_3004G116500	31
SORBI_3004G116600	400
SORBI_3004G116800	6
SORBI_3004G116900	85
SORBI_3004G117000	279
SORBI_3004G117200	22
SORBI_3004G117300	34
ENSRNA049438566	0
SORBI_3004G117400	4
SORBI_3004G117466	0
SORBI_3004G117532	0
SORBI_3004G117600	133
SORBI_3004G117800	472.065
SORBI_3004G117850	0
SORBI_3004G117900	768
SORBI_3004G117950	2
SORBI_3004G118000	0
SORBI_3004G118100	0
SORBI_3004G118200	1231.168
SORBI_3004G118400	63.955
SORBI_3004G118300	1.045
SORBI_3004G118500	280.159
SORBI_3004G118600	70.331
SORBI_3004G118700	1115.375
SORBI_3004G118800	48
SORBI_3004G118900	0
SORBI_3004G119000	58
SORBI_3004G119100	179.006
SORBI_3004G119200	881.062
SORBI_3004G119300	0
SORBI_3004G119400	205.212
SORBI_3004G119500	110
SORBI_3004G119600	0
SORBI_3004G119700	133
SORBI_3004G119800	9
SORBI_3004G119900	0
SORBI_3004G120000	0
SORBI_3004G120100	1428.374
SORBI_3004G120150	4
SORBI_3004G120200	0
SORBI_3004G120233	0
SORBI_3004G120266	0
SORBI_3004G120300	80
SORBI_3004G120400	0
SORBI_3004G120500	0
SORBI_3004G120550	0
SORBI_3004G120600	0
SORBI_3004G120733	0
SORBI_3004G120866	9
SORBI_3004G121000	37
SORBI_3004G121100	399
SORBI_3004G121200	35
SORBI_3004G121300	109
SORBI_3004G121400	38.258
SORBI_3004G121500	0
SORBI_3004G121600	0
SORBI_3004G121700	0
SORBI_3004G121800	0
SORBI_3004G121900	0
SORBI_3004G122000	60
SORBI_3004G122100	0
SORBI_3004G122200	4
SORBI_3004G122300	83.33
SORBI_3004G122500	7
SORBI_3004G122600	200
SORBI_3004G122700	0
SORBI_3004G122800	150
SORBI_3004G122900	176
SORBI_3004G123000	153
SORBI_3004G123100	0
SORBI_3004G123200	2
SORBI_3004G123300	196.455
SORBI_3004G123400	859
SORBI_3004G123600	72.999
SORBI_3004G123801	1
SORBI_3004G124000	123
SORBI_3004G124100	111.3
SORBI_3004G124200	1319.255
SORBI_3004G124250	0
SORBI_3004G124300	92.008
SORBI_3004G124400	80
SORBI_3004G124500	1089.897
SORBI_3004G124601	0
SORBI_3004G124700	48
SORBI_3004G124800	1
SORBI_3004G124900	0
SORBI_3004G125100	12
SORBI_3004G125200	6.092
SORBI_3004G125300	0
SORBI_3004G125400	7
SORBI_3004G125500	0
SORBI_3004G125700	25
SORBI_3004G125600	0
SORBI_3004G125701	52.254
SORBI_3004G125800	318.996
SORBI_3004G125900	141
SORBI_3004G126000	360
SORBI_3004G126050	0
SORBI_3004G126100	0
ENSRNA049439479	0
SORBI_3004G126200	0
SORBI_3004G126500	0
SORBI_3004G126601	12
SORBI_3004G126700	0
SORBI_3004G126900	0
SORBI_3004G127000	0
SORBI_3004G127066	1
SORBI_3004G127132	7
SORBI_3004G127200	14
SORBI_3004G127300	27.898
SORBI_3004G127350	0
SORBI_3004G127400	524.983
SORBI_3004G127500	0
SORBI_3004G127600	3.017
SORBI_3004G127650	0
SORBI_3004G127700	826
SORBI_3004G127733	0
SORBI_3004G127766	0
SORBI_3004G127800	788.895
SORBI_3004G127900	139
SORBI_3004G128000	68.98
SORBI_3004G128100	37
SORBI_3004G128200	250
SORBI_3004G128400	5
SORBI_3004G128500	14
SORBI_3004G128600	340
SORBI_3004G128633	0
SORBI_3004G128666	4
SORBI_3004G128700	0
SORBI_3004G128800	1
SORBI_3004G128900	1299.842
SORBI_3004G129100	50
SORBI_3004G129201	0
SORBI_3004G129300	566.537
SORBI_3004G129400	0
SORBI_3004G129500	89
SORBI_3004G129600	197
SORBI_3004G129700	0
SORBI_3004G129750	0
SORBI_3004G129800	80.002
SORBI_3004G129900	77
SORBI_3004G130001	36
SORBI_3004G130100	1796.883
SORBI_3004G130200	114.981
SORBI_3004G130300	122.527
SORBI_3004G130400	633
SORBI_3004G130500	24
SORBI_3004G130600	35
SORBI_3004G130700	0
SORBI_3004G130800	53
SORBI_3004G130850	0
SORBI_3004G130900	152
SORBI_3004G130916	0
SORBI_3004G130932	26
SORBI_3004G130948	0
SORBI_3004G130964	2
SORBI_3004G130980	0
SORBI_3004G131040	504
SORBI_3004G131100	180
SORBI_3004G131200	7
SORBI_3004G131300	222
SORBI_3004G131350	4
SORBI_3004G131400	0
SORBI_3004G131501	0
SORBI_3004G131600	0
SORBI_3004G131700	10
SORBI_3004G131800	334
SORBI_3004G131900	25
SORBI_3004G132000	11
SORBI_3004G132100	304.091
ENSRNA049996402	0
SORBI_3004G132150	15
SORBI_3004G132200	0
SORBI_3004G132300	1361
SORBI_3004G132350	0
SORBI_3004G132400	26
SORBI_3004G132600	0
SORBI_3004G132700	0
SORBI_3004G132800	0
SORBI_3004G132900	8
SORBI_3004G133000	52
SORBI_3004G133100	2
SORBI_3004G133201	0
SORBI_3004G133301	57
SORBI_3004G133400	271
SORBI_3004G133500	233.987
SORBI_3004G133550	0
SORBI_3004G133600	0
SORBI_3004G133700	686
SORBI_3004G133750	0
SORBI_3004G133800	0
SORBI_3004G133850	0
SORBI_3004G133900	0
SORBI_3004G134000	15
SORBI_3004G134100	208
SORBI_3004G134200	1190.004
SORBI_3004G134300	0
SORBI_3004G134400	12.479
SORBI_3004G134500	103
SORBI_3004G134600	21
SORBI_3004G134700	331
SORBI_3004G134801	0
SORBI_3004G134900	3.273
SORBI_3004G135000	0
SORBI_3004G135200	415.999
SORBI_3004G135300	79
SORBI_3004G135333	0
SORBI_3004G135366	0
SORBI_3004G135400	1081
SORBI_3004G135500	6
SORBI_3004G135600	21
SORBI_3004G135700	8.034
SORBI_3004G135800	0
SORBI_3004G135900	3
SORBI_3004G136100	0
SORBI_3004G136200	100
SORBI_3004G136300	693.003
SORBI_3004G136333	0
SORBI_3004G136366	0
SORBI_3004G136400	0
SORBI_3004G136500	376
SORBI_3004G136600	522
SORBI_3004G136701	1.998
SORBI_3004G136800	2.978
SORBI_3004G136901	0
SORBI_3004G137000	0
SORBI_3004G137200	0
SORBI_3004G137300	1
SORBI_3004G137400	0
SORBI_3004G137500	190.001
SORBI_3004G137601	0
SORBI_3004G137701	0
SORBI_3004G137801	49
SORBI_3004G137900	151
SORBI_3004G138000	372
SORBI_3004G138100	0
SORBI_3004G138200	0
SORBI_3004G138300	35
SORBI_3004G138350	32
SORBI_3004G138400	0
SORBI_3004G138450	0
SORBI_3004G138500	0
SORBI_3004G138600	0
SORBI_3004G138650	0
SORBI_3004G138700	0
SORBI_3004G138750	0
SORBI_3004G138800	287
SORBI_3004G138850	0
SORBI_3004G138900	0
SORBI_3004G139000	3
SORBI_3004G139100	0
SORBI_3004G139201	0
SORBI_3004G139300	74
SORBI_3004G139400	8
SORBI_3004G139450	0
SORBI_3004G139500	29
SORBI_3004G139700	0
SORBI_3004G139800	0
SORBI_3004G139900	1
SORBI_3004G140000	70
SORBI_3004G140200	0
SORBI_3004G140300	679
SORBI_3004G140400	0
SORBI_3004G140501	0
SORBI_3004G140600	470
SORBI_3004G140800	0
SORBI_3004G140850	0
SORBI_3004G140900	0
SORBI_3004G141000	749
SORBI_3004G141100	19
SORBI_3004G141200	80
SORBI_3004G141300	0
SORBI_3004G141400	97.855
SORBI_3004G141500	0
SORBI_3004G141600	21
SORBI_3004G141700	205
SORBI_3004G141800	911.999
SORBI_3004G142000	0
SORBI_3004G142201	9.239
SORBI_3004G142400	5
SORBI_3004G142500	1
SORBI_3004G142700	11
SORBI_3004G142800	10331.623
SORBI_3004G142900	93.075
SORBI_3004G143000	27.816
SORBI_3004G143100	6
SORBI_3004G143201	6
SORBI_3004G143300	201
SORBI_3004G143400	9.324
SORBI_3004G143475	1987.972
SORBI_3004G143550	0
SORBI_3004G143625	0
SORBI_3004G143700	487.851
SORBI_3004G143801	0
SORBI_3004G143900	571.98
SORBI_3004G144000	49
SORBI_3004G144050	0
SORBI_3004G144100	4
SORBI_3004G144150	0
SORBI_3004G144200	0
ENSRNA049996386	0
SORBI_3004G144300	6
SORBI_3004G144400	118
SORBI_3004G144433	0
SORBI_3004G144466	0
SORBI_3004G144500	770.913
SORBI_3004G144700	90.486
SORBI_3004G144600	120.514
SORBI_3004G144800	0
SORBI_3004G145000	2938.921
ENSRNA049996394	0
SORBI_3004G145200	1587
SORBI_3004G145300	49
SORBI_3004G145550	2.603
SORBI_3004G145500	346
SORBI_3004G145600	70
SORBI_3004G145701	0
SORBI_3004G145801	1953.839
SORBI_3004G145900	0
SORBI_3004G146000	933.956
SORBI_3004G146100	1
SORBI_3004G146150	0
SORBI_3004G146200	34
SORBI_3004G146300	670.002
SORBI_3004G146400	0
SORBI_3004G146500	969
SORBI_3004G146600	405
SORBI_3004G146700	0
SORBI_3004G146800	1008
SORBI_3004G146900	0
SORBI_3004G147050	0
SORBI_3004G147200	48
SORBI_3004G147300	0
SORBI_3004G147400	0
SORBI_3004G147500	2182
SORBI_3004G147600	6
SORBI_3004G147700	0
ENSRNA049996379	0
SORBI_3004G147800	382
SORBI_3004G147900	36
SORBI_3004G147950	0
SORBI_3004G148000	36
SORBI_3004G148100	16
SORBI_3004G148200	61
SORBI_3004G148300	19
SORBI_3004G148400	10
SORBI_3004G148500	0
SORBI_3004G148600	20
SORBI_3004G148750	25.122
SORBI_3004G148900	137
SORBI_3004G149000	0
SORBI_3004G149100	4
SORBI_3004G149150	97.549
SORBI_3004G149200	0
SORBI_3004G149400	96.056
SORBI_3004G149433	0
SORBI_3004G149466	1
SORBI_3004G149500	0
SORBI_3004G149600	9.322
SORBI_3004G149700	1417.135
SORBI_3004G149800	672.403
ENSRNA049996359	0
SORBI_3004G150200	350
SORBI_3004G150300	0
SORBI_3004G150400	181
SORBI_3004G150600	0
SORBI_3004G150650	0
SORBI_3004G150700	64
SORBI_3004G150800	0
SORBI_3004G150901	0
SORBI_3004G151000	832.109
SORBI_3004G151200	651.609
SORBI_3004G151300	135
SORBI_3004G151400	328
SORBI_3004G151500	184
SORBI_3004G151600	91
SORBI_3004G151700	2033
SORBI_3004G151800	557
SORBI_3004G151900	6
SORBI_3004G152000	101.114
SORBI_3004G152100	123
SORBI_3004G152200	47
SORBI_3004G152300	0
SORBI_3004G152400	399.825
SORBI_3004G152501	0
SORBI_3004G152601	18
SORBI_3004G152700	1204.529
SORBI_3004G152800	61
SORBI_3004G152900	0
SORBI_3004G153000	413
SORBI_3004G153100	19
SORBI_3004G153200	1094
SORBI_3004G153300	1
SORBI_3004G153400	509.268
SORBI_3004G153501	62.732
SORBI_3004G153600	392
SORBI_3004G153700	0
SORBI_3004G153800	1
SORBI_3004G153900	6
SORBI_3004G154000	8
SORBI_3004G154100	0
SORBI_3004G154200	43.85
SORBI_3004G154300	448
SORBI_3004G154400	432
SORBI_3004G154466	2
SORBI_3004G154532	0
SORBI_3004G154600	1
SORBI_3004G154700	31
SORBI_3004G154800	21
SORBI_3004G154900	3
SORBI_3004G155000	1
SORBI_3004G155100	307
SORBI_3004G155150	8
SORBI_3004G155200	375.479
SORBI_3004G155300	69
SORBI_3004G155400	14
SORBI_3004G155600	369
SORBI_3004G155700	13
SORBI_3004G155800	796
SORBI_3004G155900	119
SORBI_3004G156000	0
SORBI_3004G156100	0
SORBI_3004G156200	55
SORBI_3004G156250	0
SORBI_3004G156300	14
SORBI_3004G156400	151
SORBI_3004G156500	289.349
SORBI_3004G156600	1
SORBI_3004G156666	25.054
SORBI_3004G156732	81
SORBI_3004G156800	152
SORBI_3004G156900	0
SORBI_3004G156950	0
SORBI_3004G157000	1222.96
SORBI_3004G157050	0
SORBI_3004G157100	2
SORBI_3004G157200	0
SORBI_3004G157300	21
SORBI_3004G157400	339.999
SORBI_3004G157500	10
ENSRNA049996369	0
SORBI_3004G157550	0
SORBI_3004G157600	164
SORBI_3004G157700	479
SORBI_3004G157800	123
SORBI_3004G157900	0
SORBI_3004G157950	0
SORBI_3004G158000	30
SORBI_3004G158050	1
SORBI_3004G158100	0
SORBI_3004G158200	998
SORBI_3004G158300	58
SORBI_3004G158400	2104.302
SORBI_3004G158500	17
SORBI_3004G158600	0
SORBI_3004G158700	522
SORBI_3004G158800	1
SORBI_3004G158901	5
SORBI_3004G159000	528
SORBI_3004G159100	44
SORBI_3004G159200	0
SORBI_3004G159400	71
SORBI_3004G159500	0
SORBI_3004G159600	63.094
SORBI_3004G159733	1673.998
SORBI_3004G159866	0
SORBI_3004G160000	0
SORBI_3004G160100	0
SORBI_3004G160200	604.001
SORBI_3004G160300	27.83
SORBI_3004G160350	0
SORBI_3004G160400	27
SORBI_3004G160500	0
SORBI_3004G160600	0
SORBI_3004G160700	5804.709
SORBI_3004G160750	0
SORBI_3004G160800	133
SORBI_3004G160950	0
SORBI_3004G161100	0
SORBI_3004G161200	1
SORBI_3004G161301	2
SORBI_3004G161400	2
SORBI_3004G161501	60.481
SORBI_3004G161600	418.86
SORBI_3004G161650	60.519
SORBI_3004G161701	31.056
SORBI_3004G161751	12
SORBI_3004G161800	32
SORBI_3004G161850	0
ENSRNA049481645	0
SORBI_3004G161900	2046.179
SORBI_3004G162000	1187.734
SORBI_3004G162100	0
SORBI_3004G162200	919.291
SORBI_3004G162300	0
SORBI_3004G162400	789
SORBI_3004G162500	213
SORBI_3004G162600	10
SORBI_3004G162700	0
SORBI_3004G162800	0
SORBI_3004G162900	0
SORBI_3004G163000	167
SORBI_3004G163100	14
SORBI_3004G163200	401
SORBI_3004G163300	291
SORBI_3004G163350	3
SORBI_3004G163400	0
SORBI_3004G163500	33
SORBI_3004G163600	1
SORBI_3004G163700	162
SORBI_3004G163800	433.327
SORBI_3004G163900	10
SORBI_3004G164000	344
SORBI_3004G164100	2
SORBI_3004G164200	228
SORBI_3004G164300	0
SORBI_3004G164400	172.383
SORBI_3004G164500	31
SORBI_3004G164600	0
SORBI_3004G164650	2.001
SORBI_3004G164700	0
SORBI_3004G164800	70
SORBI_3004G165000	120
SORBI_3004G165100	1
SORBI_3004G165200	33
SORBI_3004G165300	3
SORBI_3004G165400	15
SORBI_3004G165500	11
SORBI_3004G165600	466.751
SORBI_3004G165700	221.249
SORBI_3004G165800	0
SORBI_3004G165900	46
SORBI_3004G166000	6
SORBI_3004G166100	0
SORBI_3004G166200	0
SORBI_3004G166301	0
SORBI_3004G166400	363
SORBI_3004G166500	439
SORBI_3004G166600	19
SORBI_3004G166700	475.001
SORBI_3004G166800	6
ENSRNA049439383	0
SORBI_3004G166900	218
SORBI_3004G167000	1
SORBI_3004G167100	162
SORBI_3004G167200	207
SORBI_3004G167300	115
SORBI_3004G167400	153
SORBI_3004G167500	29
SORBI_3004G167600	183
SORBI_3004G167700	0
SORBI_3004G167800	13
SORBI_3004G167900	0
SORBI_3004G168000	0
SORBI_3004G168100	0
SORBI_3004G168150	0
SORBI_3004G168200	0
SORBI_3004G168300	46
SORBI_3004G168366	0
SORBI_3004G168432	0
SORBI_3004G168500	648
SORBI_3004G168600	0
SORBI_3004G168700	61
SORBI_3004G168800	55
SORBI_3004G168900	7
SORBI_3004G169000	1368.011
SORBI_3004G169100	78
SORBI_3004G169200	89.49
SORBI_3004G169300	499.061
SORBI_3004G169401	1
SORBI_3004G169501	311
SORBI_3004G169600	6
SORBI_3004G169700	58
SORBI_3004G169800	0
SORBI_3004G169900	294
SORBI_3004G169966	0
SORBI_3004G170032	0
SORBI_3004G170100	0
SORBI_3004G170200	374
SORBI_3004G170300	0
SORBI_3004G170400	587.989
SORBI_3004G170500	17.008
SORBI_3004G170600	0
SORBI_3004G170700	157
SORBI_3004G170800	15
SORBI_3004G170900	0
SORBI_3004G171000	15
SORBI_3004G171100	15
SORBI_3004G171200	69
SORBI_3004G171300	0
SORBI_3004G171350	0
SORBI_3004G171400	59.161
SORBI_3004G171500	0
SORBI_3004G171600	0
SORBI_3004G171700	53
SORBI_3004G171800	148
SORBI_3004G171900	0
SORBI_3004G172000	0
SORBI_3004G172100	217
SORBI_3004G172201	0
SORBI_3004G172300	15
SORBI_3004G172350	1
SORBI_3004G172400	1
SORBI_3004G172500	100
SORBI_3004G172600	50
SORBI_3004G172700	1222.989
SORBI_3004G172800	0
SORBI_3004G173100	335
SORBI_3004G173200	19
SORBI_3004G173300	132.999
SORBI_3004G173400	0
SORBI_3004G173500	2507.847
SORBI_3004G173600	110
SORBI_3004G173700	25
SORBI_3004G173800	0
SORBI_3004G173900	0
SORBI_3004G174000	3
SORBI_3004G174100	315
SORBI_3004G174200	728.948
SORBI_3004G174301	0
SORBI_3004G174400	420
SORBI_3004G174500	15.539
SORBI_3004G174600	0
SORBI_3004G174700	372
SORBI_3004G174800	41
SORBI_3004G174900	159
SORBI_3004G175000	8
SORBI_3004G175300	95.014
SORBI_3004G175200	20.986
SORBI_3004G175400	14
SORBI_3004G175500	299
SORBI_3004G175600	103
SORBI_3004G175700	227
SORBI_3004G175800	0
SORBI_3004G175900	0
SORBI_3004G176000	1113.688
SORBI_3004G176100	1
SORBI_3004G176200	764.705
SORBI_3004G176300	25
SORBI_3004G176400	365.027
SORBI_3004G176500	8
SORBI_3004G176550	0
SORBI_3004G176600	0
SORBI_3004G176700	60.001
SORBI_3004G176800	85
ENSRNA049438645	0
SORBI_3004G176900	258.05
SORBI_3004G176950	1
SORBI_3004G177000	34
SORBI_3004G177050	0
ENSRNA049481680	0
ENSRNA049481634	0
ENSRNA049481632	0
SORBI_3004G177100	102
ENSRNA049439361	0
SORBI_3004G177300	91
SORBI_3004G177400	155.524
SORBI_3004G177500	134.476
SORBI_3004G177600	144.048
SORBI_3004G177700	1604.036
SORBI_3004G177900	11
SORBI_3004G178000	227
SORBI_3004G178100	117
SORBI_3004G178200	531
SORBI_3004G178300	244.001
SORBI_3004G178400	108
SORBI_3004G178500	1137
SORBI_3004G178550	0
SORBI_3004G178600	0
SORBI_3004G178700	0
SORBI_3004G178800	0
SORBI_3004G178901	109
SORBI_3004G179000	0
SORBI_3004G179100	0
SORBI_3004G179200	88
SORBI_3004G179300	685
SORBI_3004G179400	598.048
SORBI_3004G179500	15
ENSRNA049439353	0
SORBI_3004G179600	21
SORBI_3004G179700	170.992
SORBI_3004G179800	5
SORBI_3004G179900	0
SORBI_3004G180000	165.913
SORBI_3004G180033	49.05
SORBI_3004G180066	14.018
SORBI_3004G180100	0
SORBI_3004G180200	0
SORBI_3004G180301	0
SORBI_3004G180400	0
SORBI_3004G180500	64
SORBI_3004G180600	25
SORBI_3004G180700	0
SORBI_3004G180800	0
SORBI_3004G180900	497
SORBI_3004G180950	0
SORBI_3004G181000	0
SORBI_3004G181100	0
SORBI_3004G181200	0
SORBI_3004G181300	25
SORBI_3004G181400	23
SORBI_3004G181500	19
SORBI_3004G181600	950.033
SORBI_3004G181700	1031.972
SORBI_3004G181800	61.001
SORBI_3004G181900	268
SORBI_3004G182000	0
SORBI_3004G182100	246.54
SORBI_3004G182201	230
SORBI_3004G182300	402
SORBI_3004G182500	483
SORBI_3004G182600	28
SORBI_3004G182700	0
SORBI_3004G182800	170
SORBI_3004G182900	496.044
SORBI_3004G183000	1
SORBI_3004G183100	8
SORBI_3004G183200	175
SORBI_3004G183300	28
SORBI_3004G183400	368.575
SORBI_3004G183501	71.46
SORBI_3004G183600	281
SORBI_3004G183701	1
SORBI_3004G183800	392.95
SORBI_3004G183900	0
SORBI_3004G183950	0
SORBI_3004G184000	146
SORBI_3004G184101	0
SORBI_3004G184200	250
SORBI_3004G184300	0
SORBI_3004G184400	39.664
SORBI_3004G184500	88.336
SORBI_3004G184600	0
SORBI_3004G184700	36
SORBI_3004G184800	30
SORBI_3004G184900	115
SORBI_3004G185000	0
SORBI_3004G185100	0
SORBI_3004G185200	8
ENSRNA049438673	0
SORBI_3004G185300	3
SORBI_3004G185400	3
SORBI_3004G185500	114.885
SORBI_3004G185600	71
SORBI_3004G185800	172
SORBI_3004G185900	368.025
SORBI_3004G186000	134
SORBI_3004G186100	32
SORBI_3004G186200	31
SORBI_3004G186300	1562.31
SORBI_3004G186400	0
SORBI_3004G186500	94
SORBI_3004G186600	122
SORBI_3004G186800	1153
SORBI_3004G186900	1194.028
SORBI_3004G186950	0
SORBI_3004G187000	10
SORBI_3004G187100	39
SORBI_3004G187200	3
SORBI_3004G187300	34
SORBI_3004G187400	0
SORBI_3004G187501	1
SORBI_3004G187600	1
SORBI_3004G187701	60
SORBI_3004G187800	173
SORBI_3004G187900	5130.352
SORBI_3004G188000	116
SORBI_3004G188100	65
SORBI_3004G188201	2
SORBI_3004G188300	442
SORBI_3004G188400	1048
SORBI_3004G188500	139.032
SORBI_3004G188600	194
SORBI_3004G188701	0
SORBI_3004G188800	104
SORBI_3004G188900	0
SORBI_3004G189000	0
SORBI_3004G189100	6
SORBI_3004G189200	430.345
SORBI_3004G189301	0
SORBI_3004G189400	474.634
SORBI_3004G189500	328
SORBI_3004G189600	226.437
SORBI_3004G189700	30
ENSRNA049439315	0
SORBI_3004G189800	1398.769
SORBI_3004G189900	1065
SORBI_3004G190100	510
SORBI_3004G190200	0
SORBI_3004G190300	0
SORBI_3004G190400	0
SORBI_3004G190500	2
SORBI_3004G190600	1039
SORBI_3004G190700	241
SORBI_3004G190800	16
SORBI_3004G190900	7
SORBI_3004G191000	28
SORBI_3004G191100	26
SORBI_3004G191200	4
SORBI_3004G191300	2
SORBI_3004G191400	35
SORBI_3004G191500	327.001
SORBI_3004G191600	76
SORBI_3004G191700	104
ENSRNA049439291	0
SORBI_3004G191800	0
SORBI_3004G191901	14
SORBI_3004G192001	0
SORBI_3004G192100	40
SORBI_3004G192200	618
SORBI_3004G192300	1
SORBI_3004G192400	9
SORBI_3004G192450	2
ENSRNA049481630	0
SORBI_3004G192500	73
SORBI_3004G192600	0
SORBI_3004G192700	19
SORBI_3004G192800	15
SORBI_3004G192900	145
SORBI_3004G193000	1973.173
SORBI_3004G193100	0
SORBI_3004G193200	82.001
SORBI_3004G193300	437
SORBI_3004G193350	0
SORBI_3004G193400	202
SORBI_3004G193500	2
SORBI_3004G193600	22
SORBI_3004G193700	220
SORBI_3004G193800	147
SORBI_3004G193900	3
SORBI_3004G194000	41
SORBI_3004G194100	97
SORBI_3004G194200	1
SORBI_3004G194400	47
SORBI_3004G194500	1
SORBI_3004G194600	0
SORBI_3004G194700	37
SORBI_3004G194800	8.076
SORBI_3004G194900	266.924
SORBI_3004G194950	0
SORBI_3004G195000	110
SORBI_3004G195300	9
SORBI_3004G195400	0
SORBI_3004G195500	0
SORBI_3004G195600	0
SORBI_3004G195650	0
SORBI_3004G195700	32
SORBI_3004G195800	103
ENSRNA049438686	0
SORBI_3004G195900	0
SORBI_3004G196000	0
ENSRNA049438695	0
SORBI_3004G196101	1
SORBI_3004G196200	0
SORBI_3004G196300	746
SORBI_3004G196400	678
SORBI_3004G196500	16
SORBI_3004G196600	0
SORBI_3004G196700	362.977
SORBI_3004G196800	42.91
SORBI_3004G196900	0
SORBI_3004G197000	0
SORBI_3004G197100	0
SORBI_3004G197200	0
SORBI_3004G197300	0
SORBI_3004G197400	2
SORBI_3004G197600	7056.942
SORBI_3004G197700	4
SORBI_3004G197800	0
SORBI_3004G197900	9.001
SORBI_3004G198000	1156
SORBI_3004G198100	0
SORBI_3004G198200	0
SORBI_3004G198300	47
SORBI_3004G198350	0
SORBI_3004G198400	970.987
SORBI_3004G198500	484
ENSRNA049481637	0
SORBI_3004G198550	0
SORBI_3004G198600	162
SORBI_3004G198701	0
SORBI_3004G198800	35
SORBI_3004G198900	290
SORBI_3004G199000	4
SORBI_3004G199100	0
SORBI_3004G199200	189
SORBI_3004G199300	322
SORBI_3004G199400	46
SORBI_3004G199500	143
ENSRNA049481629	0
SORBI_3004G199600	22
SORBI_3004G199700	62
SORBI_3004G199800	2
SORBI_3004G199900	160
SORBI_3004G200000	249.424
SORBI_3004G200100	2
SORBI_3004G200200	6275.577
SORBI_3004G200400	67
SORBI_3004G200501	0
SORBI_3004G200600	0
SORBI_3004G200700	0
SORBI_3004G200800	71.646
SORBI_3004G200833	15.317
SORBI_3004G200866	18.493
SORBI_3004G200900	26.81
SORBI_3004G201000	0
SORBI_3004G201100	11.275
SORBI_3004G201200	0
SORBI_3004G201300	388.499
SORBI_3004G201400	0
SORBI_3004G201600	69
SORBI_3004G201700	3895
SORBI_3004G201800	0
SORBI_3004G201900	190
SORBI_3004G202000	92
SORBI_3004G202100	604.395
SORBI_3004G202200	311.004
SORBI_3004G202300	228
SORBI_3004G202400	191
SORBI_3004G202500	1658.973
SORBI_3004G202600	104
SORBI_3004G202700	15
SORBI_3004G202750	0
SORBI_3004G202800	5
SORBI_3004G202900	9
SORBI_3004G203000	0
SORBI_3004G203100	487.777
SORBI_3004G203150	0
SORBI_3004G203200	47
SORBI_3004G203301	0
SORBI_3004G203400	495
SORBI_3004G203500	1488.948
SORBI_3004G203600	557.222
SORBI_3004G203633	0
SORBI_3004G203666	0
SORBI_3004G203700	3
SORBI_3004G203800	30
SORBI_3004G203900	142
SORBI_3004G204000	278
SORBI_3004G204100	806.877
SORBI_3004G204200	641
SORBI_3004G204300	1
SORBI_3004G204400	1
SORBI_3004G204500	155
SORBI_3004G204600	133
SORBI_3004G204650	0
SORBI_3004G204700	0
SORBI_3004G204800	848
SORBI_3004G204900	1215.999
SORBI_3004G205000	713
SORBI_3004G205100	206
SORBI_3004G205200	5
SORBI_3004G205300	3
SORBI_3004G205400	0
SORBI_3004G205500	22
SORBI_3004G205600	3739.793
SORBI_3004G205700	65
SORBI_3004G205800	2752.81
SORBI_3004G205900	0
SORBI_3004G206000	1
SORBI_3004G206050	2
SORBI_3004G206100	27
SORBI_3004G206200	56
SORBI_3004G206300	84
SORBI_3004G206401	2
SORBI_3004G206500	0
SORBI_3004G206600	0
SORBI_3004G206700	115
SORBI_3004G206800	0
ENSRNA049996339	0
SORBI_3004G206900	20.998
SORBI_3004G207000	97
SORBI_3004G207100	32
SORBI_3004G207200	24
SORBI_3004G207300	109
SORBI_3004G207350	0
SORBI_3004G207400	1845.74
SORBI_3004G207500	0
SORBI_3004G207600	0
SORBI_3004G207700	1082.065
SORBI_3004G207733	0
SORBI_3004G207766	0
SORBI_3004G207800	0
SORBI_3004G207900	605.226
SORBI_3004G208000	418.225
SORBI_3004G208100	523.067
SORBI_3004G208201	6
ENSRNA049481654	0
ENSRNA049481692	0
SORBI_3004G208301	151
SORBI_3004G208400	247.444
SORBI_3004G208500	463.578
SORBI_3004G208600	299
SORBI_3004G208700	1013.483
SORBI_3004G208800	179
SORBI_3004G208900	194
SORBI_3004G209000	162
SORBI_3004G209100	0
ENSRNA049438717	0
SORBI_3004G209200	0
SORBI_3004G209300	115.785
SORBI_3004G209400	0
SORBI_3004G209450	0
SORBI_3004G209500	204.283
SORBI_3004G209600	249.999
SORBI_3004G209700	160
SORBI_3004G209800	633
SORBI_3004G209900	1079
SORBI_3004G210000	432
SORBI_3004G210101	321
SORBI_3004G210200	88.003
SORBI_3004G210300	58.653
SORBI_3004G210400	0
SORBI_3004G210500	86
SORBI_3004G210601	0
SORBI_3004G210700	0
SORBI_3004G210800	358
SORBI_3004G210900	515.316
SORBI_3004G211000	1
ENSRNA049481658	0
SORBI_3004G211100	554
SORBI_3004G211200	13
SORBI_3004G211301	143.708
SORBI_3004G211400	937.991
SORBI_3004G211501	79.112
SORBI_3004G211600	122.756
SORBI_3004G211700	0
SORBI_3004G211800	0
SORBI_3004G211833	522
SORBI_3004G211866	95.763
SORBI_3004G211900	2882.635
SORBI_3004G212000	202
SORBI_3004G212100	331
SORBI_3004G212200	195
SORBI_3004G212250	0
SORBI_3004G212300	1556.21
SORBI_3004G212350	2
SORBI_3004G212400	420
SORBI_3004G212600	18
SORBI_3004G212500	47
SORBI_3004G212700	636
SORBI_3004G212800	1
ENSRNA049996348	0
SORBI_3004G212900	5
SORBI_3004G213000	1679.63
SORBI_3004G213100	228
SORBI_3004G213200	509
SORBI_3004G213300	138
SORBI_3004G213400	0
SORBI_3004G213500	0
SORBI_3004G213600	1725.043
SORBI_3004G213800	370
SORBI_3004G213900	15
SORBI_3004G214000	43
SORBI_3004G214100	2894.735
SORBI_3004G214200	257
SORBI_3004G214300	3
SORBI_3004G214400	80
SORBI_3004G214500	100
SORBI_3004G214700	22
SORBI_3004G214800	0
SORBI_3004G214900	180
SORBI_3004G215000	0
SORBI_3004G215100	4
SORBI_3004G215200	7
SORBI_3004G215300	0
SORBI_3004G215400	0
SORBI_3004G215500	0
SORBI_3004G215600	61
SORBI_3004G215650	0
SORBI_3004G215700	258.239
SORBI_3004G215800	171
SORBI_3004G215900	434.234
SORBI_3004G216001	0
SORBI_3004G216100	0
SORBI_3004G216200	26
SORBI_3004G216300	61.192
ENSRNA049481712	6.808
SORBI_3004G216400	454.752
SORBI_3004G216500	100.001
SORBI_3004G216600	71
ENSRNA049481639	0
SORBI_3004G216650	0
SORBI_3004G216700	335
SORBI_3004G216800	391.199
SORBI_3004G216900	150
SORBI_3004G217000	1
SORBI_3004G217100	3
SORBI_3004G217200	0
SORBI_3004G217300	0
SORBI_3004G217400	0
SORBI_3004G217450	12
SORBI_3004G217600	163.022
SORBI_3004G217500	0
SORBI_3004G217700	58
SORBI_3004G217800	1
SORBI_3004G217900	40
SORBI_3004G218000	1
SORBI_3004G218100	0
ENSRNA049439272	0
SORBI_3004G218200	0
SORBI_3004G218300	620
SORBI_3004G218400	0
SORBI_3004G218500	28
SORBI_3004G218600	1490
SORBI_3004G218700	4
SORBI_3004G218800	0
SORBI_3004G218900	16
SORBI_3004G219000	243
SORBI_3004G219100	83
SORBI_3004G219200	7.873
SORBI_3004G219300	360.378
SORBI_3004G219400	79
SORBI_3004G219500	0
SORBI_3004G219600	143.003
SORBI_3004G219700	38
SORBI_3004G219800	83
SORBI_3004G219900	359
SORBI_3004G220000	2171
SORBI_3004G220101	0
SORBI_3004G220200	24
SORBI_3004G220300	2319.998
SORBI_3004G220400	4132.006
SORBI_3004G220500	0
SORBI_3004G220600	1161.147
SORBI_3004G220700	1713.203
SORBI_3004G220900	0
SORBI_3004G221000	0
SORBI_3004G221100	2
SORBI_3004G221150	18
SORBI_3004G221200	0
SORBI_3004G221300	672.005
SORBI_3004G221400	340
SORBI_3004G221500	19
SORBI_3004G221600	0
SORBI_3004G221700	0
SORBI_3004G221800	0
SORBI_3004G221900	6
SORBI_3004G222000	1223
SORBI_3004G222100	22
SORBI_3004G222150	1
SORBI_3004G222200	0
SORBI_3004G222300	0
SORBI_3004G222400	0
SORBI_3004G222500	4593.012
SORBI_3004G222600	1668.955
SORBI_3004G222700	1
SORBI_3004G222800	714
SORBI_3004G222900	0
SORBI_3004G223000	727.676
SORBI_3004G223100	0
SORBI_3004G223300	528.411
SORBI_3004G223350	0
SORBI_3004G223400	2
SORBI_3004G223500	18
SORBI_3004G223600	1261.221
SORBI_3004G223700	0
SORBI_3004G223800	116.03
SORBI_3004G223900	191
SORBI_3004G224000	513
SORBI_3004G224100	184.698
SORBI_3004G224200	29
SORBI_3004G224300	0
SORBI_3004G224350	0
SORBI_3004G224400	0
SORBI_3004G224500	390.15
SORBI_3004G224600	191
SORBI_3004G224700	92.718
SORBI_3004G224733	0
SORBI_3004G224766	38.282
SORBI_3004G224800	284.021
SORBI_3004G224900	1082
SORBI_3004G225000	305
SORBI_3004G225100	1785.276
SORBI_3004G225200	3103.899
SORBI_3004G225300	82
SORBI_3004G225400	4
SORBI_3004G225450	0
SORBI_3004G225500	96.045
ENSRNA049438755	0
SORBI_3004G225550	0
SORBI_3004G225600	239
SORBI_3004G225700	39
SORBI_3004G225800	1
SORBI_3004G225900	83
ENSRNA049438766	0
SORBI_3004G226000	0
SORBI_3004G226100	2
SORBI_3004G226200	1
SORBI_3004G226300	0
SORBI_3004G226400	255.057
SORBI_3004G226500	201
SORBI_3004G226600	705.853
SORBI_3004G226700	229.028
SORBI_3004G226800	126
SORBI_3004G226900	50
ENSRNA049439238	0
SORBI_3004G227000	0
SORBI_3004G227100	92
SORBI_3004G227200	20
SORBI_3004G227300	93
SORBI_3004G227400	289
SORBI_3004G227500	721
SORBI_3004G227550	0
SORBI_3004G227600	847.985
SORBI_3004G227700	256.526
SORBI_3004G227800	3
SORBI_3004G227900	0
SORBI_3004G228000	221
SORBI_3004G228100	12
SORBI_3004G228200	111
SORBI_3004G228300	14
SORBI_3004G228400	3
SORBI_3004G228500	63
SORBI_3004G228600	0
SORBI_3004G228700	319
SORBI_3004G228800	593.03
SORBI_3004G228850	0
SORBI_3004G228900	12
SORBI_3004G229000	364
SORBI_3004G229100	159
ENSRNA049439226	0
SORBI_3004G229200	611
SORBI_3004G229300	1041.982
SORBI_3004G229400	0
SORBI_3004G229500	8
SORBI_3004G229700	0
SORBI_3004G229800	269
SORBI_3004G229900	0
SORBI_3004G230000	0
SORBI_3004G230100	0
SORBI_3004G230200	29
SORBI_3004G230400	0
SORBI_3004G230300	0
SORBI_3004G230500	0
SORBI_3004G230600	0
SORBI_3004G230650	0
SORBI_3004G230700	2
SORBI_3004G230800	10.052
SORBI_3004G230900	839.554
SORBI_3004G231001	10
SORBI_3004G231100	0
SORBI_3004G231200	84
SORBI_3004G231300	641
SORBI_3004G231350	2.874
SORBI_3004G231400	1147.968
SORBI_3004G231501	19.032
SORBI_3004G231600	577
SORBI_3004G231700	0
SORBI_3004G231800	33
SORBI_3004G231850	58.998
SORBI_3004G231900	380.422
SORBI_3004G232000	179
SORBI_3004G232100	18
SORBI_3004G232201	0
SORBI_3004G232300	703
SORBI_3004G232400	43.003
SORBI_3004G232500	66
SORBI_3004G232600	14
SORBI_3004G232700	137
SORBI_3004G232800	184
SORBI_3004G232900	11
SORBI_3004G233000	31
SORBI_3004G233100	3
SORBI_3004G233200	4351.207
SORBI_3004G233300	97
SORBI_3004G233400	43
SORBI_3004G233500	8
SORBI_3004G233600	84
SORBI_3004G233700	20
SORBI_3004G233800	0
SORBI_3004G233900	102
SORBI_3004G234000	1
SORBI_3004G234100	364
SORBI_3004G234200	12
SORBI_3004G234300	103
SORBI_3004G234400	0
SORBI_3004G234500	45.046
SORBI_3004G234600	0
SORBI_3004G234700	0
SORBI_3004G234832	77.681
SORBI_3004G234766	0
SORBI_3004G234900	1877.007
SORBI_3004G235000	164.001
SORBI_3004G235100	24
ENSRNA049439210	0
SORBI_3004G235200	216
SORBI_3004G235300	29
SORBI_3004G235500	75
SORBI_3004G235600	10
SORBI_3004G235700	5
SORBI_3004G235750	0
SORBI_3004G235801	0
SORBI_3004G235851	0
SORBI_3004G235900	3
SORBI_3004G236000	90
SORBI_3004G236100	14
SORBI_3004G236200	957
SORBI_3004G236300	1081
SORBI_3004G236400	679
SORBI_3004G236500	73
SORBI_3004G236550	56
SORBI_3004G236600	2712.726
SORBI_3004G236800	65
SORBI_3004G236901	2
SORBI_3004G237000	1
SORBI_3004G237100	293.077
SORBI_3004G237200	117
SORBI_3004G237300	14
SORBI_3004G237400	528
SORBI_3004G237500	20
SORBI_3004G237600	243
SORBI_3004G237700	513.012
SORBI_3004G237800	66
SORBI_3004G237900	0
SORBI_3004G238000	0
SORBI_3004G238100	320
SORBI_3004G238200	396
SORBI_3004G238400	0
SORBI_3004G238500	276
SORBI_3004G238600	127
SORBI_3004G238700	28
SORBI_3004G238801	0
SORBI_3004G238900	72
SORBI_3004G239000	0
ENSRNA049996318	0
SORBI_3004G239100	9
SORBI_3004G239200	223.19
SORBI_3004G239301	0
SORBI_3004G239400	0
SORBI_3004G239500	69
SORBI_3004G239700	8
SORBI_3004G239750	28
SORBI_3004G239800	0
SORBI_3004G239901	25
SORBI_3004G240000	82
SORBI_3004G240100	8
SORBI_3004G240250	0
SORBI_3004G240400	239
SORBI_3004G240500	461.02
SORBI_3004G240600	321
SORBI_3004G240700	0
SORBI_3004G240800	762
SORBI_3004G240900	373
SORBI_3004G241000	13
SORBI_3004G241100	404.028
SORBI_3004G241200	34
SORBI_3004G241300	8
SORBI_3004G241400	162
SORBI_3004G241500	25
SORBI_3004G241600	22
SORBI_3004G241700	51.669
SORBI_3004G241800	128.842
SORBI_3004G241850	0
SORBI_3004G241900	911.003
SORBI_3004G242000	885.528
SORBI_3004G242100	196.818
SORBI_3004G242200	45
SORBI_3004G242250	0
SORBI_3004G242300	37
SORBI_3004G242400	3342.594
SORBI_3004G242500	169
SORBI_3004G242600	0
SORBI_3004G242700	197
SORBI_3004G242850	2
SORBI_3004G242800	0
SORBI_3004G242900	1
SORBI_3004G243000	40
SORBI_3004G243100	92
SORBI_3004G243200	3
SORBI_3004G243300	0
SORBI_3004G243400	374
SORBI_3004G243500	13
SORBI_3004G243600	225
SORBI_3004G243700	0
SORBI_3004G243800	79
SORBI_3004G243900	1
SORBI_3004G244000	1169
SORBI_3004G244100	990.638
SORBI_3004G244200	0
SORBI_3004G244300	2375.736
SORBI_3004G244400	397
SORBI_3004G244500	1041.738
SORBI_3004G244600	100
SORBI_3004G244700	0
SORBI_3004G244800	4761.784
SORBI_3004G244900	406
SORBI_3004G245000	535
SORBI_3004G245100	5
SORBI_3004G245200	4
SORBI_3004G245300	0
SORBI_3004G245400	0
SORBI_3004G245450	0
SORBI_3004G245500	5
SORBI_3004G245600	0
SORBI_3004G245700	11
SORBI_3004G245800	6
SORBI_3004G245850	92
SORBI_3004G245900	296
SORBI_3004G246000	259
SORBI_3004G246100	669
SORBI_3004G246200	164
SORBI_3004G246300	0
SORBI_3004G246400	2210.839
SORBI_3004G246500	36
SORBI_3004G246600	6
SORBI_3004G246700	125
SORBI_3004G246800	20
SORBI_3004G246900	447
SORBI_3004G246950	0
SORBI_3004G247000	10497.48
SORBI_3004G247100	60
SORBI_3004G247200	1175
SORBI_3004G247300	0
SORBI_3004G247400	246
SORBI_3004G247500	7
SORBI_3004G247600	1369.414
SORBI_3004G247650	1
SORBI_3004G247700	95
SORBI_3004G247800	253
SORBI_3004G247900	0
SORBI_3004G248000	3
SORBI_3004G248100	0
SORBI_3004G248200	0
SORBI_3004G248300	0
SORBI_3004G248400	93
SORBI_3004G248500	2
SORBI_3004G248600	917
SORBI_3004G248700	22
SORBI_3004G248800	196
SORBI_3004G248900	201
SORBI_3004G249000	2
SORBI_3004G249100	851.667
SORBI_3004G249200	0
SORBI_3004G249300	1314.088
SORBI_3004G249400	1
SORBI_3004G249500	1
SORBI_3004G249600	113
SORBI_3004G249700	0
SORBI_3004G249800	167
SORBI_3004G249900	4
SORBI_3004G249950	0
SORBI_3004G250000	41
SORBI_3004G250100	10
SORBI_3004G250200	44
SORBI_3004G250300	1337
SORBI_3004G250400	0
SORBI_3004G250500	160
SORBI_3004G250600	43
SORBI_3004G250700	464
SORBI_3004G250800	0
SORBI_3004G250900	656
SORBI_3004G251000	0
SORBI_3004G251100	0
SORBI_3004G251150	0
SORBI_3004G251200	327.971
SORBI_3004G251300	1162
SORBI_3004G251350	1
SORBI_3004G251400	0
SORBI_3004G251500	73
SORBI_3004G251600	0
SORBI_3004G251701	0
SORBI_3004G251800	1
SORBI_3004G251900	0
SORBI_3004G252000	323
SORBI_3004G252100	699
SORBI_3004G252200	28
SORBI_3004G252250	0
SORBI_3004G252300	0
SORBI_3004G252400	15
SORBI_3004G252500	144
SORBI_3004G252600	1
SORBI_3004G252700	0
ENSRNA049438783	0
SORBI_3004G252800	5
SORBI_3004G252850	0
SORBI_3004G252900	445.999
SORBI_3004G253000	581.247
SORBI_3004G253050	93.844
ENSRNA049481667	0
ENSRNA049481642	0
ENSRNA049481650	0
ENSRNA049481660	0
ENSRNA049481706	0
ENSRNA049481703	0
SORBI_3004G253100	353
SORBI_3004G253200	2
SORBI_3004G253300	4
SORBI_3004G253400	40
SORBI_3004G253500	3
SORBI_3004G253601	50
SORBI_3004G253700	4
SORBI_3004G253800	1
ENSRNA049481687	0
SORBI_3004G253900	277
SORBI_3004G254000	31
SORBI_3004G254100	0
SORBI_3004G254200	0
SORBI_3004G254300	0
SORBI_3004G254400	0
SORBI_3004G254500	0
SORBI_3004G254600	205
SORBI_3004G254700	0
SORBI_3004G254800	748.924
SORBI_3004G254900	0
SORBI_3004G255000	21
SORBI_3004G255100	0
SORBI_3004G255200	34
SORBI_3004G255300	20
SORBI_3004G255400	7
SORBI_3004G255500	127
SORBI_3004G255550	0
SORBI_3004G255600	509
SORBI_3004G255700	2366.037
SORBI_3004G255800	96
SORBI_3004G255900	0
SORBI_3004G256000	775.001
SORBI_3004G256100	2
SORBI_3004G256200	20
SORBI_3004G256300	367
SORBI_3004G256400	0
SORBI_3004G256500	1538.021
SORBI_3004G256550	0
SORBI_3004G256600	4957.018
SORBI_3004G256700	575.479
SORBI_3004G256800	178.977
ENSRNA049438828	0
SORBI_3004G256900	36
SORBI_3004G257000	426.555
SORBI_3004G257100	1435.029
SORBI_3004G257200	875.548
SORBI_3004G257300	2755.343
SORBI_3004G257350	299
SORBI_3004G257400	751.513
SORBI_3004G257500	1
SORBI_3004G257600	0
SORBI_3004G257700	111
SORBI_3004G257800	619
SORBI_3004G257900	0
SORBI_3004G258000	1
SORBI_3004G258200	14
SORBI_3004G258300	46
SORBI_3004G258400	64
SORBI_3004G258450	2
SORBI_3004G258500	0
SORBI_3004G258600	44
SORBI_3004G258700	253
SORBI_3004G258800	9
SORBI_3004G258900	0
SORBI_3004G259000	752
SORBI_3004G259101	16
SORBI_3004G259200	11441.297
SORBI_3004G259300	73
SORBI_3004G259366	40
SORBI_3004G259432	55
SORBI_3004G259500	31
SORBI_3004G259600	6
SORBI_3004G259700	805.002
SORBI_3004G259800	23
SORBI_3004G259900	181
SORBI_3004G260000	570.284
SORBI_3004G260100	3509.093
SORBI_3004G260200	402
SORBI_3004G260250	0
SORBI_3004G260300	397
SORBI_3004G260400	92
SORBI_3004G260500	65
SORBI_3004G260600	0
SORBI_3004G260700	0
SORBI_3004G260800	3558.816
SORBI_3004G260900	0
SORBI_3004G261000	0
SORBI_3004G261100	111
SORBI_3004G261200	1755
SORBI_3004G261300	36
SORBI_3004G261400	0
SORBI_3004G261500	643.983
SORBI_3004G261600	719.001
SORBI_3004G261700	104
SORBI_3004G261800	78
SORBI_3004G261900	397.005
SORBI_3004G262000	390
SORBI_3004G262100	7
SORBI_3004G262200	163
SORBI_3004G262300	270
SORBI_3004G262400	29
SORBI_3004G262500	352.989
SORBI_3004G262550	0
SORBI_3004G262600	982.782
SORBI_3004G262700	1888
SORBI_3004G262800	38
SORBI_3004G262900	54
SORBI_3004G263000	3
SORBI_3004G263100	0
SORBI_3004G263200	105
SORBI_3004G263300	76
SORBI_3004G263400	468
SORBI_3004G263500	1072.025
SORBI_3004G263600	303.683
SORBI_3004G263700	1
SORBI_3004G263800	330.736
SORBI_3004G263900	304.962
SORBI_3004G264000	54.016
SORBI_3004G264100	0
SORBI_3004G264200	0
SORBI_3004G264300	2025.995
SORBI_3004G264400	1537.949
SORBI_3004G264450	0
SORBI_3004G264500	60
SORBI_3004G264600	2
SORBI_3004G264700	1889.025
ENSRNA049480719	0
SORBI_3004G264800	0
SORBI_3004G264900	354
SORBI_3004G265000	11
SORBI_3004G265066	0
SORBI_3004G265132	1
SORBI_3004G265200	0
SORBI_3004G265300	13
ENSRNA049480759	0
SORBI_3004G265400	12.103
SORBI_3004G265500	551
SORBI_3004G265600	729.896
SORBI_3004G265700	425
SORBI_3004G265800	582.946
SORBI_3004G265900	983
SORBI_3004G266000	294
SORBI_3004G266100	1
SORBI_3004G266200	5
SORBI_3004G266300	53
SORBI_3004G266400	337.012
SORBI_3004G266500	0
SORBI_3004G266600	0
SORBI_3004G266700	0
SORBI_3004G266800	2
SORBI_3004G266900	271.227
SORBI_3004G267000	23
SORBI_3004G267200	1
SORBI_3004G267300	2888
SORBI_3004G267400	27
SORBI_3004G267500	217.969
SORBI_3004G267600	74
SORBI_3004G267650	0
SORBI_3004G267700	220
SORBI_3004G267800	84
SORBI_3004G267900	141
SORBI_3004G267950	0
SORBI_3004G268000	704
SORBI_3004G268100	661
SORBI_3004G268200	2101.99
SORBI_3004G268300	114
SORBI_3004G268400	2
SORBI_3004G268500	1
SORBI_3004G268600	126
SORBI_3004G268700	15003.333
SORBI_3004G268800	0
SORBI_3004G268900	343
SORBI_3004G269000	427
SORBI_3004G269100	37
SORBI_3004G269200	1556.999
SORBI_3004G269300	0
SORBI_3004G269400	60
SORBI_3004G269500	36
SORBI_3004G269600	29
SORBI_3004G269700	125
SORBI_3004G269800	355
SORBI_3004G269900	6.217
SORBI_3004G270000	1606
SORBI_3004G270100	0
SORBI_3004G270200	1157
SORBI_3004G270300	16
SORBI_3004G270350	0
SORBI_3004G270400	47
SORBI_3004G270500	193
SORBI_3004G270600	11
SORBI_3004G270700	0
SORBI_3004G270750	0
SORBI_3004G270800	252
SORBI_3004G270900	0
SORBI_3004G271000	538
SORBI_3004G271100	0
SORBI_3004G271200	70
SORBI_3004G271300	9
SORBI_3004G271350	2
SORBI_3004G271400	571.296
SORBI_3004G271500	57
SORBI_3004G271600	807
SORBI_3004G271700	551
SORBI_3004G271800	1
SORBI_3004G271900	1421.999
SORBI_3004G272000	0
SORBI_3004G272100	508
SORBI_3004G272200	239
SORBI_3004G272300	317.454
SORBI_3004G272400	410
SORBI_3004G272500	17
SORBI_3004G272600	63
SORBI_3004G272700	50
SORBI_3004G272800	1524.841
SORBI_3004G272900	137.946
SORBI_3004G272950	3
SORBI_3004G273000	10
SORBI_3004G273100	48
SORBI_3004G273200	2871.095
SORBI_3004G273300	486
SORBI_3004G273400	132
SORBI_3004G273500	71
SORBI_3004G273550	32
SORBI_3004G273600	2
SORBI_3004G273800	21
SORBI_3004G273900	12
SORBI_3004G274000	0
SORBI_3004G274100	77.001
SORBI_3004G274200	130
SORBI_3004G274300	0
SORBI_3004G274400	335.074
SORBI_3004G274500	1
SORBI_3004G274600	0
SORBI_3004G274700	148
SORBI_3004G274800	323
SORBI_3004G274900	111.001
SORBI_3004G275000	177
SORBI_3004G275100	3
SORBI_3004G275200	842.112
SORBI_3004G275400	20
SORBI_3004G275500	2
SORBI_3004G275600	813
SORBI_3004G275700	1357
SORBI_3004G275800	0
SORBI_3004G275900	38.035
SORBI_3004G276000	0
SORBI_3004G276100	86
SORBI_3004G276133	5
SORBI_3004G276166	0
SORBI_3004G276200	34
SORBI_3004G276300	2
SORBI_3004G276400	1199.994
SORBI_3004G276500	35
SORBI_3004G276600	0
SORBI_3004G276700	121
SORBI_3004G276800	0
SORBI_3004G276900	24
SORBI_3004G277000	125
SORBI_3004G277100	0
SORBI_3004G277200	317
SORBI_3004G277300	0
SORBI_3004G277400	161
SORBI_3004G277501	0
SORBI_3004G277600	0
SORBI_3004G277700	0
SORBI_3004G277800	0
SORBI_3004G277900	0
SORBI_3004G278000	159
SORBI_3004G278100	38
SORBI_3004G278200	318
SORBI_3004G278300	31
SORBI_3004G278400	123.982
SORBI_3004G278500	263
SORBI_3004G278600	57
SORBI_3004G278650	1
SORBI_3004G278700	30.925
SORBI_3004G278800	1
SORBI_3004G278900	64
SORBI_3004G279000	7
SORBI_3004G279100	1697.01
SORBI_3004G279150	0
SORBI_3004G279200	12
SORBI_3004G279300	21
SORBI_3004G279400	0
SORBI_3004G279500	179
SORBI_3004G279601	0
SORBI_3004G279700	5
SORBI_3004G279800	596
SORBI_3004G279900	0
SORBI_3004G280000	9
SORBI_3004G280100	161
SORBI_3004G280200	5748.859
SORBI_3004G280301	0
SORBI_3004G280401	0
SORBI_3004G280500	1
SORBI_3004G280600	2
SORBI_3004G280700	175
SORBI_3004G280800	661
SORBI_3004G280900	1966
SORBI_3004G281000	1
SORBI_3004G281200	363
SORBI_3004G281300	392.003
SORBI_3004G281400	6
SORBI_3004G281500	0
SORBI_3004G281600	3
SORBI_3004G281700	7
SORBI_3004G281750	12
SORBI_3004G281800	999.564
SORBI_3004G281900	70
SORBI_3004G282000	35
SORBI_3004G282100	761
SORBI_3004G282200	0
SORBI_3004G282301	0
SORBI_3004G282400	86
SORBI_3004G282500	10
SORBI_3004G282601	4
SORBI_3004G282700	427
SORBI_3004G282800	14
SORBI_3004G282900	2322
SORBI_3004G282933	0
SORBI_3004G282966	0
SORBI_3004G283000	836.096
SORBI_3004G283050	4
SORBI_3004G283100	387.82
SORBI_3004G283201	2099
SORBI_3004G283300	11925.542
SORBI_3004G283400	459
SORBI_3004G283500	23
SORBI_3004G283550	0
SORBI_3004G283600	952
SORBI_3004G283700	188
SORBI_3004G283800	6
SORBI_3004G283900	0
SORBI_3004G284001	36
SORBI_3004G284100	0
SORBI_3004G284200	40
ENSRNA049480722	0
SORBI_3004G284300	34
SORBI_3004G284400	163
SORBI_3004G284500	503
SORBI_3004G284600	17
SORBI_3004G284700	23
SORBI_3004G284800	210
SORBI_3004G284900	115
SORBI_3004G285000	305
ENSRNA049996330	0
SORBI_3004G285100	0
SORBI_3004G285200	93
SORBI_3004G285300	0
SORBI_3004G285400	141.002
SORBI_3004G285450	0
SORBI_3004G285500	3
SORBI_3004G285600	168
SORBI_3004G285650	0
SORBI_3004G285700	44
SORBI_3004G285800	232
SORBI_3004G285900	403
SORBI_3004G286000	41
SORBI_3004G286100	165
SORBI_3004G286200	32
SORBI_3004G286250	1
SORBI_3004G286301	8.946
SORBI_3004G286351	0
SORBI_3004G286400	10
SORBI_3004G286450	0
SORBI_3004G286500	161
SORBI_3004G286600	25373.265
SORBI_3004G286700	18
SORBI_3004G286800	35
SORBI_3004G286900	5
ENSRNA049996301	0
SORBI_3004G287000	8
SORBI_3004G287100	178
SORBI_3004G287200	0
SORBI_3004G287300	51.042
SORBI_3004G287400	32
SORBI_3004G287500	0
ENSRNA049480702	0
SORBI_3004G287600	28
SORBI_3004G287700	39
SORBI_3004G287800	36
SORBI_3004G287900	64
SORBI_3004G288000	0
SORBI_3004G288100	238
SORBI_3004G288200	28
SORBI_3004G288300	2
SORBI_3004G288400	0
SORBI_3004G288500	1
SORBI_3004G288600	403.991
SORBI_3004G288700	6259.046
SORBI_3004G288800	0
SORBI_3004G288900	0
SORBI_3004G289000	5
SORBI_3004G289100	0
SORBI_3004G289200	0
SORBI_3004G289300	0
SORBI_3004G289400	415
SORBI_3004G289500	0
SORBI_3004G289600	59
SORBI_3004G289700	0
SORBI_3004G289800	167.005
SORBI_3004G289900	0
SORBI_3004G290000	1022
ENSRNA049996311	0
SORBI_3004G290100	68
SORBI_3004G290200	15
SORBI_3004G290300	1
SORBI_3004G290400	11
SORBI_3004G290500	1
SORBI_3004G290600	107
SORBI_3004G290800	161.917
SORBI_3004G290850	0
SORBI_3004G290900	1
SORBI_3004G291000	168.083
SORBI_3004G291100	14.995
SORBI_3004G291200	0
SORBI_3004G291300	1
SORBI_3004G291400	113
SORBI_3004G291500	0
SORBI_3004G291600	0
SORBI_3004G291700	1
SORBI_3004G291800	0
SORBI_3004G291900	925.878
SORBI_3004G292001	0
SORBI_3004G292100	0
SORBI_3004G292200	0
SORBI_3004G292250	0
SORBI_3004G292300	0
SORBI_3004G292400	0
SORBI_3004G292500	0
SORBI_3004G292600	0
SORBI_3004G292700	0
SORBI_3004G292800	0
SORBI_3004G292833	0
SORBI_3004G292866	0
SORBI_3004G292900	7
SORBI_3004G293000	174
SORBI_3004G293100	3
SORBI_3004G293200	1
SORBI_3004G293300	0
SORBI_3004G293400	13
SORBI_3004G293500	9654.062
SORBI_3004G293600	6
SORBI_3004G293700	507
SORBI_3004G293800	0
SORBI_3004G293900	0
SORBI_3004G294000	2
SORBI_3004G294100	0
SORBI_3004G294200	0
SORBI_3004G294300	0
SORBI_3004G294400	0
SORBI_3004G294500	0
SORBI_3004G294600	1
SORBI_3004G294700	94.003
SORBI_3004G294800	72
SORBI_3004G294900	36
SORBI_3004G295000	0
SORBI_3004G295050	0
SORBI_3004G295100	117
SORBI_3004G295200	1
SORBI_3004G295300	122
SORBI_3004G295400	2
SORBI_3004G295500	102
SORBI_3004G295600	46
SORBI_3004G295700	0
SORBI_3004G295800	1422
SORBI_3004G295900	87.001
SORBI_3004G296000	397.999
SORBI_3004G296100	0
SORBI_3004G296200	485.987
SORBI_3004G296300	2.056
SORBI_3004G296400	391.944
SORBI_3004G296500	438
SORBI_3004G296600	508.698
SORBI_3004G296700	221
SORBI_3004G296750	0
SORBI_3004G296800	306
SORBI_3004G296900	14
SORBI_3004G297000	63
SORBI_3004G297100	49
SORBI_3004G297200	208
SORBI_3004G297300	474
SORBI_3004G297400	78
SORBI_3004G297500	152
SORBI_3004G297600	535
SORBI_3004G297700	1218
SORBI_3004G297800	5
SORBI_3004G297900	2
SORBI_3004G297950	5
SORBI_3004G298000	21
SORBI_3004G298100	155
SORBI_3004G298200	16
SORBI_3004G298250	0
SORBI_3004G298300	333
SORBI_3004G298400	0
SORBI_3004G298500	96
SORBI_3004G298600	17
SORBI_3004G298700	11
ENSRNA049480693	58
ENSRNA049480690	4
ENSRNA049480699	3
SORBI_3004G298800	32
ENSRNA049480697	0
ENSRNA049480677	0
ENSRNA049480731	0
ENSRNA049480746	0
ENSRNA049480751	1
ENSRNA049480696	0
ENSRNA049480688	2
SORBI_3004G298900	365.523
SORBI_3004G299000	51
SORBI_3004G299200	0
SORBI_3004G299300	270.001
SORBI_3004G299401	8
SORBI_3004G299500	4
SORBI_3004G299600	2
SORBI_3004G299700	1
SORBI_3004G299850	168
SORBI_3004G300000	538
SORBI_3004G300100	172
SORBI_3004G300200	1
SORBI_3004G300300	251.007
SORBI_3004G300400	0
ENSRNA049996294	0
SORBI_3004G300500	124
SORBI_3004G300600	44
SORBI_3004G300701	0
SORBI_3004G300800	204
SORBI_3004G300900	283
SORBI_3004G301000	41
SORBI_3004G301100	230
SORBI_3004G301200	531
SORBI_3004G301250	0
SORBI_3004G301300	0
SORBI_3004G301400	124
SORBI_3004G301500	1
SORBI_3004G301600	0
SORBI_3004G301650	0
SORBI_3004G301700	1107.683
SORBI_3004G301800	3
SORBI_3004G301900	1369.016
SORBI_3004G302000	1
SORBI_3004G302100	0
SORBI_3004G302150	343.188
SORBI_3004G302200	416
SORBI_3004G302300	1
SORBI_3004G302400	8.017
SORBI_3004G302500	369
SORBI_3004G302550	0
SORBI_3004G302600	328.757
ENSRNA049438917	0
SORBI_3004G302700	0
SORBI_3004G302800	819.085
SORBI_3004G302900	73
SORBI_3004G303000	51
SORBI_3004G303100	75
SORBI_3004G303150	0
ENSRNA049439138	0
SORBI_3004G303200	471
SORBI_3004G303300	14
SORBI_3004G303400	0
SORBI_3004G303433	0
ENSRNA049480754	0
SORBI_3004G303466	0
SORBI_3004G303500	21
SORBI_3004G303550	14.744
SORBI_3004G303600	235
SORBI_3004G303700	0
SORBI_3004G303800	1
SORBI_3004G303900	0
SORBI_3004G304000	11
SORBI_3004G304100	68
SORBI_3004G304200	11
SORBI_3004G304300	9
SORBI_3004G304400	15
SORBI_3004G304475	0
SORBI_3004G304550	1
SORBI_3004G304625	2
SORBI_3004G304700	1
SORBI_3004G304800	577.981
SORBI_3004G304900	216.02
SORBI_3004G305000	3202.714
SORBI_3004G305100	49
SORBI_3004G305200	70
SORBI_3004G305300	0
SORBI_3004G305400	286.98
SORBI_3004G305500	6
SORBI_3004G305600	800
SORBI_3004G305700	341
SORBI_3004G305733	3
SORBI_3004G305766	0
SORBI_3004G305800	105
SORBI_3004G305900	181
SORBI_3004G306100	342
SORBI_3004G306200	755.637
SORBI_3004G306300	51
SORBI_3004G306400	689
SORBI_3004G306500	2370.958
SORBI_3004G306700	36
SORBI_3004G306800	119
SORBI_3004G306900	1
SORBI_3004G307000	0
SORBI_3004G307100	1607.165
SORBI_3004G307200	4
SORBI_3004G307300	107
SORBI_3004G307400	120
SORBI_3004G307500	1034.143
SORBI_3004G307600	261
SORBI_3004G307700	93
SORBI_3004G307800	1
SORBI_3004G307900	6.373
SORBI_3004G308000	1
SORBI_3004G308100	75
SORBI_3004G308200	118
SORBI_3004G308300	0
SORBI_3004G308400	1830.999
SORBI_3004G308500	0
SORBI_3004G308600	28
SORBI_3004G308700	48
ENSRNA049480706	0
SORBI_3004G308800	8
SORBI_3004G308900	436.959
SORBI_3004G309000	0
SORBI_3004G309100	0
ENSRNA049439126	0
SORBI_3004G309200	17
SORBI_3004G309300	883
SORBI_3004G309400	47.217
SORBI_3004G309500	366
SORBI_3004G309600	997.408
SORBI_3004G309700	0
SORBI_3004G309800	952
SORBI_3004G309900	345
SORBI_3004G310000	0
SORBI_3004G310100	0
SORBI_3004G310200	24
SORBI_3004G310300	2095.187
SORBI_3004G310350	0
SORBI_3004G310400	1
SORBI_3004G310500	386
SORBI_3004G310600	146
SORBI_3004G310700	62
SORBI_3004G310800	14
SORBI_3004G310900	183
SORBI_3004G311000	219.038
SORBI_3004G311100	549
SORBI_3004G311200	40
SORBI_3004G311300	73
SORBI_3004G311400	783
SORBI_3004G311500	2626.004
SORBI_3004G311550	0
SORBI_3004G311600	1
SORBI_3004G311750	0
ENSRNA049996275	0
ENSRNA049996287	0
SORBI_3004G311900	583
SORBI_3004G312000	16
SORBI_3004G312100	222
SORBI_3004G312200	10
SORBI_3004G312300	134
SORBI_3004G312400	9
SORBI_3004G312500	112
SORBI_3004G312600	705
SORBI_3004G312700	37
SORBI_3004G312800	26
SORBI_3004G312900	13
SORBI_3004G313000	0
SORBI_3004G313100	1619.918
SORBI_3004G313200	69
SORBI_3004G313300	1082.874
SORBI_3004G313400	0
SORBI_3004G313500	38
SORBI_3004G313700	17
SORBI_3004G313750	2
SORBI_3004G313800	0
SORBI_3004G313900	5
SORBI_3004G314000	275
SORBI_3004G314100	0
SORBI_3004G314200	0
SORBI_3004G314300	0
ENSRNA049480683	0
SORBI_3004G314400	75
SORBI_3004G314500	376
SORBI_3004G314700	146.123
SORBI_3004G314750	0
SORBI_3004G314800	5
SORBI_3004G314900	0
SORBI_3004G315000	6
SORBI_3004G315100	27
SORBI_3004G315200	59
SORBI_3004G315300	2
SORBI_3004G315400	133
SORBI_3004G315500	235
SORBI_3004G315600	711
SORBI_3004G315700	379
SORBI_3004G315800	265
SORBI_3004G315850	0
SORBI_3004G315900	0
SORBI_3004G316000	0
SORBI_3004G316100	0
SORBI_3004G316200	0
SORBI_3004G316300	0
SORBI_3004G316350	0
SORBI_3004G316400	0
SORBI_3004G316500	22
SORBI_3004G316600	2
SORBI_3004G316700	743
SORBI_3004G316800	144
SORBI_3004G316900	67
SORBI_3004G317000	18
SORBI_3004G317050	0
SORBI_3004G317100	935
SORBI_3004G317200	0
SORBI_3004G317300	620
SORBI_3004G317401	0
SORBI_3004G317500	290
SORBI_3004G317600	142
SORBI_3004G317700	1370.813
SORBI_3004G317800	6.025
SORBI_3004G317900	21
SORBI_3004G318000	640.217
SORBI_3004G318100	1099.393
SORBI_3004G318200	113.074
SORBI_3004G318300	0
SORBI_3004G318400	19
SORBI_3004G318600	1
SORBI_3004G318700	9
SORBI_3004G318800	0
SORBI_3004G318900	4
SORBI_3004G319000	107
SORBI_3004G319050	0
SORBI_3004G319100	45
SORBI_3004G319300	2245
SORBI_3004G319400	130
SORBI_3004G319500	2
SORBI_3004G319600	86
SORBI_3004G319700	309
SORBI_3004G319800	59
SORBI_3004G319900	261
SORBI_3004G320000	478
SORBI_3004G320100	251.556
SORBI_3004G320200	2
SORBI_3004G320300	19
SORBI_3004G320401	1
ENSRNA049996260	0
SORBI_3004G320500	995
SORBI_3004G320600	1
SORBI_3004G320700	195
ENSRNA049480741	0
ENSRNA049439111	0
SORBI_3004G320800	729
SORBI_3004G320900	0
SORBI_3004G321000	23
SORBI_3004G321100	1239.999
SORBI_3004G321200	14
SORBI_3004G321300	3847.792
SORBI_3004G321400	7
SORBI_3004G321500	0
SORBI_3004G321600	0
SORBI_3004G321700	64
SORBI_3004G321800	304
SORBI_3004G321900	1161.595
SORBI_3004G322000	0
SORBI_3004G322100	0
SORBI_3004G322200	749.562
SORBI_3004G322300	135
SORBI_3004G322400	821.683
SORBI_3004G322500	1.316
SORBI_3004G322550	0
SORBI_3004G322600	1401.245
SORBI_3004G322650	0
SORBI_3004G322700	133.755
SORBI_3004G322800	2
SORBI_3004G322901	0
SORBI_3004G323000	0
SORBI_3004G323100	0
SORBI_3004G323200	0
SORBI_3004G323300	0
SORBI_3004G323400	367
SORBI_3004G323500	6
SORBI_3004G323600	212
SORBI_3004G323700	551.112
SORBI_3004G323800	49
SORBI_3004G323900	54
SORBI_3004G324000	5
SORBI_3004G324100	1463
SORBI_3004G324200	0
SORBI_3004G324300	0
SORBI_3004G324350	0
SORBI_3004G324400	0
SORBI_3004G324500	0
SORBI_3004G324600	7
SORBI_3004G324700	0
SORBI_3004G324800	0
SORBI_3004G324900	4
SORBI_3004G324950	0
SORBI_3004G325000	8
SORBI_3004G325100	291
SORBI_3004G325150	0
SORBI_3004G325200	98
SORBI_3004G325300	0
SORBI_3004G325400	449
SORBI_3004G325500	0
SORBI_3004G325600	226
SORBI_3004G325700	2181.07
SORBI_3004G325766	0
SORBI_3004G325832	0
SORBI_3004G325900	1893
SORBI_3004G326000	54
SORBI_3004G326100	7
SORBI_3004G326300	18
SORBI_3004G326200	54
SORBI_3004G326400	672
SORBI_3004G326500	4
SORBI_3004G326600	1666
SORBI_3004G326650	1
SORBI_3004G326700	0
SORBI_3004G326800	0
SORBI_3004G326900	495
SORBI_3004G327000	0
SORBI_3004G327100	81
SORBI_3004G327150	13
SORBI_3004G327200	119.071
SORBI_3004G327300	976.843
SORBI_3004G327400	190
SORBI_3004G327500	1024
SORBI_3004G327600	3
SORBI_3004G327700	116
SORBI_3004G327800	347
SORBI_3004G327900	1
SORBI_3004G328000	274
SORBI_3004G328100	28
SORBI_3004G328200	0
SORBI_3004G328300	32
SORBI_3004G328400	408
SORBI_3004G328500	0
SORBI_3004G328601	0
SORBI_3004G328700	0
SORBI_3004G328800	0
SORBI_3004G328900	0
SORBI_3004G329000	0
SORBI_3004G329100	11
SORBI_3004G329201	6
SORBI_3004G329300	1326.96
SORBI_3004G329400	397
SORBI_3004G329500	0
SORBI_3004G329600	0
SORBI_3004G329700	0
SORBI_3004G329800	6
SORBI_3004G330000	139
SORBI_3004G330100	0
SORBI_3004G330200	0
SORBI_3004G330300	0
SORBI_3004G330400	0
ENSRNA049480725	0
SORBI_3004G330500	0
SORBI_3004G330600	438
SORBI_3004G330700	79
SORBI_3004G330800	19
SORBI_3004G330900	103
SORBI_3004G331000	134.101
SORBI_3004G331100	550
SORBI_3004G331200	5
SORBI_3004G331300	0
SORBI_3004G331400	653.304
SORBI_3004G331500	0
SORBI_3004G331600	44
SORBI_3004G331700	2739.131
SORBI_3004G331800	321
SORBI_3004G331900	1276.954
SORBI_3004G332000	170
SORBI_3004G332100	205
SORBI_3004G332200	2
ENSRNA049480687	0
SORBI_3004G332300	299
SORBI_3004G332400	288
SORBI_3004G332500	23
SORBI_3004G332600	38
SORBI_3004G332700	0
SORBI_3004G332800	120
SORBI_3004G332900	200
SORBI_3004G333000	0
SORBI_3004G333100	867
SORBI_3004G333150	0
SORBI_3004G333200	16
SORBI_3004G333300	1
SORBI_3004G333400	324.982
SORBI_3004G333500	176
SORBI_3004G333600	3
SORBI_3004G333700	56
SORBI_3004G333800	568
SORBI_3004G333900	5
SORBI_3004G334000	2423.878
SORBI_3004G334100	8
SORBI_3004G334200	86
SORBI_3004G334300	463
SORBI_3004G334400	392
SORBI_3004G334501	8
SORBI_3004G334601	13
SORBI_3004G334700	0
ENSRNA049480685	0
SORBI_3004G334800	122
SORBI_3004G334900	0
SORBI_3004G335000	855.004
SORBI_3004G335100	0
SORBI_3004G335200	0
SORBI_3004G335300	1
ENSRNA049996269	0
ENSRNA049996250	0
SORBI_3004G335400	0
SORBI_3004G335500	0
SORBI_3004G335600	206
SORBI_3004G335700	436.483
SORBI_3004G335800	121
SORBI_3004G335900	8
SORBI_3004G336000	382
SORBI_3004G336100	92
SORBI_3004G336200	219.956
SORBI_3004G336300	269
SORBI_3004G336401	0
SORBI_3004G336500	79
SORBI_3004G336600	415
SORBI_3004G336700	37
ENSRNA049480743	0
SORBI_3004G336800	3
SORBI_3004G337000	186.658
SORBI_3004G337066	0
ENSRNA049480679	0
SORBI_3004G337132	0
SORBI_3004G337200	828
SORBI_3004G337300	50
SORBI_3004G337400	570
SORBI_3004G337500	6690.842
SORBI_3004G337600	0
SORBI_3004G337700	0
SORBI_3004G337800	1617.751
ENSRNA049996225	0
SORBI_3004G337850	0
SORBI_3004G337900	3893.53
SORBI_3004G337925	205.534
SORBI_3004G337950	0
SORBI_3004G337975	0
SORBI_3004G338000	11
SORBI_3004G338100	22
SORBI_3004G338200	331.02
SORBI_3004G338300	284
SORBI_3004G338400	1
SORBI_3004G338500	162.001
SORBI_3004G338600	0
SORBI_3004G338701	0
SORBI_3004G338800	1
SORBI_3004G338900	0
SORBI_3004G339000	91
SORBI_3004G339100	439
SORBI_3004G339200	1751.158
SORBI_3004G339300	154
ENSRNA049439003	0
SORBI_3004G339400	58
SORBI_3004G339500	1
SORBI_3004G339600	473
SORBI_3004G339700	91
SORBI_3004G339800	666
SORBI_3004G339900	46
SORBI_3004G340000	0
SORBI_3004G340100	159
SORBI_3004G340200	4
SORBI_3004G340300	0
SORBI_3004G340400	881
SORBI_3004G340500	3
SORBI_3004G340566	9
SORBI_3004G340632	13
SORBI_3004G340700	13
SORBI_3004G340800	182.952
SORBI_3004G340900	76
SORBI_3004G341000	28
SORBI_3004G341100	148
SORBI_3004G341200	2024.072
SORBI_3004G341300	36
SORBI_3004G341500	1
SORBI_3004G341600	12
SORBI_3004G341700	317
SORBI_3004G341800	989.999
SORBI_3004G341900	566
SORBI_3004G342000	0
SORBI_3004G342100	23
SORBI_3004G342200	75
SORBI_3004G342300	96
SORBI_3004G342400	860
SORBI_3004G342500	23
SORBI_3004G342600	114
SORBI_3004G342700	0
SORBI_3004G342800	0
SORBI_3004G342900	0
SORBI_3004G343000	19
SORBI_3004G343100	26
SORBI_3004G343300	143
SORBI_3004G343200	1171.784
SORBI_3004G343400	96
SORBI_3004G343500	177
SORBI_3004G343600	80
SORBI_3004G343700	16
SORBI_3004G343733	1
SORBI_3004G343766	0
SORBI_3004G343800	38
SORBI_3004G343900	72.291
SORBI_3004G344000	128.709
SORBI_3004G344100	0
SORBI_3004G344200	106
SORBI_3004G344301	0
SORBI_3004G344400	27
SORBI_3004G344500	139
SORBI_3004G344600	714
SORBI_3004G344700	88.951
SORBI_3004G344800	1277.961
SORBI_3004G344901	1340.388
SORBI_3004G345100	348
SORBI_3004G345001	0
SORBI_3004G345200	4
SORBI_3004G345300	1
SORBI_3004G345400	239
SORBI_3004G345500	332.272
SORBI_3004G345600	281
SORBI_3004G345700	375
SORBI_3004G345800	2985.971
SORBI_3004G345900	106
SORBI_3004G346000	181
SORBI_3004G346100	85
SORBI_3004G346200	14
SORBI_3004G346300	0
SORBI_3004G346400	61
SORBI_3004G346500	0
SORBI_3004G346600	0
SORBI_3004G346750	8
SORBI_3004G346700	0
SORBI_3004G346800	0
ENSRNA049996235	0
SORBI_3004G347000	0
SORBI_3004G347100	154
SORBI_3004G347200	0
SORBI_3004G347300	72
SORBI_3004G347400	1159.022
SORBI_3004G347500	241
SORBI_3004G347600	755.998
SORBI_3004G347700	9
SORBI_3004G347800	3776.166
SORBI_3004G347833	0
SORBI_3004G347866	0
SORBI_3004G347900	491.513
SORBI_3004G348000	0
SORBI_3004G348100	90
SORBI_3004G348200	0
SORBI_3004G348300	1398
SORBI_3004G348400	3
SORBI_3004G348500	0
SORBI_3004G348600	64
SORBI_3004G348700	12
SORBI_3004G348800	0
SORBI_3004G348900	198
SORBI_3004G349000	348.738
SORBI_3004G349100	630
SORBI_3004G349125	2
SORBI_3004G349150	0
SORBI_3004G349175	129
SORBI_3004G349237	1
SORBI_3004G349300	29
SORBI_3004G349400	143
SORBI_3004G349450	0
SORBI_3004G349500	0
SORBI_3004G349550	0
SORBI_3004G349600	0
SORBI_3004G349650	0
SORBI_3004G349700	1312.987
ENSRNA049480714	0
ENSRNA049480709	0
SORBI_3004G349800	662
SORBI_3004G349900	281
SORBI_3004G350000	1162.657
SORBI_3004G350100	693
SORBI_3004G350200	793.925
SORBI_3004G350300	1497.019
SORBI_3004G350400	0
SORBI_3004G350500	0
SORBI_3004G350600	11
SORBI_3004G350700	353
SORBI_3004G350800	25
SORBI_3004G350900	14
SORBI_3004G351000	1
SORBI_3004G351100	1356.998
SORBI_3004G351200	1180
SORBI_3004G351300	163
SORBI_3004G351400	24
SORBI_3004G351500	647
SORBI_3004G351600	115
SORBI_3004G351700	0
SORBI_3004G351800	39
SORBI_3004G351866	0
SORBI_3004G351932	0
SORBI_3004G352000	2
ENSRNA049439048	0
SORBI_3004G352100	482
SORBI_3004G352200	150
SORBI_3004G352301	22
SORBI_3004G352400	0
SORBI_3004G352500	197
SORBI_3004G352600	158
SORBI_3004G352700	61
SORBI_3004G352750	2
SORBI_3004G352800	2
SORBI_3004G352900	102
SORBI_3004G353000	1681.04
SORBI_3004G353100	459.958
SORBI_3004G353200	972
SORBI_3004G353300	158
SORBI_3004G353400	685
SORBI_3004G353500	327
SORBI_3004G353600	1391.004
SORBI_3004G353650	1
SORBI_3004G353700	1
SORBI_3004G353800	911.132
SORBI_3004G353900	61
SORBI_3004G354000	27
SORBI_3004G354100	172.998
SORBI_3004G354200	0
SORBI_3004G354301	46
SORBI_3004G354400	158
SORBI_3004G354500	2
SORBI_3004G354600	1
SORBI_3004G354700	140
SORBI_3004G354800	2
SORBI_3004G355000	1182.457
SORBI_3004G355101	0
SORBI_3004G355200	1000
SORBI_3004G355300	96
SORBI_3004G355401	4
ENSRNA049996244	0
SORBI_3004G355500	1
SORBI_3004G355600	0
SORBI_3004G355700	380
SORBI_3004G355750	0
SORBI_3004G355800	147.638
SORBI_3004G355900	0
SORBI_3004G356000	57
SORBI_3004G356100	204
SORBI_3004G356200	112
SORBI_3004G356300	61
SORBI_3004G356400	107
SORBI_3004G356500	204
SORBI_3004G356600	9.617
SORBI_3004G356700	1383.135
SORBI_3004G356800	352
SORBI_3004G356900	1752.138
SORBI_3004G357000	17
SORBI_3004G357033	0
SORBI_3004G357066	0
SORBI_3004G357100	540
SORBI_3004G357200	224
SORBI_3004G357300	57.285
SORBI_3004G357400	225.715
SORBI_3004G357500	6
SORBI_3004G357600	0
SORBI_3004G357700	1042.999
SORBI_3004G357800	4
SORBI_3004G357900	11.114
SORBI_3004G358000	29.736
SORBI_3004G358100	0
SORBI_3004G358150	0
SORBI_3004G358200	1
SORBI_3004G358301	121
SORBI_3004G358400	6472.492
SORBI_3004G358500	193
SORBI_3004G358600	93
SORBI_3004G358700	92
SORBI_3004G358800	0
SORBI_3004G358900	405
SORBI_3004G359100	366.002
SORBI_3004G359150	0
SORBI_3004G359200	116
SORBI_3004G359300	1
SORBI_3004G359400	1
SORBI_3004G359500	0
SORBI_3004G359600	168
SORBI_3004G359700	150.922
SORBI_3004G359800	13
SORBI_3004G359900	0
SORBI_3005G000100	159.673
SORBI_3005G000200	2
SORBI_3005G000300	94.999
SORBI_3005G000400	0
SORBI_3005G000500	6.119
SORBI_3005G000650	1
SORBI_3005G000800	277.565
SORBI_3005G000900	0
SORBI_3005G001000	489.815
SORBI_3005G001100	397.173
SORBI_3005G001200	0
SORBI_3005G001300	17
SORBI_3005G001400	62.598
SORBI_3005G001500	0
SORBI_3005G001600	78
SORBI_3005G001700	95.13
SORBI_3005G001800	176.401
SORBI_3005G001900	469.122
SORBI_3005G002000	372.977
SORBI_3005G002050	1.023
SORBI_3005G002100	0
SORBI_3005G002300	100.001
SORBI_3005G002350	0
SORBI_3005G002400	164.589
SORBI_3005G002500	0
SORBI_3005G002600	81
SORBI_3005G002700	0
SORBI_3005G002800	1
SORBI_3005G002900	151
SORBI_3005G003001	0
SORBI_3005G003100	0
SORBI_3005G003200	782.088
SORBI_3005G003300	5127.186
SORBI_3005G003400	256
SORBI_3005G003500	479
SORBI_3005G003600	32
SORBI_3005G003700	0
SORBI_3005G003750	0
SORBI_3005G003800	201.032
ENSRNA049439707	0
SORBI_3005G003900	68
SORBI_3005G004000	67
SORBI_3005G004100	109.996
SORBI_3005G004200	121.002
SORBI_3005G004300	255
ENSRNA049439718	0
SORBI_3005G004400	1754.94
SORBI_3005G004500	555.285
SORBI_3005G004600	0
SORBI_3005G004700	0
SORBI_3005G004800	11
SORBI_3005G004900	8
SORBI_3005G005000	80
SORBI_3005G005100	0
SORBI_3005G005200	12
SORBI_3005G005300	20
SORBI_3005G005400	134
SORBI_3005G005500	642.157
SORBI_3005G005600	23
ENSRNA049440399	0
SORBI_3005G005650	0
SORBI_3005G005700	0
SORBI_3005G005800	0
SORBI_3005G006000	0
SORBI_3005G006100	0
SORBI_3005G006300	0
SORBI_3005G006400	0
SORBI_3005G006500	0
SORBI_3005G006701	0
SORBI_3005G006900	0
SORBI_3005G007000	0
SORBI_3005G007101	0
SORBI_3005G007200	0
SORBI_3005G007500	0
SORBI_3005G007600	0
SORBI_3005G007700	26
SORBI_3005G007800	43.996
SORBI_3005G007900	0
SORBI_3005G008001	12
SORBI_3005G008101	0
SORBI_3005G008201	0
SORBI_3005G008301	0
SORBI_3005G008400	12
SORBI_3005G008500	13
SORBI_3005G008600	53
SORBI_3005G008700	0
SORBI_3005G008800	894.67
SORBI_3005G008850	0
SORBI_3005G008900	0
SORBI_3005G009100	66
SORBI_3005G009200	262
SORBI_3005G009300	100
ENSRNA049440390	0
SORBI_3005G009400	0
SORBI_3005G009500	0
SORBI_3005G009600	0
SORBI_3005G009700	0
SORBI_3005G009900	0
SORBI_3005G010000	0
SORBI_3005G010100	4
SORBI_3005G010200	341.034
SORBI_3005G010300	0
SORBI_3005G010400	0
SORBI_3005G010500	14
SORBI_3005G010600	1
SORBI_3005G010900	755
SORBI_3005G010800	0
ENSRNA049481149	0
SORBI_3005G011000	27
ENSRNA049440379	0
SORBI_3005G011100	0
SORBI_3005G011200	34
SORBI_3005G011300	196
SORBI_3005G011400	16
SORBI_3005G011500	2
SORBI_3005G011700	0
SORBI_3005G011900	0
SORBI_3005G012000	106
SORBI_3005G012100	0
SORBI_3005G012200	170
SORBI_3005G012400	386
SORBI_3005G012600	0
SORBI_3005G012700	33.001
SORBI_3005G012800	29
SORBI_3005G013000	57
SORBI_3005G012900	0
SORBI_3005G013050	36
SORBI_3005G013200	352
SORBI_3005G013300	619.03
SORBI_3005G013400	4.001
SORBI_3005G013500	11.999
SORBI_3005G013550	0
SORBI_3005G013600	275.001
SORBI_3005G013700	0
SORBI_3005G013800	0
SORBI_3005G013901	2
SORBI_3005G014000	8
SORBI_3005G014100	0
SORBI_3005G014200	0
SORBI_3005G014300	198
SORBI_3005G014400	11
SORBI_3005G014500	0
SORBI_3005G014600	32.006
SORBI_3005G014700	481.6
SORBI_3005G014800	5
SORBI_3005G014950	109
SORBI_3005G015100	42
SORBI_3005G015200	172
SORBI_3005G015300	15
SORBI_3005G015450	110
SORBI_3005G015600	96
SORBI_3005G015700	781
SORBI_3005G015900	104
SORBI_3005G016100	80
SORBI_3005G016200	0
SORBI_3005G016300	0
SORBI_3005G016400	0
SORBI_3005G016500	0
SORBI_3005G016550	0
SORBI_3005G016600	1
SORBI_3005G016700	1
SORBI_3005G016800	50
SORBI_3005G016900	29
SORBI_3005G017000	333
SORBI_3005G017100	46
SORBI_3005G017150	0
SORBI_3005G017200	655
SORBI_3005G017300	251
SORBI_3005G017400	0
SORBI_3005G017500	17
SORBI_3005G017566	6
SORBI_3005G017632	0
SORBI_3005G017700	22
SORBI_3005G017801	0
SORBI_3005G017900	4
SORBI_3005G018050	38
SORBI_3005G018200	1407.978
SORBI_3005G018300	66
SORBI_3005G018400	7
SORBI_3005G018500	63
SORBI_3005G018600	0
SORBI_3005G018700	187
SORBI_3005G018800	1283.003
SORBI_3005G018900	5
SORBI_3005G019000	0
SORBI_3005G019100	108
SORBI_3005G019200	139
SORBI_3005G019250	0
SORBI_3005G019300	0
SORBI_3005G019350	0
SORBI_3005G019400	50.093
SORBI_3005G019500	195.917
SORBI_3005G019600	531.907
SORBI_3005G019650	0
SORBI_3005G019700	869
SORBI_3005G019750	0
SORBI_3005G019800	38
SORBI_3005G019900	5
SORBI_3005G020000	46
SORBI_3005G020100	0
SORBI_3005G020200	0
SORBI_3005G020300	1663
SORBI_3005G020400	4
SORBI_3005G020501	0
SORBI_3005G020600	1
SORBI_3005G020700	312
SORBI_3005G020800	0
SORBI_3005G020900	302
SORBI_3005G021000	18
SORBI_3005G021100	0
SORBI_3005G021200	63
ENSRNA049440351	0
SORBI_3005G021300	4
SORBI_3005G021400	0
SORBI_3005G021500	425.799
SORBI_3005G021600	53
SORBI_3005G021700	13
SORBI_3005G021800	54
SORBI_3005G021900	96
SORBI_3005G021950	0
SORBI_3005G022000	156
SORBI_3005G022100	377.739
SORBI_3005G022200	906
SORBI_3005G022300	275.013
SORBI_3005G022400	2
SORBI_3005G022500	342
SORBI_3005G022600	0
SORBI_3005G022700	34
SORBI_3005G022800	177.999
SORBI_3005G023000	12
SORBI_3005G023100	33
SORBI_3005G023201	0
SORBI_3005G023301	1
SORBI_3005G023400	1
SORBI_3005G023600	0
SORBI_3005G023700	0
SORBI_3005G023800	227
SORBI_3005G023900	261
SORBI_3005G024000	0
SORBI_3005G024100	0
SORBI_3005G024200	544
SORBI_3005G024300	0
SORBI_3005G024400	23
SORBI_3005G024500	0
SORBI_3005G024600	11
SORBI_3005G024700	192
SORBI_3005G024800	238
SORBI_3005G024900	118.001
SORBI_3005G025001	0
SORBI_3005G025100	0
SORBI_3005G025300	39
SORBI_3005G025400	0
SORBI_3005G025500	10
SORBI_3005G025600	0
SORBI_3005G025700	473
SORBI_3005G025800	126
SORBI_3005G025900	2
SORBI_3005G026000	551
SORBI_3005G026100	2498
SORBI_3005G026200	1786.783
SORBI_3005G026300	0
SORBI_3005G026400	50
SORBI_3005G026500	21.691
SORBI_3005G026600	91.568
SORBI_3005G026700	0
SORBI_3005G026800	48.432
SORBI_3005G026900	10.868
SORBI_3005G026966	0
SORBI_3005G027032	1
SORBI_3005G027100	0
SORBI_3005G027200	0
SORBI_3005G027250	0
SORBI_3005G027300	250
SORBI_3005G027400	796
SORBI_3005G027350	0
SORBI_3005G027600	19.593
SORBI_3005G027680	8.002
SORBI_3005G027760	10.82
SORBI_3005G027840	37.585
SORBI_3005G027920	0
SORBI_3005G028000	0
SORBI_3005G028100	500
SORBI_3005G028200	4
SORBI_3005G028300	35
SORBI_3005G028400	457
SORBI_3005G028500	0
SORBI_3005G028600	1022
SORBI_3005G028700	2768.418
SORBI_3005G028800	235
SORBI_3005G028900	187
SORBI_3005G029000	27
SORBI_3005G029100	799.327
SORBI_3005G029200	13
SORBI_3005G029300	0
SORBI_3005G029400	11.31
SORBI_3005G029500	0
SORBI_3005G029600	0
SORBI_3005G029700	2
SORBI_3005G029800	119
SORBI_3005G029833	0
SORBI_3005G029866	0
SORBI_3005G029900	36.69
SORBI_3005G030000	140.908
SORBI_3005G030100	780
SORBI_3005G030200	0
SORBI_3005G030233	0
SORBI_3005G030266	0
SORBI_3005G030300	399.533
SORBI_3005G030400	227
SORBI_3005G030500	18
SORBI_3005G030600	91
SORBI_3005G030700	14
SORBI_3005G030850	54.402
SORBI_3005G031000	287
SORBI_3005G031100	767
SORBI_3005G031200	0
SORBI_3005G031400	92
SORBI_3005G031500	8
SORBI_3005G031600	0
SORBI_3005G031700	0
SORBI_3005G031800	0
SORBI_3005G031901	0
SORBI_3005G032000	1
SORBI_3005G032100	0
SORBI_3005G032200	2
SORBI_3005G032300	599.971
SORBI_3005G032400	176
SORBI_3005G032500	0
SORBI_3005G032600	39
SORBI_3005G032700	1
SORBI_3005G032800	767.984
SORBI_3005G032900	3
SORBI_3005G033000	203
SORBI_3005G033100	72
SORBI_3005G033200	280.391
SORBI_3005G033300	332
SORBI_3005G033400	0
SORBI_3005G033600	0
SORBI_3005G033700	3
SORBI_3005G033801	0
SORBI_3005G033900	0
SORBI_3005G034000	274
SORBI_3005G034100	127
SORBI_3005G034200	23.001
SORBI_3005G034300	437.448
SORBI_3005G034400	1534.26
SORBI_3005G034500	0
SORBI_3005G034600	81
SORBI_3005G034700	678
SORBI_3005G034900	0
SORBI_3005G035000	9
SORBI_3005G035100	0
SORBI_3005G035200	0
SORBI_3005G035250	0
SORBI_3005G035300	44
SORBI_3005G035400	0
SORBI_3005G035500	0
SORBI_3005G035600	0
SORBI_3005G035700	0
SORBI_3005G035800	0
SORBI_3005G035850	0
SORBI_3005G035900	0
SORBI_3005G035950	0
SORBI_3005G036000	0
SORBI_3005G036100	80
SORBI_3005G036200	6
SORBI_3005G036300	0
SORBI_3005G036350	5
SORBI_3005G036400	59
SORBI_3005G036450	0
SORBI_3005G036500	8
SORBI_3005G036600	0
SORBI_3005G036700	44
SORBI_3005G036800	641.709
SORBI_3005G036900	0
SORBI_3005G037000	880.003
SORBI_3005G037100	7
SORBI_3005G037200	2
SORBI_3005G037300	83
SORBI_3005G037400	4
SORBI_3005G037500	0
SORBI_3005G037600	0
SORBI_3005G037700	0
SORBI_3005G037800	0
SORBI_3005G037850	0
SORBI_3005G037900	61
SORBI_3005G038000	0
SORBI_3005G038100	0
SORBI_3005G038200	3
SORBI_3005G038300	21
SORBI_3005G038400	36.262
SORBI_3005G038450	1.738
SORBI_3005G038500	54
SORBI_3005G038600	85
SORBI_3005G038700	30
SORBI_3005G038800	0
SORBI_3005G038900	133
SORBI_3005G039000	0
SORBI_3005G039100	2
SORBI_3005G039200	11
SORBI_3005G039350	0
SORBI_3005G039500	344
SORBI_3005G039600	3
SORBI_3005G039700	38
SORBI_3005G039800	0
SORBI_3005G039900	0
SORBI_3005G040000	0
SORBI_3005G040100	0
SORBI_3005G040200	0
SORBI_3005G040301	0
SORBI_3005G040400	0
SORBI_3005G040500	31
SORBI_3005G040700	0
SORBI_3005G040800	0
ENSRNA049439854	0
SORBI_3005G040900	399.292
SORBI_3005G040950	0
SORBI_3005G041000	1
SORBI_3005G041100	0
SORBI_3005G041150	0
SORBI_3005G041200	3
SORBI_3005G041300	0
SORBI_3005G041400	0
SORBI_3005G041450	4
SORBI_3005G041500	0
SORBI_3005G041700	5.148
SORBI_3005G041800	0
SORBI_3005G041900	0
SORBI_3005G042000	1483.923
SORBI_3005G042100	0
SORBI_3005G042200	0
SORBI_3005G042250	0
SORBI_3005G042300	0
SORBI_3005G042400	0
SORBI_3005G042600	0
SORBI_3005G042700	0
SORBI_3005G042800	2
SORBI_3005G042850	0
SORBI_3005G042900	1
SORBI_3005G043000	2
SORBI_3005G043100	80.266
SORBI_3005G043300	0
SORBI_3005G043400	252.72
SORBI_3005G043600	0
SORBI_3005G043700	0
SORBI_3005G043800	35
SORBI_3005G043900	0
SORBI_3005G044000	155
SORBI_3005G044101	0
SORBI_3005G044200	4
SORBI_3005G044100	40
SORBI_3005G044300	419
SORBI_3005G044400	688.093
SORBI_3005G044500	4
SORBI_3005G044600	0
SORBI_3005G044700	0
SORBI_3005G044800	180
SORBI_3005G044900	2
SORBI_3005G045000	432
SORBI_3005G045100	485
SORBI_3005G045200	1100.421
SORBI_3005G045250	0
SORBI_3005G045300	795.254
SORBI_3005G045400	0
ENSRNA049440309	0
SORBI_3005G045500	0
SORBI_3005G045600	2
SORBI_3005G045700	325.999
SORBI_3005G045750	0
SORBI_3005G045800	99
SORBI_3005G045900	2
SORBI_3005G046001	0
SORBI_3005G046100	324
SORBI_3005G046250	133
SORBI_3005G046400	0
SORBI_3005G046500	406
SORBI_3005G046600	0
SORBI_3005G046700	5
SORBI_3005G046801	0
SORBI_3005G046900	119.086
SORBI_3005G047000	24
SORBI_3005G047100	78
SORBI_3005G047200	81
SORBI_3005G047300	1604.941
SORBI_3005G047500	272.064
SORBI_3005G047700	141.022
SORBI_3005G047800	36
SORBI_3005G047900	0
SORBI_3005G048100	0
SORBI_3005G048000	0
SORBI_3005G048200	5
SORBI_3005G048250	0
SORBI_3005G048300	0
SORBI_3005G048400	20.978
SORBI_3005G048500	3
SORBI_3005G048600	43.002
SORBI_3005G048700	92
SORBI_3005G048800	19
SORBI_3005G048900	0
SORBI_3005G048950	0
SORBI_3005G049000	123
SORBI_3005G049100	0
SORBI_3005G049200	0
SORBI_3005G049350	0
SORBI_3005G049475	87.133
SORBI_3005G049600	181
SORBI_3005G049800	0
SORBI_3005G049850	0
SORBI_3005G049900	0
SORBI_3005G049966	0
SORBI_3005G050032	0
SORBI_3005G050100	0
SORBI_3005G050200	1101
SORBI_3005G050300	0
SORBI_3005G050350	4.157
SORBI_3005G050400	8
SORBI_3005G050500	3010.389
SORBI_3005G050600	1420
SORBI_3005G050700	0
SORBI_3005G050800	18
SORBI_3005G050900	23
SORBI_3005G051050	0
SORBI_3005G051200	2
SORBI_3005G051300	24.258
SORBI_3005G051500	24.316
SORBI_3005G051600	0
SORBI_3005G051700	0
SORBI_3005G051800	0
SORBI_3005G052000	0
SORBI_3005G052100	0
SORBI_3005G052200	0
SORBI_3005G052250	0
SORBI_3005G052300	68
SORBI_3005G052400	15
SORBI_3005G052500	0
SORBI_3005G052700	0
SORBI_3005G052900	0
SORBI_3005G053001	3
SORBI_3005G053100	7.722
SORBI_3005G053200	153.901
SORBI_3005G053501	2.496
SORBI_3005G053800	155.637
SORBI_3005G053700	14.727
SORBI_3005G053900	138.066
SORBI_3005G053950	1
SORBI_3005G054000	49.48
SORBI_3005G054150	0
SORBI_3005G054300	17.716
SORBI_3005G054401	46.952
SORBI_3005G054501	0
SORBI_3005G054600	43.803
SORBI_3005G054700	0
SORBI_3005G054800	0
SORBI_3005G054900	45
SORBI_3005G055000	2794
SORBI_3005G055150	1140
SORBI_3005G055300	3
SORBI_3005G055400	0
SORBI_3005G055501	2
SORBI_3005G055600	2
SORBI_3005G055700	0
SORBI_3005G055900	39
SORBI_3005G056000	81
SORBI_3005G056100	0
SORBI_3005G056201	0
SORBI_3005G056300	0
SORBI_3005G056400	2124
SORBI_3005G056500	34
SORBI_3005G056600	2347.988
SORBI_3005G056800	3
SORBI_3005G057000	0
SORBI_3005G057100	0
SORBI_3005G057201	0
SORBI_3005G057301	0
SORBI_3005G057401	0
SORBI_3005G057500	0
SORBI_3005G057550	0
SORBI_3005G057700	58
SORBI_3005G057600	0
SORBI_3005G057750	0
SORBI_3005G057800	47.379
SORBI_3005G057900	0
SORBI_3005G058000	0
SORBI_3005G058100	0
SORBI_3005G058200	0
SORBI_3005G058300	0
SORBI_3005G058350	0
SORBI_3005G058400	0
SORBI_3005G058500	0
SORBI_3005G058600	0
SORBI_3005G058700	0
SORBI_3005G058800	308.1
SORBI_3005G058900	134
SORBI_3005G059100	1111
SORBI_3005G059200	200
SORBI_3005G059300	2
SORBI_3005G059400	100
SORBI_3005G059500	497
SORBI_3005G059550	0
SORBI_3005G059600	341.042
SORBI_3005G059800	377
SORBI_3005G059900	0
SORBI_3005G060000	0
SORBI_3005G060100	19
SORBI_3005G060200	1
SORBI_3005G060300	21
SORBI_3005G060400	8
SORBI_3005G060600	636.196
SORBI_3005G060633	173.893
SORBI_3005G060666	6
SORBI_3005G060700	11
SORBI_3005G060766	0
SORBI_3005G060832	0
SORBI_3005G060900	45
SORBI_3005G061000	120
SORBI_3005G061033	8
ENSRNA049996199	0
SORBI_3005G061066	0
SORBI_3005G061100	0
SORBI_3005G061200	11
SORBI_3005G061300	0
SORBI_3005G061400	0
SORBI_3005G061500	1001
SORBI_3005G061601	0
SORBI_3005G061700	12
SORBI_3005G061801	411
SORBI_3005G061900	129
SORBI_3005G061950	1
SORBI_3005G062000	12
SORBI_3005G062100	0
SORBI_3005G062200	769
SORBI_3005G062300	0
SORBI_3005G062500	0
SORBI_3005G062600	37
SORBI_3005G062700	295
SORBI_3005G062800	56
SORBI_3005G062900	49
SORBI_3005G063000	509.992
SORBI_3005G063100	20
SORBI_3005G063200	33
SORBI_3005G063300	581.762
SORBI_3005G063400	53.238
SORBI_3005G063500	85.906
SORBI_3005G063600	59.999
SORBI_3005G063700	31
SORBI_3005G063800	0
SORBI_3005G063900	0
SORBI_3005G064000	336.012
SORBI_3005G064100	708
SORBI_3005G064200	794.773
SORBI_3005G064300	0
SORBI_3005G064400	0
SORBI_3005G064500	0
SORBI_3005G064600	96
SORBI_3005G064700	419.754
SORBI_3005G064800	2604.504
SORBI_3005G064900	1
SORBI_3005G065000	1
SORBI_3005G065050	0
SORBI_3005G065100	4
SORBI_3005G065200	18
SORBI_3005G065300	2
SORBI_3005G065400	0
SORBI_3005G065500	0
SORBI_3005G065600	17.661
SORBI_3005G065700	2
SORBI_3005G065800	0
SORBI_3005G065900	0
SORBI_3005G066000	3
SORBI_3005G066100	4
SORBI_3005G066200	1
SORBI_3005G066300	0
SORBI_3005G066366	0
SORBI_3005G066432	0
SORBI_3005G066500	0
SORBI_3005G066600	0
SORBI_3005G066700	18
SORBI_3005G066800	3.001
SORBI_3005G066900	519.716
SORBI_3005G067000	0
SORBI_3005G067200	0
SORBI_3005G067300	1
SORBI_3005G067400	1
SORBI_3005G067500	0
SORBI_3005G067600	0
SORBI_3005G067700	4.514
SORBI_3005G067800	2.101
SORBI_3005G067900	24.138
SORBI_3005G067850	30.007
SORBI_3005G067933	0
SORBI_3005G067966	12
SORBI_3005G068000	0
SORBI_3005G068101	0
SORBI_3005G068200	4
SORBI_3005G068300	4
SORBI_3005G068400	0
SORBI_3005G068500	0
SORBI_3005G068600	0
SORBI_3005G068700	304
SORBI_3005G068800	44
SORBI_3005G068900	0
SORBI_3005G069000	0
SORBI_3005G069166	0
SORBI_3005G069332	0
SORBI_3005G069500	18
SORBI_3005G069700	134.123
SORBI_3005G069800	63.339
SORBI_3005G069900	0
SORBI_3005G070000	6.16
SORBI_3005G070101	0
SORBI_3005G070200	194.851
SORBI_3005G070301	0
SORBI_3005G070400	119
SORBI_3005G070500	0
SORBI_3005G070600	0
SORBI_3005G070700	0
SORBI_3005G070800	0
SORBI_3005G070850	0
SORBI_3005G070901	1
SORBI_3005G070951	59
SORBI_3005G071000	0
SORBI_3005G071100	534
SORBI_3005G071200	0
SORBI_3005G071250	0
SORBI_3005G071300	0
SORBI_3005G071401	0
SORBI_3005G071500	2
SORBI_3005G071700	0
SORBI_3005G071800	11.136
SORBI_3005G071900	20.077
SORBI_3005G072000	166.923
SORBI_3005G072100	208
SORBI_3005G072200	432
SORBI_3005G072300	0
SORBI_3005G072400	15
SORBI_3005G072500	1
SORBI_3005G072600	0
SORBI_3005G072700	0
SORBI_3005G072800	0
SORBI_3005G072850	0
SORBI_3005G072900	0
SORBI_3005G073000	0
SORBI_3005G073101	0
SORBI_3005G073200	445.013
SORBI_3005G073300	0
SORBI_3005G073400	18
SORBI_3005G073500	143
SORBI_3005G073600	1
SORBI_3005G073700	0
SORBI_3005G073800	5.001
SORBI_3005G073900	6.999
SORBI_3005G074000	33
SORBI_3005G074100	415.912
SORBI_3005G074200	0
SORBI_3005G074300	2
SORBI_3005G074400	1508
SORBI_3005G074500	969.007
SORBI_3005G074600	0
SORBI_3005G074650	0
SORBI_3005G074700	0
SORBI_3005G074800	0
SORBI_3005G074900	0
SORBI_3005G075000	0
SORBI_3005G075100	1074.966
SORBI_3005G075200	17.269
SORBI_3005G075301	5.236
SORBI_3005G075400	35.494
SORBI_3005G075500	229.003
SORBI_3005G075600	266
SORBI_3005G075700	5
SORBI_3005G075800	79
SORBI_3005G075900	122
SORBI_3005G076100	55
SORBI_3005G076000	2
SORBI_3005G076200	9
SORBI_3005G076301	16
SORBI_3005G076400	21
SORBI_3005G076500	99
SORBI_3005G076600	50
SORBI_3005G076650	12
SORBI_3005G076700	17
SORBI_3005G076800	0
SORBI_3005G077001	0
SORBI_3005G077200	76.637
SORBI_3005G077300	0
SORBI_3005G077400	27.997
SORBI_3005G077466	56
SORBI_3005G077532	0
SORBI_3005G077600	0
SORBI_3005G077633	0
SORBI_3005G077666	0
SORBI_3005G077700	0
SORBI_3005G077750	0
SORBI_3005G077800	49
ENSRNA049481201	0
SORBI_3005G077900	0
SORBI_3005G077933	34.93
SORBI_3005G078000	0
SORBI_3005G077966	0
SORBI_3005G078066	1
SORBI_3005G078132	0
SORBI_3005G078200	7
SORBI_3005G078300	1
SORBI_3005G078400	0
SORBI_3005G078500	0
SORBI_3005G078600	0
SORBI_3005G078700	19
SORBI_3005G078800	171
SORBI_3005G078875	8
SORBI_3005G078950	6
SORBI_3005G079025	27
SORBI_3005G079100	0
SORBI_3005G079201	10
SORBI_3005G079300	0
SORBI_3005G079400	0
SORBI_3005G079500	11
SORBI_3005G079600	0
SORBI_3005G079700	29.249
SORBI_3005G079800	618.011
SORBI_3005G079900	21
SORBI_3005G080000	0
SORBI_3005G080025	0
SORBI_3005G080050	0
SORBI_3005G080075	0
SORBI_3005G080100	0
SORBI_3005G080200	63
SORBI_3005G080400	4
SORBI_3005G080501	3
SORBI_3005G080600	0
SORBI_3005G080700	0
SORBI_3005G080800	0
SORBI_3005G080900	142
SORBI_3005G081000	19
SORBI_3005G081100	0
SORBI_3005G081200	0
SORBI_3005G081300	0
SORBI_3005G081400	0
SORBI_3005G081500	0
SORBI_3005G081600	0
SORBI_3005G081700	0
SORBI_3005G081800	0
SORBI_3005G081900	14
SORBI_3005G082000	0
SORBI_3005G082100	0
SORBI_3005G082200	403
ENSRNA049996208	0
SORBI_3005G082300	0
SORBI_3005G082400	0
SORBI_3005G082500	17
SORBI_3005G082600	12
SORBI_3005G082700	28
SORBI_3005G082740	0
SORBI_3005G082780	0
SORBI_3005G082820	0
SORBI_3005G082860	4
SORBI_3005G082900	0
SORBI_3005G082950	0
SORBI_3005G083000	0
SORBI_3005G083100	0
SORBI_3005G083160	0
SORBI_3005G083220	0
SORBI_3005G083280	1
SORBI_3005G083340	0
SORBI_3005G083400	0
SORBI_3005G083550	0
SORBI_3005G083601	0
SORBI_3005G083651	0
SORBI_3005G083500	0
SORBI_3005G083700	0
SORBI_3005G083733	0
SORBI_3005G083766	0
SORBI_3005G083800	0
SORBI_3005G083866	0
SORBI_3005G083932	0
SORBI_3005G084000	10
SORBI_3005G084100	351.001
SORBI_3005G084200	0
SORBI_3005G084300	6
SORBI_3005G084400	456
SORBI_3005G084500	73.946
SORBI_3005G084600	46
SORBI_3005G084800	1272.513
SORBI_3005G084850	4
SORBI_3005G084900	219.001
SORBI_3005G085000	17
SORBI_3005G085100	3.396
SORBI_3005G085200	11.109
SORBI_3005G085400	0
SORBI_3005G085500	0
SORBI_3005G085600	143.891
SORBI_3005G085700	13
SORBI_3005G085800	2
SORBI_3005G085901	0
SORBI_3005G086000	1
SORBI_3005G086100	193
SORBI_3005G086200	481
SORBI_3005G086250	11
SORBI_3005G086300	19
SORBI_3005G086400	0
SORBI_3005G086500	283
SORBI_3005G086600	0
SORBI_3005G086650	6.521
SORBI_3005G086700	1.236
SORBI_3005G086801	37.011
SORBI_3005G086900	0
SORBI_3005G086950	0
SORBI_3005G087000	1260
SORBI_3005G087100	211
SORBI_3005G087200	24
SORBI_3005G087300	134
SORBI_3005G087400	20
SORBI_3005G087500	0
SORBI_3005G087600	3
SORBI_3005G087666	0
SORBI_3005G087732	0
SORBI_3005G087800	29
SORBI_3005G087900	688.649
SORBI_3005G088100	0
SORBI_3005G088200	0
SORBI_3005G088300	1
SORBI_3005G088400	0
SORBI_3005G088500	0
SORBI_3005G088600	0
SORBI_3005G088700	0
SORBI_3005G088800	0
SORBI_3005G088900	172
SORBI_3005G089000	10
SORBI_3005G089101	0
SORBI_3005G089200	0
SORBI_3005G089300	0
SORBI_3005G089400	33
SORBI_3005G089500	0
SORBI_3005G089600	64
SORBI_3005G089700	0
SORBI_3005G089800	4
SORBI_3005G089900	0
SORBI_3005G090000	0
SORBI_3005G090100	0
SORBI_3005G090200	3
SORBI_3005G090300	66
SORBI_3005G090401	171.964
SORBI_3005G090500	0
SORBI_3005G090600	69
SORBI_3005G090700	0
SORBI_3005G090800	13
SORBI_3005G090900	144
SORBI_3005G091000	4
SORBI_3005G091100	0
SORBI_3005G091200	0
SORBI_3005G091300	325
SORBI_3005G091400	84.586
SORBI_3005G091500	26
SORBI_3005G091600	387
SORBI_3005G091700	779.794
SORBI_3005G091900	20
SORBI_3005G092000	519.859
SORBI_3005G092100	0
SORBI_3005G092200	11.141
SORBI_3005G092301	34
SORBI_3005G092401	0
SORBI_3005G092500	1
SORBI_3005G092600	461
SORBI_3005G092700	2
SORBI_3005G092800	156
SORBI_3005G092900	6
SORBI_3005G093000	102
SORBI_3005G093101	0
SORBI_3005G093200	0
SORBI_3005G093300	70
SORBI_3005G093400	61
SORBI_3005G093500	13.899
SORBI_3005G093600	0
SORBI_3005G093700	0
SORBI_3005G093800	18
SORBI_3005G093901	0
SORBI_3005G094001	501
SORBI_3005G094100	0
SORBI_3005G094200	38
SORBI_3005G094266	0
SORBI_3005G094332	20
SORBI_3005G094400	0
SORBI_3005G094500	0
SORBI_3005G094600	1
SORBI_3005G094700	0
SORBI_3005G094800	101
SORBI_3005G094900	0
SORBI_3005G095000	67.218
SORBI_3005G095166	0
SORBI_3005G095332	0
SORBI_3005G095500	0
SORBI_3005G095600	35.205
SORBI_3005G095620	0
SORBI_3005G095640	3
SORBI_3005G095660	94
SORBI_3005G095680	115.578
SORBI_3005G095700	50
SORBI_3005G095800	0
SORBI_3005G095900	446
SORBI_3005G096000	58
SORBI_3005G096101	539.973
SORBI_3005G096201	1
SORBI_3005G096300	384
SORBI_3005G096400	188
SORBI_3005G096500	0
SORBI_3005G096450	2
SORBI_3005G096600	291.199
SORBI_3005G096700	77.373
SORBI_3005G096800	272.571
SORBI_3005G096866	0
SORBI_3005G096932	66
SORBI_3005G097000	0
SORBI_3005G097201	0
SORBI_3005G097400	0
SORBI_3005G097500	1
SORBI_3005G097600	4
SORBI_3005G097700	8.999
SORBI_3005G097800	0
SORBI_3005G097900	11
SORBI_3005G098000	64
SORBI_3005G098100	0
SORBI_3005G098200	54
SORBI_3005G098250	1
SORBI_3005G098300	0
SORBI_3005G098400	0
SORBI_3005G098501	0
SORBI_3005G098600	5
SORBI_3005G098700	0
SORBI_3005G098800	474.185
SORBI_3005G098900	62
SORBI_3005G099000	127
SORBI_3005G099100	0
SORBI_3005G099150	76.997
SORBI_3005G099200	193.003
SORBI_3005G099300	0
SORBI_3005G099400	2
SORBI_3005G099500	100
SORBI_3005G099550	0
SORBI_3005G099600	0
SORBI_3005G099700	0
SORBI_3005G099800	0
SORBI_3005G100000	0
SORBI_3005G100200	0
SORBI_3005G100250	0
SORBI_3005G100300	23
SORBI_3005G100400	0
SORBI_3005G100500	87
SORBI_3005G100600	290
SORBI_3005G100700	1548.989
SORBI_3005G100800	461
SORBI_3005G100900	398
ENSRNA049996218	0
SORBI_3005G101000	0
SORBI_3005G101100	1
SORBI_3005G101200	1043
ENSRNA049439896	0
SORBI_3005G101300	52
ENSRNA049439906	0
SORBI_3005G101400	111
SORBI_3005G101500	0
SORBI_3005G101600	180.566
SORBI_3005G101700	82.434
SORBI_3005G101800	54
SORBI_3005G101850	0
SORBI_3005G101900	94
SORBI_3005G102000	0
SORBI_3005G102100	0
SORBI_3005G102200	0
SORBI_3005G102300	92
SORBI_3005G102350	1
SORBI_3005G102401	0
SORBI_3005G102451	1
SORBI_3005G102500	54
SORBI_3005G102600	0
SORBI_3005G102700	0
SORBI_3005G102750	0
SORBI_3005G102800	13
ENSRNA049480419	0
SORBI_3005G102900	144
SORBI_3005G103000	0
SORBI_3005G103050	0
SORBI_3005G103100	0
SORBI_3005G103200	0
SORBI_3005G103300	2426.826
SORBI_3005G103400	26.712
SORBI_3005G103500	929.896
SORBI_3005G103600	57
SORBI_3005G103650	0
SORBI_3005G103700	10
SORBI_3005G103800	1
SORBI_3005G103900	5
SORBI_3005G104001	0
SORBI_3005G104100	0
SORBI_3005G104200	2
SORBI_3005G104300	68
SORBI_3005G104400	128
SORBI_3005G104500	2235.775
SORBI_3005G104600	0
SORBI_3005G104700	0
SORBI_3005G104800	20
SORBI_3005G104850	1
SORBI_3005G104900	1
SORBI_3005G105000	2149.002
ENSRNA049996183	0
SORBI_3005G105300	48
SORBI_3005G105500	451
SORBI_3005G105550	108.006
SORBI_3005G105600	0
SORBI_3005G105700	1
SORBI_3005G105850	0
SORBI_3005G106000	44.247
SORBI_3005G106101	41.259
SORBI_3005G106200	335.106
SORBI_3005G106300	0
SORBI_3005G106366	0
SORBI_3005G106432	0
SORBI_3005G106500	377
SORBI_3005G106600	549.999
SORBI_3005G106700	21
SORBI_3005G106800	0
SORBI_3005G106900	384.188
SORBI_3005G107100	0
SORBI_3005G107200	0
SORBI_3005G107250	0
SORBI_3005G107300	1139
SORBI_3005G107400	1
SORBI_3005G107500	152.226
SORBI_3005G107700	0
SORBI_3005G107800	1
SORBI_3005G107900	536
SORBI_3005G108000	79
SORBI_3005G108075	1
SORBI_3005G108150	0
SORBI_3005G108225	46
SORBI_3005G108300	0
SORBI_3005G108400	0
SORBI_3005G108501	0
SORBI_3005G108500	85.067
SORBI_3005G108600	143
SORBI_3005G108601	0
SORBI_3005G108700	0
SORBI_3005G108801	240
SORBI_3005G108900	0
SORBI_3005G109000	483
SORBI_3005G109101	0
SORBI_3005G109201	0
SORBI_3005G109300	0
SORBI_3005G109400	0
SORBI_3005G109500	0
SORBI_3005G109600	1
SORBI_3005G109800	0
SORBI_3005G109900	0
SORBI_3005G110000	0
SORBI_3005G110040	0
SORBI_3005G110080	0
SORBI_3005G110120	0
SORBI_3005G110160	0
SORBI_3005G110200	341
SORBI_3005G110300	0
SORBI_3005G110350	0
SORBI_3005G110400	113
SORBI_3005G110403	1
SORBI_3005G110406	1
SORBI_3005G110409	501.749
SORBI_3005G110412	0
SORBI_3005G110415	0
SORBI_3005G110418	0
SORBI_3005G110421	0
SORBI_3005G110424	0
SORBI_3005G110427	2
SORBI_3005G110430	0
SORBI_3005G110433	0
SORBI_3005G110436	14
SORBI_3005G110439	19
SORBI_3005G110442	114
SORBI_3005G110445	76
SORBI_3005G110448	0
SORBI_3005G110451	7
SORBI_3005G110454	4
SORBI_3005G110457	3
SORBI_3005G110460	1
SORBI_3005G110463	0
SORBI_3005G110466	0
SORBI_3005G110469	50
SORBI_3005G110472	161.819
SORBI_3005G110475	103.412
SORBI_3005G110478	0
SORBI_3005G110481	146
SORBI_3005G110484	0
SORBI_3005G110487	14
SORBI_3005G110490	77
SORBI_3005G110493	0
SORBI_3005G110496	4.352
SORBI_3005G110499	1163.811
SORBI_3005G110502	378
SORBI_3005G110505	0
SORBI_3005G110508	174
SORBI_3005G110511	46
SORBI_3005G110514	0
SORBI_3005G110517	0
SORBI_3005G110520	1.068
SORBI_3005G110523	161
SORBI_3005G110526	50
SORBI_3005G110529	0
SORBI_3005G110532	0
SORBI_3005G110535	34
SORBI_3005G110538	0
SORBI_3005G110541	1117.999
SORBI_3005G110544	759
SORBI_3005G110547	41
SORBI_3005G110550	11
SORBI_3005G110553	8
SORBI_3005G110556	0
SORBI_3005G110559	0
SORBI_3005G110562	0
SORBI_3005G110565	0
SORBI_3005G110600	0
SORBI_3005G110700	0
SORBI_3005G110800	462
SORBI_3005G110900	46
SORBI_3005G111000	153.661
SORBI_3005G111100	1441
SORBI_3005G111200	24
SORBI_3005G111400	27
SORBI_3005G111450	0
SORBI_3005G111500	73
SORBI_3005G111550	26
SORBI_3005G111600	14
SORBI_3005G111700	344.001
SORBI_3005G111800	0
SORBI_3005G111900	224
SORBI_3005G112000	0
SORBI_3005G112033	0
SORBI_3005G112066	0
SORBI_3005G112100	131
SORBI_3005G112200	0
SORBI_3005G112300	741
SORBI_3005G112400	0
SORBI_3005G112500	0
SORBI_3005G112566	43
SORBI_3005G112632	51.897
SORBI_3005G112700	0
SORBI_3005G112800	3855.552
SORBI_3005G112900	1
SORBI_3005G113101	0
SORBI_3005G113300	1788.046
SORBI_3005G113533	1
SORBI_3005G113766	215
SORBI_3005G114000	11
SORBI_3005G114101	33.484
SORBI_3005G114201	0
SORBI_3005G114300	4.075
SORBI_3005G114400	184
SORBI_3005G114500	497
SORBI_3005G114600	43.995
SORBI_3005G114700	0
SORBI_3005G114800	1377.99
SORBI_3005G114900	0
SORBI_3005G115000	11.347
ENSRNA049485579	0
ENSRNA049485573	0
ENSRNA049485586	0
ENSRNA049485570	14.568
ENSRNA049485571	2.512
ENSRNA049485583	0
ENSRNA049485572	0
ENSRNA049485589	0
ENSRNA049485591	0
ENSRNA049485577	1.039
ENSRNA049485574	4.003
ENSRNA049485585	1.017
ENSRNA049485569	3.402
ENSRNA049485592	0
ENSRNA049485566	12.63
ENSRNA049485587	0
ENSRNA049485567	8.001
ENSRNA049485582	2.004
ENSRNA049485575	0
SORBI_3005G115200	0
SORBI_3005G115300	0
SORBI_3005G115400	59.728
SORBI_3005G115350	37.272
SORBI_3005G115500	339
SORBI_3005G115600	1139.995
SORBI_3005G115800	64
SORBI_3005G115900	6
SORBI_3005G116000	0
SORBI_3005G116100	60
SORBI_3005G116200	227
SORBI_3005G116250	0
SORBI_3005G116300	5
SORBI_3005G116400	0
SORBI_3005G116500	274.002
SORBI_3005G116601	1
SORBI_3005G116700	0
SORBI_3005G116800	0
SORBI_3005G116900	4
SORBI_3005G117001	0
SORBI_3005G117100	2
SORBI_3005G117200	101
SORBI_3005G117300	146
SORBI_3005G117400	117
SORBI_3005G117500	26
SORBI_3005G117600	0
SORBI_3005G117700	0
SORBI_3005G117801	0
SORBI_3005G117901	0
ENSRNA049482792	0
SORBI_3005G118000	0
SORBI_3005G118100	0
SORBI_3005G118201	0
SORBI_3005G118300	0
SORBI_3005G118400	98
ENSRNA049482800	0
SORBI_3005G118500	0
SORBI_3005G118600	246
SORBI_3005G118700	0
SORBI_3005G118800	93
SORBI_3005G118900	18
SORBI_3005G119001	8
SORBI_3005G119100	50
SORBI_3005G119250	0
SORBI_3005G119400	27
SORBI_3005G119300	1
SORBI_3005G119700	1
SORBI_3005G119800	0
SORBI_3005G119900	1
SORBI_3005G119950	0
SORBI_3005G120000	0
SORBI_3005G120101	0
SORBI_3005G120201	0
SORBI_3005G120301	0
SORBI_3005G120400	0
SORBI_3005G120433	0
SORBI_3005G120466	0
SORBI_3005G120500	27
SORBI_3005G120600	73
SORBI_3005G120700	330
SORBI_3005G120800	3
SORBI_3005G120900	0
SORBI_3005G121100	107.053
SORBI_3005G121200	153
SORBI_3005G121300	1
SORBI_3005G121500	0
SORBI_3005G121600	0
SORBI_3005G121700	0
SORBI_3005G121800	6
SORBI_3005G122000	0
SORBI_3005G122100	0
SORBI_3005G122300	12
SORBI_3005G122400	1
SORBI_3005G122500	8
SORBI_3005G122600	0
SORBI_3005G122700	78
SORBI_3005G122800	2
SORBI_3005G122850	0
SORBI_3005G122900	32
SORBI_3005G123000	1
SORBI_3005G123200	64
SORBI_3005G123300	0
SORBI_3005G123400	132
SORBI_3005G123450	0
SORBI_3005G123500	85
SORBI_3005G123700	22
SORBI_3005G123900	0
SORBI_3005G124100	84.445
SORBI_3005G124200	56.001
SORBI_3005G124300	90.077
SORBI_3005G124350	0
SORBI_3005G124400	13
SORBI_3005G124500	31.056
SORBI_3005G124600	0
SORBI_3005G124700	0
SORBI_3005G124850	3
SORBI_3005G125000	7.112
SORBI_3005G125100	0
SORBI_3005G125200	0
SORBI_3005G125300	3
SORBI_3005G125400	0
SORBI_3005G125600	0
SORBI_3005G125700	1
SORBI_3005G125800	0
SORBI_3005G125950	1
SORBI_3005G126100	1
SORBI_3005G126200	201
SORBI_3005G126300	44
SORBI_3005G126401	0
SORBI_3005G126501	0
SORBI_3005G126600	191
SORBI_3005G126701	0
SORBI_3005G126800	273
SORBI_3005G126900	1
SORBI_3005G127000	151
SORBI_3005G127100	117.668
SORBI_3005G127200	1
SORBI_3005G127300	12
SORBI_3005G127400	0
SORBI_3005G127500	0
SORBI_3005G127600	0
SORBI_3005G127800	2
SORBI_3005G127900	114
SORBI_3005G128000	72
SORBI_3005G128100	92
SORBI_3005G128200	18.279
SORBI_3005G128300	17.125
SORBI_3005G128400	708.307
SORBI_3005G128550	0
SORBI_3005G128700	9
SORBI_3005G128800	95.441
SORBI_3005G128900	0
SORBI_3005G129000	0
SORBI_3005G129100	0
SORBI_3005G129201	157
SORBI_3005G129301	0
SORBI_3005G129400	477
SORBI_3005G129501	5
SORBI_3005G129600	0
SORBI_3005G129650	7
SORBI_3005G129700	0
SORBI_3005G129716	4.476
ENSRNA049482797	0
ENSRNA049482791	1.086
ENSRNA049482790	0
SORBI_3005G129732	4.446
SORBI_3005G129748	1
SORBI_3005G129764	0
SORBI_3005G129780	1.078
SORBI_3005G129800	0
SORBI_3005G129900	291.222
SORBI_3005G129950	3
SORBI_3005G130001	0
SORBI_3005G130051	0
SORBI_3005G130100	0
SORBI_3005G130200	82
SORBI_3005G130400	60.001
SORBI_3005G130450	0
SORBI_3005G130500	0
SORBI_3005G130550	1
SORBI_3005G130600	0
SORBI_3005G130700	0
SORBI_3005G130800	0
SORBI_3005G130900	0
SORBI_3005G131000	0
SORBI_3005G131100	0
SORBI_3005G131200	2
SORBI_3005G131301	0
SORBI_3005G131400	98
SORBI_3005G131500	0
SORBI_3005G131550	2
SORBI_3005G131600	186.178
SORBI_3005G131700	96
SORBI_3005G131800	20
SORBI_3005G131900	2
SORBI_3005G132000	6443.37
SORBI_3005G132033	0
SORBI_3005G132066	1
SORBI_3005G132100	10
SORBI_3005G132200	165.617
SORBI_3005G132250	0
SORBI_3005G132300	0
ENSRNA049439930	0
SORBI_3005G132400	887
SORBI_3005G132501	14
SORBI_3005G132600	13
SORBI_3005G132700	54
SORBI_3005G132800	1
SORBI_3005G133000	0
SORBI_3005G133100	0
SORBI_3005G133133	0
SORBI_3005G133166	4
SORBI_3005G133200	55
SORBI_3005G133233	47.264
SORBI_3005G133266	0
SORBI_3005G133300	0
SORBI_3005G133350	55
SORBI_3005G133400	0
SORBI_3005G133500	150
SORBI_3005G133600	331
SORBI_3005G133700	1037.233
SORBI_3005G133750	0
SORBI_3005G133800	529
SORBI_3005G133900	545.011
SORBI_3005G134000	169
SORBI_3005G134100	188
SORBI_3005G134200	0
SORBI_3005G134301	0
SORBI_3005G134400	0
SORBI_3005G134501	34.006
SORBI_3005G134600	54.001
SORBI_3005G134700	0
SORBI_3005G134800	0
SORBI_3005G134900	0
SORBI_3005G135000	3
SORBI_3005G135100	0
SORBI_3005G135300	0
SORBI_3005G135400	0
SORBI_3005G135500	0
SORBI_3005G135533	0
SORBI_3005G135566	0
SORBI_3005G135600	0
SORBI_3005G135700	0
SORBI_3005G135800	0
SORBI_3005G136100	0
SORBI_3005G136200	138.922
SORBI_3005G136300	113.64
SORBI_3005G136450	0
SORBI_3005G136600	0
SORBI_3005G136800	3.187
SORBI_3005G136900	4
SORBI_3005G137000	47.994
SORBI_3005G137100	38.995
SORBI_3005G137200	42.263
SORBI_3005G137300	145.999
SORBI_3005G137400	2
SORBI_3005G137500	0
SORBI_3005G137700	46
SORBI_3005G137800	0
SORBI_3005G137900	19
SORBI_3005G138000	5
SORBI_3005G138100	7.022
SORBI_3005G138150	26.568
SORBI_3005G138200	12
SORBI_3005G138300	224.999
SORBI_3005G138500	10
SORBI_3005G138600	132
SORBI_3005G138800	1
SORBI_3005G138900	0
SORBI_3005G139000	44
SORBI_3005G139075	6
SORBI_3005G139150	0
SORBI_3005G139225	9.475
SORBI_3005G139300	213.009
SORBI_3005G139400	85.131
SORBI_3005G139500	4
SORBI_3005G139600	0
SORBI_3005G139700	6483.002
SORBI_3005G139750	1
SORBI_3005G139800	0
SORBI_3005G139900	3
ENSRNA049482900	0
SORBI_3005G140001	0
SORBI_3005G140100	0
SORBI_3005G140200	0
SORBI_3005G140300	0
SORBI_3005G140400	0
SORBI_3005G140450	0
SORBI_3005G140500	1368.139
SORBI_3005G140600	0
SORBI_3005G140900	0
SORBI_3005G141000	0
SORBI_3005G141100	4
SORBI_3005G141200	4.295
SORBI_3005G141300	0
SORBI_3005G141400	0
SORBI_3005G141500	0
SORBI_3005G141600	0
SORBI_3005G141700	0
SORBI_3005G141801	168.613
SORBI_3005G141900	0
SORBI_3005G142000	0
SORBI_3005G142101	3
SORBI_3005G142200	21
SORBI_3005G142300	1
SORBI_3005G142400	0
SORBI_3005G142500	0
SORBI_3005G142600	0
SORBI_3005G142700	95
SORBI_3005G142800	439.001
SORBI_3005G142900	78
SORBI_3005G143000	83.501
SORBI_3005G143100	4
SORBI_3005G143200	402
SORBI_3005G143300	773.001
SORBI_3005G143400	523
SORBI_3005G143500	128
SORBI_3005G143800	2
SORBI_3005G143900	92
SORBI_3005G144000	0
SORBI_3005G144101	0
SORBI_3005G144201	472
SORBI_3005G144300	161
SORBI_3005G144400	363
SORBI_3005G144450	0
SORBI_3005G144500	0
SORBI_3005G144600	3
SORBI_3005G144800	0
SORBI_3005G144900	0
SORBI_3005G145000	0
SORBI_3005G145100	0
SORBI_3005G145201	2240
SORBI_3005G145300	82
SORBI_3005G145400	0
SORBI_3005G145550	45
SORBI_3005G145700	0
SORBI_3005G145800	15
SORBI_3005G145900	0
SORBI_3005G145950	0
SORBI_3005G146000	0
SORBI_3005G146200	0
SORBI_3005G146300	0
SORBI_3005G146400	40
SORBI_3005G146533	10.68
SORBI_3005G146666	8.32
SORBI_3005G146800	0
SORBI_3005G146900	3
SORBI_3005G146966	0
SORBI_3005G147032	0
SORBI_3005G147100	0
SORBI_3005G147200	0
SORBI_3005G147300	0
SORBI_3005G147400	0
SORBI_3005G147500	0
SORBI_3005G147600	0
SORBI_3005G147700	0
SORBI_3005G147800	0
SORBI_3005G147900	0
SORBI_3005G148000	0
SORBI_3005G148100	0
SORBI_3005G148201	0
SORBI_3005G148300	0
SORBI_3005G148400	0
SORBI_3005G148500	17
SORBI_3005G148600	0
SORBI_3005G148700	0
SORBI_3005G148900	0
SORBI_3005G148950	0
SORBI_3005G149000	0
SORBI_3005G149100	1
SORBI_3005G149200	167.087
SORBI_3005G149300	120
SORBI_3005G149400	97
SORBI_3005G149500	431.037
SORBI_3005G149550	0
SORBI_3005G149600	0
SORBI_3005G149650	0
SORBI_3005G149700	151
SORBI_3005G149800	0
SORBI_3005G150000	0
SORBI_3005G150100	0
SORBI_3005G150150	0
SORBI_3005G150200	0
SORBI_3005G150250	0
SORBI_3005G150300	0
SORBI_3005G150350	4.618
SORBI_3005G150400	0
SORBI_3005G150501	0
SORBI_3005G150600	54
SORBI_3005G150700	0
SORBI_3005G150800	50
SORBI_3005G150900	54.719
SORBI_3005G151000	0
SORBI_3005G151100	0
SORBI_3005G151200	0
SORBI_3005G151300	0
SORBI_3005G151350	4
SORBI_3005G151400	0
SORBI_3005G151500	0
SORBI_3005G151700	0
SORBI_3005G151800	0
SORBI_3005G151900	0
SORBI_3005G152000	128.325
SORBI_3005G152100	153.675
SORBI_3005G152200	413.602
SORBI_3005G152250	3.136
SORBI_3005G152300	11.864
SORBI_3005G152400	0
SORBI_3005G152500	4
SORBI_3005G152550	0
SORBI_3005G152600	0
SORBI_3005G152700	0
SORBI_3005G152800	0
SORBI_3005G152866	0
SORBI_3005G152932	0
SORBI_3005G153000	98
SORBI_3005G153033	0
SORBI_3005G153066	0
SORBI_3005G153100	0
SORBI_3005G153200	0
SORBI_3005G153300	0
SORBI_3005G153400	0
SORBI_3005G153500	0
SORBI_3005G153600	0
SORBI_3005G153700	0
SORBI_3005G153800	0
SORBI_3005G153900	0
SORBI_3005G154000	0
SORBI_3005G154100	31
SORBI_3005G154300	111
SORBI_3005G154400	314
SORBI_3005G154500	104
SORBI_3005G154600	0
SORBI_3005G154700	152
SORBI_3005G154800	7.997
SORBI_3005G154850	65.734
SORBI_3005G154900	150
SORBI_3005G155001	0
SORBI_3005G155100	732.97
SORBI_3005G155200	168
SORBI_3005G155300	97
SORBI_3005G155500	0
SORBI_3005G155600	18
ENSRNA049439960	0
SORBI_3005G155700	40
SORBI_3005G155800	110
SORBI_3005G155900	0
SORBI_3005G156000	3
SORBI_3005G156100	2
SORBI_3005G156201	0
SORBI_3005G156300	0
SORBI_3005G156400	9
SORBI_3005G156450	0
SORBI_3005G156500	41
SORBI_3005G156600	0
SORBI_3005G156700	0
SORBI_3005G156800	0
SORBI_3005G156850	7
SORBI_3005G156900	1
SORBI_3005G157000	430.05
SORBI_3005G157100	418.188
SORBI_3005G157200	258.926
SORBI_3005G157300	6
SORBI_3005G157400	0
SORBI_3005G157500	0
SORBI_3005G157600	0
SORBI_3005G157733	2.057
SORBI_3005G157866	0
SORBI_3005G158000	21
SORBI_3005G158100	119.295
SORBI_3005G158200	0
SORBI_3005G158300	377
SORBI_3005G158400	0
SORBI_3005G158500	0
SORBI_3005G158700	0
SORBI_3005G158801	0
SORBI_3005G158901	0
SORBI_3005G159000	156.305
SORBI_3005G159100	0
SORBI_3005G159200	7
SORBI_3005G159400	0
SORBI_3005G159500	0
SORBI_3005G159600	2132
SORBI_3005G159801	404.514
SORBI_3005G160000	1
SORBI_3005G160100	510.622
SORBI_3005G160200	80
SORBI_3005G160300	9
SORBI_3005G160400	1217.031
SORBI_3005G160500	130
SORBI_3005G160600	16.003
SORBI_3005G160700	0
SORBI_3005G160801	1
SORBI_3005G160900	100
SORBI_3005G161000	0
SORBI_3005G161100	21
SORBI_3005G161200	0
SORBI_3005G161400	1
SORBI_3005G161500	1
SORBI_3005G161600	0
SORBI_3005G161700	13
SORBI_3005G161750	0
SORBI_3005G161800	0
SORBI_3005G161900	22.496
SORBI_3005G162000	3
SORBI_3005G162100	0
SORBI_3005G162200	5.505
SORBI_3005G162300	15.663
ENSRNA049440295	0
SORBI_3005G162400	0
SORBI_3005G162500	1322
SORBI_3005G162600	211
SORBI_3005G162800	54
SORBI_3005G162900	20
SORBI_3005G163100	88
SORBI_3005G163200	1
SORBI_3005G163301	17
SORBI_3005G163400	12
SORBI_3005G163450	0
SORBI_3005G163500	4
SORBI_3005G163600	66
SORBI_3005G163700	1456.962
SORBI_3005G163800	0
SORBI_3005G163866	111.554
SORBI_3005G163932	0
SORBI_3005G164000	1.002
SORBI_3005G164100	11.491
SORBI_3005G164200	1.003
SORBI_3005G164300	0
SORBI_3005G164400	0
SORBI_3005G164500	117
SORBI_3005G164700	225
SORBI_3005G164800	1
SORBI_3005G164900	2
SORBI_3005G164966	2
SORBI_3005G165032	0
SORBI_3005G165100	0
SORBI_3005G165201	0.878
SORBI_3005G165300	0
SORBI_3005G165400	3.049
SORBI_3005G165500	52.073
SORBI_3005G165566	0
SORBI_3005G165632	0
SORBI_3005G165700	1
SORBI_3005G165800	136
SORBI_3005G165850	0
SORBI_3005G165900	692
SORBI_3005G165950	0
SORBI_3005G166000	20.177
SORBI_3005G166200	3
SORBI_3005G166100	452.438
SORBI_3005G166300	0
SORBI_3005G166366	0
SORBI_3005G166432	0
SORBI_3005G166500	13
SORBI_3005G166700	3
SORBI_3005G166800	0
SORBI_3005G166900	9
SORBI_3005G167000	0
SORBI_3005G167100	0
SORBI_3005G167200	87
SORBI_3005G167300	3453.554
SORBI_3005G167400	206.558
SORBI_3005G167450	0
SORBI_3005G167500	19.442
SORBI_3005G167600	0
SORBI_3005G167650	0
ENSRNA049439979	0
SORBI_3005G167700	691
SORBI_3005G167800	149
SORBI_3005G168000	48
SORBI_3005G168100	437
SORBI_3005G168200	18
SORBI_3005G168300	25
SORBI_3005G168400	0
SORBI_3005G168500	0
SORBI_3005G168600	491
SORBI_3005G168700	619.022
SORBI_3005G168800	137
SORBI_3005G168900	3
SORBI_3005G169000	2
SORBI_3005G169100	1
SORBI_3005G169200	12
SORBI_3005G169300	0
SORBI_3005G169400	11
SORBI_3005G169500	202
SORBI_3005G169600	96
SORBI_3005G169700	105
SORBI_3005G169800	171.094
SORBI_3005G169900	85
SORBI_3005G170000	7
SORBI_3005G170100	1
SORBI_3005G170150	0
SORBI_3005G170200	6
SORBI_3005G170300	0
SORBI_3005G170400	0
SORBI_3005G170500	0
SORBI_3005G170600	0
SORBI_3005G170700	0
SORBI_3005G170800	0
SORBI_3005G170900	25
SORBI_3005G171001	0
SORBI_3005G171100	0
SORBI_3005G171200	0
SORBI_3005G171300	36
SORBI_3005G171400	0
SORBI_3005G171500	0
SORBI_3005G171600	0
SORBI_3005G171700	0
SORBI_3005G171800	9
SORBI_3005G171900	0
SORBI_3005G172000	0
SORBI_3005G172100	1
SORBI_3005G172200	0
SORBI_3005G172300	10
SORBI_3005G172400	88.198
ENSRNA049440270	0
ENSRNA049440261	0
SORBI_3005G172500	632.91
SORBI_3005G172700	0
SORBI_3005G172800	0
SORBI_3005G172900	354.735
SORBI_3005G173100	51.478
SORBI_3005G173200	68.265
SORBI_3005G173366	5.033
SORBI_3005G173532	0
SORBI_3005G173700	14
SORBI_3005G173800	0
SORBI_3005G173900	0
SORBI_3005G174000	0
SORBI_3005G174100	0
SORBI_3005G174200	0
SORBI_3005G174400	0
SORBI_3005G174500	0
SORBI_3005G174600	0
SORBI_3005G174700	0
SORBI_3005G174750	2
SORBI_3005G174800	0
SORBI_3005G174900	0
SORBI_3005G175000	56
SORBI_3005G175100	2032.418
SORBI_3005G175150	0
SORBI_3005G175200	0
SORBI_3005G175300	133.28
SORBI_3005G175400	46
SORBI_3005G175500	350
SORBI_3005G175600	240
SORBI_3005G175700	0
SORBI_3005G175800	12
SORBI_3005G175900	24.033
SORBI_3005G176000	736
SORBI_3005G176100	88
SORBI_3005G176300	0
SORBI_3005G176500	0
SORBI_3005G176600	0
SORBI_3005G176700	0
SORBI_3005G176800	0
SORBI_3005G176875	0
SORBI_3005G176950	0
SORBI_3005G177025	10
SORBI_3005G177100	0
SORBI_3005G177200	0
SORBI_3005G177400	0
SORBI_3005G177500	0
SORBI_3005G177600	3
SORBI_3005G177700	482.721
SORBI_3005G177800	98
SORBI_3005G177900	107
SORBI_3005G178100	236
SORBI_3005G178200	0
SORBI_3005G178300	219
SORBI_3005G178400	0
ENSRNA049474930	0
SORBI_3005G178550	1
SORBI_3005G178700	144
SORBI_3005G178800	60
SORBI_3005G178950	74
SORBI_3005G179100	0
SORBI_3005G179200	3
SORBI_3005G179300	1253
SORBI_3005G179400	0
ENSRNA049996191	0
SORBI_3005G179500	9
SORBI_3005G179600	0
SORBI_3005G179700	0
SORBI_3005G179800	0
SORBI_3005G179900	0
SORBI_3005G180000	0
SORBI_3005G180100	0
SORBI_3005G180150	0
SORBI_3005G180200	0
SORBI_3005G180300	0
SORBI_3005G180400	0
SORBI_3005G180500	56
SORBI_3005G180600	54
SORBI_3005G180700	563.024
SORBI_3005G180800	402
SORBI_3005G180850	0
SORBI_3005G180900	490.83
SORBI_3005G181000	175
SORBI_3005G181100	10
SORBI_3005G181200	6
SORBI_3005G181300	0
SORBI_3005G181400	0
SORBI_3005G181500	0
SORBI_3005G181600	2
SORBI_3005G181700	0
SORBI_3005G181800	0
SORBI_3005G181900	1
SORBI_3005G182000	180.995
SORBI_3005G182100	59
SORBI_3005G182200	86
SORBI_3005G182300	14
SORBI_3005G182400	524
SORBI_3005G182500	65
SORBI_3005G182600	2
SORBI_3005G182701	0
SORBI_3005G182800	18
SORBI_3005G182900	9
SORBI_3005G183000	0
SORBI_3005G183100	45
SORBI_3005G183200	47.632
SORBI_3005G183300	0
SORBI_3005G183400	5
SORBI_3005G183450	3.988
SORBI_3005G183500	18
SORBI_3005G183600	0
SORBI_3005G183700	0
SORBI_3005G183900	10
SORBI_3005G184000	0
ENSRNA049440013	0
SORBI_3005G184050	111.326
SORBI_3005G184100	10
SORBI_3005G184200	318
SORBI_3005G184300	120
SORBI_3005G184400	0
SORBI_3005G184500	0
SORBI_3005G184600	0
SORBI_3005G184700	0
SORBI_3005G184800	0
SORBI_3005G184900	0
SORBI_3005G185000	0
SORBI_3005G185100	1
SORBI_3005G185150	101
SORBI_3005G185200	1
SORBI_3005G185300	0
SORBI_3005G185400	0
SORBI_3005G185500	69
SORBI_3005G185600	0
SORBI_3005G185750	4
SORBI_3005G185900	0
SORBI_3005G186000	0
SORBI_3005G186100	439.659
SORBI_3005G186200	224.346
SORBI_3005G186250	0
SORBI_3005G186300	0
SORBI_3005G186400	25
SORBI_3005G186500	0
SORBI_3005G186600	0
SORBI_3005G186700	0
SORBI_3005G186800	1
SORBI_3005G187000	3
SORBI_3005G187100	0
SORBI_3005G187200	57
SORBI_3005G187250	0
ENSRNA049475008	0
SORBI_3005G187300	1300
SORBI_3005G187400	293
SORBI_3005G187500	324
SORBI_3005G187600	0
SORBI_3005G187700	12
SORBI_3005G187800	4
SORBI_3005G187900	2
SORBI_3005G188000	0
SORBI_3005G188100	415.009
SORBI_3005G188200	21
SORBI_3005G188300	92
SORBI_3005G188400	0
SORBI_3005G188500	0
SORBI_3005G188600	26
ENSRNA049440057	0
SORBI_3005G188800	0
SORBI_3005G188900	0
SORBI_3005G189000	0
SORBI_3005G189100	0
SORBI_3005G189300	21
SORBI_3005G189400	0
SORBI_3005G189500	0
SORBI_3005G189600	0
SORBI_3005G189700	0
SORBI_3005G189800	0
SORBI_3005G189900	0
SORBI_3005G190000	0
SORBI_3005G190100	0
SORBI_3005G190200	0
SORBI_3005G190300	0
SORBI_3005G190400	0
SORBI_3005G190500	0
SORBI_3005G190600	0
SORBI_3005G190700	1
SORBI_3005G190800	0
SORBI_3005G190900	0
SORBI_3005G191000	0
SORBI_3005G191101	0
SORBI_3005G191200	0
SORBI_3005G191300	0
SORBI_3005G191350	0
SORBI_3005G191400	0
SORBI_3005G191500	1
SORBI_3005G191600	24
SORBI_3005G191700	2710.377
SORBI_3005G191900	402.374
SORBI_3005G192000	0
SORBI_3005G192100	16
SORBI_3005G192200	3
SORBI_3005G192300	85.051
SORBI_3005G192350	0
SORBI_3005G192400	58
SORBI_3005G192500	1
SORBI_3005G192600	0
SORBI_3005G192700	0
SORBI_3005G192801	0
SORBI_3005G192901	0
SORBI_3005G193000	0
SORBI_3005G192900	0
SORBI_3005G193100	0
SORBI_3005G193140	0
SORBI_3005G193180	0
SORBI_3005G193220	0
SORBI_3005G193260	0
SORBI_3005G193300	0
SORBI_3005G193400	0
SORBI_3005G193500	0
SORBI_3005G193600	0
SORBI_3005G193700	0
SORBI_3005G193800	28
SORBI_3005G193900	0
SORBI_3005G194000	772.993
SORBI_3005G194100	7
SORBI_3005G194200	51
SORBI_3005G194300	43
SORBI_3005G194400	8
SORBI_3005G194500	0
SORBI_3005G194700	537
SORBI_3005G194800	34
SORBI_3005G194900	371
SORBI_3005G195000	191
SORBI_3005G195100	83.345
SORBI_3005G195200	55.655
SORBI_3005G195301	1572.932
SORBI_3005G195400	0
SORBI_3005G195600	217
SORBI_3005G195700	0
SORBI_3005G195750	0
SORBI_3005G195800	893.999
SORBI_3005G195900	1
SORBI_3005G196000	0
SORBI_3005G196100	14
SORBI_3005G196200	0
SORBI_3005G196300	3
SORBI_3005G196400	0
SORBI_3005G196450	0
SORBI_3005G196500	0
SORBI_3005G196600	1
SORBI_3005G196533	0
SORBI_3005G196566	0
SORBI_3005G196700	3
SORBI_3005G196800	643
SORBI_3005G196900	232
SORBI_3005G196950	413.955
SORBI_3005G197000	0
SORBI_3005G197100	503
SORBI_3005G197200	0
SORBI_3005G197300	127
SORBI_3005G197350	0
SORBI_3005G197400	0
SORBI_3005G197500	0
SORBI_3005G197600	29
SORBI_3005G197700	3
SORBI_3005G197800	0
SORBI_3005G197900	0
SORBI_3005G198000	920.012
SORBI_3005G198100	141
SORBI_3005G198150	1
SORBI_3005G198200	106
SORBI_3005G198300	0
SORBI_3005G198400	0
SORBI_3005G198500	2
SORBI_3005G198600	0
SORBI_3005G198700	0
SORBI_3005G198800	0
SORBI_3005G198901	24.896
SORBI_3005G199000	0
SORBI_3005G199050	0
SORBI_3005G199101	0
SORBI_3005G199151	0
SORBI_3005G199200	735
SORBI_3005G199300	0
SORBI_3005G199400	96
SORBI_3005G199500	0
SORBI_3005G199700	0
SORBI_3005G199800	0
SORBI_3005G200100	0
SORBI_3005G200200	5
SORBI_3005G200300	1
SORBI_3005G200400	0
SORBI_3005G200600	0
SORBI_3005G200700	0
SORBI_3005G200800	421
ENSRNA049440146	0
SORBI_3005G200900	626.999
SORBI_3005G201000	143
SORBI_3005G201100	185
SORBI_3005G201200	0
SORBI_3005G201400	0
SORBI_3005G201501	0
SORBI_3005G201600	0
SORBI_3005G201700	0
SORBI_3005G201800	0
SORBI_3005G201900	0
SORBI_3005G202000	267
SORBI_3005G202101	0
SORBI_3005G202200	0
SORBI_3005G202300	3
SORBI_3005G202400	0
SORBI_3005G202500	2
SORBI_3005G202600	0
SORBI_3005G202700	3
SORBI_3005G202800	2
SORBI_3005G202901	0
SORBI_3005G203000	5
SORBI_3005G203100	0
SORBI_3005G203150	0
SORBI_3005G203200	101
SORBI_3005G203300	0
SORBI_3005G203400	1
SORBI_3005G203500	0
SORBI_3005G203600	0
SORBI_3005G203700	0
SORBI_3005G203750	1
SORBI_3005G203800	485
SORBI_3005G203900	1
SORBI_3005G204000	0
SORBI_3005G204100	1
SORBI_3005G204200	92.081
SORBI_3005G204300	1
SORBI_3005G204400	55
SORBI_3005G204500	0
SORBI_3005G204600	0
SORBI_3005G204700	241
SORBI_3005G204800	1
SORBI_3005G204900	0
SORBI_3005G205000	69
SORBI_3005G205100	12.445
SORBI_3005G205150	1
SORBI_3005G205200	97.999
SORBI_3005G205300	10.555
SORBI_3005G205400	0
SORBI_3005G205550	1
SORBI_3005G205700	0
SORBI_3005G205800	0
SORBI_3005G206000	0
SORBI_3005G206100	0
SORBI_3005G206300	586
SORBI_3005G206400	0
SORBI_3005G206500	18
SORBI_3005G206601	40
SORBI_3005G206700	126.055
SORBI_3005G206800	1
SORBI_3005G206900	0
SORBI_3005G207000	27
SORBI_3005G207100	2024
SORBI_3005G207200	0
SORBI_3005G207300	0
SORBI_3005G207400	131
SORBI_3005G207500	2788.884
SORBI_3005G207550	0
SORBI_3005G207600	206.008
SORBI_3005G207700	3.003
SORBI_3005G207800	108
SORBI_3005G207900	0
SORBI_3005G208000	0
SORBI_3005G208100	1198.26
SORBI_3005G208200	481.522
SORBI_3005G208275	77
SORBI_3005G208350	1.325
SORBI_3005G208425	12
SORBI_3005G208500	0
SORBI_3005G208600	0
SORBI_3005G208700	0
SORBI_3005G208801	0
SORBI_3005G208900	78
SORBI_3005G208950	0
SORBI_3005G209000	40
SORBI_3005G209100	21
SORBI_3005G209200	0
SORBI_3005G209300	0
SORBI_3005G209400	115
SORBI_3005G209500	5986.768
SORBI_3005G209600	47
SORBI_3005G209800	0
SORBI_3005G209900	0
SORBI_3005G210000	1027.017
SORBI_3005G210100	11
SORBI_3005G210200	267
SORBI_3005G210300	27
ENSRNA049996166	0
SORBI_3005G210350	16
ENSRNA049996174	0
SORBI_3005G210400	0
SORBI_3005G210500	4
SORBI_3005G210600	1
SORBI_3005G210700	6
SORBI_3005G210850	18
SORBI_3005G211000	0
SORBI_3005G211200	96
SORBI_3005G211301	60
SORBI_3005G211400	254
SORBI_3005G211500	1
SORBI_3005G211600	0
SORBI_3005G211700	0
SORBI_3005G211750	0
SORBI_3005G211801	0
SORBI_3005G211851	0
SORBI_3005G211900	0
SORBI_3005G212000	0
SORBI_3005G212100	0
SORBI_3005G212201	0
SORBI_3005G212300	0
SORBI_3005G212400	0
SORBI_3005G212500	349.854
SORBI_3005G212600	15.146
SORBI_3005G212700	0
SORBI_3005G212800	0
ENSRNA049440162	0
SORBI_3005G212900	0
SORBI_3005G213000	0
SORBI_3005G213100	38.227
SORBI_3005G213200	68
SORBI_3005G213300	39
SORBI_3005G213400	0
SORBI_3005G213500	0
SORBI_3005G213600	2
SORBI_3005G213700	1
SORBI_3005G213766	3
SORBI_3005G213832	5
SORBI_3005G213900	0
SORBI_3005G213950	7
SORBI_3005G214000	41
SORBI_3005G214150	0
SORBI_3005G214300	0
SORBI_3005G214400	205
SORBI_3005G214600	0
SORBI_3005G214700	0
SORBI_3005G214800	1.99
SORBI_3005G214900	0
SORBI_3005G215000	0
SORBI_3005G215100	0
SORBI_3005G215200	0
SORBI_3005G215300	6
SORBI_3005G215400	2
SORBI_3005G215500	7
SORBI_3005G215601	0
SORBI_3005G215700	3.115
SORBI_3005G215766	7.885
SORBI_3005G215832	0
SORBI_3005G215900	55
SORBI_3005G216000	2
SORBI_3005G216100	0
SORBI_3005G216200	5
SORBI_3005G216300	1397.237
SORBI_3005G216400	0
SORBI_3005G216500	0
SORBI_3005G216600	0
SORBI_3005G216700	0
SORBI_3005G216800	1135.763
SORBI_3005G216833	0
SORBI_3005G216866	0
SORBI_3005G216900	0
SORBI_3005G217000	180
SORBI_3005G217101	0
SORBI_3005G217200	55
SORBI_3005G217300	1
SORBI_3005G217400	0
SORBI_3005G217500	0
SORBI_3005G217600	2
SORBI_3005G217700	0
SORBI_3005G217766	4
SORBI_3005G217832	0
SORBI_3005G217900	19
SORBI_3005G218000	0
SORBI_3005G218100	0
SORBI_3005G218201	465.134
SORBI_3005G218300	0
SORBI_3005G218400	326.81
SORBI_3005G218500	0
SORBI_3005G218600	88.305
SORBI_3005G218700	135.19
SORBI_3005G218800	0
SORBI_3005G219000	0
SORBI_3005G219100	0
SORBI_3005G219300	313
SORBI_3005G219500	0
SORBI_3005G219600	0
SORBI_3005G219700	2
SORBI_3005G219800	0
SORBI_3005G219900	3
SORBI_3005G220000	522.156
SORBI_3005G220101	56
SORBI_3005G220200	2
SORBI_3005G220250	0
SORBI_3005G220300	0
SORBI_3005G220400	0
SORBI_3005G220500	0
SORBI_3005G220560	0
SORBI_3005G220620	0
SORBI_3005G220680	0
SORBI_3005G220740	0
SORBI_3005G220800	0
SORBI_3005G220900	4
SORBI_3005G221000	0
SORBI_3005G221100	0
SORBI_3005G221200	0
SORBI_3005G221250	391.843
SORBI_3005G221300	0
SORBI_3005G221425	11.618
SORBI_3005G221550	5.07
SORBI_3005G221675	0
SORBI_3005G221800	0
SORBI_3005G221900	10.728
SORBI_3005G222000	260
SORBI_3005G222100	276.07
SORBI_3005G222200	774.679
SORBI_3005G222300	0
SORBI_3005G222400	0
SORBI_3005G222500	3
SORBI_3005G222600	1
SORBI_3005G222650	1
SORBI_3005G222700	158.017
SORBI_3005G222800	0
SORBI_3005G222900	909.998
SORBI_3005G223000	1
SORBI_3005G223200	0
SORBI_3005G223300	0
SORBI_3005G223450	18.692
SORBI_3005G223600	13.238
SORBI_3005G223700	1.053
SORBI_3005G223925	9.494
SORBI_3005G223775	0
SORBI_3005G223850	0
SORBI_3005G224000	48.503
SORBI_3005G224200	26.244
SORBI_3005G224300	4
SORBI_3005G224400	1
SORBI_3005G224500	9.991
SORBI_3005G224601	0
SORBI_3005G224700	89
SORBI_3005G224800	146.999
SORBI_3005G224900	0
SORBI_3005G225000	0
SORBI_3005G225100	7.659
SORBI_3005G225200	13.223
SORBI_3005G225300	3
SORBI_3005G225400	26.471
SORBI_3005G225500	16
SORBI_3005G225700	0
SORBI_3005G225800	2
SORBI_3005G225901	0
SORBI_3005G226000	4
SORBI_3005G226100	0
SORBI_3005G226150	0
SORBI_3005G226200	0
SORBI_3005G226300	4
SORBI_3005G226350	1
SORBI_3005G226400	5
SORBI_3005G226450	0
SORBI_3005G226500	0
SORBI_3005G226600	0
SORBI_3005G226700	0
SORBI_3005G226800	0
SORBI_3005G226900	0
SORBI_3005G227000	0
SORBI_3005G227050	0
SORBI_3005G227101	0
SORBI_3005G227151	8.527
SORBI_3005G227200	0
SORBI_3005G227300	0
SORBI_3005G227400	0
SORBI_3005G227500	1
SORBI_3005G227600	0
SORBI_3005G227700	0
SORBI_3005G227800	0
SORBI_3005G227900	0
SORBI_3005G228000	1401.198
SORBI_3005G228100	1
SORBI_3005G228250	1
SORBI_3005G228400	0
SORBI_3005G228501	0
SORBI_3005G228600	84
SORBI_3005G228650	0
SORBI_3005G228700	11146.143
SORBI_3005G228900	650
SORBI_3005G229000	774.087
SORBI_3005G229100	2
SORBI_3005G229166	19
SORBI_3005G229232	0
SORBI_3005G229300	722.37
SORBI_3005G229400	339
SORBI_3005G229500	57
SORBI_3005G229600	4
SORBI_3005G229700	94
SORBI_3005G229800	78.001
SORBI_3005G229900	19
SORBI_3005G230000	14
SORBI_3005G230100	2
SORBI_3005G230200	6
SORBI_3005G230300	0
SORBI_3005G230400	2
SORBI_3005G230500	2
SORBI_3005G230600	4
SORBI_3005G230700	4
SORBI_3005G230800	1
SORBI_3005G230900	1
SORBI_3005G231100	38
SORBI_3005G231000	0
SORBI_3005G231201	0
SORBI_3005G231300	2
SORBI_3005G231400	0
SORBI_3005G231500	1746.326
SORBI_3005G231600	0
SORBI_3005G231700	48
SORBI_3005G231800	0
SORBI_3005G231900	270
SORBI_3005G232000	12
SORBI_3005G232100	195
SORBI_3005G232200	0
SORBI_3006G000100	4896.292
SORBI_3006G000200	0
SORBI_3006G000300	388.482
SORBI_3006G000400	75
SORBI_3006G000600	782
SORBI_3006G000700	98
SORBI_3006G000800	1
SORBI_3006G000900	36
SORBI_3006G001000	3
SORBI_3006G001100	123
SORBI_3006G001200	45
SORBI_3006G001400	0
SORBI_3006G001600	1
SORBI_3006G001650	0
SORBI_3006G001700	0
SORBI_3006G001800	29
SORBI_3006G001900	189.003
SORBI_3006G002000	696
SORBI_3006G002100	141
SORBI_3006G002201	155
SORBI_3006G002300	302
SORBI_3006G002400	1131
SORBI_3006G002500	56
SORBI_3006G002600	418.973
SORBI_3006G002700	1706.545
SORBI_3006G002800	476
SORBI_3006G002900	1725.545
SORBI_3006G003000	5
SORBI_3006G003100	78
SORBI_3006G003200	0
SORBI_3006G003300	390
SORBI_3006G003350	5
SORBI_3006G003400	130.684
SORBI_3006G003501	4
SORBI_3006G003600	0
SORBI_3006G003500	0
SORBI_3006G003601	0
SORBI_3006G003700	0
SORBI_3006G003800	0
SORBI_3006G003850	0
SORBI_3006G003901	0
SORBI_3006G003951	2
SORBI_3006G004000	7
SORBI_3006G004100	0
SORBI_3006G004200	10
SORBI_3006G004300	4
SORBI_3006G004400	0
SORBI_3006G004500	274.999
SORBI_3006G004600	111
SORBI_3006G004700	1
SORBI_3006G004800	0
SORBI_3006G004900	0
SORBI_3006G005000	0
SORBI_3006G005200	17
SORBI_3006G005300	0
SORBI_3006G005400	1
SORBI_3006G005500	0
SORBI_3006G005550	0
SORBI_3006G005600	607
SORBI_3006G005700	0
SORBI_3006G005800	0
SORBI_3006G005900	0
SORBI_3006G005950	5
SORBI_3006G006000	0
SORBI_3006G006100	0
SORBI_3006G006200	0
SORBI_3006G006300	6
SORBI_3006G006400	0
SORBI_3006G006450	0
SORBI_3006G006500	71.867
SORBI_3006G006600	34.567
SORBI_3006G006650	0
SORBI_3006G006700	0
SORBI_3006G006800	0
SORBI_3006G006900	0
SORBI_3006G007001	0
SORBI_3006G007100	0
SORBI_3006G007300	0
SORBI_3006G007450	0
SORBI_3006G007600	0
SORBI_3006G007650	0
SORBI_3006G007700	0
SORBI_3006G007800	1
SORBI_3006G007850	0
SORBI_3006G007900	0
SORBI_3006G008000	0
SORBI_3006G008100	6
SORBI_3006G008200	186.999
SORBI_3006G008300	124
SORBI_3006G008400	37
SORBI_3006G008500	0
SORBI_3006G008600	331
SORBI_3006G008650	0
SORBI_3006G008700	13
SORBI_3006G008800	481.545
SORBI_3006G008900	1684.667
SORBI_3006G009000	79
SORBI_3006G009100	143
SORBI_3006G009200	0
SORBI_3006G009300	0
SORBI_3006G009400	334.238
SORBI_3006G009500	7
SORBI_3006G009600	4
SORBI_3006G009700	0
SORBI_3006G009800	0
SORBI_3006G009900	0
SORBI_3006G010000	455
SORBI_3006G010100	0
SORBI_3006G010200	0
SORBI_3006G010301	0
ENSRNA049474184	0
ENSRNA049474108	1
SORBI_3006G010400	373
SORBI_3006G010500	0
SORBI_3006G010600	304
SORBI_3006G010700	13
SORBI_3006G010800	54
SORBI_3006G010900	74
SORBI_3006G011000	399.473
SORBI_3006G011100	10
SORBI_3006G011200	598.151
SORBI_3006G011300	7153.002
SORBI_3006G011350	0
SORBI_3006G011400	106
SORBI_3006G011450	0
SORBI_3006G011500	33
SORBI_3006G011601	0
SORBI_3006G011700	0
SORBI_3006G011800	0
SORBI_3006G011900	0
SORBI_3006G012000	0
SORBI_3006G012100	0
SORBI_3006G012200	6
SORBI_3006G012300	32
SORBI_3006G012400	171
SORBI_3006G012500	1289.703
SORBI_3006G012700	77
SORBI_3006G012800	0
SORBI_3006G012900	844
SORBI_3006G013000	223
SORBI_3006G013100	223.049
SORBI_3006G013200	0
SORBI_3006G013300	3
SORBI_3006G013500	158.999
SORBI_3006G013600	1
SORBI_3006G013700	328
SORBI_3006G013800	2
SORBI_3006G013900	114
SORBI_3006G014000	11
SORBI_3006G014100	56
SORBI_3006G014200	0
SORBI_3006G014300	0
SORBI_3006G014400	0
SORBI_3006G014500	1
SORBI_3006G014566	0
SORBI_3006G014632	2
SORBI_3006G014700	53
SORBI_3006G014800	9
SORBI_3006G014900	10
SORBI_3006G015000	0
SORBI_3006G015100	0
SORBI_3006G015200	0
SORBI_3006G015250	10
SORBI_3006G015300	0
SORBI_3006G015400	15
SORBI_3006G015500	184
SORBI_3006G015600	5
SORBI_3006G015700	0
SORBI_3006G015750	0
SORBI_3006G015800	39
SORBI_3006G015900	35.999
SORBI_3006G016000	0
SORBI_3006G016200	142
SORBI_3006G016350	0
SORBI_3006G016500	10
SORBI_3006G016600	53
SORBI_3006G016700	18
SORBI_3006G016800	0
SORBI_3006G016900	1743.094
SORBI_3006G016950	0
SORBI_3006G017000	816.896
SORBI_3006G017100	49
SORBI_3006G017200	0
SORBI_3006G017332	0
SORBI_3006G017266	0
SORBI_3006G017400	0
SORBI_3006G017500	3
SORBI_3006G017600	46
SORBI_3006G017700	0
SORBI_3006G017800	18
SORBI_3006G017900	0
SORBI_3006G018000	0
SORBI_3006G018100	335
SORBI_3006G018200	0
SORBI_3006G018300	0
SORBI_3006G018400	1
SORBI_3006G018500	0
SORBI_3006G018600	0
SORBI_3006G018650	0
SORBI_3006G018701	6
SORBI_3006G018751	0
SORBI_3006G018800	774
SORBI_3006G018900	9
SORBI_3006G019000	0
SORBI_3006G019100	135
SORBI_3006G019200	0
SORBI_3006G019300	264
SORBI_3006G019400	0
SORBI_3006G019600	77.044
SORBI_3006G019700	13
SORBI_3006G019801	29
SORBI_3006G019901	1
SORBI_3006G020000	31
SORBI_3006G020200	1
SORBI_3006G020300	0
SORBI_3006G020350	0
SORBI_3006G020400	0
SORBI_3006G020500	0
SORBI_3006G020600	0
SORBI_3006G020700	0
SORBI_3006G020900	105
SORBI_3006G021000	103
SORBI_3006G021100	165
SORBI_3006G021200	301.898
SORBI_3006G021250	110.107
SORBI_3006G021300	0
SORBI_3006G021400	0
SORBI_3006G021500	0
SORBI_3006G021600	62
SORBI_3006G021700	624.077
SORBI_3006G021800	283
SORBI_3006G021900	85
SORBI_3006G022000	0
SORBI_3006G022200	44
SORBI_3006G022301	0
SORBI_3006G022400	5
SORBI_3006G022500	60
SORBI_3006G022700	0
SORBI_3006G022800	89
SORBI_3006G022900	0
SORBI_3006G023000	0
SORBI_3006G023100	45.765
SORBI_3006G023200	148.548
SORBI_3006G023300	0
SORBI_3006G023400	93.439
SORBI_3006G023900	30.248
SORBI_3006G024000	14
SORBI_3006G024101	0
SORBI_3006G024200	29
SORBI_3006G024400	105
SORBI_3006G024450	0
SORBI_3006G024500	288.999
SORBI_3006G024600	29
SORBI_3006G024700	59.001
SORBI_3006G024800	0
SORBI_3006G025000	57
SORBI_3006G025066	1
SORBI_3006G025132	0
SORBI_3006G025200	0
SORBI_3006G025300	1412.259
SORBI_3006G025350	0
SORBI_3006G025400	2
SORBI_3006G025500	0
SORBI_3006G025550	0
SORBI_3006G025600	7
SORBI_3006G025700	0
SORBI_3006G025800	0
SORBI_3006G025900	7
SORBI_3006G026000	19
SORBI_3006G026100	64
SORBI_3006G026200	0
SORBI_3006G026250	154
SORBI_3006G026300	0
SORBI_3006G026400	207
SORBI_3006G026500	73
SORBI_3006G026600	68
SORBI_3006G026700	907.077
SORBI_3006G026800	2
SORBI_3006G026900	0
SORBI_3006G027000	399
SORBI_3006G027101	0
SORBI_3006G027200	689
SORBI_3006G027300	0
SORBI_3006G027500	0
SORBI_3006G027601	2
SORBI_3006G027700	0
SORBI_3006G027800	0
SORBI_3006G027900	6
SORBI_3006G028000	0
SORBI_3006G028100	87
SORBI_3006G028200	834
SORBI_3006G028250	7
SORBI_3006G028300	145
SORBI_3006G028400	191.907
SORBI_3006G028500	0
SORBI_3006G028550	0
SORBI_3006G028600	0
SORBI_3006G028700	241
SORBI_3006G028800	1
SORBI_3006G028900	5
SORBI_3006G029000	424
SORBI_3006G029100	272
SORBI_3006G029200	0
SORBI_3006G029250	0
SORBI_3006G029300	0
SORBI_3006G029400	135
SORBI_3006G029550	0
SORBI_3006G029700	377
SORBI_3006G029800	670.845
SORBI_3006G029850	0
SORBI_3006G029900	0
SORBI_3006G030001	0
SORBI_3006G030100	2735.668
SORBI_3006G030200	3
SORBI_3006G030250	0
SORBI_3006G030300	9
SORBI_3006G030400	4
SORBI_3006G030500	0
SORBI_3006G030600	16
SORBI_3006G030700	8
SORBI_3006G030800	407
SORBI_3006G031000	0
SORBI_3006G031100	0
SORBI_3006G031200	75
SORBI_3006G031300	151
SORBI_3006G031400	3
SORBI_3006G031500	0
SORBI_3006G031600	0
SORBI_3006G031701	0
SORBI_3006G031800	300
SORBI_3006G031833	64.003
SORBI_3006G031866	0
SORBI_3006G031900	0
SORBI_3006G032000	1
SORBI_3006G032033	0
SORBI_3006G032066	0
SORBI_3006G032100	359.998
SORBI_3006G032200	21472.924
SORBI_3006G032300	1497
SORBI_3006G032400	534
SORBI_3006G032500	77
SORBI_3006G032600	138
SORBI_3006G032700	78
SORBI_3006G032800	1
SORBI_3006G032900	233
SORBI_3006G033001	0
SORBI_3006G033101	529
SORBI_3006G033200	1728
SORBI_3006G033260	9.464
SORBI_3006G033320	0
SORBI_3006G033380	5.003
SORBI_3006G033440	0
SORBI_3006G033500	41
SORBI_3006G033601	11
SORBI_3006G033700	113.358
SORBI_3006G033800	7
SORBI_3006G033900	0
SORBI_3006G034000	694
SORBI_3006G034100	679
SORBI_3006G034200	3
SORBI_3006G034225	0
SORBI_3006G034250	0
SORBI_3006G034275	0
SORBI_3006G034300	5
SORBI_3006G034400	1130
SORBI_3006G034500	2150.164
SORBI_3006G034650	34
SORBI_3006G034800	171
SORBI_3006G034900	0
SORBI_3006G035200	24.322
SORBI_3006G035300	965
SORBI_3006G035350	0
SORBI_3006G035400	65.731
SORBI_3006G035500	168.999
SORBI_3006G035600	15
ENSRNA049996144	0
SORBI_3006G035700	0
SORBI_3006G035800	0
SORBI_3006G035900	664
SORBI_3006G035950	0
SORBI_3006G036000	0
SORBI_3006G036100	342.809
SORBI_3006G036201	0
SORBI_3006G036300	3
SORBI_3006G036400	3
SORBI_3006G036500	13.928
SORBI_3006G036566	37.481
SORBI_3006G036632	0
SORBI_3006G036700	1
SORBI_3006G036801	0
SORBI_3006G036900	158
SORBI_3006G037000	0
SORBI_3006G037050	0
SORBI_3006G037100	1
SORBI_3006G037150	0
SORBI_3006G037200	0
SORBI_3006G037300	4
SORBI_3006G037401	0
SORBI_3006G037500	8
SORBI_3006G037600	0
SORBI_3006G037650	0
SORBI_3006G037700	473
SORBI_3006G037800	0
SORBI_3006G037900	6.009
SORBI_3006G038000	415.002
SORBI_3006G038050	15
SORBI_3006G038100	17
SORBI_3006G038200	179
SORBI_3006G038300	68.661
SORBI_3006G038350	0
SORBI_3006G038400	150
SORBI_3006G038500	126
SORBI_3006G038600	0
SORBI_3006G038700	1
SORBI_3006G038800	141
SORBI_3006G038850	0
SORBI_3006G038901	8
SORBI_3006G038951	29.955
SORBI_3006G039000	0
SORBI_3006G039100	8
SORBI_3006G039300	3
SORBI_3006G039400	190
SORBI_3006G039500	0
SORBI_3006G039600	11
SORBI_3006G039700	2
SORBI_3006G039800	670.008
SORBI_3006G039900	21
SORBI_3006G040000	265.775
SORBI_3006G040101	0
SORBI_3006G040201	0
SORBI_3006G040301	0
SORBI_3006G040401	0
SORBI_3006G040500	1069
SORBI_3006G040550	0
SORBI_3006G040600	0
SORBI_3006G040700	0
SORBI_3006G040800	68
SORBI_3006G040900	0
SORBI_3006G041000	348.5
SORBI_3006G041200	0
SORBI_3006G041100	477
SORBI_3006G041266	101
SORBI_3006G041432	3
SORBI_3006G041600	800
SORBI_3006G041700	27.257
SORBI_3006G041750	0
SORBI_3006G041800	93
SORBI_3006G041866	0
SORBI_3006G041932	0
SORBI_3006G042000	9.797
SORBI_3006G042100	0
SORBI_3006G042200	462.406
SORBI_3006G042275	0
SORBI_3006G042350	0
SORBI_3006G042425	0
SORBI_3006G042500	0
SORBI_3006G042600	0
SORBI_3006G042800	0
SORBI_3006G042900	0
SORBI_3006G043101	0
SORBI_3006G043300	397.746
SORBI_3006G043400	74.254
ENSRNA049996151	0
SORBI_3006G043600	273
SORBI_3006G043700	593
SORBI_3006G043750	1
SORBI_3006G043800	53
SORBI_3006G043901	4
SORBI_3006G044000	57
SORBI_3006G044100	63
SORBI_3006G044200	0
SORBI_3006G044301	24
SORBI_3006G044400	317
SORBI_3006G044466	9
SORBI_3006G044532	0
SORBI_3006G044600	1416
SORBI_3006G044800	0
SORBI_3006G044866	0
SORBI_3006G044932	248
SORBI_3006G045000	2
SORBI_3006G045100	4
SORBI_3006G045200	99.292
SORBI_3006G045301	2
SORBI_3006G045400	58
SORBI_3006G045500	22
SORBI_3006G045601	0
SORBI_3006G045700	70
SORBI_3006G045800	0
SORBI_3006G045901	115
SORBI_3006G046000	152
SORBI_3006G046100	1
SORBI_3006G046200	0
SORBI_3006G046300	1
SORBI_3006G046400	73.455
SORBI_3006G046500	38
SORBI_3006G046600	309
SORBI_3006G046700	537
SORBI_3006G046900	19
SORBI_3006G047000	916
SORBI_3006G047100	74
SORBI_3006G047200	4
SORBI_3006G047300	37
SORBI_3006G047350	0
SORBI_3006G047400	694
SORBI_3006G047500	38
SORBI_3006G047700	0
SORBI_3006G047801	0
SORBI_3006G047900	474
SORBI_3006G048000	2.999
SORBI_3006G048100	2
SORBI_3006G048201	0
SORBI_3006G048300	70
SORBI_3006G048400	2
SORBI_3006G048500	1159.876
SORBI_3006G048600	648.644
SORBI_3006G048700	4668.478
SORBI_3006G048775	152.418
SORBI_3006G048850	0
SORBI_3006G048925	0
SORBI_3006G049000	0
SORBI_3006G049100	403.001
SORBI_3006G049200	19
SORBI_3006G049300	274
SORBI_3006G049450	0
SORBI_3006G049600	443
SORBI_3006G049633	2
ENSRNA049996159	0
SORBI_3006G049666	0
SORBI_3006G049700	422.936
SORBI_3006G049800	0
SORBI_3006G049900	117.001
SORBI_3006G050000	198
SORBI_3006G050050	0
SORBI_3006G050100	44
SORBI_3006G050201	0
SORBI_3006G050300	0
SORBI_3006G050400	171
SORBI_3006G050500	604
SORBI_3006G050550	0
SORBI_3006G050600	1
SORBI_3006G050700	120
SORBI_3006G050800	0
SORBI_3006G050900	0
SORBI_3006G051000	10
SORBI_3006G051100	0
ENSRNA049437263	0
SORBI_3006G051201	0
SORBI_3006G051300	0
SORBI_3006G051400	3.091
SORBI_3006G051700	78
SORBI_3006G051750	1
SORBI_3006G051800	488
SORBI_3006G051850	0
SORBI_3006G051900	57
SORBI_3006G052100	126.026
SORBI_3006G052150	10
SORBI_3006G052200	189
SORBI_3006G052250	4
SORBI_3006G052300	467
SORBI_3006G052400	364
SORBI_3006G052500	2930.557
SORBI_3006G052650	1.085
SORBI_3006G052800	2347.829
SORBI_3006G052900	0
SORBI_3006G053000	183
ENSRNA049483822	0
ENSRNA049483927	0
SORBI_3006G053050	1
ENSRNA049483820	0
ENSRNA049483819	0
SORBI_3006G053100	180
SORBI_3006G053200	86
SORBI_3006G053400	0
SORBI_3006G053500	139
SORBI_3006G053550	0
SORBI_3006G053601	0
SORBI_3006G053651	3
SORBI_3006G053700	202
SORBI_3006G053800	0
SORBI_3006G053900	0
SORBI_3006G054000	1
SORBI_3006G054100	5
SORBI_3006G054200	75
SORBI_3006G054233	10
SORBI_3006G054266	0
SORBI_3006G054300	109
SORBI_3006G054400	0
SORBI_3006G054500	509
SORBI_3006G054600	0
SORBI_3006G054700	234
SORBI_3006G054800	28
SORBI_3006G054900	23
SORBI_3006G055000	1
SORBI_3006G055100	11
SORBI_3006G055200	911
SORBI_3006G055300	336.986
SORBI_3006G055400	239
SORBI_3006G055501	0
ENSRNA049996129	0
ENSRNA049996138	0
SORBI_3006G055600	27.033
SORBI_3006G055700	0
SORBI_3006G055800	325
SORBI_3006G055900	0
SORBI_3006G056000	501
SORBI_3006G056100	47
SORBI_3006G056200	456
SORBI_3006G056300	4
SORBI_3006G056400	103
SORBI_3006G056600	164.612
SORBI_3006G056700	235
SORBI_3006G056800	86.943
SORBI_3006G056900	0
SORBI_3006G057000	56.063
SORBI_3006G057100	3.092
SORBI_3006G057050	0
SORBI_3006G057200	6.908
SORBI_3006G057300	146
SORBI_3006G057500	0
SORBI_3006G057600	195.382
SORBI_3006G057733	0
SORBI_3006G057866	1
SORBI_3006G058000	5
SORBI_3006G058100	3471.71
SORBI_3006G058300	118
SORBI_3006G058400	24
SORBI_3006G058500	1
SORBI_3006G058600	287
SORBI_3006G058666	0
SORBI_3006G058732	2
SORBI_3006G058800	851.662
SORBI_3006G058900	1145.302
SORBI_3006G059000	308
SORBI_3006G059100	0
SORBI_3006G059150	0
SORBI_3006G059200	36
SORBI_3006G059300	0
SORBI_3006G059400	0
SORBI_3006G059500	581
SORBI_3006G059700	19
SORBI_3006G059800	0
SORBI_3006G059900	0
SORBI_3006G060000	154
SORBI_3006G060100	113.997
SORBI_3006G060200	3
SORBI_3006G060400	0
SORBI_3006G060500	1
SORBI_3006G060601	2
SORBI_3006G060700	3
SORBI_3006G060800	1
SORBI_3006G060900	1
SORBI_3006G061000	32
SORBI_3006G061100	466
SORBI_3006G061201	1
SORBI_3006G061300	1000.066
SORBI_3006G061401	0
SORBI_3006G061500	0
SORBI_3006G061600	0
SORBI_3006G061700	1
SORBI_3006G061800	0
SORBI_3006G061900	6.079
SORBI_3006G062000	0
SORBI_3006G062100	0
SORBI_3006G062200	55.894
SORBI_3006G062300	6.004
SORBI_3006G062400	5.061
SORBI_3006G062466	0
SORBI_3006G062433	0
SORBI_3006G062500	4053.59
SORBI_3006G062600	0
SORBI_3006G062700	0
SORBI_3006G062750	0
SORBI_3006G062800	786.227
SORBI_3006G062900	76
SORBI_3006G063001	40
SORBI_3006G063100	3
SORBI_3006G063200	38.723
SORBI_3006G063300	65.639
SORBI_3006G063400	0
SORBI_3006G063500	14
SORBI_3006G063600	209
SORBI_3006G063700	19
SORBI_3006G063800	22
SORBI_3006G063900	347
SORBI_3006G064000	8
SORBI_3006G064100	1962.834
SORBI_3006G064200	427.909
SORBI_3006G064300	0
SORBI_3006G064400	0
SORBI_3006G064450	0
SORBI_3006G064500	0
SORBI_3006G064600	1229.011
SORBI_3006G064700	0
SORBI_3006G064800	662
SORBI_3006G064900	0
SORBI_3006G065000	1
SORBI_3006G065100	269
SORBI_3006G065200	93
SORBI_3006G065300	81
SORBI_3006G065400	1
SORBI_3006G065500	1
SORBI_3006G065600	735
SORBI_3006G065700	39
SORBI_3006G065800	332
SORBI_3006G065850	0
SORBI_3006G065900	370
SORBI_3006G066000	113
SORBI_3006G066050	0
SORBI_3006G066100	0
SORBI_3006G066150	0
SORBI_3006G066200	1063
SORBI_3006G066300	0
SORBI_3006G066400	0
SORBI_3006G066500	21
SORBI_3006G066600	187
SORBI_3006G066650	22
SORBI_3006G066700	2
SORBI_3006G066800	3999.842
SORBI_3006G066900	9
SORBI_3006G067000	6
SORBI_3006G067050	0
SORBI_3006G067100	12
SORBI_3006G067150	12
SORBI_3006G067200	15
SORBI_3006G067300	0
SORBI_3006G067400	81.4
SORBI_3006G067500	71.6
SORBI_3006G067600	403
SORBI_3006G067700	291
SORBI_3006G067800	427
SORBI_3006G067900	74
SORBI_3006G068000	9
SORBI_3006G068100	0
SORBI_3006G068200	0
SORBI_3006G068300	3
SORBI_3006G068350	217
SORBI_3006G068400	488.811
SORBI_3006G068500	0
SORBI_3006G068700	0
SORBI_3006G068800	47.414
SORBI_3006G068900	19
SORBI_3006G069000	4
SORBI_3006G069050	0
SORBI_3006G069100	23
SORBI_3006G069200	4041.701
SORBI_3006G069300	1.028
ENSRNA049437232	0
SORBI_3006G069400	0
SORBI_3006G069500	0
SORBI_3006G069766	1
SORBI_3006G070032	0
SORBI_3006G070298	63
SORBI_3006G070564	7
SORBI_3006G070830	0
SORBI_3006G071096	0
SORBI_3006G071362	53
SORBI_3006G071628	115
SORBI_3006G071814	13
SORBI_3006G072000	5
SORBI_3006G072201	1
ENSRNA049437220	0
SORBI_3006G072400	10
SORBI_3006G072501	31
SORBI_3006G072601	504
SORBI_3006G072701	0
SORBI_3006G072800	1
SORBI_3006G072900	278
SORBI_3006G073001	137.946
SORBI_3006G073100	87
SORBI_3006G073150	89
SORBI_3006G073200	1531
SORBI_3006G073300	85
SORBI_3006G073400	104
SORBI_3006G073500	151
SORBI_3006G073600	26
SORBI_3006G073700	2
SORBI_3006G073800	0
SORBI_3006G073900	28
SORBI_3006G074000	91.157
SORBI_3006G074100	7
SORBI_3006G074150	0
SORBI_3006G074200	49.998
SORBI_3006G074300	0
SORBI_3006G074400	1.102
SORBI_3006G074500	39
SORBI_3006G074600	65
SORBI_3006G074800	0
SORBI_3006G074900	1
SORBI_3006G075000	204
SORBI_3006G075100	230
SORBI_3006G075200	0
SORBI_3006G075300	0
SORBI_3006G075350	0
SORBI_3006G075400	7
SORBI_3006G075450	5
SORBI_3006G075500	1
SORBI_3006G075600	208
SORBI_3006G075650	0
SORBI_3006G075700	0
SORBI_3006G075801	16
SORBI_3006G075900	0
SORBI_3006G076000	2
SORBI_3006G076100	0
SORBI_3006G076201	0
SORBI_3006G076300	67
SORBI_3006G076400	1
SORBI_3006G076500	0
SORBI_3006G076601	159
SORBI_3006G076700	0
SORBI_3006G076800	9
SORBI_3006G076900	0
SORBI_3006G077000	0
SORBI_3006G077050	0
SORBI_3006G077100	0
SORBI_3006G077200	754
SORBI_3006G077300	1804.577
SORBI_3006G077400	22
SORBI_3006G077500	0
SORBI_3006G077600	49
SORBI_3006G077700	0
SORBI_3006G077900	1
SORBI_3006G077800	0
SORBI_3006G078000	0
SORBI_3006G078100	5
SORBI_3006G078200	4
SORBI_3006G078300	107
SORBI_3006G078350	17
SORBI_3006G078400	2451.843
SORBI_3006G078450	0
SORBI_3006G078500	444
SORBI_3006G078600	66
SORBI_3006G078800	4
SORBI_3006G078900	1
SORBI_3006G079000	0
SORBI_3006G079100	0
SORBI_3006G079300	0
SORBI_3006G079350	29.32
SORBI_3006G079400	79.422
SORBI_3006G079450	33.258
SORBI_3006G079500	0
SORBI_3006G079650	0
SORBI_3006G079800	1
SORBI_3006G079900	176
SORBI_3006G080000	127
SORBI_3006G080050	0
SORBI_3006G080100	0
SORBI_3006G080200	0
SORBI_3006G080300	526.5
SORBI_3006G080400	82
SORBI_3006G080500	0
SORBI_3006G080600	3
SORBI_3006G080700	3
SORBI_3006G080750	0
SORBI_3006G080800	13
SORBI_3006G080900	481
SORBI_3006G081000	364
SORBI_3006G081100	2152.15
SORBI_3006G081200	6
SORBI_3006G081400	234.449
SORBI_3006G081500	82
SORBI_3006G081600	256
SORBI_3006G081700	4
SORBI_3006G081800	16
SORBI_3006G081900	0
SORBI_3006G082000	20
SORBI_3006G082100	202
SORBI_3006G082200	2
SORBI_3006G082250	0
SORBI_3006G082300	1
SORBI_3006G082400	660
SORBI_3006G082500	193
SORBI_3006G082600	291
SORBI_3006G082700	8
SORBI_3006G082850	0
SORBI_3006G082800	0
ENSRNA049437207	0
SORBI_3006G082900	321.971
SORBI_3006G083000	131
SORBI_3006G083050	0
SORBI_3006G083100	31
SORBI_3006G083201	2
SORBI_3006G083300	478
SORBI_3006G083400	522
SORBI_3006G083500	254
SORBI_3006G083600	142
SORBI_3006G083700	6
SORBI_3006G083800	1274.006
SORBI_3006G083900	3
ENSRNA049436185	0
SORBI_3006G084000	318
SORBI_3006G084100	0
SORBI_3006G084201	3
SORBI_3006G084300	76
SORBI_3006G084400	1415
SORBI_3006G084500	12
SORBI_3006G084600	161
ENSRNA049482062	0
SORBI_3006G084701	16
ENSRNA049482013	0
ENSRNA049481965	0
ENSRNA049481951	0
ENSRNA049481984	0
ENSRNA049481958	0
ENSRNA049481978	0
ENSRNA049481960	0
ENSRNA049482054	0
ENSRNA049482008	0
SORBI_3006G084800	0
ENSRNA049481987	0
ENSRNA049481982	0
ENSRNA049481990	0
ENSRNA049481954	0
ENSRNA049482020	0
ENSRNA049481992	0
SORBI_3006G084900	0
ENSRNA049481995	0
ENSRNA049481966	0
ENSRNA049481999	0
ENSRNA049481970	0
ENSRNA049482015	0
ENSRNA049481968	0
SORBI_3006G085100	745
ENSRNA049482026	0
ENSRNA049482002	0
ENSRNA049481998	0
ENSRNA049996121	0
ENSRNA049481950	0
SORBI_3006G085200	0
SORBI_3006G085300	1580.992
SORBI_3006G085500	94
SORBI_3006G085601	168
SORBI_3006G085700	9
SORBI_3006G085800	8
SORBI_3006G085900	43
SORBI_3006G086000	35
SORBI_3006G086100	12
SORBI_3006G086400	0
SORBI_3006G086500	1927.97
SORBI_3006G086600	257
SORBI_3006G086700	89
SORBI_3006G086800	59
SORBI_3006G086900	83
SORBI_3006G087000	0
SORBI_3006G087100	155
SORBI_3006G087200	150
SORBI_3006G087250	0
SORBI_3006G087300	4
SORBI_3006G087400	211
SORBI_3006G087500	6
SORBI_3006G087600	0
SORBI_3006G087700	789.163
SORBI_3006G087800	1
SORBI_3006G087900	732
SORBI_3006G088000	1005.33
SORBI_3006G088100	237
SORBI_3006G088200	665
SORBI_3006G088400	95
SORBI_3006G088450	16
SORBI_3006G088500	9
SORBI_3006G088580	72.976
SORBI_3006G088660	23.903
SORBI_3006G088740	39.064
SORBI_3006G088820	24
SORBI_3006G088900	0
SORBI_3006G089000	0
SORBI_3006G089101	0
SORBI_3006G089200	0
SORBI_3006G089233	0
SORBI_3006G089266	1
SORBI_3006G089300	552
SORBI_3006G089350	0
SORBI_3006G089400	2213
SORBI_3006G089500	3027.653
SORBI_3006G089601	0
SORBI_3006G089700	0
SORBI_3006G089800	0
SORBI_3006G089900	15
SORBI_3006G090000	313
SORBI_3006G090100	458.094
SORBI_3006G090201	3
SORBI_3006G090300	7.998
SORBI_3006G090400	5.002
SORBI_3006G090450	0
SORBI_3006G090500	517.708
SORBI_3006G090700	20
ENSRNA049436356	0
SORBI_3006G090800	12
SORBI_3006G090900	7
ENSRNA049437188	0
SORBI_3006G091000	633
SORBI_3006G091100	137
SORBI_3006G091200	0
SORBI_3006G091300	72
SORBI_3006G091400	0
SORBI_3006G091500	8
SORBI_3006G091600	80
SORBI_3006G091700	153
SORBI_3006G091800	1
SORBI_3006G091850	11
SORBI_3006G091900	123.46
SORBI_3006G092000	154.54
SORBI_3006G092100	0
SORBI_3006G092200	0
SORBI_3006G092300	0
SORBI_3006G092400	551
SORBI_3006G092500	183
SORBI_3006G092600	0
SORBI_3006G092700	9
SORBI_3006G092800	276
SORBI_3006G093000	0
SORBI_3006G093100	12
SORBI_3006G093200	13
SORBI_3006G093300	158
SORBI_3006G093400	0
SORBI_3006G093500	27
SORBI_3006G093550	0
SORBI_3006G093600	0
SORBI_3006G093700	3
SORBI_3006G093800	14
SORBI_3006G093900	310
SORBI_3006G094000	0
SORBI_3006G094100	103.839
SORBI_3006G094201	0
ENSRNA049996111	0
SORBI_3006G094300	272.882
SORBI_3006G094400	0
SORBI_3006G094500	86
SORBI_3006G094600	189
SORBI_3006G094800	20
SORBI_3006G094900	0
SORBI_3006G095000	14
SORBI_3006G095100	100
SORBI_3006G095200	282
SORBI_3006G095300	83
SORBI_3006G095400	549
SORBI_3006G095500	15
SORBI_3006G095550	0
SORBI_3006G095600	4717.202
SORBI_3006G095700	1
SORBI_3006G095800	108
SORBI_3006G095900	2
SORBI_3006G096000	12
SORBI_3006G096100	0
SORBI_3006G096200	15
SORBI_3006G096300	143
SORBI_3006G096400	683.327
SORBI_3006G096500	1
SORBI_3006G096600	0
SORBI_3006G096700	0
SORBI_3006G096800	45
SORBI_3006G096900	306
SORBI_3006G097000	25
SORBI_3006G097100	5
SORBI_3006G097200	412.415
SORBI_3006G097300	4
SORBI_3006G097400	67
SORBI_3006G097500	933.186
SORBI_3006G097600	1
SORBI_3006G097700	39
SORBI_3006G097800	0
SORBI_3006G097900	0
SORBI_3006G098100	2061.024
SORBI_3006G098200	333
SORBI_3006G098300	0
SORBI_3006G098400	0
SORBI_3006G098500	4763.895
SORBI_3006G098600	16
SORBI_3006G098800	2
SORBI_3006G098900	0
SORBI_3006G099001	0
SORBI_3006G099100	0
SORBI_3006G099200	0
SORBI_3006G099300	65
SORBI_3006G099400	0
SORBI_3006G099501	0
SORBI_3006G099600	0
SORBI_3006G099650	0
SORBI_3006G099700	3301
SORBI_3006G099800	194
SORBI_3006G099900	56
SORBI_3006G100000	190.197
SORBI_3006G100100	69
SORBI_3006G100150	0
SORBI_3006G100200	83
SORBI_3006G100266	76
SORBI_3006G100332	17
SORBI_3006G100400	7.08
SORBI_3006G100501	8
SORBI_3006G100600	613
SORBI_3006G100700	173.998
SORBI_3006G100800	62
SORBI_3006G100900	0
SORBI_3006G101000	0
SORBI_3006G101100	262
SORBI_3006G101200	429
SORBI_3006G101300	121
SORBI_3006G101400	0
SORBI_3006G101500	323.214
SORBI_3006G101600	1040
SORBI_3006G101700	232.999
SORBI_3006G101800	153
SORBI_3006G101900	20
SORBI_3006G102000	345.999
SORBI_3006G102100	482.74
SORBI_3006G102200	16
SORBI_3006G102300	2
SORBI_3006G102400	37
SORBI_3006G102500	212
SORBI_3006G102550	1
SORBI_3006G102600	0
SORBI_3006G102650	14
SORBI_3006G102700	12
SORBI_3006G102800	1
ENSRNA049436383	0
SORBI_3006G102900	50
SORBI_3006G103000	37
SORBI_3006G103100	204
SORBI_3006G103200	501
SORBI_3006G103300	0
SORBI_3006G103400	19
SORBI_3006G103500	0
SORBI_3006G103601	2
SORBI_3006G103700	103.001
SORBI_3006G103800	0
SORBI_3006G103900	131
SORBI_3006G104000	3
SORBI_3006G104100	25
SORBI_3006G104200	8
SORBI_3006G104300	81
ENSRNA049437184	0
SORBI_3006G104400	0
SORBI_3006G104500	34
SORBI_3006G104600	1814.897
SORBI_3006G104700	0
SORBI_3006G104800	0
SORBI_3006G104900	46
SORBI_3006G105000	19.643
SORBI_3006G105100	2.224
SORBI_3006G105200	7
SORBI_3006G105300	0
SORBI_3006G105400	357.535
SORBI_3006G105500	0
SORBI_3006G105600	3
SORBI_3006G105700	4.081
SORBI_3006G105750	6.919
SORBI_3006G105800	87
SORBI_3006G105900	567
SORBI_3006G106000	222
SORBI_3006G106100	761.247
SORBI_3006G106200	325.431
SORBI_3006G106300	101
SORBI_3006G106400	105.133
SORBI_3006G106500	1
ENSRNA049437173	0
SORBI_3006G106600	152
SORBI_3006G106700	32
SORBI_3006G106800	75
SORBI_3006G106900	0
SORBI_3006G107000	0
SORBI_3006G107100	0
SORBI_3006G107200	41.494
SORBI_3006G107266	2
SORBI_3006G107332	0
SORBI_3006G107400	122
ENSRNA049437165	0
SORBI_3006G107500	0
SORBI_3006G107600	79
SORBI_3006G107700	26
SORBI_3006G107766	0
SORBI_3006G107832	69
SORBI_3006G107900	7
SORBI_3006G108000	0
SORBI_3006G108100	0
SORBI_3006G108200	51
SORBI_3006G108300	49
SORBI_3006G108400	5187.628
SORBI_3006G108500	4
SORBI_3006G108600	183
SORBI_3006G108700	36
SORBI_3006G108766	0
SORBI_3006G108832	1
SORBI_3006G108900	7
SORBI_3006G109000	45
SORBI_3006G109100	101
SORBI_3006G109200	132
SORBI_3006G109300	293
SORBI_3006G109400	20
SORBI_3006G109500	372
SORBI_3006G109600	3.995
SORBI_3006G109650	0
SORBI_3006G109700	656.139
SORBI_3006G109850	3
SORBI_3006G110000	286
SORBI_3006G110101	0
SORBI_3006G110200	183.338
SORBI_3006G110300	226
SORBI_3006G110400	191
SORBI_3006G110500	0
SORBI_3006G110600	5
SORBI_3006G110700	2
SORBI_3006G110850	0
SORBI_3006G110900	18.001
SORBI_3006G111000	0
SORBI_3006G111100	0
SORBI_3006G111200	403
SORBI_3006G111300	10
SORBI_3006G111400	9
SORBI_3006G111450	0
SORBI_3006G111500	0
SORBI_3006G111600	58
SORBI_3006G111700	184
SORBI_3006G111800	491
SORBI_3006G112000	0
SORBI_3006G112100	1100.999
SORBI_3006G112200	0
SORBI_3006G112300	0
SORBI_3006G112500	152
SORBI_3006G112600	172
SORBI_3006G112700	306
SORBI_3006G112800	0
SORBI_3006G112850	40
SORBI_3006G112900	0
SORBI_3006G113000	3
SORBI_3006G113100	0
SORBI_3006G113200	30
SORBI_3006G113301	0
SORBI_3006G113400	0
SORBI_3006G113500	6
SORBI_3006G113600	3
SORBI_3006G113700	0
SORBI_3006G113800	1108.978
SORBI_3006G113900	731
SORBI_3006G113950	2
SORBI_3006G114000	182
SORBI_3006G114100	0
SORBI_3006G114150	0
SORBI_3006G114200	125
SORBI_3006G114300	12
SORBI_3006G114400	296.096
SORBI_3006G114500	194
SORBI_3006G114600	2
ENSRNA049437150	0
SORBI_3006G114700	6
SORBI_3006G114800	348.549
SORBI_3006G114900	0
SORBI_3006G115000	146
SORBI_3006G115100	301
SORBI_3006G115200	1
SORBI_3006G115300	800.619
SORBI_3006G115400	0
SORBI_3006G115466	74
SORBI_3006G115532	0
SORBI_3006G115600	662
SORBI_3006G115700	0
SORBI_3006G115800	0
SORBI_3006G115900	0
SORBI_3006G116000	30
SORBI_3006G116050	10
SORBI_3006G116100	367.103
SORBI_3006G116200	9
SORBI_3006G116300	439.002
SORBI_3006G116400	0
SORBI_3006G116500	3
SORBI_3006G116600	0
SORBI_3006G116700	974
SORBI_3006G116801	1
SORBI_3006G116900	66
SORBI_3006G117000	0
SORBI_3006G117100	4
SORBI_3006G117300	0
SORBI_3006G117400	1
SORBI_3006G117500	0
SORBI_3006G117600	19
SORBI_3006G117700	9.128
SORBI_3006G117800	0
SORBI_3006G117900	0
SORBI_3006G118000	0
SORBI_3006G118100	0
SORBI_3006G118150	0
SORBI_3006G118200	10
SORBI_3006G118300	115
SORBI_3006G118400	264
SORBI_3006G118500	0
SORBI_3006G118700	526
SORBI_3006G118800	0
SORBI_3006G118850	0
SORBI_3006G118900	263.949
SORBI_3006G119000	4
SORBI_3006G119100	0
SORBI_3006G119200	1681
SORBI_3006G119300	5
SORBI_3006G119400	177
SORBI_3006G119600	18
SORBI_3006G119700	163
SORBI_3006G119800	232
SORBI_3006G119900	277
SORBI_3006G120000	1
SORBI_3006G120100	0
SORBI_3006G120200	54
SORBI_3006G120301	16
SORBI_3006G120400	3
SORBI_3006G120500	228
SORBI_3006G120600	4
SORBI_3006G120700	64
SORBI_3006G120800	268
SORBI_3006G120900	176
SORBI_3006G121000	0
SORBI_3006G121100	2081.836
SORBI_3006G121200	29
SORBI_3006G121300	89
SORBI_3006G121400	178
SORBI_3006G121500	39
SORBI_3006G121600	4
SORBI_3006G121700	0
SORBI_3006G121800	1
SORBI_3006G121900	323.996
SORBI_3006G121950	0
SORBI_3006G122000	0
SORBI_3006G122100	50
SORBI_3006G122200	77
SORBI_3006G122300	1
SORBI_3006G122400	881
SORBI_3006G122500	19
SORBI_3006G122600	120.495
SORBI_3006G122700	10
SORBI_3006G122800	9
SORBI_3006G122900	92
SORBI_3006G123000	488
SORBI_3006G123100	1
SORBI_3006G123200	0
SORBI_3006G123300	82
SORBI_3006G123400	11
SORBI_3006G123500	5.004
SORBI_3006G123600	401
SORBI_3006G123650	0
SORBI_3006G123700	1
SORBI_3006G123800	2
SORBI_3006G123900	252.947
SORBI_3006G124000	2412.829
SORBI_3006G124100	4.002
SORBI_3006G124200	1
SORBI_3006G124300	98
ENSRNA049996103	0
SORBI_3006G124400	10.084
SORBI_3006G124500	3
SORBI_3006G124600	0
SORBI_3006G124700	0
SORBI_3006G124800	0
SORBI_3006G124850	0
SORBI_3006G124900	2827.001
SORBI_3006G125000	201
SORBI_3006G125100	0
SORBI_3006G125200	0
SORBI_3006G125301	0
SORBI_3006G125400	462.122
SORBI_3006G125500	537
SORBI_3006G125600	2
SORBI_3006G125700	578.089
SORBI_3006G125800	0
SORBI_3006G125900	677
SORBI_3006G126000	162
SORBI_3006G126100	920
SORBI_3006G126200	176
SORBI_3006G126300	3083
SORBI_3006G126400	33
SORBI_3006G126500	1147.088
SORBI_3006G126600	215
SORBI_3006G126700	1
SORBI_3006G126800	5
SORBI_3006G126900	679.614
SORBI_3006G127000	102
SORBI_3006G127100	9
SORBI_3006G127200	51
SORBI_3006G127300	18
SORBI_3006G127350	10
SORBI_3006G127400	167
SORBI_3006G127500	170
SORBI_3006G127600	762
SORBI_3006G127700	0
SORBI_3006G127750	0
SORBI_3006G127800	0
ENSRNA049436407	0
SORBI_3006G127900	179
SORBI_3006G128100	258
SORBI_3006G128150	0
SORBI_3006G128200	56
SORBI_3006G128233	0
SORBI_3006G128266	0
SORBI_3006G128300	162
SORBI_3006G128400	115
SORBI_3006G128450	0
SORBI_3006G128500	1
SORBI_3006G128700	55
SORBI_3006G128600	0
SORBI_3006G128800	334.002
SORBI_3006G128900	2075.988
SORBI_3006G129000	316
SORBI_3006G129100	1
SORBI_3006G129200	0
SORBI_3006G129300	0
SORBI_3006G129400	1
SORBI_3006G129466	0
SORBI_3006G129532	0
SORBI_3006G129600	0
SORBI_3006G129700	129
SORBI_3006G129800	8
ENSRNA049482006	0
SORBI_3006G129900	153
SORBI_3006G130000	489
SORBI_3006G130100	298
SORBI_3006G130200	266
SORBI_3006G130300	126
SORBI_3006G130400	4
SORBI_3006G130501	157
SORBI_3006G130600	7
SORBI_3006G130700	0
SORBI_3006G130750	3
SORBI_3006G130800	750
SORBI_3006G130900	0
SORBI_3006G131000	1042
SORBI_3006G131050	0
SORBI_3006G131100	0
SORBI_3006G131200	601
SORBI_3006G131300	1
SORBI_3006G131400	1056.146
SORBI_3006G131500	1250.001
SORBI_3006G131600	236
SORBI_3006G131700	99
SORBI_3006G131800	1694.008
SORBI_3006G131900	802.517
SORBI_3006G132000	76
SORBI_3006G132100	0
SORBI_3006G132200	0
SORBI_3006G132300	0
SORBI_3006G132400	36
SORBI_3006G132500	38
SORBI_3006G132600	4
SORBI_3006G132700	1
SORBI_3006G132800	0
SORBI_3006G132900	13
SORBI_3006G133000	2
SORBI_3006G133100	0
SORBI_3006G133200	0
SORBI_3006G133300	0
SORBI_3006G133400	0
SORBI_3006G133500	2
SORBI_3006G133600	90
SORBI_3006G133650	0
SORBI_3006G133700	2
SORBI_3006G133800	265
SORBI_3006G133900	691
SORBI_3006G134001	0
SORBI_3006G134100	216
SORBI_3006G134200	3
SORBI_3006G134300	0
SORBI_3006G134400	203
SORBI_3006G134500	267
SORBI_3006G134550	0
SORBI_3006G134600	0
SORBI_3006G134700	0
SORBI_3006G134800	83
SORBI_3006G134900	15
SORBI_3006G135000	563.823
SORBI_3006G135100	79
SORBI_3006G135200	76.564
SORBI_3006G135300	476.858
SORBI_3006G135500	1
SORBI_3006G135525	0
SORBI_3006G135550	0
SORBI_3006G135575	6
SORBI_3006G135600	13848.248
SORBI_3006G135701	1.959
SORBI_3006G135800	0
SORBI_3006G135900	170
SORBI_3006G136000	7
SORBI_3006G136100	34
SORBI_3006G136200	37
SORBI_3006G136300	2
SORBI_3006G136400	2039.782
SORBI_3006G136500	25
SORBI_3006G136600	17
SORBI_3006G136700	0
SORBI_3006G136800	1079
SORBI_3006G136900	73
SORBI_3006G137000	3
SORBI_3006G137100	2615
SORBI_3006G137200	62
SORBI_3006G137300	16
SORBI_3006G137400	20
ENSRNA049996096	0
SORBI_3006G137500	156
SORBI_3006G137600	506
SORBI_3006G137700	530
SORBI_3006G137800	161
ENSRNA049437127	0
SORBI_3006G137900	1
SORBI_3006G138000	1050
SORBI_3006G138100	621.67
SORBI_3006G138200	601
SORBI_3006G138300	1592.618
SORBI_3006G138400	1292.158
SORBI_3006G138500	2230.92
SORBI_3006G138600	137
SORBI_3006G138700	0
SORBI_3006G138800	65
SORBI_3006G138850	0
SORBI_3006G138900	0
SORBI_3006G138933	0
SORBI_3006G138966	0
SORBI_3006G139000	290
SORBI_3006G139100	3981.295
SORBI_3006G139200	0
SORBI_3006G139300	49.14
SORBI_3006G139400	0
SORBI_3006G139501	0
SORBI_3006G139600	7
SORBI_3006G139700	71
SORBI_3006G139900	15
SORBI_3006G140000	729
SORBI_3006G140050	0
SORBI_3006G140100	46
SORBI_3006G140200	28
SORBI_3006G140300	164
SORBI_3006G140400	217
SORBI_3006G140450	0
SORBI_3006G140500	36
SORBI_3006G140600	987
SORBI_3006G140700	0
SORBI_3006G140801	1
SORBI_3006G140900	29
SORBI_3006G141000	57
SORBI_3006G141100	11
SORBI_3006G141200	0
SORBI_3006G141300	98.091
SORBI_3006G141400	0
ENSRNA049483161	1
SORBI_3006G141500	225
ENSRNA049483144	0
ENSRNA049483131	0
SORBI_3006G141600	592.266
SORBI_3006G141700	302
SORBI_3006G141800	26
SORBI_3006G141900	0
SORBI_3006G142000	79
SORBI_3006G142100	0
SORBI_3006G142200	0
SORBI_3006G142233	0
SORBI_3006G142266	0
SORBI_3006G142299	0
SORBI_3006G142332	3
SORBI_3006G142365	0
SORBI_3006G142400	220
SORBI_3006G142500	2
SORBI_3006G142600	454
SORBI_3006G142700	93
SORBI_3006G142775	1445.345
SORBI_3006G142850	0
SORBI_3006G142925	0
SORBI_3006G143000	9
SORBI_3006G143100	99
SORBI_3006G143200	364.89
SORBI_3006G143300	44
SORBI_3006G143400	307
SORBI_3006G143500	102
SORBI_3006G143600	0
SORBI_3006G143700	0
SORBI_3006G143750	0
SORBI_3006G143800	2
SORBI_3006G143900	9
ENSRNA049437073	0
SORBI_3006G144000	163
SORBI_3006G144101	0
SORBI_3006G144201	0
SORBI_3006G144300	3
SORBI_3006G144400	0
SORBI_3006G144500	10
SORBI_3006G144600	55
SORBI_3006G144700	22
SORBI_3006G144800	2
SORBI_3006G144900	0
SORBI_3006G145000	22
SORBI_3006G145200	133
SORBI_3006G145300	0
SORBI_3006G145400	0
SORBI_3006G145500	71
SORBI_3006G145600	0
SORBI_3006G145650	2.022
SORBI_3006G145700	11
SORBI_3006G145800	12.001
SORBI_3006G145901	443
SORBI_3006G146000	318
SORBI_3006G146100	154
SORBI_3006G146150	0
SORBI_3006G146200	21
SORBI_3006G146300	141
SORBI_3006G146400	44
SORBI_3006G146500	1694.275
SORBI_3006G146600	57
SORBI_3006G146700	0
SORBI_3006G146800	518.028
SORBI_3006G146900	42
SORBI_3006G147000	1426.606
SORBI_3006G147101	0
SORBI_3006G147200	741.995
SORBI_3006G147300	885
SORBI_3006G147350	0
SORBI_3006G147400	151
SORBI_3006G147450	0
SORBI_3006G147500	2
SORBI_3006G147600	282
SORBI_3006G147700	401
SORBI_3006G147800	0
SORBI_3006G147900	0
SORBI_3006G148000	662
SORBI_3006G148100	169
SORBI_3006G148200	370
SORBI_3006G148300	18.908
SORBI_3006G148400	139.143
SORBI_3006G148500	92.857
SORBI_3006G148600	0
SORBI_3006G148700	383
SORBI_3006G148800	225
SORBI_3006G148900	43
SORBI_3006G149000	0
SORBI_3006G149101	84
SORBI_3006G149200	198.999
SORBI_3006G149300	17
SORBI_3006G149400	25
SORBI_3006G149500	18
SORBI_3006G149600	208
SORBI_3006G149650	0
SORBI_3006G149700	6
SORBI_3006G149800	129
SORBI_3006G149900	0
SORBI_3006G150001	0
SORBI_3006G150100	679
SORBI_3006G150200	4
SORBI_3006G150300	78
SORBI_3006G150400	38
SORBI_3006G150500	0
SORBI_3006G150600	81
SORBI_3006G150700	0
SORBI_3006G150800	42
SORBI_3006G150900	0
SORBI_3006G151001	6
SORBI_3006G151100	7.033
SORBI_3006G151200	450.967
SORBI_3006G151300	0
SORBI_3006G151500	2
SORBI_3006G151600	10
SORBI_3006G151800	0
SORBI_3006G152000	133.621
SORBI_3006G152100	0
SORBI_3006G152200	14
SORBI_3006G152400	0
SORBI_3006G152500	74
SORBI_3006G152600	357.675
SORBI_3006G152700	1
SORBI_3006G152801	0
SORBI_3006G152900	7
SORBI_3006G153000	56
SORBI_3006G153100	2
SORBI_3006G153200	65
SORBI_3006G153300	30
SORBI_3006G153400	376.007
SORBI_3006G153500	3
SORBI_3006G153550	0
SORBI_3006G153600	4
SORBI_3006G153700	145
SORBI_3006G153900	836
SORBI_3006G154000	2
ENSRNA049436469	0
SORBI_3006G154100	256
SORBI_3006G154200	10
SORBI_3006G154300	0
SORBI_3006G154400	141
SORBI_3006G154500	692
ENSRNA049436500	0
SORBI_3006G154600	1
SORBI_3006G154800	129
SORBI_3006G154900	55
SORBI_3006G155000	79
SORBI_3006G155100	285
SORBI_3006G155150	0
SORBI_3006G155200	0
SORBI_3006G155300	0
SORBI_3006G155400	0
SORBI_3006G155500	168
SORBI_3006G155600	0
SORBI_3006G155700	0
SORBI_3006G155800	12
SORBI_3006G155900	1
SORBI_3006G156000	84.512
SORBI_3006G156100	19.488
SORBI_3006G156200	0
SORBI_3006G156300	689
SORBI_3006G156400	125.153
SORBI_3006G156500	0
SORBI_3006G156600	608.009
SORBI_3006G156801	23
SORBI_3006G157000	419
SORBI_3006G157100	41
SORBI_3006G157200	811
SORBI_3006G157300	233
SORBI_3006G157400	145.154
SORBI_3006G157450	0
SORBI_3006G157500	272.994
SORBI_3006G157600	103
SORBI_3006G157700	32
SORBI_3006G157800	34
SORBI_3006G157900	8
SORBI_3006G158000	6
SORBI_3006G158100	439
SORBI_3006G158200	225.065
SORBI_3006G158266	680.71
SORBI_3006G158332	87
SORBI_3006G158400	18
SORBI_3006G158500	0
SORBI_3006G158600	111
SORBI_3006G158700	359
SORBI_3006G158800	48
SORBI_3006G158900	26
SORBI_3006G159000	0
SORBI_3006G159100	24
SORBI_3006G159200	0
SORBI_3006G159300	12284.356
SORBI_3006G159350	9
SORBI_3006G159400	35
SORBI_3006G159500	1
SORBI_3006G159600	30
SORBI_3006G159700	0
SORBI_3006G159800	289
SORBI_3006G159900	203
SORBI_3006G160000	111
SORBI_3006G160100	130
SORBI_3006G160200	190
SORBI_3006G160300	137
SORBI_3006G160400	26
SORBI_3006G160500	24
SORBI_3006G160600	160.923
SORBI_3006G160700	83
SORBI_3006G160800	0
SORBI_3006G160900	3
SORBI_3006G161000	343.843
SORBI_3006G161100	7
SORBI_3006G161200	70
SORBI_3006G161300	650.207
SORBI_3006G161400	327
SORBI_3006G161500	618
SORBI_3006G161600	0
SORBI_3006G161800	37
SORBI_3006G161900	114
SORBI_3006G162000	427
SORBI_3006G162100	2
SORBI_3006G162200	24
SORBI_3006G162300	0
SORBI_3006G162400	96
SORBI_3006G162500	17.558
SORBI_3006G162550	117.888
SORBI_3006G162600	3
SORBI_3006G162700	36.104
SORBI_3006G162750	0
SORBI_3006G162800	566
SORBI_3006G163000	2062.489
SORBI_3006G163033	0
SORBI_3006G163066	0
SORBI_3006G163100	78
SORBI_3006G163200	2
SORBI_3006G163300	31
SORBI_3006G163401	129
SORBI_3006G163501	0
SORBI_3006G163600	6
SORBI_3006G163650	1
SORBI_3006G163700	0
SORBI_3006G163800	875.062
SORBI_3006G163900	289
SORBI_3006G164000	115
SORBI_3006G164100	30
SORBI_3006G164200	602.001
SORBI_3006G164300	367
SORBI_3006G164400	614
SORBI_3006G164500	4
SORBI_3006G164650	0
SORBI_3006G164800	0
SORBI_3006G164900	277
SORBI_3006G165000	1329
SORBI_3006G165100	1459.251
SORBI_3006G165200	0
SORBI_3006G165250	1
SORBI_3006G165300	1
SORBI_3006G165501	4
SORBI_3006G165400	276
SORBI_3006G165600	19
SORBI_3006G165650	1
SORBI_3006G165700	0
SORBI_3006G165800	111
SORBI_3006G165900	2
SORBI_3006G166000	57.389
SORBI_3006G166100	474
SORBI_3006G166200	268.221
SORBI_3006G166300	18
SORBI_3006G166400	51
SORBI_3006G166500	118
SORBI_3006G166601	0
SORBI_3006G166700	0
SORBI_3006G166800	0
SORBI_3006G166900	0
SORBI_3006G167000	0
SORBI_3006G167100	36
SORBI_3006G167200	12
SORBI_3006G167250	4
SORBI_3006G167300	109
SORBI_3006G167400	101
SORBI_3006G167500	225
SORBI_3006G167600	267.028
SORBI_3006G167700	0
SORBI_3006G167800	174.677
SORBI_3006G167850	0
SORBI_3006G167900	7
SORBI_3006G168000	2
SORBI_3006G168100	2
SORBI_3006G168200	0
SORBI_3006G168300	2371
SORBI_3006G168400	686.226
SORBI_3006G168500	41
SORBI_3006G168650	16
SORBI_3006G168800	17
SORBI_3006G168900	5
SORBI_3006G169000	9
SORBI_3006G169100	0
SORBI_3006G169200	4
SORBI_3006G169300	0
SORBI_3006G169400	5
SORBI_3006G169500	160
SORBI_3006G169600	5
SORBI_3006G169700	0
SORBI_3006G169800	1052.52
SORBI_3006G169900	25
SORBI_3006G169950	0
SORBI_3006G170000	0
SORBI_3006G170100	21
SORBI_3006G170200	140
SORBI_3006G170300	8
SORBI_3006G170400	14
SORBI_3006G170500	1
SORBI_3006G170600	15
SORBI_3006G170700	271
SORBI_3006G170800	1
SORBI_3006G170900	29
SORBI_3006G171000	0
SORBI_3006G171050	0
SORBI_3006G171100	0
SORBI_3006G171200	0
SORBI_3006G171300	0
SORBI_3006G171400	33
SORBI_3006G171500	0
SORBI_3006G171600	7
SORBI_3006G171700	46
SORBI_3006G171801	0
SORBI_3006G171900	18
SORBI_3006G172000	0
SORBI_3006G172100	10
SORBI_3006G172200	279
SORBI_3006G172300	5
SORBI_3006G172400	0
SORBI_3006G172500	0
SORBI_3006G172550	0
SORBI_3006G172601	1
SORBI_3006G172651	6
SORBI_3006G172700	0
SORBI_3006G172800	0
SORBI_3006G172900	245
SORBI_3006G173000	151
SORBI_3006G173100	1312.731
SORBI_3006G173200	1029.016
SORBI_3006G173400	0
SORBI_3006G173500	81
SORBI_3006G173600	183.005
SORBI_3006G173700	107.024
SORBI_3006G173800	152
SORBI_3006G173900	2155.632
SORBI_3006G174000	0
SORBI_3006G174050	0
SORBI_3006G174100	0
SORBI_3006G174300	2
SORBI_3006G174200	0
SORBI_3006G174400	15
SORBI_3006G174500	3
SORBI_3006G174600	9
SORBI_3006G174725	0
SORBI_3006G174850	387
SORBI_3006G174975	1
SORBI_3006G175100	0
SORBI_3006G175200	0
SORBI_3006G175400	87
SORBI_3006G175500	315
SORBI_3006G175600	0
SORBI_3006G175700	18
SORBI_3006G175800	857.999
SORBI_3006G175900	288.001
SORBI_3006G176100	69
SORBI_3006G176000	0
SORBI_3006G176200	0
SORBI_3006G176300	12
SORBI_3006G176400	2
SORBI_3006G176500	714
SORBI_3006G176600	340
SORBI_3006G176700	2953.911
SORBI_3006G176800	386.001
SORBI_3006G176900	0
SORBI_3006G177000	1
SORBI_3006G177100	144.007
SORBI_3006G177200	49
SORBI_3006G177300	99
SORBI_3006G177400	245
SORBI_3006G177500	13
SORBI_3006G177600	66
SORBI_3006G177700	0
SORBI_3006G177800	7
SORBI_3006G177900	0
SORBI_3006G178000	113
SORBI_3006G178100	142
SORBI_3006G178200	7
SORBI_3006G178300	0
SORBI_3006G178400	0
SORBI_3006G178500	420.96
SORBI_3006G178700	4
SORBI_3006G178800	18
SORBI_3006G178900	0
SORBI_3006G179000	855
SORBI_3006G179100	154
SORBI_3006G179200	4
SORBI_3006G179300	1084
SORBI_3006G179400	314
SORBI_3006G179500	755
SORBI_3006G179600	150
SORBI_3006G179700	123.001
SORBI_3006G179800	858.895
SORBI_3006G179900	967
SORBI_3006G180000	104.053
SORBI_3006G180100	7.859
SORBI_3006G180200	257.141
SORBI_3006G180300	5
SORBI_3006G180366	0
SORBI_3006G180432	73
SORBI_3006G180500	0
SORBI_3006G180600	102
SORBI_3006G180700	286
SORBI_3006G180800	0
SORBI_3006G180850	0
SORBI_3006G180900	228.114
SORBI_3006G181000	1536.99
SORBI_3006G181150	0
SORBI_3006G181300	24
SORBI_3006G181400	0
SORBI_3006G181500	6
SORBI_3006G181600	0
SORBI_3006G181700	3
SORBI_3006G181800	431.316
ENSRNA049996089	0
SORBI_3006G181900	1
SORBI_3006G182000	30
SORBI_3006G182100	215
SORBI_3006G182200	1353.026
SORBI_3006G182300	335.888
SORBI_3006G182401	0
SORBI_3006G182500	172
SORBI_3006G182700	0
SORBI_3006G182800	4
SORBI_3006G182900	876.051
SORBI_3006G183000	392
SORBI_3006G183100	124
SORBI_3006G183200	1106.804
SORBI_3006G183301	10
SORBI_3006G183400	2452
SORBI_3006G183500	34
SORBI_3006G183600	395
SORBI_3006G183701	0
SORBI_3006G183800	415
SORBI_3006G183900	94
ENSRNA049436977	0
SORBI_3006G184000	0
SORBI_3006G184100	705
SORBI_3006G184200	46
SORBI_3006G184300	20
SORBI_3006G184400	4311.083
SORBI_3006G184500	718.001
SORBI_3006G184700	1071.935
SORBI_3006G184800	3050.436
SORBI_3006G184900	1230.001
SORBI_3006G185000	7
SORBI_3006G185100	436.521
SORBI_3006G185150	0
SORBI_3006G185200	866
SORBI_3006G185300	5
SORBI_3006G185400	0
SORBI_3006G185500	1347.893
SORBI_3006G185600	8
ENSRNA049996080	0
SORBI_3006G185700	580
SORBI_3006G185800	1
SORBI_3006G185900	366
SORBI_3006G186000	74
SORBI_3006G186100	2
SORBI_3006G186200	1
SORBI_3006G186300	6
SORBI_3006G186400	164
SORBI_3006G186500	0
SORBI_3006G186600	313
SORBI_3006G186700	899.014
SORBI_3006G186800	172
SORBI_3006G186900	0
SORBI_3006G187000	4
SORBI_3006G187100	293
SORBI_3006G187200	375.831
SORBI_3006G187300	0
SORBI_3006G187401	0
SORBI_3006G187500	181
SORBI_3006G187600	0
SORBI_3006G187700	0
SORBI_3006G187750	0
SORBI_3006G187800	67
SORBI_3006G187900	538
SORBI_3006G188000	148
ENSRNA049483202	0
ENSRNA049483138	0
SORBI_3006G188100	31
SORBI_3006G188200	183
SORBI_3006G188400	36.049
SORBI_3006G188500	143
SORBI_3006G188600	132
SORBI_3006G188700	120
SORBI_3006G188800	98.838
SORBI_3006G188900	262
SORBI_3006G189000	23
SORBI_3006G189100	33
SORBI_3006G189200	29
SORBI_3006G189300	0
SORBI_3006G189400	0
SORBI_3006G189500	0
SORBI_3006G189600	0
SORBI_3006G189700	109
SORBI_3006G189801	0
SORBI_3006G189900	0
SORBI_3006G190000	8
SORBI_3006G190100	174
SORBI_3006G190150	0
SORBI_3006G190200	78.001
SORBI_3006G190300	0
SORBI_3006G190400	288
SORBI_3006G190500	1
SORBI_3006G190600	0
SORBI_3006G190700	0
SORBI_3006G190800	0
SORBI_3006G190850	0
SORBI_3006G190900	0
SORBI_3006G190950	0
SORBI_3006G191000	39
SORBI_3006G191100	381
SORBI_3006G191200	218
SORBI_3006G191400	19
SORBI_3006G191500	61
SORBI_3006G191600	31
SORBI_3006G191700	29
SORBI_3006G191800	4.214
SORBI_3006G191900	18
SORBI_3006G192000	0
SORBI_3006G192100	16
SORBI_3006G192150	0
SORBI_3006G192200	6
ENSRNA049483146	0
SORBI_3006G192266	1.126
SORBI_3006G192332	94.874
SORBI_3006G192400	21
SORBI_3006G192500	7128.847
SORBI_3006G192600	13
SORBI_3006G192700	331
SORBI_3006G192800	74
SORBI_3006G192900	32
SORBI_3006G193000	192
SORBI_3006G193100	6
SORBI_3006G193200	292
SORBI_3006G193300	310.302
SORBI_3006G193400	21
SORBI_3006G193500	103
SORBI_3006G193600	129
SORBI_3006G193700	51
SORBI_3006G193801	0
SORBI_3006G193900	1554.985
SORBI_3006G194000	147
SORBI_3006G194100	629
SORBI_3006G194150	158
SORBI_3006G194200	31
SORBI_3006G194300	399
SORBI_3006G194400	633
SORBI_3006G194500	148.267
SORBI_3006G194600	20
SORBI_3006G194700	0
SORBI_3006G194800	0
SORBI_3006G194900	0
SORBI_3006G195000	0
SORBI_3006G195100	86
SORBI_3006G195200	36
SORBI_3006G195400	5
SORBI_3006G195500	1
SORBI_3006G195600	0
SORBI_3006G195700	520
SORBI_3006G195750	2
SORBI_3006G195800	1644.011
SORBI_3006G195900	25
SORBI_3006G196000	52
SORBI_3006G196100	0
SORBI_3006G196200	114
SORBI_3006G196300	94
SORBI_3006G196400	3
SORBI_3006G196500	35
SORBI_3006G196600	0
SORBI_3006G196700	0
SORBI_3006G196800	0
SORBI_3006G196900	200
SORBI_3006G197000	1
SORBI_3006G197100	58
SORBI_3006G197200	0
SORBI_3006G197300	223
SORBI_3006G197400	0
SORBI_3006G197500	0
SORBI_3006G197600	29
SORBI_3006G197700	66
SORBI_3006G197800	949.12
SORBI_3006G197900	9
SORBI_3006G198000	0
SORBI_3006G198200	0
SORBI_3006G198300	285
SORBI_3006G198400	67
SORBI_3006G198500	1325.436
SORBI_3006G198600	236
SORBI_3006G198700	2
SORBI_3006G198800	67
SORBI_3006G198900	36
SORBI_3006G199000	231
SORBI_3006G199100	21
SORBI_3006G199200	581.416
SORBI_3006G199300	1
SORBI_3006G199400	0
SORBI_3006G199500	0
SORBI_3006G199601	0
SORBI_3006G199700	85
SORBI_3006G199800	19
SORBI_3006G199900	0
SORBI_3006G200000	234
SORBI_3006G200100	0
SORBI_3006G200200	0
SORBI_3006G200300	0
SORBI_3006G200400	0
ENSRNA049483115	0
SORBI_3006G200500	278
SORBI_3006G200600	420
SORBI_3006G200650	0
SORBI_3006G200700	408
SORBI_3006G200800	114.001
SORBI_3006G200901	166
SORBI_3006G201000	13
SORBI_3006G201100	104
SORBI_3006G201200	3
SORBI_3006G201300	3
SORBI_3006G201350	0
SORBI_3006G201400	899.641
SORBI_3006G201450	0
SORBI_3006G201500	996
SORBI_3006G201600	0
SORBI_3006G201700	61
SORBI_3006G201800	211.014
SORBI_3006G201900	298
SORBI_3006G202000	37
SORBI_3006G202100	41
SORBI_3006G202150	43
SORBI_3006G202200	1193.987
SORBI_3006G202300	73
SORBI_3006G202401	0
ENSRNA049996072	0
SORBI_3006G202500	58
SORBI_3006G202600	0
SORBI_3006G202700	0
SORBI_3006G202800	47
SORBI_3006G202900	0
SORBI_3006G203000	207
SORBI_3006G203100	224.022
SORBI_3006G203200	0
SORBI_3006G203300	161
SORBI_3006G203400	417
SORBI_3006G203600	66
SORBI_3006G203700	0
SORBI_3006G203800	0
SORBI_3006G203900	234
SORBI_3006G204100	191
SORBI_3006G204000	74
SORBI_3006G204200	40
SORBI_3006G204300	47.813
SORBI_3006G204400	53.187
SORBI_3006G204500	0
SORBI_3006G204600	41
SORBI_3006G204700	43
SORBI_3006G204800	91.966
ENSRNA049483108	5
SORBI_3006G204850	0
SORBI_3006G204900	973
SORBI_3006G205000	45
SORBI_3006G205100	152
SORBI_3006G205200	149
SORBI_3006G205300	0
SORBI_3006G205400	8
SORBI_3006G205500	0
SORBI_3006G205600	3223.215
SORBI_3006G205700	0
SORBI_3006G205800	11
SORBI_3006G205900	0
SORBI_3006G206000	397.024
SORBI_3006G206100	0
SORBI_3006G206200	387
SORBI_3006G206400	0
SORBI_3006G206500	2
SORBI_3006G206600	35
SORBI_3006G206700	558
SORBI_3006G206800	1470
SORBI_3006G206900	67
SORBI_3006G207000	17
ENSRNA049996056	0
SORBI_3006G207100	63
SORBI_3006G207200	1492.398
SORBI_3006G207300	742.585
SORBI_3006G207400	468.521
SORBI_3006G207500	107
SORBI_3006G207600	196
SORBI_3006G207700	30
SORBI_3006G207800	477
SORBI_3006G207900	1170.774
SORBI_3006G208000	8
SORBI_3006G208050	4
ENSRNA049996064	0
SORBI_3006G208100	9
SORBI_3006G208200	199
SORBI_3006G208300	0
SORBI_3006G208400	340
SORBI_3006G208500	2140
SORBI_3006G208700	17
SORBI_3006G208600	4
SORBI_3006G208800	457.949
SORBI_3006G208900	934
SORBI_3006G209000	0
SORBI_3006G209100	0
SORBI_3006G209200	2
SORBI_3006G209300	1
SORBI_3006G209400	1185.783
SORBI_3006G209500	1236.812
SORBI_3006G209600	13.289
SORBI_3006G209700	171.291
SORBI_3006G209850	1329.284
SORBI_3006G210000	241
SORBI_3006G210100	330.999
SORBI_3006G210200	508
SORBI_3006G210233	0
SORBI_3006G210266	0
SORBI_3006G210300	1114
SORBI_3006G210400	70
SORBI_3006G210500	12
SORBI_3006G210600	0
SORBI_3006G210700	266.999
SORBI_3006G210800	205
SORBI_3006G210900	212.001
ENSRNA049436919	0
SORBI_3006G211000	1
SORBI_3006G211200	296
SORBI_3006G211300	16
SORBI_3006G211100	336
SORBI_3006G211400	20
SORBI_3006G211500	146
SORBI_3006G211600	0
SORBI_3006G211701	7
SORBI_3006G211800	902.406
SORBI_3006G211900	6
SORBI_3006G212000	70
SORBI_3006G212100	194
SORBI_3006G212200	2
SORBI_3006G212300	2
SORBI_3006G212350	0
SORBI_3006G212400	17
SORBI_3006G212500	14
SORBI_3006G212600	55
SORBI_3006G212700	0
SORBI_3006G212800	179
SORBI_3006G212900	350
SORBI_3006G213000	2265.649
SORBI_3006G213100	290
SORBI_3006G213200	1
SORBI_3006G213300	238
SORBI_3006G213350	2.006
SORBI_3006G213400	164.994
SORBI_3006G213500	356
SORBI_3006G213601	30
SORBI_3006G213700	100
SORBI_3006G213800	376.604
SORBI_3006G213900	1
SORBI_3006G214000	6
SORBI_3006G214101	0
SORBI_3006G214200	1551.999
SORBI_3006G214300	4475.987
SORBI_3006G214400	622.998
SORBI_3006G214500	491.278
SORBI_3006G214600	337
SORBI_3006G214700	97
SORBI_3006G214800	8
SORBI_3006G214900	1
SORBI_3006G215000	536
SORBI_3006G215050	156
SORBI_3006G215100	108
ENSRNA049483158	0
SORBI_3006G215200	0
SORBI_3006G215300	39
SORBI_3006G215400	116.723
SORBI_3006G215500	0
SORBI_3006G215600	2058.43
SORBI_3006G215650	0
SORBI_3006G215700	100.549
SORBI_3006G215750	1.031
SORBI_3006G215800	703
SORBI_3006G215900	49.144
SORBI_3006G215950	0
SORBI_3006G216000	68
SORBI_3006G216100	337
SORBI_3006G216150	1
SORBI_3006G216200	500
SORBI_3006G216300	416.85
SORBI_3006G216400	4
SORBI_3006G216500	115
SORBI_3006G216600	3661.916
SORBI_3006G216700	80
SORBI_3006G216800	441
ENSRNA049483105	0
SORBI_3006G216900	12
SORBI_3006G217000	330
SORBI_3006G217100	5
ENSRNA049436901	0
SORBI_3006G217200	90
SORBI_3006G217300	4043.825
SORBI_3006G217400	32
SORBI_3006G217500	71
ENSRNA049436890	0
SORBI_3006G217700	1179.988
SORBI_3006G217800	4
SORBI_3006G217900	1696
SORBI_3006G217950	13
SORBI_3006G218000	31
SORBI_3006G218050	0
SORBI_3006G218100	18
SORBI_3006G218200	0
SORBI_3006G218300	16
ENSRNA049436865	0
SORBI_3006G218400	22.645
SORBI_3006G218600	37.355
SORBI_3006G218700	2059
SORBI_3006G218800	16.677
SORBI_3006G218850	0
SORBI_3006G218900	4
SORBI_3006G218950	4.732
SORBI_3006G219000	226
SORBI_3006G219100	0
SORBI_3006G219150	12
SORBI_3006G219200	20
SORBI_3006G219250	106
SORBI_3006G219300	3745.028
SORBI_3006G219400	0
SORBI_3006G219500	0
ENSRNA049483120	0
SORBI_3006G219600	1773.995
SORBI_3006G219700	0
SORBI_3006G219801	14.239
SORBI_3006G219900	42
SORBI_3006G219950	2
SORBI_3006G220000	309.034
SORBI_3006G220100	2
SORBI_3006G220200	8740.953
SORBI_3006G220300	782.191
SORBI_3006G220400	247.927
SORBI_3006G220500	361
SORBI_3006G220600	253
SORBI_3006G220700	274
SORBI_3006G220800	238.285
ENSRNA049996046	0
SORBI_3006G220900	845
SORBI_3006G221000	1907.944
SORBI_3006G221101	1
SORBI_3006G221200	598.815
SORBI_3006G221300	51
SORBI_3006G221400	15
SORBI_3006G221500	4
SORBI_3006G221600	549
SORBI_3006G221700	0
SORBI_3006G221800	38
SORBI_3006G221850	0
SORBI_3006G221900	0
SORBI_3006G222000	0
SORBI_3006G222100	337
SORBI_3006G222200	0
SORBI_3006G222300	310
SORBI_3006G222400	1047.998
SORBI_3006G222500	463
SORBI_3006G222600	165
SORBI_3006G222650	2.006
SORBI_3006G222700	247.993
SORBI_3006G222800	265
SORBI_3006G222901	0
SORBI_3006G223001	1
SORBI_3006G223101	1
SORBI_3006G223200	220
SORBI_3006G223300	2
SORBI_3006G223400	11
SORBI_3006G223500	15
SORBI_3006G223601	6
SORBI_3006G223700	0
SORBI_3006G223800	56
SORBI_3006G223850	0
SORBI_3006G223900	5
SORBI_3006G224000	24
SORBI_3006G224100	161
SORBI_3006G224200	0
SORBI_3006G224300	75
SORBI_3006G224400	1
SORBI_3006G224500	0
SORBI_3006G224600	0
SORBI_3006G224800	368
SORBI_3006G225000	0
SORBI_3006G225100	24.035
SORBI_3006G225200	4
SORBI_3006G225300	554
SORBI_3006G225400	377
SORBI_3006G225500	0
SORBI_3006G225600	1403.022
SORBI_3006G225700	19.541
SORBI_3006G225800	101.452
SORBI_3006G225900	700
SORBI_3006G226000	0
SORBI_3006G226100	451
SORBI_3006G226200	67
SORBI_3006G226300	771.512
SORBI_3006G226400	3
SORBI_3006G226500	183
SORBI_3006G226601	43
SORBI_3006G226700	577
SORBI_3006G226800	272
SORBI_3006G226900	25.164
SORBI_3006G227000	2
SORBI_3006G227050	0
SORBI_3006G227100	0
SORBI_3006G227200	20.329
SORBI_3006G227300	140.671
SORBI_3006G227400	49
ENSRNA049996039	0
ENSRNA049996032	0
ENSRNA049483152	0
ENSRNA049996023	0
ENSRNA049996013	0
ENSRNA049483182	0
SORBI_3006G227500	4
SORBI_3006G227600	0
SORBI_3006G227700	0
SORBI_3006G227750	106
SORBI_3006G227800	0
SORBI_3006G227900	29
SORBI_3006G228000	3
SORBI_3006G228100	0
SORBI_3006G228200	29
ENSRNA049483107	0
ENSRNA049483104	17.418
ENSRNA049483111	1
SORBI_3006G228300	383
SORBI_3006G228400	7
SORBI_3006G228500	1228.396
SORBI_3006G228700	807.03
SORBI_3006G228833	5
SORBI_3006G228966	3
SORBI_3006G229100	17
SORBI_3006G229200	2
SORBI_3006G229250	0
SORBI_3006G229300	0
SORBI_3006G229400	0
SORBI_3006G229500	0
SORBI_3006G229600	19
SORBI_3006G229700	0
SORBI_3006G229800	7
SORBI_3006G229901	0
SORBI_3006G230000	0
SORBI_3006G230100	5
SORBI_3006G230200	0
SORBI_3006G230300	309
SORBI_3006G230400	1751.862
SORBI_3006G230500	186
SORBI_3006G230600	2
SORBI_3006G230700	145
SORBI_3006G230800	223.084
SORBI_3006G230900	92
SORBI_3006G231100	356.916
SORBI_3006G231200	330.017
SORBI_3006G231266	37
SORBI_3006G231332	33.983
SORBI_3006G231400	18
SORBI_3006G231500	203
ENSRNA049483194	0
ENSRNA049483200	0
ENSRNA049483205	0
ENSRNA049483207	1
ENSRNA049483199	0
SORBI_3006G231600	10
SORBI_3006G231700	380.753
SORBI_3006G231800	552.991
SORBI_3006G231900	54
SORBI_3006G232000	159
SORBI_3006G232100	8
SORBI_3006G232200	1316.982
SORBI_3006G232300	0
SORBI_3006G232400	93
SORBI_3006G232500	1
SORBI_3006G232600	537
SORBI_3006G232700	0
SORBI_3006G232800	280
SORBI_3006G232900	0
SORBI_3006G233000	182
SORBI_3006G233100	628.205
SORBI_3006G233200	0
SORBI_3006G233300	412
SORBI_3006G233400	3
SORBI_3006G233500	218
ENSRNA049436810	0
SORBI_3006G233600	0
SORBI_3006G233700	667
SORBI_3006G233800	25
SORBI_3006G233900	12
SORBI_3006G234000	1
SORBI_3006G234100	162
SORBI_3006G234200	2
SORBI_3006G234300	16.294
SORBI_3006G234400	0
SORBI_3006G234433	0
SORBI_3006G234466	2
SORBI_3006G234500	7
SORBI_3006G234601	597.004
SORBI_3006G234700	530
SORBI_3006G234800	0
SORBI_3006G234850	0
SORBI_3006G234900	5.142
SORBI_3006G235000	0
SORBI_3006G235100	0
SORBI_3006G235200	132.001
SORBI_3006G235300	847
SORBI_3006G235350	19
SORBI_3006G235400	99
SORBI_3006G235500	164
SORBI_3006G235600	9
SORBI_3006G235650	0
SORBI_3006G235700	184
SORBI_3006G235801	0
SORBI_3006G235900	35.904
SORBI_3006G235800	1541.148
SORBI_3006G236000	538.851
SORBI_3006G236100	2
ENSRNA049996006	0
ENSRNA049483185	0
ENSRNA049483177	0
ENSRNA049995999	0
ENSRNA049995991	0
ENSRNA049995982	0
SORBI_3006G236300	0
SORBI_3006G236400	0
SORBI_3006G236500	753.074
SORBI_3006G236600	0
SORBI_3006G236700	34
SORBI_3006G236800	1
SORBI_3006G236900	1
ENSRNA049436624	0
SORBI_3006G237000	352
SORBI_3006G237100	183
SORBI_3006G237200	568
SORBI_3006G237300	17
SORBI_3006G237400	789.444
SORBI_3006G237500	24
SORBI_3006G237600	0
SORBI_3006G237700	0
SORBI_3006G237800	0
SORBI_3006G237900	229
SORBI_3006G238000	0
SORBI_3006G238100	0
SORBI_3006G238200	186
SORBI_3006G238300	0
SORBI_3006G238400	18
SORBI_3006G238500	2
SORBI_3006G238600	474.016
SORBI_3006G238700	450
SORBI_3006G238900	0
SORBI_3006G239000	3590.312
SORBI_3006G239100	3
SORBI_3006G239200	0
SORBI_3006G239300	486.239
SORBI_3006G239400	85
SORBI_3006G239500	0
SORBI_3006G239600	0
SORBI_3006G239700	2
SORBI_3006G239800	429.713
SORBI_3006G239900	1
SORBI_3006G240000	5
ENSRNA049436656	0
SORBI_3006G240100	108
SORBI_3006G240200	0
SORBI_3006G240300	30
SORBI_3006G240400	911.808
SORBI_3006G240500	701
SORBI_3006G240600	6
SORBI_3006G240650	0
SORBI_3006G240700	269.944
SORBI_3006G240800	36
SORBI_3006G240900	5
SORBI_3006G241000	0
SORBI_3006G241100	69
SORBI_3006G241200	0
SORBI_3006G241300	0
SORBI_3006G241350	3
SORBI_3006G241400	2
SORBI_3006G241500	2
SORBI_3006G241600	5
SORBI_3006G241700	2
SORBI_3006G241800	1
SORBI_3006G241900	46
SORBI_3006G241950	0
SORBI_3006G242000	5921.908
SORBI_3006G242100	1462.999
SORBI_3006G242200	7
SORBI_3006G242300	294
SORBI_3006G242401	43
SORBI_3006G242500	81
SORBI_3006G242600	17
SORBI_3006G242701	33
SORBI_3006G242800	27
SORBI_3006G242900	14
SORBI_3006G243000	43
SORBI_3006G243100	219
SORBI_3006G243200	60
SORBI_3006G243300	2
SORBI_3006G243400	809.002
SORBI_3006G243500	664
SORBI_3006G243600	1
SORBI_3006G243700	74
SORBI_3006G243800	0
SORBI_3006G243900	222.959
SORBI_3006G244000	18.041
SORBI_3006G244100	0
SORBI_3006G244200	0
SORBI_3006G244300	175
SORBI_3006G244400	6
SORBI_3006G244500	1
SORBI_3006G244600	282
SORBI_3006G244700	241
SORBI_3006G244800	1575
SORBI_3006G244900	397
ENSRNA049483174	0
SORBI_3006G245000	2
SORBI_3006G245100	736.081
SORBI_3006G245200	17
SORBI_3006G245300	0
SORBI_3006G245400	4639.34
SORBI_3006G245500	5
SORBI_3006G245600	15
SORBI_3006G245700	432
SORBI_3006G245800	42
SORBI_3006G245900	119
SORBI_3006G246001	0
SORBI_3006G246100	15
SORBI_3006G246200	109
SORBI_3006G246300	360.122
SORBI_3006G246350	0
SORBI_3006G246400	1
SORBI_3006G246500	12
SORBI_3006G246600	0
SORBI_3006G246700	0
SORBI_3006G246800	0
SORBI_3006G246900	546
SORBI_3006G247000	0
SORBI_3006G247100	3768.512
ENSRNA049483118	28
SORBI_3006G247200	0
SORBI_3006G247300	2.77
SORBI_3006G247500	88.028
SORBI_3006G247400	0
SORBI_3006G247600	0
SORBI_3006G247700	1
SORBI_3006G247800	0
SORBI_3006G247900	453.251
SORBI_3006G248000	0
SORBI_3006G248100	0
SORBI_3006G248200	9
SORBI_3006G248300	84
SORBI_3006G248350	3
SORBI_3006G248400	492
SORBI_3006G248450	0
SORBI_3006G248500	80
SORBI_3006G248600	0
SORBI_3006G248700	42
SORBI_3006G248801	0
SORBI_3006G248900	183
SORBI_3006G249000	23
SORBI_3006G249050	9
SORBI_3006G249100	3
SORBI_3006G249200	11
SORBI_3006G249300	0
SORBI_3006G249400	661
SORBI_3006G249500	35
SORBI_3006G249600	2.002
SORBI_3006G249700	814.998
SORBI_3006G249800	0
SORBI_3006G249900	0
SORBI_3006G250000	108.773
SORBI_3006G250100	39
SORBI_3006G250200	35.035
SORBI_3006G250300	412
SORBI_3006G250350	0
SORBI_3006G250400	5
SORBI_3006G250500	388
SORBI_3006G250600	0
SORBI_3006G250700	0
SORBI_3006G250800	309
SORBI_3006G250900	2436.582
SORBI_3006G251000	2969.052
SORBI_3006G251100	0
SORBI_3006G251200	11
SORBI_3006G251301	0
SORBI_3006G251400	0
SORBI_3006G251500	1443.912
SORBI_3006G251600	138.16
SORBI_3006G251701	24
SORBI_3006G251800	555
SORBI_3006G251900	407
SORBI_3006G252000	20
SORBI_3006G252100	73
SORBI_3006G252200	1024.999
SORBI_3006G252300	85
SORBI_3006G252400	3
SORBI_3006G252466	1
SORBI_3006G252532	0
SORBI_3006G252600	0
SORBI_3006G252700	329
SORBI_3006G252800	0
SORBI_3006G252900	795.738
SORBI_3006G253000	364.133
ENSRNA049483126	0
SORBI_3006G253050	0
SORBI_3006G253100	0
SORBI_3006G253200	0
SORBI_3006G253300	0
SORBI_3006G253400	764.867
ENSRNA049483129	0
SORBI_3006G253500	0
SORBI_3006G253600	0
SORBI_3006G253700	1
SORBI_3006G253801	0
SORBI_3006G253900	0
SORBI_3006G254000	1
SORBI_3006G254100	172.156
SORBI_3006G254200	3
SORBI_3006G254300	339
SORBI_3006G254400	16
SORBI_3006G254500	655
SORBI_3006G254600	161
SORBI_3006G254700	114.032
SORBI_3006G254800	39
SORBI_3006G254900	0
SORBI_3006G255000	199
SORBI_3006G255100	581.668
SORBI_3006G255200	0
SORBI_3006G255300	1
SORBI_3006G255400	20
SORBI_3006G255500	25
SORBI_3006G255600	22
SORBI_3006G255700	1
SORBI_3006G255800	68
SORBI_3006G255900	281
SORBI_3006G256000	2.615
SORBI_3006G256100	444
SORBI_3006G256200	32
SORBI_3006G256300	229.004
SORBI_3006G256400	0
SORBI_3006G256500	279
SORBI_3006G256600	272
SORBI_3006G256700	9
SORBI_3006G256801	0
SORBI_3006G256900	0
SORBI_3006G257001	826
SORBI_3006G257100	88
SORBI_3006G257200	1295.488
SORBI_3006G257250	0
SORBI_3006G257300	195.284
SORBI_3006G257400	2
SORBI_3006G257500	5
SORBI_3006G257550	0
SORBI_3006G257600	70.001
SORBI_3006G257700	8421.777
SORBI_3006G257800	808.004
SORBI_3006G257900	7154.238
SORBI_3006G258000	66
SORBI_3006G258100	0
SORBI_3006G258200	0
SORBI_3006G258300	75
SORBI_3006G258400	192
SORBI_3006G258500	790
SORBI_3006G258600	108
SORBI_3006G258700	882.444
SORBI_3006G258800	522.422
SORBI_3006G258900	77
SORBI_3006G259000	1207
SORBI_3006G259100	69
SORBI_3006G259201	16
SORBI_3006G259300	12
SORBI_3006G259401	161
SORBI_3006G259501	0
SORBI_3006G259600	486.881
SORBI_3006G259700	1240.556
SORBI_3006G259800	44
SORBI_3006G259900	190.156
SORBI_3006G260000	106
SORBI_3006G260101	0
SORBI_3006G260200	13
SORBI_3006G260300	49
SORBI_3006G260400	752.153
SORBI_3006G260500	474
SORBI_3006G260600	67
SORBI_3006G260700	0
SORBI_3006G260800	51
SORBI_3006G260900	78
SORBI_3006G261000	0
SORBI_3006G261100	317
SORBI_3006G261200	0
ENSRNA049436794	0
ENSRNA049436788	0
SORBI_3006G261300	691
SORBI_3006G261400	748
SORBI_3006G261500	8469.413
SORBI_3006G261550	0
SORBI_3006G261600	316
SORBI_3006G261650	0
SORBI_3006G261700	540.17
SORBI_3006G261800	719
SORBI_3006G261900	13
SORBI_3006G262001	6
SORBI_3006G262100	1204.002
SORBI_3006G262200	133.001
SORBI_3006G262300	30
SORBI_3006G262400	47
SORBI_3006G262501	166
SORBI_3006G262600	1
SORBI_3006G262800	32
SORBI_3006G262700	0
SORBI_3006G262900	94
SORBI_3006G263000	189
SORBI_3006G263100	1788
SORBI_3006G263200	217
SORBI_3006G263250	0
SORBI_3006G263300	826.293
SORBI_3006G263400	4
SORBI_3006G263500	0
SORBI_3006G263600	1549.991
SORBI_3006G263700	132.001
SORBI_3006G263800	52
SORBI_3006G263900	60
SORBI_3006G264000	999.998
SORBI_3006G264100	3
SORBI_3006G264201	378
SORBI_3006G264300	1304
SORBI_3006G264400	0
SORBI_3006G264500	103
ENSRNA049995974	0
SORBI_3006G264700	0
SORBI_3006G264800	0
SORBI_3006G264900	595
SORBI_3006G265000	70
SORBI_3006G265100	6
SORBI_3006G265200	1666.074
SORBI_3006G265300	127
SORBI_3006G265400	21
SORBI_3006G265500	2
SORBI_3006G265600	990.783
SORBI_3006G265700	25
SORBI_3006G265800	125
SORBI_3006G265900	44
SORBI_3006G266000	12
SORBI_3006G266100	129
SORBI_3006G266200	75
SORBI_3006G266300	284
SORBI_3006G266400	0
SORBI_3006G266600	1055.001
SORBI_3006G266700	121
SORBI_3006G266800	4
SORBI_3006G266850	1
SORBI_3006G266900	0
SORBI_3006G267000	211
SORBI_3006G267100	241
SORBI_3006G267200	1474.358
SORBI_3006G267300	157
SORBI_3006G267400	0
SORBI_3006G267500	261
SORBI_3006G267600	370
SORBI_3006G267700	164
SORBI_3006G267800	64
SORBI_3006G267900	189.108
SORBI_3006G267950	0
SORBI_3006G268000	23
SORBI_3006G268100	4
SORBI_3006G268200	266.346
SORBI_3006G268300	79
SORBI_3006G268500	0
SORBI_3006G268600	58.01
SORBI_3006G268700	0
SORBI_3006G268800	2
SORBI_3006G268900	543
SORBI_3006G269000	158
SORBI_3006G269101	0
SORBI_3006G269200	105
SORBI_3006G269250	0
SORBI_3006G269400	31.001
SORBI_3006G269300	0
SORBI_3006G269501	0
ENSRNA049995966	0
SORBI_3006G269600	26
SORBI_3006G269700	185
SORBI_3006G269800	222
SORBI_3006G269900	423
SORBI_3006G270000	56.392
SORBI_3006G270100	2426.758
SORBI_3006G270200	37
SORBI_3006G270300	0
SORBI_3006G270400	83
SORBI_3006G270500	258.326
SORBI_3006G270600	186
SORBI_3006G270700	563
SORBI_3006G270800	0
SORBI_3006G270900	304
ENSRNA049469435	0
SORBI_3006G271000	114
SORBI_3006G271100	1
SORBI_3006G271200	374
SORBI_3006G271300	392.13
SORBI_3006G271400	0
SORBI_3006G271500	199
SORBI_3006G271600	0
ENSRNA049469461	0
SORBI_3006G271700	46
SORBI_3006G271800	1720.349
SORBI_3006G271900	213
SORBI_3006G272000	43
SORBI_3006G272100	12
SORBI_3006G272200	251
SORBI_3006G272300	1
SORBI_3006G272400	2
SORBI_3006G272450	5
SORBI_3006G272500	46
SORBI_3006G272600	325
SORBI_3006G272700	6
SORBI_3006G272800	55
SORBI_3006G272900	0
SORBI_3006G273000	284
SORBI_3006G273100	46
ENSRNA049995946	0
SORBI_3006G273150	0
SORBI_3006G273200	1406
SORBI_3006G273300	0
SORBI_3006G273400	88
SORBI_3006G273500	3
SORBI_3006G273600	0
SORBI_3006G273700	9
SORBI_3006G273800	1792.001
SORBI_3006G273900	37
SORBI_3006G274000	0
SORBI_3006G274100	14
SORBI_3006G274200	47
SORBI_3006G274300	936.046
SORBI_3006G274400	230
SORBI_3006G274500	0
SORBI_3006G274600	1334.187
SORBI_3006G274700	829
SORBI_3006G274800	279
SORBI_3006G274833	0
SORBI_3006G274866	362.205
SORBI_3006G274933	80
SORBI_3006G275000	348
SORBI_3006G275100	82.999
SORBI_3006G275200	74
SORBI_3006G275300	0
SORBI_3006G275401	0
SORBI_3006G275500	130
SORBI_3006G275600	75
SORBI_3006G275700	0
SORBI_3006G275800	575.997
SORBI_3006G275900	0
SORBI_3006G276000	32
SORBI_3006G276100	489.008
SORBI_3006G276200	93
SORBI_3006G276300	7
SORBI_3006G276401	0
SORBI_3006G276500	0
SORBI_3006G276533	0
SORBI_3006G276566	0
SORBI_3006G276600	0
SORBI_3006G276700	1654.401
SORBI_3006G276801	0
SORBI_3006G276900	10.904
SORBI_3006G277000	111
SORBI_3006G277100	9
SORBI_3006G277200	220
SORBI_3006G277300	111
SORBI_3006G277400	13.024
SORBI_3006G277500	8.18
SORBI_3006G277550	0
SORBI_3006G277600	4
SORBI_3006G277700	1
SORBI_3006G277750	0
SORBI_3006G277800	2
SORBI_3006G277900	0
SORBI_3006G278000	23
SORBI_3006G278100	593
SORBI_3006G278200	50
SORBI_3006G278300	0
SORBI_3006G278400	0
SORBI_3006G278500	379.695
SORBI_3006G278600	1
SORBI_3006G278700	426
SORBI_3006G278800	41
SORBI_3006G278900	5
SORBI_3006G278950	0
SORBI_3006G279000	0
SORBI_3006G279100	472.525
SORBI_3006G279200	402.475
SORBI_3006G279400	19
SORBI_3006G279600	0
SORBI_3006G279700	44
SORBI_3006G279800	26
SORBI_3006G279900	101
SORBI_3006G280000	1521.999
SORBI_3006G280050	74
SORBI_3006G280100	249
SORBI_3006G280200	260
SORBI_3006G280250	14
SORBI_3006G280300	147
SORBI_3006G280400	2
SORBI_3006G280500	178
SORBI_3006G280600	362.034
SORBI_3006G280700	44.259
SORBI_3006G280800	113
SORBI_3006G280900	185.122
SORBI_3006G281000	296
SORBI_3006G281066	42
SORBI_3006G281132	0
SORBI_3006G281200	446
SORBI_3006G281300	0
SORBI_3006G281400	81
SORBI_3006G281500	252
SORBI_3006G281600	46.926
SORBI_3006G281700	572.999
SORBI_3006G281800	497
SORBI_3006G281900	84
SORBI_3006G282000	0
SORBI_3006G282100	0
SORBI_3006G282200	758
SORBI_3006G282300	1241
SORBI_3007G000050	0
SORBI_3007G000100	773
SORBI_3007G000200	205
SORBI_3007G000300	64
SORBI_3007G000400	336
SORBI_3007G000500	1
SORBI_3007G000600	0
SORBI_3007G000700	133
SORBI_3007G000800	212
SORBI_3007G000900	79.892
SORBI_3007G001100	13.03
SORBI_3007G001200	416
SORBI_3007G001300	1
SORBI_3007G001500	678
SORBI_3007G001600	0
SORBI_3007G001700	0
SORBI_3007G001800	0
SORBI_3007G001900	189
SORBI_3007G002000	795
SORBI_3007G002100	2
SORBI_3007G002200	257.001
SORBI_3007G002300	460.213
ENSRNA049441255	0
SORBI_3007G002400	0
SORBI_3007G002500	211.373
SORBI_3007G002600	374.628
SORBI_3007G002700	38.808
SORBI_3007G002800	525
SORBI_3007G002900	256
SORBI_3007G003000	0
SORBI_3007G003100	147
SORBI_3007G003200	2
SORBI_3007G003250	0
SORBI_3007G003300	0
SORBI_3007G003400	11
SORBI_3007G003500	384
SORBI_3007G003600	11583.427
SORBI_3007G003700	18
SORBI_3007G003800	8
SORBI_3007G003900	44
SORBI_3007G004000	192
SORBI_3007G004100	50
SORBI_3007G004200	143
SORBI_3007G004300	334
SORBI_3007G004400	0
SORBI_3007G004500	1387.52
SORBI_3007G004600	154
SORBI_3007G004700	32
SORBI_3007G004750	0
SORBI_3007G004800	72
SORBI_3007G004850	8
SORBI_3007G004900	0
SORBI_3007G005000	0
SORBI_3007G005100	0
SORBI_3007G005200	161
SORBI_3007G005300	475.005
SORBI_3007G005400	771.991
SORBI_3007G005500	634
SORBI_3007G005600	9
SORBI_3007G005700	1
SORBI_3007G005800	0
SORBI_3007G005850	0
SORBI_3007G005900	0
SORBI_3007G006000	0
SORBI_3007G006100	824.424
SORBI_3007G006200	573.649
SORBI_3007G006300	63
SORBI_3007G006350	8
SORBI_3007G006400	4
SORBI_3007G006501	0
SORBI_3007G006600	1174
SORBI_3007G006700	83
SORBI_3007G006800	20
SORBI_3007G006900	311
SORBI_3007G007000	438
SORBI_3007G007100	0
SORBI_3007G007200	207.977
SORBI_3007G007250	0
SORBI_3007G007300	0
SORBI_3007G007400	0
SORBI_3007G007600	0
SORBI_3007G007650	0
SORBI_3007G007700	0
SORBI_3007G007800	1
SORBI_3007G007900	1591
SORBI_3007G008000	14
SORBI_3007G008100	11
SORBI_3007G008200	114
SORBI_3007G008300	7
SORBI_3007G008400	0
SORBI_3007G008500	0
SORBI_3007G008600	7
SORBI_3007G008700	71
SORBI_3007G008800	1695.5
SORBI_3007G008900	720.18
SORBI_3007G009000	73
SORBI_3007G009100	187
SORBI_3007G009200	249
SORBI_3007G009300	46
ENSRNA049995956	0
SORBI_3007G009400	325
SORBI_3007G009500	64
SORBI_3007G009600	0
SORBI_3007G009700	607
SORBI_3007G009800	0
SORBI_3007G009900	0
SORBI_3007G010000	343.886
SORBI_3007G010100	11
SORBI_3007G010200	206
SORBI_3007G010300	0
SORBI_3007G010350	0
SORBI_3007G010400	0
SORBI_3007G010550	34
SORBI_3007G010700	205.007
SORBI_3007G010800	124
SORBI_3007G010900	306
SORBI_3007G011000	427
SORBI_3007G011100	0
SORBI_3007G011200	1354
SORBI_3007G011300	765.701
SORBI_3007G011400	676.364
SORBI_3007G011500	0
SORBI_3007G011600	956
SORBI_3007G011700	45
SORBI_3007G011800	297.133
SORBI_3007G011900	0
SORBI_3007G012001	0
SORBI_3007G012100	0
SORBI_3007G012300	9
SORBI_3007G012400	25
SORBI_3007G012500	0
SORBI_3007G012600	2
SORBI_3007G012700	2
SORBI_3007G012800	4
SORBI_3007G012900	357
SORBI_3007G013000	47
SORBI_3007G013100	0
SORBI_3007G013200	0
SORBI_3007G013300	779
SORBI_3007G013400	111
SORBI_3007G013500	336
SORBI_3007G013601	5
SORBI_3007G013700	28
SORBI_3007G013800	110
SORBI_3007G013900	371
SORBI_3007G014000	0
SORBI_3007G014100	0
ENSRNA049484464	0
SORBI_3007G014200	10
SORBI_3007G014300	0
SORBI_3007G014400	0
SORBI_3007G014500	0
SORBI_3007G014600	110
SORBI_3007G014700	497
SORBI_3007G014800	1316
SORBI_3007G014900	88
SORBI_3007G015000	0
SORBI_3007G015100	0
SORBI_3007G015200	4
SORBI_3007G015300	79
SORBI_3007G015400	0
SORBI_3007G015500	0
SORBI_3007G015600	21
SORBI_3007G015700	0
SORBI_3007G015800	0
SORBI_3007G015900	0
SORBI_3007G016000	6
SORBI_3007G016100	0
SORBI_3007G016200	211
SORBI_3007G016300	0
SORBI_3007G016400	87
SORBI_3007G016500	0
SORBI_3007G016600	10
SORBI_3007G016700	0
SORBI_3007G016750	10.736
SORBI_3007G016800	29
SORBI_3007G016900	70
SORBI_3007G017000	0
SORBI_3007G017100	15
SORBI_3007G017200	34
SORBI_3007G017300	0
SORBI_3007G017400	1662
SORBI_3007G017500	159
SORBI_3007G017700	0
SORBI_3007G017800	132
SORBI_3007G017900	1
SORBI_3007G018000	0
SORBI_3007G018100	5
SORBI_3007G018200	491
SORBI_3007G018300	3139.569
SORBI_3007G018400	1482
SORBI_3007G018500	180.963
SORBI_3007G018550	0
SORBI_3007G018601	0
SORBI_3007G018651	0
SORBI_3007G018700	401.268
SORBI_3007G018900	25
SORBI_3007G019000	1217
SORBI_3007G019100	256
SORBI_3007G019200	64
SORBI_3007G019300	217.37
SORBI_3007G019400	1031.993
SORBI_3007G019501	173
SORBI_3007G019600	2
SORBI_3007G019700	0
SORBI_3007G019800	652
SORBI_3007G019900	0
SORBI_3007G020000	10.267
SORBI_3007G020100	0
SORBI_3007G020200	0
SORBI_3007G020300	418
SORBI_3007G020400	0
SORBI_3007G020500	458.02
ENSRNA049995939	0
SORBI_3007G020600	124
SORBI_3007G020700	10
SORBI_3007G020800	0
SORBI_3007G020900	0
SORBI_3007G021000	0
ENSRNA049440479	0
ENSRNA049484461	0
ENSRNA049440486	0
SORBI_3007G021100	1
SORBI_3007G021200	12
SORBI_3007G021300	20
SORBI_3007G021400	6
SORBI_3007G021500	0
SORBI_3007G021600	0
SORBI_3007G021700	0
SORBI_3007G021800	0
SORBI_3007G021900	0
SORBI_3007G022000	21.069
SORBI_3007G022100	0
SORBI_3007G022200	2
SORBI_3007G022300	0
SORBI_3007G022400	0
ENSRNA049440508	0
SORBI_3007G022500	1003
SORBI_3007G022600	437.959
SORBI_3007G022700	397
SORBI_3007G022800	13
SORBI_3007G022900	3
SORBI_3007G023000	0
SORBI_3007G023100	12
SORBI_3007G023200	268
SORBI_3007G023300	10
SORBI_3007G023400	354
SORBI_3007G023500	0
SORBI_3007G023600	1
SORBI_3007G023650	0
SORBI_3007G023700	446
SORBI_3007G023800	14
SORBI_3007G023900	0
SORBI_3007G024000	0
SORBI_3007G024100	0
SORBI_3007G024150	1
SORBI_3007G024200	2
SORBI_3007G024300	0
SORBI_3007G024400	1
SORBI_3007G024500	425
SORBI_3007G024600	0
SORBI_3007G024700	526
SORBI_3007G024800	12
SORBI_3007G024900	0
SORBI_3007G025000	4
SORBI_3007G025100	0
SORBI_3007G025200	0
SORBI_3007G025300	0
SORBI_3007G025350	0
SORBI_3007G025400	1130.742
SORBI_3007G025500	1183
SORBI_3007G025600	0
SORBI_3007G025700	79.076
SORBI_3007G025800	1106.986
SORBI_3007G025900	103
SORBI_3007G026000	600.942
SORBI_3007G026100	516
SORBI_3007G026200	202.066
SORBI_3007G026300	1120.792
SORBI_3007G026400	13.999
SORBI_3007G026500	370.102
SORBI_3007G026600	19
SORBI_3007G026700	58
SORBI_3007G026800	519
SORBI_3007G026900	199.324
SORBI_3007G027000	136.004
SORBI_3007G027100	124
SORBI_3007G027200	0
SORBI_3007G027301	3
SORBI_3007G027400	0
SORBI_3007G027500	0
SORBI_3007G027601	34
SORBI_3007G027700	127
SORBI_3007G027800	0
SORBI_3007G027900	8
SORBI_3007G028001	14
SORBI_3007G028100	566
SORBI_3007G028200	3
SORBI_3007G028400	1618.435
SORBI_3007G028300	0
SORBI_3007G028500	58
SORBI_3007G028600	1
SORBI_3007G028700	5
SORBI_3007G028766	0
ENSRNA049995932	0
SORBI_3007G028832	0
SORBI_3007G028900	32
SORBI_3007G029000	0
SORBI_3007G029100	167
SORBI_3007G029200	162
SORBI_3007G029300	27
SORBI_3007G029400	2748.019
SORBI_3007G029500	635
SORBI_3007G029600	99
SORBI_3007G029700	283
SORBI_3007G029800	0
SORBI_3007G029900	16
SORBI_3007G030000	17
SORBI_3007G030100	117
SORBI_3007G030200	0
SORBI_3007G030300	0
SORBI_3007G030400	0
SORBI_3007G030501	0
SORBI_3007G030600	81
SORBI_3007G030700	133
SORBI_3007G030800	48
SORBI_3007G030900	18
SORBI_3007G031000	0
SORBI_3007G031100	44
SORBI_3007G031200	2
SORBI_3007G031300	67
SORBI_3007G031400	0
SORBI_3007G031500	0
SORBI_3007G031600	414.026
SORBI_3007G031700	0
SORBI_3007G031800	24
SORBI_3007G031900	331
SORBI_3007G032000	1098.379
SORBI_3007G032100	0
SORBI_3007G032200	0
SORBI_3007G032300	8
SORBI_3007G032400	436
SORBI_3007G032500	0
SORBI_3007G032600	0
SORBI_3007G032700	0
SORBI_3007G032800	0
SORBI_3007G032900	16
SORBI_3007G033100	77.997
SORBI_3007G033200	38
SORBI_3007G033300	1
SORBI_3007G033400	4
SORBI_3007G033500	0
SORBI_3007G033600	0
SORBI_3007G033700	49
SORBI_3007G033800	459
SORBI_3007G033900	17
SORBI_3007G034000	10.334
SORBI_3007G034100	11.316
SORBI_3007G034200	312
SORBI_3007G034300	2
SORBI_3007G034400	626
ENSRNA049484482	0
ENSRNA049484481	0
ENSRNA049484491	0
ENSRNA049484480	1
ENSRNA049484490	0
ENSRNA049484485	0
ENSRNA049484472	0
SORBI_3007G034500	93
SORBI_3007G034550	0
SORBI_3007G034600	40
SORBI_3007G034650	0
SORBI_3007G034700	64.006
SORBI_3007G034900	2
SORBI_3007G035000	1
SORBI_3007G035100	0
SORBI_3007G035200	0
SORBI_3007G035300	1
SORBI_3007G035500	5
SORBI_3007G035600	336
SORBI_3007G035700	2852.876
SORBI_3007G035800	0
SORBI_3007G035900	0
SORBI_3007G036000	0
SORBI_3007G036100	15
SORBI_3007G036200	0
SORBI_3007G036300	0
SORBI_3007G036400	0
SORBI_3007G036550	65.942
SORBI_3007G036500	17.058
SORBI_3007G036600	0
SORBI_3007G036700	371
SORBI_3007G036750	1
SORBI_3007G036800	55
SORBI_3007G036900	78
SORBI_3007G037000	197
SORBI_3007G037100	197
SORBI_3007G037200	0
SORBI_3007G037301	38.14
SORBI_3007G037400	0
SORBI_3007G037600	0
SORBI_3007G037700	0
SORBI_3007G037800	0
SORBI_3007G037900	463
SORBI_3007G038000	5
SORBI_3007G038100	0
SORBI_3007G038200	0
SORBI_3007G038250	5
SORBI_3007G038300	0
SORBI_3007G038366	0
SORBI_3007G038432	0
SORBI_3007G038500	2
SORBI_3007G038600	2069.016
SORBI_3007G038700	34
SORBI_3007G038800	39
SORBI_3007G038900	6
SORBI_3007G039001	3
SORBI_3007G039100	1
SORBI_3007G039200	225
SORBI_3007G039300	159
SORBI_3007G039400	426
SORBI_3007G039500	7
SORBI_3007G039600	0
SORBI_3007G039700	0
SORBI_3007G039800	0
SORBI_3007G039814	0
SORBI_3007G039828	4.684
SORBI_3007G039842	6.666
SORBI_3007G039856	17
SORBI_3007G039870	0
SORBI_3007G039884	0
SORBI_3007G039900	0
SORBI_3007G040000	0
SORBI_3007G040050	0
SORBI_3007G040100	0
SORBI_3007G040150	0
SORBI_3007G040200	0
SORBI_3007G040301	11
SORBI_3007G040400	0
SORBI_3007G040500	0
SORBI_3007G040600	0
SORBI_3007G040700	0
SORBI_3007G040800	0
SORBI_3007G040900	0
SORBI_3007G041000	0
SORBI_3007G041100	0
SORBI_3007G041200	0
SORBI_3007G041300	226
SORBI_3007G041400	88
SORBI_3007G041500	162
SORBI_3007G041600	0
SORBI_3007G041701	0
SORBI_3007G041800	0
SORBI_3007G041900	0
SORBI_3007G042100	0
SORBI_3007G042150	0
SORBI_3007G042200	2
SORBI_3007G042300	215
SORBI_3007G042400	389
SORBI_3007G042500	0
SORBI_3007G042600	0
SORBI_3007G042700	14
SORBI_3007G042800	0
SORBI_3007G042900	456
SORBI_3007G043000	7
SORBI_3007G043050	0
SORBI_3007G043100	0
SORBI_3007G043200	46
SORBI_3007G043300	0
SORBI_3007G043400	719.007
SORBI_3007G043500	2019.094
SORBI_3007G043600	275
SORBI_3007G043700	43
SORBI_3007G043750	0
SORBI_3007G043800	0
SORBI_3007G043900	58
SORBI_3007G044000	0
SORBI_3007G044100	923.266
SORBI_3007G044201	0
SORBI_3007G044300	175.008
SORBI_3007G044350	0
SORBI_3007G044400	269
SORBI_3007G044500	0
SORBI_3007G044600	0
SORBI_3007G044700	0
SORBI_3007G044800	0
SORBI_3007G044900	12
SORBI_3007G045000	1
SORBI_3007G045100	1
SORBI_3007G045201	127
SORBI_3007G045300	0
SORBI_3007G045500	514
SORBI_3007G045600	178
SORBI_3007G045700	2878.324
SORBI_3007G045750	0
ENSRNA049484489	1
SORBI_3007G045800	8
ENSRNA049995922	0
ENSRNA049995912	0
ENSRNA049995908	0
ENSRNA049484496	0
ENSRNA049995902	0
SORBI_3007G045900	1
SORBI_3007G046000	18
SORBI_3007G046100	0
SORBI_3007G046200	608.264
SORBI_3007G046400	9
SORBI_3007G046500	99
SORBI_3007G046600	0
SORBI_3007G046700	0
SORBI_3007G046800	0
SORBI_3007G046900	32
SORBI_3007G046950	0
SORBI_3007G047000	0
SORBI_3007G047050	0
SORBI_3007G047100	0
SORBI_3007G047200	6
SORBI_3007G047300	4575.078
SORBI_3007G047400	7629.152
SORBI_3007G047450	0
SORBI_3007G047500	1
SORBI_3007G047600	115
SORBI_3007G047700	2565
SORBI_3007G047900	4
SORBI_3007G048000	0
SORBI_3007G048101	1
SORBI_3007G048200	0
SORBI_3007G048300	0
SORBI_3007G048400	2
SORBI_3007G048500	0
SORBI_3007G048600	22
SORBI_3007G048700	138
SORBI_3007G048800	0
SORBI_3007G048900	10
SORBI_3007G049000	0
SORBI_3007G049050	0
SORBI_3007G049100	0
SORBI_3007G049200	0
SORBI_3007G049300	2
SORBI_3007G049400	0
SORBI_3007G049500	0
SORBI_3007G049600	0
SORBI_3007G049700	8
SORBI_3007G049733	0
SORBI_3007G049766	1
SORBI_3007G049800	122.001
SORBI_3007G049900	28
SORBI_3007G050000	435.725
SORBI_3007G050100	647
SORBI_3007G050200	48
SORBI_3007G050300	111.237
SORBI_3007G050400	356.763
SORBI_3007G050500	1
SORBI_3007G050600	11374.603
SORBI_3007G050650	1
SORBI_3007G050700	10
SORBI_3007G050750	0
SORBI_3007G050800	37
SORBI_3007G050900	0
SORBI_3007G051000	671.309
SORBI_3007G051100	2
SORBI_3007G051200	1
SORBI_3007G051300	233
SORBI_3007G051400	568.539
SORBI_3007G051501	0
SORBI_3007G051600	0
SORBI_3007G051700	4736.94
SORBI_3007G051800	10504.211
SORBI_3007G051900	159
SORBI_3007G052000	1
SORBI_3007G052100	1
SORBI_3007G052201	0
SORBI_3007G052300	153
SORBI_3007G052400	235
SORBI_3007G052500	0
SORBI_3007G052600	1
SORBI_3007G052700	281
SORBI_3007G052800	145
SORBI_3007G052900	339
SORBI_3007G053000	0
SORBI_3007G053100	950.05
SORBI_3007G053300	2428.065
ENSRNA049484470	3
ENSRNA049484467	7
SORBI_3007G053400	196
SORBI_3007G053500	1945.943
SORBI_3007G053600	12
SORBI_3007G053700	410.011
SORBI_3007G053800	312
SORBI_3007G053900	0
SORBI_3007G054000	92
SORBI_3007G054100	354
SORBI_3007G054200	1
SORBI_3007G054300	0
SORBI_3007G054400	91
ENSRNA049995894	0
SORBI_3007G054500	43
SORBI_3007G054600	2
SORBI_3007G054700	0
SORBI_3007G054800	1379
SORBI_3007G054900	49
SORBI_3007G055000	19
SORBI_3007G055100	0
SORBI_3007G055300	0
SORBI_3007G055400	0
SORBI_3007G055500	40
SORBI_3007G055600	2
SORBI_3007G055700	43.001
SORBI_3007G055800	0
SORBI_3007G055900	0
ENSRNA049440533	0
SORBI_3007G056100	331
SORBI_3007G056200	362
SORBI_3007G056300	77
SORBI_3007G056400	0
SORBI_3007G056500	462
SORBI_3007G056600	347
SORBI_3007G056700	150.407
SORBI_3007G056800	0
SORBI_3007G056900	14
SORBI_3007G057000	92.085
SORBI_3007G057100	10542.882
SORBI_3007G057201	4
SORBI_3007G057300	0
SORBI_3007G057400	0
SORBI_3007G057450	1
SORBI_3007G057500	7
SORBI_3007G057600	0
SORBI_3007G057700	19
SORBI_3007G057800	0
SORBI_3007G057900	0
SORBI_3007G058001	13
SORBI_3007G058100	506.952
SORBI_3007G058200	0
SORBI_3007G058300	0
SORBI_3007G058400	0
SORBI_3007G058600	7
SORBI_3007G058700	23.117
SORBI_3007G058800	318
SORBI_3007G058900	2
SORBI_3007G059000	0
SORBI_3007G059100	5
SORBI_3007G059150	0
SORBI_3007G059200	0
SORBI_3007G059300	0
SORBI_3007G059400	0
SORBI_3007G059500	4
SORBI_3007G059600	75
SORBI_3007G059700	56.001
SORBI_3007G059800	0
SORBI_3007G059900	1797.002
SORBI_3007G060000	119
SORBI_3007G060100	1
SORBI_3007G060201	138
SORBI_3007G060300	35
SORBI_3007G060400	0
SORBI_3007G060500	0
SORBI_3007G060550	0
SORBI_3007G060600	186
ENSRNA049440557	0
SORBI_3007G060700	266
SORBI_3007G060800	0
SORBI_3007G060900	0
SORBI_3007G061000	312
SORBI_3007G061100	108
SORBI_3007G061300	9
SORBI_3007G061400	186
SORBI_3007G061500	3
SORBI_3007G061600	0
SORBI_3007G061700	796.266
SORBI_3007G061800	0
SORBI_3007G061900	27
SORBI_3007G062000	467
SORBI_3007G062100	12
SORBI_3007G062200	7
SORBI_3007G062500	747
ENSRNA049484459	0
SORBI_3007G062600	150
SORBI_3007G062700	0
SORBI_3007G062800	1977
SORBI_3007G062900	0
SORBI_3007G063000	1553.246
SORBI_3007G063100	0
SORBI_3007G063200	294.03
SORBI_3007G063300	82
SORBI_3007G063500	0
SORBI_3007G063600	0
SORBI_3007G063700	16
SORBI_3007G063800	3
SORBI_3007G063900	0
SORBI_3007G064000	0
SORBI_3007G064100	0
SORBI_3007G064250	0
SORBI_3007G064400	0
SORBI_3007G064500	1
SORBI_3007G064600	0
SORBI_3007G064700	0
SORBI_3007G064800	0
SORBI_3007G064900	2
SORBI_3007G065000	0
SORBI_3007G065100	1498.42
SORBI_3007G065300	0
SORBI_3007G065400	331
SORBI_3007G065500	682.506
SORBI_3007G065600	0
SORBI_3007G065700	18
SORBI_3007G065800	0
SORBI_3007G065900	38
SORBI_3007G066050	2
SORBI_3007G066200	0
SORBI_3007G066566	0
SORBI_3007G066932	125.791
SORBI_3007G067300	4.083
SORBI_3007G067350	35.443
SORBI_3007G067400	49.778
SORBI_3007G067600	286
SORBI_3007G067608	0
SORBI_3007G067616	152.302
SORBI_3007G067100	333.223
SORBI_3007G067108	470.373
SORBI_3007G066600	397.971
SORBI_3007G066608	0
SORBI_3007G066500	4.34
SORBI_3007G066508	9.628
SORBI_3007G066800	0
SORBI_3007G066808	9.705
SORBI_3007G066816	42.096
SORBI_3007G066824	0
SORBI_3007G066832	0
SORBI_3007G067000	0
SORBI_3007G067008	0
SORBI_3007G066900	59.348
SORBI_3007G066908	6.909
SORBI_3007G067700	1092
SORBI_3007G067800	1
SORBI_3007G067900	18
SORBI_3007G068000	125
SORBI_3007G068100	5149.657
SORBI_3007G068200	419.118
SORBI_3007G068300	1
SORBI_3007G068500	1
SORBI_3007G068700	0
SORBI_3007G068800	169
SORBI_3007G068900	516
ENSRNA049995889	0
SORBI_3007G069000	4
SORBI_3007G069101	22
SORBI_3007G069200	4666.127
SORBI_3007G069300	0
SORBI_3007G069400	340
SORBI_3007G069450	0
SORBI_3007G069500	0
SORBI_3007G069600	238
SORBI_3007G069700	3146.008
SORBI_3007G069800	2.138
SORBI_3007G069750	0
SORBI_3007G069900	0
SORBI_3007G070000	38
SORBI_3007G070100	0
SORBI_3007G070200	13
SORBI_3007G070300	55
SORBI_3007G070400	2
SORBI_3007G070500	1
SORBI_3007G070600	7
SORBI_3007G070700	0
SORBI_3007G070900	0
SORBI_3007G071000	36
SORBI_3007G071100	65
SORBI_3007G071200	215
SORBI_3007G071300	186
SORBI_3007G071400	215
SORBI_3007G071500	1170.019
SORBI_3007G071600	0
SORBI_3007G071700	126.001
SORBI_3007G071800	0
SORBI_3007G071900	1637.432
SORBI_3007G071950	251
SORBI_3007G072000	89
SORBI_3007G072100	31
SORBI_3007G072133	161
SORBI_3007G072166	0
SORBI_3007G072200	0
SORBI_3007G072300	4
SORBI_3007G072400	15
ENSRNA049995883	0
SORBI_3007G072600	42
SORBI_3007G072700	0
SORBI_3007G072800	19
SORBI_3007G072901	2
SORBI_3007G073000	31
SORBI_3007G073100	0
SORBI_3007G073300	0
ENSRNA049440581	0
SORBI_3007G073400	1387
SORBI_3007G073500	0
SORBI_3007G073600	95
SORBI_3007G073700	184
SORBI_3007G073750	0
SORBI_3007G073800	0
SORBI_3007G073900	59
SORBI_3007G074000	144.061
SORBI_3007G074100	0
SORBI_3007G074200	122
SORBI_3007G074300	0
SORBI_3007G074400	149
SORBI_3007G074500	2150.989
SORBI_3007G074600	587.04
SORBI_3007G074700	3
SORBI_3007G074800	7
SORBI_3007G075100	268
SORBI_3007G075200	250
SORBI_3007G075250	0
SORBI_3007G075301	0
SORBI_3007G075351	0
SORBI_3007G075400	570
ENSRNA049995876	0
SORBI_3007G075500	317
SORBI_3007G075600	0
SORBI_3007G075700	59
SORBI_3007G075750	0
SORBI_3007G075800	114
SORBI_3007G075900	157
SORBI_3007G076000	74
SORBI_3007G076100	0
SORBI_3007G076200	87.999
SORBI_3007G076250	0
SORBI_3007G076300	353.009
SORBI_3007G076400	125.003
SORBI_3007G076500	59
SORBI_3007G076600	0
SORBI_3007G076700	73
SORBI_3007G076800	1
SORBI_3007G076900	98
SORBI_3007G077001	595
SORBI_3007G077100	197
SORBI_3007G077200	290.995
SORBI_3007G077300	841.974
SORBI_3007G077400	363
SORBI_3007G077466	21
SORBI_3007G077532	51
SORBI_3007G077600	0
SORBI_3007G077700	159
SORBI_3007G077766	3
SORBI_3007G077832	3
SORBI_3007G077900	579
SORBI_3007G078000	479.999
SORBI_3007G078100	246.925
SORBI_3007G078200	2
SORBI_3007G078300	60.804
SORBI_3007G078400	0
SORBI_3007G078500	439.441
SORBI_3007G078600	1275
SORBI_3007G078700	0
SORBI_3007G078800	59
SORBI_3007G078900	3
SORBI_3007G079000	29
SORBI_3007G079200	37
SORBI_3007G079300	747.477
SORBI_3007G079400	1558.001
SORBI_3007G079500	0
SORBI_3007G079600	103.49
SORBI_3007G079700	207
SORBI_3007G079901	0
SORBI_3007G080100	0
SORBI_3007G080150	0
SORBI_3007G080200	0
SORBI_3007G080300	0
SORBI_3007G080500	7
SORBI_3007G080600	11
SORBI_3007G080660	0
SORBI_3007G080720	0
SORBI_3007G080780	16
SORBI_3007G080840	390
SORBI_3007G080900	65.563
SORBI_3007G081000	0
SORBI_3007G081100	0
SORBI_3007G081200	0
SORBI_3007G081300	48
SORBI_3007G081400	0
SORBI_3007G081500	240
SORBI_3007G081600	0
SORBI_3007G081701	0
SORBI_3007G081800	0
SORBI_3007G081900	29
SORBI_3007G082000	1
SORBI_3007G082100	0
SORBI_3007G082200	2
SORBI_3007G082300	0
SORBI_3007G082500	0
SORBI_3007G082700	0
SORBI_3007G082900	0
SORBI_3007G083000	0
SORBI_3007G083200	0
SORBI_3007G083100	40
SORBI_3007G083300	0
SORBI_3007G083400	0
SORBI_3007G083500	0
SORBI_3007G083700	11
SORBI_3007G083800	159
SORBI_3007G083900	0
SORBI_3007G084100	89.212
SORBI_3007G084200	108
SORBI_3007G084300	349.999
SORBI_3007G084400	0
SORBI_3007G084650	16
SORBI_3007G084600	0
SORBI_3007G084700	0
SORBI_3007G084800	0
SORBI_3007G084900	0
SORBI_3007G085001	1578.591
SORBI_3007G085100	0
SORBI_3007G085000	1777.93
SORBI_3007G085300	75
SORBI_3007G085350	13
SORBI_3007G085400	1
SORBI_3007G085500	0
SORBI_3007G085600	4
SORBI_3007G085700	10
SORBI_3007G085800	40.617
SORBI_3007G085900	0
SORBI_3007G085966	27
SORBI_3007G086032	0
SORBI_3007G086100	0
SORBI_3007G086200	0
SORBI_3007G086300	0
SORBI_3007G086400	0
SORBI_3007G086500	246
SORBI_3007G086600	341
SORBI_3007G086701	0
SORBI_3007G086800	61
SORBI_3007G086900	104
SORBI_3007G087000	1128.918
SORBI_3007G087100	296
SORBI_3007G087200	115
SORBI_3007G087300	0
SORBI_3007G087400	3
SORBI_3007G087500	0
SORBI_3007G087600	0
SORBI_3007G087700	0
SORBI_3007G087800	119
SORBI_3007G087900	42
SORBI_3007G088000	10145.401
SORBI_3007G088200	116.001
SORBI_3007G088100	46
SORBI_3007G088300	1
SORBI_3007G088400	18
SORBI_3007G088500	106
SORBI_3007G088600	1
SORBI_3007G088700	0
SORBI_3007G088800	13
SORBI_3007G088900	331
SORBI_3007G089101	0
SORBI_3007G089300	4
SORBI_3007G089400	1
SORBI_3007G089500	55
SORBI_3007G089533	0
SORBI_3007G089600	80.291
SORBI_3007G089566	0
SORBI_3007G089700	0
SORBI_3007G089800	169.1
SORBI_3007G089900	36
SORBI_3007G090001	2.262
SORBI_3007G090100	0
SORBI_3007G090200	18
SORBI_3007G090300	44.004
SORBI_3007G090400	125
SORBI_3007G090403	86
SORBI_3007G090406	0
SORBI_3007G090409	1
SORBI_3007G090412	0
SORBI_3007G090415	0
SORBI_3007G090418	0
SORBI_3007G090421	0
SORBI_3007G090424	0
SORBI_3007G090427	217
SORBI_3007G090430	254
SORBI_3007G090433	0
SORBI_3007G090436	374
SORBI_3007G090439	0
SORBI_3007G090442	4
SORBI_3007G090445	5
SORBI_3007G090448	80.607
SORBI_3007G090451	18
SORBI_3007G090454	12
SORBI_3007G090457	0
SORBI_3007G090460	7
SORBI_3007G090463	1581
SORBI_3007G090466	3
SORBI_3007G090469	55
SORBI_3007G090472	645.164
SORBI_3007G090475	1
SORBI_3007G090537	95
SORBI_3007G090600	0
SORBI_3007G090701	31
SORBI_3007G090800	0
SORBI_3007G090900	428
SORBI_3007G091000	254.005
SORBI_3007G091100	6
SORBI_3007G091200	0
SORBI_3007G091301	1
SORBI_3007G091400	20
SORBI_3007G091500	8
SORBI_3007G091600	946
SORBI_3007G091800	0
SORBI_3007G091900	86
SORBI_3007G092000	279
SORBI_3007G092100	305
SORBI_3007G092200	206
SORBI_3007G092300	0
SORBI_3007G092400	48
SORBI_3007G092450	0
SORBI_3007G092500	100
SORBI_3007G092600	509.75
SORBI_3007G092700	203
SORBI_3007G092900	48.589
SORBI_3007G093000	54.411
SORBI_3007G093100	0
SORBI_3007G093201	0
SORBI_3007G093300	0
SORBI_3007G093400	0
SORBI_3007G093500	0
SORBI_3007G093800	1249.246
SORBI_3007G093900	23
SORBI_3007G094000	0
SORBI_3007G094050	36
ENSRNA049995871	0
SORBI_3007G094100	0
SORBI_3007G094200	0
SORBI_3007G094300	4
SORBI_3007G094400	154
SORBI_3007G094500	19
SORBI_3007G094600	0
SORBI_3007G094700	18.421
SORBI_3007G094801	92
SORBI_3007G094900	21
SORBI_3007G095000	0
SORBI_3007G095100	3
SORBI_3007G095200	465.004
SORBI_3007G095300	1.698
SORBI_3007G095333	0
SORBI_3007G095366	0
SORBI_3007G095400	348
SORBI_3007G095500	87
SORBI_3007G095600	4
SORBI_3007G095700	0
SORBI_3007G095850	0
SORBI_3007G096000	354
SORBI_3007G096200	98
SORBI_3007G096401	5.698
SORBI_3007G096600	886.998
SORBI_3007G096700	372
SORBI_3007G096800	127
SORBI_3007G096833	0
SORBI_3007G096866	0
SORBI_3007G096900	0
SORBI_3007G097000	0
SORBI_3007G097100	1
SORBI_3007G097201	0
SORBI_3007G097300	1
SORBI_3007G097400	513
SORBI_3007G097550	1
SORBI_3007G097700	29.999
SORBI_3007G097800	73
SORBI_3007G097900	100
SORBI_3007G098000	0
SORBI_3007G098050	0
SORBI_3007G098100	59
SORBI_3007G098200	80
SORBI_3007G098400	45
ENSRNA049440638	0
SORBI_3007G098500	4022.44
SORBI_3007G098600	0
SORBI_3007G098800	106
SORBI_3007G098900	0
SORBI_3007G098950	6.648
SORBI_3007G099000	16
SORBI_3007G099100	30
SORBI_3007G099133	0
SORBI_3007G099166	0
SORBI_3007G099200	525.079
SORBI_3007G099300	0
SORBI_3007G099400	23
SORBI_3007G099500	2
SORBI_3007G099700	0
SORBI_3007G099800	0
SORBI_3007G099900	80.011
SORBI_3007G099966	5
SORBI_3007G100032	27
SORBI_3007G100100	74
SORBI_3007G100200	0
SORBI_3007G100275	0
SORBI_3007G100350	38.999
SORBI_3007G100425	82
SORBI_3007G100500	33
SORBI_3007G100600	0
SORBI_3007G100700	7
SORBI_3007G100800	0
SORBI_3007G100900	1
SORBI_3007G101000	0
SORBI_3007G101100	4
SORBI_3007G101150	0
SORBI_3007G101200	0
SORBI_3007G101300	160
SORBI_3007G101401	0
SORBI_3007G101500	652
SORBI_3007G101600	14.123
SORBI_3007G101800	439.452
SORBI_3007G101900	0
SORBI_3007G102000	25
SORBI_3007G102150	2
SORBI_3007G102300	9
SORBI_3007G102400	0
SORBI_3007G102500	3
SORBI_3007G102600	8
SORBI_3007G102700	223.009
SORBI_3007G102800	62
SORBI_3007G102900	0
SORBI_3007G103000	0
SORBI_3007G103100	737
SORBI_3007G103200	0
SORBI_3007G103300	0
SORBI_3007G103350	0
SORBI_3007G103400	168.057
SORBI_3007G103500	10
SORBI_3007G103600	697
SORBI_3007G103666	2
SORBI_3007G103732	0
SORBI_3007G103800	0
SORBI_3007G104000	0
SORBI_3007G104100	0
SORBI_3007G104201	0
SORBI_3007G104300	0
SORBI_3007G104450	0
SORBI_3007G104600	0
SORBI_3007G104800	415.082
SORBI_3007G104866	0
SORBI_3007G104932	0
SORBI_3007G105000	31
SORBI_3007G105100	360
SORBI_3007G105200	0
SORBI_3007G105400	379.685
SORBI_3007G105500	451
SORBI_3007G105600	3
SORBI_3007G105700	116
SORBI_3007G105800	1
SORBI_3007G105900	181
SORBI_3007G106050	19
SORBI_3007G106200	0
ENSRNA049440673	0
SORBI_3007G106300	5
SORBI_3007G106400	2202.789
SORBI_3007G106500	38
SORBI_3007G106600	0
SORBI_3007G106700	143
SORBI_3007G106800	822.796
SORBI_3007G106850	0
SORBI_3007G106900	42
SORBI_3007G107000	28
SORBI_3007G107100	26
SORBI_3007G107200	0
SORBI_3007G107400	0
SORBI_3007G107500	0
SORBI_3007G107600	9
SORBI_3007G107700	227
SORBI_3007G107800	24
SORBI_3007G107850	54
SORBI_3007G107900	14
SORBI_3007G107950	0
SORBI_3007G108000	0
SORBI_3007G108100	1778.002
SORBI_3007G108200	0
SORBI_3007G108400	244.999
SORBI_3007G108500	703.051
SORBI_3007G108600	0
SORBI_3007G108700	1
SORBI_3007G108800	5
SORBI_3007G108900	410
SORBI_3007G109000	0
SORBI_3007G109200	0
SORBI_3007G109301	3.232
SORBI_3007G109400	0
SORBI_3007G109500	0
SORBI_3007G109600	0
SORBI_3007G109700	8
SORBI_3007G109800	8
SORBI_3007G109900	30
SORBI_3007G110200	368
SORBI_3007G110300	2
SORBI_3007G110333	0
SORBI_3007G110366	0
SORBI_3007G110400	0
SORBI_3007G110500	0
SORBI_3007G110600	0
SORBI_3007G110700	90
SORBI_3007G110800	0
SORBI_3007G110900	0
SORBI_3007G111001	0
SORBI_3007G111100	615.903
SORBI_3007G111150	0
SORBI_3007G111200	45
SORBI_3007G111300	591
SORBI_3007G111400	41.256
SORBI_3007G111500	87
SORBI_3007G111600	175
SORBI_3007G111700	0
SORBI_3007G111800	0
SORBI_3007G111901	2
SORBI_3007G112000	93
SORBI_3007G112100	229
SORBI_3007G112200	450
SORBI_3007G112301	0
SORBI_3007G112400	1
SORBI_3007G112450	0
SORBI_3007G112500	0
SORBI_3007G112600	848.997
SORBI_3007G112700	38
SORBI_3007G112766	31
SORBI_3007G112832	2
SORBI_3007G112900	81
SORBI_3007G113000	0
SORBI_3007G113101	3
SORBI_3007G113200	0
SORBI_3007G113300	195
SORBI_3007G113400	47.568
SORBI_3007G113500	14.432
SORBI_3007G113533	0
SORBI_3007G113566	0
SORBI_3007G113600	94
SORBI_3007G113800	509.154
SORBI_3007G113900	310
SORBI_3007G113950	0
SORBI_3007G114000	456.001
SORBI_3007G114100	13
SORBI_3007G114200	1793
SORBI_3007G114301	0
SORBI_3007G114401	0
SORBI_3007G114500	445
SORBI_3007G114600	93
SORBI_3007G114650	1
SORBI_3007G114700	28
SORBI_3007G115000	0
SORBI_3007G115050	0
SORBI_3007G115100	72
SORBI_3007G115200	130
SORBI_3007G115300	8
SORBI_3007G115400	0
SORBI_3007G115500	1
SORBI_3007G115600	0
SORBI_3007G115700	0
SORBI_3007G115801	185
SORBI_3007G115900	135.999
SORBI_3007G116000	0
SORBI_3007G116100	130.652
SORBI_3007G116150	0
SORBI_3007G116200	489.139
SORBI_3007G116300	0
SORBI_3007G116400	536
SORBI_3007G116500	257.032
SORBI_3007G116600	165
SORBI_3007G116700	46
SORBI_3007G116733	0
SORBI_3007G116766	0
SORBI_3007G116800	3
SORBI_3007G116950	85
SORBI_3007G117100	96
SORBI_3007G117200	36
SORBI_3007G117400	625
SORBI_3007G117500	138
SORBI_3007G117700	1.349
SORBI_3007G117800	176
SORBI_3007G117900	0
SORBI_3007G118000	162
SORBI_3007G118025	0
SORBI_3007G118050	0
SORBI_3007G118075	9
SORBI_3007G118100	2
SORBI_3007G118200	665
SORBI_3007G118301	189.402
SORBI_3007G118400	162
SORBI_3007G118500	170
SORBI_3007G118600	264.144
SORBI_3007G118700	0
SORBI_3007G118800	0
SORBI_3007G119000	1
SORBI_3007G119101	18
SORBI_3007G119200	637
ENSRNA049440702	0
SORBI_3007G119300	0
SORBI_3007G119400	41
SORBI_3007G119500	45
SORBI_3007G119600	152.192
SORBI_3007G119700	14
SORBI_3007G119750	0
SORBI_3007G119800	768
SORBI_3007G119900	337
SORBI_3007G120000	61
SORBI_3007G120100	1
SORBI_3007G120200	7
SORBI_3007G120301	0
SORBI_3007G120401	12671.35
SORBI_3007G120500	594
SORBI_3007G120600	0
SORBI_3007G120650	0
SORBI_3007G120700	0
SORBI_3007G120800	885
SORBI_3007G121000	7
SORBI_3007G121200	0
SORBI_3007G121300	333
SORBI_3007G121400	0
SORBI_3007G121600	63
SORBI_3007G121650	251.988
SORBI_3007G121700	16
SORBI_3007G121800	0
SORBI_3007G121900	0
SORBI_3007G121950	0
SORBI_3007G122000	0
SORBI_3007G122200	78
SORBI_3007G122300	8
SORBI_3007G122400	0
SORBI_3007G122500	1172.999
SORBI_3007G122600	0
SORBI_3007G122700	114.3
SORBI_3007G122800	784
SORBI_3007G122866	17
SORBI_3007G122932	0
SORBI_3007G123000	0
SORBI_3007G123100	19.157
ENSRNA049441196	0
SORBI_3007G123200	0
SORBI_3007G123300	14
SORBI_3007G123350	0
SORBI_3007G123400	153
SORBI_3007G123500	470.999
SORBI_3007G123600	72
ENSRNA049440721	0
SORBI_3007G123700	3
SORBI_3007G123800	406
SORBI_3007G123850	1
SORBI_3007G123900	992.005
SORBI_3007G124000	39.075
SORBI_3007G124100	351
SORBI_3007G124200	199
SORBI_3007G124301	9
SORBI_3007G124400	17
SORBI_3007G124500	386.985
SORBI_3007G124600	0
SORBI_3007G124800	151
SORBI_3007G124700	0
SORBI_3007G124900	0
SORBI_3007G125000	299
SORBI_3007G125100	16
SORBI_3007G125200	0
SORBI_3007G125300	0
SORBI_3007G125400	43
SORBI_3007G125500	42
SORBI_3007G125600	7
SORBI_3007G125700	269
SORBI_3007G125800	0
SORBI_3007G125900	371
SORBI_3007G126000	0
SORBI_3007G126100	117
SORBI_3007G126150	0
SORBI_3007G126200	490.899
SORBI_3007G126300	19
SORBI_3007G126400	545
SORBI_3007G126500	316
SORBI_3007G126600	981.181
SORBI_3007G126800	2
SORBI_3007G126900	105
SORBI_3007G127000	3
SORBI_3007G127100	306
SORBI_3007G127200	5
SORBI_3007G127400	3
SORBI_3007G127500	0
SORBI_3007G127550	0
SORBI_3007G127600	1
SORBI_3007G127700	0
SORBI_3007G127800	0
SORBI_3007G127900	0
SORBI_3007G127950	81
SORBI_3007G128000	0
SORBI_3007G128100	77
SORBI_3007G128200	0.999
SORBI_3007G128300	2
SORBI_3007G128400	2
SORBI_3007G128500	385
SORBI_3007G128600	30
SORBI_3007G128800	0
SORBI_3007G128900	24
SORBI_3007G129000	5
SORBI_3007G129100	1
SORBI_3007G129201	15
SORBI_3007G129300	0
SORBI_3007G129401	0
SORBI_3007G129500	0
SORBI_3007G129800	0
SORBI_3007G129900	9.332
SORBI_3007G130000	0
SORBI_3007G130100	8
SORBI_3007G130200	9.526
SORBI_3007G130300	83
SORBI_3007G130400	159
SORBI_3007G130500	23
SORBI_3007G130600	514
SORBI_3007G130701	23.002
SORBI_3007G130800	980.262
SORBI_3007G130900	5
SORBI_3007G131000	0
SORBI_3007G131100	0
SORBI_3007G131200	33
SORBI_3007G131300	0
SORBI_3007G131500	0
SORBI_3007G131600	4
SORBI_3007G131700	51
SORBI_3007G131800	9
SORBI_3007G131900	218
SORBI_3007G131950	0
SORBI_3007G132000	0
SORBI_3007G132100	341.979
SORBI_3007G132200	152.245
SORBI_3007G132300	2
SORBI_3007G132400	514
SORBI_3007G132500	26
SORBI_3007G132600	8
SORBI_3007G132650	0
SORBI_3007G132700	1301
SORBI_3007G132900	139
SORBI_3007G132950	0
SORBI_3007G133000	288.556
SORBI_3007G133100	0
SORBI_3007G133250	0
SORBI_3007G133400	2
SORBI_3007G133500	0
SORBI_3007G133600	1
SORBI_3007G133700	558.681
SORBI_3007G133733	0
SORBI_3007G133766	2
SORBI_3007G133800	2
SORBI_3007G133850	0
SORBI_3007G133900	0
SORBI_3007G134000	6510.583
SORBI_3007G134100	101
SORBI_3007G134140	0
SORBI_3007G134180	0
SORBI_3007G134220	0
SORBI_3007G134260	0
SORBI_3007G134300	46.227
SORBI_3007G134400	335
SORBI_3007G134501	2
SORBI_3007G134600	1144.001
SORBI_3007G134650	0
SORBI_3007G134700	0
SORBI_3007G134800	266
SORBI_3007G134900	175
SORBI_3007G135000	71
SORBI_3007G135100	1
SORBI_3007G135201	2
SORBI_3007G135301	0
SORBI_3007G135400	0
SORBI_3007G135500	5
SORBI_3007G135700	0
SORBI_3007G135800	272
SORBI_3007G135900	12
SORBI_3007G136000	0
SORBI_3007G136100	381
SORBI_3007G136200	247
SORBI_3007G136300	0
SORBI_3007G136400	36
SORBI_3007G136500	5
SORBI_3007G136600	16
SORBI_3007G136700	241
SORBI_3007G136800	521
SORBI_3007G136900	742
SORBI_3007G137100	0
SORBI_3007G137000	87
SORBI_3007G137101	0
SORBI_3007G137201	2
SORBI_3007G137300	73
SORBI_3007G137350	184
SORBI_3007G137400	3672.018
SORBI_3007G137501	1
SORBI_3007G137600	1641
SORBI_3007G137700	10
SORBI_3007G137750	0
SORBI_3007G137800	28
SORBI_3007G137900	223
SORBI_3007G138000	25
SORBI_3007G138100	3
SORBI_3007G138200	0
SORBI_3007G138300	43
SORBI_3007G138401	0
SORBI_3007G138501	0
SORBI_3007G138600	10
SORBI_3007G138700	873.733
SORBI_3007G138800	0
SORBI_3007G138900	0
SORBI_3007G139000	16
SORBI_3007G139100	0
SORBI_3007G139200	6
SORBI_3007G139300	0
SORBI_3007G139400	51
SORBI_3007G139500	143
SORBI_3007G139600	404
SORBI_3007G139650	0
SORBI_3007G139700	728
SORBI_3007G139800	0
SORBI_3007G139850	0
SORBI_3007G139900	366
SORBI_3007G139950	0
SORBI_3007G140000	32
SORBI_3007G140050	0
SORBI_3007G140100	16
SORBI_3007G140200	488
SORBI_3007G140300	45
SORBI_3007G140400	57
SORBI_3007G140500	268
SORBI_3007G140600	447
SORBI_3007G140700	1644
SORBI_3007G140800	422
SORBI_3007G140900	5056.84
SORBI_3007G141001	2
ENSRNA049995859	0
SORBI_3007G141100	78
SORBI_3007G141200	423.939
SORBI_3007G141300	0
SORBI_3007G141340	0
SORBI_3007G141380	0
SORBI_3007G141420	0
SORBI_3007G141460	0
SORBI_3007G141500	2
SORBI_3007G141600	4
SORBI_3007G141650	0
SORBI_3007G141700	67
SORBI_3007G141801	1
SORBI_3007G141900	8
SORBI_3007G142000	0
SORBI_3007G142050	224.448
SORBI_3007G142100	3
SORBI_3007G142200	223
SORBI_3007G142300	2
SORBI_3007G142400	8
SORBI_3007G142500	139
SORBI_3007G142600	15
SORBI_3007G142700	8
SORBI_3007G142801	0
SORBI_3007G142900	2
SORBI_3007G143000	190
SORBI_3007G143100	5
SORBI_3007G143200	1
SORBI_3007G143250	5
SORBI_3007G143300	251
SORBI_3007G143400	254
SORBI_3007G143500	515.722
SORBI_3007G143600	0
SORBI_3007G143700	54
SORBI_3007G143800	62
SORBI_3007G143900	1
SORBI_3007G144000	1
SORBI_3007G144100	7
SORBI_3007G144200	50.811
SORBI_3007G144300	36
ENSRNA049475647	0
SORBI_3007G144400	0
SORBI_3007G144501	10
SORBI_3007G144600	323.369
SORBI_3007G144700	9.631
SORBI_3007G144900	7
SORBI_3007G145000	234
SORBI_3007G145100	378
SORBI_3007G145200	727
SORBI_3007G145300	0
SORBI_3007G145400	141.626
SORBI_3007G145500	0
SORBI_3007G145600	164
SORBI_3007G145700	313
SORBI_3007G145801	1
SORBI_3007G145901	2
SORBI_3007G146001	0
SORBI_3007G146100	653.668
SORBI_3007G146200	0
SORBI_3007G146300	0
SORBI_3007G146350	7.385
SORBI_3007G146400	2052.172
SORBI_3007G146500	0
SORBI_3007G146600	495
SORBI_3007G146700	148
SORBI_3007G146800	0
SORBI_3007G146900	469.01
SORBI_3007G147000	0
SORBI_3007G147101	1
SORBI_3007G147200	2
SORBI_3007G147300	0
SORBI_3007G147400	86
SORBI_3007G147600	8
SORBI_3007G147700	84.996
SORBI_3007G147800	1.004
SORBI_3007G147901	17
SORBI_3007G148000	6
SORBI_3007G148100	35
SORBI_3007G148200	300
ENSRNA049440906	0
SORBI_3007G148233	0
SORBI_3007G148266	1
SORBI_3007G148300	234
SORBI_3007G148400	152
SORBI_3007G148500	0
SORBI_3007G148600	8
SORBI_3007G148700	181
SORBI_3007G148800	341.042
SORBI_3007G148900	0
SORBI_3007G149000	0
SORBI_3007G149200	15
SORBI_3007G149300	10
SORBI_3007G149400	21
SORBI_3007G149500	46
SORBI_3007G149550	143.585
SORBI_3007G149600	7
SORBI_3007G149700	9.11
SORBI_3007G149750	0
SORBI_3007G149800	56.931
SORBI_3007G149900	242.069
SORBI_3007G149950	1
SORBI_3007G150000	494
SORBI_3007G150100	379
SORBI_3007G150200	141
SORBI_3007G150500	0
SORBI_3007G150700	78
SORBI_3007G150800	84
SORBI_3007G150900	0
SORBI_3007G151100	1106.908
SORBI_3007G151200	0
SORBI_3007G151250	0
SORBI_3007G151300	39
SORBI_3007G151400	54
SORBI_3007G151500	14
SORBI_3007G151600	1
SORBI_3007G151650	0
SORBI_3007G151700	0
SORBI_3007G151800	0
SORBI_3007G151900	36
SORBI_3007G152000	81
SORBI_3007G152101	250
SORBI_3007G152200	0
SORBI_3007G152300	0
SORBI_3007G152400	739
SORBI_3007G152500	1
SORBI_3007G152600	31
SORBI_3007G152701	0
SORBI_3007G152800	3537.218
SORBI_3007G152900	4
SORBI_3007G153001	42
SORBI_3007G153100	0
SORBI_3007G153200	0
SORBI_3007G153300	0
SORBI_3007G153400	4
SORBI_3007G153500	389
SORBI_3007G153600	7.01
SORBI_3007G153700	59
SORBI_3007G153800	1
SORBI_3007G153900	2559.931
SORBI_3007G154001	0
SORBI_3007G154100	0
SORBI_3007G154200	3
SORBI_3007G154300	14
SORBI_3007G154350	29
SORBI_3007G154400	3.945
SORBI_3007G154500	2
SORBI_3007G154600	2
SORBI_3007G154701	83
SORBI_3007G154800	76
SORBI_3007G154901	0
SORBI_3007G155000	747
SORBI_3007G155050	0
SORBI_3007G155100	13.585
SORBI_3007G155200	9.415
SORBI_3007G155300	1
ENSRNA049475729	0
SORBI_3007G155400	80
SORBI_3007G155500	48
SORBI_3007G155600	81
SORBI_3007G155700	174.788
SORBI_3007G155900	65
SORBI_3007G155950	0
SORBI_3007G156000	0
SORBI_3007G156101	1
SORBI_3007G156200	168
SORBI_3007G156300	9
SORBI_3007G156400	0
SORBI_3007G156500	0
SORBI_3007G156600	19
SORBI_3007G156700	496
SORBI_3007G156800	0
SORBI_3007G156900	0
SORBI_3007G157000	699.212
SORBI_3007G157100	0
SORBI_3007G157200	0
SORBI_3007G157300	94
SORBI_3007G157400	5
SORBI_3007G157500	18
SORBI_3007G157550	1
SORBI_3007G157600	0
SORBI_3007G157700	25
SORBI_3007G157800	0
SORBI_3007G157900	218.028
SORBI_3007G158000	0
SORBI_3007G158100	337
SORBI_3007G158200	7
SORBI_3007G158300	282
SORBI_3007G158400	0
SORBI_3007G158500	97
SORBI_3007G158600	631
SORBI_3007G158700	5
SORBI_3007G158800	186
SORBI_3007G158900	84
SORBI_3007G159000	88.453
SORBI_3007G159100	0
SORBI_3007G159200	484.461
SORBI_3007G159300	0
SORBI_3007G159450	11
SORBI_3007G159600	11
SORBI_3007G159650	1
SORBI_3007G159500	39
SORBI_3007G159700	1719.002
SORBI_3007G159800	0
SORBI_3007G159900	1457
SORBI_3007G160050	25.001
SORBI_3007G160200	8395.856
SORBI_3007G160300	0
SORBI_3007G160400	0
SORBI_3007G160501	0
SORBI_3007G160600	122
SORBI_3007G160700	275
SORBI_3007G160900	0
SORBI_3007G161000	2523.985
SORBI_3007G161100	0
SORBI_3007G161200	1511.999
SORBI_3007G161300	373.744
SORBI_3007G161400	146
SORBI_3007G161450	0
SORBI_3007G161500	49
SORBI_3007G161600	88
SORBI_3007G161700	223
SORBI_3007G161800	186
SORBI_3007G162000	0
SORBI_3007G162100	323
SORBI_3007G162200	1
SORBI_3007G162250	6
SORBI_3007G162300	79
SORBI_3007G162400	0
SORBI_3007G162500	221
SORBI_3007G162600	202
SORBI_3007G162700	0
SORBI_3007G162800	331
SORBI_3007G162901	0
SORBI_3007G163001	40
SORBI_3007G163100	2159.999
SORBI_3007G163200	0
SORBI_3007G163300	0
SORBI_3007G163400	0
SORBI_3007G163433	0
SORBI_3007G163466	0
SORBI_3007G163500	8
SORBI_3007G163600	55
SORBI_3007G163700	513
SORBI_3007G163800	66
SORBI_3007G163901	42
SORBI_3007G164000	599
SORBI_3007G164050	3
SORBI_3007G164101	5
SORBI_3007G164151	0
SORBI_3007G164200	296.01
SORBI_3007G164300	97
SORBI_3007G164400	2
SORBI_3007G164500	91
SORBI_3007G164600	0
SORBI_3007G164750	47
SORBI_3007G164900	0
SORBI_3007G165000	44
SORBI_3007G165100	0
SORBI_3007G165200	0
SORBI_3007G165300	141
SORBI_3007G165400	3
SORBI_3007G165500	210
SORBI_3007G165600	3516.621
SORBI_3007G165701	71
SORBI_3007G165800	0
SORBI_3007G165900	177.58
SORBI_3007G166000	1
SORBI_3007G166100	543.076
SORBI_3007G166200	221.421
SORBI_3007G166300	913.579
SORBI_3007G166400	135.226
SORBI_3007G166500	0
SORBI_3007G166600	571
SORBI_3007G166701	1
SORBI_3007G166800	134
SORBI_3007G166900	218
SORBI_3007G167000	0
SORBI_3007G167100	57
SORBI_3007G167200	223
SORBI_3007G167300	1
SORBI_3007G167400	12
SORBI_3007G167500	296
SORBI_3007G167600	0
SORBI_3007G167700	40
SORBI_3007G167800	427
SORBI_3007G167900	263
SORBI_3007G167950	0
SORBI_3007G168000	0
SORBI_3007G168100	70
SORBI_3007G168200	591
SORBI_3007G168300	914
SORBI_3007G168400	132
SORBI_3007G168500	374
SORBI_3007G168600	420
ENSRNA049440959	0
SORBI_3007G168700	5.179
SORBI_3007G168800	0
SORBI_3007G168900	7
SORBI_3007G169000	3
SORBI_3007G169100	597
SORBI_3007G169200	1902
SORBI_3007G169300	105
SORBI_3007G169500	1292.608
SORBI_3007G169533	6234.068
SORBI_3007G169566	0
SORBI_3007G169600	684.336
SORBI_3007G169700	585.107
SORBI_3007G169900	21
SORBI_3007G170000	0
SORBI_3007G170100	2
SORBI_3007G170200	1
SORBI_3007G170300	7
SORBI_3007G170400	0
SORBI_3007G170500	0
SORBI_3007G170700	2
SORBI_3007G170800	0
SORBI_3007G170900	631.119
SORBI_3007G171000	1679.074
SORBI_3007G171100	404
SORBI_3007G171200	413
SORBI_3007G171300	1
SORBI_3007G171400	627
SORBI_3007G171500	1090.17
SORBI_3007G171600	2
SORBI_3007G171700	0
SORBI_3007G171800	324.911
SORBI_3007G171950	263
SORBI_3007G172100	0
SORBI_3007G172200	419
SORBI_3007G172300	360
SORBI_3007G172400	464
SORBI_3007G172500	282
SORBI_3007G172600	14
ENSRNA049441138	0
SORBI_3007G172700	306
SORBI_3007G172800	0
SORBI_3007G172900	0
SORBI_3007G173000	680
SORBI_3007G173100	5.475
SORBI_3007G173150	0
SORBI_3007G173200	254.254
SORBI_3007G173300	69
SORBI_3007G173400	0
SORBI_3007G173500	141.623
SORBI_3007G173700	362
SORBI_3007G173800	94
SORBI_3007G173901	0
SORBI_3007G174000	0
SORBI_3007G174100	0
SORBI_3007G174200	0
SORBI_3007G174300	30.517
SORBI_3007G174500	0
SORBI_3007G174600	174.239
SORBI_3007G174701	0
SORBI_3007G174800	3
SORBI_3007G174900	37.483
SORBI_3007G175000	0
SORBI_3007G175100	0
SORBI_3007G175200	34
SORBI_3007G175300	0
SORBI_3007G175400	0
SORBI_3007G175500	0
SORBI_3007G175600	0
SORBI_3007G175701	0
ENSRNA049481741	0
SORBI_3007G175800	3
SORBI_3007G175900	284
SORBI_3007G176000	68.147
SORBI_3007G176100	6.853
SORBI_3007G176200	783
SORBI_3007G176300	0
SORBI_3007G176400	0
ENSRNA049440979	0
SORBI_3007G176500	6
SORBI_3007G176600	3
SORBI_3007G176700	0
SORBI_3007G176800	697.304
ENSRNA049440998	0
SORBI_3007G176900	30
SORBI_3007G177000	992
SORBI_3007G177100	215
SORBI_3007G177150	0
SORBI_3007G177200	236
SORBI_3007G177300	511
SORBI_3007G177400	0
SORBI_3007G177500	136
SORBI_3007G177600	6
SORBI_3007G177700	3
SORBI_3007G177801	7
SORBI_3007G177901	1
SORBI_3007G178000	27
SORBI_3007G178100	119.249
SORBI_3007G178200	1857.94
SORBI_3007G178300	71
SORBI_3007G178401	6
SORBI_3007G178500	547
SORBI_3007G178600	2101.013
SORBI_3007G178700	919.263
SORBI_3007G178900	30.758
ENSRNA049995851	0
SORBI_3007G179000	0
SORBI_3007G179100	0
SORBI_3007G179200	116.334
SORBI_3007G179266	0
SORBI_3007G179332	605.938
SORBI_3007G179400	6
SORBI_3007G179500	8
SORBI_3007G179600	20
SORBI_3007G179700	0
SORBI_3007G179750	210
SORBI_3007G179800	425.87
SORBI_3007G179900	169
SORBI_3007G180000	574
SORBI_3007G180050	0
SORBI_3007G180100	444.328
SORBI_3007G180200	0
SORBI_3007G180300	16
SORBI_3007G180450	236
SORBI_3007G180600	789.987
SORBI_3007G180700	0
SORBI_3007G180800	0
SORBI_3007G180900	2129.63
SORBI_3007G181000	0
SORBI_3007G181100	1.008
SORBI_3007G181300	38
SORBI_3007G181400	57
SORBI_3007G181500	29
SORBI_3007G181600	143
SORBI_3007G181701	16.617
SORBI_3007G181801	0
SORBI_3007G181900	197
SORBI_3007G182000	105
SORBI_3007G182101	229
SORBI_3007G182200	9
SORBI_3007G182300	19
SORBI_3007G182400	0
SORBI_3007G182500	128
SORBI_3007G182600	17
SORBI_3007G182700	0
SORBI_3007G182801	0
SORBI_3007G182900	0
SORBI_3007G183000	0
SORBI_3007G183050	0
SORBI_3007G183100	0
SORBI_3007G183200	2.001
SORBI_3007G183300	1202
SORBI_3007G183400	559
SORBI_3007G183500	6
SORBI_3007G183600	6
SORBI_3007G183700	321
SORBI_3007G183800	287.991
SORBI_3007G183900	957.03
SORBI_3007G184001	8.999
SORBI_3007G184100	0
SORBI_3007G184200	486
SORBI_3007G184300	72
SORBI_3007G184400	324
SORBI_3007G184500	1164.517
SORBI_3007G184600	738
SORBI_3007G184700	279.063
SORBI_3007G184800	1
SORBI_3007G185000	2
SORBI_3007G185100	15
SORBI_3007G185200	170
SORBI_3007G185300	235.871
ENSRNA049441130	0
SORBI_3007G185400	0
SORBI_3007G185600	109.997
SORBI_3007G185700	99
SORBI_3007G185801	0
SORBI_3007G185900	2249.985
SORBI_3007G186000	708
SORBI_3007G186100	1213.068
SORBI_3007G186200	515.997
SORBI_3007G186300	2491.866
SORBI_3007G186400	19
SORBI_3007G186500	7
SORBI_3007G186600	20
SORBI_3007G186700	0
SORBI_3007G186800	2030.804
SORBI_3007G186900	256.238
SORBI_3007G187000	0
SORBI_3007G187100	0
SORBI_3007G187200	277
SORBI_3007G187300	0
SORBI_3007G187400	35
SORBI_3007G187500	0
SORBI_3007G187600	82
SORBI_3007G187700	14
SORBI_3007G187800	438
ENSRNA049441121	0
SORBI_3007G187900	319.051
SORBI_3007G188001	6
SORBI_3007G188100	2322.016
SORBI_3007G188200	99
SORBI_3007G188300	86
SORBI_3007G188400	0
SORBI_3007G188500	2
SORBI_3007G188600	793.259
SORBI_3007G188701	2
SORBI_3007G188800	66
SORBI_3007G188900	66
SORBI_3007G189000	483
SORBI_3007G189100	397
SORBI_3007G189200	170
SORBI_3007G189300	0
SORBI_3007G189400	0
SORBI_3007G189500	743.041
SORBI_3007G189600	4
ENSRNA049481746	0
ENSRNA049481758	0
ENSRNA049995843	0
ENSRNA049995830	0
SORBI_3007G189700	0
ENSRNA049995837	0
ENSRNA049481768	0
SORBI_3007G189800	320
SORBI_3007G189900	0
SORBI_3007G190000	657.999
SORBI_3007G190100	1380.256
SORBI_3007G190200	142.136
SORBI_3007G190333	269
SORBI_3007G190466	0
SORBI_3007G190600	0
SORBI_3007G190700	14
SORBI_3007G190800	318
SORBI_3007G191100	1012.093
SORBI_3007G190901	0
SORBI_3007G191000	0
SORBI_3007G191150	0
SORBI_3007G191200	3
SORBI_3007G191300	2
SORBI_3007G191400	0
SORBI_3007G191500	0
SORBI_3007G191600	110
SORBI_3007G191700	227
SORBI_3007G191800	242
SORBI_3007G191900	11
SORBI_3007G192000	0
SORBI_3007G192100	573
SORBI_3007G192200	8
SORBI_3007G192300	780
SORBI_3007G192400	48
SORBI_3007G192500	23
SORBI_3007G192600	187.084
SORBI_3007G192700	1830.42
SORBI_3007G192800	1243
SORBI_3007G192900	48
SORBI_3007G193000	0
SORBI_3007G193200	519
SORBI_3007G193300	0
SORBI_3007G193400	0
SORBI_3007G193500	11
SORBI_3007G193600	0
SORBI_3007G193700	155
SORBI_3007G193800	288
SORBI_3007G193900	241
SORBI_3007G194000	9
SORBI_3007G194100	2.864
SORBI_3007G194200	23
SORBI_3007G194300	1000.099
SORBI_3007G194400	80
SORBI_3007G194500	6
SORBI_3007G194600	0
SORBI_3007G194700	426.932
SORBI_3007G194800	9.997
SORBI_3007G194900	6
SORBI_3007G195000	0
SORBI_3007G195100	44
SORBI_3007G195201	0
SORBI_3007G195300	10
SORBI_3007G195400	242.022
SORBI_3007G195500	0
SORBI_3007G195600	26
SORBI_3007G195701	181
SORBI_3007G195800	1572
SORBI_3007G195900	0
SORBI_3007G196000	16
SORBI_3007G196100	0
SORBI_3007G196201	121
SORBI_3007G196300	1
SORBI_3007G196400	1100
SORBI_3007G196500	318
SORBI_3007G196600	2095
SORBI_3007G196700	1
SORBI_3007G196800	61.981
SORBI_3007G196900	368
SORBI_3007G197000	0
SORBI_3007G197100	484
SORBI_3007G197200	1183.657
SORBI_3007G197300	76.325
SORBI_3007G197400	51
SORBI_3007G197450	11
SORBI_3007G197500	0
SORBI_3007G197600	574
SORBI_3007G197700	126
SORBI_3007G197800	2273.038
SORBI_3007G197900	3
SORBI_3007G198000	89
SORBI_3007G198100	2247.055
SORBI_3007G198200	0
SORBI_3007G198300	503.001
SORBI_3007G198400	0
SORBI_3007G198500	9
SORBI_3007G198600	2.001
SORBI_3007G198700	5.999
SORBI_3007G198800	7
SORBI_3007G198900	0
SORBI_3007G199000	0
SORBI_3007G199101	0
SORBI_3007G199200	5
SORBI_3007G199300	0
SORBI_3007G199500	0
SORBI_3007G199550	0
SORBI_3007G199600	0
SORBI_3007G199700	0
SORBI_3007G199800	0
SORBI_3007G199901	0
SORBI_3007G200000	2
SORBI_3007G200100	86
SORBI_3007G200200	348.569
SORBI_3007G200300	9.431
SORBI_3007G200400	0
SORBI_3007G200500	615
SORBI_3007G200600	666.924
SORBI_3007G200700	8
SORBI_3007G200900	264
SORBI_3007G201000	201
SORBI_3007G201100	891.976
SORBI_3007G201200	1
SORBI_3007G201300	0
SORBI_3007G201400	102
SORBI_3007G201450	0
SORBI_3007G201500	845.191
SORBI_3007G201600	2
SORBI_3007G201650	18
SORBI_3007G201700	52
SORBI_3007G201800	2245.704
SORBI_3007G201900	2
SORBI_3007G202000	68
SORBI_3007G202100	0
SORBI_3007G202300	5
SORBI_3007G202360	0
SORBI_3007G202420	0
SORBI_3007G202480	0
SORBI_3007G202600	1125.071
SORBI_3007G202540	0
SORBI_3007G202700	18
SORBI_3007G202800	129
SORBI_3007G202900	466.518
SORBI_3007G203000	72
SORBI_3007G203100	1
SORBI_3007G203200	1385.008
SORBI_3007G203300	392
SORBI_3007G203400	36
SORBI_3007G203500	1613.822
SORBI_3007G203600	1.779
SORBI_3007G203700	222.999
SORBI_3007G203800	0
SORBI_3007G203850	0
SORBI_3007G203900	15
SORBI_3007G204000	40
SORBI_3007G204100	1
SORBI_3007G204200	0
SORBI_3007G204300	0
SORBI_3007G204350	0
SORBI_3007G204400	9
SORBI_3007G204500	39.001
SORBI_3007G204600	205
SORBI_3007G204700	6
SORBI_3007G204800	0
SORBI_3007G204900	0
SORBI_3007G205000	418
SORBI_3007G205100	0
ENSRNA049441053	0
SORBI_3007G205200	0
SORBI_3007G205300	0
SORBI_3007G205400	0
SORBI_3007G205500	24
ENSRNA049441065	0
SORBI_3007G205600	269
SORBI_3007G205700	239
SORBI_3007G205800	1263.822
SORBI_3007G205900	242
SORBI_3007G206000	15
SORBI_3007G206100	31
SORBI_3007G206200	37
SORBI_3007G206250	0
SORBI_3007G206300	40
SORBI_3007G206400	0
SORBI_3007G206500	13
SORBI_3007G206600	1
SORBI_3007G206550	0
SORBI_3007G206700	1
SORBI_3007G206800	4
SORBI_3007G206900	3
SORBI_3007G207000	6310.617
SORBI_3007G207100	0
SORBI_3007G207200	640.029
SORBI_3007G207300	4
SORBI_3007G207400	382
SORBI_3007G207500	161
SORBI_3007G207600	1076
SORBI_3007G207700	8
SORBI_3007G207800	99
SORBI_3007G207900	634
SORBI_3007G208000	219.017
SORBI_3007G208100	0
SORBI_3007G208200	8
SORBI_3007G208300	384
SORBI_3007G208400	12
SORBI_3007G208500	12
SORBI_3007G208600	81
SORBI_3007G208700	0
SORBI_3007G208800	0
SORBI_3007G208900	29
SORBI_3007G209000	0
SORBI_3007G209100	50
SORBI_3007G209200	0
SORBI_3007G209300	0.999
SORBI_3007G209400	6
SORBI_3007G209500	74
ENSRNA049441098	0
SORBI_3007G209600	238.477
SORBI_3007G209700	0
SORBI_3007G209800	51
SORBI_3007G209900	0
SORBI_3007G210000	49
SORBI_3007G210100	2
SORBI_3007G210200	5
SORBI_3007G210300	30
SORBI_3007G210400	2
SORBI_3007G210500	1283.023
SORBI_3007G210600	73.952
SORBI_3007G210700	82.658
SORBI_3007G210801	45.001
SORBI_3007G210900	41
SORBI_3007G211000	879.001
SORBI_3007G211100	10
SORBI_3007G211200	1
SORBI_3007G211300	53
SORBI_3007G211400	0
SORBI_3007G211500	112
SORBI_3007G211600	604.12
SORBI_3007G211700	2313.688
SORBI_3007G211800	23
SORBI_3007G211900	0
SORBI_3007G212000	0
SORBI_3007G212100	2
SORBI_3007G212200	11697.017
SORBI_3007G212250	0
SORBI_3007G212300	872
SORBI_3007G212400	8
SORBI_3007G212500	61
SORBI_3007G212600	2186.326
SORBI_3007G212700	4
SORBI_3007G212800	104
SORBI_3007G212900	0
SORBI_3007G213000	341
SORBI_3007G213100	1552
SORBI_3007G213200	0
SORBI_3007G213300	452.179
SORBI_3007G213400	41
SORBI_3007G213500	1
SORBI_3007G213600	223
SORBI_3007G213700	130
SORBI_3007G213800	57.081
SORBI_3007G213925	4
SORBI_3007G214050	0
SORBI_3007G214175	0
SORBI_3007G214300	3
SORBI_3007G214400	153.933
SORBI_3007G214500	4
SORBI_3007G214600	42.985
SORBI_3007G214700	6
SORBI_3007G214800	3
SORBI_3007G214900	0
SORBI_3007G215100	11
SORBI_3007G215200	13
SORBI_3007G215300	2
SORBI_3007G215400	1.013
SORBI_3007G215500	2
SORBI_3007G215600	43
SORBI_3007G215700	11
SORBI_3007G215800	0
SORBI_3007G215900	5
SORBI_3007G216001	2
SORBI_3007G216100	345.645
SORBI_3007G216201	0
SORBI_3007G216300	3387.405
SORBI_3007G216401	2
SORBI_3007G216500	1810.213
SORBI_3007G216550	0
SORBI_3007G216600	115
SORBI_3007G216700	53
SORBI_3007G216800	44
SORBI_3007G216900	417
SORBI_3007G217000	1116
SORBI_3007G217100	659
SORBI_3007G217200	0
SORBI_3007G217300	62
SORBI_3007G217350	1
SORBI_3007G217400	164
SORBI_3007G217500	46
SORBI_3007G217600	31
SORBI_3007G217700	87.001
SORBI_3007G217800	0
SORBI_3007G217900	0
SORBI_3007G218000	373
SORBI_3007G218100	10
SORBI_3007G218200	396
SORBI_3007G218300	12
SORBI_3007G218400	0
ENSRNA049481743	0
SORBI_3007G218450	0
SORBI_3007G218500	0
SORBI_3007G218550	0
SORBI_3007G218600	154
SORBI_3007G218700	10
SORBI_3007G218800	135.005
SORBI_3007G218900	48
SORBI_3007G219000	200
SORBI_3007G219100	10
SORBI_3007G219200	545.564
SORBI_3007G219300	0
SORBI_3007G219400	0
SORBI_3007G219500	16
SORBI_3007G219601	0
SORBI_3007G219700	0
SORBI_3007G219800	63
SORBI_3007G219900	35
ENSRNA049481744	0
ENSRNA049441085	0
SORBI_3007G220000	144
SORBI_3007G220033	0
SORBI_3007G220066	0
SORBI_3007G220100	17
ENSRNA049995823	0
SORBI_3007G220150	0
SORBI_3007G220200	33.971
SORBI_3007G220300	243
SORBI_3007G220400	0
SORBI_3007G220500	0
SORBI_3007G220700	99
SORBI_3007G220900	145
SORBI_3007G221000	74
SORBI_3007G221100	863.974
SORBI_3007G221201	12
SORBI_3007G221300	0
SORBI_3007G221400	14
SORBI_3007G221500	0
SORBI_3007G221600	130
SORBI_3007G221700	3
SORBI_3007G221800	16
SORBI_3007G221866	0
SORBI_3007G221932	0
SORBI_3007G222000	0
SORBI_3007G222100	0
SORBI_3007G222200	0
SORBI_3007G222400	0
SORBI_3007G222500	0
SORBI_3007G222600	3
SORBI_3007G222700	0
SORBI_3007G222800	299
SORBI_3007G222900	102.969
SORBI_3007G223000	96.18
SORBI_3007G223100	244
SORBI_3007G223150	9.57
SORBI_3007G223200	386
SORBI_3007G223250	0
SORBI_3007G223300	218
SORBI_3007G223400	0
SORBI_3007G223500	63
SORBI_3007G223600	22
SORBI_3007G223701	0
SORBI_3007G223801	0
SORBI_3007G223900	4
SORBI_3007G224000	29
SORBI_3007G224100	2815
SORBI_3007G224200	55
SORBI_3007G224300	29
SORBI_3007G224400	1
SORBI_3007G224500	66
SORBI_3007G224600	0
SORBI_3007G224700	0
SORBI_3007G224800	0
SORBI_3007G224900	862
SORBI_3007G225000	320
SORBI_3007G225050	0
SORBI_3007G225100	322.631
SORBI_3007G225200	218
SORBI_3007G225300	324.303
SORBI_3007G225400	0
SORBI_3007G225500	30
SORBI_3007G225600	8
SORBI_3007G225700	639.37
SORBI_3007G225800	242
SORBI_3007G225900	48
SORBI_3007G226000	4
SORBI_3007G226100	425.299
SORBI_3007G226200	6.44
SORBI_3007G226300	1842
SORBI_3007G226400	17
SORBI_3007G226500	7
SORBI_3007G226600	241
SORBI_3007G226700	52.743
SORBI_3007G226800	296.257
SORBI_3007G226900	0
SORBI_3007G227000	358
SORBI_3007G227100	986.998
SORBI_3007G227300	227
SORBI_3007G227401	0
SORBI_3007G227500	139
SORBI_3007G227600	120
SORBI_3007G227700	1049
SORBI_3008G000100	45.327
SORBI_3008G000201	4
SORBI_3008G000300	117
SORBI_3008G000400	432.879
SORBI_3008G000500	18
SORBI_3008G000600	33.001
SORBI_3008G000700	7
SORBI_3008G000800	60.88
SORBI_3008G000900	37
SORBI_3008G001000	1994
SORBI_3008G001100	230.435
SORBI_3008G001200	932.196
SORBI_3008G001300	626.826
SORBI_3008G001400	93
SORBI_3008G001500	94.402
SORBI_3008G001600	0
SORBI_3008G001700	0
SORBI_3008G001800	104
SORBI_3008G001900	248.87
SORBI_3008G002000	199
SORBI_3008G002100	0
SORBI_3008G002201	0
SORBI_3008G002300	188.294
SORBI_3008G002400	286.411
SORBI_3008G002500	752.001
SORBI_3008G002600	0
SORBI_3008G002700	34
SORBI_3008G002800	0
SORBI_3008G002950	0
SORBI_3008G003100	1
SORBI_3008G003200	3
SORBI_3008G003300	123.007
SORBI_3008G003400	8
SORBI_3008G003600	413
SORBI_3008G003700	3151.983
SORBI_3008G003800	121
SORBI_3008G003900	94.999
SORBI_3008G004000	289.968
ENSRNA049437330	0
SORBI_3008G004100	33
SORBI_3008G004200	0
SORBI_3008G004300	157.356
SORBI_3008G004400	632.645
SORBI_3008G004500	0
ENSRNA049437353	0
SORBI_3008G004600	1161.041
SORBI_3008G004700	27
SORBI_3008G004800	298
SORBI_3008G004900	2
SORBI_3008G005000	5
SORBI_3008G005100	29
SORBI_3008G005200	0
SORBI_3008G005300	56
SORBI_3008G005400	2
SORBI_3008G005700	0
SORBI_3008G005600	0
SORBI_3008G005800	13
SORBI_3008G005900	0
SORBI_3008G006000	108
SORBI_3008G006100	78.058
SORBI_3008G006200	204
SORBI_3008G006300	8
SORBI_3008G006350	0
SORBI_3008G006400	0
SORBI_3008G006500	0
SORBI_3008G006601	0
SORBI_3008G006700	104
SORBI_3008G006800	0
SORBI_3008G006900	0
SORBI_3008G007000	15
SORBI_3008G007100	18
SORBI_3008G007200	123
SORBI_3008G007300	32
SORBI_3008G007400	126
SORBI_3008G007500	0
SORBI_3008G007600	1
SORBI_3008G007700	3
SORBI_3008G007800	3
SORBI_3008G007900	0
SORBI_3008G008000	0
SORBI_3008G008100	0
SORBI_3008G008200	0
SORBI_3008G008300	13
SORBI_3008G008400	58.004
SORBI_3008G008500	0
SORBI_3008G008601	0
SORBI_3008G008701	0
SORBI_3008G008801	3
SORBI_3008G008900	85
SORBI_3008G009000	22
SORBI_3008G009100	0
SORBI_3008G009200	1
SORBI_3008G009300	12.382
SORBI_3008G009400	0
SORBI_3008G009450	1
SORBI_3008G009500	3.618
SORBI_3008G009600	214
SORBI_3008G009700	780.162
SORBI_3008G009800	1
SORBI_3008G009900	477
SORBI_3008G010000	58
SORBI_3008G010100	95.856
ENSRNA049438123	0
SORBI_3008G010200	5
SORBI_3008G010300	8
SORBI_3008G010400	80
SORBI_3008G010500	57
ENSRNA049438114	0
SORBI_3008G010600	9
SORBI_3008G010700	26
SORBI_3008G010750	7
ENSRNA049437392	0
SORBI_3008G010800	257
SORBI_3008G010900	82.786
SORBI_3008G011000	368.015
SORBI_3008G011100	376.386
SORBI_3008G011200	0
SORBI_3008G011300	68
SORBI_3008G011400	0
SORBI_3008G011500	0
SORBI_3008G011550	0
SORBI_3008G011600	812.025
SORBI_3008G011700	15
SORBI_3008G011800	5
SORBI_3008G011901	0
SORBI_3008G012000	0
SORBI_3008G012100	14
SORBI_3008G012150	22
SORBI_3008G012200	0
SORBI_3008G012300	15
SORBI_3008G012400	523
SORBI_3008G012500	0
SORBI_3008G012600	0
SORBI_3008G012700	16
SORBI_3008G012800	0
SORBI_3008G012900	4
SORBI_3008G013000	12
SORBI_3008G013100	2
SORBI_3008G013200	51
SORBI_3008G013300	72.409
SORBI_3008G013400	0
SORBI_3008G013500	0
SORBI_3008G013600	128
ENSRNA049482484	0
SORBI_3008G013700	0
ENSRNA049482483	0
SORBI_3008G013800	166
SORBI_3008G013900	0
SORBI_3008G014000	0
SORBI_3008G014100	919
SORBI_3008G014200	0
SORBI_3008G014300	20
SORBI_3008G014400	13
SORBI_3008G014500	327.001
SORBI_3008G014601	0
SORBI_3008G014700	1.001
SORBI_3008G014801	211
SORBI_3008G014900	0
SORBI_3008G015000	0
SORBI_3008G015100	30
SORBI_3008G015200	870.024
SORBI_3008G015300	67
SORBI_3008G015400	1
SORBI_3008G015500	314
SORBI_3008G015600	0
SORBI_3008G015700	0
SORBI_3008G015800	639.956
SORBI_3008G015900	20.023
SORBI_3008G016000	0
SORBI_3008G016100	589
SORBI_3008G016200	232.246
SORBI_3008G016250	2.906
ENSRNA049995817	0
SORBI_3008G016300	39
SORBI_3008G016400	0
SORBI_3008G016500	0
SORBI_3008G016600	1
SORBI_3008G016700	53
SORBI_3008G016800	19
SORBI_3008G016850	0
SORBI_3008G016900	3052
SORBI_3008G017000	0
SORBI_3008G017100	99
SORBI_3008G017200	254
SORBI_3008G017300	9
SORBI_3008G017400	1
SORBI_3008G017500	0
SORBI_3008G017600	1
SORBI_3008G017700	0
SORBI_3008G017800	768
SORBI_3008G017850	0
SORBI_3008G017900	297
SORBI_3008G018000	116.048
SORBI_3008G018100	0
ENSRNA049438104	0
SORBI_3008G018200	164.261
SORBI_3008G018300	284.114
SORBI_3008G018400	25
SORBI_3008G018500	111
SORBI_3008G018600	52.937
SORBI_3008G018700	0
SORBI_3008G018800	82.999
SORBI_3008G018900	133
SORBI_3008G019000	0
SORBI_3008G019100	1
SORBI_3008G019200	0
ENSRNA049995811	0
SORBI_3008G019300	20
ENSRNA049438097	0
SORBI_3008G019350	0
SORBI_3008G019400	37
SORBI_3008G019466	46
SORBI_3008G019532	95.483
SORBI_3008G019600	87.517
SORBI_3008G019700	2
SORBI_3008G019800	0
SORBI_3008G019900	0
SORBI_3008G020000	0
SORBI_3008G020100	53
SORBI_3008G020200	419.008
SORBI_3008G020300	0
SORBI_3008G020350	0
SORBI_3008G020400	0
SORBI_3008G020500	0
SORBI_3008G020600	0
SORBI_3008G020700	224
SORBI_3008G020800	31.556
SORBI_3008G020900	6.444
SORBI_3008G021000	143
ENSRNA049482525	0
SORBI_3008G021100	289
SORBI_3008G021200	535.105
SORBI_3008G021300	65
SORBI_3008G021400	363
SORBI_3008G021500	0
SORBI_3008G021601	0
SORBI_3008G021700	164.054
SORBI_3008G021800	100
SORBI_3008G021900	46
SORBI_3008G022000	0
SORBI_3008G022100	0
SORBI_3008G022200	41
SORBI_3008G022300	57.031
SORBI_3008G022400	20
SORBI_3008G022500	43
SORBI_3008G022600	2
SORBI_3008G022701	52
SORBI_3008G022800	0
SORBI_3008G023000	0
SORBI_3008G023100	0
SORBI_3008G023200	0
SORBI_3008G023300	3
SORBI_3008G023401	5
SORBI_3008G023500	0
SORBI_3008G023600	77
SORBI_3008G023801	0
SORBI_3008G024000	3
SORBI_3008G024100	0
SORBI_3008G024200	0
SORBI_3008G024300	174
SORBI_3008G024400	1
SORBI_3008G024500	19
SORBI_3008G024550	0
SORBI_3008G024600	118
SORBI_3008G024700	0
SORBI_3008G024800	36
SORBI_3008G024900	12
SORBI_3008G025000	0
SORBI_3008G025100	18
SORBI_3008G025200	32
SORBI_3008G025300	0
SORBI_3008G025400	0
SORBI_3008G025500	46
SORBI_3008G025550	0
SORBI_3008G025600	9
SORBI_3008G025700	475.183
SORBI_3008G025800	0
SORBI_3008G025900	2905.781
SORBI_3008G026000	1
SORBI_3008G026100	328.411
SORBI_3008G026200	1550.589
SORBI_3008G026300	0
SORBI_3008G026400	32.808
SORBI_3008G026500	0
SORBI_3008G026600	34
SORBI_3008G026700	22.192
SORBI_3008G026800	15
SORBI_3008G026900	92.203
SORBI_3008G027000	39.591
SORBI_3008G027300	29.958
SORBI_3008G027200	784.496
SORBI_3008G027400	162.752
SORBI_3008G027500	40
SORBI_3008G027600	1
SORBI_3008G027700	6
SORBI_3008G027800	0
SORBI_3008G027900	0
SORBI_3008G028000	0
SORBI_3008G028100	1
SORBI_3008G028200	0
SORBI_3008G028300	0
SORBI_3008G028400	44.005
SORBI_3008G028500	12
SORBI_3008G028533	0
SORBI_3008G028566	0
SORBI_3008G028600	1
SORBI_3008G028700	636
SORBI_3008G028800	0
SORBI_3008G028850	0
SORBI_3008G028900	0
SORBI_3008G029000	10
SORBI_3008G029200	0
SORBI_3008G029300	275.892
SORBI_3008G029400	95
SORBI_3008G029500	22.006
SORBI_3008G029700	0
SORBI_3008G029600	1
SORBI_3008G029800	3
SORBI_3008G029850	6.066
SORBI_3008G029900	98.935
SORBI_3008G030000	67
SORBI_3008G030100	366
ENSRNA049482476	0
SORBI_3008G030200	0
SORBI_3008G030300	0
SORBI_3008G030400	0
SORBI_3008G030501	7
SORBI_3008G030600	52
SORBI_3008G030700	0
SORBI_3008G030801	0
SORBI_3008G030900	1
SORBI_3008G031000	1
SORBI_3008G031200	18
SORBI_3008G031300	156
SORBI_3008G031350	0
SORBI_3008G031400	0
SORBI_3008G031600	0
SORBI_3008G031700	0
SORBI_3008G031800	0
SORBI_3008G031900	0
SORBI_3008G032000	10
SORBI_3008G032100	275.228
SORBI_3008G032200	198
SORBI_3008G032300	126
SORBI_3008G032400	3
SORBI_3008G032500	175
SORBI_3008G032600	899
SORBI_3008G032701	0
SORBI_3008G032800	13
SORBI_3008G032850	0
SORBI_3008G032900	162
SORBI_3008G033000	80
SORBI_3008G033100	0
SORBI_3008G033200	4531.102
SORBI_3008G033250	0
SORBI_3008G033300	16
SORBI_3008G033350	0
SORBI_3008G033400	41
SORBI_3008G033500	188
SORBI_3008G033600	2225.704
SORBI_3008G033700	23
SORBI_3008G033750	24.503
SORBI_3008G033800	0
SORBI_3008G033900	327
SORBI_3008G034000	1
SORBI_3008G034200	0
SORBI_3008G034300	71
SORBI_3008G034400	214
SORBI_3008G034500	39
SORBI_3008G034600	439.002
SORBI_3008G034700	97
SORBI_3008G034800	0
SORBI_3008G034900	0
SORBI_3008G035000	0
SORBI_3008G035300	9
SORBI_3008G035400	0
SORBI_3008G035501	5
ENSRNA049438058	0
SORBI_3008G035600	13
SORBI_3008G035633	6
SORBI_3008G035666	0
SORBI_3008G035700	2
SORBI_3008G035800	0
SORBI_3008G035900	17
SORBI_3008G036000	2245.236
SORBI_3008G036100	0
SORBI_3008G036200	0
SORBI_3008G036300	14
SORBI_3008G036350	0
SORBI_3008G036400	85
SORBI_3008G036500	0
SORBI_3008G036600	0
SORBI_3008G036800	0.997
SORBI_3008G036900	38
SORBI_3008G037000	38
SORBI_3008G037100	0
SORBI_3008G037200	0
SORBI_3008G037300	190
SORBI_3008G037400	29
SORBI_3008G037500	969
SORBI_3008G037600	6
SORBI_3008G037700	63
SORBI_3008G037800	2009.593
SORBI_3008G037900	250
SORBI_3008G038000	74
SORBI_3008G038100	7
SORBI_3008G038200	124
SORBI_3008G038300	70.124
SORBI_3008G038400	78.288
SORBI_3008G038500	306
SORBI_3008G038600	896.851
SORBI_3008G038700	0
SORBI_3008G038801	3.03
SORBI_3008G038900	0
SORBI_3008G039000	25
SORBI_3008G039100	661.359
SORBI_3008G039200	0
SORBI_3008G039300	2
SORBI_3008G039401	9
ENSRNA049482514	0
SORBI_3008G039501	0
SORBI_3008G039600	209
SORBI_3008G039700	1
SORBI_3008G039750	1
SORBI_3008G039800	83
SORBI_3008G039900	2223.015
SORBI_3008G040000	49.999
SORBI_3008G040100	40
SORBI_3008G040201	1
SORBI_3008G040300	14
ENSRNA049437422	0
SORBI_3008G040400	66
SORBI_3008G040501	0
SORBI_3008G040600	0
SORBI_3008G040700	701
SORBI_3008G040800	77
SORBI_3008G040900	3.314
SORBI_3008G041000	36
SORBI_3008G041100	0
SORBI_3008G041300	7
SORBI_3008G041400	5.686
SORBI_3008G041450	7.994
SORBI_3008G041500	79.625
SORBI_3008G041600	16
SORBI_3008G041700	215.042
SORBI_3008G041800	10
SORBI_3008G041900	0
SORBI_3008G042000	10.601
SORBI_3008G042100	0
SORBI_3008G042200	0
SORBI_3008G042250	0
SORBI_3008G042300	80
SORBI_3008G042400	0
SORBI_3008G042500	13
SORBI_3008G042600	519
SORBI_3008G042700	50
SORBI_3008G042800	2
SORBI_3008G042900	1068
SORBI_3008G043000	0
SORBI_3008G043100	0
SORBI_3008G043200	0
SORBI_3008G043300	0
SORBI_3008G043400	0
SORBI_3008G043450	2
SORBI_3008G043500	329
SORBI_3008G043600	48
SORBI_3008G043700	0
SORBI_3008G043800	0
SORBI_3008G043900	0
SORBI_3008G044000	268
SORBI_3008G044100	94
SORBI_3008G044200	0
SORBI_3008G044300	2
SORBI_3008G044400	2
SORBI_3008G044450	0
SORBI_3008G044500	0
SORBI_3008G044600	22
SORBI_3008G044750	0
SORBI_3008G044900	359
SORBI_3008G045000	164
SORBI_3008G045100	0
SORBI_3008G045166	0
SORBI_3008G045232	0
SORBI_3008G045300	0
SORBI_3008G045450	21
SORBI_3008G045600	0
SORBI_3008G045650	0
SORBI_3008G045700	6
SORBI_3008G045800	54
SORBI_3008G045900	0
SORBI_3008G046000	518
SORBI_3008G046100	16
SORBI_3008G046200	19
SORBI_3008G046300	0
SORBI_3008G046400	0
SORBI_3008G046500	468.627
SORBI_3008G046600	495
SORBI_3008G046700	2
SORBI_3008G046800	966.719
SORBI_3008G046900	136
SORBI_3008G047000	3782.196
SORBI_3008G047100	22
SORBI_3008G047150	29
SORBI_3008G047200	137.934
SORBI_3008G047300	287
SORBI_3008G047400	2784.935
SORBI_3008G047500	144
SORBI_3008G047600	228
SORBI_3008G047700	846
SORBI_3008G047800	854
SORBI_3008G047900	1
SORBI_3008G048000	0
SORBI_3008G048100	2
SORBI_3008G048200	0
SORBI_3008G048300	428
SORBI_3008G048400	12
SORBI_3008G048501	0
SORBI_3008G048600	0
SORBI_3008G048800	0
SORBI_3008G048900	2
SORBI_3008G048933	1
SORBI_3008G048966	22
SORBI_3008G049000	0
ENSRNA049995805	0
SORBI_3008G049100	545
ENSRNA049438015	0
ENSRNA049438010	0
SORBI_3008G049200	623.284
SORBI_3008G049250	3
SORBI_3008G049300	1
SORBI_3008G049701	0
SORBI_3008G050100	1
SORBI_3008G050200	1
SORBI_3008G050300	0
SORBI_3008G050400	93
SORBI_3008G050500	0
SORBI_3008G050600	16.616
SORBI_3008G050700	92
SORBI_3008G050800	479.002
SORBI_3008G050900	0
SORBI_3008G051000	119
SORBI_3008G051100	127
SORBI_3008G051200	650
SORBI_3008G051300	602
SORBI_3008G051400	60
SORBI_3008G051500	0
SORBI_3008G051600	0
SORBI_3008G051700	0
SORBI_3008G051800	1067.797
SORBI_3008G051900	940.371
SORBI_3008G052000	305
SORBI_3008G052200	405.999
SORBI_3008G052300	73
SORBI_3008G052400	0
SORBI_3008G052450	8
SORBI_3008G052500	0
SORBI_3008G052600	13
SORBI_3008G052700	0
SORBI_3008G052800	4
SORBI_3008G052900	500.004
SORBI_3008G053000	47
SORBI_3008G053101	0
SORBI_3008G053200	3080.681
SORBI_3008G053300	506.999
SORBI_3008G053500	2
SORBI_3008G053600	50
SORBI_3008G053700	0
SORBI_3008G053750	0
SORBI_3008G053800	0
SORBI_3008G053900	5
SORBI_3008G054000	234
SORBI_3008G054100	7
SORBI_3008G054150	0
SORBI_3008G054200	0
SORBI_3008G054400	0
SORBI_3008G054450	0
SORBI_3008G054500	689
SORBI_3008G054600	163
SORBI_3008G054700	20
SORBI_3008G054800	184
SORBI_3008G054900	0
SORBI_3008G055000	2
SORBI_3008G055100	13
SORBI_3008G055200	0
SORBI_3008G055300	58.993
SORBI_3008G055366	0
SORBI_3008G055432	0
SORBI_3008G055500	181.014
SORBI_3008G055600	0
SORBI_3008G055650	0
SORBI_3008G055700	10
SORBI_3008G055800	3
SORBI_3008G055900	1449
SORBI_3008G056000	0
SORBI_3008G056100	41
SORBI_3008G056200	14
SORBI_3008G056350	5
SORBI_3008G056500	1.013
SORBI_3008G056600	0
SORBI_3008G056700	0
SORBI_3008G056800	0
SORBI_3008G056900	304
SORBI_3008G057000	257
SORBI_3008G057100	86
SORBI_3008G057200	0
SORBI_3008G057300	17
SORBI_3008G057400	0
SORBI_3008G057500	2
SORBI_3008G057600	7
SORBI_3008G057700	0
SORBI_3008G057800	0
SORBI_3008G057900	335
SORBI_3008G058000	141
SORBI_3008G058100	11
SORBI_3008G058200	182
SORBI_3008G058300	492
SORBI_3008G058400	19.37
SORBI_3008G058500	0
SORBI_3008G058600	3
SORBI_3008G058700	719
SORBI_3008G058800	90.998
SORBI_3008G058900	31.242
SORBI_3008G059000	2370.477
SORBI_3008G059100	584.966
SORBI_3008G059200	222.878
SORBI_3008G059300	0
SORBI_3008G059400	69.999
SORBI_3008G059500	0
SORBI_3008G059566	0
SORBI_3008G059632	0
SORBI_3008G059700	0
SORBI_3008G059800	0
SORBI_3008G059900	198
SORBI_3008G060000	385.381
SORBI_3008G060050	0
SORBI_3008G060100	1
SORBI_3008G060150	27
SORBI_3008G060200	40
SORBI_3008G060300	148
SORBI_3008G060400	0
SORBI_3008G060500	7.619
SORBI_3008G060700	1
SORBI_3008G060800	0
SORBI_3008G060900	4
SORBI_3008G061000	0
SORBI_3008G061100	47
SORBI_3008G061201	295.997
SORBI_3008G061300	0
SORBI_3008G061401	0
SORBI_3008G061500	0
SORBI_3008G061601	44.2
SORBI_3008G061701	112.003
SORBI_3008G061801	0
SORBI_3008G061900	0
SORBI_3008G062000	135.499
SORBI_3008G062200	569.001
SORBI_3008G062300	76
SORBI_3008G062400	251
SORBI_3008G062500	5
SORBI_3008G062601	61.989
SORBI_3008G062700	1
SORBI_3008G062800	0
SORBI_3008G062900	12
SORBI_3008G063000	1207
SORBI_3008G063100	91
SORBI_3008G063200	120.849
SORBI_3008G063300	220.877
SORBI_3008G063400	5
SORBI_3008G063500	470
SORBI_3008G063600	228
SORBI_3008G063800	0
SORBI_3008G064000	0
SORBI_3008G064100	0
SORBI_3008G064200	0
SORBI_3008G064250	0
SORBI_3008G064300	0
SORBI_3008G064400	0
SORBI_3008G064500	1
SORBI_3008G064601	0
SORBI_3008G064700	2052
SORBI_3008G064750	0
SORBI_3008G064800	0
SORBI_3008G064900	70
SORBI_3008G065000	134
SORBI_3008G065050	0
SORBI_3008G065100	0
SORBI_3008G065200	2
SORBI_3008G065300	84.703
SORBI_3008G065400	51.693
ENSRNA049482538	0
SORBI_3008G065600	5.358
ENSRNA049482541	0
SORBI_3008G065700	0
SORBI_3008G065800	637.95
SORBI_3008G065866	0
SORBI_3008G065932	525
SORBI_3008G066000	68.003
SORBI_3008G066100	171
SORBI_3008G066200	23.593
SORBI_3008G066300	68.075
SORBI_3008G066401	64.407
SORBI_3008G066501	0
SORBI_3008G066600	1
SORBI_3008G066700	0
SORBI_3008G066800	6
SORBI_3008G066900	12
ENSRNA049437502	0
ENSRNA049482478	0
SORBI_3008G067000	1
SORBI_3008G067100	199
SORBI_3008G067200	11
SORBI_3008G067301	10
SORBI_3008G067400	0
SORBI_3008G067500	127
SORBI_3008G067600	486
SORBI_3008G067700	1
SORBI_3008G067800	94
SORBI_3008G067900	345
SORBI_3008G068000	157
SORBI_3008G068100	140.35
SORBI_3008G068133	0
SORBI_3008G068166	1
SORBI_3008G068200	71
SORBI_3008G068300	1
SORBI_3008G068400	186.871
SORBI_3008G068450	0
SORBI_3008G068500	32
SORBI_3008G068601	39.025
SORBI_3008G068700	0
SORBI_3008G068800	89
SORBI_3008G068850	0
SORBI_3008G068900	0
SORBI_3008G069000	0
SORBI_3008G069100	2
SORBI_3008G069200	2
SORBI_3008G069300	30
SORBI_3008G069401	1
SORBI_3008G069500	0
SORBI_3008G069600	0
SORBI_3008G069700	105.932
SORBI_3008G069901	0
SORBI_3008G070100	0
SORBI_3008G070200	0
SORBI_3008G070350	125
SORBI_3008G070500	146
SORBI_3008G070600	0
SORBI_3008G070650	0
SORBI_3008G070700	169
SORBI_3008G070800	291.999
SORBI_3008G070900	7
SORBI_3008G071050	1
SORBI_3008G071200	0
SORBI_3008G071300	21
SORBI_3008G071400	0
SORBI_3008G071550	1
SORBI_3008G071700	0
SORBI_3008G071800	20
SORBI_3008G071900	0
SORBI_3008G072050	20
SORBI_3008G072200	1766.106
SORBI_3008G072300	11
SORBI_3008G072400	13
SORBI_3008G072500	71
SORBI_3008G072550	0
SORBI_3008G072600	56
SORBI_3008G072700	8
SORBI_3008G072800	2
SORBI_3008G072850	0
SORBI_3008G072900	0
SORBI_3008G073000	184
SORBI_3008G073100	21
SORBI_3008G073200	0
SORBI_3008G073300	103.005
SORBI_3008G073400	0
SORBI_3008G073500	82.948
SORBI_3008G073600	492
SORBI_3008G073700	0
SORBI_3008G073800	0
SORBI_3008G073900	138.72
SORBI_3008G074000	11.356
SORBI_3008G074100	0
SORBI_3008G074150	0
SORBI_3008G074200	0
SORBI_3008G074300	168
SORBI_3008G074400	212
SORBI_3008G074500	205
SORBI_3008G074600	2.16
SORBI_3008G074700	59
SORBI_3008G074800	0
SORBI_3008G074900	1
SORBI_3008G075100	19
SORBI_3008G075200	70
SORBI_3008G075300	0
SORBI_3008G075350	0
SORBI_3008G075400	5
SORBI_3008G075500	53
SORBI_3008G075533	0
SORBI_3008G075566	0
SORBI_3008G075600	71
SORBI_3008G075700	48
SORBI_3008G075800	0
SORBI_3008G075900	40
SORBI_3008G076100	0
SORBI_3008G076200	0
SORBI_3008G076250	0
SORBI_3008G076300	0
SORBI_3008G076401	1
SORBI_3008G076500	3
SORBI_3008G076600	10
SORBI_3008G076700	0
SORBI_3008G076800	51
SORBI_3008G076900	2
SORBI_3008G077100	0
SORBI_3008G077300	0
SORBI_3008G077400	0
SORBI_3008G077500	122
SORBI_3008G077550	0
SORBI_3008G077600	799
SORBI_3008G077700	33
SORBI_3008G077800	0
SORBI_3008G077900	0
SORBI_3008G078000	2
SORBI_3008G078100	94
SORBI_3008G078200	0
SORBI_3008G078300	4594.693
SORBI_3008G078400	110.935
SORBI_3008G078500	0
ENSRNA049995800	0
SORBI_3008G078550	0
SORBI_3008G078600	0
SORBI_3008G078700	0
SORBI_3008G078800	6
SORBI_3008G078900	16
SORBI_3008G078966	0
ENSRNA049472582	0
SORBI_3008G079032	147
SORBI_3008G079100	111.048
SORBI_3008G079200	0
SORBI_3008G079300	8
SORBI_3008G079400	124
SORBI_3008G079500	0
SORBI_3008G079600	3
SORBI_3008G079650	0
SORBI_3008G079700	1
SORBI_3008G079733	0
SORBI_3008G079766	0
SORBI_3008G079800	0
SORBI_3008G079900	120.233
SORBI_3008G080000	151.203
SORBI_3008G080100	0
SORBI_3008G080200	283.564
SORBI_3008G080300	0
SORBI_3008G080400	1.945
SORBI_3008G080500	199.122
SORBI_3008G080600	0
SORBI_3008G080700	0
SORBI_3008G080801	1
SORBI_3008G080900	11
SORBI_3008G081000	0
SORBI_3008G081100	0
SORBI_3008G081150	63
SORBI_3008G081200	0
SORBI_3008G081300	54
SORBI_3008G081400	53
SORBI_3008G081500	13
SORBI_3008G081600	21
SORBI_3008G081700	0
SORBI_3008G081800	43
SORBI_3008G081900	2355
SORBI_3008G082000	0
SORBI_3008G082100	29.999
SORBI_3008G082150	0
SORBI_3008G082200	0
SORBI_3008G082250	0
SORBI_3008G082300	0
SORBI_3008G082400	2079.613
SORBI_3008G082450	0
SORBI_3008G082500	2284
SORBI_3008G082550	0
SORBI_3008G082600	0
SORBI_3008G082700	0
SORBI_3008G082800	16
SORBI_3008G082900	12
SORBI_3008G083000	148
SORBI_3008G083100	0
SORBI_3008G083200	434
SORBI_3008G083300	3
SORBI_3008G083400	964.016
SORBI_3008G083500	222.001
SORBI_3008G083600	593
SORBI_3008G083650	0
SORBI_3008G083700	36
SORBI_3008G084000	0
SORBI_3008G084100	203
SORBI_3008G084200	0
SORBI_3008G084300	6
SORBI_3008G084401	101.138
SORBI_3008G084501	25
SORBI_3008G084600	367
SORBI_3008G084700	174.11
SORBI_3008G084800	0
SORBI_3008G084900	0
SORBI_3008G085050	0
SORBI_3008G085200	2
SORBI_3008G085300	1237.597
SORBI_3008G085350	2
SORBI_3008G085400	0
SORBI_3008G085600	5
SORBI_3008G085700	1057
SORBI_3008G085800	0
SORBI_3008G085950	78
SORBI_3008G086100	0
SORBI_3008G086200	364
SORBI_3008G086300	0
SORBI_3008G086401	11
SORBI_3008G086500	0
SORBI_3008G086700	5.999
SORBI_3008G087000	1
SORBI_3008G087100	0
SORBI_3008G087200	194
SORBI_3008G087300	0
SORBI_3008G087400	13.367
SORBI_3008G087500	5
SORBI_3008G087800	1
SORBI_3008G087833	0
SORBI_3008G087866	43.847
SORBI_3008G087900	283
SORBI_3008G088000	0
SORBI_3008G088100	0
SORBI_3008G088200	2514.062
SORBI_3008G088300	88.436
SORBI_3008G088400	14
SORBI_3008G088450	0
SORBI_3008G088500	0
SORBI_3008G088600	140.182
SORBI_3008G088800	1
SORBI_3008G088803	12
SORBI_3008G088806	206.819
SORBI_3008G088809	65.295
SORBI_3008G088812	1
SORBI_3008G088815	4.682
SORBI_3008G088818	8.573
SORBI_3008G088821	222
SORBI_3008G088824	270
SORBI_3008G088827	0
SORBI_3008G088830	694
SORBI_3008G088833	0
SORBI_3008G088836	0
SORBI_3008G088839	20
SORBI_3008G088842	127
SORBI_3008G088845	0
SORBI_3008G088848	0
SORBI_3008G088851	172.685
SORBI_3008G088854	1
SORBI_3008G088857	324.316
SORBI_3008G088860	1
SORBI_3008G088863	10
SORBI_3008G088866	280
SORBI_3008G088869	0
SORBI_3008G088872	235
SORBI_3008G088875	90
SORBI_3008G088878	0
SORBI_3008G088881	0
SORBI_3008G088884	0
SORBI_3008G088887	0
SORBI_3008G088890	0
SORBI_3008G088900	0
SORBI_3008G089100	701
SORBI_3008G089233	3
SORBI_3008G089366	0
SORBI_3008G089500	283
SORBI_3008G089600	63.999
SORBI_3008G089700	379
SORBI_3008G089750	7
SORBI_3008G089800	26.415
SORBI_3008G089900	1466.212
SORBI_3008G090000	402.641
SORBI_3008G090100	15
SORBI_3008G090150	0
SORBI_3008G090200	0
SORBI_3008G090300	176
SORBI_3008G090400	35
SORBI_3008G090600	32.004
SORBI_3008G090701	0
SORBI_3008G090800	67
SORBI_3008G090900	918.981
SORBI_3008G091100	59
SORBI_3008G091300	687.134
SORBI_3008G091400	108.984
SORBI_3008G091500	36
SORBI_3008G091557	1
SORBI_3008G091614	1
SORBI_3008G091671	95
SORBI_3008G091728	8.622
SORBI_3008G091785	0
SORBI_3008G091842	21
SORBI_3008G091900	0.986
SORBI_3008G092000	0
SORBI_3008G092200	0
SORBI_3008G092300	673
SORBI_3008G092400	22.802
SORBI_3008G092466	0
SORBI_3008G092532	36
SORBI_3008G092600	5910.223
SORBI_3008G092701	0
SORBI_3008G092800	635
SORBI_3008G092866	0
SORBI_3008G092932	0
SORBI_3008G093000	2359.932
SORBI_3008G093101	2
SORBI_3008G093200	219
SORBI_3008G093300	33
SORBI_3008G093500	117
SORBI_3008G093600	5.644
SORBI_3008G093700	1.356
SORBI_3008G093900	0
SORBI_3008G094000	564
SORBI_3008G094150	0
SORBI_3008G094300	40.273
SORBI_3008G094400	92.727
SORBI_3008G094500	0
SORBI_3008G094600	242
SORBI_3008G094650	0
SORBI_3008G094700	900
SORBI_3008G094800	1
SORBI_3008G094900	259.675
SORBI_3008G095000	2852.983
SORBI_3008G095100	7
SORBI_3008G095150	0
SORBI_3008G095200	4.06
SORBI_3008G095400	2
SORBI_3008G095500	0
SORBI_3008G095633	0
SORBI_3008G095766	0
SORBI_3008G095900	29
SORBI_3008G096000	2165.967
SORBI_3008G096050	0
SORBI_3008G096100	957
SORBI_3008G096150	0
SORBI_3008G096200	28
SORBI_3008G096300	0
SORBI_3008G096401	0
SORBI_3008G096500	0
SORBI_3008G096700	31
SORBI_3008G096800	191
SORBI_3008G096900	16
SORBI_3008G097000	303
SORBI_3008G097100	25
SORBI_3008G097200	0
SORBI_3008G097300	2
SORBI_3008G097401	150
SORBI_3008G097500	10
SORBI_3008G097600	286
SORBI_3008G097700	7
SORBI_3008G097800	0
SORBI_3008G097900	446.033
SORBI_3008G097966	9
SORBI_3008G098032	0
SORBI_3008G098098	3
SORBI_3008G098164	0
SORBI_3008G098230	33
SORBI_3008G098300	519.548
SORBI_3008G098400	2
SORBI_3008G098500	0
SORBI_3008G098600	163
SORBI_3008G098700	15
SORBI_3008G098800	1747.841
ENSRNA049995793	0
SORBI_3008G098900	2162
SORBI_3008G099000	0
SORBI_3008G099100	0
SORBI_3008G099166	0
SORBI_3008G099232	4
SORBI_3008G099300	1
SORBI_3008G099500	96
SORBI_3008G099600	0
SORBI_3008G099800	701.396
SORBI_3008G099900	20.001
SORBI_3008G100000	3319.543
SORBI_3008G100100	572.241
SORBI_3008G100201	5
SORBI_3008G100300	2
SORBI_3008G100400	11
SORBI_3008G100600	0
SORBI_3008G100700	90
SORBI_3008G100801	0
SORBI_3008G100900	0
SORBI_3008G100950	1
SORBI_3008G101000	48.976
SORBI_3008G101100	15.319
SORBI_3008G101200	3.128
SORBI_3008G101300	44
SORBI_3008G101350	0
SORBI_3008G101400	16
SORBI_3008G101500	6.578
SORBI_3008G101600	432.468
ENSRNA049437591	0
SORBI_3008G101800	360
SORBI_3008G101850	0
SORBI_3008G101900	128
SORBI_3008G102000	15
SORBI_3008G102050	1.056
SORBI_3008G102100	0
SORBI_3008G102150	0
SORBI_3008G102200	0
SORBI_3008G102300	0
SORBI_3008G102400	0
SORBI_3008G102466	0
SORBI_3008G102532	0
SORBI_3008G102600	264.998
SORBI_3008G102800	4
SORBI_3008G102850	7
SORBI_3008G102900	0
SORBI_3008G103000	0
SORBI_3008G103066	0
SORBI_3008G103132	0
SORBI_3008G103200	1026.901
SORBI_3008G103250	0
SORBI_3008G103300	509
SORBI_3008G103400	3
SORBI_3008G103500	0
SORBI_3008G103700	3240
SORBI_3008G103800	127
SORBI_3008G103900	1454.748
SORBI_3008G104000	3
SORBI_3008G104100	0
SORBI_3008G104200	451
SORBI_3008G104300	10
SORBI_3008G104350	7
SORBI_3008G104400	317.143
SORBI_3008G104500	610.857
SORBI_3008G104601	3
SORBI_3008G104701	0
SORBI_3008G104801	22
SORBI_3008G104900	0
SORBI_3008G105000	0
SORBI_3008G105100	0
SORBI_3008G105200	0
SORBI_3008G105300	226
SORBI_3008G105366	38
SORBI_3008G105432	27.741
SORBI_3008G105500	1
SORBI_3008G105600	0
SORBI_3008G105800	3.932
SORBI_3008G105850	41.132
SORBI_3008G105900	72.868
SORBI_3008G106000	155.92
SORBI_3008G106100	11
SORBI_3008G106200	28
SORBI_3008G106301	0
SORBI_3008G106400	5.024
SORBI_3008G106500	0
SORBI_3008G106550	0
SORBI_3008G106600	40
SORBI_3008G106700	521.763
SORBI_3008G106800	501
SORBI_3008G106900	59
SORBI_3008G107000	200
SORBI_3008G107100	2
SORBI_3008G107200	183
SORBI_3008G107300	24
SORBI_3008G107500	217
SORBI_3008G107600	1
SORBI_3008G107800	69
SORBI_3008G107900	20
SORBI_3008G108000	1
SORBI_3008G108100	0
SORBI_3008G108200	115
SORBI_3008G108300	114
SORBI_3008G108400	104
SORBI_3008G108500	42
SORBI_3008G108601	861
SORBI_3008G108700	0
SORBI_3008G108800	0
SORBI_3008G108900	0
SORBI_3008G108950	2
SORBI_3008G109000	0
SORBI_3008G109100	202.883
SORBI_3008G109200	23
SORBI_3008G109300	0
SORBI_3008G109400	1
SORBI_3008G109500	0
SORBI_3008G109600	9
SORBI_3008G109650	0
SORBI_3008G109700	59
SORBI_3008G109800	1
SORBI_3008G109900	37
SORBI_3008G109950	2
SORBI_3008G110000	0
SORBI_3008G110050	0
SORBI_3008G110101	0
SORBI_3008G110151	2
SORBI_3008G110200	68
SORBI_3008G110300	122.505
SORBI_3008G110400	1
SORBI_3008G110450	0
SORBI_3008G110500	92
SORBI_3008G110600	140
SORBI_3008G110700	12
SORBI_3008G110800	31
SORBI_3008G110900	19
SORBI_3008G111000	0
SORBI_3008G111100	27
SORBI_3008G111150	0
SORBI_3008G111200	2
SORBI_3008G111300	44
SORBI_3008G111400	258
SORBI_3008G111500	4
SORBI_3008G111600	1085.014
SORBI_3008G111700	246
SORBI_3008G111800	236
SORBI_3008G112000	4
SORBI_3008G112100	120
SORBI_3008G112200	0
SORBI_3008G112300	254
SORBI_3008G112400	0
SORBI_3008G112500	23
SORBI_3008G112550	0
SORBI_3008G112600	398
SORBI_3008G112700	0
SORBI_3008G112800	298.081
SORBI_3008G112900	0
SORBI_3008G113000	69
SORBI_3008G113100	673
SORBI_3008G113200	36
SORBI_3008G113300	189
SORBI_3008G113350	0
SORBI_3008G113400	0
SORBI_3008G113500	180.927
SORBI_3008G113600	268
SORBI_3008G113700	109
SORBI_3008G113800	8
SORBI_3008G113900	0
SORBI_3008G114000	0
SORBI_3008G114101	0
SORBI_3008G114200	0
SORBI_3008G114300	1648.139
SORBI_3008G114401	0
SORBI_3008G114500	3
SORBI_3008G114600	0
SORBI_3008G114700	5
SORBI_3008G114800	0
SORBI_3008G114900	6
SORBI_3008G115000	451
SORBI_3008G115200	37
SORBI_3008G115400	16
SORBI_3008G115500	487
SORBI_3008G115600	185
SORBI_3008G115700	0
SORBI_3008G115800	0
SORBI_3008G115900	246.001
ENSRNA049437625	0
SORBI_3008G116000	294
SORBI_3008G116100	35
SORBI_3008G116200	1
SORBI_3008G116300	48
SORBI_3008G116400	81
SORBI_3008G116500	175
SORBI_3008G116600	248
SORBI_3008G116700	128
SORBI_3008G116800	3
SORBI_3008G116900	0
SORBI_3008G117000	28
SORBI_3008G117100	145
SORBI_3008G117200	662.018
SORBI_3008G117300	0
SORBI_3008G117400	0
SORBI_3008G117600	0
SORBI_3008G117800	0
SORBI_3008G117900	0
SORBI_3008G118000	0
SORBI_3008G118050	0
SORBI_3008G118100	105
SORBI_3008G118200	573
SORBI_3008G118300	70
SORBI_3008G118400	248.127
SORBI_3008G118500	666
SORBI_3008G118600	154
SORBI_3008G118700	12.998
SORBI_3008G118800	120
SORBI_3008G118900	177
SORBI_3008G119000	17
SORBI_3008G119100	0
SORBI_3008G119200	0
SORBI_3008G119250	1
SORBI_3008G119300	0
SORBI_3008G119400	312
SORBI_3008G119501	0
SORBI_3008G119600	0
SORBI_3008G119700	5
SORBI_3008G119800	97
SORBI_3008G119900	7.001
SORBI_3008G120000	32
SORBI_3008G120132	86.105
SORBI_3008G120066	0
SORBI_3008G120200	0
SORBI_3008G120233	0
SORBI_3008G120266	0
SORBI_3008G120300	0
SORBI_3008G120450	0
SORBI_3008G120600	11
SORBI_3008G120760	0
SORBI_3008G120920	0
SORBI_3008G121080	51.771
SORBI_3008G121240	327.28
SORBI_3008G121400	0
SORBI_3008G121501	0
SORBI_3008G121600	0
SORBI_3008G121700	0
SORBI_3008G121800	0
SORBI_3008G121850	0
SORBI_3008G121900	0
SORBI_3008G122001	0
SORBI_3008G122100	76.169
SORBI_3008G122200	0
SORBI_3008G122250	0
SORBI_3008G122300	0
SORBI_3008G122400	0
SORBI_3008G122500	1
SORBI_3008G122600	6.096
SORBI_3008G122700	0
SORBI_3008G122800	6
SORBI_3008G123000	0
SORBI_3008G123100	466
SORBI_3008G123200	62
SORBI_3008G123300	157
SORBI_3008G123350	0
SORBI_3008G123400	155.955
SORBI_3008G123500	1166.446
SORBI_3008G123600	105
SORBI_3008G123700	0
SORBI_3008G123801	6
SORBI_3008G123900	1
SORBI_3008G124000	2
SORBI_3008G124100	2
SORBI_3008G124200	0
SORBI_3008G124301	0
SORBI_3008G124400	1088.968
SORBI_3008G124500	222
SORBI_3008G124600	194.287
SORBI_3008G124700	280
SORBI_3008G124733	0
SORBI_3008G124766	56
ENSRNA049484277	0
ENSRNA049484293	0
SORBI_3008G124800	1244.116
SORBI_3008G124900	645
SORBI_3008G125000	122.655
SORBI_3008G125100	65
SORBI_3008G125200	389.999
SORBI_3008G125300	2
SORBI_3008G125400	0
SORBI_3008G125501	0
SORBI_3008G125600	0
SORBI_3008G125700	0
SORBI_3008G125801	0
SORBI_3008G125900	227
SORBI_3008G126000	4
SORBI_3008G126100	0
SORBI_3008G126200	655.999
SORBI_3008G126300	0
SORBI_3008G126400	0
SORBI_3008G126500	21
SORBI_3008G126600	93
SORBI_3008G126700	70
SORBI_3008G126800	0
SORBI_3008G127000	64.53
SORBI_3008G127100	520
SORBI_3008G127200	0
SORBI_3008G127250	23
SORBI_3008G127300	1
SORBI_3008G127400	330.056
SORBI_3008G127500	224
SORBI_3008G127550	20
SORBI_3008G127600	0
SORBI_3008G127700	0
SORBI_3008G127800	0
SORBI_3008G127933	0
SORBI_3008G128066	0
SORBI_3008G128200	0
SORBI_3008G128500	8
SORBI_3008G128600	780.014
SORBI_3008G128800	25
SORBI_3008G128900	138
SORBI_3008G129000	4692.261
SORBI_3008G129100	249
SORBI_3008G129200	13
SORBI_3008G129300	1332.581
SORBI_3008G129400	900
SORBI_3008G129500	0
SORBI_3008G129600	589
SORBI_3008G129700	295
SORBI_3008G129800	0
SORBI_3008G129900	225
SORBI_3008G130000	512
SORBI_3008G130100	479
SORBI_3008G130200	23
SORBI_3008G130300	0
SORBI_3008G130350	0
SORBI_3008G130400	354
SORBI_3008G130500	0
SORBI_3008G130601	0
SORBI_3008G130700	0
ENSRNA049995788	0
SORBI_3008G130800	0
ENSRNA049437939	0
SORBI_3008G130900	95.256
SORBI_3008G131000	71
SORBI_3008G131100	146
SORBI_3008G131200	0
SORBI_3008G131300	0
SORBI_3008G131400	5
SORBI_3008G131500	24.272
SORBI_3008G131550	0
SORBI_3008G131601	1
SORBI_3008G131651	0
SORBI_3008G131700	68
SORBI_3008G131800	732
SORBI_3008G131900	3
SORBI_3008G132000	26
SORBI_3008G132200	70
SORBI_3008G132250	0
SORBI_3008G132300	749
SORBI_3008G132400	90
SORBI_3008G132500	4
SORBI_3008G132550	0
SORBI_3008G132600	1154
SORBI_3008G132700	4706.377
SORBI_3008G132800	380.577
SORBI_3008G132900	857
SORBI_3008G133000	0
SORBI_3008G133100	2
SORBI_3008G133200	28
SORBI_3008G133300	453.742
SORBI_3008G133400	161.001
SORBI_3008G133500	57
SORBI_3008G133600	657.993
SORBI_3008G133700	126
SORBI_3008G133750	1
SORBI_3008G133800	28
SORBI_3008G133900	48
SORBI_3008G133950	5
SORBI_3008G134000	0
SORBI_3008G134100	17
SORBI_3008G134300	12
SORBI_3008G134401	0
SORBI_3008G134500	0
SORBI_3008G134600	0
SORBI_3008G134700	2
SORBI_3008G134800	134
SORBI_3008G134900	508
SORBI_3008G135000	1617
SORBI_3008G135100	3
SORBI_3008G135200	1386.345
SORBI_3008G135300	0
SORBI_3008G135401	6
SORBI_3008G135500	1
SORBI_3008G135600	3
ENSRNA049484263	0
SORBI_3008G135701	23
SORBI_3008G135800	0
SORBI_3008G135901	0
SORBI_3008G136000	39899.035
ENSRNA049484288	0
ENSRNA049484264	0
ENSRNA049484243	0
SORBI_3008G136100	9
SORBI_3008G136150	0
SORBI_3008G136200	1022.001
SORBI_3008G136400	34
SORBI_3008G136500	3
SORBI_3008G136601	0
SORBI_3008G136700	24
ENSRNA049437718	0
SORBI_3008G136800	151.002
SORBI_3008G136900	0
SORBI_3008G137200	26.216
SORBI_3008G137000	1
SORBI_3008G137100	11
SORBI_3008G137300	0
SORBI_3008G137400	4.511
SORBI_3008G137500	0
SORBI_3008G137600	635
SORBI_3008G137700	31.001
SORBI_3008G137800	10
SORBI_3008G137901	0
SORBI_3008G138000	0
SORBI_3008G138100	0
SORBI_3008G138200	0
SORBI_3008G138300	0
SORBI_3008G138400	0
SORBI_3008G138500	110
SORBI_3008G138600	68
SORBI_3008G138700	0
SORBI_3008G138800	66.7
SORBI_3008G138850	0
SORBI_3008G138900	1
SORBI_3008G139000	6
SORBI_3008G139100	0
SORBI_3008G139200	0
SORBI_3008G139250	0
SORBI_3008G139300	0
SORBI_3008G139400	0
SORBI_3008G139500	2
SORBI_3008G139600	220
SORBI_3008G139700	104
SORBI_3008G139800	79
SORBI_3008G139900	18
ENSRNA049437758	0
SORBI_3008G140000	1
SORBI_3008G140050	0
SORBI_3008G140100	657.998
SORBI_3008G140200	76
SORBI_3008G140300	7
ENSRNA049437924	0
SORBI_3008G140400	780.976
SORBI_3008G140500	0
SORBI_3008G140600	0
SORBI_3008G140700	226
SORBI_3008G140800	1
SORBI_3008G140900	0
SORBI_3008G141000	0
SORBI_3008G141100	44
SORBI_3008G141150	0
SORBI_3008G141200	115
SORBI_3008G141300	1
SORBI_3008G141400	226
SORBI_3008G141501	0
SORBI_3008G141600	440.942
SORBI_3008G141700	217.009
SORBI_3008G141800	671
SORBI_3008G141833	0
SORBI_3008G141866	0
SORBI_3008G141900	0
SORBI_3008G142000	4.703
SORBI_3008G142100	14.297
SORBI_3008G142200	126.857
SORBI_3008G142301	144
SORBI_3008G142400	0
SORBI_3008G142450	0
SORBI_3008G142500	79.143
SORBI_3008G142600	140
SORBI_3008G142700	188
SORBI_3008G142766	1
SORBI_3008G142832	0
SORBI_3008G142900	1
SORBI_3008G143000	0
SORBI_3008G143100	38
SORBI_3008G143200	0
SORBI_3008G143300	0
SORBI_3008G143400	0
SORBI_3008G143600	15
SORBI_3008G143700	64
SORBI_3008G143800	18
SORBI_3008G143901	3
SORBI_3008G144000	6
SORBI_3008G144100	0
SORBI_3008G144201	0
SORBI_3008G144300	4
SORBI_3008G144401	8
SORBI_3008G144500	57
SORBI_3008G144600	0
SORBI_3008G144701	0
SORBI_3008G144800	795.768
SORBI_3008G144900	313
SORBI_3008G145000	0
SORBI_3008G145100	80
SORBI_3008G145200	0
SORBI_3008G145300	1
SORBI_3008G145400	0
SORBI_3008G145500	0
ENSRNA049484279	0
SORBI_3008G145700	0
ENSRNA049484246	0
SORBI_3008G145800	780
SORBI_3008G145900	0
SORBI_3008G146000	0
SORBI_3008G146100	13
SORBI_3008G146301	47.966
SORBI_3008G146501	0
SORBI_3008G146700	42
SORBI_3008G146801	0
SORBI_3008G146900	204
SORBI_3008G147000	101
SORBI_3008G147101	46
SORBI_3008G147200	248
SORBI_3008G147250	0
SORBI_3008G147300	2019.999
SORBI_3008G147400	29
SORBI_3008G147500	11
SORBI_3008G147600	0
SORBI_3008G147700	143
SORBI_3008G147800	42
SORBI_3008G147900	1968.001
SORBI_3008G148000	2
SORBI_3008G148101	0
SORBI_3008G148200	6
SORBI_3008G148300	33
SORBI_3008G148400	235
SORBI_3008G148500	28
SORBI_3008G148600	0
SORBI_3008G148700	0
SORBI_3008G148900	0
SORBI_3008G149000	28
SORBI_3008G149100	16
SORBI_3008G149200	15.001
SORBI_3008G149300	0
SORBI_3008G149400	0
SORBI_3008G149450	37
SORBI_3008G149500	2
SORBI_3008G149650	2
SORBI_3008G149800	508
SORBI_3008G149900	439
SORBI_3008G150000	949
SORBI_3008G150100	78
SORBI_3008G150150	0
SORBI_3008G150200	126
SORBI_3008G150300	494
SORBI_3008G150400	45
SORBI_3008G150500	1
SORBI_3008G150700	957
SORBI_3008G150800	1
SORBI_3008G151000	41
SORBI_3008G151100	505.998
SORBI_3008G151200	37.002
SORBI_3008G151300	19
SORBI_3008G151366	27.284
SORBI_3008G151432	41.489
SORBI_3008G151500	591.716
SORBI_3008G151600	11
SORBI_3008G151900	8
SORBI_3008G152000	65
SORBI_3008G152100	0
SORBI_3008G152200	0
SORBI_3008G152300	27.511
ENSRNA049437916	0
SORBI_3008G152400	3
SORBI_3008G152500	32
SORBI_3008G152600	938
SORBI_3008G152700	37
SORBI_3008G152800	537
SORBI_3008G152900	130
SORBI_3008G153000	579
SORBI_3008G153200	37
SORBI_3008G153300	0
SORBI_3008G153400	237
SORBI_3008G153500	665
SORBI_3008G153600	207
SORBI_3008G153700	0
SORBI_3008G153801	0
SORBI_3008G153900	0
SORBI_3008G154000	0
SORBI_3008G154100	0
SORBI_3008G154200	0
SORBI_3008G154300	0
SORBI_3008G154400	0
SORBI_3008G154500	0
SORBI_3008G154600	0
SORBI_3008G154700	0
SORBI_3008G154801	0
SORBI_3008G154900	0
SORBI_3008G155000	10.325
SORBI_3008G155150	0
SORBI_3008G155300	0
SORBI_3008G155400	192.675
SORBI_3008G155500	0
SORBI_3008G155600	12
SORBI_3008G155700	1
SORBI_3008G155800	0
SORBI_3008G155900	0
SORBI_3008G156000	0
SORBI_3008G156100	0
SORBI_3008G156200	19
SORBI_3008G156300	432
SORBI_3008G156400	1082.989
SORBI_3008G156500	0
SORBI_3008G156600	1
SORBI_3008G156700	172
SORBI_3008G156800	0
SORBI_3008G156900	136
SORBI_3008G157000	17
SORBI_3008G157100	320
SORBI_3008G157200	1321.682
SORBI_3008G157400	2
SORBI_3008G157500	0
SORBI_3008G157600	228
SORBI_3008G157700	0
SORBI_3008G157800	0
SORBI_3008G157900	0
SORBI_3008G157950	2
SORBI_3008G158000	0
SORBI_3008G158100	15
SORBI_3008G158200	0
SORBI_3008G158266	0
SORBI_3008G158332	0
SORBI_3008G158400	0
SORBI_3008G158501	0
SORBI_3008G158600	0
SORBI_3008G158666	0
SORBI_3008G158732	0
SORBI_3008G158800	0
SORBI_3008G158900	2
SORBI_3008G159000	0
SORBI_3008G159100	234
SORBI_3008G159150	0
SORBI_3008G159200	0
ENSRNA049995780	0
SORBI_3008G159250	44.486
ENSRNA049995776	1.514
SORBI_3008G159300	0
SORBI_3008G159400	40
SORBI_3008G159500	65
SORBI_3008G159601	0
SORBI_3008G159701	157.008
SORBI_3008G159800	0
SORBI_3008G159901	29
SORBI_3008G160000	745.959
SORBI_3008G160100	1
SORBI_3008G160150	0
SORBI_3008G160200	0
SORBI_3008G160300	0
SORBI_3008G160400	140
SORBI_3008G160500	395
SORBI_3008G160600	30.992
SORBI_3008G160700	289
SORBI_3008G161000	1211
SORBI_3008G161100	4
SORBI_3008G161201	0
SORBI_3008G161300	0
SORBI_3008G161401	1
SORBI_3008G161500	56
SORBI_3008G161601	1
SORBI_3008G161700	2755.977
SORBI_3008G161800	686.141
SORBI_3008G161900	0
SORBI_3008G162000	640.969
SORBI_3008G162100	76
SORBI_3008G162201	2
SORBI_3008G162300	16
SORBI_3008G162400	0
SORBI_3008G162600	1
SORBI_3008G162700	0
SORBI_3008G162900	162
SORBI_3008G163000	0
SORBI_3008G163100	0
SORBI_3008G163200	0
SORBI_3008G163300	423.991
SORBI_3008G163400	21
SORBI_3008G163500	403
SORBI_3008G163600	0
SORBI_3008G163700	62.718
SORBI_3008G163750	0
SORBI_3008G163800	42
SORBI_3008G163900	0
SORBI_3008G164000	0
SORBI_3008G164101	0
SORBI_3008G164201	0
SORBI_3008G164300	0
SORBI_3008G164375	0
SORBI_3008G164450	11
SORBI_3008G164525	0
SORBI_3008G164600	159
SORBI_3008G164700	63
SORBI_3008G164800	18
ENSRNA049437892	0
SORBI_3008G164850	37.897
SORBI_3008G164900	0
SORBI_3008G165000	263.003
SORBI_3008G165100	208.551
SORBI_3008G165200	18
SORBI_3008G165233	0
SORBI_3008G165266	0
SORBI_3008G165300	6
SORBI_3008G165401	0
SORBI_3008G165500	0
SORBI_3008G165600	23
SORBI_3008G165700	379
SORBI_3008G165800	91
SORBI_3008G165900	1649
SORBI_3008G166000	0
SORBI_3008G166050	16
SORBI_3008G166100	57.104
SORBI_3008G166200	0
SORBI_3008G166250	0
SORBI_3008G166300	418
SORBI_3008G166400	577.714
SORBI_3008G166550	103.758
SORBI_3008G166700	1
SORBI_3008G166800	0
SORBI_3008G166900	0
SORBI_3008G167000	0
SORBI_3008G167100	0
SORBI_3008G167200	600.966
SORBI_3008G167300	18
SORBI_3008G167401	3
SORBI_3008G167500	91.528
SORBI_3008G167400	5
SORBI_3008G167600	589.561
SORBI_3008G167700	88
SORBI_3008G167800	253
SORBI_3008G167900	0
SORBI_3008G168000	44.999
SORBI_3008G168100	524
SORBI_3008G168200	91
SORBI_3008G168300	324
SORBI_3008G168400	1
SORBI_3008G168500	0
SORBI_3008G168600	1
SORBI_3008G168650	0
SORBI_3008G168700	3.039
SORBI_3008G168800	3
SORBI_3008G168866	0
SORBI_3008G168932	0
SORBI_3008G169000	0
SORBI_3008G169101	0
SORBI_3008G169200	605
SORBI_3008G169300	12.999
SORBI_3008G169400	464
SORBI_3008G169500	0
SORBI_3008G169650	18.995
SORBI_3008G169800	34.005
SORBI_3008G170000	129
SORBI_3008G170100	0
SORBI_3008G170250	0
SORBI_3008G170400	0
SORBI_3008G170500	0
SORBI_3008G170600	8
SORBI_3008G170800	60
SORBI_3008G170700	9
SORBI_3008G170900	0
SORBI_3008G171000	56
SORBI_3008G171050	0
SORBI_3008G171100	0
SORBI_3008G171200	0
SORBI_3008G171300	298
SORBI_3008G171400	135
SORBI_3008G171500	20
SORBI_3008G171600	0
SORBI_3008G171700	148
SORBI_3008G171800	153
SORBI_3008G171900	3
SORBI_3008G172000	0
SORBI_3008G172100	292.832
SORBI_3008G172200	0
SORBI_3008G172300	168
SORBI_3008G172400	0
SORBI_3008G172500	1
SORBI_3008G172600	6
SORBI_3008G172700	22
SORBI_3008G172800	3
SORBI_3008G172900	1
SORBI_3008G173000	720
SORBI_3008G173100	124
SORBI_3008G173200	0
SORBI_3008G173300	0
SORBI_3008G173400	321
ENSRNA049483096	0
SORBI_3008G173500	1
SORBI_3008G173601	0
SORBI_3008G173700	0
SORBI_3008G173800	246.71
SORBI_3008G173900	1427.324
SORBI_3008G174000	0
SORBI_3008G174100	96.999
SORBI_3008G174200	19
SORBI_3008G174300	791.989
SORBI_3008G174400	0
SORBI_3008G174500	2
SORBI_3008G174650	162
SORBI_3008G174800	11
SORBI_3008G174850	0
SORBI_3008G174900	296
SORBI_3008G174966	19
SORBI_3008G175032	18
SORBI_3008G175100	100.998
SORBI_3008G175200	0
SORBI_3008G175300	2
SORBI_3008G175400	13
SORBI_3008G175501	2
SORBI_3008G175600	0
SORBI_3008G175700	1
SORBI_3008G175800	580
SORBI_3008G175900	49
SORBI_3008G175933	0
SORBI_3008G175966	0
SORBI_3008G176000	238
SORBI_3008G176100	0
SORBI_3008G176200	0
SORBI_3008G176233	0
SORBI_3008G176266	0
SORBI_3008G176300	1
SORBI_3008G176401	0
SORBI_3008G176500	0
SORBI_3008G176600	0
SORBI_3008G176666	0
SORBI_3008G176732	1
SORBI_3008G176800	159
SORBI_3008G176900	22
SORBI_3008G177001	0
SORBI_3008G177100	108.145
SORBI_3008G177200	2616.965
SORBI_3008G177400	0
SORBI_3008G177600	0
SORBI_3008G177700	0
SORBI_3008G177750	0
SORBI_3008G177800	288
SORBI_3008G177850	556
SORBI_3008G177900	333.968
SORBI_3008G177950	5.598
SORBI_3008G178000	126.337
SORBI_3008G178100	1261.282
SORBI_3008G178200	542.515
SORBI_3008G178300	557.043
SORBI_3008G178400	33.065
SORBI_3008G178450	2.342
SORBI_3008G178500	160.056
SORBI_3008G178533	1
SORBI_3008G178566	14.914
SORBI_3008G178600	50.79
SORBI_3008G178701	0
SORBI_3008G178800	10965.703
SORBI_3008G178901	0
SORBI_3008G179000	24
SORBI_3008G179100	0
SORBI_3008G179200	0
SORBI_3008G179400	0
SORBI_3008G179500	635
SORBI_3008G179600	1
SORBI_3008G179700	301
SORBI_3008G179800	79
SORBI_3008G179900	2548.787
SORBI_3008G180000	0
SORBI_3008G180200	0
SORBI_3008G180300	4.274
SORBI_3008G180400	11
SORBI_3008G180500	17
SORBI_3008G180550	0
SORBI_3008G180600	0
SORBI_3008G180701	0
SORBI_3008G180800	74
SORBI_3008G180900	794.003
SORBI_3008G181000	0
SORBI_3008G181050	0
SORBI_3008G181100	0
SORBI_3008G181200	0
SORBI_3008G181250	5
SORBI_3008G181300	38
SORBI_3008G181400	17
SORBI_3008G181600	0
SORBI_3008G181701	0
SORBI_3008G181801	97
SORBI_3008G181900	0
SORBI_3008G182000	0
SORBI_3008G182100	0
SORBI_3008G182200	0
SORBI_3008G182300	2
SORBI_3008G182350	0
SORBI_3008G182400	3
SORBI_3008G182500	0
SORBI_3008G182600	54
SORBI_3008G182700	16.427
SORBI_3008G182800	19.573
SORBI_3008G182900	3
SORBI_3008G183000	0
SORBI_3008G183100	0
SORBI_3008G183150	0
SORBI_3008G183200	0
SORBI_3008G183300	0
SORBI_3008G183400	63.406
SORBI_3008G183500	0
SORBI_3008G183600	4.002
SORBI_3008G183700	170.302
SORBI_3008G183800	0
SORBI_3008G183900	18
SORBI_3008G184000	0
SORBI_3008G184100	0
SORBI_3008G184201	0
SORBI_3008G184300	0
SORBI_3008G184400	0
SORBI_3008G184500	0
SORBI_3008G184600	3
SORBI_3008G184700	0
SORBI_3008G184800	0
SORBI_3008G184900	41.873
SORBI_3008G185000	0
SORBI_3008G185066	6
SORBI_3008G185132	0
SORBI_3008G185200	85.126
SORBI_3008G185300	4
SORBI_3008G185400	1236
SORBI_3008G185500	388
SORBI_3008G185600	166
SORBI_3008G185800	197
ENSRNA049437857	0
SORBI_3008G185900	10865.903
SORBI_3008G186000	14
SORBI_3008G186100	16
SORBI_3008G186200	468.598
SORBI_3008G186300	262.99
SORBI_3008G186400	15
SORBI_3008G186500	15
SORBI_3008G186600	21
SORBI_3008G186700	0
SORBI_3008G186800	1
SORBI_3008G186900	0
SORBI_3008G187001	6
SORBI_3008G187100	68
SORBI_3008G187200	1
SORBI_3008G187300	23
SORBI_3008G187400	99.039
SORBI_3008G187450	1
SORBI_3008G187500	2
SORBI_3008G187566	0
SORBI_3008G187632	0
SORBI_3008G187700	0
SORBI_3008G187800	88
SORBI_3008G187900	28
ENSRNA049437879	0
SORBI_3008G188000	54
SORBI_3008G188100	21
SORBI_3008G188200	0
SORBI_3008G188300	0
SORBI_3008G188400	27
SORBI_3008G188500	0
SORBI_3008G188600	79
SORBI_3008G188700	289
SORBI_3008G188800	20
SORBI_3008G188900	1499.004
SORBI_3008G188950	0
SORBI_3008G189000	0
SORBI_3008G189100	47
SORBI_3008G189200	297
SORBI_3008G189300	342
SORBI_3008G189400	3266.9
SORBI_3008G189500	0
SORBI_3008G189600	7
SORBI_3008G189700	3
SORBI_3008G189800	0
SORBI_3008G189900	137.01
SORBI_3008G190000	6
SORBI_3008G190100	871.046
SORBI_3008G190200	23.726
SORBI_3008G190300	0
SORBI_3008G190400	30
SORBI_3008G190500	879.033
SORBI_3008G190600	66
SORBI_3008G190700	426.004
SORBI_3008G190800	1
SORBI_3008G190900	83
SORBI_3008G191000	59
SORBI_3008G191100	82
SORBI_3008G191200	183.834
SORBI_3008G191300	39
SORBI_3008G191400	91
SORBI_3008G191500	65
SORBI_3008G191600	74
SORBI_3008G191700	0
SORBI_3008G191800	0
SORBI_3008G191850	11
SORBI_3008G191900	0
SORBI_3008G192000	483
SORBI_3008G192100	1
SORBI_3008G192200	0
SORBI_3008G192300	102
SORBI_3008G192400	2
SORBI_3008G192500	18
SORBI_3008G192600	813
SORBI_3008G192700	773
SORBI_3008G192800	885.643
SORBI_3008G192900	1243.238
SORBI_3008G193000	6
SORBI_3008G193200	12
SORBI_3008G193300	1161.531
SORBI_3008G193400	10.624
SORBI_3009G000100	192.006
SORBI_3009G000200	1004.085
SORBI_3009G000300	157
SORBI_3009G000400	1633.025
SORBI_3009G000500	1452.842
SORBI_3009G000600	3
SORBI_3009G000700	74.677
SORBI_3009G000801	6.323
SORBI_3009G000900	5
SORBI_3009G001000	1
SORBI_3009G001100	23
SORBI_3009G001200	156
SORBI_3009G001300	108.999
SORBI_3009G001400	1239
SORBI_3009G001500	1244.026
SORBI_3009G001600	0
SORBI_3009G001700	12
SORBI_3009G001800	121
SORBI_3009G001900	170
SORBI_3009G002000	414
SORBI_3009G002100	12
SORBI_3009G002200	3
SORBI_3009G002300	241
SORBI_3009G002400	19
SORBI_3009G002500	0
SORBI_3009G002600	41
SORBI_3009G002700	0
SORBI_3009G002800	38
SORBI_3009G002900	2
SORBI_3009G003000	937
SORBI_3009G003300	606.187
SORBI_3009G003400	0
SORBI_3009G003500	1
SORBI_3009G003600	8
SORBI_3009G003700	1101.729
SORBI_3009G003800	76
SORBI_3009G003900	139
SORBI_3009G004000	0
SORBI_3009G004100	82
SORBI_3009G004200	307
SORBI_3009G004300	447
SORBI_3009G004400	52
SORBI_3009G004500	4.016
SORBI_3009G004600	508.984
SORBI_3009G004700	643
SORBI_3009G004800	113
SORBI_3009G004900	3.076
SORBI_3009G004950	11.93
SORBI_3009G005000	9
SORBI_3009G005100	310.98
SORBI_3009G005200	0
SORBI_3009G005300	0
SORBI_3009G005400	1156.003
ENSRNA049444139	0
ENSRNA049444134	0
SORBI_3009G005500	794
SORBI_3009G005600	0
SORBI_3009G005700	29
SORBI_3009G005800	18.197
SORBI_3009G005750	0
SORBI_3009G005900	4529.543
SORBI_3009G006000	146
SORBI_3009G006100	3699.878
SORBI_3009G006200	54
SORBI_3009G006300	2
SORBI_3009G006400	0
SORBI_3009G006500	7
SORBI_3009G006600	2
SORBI_3009G006700	0
SORBI_3009G006800	0
SORBI_3009G006900	95
SORBI_3009G007100	0
ENSRNA049444126	0
SORBI_3009G007200	94.813
SORBI_3009G007300	0
SORBI_3009G007500	0
SORBI_3009G007600	4.93
SORBI_3009G007700	350.07
SORBI_3009G007800	235
SORBI_3009G007901	0
SORBI_3009G008000	0
SORBI_3009G008100	1341.473
SORBI_3009G008200	134
SORBI_3009G008300	0
SORBI_3009G008400	10.001
SORBI_3009G008600	203.449
SORBI_3009G008701	0
SORBI_3009G008800	0
SORBI_3009G008900	1134.798
SORBI_3009G009000	0
SORBI_3009G009100	11.991
SORBI_3009G009200	77
SORBI_3009G009300	0
SORBI_3009G009400	1
SORBI_3009G009500	17
SORBI_3009G009600	123
SORBI_3009G009700	43
SORBI_3009G009800	2
SORBI_3009G009900	0
SORBI_3009G010000	0
SORBI_3009G010150	0
SORBI_3009G010300	521.789
SORBI_3009G010400	1123.838
SORBI_3009G010600	390.162
SORBI_3009G010700	15
SORBI_3009G010800	0
SORBI_3009G010900	132
SORBI_3009G011000	1
SORBI_3009G011050	0
SORBI_3009G011100	2
SORBI_3009G011200	0
SORBI_3009G011300	0
SORBI_3009G011400	98
SORBI_3009G011500	35
SORBI_3009G011600	124
SORBI_3009G011700	964.419
SORBI_3009G011800	3
SORBI_3009G011901	34.451
SORBI_3009G012000	37.549
SORBI_3009G012100	0
SORBI_3009G012200	1
SORBI_3009G012300	1
SORBI_3009G012400	0
SORBI_3009G012500	0
SORBI_3009G012550	1
SORBI_3009G012600	92
SORBI_3009G012700	216
SORBI_3009G012800	19
SORBI_3009G012900	0
SORBI_3009G013000	544.193
SORBI_3009G013100	716.735
SORBI_3009G013200	5.012
SORBI_3009G013300	252.306
SORBI_3009G013400	72
SORBI_3009G013600	0
SORBI_3009G013700	80
SORBI_3009G013800	21
SORBI_3009G013850	0
SORBI_3009G013900	1531
SORBI_3009G014100	82
SORBI_3009G014000	52
SORBI_3009G014200	81
SORBI_3009G014266	16
SORBI_3009G014332	15
SORBI_3009G014400	3
SORBI_3009G014500	13.004
SORBI_3009G014600	0
SORBI_3009G014700	1
SORBI_3009G014800	0
SORBI_3009G014900	0
SORBI_3009G015000	433.045
SORBI_3009G015100	607
SORBI_3009G015133	0
SORBI_3009G015166	0
SORBI_3009G015200	1
SORBI_3009G015300	0
SORBI_3009G015400	7
SORBI_3009G015500	0
SORBI_3009G015600	0
SORBI_3009G015700	466
SORBI_3009G015800	923
SORBI_3009G015900	11
SORBI_3009G016000	919
SORBI_3009G016100	1
SORBI_3009G016201	241
SORBI_3009G016300	0
SORBI_3009G016400	152
SORBI_3009G016500	136
SORBI_3009G016600	2134
SORBI_3009G016633	938
SORBI_3009G016666	23
SORBI_3009G016700	0
SORBI_3009G016800	73.519
SORBI_3009G016900	0
SORBI_3009G017000	0
SORBI_3009G017100	0
SORBI_3009G017200	231
SORBI_3009G017300	0
SORBI_3009G017400	301
SORBI_3009G017500	392.002
SORBI_3009G017600	395.008
SORBI_3009G017666	1
SORBI_3009G017732	0
SORBI_3009G017800	2218
SORBI_3009G018000	8
SORBI_3009G018100	0
SORBI_3009G018200	0
SORBI_3009G018300	2
SORBI_3009G018450	3
SORBI_3009G018600	0
SORBI_3009G018700	0
SORBI_3009G018800	0
SORBI_3009G018900	6
SORBI_3009G019000	4
SORBI_3009G019100	17
SORBI_3009G019200	317
SORBI_3009G019301	0
SORBI_3009G019400	0
SORBI_3009G019550	0
SORBI_3009G019700	0
SORBI_3009G019800	40
SORBI_3009G019900	0
SORBI_3009G020000	0
ENSRNA049443316	0
SORBI_3009G020100	78
SORBI_3009G020200	0
SORBI_3009G020300	0
SORBI_3009G020500	1043.81
SORBI_3009G020600	2
SORBI_3009G020700	11
SORBI_3009G020800	0
SORBI_3009G020900	474
SORBI_3009G020950	7
SORBI_3009G021000	0
SORBI_3009G021050	0
SORBI_3009G021100	0
SORBI_3009G021300	0
SORBI_3009G021400	0
SORBI_3009G021500	4
SORBI_3009G021600	0
SORBI_3009G021700	0
SORBI_3009G021800	0
SORBI_3009G021900	432.066
SORBI_3009G022000	53.007
SORBI_3009G022100	669
SORBI_3009G022200	2185.277
SORBI_3009G022400	677
ENSRNA049480000	0
ENSRNA049479980	0
SORBI_3009G022500	34.993
SORBI_3009G022600	5.105
SORBI_3009G022700	24.895
SORBI_3009G022800	234
SORBI_3009G022900	1
SORBI_3009G023050	0
SORBI_3009G023200	3697.895
SORBI_3009G023300	0
SORBI_3009G023401	565
SORBI_3009G023501	0
SORBI_3009G023600	50
SORBI_3009G023700	26
SORBI_3009G023801	53
SORBI_3009G023900	0
SORBI_3009G024000	373
SORBI_3009G024100	52
SORBI_3009G024133	0
SORBI_3009G024166	0
SORBI_3009G024200	800.413
SORBI_3009G024300	125
SORBI_3009G024400	88
SORBI_3009G024500	26
SORBI_3009G024600	152
SORBI_3009G024650	0
SORBI_3009G024700	0
SORBI_3009G024800	14
SORBI_3009G024900	5
SORBI_3009G025000	0
SORBI_3009G025100	5
SORBI_3009G025200	56
SORBI_3009G025300	0
SORBI_3009G025400	1
SORBI_3009G025500	0
SORBI_3009G025600	0
ENSRNA049443353	0
SORBI_3009G025700	30.568
ENSRNA049443369	0
SORBI_3009G025750	0
SORBI_3009G025800	1646.811
SORBI_3009G025900	1
SORBI_3009G025950	0
SORBI_3009G026000	0
SORBI_3009G026101	95
SORBI_3009G026200	3053
SORBI_3009G026300	94
SORBI_3009G026400	0
SORBI_3009G026500	1378
SORBI_3009G026600	0
SORBI_3009G026650	0
SORBI_3009G026700	0
SORBI_3009G026800	26
SORBI_3009G026850	0
SORBI_3009G026900	1
SORBI_3009G027000	313
SORBI_3009G027100	80
SORBI_3009G027200	6
SORBI_3009G027300	1321
SORBI_3009G027350	8
SORBI_3009G027550	33
SORBI_3009G027400	0
SORBI_3009G027700	9
SORBI_3009G027800	573
SORBI_3009G027900	580
SORBI_3009G028100	32
SORBI_3009G028200	15
SORBI_3009G028300	123
SORBI_3009G028400	169
SORBI_3009G028500	2734
SORBI_3009G028600	1
SORBI_3009G028650	0
SORBI_3009G028700	0
SORBI_3009G028800	34
SORBI_3009G028901	47.971
SORBI_3009G029001	5
SORBI_3009G029100	0
SORBI_3009G029300	0
SORBI_3009G029500	419.223
SORBI_3009G029600	1294
SORBI_3009G029700	228
SORBI_3009G029800	0
SORBI_3009G029900	0
SORBI_3009G030001	0
SORBI_3009G030100	1247.713
ENSRNA049479941	0
SORBI_3009G030200	1145.044
SORBI_3009G030300	303.051
SORBI_3009G030400	310
SORBI_3009G030501	0
SORBI_3009G030600	153
SORBI_3009G030701	1
SORBI_3009G030800	80
SORBI_3009G030900	99
SORBI_3009G031000	1
SORBI_3009G031100	33.441
SORBI_3009G031200	273
SORBI_3009G031300	35
SORBI_3009G031400	176
SORBI_3009G031450	12
SORBI_3009G031500	76
SORBI_3009G031600	51
SORBI_3009G031700	0
SORBI_3009G031800	0
SORBI_3009G031900	0
SORBI_3009G032000	10
SORBI_3009G032100	7
SORBI_3009G032200	362.999
SORBI_3009G032300	1351.483
SORBI_3009G032350	0
SORBI_3009G032400	417.498
SORBI_3009G032500	89
SORBI_3009G032533	0
SORBI_3009G032566	0
SORBI_3009G032600	141
SORBI_3009G032700	0
SORBI_3009G032800	0
SORBI_3009G032900	0
SORBI_3009G033000	28.363
SORBI_3009G033100	159
SORBI_3009G033200	1357.039
SORBI_3009G033300	135.758
SORBI_3009G033400	66
SORBI_3009G033500	46.926
SORBI_3009G033600	11977.11
SORBI_3009G033700	2526
SORBI_3009G033800	47
SORBI_3009G033900	132
SORBI_3009G034000	19
SORBI_3009G034100	49
SORBI_3009G034200	159
SORBI_3009G034250	0
SORBI_3009G034300	545.815
SORBI_3009G034400	31
SORBI_3009G034500	1
SORBI_3009G034600	415
SORBI_3009G034700	4148.946
SORBI_3009G034800	17
SORBI_3009G035000	17
SORBI_3009G035100	23.25
SORBI_3009G035200	2.75
SORBI_3009G035300	0
SORBI_3009G035400	0
SORBI_3009G035500	0
SORBI_3009G035601	0
SORBI_3009G035700	0
SORBI_3009G035900	0
SORBI_3009G036000	1739.349
SORBI_3009G036100	6482.87
SORBI_3009G036200	223.061
SORBI_3009G036300	175
SORBI_3009G036333	14
SORBI_3009G036366	0
SORBI_3009G036400	456
SORBI_3009G036450	0
SORBI_3009G036500	11
SORBI_3009G036700	224
SORBI_3009G036800	5
SORBI_3009G036900	637
SORBI_3009G037000	310
SORBI_3009G037050	0
SORBI_3009G037100	0
SORBI_3009G037200	0
SORBI_3009G037300	0
SORBI_3009G037400	0
SORBI_3009G037500	1
SORBI_3009G037600	129
SORBI_3009G037700	32
SORBI_3009G037800	1478.001
SORBI_3009G038000	32
SORBI_3009G038100	45
SORBI_3009G038200	30
SORBI_3009G038300	18
SORBI_3009G038401	18
SORBI_3009G038501	0
SORBI_3009G038600	96
SORBI_3009G038701	384
SORBI_3009G038800	5
SORBI_3009G038900	1290.155
SORBI_3009G039000	0
SORBI_3009G039100	0
SORBI_3009G039200	0
SORBI_3009G039300	0
SORBI_3009G039400	0
SORBI_3009G039500	0
SORBI_3009G039600	0
SORBI_3009G039700	0
SORBI_3009G039800	71
SORBI_3009G039900	0
SORBI_3009G040000	0
SORBI_3009G040100	0
SORBI_3009G040175	11
SORBI_3009G040250	87
SORBI_3009G040325	41
SORBI_3009G040400	360
SORBI_3009G040500	740.383
SORBI_3009G040600	662.991
SORBI_3009G040700	1262.147
ENSRNA049444114	0
SORBI_3009G040800	245
SORBI_3009G040900	88
SORBI_3009G041000	5
SORBI_3009G041100	0
SORBI_3009G041200	0
SORBI_3009G041301	1
SORBI_3009G041400	111
SORBI_3009G041600	47
SORBI_3009G041700	455
SORBI_3009G041800	463
SORBI_3009G041900	0
SORBI_3009G042000	13
SORBI_3009G042100	327
SORBI_3009G042200	153
SORBI_3009G042300	21
SORBI_3009G042400	16
SORBI_3009G042500	22
SORBI_3009G042600	82
SORBI_3009G042700	927.077
SORBI_3009G042800	9
SORBI_3009G042900	95
SORBI_3009G043000	319
SORBI_3009G043100	46
SORBI_3009G043200	0
SORBI_3009G043400	9
SORBI_3009G043500	85
SORBI_3009G043600	207
SORBI_3009G043700	13
SORBI_3009G043800	4
SORBI_3009G043900	4
SORBI_3009G044000	0
SORBI_3009G044100	0
SORBI_3009G044200	0
SORBI_3009G044300	101
SORBI_3009G044400	113.461
SORBI_3009G044501	0
SORBI_3009G044600	167.539
SORBI_3009G044700	36
SORBI_3009G044800	3073.636
SORBI_3009G044900	892
ENSRNA049479993	0
SORBI_3009G045000	338.397
SORBI_3009G045100	455.23
SORBI_3009G045200	160
SORBI_3009G045300	115
SORBI_3009G045400	44
SORBI_3009G045500	5.054
SORBI_3009G045600	26
SORBI_3009G045700	71
SORBI_3009G045800	252
SORBI_3009G045900	267
SORBI_3009G046000	0
SORBI_3009G046100	543.525
SORBI_3009G046200	5
SORBI_3009G046300	0
SORBI_3009G046400	0
SORBI_3009G046500	10
SORBI_3009G046600	2736
SORBI_3009G046700	606
SORBI_3009G046800	1210.903
SORBI_3009G046900	87
SORBI_3009G047000	8
SORBI_3009G047033	0
SORBI_3009G047066	0
SORBI_3009G047100	0
SORBI_3009G047200	2412.729
SORBI_3009G047150	0
SORBI_3009G047400	0
SORBI_3009G047500	0
SORBI_3009G047600	7
SORBI_3009G047700	25
SORBI_3009G047800	0
SORBI_3009G047900	0
SORBI_3009G048000	34
SORBI_3009G048100	29
SORBI_3009G048201	0
SORBI_3009G048300	0
SORBI_3009G048350	0
SORBI_3009G048400	0
SORBI_3009G048466	0
SORBI_3009G048532	0
SORBI_3009G048600	0
SORBI_3009G048700	0
SORBI_3009G048800	107
ENSRNA049995770	0
SORBI_3009G048900	0
SORBI_3009G049000	1
SORBI_3009G049100	0
SORBI_3009G049200	203
SORBI_3009G049300	377
SORBI_3009G049400	1331.126
SORBI_3009G049500	0
SORBI_3009G049600	42.253
SORBI_3009G049701	0
SORBI_3009G049800	234.793
SORBI_3009G049850	0
SORBI_3009G049900	20.109
SORBI_3009G050000	703
SORBI_3009G050100	284
SORBI_3009G050200	55
SORBI_3009G050300	2821.175
ENSRNA049479997	0
SORBI_3009G050400	306
SORBI_3009G050500	455.262
SORBI_3009G050600	28
SORBI_3009G050700	3542.506
SORBI_3009G050800	0
SORBI_3009G050900	360
SORBI_3009G051001	0
SORBI_3009G051101	0
SORBI_3009G051201	0
SORBI_3009G051301	0
SORBI_3009G051400	1
SORBI_3009G051500	20
SORBI_3009G051600	906.062
SORBI_3009G051700	334.392
ENSRNA049444086	0
SORBI_3009G051800	9
SORBI_3009G051900	0
SORBI_3009G052000	23
SORBI_3009G052100	232
SORBI_3009G052200	522
SORBI_3009G052300	0
SORBI_3009G052400	0
SORBI_3009G052500	123
SORBI_3009G052600	1543.293
SORBI_3009G052700	118
SORBI_3009G052800	0
SORBI_3009G052901	18
SORBI_3009G053001	0
SORBI_3009G053101	106.731
SORBI_3009G053201	9
SORBI_3009G053300	3
SORBI_3009G053400	11
SORBI_3009G053500	0
SORBI_3009G053600	116
SORBI_3009G053700	1.005
SORBI_3009G053800	625.343
SORBI_3009G053900	1350.076
SORBI_3009G054000	153.86
SORBI_3009G054100	82
SORBI_3009G054200	108
SORBI_3009G054301	704
SORBI_3009G054400	44
SORBI_3009G054450	0
SORBI_3009G054500	110.001
SORBI_3009G054600	322
SORBI_3009G054700	233
SORBI_3009G054800	1202.798
SORBI_3009G054900	134
SORBI_3009G055000	1
SORBI_3009G055100	54
SORBI_3009G055200	41
SORBI_3009G055300	3
ENSRNA049443400	0
SORBI_3009G055400	387
SORBI_3009G055500	3
SORBI_3009G055550	16
SORBI_3009G055600	645
SORBI_3009G055700	2
SORBI_3009G055800	35
SORBI_3009G055900	284
SORBI_3009G055966	0
SORBI_3009G056032	0
SORBI_3009G056100	2
SORBI_3009G056200	2091.325
SORBI_3009G056300	213
SORBI_3009G056400	1
SORBI_3009G056500	681
SORBI_3009G056600	0
SORBI_3009G056700	411
SORBI_3009G056800	184
SORBI_3009G056900	0
SORBI_3009G056950	0
SORBI_3009G057000	0
SORBI_3009G057100	1.634
SORBI_3009G057200	65
SORBI_3009G057300	384.009
SORBI_3009G057400	141
SORBI_3009G057500	112
SORBI_3009G057600	96
SORBI_3009G057700	56
SORBI_3009G057750	0
ENSRNA049444059	0
SORBI_3009G057800	18
SORBI_3009G057900	670.993
ENSRNA049443413	0
ENSRNA049995762	0
SORBI_3009G058100	0
SORBI_3009G058200	0
SORBI_3009G058300	0
SORBI_3009G058400	0
SORBI_3009G058500	59
SORBI_3009G058600	0
SORBI_3009G058800	2
ENSRNA049443429	0
SORBI_3009G059000	22
SORBI_3009G058900	0
SORBI_3009G059100	0
SORBI_3009G059200	0
SORBI_3009G059300	235
SORBI_3009G059400	256
SORBI_3009G059500	511
SORBI_3009G059600	53
SORBI_3009G059700	649
SORBI_3009G059800	0
SORBI_3009G059866	0
SORBI_3009G059932	0
SORBI_3009G060000	0
SORBI_3009G060100	0
SORBI_3009G060300	160
SORBI_3009G060400	56
SORBI_3009G060501	0
SORBI_3009G060600	0
SORBI_3009G060700	0
SORBI_3009G060800	0
SORBI_3009G060900	0
SORBI_3009G061000	75
SORBI_3009G061100	0
SORBI_3009G061200	30
SORBI_3009G061300	8
SORBI_3009G061400	2
SORBI_3009G061500	0
SORBI_3009G061601	1.001
SORBI_3009G061700	2.832
SORBI_3009G061800	0
SORBI_3009G061900	0
SORBI_3009G062000	280
SORBI_3009G062150	0
SORBI_3009G062300	0
SORBI_3009G062400	704
SORBI_3009G062500	62.112
SORBI_3009G062600	0
SORBI_3009G062701	82.615
SORBI_3009G062800	212.093
SORBI_3009G062900	439
SORBI_3009G063000	0
SORBI_3009G063100	101
SORBI_3009G063200	4
SORBI_3009G063301	260.011
SORBI_3009G063400	2760.018
SORBI_3009G063450	4
SORBI_3009G063500	12
SORBI_3009G063700	0
SORBI_3009G063800	85
SORBI_3009G063900	75
SORBI_3009G064000	104
SORBI_3009G064100	0
SORBI_3009G064200	28
SORBI_3009G064250	0
SORBI_3009G064300	1
SORBI_3009G064400	60
SORBI_3009G064500	2
SORBI_3009G064600	0
SORBI_3009G064700	0
SORBI_3009G064766	303.989
SORBI_3009G064832	1
SORBI_3009G064900	197.005
SORBI_3009G065000	385
SORBI_3009G065100	840
SORBI_3009G065200	446
SORBI_3009G065300	104
SORBI_3009G065400	1136.703
SORBI_3009G065500	0
SORBI_3009G065600	208
SORBI_3009G065700	0
SORBI_3009G065800	0
SORBI_3009G065900	206
SORBI_3009G066000	4
SORBI_3009G066100	1
SORBI_3009G066200	43
SORBI_3009G066300	2
SORBI_3009G066400	156
SORBI_3009G066500	5
SORBI_3009G066600	2
SORBI_3009G066700	0
SORBI_3009G066800	136
SORBI_3009G066850	0
SORBI_3009G066900	3735.442
SORBI_3009G067000	1490.558
ENSRNA049443446	0
SORBI_3009G067100	0
SORBI_3009G067200	25
SORBI_3009G067301	5
SORBI_3009G067400	70
SORBI_3009G067450	0
SORBI_3009G067501	4
SORBI_3009G067551	110.598
SORBI_3009G067600	0
SORBI_3009G067700	0
SORBI_3009G067800	0
SORBI_3009G068000	107
ENSRNA049444042	0
SORBI_3009G068100	86
SORBI_3009G068200	293
SORBI_3009G068300	66
SORBI_3009G068350	0
SORBI_3009G068400	0
SORBI_3009G068500	1706
SORBI_3009G068600	3
SORBI_3009G068700	684
SORBI_3009G068800	42
SORBI_3009G068900	751.998
SORBI_3009G069000	337
ENSRNA049479815	0
ENSRNA049479757	0
ENSRNA049479887	0
ENSRNA049479862	0
ENSRNA049479914	0
ENSRNA049479723	0
ENSRNA049479718	0
ENSRNA049479597	0
ENSRNA049479824	0
ENSRNA049479791	0
ENSRNA049479599	0
ENSRNA049479694	0
ENSRNA049479802	0
ENSRNA049479923	0
ENSRNA049479603	0
ENSRNA049479792	0
ENSRNA049479646	0
ENSRNA049478998	0
ENSRNA049479805	0
ENSRNA049479001	0
ENSRNA049479005	0
ENSRNA049479008	0
ENSRNA049479654	0
ENSRNA049478964	0
ENSRNA049479826	0
ENSRNA049479617	0
ENSRNA049479010	0
ENSRNA049479015	0
ENSRNA049479017	0
ENSRNA049479019	0
ENSRNA049479727	0
ENSRNA049479656	0
ENSRNA049479846	0
ENSRNA049479749	0
ENSRNA049479023	0
ENSRNA049479026	0
ENSRNA049479030	0
ENSRNA049479032	0
ENSRNA049479034	0
ENSRNA049479038	0
ENSRNA049479671	0
ENSRNA049479746	0
ENSRNA049479042	0
ENSRNA049479813	0
ENSRNA049479046	0
ENSRNA049479049	0
ENSRNA049479056	0
ENSRNA049479058	0
ENSRNA049478967	0
ENSRNA049479062	0
ENSRNA049479064	0
ENSRNA049479638	0
ENSRNA049479930	0
ENSRNA049479070	0
ENSRNA049479073	0
ENSRNA049479775	0
ENSRNA049479762	0
ENSRNA049479841	0
ENSRNA049479771	0
ENSRNA049479076	0
ENSRNA049479080	0
ENSRNA049479083	0
SORBI_3009G069100	0
ENSRNA049479779	0
ENSRNA049479086	0
ENSRNA049479095	0
ENSRNA049479100	0
ENSRNA049479103	0
ENSRNA049478972	0
ENSRNA049478976	0
ENSRNA049479933	0
ENSRNA049479108	0
ENSRNA049479111	0
ENSRNA049479117	0
ENSRNA049479121	0
ENSRNA049478978	0
ENSRNA049479830	0
ENSRNA049479794	0
ENSRNA049479606	0
ENSRNA049479697	0
ENSRNA049479807	0
ENSRNA049479927	0
ENSRNA049479610	0
ENSRNA049479720	0
ENSRNA049479613	0
ENSRNA049479124	0
ENSRNA049479128	0
ENSRNA049479133	0
ENSRNA049479138	0
ENSRNA049479142	0
ENSRNA049479146	0
ENSRNA049479149	0
ENSRNA049479687	0
ENSRNA049479154	0
ENSRNA049479161	0
ENSRNA049479165	0
ENSRNA049479171	0
ENSRNA049479172	0
ENSRNA049479180	0
ENSRNA049479766	0
ENSRNA049479182	0
ENSRNA049479189	0
ENSRNA049479193	0
ENSRNA049479195	0
ENSRNA049479818	0
ENSRNA049479938	0
ENSRNA049479882	0
ENSRNA049479851	0
ENSRNA049479198	0
ENSRNA049479200	0
ENSRNA049479704	0
ENSRNA049479636	0
ENSRNA049479206	0
ENSRNA049479208	0
ENSRNA049479652	0
ENSRNA049479834	0
ENSRNA049479212	0
ENSRNA049479215	0
ENSRNA049479216	0
ENSRNA049479936	0
ENSRNA049479220	0
ENSRNA049479224	0
ENSRNA049479227	0
ENSRNA049479229	0
ENSRNA049479628	0
ENSRNA049479661	0
ENSRNA049479621	0
ENSRNA049479625	0
ENSRNA049479232	0
ENSRNA049479236	0
ENSRNA049479240	0
ENSRNA049479714	0
ENSRNA049479893	0
ENSRNA049479241	0
ENSRNA049479245	0
ENSRNA049479249	0
ENSRNA049479252	0
ENSRNA049479648	0
ENSRNA049479256	0
ENSRNA049479260	0
ENSRNA049479263	0
ENSRNA049479265	0
ENSRNA049479267	0
ENSRNA049479681	0
ENSRNA049479268	0
ENSRNA049479726	0
ENSRNA049479272	0
ENSRNA049479274	0
ENSRNA049479782	0
ENSRNA049479277	0
ENSRNA049479281	0
ENSRNA049479939	0
ENSRNA049479691	0
ENSRNA049479285	0
ENSRNA049478980	0
ENSRNA049479903	0
ENSRNA049479291	0
ENSRNA049479295	0
ENSRNA049479300	0
ENSRNA049479304	0
ENSRNA049479306	0
ENSRNA049479308	0
ENSRNA049479314	0
ENSRNA049479631	0
ENSRNA049478991	0
ENSRNA049479319	0
ENSRNA049479811	0
ENSRNA049479320	0
ENSRNA049479323	0
ENSRNA049479326	0
ENSRNA049479329	0
ENSRNA049479332	0
ENSRNA049479335	0
ENSRNA049479337	0
ENSRNA049479340	0
ENSRNA049479342	0
ENSRNA049479346	0
ENSRNA049479349	0
ENSRNA049479355	0
ENSRNA049479799	0
ENSRNA049479360	0
ENSRNA049479364	0
ENSRNA049479371	0
ENSRNA049479376	0
ENSRNA049479378	0
ENSRNA049479382	0
ENSRNA049479386	0
ENSRNA049479388	0
ENSRNA049479393	0
ENSRNA049479397	0
ENSRNA049479399	0
ENSRNA049479836	0
ENSRNA049479405	0
ENSRNA049479407	0
ENSRNA049479741	0
ENSRNA049479412	0
ENSRNA049479833	0
ENSRNA049479418	0
ENSRNA049479420	0
ENSRNA049479425	0
ENSRNA049479427	0
ENSRNA049479710	0
ENSRNA049479431	0
ENSRNA049479644	0
ENSRNA049479787	0
ENSRNA049479857	0
ENSRNA049479433	0
ENSRNA049479438	0
ENSRNA049479769	0
ENSRNA049479441	0
ENSRNA049479444	0
ENSRNA049479446	0
ENSRNA049479450	0
ENSRNA049479454	0
ENSRNA049479458	0
ENSRNA049479462	0
ENSRNA049479468	0
ENSRNA049479706	0
ENSRNA049479472	0
ENSRNA049479477	0
ENSRNA049479482	0
ENSRNA049479484	0
ENSRNA049479743	0
ENSRNA049479487	0
ENSRNA049478984	0
ENSRNA049479490	0
ENSRNA049479752	0
ENSRNA049479493	0
ENSRNA049479497	0
ENSRNA049479500	0
ENSRNA049479732	0
ENSRNA049479975	0
ENSRNA049479668	0
ENSRNA049479797	0
ENSRNA049479878	0
ENSRNA049479786	0
ENSRNA049479860	0
ENSRNA049479502	0
ENSRNA049479504	0
ENSRNA049479507	0
ENSRNA049479510	0
ENSRNA049479640	0
ENSRNA049479513	0
ENSRNA049479517	0
ENSRNA049479519	0
ENSRNA049479521	0
ENSRNA049479524	0
ENSRNA049478988	0
ENSRNA049479876	0
ENSRNA049479528	0
ENSRNA049479533	0
ENSRNA049479535	0
ENSRNA049479538	0
ENSRNA049479542	0
ENSRNA049479906	0
ENSRNA049479897	0
ENSRNA049479545	0
ENSRNA049478990	0
ENSRNA049479872	0
ENSRNA049479911	0
ENSRNA049479547	0
ENSRNA049479551	0
ENSRNA049479677	0
ENSRNA049479553	0
ENSRNA049479555	0
ENSRNA049479558	0
ENSRNA049479735	0
ENSRNA049479561	0
ENSRNA049479565	0
ENSRNA049479570	0
ENSRNA049479576	0
ENSRNA049479619	0
ENSRNA049479577	0
ENSRNA049479580	0
ENSRNA049479582	0
ENSRNA049479586	0
ENSRNA049479866	0
ENSRNA049479587	0
ENSRNA049479594	0
SORBI_3009G069200	404.044
SORBI_3009G069300	1330
SORBI_3009G069400	0
SORBI_3009G069450	17
SORBI_3009G069500	9
SORBI_3009G069600	296
SORBI_3009G069700	47
SORBI_3009G069800	1387
SORBI_3009G069901	0
SORBI_3009G070000	0
SORBI_3009G070033	0
SORBI_3009G070066	0
SORBI_3009G070100	17
SORBI_3009G070200	407
SORBI_3009G070250	25.647
SORBI_3009G070300	3
SORBI_3009G070400	129
SORBI_3009G070500	0
SORBI_3009G070600	1
SORBI_3009G070700	16
SORBI_3009G070750	0
SORBI_3009G070800	7
SORBI_3009G070900	3.002
SORBI_3009G070950	5.998
SORBI_3009G071000	0
SORBI_3009G071100	0
SORBI_3009G071300	0
SORBI_3009G071401	0
SORBI_3009G071500	8
SORBI_3009G071600	6
SORBI_3009G071700	94
SORBI_3009G071800	1649
SORBI_3009G071900	0
SORBI_3009G072000	477.542
SORBI_3009G072033	0
SORBI_3009G072066	0
SORBI_3009G072100	215
SORBI_3009G072200	130
SORBI_3009G072300	50
SORBI_3009G072333	48
SORBI_3009G072366	0
SORBI_3009G072400	120
SORBI_3009G072500	15
SORBI_3009G072550	0
SORBI_3009G072600	0
SORBI_3009G072700	303
SORBI_3009G072800	0
SORBI_3009G072900	27
SORBI_3009G073000	129
SORBI_3009G073100	587
SORBI_3009G073200	0
SORBI_3009G073300	1012.719
SORBI_3009G073400	91
SORBI_3009G073500	0
SORBI_3009G073600	0
SORBI_3009G073700	0
SORBI_3009G073800	35
SORBI_3009G073900	88
SORBI_3009G074100	14
SORBI_3009G074000	0
SORBI_3009G074200	0
SORBI_3009G074250	0
SORBI_3009G074300	68
SORBI_3009G074400	867.93
SORBI_3009G074500	12
SORBI_3009G074700	1191.164
SORBI_3009G074800	1
SORBI_3009G074850	0
SORBI_3009G074900	0
SORBI_3009G075000	0
SORBI_3009G075100	21
SORBI_3009G075201	2
SORBI_3009G075300	0
SORBI_3009G075400	0
SORBI_3009G075500	118
SORBI_3009G075600	103
SORBI_3009G075800	551
SORBI_3009G075900	27
SORBI_3009G076100	25
SORBI_3009G076000	0
SORBI_3009G076200	0
SORBI_3009G076300	0
SORBI_3009G076400	1540.505
ENSRNA049479945	2
ENSRNA049479943	0
ENSRNA049479948	1
SORBI_3009G076500	0
SORBI_3009G076600	1
SORBI_3009G076550	0
SORBI_3009G076700	6
SORBI_3009G076800	1
SORBI_3009G076900	21
SORBI_3009G077000	0
SORBI_3009G077100	14
SORBI_3009G077200	4
SORBI_3009G077250	0
SORBI_3009G077300	27
SORBI_3009G077400	2046.934
SORBI_3009G077500	935.999
SORBI_3009G077600	436.907
SORBI_3009G077700	116
SORBI_3009G077800	142
SORBI_3009G077901	0
SORBI_3009G078000	8
SORBI_3009G078200	67
SORBI_3009G078300	69
SORBI_3009G078401	0
SORBI_3009G078500	28
SORBI_3009G078600	0
SORBI_3009G078700	0
SORBI_3009G078900	15
SORBI_3009G079000	16
SORBI_3009G079100	400
SORBI_3009G079200	0
SORBI_3009G079300	4143.178
SORBI_3009G079400	37
SORBI_3009G079500	97
SORBI_3009G079600	12
SORBI_3009G079700	0
SORBI_3009G079801	0
SORBI_3009G079900	0
SORBI_3009G079925	0
SORBI_3009G079950	23
SORBI_3009G080000	30.177
SORBI_3009G079975	48.107
SORBI_3009G080100	133
SORBI_3009G080150	0
SORBI_3009G080200	507.803
SORBI_3009G080233	0
SORBI_3009G080266	0
SORBI_3009G080300	0
SORBI_3009G080400	22
SORBI_3009G080450	0
SORBI_3009G080500	0
SORBI_3009G080600	110
SORBI_3009G080700	75.5
SORBI_3009G080800	0
SORBI_3009G080900	7
SORBI_3009G081100	23.03
SORBI_3009G081300	0
SORBI_3009G081400	52
SORBI_3009G081500	266
SORBI_3009G081700	172.395
SORBI_3009G081800	2
SORBI_3009G081900	0
SORBI_3009G082000	829.004
SORBI_3009G082050	1
SORBI_3009G082100	0
SORBI_3009G082200	399
SORBI_3009G082300	0
SORBI_3009G082400	0
SORBI_3009G082500	0
SORBI_3009G082550	0
SORBI_3009G082600	2313.333
SORBI_3009G082700	100
SORBI_3009G082800	14.999
SORBI_3009G082900	0
SORBI_3009G083100	7
SORBI_3009G083000	13
SORBI_3009G083200	609
SORBI_3009G083300	0
SORBI_3009G083400	637
SORBI_3009G083500	126.233
SORBI_3009G083450	13.085
SORBI_3009G083600	85
SORBI_3009G083800	138
SORBI_3009G083900	632
SORBI_3009G084000	278
SORBI_3009G084100	71
SORBI_3009G084300	3
SORBI_3009G084400	16
SORBI_3009G084500	70
SORBI_3009G084600	1
SORBI_3009G084700	9
SORBI_3009G084800	5
SORBI_3009G084900	1602.959
SORBI_3009G084950	0
SORBI_3009G085001	2.14
SORBI_3009G085051	0
SORBI_3009G085100	4267.961
SORBI_3009G085200	665.803
SORBI_3009G085250	0
SORBI_3009G085300	3
SORBI_3009G085400	29.967
SORBI_3009G085500	168.024
SORBI_3009G085600	66
SORBI_3009G085700	3.754
SORBI_3009G085900	532
SORBI_3009G086100	0
SORBI_3009G086200	380
SORBI_3009G086300	2
SORBI_3009G086400	0
SORBI_3009G086501	0
SORBI_3009G086600	0
SORBI_3009G086700	0
SORBI_3009G086800	0
SORBI_3009G086900	274
SORBI_3009G087000	11
SORBI_3009G087100	1
SORBI_3009G087200	0
SORBI_3009G087300	17
SORBI_3009G087360	0
SORBI_3009G087420	0
SORBI_3009G087480	0
SORBI_3009G087540	40
SORBI_3009G087600	0
SORBI_3009G087700	0
SORBI_3009G087800	523.686
SORBI_3009G087850	1
SORBI_3009G087900	0
SORBI_3009G088000	371.143
SORBI_3009G088100	30
SORBI_3009G088200	13
SORBI_3009G088300	0
SORBI_3009G088401	14.041
SORBI_3009G088500	0
SORBI_3009G088525	0
SORBI_3009G088550	0
SORBI_3009G088575	45.181
SORBI_3009G088600	16
SORBI_3009G088700	2
SORBI_3009G088800	88
SORBI_3009G088900	0
SORBI_3009G089000	0
SORBI_3009G089101	1
SORBI_3009G089200	0
SORBI_3009G089366	69
SORBI_3009G089532	0
SORBI_3009G089700	561
SORBI_3009G089800	0
SORBI_3009G090000	4
SORBI_3009G090100	7
SORBI_3009G090250	0
SORBI_3009G090400	0
SORBI_3009G090500	154
SORBI_3009G090566	0
SORBI_3009G090632	0
SORBI_3009G090700	0
SORBI_3009G090800	11.449
SORBI_3009G090900	0
SORBI_3009G091000	0
SORBI_3009G091101	0
SORBI_3009G091200	0
SORBI_3009G091300	0
SORBI_3009G091600	0
SORBI_3009G091800	111.215
SORBI_3009G091850	191.779
SORBI_3009G091900	0
SORBI_3009G091940	1
SORBI_3009G091980	0
SORBI_3009G092020	11.99
SORBI_3009G092060	257
SORBI_3009G092100	7
SORBI_3009G092200	0
SORBI_3009G092300	24
SORBI_3009G092400	376.001
SORBI_3009G092601	0
SORBI_3009G092800	16
SORBI_3009G092850	0
SORBI_3009G092900	112
SORBI_3009G093000	0
SORBI_3009G093100	261
SORBI_3009G093200	1758.402
SORBI_3009G093301	0
SORBI_3009G093400	25
SORBI_3009G093800	0
SORBI_3009G093900	121
SORBI_3009G094000	0
SORBI_3009G094100	0
SORBI_3009G094200	25.047
SORBI_3009G094300	702.953
SORBI_3009G094450	45
SORBI_3009G094600	0
SORBI_3009G094700	91
SORBI_3009G094800	41.005
SORBI_3009G094900	175
SORBI_3009G095100	101
SORBI_3009G095200	0
SORBI_3009G095300	0
SORBI_3009G095400	0
SORBI_3009G095480	0
SORBI_3009G095560	0
SORBI_3009G095640	0
SORBI_3009G095720	0
SORBI_3009G095800	0
SORBI_3009G096100	343
SORBI_3009G096300	0
SORBI_3009G096433	1
SORBI_3009G096566	0
ENSRNA049480852	0
SORBI_3009G096700	0
SORBI_3009G096850	0
SORBI_3009G097000	0
SORBI_3009G097100	130
SORBI_3009G097200	158
SORBI_3009G097250	42
SORBI_3009G097300	30
SORBI_3009G097400	0
SORBI_3009G097500	1
SORBI_3009G097900	2
SORBI_3009G098000	1
SORBI_3009G098100	263.998
SORBI_3009G098150	0
SORBI_3009G098200	0
SORBI_3009G098300	4
SORBI_3009G098400	0
SORBI_3009G098501	0
SORBI_3009G098601	0
SORBI_3009G098700	1
SORBI_3009G098801	0
SORBI_3009G098900	0
SORBI_3009G099000	77
SORBI_3009G099050	0
SORBI_3009G099100	106
SORBI_3009G099150	3.13
SORBI_3009G099200	443
SORBI_3009G099300	1
SORBI_3009G099400	0
SORBI_3009G099450	0
SORBI_3009G099500	76
SORBI_3009G099600	8
SORBI_3009G099700	15
ENSRNA049995757	0
SORBI_3009G099850	0
SORBI_3009G100050	159.989
SORBI_3009G100000	0
SORBI_3009G100100	1
SORBI_3009G100200	1
SORBI_3009G100300	225.523
SORBI_3009G100500	1767.985
SORBI_3009G100700	54.208
SORBI_3009G100800	73.792
SORBI_3009G100900	18
SORBI_3009G101000	20
SORBI_3009G101100	3
SORBI_3009G101200	706
SORBI_3009G101250	0
SORBI_3009G101300	361
SORBI_3009G101400	942.185
SORBI_3009G101500	0
SORBI_3009G101600	98.119
SORBI_3009G101700	261.08
SORBI_3009G101800	15
SORBI_3009G102000	54.999
SORBI_3009G102100	161
SORBI_3009G102200	12.497
SORBI_3009G102250	0
SORBI_3009G102300	137
SORBI_3009G102400	0
SORBI_3009G102500	154
SORBI_3009G102550	1
ENSRNA049444033	0
SORBI_3009G102600	28
SORBI_3009G102700	0
SORBI_3009G102800	451.001
SORBI_3009G102900	505.931
SORBI_3009G103000	240.241
SORBI_3009G103101	1
SORBI_3009G103201	0
SORBI_3009G103300	0
SORBI_3009G103400	1
SORBI_3009G103500	84.323
SORBI_3009G103600	380.317
SORBI_3009G103650	9
SORBI_3009G103700	132
SORBI_3009G103800	0
SORBI_3009G103900	0
SORBI_3009G104000	1695.536
SORBI_3009G104100	1170.895
SORBI_3009G104201	56
SORBI_3009G104300	29
SORBI_3009G104400	0
SORBI_3009G104500	2
SORBI_3009G104600	1
SORBI_3009G104700	667.309
SORBI_3009G104800	143
SORBI_3009G104850	0
SORBI_3009G104900	651
SORBI_3009G105000	297
SORBI_3009G105050	0
SORBI_3009G105100	0
SORBI_3009G105200	53
SORBI_3009G105300	19
SORBI_3009G105400	50
SORBI_3009G105500	54
SORBI_3009G105600	567.764
SORBI_3009G105700	388.662
SORBI_3009G105800	297
SORBI_3009G105900	417
SORBI_3009G106000	0
SORBI_3009G106100	0
SORBI_3009G106300	2
SORBI_3009G106400	2
SORBI_3009G106500	0
SORBI_3009G106601	0
SORBI_3009G106700	36
SORBI_3009G106800	0
SORBI_3009G106900	0
SORBI_3009G106960	0
SORBI_3009G107020	12
SORBI_3009G107080	73
SORBI_3009G107140	0
SORBI_3009G107200	43
SORBI_3009G107300	315
SORBI_3009G107400	335
SORBI_3009G107500	2
SORBI_3009G107600	1
SORBI_3009G107800	0
SORBI_3009G108050	0
SORBI_3009G108300	8
SORBI_3009G108400	60
SORBI_3009G108500	110
SORBI_3009G108600	611
SORBI_3009G108700	2543.56
SORBI_3009G108900	0
SORBI_3009G109000	0
SORBI_3009G109101	11.001
SORBI_3009G109200	2413.812
SORBI_3009G109300	23
SORBI_3009G109450	7
SORBI_3009G109600	75
SORBI_3009G109700	67
SORBI_3009G109775	0
SORBI_3009G109850	5
SORBI_3009G109925	503
SORBI_3009G110000	182
SORBI_3009G110100	2
SORBI_3009G110200	0
SORBI_3009G110300	2
SORBI_3009G110333	0
SORBI_3009G110366	16
SORBI_3009G110400	1
SORBI_3009G110500	0
SORBI_3009G110600	0
SORBI_3009G110700	0
SORBI_3009G110800	0
SORBI_3009G111000	22
SORBI_3009G111050	0
SORBI_3009G111100	8
SORBI_3009G111200	17.01
SORBI_3009G111301	0
SORBI_3009G111400	203.059
SORBI_3009G111500	11
SORBI_3009G111600	91
SORBI_3009G111700	0
SORBI_3009G111800	2
ENSRNA049995754	0
SORBI_3009G111901	0
ENSRNA049995750	0
SORBI_3009G112000	0
SORBI_3009G112101	0
SORBI_3009G112200	0
SORBI_3009G112300	174
SORBI_3009G112350	0
SORBI_3009G112400	51
ENSRNA049481000	0
SORBI_3009G112450	0
SORBI_3009G112500	22.035
SORBI_3009G112600	3117.363
SORBI_3009G112700	4
SORBI_3009G112800	3
SORBI_3009G112900	139.207
SORBI_3009G113000	131
SORBI_3009G113100	282
SORBI_3009G113200	0
SORBI_3009G113300	0
SORBI_3009G113400	8
SORBI_3009G113500	3
SORBI_3009G113600	18
SORBI_3009G113700	1
SORBI_3009G113800	133
SORBI_3009G113900	101
SORBI_3009G114000	279
SORBI_3009G114200	0
SORBI_3009G114300	0
SORBI_3009G114400	111
SORBI_3009G114500	242
SORBI_3009G114600	28.074
SORBI_3009G114700	0
SORBI_3009G114800	324.01
SORBI_3009G114900	47
SORBI_3009G115000	0
SORBI_3009G115050	0
SORBI_3009G115100	52.372
SORBI_3009G115200	0
SORBI_3009G115300	0
SORBI_3009G115400	0
SORBI_3009G115500	0
SORBI_3009G115600	1
SORBI_3009G115700	518
SORBI_3009G115800	0
SORBI_3009G115900	0
SORBI_3009G115950	0
SORBI_3009G116000	0
SORBI_3009G116100	0
SORBI_3009G116200	0
SORBI_3009G116300	0
SORBI_3009G116400	55
SORBI_3009G116500	0
SORBI_3009G116600	0
SORBI_3009G116700	45
SORBI_3009G116766	0
SORBI_3009G116832	1
ENSRNA049480997	0
ENSRNA049481042	0
ENSRNA049481031	0
SORBI_3009G116900	513
SORBI_3009G117000	45
SORBI_3009G117100	5
SORBI_3009G117200	776.116
SORBI_3009G117300	273.243
SORBI_3009G117400	380.758
SORBI_3009G117500	266
SORBI_3009G117700	0
SORBI_3009G117800	0
SORBI_3009G117900	78
SORBI_3009G118100	9
SORBI_3009G118200	377
SORBI_3009G118300	608
SORBI_3009G118400	121
SORBI_3009G118500	15.014
SORBI_3009G118600	1312
SORBI_3009G118700	3
SORBI_3009G118900	1013
SORBI_3009G119000	1048.022
SORBI_3009G119100	0
SORBI_3009G119200	7
SORBI_3009G119300	4
SORBI_3009G119400	3
SORBI_3009G119501	37.823
SORBI_3009G119600	0
SORBI_3009G119700	2
SORBI_3009G119800	0
SORBI_3009G119900	635
SORBI_3009G120000	3
SORBI_3009G120100	288.031
SORBI_3009G120200	0
SORBI_3009G120301	176
SORBI_3009G120400	135.243
SORBI_3009G120500	236
SORBI_3009G120600	67
SORBI_3009G120700	1
SORBI_3009G120800	3415.975
SORBI_3009G120850	0
SORBI_3009G120900	160
SORBI_3009G121000	242
SORBI_3009G121100	367
SORBI_3009G121150	20
SORBI_3009G121200	0
SORBI_3009G121300	4
SORBI_3009G121400	151
SORBI_3009G121600	38
SORBI_3009G121750	0
SORBI_3009G121900	111
ENSRNA049443496	0
SORBI_3009G122000	60.08
SORBI_3009G122100	592
SORBI_3009G122201	1
SORBI_3009G122300	39
SORBI_3009G122325	26
ENSRNA049995749	0
ENSRNA049995742	0
SORBI_3009G122350	0
SORBI_3009G122375	38
SORBI_3009G122400	29
SORBI_3009G122500	397
SORBI_3009G122600	6
SORBI_3009G122700	0
SORBI_3009G122800	84
SORBI_3009G122900	79.007
SORBI_3009G123000	2
SORBI_3009G123100	0
SORBI_3009G123300	189
SORBI_3009G123400	0
SORBI_3009G123500	29.979
SORBI_3009G123600	41
SORBI_3009G123700	17
SORBI_3009G123733	0
SORBI_3009G123766	448.651
SORBI_3009G123800	0
SORBI_3009G123900	478
SORBI_3009G124000	478.085
SORBI_3009G124100	0
SORBI_3009G124200	51
SORBI_3009G124300	0
SORBI_3009G124400	95
SORBI_3009G124600	439.022
SORBI_3009G124700	466.29
SORBI_3009G124800	13
SORBI_3009G124900	88
SORBI_3009G124850	0
SORBI_3009G125000	251.989
SORBI_3009G125100	0
SORBI_3009G125200	0
SORBI_3009G125300	62
SORBI_3009G125400	208
SORBI_3009G125500	0
SORBI_3009G125600	33
SORBI_3009G125700	0
SORBI_3009G125800	17
SORBI_3009G125850	0
SORBI_3009G125900	480
SORBI_3009G126000	385
SORBI_3009G126100	240
SORBI_3009G126200	0
SORBI_3009G126300	1034
SORBI_3009G126400	345
SORBI_3009G126500	54
SORBI_3009G126600	312.82
SORBI_3009G126700	160
SORBI_3009G126800	65
SORBI_3009G126900	816.06
SORBI_3009G127000	387
SORBI_3009G127100	0
SORBI_3009G127201	5
SORBI_3009G127300	10
SORBI_3009G127400	200
SORBI_3009G127500	97
SORBI_3009G127600	12
SORBI_3009G127700	8
SORBI_3009G127800	22
SORBI_3009G127900	351.004
SORBI_3009G128000	53
SORBI_3009G128200	2.045
SORBI_3009G128101	0
SORBI_3009G128300	31
SORBI_3009G128400	19
SORBI_3009G128500	853
SORBI_3009G128600	5
SORBI_3009G128700	6
SORBI_3009G128800	18
SORBI_3009G128901	1
SORBI_3009G129000	1366
SORBI_3009G129100	231.22
SORBI_3009G129300	201
SORBI_3009G129400	100
SORBI_3009G129500	80
SORBI_3009G129600	352
SORBI_3009G129650	1
SORBI_3009G129700	0
SORBI_3009G129800	1558.411
SORBI_3009G129900	362.022
SORBI_3009G130000	192
SORBI_3009G130100	57
SORBI_3009G130200	0
ENSRNA049444003	0
SORBI_3009G130300	0
SORBI_3009G130400	105.348
SORBI_3009G130500	113
SORBI_3009G130600	60
SORBI_3009G130700	48
SORBI_3009G130800	1
SORBI_3009G130900	1924.999
SORBI_3009G130966	0
SORBI_3009G131032	0
SORBI_3009G131100	2251.847
SORBI_3009G131200	6
SORBI_3009G131300	1127.829
SORBI_3009G131400	0
SORBI_3009G131500	207
SORBI_3009G131550	34
SORBI_3009G131600	80.022
SORBI_3009G131800	63
SORBI_3009G131900	74
SORBI_3009G132000	87.999
SORBI_3009G132100	330.255
SORBI_3009G132200	2
SORBI_3009G132400	15
SORBI_3009G132650	25.693
SORBI_3009G132600	70.307
SORBI_3009G132700	288
SORBI_3009G132800	135
SORBI_3009G132900	2650.993
SORBI_3009G133000	0
SORBI_3009G133100	32
SORBI_3009G133201	0
SORBI_3009G133300	0
SORBI_3009G133400	66
SORBI_3009G133500	617
SORBI_3009G133600	44
SORBI_3009G133700	99
SORBI_3009G133800	4
ENSRNA049481001	0.5
ENSRNA049480996	0
ENSRNA049481022	0
SORBI_3009G133900	8
SORBI_3009G134000	0
SORBI_3009G134200	3
SORBI_3009G134300	30
SORBI_3009G134400	16
SORBI_3009G134450	0
SORBI_3009G134500	299
SORBI_3009G134600	1480.884
SORBI_3009G134700	2
SORBI_3009G134766	1
SORBI_3009G134832	5
SORBI_3009G134900	140
SORBI_3009G135000	861.14
SORBI_3009G135100	2618.747
SORBI_3009G135300	105.001
SORBI_3009G135400	0
SORBI_3009G135500	934
SORBI_3009G135550	0
SORBI_3009G135600	1040.791
SORBI_3009G135800	2647.428
SORBI_3009G135900	2547
SORBI_3009G136000	15
SORBI_3009G136100	62
SORBI_3009G136200	58
SORBI_3009G136300	3
SORBI_3009G136400	4242.158
SORBI_3009G136500	2
SORBI_3009G136600	0
SORBI_3009G136700	6
SORBI_3009G136800	0
SORBI_3009G136900	72
SORBI_3009G136950	0
SORBI_3009G137000	206.338
SORBI_3009G137100	297.507
SORBI_3009G137200	3720.096
SORBI_3009G137300	16
SORBI_3009G137401	0
SORBI_3009G137500	0
SORBI_3009G137600	0
SORBI_3009G137700	531
SORBI_3009G137800	1440.085
SORBI_3009G137900	146
SORBI_3009G138000	433
SORBI_3009G138100	215
SORBI_3009G138200	1751.861
SORBI_3009G138300	4
SORBI_3009G138401	2
SORBI_3009G138500	0
SORBI_3009G138700	248.003
SORBI_3009G138800	505.001
SORBI_3009G138900	226.455
SORBI_3009G139000	1192
SORBI_3009G139100	0
SORBI_3009G139200	192.14
SORBI_3009G139300	67
SORBI_3009G139400	47
SORBI_3009G139500	0
SORBI_3009G139600	0
SORBI_3009G139700	0
SORBI_3009G139800	1420
SORBI_3009G139900	2047
SORBI_3009G140000	0
SORBI_3009G140150	3
SORBI_3009G140300	234
SORBI_3009G140400	47
SORBI_3009G140500	1
SORBI_3009G140600	115
SORBI_3009G140700	242
SORBI_3009G140800	9567.413
SORBI_3009G140900	16
SORBI_3009G141000	143
SORBI_3009G141100	0
SORBI_3009G141201	311
SORBI_3009G141300	0
SORBI_3009G141400	165
SORBI_3009G141500	4
SORBI_3009G141700	176
SORBI_3009G141800	2023
SORBI_3009G141900	0
SORBI_3009G142000	557
SORBI_3009G142100	0
SORBI_3009G142200	63
SORBI_3009G142300	24.996
SORBI_3009G142400	4
SORBI_3009G142500	27
SORBI_3009G142600	21
SORBI_3009G142700	0
SORBI_3009G142800	153
SORBI_3009G143000	1172.986
SORBI_3009G142900	0
SORBI_3009G143100	416.939
SORBI_3009G143200	2
SORBI_3009G143300	781.233
SORBI_3009G143400	924.088
SORBI_3009G143500	1
SORBI_3009G143600	0
SORBI_3009G143700	11050.248
SORBI_3009G143750	0
SORBI_3009G143800	427
ENSRNA049995738	0
SORBI_3009G143900	180.021
SORBI_3009G144050	21.98
SORBI_3009G144200	92
SORBI_3009G144300	388
SORBI_3009G144400	0
ENSRNA049443991	0
SORBI_3009G144500	12.006
SORBI_3009G144600	257.919
SORBI_3009G144700	11.081
SORBI_3009G144800	18
SORBI_3009G144900	74
SORBI_3009G145000	6
SORBI_3009G145101	133.425
SORBI_3009G145200	0
SORBI_3009G145350	0
SORBI_3009G145500	16.505
SORBI_3009G145600	8
SORBI_3009G145700	51.495
SORBI_3009G145750	0
SORBI_3009G145800	0
SORBI_3009G145900	347.001
SORBI_3009G146000	0
SORBI_3009G146100	1149
SORBI_3009G146250	38
SORBI_3009G146400	33
SORBI_3009G146500	12
SORBI_3009G146700	7.815
SORBI_3009G146800	748.921
SORBI_3009G146900	18.034
SORBI_3009G147000	121
SORBI_3009G147100	0
SORBI_3009G147200	0
SORBI_3009G147300	4
SORBI_3009G147400	1.319
SORBI_3009G147450	0
SORBI_3009G147500	1
SORBI_3009G147600	125
SORBI_3009G147700	22
SORBI_3009G147800	526
SORBI_3009G148000	4
SORBI_3009G148100	1126.947
SORBI_3009G148200	236
SORBI_3009G148300	385.989
SORBI_3009G148400	0
SORBI_3009G148500	195
SORBI_3009G148600	27
SORBI_3009G148700	56
SORBI_3009G148800	26
SORBI_3009G148900	522.001
SORBI_3009G148950	0
SORBI_3009G149000	6
SORBI_3009G149100	1
SORBI_3009G149200	15
SORBI_3009G149300	68
SORBI_3009G149400	352
SORBI_3009G149500	505
SORBI_3009G149600	83
SORBI_3009G149700	335.556
SORBI_3009G149800	427.966
SORBI_3009G149900	335
SORBI_3009G150000	22
SORBI_3009G150100	3
SORBI_3009G150300	9
SORBI_3009G150400	2
SORBI_3009G150500	3
SORBI_3009G150600	0
SORBI_3009G150700	17.999
SORBI_3009G150800	0
SORBI_3009G150900	127
SORBI_3009G151000	0
SORBI_3009G151100	0
SORBI_3009G151200	138.006
SORBI_3009G151400	608
SORBI_3009G151500	0
SORBI_3009G151600	0
SORBI_3009G151700	175
SORBI_3009G151800	774.151
SORBI_3009G151900	20
SORBI_3009G152000	8
SORBI_3009G152100	46
SORBI_3009G152120	46
SORBI_3009G152140	0
SORBI_3009G152160	0
SORBI_3009G152180	0
SORBI_3009G152200	1332
SORBI_3009G152300	7
SORBI_3009G152350	0
SORBI_3009G152400	40.429
SORBI_3009G152600	724
SORBI_3009G152700	1991.486
SORBI_3009G152800	1
SORBI_3009G152901	0
SORBI_3009G153000	1795.139
SORBI_3009G153100	0
SORBI_3009G153200	34
SORBI_3009G153300	0
SORBI_3009G153333	0
SORBI_3009G153366	0
SORBI_3009G153400	0
SORBI_3009G153500	3
SORBI_3009G153600	531
SORBI_3009G153700	26
SORBI_3009G153800	51
SORBI_3009G153900	0
SORBI_3009G154000	0
SORBI_3009G154100	0
SORBI_3009G154200	20
SORBI_3009G154300	25
ENSRNA049443540	0
SORBI_3009G154400	0
SORBI_3009G154500	357.008
SORBI_3009G154600	300
SORBI_3009G154700	594.93
SORBI_3009G154800	195
SORBI_3009G154900	557
SORBI_3009G155050	141
SORBI_3009G155200	125
SORBI_3009G155250	114
SORBI_3009G155300	239
SORBI_3009G155400	33
SORBI_3009G155500	151
SORBI_3009G155600	2011.274
SORBI_3009G155700	20
SORBI_3009G155800	112
SORBI_3009G155900	668
SORBI_3009G155950	0
SORBI_3009G156000	560.288
SORBI_3009G156100	65.999
SORBI_3009G156200	104
SORBI_3009G156300	146
SORBI_3009G156400	24
SORBI_3009G156500	95.827
SORBI_3009G156600	81
SORBI_3009G156700	0
SORBI_3009G156750	1
SORBI_3009G156800	87.001
SORBI_3009G156900	433
SORBI_3009G157000	0
SORBI_3009G157050	0
SORBI_3009G157100	1061.108
SORBI_3009G157200	1318.417
SORBI_3009G157300	223
SORBI_3009G157400	0
SORBI_3009G157450	0
SORBI_3009G157500	111
SORBI_3009G157600	21
SORBI_3009G157700	20
SORBI_3009G157800	97.472
SORBI_3009G157900	107
SORBI_3009G158000	434.004
SORBI_3009G158100	467.07
ENSRNA049478932	0
SORBI_3009G158150	0
ENSRNA049478940	0
SORBI_3009G158200	0
SORBI_3009G158300	0
SORBI_3009G158400	0
SORBI_3009G158500	1
SORBI_3009G158600	3.981
SORBI_3009G158700	11.019
SORBI_3009G158800	10
ENSRNA049478906	0
SORBI_3009G158900	3
SORBI_3009G159000	145
SORBI_3009G159100	1048
SORBI_3009G159200	129
SORBI_3009G159300	0.994
SORBI_3009G159400	1709.334
SORBI_3009G159500	41
SORBI_3009G159600	27
SORBI_3009G159700	113
SORBI_3009G159800	0
SORBI_3009G159900	1655.998
SORBI_3009G160000	1188.908
SORBI_3009G160100	1138.802
SORBI_3009G160200	397
SORBI_3009G160300	0
SORBI_3009G160500	88
SORBI_3009G160600	219
SORBI_3009G160700	125
SORBI_3009G160800	6
SORBI_3009G160900	0
SORBI_3009G161000	287.474
SORBI_3009G161100	457
SORBI_3009G161200	116
SORBI_3009G161300	3.005
SORBI_3009G161350	0
SORBI_3009G161401	1
SORBI_3009G161451	0
SORBI_3009G161500	446
SORBI_3009G161600	1238.131
SORBI_3009G161550	761.106
SORBI_3009G161700	187
SORBI_3009G161800	91
SORBI_3009G161900	513
SORBI_3009G162000	291
SORBI_3009G162100	249
SORBI_3009G162200	934
SORBI_3009G162300	9
SORBI_3009G162401	0
SORBI_3009G162500	209
SORBI_3009G162550	0
SORBI_3009G162600	2336.034
SORBI_3009G162700	1
SORBI_3009G162800	0
SORBI_3009G162900	63
SORBI_3009G163000	0
SORBI_3009G163100	22
SORBI_3009G163400	2
SORBI_3009G163500	0
SORBI_3009G163600	181.718
SORBI_3009G163700	49
SORBI_3009G163800	3099.978
SORBI_3009G163900	647.696
SORBI_3009G163950	83
SORBI_3009G164000	771.957
SORBI_3009G164100	9065.7
SORBI_3009G164200	0
SORBI_3009G164300	15
SORBI_3009G164400	76
SORBI_3009G164500	868.969
SORBI_3009G164600	8
SORBI_3009G164700	682
SORBI_3009G164800	3.083
SORBI_3009G164900	1208.423
SORBI_3009G165000	31
SORBI_3009G165050	0
SORBI_3009G165100	7
SORBI_3009G165200	0
SORBI_3009G165300	1
SORBI_3009G165400	1191.493
SORBI_3009G165500	55.001
SORBI_3009G165600	12
SORBI_3009G165700	802.006
SORBI_3009G165800	441.999
SORBI_3009G165900	0
SORBI_3009G165950	0
SORBI_3009G166000	0
SORBI_3009G166100	775.999
SORBI_3009G166200	132
SORBI_3009G166300	884.048
SORBI_3009G166400	53
SORBI_3009G166500	1309.804
SORBI_3009G166600	163
SORBI_3009G166650	20.048
SORBI_3009G166700	26
SORBI_3009G166801	3
SORBI_3009G166900	28
SORBI_3009G167000	561
SORBI_3009G167100	496
SORBI_3009G167201	0
ENSRNA049443970	0
SORBI_3009G167300	1
SORBI_3009G167400	21
SORBI_3009G167500	3.416
SORBI_3009G167600	142
SORBI_3009G167700	212
SORBI_3009G167800	249
SORBI_3009G167900	294
SORBI_3009G168000	924.589
SORBI_3009G168100	2
SORBI_3009G168150	19
SORBI_3009G168200	0
SORBI_3009G168300	0
SORBI_3009G168400	0
SORBI_3009G168500	0
SORBI_3009G168600	225
SORBI_3009G168700	55
SORBI_3009G168800	5
SORBI_3009G168900	8
SORBI_3009G169000	180
SORBI_3009G169050	0
SORBI_3009G169100	436.001
SORBI_3009G169200	32
SORBI_3009G169300	0
SORBI_3009G169400	814
SORBI_3009G169500	0
SORBI_3009G169650	0
SORBI_3009G169800	6
SORBI_3009G169900	96
SORBI_3009G170000	26.873
SORBI_3009G170050	1
SORBI_3009G170100	78
SORBI_3009G170200	1228.475
SORBI_3009G170301	0
SORBI_3009G170400	266.365
SORBI_3009G170500	2
SORBI_3009G170550	0
SORBI_3009G170600	0
SORBI_3009G170700	32
SORBI_3009G170800	21
SORBI_3009G170900	0
SORBI_3009G171000	2380.373
SORBI_3009G171100	486.788
SORBI_3009G171200	93
SORBI_3009G171300	109
SORBI_3009G171400	68
SORBI_3009G171500	0
SORBI_3009G171600	62
SORBI_3009G171700	596
SORBI_3009G171750	4
SORBI_3009G171800	6
SORBI_3009G171900	0
SORBI_3009G172000	1
SORBI_3009G172100	0
SORBI_3009G172200	481.116
SORBI_3009G172300	14
SORBI_3009G172400	2234.551
SORBI_3009G172500	263
SORBI_3009G172600	17
SORBI_3009G172700	0
SORBI_3009G172800	0
SORBI_3009G172950	32
SORBI_3009G173100	1
SORBI_3009G173200	1
SORBI_3009G173300	631
SORBI_3009G173400	9
SORBI_3009G173500	1281
ENSRNA049478920	1
ENSRNA049478914	0
ENSRNA049478934	1
SORBI_3009G173600	2215.028
SORBI_3009G173700	5.012
SORBI_3009G173800	30
SORBI_3009G173900	0
SORBI_3009G174000	653
ENSRNA049995734	1
SORBI_3009G174100	15
SORBI_3009G174150	5
SORBI_3009G174200	0
SORBI_3009G174300	0
SORBI_3009G174400	0
SORBI_3009G174500	5
SORBI_3009G174600	48.155
SORBI_3009G174700	79.845
ENSRNA049443943	0
SORBI_3009G174800	0
SORBI_3009G174833	0
SORBI_3009G174866	3
SORBI_3009G174900	845
SORBI_3009G175100	9
SORBI_3009G175200	87
SORBI_3009G175300	1081.657
SORBI_3009G175400	0
SORBI_3009G175500	121
SORBI_3009G175600	1392.941
SORBI_3009G175700	0
SORBI_3009G175800	60.059
SORBI_3009G175900	481.001
SORBI_3009G176000	210
SORBI_3009G176100	0
SORBI_3009G176200	1
SORBI_3009G176300	84
SORBI_3009G176333	0
SORBI_3009G176366	7
SORBI_3009G176400	24
SORBI_3009G176500	6
SORBI_3009G176600	37.014
SORBI_3009G176700	221
SORBI_3009G176800	6
SORBI_3009G176900	1
SORBI_3009G177000	11
SORBI_3009G177200	42
SORBI_3009G177100	0
SORBI_3009G177300	2
SORBI_3009G177400	476
SORBI_3009G177500	527
ENSRNA049478879	0
SORBI_3009G177600	26
SORBI_3009G177700	2085.585
SORBI_3009G177750	0
SORBI_3009G177800	195
SORBI_3009G177901	36
SORBI_3009G178000	47
ENSRNA049995729	0
SORBI_3009G178100	152
SORBI_3009G178200	416
SORBI_3009G178300	189.999
SORBI_3009G178400	85
SORBI_3009G178500	5
SORBI_3009G178550	43
SORBI_3009G178600	8843.72
SORBI_3009G178650	0
SORBI_3009G178700	0
SORBI_3009G178800	168
SORBI_3009G178850	10
SORBI_3009G178900	48
SORBI_3009G179000	0
SORBI_3009G179100	1413.906
SORBI_3009G179200	1890.25
SORBI_3009G179300	317.039
SORBI_3009G179400	367
SORBI_3009G179500	86
SORBI_3009G179600	631.999
SORBI_3009G179700	993
SORBI_3009G179800	87
SORBI_3009G179900	7
SORBI_3009G179950	187
SORBI_3009G180000	3390.124
SORBI_3009G180100	0
SORBI_3009G180200	34
SORBI_3009G180300	0
SORBI_3009G180400	0
SORBI_3009G180500	494
SORBI_3009G180550	0
SORBI_3009G180600	0
SORBI_3009G180700	0
SORBI_3009G180800	648
SORBI_3009G180900	11
SORBI_3009G181000	0
SORBI_3009G181100	1
SORBI_3009G181200	8
SORBI_3009G181300	15
SORBI_3009G181400	14
SORBI_3009G181500	4
SORBI_3009G181600	0
SORBI_3009G181700	99
SORBI_3009G181800	414
SORBI_3009G181900	202.092
SORBI_3009G182000	340.934
SORBI_3009G182100	9
SORBI_3009G182200	1164.584
SORBI_3009G182300	337.798
SORBI_3009G182400	2
SORBI_3009G182500	28.984
SORBI_3009G182600	1672.939
SORBI_3009G182700	83
SORBI_3009G182800	17.11
SORBI_3009G182900	83.938
SORBI_3009G183000	5317.813
SORBI_3009G183101	4121.617
SORBI_3009G183200	527
SORBI_3009G183300	1820
SORBI_3009G183400	88.951
SORBI_3009G183500	65
SORBI_3009G183600	9
SORBI_3009G183650	0
SORBI_3009G183700	754.844
SORBI_3009G183800	7
SORBI_3009G183900	6
SORBI_3009G184000	834
SORBI_3009G184100	0
SORBI_3009G184200	13
SORBI_3009G184300	21
SORBI_3009G184400	995.148
SORBI_3009G184450	0
SORBI_3009G184500	2
SORBI_3009G184600	91
SORBI_3009G184700	724.003
SORBI_3009G184800	100.063
SORBI_3009G184900	241.738
SORBI_3009G185000	0
SORBI_3009G185100	0
SORBI_3009G185201	0
SORBI_3009G185301	0
SORBI_3009G185400	0
SORBI_3009G185501	1
SORBI_3009G185601	0
SORBI_3009G185700	188.001
SORBI_3009G185800	2793.97
SORBI_3009G185900	24
SORBI_3009G186001	227.889
SORBI_3009G186100	1
SORBI_3009G186300	0
SORBI_3009G186400	0
ENSRNA049478834	2
SORBI_3009G186500	0
SORBI_3009G186600	190
SORBI_3009G186700	89
SORBI_3009G186800	0
SORBI_3009G186900	0
SORBI_3009G187000	1
SORBI_3009G187100	7
SORBI_3009G187150	4.909
SORBI_3009G187200	15
SORBI_3009G187300	48
SORBI_3009G187400	48
SORBI_3009G187500	1
SORBI_3009G187600	1
SORBI_3009G187700	0
SORBI_3009G187900	36
SORBI_3009G188000	60
SORBI_3009G188100	95
SORBI_3009G188200	0
SORBI_3009G188300	46
SORBI_3009G188500	0
SORBI_3009G188600	0
SORBI_3009G188700	2
SORBI_3009G188750	1
SORBI_3009G188800	81
SORBI_3009G188900	43
ENSRNA049443582	0
ENSRNA049443595	0
SORBI_3009G189000	42
SORBI_3009G189100	255
SORBI_3009G189200	276
SORBI_3009G189300	1
SORBI_3009G189400	1394
SORBI_3009G189501	3
SORBI_3009G189600	15.555
SORBI_3009G189700	0
SORBI_3009G189800	0
SORBI_3009G189900	1
SORBI_3009G190000	62
SORBI_3009G190100	0
SORBI_3009G190200	1476.925
SORBI_3009G190300	431.996
SORBI_3009G190400	0
SORBI_3009G190500	1265
SORBI_3009G190600	298.003
SORBI_3009G190700	1149
SORBI_3009G190800	2395.984
SORBI_3009G190900	6
SORBI_3009G191000	1131
SORBI_3009G191100	61
SORBI_3009G191200	377.285
SORBI_3009G191300	29
SORBI_3009G191400	778.265
SORBI_3009G191500	494
SORBI_3009G191600	206
SORBI_3009G191700	206
SORBI_3009G191801	0
SORBI_3009G191800	48.999
SORBI_3009G191900	0
SORBI_3009G192000	609.547
SORBI_3009G192100	100
SORBI_3009G192200	53.962
SORBI_3009G192300	828.084
SORBI_3009G192400	5.801
SORBI_3009G192450	0
SORBI_3009G192500	154
SORBI_3009G192600	178
SORBI_3009G192700	1
SORBI_3009G192800	27
SORBI_3009G192933	0
SORBI_3009G193066	0
SORBI_3009G193200	1
SORBI_3009G193300	706.999
SORBI_3009G193400	3703.619
SORBI_3009G193500	461.276
ENSRNA049443893	0
ENSRNA049443882	0
SORBI_3009G193600	0
SORBI_3009G193700	313
SORBI_3009G193850	155.215
SORBI_3009G194000	214
SORBI_3009G194100	1
SORBI_3009G194200	890
SORBI_3009G194300	93
SORBI_3009G194400	5
SORBI_3009G194500	195
SORBI_3009G194600	0
SORBI_3009G194700	45
SORBI_3009G194801	44.001
SORBI_3009G194900	31
SORBI_3009G195000	47
SORBI_3009G195100	266
SORBI_3009G195200	220.001
SORBI_3009G195300	515
SORBI_3009G195400	72
SORBI_3009G195500	0
SORBI_3009G195600	19
SORBI_3009G195700	775
SORBI_3009G195800	3530.255
SORBI_3009G195900	2345.978
SORBI_3009G196001	2
SORBI_3009G196100	0
SORBI_3009G196200	0
SORBI_3009G196300	0
SORBI_3009G196400	0
SORBI_3009G196500	0
SORBI_3009G196600	0
SORBI_3009G196700	0
SORBI_3009G196800	119
SORBI_3009G196900	59
SORBI_3009G197000	188
SORBI_3009G197100	1
SORBI_3009G197200	31
SORBI_3009G197300	496
SORBI_3009G197350	1
SORBI_3009G197400	1
SORBI_3009G197500	0
SORBI_3009G197600	580
SORBI_3009G197700	0
SORBI_3009G197800	0
SORBI_3009G197901	0
SORBI_3009G198000	130
SORBI_3009G198100	259
SORBI_3009G198200	3
ENSRNA049443870	0
SORBI_3009G198300	0
SORBI_3009G198350	0
SORBI_3009G198400	7
SORBI_3009G198500	2155
SORBI_3009G198600	41
SORBI_3009G198700	99
SORBI_3009G198800	4
SORBI_3009G198900	519
SORBI_3009G199001	8
SORBI_3009G199100	29
SORBI_3009G199200	606
SORBI_3009G199300	0
SORBI_3009G199401	1
SORBI_3009G199500	181
SORBI_3009G199601	307
SORBI_3009G199700	303
SORBI_3009G199750	0
SORBI_3009G199800	122
SORBI_3009G199900	0
SORBI_3009G200000	8
SORBI_3009G200100	0
SORBI_3009G200200	473
SORBI_3009G200300	17
SORBI_3009G200400	31
SORBI_3009G200500	432
SORBI_3009G200566	6
SORBI_3009G200632	4
SORBI_3009G200700	287
SORBI_3009G200750	1
SORBI_3009G200800	2221.003
SORBI_3009G200900	11
SORBI_3009G201000	80
SORBI_3009G201100	1
SORBI_3009G201200	408.054
SORBI_3009G201300	247.772
SORBI_3009G201400	0
SORBI_3009G201500	1434.999
SORBI_3009G201600	236.03
ENSRNA049995726	0
SORBI_3009G201700	1363.052
SORBI_3009G201800	118
SORBI_3009G201900	49
SORBI_3009G202000	32
SORBI_3009G202101	0
SORBI_3009G202200	0
SORBI_3009G202400	0
SORBI_3009G202501	0
SORBI_3009G202600	0
SORBI_3009G202700	0
ENSRNA049443858	0
SORBI_3009G202801	24
SORBI_3009G202900	39.999
SORBI_3009G203000	219
SORBI_3009G203100	231
SORBI_3009G203200	0
SORBI_3009G203400	2
SORBI_3009G203500	775.137
SORBI_3009G203600	143.12
SORBI_3009G203700	20
SORBI_3009G203733	0
SORBI_3009G203766	0
SORBI_3009G203800	0
SORBI_3009G203900	0
SORBI_3009G204000	0
SORBI_3009G204100	2847.359
SORBI_3009G204200	814.608
SORBI_3009G204300	29
SORBI_3009G204400	269.67
SORBI_3009G204501	0
SORBI_3009G204601	2087.281
SORBI_3009G204700	0
SORBI_3009G204800	0
SORBI_3009G204900	6
SORBI_3009G205000	45
SORBI_3009G205100	19
SORBI_3009G205200	77
SORBI_3009G205300	717
ENSRNA049443630	0
SORBI_3009G205400	5
SORBI_3009G205500	12
SORBI_3009G205600	23
SORBI_3009G205700	64
SORBI_3009G205800	9
SORBI_3009G205900	24
SORBI_3009G206000	31
SORBI_3009G206100	175
SORBI_3009G206150	0
SORBI_3009G206200	0
SORBI_3009G206250	0
SORBI_3009G206300	0
SORBI_3009G206400	1
SORBI_3009G206500	803
SORBI_3009G206600	224
SORBI_3009G206700	343
SORBI_3009G206800	0
SORBI_3009G206900	0
ENSRNA049478842	0
ENSRNA049478902	0
ENSRNA049478943	0
ENSRNA049478851	0
SORBI_3009G207000	354
SORBI_3009G207100	153
SORBI_3009G207200	239
SORBI_3009G207300	420.001
SORBI_3009G207400	12
SORBI_3009G207500	3
ENSRNA049995722	0
ENSRNA049995719	0
ENSRNA049995715	0
SORBI_3009G207600	135
SORBI_3009G207700	0
SORBI_3009G207800	0
SORBI_3009G207900	432.002
SORBI_3009G208000	238
SORBI_3009G208100	365
SORBI_3009G208200	138.997
SORBI_3009G208300	0
SORBI_3009G208400	2
SORBI_3009G208500	1
SORBI_3009G208600	0
SORBI_3009G208700	0
SORBI_3009G208800	2508.917
SORBI_3009G208900	0
SORBI_3009G209001	7
ENSRNA049443808	0
SORBI_3009G209100	2856.024
SORBI_3009G209150	1
SORBI_3009G209200	153
SORBI_3009G209300	513
SORBI_3009G209400	2
SORBI_3009G209500	8
SORBI_3009G209650	19.994
SORBI_3009G209800	44
SORBI_3009G209900	70
SORBI_3009G210000	67.999
SORBI_3009G210100	149
SORBI_3009G210200	59
SORBI_3009G210250	0
SORBI_3009G210300	51
SORBI_3009G210400	0
SORBI_3009G210500	237
SORBI_3009G210600	98
SORBI_3009G210700	0
SORBI_3009G210800	67
SORBI_3009G210900	0
SORBI_3009G211000	15
SORBI_3009G211100	24
SORBI_3009G211200	128
SORBI_3009G211300	0
SORBI_3009G211400	109.901
SORBI_3009G211500	9
SORBI_3009G211600	10
SORBI_3009G211700	3093.821
SORBI_3009G211800	3
SORBI_3009G211900	100
SORBI_3009G212000	29
SORBI_3009G212100	546.003
SORBI_3009G212200	353
SORBI_3009G212300	552
SORBI_3009G212400	707.94
SORBI_3009G212500	2
SORBI_3009G212600	214
SORBI_3009G212700	0
SORBI_3009G212800	425.953
SORBI_3009G212900	5
SORBI_3009G213000	161
SORBI_3009G213100	376
SORBI_3009G213150	0
SORBI_3009G213200	140
SORBI_3009G213300	146
SORBI_3009G213400	31
SORBI_3009G213500	2493.307
SORBI_3009G213600	337
SORBI_3009G213700	65.191
SORBI_3009G213800	87.022
SORBI_3009G213900	2208.818
SORBI_3009G213950	194.182
SORBI_3009G214000	45
SORBI_3009G214100	235.996
SORBI_3009G214200	145
SORBI_3009G214300	538
SORBI_3009G214400	0
SORBI_3009G214500	1
SORBI_3009G214600	167
SORBI_3009G214700	0
SORBI_3009G214800	159
SORBI_3009G214900	152
SORBI_3009G215000	510
SORBI_3009G215100	1
SORBI_3009G215200	2020.805
ENSRNA049478892	0
ENSRNA049478883	1
SORBI_3009G215300	168.664
SORBI_3009G215350	3
SORBI_3009G215400	1033
SORBI_3009G215500	865
SORBI_3009G215600	1
SORBI_3009G215700	40.505
SORBI_3009G215800	137.622
SORBI_3009G215901	24.378
SORBI_3009G216000	254
SORBI_3009G216050	4
SORBI_3009G216100	282
SORBI_3009G216200	0
SORBI_3009G216300	100
SORBI_3009G216400	0
SORBI_3009G216500	59
SORBI_3009G216600	0
SORBI_3009G216700	111
SORBI_3009G216800	1149
SORBI_3009G216900	713
SORBI_3009G217000	1754.996
SORBI_3009G217100	4342.577
SORBI_3009G217200	1171.082
SORBI_3009G217300	94
SORBI_3009G217400	98.001
SORBI_3009G217450	1
SORBI_3009G217500	410
SORBI_3009G217600	200
SORBI_3009G217700	0
SORBI_3009G217800	0
SORBI_3009G217900	801.089
SORBI_3009G218000	195
SORBI_3009G218100	0
SORBI_3009G218200	0
SORBI_3009G218450	85
SORBI_3009G218700	10
SORBI_3009G218800	151
SORBI_3009G218900	95
SORBI_3009G219000	2147.748
SORBI_3009G219100	1039.858
SORBI_3009G219200	0
SORBI_3009G219300	0
SORBI_3009G219400	197
SORBI_3009G219500	1
SORBI_3009G219601	0
SORBI_3009G219700	2
SORBI_3009G219800	0
SORBI_3009G219900	249
SORBI_3009G220000	85
SORBI_3009G220100	266.991
SORBI_3009G220200	1421.022
SORBI_3009G220250	0
SORBI_3009G220300	0
SORBI_3009G220400	0
SORBI_3009G220500	59.941
SORBI_3009G220600	3
SORBI_3009G220700	1
SORBI_3009G220800	1.946
SORBI_3009G220900	0
SORBI_3009G220933	0
SORBI_3009G220966	0
SORBI_3009G221000	87.113
SORBI_3009G221200	40
SORBI_3009G221400	112
SORBI_3009G221500	15
SORBI_3009G221600	43
SORBI_3009G221701	6
ENSRNA049478870	0
SORBI_3009G221800	0
SORBI_3009G221900	37
SORBI_3009G222000	9
SORBI_3009G222100	6
SORBI_3009G222200	453
SORBI_3009G222400	8
SORBI_3009G222500	259.29
SORBI_3009G222600	30
SORBI_3009G222700	2
SORBI_3009G222800	25
SORBI_3009G222900	228
SORBI_3009G223000	0
SORBI_3009G223100	0
SORBI_3009G223200	275
SORBI_3009G223300	1876.012
SORBI_3009G223400	63
SORBI_3009G223500	259.124
SORBI_3009G223600	128.998
SORBI_3009G223700	2
SORBI_3009G223800	0
SORBI_3009G223900	0
SORBI_3009G224000	394.183
SORBI_3009G224100	3
SORBI_3009G224200	34
SORBI_3009G224300	9
SORBI_3009G224400	3239.016
SORBI_3009G224500	185
SORBI_3009G224600	1156.97
SORBI_3009G224700	45
SORBI_3009G224800	1
SORBI_3009G224900	0
SORBI_3009G225000	205
SORBI_3009G225100	397
SORBI_3009G225200	274.303
SORBI_3009G225250	0
SORBI_3009G225300	0
ENSRNA049443666	0
SORBI_3009G225500	4
ENSRNA049443801	0
SORBI_3009G225600	71
SORBI_3009G225700	89
SORBI_3009G225800	1
SORBI_3009G225900	45
ENSRNA049478863	0
ENSRNA049478845	0
SORBI_3009G226000	3
SORBI_3009G226100	8
SORBI_3009G226200	5
SORBI_3009G226250	10
SORBI_3009G226300	205.997
SORBI_3009G226400	2724
SORBI_3009G226600	181
SORBI_3009G226700	29
SORBI_3009G226800	71
SORBI_3009G226900	37
SORBI_3009G227000	46.646
SORBI_3009G227100	52.035
SORBI_3009G227201	0
SORBI_3009G227300	0
SORBI_3009G227400	644.836
SORBI_3009G227500	0
SORBI_3009G227600	12
SORBI_3009G227650	2
SORBI_3009G227700	251
SORBI_3009G227800	203
SORBI_3009G227900	168
SORBI_3009G228000	356
SORBI_3009G228100	2192.453
SORBI_3009G228201	4.502
SORBI_3009G228300	146
SORBI_3009G228400	162
SORBI_3009G228500	408
SORBI_3009G228600	33
SORBI_3009G228700	1043
SORBI_3009G228800	122
SORBI_3009G228900	165.283
SORBI_3009G229000	51
SORBI_3009G229100	0
SORBI_3009G229200	227
SORBI_3009G229300	1366.817
ENSRNA049443684	0
SORBI_3009G229400	8
SORBI_3009G229500	0
SORBI_3009G229600	1083
SORBI_3009G229700	188.283
SORBI_3009G229800	56
SORBI_3009G229900	0
SORBI_3009G230000	0
SORBI_3009G230100	715
SORBI_3009G230200	4.966
SORBI_3009G230300	0
SORBI_3009G230400	3
SORBI_3009G230500	125
SORBI_3009G230600	47
SORBI_3009G230700	1604.021
SORBI_3009G230800	0
SORBI_3009G230900	7
SORBI_3009G231000	1
SORBI_3009G231100	145
SORBI_3009G231200	4156.815
SORBI_3009G231300	4390.882
SORBI_3009G231400	237.169
SORBI_3009G231500	0
SORBI_3009G231600	0
SORBI_3009G231700	949
SORBI_3009G231800	463
SORBI_3009G231900	77
SORBI_3009G232000	847.002
SORBI_3009G232100	4
SORBI_3009G232200	377
SORBI_3009G232266	327
SORBI_3009G232332	0
SORBI_3009G232400	78.718
SORBI_3009G232500	8
SORBI_3009G232700	1790
SORBI_3009G232800	494.014
SORBI_3009G232900	624
SORBI_3009G233000	0
SORBI_3009G233100	0
SORBI_3009G233200	4815.041
SORBI_3009G233300	661.705
SORBI_3009G233400	1280.997
SORBI_3009G233500	1.002
SORBI_3009G233600	2
SORBI_3009G233700	256
SORBI_3009G233800	89
SORBI_3009G233900	96.996
SORBI_3009G234000	26
SORBI_3009G234100	14
SORBI_3009G234200	84
SORBI_3009G234300	3670.218
SORBI_3009G234400	596
SORBI_3009G234500	72
SORBI_3009G234600	504
SORBI_3009G234700	1135.224
SORBI_3009G234800	3164.707
SORBI_3009G234900	1
SORBI_3009G235000	90
SORBI_3009G235100	144
SORBI_3009G235200	614
SORBI_3009G235300	21.01
SORBI_3009G235400	0
SORBI_3009G235500	0
SORBI_3009G235600	247
SORBI_3009G235700	30
SORBI_3009G235801	0
SORBI_3009G235900	234
SORBI_3009G236000	0
SORBI_3009G236100	135
SORBI_3009G236150	0
SORBI_3009G236200	72
SORBI_3009G236300	79.096
SORBI_3009G236400	146
ENSRNA049443757	0
SORBI_3009G236500	7
SORBI_3009G236600	1
SORBI_3009G236700	0
SORBI_3009G236800	33
SORBI_3009G236900	0
SORBI_3009G236950	3
SORBI_3009G237000	252
SORBI_3009G237100	56.309
SORBI_3009G237200	331.711
SORBI_3009G237300	0
SORBI_3009G237350	0
SORBI_3009G237400	62
SORBI_3009G237500	40
SORBI_3009G237600	216
SORBI_3009G237700	3
SORBI_3009G237800	7
SORBI_3009G237900	0
SORBI_3009G238000	433
SORBI_3009G238100	112
SORBI_3009G238200	83
SORBI_3009G238300	33
SORBI_3009G238500	11.023
SORBI_3009G238600	3
SORBI_3009G238650	0
ENSRNA049478922	0
SORBI_3009G238700	12
SORBI_3009G238800	274
SORBI_3009G238850	140
SORBI_3009G238900	1308.936
SORBI_3009G239000	0
SORBI_3009G239101	7.359
SORBI_3009G239200	55
SORBI_3009G239250	66.34
SORBI_3009G239301	64
SORBI_3009G239351	202
SORBI_3009G239400	0
SORBI_3009G239500	718
SORBI_3009G239600	43
SORBI_3009G239700	1
SORBI_3009G239800	0
SORBI_3009G239900	2542.994
SORBI_3009G240000	1
SORBI_3009G240100	6
SORBI_3009G240200	45
SORBI_3009G240300	0
SORBI_3009G240400	0
SORBI_3009G240500	0
SORBI_3009G240600	68
SORBI_3009G240700	825
SORBI_3009G240900	2640.966
SORBI_3009G241000	15
SORBI_3009G241100	43
SORBI_3009G241200	265.342
SORBI_3009G241300	5
SORBI_3009G241400	0
SORBI_3009G241500	3.999
SORBI_3009G241600	1
SORBI_3009G241700	55
SORBI_3009G241801	31
SORBI_3009G241900	0
SORBI_3009G241966	3
SORBI_3009G242032	0
SORBI_3009G242100	1307
SORBI_3009G242200	74.118
SORBI_3009G242250	0
SORBI_3009G242300	483.042
SORBI_3009G242400	887
SORBI_3009G242501	3
SORBI_3009G242600	63
SORBI_3009G242700	79.047
SORBI_3009G242800	61
SORBI_3009G242900	88
SORBI_3009G243000	7
SORBI_3009G243100	143
SORBI_3009G243200	98
SORBI_3009G243400	251
SORBI_3009G243500	0
SORBI_3009G243600	1
ENSRNA049478859	0
SORBI_3009G243800	495
SORBI_3009G243900	62
SORBI_3009G244000	0
SORBI_3009G244100	10
SORBI_3009G244200	20
SORBI_3009G244300	22
SORBI_3009G244450	1
SORBI_3009G244600	0
SORBI_3009G244650	0
SORBI_3009G244700	4679.266
SORBI_3009G244800	0
SORBI_3009G244900	114
SORBI_3009G245000	937
SORBI_3009G245101	340
SORBI_3009G245200	1
SORBI_3009G245300	0
SORBI_3009G245400	1
SORBI_3009G245500	0
SORBI_3009G245600	18
SORBI_3009G245650	0
ENSRNA049443705	0
SORBI_3009G245700	0
SORBI_3009G245750	0
SORBI_3009G245800	2131.323
SORBI_3009G245900	0
SORBI_3009G246000	0
SORBI_3009G246100	12
SORBI_3009G246200	5
SORBI_3009G246250	0
SORBI_3009G246300	724.164
SORBI_3009G246400	306.012
SORBI_3009G246500	936
SORBI_3009G246600	5
SORBI_3009G246700	551
SORBI_3009G246800	91
SORBI_3009G246950	1130.003
SORBI_3009G247100	29
SORBI_3009G247200	2
SORBI_3009G247300	1246.201
SORBI_3009G247400	593
SORBI_3009G247500	0
SORBI_3009G247601	0
SORBI_3009G247700	11
SORBI_3009G247900	7892.788
SORBI_3009G248000	5
SORBI_3009G248100	2
SORBI_3009G248200	1
SORBI_3009G248300	1831.091
SORBI_3009G248500	6.801
SORBI_3009G248600	2.199
SORBI_3009G248700	1
SORBI_3009G248801	59
SORBI_3009G248900	87
SORBI_3009G249000	1723.562
SORBI_3009G249100	460.598
SORBI_3009G249200	597
SORBI_3009G249301	1
SORBI_3009G249400	1
SORBI_3009G249500	1576.647
SORBI_3009G249600	6
SORBI_3009G249700	338
SORBI_3009G249800	1062
SORBI_3009G249900	246
SORBI_3009G250000	0
SORBI_3009G250100	1641.068
SORBI_3009G250200	1
SORBI_3009G250300	0
SORBI_3009G250400	94
SORBI_3009G250500	0
SORBI_3009G250600	0
SORBI_3009G250700	5
SORBI_3009G250800	7
SORBI_3009G250900	550
SORBI_3009G251000	96
SORBI_3009G251100	386
SORBI_3009G251200	144
SORBI_3009G251300	38
SORBI_3009G251400	76
SORBI_3009G251500	1701.004
SORBI_3009G251600	82
SORBI_3009G251700	4
SORBI_3009G251800	38
SORBI_3009G252000	0
SORBI_3009G252100	0
SORBI_3009G252200	2
SORBI_3009G252300	27
SORBI_3009G252400	2
SORBI_3009G252500	111
SORBI_3009G252600	109
SORBI_3009G252700	30
SORBI_3009G252800	1474.785
ENSRNA049995717	0
ENSRNA049443727	0
SORBI_3009G253000	1
SORBI_3009G253101	2
SORBI_3009G253200	0
ENSRNA049443719	0
SORBI_3009G253300	23
SORBI_3009G253400	531.935
SORBI_3009G253450	1.998
SORBI_3009G253500	0
SORBI_3009G253600	1
SORBI_3009G253700	0
SORBI_3009G253800	0
SORBI_3009G253900	1.002
SORBI_3009G253950	70
ENSRNA049995701	0
SORBI_3009G254000	360
SORBI_3009G254100	375
SORBI_3009G254200	761
SORBI_3009G254400	0
SORBI_3009G254500	0
SORBI_3009G254600	0
SORBI_3009G254700	2
SORBI_3009G254800	0
SORBI_3009G254900	139
SORBI_3009G255000	1
SORBI_3009G255100	386
SORBI_3009G255200	0
SORBI_3009G255300	813
SORBI_3009G255400	0
SORBI_3009G255500	247
SORBI_3009G255600	2011
SORBI_3009G255700	607.523
SORBI_3009G255800	2059
SORBI_3009G255900	228
SORBI_3009G256000	860
SORBI_3009G256100	32
SORBI_3009G256200	84
SORBI_3009G256300	448
SORBI_3009G256400	1747
SORBI_3009G256500	0
SORBI_3009G256601	0
SORBI_3009G256700	58
SORBI_3009G256800	74.36
SORBI_3009G256900	1263.006
SORBI_3009G257000	0
SORBI_3009G257100	45
SORBI_3009G257200	1379.662
SORBI_3009G257300	218
SORBI_3009G257400	1
SORBI_3009G257500	26
SORBI_3009G257600	1589
SORBI_3009G257700	3322
SORBI_3009G257800	628.756
SORBI_3009G257900	0
SORBI_3009G258000	0
SORBI_3009G258100	2103.985
SORBI_3009G258150	1
SORBI_3009G258200	0
SORBI_3009G258300	451.998
SORBI_3009G258400	582
SORBI_3009G258500	238
SORBI_3009G258600	325
SORBI_3009G258700	1
SORBI_3009G258800	3
SORBI_3009G258900	0
SORBI_3009G259100	978
SORBI_3009G259200	403
SORBI_3009G259300	0
SORBI_3009G259400	135
SORBI_3009G259500	0
SORBI_3009G259600	0
SORBI_3009G259700	207
SORBI_3009G259800	8
SORBI_3009G259900	600
SORBI_3009G260000	69
SORBI_3009G260200	0
SORBI_3009G260350	1
SORBI_3009G260500	1038
SORBI_3009G260550	0
SORBI_3009G260600	10
SORBI_3009G260650	51
SORBI_3009G260700	409
SORBI_3009G260800	0
SORBI_3009G260900	0
SORBI_3K000200	0
SORBI_3K000400	0
SORBI_3K000500	1
SORBI_3K044400	0
ENSRNA049485535	0
ENSRNA049485533	19.464
SORBI_3K004100	386
SORBI_3K004201	1
ENSRNA049485470	0
SORBI_3K004400	0
SORBI_3K004500	0
ENSRNA049485443	0
ENSRNA049485454	0
ENSRNA049485442	0
ENSRNA049485444	0
ENSRNA049485461	0
ENSRNA049485445	0
ENSRNA049485446	0
ENSRNA049485447	0
ENSRNA049485463	0
ENSRNA049485458	0
ENSRNA049485449	0
ENSRNA049485459	0
ENSRNA049485450	0
ENSRNA049485451	0
ENSRNA049485452	0
SORBI_3K009800	1
SORBI_3K009900	0
SORBI_3K010000	0
SORBI_3K010100	5
SORBI_3K010300	0
SORBI_3K044401	16.156
SORBI_3K010500	0
ENSRNA049485467	0
ENSRNA049485468	0
SORBI_3K012900	4
SORBI_3K013000	550.401
SORBI_3K013100	0
SORBI_3K013200	392.014
SORBI_3K014100	0
SORBI_3K014200	0
ENSRNA049485436	0
ENSRNA049485438	0
SORBI_3K044402	0
ENSRNA049484633	479
ENSRNA049484595	0
ENSRNA049484584	23.836
ENSRNA049484596	0
ENSRNA049484545	0
ENSRNA049484598	0
ENSRNA049484547	0
ENSRNA049484599	0
ENSRNA049484548	0
ENSRNA049484600	0
ENSRNA049484551	0
ENSRNA049484601	0
ENSRNA049484553	0
ENSRNA049484602	0
ENSRNA049484585	0
ENSRNA049484603	0
ENSRNA049484554	0
ENSRNA049484604	0
ENSRNA049484555	0
ENSRNA049484607	0
ENSRNA049484557	0
ENSRNA049484608	0
ENSRNA049484559	241.17
ENSRNA049484610	0
ENSRNA049484560	0
ENSRNA049484611	0
ENSRNA049484563	0
ENSRNA049484623	0.516
ENSRNA049484566	0
SORBI_3K044403	268.719
ENSRNA049484612	0
ENSRNA049484582	3.679
ENSRNA049484626	0.516
ENSRNA049484594	39.227
ENSRNA049484614	0
ENSRNA049484567	166.007
ENSRNA049484615	0
ENSRNA049484576	0
ENSRNA049484616	0
ENSRNA049484579	13.159
ENSRNA049484617	0
ENSRNA049484587	0
ENSRNA049484618	0
ENSRNA049484570	4115.446
ENSRNA049484620	0
ENSRNA049484573	647.266
ENSRNA049484637	0
ENSRNA049484592	12.412
ENSRNA049484593	98.537
ENSRNA049484591	5.004
ENSRNA049484638	0
ENSRNA049484589	19.619
ENSRNA049484632	0
ENSRNA049484640	0
ENSRNA049484628	0
ENSRNA049484630	0
SORBI_3K015700	55
SORBI_3K015800	0
SORBI_3K044404	20.379
SORBI_3K016500	0
SORBI_3K016700	8
SORBI_3K008450	7.68
SORBI_3K016900	47.032
ENSRNA049485498	0
ENSRNA049485500	0
ENSRNA049485510	0
ENSRNA049485512	0
ENSRNA049485501	0
ENSRNA049485513	0
ENSRNA049485503	0
ENSRNA049485505	0
ENSRNA049485508	0
ENSRNA049485509	0
SORBI_3K017300	0
SORBI_3K020400	19.395
SORBI_3K020500	0
SORBI_3K044405	0
SORBI_3K044505	0
SORBI_3K024000	15.219
SORBI_3K044406	33.282
SORBI_3K024100	0
ENSRNA049485542	0
ENSRNA049485538	704.146
ENSRNA049485539	106.487
SORBI_3K024300	0
SORBI_3K044407	2.117
ENSRNA049485541	0
SORBI_3K024500	0
ENSRNA049485553	106.487
SORBI_3K024600	0
SORBI_3K044408	0
SORBI_3K024800	57.564
SORBI_3K025800	6
ENSRNA049485548	0
SORBI_3K025900	0
ENSRNA049485554	0
ENSRNA049485441	0
SORBI_3K026200	26.299
ENSRNA049485561	0
SORBI_3K026400	0
SORBI_3K026800	11.259
SORBI_3K044409	0
SORBI_3K026900	3
ENSRNA049485550	6.695
SORBI_3K044410	7.506
SORBI_3K027700	0
SORBI_3K027900	1.485
SORBI_3K028000	2.703
SORBI_3K044411	3.306
ENSRNA049485562	0.5
SORBI_3K028200	0
ENSRNA049485515	0
SORBI_3K028300	0
SORBI_3K044412	0
ENSRNA049485401	8.61
SORBI_3K028600	164
SORBI_3K044413	65.033
ENSRNA049485423	0
ENSRNA049485412	0
ENSRNA049485427	0
ENSRNA049485428	0
ENSRNA049485414	0
ENSRNA049485415	0
ENSRNA049485425	0
ENSRNA049485418	0
ENSRNA049485421	0
SORBI_3K028900	0
SORBI_3K044414	0
ENSRNA049485495	0
ENSRNA049485493	0
SORBI_3K044415	0
ENSRNA049485556	0
ENSRNA049485555	0
SORBI_3K029900	1
SORBI_3K030000	3.801
SORBI_3K030100	0
SORBI_3K030200	0
SORBI_3K030700	0
ENSRNA049484642	0
SORBI_3K044416	0
SORBI_3K031100	0
SORBI_3K031200	0
SORBI_3K031300	0
SORBI_3K031500	12.386
SORBI_3K031800	89.62
SORBI_3K044417	0
SORBI_3K032900	0
ENSRNA049485527	0
ENSRNA049485526	84.944
SORBI_3K044418	23.819
SORBI_3K033000	1684.149
ENSRNA049483612	0
ENSRNA049483600	0
ENSRNA049483615	0
ENSRNA049483594	0
ENSRNA049483618	106.487
ENSRNA049483575	0
ENSRNA049483619	106.487
ENSRNA049483576	0
ENSRNA049483622	106.487
ENSRNA049483578	0
ENSRNA049483624	106.59
ENSRNA049483580	0
ENSRNA049483625	106.59
ENSRNA049483582	0
ENSRNA049483626	0
ENSRNA049483596	0
ENSRNA049483627	0
ENSRNA049483584	0
ENSRNA049483607	1649.552
ENSRNA049483602	3685.776
ENSRNA049483628	0
ENSRNA049483588	0
ENSRNA049483629	0
ENSRNA049483603	2377.875
ENSRNA049483639	15.485
ENSRNA049483640	81.556
ENSRNA049483611	403.822
ENSRNA049483609	573.681
ENSRNA049483605	847.066
ENSRNA049483632	0
ENSRNA049483598	0
ENSRNA049483635	0
ENSRNA049483591	0
ENSRNA049483637	0
ENSRNA049483597	67.303
SORBI_3K040800	4
ENSRNA049483670	0
ENSRNA049483653	0
ENSRNA049483666	700.141
ENSRNA049483677	3.265
ENSRNA049483659	4.623
ENSRNA049483671	0
ENSRNA049483662	0
ENSRNA049483678	0
ENSRNA049483658	0
ENSRNA049483675	0
ENSRNA049483660	2.535
ENSRNA049483664	4733.004
ENSRNA049483667	1468.027
ENSRNA049483679	0
ENSRNA049483650	0
ENSRNA049483674	0
ENSRNA049483655	8.596
SORBI_3K041900	989.932
SORBI_3K042000	685
SORBI_3K044419	0
SORBI_3K042600	0
SORBI_3K042700	0
SORBI_3K044420	0
SORBI_3K043400	284
SORBI_3K043500	0
SORBI_3K043800	10.08
SORBI_3K044200	0
SORBI_3K044300	46.858
