feature_id	SRR14935704
SORBI_3001G000100	0
SORBI_3001G000200	38.875715
SORBI_3001G000400	11.10046
SORBI_3001G000300	0
SORBI_3001G000501	17.64492
SORBI_3001G000700	84.88648
SORBI_3001G000800	84.687427
SORBI_3001G000900	0
SORBI_3001G001000	0
SORBI_3001G001066	0
SORBI_3001G001132	0
SORBI_3001G001200	2.215088
SORBI_3001G001300	6.172844
SORBI_3001G001400	62.724873
SORBI_3001G001700	0.832343
SORBI_3001G001800	0
SORBI_3001G001900	24.214848
SORBI_3001G002000	49.096925
SORBI_3001G002050	12.48713
SORBI_3001G002100	5.849901
SORBI_3001G002200	0
SORBI_3001G002300	0.115936
SORBI_3001G002400	0.097047
SORBI_3001G002500	0.532164
SORBI_3001G002600	15.953449
SORBI_3001G002650	0
SORBI_3001G002700	0.454428
SORBI_3001G002800	1.74005
SORBI_3001G002900	0.24224
SORBI_3001G003000	7.727505
SORBI_3001G003100	133.952054
SORBI_3001G003200	25.202163
SORBI_3001G003300	1.836865
SORBI_3001G003400	0
SORBI_3001G003500	22.300854
SORBI_3001G003600	0
SORBI_3001G003700	0
SORBI_3001G003900	4.099049
SORBI_3001G004000	0.239966
SORBI_3001G004100	33.763589
SORBI_3001G004200	19.576626
SORBI_3001G004300	0.148986
SORBI_3001G004400	59.445786
SORBI_3001G004500	0.120575
SORBI_3001G004550	0
SORBI_3001G004600	0.762252
SORBI_3001G004700	3.403346
SORBI_3001G004800	1.93789
SORBI_3001G004901	0
SORBI_3001G005000	0.467161
SORBI_3001G005100	1.147369
SORBI_3001G005200	24.687516
SORBI_3001G005300	0.615211
SORBI_3001G005400	0
SORBI_3001G005500	11.283387
SORBI_3001G005600	51.417584
SORBI_3001G005700	20.137769
SORBI_3001G005800	10.684222
ENSRNA049997130	0
SORBI_3001G005900	159.058263
SORBI_3001G006000	5.537798
SORBI_3001G006101	0.322133
SORBI_3001G006201	3.678963
SORBI_3001G006300	0
SORBI_3001G006400	19.795162
SORBI_3001G006500	1.236955
SORBI_3001G006600	0
SORBI_3001G006700	67.711575
SORBI_3001G006800	8.939467
SORBI_3001G006900	0.284911
SORBI_3001G007000	58.27671
SORBI_3001G007100	10.025252
SORBI_3001G007200	24.973507
SORBI_3001G007300	1.134194
SORBI_3001G007400	43.844398
SORBI_3001G007500	14.070537
SORBI_3001G007600	236.934622
SORBI_3001G007700	2.452237
SORBI_3001G007800	23.759189
SORBI_3001G007900	14.422224
SORBI_3001G008000	4.474352
SORBI_3001G008100	55.353538
SORBI_3001G008200	10.148565
SORBI_3001G008300	1.262427
SORBI_3001G008400	0.026915
SORBI_3001G008500	13.094335
SORBI_3001G008600	0.135542
SORBI_3001G008700	22.501814
SORBI_3001G008800	68.835159
SORBI_3001G008900	24.077473
SORBI_3001G009000	0
SORBI_3001G009100	0
SORBI_3001G009200	6.379555
SORBI_3001G009300	51.266973
SORBI_3001G009400	1.46609
SORBI_3001G009500	4.743583
SORBI_3001G009600	42.563046
SORBI_3001G009700	0.041715
SORBI_3001G009800	61.544985
SORBI_3001G009900	3.627456
SORBI_3001G010000	1.370754
SORBI_3001G010100	39.716079
SORBI_3001G010200	5.273034
SORBI_3001G010300	29.887448
SORBI_3001G010400	115.137135
SORBI_3001G010500	0
SORBI_3001G010600	110.490079
SORBI_3001G010700	82.859135
SORBI_3001G010800	25.231631
SORBI_3001G010900	10.354027
SORBI_3001G011000	111.115482
SORBI_3001G011100	0
SORBI_3001G011200	241.51213
SORBI_3001G011300	7.237601
SORBI_3001G011400	3.851843
SORBI_3001G011600	19.050443
SORBI_3001G011700	32.169294
SORBI_3001G011800	18.147098
ENSRNA049997137	0
ENSRNA049469069	0
SORBI_3001G012000	0
SORBI_3001G012100	27.384627
SORBI_3001G012200	14.204936
SORBI_3001G012300	0.310188
SORBI_3001G012400	14.527211
SORBI_3001G012500	2647.834493
SORBI_3001G012600	117.490313
SORBI_3001G012700	6.404729
SORBI_3001G012800	102.571474
SORBI_3001G012900	24.026908
SORBI_3001G013000	135.89515
SORBI_3001G013100	18.436414
SORBI_3001G013200	20.507594
SORBI_3001G013300	8.724418
SORBI_3001G013400	0.502946
SORBI_3001G013500	42.953901
SORBI_3001G013600	5.089988
ENSRNA049468963	0
SORBI_3001G013701	0
SORBI_3001G013800	2.331245
SORBI_3001G013900	1.428252
SORBI_3001G014000	3.493214
SORBI_3001G014100	38.628174
SORBI_3001G014200	58.723927
SORBI_3001G014300	44.584121
SORBI_3001G014400	0
SORBI_3001G014500	26.839999
SORBI_3001G014600	0
SORBI_3001G014700	0.085441
SORBI_3001G014800	163.42638
SORBI_3001G014900	12.035795
SORBI_3001G015000	0.221486
SORBI_3001G015100	129.709653
SORBI_3001G015200	8.883901
SORBI_3001G015300	0.391884
SORBI_3001G015400	47.187143
SORBI_3001G015500	37.137127
SORBI_3001G015600	0.38426
SORBI_3001G015700	0
SORBI_3001G015800	39.637044
SORBI_3001G016000	39.410102
SORBI_3001G016050	0.157593
SORBI_3001G016100	1.421689
SORBI_3001G016201	39.450559
SORBI_3001G016300	0.054106
SORBI_3001G016350	0
SORBI_3001G016200	27.454374
SORBI_3001G016400	150.345851
SORBI_3001G016500	122.570392
SORBI_3001G016600	11.766687
SORBI_3001G016700	28.708817
SORBI_3001G016800	0
SORBI_3001G016900	159.277026
SORBI_3001G017000	3.756516
SORBI_3001G017100	218.263677
SORBI_3001G017200	97.269861
SORBI_3001G017300	10.767948
SORBI_3001G017400	52.513076
SORBI_3001G017500	0
ENSRNA049444170	0
SORBI_3001G017600	39.862326
SORBI_3001G017700	35.12476
SORBI_3001G017800	19.336554
SORBI_3001G017900	20.971818
SORBI_3001G018000	3.33589
SORBI_3001G018100	65.433199
SORBI_3001G018200	8.205325
SORBI_3001G018300	3.219221
SORBI_3001G018350	0
SORBI_3001G018400	0
SORBI_3001G018500	89.655689
SORBI_3001G018550	0
ENSRNA049445322	0
SORBI_3001G018600	0
SORBI_3001G018700	0
ENSRNA049444201	0
SORBI_3001G018800	831.117772
SORBI_3001G018900	693.015098
SORBI_3001G019000	0
SORBI_3001G019100	0
ENSRNA049444213	0
SORBI_3001G019200	5.119567
SORBI_3001G019300	2.590411
SORBI_3001G019400	16.83937
SORBI_3001G019500	44.291895
SORBI_3001G019601	1.647362
SORBI_3001G019700	1.196314
SORBI_3001G019800	29.464784
SORBI_3001G019900	126.431387
SORBI_3001G020000	43.038015
SORBI_3001G020100	57.254603
SORBI_3001G020200	5.162185
SORBI_3001G020350	0.164821
SORBI_3001G020500	30.414875
SORBI_3001G020600	18.435904
ENSRNA049444222	0
SORBI_3001G020700	1.669152
SORBI_3001G020800	0
SORBI_3001G020900	0
SORBI_3001G021000	45.649912
SORBI_3001G021100	0
SORBI_3001G021200	0
SORBI_3001G021300	46.225611
SORBI_3001G021400	369.941209
SORBI_3001G021500	425.472665
SORBI_3001G021601	0
SORBI_3001G021700	4.955532
SORBI_3001G021800	5.445392
SORBI_3001G021900	12.181468
SORBI_3001G022000	8.58798
SORBI_3001G022100	43.113302
SORBI_3001G022200	0.235143
SORBI_3001G022300	27.271013
SORBI_3001G022400	29.770967
SORBI_3001G022500	48.603416
SORBI_3001G022600	101.164306
SORBI_3001G022700	3.069598
SORBI_3001G022800	96.448717
SORBI_3001G022900	89.015894
SORBI_3001G023000	21.515549
SORBI_3001G023100	78.819427
SORBI_3001G023200	15.96447
SORBI_3001G023300	3.371211
SORBI_3001G023400	10.848254
SORBI_3001G023500	2.612665
SORBI_3001G023600	3.074261
SORBI_3001G023700	0.228371
SORBI_3001G023800	15.071407
SORBI_3001G023900	70.512132
SORBI_3001G024000	74.833359
SORBI_3001G024100	0
SORBI_3001G024200	8.795425
SORBI_3001G024250	0
SORBI_3001G024300	0
SORBI_3001G024400	0.183056
SORBI_3001G024500	37.076705
SORBI_3001G024700	0
SORBI_3001G024800	0
SORBI_3001G024900	0.229383
SORBI_3001G025000	51.42606
SORBI_3001G025101	6.424015
SORBI_3001G025201	0.215037
SORBI_3001G025300	7.171261
SORBI_3001G025400	21.558309
SORBI_3001G025500	19.184531
SORBI_3001G025600	166.789321
SORBI_3001G025700	34.088922
SORBI_3001G025800	3.266399
SORBI_3001G025900	0.394038
SORBI_3001G026000	63.642976
SORBI_3001G026100	0.214899
SORBI_3001G026200	35.052383
SORBI_3001G026300	0
SORBI_3001G026400	5.310914
SORBI_3001G026500	71.823454
SORBI_3001G026600	45.760408
SORBI_3001G026700	0.343972
ENSRNA049445318	0
SORBI_3001G026800	31.007131
SORBI_3001G026900	36.342685
SORBI_3001G026950	0
SORBI_3001G027000	0
SORBI_3001G027100	20.336772
SORBI_3001G027200	0
SORBI_3001G027300	2.714174
SORBI_3001G027400	0
SORBI_3001G027500	4.240247
SORBI_3001G027600	32.692406
SORBI_3001G027700	0
SORBI_3001G027800	0.535615
SORBI_3001G027900	0.369371
SORBI_3001G028000	46.611777
SORBI_3001G028100	130.902917
SORBI_3001G028200	0.313948
SORBI_3001G028301	0
SORBI_3001G028400	79.740509
SORBI_3001G028500	17.594905
SORBI_3001G028600	0.104689
SORBI_3001G028700	17.610477
SORBI_3001G028800	34.165819
SORBI_3001G028900	2.134738
SORBI_3001G029000	5.873553
SORBI_3001G029100	1.194144
SORBI_3001G029200	232.990266
SORBI_3001G029300	0
SORBI_3001G029400	14.198602
SORBI_3001G029500	0
SORBI_3001G029600	3.402581
SORBI_3001G029700	0
SORBI_3001G029800	0.070515
SORBI_3001G029900	2.43552
SORBI_3001G030000	59.103066
SORBI_3001G030100	1.812415
SORBI_3001G030200	0.693153
SORBI_3001G030300	63.047564
SORBI_3001G030400	20.220528
SORBI_3001G030500	1.756636
SORBI_3001G030600	1.061945
SORBI_3001G030800	0
SORBI_3001G030900	0
SORBI_3001G031000	0
SORBI_3001G031100	55.036691
SORBI_3001G031200	22.813907
SORBI_3001G031300	17.377076
SORBI_3001G031400	6.25868
SORBI_3001G031500	0
SORBI_3001G031600	53.970158
SORBI_3001G031700	3.003291
SORBI_3001G031800	2.18876
SORBI_3001G031900	7.915296
SORBI_3001G032000	7.69357
SORBI_3001G032100	26.771559
ENSRNA049468937	0
SORBI_3001G032200	20.294768
SORBI_3001G032300	13.389837
SORBI_3001G032400	4.650338
SORBI_3001G032550	0.980816
SORBI_3001G032700	6.571271
SORBI_3001G032800	83.921676
SORBI_3001G032850	0
SORBI_3001G032900	4.905025
SORBI_3001G033000	6.635064
SORBI_3001G033100	83.469626
SORBI_3001G033200	32.146555
SORBI_3001G033300	0.119225
SORBI_3001G033400	18.120925
SORBI_3001G033500	38.537524
SORBI_3001G033600	1.182263
SORBI_3001G033701	0
SORBI_3001G033800	0
SORBI_3001G033900	6.01119
SORBI_3001G034000	3.97803
SORBI_3001G034050	0
SORBI_3001G034100	124.128833
SORBI_3001G034200	0
SORBI_3001G034300	2.504055
SORBI_3001G034400	0
SORBI_3001G034500	58.960239
SORBI_3001G034600	21.651681
ENSRNA049444240	0
SORBI_3001G034700	1589.443125
SORBI_3001G034900	6.540688
SORBI_3001G035000	399.825045
SORBI_3001G035100	22.102865
SORBI_3001G035200	51.93524
SORBI_3001G035300	0
SORBI_3001G035400	127.377579
SORBI_3001G035450	0.549237
SORBI_3001G035500	128.511521
SORBI_3001G035600	47.340645
SORBI_3001G035700	0
SORBI_3001G035800	0.630287
SORBI_3001G035900	14.790522
SORBI_3001G036050	17.714285
SORBI_3001G036200	0.124374
SORBI_3001G036300	21.997467
SORBI_3001G036400	0
SORBI_3001G036600	0
SORBI_3001G036700	3.290133
SORBI_3001G036800	16.473477
SORBI_3001G036900	298.889052
SORBI_3001G037000	22.278266
SORBI_3001G037033	0
SORBI_3001G037066	0
SORBI_3001G037100	45.209671
SORBI_3001G037150	0.625995
SORBI_3001G037200	5.02583
SORBI_3001G037300	2.546319
SORBI_3001G037400	0.062201
SORBI_3001G037500	5.486259
SORBI_3001G037550	0
SORBI_3001G037600	0
SORBI_3001G037700	0
SORBI_3001G037800	10.502229
SORBI_3001G037900	52.907039
SORBI_3001G038000	79.579888
SORBI_3001G038050	0
ENSRNA049468928	0
SORBI_3001G038100	24.071675
SORBI_3001G038200	99.031537
SORBI_3001G038300	4.878077
SORBI_3001G038400	0
SORBI_3001G038450	0
ENSRNA049997145	0
SORBI_3001G038500	6.632084
SORBI_3001G038601	0
SORBI_3001G038700	1.188605
SORBI_3001G038800	52.40226
SORBI_3001G038900	19.331179
SORBI_3001G039000	0.40938
SORBI_3001G039100	0
SORBI_3001G039200	0.250864
SORBI_3001G039300	12.658741
SORBI_3001G039400	446.542044
SORBI_3001G039500	67.447292
SORBI_3001G039600	33.986382
SORBI_3001G039700	158.269463
SORBI_3001G039750	0
SORBI_3001G039800	88.549904
SORBI_3001G039900	29.892171
SORBI_3001G040000	9.122524
SORBI_3001G040100	93.708108
SORBI_3001G040200	182.428076
SORBI_3001G040300	52.429045
SORBI_3001G040400	0
SORBI_3001G040500	150.508219
SORBI_3001G040600	24.345198
SORBI_3001G040701	0
SORBI_3001G040800	727.035432
SORBI_3001G040900	0
SORBI_3001G041000	44.403783
SORBI_3001G041100	49.121938
SORBI_3001G041200	47.498345
SORBI_3001G041300	0
SORBI_3001G041400	24.284747
SORBI_3001G041450	0
SORBI_3001G041500	13.61081
SORBI_3001G041600	0
SORBI_3001G041700	2.253238
SORBI_3001G041800	18.795545
SORBI_3001G041900	3.506921
SORBI_3001G042000	17.3419
SORBI_3001G042100	0
SORBI_3001G042200	123.748924
SORBI_3001G042301	0
SORBI_3001G042400	0.994499
SORBI_3001G042500	9.946239
SORBI_3001G042600	0
SORBI_3001G042700	0.060158
SORBI_3001G042800	5.030213
ENSRNA049469080	0
SORBI_3001G042901	0.124485
SORBI_3001G043000	3.052123
SORBI_3001G043100	37.295492
SORBI_3001G043200	1.076249
SORBI_3001G043300	0
SORBI_3001G043400	35.145139
SORBI_3001G043500	3.403548
SORBI_3001G043601	22.628043
ENSRNA049468921	0
SORBI_3001G043700	2.48269
SORBI_3001G043800	44.096228
SORBI_3001G043900	11.770331
SORBI_3001G044000	1.104089
SORBI_3001G044100	0
SORBI_3001G044200	0.694453
SORBI_3001G044300	1.752409
SORBI_3001G044400	4.284989
SORBI_3001G044500	10.805366
SORBI_3001G044600	16.551878
SORBI_3001G044700	0
SORBI_3001G044800	278.015509
SORBI_3001G044900	12.501321
SORBI_3001G045000	152.012015
SORBI_3001G045100	0
SORBI_3001G045300	0
SORBI_3001G045400	0
SORBI_3001G045500	0
SORBI_3001G045600	392.751467
SORBI_3001G045700	148.129985
SORBI_3001G045800	0
SORBI_3001G045900	0
SORBI_3001G046000	39.077013
SORBI_3001G046100	178.38605
SORBI_3001G046200	11.844747
SORBI_3001G046300	171.854522
SORBI_3001G046400	0
SORBI_3001G046500	2.219289
SORBI_3001G046600	0
SORBI_3001G046700	0.367747
SORBI_3001G046800	0
SORBI_3001G046900	32.400142
SORBI_3001G047000	36.652514
SORBI_3001G047100	52.081061
SORBI_3001G047200	4.196899
SORBI_3001G047400	31.194924
SORBI_3001G047500	0
SORBI_3001G047600	39.173058
SORBI_3001G047700	1.706887
SORBI_3001G047800	223.033963
SORBI_3001G047900	1.215988
SORBI_3001G048000	11.639458
SORBI_3001G048100	220.973116
SORBI_3001G048200	45.52151
SORBI_3001G048300	0.075087
SORBI_3001G048400	7.836944
SORBI_3001G048500	0
SORBI_3001G048600	0
SORBI_3001G048700	22.822426
SORBI_3001G048766	17.742866
SORBI_3001G048832	98.349161
SORBI_3001G048900	12.855057
SORBI_3001G049000	0.135685
SORBI_3001G049200	55.764013
SORBI_3001G049300	98.940943
SORBI_3001G049400	82.622482
SORBI_3001G049500	58.86902
SORBI_3001G049600	31.107996
SORBI_3001G049700	0.261035
SORBI_3001G049800	26.889602
SORBI_3001G049900	0.877073
SORBI_3001G050000	0
SORBI_3001G050100	11.464435
SORBI_3001G050200	29.259162
SORBI_3001G050300	0.138789
SORBI_3001G050400	6.955134
SORBI_3001G050500	8.65154
SORBI_3001G050600	19.392378
SORBI_3001G050650	0
SORBI_3001G050700	45.158876
SORBI_3001G050800	45.647529
SORBI_3001G050900	3.463226
SORBI_3001G051100	0
SORBI_3001G051200	232.863378
SORBI_3001G051300	19.864236
SORBI_3001G051400	30.232356
SORBI_3001G051500	72.153543
SORBI_3001G051600	853.614198
SORBI_3001G051700	31.021098
SORBI_3001G051800	90.021383
SORBI_3001G052000	567.140925
SORBI_3001G052100	1.91521
SORBI_3001G052200	5.83548
SORBI_3001G052300	474.050624
SORBI_3001G052350	0
SORBI_3001G052400	33.058061
SORBI_3001G052500	0
SORBI_3001G052600	45.313344
SORBI_3001G052700	47.490422
SORBI_3001G052800	2.249001
SORBI_3001G052900	95.797395
SORBI_3001G053000	9.65942
SORBI_3001G053100	86.495744
SORBI_3001G053200	68.316499
SORBI_3001G053350	2.202223
SORBI_3001G053500	0
SORBI_3001G053601	0
SORBI_3001G053700	0.145763
SORBI_3001G053800	60.002735
SORBI_3001G053900	8.274723
SORBI_3001G054000	7.487195
SORBI_3001G054050	0
SORBI_3001G054100	3.897904
SORBI_3001G054200	7.842057
SORBI_3001G054300	0
SORBI_3001G054400	0
SORBI_3001G054500	0.214188
SORBI_3001G054600	13.05496
SORBI_3001G054700	3.062153
SORBI_3001G054800	245.370333
SORBI_3001G054900	201.667355
SORBI_3001G055100	0
SORBI_3001G055300	0
SORBI_3001G055400	0
SORBI_3001G055600	38.579115
SORBI_3001G055700	0
SORBI_3001G055800	0
SORBI_3001G055900	51.584767
SORBI_3001G056000	0
SORBI_3001G056100	0.152002
SORBI_3001G056200	45.225118
SORBI_3001G056300	5.568062
SORBI_3001G056400	0.162313
SORBI_3001G056500	6.580432
SORBI_3001G056601	41.727597
SORBI_3001G056700	22.216627
SORBI_3001G056800	31.731618
SORBI_3001G056900	3.674333
SORBI_3001G057100	9.238148
SORBI_3001G057200	19.268026
SORBI_3001G057300	217.911008
SORBI_3001G057400	1.869075
SORBI_3001G057500	0
ENSRNA049997152	0
SORBI_3001G057600	10.712327
SORBI_3001G057700	69.275856
SORBI_3001G057800	58.159217
SORBI_3001G057900	0.250359
SORBI_3001G058000	56.414823
SORBI_3001G058100	68.199727
SORBI_3001G058200	4.939554
SORBI_3001G058300	0.674698
SORBI_3001G058400	1.064862
SORBI_3001G058500	30.154255
SORBI_3001G058600	9.538311
SORBI_3001G058700	51.395507
SORBI_3001G058800	0
SORBI_3001G058900	386.931536
SORBI_3001G059001	0
SORBI_3001G059100	18.39486
SORBI_3001G059150	0
SORBI_3001G059200	10.480867
SORBI_3001G059300	0
SORBI_3001G059400	21.067568
SORBI_3001G059500	2.268387
ENSRNA049468934	0
SORBI_3001G059600	0.205489
SORBI_3001G059700	2.218328
SORBI_3001G059800	0
SORBI_3001G059900	0
SORBI_3001G060001	0
SORBI_3001G060100	4.305497
SORBI_3001G060200	0
SORBI_3001G060300	43.653152
SORBI_3001G060401	0
SORBI_3001G060500	12.103796
SORBI_3001G060600	0
SORBI_3001G060666	0
SORBI_3001G060732	0
SORBI_3001G060800	0
SORBI_3001G060900	0
SORBI_3001G061000	0.178261
SORBI_3001G061101	8.226664
SORBI_3001G061200	34.629547
SORBI_3001G061300	1.241839
SORBI_3001G061400	0.077378
SORBI_3001G061500	149.857399
SORBI_3001G061600	11.661432
SORBI_3001G061700	94.981901
SORBI_3001G061800	35.106863
SORBI_3001G061900	33.383971
SORBI_3001G062000	0
SORBI_3001G062066	5.51841
SORBI_3001G062132	4.342819
SORBI_3001G062200	0
SORBI_3001G062250	0
SORBI_3001G062300	147.573065
SORBI_3001G062400	0
SORBI_3001G062500	12.72388
SORBI_3001G062600	5.95731
SORBI_3001G062700	0
SORBI_3001G062750	0.190454
SORBI_3001G062800	0
SORBI_3001G062900	41.227449
SORBI_3001G063000	0.105111
SORBI_3001G063100	44.031695
SORBI_3001G063200	0.589432
SORBI_3001G063300	0
SORBI_3001G063400	7.506117
SORBI_3001G063500	298.348282
SORBI_3001G063600	147.551477
SORBI_3001G063700	34.888261
SORBI_3001G063800	10.011811
SORBI_3001G063900	1.072839
SORBI_3001G064000	48.517998
SORBI_3001G064200	148.722484
SORBI_3001G064300	4.673429
SORBI_3001G064400	0
SORBI_3001G064500	573.672296
SORBI_3001G064600	5.801162
SORBI_3001G064700	6.801185
SORBI_3001G064800	37.781858
SORBI_3001G064900	161.629284
SORBI_3001G065000	48.105368
SORBI_3001G065100	84.427616
SORBI_3001G065150	0
SORBI_3001G065200	1.543574
SORBI_3001G065300	1.517385
SORBI_3001G065400	0
SORBI_3001G065500	1.434119
SORBI_3001G065600	2.657175
SORBI_3001G065700	152.546494
SORBI_3001G065800	45.177603
SORBI_3001G065900	0.478269
SORBI_3001G066000	3.714017
SORBI_3001G066100	0.350703
SORBI_3001G066300	11.768454
SORBI_3001G066400	0.256703
SORBI_3001G066500	47.947549
SORBI_3001G066600	3.595129
ENSRNA049469047	0
ENSRNA049469020	0
SORBI_3001G066700	46.709673
SORBI_3001G066800	0
SORBI_3001G066900	0
SORBI_3001G067000	10.779981
SORBI_3001G067100	91.836696
SORBI_3001G067200	26.776701
SORBI_3001G067300	46.00422
SORBI_3001G067400	4.424886
SORBI_3001G067500	0.644962
SORBI_3001G067601	27.004285
SORBI_3001G067700	22.574356
SORBI_3001G067800	0
SORBI_3001G067850	7.97601
SORBI_3001G067900	118.354831
SORBI_3001G068000	0
SORBI_3001G068066	0
SORBI_3001G068132	0.033365
ENSRNA049997158	0
SORBI_3001G068200	0
ENSRNA049444273	0
SORBI_3001G068301	21.211529
SORBI_3001G068400	0
SORBI_3001G068500	0
SORBI_3001G068600	0
ENSRNA049444312	0
SORBI_3001G068700	14.565657
SORBI_3001G068800	0
ENSRNA049468970	0
ENSRNA049469087	0
SORBI_3001G068901	25.18692
SORBI_3001G069000	6.103919
SORBI_3001G069100	0
SORBI_3001G069200	13.439941
SORBI_3001G069300	2.174591
SORBI_3001G069400	9.160685
SORBI_3001G069500	7.939009
SORBI_3001G069600	33.244519
SORBI_3001G069700	5.344699
SORBI_3001G069800	94.985904
SORBI_3001G069900	53.145428
SORBI_3001G070000	1197.732311
SORBI_3001G070100	0
SORBI_3001G070200	0
SORBI_3001G070300	0.840346
SORBI_3001G070401	0
SORBI_3001G070500	41.749789
SORBI_3001G070600	12.643452
SORBI_3001G070700	17.456984
SORBI_3001G070800	55.01214
SORBI_3001G070900	0.275892
SORBI_3001G071000	0.327637
SORBI_3001G071100	3.277735
SORBI_3001G071200	0
SORBI_3001G071250	0
SORBI_3001G071300	11.618307
SORBI_3001G071400	26.512909
SORBI_3001G071500	0
SORBI_3001G071600	0.992497
SORBI_3001G071700	0
SORBI_3001G071800	149.266858
SORBI_3001G071900	3.077845
SORBI_3001G072000	4.905301
SORBI_3001G072100	0
SORBI_3001G072200	0.614289
SORBI_3001G072250	0.144469
SORBI_3001G072300	3.535946
SORBI_3001G072400	0
SORBI_3001G072500	36.303596
SORBI_3001G072550	0
SORBI_3001G072600	12.519333
SORBI_3001G072700	31.698184
SORBI_3001G072800	18.351108
SORBI_3001G072900	0.812563
SORBI_3001G073000	11.386647
SORBI_3001G073150	14.332242
SORBI_3001G073300	9.844332
SORBI_3001G073400	7.416138
SORBI_3001G073500	17.261225
SORBI_3001G073550	0
SORBI_3001G073600	174.723616
ENSRNA049444321	0
SORBI_3001G073700	86.818062
SORBI_3001G073800	2.006791
SORBI_3001G073900	30.531968
SORBI_3001G074000	0.605032
SORBI_3001G074100	2.133461
SORBI_3001G074200	61.437604
SORBI_3001G074300	159.101995
SORBI_3001G074400	390.780943
SORBI_3001G074500	0
SORBI_3001G074601	0
SORBI_3001G074700	263.397311
SORBI_3001G074800	1.201228
SORBI_3001G074900	0.162522
SORBI_3001G075000	6.226652
SORBI_3001G075101	96.90981
SORBI_3001G075201	0.034876
SORBI_3001G075300	0.289514
SORBI_3001G075200	0
SORBI_3001G075400	0.092552
SORBI_3001G075500	0
SORBI_3001G075600	39.146962
SORBI_3001G075700	0
SORBI_3001G075800	50.777957
SORBI_3001G075900	0.410709
SORBI_3001G075950	0
SORBI_3001G076000	47.953672
SORBI_3001G076100	3.902648
SORBI_3001G076200	19.987206
SORBI_3001G076300	0
SORBI_3001G076400	40.898789
ENSRNA049444337	0
SORBI_3001G076500	14.650561
SORBI_3001G076600	3.175771
SORBI_3001G076700	4.742952
SORBI_3001G076800	0.689878
SORBI_3001G076850	0
SORBI_3001G076900	2.066208
SORBI_3001G077000	248.940656
SORBI_3001G077100	5.175582
SORBI_3001G077200	1.512277
SORBI_3001G077300	33.932518
SORBI_3001G077400	464.885355
SORBI_3001G077500	5.24448
SORBI_3001G077600	0.596204
SORBI_3001G077700	37.252934
SORBI_3001G077800	0.701572
SORBI_3001G077900	77.305443
SORBI_3001G078000	12.129717
SORBI_3001G078100	14.63948
SORBI_3001G078200	59.890989
SORBI_3001G078300	1.540783
SORBI_3001G078400	48.810011
SORBI_3001G078500	11.380519
SORBI_3001G078600	0
SORBI_3001G078700	0
SORBI_3001G078800	104.17673
SORBI_3001G078900	101.6581
SORBI_3001G079000	0
SORBI_3001G079100	38.045693
SORBI_3001G079150	0
SORBI_3001G079200	68.904444
SORBI_3001G079300	3.65462
SORBI_3001G079401	0
SORBI_3001G079500	1182.443337
SORBI_3001G079600	0.052181
SORBI_3001G079700	75.277323
SORBI_3001G079900	0.087335
SORBI_3001G080000	12.412028
SORBI_3001G080100	47.553857
SORBI_3001G080200	6.629084
SORBI_3001G080300	14.319456
SORBI_3001G080500	0
SORBI_3001G080600	0
SORBI_3001G080700	136.337173
SORBI_3001G080800	2.956204
SORBI_3001G080900	2.921848
SORBI_3001G080950	0
SORBI_3001G081000	22.16119
SORBI_3001G081100	2.671743
SORBI_3001G081300	0.597638
SORBI_3001G081200	56.804147
SORBI_3001G081400	22.838313
SORBI_3001G081450	0
SORBI_3001G081500	4.472379
SORBI_3001G081600	778.046535
SORBI_3001G081700	12.489521
SORBI_3001G081800	9.143823
SORBI_3001G081900	52.528258
SORBI_3001G082000	47.870205
SORBI_3001G082100	58.906263
SORBI_3001G082200	7.545116
SORBI_3001G082300	0.720149
SORBI_3001G082400	21.628609
SORBI_3001G082500	3.547244
SORBI_3001G082600	7.417907
SORBI_3001G082700	0
SORBI_3001G082800	0
SORBI_3001G082900	79.256833
SORBI_3001G083000	0.066182
SORBI_3001G083100	12.945197
SORBI_3001G083200	191.272577
SORBI_3001G083300	0.32679
SORBI_3001G083400	56.055736
SORBI_3001G083450	0
SORBI_3001G083500	0.934436
SORBI_3001G083600	37.843402
SORBI_3001G083701	0
SORBI_3001G083800	70.463696
SORBI_3001G083900	9.623515
SORBI_3001G084000	20.750186
SORBI_3001G084100	2110.539605
SORBI_3001G084133	0
SORBI_3001G084166	0
SORBI_3001G084200	0
SORBI_3001G084300	3.227206
SORBI_3001G084400	2.095643
SORBI_3001G084500	0.434826
SORBI_3001G084600	12.176346
SORBI_3001G084700	2.568716
SORBI_3001G084900	93.274022
SORBI_3001G085000	47.310034
SORBI_3001G085100	46.166216
SORBI_3001G085200	0.782804
SORBI_3001G085300	59.554675
ENSRNA049445250	0
SORBI_3001G085400	906.897882
ENSRNA049469036	0
ENSRNA049469007	0
SORBI_3001G085450	0
SORBI_3001G085500	28.918067
SORBI_3001G085600	71.646233
SORBI_3001G085700	48.533934
SORBI_3001G085800	25.845839
SORBI_3001G085900	59.962315
SORBI_3001G086000	1.194922
SORBI_3001G086100	0
SORBI_3001G086050	0
SORBI_3001G086200	466.416874
SORBI_3001G086300	29.944942
SORBI_3001G086400	0.675775
SORBI_3001G086500	84.894035
SORBI_3001G086600	36.316032
SORBI_3001G086700	0
SORBI_3001G086800	10.426155
SORBI_3001G086900	13.756985
SORBI_3001G087000	37.548676
SORBI_3001G087100	32.706682
SORBI_3001G087201	0
SORBI_3001G087300	0.326746
SORBI_3001G087400	27.526893
SORBI_3001G087500	0
SORBI_3001G087600	30.481049
SORBI_3001G087700	26.113932
SORBI_3001G087800	0.936595
SORBI_3001G087850	0
SORBI_3001G087900	66.354866
SORBI_3001G088000	1.434314
SORBI_3001G088100	56.026998
SORBI_3001G088200	47.303815
SORBI_3001G088300	74.275489
SORBI_3001G088400	0.472795
SORBI_3001G088450	0
SORBI_3001G088500	53.778175
SORBI_3001G088600	0
SORBI_3001G088700	9.500694
SORBI_3001G088800	5.043345
SORBI_3001G088900	19.644188
SORBI_3001G089000	1.670042
SORBI_3001G089100	18.856169
SORBI_3001G089200	0.150403
SORBI_3001G089300	0
SORBI_3001G089400	0.269566
SORBI_3001G089500	54.865418
SORBI_3001G089600	24.267944
SORBI_3001G089800	34.47844
SORBI_3001G089850	0
SORBI_3001G089900	7.740303
SORBI_3001G090000	2.193447
SORBI_3001G090100	20.228781
SORBI_3001G090200	1.598971
SORBI_3001G090300	20.814742
SORBI_3001G090400	25.472608
SORBI_3001G090500	258.736246
SORBI_3001G090600	48.721136
SORBI_3001G090700	2.530011
SORBI_3001G090800	15.144043
SORBI_3001G090900	0
SORBI_3001G091000	0
SORBI_3001G091100	8.657324
SORBI_3001G091200	7.384583
SORBI_3001G091300	91.569398
SORBI_3001G091400	34.680442
SORBI_3001G091500	0
SORBI_3001G091600	0.236715
SORBI_3001G091701	50.309588
SORBI_3001G091801	377.38272
SORBI_3001G091900	44.795609
SORBI_3001G092000	3.204923
SORBI_3001G092100	1.669447
SORBI_3001G092200	7.943313
SORBI_3001G092250	2.897353
SORBI_3001G092300	4.050504
SORBI_3001G092400	0
SORBI_3001G092500	0
SORBI_3001G092600	27.710189
SORBI_3001G092650	0
SORBI_3001G092700	0
SORBI_3001G092800	1.070458
SORBI_3001G093000	0
SORBI_3001G093100	0
SORBI_3001G093200	0.083496
SORBI_3001G093300	73.390148
SORBI_3001G093400	0
SORBI_3001G093500	0.192195
SORBI_3001G093600	4.153339
SORBI_3001G093666	0.201345
SORBI_3001G093732	0.392068
SORBI_3001G093800	12.29239
SORBI_3001G093900	89.441501
SORBI_3001G094000	60.680211
SORBI_3001G094100	0
ENSRNA049997165	0
SORBI_3001G094200	7.358852
SORBI_3001G094300	138.00139
SORBI_3001G094400	88.13963
SORBI_3001G094500	31.001304
SORBI_3001G094550	0
SORBI_3001G094600	4.274923
SORBI_3001G094700	0
SORBI_3001G094800	20.866429
SORBI_3001G094900	8.266879
SORBI_3001G095000	114.663751
SORBI_3001G095100	0
SORBI_3001G095200	12.643817
SORBI_3001G095300	81.908499
SORBI_3001G095366	0
SORBI_3001G095432	0
SORBI_3001G095500	19.058219
SORBI_3001G095566	0
SORBI_3001G095632	112.283637
SORBI_3001G095700	113.468054
SORBI_3001G095750	5.670968
SORBI_3001G095800	13.23697
SORBI_3001G095900	0
ENSRNA049997171	0
SORBI_3001G096000	52.3708
SORBI_3001G096100	146.166205
SORBI_3001G096200	2.043984
SORBI_3001G096300	18.116222
SORBI_3001G096400	0
SORBI_3001G096450	0
SORBI_3001G096500	0
SORBI_3001G096600	0
SORBI_3001G096700	0
SORBI_3001G096800	0.749258
SORBI_3001G096833	0
SORBI_3001G096866	0.849697
SORBI_3001G096900	4.051279
SORBI_3001G097000	0
SORBI_3001G097100	134.502771
SORBI_3001G097200	17.939886
SORBI_3001G097300	0
SORBI_3001G097400	15.821029
SORBI_3001G097500	86.403893
SORBI_3001G097600	108.795822
SORBI_3001G097700	30.562589
SORBI_3001G097800	0
SORBI_3001G097900	26.717566
SORBI_3001G098000	44.018507
SORBI_3001G098100	22.180489
SORBI_3001G098200	150.836594
SORBI_3001G098301	6.741322
SORBI_3001G098400	33.052537
SORBI_3001G098500	709.933379
SORBI_3001G098600	10.261616
SORBI_3001G098700	46.555164
SORBI_3001G098800	125.253222
SORBI_3001G098900	0.508605
SORBI_3001G099000	6.756164
SORBI_3001G099100	180.966925
SORBI_3001G099200	2.037973
SORBI_3001G099300	0.564362
ENSRNA049997178	0
SORBI_3001G099400	0.163206
SORBI_3001G099500	0.180569
SORBI_3001G099600	0.09567
SORBI_3001G099700	0
SORBI_3001G099800	57.384711
SORBI_3001G099900	39.632138
SORBI_3001G100000	21.598702
SORBI_3001G100100	23.174721
SORBI_3001G100200	0.126929
SORBI_3001G100400	67.119473
SORBI_3001G100300	0.283363
SORBI_3001G100501	147.951137
SORBI_3001G100600	13.978146
SORBI_3001G100650	0
SORBI_3001G100700	0
SORBI_3001G100800	0
SORBI_3001G100900	20.933332
SORBI_3001G101000	39.313852
SORBI_3001G101100	12.531306
SORBI_3001G101200	1.253282
SORBI_3001G101300	0
SORBI_3001G101400	1.059219
SORBI_3001G101500	36.965589
SORBI_3001G101600	0
SORBI_3001G101650	0
SORBI_3001G101700	0.821214
SORBI_3001G101900	0.161201
SORBI_3001G102000	0
SORBI_3001G102100	0.735812
ENSRNA049997123	0
SORBI_3001G102150	0
SORBI_3001G102200	0.999691
SORBI_3001G102300	29.768757
SORBI_3001G102350	0
SORBI_3001G102400	0
SORBI_3001G102500	135.95299
SORBI_3001G102600	0
SORBI_3001G102700	77.262034
SORBI_3001G102800	3.51572
SORBI_3001G102901	0.123709
SORBI_3001G103000	1.672018
SORBI_3001G103100	0
SORBI_3001G103200	47.796812
SORBI_3001G103300	15.957588
SORBI_3001G103400	0.079251
SORBI_3001G103500	0
SORBI_3001G103600	0
SORBI_3001G103800	4.118019
SORBI_3001G103900	44.135276
SORBI_3001G104000	7.426879
SORBI_3001G104050	0
SORBI_3001G104100	0.132398
SORBI_3001G104300	5.283653
SORBI_3001G104400	0
SORBI_3001G104500	1.241072
SORBI_3001G104550	0
SORBI_3001G104600	9.54095
SORBI_3001G104700	7.047559
SORBI_3001G104800	14.129984
SORBI_3001G104900	2.924498
SORBI_3001G105000	16.058765
SORBI_3001G105100	79.806369
SORBI_3001G105200	31.506628
SORBI_3001G105300	6.23728
SORBI_3001G105400	5.126642
SORBI_3001G105500	52.956175
SORBI_3001G105600	0.909967
SORBI_3001G105700	18.991222
ENSRNA049445222	0
SORBI_3001G105800	0
SORBI_3001G105900	2.937475
SORBI_3001G106000	0
SORBI_3001G106100	24.862993
SORBI_3001G106200	0
SORBI_3001G106300	1.907608
SORBI_3001G106400	4.051258
SORBI_3001G106500	0
SORBI_3001G106550	0
SORBI_3001G106600	120.930853
SORBI_3001G106700	16.158113
SORBI_3001G106800	0
SORBI_3001G106900	16.36906
SORBI_3001G107001	0
SORBI_3001G107100	584.327763
SORBI_3001G107150	0
SORBI_3001G107200	229.368366
SORBI_3001G107300	7.184274
SORBI_3001G107400	531.057334
SORBI_3001G107500	141.3891
SORBI_3001G107550	0
SORBI_3001G107600	220.18401
SORBI_3001G107700	0
SORBI_3001G107800	9.421398
SORBI_3001G107900	34.667622
SORBI_3001G108000	7.643569
SORBI_3001G108100	0.324086
SORBI_3001G108200	4.881726
SORBI_3001G108300	0
SORBI_3001G108350	41.413716
SORBI_3001G108400	130.484867
SORBI_3001G108500	81.152638
SORBI_3001G108600	12.933364
SORBI_3001G108700	0.998815
SORBI_3001G108800	5.217965
SORBI_3001G108900	12.390561
SORBI_3001G109000	10.347201
SORBI_3001G109100	18.166762
SORBI_3001G109300	78.966402
SORBI_3001G109400	15.878637
SORBI_3001G109500	6.433929
SORBI_3001G109700	0.218401
SORBI_3001G109800	38.377469
SORBI_3001G109900	0
SORBI_3001G110000	31.558601
SORBI_3001G110100	0
SORBI_3001G110150	0
SORBI_3001G110200	0
SORBI_3001G110250	0
SORBI_3001G110300	20.569737
SORBI_3001G110400	31.012078
SORBI_3001G110500	0.158912
SORBI_3001G110600	61.395149
SORBI_3001G110701	4.397375
SORBI_3001G110800	31.314945
SORBI_3001G110900	4.477522
SORBI_3001G110950	0
SORBI_3001G111000	118.734609
SORBI_3001G111150	9.150564
SORBI_3001G111300	0
SORBI_3001G111366	83.510496
SORBI_3001G111500	135.494271
SORBI_3001G111432	0
SORBI_3001G111600	64.086106
SORBI_3001G111650	0
SORBI_3001G111700	2.239937
SORBI_3001G111800	57.776602
SORBI_3001G111850	34.600663
SORBI_3001G111900	110.387264
SORBI_3001G112000	11.849821
SORBI_3001G112100	1.868125
SORBI_3001G112200	70.737982
SORBI_3001G112250	0
SORBI_3001G112300	0
SORBI_3001G112350	0
SORBI_3001G112400	33.89219
SORBI_3001G112500	0
SORBI_3001G112550	0
SORBI_3001G112600	40.982077
SORBI_3001G112700	19.827538
SORBI_3001G112800	2.737293
SORBI_3001G112900	124.845787
SORBI_3001G113000	112.455328
SORBI_3001G113200	89.569792
SORBI_3001G113400	0.227173
SORBI_3001G113500	21.426231
SORBI_3001G113600	0
SORBI_3001G113700	12.607461
SORBI_3001G113800	135.755514
SORBI_3001G113900	1.271667
SORBI_3001G114000	32.491926
SORBI_3001G114100	0
SORBI_3001G114200	13.002785
SORBI_3001G114300	0.514065
SORBI_3001G114400	37.855542
SORBI_3001G114500	125.15752
SORBI_3001G114550	0
SORBI_3001G114600	0
SORBI_3001G114650	2.459313
SORBI_3001G114700	2.347021
SORBI_3001G114800	0
SORBI_3001G114900	0.179475
SORBI_3001G115001	0.705233
SORBI_3001G115100	10.201614
SORBI_3001G115200	0
ENSRNA049468953	0
SORBI_3001G115300	22.995304
SORBI_3001G115400	0
SORBI_3001G115500	21.374796
SORBI_3001G115600	0
SORBI_3001G115700	113.108348
SORBI_3001G115800	1.062888
SORBI_3001G115900	0.105626
SORBI_3001G116000	77.52074
SORBI_3001G116100	111.111526
SORBI_3001G116200	6.283378
SORBI_3001G116300	0
SORBI_3001G116400	225.655868
SORBI_3001G116500	237.586311
SORBI_3001G116600	41.030296
SORBI_3001G116650	3.486041
SORBI_3001G116700	73.593843
SORBI_3001G116800	6.370017
SORBI_3001G116900	0
SORBI_3001G117000	0
SORBI_3001G117100	0
SORBI_3001G117200	28.078155
SORBI_3001G117300	12.902679
SORBI_3001G117400	22.374962
SORBI_3001G117500	57.397153
SORBI_3001G117600	1.443248
SORBI_3001G117701	0
SORBI_3001G117800	82.154163
SORBI_3001G117900	14.015601
SORBI_3001G118000	31.469302
SORBI_3001G118050	0
SORBI_3001G118100	5.957197
SORBI_3001G118200	61.876412
SORBI_3001G118300	37.385991
SORBI_3001G118400	75.630984
SORBI_3001G118500	1.134229
SORBI_3001G118600	1.758592
SORBI_3001G118700	7.402903
SORBI_3001G118800	5.48166
SORBI_3001G118900	143.858738
SORBI_3001G119000	55.716598
SORBI_3001G119100	15.295226
SORBI_3001G119200	0
SORBI_3001G119300	31.625405
SORBI_3001G119400	7.417669
SORBI_3001G119500	0.309567
SORBI_3001G119600	21.565204
SORBI_3001G119700	21.423751
SORBI_3001G119800	27.141454
SORBI_3001G119900	16.50772
SORBI_3001G120000	9.283761
SORBI_3001G120100	74.434152
SORBI_3001G120200	0.747135
SORBI_3001G120300	48.836814
SORBI_3001G120400	17.31096
SORBI_3001G120500	57.144624
SORBI_3001G120600	8.799523
SORBI_3001G120700	0
SORBI_3001G120750	0
SORBI_3001G120800	0
SORBI_3001G120850	0
SORBI_3001G120900	54.346862
SORBI_3001G121000	0
SORBI_3001G121100	121.800822
SORBI_3001G121200	55.337896
SORBI_3001G121300	0
SORBI_3001G121400	0.11733
SORBI_3001G121500	0.210466
SORBI_3001G121600	0
SORBI_3001G121700	6.844043
SORBI_3001G121800	0
SORBI_3001G121850	0
SORBI_3001G121900	66.755566
SORBI_3001G122000	40.970957
SORBI_3001G122100	2.268491
SORBI_3001G122200	14.350085
SORBI_3001G122300	15.268221
SORBI_3001G122400	14.619891
SORBI_3001G122500	102.86429
SORBI_3001G122600	0
SORBI_3001G122700	0
SORBI_3001G122766	0
SORBI_3001G122832	103.878759
SORBI_3001G122900	21.306668
SORBI_3001G123000	127.025343
SORBI_3001G123100	12.046689
SORBI_3001G123201	42.697682
SORBI_3001G123300	27.054616
SORBI_3001G123400	0
SORBI_3001G123500	20.819553
SORBI_3001G123600	9.612989
SORBI_3001G123650	0
SORBI_3001G123700	0
SORBI_3001G123800	0
SORBI_3001G123900	0
SORBI_3001G124000	163.792744
SORBI_3001G124100	65.477731
SORBI_3001G124200	53.859152
ENSRNA049997116	0
SORBI_3001G124300	28.44444
SORBI_3001G124400	4.258103
SORBI_3001G124500	1.197703
SORBI_3001G124600	192.27211
SORBI_3001G124800	8.170895
SORBI_3001G124900	0
SORBI_3001G125000	203.308448
SORBI_3001G125100	8.137725
SORBI_3001G125200	36.535775
SORBI_3001G125300	3.713926
SORBI_3001G125400	7.651645
SORBI_3001G125500	7.199259
SORBI_3001G125600	0
SORBI_3001G125700	0.189434
SORBI_3001G125800	599.375789
SORBI_3001G125900	88.537052
SORBI_3001G126000	0
SORBI_3001G126100	64.137718
SORBI_3001G126200	47.387156
SORBI_3001G126300	53.997624
SORBI_3001G126400	8.309502
SORBI_3001G126500	6.871353
SORBI_3001G126600	354.25219
SORBI_3001G126800	0
SORBI_3001G126900	0.116116
SORBI_3001G127000	38.445505
SORBI_3001G127100	9.604026
SORBI_3001G127200	37.157349
SORBI_3001G127300	1.033672
SORBI_3001G127400	42.515936
SORBI_3001G127500	22.670539
SORBI_3001G127600	0
SORBI_3001G127700	0
SORBI_3001G127800	224.757036
SORBI_3001G128000	2.034052
SORBI_3001G128100	40.510272
SORBI_3001G128200	6.891852
SORBI_3001G128300	34.176537
SORBI_3001G128400	98.690976
SORBI_3001G128500	0.069374
SORBI_3001G128600	7.649216
SORBI_3001G128800	0
SORBI_3001G128900	1.354029
SORBI_3001G129000	99.799149
SORBI_3001G129100	5.695784
SORBI_3001G129150	0
SORBI_3001G129200	0
SORBI_3001G129300	2.065205
ENSRNA049468679	0
SORBI_3001G129400	36.606703
SORBI_3001G129500	4.438345
SORBI_3001G129600	0.159766
SORBI_3001G129650	1.93322
SORBI_3001G129700	0.340001
SORBI_3001G129750	0
SORBI_3001G129800	0
SORBI_3001G129900	0
SORBI_3001G130000	7.430052
SORBI_3001G130100	12.42072
SORBI_3001G130200	36.908647
SORBI_3001G130301	38.601636
SORBI_3001G130400	69.696948
ENSRNA049468784	0
SORBI_3001G130500	0
SORBI_3001G130600	1.366093
SORBI_3001G130700	2.849198
SORBI_3001G130800	0
SORBI_3001G130900	0
SORBI_3001G131001	0.488254
SORBI_3001G131100	19.539284
SORBI_3001G131200	4.087716
SORBI_3001G131300	0.302826
SORBI_3001G131400	23.176668
SORBI_3001G131500	2.49893
SORBI_3001G131600	6.911334
SORBI_3001G131700	65.403387
SORBI_3001G131800	53.668525
SORBI_3001G131900	10.174462
SORBI_3001G132000	27.433026
SORBI_3001G132100	87.770719
SORBI_3001G132200	3.806132
SORBI_3001G132300	2.726934
SORBI_3001G132400	246.638289
SORBI_3001G132500	0.666735
SORBI_3001G132600	16.661559
SORBI_3001G132800	13.640219
SORBI_3001G132900	43.873702
SORBI_3001G133000	28.261108
SORBI_3001G133100	0.157945
SORBI_3001G133200	0
SORBI_3001G133300	0
SORBI_3001G133400	0
SORBI_3001G133466	8.102911
SORBI_3001G133532	0
SORBI_3001G133600	0.133993
SORBI_3001G133800	0
SORBI_3001G133900	200.698309
SORBI_3001G134000	8.880776
SORBI_3001G134100	8.815206
SORBI_3001G134150	0.169211
SORBI_3001G134200	20.954782
ENSRNA049445211	0
SORBI_3001G134300	18.777029
SORBI_3001G134400	281.62179
SORBI_3001G134500	79.281512
SORBI_3001G134600	8.418162
SORBI_3001G134700	17.878583
SORBI_3001G134800	36.895127
SORBI_3001G134900	0.255445
SORBI_3001G135000	0.406409
SORBI_3001G135100	35.808899
SORBI_3001G135200	0.353333
SORBI_3001G135300	12.923948
SORBI_3001G135400	32.067726
SORBI_3001G135500	12.410226
SORBI_3001G135600	0
SORBI_3001G135650	0
SORBI_3001G135700	0.648416
SORBI_3001G135800	0.574514
SORBI_3001G135900	0
SORBI_3001G135950	0
SORBI_3001G136000	0
SORBI_3001G136150	0
SORBI_3001G136300	0.108711
SORBI_3001G136400	0
SORBI_3001G136500	21.820223
SORBI_3001G136600	44.732688
SORBI_3001G136800	31.720988
SORBI_3001G136850	0
SORBI_3001G136900	28.670031
SORBI_3001G137000	34.403733
SORBI_3001G137050	0
SORBI_3001G137100	43.949673
SORBI_3001G137200	0
SORBI_3001G137300	11.783497
SORBI_3001G137400	0
SORBI_3001G137500	0
SORBI_3001G137600	0
SORBI_3001G137800	1.504167
SORBI_3001G137900	0
SORBI_3001G138000	33.300606
SORBI_3001G138100	0.993098
SORBI_3001G138200	18.299737
SORBI_3001G138300	45.925588
SORBI_3001G138400	23.880367
SORBI_3001G138500	0.486223
SORBI_3001G138600	73.262024
SORBI_3001G138700	2.510897
SORBI_3001G138800	1.813922
SORBI_3001G138900	0.912192
SORBI_3001G139001	60.309965
SORBI_3001G139100	16.620587
SORBI_3001G139200	5.208582
SORBI_3001G139300	6.36514
SORBI_3001G139400	0
SORBI_3001G139500	0.296072
SORBI_3001G139600	0
SORBI_3001G139700	0.463753
SORBI_3001G139750	0.280023
ENSRNA049468746	0
ENSRNA049468737	0
ENSRNA049468729	0
SORBI_3001G139800	0
SORBI_3001G139850	0
SORBI_3001G139900	32.236301
SORBI_3001G140000	0.734909
SORBI_3001G140101	0
SORBI_3001G140200	0
SORBI_3001G140300	0
SORBI_3001G140400	0
SORBI_3001G140600	0.079046
SORBI_3001G140700	2.573362
ENSRNA049444394	0
SORBI_3001G140800	0
SORBI_3001G140900	0.594893
SORBI_3001G140950	0
SORBI_3001G141000	0.556832
SORBI_3001G141100	0
SORBI_3001G141200	29.8068
SORBI_3001G141300	2383.675605
ENSRNA049445201	0
SORBI_3001G141333	0
ENSRNA049444410	0
SORBI_3001G141366	0
SORBI_3001G141400	2.949687
SORBI_3001G141500	0
SORBI_3001G141600	0.837187
SORBI_3001G141700	29.085993
SORBI_3001G141800	13.716538
SORBI_3001G141900	0.202664
SORBI_3001G142000	1.686867
SORBI_3001G142100	67.635149
SORBI_3001G142200	9.02357
SORBI_3001G142300	4.707972
SORBI_3001G142400	0.523531
SORBI_3001G142501	0.12482
SORBI_3001G142600	0
SORBI_3001G142700	0
SORBI_3001G142800	0.127472
SORBI_3001G142900	0
SORBI_3001G143000	98.745772
SORBI_3001G143100	4.438015
SORBI_3001G143200	5.447682
SORBI_3001G143300	147.836666
SORBI_3001G143400	0
SORBI_3001G143500	72.532112
SORBI_3001G143600	9.302699
SORBI_3001G143700	0
SORBI_3001G143800	0
SORBI_3001G143850	0
SORBI_3001G143900	20.603903
SORBI_3001G144001	1.156056
SORBI_3001G144100	0
SORBI_3001G144150	0
SORBI_3001G144200	19.400018
SORBI_3001G144300	0.302948
SORBI_3001G144400	0
SORBI_3001G144600	6.706314
SORBI_3001G144700	0
SORBI_3001G144800	0
SORBI_3001G144900	0
SORBI_3001G145000	30.300519
SORBI_3001G145050	7.89818
SORBI_3001G145100	0
SORBI_3001G145200	0.681112
SORBI_3001G145300	0
SORBI_3001G145400	125.608486
SORBI_3001G145500	20.794192
SORBI_3001G145550	0
SORBI_3001G145600	0
SORBI_3001G145700	4.70039
SORBI_3001G145900	4.303583
SORBI_3001G146000	43.273622
SORBI_3001G146100	8.926064
SORBI_3001G146200	0.665759
SORBI_3001G146301	8.559617
SORBI_3001G146400	2.954306
SORBI_3001G146450	0
SORBI_3001G146500	2.153632
SORBI_3001G146600	0.491729
SORBI_3001G146700	0
SORBI_3001G146800	30.771262
SORBI_3001G146900	1.184896
SORBI_3001G147000	1.223275
SORBI_3001G147100	121.953591
SORBI_3001G147200	147.312069
SORBI_3001G147300	34.075576
SORBI_3001G147400	0
SORBI_3001G147500	3.018996
SORBI_3001G147650	0
SORBI_3001G147800	3.879109
SORBI_3001G147900	21.726477
SORBI_3001G148000	0.688758
SORBI_3001G148101	26.308423
SORBI_3001G148200	32.379199
SORBI_3001G148300	3.317931
ENSRNA049445195	0
SORBI_3001G148400	2.468588
SORBI_3001G148450	0
SORBI_3001G148500	37.421786
SORBI_3001G148600	0.21649
SORBI_3001G148700	6.040141
SORBI_3001G148800	0.348416
SORBI_3001G148900	133.297825
SORBI_3001G149000	6.673874
SORBI_3001G149100	1.88507
SORBI_3001G149201	0
SORBI_3001G149300	0
SORBI_3001G149400	9.860602
SORBI_3001G149500	3098.614651
SORBI_3001G149600	8.59941
SORBI_3001G149700	54.712198
SORBI_3001G149800	3.837725
SORBI_3001G150000	7.262889
SORBI_3001G149901	23.858075
SORBI_3001G150033	7.237672
SORBI_3001G150066	0
SORBI_3001G150100	0
SORBI_3001G150200	4.909814
SORBI_3001G150300	0
SORBI_3001G150600	18.815399
SORBI_3001G150650	27.649296
SORBI_3001G150700	0
SORBI_3001G150800	7.548759
SORBI_3001G150901	0
SORBI_3001G151000	7.647837
SORBI_3001G151100	31.650438
SORBI_3001G151200	0
SORBI_3001G151300	1.063346
SORBI_3001G151400	6.025992
SORBI_3001G151500	5.690021
ENSRNA049445185	0
SORBI_3001G151600	22.314147
SORBI_3001G151700	9.361583
SORBI_3001G151800	5.887846
SORBI_3001G151900	26.225076
SORBI_3001G152000	12.234906
SORBI_3001G152100	2.801386
SORBI_3001G152150	0
SORBI_3001G152200	0
SORBI_3001G152240	0
SORBI_3001G152280	47.890028
SORBI_3001G152320	26.850189
SORBI_3001G152360	0.588824
SORBI_3001G152400	0.107247
SORBI_3001G152500	0
SORBI_3001G152600	2.318199
SORBI_3001G152700	3.291977
SORBI_3001G152800	0
SORBI_3001G152901	0
SORBI_3001G153000	0
SORBI_3001G153100	0
SORBI_3001G153200	108.656065
SORBI_3001G153300	14.769985
SORBI_3001G153400	93.246326
SORBI_3001G153500	0
SORBI_3001G153600	5.987053
SORBI_3001G153700	0.367547
SORBI_3001G153800	0
SORBI_3001G153900	0
SORBI_3001G154000	0
SORBI_3001G154100	3771.123879
SORBI_3001G154200	9.842978
SORBI_3001G154300	1.100652
SORBI_3001G154400	45.053461
SORBI_3001G154450	0
SORBI_3001G154500	30.682253
SORBI_3001G154600	5.225598
SORBI_3001G154700	0.723896
SORBI_3001G154800	0
SORBI_3001G154900	66.571798
SORBI_3001G155000	76.030092
SORBI_3001G155100	0.212307
SORBI_3001G155200	2.572552
SORBI_3001G155300	5.905537
SORBI_3001G155400	33.019487
SORBI_3001G155500	5.334129
SORBI_3001G155600	0.274461
SORBI_3001G155700	0
SORBI_3001G155800	0
SORBI_3001G155900	0
SORBI_3001G156000	3.360944
SORBI_3001G156100	98.368058
SORBI_3001G156200	0
SORBI_3001G156300	21.127961
SORBI_3001G156401	0.058945
SORBI_3001G156500	0
SORBI_3001G156600	5.476116
ENSRNA049468691	0
SORBI_3001G156700	0
SORBI_3001G156800	0.810737
SORBI_3001G156900	6.807894
SORBI_3001G157000	0
SORBI_3001G157100	4.601322
SORBI_3001G157200	1.393976
SORBI_3001G157300	20.199564
ENSRNA049468822	0
SORBI_3001G157400	119.02557
SORBI_3001G157500	9.817585
SORBI_3001G157600	34.372707
SORBI_3001G157700	0
SORBI_3001G157800	4.498203
SORBI_3001G157900	13.907071
SORBI_3001G158000	0.614021
SORBI_3001G158100	0.179254
SORBI_3001G158200	1.332145
ENSRNA049468584	0
SORBI_3001G158300	3.979251
SORBI_3001G158400	13.707093
SORBI_3001G158500	86.720011
SORBI_3001G158600	0
SORBI_3001G158700	47.740388
SORBI_3001G158900	5.09196
SORBI_3001G158966	0
SORBI_3001G159032	1.263418
SORBI_3001G159100	0
SORBI_3001G159200	3.476413
SORBI_3001G159250	0
SORBI_3001G159300	0.950706
SORBI_3001G159400	218.12065
SORBI_3001G159500	0.318207
SORBI_3001G159600	49.436266
SORBI_3001G159700	4.827625
SORBI_3001G159800	41.753034
SORBI_3001G159850	0
SORBI_3001G159900	4.49612
SORBI_3001G160000	0
SORBI_3001G160100	0
SORBI_3001G160200	5.543215
SORBI_3001G160300	0
SORBI_3001G160400	0
SORBI_3001G160500	0.269221
SORBI_3001G160600	0
SORBI_3001G160700	0
SORBI_3001G160800	0.749356
SORBI_3001G160900	0
SORBI_3001G161000	9.088993
SORBI_3001G161100	0.891557
SORBI_3001G161200	209.833946
SORBI_3001G161300	83.128018
SORBI_3001G161400	62.421177
SORBI_3001G161500	0.980295
SORBI_3001G161601	0
SORBI_3001G161700	96.723564
SORBI_3001G161800	44.823663
SORBI_3001G161900	15.612238
SORBI_3001G162000	86.617202
SORBI_3001G162100	54.890638
SORBI_3001G162200	8.23414
SORBI_3001G162233	0
SORBI_3001G162266	0
SORBI_3001G162300	11.82169
SORBI_3001G162400	0.196509
SORBI_3001G162500	100.626631
SORBI_3001G162600	0
SORBI_3001G162700	2.068562
SORBI_3001G162800	10.384434
SORBI_3001G162900	0
SORBI_3001G163000	4.237059
SORBI_3001G163300	34.495739
SORBI_3001G163400	103.105838
SORBI_3001G163500	0
SORBI_3001G163600	0.220474
SORBI_3001G163666	0
SORBI_3001G163732	0
SORBI_3001G163800	0.096554
SORBI_3001G163900	0.402157
SORBI_3001G164000	0
SORBI_3001G164100	69.798103
SORBI_3001G164200	7.602356
SORBI_3001G164350	14.401555
SORBI_3001G164500	0
SORBI_3001G164700	3.703269
SORBI_3001G164800	0
SORBI_3001G164900	4.434959
SORBI_3001G165000	20.02958
SORBI_3001G165100	0
SORBI_3001G165200	0
SORBI_3001G165301	0.109329
SORBI_3001G165401	0
SORBI_3001G165500	0
SORBI_3001G165600	0
SORBI_3001G165700	0.279848
SORBI_3001G165801	0.319752
SORBI_3001G165901	0
SORBI_3001G166000	0
SORBI_3001G166100	0.409851
SORBI_3001G166200	0.413438
SORBI_3001G166300	1.816299
SORBI_3001G166401	100.165537
SORBI_3001G166500	0.97807
SORBI_3001G166600	30.638516
SORBI_3001G166700	7.105588
SORBI_3001G166750	0
SORBI_3001G166800	0.812359
SORBI_3001G166900	0.163491
SORBI_3001G167000	0.627667
SORBI_3001G167100	10.516999
SORBI_3001G167200	22.763432
SORBI_3001G167300	0
SORBI_3001G167500	45.378538
SORBI_3001G167600	0.085401
SORBI_3001G167701	0
SORBI_3001G167800	6.062591
SORBI_3001G167900	20.941091
SORBI_3001G168000	20.498365
SORBI_3001G168250	14.866705
SORBI_3001G168100	1.657932
SORBI_3001G168400	36.354539
SORBI_3001G168500	8.181505
SORBI_3001G168600	40.389723
SORBI_3001G168700	0.355518
SORBI_3001G168800	6.361686
SORBI_3001G168900	26.92035
SORBI_3001G169000	0.668766
SORBI_3001G169100	9.395663
SORBI_3001G169200	0.675997
SORBI_3001G169300	0
SORBI_3001G169400	0.126119
SORBI_3001G169500	0.168144
SORBI_3001G169600	7.947536
SORBI_3001G169700	2.611246
SORBI_3001G169800	0.333845
SORBI_3001G169900	201.16322
SORBI_3001G169950	0
SORBI_3001G170000	0
SORBI_3001G170100	67.404035
SORBI_3001G170301	1.211985
SORBI_3001G170500	2.108387
SORBI_3001G170600	0
SORBI_3001G170700	5.126212
SORBI_3001G170800	0
SORBI_3001G170900	0.138675
SORBI_3001G171001	0
SORBI_3001G171100	0.391539
SORBI_3001G171200	0.890691
SORBI_3001G171300	0
SORBI_3001G171500	6.789417
SORBI_3001G171600	6.47733
SORBI_3001G171700	0
SORBI_3001G171800	0.076832
SORBI_3001G171850	0.507879
SORBI_3001G171900	2.736683
SORBI_3001G172000	195.513287
ENSRNA049445168	0
ENSRNA049445158	0
SORBI_3001G172050	0
SORBI_3001G172100	0
SORBI_3001G172200	18.483272
SORBI_3001G172300	1.626428
SORBI_3001G172400	4.234056
SORBI_3001G172700	1.456349
SORBI_3001G172800	50.270086
SORBI_3001G172900	0.858133
SORBI_3001G173000	0
SORBI_3001G173100	0
SORBI_3001G173150	0
SORBI_3001G173201	0.259151
SORBI_3001G173251	0
SORBI_3001G173300	3056.925819
ENSRNA049445147	0
SORBI_3001G173400	15.180625
SORBI_3001G173500	167.716139
SORBI_3001G173600	8.983743
SORBI_3001G173700	0
SORBI_3001G173800	47.180576
SORBI_3001G173900	15.585996
SORBI_3001G174000	1.316296
SORBI_3001G174100	0.056627
SORBI_3001G174150	0.27651
SORBI_3001G174200	0
SORBI_3001G174300	0.919476
SORBI_3001G174400	0.58832
SORBI_3001G174500	0.108458
SORBI_3001G174600	0
SORBI_3001G174700	19.778092
SORBI_3001G174800	0.756298
SORBI_3001G174900	167.353615
SORBI_3001G175000	0.187334
SORBI_3001G175100	7.498437
SORBI_3001G175200	0
SORBI_3001G175300	141.777624
SORBI_3001G175400	0
SORBI_3001G175500	1.011688
SORBI_3001G175501	0
SORBI_3001G175600	6.693245
SORBI_3001G175700	40.963657
SORBI_3001G175800	49.606495
SORBI_3001G175900	0
SORBI_3001G176000	0.676512
SORBI_3001G176100	0
SORBI_3001G176200	16.18682
SORBI_3001G176300	0.256785
SORBI_3001G176400	0.495716
SORBI_3001G176501	0
SORBI_3001G176600	0.73711
SORBI_3001G176700	59.000349
SORBI_3001G176800	0.558613
ENSRNA049468575	2.233511
SORBI_3001G176900	1.277214
SORBI_3001G177000	105.697265
SORBI_3001G177100	84.49896
SORBI_3001G177200	1.924226
SORBI_3001G177300	10.059082
SORBI_3001G177400	0.577226
SORBI_3001G177500	4.185559
SORBI_3001G177600	0
SORBI_3001G177700	0
SORBI_3001G177800	151.253013
SORBI_3001G177900	0.272564
SORBI_3001G178000	2.806243
SORBI_3001G178100	31.824257
SORBI_3001G178200	0
SORBI_3001G178250	1.421881
SORBI_3001G178300	47.232037
SORBI_3001G178400	61.074235
SORBI_3001G178500	10.431261
SORBI_3001G178600	42.831873
SORBI_3001G178700	3.219573
SORBI_3001G178800	7.035079
SORBI_3001G178900	0
SORBI_3001G179000	303.862582
SORBI_3001G179100	35.127124
SORBI_3001G179200	20.885461
SORBI_3001G179300	0.135932
SORBI_3001G179400	0
SORBI_3001G179500	0
SORBI_3001G179560	0.363691
SORBI_3001G179620	0
SORBI_3001G179680	0.230543
SORBI_3001G179740	0
SORBI_3001G179800	32.087389
SORBI_3001G179900	34.670473
SORBI_3001G180000	13.70531
SORBI_3001G180200	13.75053
SORBI_3001G180300	0
SORBI_3001G180400	0
SORBI_3001G180500	0
SORBI_3001G180600	0
SORBI_3001G180700	0
SORBI_3001G180800	7.464881
SORBI_3001G180900	140.184512
SORBI_3001G180950	0
SORBI_3001G181000	0
SORBI_3001G181100	1.152063
SORBI_3001G181200	0.932152
SORBI_3001G181300	0.522625
SORBI_3001G181400	0
SORBI_3001G181500	427.062623
SORBI_3001G181600	1.230775
SORBI_3001G181700	37.447049
SORBI_3001G181800	0.651408
SORBI_3001G181900	0
SORBI_3001G182000	0.089653
SORBI_3001G182100	0.773021
SORBI_3001G182200	0
SORBI_3001G182300	0
SORBI_3001G182400	0
SORBI_3001G182500	3.214468
SORBI_3001G182600	2.688228
SORBI_3001G182700	0
SORBI_3001G182800	0.664297
SORBI_3001G182850	1.107863
SORBI_3001G182900	0
SORBI_3001G183000	3.804517
SORBI_3001G183100	0
SORBI_3001G183200	0
SORBI_3001G183300	0
SORBI_3001G183401	19.54865
ENSRNA049445133	0
SORBI_3001G183500	0
ENSRNA049997111	0
SORBI_3001G183550	0
SORBI_3001G183600	4.904783
SORBI_3001G183633	0
SORBI_3001G183666	0
SORBI_3001G183700	0.992742
SORBI_3001G183800	0
SORBI_3001G183900	0
SORBI_3001G184000	26.510704
SORBI_3001G184100	0.25961
SORBI_3001G184300	3.980475
SORBI_3001G184400	0
SORBI_3001G184500	0
SORBI_3001G184650	0
SORBI_3001G184800	0
SORBI_3001G184900	1.02718
SORBI_3001G184950	0
SORBI_3001G185000	0
SORBI_3001G185100	0
SORBI_3001G185200	0.058513
SORBI_3001G185300	0
SORBI_3001G185400	17.828437
SORBI_3001G185450	0
SORBI_3001G185500	297.745574
SORBI_3001G185600	1.030164
SORBI_3001G185700	0
SORBI_3001G185800	5.549459
SORBI_3001G185900	0
SORBI_3001G186100	119.426695
SORBI_3001G186200	1.0228
SORBI_3001G186300	0
SORBI_3001G186401	39.325035
SORBI_3001G186500	59.328731
SORBI_3001G186600	4.434357
SORBI_3001G186700	0
SORBI_3001G186800	53.036039
SORBI_3001G186850	17.995521
SORBI_3001G186925	7.897234
SORBI_3001G187000	2.554611
SORBI_3001G187100	1.722603
SORBI_3001G187200	71.605427
SORBI_3001G187300	0
SORBI_3001G187400	0.175052
SORBI_3001G187500	0
SORBI_3001G187600	0
SORBI_3001G187700	1.000486
SORBI_3001G187800	3.136684
SORBI_3001G187900	0.17043
SORBI_3001G188000	4.390068
SORBI_3001G188100	0
SORBI_3001G188400	78.781864
SORBI_3001G188500	0
SORBI_3001G188600	4.262149
SORBI_3001G188700	8.217925
SORBI_3001G188800	1.114449
SORBI_3001G188900	5.499023
SORBI_3001G189000	0.430253
SORBI_3001G189100	0
SORBI_3001G189200	0.348889
SORBI_3001G189300	2.93541
SORBI_3001G189400	0
SORBI_3001G189500	0.146822
SORBI_3001G189600	5.638302
SORBI_3001G189700	5.384141
SORBI_3001G189750	0
SORBI_3001G189800	0
SORBI_3001G189900	9.073549
SORBI_3001G190000	7.955474
SORBI_3001G190100	37.291724
SORBI_3001G190200	1.613422
SORBI_3001G190300	0.27774
SORBI_3001G190400	6.424305
SORBI_3001G190500	0
SORBI_3001G190600	0
SORBI_3001G190700	0
SORBI_3001G190900	0
SORBI_3001G191000	12.939828
SORBI_3001G191100	4.266194
SORBI_3001G191200	561.592725
SORBI_3001G191300	9.473612
SORBI_3001G191400	11.624361
SORBI_3001G191500	4.344018
SORBI_3001G191600	72.081387
SORBI_3001G191700	20.134605
SORBI_3001G191800	0.320956
SORBI_3001G191900	9.263897
SORBI_3001G192000	8.10586
SORBI_3001G192100	3.042856
SORBI_3001G192200	3.049734
SORBI_3001G192250	5.787044
SORBI_3001G192300	0.416749
SORBI_3001G192400	5.825656
SORBI_3001G192600	17.811349
SORBI_3001G192700	27.573509
SORBI_3001G192750	0.409546
SORBI_3001G192800	126.496857
SORBI_3001G192900	10.074027
SORBI_3001G193000	46.912596
SORBI_3001G193100	76.430936
SORBI_3001G193200	97.23992
SORBI_3001G193300	39.693532
SORBI_3001G193400	2.627617
SORBI_3001G193500	272.297873
SORBI_3001G193600	32.657201
SORBI_3001G193700	7.961391
SORBI_3001G193800	0.495961
SORBI_3001G193900	1.17781
ENSRNA049997103	0
SORBI_3001G194000	2.761643
SORBI_3001G194100	0
SORBI_3001G194200	15.440875
SORBI_3001G194300	0.582075
SORBI_3001G194401	1.172674
SORBI_3001G194500	0
SORBI_3001G194600	10.556146
SORBI_3001G194700	0.183643
SORBI_3001G194800	0.142646
SORBI_3001G194900	23.175287
SORBI_3001G195000	11.068608
SORBI_3001G195100	44.596035
SORBI_3001G195200	1.07897
SORBI_3001G195300	5.106672
SORBI_3001G195400	0
SORBI_3001G195500	28.50804
SORBI_3001G195600	1.766432
SORBI_3001G195550	0
SORBI_3001G195700	25.813192
ENSRNA049997096	0
SORBI_3001G195800	0.682486
SORBI_3001G195866	0
SORBI_3001G195932	4.699263
SORBI_3001G196000	3.033462
SORBI_3001G196100	47.894447
SORBI_3001G196200	21.927867
SORBI_3001G196300	31.217843
SORBI_3001G196400	0
SORBI_3001G196500	26.597113
SORBI_3001G196600	0.528735
SORBI_3001G196700	67.417228
SORBI_3001G196800	14.731777
SORBI_3001G196900	88.275602
SORBI_3001G196950	0
SORBI_3001G197000	86.598774
SORBI_3001G197050	0
SORBI_3001G197100	18.334783
SORBI_3001G197200	0
SORBI_3001G197300	0
SORBI_3001G197400	67.382801
SORBI_3001G197500	0.413732
SORBI_3001G197600	0
SORBI_3001G197700	0
SORBI_3001G197800	0.256893
SORBI_3001G197901	0.272282
ENSRNA049468628	0
SORBI_3001G198000	86.797913
SORBI_3001G198100	43.830551
SORBI_3001G198200	102.575237
SORBI_3001G198400	9.712983
SORBI_3001G198300	0
SORBI_3001G198500	0
SORBI_3001G198600	0
SORBI_3001G198700	0
SORBI_3001G198800	0
SORBI_3001G198900	42.066507
SORBI_3001G199000	11.238898
SORBI_3001G199100	182.084559
SORBI_3001G199200	0
SORBI_3001G199300	22.309491
SORBI_3001G199400	0.359977
SORBI_3001G199500	17.126033
SORBI_3001G199566	0
SORBI_3001G199632	51.764375
SORBI_3001G199700	20.672284
SORBI_3001G199800	19.791999
SORBI_3001G199900	21.765121
SORBI_3001G200000	0
SORBI_3001G200100	0
SORBI_3001G200200	19.336182
SORBI_3001G200300	0
SORBI_3001G200400	0
SORBI_3001G200500	141.058786
SORBI_3001G200600	4.127763
SORBI_3001G200700	0.845665
SORBI_3001G200800	0
SORBI_3001G200900	0
SORBI_3001G201000	5.493752
SORBI_3001G201100	8.642081
SORBI_3001G201200	0
SORBI_3001G201300	0
SORBI_3001G201400	16.033086
SORBI_3001G201500	75.625767
SORBI_3001G201601	1.709076
SORBI_3001G201700	108.324843
SORBI_3001G201800	1.685546
SORBI_3001G201900	7.286722
SORBI_3001G201933	0
SORBI_3001G201966	3.483271
SORBI_3001G202000	3.126997
SORBI_3001G202133	0
SORBI_3001G202266	29.916459
SORBI_3001G202400	525.311637
SORBI_3001G202450	0
SORBI_3001G202500	13.76615
SORBI_3001G202550	0
SORBI_3001G202600	119.276255
SORBI_3001G202700	4.696415
SORBI_3001G202800	0
ENSRNA049468565	0
SORBI_3001G202900	0
SORBI_3001G203000	5.056599
SORBI_3001G203100	0
SORBI_3001G203200	130.758047
SORBI_3001G203300	0
SORBI_3001G203350	0
SORBI_3001G203400	42.525609
SORBI_3001G203450	0
SORBI_3001G203500	8.346673
SORBI_3001G203600	8.488319
SORBI_3001G203650	0
SORBI_3001G203700	0.113251
SORBI_3001G203800	5.088614
SORBI_3001G203900	258.871858
SORBI_3001G204000	45.978247
SORBI_3001G204100	54.989741
SORBI_3001G204200	3.32129
SORBI_3001G204300	37.770246
ENSRNA049444424	0
SORBI_3001G204400	1.59007
SORBI_3001G204601	0.723859
SORBI_3001G204501	20.629255
SORBI_3001G204700	4.692781
SORBI_3001G204800	0.560055
SORBI_3001G204900	109.636194
SORBI_3001G205000	2.764627
SORBI_3001G205100	23.064384
SORBI_3001G205200	97.622737
SORBI_3001G205350	49.277831
SORBI_3001G205500	2.302234
SORBI_3001G205600	0
SORBI_3001G205700	14.309388
SORBI_3001G205800	18.606747
SORBI_3001G205900	30.445433
SORBI_3001G205950	0
SORBI_3001G206000	71.040882
SORBI_3001G206100	40.681462
SORBI_3001G206200	101.193467
SORBI_3001G206300	4.01113
SORBI_3001G206400	17.297448
SORBI_3001G206500	5.469544
SORBI_3001G206600	0.464266
SORBI_3001G206700	32.372956
SORBI_3001G206800	0
SORBI_3001G206900	78.249898
SORBI_3001G207000	39.258649
SORBI_3001G207200	10.069359
SORBI_3001G207100	0
SORBI_3001G207301	3.593407
SORBI_3001G207400	18.824485
SORBI_3001G207500	21.611566
SORBI_3001G207600	0
SORBI_3001G207633	0
SORBI_3001G207666	0
SORBI_3001G207700	17.030602
ENSRNA049468671	0
SORBI_3001G207800	29.524824
SORBI_3001G207900	0
SORBI_3001G208000	22.393109
SORBI_3001G208100	10.022036
SORBI_3001G208133	0.189318
SORBI_3001G208166	0.220124
SORBI_3001G208200	45.726087
SORBI_3001G208300	13.687276
SORBI_3001G208401	6.994428
SORBI_3001G208500	0.179565
SORBI_3001G208600	9.774464
SORBI_3001G208700	92.787157
SORBI_3001G208800	0.746924
SORBI_3001G208900	26.174528
SORBI_3001G209000	0.028374
SORBI_3001G209101	6.521643
SORBI_3001G209200	1.862042
SORBI_3001G209300	8.229329
SORBI_3001G209400	0
SORBI_3001G209500	2.729083
SORBI_3001G209550	0
SORBI_3001G209600	0
SORBI_3001G209701	0
SORBI_3001G209800	799.445648
SORBI_3001G209900	0
SORBI_3001G210000	6.420497
SORBI_3001G210101	7.386913
SORBI_3001G210200	0.425157
SORBI_3001G210250	12.150943
SORBI_3001G210300	0.344358
SORBI_3001G210500	0
SORBI_3001G210600	0.150981
SORBI_3001G210700	13.940961
SORBI_3001G210800	0
SORBI_3001G210900	12.891339
SORBI_3001G211000	1.193569
SORBI_3001G211101	0.628338
SORBI_3001G211200	1.153106
SORBI_3001G211400	1.246527
SORBI_3001G211500	24.081444
SORBI_3001G211600	0
SORBI_3001G211700	0
SORBI_3001G211750	0
SORBI_3001G211800	0
SORBI_3001G211900	13.529584
SORBI_3001G212000	0.737068
SORBI_3001G212100	6.550783
SORBI_3001G212200	0.608427
SORBI_3001G212300	65.295492
SORBI_3001G212350	0.785144
ENSRNA049444438	0
SORBI_3001G212401	0
SORBI_3001G212451	0.138456
SORBI_3001G212500	4.734384
SORBI_3001G212600	0.711448
SORBI_3001G212701	0
SORBI_3001G212800	45.843274
SORBI_3001G212900	16.343229
SORBI_3001G213000	1.013719
SORBI_3001G213100	0
SORBI_3001G213150	0
SORBI_3001G213200	0
SORBI_3001G213300	0.662509
SORBI_3001G213400	54.536114
SORBI_3001G213500	0
SORBI_3001G213666	0.108841
SORBI_3001G213832	0
SORBI_3001G214000	0.436416
SORBI_3001G214100	11.372766
ENSRNA049997087	0
SORBI_3001G214200	46.813864
SORBI_3001G214300	31.368105
SORBI_3001G214400	0
SORBI_3001G214600	11.748625
SORBI_3001G214800	27.838769
SORBI_3001G214900	36.122844
SORBI_3001G215000	0
SORBI_3001G215100	8.003768
SORBI_3001G215201	0
SORBI_3001G215300	1.461298
SORBI_3001G215400	5.137992
SORBI_3001G215500	27.974208
SORBI_3001G215600	1.024894
SORBI_3001G215700	0.059929
SORBI_3001G215900	5.586432
SORBI_3001G216001	0
SORBI_3001G216100	9.323854
SORBI_3001G216200	102.437892
SORBI_3001G216300	63.359932
SORBI_3001G216400	0
SORBI_3001G216500	2.041222
SORBI_3001G216600	8.11522
SORBI_3001G216701	24.365818
SORBI_3001G216800	0
SORBI_3001G216900	0
SORBI_3001G217000	121.836523
SORBI_3001G217100	32.739807
SORBI_3001G217200	8.215514
SORBI_3001G217300	24.027403
SORBI_3001G217400	48.126811
SORBI_3001G217500	71.50004
SORBI_3001G217600	37.008032
SORBI_3001G217700	61.409239
SORBI_3001G217800	0
SORBI_3001G217850	0
SORBI_3001G217900	9.274738
SORBI_3001G218200	62.731777
SORBI_3001G218300	0
SORBI_3001G218400	12.725758
SORBI_3001G218500	0.78678
SORBI_3001G218600	0.712458
SORBI_3001G218701	0
SORBI_3001G218800	4.199368
SORBI_3001G218900	0
SORBI_3001G219200	15.564665
SORBI_3001G219300	540.368601
SORBI_3001G219400	32.994016
SORBI_3001G219600	50.835832
SORBI_3001G219700	1.891616
SORBI_3001G219800	64.453932
SORBI_3001G219900	26.804507
ENSRNA049997080	0
SORBI_3001G220000	6.108215
SORBI_3001G220066	0
SORBI_3001G220132	0
SORBI_3001G220200	0.142106
SORBI_3001G220250	0
SORBI_3001G220300	76.618793
ENSRNA049997073	0
SORBI_3001G220400	169.612678
SORBI_3001G220500	9.185482
SORBI_3001G220600	0
SORBI_3001G220800	0
SORBI_3001G220900	22.858359
SORBI_3001G221000	0
SORBI_3001G221100	12.387513
SORBI_3001G221200	0.084959
SORBI_3001G221300	0.498909
SORBI_3001G221350	0
SORBI_3001G221400	0.181191
SORBI_3001G221500	21.304826
SORBI_3001G221601	0.059549
SORBI_3001G221700	0.087846
SORBI_3001G221750	0
SORBI_3001G221800	45.941107
SORBI_3001G221850	0
SORBI_3001G221900	0
SORBI_3001G221950	0
SORBI_3001G222000	8.913372
SORBI_3001G222100	0
SORBI_3001G222150	1.024735
SORBI_3001G222200	11.126439
SORBI_3001G222250	4.383811
SORBI_3001G222300	6.792639
SORBI_3001G222400	16.350703
SORBI_3001G222500	26.815671
SORBI_3001G222550	1.943713
SORBI_3001G222600	73.445784
SORBI_3001G222700	0.065585
SORBI_3001G222800	0.181414
SORBI_3001G222900	31.615573
SORBI_3001G223000	0.264531
SORBI_3001G223100	4.789734
SORBI_3001G223200	0.178562
SORBI_3001G223300	0.508938
SORBI_3001G223400	0
SORBI_3001G223550	1.385094
SORBI_3001G223700	0.302988
SORBI_3001G223900	0.905937
SORBI_3001G224000	3.462625
SORBI_3001G224200	316.324038
SORBI_3001G224300	1.93366
ENSRNA049444482	0
SORBI_3001G224400	216.4231
SORBI_3001G224500	0
SORBI_3001G224600	28.456844
SORBI_3001G224700	1.484849
SORBI_3001G224800	0
SORBI_3001G224900	0
SORBI_3001G225000	0
SORBI_3001G225100	0.781683
SORBI_3001G225200	0.444031
SORBI_3001G225300	0
SORBI_3001G225400	3.839491
SORBI_3001G225500	5.116182
SORBI_3001G225600	1.399619
SORBI_3001G225700	188.705249
SORBI_3001G225800	0
SORBI_3001G225900	0.149318
SORBI_3001G226000	120.545105
SORBI_3001G226100	18.370892
SORBI_3001G226200	4.865765
SORBI_3001G226300	5.887962
SORBI_3001G226401	0
SORBI_3001G226500	138.40885
SORBI_3001G226600	0.986219
SORBI_3001G226700	9.427993
SORBI_3001G226800	0.910504
SORBI_3001G226900	0
SORBI_3001G227000	0.136575
SORBI_3001G227100	0
SORBI_3001G227200	29.827407
SORBI_3001G227400	16.760643
SORBI_3001G227500	12.933506
SORBI_3001G227601	0
SORBI_3001G227700	0.203334
SORBI_3001G227800	53.893908
SORBI_3001G227850	11.655649
SORBI_3001G227900	0
SORBI_3001G228000	0
SORBI_3001G228100	0
SORBI_3001G228200	111.928327
SORBI_3001G228300	10.875845
SORBI_3001G228400	7.701118
SORBI_3001G228500	0
ENSRNA049997067	0
SORBI_3001G228600	4.265043
SORBI_3001G228701	2.836379
SORBI_3001G228800	5.538139
SORBI_3001G228700	2.006891
SORBI_3001G228900	0
SORBI_3001G229000	0
SORBI_3001G229100	0
SORBI_3001G229200	3.360796
SORBI_3001G229300	24.350198
SORBI_3001G229401	0
SORBI_3001G229500	0
SORBI_3001G229700	0.769938
SORBI_3001G229850	0
SORBI_3001G230000	29.382404
SORBI_3001G230050	0
SORBI_3001G230100	310.588313
SORBI_3001G230200	40.101121
SORBI_3001G230300	0.455844
SORBI_3001G230400	0
SORBI_3001G230500	38.344299
SORBI_3001G230600	0
SORBI_3001G230700	69.323428
SORBI_3001G230801	1.482079
SORBI_3001G230900	25.04724
SORBI_3001G231000	22.247386
SORBI_3001G231100	0
SORBI_3001G231200	16.479003
SORBI_3001G231300	0
SORBI_3001G231350	0
SORBI_3001G231400	3.166856
SORBI_3001G231500	30.786144
SORBI_3001G231600	3.579422
SORBI_3001G231700	0.314426
SORBI_3001G231800	0.197533
SORBI_3001G231900	0
SORBI_3001G232000	0.443828
SORBI_3001G232200	0
SORBI_3001G232300	4.224466
SORBI_3001G232400	0
SORBI_3001G232500	0
SORBI_3001G232600	0
SORBI_3001G232700	0
SORBI_3001G232800	0
SORBI_3001G232950	0
SORBI_3001G233100	0
SORBI_3001G233200	54.172984
SORBI_3001G233300	77.334166
ENSRNA049444492	0
ENSRNA049444495	0
SORBI_3001G233400	13.847716
SORBI_3001G233466	0
SORBI_3001G233532	104.578122
SORBI_3001G233600	0
SORBI_3001G233700	18.058931
SORBI_3001G233800	3.998336
SORBI_3001G233900	0.246218
SORBI_3001G234000	0
SORBI_3001G234100	0
SORBI_3001G234200	16.759933
SORBI_3001G234300	6.722575
SORBI_3001G234500	0
SORBI_3001G234700	0
SORBI_3001G234733	0
SORBI_3001G234766	0
SORBI_3001G234800	121.933002
SORBI_3001G234900	0
SORBI_3001G235000	15.552565
SORBI_3001G235100	0
SORBI_3001G235200	0
SORBI_3001G235266	0
SORBI_3001G235332	0
SORBI_3001G235400	0
SORBI_3001G235500	2.32669
SORBI_3001G235600	0.461233
SORBI_3001G235700	26.843022
SORBI_3001G235800	6.083213
SORBI_3001G235900	23.530625
SORBI_3001G236050	0
SORBI_3001G236200	10.284837
SORBI_3001G236300	160.86762
SORBI_3001G236400	34.696029
SORBI_3001G236700	10.67329
SORBI_3001G236800	3.213456
ENSRNA049997061	0
SORBI_3001G236900	0.199524
SORBI_3001G236950	0
SORBI_3001G237000	1.994236
SORBI_3001G237100	3.608267
SORBI_3001G237200	0
SORBI_3001G237250	0.129687
SORBI_3001G237300	572.866369
SORBI_3001G237400	0
SORBI_3001G237500	28.923202
SORBI_3001G237600	16.11033
SORBI_3001G237700	109.932579
SORBI_3001G237800	0
SORBI_3001G237900	0
SORBI_3001G238000	0
SORBI_3001G238100	0
SORBI_3001G238200	0
SORBI_3001G238300	0.173906
SORBI_3001G238400	0
SORBI_3001G238500	1.156781
SORBI_3001G238600	1.14846
SORBI_3001G238700	25.416647
SORBI_3001G238800	0
SORBI_3001G238900	0.72636
SORBI_3001G239000	0
SORBI_3001G239100	7.310733
SORBI_3001G239200	0
SORBI_3001G239300	22.67678
SORBI_3001G239400	0
SORBI_3001G239500	10.144552
SORBI_3001G239601	0
SORBI_3001G239700	0
SORBI_3001G239800	67.841185
SORBI_3001G239900	1.198676
ENSRNA049465890	0
SORBI_3001G240000	5.612554
SORBI_3001G240100	4.498854
SORBI_3001G240300	4.693332
SORBI_3001G240400	3.488286
SORBI_3001G240500	27.849737
ENSRNA049444525	0
SORBI_3001G240600	0
SORBI_3001G240700	0
SORBI_3001G240800	4.200103
SORBI_3001G240850	0
SORBI_3001G240900	0
SORBI_3001G241000	0
SORBI_3001G241100	39.661512
SORBI_3001G241150	0
SORBI_3001G241200	25.52543
SORBI_3001G241300	18.31005
SORBI_3001G241401	0
SORBI_3001G241500	0.475263
SORBI_3001G241600	1.249639
SORBI_3001G241700	0
SORBI_3001G241900	0
SORBI_3001G242000	0
SORBI_3001G242100	0.363293
SORBI_3001G242200	0
SORBI_3001G242300	3.110369
SORBI_3001G242350	0.128163
SORBI_3001G242400	0.250107
SORBI_3001G242500	19.489508
SORBI_3001G242600	0
SORBI_3001G242700	0
SORBI_3001G242800	9.256881
SORBI_3001G242900	0
SORBI_3001G243000	32.767922
SORBI_3001G243100	359.921535
SORBI_3001G243150	0
SORBI_3001G243200	366.568138
SORBI_3001G243300	6.981904
SORBI_3001G243400	0
SORBI_3001G243500	0.243451
SORBI_3001G243600	0.31319
SORBI_3001G243666	0
SORBI_3001G243732	0.959017
SORBI_3001G243800	1.204892
SORBI_3001G243901	0
SORBI_3001G244000	2.275366
SORBI_3001G244100	0
SORBI_3001G244200	33.520367
SORBI_3001G244300	11.986699
SORBI_3001G244400	0
SORBI_3001G244500	0
SORBI_3001G244600	38.601432
SORBI_3001G244650	0
SORBI_3001G244700	16.002535
SORBI_3001G244800	0
SORBI_3001G244900	0.058179
SORBI_3001G245000	3.515674
SORBI_3001G245100	0
SORBI_3001G245200	0.187332
SORBI_3001G245300	2.911545
SORBI_3001G245400	0.656198
SORBI_3001G245500	2.05623
SORBI_3001G245650	0.342093
SORBI_3001G245800	0
SORBI_3001G245900	13.224176
SORBI_3001G246001	0.153398
SORBI_3001G246101	0
SORBI_3001G246200	1.063148
SORBI_3001G246300	0
SORBI_3001G246400	0
SORBI_3001G246500	29.238242
SORBI_3001G246600	0
SORBI_3001G246650	0
SORBI_3001G246700	0.698871
SORBI_3001G246800	0
SORBI_3001G246900	0
SORBI_3001G247000	0.933728
ENSRNA049997055	0
SORBI_3001G247101	0
SORBI_3001G247200	9.886247
SORBI_3001G247300	30.134552
SORBI_3001G247400	16.657669
SORBI_3001G247500	0
SORBI_3001G247550	0
SORBI_3001G247600	112.663817
SORBI_3001G247700	0
SORBI_3001G247800	1.069329
SORBI_3001G247900	3.16553
SORBI_3001G248000	0
SORBI_3001G248100	9.897011
SORBI_3001G248200	71.799897
SORBI_3001G248300	48.159907
SORBI_3001G248400	0.318243
SORBI_3001G248500	2.545603
SORBI_3001G248700	0.14308
SORBI_3001G248600	3.001014
SORBI_3001G248900	2.680137
SORBI_3001G249000	0.870414
SORBI_3001G249100	0.140027
SORBI_3001G249200	0.061321
SORBI_3001G249233	0.127663
SORBI_3001G249266	0
ENSRNA049997050	0
SORBI_3001G249300	0.744145
SORBI_3001G249400	8.593255
SORBI_3001G249500	0
SORBI_3001G249600	0.19138
SORBI_3001G249700	21.426414
SORBI_3001G249800	0
SORBI_3001G250000	0.022144
SORBI_3001G249900	0
SORBI_3001G250100	0
SORBI_3001G250150	0.57152
SORBI_3001G250200	0
SORBI_3001G250300	79.327128
SORBI_3001G250600	0.840246
SORBI_3001G250700	28.942765
SORBI_3001G250750	0
SORBI_3001G250800	0
SORBI_3001G250900	0
SORBI_3001G251000	0
SORBI_3001G251100	59.756086
SORBI_3001G251200	101.520155
SORBI_3001G251300	0.717346
SORBI_3001G251400	8.62114
SORBI_3001G251500	1.745702
SORBI_3001G251600	18.770424
SORBI_3001G251650	0.644821
SORBI_3001G251700	61.788939
SORBI_3001G251750	0
SORBI_3001G251900	1.776618
SORBI_3001G251800	0.949236
SORBI_3001G252000	68.538449
SORBI_3001G252050	0
SORBI_3001G252101	0
SORBI_3001G252151	0
SORBI_3001G252200	11.995391
SORBI_3001G252300	66.807892
SORBI_3001G252401	1.201326
SORBI_3001G252500	30.105066
SORBI_3001G252600	0.186331
SORBI_3001G252700	3.832521
SORBI_3001G252800	6.745095
SORBI_3001G252900	0
SORBI_3001G253000	0
SORBI_3001G253050	0
SORBI_3001G253100	52.586554
SORBI_3001G253200	15.596145
SORBI_3001G253300	7.151042
SORBI_3001G253400	0
SORBI_3001G253501	0
SORBI_3001G253600	49.496104
SORBI_3001G253700	48.294486
SORBI_3001G253750	0.158334
SORBI_3001G253800	0.254192
SORBI_3001G253900	0.141083
SORBI_3001G254000	0
SORBI_3001G254100	0
SORBI_3001G254150	0
SORBI_3001G254200	67.167483
SORBI_3001G254300	2.322802
SORBI_3001G254400	15.526141
SORBI_3001G254600	2.011535
SORBI_3001G254700	0
SORBI_3001G254800	0.256925
SORBI_3001G255001	0.041118
SORBI_3001G255200	0
SORBI_3001G255300	0
SORBI_3001G255400	0.171443
SORBI_3001G255450	0
SORBI_3001G255500	0
ENSRNA049444535	0
SORBI_3001G255600	0
SORBI_3001G255700	0
SORBI_3001G255800	52.153477
SORBI_3001G255866	0
SORBI_3001G255932	63.911422
SORBI_3001G256000	0.244425
SORBI_3001G256200	0
SORBI_3001G256300	0
SORBI_3001G256400	0.348309
SORBI_3001G256500	1.095739
SORBI_3001G256600	0
SORBI_3001G256700	2.965967
SORBI_3001G256750	0
SORBI_3001G256800	0
SORBI_3001G256900	0.525043
SORBI_3001G257100	0
SORBI_3001G257200	44.899166
SORBI_3001G257300	61.273093
SORBI_3001G257400	0.515836
SORBI_3001G257600	0.464428
SORBI_3001G257650	0.346948
SORBI_3001G257700	18.154493
SORBI_3001G257800	9.454997
ENSRNA049997042	0
SORBI_3001G258000	14.925575
SORBI_3001G258100	0.40747
SORBI_3001G258200	13.907452
SORBI_3001G258300	1.526741
SORBI_3001G258400	0
SORBI_3001G258500	0
SORBI_3001G258600	1.68604
SORBI_3001G258700	0
SORBI_3001G258801	0.264293
SORBI_3001G258900	92.069835
SORBI_3001G259000	59.521322
SORBI_3001G259100	0.516075
SORBI_3001G259200	0.105059
SORBI_3001G259250	0
SORBI_3001G259300	0
SORBI_3001G259400	3.383265
SORBI_3001G259500	0
SORBI_3001G259600	173.968662
SORBI_3001G259700	535.683206
SORBI_3001G259800	10.333598
SORBI_3001G259850	1.171457
SORBI_3001G259900	15.810957
SORBI_3001G260000	0
SORBI_3001G260300	7.845289
SORBI_3001G260400	18.932529
SORBI_3001G260500	65.45732
ENSRNA049463778	0
ENSRNA049463750	0.219924
SORBI_3001G260550	0
ENSRNA049463764	0.844179
SORBI_3001G260600	23.730119
SORBI_3001G260701	10.78922
SORBI_3001G260800	124.198336
SORBI_3001G260850	0
SORBI_3001G260900	0
SORBI_3001G261100	0
SORBI_3001G261200	31.216843
SORBI_3001G261250	0
SORBI_3001G261300	0
SORBI_3001G261400	0.091359
SORBI_3001G261404	0
SORBI_3001G261408	39.899508
SORBI_3001G261412	0
SORBI_3001G261416	0
SORBI_3001G261420	0.23747
SORBI_3001G261424	0
SORBI_3001G261428	0
SORBI_3001G261432	0.545607
SORBI_3001G261436	2.591532
SORBI_3001G261440	0
SORBI_3001G261444	0
SORBI_3001G261448	0
SORBI_3001G261452	0
SORBI_3001G261456	29.758575
SORBI_3001G261460	0
SORBI_3001G261464	0
SORBI_3001G261468	3.94943
SORBI_3001G261472	0
SORBI_3001G261476	74.123483
SORBI_3001G261480	6.397161
SORBI_3001G261484	1.590899
SORBI_3001G261488	0
SORBI_3001G261492	11.084964
SORBI_3001G261496	19.840698
SORBI_3001G261501	79.100803
SORBI_3001G261505	0
SORBI_3001G261509	0.174877
SORBI_3001G261513	1.172067
SORBI_3001G261517	0
SORBI_3001G261521	0.114744
SORBI_3001G261525	0
SORBI_3001G261529	0
SORBI_3001G261533	0
SORBI_3001G261537	1.358933
SORBI_3001G261541	1.368553
SORBI_3001G261545	42.459554
SORBI_3001G261549	25.113317
SORBI_3001G261553	0
SORBI_3001G261557	0
SORBI_3001G261561	0
SORBI_3001G261565	0
SORBI_3001G261569	0.378956
SORBI_3001G261573	24.19232
SORBI_3001G261577	117.106068
SORBI_3001G261581	0
SORBI_3001G261585	38.528418
SORBI_3001G261589	0
SORBI_3001G261593	0
SORBI_3001G261597	125.345758
SORBI_3001G261600	2.556673
SORBI_3001G261700	0
SORBI_3001G261750	0
SORBI_3001G261800	0
SORBI_3001G261900	47.679649
SORBI_3001G262000	0.151354
SORBI_3001G262100	67.286026
SORBI_3001G262200	21.111309
SORBI_3001G262301	0
SORBI_3001G262400	1.317436
SORBI_3001G262500	2.337961
SORBI_3001G262601	0
SORBI_3001G262700	15.8503
SORBI_3001G262800	0
SORBI_3001G262900	14.555463
SORBI_3001G262950	0
SORBI_3001G263000	95.819962
SORBI_3001G263100	8.723984
SORBI_3001G263200	76.646823
ENSRNA049997038	0
SORBI_3001G263300	0
SORBI_3001G263500	14.223722
SORBI_3001G263600	29.76466
SORBI_3001G263701	11.70546
SORBI_3001G263801	0
SORBI_3001G263900	28.677864
SORBI_3001G264000	1.536828
SORBI_3001G264100	0
SORBI_3001G264201	5.259759
SORBI_3001G264300	0
SORBI_3001G264400	0.127765
SORBI_3001G264500	0.951909
SORBI_3001G264550	0
SORBI_3001G264600	0
SORBI_3001G264700	23.235393
SORBI_3001G264800	0.319814
SORBI_3001G264901	3.419892
SORBI_3001G265000	0
SORBI_3001G265100	0
SORBI_3001G265200	6.847359
SORBI_3001G265300	0
SORBI_3001G265400	107.671578
SORBI_3001G265500	1.779554
SORBI_3001G265600	41.270531
SORBI_3001G265700	0.050924
ENSRNA049997030	0
SORBI_3001G265800	0.167016
SORBI_3001G265900	0
SORBI_3001G266000	0.571417
SORBI_3001G266100	0
SORBI_3001G266200	0
SORBI_3001G266300	0
SORBI_3001G266400	50.797953
SORBI_3001G266500	0.595452
SORBI_3001G266600	0
SORBI_3001G266700	4.207618
SORBI_3001G266900	0
SORBI_3001G267000	0.205058
SORBI_3001G267050	0
SORBI_3001G267100	0
SORBI_3001G267233	11.912437
SORBI_3001G267200	35.658254
SORBI_3001G267266	0.240152
SORBI_3001G267300	0
SORBI_3001G267400	0
SORBI_3001G267500	2.806687
SORBI_3001G267600	307.270613
SORBI_3001G267701	0.202661
SORBI_3001G267800	0.18676
SORBI_3001G267900	4.108442
SORBI_3001G268000	3.616924
SORBI_3001G267950	0
SORBI_3001G268100	0
SORBI_3001G268200	25.049368
SORBI_3001G268300	3.286657
SORBI_3001G268400	0.123657
SORBI_3001G268550	0
SORBI_3001G268700	17.403556
SORBI_3001G268850	0.20496
SORBI_3001G269000	2.852865
SORBI_3001G269100	0.028731
SORBI_3001G269200	0
SORBI_3001G269300	0
SORBI_3001G269400	0
SORBI_3001G269501	0
SORBI_3001G269600	0
SORBI_3001G269650	0
SORBI_3001G269700	0
SORBI_3001G269800	0
SORBI_3001G269900	0.977589
SORBI_3001G270200	0.749484
SORBI_3001G270301	0
SORBI_3001G270400	52.706619
SORBI_3001G270500	1.399013
SORBI_3001G270600	0
SORBI_3001G270700	0.314272
SORBI_3001G270800	10.862234
SORBI_3001G270900	13.722955
SORBI_3001G271000	0.307901
SORBI_3001G271100	4.297391
SORBI_3001G271200	0
SORBI_3001G271300	0
SORBI_3001G271500	0.653294
SORBI_3001G271600	0
SORBI_3001G271700	0
SORBI_3001G271900	9.805403
SORBI_3001G271801	10.428829
SORBI_3001G272000	15.977953
SORBI_3001G272100	0
SORBI_3001G272200	0
SORBI_3001G272300	0
SORBI_3001G272400	0
SORBI_3001G272466	0
SORBI_3001G272532	0.140923
SORBI_3001G272600	1.448863
SORBI_3001G272700	3.528697
SORBI_3001G272800	0.911198
SORBI_3001G272900	0.224809
SORBI_3001G273000	8.664917
SORBI_3001G273100	0.104422
SORBI_3001G273200	0.096336
SORBI_3001G273400	0
SORBI_3001G273500	7.597821
SORBI_3001G273600	0.432183
SORBI_3001G273650	0
SORBI_3001G273700	22.827995
SORBI_3001G273800	1.660629
SORBI_3001G273875	0.169074
SORBI_3001G273950	0
SORBI_3001G274025	0
SORBI_3001G274100	0
SORBI_3001G274200	48.298014
SORBI_3001G274300	0
SORBI_3001G274400	0
SORBI_3001G274600	0.567897
SORBI_3001G274700	20.068442
SORBI_3001G274800	24.685331
SORBI_3001G274900	4.872052
SORBI_3001G275100	0
SORBI_3001G275200	1.21122
SORBI_3001G275300	40.589587
SORBI_3001G275400	0
SORBI_3001G275450	0
SORBI_3001G275500	16.099997
SORBI_3001G275600	0
SORBI_3001G275700	0
SORBI_3001G275800	0
SORBI_3001G275900	9.871626
SORBI_3001G275950	0
SORBI_3001G276000	0.328156
SORBI_3001G276100	12.584683
SORBI_3001G276200	53.927172
SORBI_3001G276300	38.13556
SORBI_3001G276400	2.869588
SORBI_3001G276500	0.34172
SORBI_3001G276550	0
SORBI_3001G276600	25.301997
SORBI_3001G276700	0
SORBI_3001G276800	0
SORBI_3001G276900	2.722706
SORBI_3001G277000	0
SORBI_3001G277300	6.137598
SORBI_3001G277400	2.843394
SORBI_3001G277500	0.714827
SORBI_3001G277600	0.644484
SORBI_3001G277700	0
SORBI_3001G277800	0
SORBI_3001G277900	77.450269
SORBI_3001G278000	0
SORBI_3001G278100	0
ENSRNA049997024	0
SORBI_3001G278300	0
SORBI_3001G278400	1.616083
SORBI_3001G278500	0
SORBI_3001G278600	2.29656
SORBI_3001G278650	0
SORBI_3001G278700	8.046724
SORBI_3001G278800	17.698852
SORBI_3001G278900	0
SORBI_3001G279000	0
SORBI_3001G279100	47.879139
SORBI_3001G279200	6.579698
SORBI_3001G279300	2.65081
SORBI_3001G279350	0
SORBI_3001G279400	0
SORBI_3001G279500	0.247188
SORBI_3001G279601	109.179612
SORBI_3001G279701	0
SORBI_3001G279800	0
SORBI_3001G279900	41.938097
SORBI_3001G280000	5.017295
SORBI_3001G280100	44.092812
SORBI_3001G280200	25.014524
SORBI_3001G280300	11.195933
SORBI_3001G280400	33.545972
SORBI_3001G280500	20.617112
SORBI_3001G280700	0.171433
SORBI_3001G280800	3.349244
SORBI_3001G280900	42.015349
SORBI_3001G281100	79.173836
SORBI_3001G281201	0
SORBI_3001G281300	24.434419
SORBI_3001G281400	164.761824
SORBI_3001G281500	29.799394
SORBI_3001G281600	34.731227
SORBI_3001G281700	8.703352
SORBI_3001G281800	7.867363
SORBI_3001G281900	29.958708
SORBI_3001G282000	32.376834
SORBI_3001G282100	41.156666
SORBI_3001G282200	30.362316
SORBI_3001G282300	3.802494
SORBI_3001G282400	0.198099
SORBI_3001G282500	212.273197
SORBI_3001G282600	27.80749
SORBI_3001G282700	167.453801
SORBI_3001G282800	2.819097
SORBI_3001G282900	257.73647
SORBI_3001G283000	8.50352
SORBI_3001G283100	5.207128
SORBI_3001G283200	105.767206
SORBI_3001G283300	0.795522
SORBI_3001G283400	0
SORBI_3001G283500	129.48995
SORBI_3001G283600	91.126233
SORBI_3001G283700	47.227184
SORBI_3001G283800	0.061669
SORBI_3001G283900	0
SORBI_3001G284100	158.942764
SORBI_3001G284200	15.504758
SORBI_3001G284300	0
SORBI_3001G284400	82.13735
SORBI_3001G284425	25.098478
SORBI_3001G284450	0
SORBI_3001G284475	11.709072
SORBI_3001G284500	4.028045
SORBI_3001G284600	22.29345
SORBI_3001G284700	0
SORBI_3001G284800	3.206617
SORBI_3001G284900	0.165247
SORBI_3001G285000	39.350943
SORBI_3001G285100	8.139286
SORBI_3001G285200	5.424676
SORBI_3001G285300	27.890805
SORBI_3001G285400	17.064663
SORBI_3001G285500	0
SORBI_3001G285600	0.155177
SORBI_3001G285650	0
SORBI_3001G285700	0
SORBI_3001G285800	23.521071
SORBI_3001G286000	10.752802
SORBI_3001G286050	0
SORBI_3001G286100	0.68726
SORBI_3001G286200	33.192605
SORBI_3001G286300	12.58157
SORBI_3001G286400	16.453847
SORBI_3001G286500	28.23689
SORBI_3001G286600	24.953876
SORBI_3001G286700	0
SORBI_3001G286800	0
SORBI_3001G286900	0
SORBI_3001G287000	2.602608
SORBI_3001G287101	9.054851
SORBI_3001G287201	10.1338
SORBI_3001G287301	15.696643
SORBI_3001G287400	0
SORBI_3001G287500	33.811673
ENSRNA049445116	0
SORBI_3001G287600	126.633351
SORBI_3001G287700	0
SORBI_3001G287800	52.723379
SORBI_3001G287900	0
SORBI_3001G288000	0.193284
SORBI_3001G288100	22.455886
SORBI_3001G288200	0
SORBI_3001G288301	16.755859
SORBI_3001G288400	0
SORBI_3001G288500	0.310418
SORBI_3001G288601	1.099927
SORBI_3001G288700	19.585707
SORBI_3001G288800	12.122345
SORBI_3001G288900	7.934391
SORBI_3001G289000	0.354601
SORBI_3001G289100	11.711032
SORBI_3001G289200	0
SORBI_3001G289400	139.289704
SORBI_3001G289500	19.6943
SORBI_3001G289600	50.734546
SORBI_3001G289700	31.290157
SORBI_3001G289800	35.14124
SORBI_3001G289900	11.53186
SORBI_3001G290000	87.761746
SORBI_3001G290100	54.074092
SORBI_3001G290200	22.180158
ENSRNA049445101	0
SORBI_3001G290300	9.950161
SORBI_3001G290400	48.39428
SORBI_3001G290500	11.637496
SORBI_3001G290600	62.789647
SORBI_3001G290700	39.341479
SORBI_3001G290766	14.089752
SORBI_3001G290832	0.521955
ENSRNA049470481	0
SORBI_3001G290900	0
ENSRNA049470492	0
SORBI_3001G291000	16.490702
SORBI_3001G291100	205.208219
SORBI_3001G291200	64.616019
SORBI_3001G291300	16.198471
SORBI_3001G291400	20.083306
SORBI_3001G291500	0.996278
SORBI_3001G291600	8.300419
SORBI_3001G291701	0
SORBI_3001G291800	171.096147
SORBI_3001G291900	46.536414
SORBI_3001G292000	29.713958
SORBI_3001G292100	0
SORBI_3001G292200	28.173877
SORBI_3001G292400	14.712796
SORBI_3001G292500	1.962854
SORBI_3001G292700	16.280947
SORBI_3001G292800	2.137317
SORBI_3001G292900	7.918519
SORBI_3001G293000	0
SORBI_3001G293100	0
SORBI_3001G293200	0
SORBI_3001G293300	108.319132
SORBI_3001G293400	0
SORBI_3001G293450	0
SORBI_3001G293500	0
SORBI_3001G293550	0
SORBI_3001G293600	12.501289
SORBI_3001G293633	0
SORBI_3001G293666	0
SORBI_3001G293700	60.978357
SORBI_3001G293800	8.483159
SORBI_3001G293900	0
SORBI_3001G294000	61.184685
SORBI_3001G294100	7.85657
SORBI_3001G294150	0.841894
SORBI_3001G294200	38.285589
SORBI_3001G294300	73.741122
SORBI_3001G294400	48.768024
SORBI_3001G294500	0.131811
SORBI_3001G294600	1.589526
SORBI_3001G294700	18.837182
SORBI_3001G294800	0.271632
SORBI_3001G294900	40.601044
SORBI_3001G295000	0.158283
SORBI_3001G295100	14.407018
SORBI_3001G295200	331.135766
SORBI_3001G295300	96.652408
SORBI_3001G295400	0.72953
SORBI_3001G295500	1.954261
SORBI_3001G295600	96.518046
SORBI_3001G295700	7.998062
SORBI_3001G295800	0.305814
SORBI_3001G295900	0
SORBI_3001G296000	0
SORBI_3001G296100	3.535202
SORBI_3001G296300	0.665312
SORBI_3001G296400	16.916208
SORBI_3001G296500	33.585482
SORBI_3001G296600	0
SORBI_3001G296700	1.859407
SORBI_3001G296800	6.211754
SORBI_3001G296900	60.681586
SORBI_3001G297000	4.150833
SORBI_3001G297200	9.368691
SORBI_3001G297300	0
SORBI_3001G297400	0
SORBI_3001G297500	93.6129
SORBI_3001G297600	13.215365
SORBI_3001G297700	0
SORBI_3001G297800	0
SORBI_3001G297900	6.542993
SORBI_3001G297966	0
SORBI_3001G298032	0
SORBI_3001G298100	18.382716
SORBI_3001G298200	0
SORBI_3001G298300	55.087348
SORBI_3001G298400	1.724315
SORBI_3001G298500	12.377306
SORBI_3001G298600	29.263494
SORBI_3001G298700	41.826071
SORBI_3001G298800	0.085288
SORBI_3001G298900	59.911547
SORBI_3001G299001	0
SORBI_3001G299100	0.860754
SORBI_3001G299150	0
SORBI_3001G299200	2.780394
SORBI_3001G299300	0
SORBI_3001G299400	0.80755
SORBI_3001G299500	2.360864
SORBI_3001G299600	0
SORBI_3001G299700	51.372581
SORBI_3001G299800	2.019531
SORBI_3001G299900	0.299968
ENSRNA049470435	0
SORBI_3001G300000	1.752352
SORBI_3001G300033	0
SORBI_3001G300066	0
SORBI_3001G300100	6.956638
SORBI_3001G300201	26.345542
SORBI_3001G300301	0.093378
SORBI_3001G300400	0.183845
SORBI_3001G300450	0
SORBI_3001G300500	0.135108
SORBI_3001G300600	3.338816
SORBI_3001G300700	0.13423
SORBI_3001G300750	0
SORBI_3001G300800	0
SORBI_3001G300900	4.123139
SORBI_3001G301000	0.313924
SORBI_3001G301100	0
SORBI_3001G301200	25.159524
SORBI_3001G301300	0.4941
SORBI_3001G301400	0
SORBI_3001G301500	0
SORBI_3001G301600	0
SORBI_3001G301700	65.497466
SORBI_3001G301800	22.947428
SORBI_3001G301900	0
SORBI_3001G302000	0
SORBI_3001G302100	6.014279
SORBI_3001G302200	75.666112
SORBI_3001G302300	3.832628
SORBI_3001G302400	10.573173
SORBI_3001G302500	0.654434
SORBI_3001G302600	0
SORBI_3001G302666	2.633428
SORBI_3001G302732	15.650543
SORBI_3001G302800	17.28542
SORBI_3001G302900	27.398576
SORBI_3001G303000	0.197567
SORBI_3001G303100	38.203885
SORBI_3001G303200	52.273894
ENSRNA049445084	0
SORBI_3001G303300	1.947473
SORBI_3001G303600	0.026565
SORBI_3001G303675	7.644305
SORBI_3001G303750	0
SORBI_3001G303825	4.533024
SORBI_3001G303900	8.646089
SORBI_3001G304000	33.459805
SORBI_3001G304100	1.658062
SORBI_3001G304201	1.617595
SORBI_3001G304300	0
SORBI_3001G304400	133.666157
SORBI_3001G304500	6.976212
SORBI_3001G304600	0.770711
SORBI_3001G304700	702.81942
SORBI_3001G304800	0.05722
SORBI_3001G304900	12.288548
SORBI_3001G305000	0
SORBI_3001G305100	0
SORBI_3001G305200	0
SORBI_3001G305300	0
SORBI_3001G305350	1.889812
SORBI_3001G305400	0
SORBI_3001G305500	44.875204
SORBI_3001G305550	0.241396
SORBI_3001G305600	71.064555
SORBI_3001G305700	10.16878
SORBI_3001G305800	14.25347
SORBI_3001G305900	6.223498
SORBI_3001G306000	12.83685
SORBI_3001G306101	0
SORBI_3001G306200	0
SORBI_3001G306300	0
SORBI_3001G306400	0
SORBI_3001G306500	0
SORBI_3001G306600	2.448451
SORBI_3001G306700	3.861653
SORBI_3001G306800	5.884881
SORBI_3001G306900	30.591522
SORBI_3001G307000	0
SORBI_3001G307100	0
SORBI_3001G307200	6.575042
SORBI_3001G307300	0
SORBI_3001G307400	0
SORBI_3001G307450	0
SORBI_3001G307500	0
SORBI_3001G307600	2.674413
SORBI_3001G307700	1.076808
SORBI_3001G307800	0
SORBI_3001G307900	28.395557
SORBI_3001G308000	2.165386
SORBI_3001G308100	0.548527
SORBI_3001G308200	29.851043
SORBI_3001G308300	39.201313
SORBI_3001G308350	0
SORBI_3001G308400	37.969199
SORBI_3001G308450	0
SORBI_3001G308500	2.851362
SORBI_3001G308600	0.585632
SORBI_3001G308700	4.748321
SORBI_3001G308800	27.855794
ENSRNA049470424	0
SORBI_3001G308900	3.98409
SORBI_3001G309000	0
SORBI_3001G309100	16.741421
SORBI_3001G309200	24.401117
SORBI_3001G309300	12.251788
SORBI_3001G309400	31.633216
SORBI_3001G309500	60.806665
SORBI_3001G309600	1.157629
SORBI_3001G309666	0
SORBI_3001G309732	4.286663
SORBI_3001G309800	2.776022
SORBI_3001G309900	7.623721
SORBI_3001G310000	0
SORBI_3001G310100	59.892491
SORBI_3001G310133	0
SORBI_3001G310166	0
ENSRNA049997017	0
SORBI_3001G310200	0
SORBI_3001G310300	0
SORBI_3001G310400	0
SORBI_3001G310500	6.611035
SORBI_3001G310600	0
SORBI_3001G310700	61.910173
SORBI_3001G310800	0.239627
SORBI_3001G310900	1.134194
SORBI_3001G311000	53.291652
SORBI_3001G311050	0
SORBI_3001G311100	180.875229
SORBI_3001G311200	0.808205
SORBI_3001G311400	0
SORBI_3001G311500	13.769474
SORBI_3001G311601	0
SORBI_3001G311700	0.19582
SORBI_3001G311800	0
SORBI_3001G311833	5.453901
SORBI_3001G311866	0
SORBI_3001G311900	3.424769
SORBI_3001G312000	0
SORBI_3001G312100	0
SORBI_3001G312200	0
SORBI_3001G312300	0
SORBI_3001G312350	0
SORBI_3001G312400	10.694112
SORBI_3001G312500	103.214993
SORBI_3001G312600	65.440273
SORBI_3001G312700	2.64599
SORBI_3001G312801	0.193837
SORBI_3001G312900	309.086964
SORBI_3001G313000	28.945598
SORBI_3001G313100	59.030451
SORBI_3001G313150	0
SORBI_3001G313200	43.701335
SORBI_3001G313301	8.681235
SORBI_3001G313400	7.522488
SORBI_3001G313500	67.824184
SORBI_3001G313600	0
SORBI_3001G313700	28.317191
SORBI_3001G313800	0
SORBI_3001G313900	26.679279
SORBI_3001G314000	0
SORBI_3001G314100	0
SORBI_3001G314200	122.603833
SORBI_3001G314300	64.544228
SORBI_3001G314350	0
SORBI_3001G314400	15.561925
SORBI_3001G314500	116.445417
SORBI_3001G314600	0
SORBI_3001G314700	43.915069
SORBI_3001G314800	43.32425
SORBI_3001G314900	22.062471
SORBI_3001G315000	0
SORBI_3001G315100	14.061043
SORBI_3001G315200	0.351503
SORBI_3001G315300	0
SORBI_3001G315400	29.3146
SORBI_3001G315500	11.70631
SORBI_3001G315600	0
SORBI_3001G315700	35.495354
SORBI_3001G315800	5.032013
SORBI_3001G315901	1.052875
SORBI_3001G316000	2.411091
SORBI_3001G316100	0.656504
SORBI_3001G316200	45.62929
SORBI_3001G316300	0.585706
ENSRNA049482469	0
SORBI_3001G316400	4.743957
SORBI_3001G316500	0
SORBI_3001G316700	9.157508
SORBI_3001G316800	0.111323
SORBI_3001G316900	5.228053
ENSRNA049445071	0
SORBI_3001G317000	90.959983
SORBI_3001G317200	3.898991
SORBI_3001G317300	1.473872
SORBI_3001G317400	4.138577
SORBI_3001G317500	0
SORBI_3001G317600	0.665866
SORBI_3001G317700	0.158369
SORBI_3001G317800	0
SORBI_3001G317900	0
SORBI_3001G317950	0
SORBI_3001G318000	3.436224
SORBI_3001G318100	4.055519
SORBI_3001G318200	3.765407
SORBI_3001G318300	0.173683
SORBI_3001G318366	0
SORBI_3001G318432	10.01684
SORBI_3001G318500	6.301426
SORBI_3001G318600	2.144204
SORBI_3001G318700	13.766844
SORBI_3001G318800	0.808767
SORBI_3001G318900	3.716446
SORBI_3001G319000	0.564981
SORBI_3001G319100	3.08208
SORBI_3001G319200	0.534777
SORBI_3001G319300	4.055133
SORBI_3001G319350	0.190727
SORBI_3001G319400	7.851792
SORBI_3001G319500	23.508214
SORBI_3001G319600	1.115713
SORBI_3001G319650	0
SORBI_3001G319700	0.808422
SORBI_3001G319800	0
SORBI_3001G319900	1.312609
SORBI_3001G320000	0
SORBI_3001G320101	5.682511
SORBI_3001G320200	42.033959
SORBI_3001G320300	0
SORBI_3001G320400	0
SORBI_3001G320500	0.243949
SORBI_3001G320700	11.61846
SORBI_3001G320800	0
SORBI_3001G320900	4.527382
SORBI_3001G321000	34.316767
SORBI_3001G321100	3.229762
SORBI_3001G321200	30.495014
SORBI_3001G321300	0
SORBI_3001G321400	10.655723
SORBI_3001G321500	127.414367
SORBI_3001G321600	6.275249
SORBI_3001G321700	7.939355
SORBI_3001G321800	619.45323
SORBI_3001G321900	89.239583
SORBI_3001G322000	53.907113
SORBI_3001G322100	13.053683
SORBI_3001G322200	35.2246
SORBI_3001G322300	29.667728
SORBI_3001G322400	2.547179
SORBI_3001G322500	18.766366
SORBI_3001G322600	20.00699
SORBI_3001G322700	14.557038
SORBI_3001G322766	0
SORBI_3001G322832	5.217753
SORBI_3001G322900	14.97659
SORBI_3001G323000	54.152512
SORBI_3001G323101	2.355175
SORBI_3001G323200	0
SORBI_3001G323300	3.594256
SORBI_3001G323400	0.252054
SORBI_3001G323500	0
SORBI_3001G323600	0
SORBI_3001G323701	0.141263
SORBI_3001G323801	0
SORBI_3001G323900	0.151981
SORBI_3001G324000	0.609197
SORBI_3001G324100	8.878586
SORBI_3001G324200	0.162043
SORBI_3001G324250	0.93801
SORBI_3001G324300	0
SORBI_3001G324400	21.857562
SORBI_3001G324500	0
SORBI_3001G324600	0
SORBI_3001G324700	0.111036
SORBI_3001G324800	0
SORBI_3001G324900	50.87152
SORBI_3001G325000	0.570243
SORBI_3001G325100	0
SORBI_3001G325200	63.850112
SORBI_3001G325400	14.088515
SORBI_3001G325500	0
SORBI_3001G325600	1.023741
SORBI_3001G325700	278.814167
SORBI_3001G325850	0
SORBI_3001G326000	0
SORBI_3001G326100	33.830483
ENSRNA049997009	0
SORBI_3001G326200	0
SORBI_3001G326300	10.606268
SORBI_3001G326400	0.084448
SORBI_3001G326500	0
SORBI_3001G326600	0.956816
SORBI_3001G326700	0
SORBI_3001G326800	0
SORBI_3001G326900	4.865387
SORBI_3001G327000	3.068893
SORBI_3001G327100	0.525889
SORBI_3001G327200	0
SORBI_3001G327300	3.882951
SORBI_3001G327400	0.322877
SORBI_3001G327500	0
SORBI_3001G327700	2.942286
SORBI_3001G327800	60.103963
SORBI_3001G327900	0
SORBI_3001G328000	4.457029
SORBI_3001G328100	11.287887
SORBI_3001G328200	28.489668
SORBI_3001G328350	0
SORBI_3001G328500	21.185428
SORBI_3001G328650	5.741056
SORBI_3001G328800	0
SORBI_3001G328850	0
SORBI_3001G328900	0
SORBI_3001G329001	13.260841
SORBI_3001G329100	390.068849
SORBI_3001G329200	0.111041
SORBI_3001G329300	705.324518
SORBI_3001G329400	3.516955
SORBI_3001G329600	1.645848
SORBI_3001G329701	1.863734
SORBI_3001G329800	16.179556
SORBI_3001G329901	0
SORBI_3001G330000	27.133662
SORBI_3001G330100	12.197124
SORBI_3001G330200	1.219454
SORBI_3001G330300	0
SORBI_3001G330400	1.962751
SORBI_3001G330500	2.311278
ENSRNA049482464	0
SORBI_3001G330600	0
SORBI_3001G330700	174.861264
SORBI_3001G330775	0
SORBI_3001G330850	6.7095
SORBI_3001G330925	7.491975
SORBI_3001G331000	0
SORBI_3001G331100	2.137691
SORBI_3001G331200	1.026084
SORBI_3001G331301	1.059602
SORBI_3001G331401	0
SORBI_3001G331500	0
SORBI_3001G331600	43.431037
SORBI_3001G331650	0
SORBI_3001G331700	0
SORBI_3001G331800	0
SORBI_3001G331900	4.789162
SORBI_3001G332000	0
SORBI_3001G332050	0
SORBI_3001G332100	0
SORBI_3001G332200	0
SORBI_3001G332300	24.060839
SORBI_3001G332400	0
SORBI_3001G332500	62.356062
SORBI_3001G332700	5.901336
SORBI_3001G332933	0.221438
SORBI_3001G332900	0.065222
SORBI_3001G332966	0
SORBI_3001G333000	0.473015
SORBI_3001G333100	37.270673
SORBI_3001G333200	2.254606
SORBI_3001G333300	5.138272
SORBI_3001G333400	0.191902
SORBI_3001G333500	57.239606
SORBI_3001G333600	47.242334
SORBI_3001G333700	0.550438
SORBI_3001G333800	10.981217
SORBI_3001G333900	57.776998
SORBI_3001G334001	0.207041
SORBI_3001G334100	21.636292
SORBI_3001G334150	0
SORBI_3001G334200	0
SORBI_3001G334300	459.083936
SORBI_3001G334400	0.209006
SORBI_3001G334501	0
SORBI_3001G334600	15.74032
SORBI_3001G334700	19.089542
SORBI_3001G334800	0
SORBI_3001G334900	24.250301
SORBI_3001G335000	50.539828
SORBI_3001G335100	0.581399
SORBI_3001G335201	5.699921
SORBI_3001G335300	34.901711
SORBI_3001G335400	29.147001
SORBI_3001G335500	33.393615
SORBI_3001G335600	2.557727
SORBI_3001G335700	0
SORBI_3001G335800	0.146765
SORBI_3001G335900	47.294829
SORBI_3001G336050	292.247906
SORBI_3001G336200	2.417453
SORBI_3001G336400	0
SORBI_3001G336450	0.152636
SORBI_3001G336500	192.015899
SORBI_3001G336600	0
SORBI_3001G336700	6.147721
SORBI_3001G336800	0
SORBI_3001G336900	0.815754
SORBI_3001G337100	0.279072
SORBI_3001G337200	0
SORBI_3001G337300	11.145433
SORBI_3001G337350	7.651902
SORBI_3001G337400	5.922989
ENSRNA049445049	0
SORBI_3001G337500	0
SORBI_3001G337600	11.93327
SORBI_3001G337701	0
SORBI_3001G337800	0
SORBI_3001G338000	0
SORBI_3001G338100	1.910738
SORBI_3001G338200	0
SORBI_3001G338400	35.972509
SORBI_3001G338500	4.960169
SORBI_3001G338600	13.959912
SORBI_3001G338700	0
SORBI_3001G338800	31.743924
SORBI_3001G338900	0.718301
SORBI_3001G339000	0
SORBI_3001G339100	12.41196
SORBI_3001G339200	0.357497
SORBI_3001G339300	0.51999
SORBI_3001G339400	38.33595
SORBI_3001G339500	179.738373
SORBI_3001G339600	47.90263
SORBI_3001G339700	18.20764
SORBI_3001G339801	0
SORBI_3001G339900	0.819528
SORBI_3001G340000	53.117051
SORBI_3001G340100	0
SORBI_3001G340200	139.778394
SORBI_3001G340300	31.178174
SORBI_3001G340400	0.144106
SORBI_3001G340500	138.408448
SORBI_3001G340600	7.518626
SORBI_3001G340700	11.447008
SORBI_3001G340800	0.335875
SORBI_3001G340900	0
SORBI_3001G341001	0
SORBI_3001G341100	74.10674
SORBI_3001G341200	0
SORBI_3001G341300	15.992577
SORBI_3001G341400	2.031662
SORBI_3001G341500	43.4182
SORBI_3001G341550	0
SORBI_3001G341600	90.236312
SORBI_3001G341700	0
SORBI_3001G341800	202.157919
SORBI_3001G341900	0.251082
SORBI_3001G342000	0
SORBI_3001G342101	0
SORBI_3001G342200	18.5618
SORBI_3001G342300	0
SORBI_3001G342400	0.359854
SORBI_3001G342500	0
SORBI_3001G342600	674.254948
SORBI_3001G342700	0
SORBI_3001G342800	0
SORBI_3001G342900	55.496849
SORBI_3001G343000	59.351013
SORBI_3001G343100	3.108582
SORBI_3001G343300	0
SORBI_3001G343400	0
SORBI_3001G343500	0
SORBI_3001G343601	0
SORBI_3001G343700	0
SORBI_3001G343766	20.835153
SORBI_3001G343832	0
SORBI_3001G343900	312.014237
SORBI_3001G344000	64.649036
SORBI_3001G344150	1.36243
SORBI_3001G344300	0
SORBI_3001G344400	87.713859
SORBI_3001G344450	0
SORBI_3001G344500	259.909143
SORBI_3001G344600	30.962699
SORBI_3001G344700	0.66411
SORBI_3001G344800	1.339676
SORBI_3001G344900	1.757768
SORBI_3001G345000	4.017725
SORBI_3001G345100	14.970411
SORBI_3001G345200	0
SORBI_3001G345300	0
SORBI_3001G345333	0
SORBI_3001G345366	0
SORBI_3001G345400	9.019559
SORBI_3001G345500	0
SORBI_3001G345600	0
SORBI_3001G345700	0
SORBI_3001G345800	0
SORBI_3001G345900	0
SORBI_3001G346000	3.622723
SORBI_3001G346100	16.886058
SORBI_3001G346200	0
SORBI_3001G346300	19.691772
SORBI_3001G346401	0
SORBI_3001G346500	0.364454
SORBI_3001G346600	31.003442
SORBI_3001G346700	21.304685
SORBI_3001G346800	0.460536
SORBI_3001G346900	18.721702
SORBI_3001G347001	0
SORBI_3001G347100	0.436516
SORBI_3001G347201	0
SORBI_3001G347300	76.562613
SORBI_3001G347400	1.743212
SORBI_3001G347500	56.40269
SORBI_3001G347600	29.997368
SORBI_3001G347700	7.485501
SORBI_3001G347800	3.12649
SORBI_3001G347901	119.559064
ENSRNA049482456	0
ENSRNA049482440	0
SORBI_3001G348000	7.462992
SORBI_3001G348100	30.122056
SORBI_3001G348200	0
SORBI_3001G348300	0
SORBI_3001G348400	0
SORBI_3001G348500	0
SORBI_3001G348600	0
SORBI_3001G348700	0
SORBI_3001G348800	0.113905
SORBI_3001G348900	2.09116
SORBI_3001G349000	0.885462
SORBI_3001G349100	0
SORBI_3001G349200	0.047643
SORBI_3001G349300	0.895678
SORBI_3001G349400	9.635693
SORBI_3001G349500	14.42307
SORBI_3001G349600	0
SORBI_3001G349650	141.103997
SORBI_3001G349700	34.145744
SORBI_3001G349800	20.060275
SORBI_3001G349900	3.489899
SORBI_3001G350000	4.279168
SORBI_3001G350100	0.379279
SORBI_3001G350200	0.86718
SORBI_3001G350300	0
SORBI_3001G350400	24.384425
SORBI_3001G350501	650.123732
SORBI_3001G350600	406.848978
SORBI_3001G350700	33.22235
SORBI_3001G350800	0
SORBI_3001G350900	218.404872
ENSRNA049997003	0
SORBI_3001G351000	123.874256
SORBI_3001G351100	1.768419
SORBI_3001G351200	0.312781
SORBI_3001G351300	0
SORBI_3001G351400	8.963405
SORBI_3001G351500	7.019569
SORBI_3001G351600	0.488174
SORBI_3001G351700	438.848587
SORBI_3001G351800	6.765217
SORBI_3001G351900	17.19433
SORBI_3001G352100	0
SORBI_3001G352200	1.45422
SORBI_3001G352300	1.225633
SORBI_3001G352400	820.554441
SORBI_3001G352500	39.363662
SORBI_3001G352600	103.769135
SORBI_3001G352633	0
SORBI_3001G352666	0.203006
SORBI_3001G352700	6.994716
SORBI_3001G352800	24.675966
SORBI_3001G352900	26.207472
SORBI_3001G352933	0
SORBI_3001G352966	0
SORBI_3001G353000	0.070615
SORBI_3001G353100	2.013226
SORBI_3001G353200	93.206856
SORBI_3001G353250	7.988976
SORBI_3001G353300	4.574359
SORBI_3001G353400	61.31278
SORBI_3001G353501	29.441399
SORBI_3001G353600	35.42584
SORBI_3001G353700	1.422293
SORBI_3001G353800	0
SORBI_3001G353900	1.45625
SORBI_3001G354000	0.517316
SORBI_3001G354100	0.706953
SORBI_3001G354200	0.54422
SORBI_3001G354400	0.742926
SORBI_3001G354501	3.722186
SORBI_3001G354600	42.836042
ENSRNA049445021	0
ENSRNA049444649	0
SORBI_3001G354700	0
SORBI_3001G354800	0.197297
SORBI_3001G354900	0
SORBI_3001G355000	145.751139
SORBI_3001G355100	17.228493
SORBI_3001G355200	13.929315
SORBI_3001G355300	0
SORBI_3001G355400	0
ENSRNA049482421	0
ENSRNA049482451	0
ENSRNA049482425	0
SORBI_3001G355500	7.276404
SORBI_3001G355600	41.708077
SORBI_3001G355700	0
SORBI_3001G355800	25.461741
SORBI_3001G355850	0
SORBI_3001G355900	0
SORBI_3001G356000	0.127482
SORBI_3001G356100	13.711724
ENSRNA049445015	0
SORBI_3001G356200	32.145183
SORBI_3001G356300	0
SORBI_3001G356400	0
SORBI_3001G356500	32.612961
SORBI_3001G356600	39.097041
SORBI_3001G356700	0
SORBI_3001G356800	1.126522
SORBI_3001G357000	0
SORBI_3001G357100	0
SORBI_3001G357200	31.883556
SORBI_3001G357300	174.902952
SORBI_3001G357400	1.774745
SORBI_3001G357500	2.822358
SORBI_3001G357600	0
SORBI_3001G357650	0
SORBI_3001G357700	0.27635
SORBI_3001G357800	5.054807
SORBI_3001G357900	0.816749
SORBI_3001G358000	14.731926
SORBI_3001G358101	0
SORBI_3001G358200	2.65311
SORBI_3001G358300	65.577579
SORBI_3001G358366	0
SORBI_3001G358432	0
SORBI_3001G358500	17.555298
SORBI_3001G358600	43.982861
SORBI_3001G358700	0
ENSRNA049482457	0
SORBI_3001G358800	9.355643
SORBI_3001G358900	0
SORBI_3001G359000	0
SORBI_3001G359100	0
SORBI_3001G359200	2.440101
SORBI_3001G359300	21.821987
SORBI_3001G359400	128.293494
SORBI_3001G359500	16.167975
SORBI_3001G359601	0
SORBI_3001G359700	0
SORBI_3001G359800	7.79981
SORBI_3001G359900	1.944618
SORBI_3001G360000	8.873092
SORBI_3001G360200	118.355573
SORBI_3001G360300	3.200065
SORBI_3001G360400	0.182638
SORBI_3001G360500	11.378
SORBI_3001G360600	49.392805
SORBI_3001G360700	30.021811
SORBI_3001G360800	0.117775
SORBI_3001G360900	41.744292
SORBI_3001G361000	0
SORBI_3001G361100	0.09907
SORBI_3001G361200	2.278703
SORBI_3001G361300	57.574525
SORBI_3001G361400	0
SORBI_3001G361500	0.343289
SORBI_3001G361600	47.438354
SORBI_3001G361700	26.90102
SORBI_3001G361750	0
SORBI_3001G361800	1.051374
SORBI_3001G361900	18.741787
SORBI_3001G362001	21.816364
SORBI_3001G362100	0.461403
SORBI_3001G362200	59.192987
SORBI_3001G362300	21.175667
SORBI_3001G362400	2.532594
SORBI_3001G362500	30.138647
SORBI_3001G362601	4.085964
SORBI_3001G362701	0.764177
SORBI_3001G362800	2.175064
SORBI_3001G362900	0
SORBI_3001G363000	7.159735
SORBI_3001G363100	2.846372
SORBI_3001G363200	0.088048
SORBI_3001G363300	2.132701
SORBI_3001G363400	0
SORBI_3001G363500	19.002078
SORBI_3001G363600	0
SORBI_3001G363700	1.716139
SORBI_3001G363900	1.755844
SORBI_3001G364100	2.268387
SORBI_3001G364200	2.390707
SORBI_3001G364300	0
SORBI_3001G364400	1.486633
SORBI_3001G364500	150.805477
SORBI_3001G364600	128.276753
SORBI_3001G364700	0
SORBI_3001G364800	68.517166
SORBI_3001G364900	0.371695
SORBI_3001G365000	0.720599
SORBI_3001G365100	0.289652
SORBI_3001G365200	66.185075
SORBI_3001G365266	0
SORBI_3001G365332	0
SORBI_3001G365400	8.561067
SORBI_3001G365500	22.807539
SORBI_3001G365600	22.191798
SORBI_3001G365700	4.360386
SORBI_3001G365800	286.366337
SORBI_3001G365900	72.611817
SORBI_3001G366000	0
SORBI_3001G366100	2.526719
SORBI_3001G366200	0.784416
SORBI_3001G366300	2.610788
SORBI_3001G366401	0
SORBI_3001G366500	2.633141
SORBI_3001G366600	7.453265
SORBI_3001G366700	0.08653
SORBI_3001G366800	43.109622
ENSRNA049482413	6.563076
SORBI_3001G366900	0
SORBI_3001G367000	55.306864
SORBI_3001G367100	50.243877
SORBI_3001G367301	20.100187
SORBI_3001G367500	0.507473
SORBI_3001G367600	2.477687
SORBI_3001G367700	2.226773
SORBI_3001G367800	53.829403
SORBI_3001G367900	1.670507
SORBI_3001G368000	1.226141
SORBI_3001G368100	8.090091
SORBI_3001G368300	16.204511
SORBI_3001G368400	9.597824
SORBI_3001G368500	75.983559
SORBI_3001G368600	15.066057
SORBI_3001G368700	1.348314
SORBI_3001G368800	10.397238
SORBI_3001G368900	0.531742
SORBI_3001G369000	141.82294
SORBI_3001G369101	0
SORBI_3001G369200	0.258917
SORBI_3001G369300	0
SORBI_3001G369401	0.241645
SORBI_3001G369500	10.022611
SORBI_3001G369550	0
SORBI_3001G369600	0.237133
SORBI_3001G369701	0
SORBI_3001G369800	0.858875
SORBI_3001G369900	2.602715
SORBI_3001G370000	0
SORBI_3001G370100	10.431038
SORBI_3001G370200	0
SORBI_3001G370300	11.175811
SORBI_3001G370400	1.409075
SORBI_3001G370500	54.464108
SORBI_3001G370600	921.930585
SORBI_3001G370700	31.082909
SORBI_3001G370750	0
ENSRNA049482453	0
SORBI_3001G370800	0
SORBI_3001G370900	44.226379
SORBI_3001G371000	88.75626
SORBI_3001G371100	162.881772
SORBI_3001G371200	35.154572
SORBI_3001G371300	43.902326
SORBI_3001G371400	550.426964
SORBI_3001G371500	0
SORBI_3001G371600	0
SORBI_3001G371650	0
ENSRNA049482436	0
SORBI_3001G371700	10.649655
SORBI_3001G371750	2.926312
SORBI_3001G371800	19.281292
SORBI_3001G371900	115.670995
SORBI_3001G372000	58.29912
SORBI_3001G372100	1.041695
SORBI_3001G372200	4.351142
SORBI_3001G372400	0
SORBI_3001G372500	151.583434
SORBI_3001G372600	3.368281
SORBI_3001G372700	28.512526
SORBI_3001G372800	145.891214
SORBI_3001G372900	11.322783
SORBI_3001G373000	30.095836
SORBI_3001G373100	1.793976
SORBI_3001G373200	7.082403
SORBI_3001G373300	0
SORBI_3001G373400	9.141075
SORBI_3001G373500	0
ENSRNA049444986	0
SORBI_3001G373600	0.313869
SORBI_3001G373700	10.740997
SORBI_3001G373800	52.150734
SORBI_3001G373850	0
SORBI_3001G373900	4.489592
SORBI_3001G374000	22.704642
SORBI_3001G374100	37.454513
SORBI_3001G374200	0
SORBI_3001G374301	0
SORBI_3001G374400	21.010239
SORBI_3001G374500	0
SORBI_3001G374600	0
SORBI_3001G374700	1031.443139
SORBI_3001G374800	12.122298
SORBI_3001G374900	0.395327
SORBI_3001G375000	26.775605
SORBI_3001G375100	57.505806
SORBI_3001G375200	0
SORBI_3001G375300	41.581384
SORBI_3001G375400	0
SORBI_3001G375500	0.145433
SORBI_3001G375600	12.119428
SORBI_3001G375650	0
SORBI_3001G375700	61.094952
SORBI_3001G375800	1.134194
SORBI_3001G375900	0.157548
SORBI_3001G376100	20.751012
SORBI_3001G376150	0
SORBI_3001G376200	0
SORBI_3001G376266	4.725254
SORBI_3001G376332	0.437323
SORBI_3001G376400	16.309846
SORBI_3001G376501	0
SORBI_3001G376600	355.335668
SORBI_3001G376700	50.142319
SORBI_3001G376800	21.843556
SORBI_3001G376900	56.607287
SORBI_3001G377000	56.390391
SORBI_3001G377050	0
SORBI_3001G377100	3.49953
SORBI_3001G377200	21.348416
SORBI_3001G377300	29.646204
SORBI_3001G377400	1.704479
SORBI_3001G377500	0
SORBI_3001G377600	5.417691
SORBI_3001G377700	0
SORBI_3001G377800	125.056337
ENSRNA049482448	0
SORBI_3001G377900	1.895875
SORBI_3001G378001	1.354854
SORBI_3001G378100	12.996118
ENSRNA049996996	0
SORBI_3001G378150	0
SORBI_3001G378200	69.752979
SORBI_3001G378300	92.157947
SORBI_3001G378400	0
SORBI_3001G378500	0
SORBI_3001G378550	0
SORBI_3001G378600	0
SORBI_3001G378700	0.583629
SORBI_3001G378800	97.834502
SORBI_3001G378900	0
SORBI_3001G379000	23.061745
SORBI_3001G379100	1.428585
SORBI_3001G379200	23.658436
SORBI_3001G379300	0
SORBI_3001G379400	0
SORBI_3001G379500	0.118043
SORBI_3001G379600	17.890453
SORBI_3001G379700	61.036995
SORBI_3001G379800	0
SORBI_3001G379900	1.93364
SORBI_3001G380000	0
SORBI_3001G380100	0
SORBI_3001G380200	426.317389
SORBI_3001G380300	0
SORBI_3001G380400	99.987223
SORBI_3001G380500	121.348706
SORBI_3001G380600	46.232254
SORBI_3001G380700	0.171827
SORBI_3001G380800	0
SORBI_3001G380900	3.628217
SORBI_3001G381000	0.585824
SORBI_3001G381100	0
SORBI_3001G381200	124.474642
SORBI_3001G381250	0
SORBI_3001G381300	0.48005
SORBI_3001G381400	0
SORBI_3001G381500	7.006353
SORBI_3001G381600	57.938603
SORBI_3001G381700	0.129946
SORBI_3001G381800	122.222499
SORBI_3001G381900	10.814826
SORBI_3001G382000	37.766876
SORBI_3001G382100	8.874108
SORBI_3001G382200	139.773726
ENSRNA049482445	0
ENSRNA049482466	0
SORBI_3001G382266	0
SORBI_3001G382332	0
SORBI_3001G382400	132.739227
SORBI_3001G382500	48.915636
SORBI_3001G382600	22.192823
SORBI_3001G382700	3.242583
SORBI_3001G382800	79.364204
SORBI_3001G382900	0
SORBI_3001G383000	67.975813
SORBI_3001G383100	196.577783
SORBI_3001G383200	0
SORBI_3001G383300	34.388974
SORBI_3001G383350	0
SORBI_3001G383400	56.965857
SORBI_3001G383500	12.38325
SORBI_3001G383600	0
SORBI_3001G383700	56.557718
SORBI_3001G383800	11.064392
SORBI_3001G383900	56.862705
SORBI_3001G384000	42.562729
SORBI_3001G384100	14.591834
SORBI_3001G384200	5.000747
SORBI_3001G384300	61.293791
SORBI_3001G384400	12.333229
SORBI_3001G384500	19.708465
SORBI_3001G384600	25.095685
SORBI_3001G384700	1.768534
SORBI_3001G384800	6.735036
SORBI_3001G384900	2.714826
SORBI_3001G385000	14.86281
SORBI_3001G385066	0.530782
SORBI_3001G385132	1.407525
SORBI_3001G385200	1.036664
SORBI_3001G385300	2.267347
SORBI_3001G385400	44.990191
SORBI_3001G385500	10.271541
SORBI_3001G385800	31.713433
SORBI_3001G385900	111.757129
SORBI_3001G386000	47.844501
SORBI_3001G386100	11.659847
SORBI_3001G386200	33.005052
SORBI_3001G386300	20.988197
ENSRNA049996987	4.805399
SORBI_3001G386400	41.900194
SORBI_3001G386500	0
SORBI_3001G386600	4.409546
SORBI_3001G386700	5.406007
SORBI_3001G386800	0.557735
SORBI_3001G386900	0
SORBI_3001G387000	20.60801
SORBI_3001G387200	43.252638
SORBI_3001G387300	4.572538
SORBI_3001G387400	0
SORBI_3001G387500	5.30633
SORBI_3001G387600	306.034346
SORBI_3001G387700	0.098909
SORBI_3001G387800	72.257246
SORBI_3001G387900	2.011184
SORBI_3001G388000	1.162169
SORBI_3001G388100	0.425798
SORBI_3001G388200	32.21709
SORBI_3001G388250	25.289252
SORBI_3001G388300	1.906282
SORBI_3001G388400	17.821676
SORBI_3001G388500	0.23992
SORBI_3001G388600	255.792337
SORBI_3001G388700	0.887956
SORBI_3001G388800	9.633869
SORBI_3001G388900	3.023494
SORBI_3001G389000	20.46101
SORBI_3001G389100	33.867417
SORBI_3001G389200	99.061343
SORBI_3001G389300	9.21848
SORBI_3001G389400	29.622501
SORBI_3001G389500	32.179877
SORBI_3001G389600	0.085089
SORBI_3001G389700	4.723741
SORBI_3001G389800	24.55216
SORBI_3001G389900	5.692873
SORBI_3001G390000	2.075575
SORBI_3001G390200	265.278013
SORBI_3001G390300	591.842982
SORBI_3001G390400	0
SORBI_3001G390500	49.681654
SORBI_3001G390700	5.501353
ENSRNA049444972	0
SORBI_3001G390800	38.191807
SORBI_3001G390900	28.268175
SORBI_3001G391000	0.453079
SORBI_3001G391101	1.392007
SORBI_3001G391200	28.091021
SORBI_3001G391300	68.203937
SORBI_3001G391400	34.534593
SORBI_3001G391500	87.685296
SORBI_3001G391600	19.957701
SORBI_3001G391800	3.2036
SORBI_3001G391900	23.322921
SORBI_3001G392000	0.219033
SORBI_3001G392100	1.340943
SORBI_3001G392200	33.090383
SORBI_3001G392300	90.011087
SORBI_3001G392400	2.040335
SORBI_3001G392500	0.431341
SORBI_3001G392600	94.558496
SORBI_3001G392650	0
SORBI_3001G392700	0
SORBI_3001G392800	253.95549
SORBI_3001G392900	0
SORBI_3001G393000	0.870238
SORBI_3001G393101	0
SORBI_3001G393200	0
SORBI_3001G393300	15.878193
SORBI_3001G393401	17.025743
SORBI_3001G393500	31.9352
ENSRNA049482424	0
ENSRNA049482429	0
SORBI_3001G393600	3.189009
SORBI_3001G393700	45.672748
SORBI_3001G393800	31.594643
SORBI_3001G393900	17.44417
SORBI_3001G394000	0
SORBI_3001G394100	25.600647
SORBI_3001G394250	0
SORBI_3001G394400	19.970938
SORBI_3001G394466	0
SORBI_3001G394532	0
SORBI_3001G394600	30.640654
SORBI_3001G394700	2.184824
SORBI_3001G394800	23.48365
SORBI_3001G394900	0.101876
SORBI_3001G395000	0.340223
SORBI_3001G395100	8.618306
SORBI_3001G395150	0
SORBI_3001G395200	50.07332
SORBI_3001G395300	54.509635
SORBI_3001G395400	151.165956
SORBI_3001G395500	28.743678
SORBI_3001G395600	0.466638
SORBI_3001G395700	3.954661
SORBI_3001G395800	6.585248
SORBI_3001G395900	0
SORBI_3001G396000	76.083307
SORBI_3001G396050	0.515592
SORBI_3001G396100	82.754068
SORBI_3001G396200	4.614479
SORBI_3001G396300	167.768503
SORBI_3001G396400	34.025809
SORBI_3001G396500	0.8985
SORBI_3001G396550	0
SORBI_3001G396600	0
SORBI_3001G396700	0
SORBI_3001G396800	3.388904
SORBI_3001G396900	14.576909
SORBI_3001G397000	37.69014
SORBI_3001G397100	0
SORBI_3001G397200	1.986155
SORBI_3001G397300	7.939355
SORBI_3001G397400	49.526264
SORBI_3001G397500	9.095948
SORBI_3001G397550	0
SORBI_3001G397600	0.595235
SORBI_3001G397700	3.588233
SORBI_3001G397800	3.92429
SORBI_3001G397850	0.102328
SORBI_3001G397900	0
SORBI_3001G398000	0
ENSRNA049482417	0
SORBI_3001G398100	0
SORBI_3001G398150	0
SORBI_3001G398200	0
SORBI_3001G398300	1.58999
SORBI_3001G398400	1.486307
SORBI_3001G398450	0
SORBI_3001G398500	189.787398
SORBI_3001G398600	22.813883
SORBI_3001G398700	21.510307
SORBI_3001G398800	81.253951
SORBI_3001G398950	213.258137
SORBI_3001G399100	23.076582
SORBI_3001G399200	2.093512
SORBI_3001G399300	161.94055
SORBI_3001G399400	0.793521
SORBI_3001G399501	0
SORBI_3001G399600	0.086282
SORBI_3001G399700	9.639854
SORBI_3001G399800	1.931829
SORBI_3001G399900	152.718662
SORBI_3001G400000	9.992302
SORBI_3001G400101	0.211166
SORBI_3001G400200	0.404118
SORBI_3001G400300	33.478988
SORBI_3001G400400	0.414551
SORBI_3001G400500	32.796892
SORBI_3001G400601	0
SORBI_3001G400700	20.820357
SORBI_3001G400800	17.447937
SORBI_3001G400900	19.844656
SORBI_3001G401000	62.904064
SORBI_3001G401100	15.527146
SORBI_3001G401200	52.294563
SORBI_3001G401300	383.050505
SORBI_3001G401400	25.682442
SORBI_3001G401500	10.946824
SORBI_3001G401600	27.444261
SORBI_3001G401700	76.543439
SORBI_3001G401750	0
ENSRNA049996979	0
SORBI_3001G401800	1.455268
SORBI_3001G401900	44.795468
SORBI_3001G401975	0.586104
SORBI_3001G402050	1219.519649
SORBI_3001G402125	0
SORBI_3001G402200	24.347996
SORBI_3001G402300	79.538177
SORBI_3001G402400	0.552586
SORBI_3001G402500	58.813987
SORBI_3001G402600	20.228276
ENSRNA049444730	0
SORBI_3001G402701	16.256994
SORBI_3001G402800	7.707709
SORBI_3001G402900	0
SORBI_3001G403000	0
SORBI_3001G403100	0
SORBI_3001G403200	0.08024
SORBI_3001G403300	87.698866
SORBI_3001G403350	0
SORBI_3001G403400	42.164373
SORBI_3001G403500	709.548326
SORBI_3001G403600	154.266958
ENSRNA049444968	0
SORBI_3001G403700	22.65245
SORBI_3001G403800	4.030996
SORBI_3001G403900	0
SORBI_3001G404000	0.175212
SORBI_3001G404100	147.249556
SORBI_3001G404200	16.416374
SORBI_3001G404300	0.798009
SORBI_3001G404400	0.218954
SORBI_3001G404500	68.557077
SORBI_3001G404600	51.588619
SORBI_3001G404700	37.714248
SORBI_3001G404800	72.915625
SORBI_3001G404900	9.424654
SORBI_3001G404950	0.21407
SORBI_3001G405000	9.227928
ENSRNA049482432	0
SORBI_3001G405100	0.850904
SORBI_3001G405150	0
SORBI_3001G405200	0
SORBI_3001G405300	65.164916
SORBI_3001G405400	132.060518
SORBI_3001G405450	0
SORBI_3001G405500	149.495777
SORBI_3001G405600	26.265688
SORBI_3001G405700	10.621209
SORBI_3001G405800	9.611124
SORBI_3001G405900	335.282877
SORBI_3001G406000	14.71119
SORBI_3001G406100	29.360341
SORBI_3001G406200	0
SORBI_3001G406300	796.139297
SORBI_3001G406400	0
SORBI_3001G406500	0
SORBI_3001G406600	0
SORBI_3001G406700	0.220348
SORBI_3001G406800	19.586324
SORBI_3001G406901	0
SORBI_3001G407000	0
SORBI_3001G407100	0.484753
SORBI_3001G407200	32.000386
SORBI_3001G407300	0
SORBI_3001G407600	2271.170365
ENSRNA049482471	0
SORBI_3001G407700	31.598096
SORBI_3001G407800	5.937014
SORBI_3001G407900	0.748237
SORBI_3001G408001	0.150455
SORBI_3001G408100	7.159655
SORBI_3001G408200	150.915269
SORBI_3001G408300	10.027579
SORBI_3001G408400	62.015676
SORBI_3001G408500	35.897132
SORBI_3001G408600	14.949527
SORBI_3001G408700	54.166464
SORBI_3001G408800	26.41711
SORBI_3001G408900	171.971049
SORBI_3001G409000	0
SORBI_3001G409100	85.909858
SORBI_3001G409200	8.844881
SORBI_3001G409300	82.835575
SORBI_3001G409400	8.727424
SORBI_3001G409500	10.099143
SORBI_3001G409600	11.167272
SORBI_3001G409700	0.826365
SORBI_3001G409800	1.232385
SORBI_3001G409850	0
SORBI_3001G409900	279.383704
SORBI_3001G410000	51.754227
SORBI_3001G410100	912.949709
SORBI_3001G410200	232.786555
SORBI_3001G410300	0.145294
SORBI_3001G410400	0.162587
SORBI_3001G410450	22.641436
SORBI_3001G410500	4.246632
SORBI_3001G410600	10.230069
SORBI_3001G410700	3.999299
SORBI_3001G410800	4.442375
SORBI_3001G410900	0
SORBI_3001G411100	21.819623
SORBI_3001G411200	3.36091
SORBI_3001G411300	3.220217
SORBI_3001G411400	245.859672
SORBI_3001G411500	10.071213
SORBI_3001G411600	0
SORBI_3001G411800	59.039799
SORBI_3001G411900	31.14814
SORBI_3001G412001	6.083605
SORBI_3001G412100	88.59931
SORBI_3001G412200	1.52065
SORBI_3001G412300	1.698797
SORBI_3001G412350	1.4358
SORBI_3001G412400	2.413041
SORBI_3001G412500	57.928163
SORBI_3001G412600	0
SORBI_3001G412700	1.334524
SORBI_3001G412800	965.010234
SORBI_3001G412900	0
SORBI_3001G413000	8.002484
SORBI_3001G413100	43.540361
SORBI_3001G413200	40.565434
SORBI_3001G413300	0
SORBI_3001G413400	0
SORBI_3001G413500	20.453821
SORBI_3001G413600	6.805162
SORBI_3001G413700	0.196962
SORBI_3001G413800	13.972985
ENSRNA049482419	0
SORBI_3001G413850	0
SORBI_3001G413900	67.87066
SORBI_3001G414000	12.306937
SORBI_3001G414100	14.676841
SORBI_3001G414200	0.13826
SORBI_3001G414300	0
SORBI_3001G414400	1.227166
SORBI_3001G414500	109.695589
ENSRNA049444940	0
SORBI_3001G414650	13.550589
SORBI_3001G414800	0.160952
SORBI_3001G414900	2.773515
SORBI_3001G415000	49.598991
SORBI_3001G415100	0
SORBI_3001G415200	4.608787
SORBI_3001G415300	86.891406
SORBI_3001G415400	47.919868
SORBI_3001G415500	45.975986
SORBI_3001G415600	1.416752
SORBI_3001G415700	3.613934
SORBI_3001G415750	0
SORBI_3001G415800	0
SORBI_3001G415901	0.328198
SORBI_3001G416000	0.14485
SORBI_3001G416100	0
SORBI_3001G416200	0.039377
SORBI_3001G416300	14.306691
SORBI_3001G416500	0.117656
SORBI_3001G416600	498.599024
SORBI_3001G416700	40.858883
SORBI_3001G416800	2.595968
SORBI_3001G416900	2.922059
SORBI_3001G417000	33.831851
SORBI_3001G417100	0
SORBI_3001G417200	73.67356
SORBI_3001G417301	13.004953
SORBI_3001G417400	10.037503
SORBI_3001G417500	10.72955
SORBI_3001G417600	1.062552
SORBI_3001G417700	0.088822
SORBI_3001G417800	226.228092
SORBI_3001G417900	201.140306
SORBI_3001G418000	32.721546
SORBI_3001G418100	229.249112
SORBI_3001G418200	1.134925
SORBI_3001G418300	0
SORBI_3001G418400	0.088295
SORBI_3001G418500	0
SORBI_3001G418600	109.440645
SORBI_3001G418650	4.499009
SORBI_3001G418700	72.861362
SORBI_3001G418800	20.861321
SORBI_3001G418900	121.776093
SORBI_3001G419000	0
SORBI_3001G419100	0
SORBI_3001G419200	0
SORBI_3001G419300	0
SORBI_3001G419400	0
SORBI_3001G419500	0
SORBI_3001G419600	0
SORBI_3001G419700	1.85091
SORBI_3001G419801	0
SORBI_3001G419900	0.564118
SORBI_3001G420000	56.363857
SORBI_3001G420100	1148.773721
SORBI_3001G420150	0
SORBI_3001G420200	124.649891
SORBI_3001G420300	0.618729
SORBI_3001G420350	0.121881
SORBI_3001G420400	20.91168
SORBI_3001G420500	19.871791
SORBI_3001G420600	0
SORBI_3001G420700	261.70911
SORBI_3001G420800	58.368739
SORBI_3001G420900	8.000984
SORBI_3001G421000	0.236265
SORBI_3001G421100	0
SORBI_3001G421200	0
SORBI_3001G421250	0
SORBI_3001G421300	160.416226
SORBI_3001G421400	29.837371
SORBI_3001G421450	0
SORBI_3001G421500	180.659697
SORBI_3001G421600	0
SORBI_3001G421700	609.147776
SORBI_3001G421800	0
SORBI_3001G421900	50.597144
SORBI_3001G422001	0
SORBI_3001G422100	107.290019
SORBI_3001G422200	0
SORBI_3001G422300	1.636968
SORBI_3001G422366	49.903442
SORBI_3001G422432	0
SORBI_3001G422500	67.285003
SORBI_3001G422600	31.872341
SORBI_3001G422700	6.879844
SORBI_3001G422800	0.266682
SORBI_3001G422850	2.921078
SORBI_3001G422900	25.959956
SORBI_3001G423000	0.675263
SORBI_3001G423100	31.400524
SORBI_3001G423200	1.643344
SORBI_3001G423300	49.078366
SORBI_3001G423400	56.08186
SORBI_3001G423500	6.805162
SORBI_3001G423600	78.260705
SORBI_3001G423633	2.001202
SORBI_3001G423666	0
SORBI_3001G423700	74.738183
SORBI_3001G423800	4.177064
SORBI_3001G423900	0.146048
SORBI_3001G424000	8.605019
SORBI_3001G424066	0
SORBI_3001G424132	0.238892
SORBI_3001G424200	1.469898
SORBI_3001G424300	33.834589
SORBI_3001G424400	3.603831
SORBI_3001G424500	70.534472
SORBI_3001G424600	26.901896
SORBI_3001G424650	0
SORBI_3001G424700	47.366958
SORBI_3001G424800	51.800753
SORBI_3001G424900	252.573092
SORBI_3001G425000	174.070692
SORBI_3001G425100	8.327736
SORBI_3001G425150	20.713812
SORBI_3001G425200	34.826188
SORBI_3001G425300	51.383246
SORBI_3001G425400	21.577719
SORBI_3001G425500	2.576913
SORBI_3001G425600	1.255183
SORBI_3001G425700	58.75402
SORBI_3001G425750	0
SORBI_3001G425800	116.185894
SORBI_3001G425900	0
SORBI_3001G426000	214.471761
SORBI_3001G426100	45.226953
SORBI_3001G426200	166.875825
SORBI_3001G426300	16.154242
SORBI_3001G426400	52.29229
SORBI_3001G426500	1.20318
SORBI_3001G426600	56.495983
SORBI_3001G426701	0
SORBI_3001G426800	54.340023
SORBI_3001G426900	11.626896
SORBI_3001G427000	3.897231
SORBI_3001G427100	45.820748
SORBI_3001G427200	16.547013
SORBI_3001G427300	34.396758
SORBI_3001G427400	0.886286
SORBI_3001G427500	9.191021
SORBI_3001G427600	1.709866
SORBI_3001G427700	106.260519
SORBI_3001G427800	62.536205
SORBI_3001G427900	27.514859
SORBI_3001G428000	21.083568
SORBI_3001G428100	62.236729
SORBI_3001G428200	68.356655
SORBI_3001G428300	0
SORBI_3001G428400	32.763891
SORBI_3001G428500	58.288551
SORBI_3001G428600	0
SORBI_3001G428700	0.234819
SORBI_3001G428800	34.640799
SORBI_3001G428900	2.044963
SORBI_3001G429000	5.971785
SORBI_3001G429100	77.689212
SORBI_3001G429200	9.658894
SORBI_3001G429300	62.655301
SORBI_3001G429400	7.659223
SORBI_3001G429500	90.545184
SORBI_3001G429600	64.96674
SORBI_3001G429700	4.257342
SORBI_3001G429800	192.327117
SORBI_3001G429900	9.808567
SORBI_3001G429950	0
SORBI_3001G430000	0
SORBI_3001G430100	0
SORBI_3001G430200	0
SORBI_3001G430300	0
SORBI_3001G430400	6.388697
SORBI_3001G430500	0
SORBI_3001G430600	1.685177
SORBI_3001G430700	132.947901
SORBI_3001G430800	126.97415
SORBI_3001G430900	1.123214
SORBI_3001G431000	32.485516
SORBI_3001G431100	0.755409
SORBI_3001G431200	0
SORBI_3001G431400	35.364347
SORBI_3001G431500	45.146933
SORBI_3001G431600	0.391104
SORBI_3001G431700	37.916616
SORBI_3001G431800	3.158938
SORBI_3001G431900	0
SORBI_3001G432000	62.697449
SORBI_3001G432100	21.530482
SORBI_3001G432200	0.041213
SORBI_3001G432300	28.344461
SORBI_3001G432400	0.44292
SORBI_3001G432500	2.104428
SORBI_3001G432550	0.207967
SORBI_3001G432600	1.298502
SORBI_3001G432700	1.673752
SORBI_3001G432750	0.093716
SORBI_3001G432800	14.646342
SORBI_3001G432900	0.251592
SORBI_3001G433000	22.98201
SORBI_3001G433100	10.781824
SORBI_3001G433200	1.223702
SORBI_3001G433300	6.644927
SORBI_3001G433400	178.307673
SORBI_3001G433500	0
SORBI_3001G433600	7.845915
SORBI_3001G433700	89.295298
SORBI_3001G433800	121.981814
SORBI_3001G433900	67.310319
SORBI_3001G434000	0.99694
SORBI_3001G434100	0
SORBI_3001G434200	18.360947
SORBI_3001G434300	3.465595
SORBI_3001G434400	37.688876
ENSRNA049480047	0
SORBI_3001G434450	0
SORBI_3001G434500	14.645471
SORBI_3001G434600	4.162537
SORBI_3001G434650	0
SORBI_3001G434700	13.250674
SORBI_3001G434800	3.126246
SORBI_3001G434900	99.538465
SORBI_3001G435000	4.34865
SORBI_3001G435100	14.483372
SORBI_3001G435201	5.23772
SORBI_3001G435300	0
SORBI_3001G435400	221.354436
SORBI_3001G435500	0.235132
SORBI_3001G435600	0
SORBI_3001G435650	0.790675
SORBI_3001G435700	2.69911
SORBI_3001G435800	461.298227
SORBI_3001G435900	108.712817
SORBI_3001G436000	808.194133
SORBI_3001G436100	67.08702
SORBI_3001G436200	817.090964
SORBI_3001G436300	40.88194
SORBI_3001G436400	12.820089
SORBI_3001G436450	0
SORBI_3001G436500	0.687255
SORBI_3001G436600	0.880202
SORBI_3001G436800	0.153161
SORBI_3001G436850	0
SORBI_3001G436900	50.744497
SORBI_3001G437000	65.05446
SORBI_3001G437050	0
SORBI_3001G437100	8.854363
SORBI_3001G437200	33.453183
SORBI_3001G437300	0
SORBI_3001G437400	67.487268
SORBI_3001G437500	125.718835
SORBI_3001G437600	0
SORBI_3001G437801	13.960209
SORBI_3001G438000	14.528992
SORBI_3001G438100	44.308296
SORBI_3001G438200	0
SORBI_3001G438300	0
SORBI_3001G438400	0
SORBI_3001G438500	0
SORBI_3001G438600	26.343082
SORBI_3001G438700	0.17999
SORBI_3001G438800	10.340028
SORBI_3001G438900	3.203464
SORBI_3001G439000	0
SORBI_3001G439050	1.109238
SORBI_3001G439100	23.10315
SORBI_3001G439200	1.443257
SORBI_3001G439300	13.565555
SORBI_3001G439400	1.021925
SORBI_3001G439500	40.668646
SORBI_3001G439600	102.744096
SORBI_3001G439700	40.240112
SORBI_3001G439800	2.289931
SORBI_3001G439850	0
SORBI_3001G439900	14.636569
SORBI_3001G440000	1.700394
SORBI_3001G440100	6.294204
SORBI_3001G440200	825.708255
SORBI_3001G440300	3.574958
SORBI_3001G440401	0.673083
SORBI_3001G440500	26.636278
SORBI_3001G440600	507.223256
SORBI_3001G440700	185.713835
SORBI_3001G440800	10.826818
SORBI_3001G440900	48.898504
SORBI_3001G441000	43.672025
SORBI_3001G441100	87.966548
SORBI_3001G441200	87.638853
SORBI_3001G441300	4.688017
SORBI_3001G441400	18.743787
SORBI_3001G441350	0
SORBI_3001G441500	2.399422
SORBI_3001G441600	230.610305
ENSRNA049480033	0
SORBI_3001G441700	0.136781
SORBI_3001G441800	26.337486
SORBI_3001G441900	16.54272
SORBI_3001G442000	1.626729
SORBI_3001G442100	6.215547
SORBI_3001G442200	23.888625
SORBI_3001G442300	1.446268
SORBI_3001G442400	0
SORBI_3001G442500	0.88605
SORBI_3001G442700	12.05884
SORBI_3001G442600	0
SORBI_3001G442750	0
SORBI_3001G442800	22.294625
SORBI_3001G442900	0.454853
SORBI_3001G443000	0.826355
SORBI_3001G443100	49.113497
SORBI_3001G443200	165.377885
SORBI_3001G443300	5.203825
SORBI_3001G443400	0
SORBI_3001G443500	0
SORBI_3001G443600	0
SORBI_3001G443700	0
SORBI_3001G443800	26.726459
SORBI_3001G443850	0
SORBI_3001G443900	6.639591
SORBI_3001G444000	0.329924
SORBI_3001G444100	10.44895
SORBI_3001G444200	0.27664
SORBI_3001G444300	38.586606
SORBI_3001G444400	0.41908
SORBI_3001G444500	0
SORBI_3001G444600	8.903807
SORBI_3001G444700	2.99314
SORBI_3001G444800	215.903015
ENSRNA049480045	0
SORBI_3001G444900	0
SORBI_3001G445000	23.278603
SORBI_3001G445100	75.843235
SORBI_3001G445200	9.079262
SORBI_3001G445300	0
SORBI_3001G445400	0
SORBI_3001G445500	75.36222
ENSRNA049444932	0
SORBI_3001G445600	11.292669
SORBI_3001G445700	21.300893
SORBI_3001G445800	10.224113
SORBI_3001G445850	0
SORBI_3001G445900	18.442587
SORBI_3001G446000	0.764305
SORBI_3001G446100	2.716803
SORBI_3001G446200	48.926337
SORBI_3001G446300	20.803735
SORBI_3001G446400	1.661015
SORBI_3001G446500	0.09932
SORBI_3001G446800	0.370709
SORBI_3001G446850	4.784077
SORBI_3001G446900	32.138845
SORBI_3001G447000	40.771886
SORBI_3001G447100	18.429728
SORBI_3001G447200	12.187079
SORBI_3001G447300	174.623817
SORBI_3001G447400	25.526394
SORBI_3001G447500	0.513867
SORBI_3001G447600	130.689813
SORBI_3001G447700	10.054271
SORBI_3001G447800	0.586278
SORBI_3001G447900	15.212462
SORBI_3001G448000	0
SORBI_3001G448100	15.578866
SORBI_3001G448200	42.061394
SORBI_3001G448300	0.23305
SORBI_3001G448350	0
SORBI_3001G448400	6.549581
SORBI_3001G448500	0
SORBI_3001G448600	27.765997
SORBI_3001G448700	5.474744
SORBI_3001G448750	0
SORBI_3001G448800	14.850811
SORBI_3001G448900	0
SORBI_3001G449000	6.649893
SORBI_3001G449100	0
SORBI_3001G449200	0
SORBI_3001G449300	1.67625
SORBI_3001G449400	13.461123
SORBI_3001G449500	0.507577
SORBI_3001G449600	175.361593
SORBI_3001G449700	531.390343
SORBI_3001G449800	6.777143
SORBI_3001G449900	37.89237
SORBI_3001G450000	17.860387
SORBI_3001G450050	0
SORBI_3001G450100	0
SORBI_3001G450200	3.349984
SORBI_3001G450300	6.800768
SORBI_3001G450400	2.821873
SORBI_3001G450500	3.320022
SORBI_3001G450600	53.195311
SORBI_3001G450700	75.411082
SORBI_3001G450800	112.9488
SORBI_3001G450900	0.347378
SORBI_3001G451000	135.863282
SORBI_3001G451100	6.935472
SORBI_3001G451150	0
SORBI_3001G451200	3.115612
SORBI_3001G451300	25.018292
SORBI_3001G451400	84.327466
SORBI_3001G451450	8.232522
SORBI_3001G451500	18.771366
SORBI_3001G451600	0.160387
SORBI_3001G451700	3.027518
SORBI_3001G451800	7.370396
SORBI_3001G451901	8.003772
SORBI_3001G452000	17.546383
SORBI_3001G452100	81.428799
SORBI_3001G452200	2.887365
ENSRNA049480057	0
SORBI_3001G452300	0
SORBI_3001G452400	0
SORBI_3001G452500	0
SORBI_3001G452600	190.461593
SORBI_3001G452700	4.841503
SORBI_3001G452800	0
SORBI_3001G452900	0.087084
SORBI_3001G453000	24.756487
SORBI_3001G453100	3.537253
SORBI_3001G453150	0
SORBI_3001G453200	0.194352
SORBI_3001G453250	0.109334
SORBI_3001G453300	12.196339
SORBI_3001G453400	54.978999
SORBI_3001G453500	7.661205
SORBI_3001G453600	3.440695
SORBI_3001G453700	179.153806
SORBI_3001G453800	63.733821
SORBI_3001G453900	0
SORBI_3001G454000	55.975655
SORBI_3001G454100	8.168891
SORBI_3001G454200	1.074661
SORBI_3001G454301	18.441689
SORBI_3001G454401	5.906179
SORBI_3001G454500	9.337023
SORBI_3001G454600	0.178218
SORBI_3001G454700	0.086464
SORBI_3001G454800	0
SORBI_3001G454850	0
SORBI_3001G454900	3.775591
SORBI_3001G455000	32.505917
SORBI_3001G455100	0.180522
SORBI_3001G455200	0
SORBI_3001G455250	1.757864
SORBI_3001G455300	0
SORBI_3001G455433	1.55122
SORBI_3001G455400	0
SORBI_3001G455466	0
SORBI_3001G455500	3.193216
SORBI_3001G455600	40.39516
SORBI_3001G455700	10.709064
SORBI_3001G455800	106.172588
SORBI_3001G455900	0
SORBI_3001G456000	0
SORBI_3001G456100	76.9419
SORBI_3001G456200	7.298889
SORBI_3001G456300	21.222103
SORBI_3001G456400	32.439781
SORBI_3001G456500	0.18185
SORBI_3001G456650	0
SORBI_3001G456800	6.44177
SORBI_3001G456900	32.976927
SORBI_3001G457000	483.091847
SORBI_3001G457100	0.16721
SORBI_3001G457200	9.693517
SORBI_3001G457300	15.127405
SORBI_3001G457400	0.341478
SORBI_3001G457433	0
SORBI_3001G457500	1.382023
SORBI_3001G457466	0
SORBI_3001G457600	0.512658
SORBI_3001G457700	10.699982
SORBI_3001G457800	44.894271
SORBI_3001G457900	54.571641
SORBI_3001G457933	0.542595
SORBI_3001G457966	0
SORBI_3001G458000	2.423081
SORBI_3001G458100	6.238096
SORBI_3001G458200	160.437033
SORBI_3001G458300	0
SORBI_3001G458400	1.175674
SORBI_3001G458500	0
SORBI_3001G458600	0.179228
SORBI_3001G458700	128.943427
SORBI_3001G458800	171.139049
SORBI_3001G458900	0
SORBI_3001G459000	0
SORBI_3001G459100	27.751376
SORBI_3001G459200	78.744669
SORBI_3001G459300	0
SORBI_3001G459400	0.977463
SORBI_3001G459500	22.590555
SORBI_3001G459600	11.932169
SORBI_3001G459700	0
SORBI_3001G459800	749.056168
SORBI_3001G459900	61.544616
SORBI_3001G460100	9.052125
SORBI_3001G460000	6.093999
SORBI_3001G460150	0
SORBI_3001G460200	1.353937
SORBI_3001G460300	10.640033
SORBI_3001G460400	27.675147
SORBI_3001G460500	193.29404
SORBI_3001G460600	8.378386
SORBI_3001G460700	0.918374
SORBI_3001G460800	39.051283
SORBI_3001G460900	20.938298
SORBI_3001G461000	547.218637
SORBI_3001G461101	0
SORBI_3001G461200	8.733995
SORBI_3001G461300	6.378714
SORBI_3001G461400	66.451703
SORBI_3001G461500	0.16473
SORBI_3001G461600	0
SORBI_3001G461700	20.011084
SORBI_3001G461800	1.566647
SORBI_3001G461900	26.228942
SORBI_3001G462100	4.595953
SORBI_3001G462200	25.495084
SORBI_3001G462300	0.123653
SORBI_3001G462401	0.502436
SORBI_3001G462500	96.924439
SORBI_3001G462600	35.520818
SORBI_3001G462700	3.801887
SORBI_3001G462800	179.863962
SORBI_3001G462900	12.980919
SORBI_3001G463000	125.928814
SORBI_3001G463100	87.060143
SORBI_3001G463200	1.201089
SORBI_3001G463301	0.114891
SORBI_3001G463400	13.283148
SORBI_3001G463450	0
SORBI_3001G463500	6.38309
SORBI_3001G463600	0
SORBI_3001G463800	5.351004
SORBI_3001G463650	0
SORBI_3001G463700	0
SORBI_3001G463900	0.165563
SORBI_3001G464000	0.114469
SORBI_3001G464100	14.889402
SORBI_3001G464200	13.629617
SORBI_3001G464300	0
SORBI_3001G464400	4.775023
SORBI_3001G464500	38.932342
SORBI_3001G464600	1.494307
SORBI_3001G464700	0
SORBI_3001G464800	3.846386
SORBI_3001G464900	257.956267
SORBI_3001G465000	0
SORBI_3001G465100	2.756438
SORBI_3001G465200	11.508057
SORBI_3001G465300	52.093839
SORBI_3001G465400	333.454753
SORBI_3001G465450	0
SORBI_3001G465500	13.905626
SORBI_3001G465600	0.419468
SORBI_3001G465700	18.219372
SORBI_3001G465800	161.468496
SORBI_3001G465900	6.459314
SORBI_3001G466000	0.617195
SORBI_3001G466100	0.074681
SORBI_3001G466200	18.201057
SORBI_3001G466300	7.009804
SORBI_3001G466400	0
SORBI_3001G466450	0
SORBI_3001G466500	1.947218
SORBI_3001G466600	6.534732
SORBI_3001G466700	30.172691
SORBI_3001G466800	19.339802
SORBI_3001G466900	37.499139
SORBI_3001G467000	33.00942
SORBI_3001G467100	6.871296
SORBI_3001G467150	0.346072
SORBI_3001G467200	12.206361
SORBI_3001G467300	1364.636273
SORBI_3001G467400	0
SORBI_3001G467500	3.631352
SORBI_3001G467600	1.00955
SORBI_3001G467700	0.085134
SORBI_3001G467800	0.615284
SORBI_3001G468000	1.731463
SORBI_3001G468100	10.649468
SORBI_3001G468200	4.338356
SORBI_3001G468300	0.101997
SORBI_3001G468400	0.954421
SORBI_3001G468500	2.431865
SORBI_3001G468600	112.460008
SORBI_3001G468700	18.246615
ENSRNA049480049	0
ENSRNA049480042	0
SORBI_3001G468900	0
SORBI_3001G469100	2.161027
SORBI_3001G469150	0
SORBI_3001G469200	48.037024
SORBI_3001G469300	0.153419
SORBI_3001G469400	2.276369
SORBI_3001G469500	12.903674
ENSRNA049480035	0
SORBI_3001G469600	637.058044
SORBI_3001G469700	99.917577
SORBI_3001G469800	57.528677
SORBI_3001G469900	6.430153
SORBI_3001G469933	98.728135
SORBI_3001G469966	0
SORBI_3001G470000	20.660173
SORBI_3001G470100	0
SORBI_3001G470200	0.188782
SORBI_3001G470300	0
SORBI_3001G470400	0
SORBI_3001G470500	0.385117
SORBI_3001G470600	6.348386
SORBI_3001G470700	0
SORBI_3001G470800	6.056217
SORBI_3001G470900	71.708766
SORBI_3001G471000	39.722914
SORBI_3001G471050	0
SORBI_3001G471100	0
SORBI_3001G471150	0
SORBI_3001G471200	156.50903
SORBI_3001G471300	0
SORBI_3001G471400	0.633444
SORBI_3001G471500	36.536032
SORBI_3001G471600	6.727321
SORBI_3001G471800	0.104109
SORBI_3001G471900	16.879474
SORBI_3001G472000	1.106169
SORBI_3001G472050	0
SORBI_3001G472100	9.23274
SORBI_3001G472200	0
SORBI_3001G472301	0
SORBI_3001G472400	0
SORBI_3001G472500	7.923302
SORBI_3001G472600	113.181835
SORBI_3001G472666	2.374426
SORBI_3001G472732	0
SORBI_3001G472800	89.333808
SORBI_3001G472900	0
SORBI_3001G473000	13.491703
SORBI_3001G473100	0.088587
SORBI_3001G473200	7.715049
SORBI_3001G473300	23.96557
SORBI_3001G473400	133.799083
SORBI_3001G473500	0.921132
SORBI_3001G473600	33.782236
SORBI_3001G473700	0
SORBI_3001G473800	10.736706
SORBI_3001G473900	32.052467
SORBI_3001G474001	0
SORBI_3001G474100	0
ENSRNA049444892	0
SORBI_3001G474200	26.328106
SORBI_3001G474300	0
SORBI_3001G474400	35.704566
SORBI_3001G474500	37.666787
SORBI_3001G474600	55.734081
SORBI_3001G474700	41.872351
SORBI_3001G474900	0
SORBI_3001G475000	26.562521
SORBI_3001G475100	8.381151
SORBI_3001G475200	144.173483
SORBI_3001G475300	51.208021
SORBI_3001G475400	2.425026
ENSRNA049444884	0
SORBI_3001G475500	45.392929
ENSRNA049480017	1.209306
SORBI_3001G475600	1.821476
SORBI_3001G475701	2.268387
SORBI_3001G475800	43.29024
SORBI_3001G475900	38.442525
SORBI_3001G475950	0.448906
SORBI_3001G476000	1.195551
SORBI_3001G476100	39.735802
SORBI_3001G476201	0.126188
SORBI_3001G476300	8.721056
SORBI_3001G476400	671.275814
SORBI_3001G476500	0
SORBI_3001G476600	8.151964
SORBI_3001G476700	97.017757
SORBI_3001G476800	0.210425
SORBI_3001G476900	0
SORBI_3001G477100	2.249752
SORBI_3001G477200	14.307421
SORBI_3001G477300	135.520187
SORBI_3001G477350	0.433186
SORBI_3001G477400	0.968455
SORBI_3001G477500	0
SORBI_3001G477600	10.854741
SORBI_3001G477650	19.25207
SORBI_3001G477700	74.533308
SORBI_3001G477800	23.454642
SORBI_3001G477900	58.778638
SORBI_3001G478000	61.877345
SORBI_3001G478100	1.635894
SORBI_3001G478200	0
SORBI_3001G478300	56.307272
SORBI_3001G478400	632.88842
SORBI_3001G478500	7.744335
SORBI_3001G478600	11.465539
SORBI_3001G478700	21.236767
SORBI_3001G478800	7.090859
SORBI_3001G478900	0.635865
ENSRNA049480026	0
SORBI_3001G479000	0
SORBI_3001G479050	0
ENSRNA049480023	0
SORBI_3001G479100	5.037573
SORBI_3001G479200	29.536814
SORBI_3001G479300	7.773851
SORBI_3001G479500	12.807891
SORBI_3001G479600	0.197978
SORBI_3001G479700	0
SORBI_3001G479800	23.805563
SORBI_3001G479850	0
SORBI_3001G479900	1.137342
SORBI_3001G480000	0
SORBI_3001G480100	2.998581
SORBI_3001G480200	0
SORBI_3001G480400	3.541066
SORBI_3001G480550	7.979273
SORBI_3001G480700	0.08622
SORBI_3001G480800	424.099485
SORBI_3001G480900	0
SORBI_3001G481000	0.736877
SORBI_3001G481100	33.291663
SORBI_3001G481201	2.309838
SORBI_3001G481300	36.668161
SORBI_3001G481400	34.619748
SORBI_3001G481500	0.380172
SORBI_3001G481600	4.997225
SORBI_3001G481700	133.840101
SORBI_3001G481800	12.118659
SORBI_3001G481850	0
SORBI_3001G481900	239.249701
SORBI_3001G482000	0.083931
SORBI_3001G482100	400.80963
SORBI_3001G482200	9.193975
SORBI_3001G482300	0
SORBI_3001G482500	0.955808
SORBI_3001G482600	2101.063872
SORBI_3001G482700	286.420156
SORBI_3001G482800	15.946059
SORBI_3001G482900	59.835545
SORBI_3001G483001	0.81426
SORBI_3001G483100	147.022547
SORBI_3001G483200	109.323346
SORBI_3001G483300	11.05687
SORBI_3001G483400	37.777555
SORBI_3001G483500	0
SORBI_3001G483600	18.666274
SORBI_3001G483800	59.519022
SORBI_3001G483700	0
SORBI_3001G483900	0.604449
SORBI_3001G484000	0.417979
SORBI_3001G484100	2.301722
SORBI_3001G484200	29.334329
SORBI_3001G484300	4.735462
SORBI_3001G484400	70.534379
SORBI_3001G484500	0
SORBI_3001G484600	0
SORBI_3001G484700	14.793083
SORBI_3001G484800	11.791921
SORBI_3001G484900	0.131379
SORBI_3001G485000	0.353767
SORBI_3001G485100	16.046248
SORBI_3001G485200	0.065795
SORBI_3001G485300	9.274937
SORBI_3001G485400	0.95174
SORBI_3001G485500	0.165566
SORBI_3001G485600	236.077356
SORBI_3001G485700	3.691442
SORBI_3001G485800	116.079859
SORBI_3001G485901	0.275881
SORBI_3001G486000	174.307118
SORBI_3001G486100	9.923245
SORBI_3001G486300	56.930647
SORBI_3001G486500	28.286429
SORBI_3001G486400	0
ENSRNA049444765	0
SORBI_3001G486600	1.412426
SORBI_3001G486700	39.462564
SORBI_3001G486800	0
SORBI_3001G486900	6.176425
SORBI_3001G487000	0.508486
SORBI_3001G487100	30.729463
SORBI_3001G487200	4.537
SORBI_3001G487250	0
SORBI_3001G487300	0
SORBI_3001G487400	0.121245
SORBI_3001G487500	0
SORBI_3001G487600	0.34265
SORBI_3001G487800	0
SORBI_3001G487900	0.046662
SORBI_3001G488000	24.581466
SORBI_3001G488100	21.950034
SORBI_3001G488200	14.33193
SORBI_3001G488300	0
SORBI_3001G488400	0
SORBI_3001G488500	123.037791
SORBI_3001G488600	7.236972
SORBI_3001G488700	50.898449
SORBI_3001G488800	0
SORBI_3001G488900	1.619548
SORBI_3001G488950	0
SORBI_3001G489000	2.839032
SORBI_3001G489075	0
SORBI_3001G489150	9.58095
SORBI_3001G489225	0
SORBI_3001G489300	68.667056
SORBI_3001G489400	78.19606
SORBI_3001G489500	34.230506
SORBI_3001G489550	0.217279
SORBI_3001G489600	1705.383676
SORBI_3001G489700	14.673258
SORBI_3001G489800	2.225275
SORBI_3001G489900	14.275253
SORBI_3001G490000	0.595642
SORBI_3001G490100	0
SORBI_3001G490200	0.647617
ENSRNA049444774	0
SORBI_3001G490350	0
SORBI_3001G490500	22.933366
SORBI_3001G490600	0.894934
SORBI_3001G490800	0.755266
SORBI_3001G490700	0.212884
SORBI_3001G490900	16.947922
SORBI_3001G490950	0.31992
SORBI_3001G491000	214.213747
SORBI_3001G491100	3.872613
SORBI_3001G491200	4.163025
SORBI_3001G491300	0.143364
SORBI_3001G491400	0
SORBI_3001G491500	1.852928
SORBI_3001G491600	0
SORBI_3001G491700	5.070184
SORBI_3001G491800	15.086337
SORBI_3001G491900	20.245333
SORBI_3001G492000	1.95504
SORBI_3001G492100	0
SORBI_3001G492200	6.272744
SORBI_3001G492300	129.551133
SORBI_3001G492400	0
SORBI_3001G492600	2.401073
SORBI_3001G492700	0
SORBI_3001G492800	60.920502
SORBI_3001G492900	5.756263
SORBI_3001G493001	346.079161
SORBI_3001G493100	0
SORBI_3001G493200	37.155499
SORBI_3001G493300	0
SORBI_3001G493400	48.469244
SORBI_3001G493500	1.371268
SORBI_3001G493600	0
SORBI_3001G493700	53.691211
SORBI_3001G493800	0.60622
SORBI_3001G493900	4.045667
SORBI_3001G494000	14.229765
SORBI_3001G494100	1.152865
SORBI_3001G494150	5.132334
SORBI_3001G494200	3.946398
SORBI_3001G494300	2.770308
SORBI_3001G494350	0
ENSRNA049996972	0
SORBI_3001G494400	0
SORBI_3001G494500	14.197385
SORBI_3001G494600	0
SORBI_3001G494650	0
SORBI_3001G494700	0
SORBI_3001G494800	0
SORBI_3001G494900	0
SORBI_3001G494950	0.173759
SORBI_3001G495000	26.959847
SORBI_3001G495100	0
SORBI_3001G495116	0.179031
SORBI_3001G495132	1.015296
SORBI_3001G495148	1.14846
SORBI_3001G495164	0.619574
SORBI_3001G495180	0.592187
SORBI_3001G495200	52.195788
SORBI_3001G495300	6.898493
SORBI_3001G495400	1.094759
SORBI_3001G495500	0
SORBI_3001G495550	0.536235
SORBI_3001G495600	6.80283
SORBI_3001G495700	0
SORBI_3001G495850	0.140644
SORBI_3001G496000	0.117186
SORBI_3001G496100	0
ENSRNA049996965	0
SORBI_3001G496200	2.495853
SORBI_3001G496300	147.861142
SORBI_3001G496400	0.115509
SORBI_3001G496500	35.704803
SORBI_3001G496600	9.545284
SORBI_3001G496700	7.185397
SORBI_3001G496800	23.654643
SORBI_3001G496900	0.9536
SORBI_3001G497000	12.712429
SORBI_3001G497100	0.23483
SORBI_3001G497200	19.284325
SORBI_3001G497300	84.235653
SORBI_3001G497400	0
SORBI_3001G497500	2.450225
SORBI_3001G497600	4.075714
SORBI_3001G497700	0.150918
SORBI_3001G497750	0
SORBI_3001G497800	0
SORBI_3001G497900	15.523985
SORBI_3001G498000	60.943117
SORBI_3001G498033	0.064903
SORBI_3001G498066	1.378537
SORBI_3001G498100	0.144049
SORBI_3001G498200	817.881112
ENSRNA049444878	0
SORBI_3001G498300	1.174693
SORBI_3001G498400	130.891398
SORBI_3001G498500	72.771957
SORBI_3001G498600	61.842794
SORBI_3001G498700	1.005068
SORBI_3001G498800	1.796902
SORBI_3001G498900	0
SORBI_3001G499000	15.574615
SORBI_3001G499100	5.685878
SORBI_3001G499200	7.627919
SORBI_3001G499300	21.125838
SORBI_3001G499350	0
SORBI_3001G499400	0
SORBI_3001G499500	42.978176
SORBI_3001G499600	17.72134
SORBI_3001G499701	0
SORBI_3001G499800	0
SORBI_3001G499900	0.132825
SORBI_3001G500000	2.295577
SORBI_3001G500100	0.171663
SORBI_3001G500200	1.123649
SORBI_3001G500300	36.607891
SORBI_3001G500400	0.404094
SORBI_3001G500500	4.095422
SORBI_3001G500600	17.236586
SORBI_3001G500700	4.366051
SORBI_3001G500800	38.226273
SORBI_3001G500900	0
SORBI_3001G501000	14.402691
SORBI_3001G501100	21.623717
SORBI_3001G501200	102.469315
SORBI_3001G501300	131.045
SORBI_3001G501400	37.111852
SORBI_3001G501500	0.173029
SORBI_3001G501600	10.062307
SORBI_3001G501701	0.139391
SORBI_3001G501800	11.865355
SORBI_3001G501900	41.747095
SORBI_3001G502000	0.112345
SORBI_3001G502100	0
SORBI_3001G502200	101.737249
SORBI_3001G502300	0
SORBI_3001G502400	2.790914
SORBI_3001G502450	0
SORBI_3001G502500	0.117623
SORBI_3001G502600	4.535205
SORBI_3001G502700	32.268972
SORBI_3001G502801	0
SORBI_3001G502900	566.516938
SORBI_3001G503000	0.106542
SORBI_3001G503100	2.122797
SORBI_3001G503200	11.752479
SORBI_3001G503300	215.916119
SORBI_3001G503400	4.647827
SORBI_3001G503500	120.330626
SORBI_3001G503600	0.243346
SORBI_3001G503700	0
SORBI_3001G503801	6.408007
SORBI_3001G503900	36.775088
SORBI_3001G504000	150.55396
SORBI_3001G504100	1.118758
ENSRNA049444810	0
SORBI_3001G504200	25.528749
SORBI_3001G504300	0.305619
SORBI_3001G504400	13.322464
SORBI_3001G504500	1.085199
SORBI_3001G504600	0
SORBI_3001G504700	1.606246
SORBI_3001G504800	0
SORBI_3001G504900	21.211717
SORBI_3001G505000	10.133476
SORBI_3001G505033	0
SORBI_3001G505066	0.550889
SORBI_3001G505100	74.640159
SORBI_3001G505200	16.718831
SORBI_3001G505300	2.212473
SORBI_3001G505400	0
SORBI_3001G505500	39.68493
SORBI_3001G505600	4.90941
SORBI_3001G505700	0
SORBI_3001G505800	0
SORBI_3001G505900	0
SORBI_3001G506000	35.262664
SORBI_3001G506033	6.664422
SORBI_3001G506066	4.821291
SORBI_3001G506100	0
SORBI_3001G506200	0
SORBI_3001G506300	32.397627
SORBI_3001G506400	0.753116
SORBI_3001G506500	0
SORBI_3001G506600	0
SORBI_3001G506700	0
SORBI_3001G506750	0
SORBI_3001G506800	0
SORBI_3001G506900	0
SORBI_3001G507000	1.115152
SORBI_3001G507100	0
SORBI_3001G507200	50.795418
SORBI_3001G507300	201.525304
SORBI_3001G507400	93.343638
SORBI_3001G507500	2.337993
SORBI_3001G507550	0
SORBI_3001G507600	9.747024
SORBI_3001G507700	0
SORBI_3001G507800	0
SORBI_3001G507900	22.41676
SORBI_3001G507933	0
SORBI_3001G507966	0
SORBI_3001G508000	0
SORBI_3001G508100	80.501609
SORBI_3001G508200	37.665524
SORBI_3001G508300	0
SORBI_3001G508400	1.50074
SORBI_3001G508466	7.335002
SORBI_3001G508532	0.406962
SORBI_3001G508600	1.583034
SORBI_3001G508700	1.398535
SORBI_3001G508800	10.28635
SORBI_3001G508900	247.319869
SORBI_3001G509000	0
SORBI_3001G509100	2.054223
SORBI_3001G509200	327.814928
SORBI_3001G509300	61.103225
SORBI_3001G509400	0
SORBI_3001G509450	0
ENSRNA049480036	0
SORBI_3001G509500	54.783721
SORBI_3001G509600	3.81921
SORBI_3001G509700	1.701329
SORBI_3001G509800	2.599701
SORBI_3001G509901	0
SORBI_3001G510000	0
SORBI_3001G510100	0
SORBI_3001G510200	0
SORBI_3001G510300	7.484453
SORBI_3001G510400	13.641244
SORBI_3001G510500	0
SORBI_3001G510600	42.08
SORBI_3001G510650	0
SORBI_3001G510700	87.123932
SORBI_3001G510800	434.211583
ENSRNA049444870	0
SORBI_3001G511000	11.765467
SORBI_3001G511100	0
SORBI_3001G511200	0.513567
SORBI_3001G511300	13.517053
SORBI_3001G511400	0
SORBI_3001G511500	22.457549
SORBI_3001G511600	0
SORBI_3001G511800	0
SORBI_3001G511900	9.70186
SORBI_3001G512000	13.629537
SORBI_3001G512100	1.159767
SORBI_3001G512200	4.744817
SORBI_3001G512300	48.306006
SORBI_3001G512400	23.911673
SORBI_3001G512500	24.46361
SORBI_3001G512600	96.286143
SORBI_3001G512633	0
SORBI_3001G512666	0
SORBI_3001G512700	22.748402
SORBI_3001G512800	126.48652
SORBI_3001G512900	25.645805
SORBI_3001G513000	9.794873
SORBI_3001G513100	0
SORBI_3001G513200	2.03372
SORBI_3001G513300	31.101909
SORBI_3001G513400	0
SORBI_3001G513500	99.721536
SORBI_3001G513600	71.430756
SORBI_3001G513650	0.156234
SORBI_3001G513700	29.478006
SORBI_3001G513800	12.44721
SORBI_3001G513900	0
ENSRNA049996959	0
SORBI_3001G513950	0
SORBI_3001G514000	8.545078
SORBI_3001G514100	13.46846
SORBI_3001G514200	3.490395
SORBI_3001G514300	0
SORBI_3001G514400	0.111229
SORBI_3001G514500	18.150347
SORBI_3001G514700	1.376613
SORBI_3001G514800	16.564238
SORBI_3001G514900	0.976709
SORBI_3001G515000	7.257735
SORBI_3001G515100	42.058137
SORBI_3001G515200	0.585155
SORBI_3001G515300	0
SORBI_3001G515350	0
SORBI_3001G515400	0.137126
SORBI_3001G515500	55.955176
SORBI_3001G515600	18.807615
SORBI_3001G515700	0
SORBI_3001G515750	0
SORBI_3001G515800	4.37203
SORBI_3001G515900	0
SORBI_3001G516000	2.964264
SORBI_3001G516100	449.230057
SORBI_3001G516200	0.479515
SORBI_3001G516400	0
SORBI_3001G516500	10.772725
SORBI_3001G516600	97.087187
SORBI_3001G516800	5.728165
SORBI_3001G516901	14.929637
SORBI_3001G517000	0
SORBI_3001G517100	116.730824
SORBI_3001G517200	3.753794
SORBI_3001G517400	0
SORBI_3001G517500	146.576326
SORBI_3001G517600	338.739692
SORBI_3001G517700	154.52296
SORBI_3001G517800	42.163876
SORBI_3001G517900	10.499135
SORBI_3001G518000	1.460848
ENSRNA049480044	0
SORBI_3001G518050	0
SORBI_3001G518100	12.60295
SORBI_3001G518200	1.235629
SORBI_3001G518300	0.682565
SORBI_3001G518400	64.311485
SORBI_3001G518500	93.334715
SORBI_3001G518600	59.382365
SORBI_3001G518700	5.184905
SORBI_3001G518800	6.053043
SORBI_3001G518900	0
SORBI_3001G519000	10.546172
SORBI_3001G519100	0
SORBI_3001G519200	0.448691
SORBI_3001G519300	0
SORBI_3001G519400	0
SORBI_3001G519500	0
SORBI_3001G519600	0
SORBI_3001G519700	0.152236
ENSRNA049996950	0
SORBI_3001G519800	75.770631
SORBI_3001G519900	44.56959
SORBI_3001G520000	2.887402
SORBI_3001G520050	16.133235
SORBI_3001G520100	82.501167
SORBI_3001G520200	17.782169
SORBI_3001G520300	129.840148
SORBI_3001G520400	0
SORBI_3001G520500	16.08074
SORBI_3001G520600	0
SORBI_3001G520700	1.605763
SORBI_3001G520800	0.224783
SORBI_3001G520900	41.752016
SORBI_3001G521001	0
SORBI_3001G521100	3.145205
SORBI_3001G521200	6.537208
SORBI_3001G521300	1.295255
SORBI_3001G521400	0
SORBI_3001G521500	395.922684
SORBI_3001G521600	0.152334
SORBI_3001G521700	8.156498
SORBI_3001G521750	0.361524
SORBI_3001G521800	0
SORBI_3001G521850	1.716914
SORBI_3001G521900	8.091811
SORBI_3001G522000	93.660752
SORBI_3001G522050	0
SORBI_3001G522100	30.785727
SORBI_3001G522200	0
SORBI_3001G522300	0.403298
SORBI_3001G522400	33.687405
SORBI_3001G522500	0.38669
SORBI_3001G522600	25.432383
SORBI_3001G522700	0.100884
SORBI_3001G522800	0
SORBI_3001G522900	15.595942
SORBI_3001G523000	8.479268
SORBI_3001G523050	0
SORBI_3001G523100	17.914769
SORBI_3001G523150	0
SORBI_3001G523200	57.028959
SORBI_3001G523300	19.539586
SORBI_3001G523400	0
SORBI_3001G523500	0
SORBI_3001G523700	9.289089
SORBI_3001G523800	39.682175
SORBI_3001G523866	13.094946
SORBI_3001G523932	0
SORBI_3001G524000	163.87432
SORBI_3001G524100	22.426596
SORBI_3001G524150	0.205423
SORBI_3001G524200	51.689632
SORBI_3001G524300	18.982312
SORBI_3001G524400	170.271037
SORBI_3001G524500	10.123225
SORBI_3001G524600	0.541317
SORBI_3001G524750	0
ENSRNA049480064	0
ENSRNA049480032	0
SORBI_3001G524900	20.852448
SORBI_3001G525000	1.84255
SORBI_3001G525101	0
SORBI_3001G525200	0.765342
SORBI_3001G525300	0.222414
SORBI_3001G525400	304.89578
SORBI_3001G525500	13.901405
SORBI_3001G525600	0.446413
SORBI_3001G525900	40.668604
SORBI_3001G526000	24.553532
SORBI_3001G526050	0
SORBI_3001G526100	132.415957
SORBI_3001G526200	65.311549
SORBI_3001G526300	12.170523
SORBI_3001G526500	0
SORBI_3001G526600	153.912834
SORBI_3001G526800	47.337433
SORBI_3001G526900	9.432564
SORBI_3001G527000	18.317163
SORBI_3001G527100	11.51992
SORBI_3001G527200	0.27357
ENSRNA049480024	0
SORBI_3001G527300	29.632131
SORBI_3001G527400	0
SORBI_3001G527500	0
SORBI_3001G527550	0
SORBI_3001G527600	2.312911
SORBI_3001G527700	7.322754
SORBI_3001G527800	31.729278
SORBI_3001G527900	15.420192
SORBI_3001G528000	0
SORBI_3001G528100	0.923707
SORBI_3001G528200	1.193643
SORBI_3001G528300	0.919178
SORBI_3001G528350	8.50306
SORBI_3001G528400	11.932864
SORBI_3001G528500	10.883587
SORBI_3001G528600	5.033128
SORBI_3001G528700	0
SORBI_3001G528800	3.944092
SORBI_3001G528900	0.460857
SORBI_3001G529000	21.498945
SORBI_3001G529100	0
SORBI_3001G529200	0
SORBI_3001G529301	0
SORBI_3001G529400	8.859054
SORBI_3001G529500	0.72361
SORBI_3001G529600	100.925577
SORBI_3001G529700	2.726948
SORBI_3001G529800	0
SORBI_3001G529900	16.880543
SORBI_3001G530000	68.647664
SORBI_3001G530100	62.059592
SORBI_3001G530201	0
ENSRNA049480037	0
SORBI_3001G530300	0
SORBI_3001G530350	30.339674
SORBI_3001G530400	0
SORBI_3001G530500	276.965973
SORBI_3001G530600	41.053655
SORBI_3001G530650	0
SORBI_3001G530700	0.18923
SORBI_3001G530800	80.381954
SORBI_3001G530900	23.513916
SORBI_3001G531000	0
SORBI_3001G531100	0.489461
SORBI_3001G531200	16.472436
SORBI_3001G531300	0.213399
SORBI_3001G531400	11.146515
SORBI_3001G531500	0.749771
SORBI_3001G531600	0
SORBI_3001G531700	5.23726
SORBI_3001G531800	2.422575
SORBI_3001G531900	26.780403
SORBI_3001G532000	3.021322
SORBI_3001G532100	90.976663
SORBI_3001G532200	1371.781269
SORBI_3001G532300	96.065203
SORBI_3001G532400	56.481428
SORBI_3001G532501	0
SORBI_3001G532600	16.991654
SORBI_3001G532700	11.882316
SORBI_3001G532800	6.72689
SORBI_3001G532900	4.707957
SORBI_3001G533000	17.08617
SORBI_3001G533100	19.962372
SORBI_3001G533200	0
SORBI_3001G533300	25.092214
SORBI_3001G533400	138.769125
SORBI_3001G533500	80.080246
SORBI_3001G533600	0.387832
SORBI_3001G533700	90.408389
SORBI_3001G533800	23.053197
SORBI_3001G533900	10.389711
SORBI_3001G534000	0.273856
SORBI_3001G534066	2.896357
SORBI_3001G534132	0
SORBI_3001G534200	0
ENSRNA049996939	0
SORBI_3001G534300	0.869059
SORBI_3001G534400	0.248713
SORBI_3001G534466	0.069724
SORBI_3001G534532	0
SORBI_3001G534600	31.105162
SORBI_3001G534700	76.434375
SORBI_3001G534800	91.880468
SORBI_3001G534900	0.772892
SORBI_3001G535000	4.695407
SORBI_3001G535100	8.203853
SORBI_3001G535200	2.065583
SORBI_3001G535300	0
SORBI_3001G535600	0
SORBI_3001G535400	31.367467
SORBI_3001G535500	18.43117
SORBI_3001G535601	0
SORBI_3001G535700	6.540202
SORBI_3001G535800	38.062549
SORBI_3001G535850	0.766126
SORBI_3001G535900	0
SORBI_3001G536000	63.995136
SORBI_3001G536100	88.840519
SORBI_3001G536200	1.830124
SORBI_3001G536300	0.072055
SORBI_3001G536400	57.268827
ENSRNA049480030	0
SORBI_3001G536500	57.537057
SORBI_3001G536600	0.127354
SORBI_3001G536700	11.415855
SORBI_3001G536800	1.234738
SORBI_3001G536901	0.51709
SORBI_3001G537001	7.798262
SORBI_3001G537100	22.958583
SORBI_3001G537200	89.664136
SORBI_3001G537300	48.727907
SORBI_3001G537400	2.020361
SORBI_3001G537500	37.85357
SORBI_3001G537600	0.099903
SORBI_3001G537700	7.557717
SORBI_3001G537800	67.428656
SORBI_3001G537900	1.688542
SORBI_3001G538000	0
SORBI_3001G538100	7.62946
SORBI_3001G538200	0
SORBI_3001G538275	0
SORBI_3001G538350	0
SORBI_3001G538425	0
SORBI_3001G538500	13.822415
SORBI_3001G538600	37.027254
SORBI_3001G538700	16.746175
SORBI_3001G538800	44.229206
SORBI_3001G538866	157.600448
SORBI_3001G538932	0
SORBI_3001G539016	47.345732
SORBI_3001G539100	0
SORBI_3001G539200	0.361016
SORBI_3001G539300	1.689989
SORBI_3001G539400	1.88807
SORBI_3001G539500	7.645842
SORBI_3001G539600	0
SORBI_3001G539700	0
SORBI_3001G539760	0
SORBI_3001G539820	0
SORBI_3001G539880	0
SORBI_3001G539940	0
SORBI_3001G540000	0
SORBI_3001G540100	23.267374
SORBI_3001G540200	0.238836
SORBI_3001G540250	0.426988
SORBI_3001G540300	1.274566
SORBI_3001G540400	31.15916
SORBI_3001G540600	7.876978
SORBI_3001G540700	0.642024
SORBI_3001G540800	4.062316
SORBI_3001G540900	10.773505
SORBI_3001G541000	3.404581
SORBI_3001G541100	214.68353
SORBI_3001G541166	0.227239
SORBI_3001G541232	0.220234
SORBI_3001G541300	0.75393
SORBI_3001G541400	149.713558
SORBI_3001G541500	18.864571
ENSRNA049471702	0
ENSRNA049471705	91.302587
ENSRNA049471714	0
SORBI_3001G541601	0
ENSRNA049444859	0
SORBI_3001G541700	1.016246
SORBI_3001G541800	25.296804
SORBI_3001G541900	0
SORBI_3001G542000	0
SORBI_3001G542100	0
SORBI_3001G542150	3.522368
SORBI_3001G542200	0
SORBI_3001G542300	149.818674
SORBI_3001G542400	40.907988
SORBI_3001G542450	130.715918
SORBI_3001G542500	93.335505
SORBI_3001G542600	7.561704
SORBI_3001G542700	45.908685
SORBI_3001G542800	31.676212
SORBI_3001G542900	27.475554
SORBI_3001G543000	8.088116
SORBI_3001G543100	1.079722
SORBI_3001G543200	6.359804
SORBI_3001G543300	75.954644
SORBI_3001G543400	7.593048
SORBI_3001G543500	1.320079
SORBI_3001G543600	0
SORBI_3001G543700	41.613143
SORBI_3001G543800	22.128933
SORBI_3001G543900	37.952387
SORBI_3001G544000	0
SORBI_3001G544100	23.848036
SORBI_3001G544200	35.978963
SORBI_3001G544300	22.779573
ENSRNA049996930	0
SORBI_3001G544400	0
SORBI_3001G544500	18.328519
SORBI_3001G544600	1.690024
SORBI_3010G000100	19.200135
SORBI_3010G000200	1.237889
SORBI_3010G000300	93.069851
SORBI_3010G000401	0.493804
SORBI_3010G000500	45.299286
SORBI_3010G000600	142.879226
SORBI_3010G000700	7.758653
SORBI_3010G000800	25.813004
SORBI_3010G000900	17.965602
SORBI_3010G001000	0.834159
SORBI_3010G001100	28.490897
SORBI_3010G001200	0
SORBI_3010G001300	0.838988
SORBI_3010G001400	0
SORBI_3010G001500	23.776464
SORBI_3010G001600	62.870844
SORBI_3010G001700	0.528549
SORBI_3010G001800	29.046669
SORBI_3010G001900	12.004926
SORBI_3010G002000	6.200372
SORBI_3010G002100	28.803916
SORBI_3010G002201	0
SORBI_3010G002301	0
SORBI_3010G002400	22.756806
SORBI_3010G002500	48.660611
SORBI_3010G002600	30.536145
SORBI_3010G002700	13.801618
SORBI_3010G002800	3.454336
SORBI_3010G002850	0
SORBI_3010G002900	0
SORBI_3010G003000	0
SORBI_3010G003100	0.495855
SORBI_3010G003200	0.637729
SORBI_3010G003300	23.19606
SORBI_3010G003400	31.434165
SORBI_3010G003600	0
SORBI_3010G003700	0.344149
ENSRNA049480402	0
ENSRNA049480389	0
SORBI_3010G003800	0
SORBI_3010G003900	8.128075
SORBI_3010G004001	4.066328
SORBI_3010G004100	47.525722
SORBI_3010G004200	7.23463
SORBI_3010G004300	52.408742
SORBI_3010G004400	8.128833
SORBI_3010G004500	0
SORBI_3010G004600	18.244399
SORBI_3010G004701	24.60289
SORBI_3010G004800	1.456943
SORBI_3010G004900	7.829924
SORBI_3010G005000	7.294389
SORBI_3010G005100	0.4374
SORBI_3010G005200	4.41733
SORBI_3010G005300	593.252634
SORBI_3010G005401	3.736542
SORBI_3010G005500	152.817428
SORBI_3010G005600	65.558356
SORBI_3010G005700	28.329332
SORBI_3010G005900	0
SORBI_3010G006000	0
SORBI_3010G006100	0
SORBI_3010G006200	0
SORBI_3010G006300	1.073224
SORBI_3010G006350	4.179369
SORBI_3010G006400	3.107368
SORBI_3010G006700	15.737816
SORBI_3010G006800	3.518542
SORBI_3010G006900	0
SORBI_3010G007000	0
SORBI_3010G007100	23.008064
SORBI_3010G007200	17.163978
SORBI_3010G007300	48.634292
SORBI_3010G007400	71.440652
SORBI_3010G007500	9.229656
SORBI_3010G007600	0.360958
SORBI_3010G007700	12.11734
SORBI_3010G007800	0
SORBI_3010G007900	0.523764
SORBI_3010G008000	0
ENSRNA049443288	0
SORBI_3010G008100	85.419701
SORBI_3010G008200	0
SORBI_3010G008300	0
SORBI_3010G008400	20.519879
SORBI_3010G008433	0
SORBI_3010G008466	0
SORBI_3010G008500	0
SORBI_3010G008600	201.090667
SORBI_3010G008700	22.076165
SORBI_3010G008800	68.629272
SORBI_3010G008900	0.143934
SORBI_3010G009100	0
SORBI_3010G009200	10.463518
SORBI_3010G009300	374.537469
SORBI_3010G009250	0
SORBI_3010G009400	85.081208
SORBI_3010G009466	4.88533
SORBI_3010G009532	0
SORBI_3010G009600	3.819706
SORBI_3010G009700	0.322874
SORBI_3010G009800	5.470076
SORBI_3010G009900	0
SORBI_3010G010000	0
SORBI_3010G010100	0.030461
SORBI_3010G010201	0
SORBI_3010G010300	0
SORBI_3010G010400	0
SORBI_3010G010500	0
SORBI_3010G010600	0
SORBI_3010G010700	42.097471
SORBI_3010G010900	3.095021
SORBI_3010G011001	0
SORBI_3010G011100	0
SORBI_3010G011000	0.267584
SORBI_3010G011200	157.179975
ENSRNA049443269	0
SORBI_3010G011300	0
SORBI_3010G011500	0
SORBI_3010G011700	2.893877
SORBI_3010G011800	0
SORBI_3010G011900	1.795773
SORBI_3010G012001	1.091938
SORBI_3010G012100	12.217907
SORBI_3010G012200	3.563088
SORBI_3010G012300	35.040573
SORBI_3010G012400	0
SORBI_3010G012500	47.865388
SORBI_3010G012600	12.887861
SORBI_3010G012700	0
SORBI_3010G012800	215.245379
SORBI_3010G012900	16.741281
SORBI_3010G013000	2.989278
SORBI_3010G013100	1.510978
SORBI_3010G013200	266.631221
SORBI_3010G013300	24.141692
SORBI_3010G013400	3.284106
SORBI_3010G013500	3.755791
SORBI_3010G013600	0
SORBI_3010G013700	0.895273
SORBI_3010G013800	36.769997
SORBI_3010G013900	51.504987
SORBI_3010G014100	81.951527
SORBI_3010G014200	0
SORBI_3010G014300	0
SORBI_3010G014400	0
SORBI_3010G014500	0
SORBI_3010G014600	0
SORBI_3010G014700	0
SORBI_3010G014800	0
SORBI_3010G014850	0
SORBI_3010G014900	0
SORBI_3010G015000	9.036432
SORBI_3010G015100	0
SORBI_3010G015200	194.667488
SORBI_3010G015300	0.118237
SORBI_3010G015400	4.160754
SORBI_3010G015500	30.643704
SORBI_3010G015700	3.722827
SORBI_3010G015800	7.691589
SORBI_3010G015900	66.181252
SORBI_3010G016000	2.25125
SORBI_3010G016100	0
SORBI_3010G016200	0
SORBI_3010G016250	0
SORBI_3010G016300	40.097789
SORBI_3010G016400	59.203792
SORBI_3010G016500	191.492982
SORBI_3010G016600	39.454815
SORBI_3010G016800	0.331846
SORBI_3010G016850	0.698097
SORBI_3010G016900	14.433463
SORBI_3010G017000	67.224604
SORBI_3010G017100	7.582562
SORBI_3010G017200	0
SORBI_3010G017300	5.958238
SORBI_3010G017400	1.180332
SORBI_3010G017501	0
SORBI_3010G017600	0
SORBI_3010G017700	0
SORBI_3010G017800	110.806867
SORBI_3010G017900	26.207179
SORBI_3010G018000	20.064151
SORBI_3010G018100	18.393389
SORBI_3010G018200	0
SORBI_3010G018300	0.251243
SORBI_3010G018400	251.062748
SORBI_3010G018500	1.184776
SORBI_3010G018600	23.429932
SORBI_3010G018700	10.795325
SORBI_3010G018800	22.248671
SORBI_3010G018900	11.230304
SORBI_3010G019000	616.064689
SORBI_3010G019100	6.080334
SORBI_3010G019200	0
ENSRNA049996919	0
SORBI_3010G019300	27.725714
SORBI_3010G019400	10.640182
SORBI_3010G019500	3.070311
SORBI_3010G019600	0.983936
SORBI_3010G019700	0.084364
SORBI_3010G019800	7.084435
SORBI_3010G019900	60.078731
SORBI_3010G020000	0
SORBI_3010G020100	1.029747
SORBI_3010G020200	0.581626
SORBI_3010G020300	17.575989
SORBI_3010G020400	68.829794
SORBI_3010G020600	0.109821
SORBI_3010G020700	0.807054
SORBI_3010G020800	332.776713
SORBI_3010G020900	5.32974
SORBI_3010G021000	5.229908
SORBI_3010G021100	12.481367
SORBI_3010G021200	7.274681
SORBI_3010G021300	6.6964
SORBI_3010G021401	2.44135
SORBI_3010G021500	26.580421
SORBI_3010G021600	0
SORBI_3010G021700	0
SORBI_3010G021800	76.249132
SORBI_3010G021900	2.479683
SORBI_3010G022000	0.571134
SORBI_3010G022100	3.754815
SORBI_3010G022200	7.36802
SORBI_3010G022300	72.290583
SORBI_3010G022350	0
SORBI_3010G022400	68.56296
ENSRNA049480365	0
SORBI_3010G022500	0
SORBI_3010G022600	0
SORBI_3010G022700	0
SORBI_3010G022800	0
SORBI_3010G022850	0
SORBI_3010G022900	0
SORBI_3010G023000	0
SORBI_3010G023066	0
SORBI_3010G023132	0
SORBI_3010G023200	401.259503
SORBI_3010G023300	201.958154
SORBI_3010G023400	2.653024
SORBI_3010G023500	0
SORBI_3010G023600	0
SORBI_3010G023650	0
SORBI_3010G023700	190.599062
SORBI_3010G023800	135.550682
SORBI_3010G023900	212.177351
SORBI_3010G024000	0.263731
SORBI_3010G024100	11.256158
SORBI_3010G024200	0
SORBI_3010G024300	26.271246
SORBI_3010G024400	0
SORBI_3010G024500	3.161929
SORBI_3010G024600	22.844984
SORBI_3010G024700	0
SORBI_3010G024800	0
SORBI_3010G024900	0
SORBI_3010G025000	1.181989
SORBI_3010G025100	4.703891
SORBI_3010G025200	0
SORBI_3010G025300	101.490502
SORBI_3010G025600	0
SORBI_3010G025850	104.666654
SORBI_3010G026100	7.680528
SORBI_3010G026200	3.613686
SORBI_3010G026300	94.292477
SORBI_3010G026400	43.97472
SORBI_3010G026500	0.51272
SORBI_3010G026600	9.60582
SORBI_3010G026700	14.12895
SORBI_3010G026775	3.799038
SORBI_3010G026850	0
SORBI_3010G026925	458.102375
SORBI_3010G027000	610.316578
SORBI_3010G027100	0.910374
SORBI_3010G027200	25.019931
SORBI_3010G027300	0.655387
SORBI_3010G027400	0.246404
SORBI_3010G027500	11.700362
SORBI_3010G027600	14.380282
SORBI_3010G027700	0
SORBI_3010G027800	46.530676
SORBI_3010G027900	2.538932
SORBI_3010G028000	3.472133
SORBI_3010G028100	0.377078
SORBI_3010G028200	10.145504
SORBI_3010G028300	23.095502
SORBI_3010G028333	0
SORBI_3010G028366	0
SORBI_3010G028400	18.545884
SORBI_3010G028501	26.968176
SORBI_3010G028600	3.16523
SORBI_3010G028700	1.410097
SORBI_3010G028800	26.631267
SORBI_3010G028900	0
SORBI_3010G028950	1.306661
SORBI_3010G029000	11.685851
SORBI_3010G029100	50.762931
SORBI_3010G029200	0
SORBI_3010G029300	0.975515
SORBI_3010G029400	161.950566
SORBI_3010G029450	0
SORBI_3010G029500	0
SORBI_3010G029600	0
SORBI_3010G029700	3.185371
SORBI_3010G029800	0
SORBI_3010G029900	29.097893
SORBI_3010G030000	0.232451
SORBI_3010G030100	0
SORBI_3010G030200	0.789127
SORBI_3010G030300	46.184021
SORBI_3010G030401	1.955695
SORBI_3010G030500	0
SORBI_3010G030600	0
SORBI_3010G030700	69.535403
SORBI_3010G030800	0.117959
SORBI_3010G030900	20.000918
SORBI_3010G031000	13.632222
SORBI_3010G031100	1.982695
SORBI_3010G031300	24.096161
SORBI_3010G031400	0
SORBI_3010G031500	21.171933
SORBI_3010G031600	0
SORBI_3010G031700	0
SORBI_3010G031800	0
SORBI_3010G031900	0.544369
SORBI_3010G032000	3.273183
SORBI_3010G032100	0
SORBI_3010G032200	0
SORBI_3010G032300	1.603417
SORBI_3010G032400	19.812082
SORBI_3010G032500	0.588962
SORBI_3010G032600	94.867803
SORBI_3010G032700	25.755233
SORBI_3010G032800	1.977605
SORBI_3010G032900	28.789261
SORBI_3010G033000	8.149628
SORBI_3010G033100	1.456111
SORBI_3010G033300	31.15211
SORBI_3010G033400	71.940902
SORBI_3010G033500	0
SORBI_3010G033600	13.185555
SORBI_3010G033700	4.398329
SORBI_3010G033750	0
SORBI_3010G033800	0.529997
SORBI_3010G033900	0
SORBI_3010G034000	16.694315
ENSRNA049442647	0
ENSRNA049442663	0
SORBI_3010G034100	13.270097
SORBI_3010G034200	0
SORBI_3010G034300	0
SORBI_3010G034400	0
SORBI_3010G034500	4.935775
SORBI_3010G034600	0
SORBI_3010G034700	0
SORBI_3010G034800	0.423272
SORBI_3010G034900	0
SORBI_3010G035000	0
SORBI_3010G035100	0.954574
SORBI_3010G035200	8.739596
SORBI_3010G035300	0.634919
SORBI_3010G035400	15.078628
SORBI_3010G035500	98.847449
SORBI_3010G035600	0
SORBI_3010G035700	0
SORBI_3010G035801	1.004006
SORBI_3010G035900	0.772442
ENSRNA049480382	0
SORBI_3010G036000	43.408971
SORBI_3010G036100	0
SORBI_3010G036200	0.344219
SORBI_3010G036301	0.75769
SORBI_3010G036400	0
SORBI_3010G036500	3.445381
SORBI_3010G036601	0
SORBI_3010G036700	0.871425
SORBI_3010G036750	0
SORBI_3010G036800	0.464032
SORBI_3010G036901	1.265761
SORBI_3010G037000	0
SORBI_3010G037101	0
SORBI_3010G037200	0.688417
SORBI_3010G037300	56.303592
SORBI_3010G037400	26.034845
SORBI_3010G037500	0.596566
SORBI_3010G037600	0.043836
SORBI_3010G037701	0
SORBI_3010G037800	2.753145
SORBI_3010G037901	0
SORBI_3010G038000	0
SORBI_3010G038100	10.038345
SORBI_3010G038200	0
SORBI_3010G038300	0
SORBI_3010G038400	0
SORBI_3010G038600	3.753602
SORBI_3010G038500	0
SORBI_3010G038700	7.820788
SORBI_3010G038800	253.453585
SORBI_3010G038900	2.511355
SORBI_3010G039000	8.547247
SORBI_3010G039100	41.470672
SORBI_3010G039150	0
ENSRNA049480359	0
SORBI_3010G039200	34.729127
ENSRNA049480377	7.023276
SORBI_3010G039300	24.548205
SORBI_3010G039401	0
SORBI_3010G039500	10.817278
ENSRNA049996915	0
SORBI_3010G039600	0
SORBI_3010G039700	9.230453
SORBI_3010G039800	29.88284
SORBI_3010G039900	5.144724
SORBI_3010G040000	0
SORBI_3010G040100	54.850365
SORBI_3010G040200	0.55934
SORBI_3010G040300	0
SORBI_3010G040400	0
SORBI_3010G040500	0
SORBI_3010G040600	0.40192
SORBI_3010G040700	0
SORBI_3010G040800	26.915256
SORBI_3010G040900	70.542955
SORBI_3010G041000	8.814314
ENSRNA049480375	0
SORBI_3010G041100	2.09066
SORBI_3010G041201	6.535571
ENSRNA049480363	1.154442
ENSRNA049480378	0
SORBI_3010G041301	0
SORBI_3010G041400	134.11255
SORBI_3010G041500	7.636234
SORBI_3010G041600	863.190687
SORBI_3010G041700	209.196186
SORBI_3010G041800	5.462898
SORBI_3010G041900	0.283267
SORBI_3010G042000	16.004619
SORBI_3010G042100	227.397741
SORBI_3010G042200	9.598942
SORBI_3010G042300	0.464593
SORBI_3010G042400	2.405948
SORBI_3010G042500	0.909139
SORBI_3010G042600	20.935354
SORBI_3010G042700	8.543909
SORBI_3010G042800	105.916861
SORBI_3010G042900	72.633472
SORBI_3010G043000	22.944877
SORBI_3010G043100	10.79901
SORBI_3010G043200	58.052824
SORBI_3010G043250	0
SORBI_3010G043300	0
SORBI_3010G043350	0
SORBI_3010G043400	59.545766
SORBI_3010G043500	0
SORBI_3010G043600	115.726188
SORBI_3010G043700	0.361462
SORBI_3010G043800	4.998017
SORBI_3010G043900	0.041479
SORBI_3010G044001	0
SORBI_3010G044100	0
SORBI_3010G044200	53.341476
SORBI_3010G044300	0
SORBI_3010G044400	0
SORBI_3010G044500	9.763739
SORBI_3010G044600	0
SORBI_3010G044700	1.127072
SORBI_3010G044800	20.065881
SORBI_3010G044900	15.439237
SORBI_3010G045000	0
SORBI_3010G045100	0
SORBI_3010G045200	3.350615
SORBI_3010G045300	1.14846
SORBI_3010G045400	13.085464
SORBI_3010G045500	0
SORBI_3010G045600	48.837243
SORBI_3010G045700	2.963083
SORBI_3010G045833	33.713647
SORBI_3010G045966	24.193443
SORBI_3010G046100	0
SORBI_3010G046200	0.03679
SORBI_3010G046300	28.426754
SORBI_3010G046400	6.774352
SORBI_3010G046500	24.046926
SORBI_3010G046601	0
SORBI_3010G046700	146.785157
SORBI_3010G046801	0
SORBI_3010G046900	0.288825
SORBI_3010G047000	42.544551
SORBI_3010G047100	103.513933
SORBI_3010G047200	3.040641
SORBI_3010G047300	0.245769
SORBI_3010G047400	62.254483
SORBI_3010G047500	0
SORBI_3010G047600	0
SORBI_3010G047700	60.945844
SORBI_3010G047800	0.118836
SORBI_3010G047900	0
SORBI_3010G048000	0
SORBI_3010G048200	0
SORBI_3010G048300	0
SORBI_3010G048350	0
SORBI_3010G048400	0
SORBI_3010G048500	0
SORBI_3010G048600	0
SORBI_3010G048700	0.076507
SORBI_3010G048800	0
SORBI_3010G048900	3.348209
SORBI_3010G048933	0
SORBI_3010G048966	0
SORBI_3010G049000	32.902793
SORBI_3010G049100	141.647039
SORBI_3010G049200	0
SORBI_3010G049300	3.035779
SORBI_3010G049400	0
SORBI_3010G049500	0
SORBI_3010G049600	0
ENSRNA049443258	0
SORBI_3010G049700	0
SORBI_3010G049800	0
SORBI_3010G049900	0
SORBI_3010G050000	0
SORBI_3010G050100	0
ENSRNA049442678	0
SORBI_3010G050200	4.351929
SORBI_3010G050300	0.706278
SORBI_3010G050400	23.857656
SORBI_3010G050500	1.635759
SORBI_3010G050600	0.080707
SORBI_3010G050700	11.682536
SORBI_3010G050750	24.389118
SORBI_3010G050800	30.111281
SORBI_3010G050900	183.231677
SORBI_3010G051000	0
SORBI_3010G051100	7.592824
ENSRNA049480373	0
SORBI_3010G051200	15.908476
SORBI_3010G051300	24.05199
SORBI_3010G051400	15.297518
SORBI_3010G051500	48.060383
SORBI_3010G051600	0.07874
SORBI_3010G051700	21.442435
SORBI_3010G051800	0.958419
SORBI_3010G051900	0
SORBI_3010G052000	0
SORBI_3010G052100	0
SORBI_3010G052200	1021.918251
SORBI_3010G052300	87.520512
SORBI_3010G052400	25.792034
SORBI_3010G052450	0
SORBI_3010G052500	1.444292
SORBI_3010G052600	5.261024
SORBI_3010G052700	0.764393
ENSRNA049443244	0
SORBI_3010G052800	178.140724
SORBI_3010G052833	0
SORBI_3010G052866	0
SORBI_3010G052900	1.455075
SORBI_3010G053000	0
SORBI_3010G053100	0
SORBI_3010G053200	0
SORBI_3010G053300	0
SORBI_3010G053400	0
SORBI_3010G053500	0.159926
SORBI_3010G053600	108.319178
SORBI_3010G053700	0.083459
SORBI_3010G053800	52.777399
SORBI_3010G053900	5.487249
SORBI_3010G054000	51.190888
SORBI_3010G054100	19.288493
SORBI_3010G054150	0
SORBI_3010G054200	32.652126
SORBI_3010G054300	20.024026
SORBI_3010G054400	1.777733
SORBI_3010G054500	0.71833
SORBI_3010G054600	13.075259
SORBI_3010G054700	0
SORBI_3010G054800	0
SORBI_3010G054900	22.436122
SORBI_3010G055000	3.058564
SORBI_3010G055100	0.513006
SORBI_3010G055300	1.159137
SORBI_3010G055200	0.905586
SORBI_3010G055400	6.336115
SORBI_3010G055500	59.741513
SORBI_3010G055600	19.233924
SORBI_3010G055700	28.191448
SORBI_3010G055800	14.889794
SORBI_3010G055900	0
SORBI_3010G056000	11.221212
SORBI_3010G056100	19.438677
SORBI_3010G056200	68.374464
SORBI_3010G056300	1.624039
SORBI_3010G056500	0
SORBI_3010G056600	0.319196
SORBI_3010G056700	0
SORBI_3010G056800	1.510052
SORBI_3010G056900	0
SORBI_3010G057000	66.95388
SORBI_3010G057100	197.688964
SORBI_3010G057200	0
SORBI_3010G057250	0
ENSRNA049996905	13.043227
SORBI_3010G057300	83.361771
SORBI_3010G057400	10.491673
SORBI_3010G057500	3.278074
SORBI_3010G057600	0.232125
SORBI_3010G057633	0
SORBI_3010G057666	73.045057
SORBI_3010G057700	84.797296
SORBI_3010G057800	1.906278
SORBI_3010G057900	166.965082
SORBI_3010G058000	0
SORBI_3010G058200	17.792798
SORBI_3010G058300	1.227127
SORBI_3010G058400	0
SORBI_3010G058500	553.055421
SORBI_3010G058650	0.596834
SORBI_3010G058600	0
SORBI_3010G058700	1.904155
SORBI_3010G058800	6.780296
SORBI_3010G058900	30.780254
SORBI_3010G059000	179.274162
SORBI_3010G059100	0
ENSRNA049480369	0
SORBI_3010G059200	21.401762
SORBI_3010G059300	128.327404
SORBI_3010G059400	0
SORBI_3010G059500	29.767359
SORBI_3010G059600	0.398856
SORBI_3010G059700	15.879817
SORBI_3010G059800	27.292718
SORBI_3010G059900	17.272505
SORBI_3010G060000	6.805162
SORBI_3010G060100	0
SORBI_3010G060166	24.333742
SORBI_3010G060232	0.341447
SORBI_3010G060300	9.073722
SORBI_3010G060400	4.742613
SORBI_3010G060500	502.959382
SORBI_3010G060600	37.087164
SORBI_3010G060701	0.114812
SORBI_3010G060800	0
SORBI_3010G060900	7.580038
SORBI_3010G061100	10.609069
SORBI_3010G061300	1.546556
SORBI_3010G061400	0
SORBI_3010G061500	0.266696
SORBI_3010G061600	0
SORBI_3010G061700	0
SORBI_3010G061800	28.924146
SORBI_3010G061900	2.027599
SORBI_3010G062000	27.908265
SORBI_3010G062100	67.343288
SORBI_3010G062200	0
SORBI_3010G062300	0.187048
SORBI_3010G062400	0
SORBI_3010G062500	6.841965
SORBI_3010G062600	0
SORBI_3010G062700	0.098336
SORBI_3010G062800	35.748262
SORBI_3010G062900	11.886521
SORBI_3010G062950	0
SORBI_3010G063000	0
SORBI_3010G063033	0
SORBI_3010G063066	0
SORBI_3010G063100	0.212234
ENSRNA049480385	0
SORBI_3010G063200	60.780197
SORBI_3010G063300	58.947134
SORBI_3010G063433	0.680692
SORBI_3010G063566	5.259242
SORBI_3010G063700	0.054828
SORBI_3010G063801	85.267873
SORBI_3010G063900	0
SORBI_3010G064000	5.821437
SORBI_3010G064050	0
SORBI_3010G064100	1.450044
SORBI_3010G064200	2.847078
SORBI_3010G064300	0
SORBI_3010G064500	19.423504
SORBI_3010G064600	50.949497
SORBI_3010G064700	35.121589
SORBI_3010G064800	0
SORBI_3010G065001	0
SORBI_3010G065200	5.457181
SORBI_3010G065300	94.580577
SORBI_3010G065400	40.430278
SORBI_3010G065500	0.747574
SORBI_3010G065600	2.955302
SORBI_3010G065700	0
SORBI_3010G065800	103.474595
SORBI_3010G065900	42.909912
SORBI_3010G066000	5.37979
SORBI_3010G066100	0.381871
SORBI_3010G066200	10.893221
SORBI_3010G066300	39.738274
SORBI_3010G066400	2.298563
SORBI_3010G066500	0
SORBI_3010G066601	16.302751
SORBI_3010G066700	5.389591
SORBI_3010G066800	0.319343
SORBI_3010G066900	2.326387
SORBI_3010G067000	1.639886
SORBI_3010G067100	73.507353
SORBI_3010G067200	0.096048
SORBI_3010G067300	0.924815
SORBI_3010G067400	0.344758
SORBI_3010G067500	29.89032
SORBI_3010G067600	15.739643
SORBI_3010G067700	82.035755
SORBI_3010G067800	2.996224
SORBI_3010G067900	2.066142
SORBI_3010G067950	1.360934
SORBI_3010G068001	1.909261
SORBI_3010G068051	0
SORBI_3010G068100	0
SORBI_3010G068200	13.525296
SORBI_3010G068300	0
SORBI_3010G068400	32.956865
SORBI_3010G068500	48.178191
SORBI_3010G068600	0.524647
SORBI_3010G068700	17.842355
SORBI_3010G068800	1.324049
SORBI_3010G068900	2.181527
SORBI_3010G068950	0
SORBI_3010G069000	0
SORBI_3010G069100	91.320859
SORBI_3010G069200	0
SORBI_3010G069300	0
SORBI_3010G069400	355.491616
ENSRNA049443235	0
SORBI_3010G069500	0.91703
SORBI_3010G069600	6.121827
SORBI_3010G069700	0
SORBI_3010G069800	0
SORBI_3010G069900	16.546634
SORBI_3010G070000	1.454188
SORBI_3010G070100	0.538807
SORBI_3010G070200	0
SORBI_3010G070300	0
SORBI_3010G070400	0.038512
SORBI_3010G070500	40.366587
SORBI_3010G070600	4.994334
SORBI_3010G070750	0
SORBI_3010G070900	0
SORBI_3010G071000	39.129771
SORBI_3010G071100	11.730298
SORBI_3010G071200	188.817828
SORBI_3010G071300	0
SORBI_3010G071400	60.09904
SORBI_3010G071500	0
SORBI_3010G071600	124.929572
SORBI_3010G071650	0
SORBI_3010G071700	515.439846
SORBI_3010G071800	22.401251
SORBI_3010G071900	17.682141
SORBI_3010G072000	12.999127
SORBI_3010G072100	0.94683
SORBI_3010G072200	0.427902
SORBI_3010G072300	506.204446
SORBI_3010G072400	46.025452
SORBI_3010G072500	18.30646
SORBI_3010G072600	0
SORBI_3010G072700	23.776018
SORBI_3010G072800	43.83267
SORBI_3010G072900	8.169303
SORBI_3010G073000	0
SORBI_3010G073100	29.393721
SORBI_3010G073200	179.067427
SORBI_3010G073300	0.466937
SORBI_3010G073366	0
SORBI_3010G073432	0
SORBI_3010G073500	55.760815
SORBI_3010G073600	93.316404
SORBI_3010G073700	208.667663
SORBI_3010G073800	18.82067
SORBI_3010G073900	2.473446
SORBI_3010G074000	0
SORBI_3010G074200	3.116565
SORBI_3010G074100	3.205144
SORBI_3010G074300	113.108441
SORBI_3010G074366	0
SORBI_3010G074432	7.212466
SORBI_3010G074500	31.886498
SORBI_3010G074600	17.569116
SORBI_3010G074700	0.694906
SORBI_3010G074800	0
SORBI_3010G074900	18.02299
SORBI_3010G074920	0
SORBI_3010G074940	0
SORBI_3010G074960	0
SORBI_3010G074980	0
ENSRNA049442699	0
SORBI_3010G075000	4.055631
SORBI_3010G075100	0
SORBI_3010G075200	2.264236
SORBI_3010G075300	0
SORBI_3010G075500	0.12305
SORBI_3010G075600	0
SORBI_3010G075700	0.062934
SORBI_3010G075800	4.791603
SORBI_3010G075900	0.083266
SORBI_3010G076000	0
SORBI_3010G076100	0
SORBI_3010G076200	0.36224
SORBI_3010G076300	25.219456
SORBI_3010G076400	326.161407
SORBI_3010G076500	0.114449
SORBI_3010G076600	224.889595
SORBI_3010G076700	276.154817
SORBI_3010G076800	9.825555
SORBI_3010G076900	0
SORBI_3010G077000	0
SORBI_3010G077100	70.012266
SORBI_3010G077200	7.727297
SORBI_3010G077225	0
SORBI_3010G077250	1.918786
SORBI_3010G077275	0
SORBI_3010G077300	1.790653
SORBI_3010G077400	16.650028
SORBI_3010G077500	52.138628
SORBI_3010G077600	77.20824
SORBI_3010G077650	3.402581
SORBI_3010G077700	0
SORBI_3010G077800	0
SORBI_3010G077900	0
SORBI_3010G078000	0.207503
SORBI_3010G078100	58.586046
SORBI_3010G078200	0
SORBI_3010G078300	6.309517
SORBI_3010G078400	0
ENSRNA049996895	0
SORBI_3010G078500	1.973875
SORBI_3010G078600	1.900485
SORBI_3010G078700	0
SORBI_3010G078800	0.35089
SORBI_3010G078900	91.464786
SORBI_3010G079000	41.43124
SORBI_3010G079100	7.395664
SORBI_3010G079150	0
SORBI_3010G079200	0
SORBI_3010G079300	3.407921
SORBI_3010G079500	99.689911
SORBI_3010G079600	0
SORBI_3010G079650	0
SORBI_3010G079700	9.049345
SORBI_3010G079800	17.314668
SORBI_3010G079850	2.747685
SORBI_3010G079900	26.630948
SORBI_3010G080000	0.721256
SORBI_3010G080100	4.697399
SORBI_3010G080200	74.88554
SORBI_3010G080300	41.682846
SORBI_3010G080400	4.755046
SORBI_3010G080500	23.089096
SORBI_3010G080600	1.440262
SORBI_3010G080550	3.112745
SORBI_3010G080700	42.313384
SORBI_3010G080750	0
SORBI_3010G080800	0
SORBI_3010G080900	11.868923
SORBI_3010G081100	1.015587
SORBI_3010G081200	24.595954
SORBI_3010G081300	0
SORBI_3010G081500	0
SORBI_3010G081600	0.974714
SORBI_3010G081700	5.596353
SORBI_3010G081750	0
SORBI_3010G081800	1.92187
SORBI_3010G081900	55.904504
SORBI_3010G081950	0
SORBI_3010G082000	0
SORBI_3010G082100	0
SORBI_3010G082201	0
SORBI_3010G082300	0
SORBI_3010G082400	0.050695
SORBI_3010G082500	21.214857
SORBI_3010G082600	70.429534
SORBI_3010G082700	35.193852
SORBI_3010G082800	14.129931
SORBI_3010G082850	4.749115
SORBI_3010G082900	0
SORBI_3010G083000	41.209531
SORBI_3010G083050	3.117153
SORBI_3010G083100	4.001653
SORBI_3010G083200	0
SORBI_3010G083300	0.276205
SORBI_3010G083500	9.042295
SORBI_3010G083400	3.083539
SORBI_3010G083550	0.077969
SORBI_3010G083600	15.838854
SORBI_3010G083700	73.691048
SORBI_3010G083900	49.778413
SORBI_3010G084000	19.028754
SORBI_3010G084100	0.831262
SORBI_3010G084300	8.090574
SORBI_3010G084400	10.706789
SORBI_3010G084600	0.581954
SORBI_3010G084700	72.329659
SORBI_3010G084800	0
SORBI_3010G084900	8.656041
SORBI_3010G085000	0.914472
SORBI_3010G085100	45.606146
SORBI_3010G085200	13.730158
SORBI_3010G085400	157.068116
SORBI_3010G085500	0
SORBI_3010G085600	33.8467
SORBI_3010G085700	0
SORBI_3010G085800	14.163696
SORBI_3010G085900	2.372171
SORBI_3010G086000	0
SORBI_3010G086100	0.979539
SORBI_3010G086200	102.283586
SORBI_3010G086300	12.355791
SORBI_3010G086400	0.85791
SORBI_3010G086500	2.012964
SORBI_3010G086600	6.660573
SORBI_3010G086700	0
SORBI_3010G086800	0
SORBI_3010G086900	6.688192
SORBI_3010G087000	0.599796
SORBI_3010G087050	0.301276
SORBI_3010G087100	0.442022
SORBI_3010G087200	17.957433
SORBI_3010G087300	5.761419
SORBI_3010G087400	28.886797
SORBI_3010G087500	0.444097
SORBI_3010G087600	0.785289
SORBI_3010G087700	0.66437
SORBI_3010G087800	2.16835
SORBI_3010G087900	1.032503
SORBI_3010G088000	88.388527
SORBI_3010G088100	0
SORBI_3010G088200	0.31183
SORBI_3010G088300	4.24128
SORBI_3010G088400	0
SORBI_3010G088500	0
SORBI_3010G088600	31.162827
SORBI_3010G088700	11.629552
SORBI_3010G088800	0.39095
SORBI_3010G088950	44.345463
SORBI_3010G089100	63.095104
SORBI_3010G089200	3.125253
SORBI_3010G089300	0.508345
SORBI_3010G089350	0.310319
SORBI_3010G089400	74.420962
SORBI_3010G089500	85.798306
SORBI_3010G089600	0
SORBI_3010G089700	61.212643
SORBI_3010G089800	4.805151
SORBI_3010G089850	0
SORBI_3010G089900	0
SORBI_3010G090000	0
SORBI_3010G090100	0.928327
SORBI_3010G090200	0
SORBI_3010G090301	24.139925
SORBI_3010G090401	1.27403
SORBI_3010G090500	90.163083
SORBI_3010G090550	0
SORBI_3010G090600	0
SORBI_3010G090700	3.547113
SORBI_3010G090800	0.315971
SORBI_3010G090850	1.134194
SORBI_3010G090900	40.961207
SORBI_3010G091000	26.096678
SORBI_3010G091100	16.551224
SORBI_3010G091200	1.860287
SORBI_3010G091250	0
SORBI_3010G091300	21.805683
SORBI_3010G091333	46.965534
SORBI_3010G091366	0.58385
SORBI_3010G091400	30.122537
SORBI_3010G091500	3.560123
SORBI_3010G091600	0.964198
SORBI_3010G091700	0
SORBI_3010G091750	0
SORBI_3010G091800	0
SORBI_3010G091900	71.750549
SORBI_3010G092000	0
SORBI_3010G092100	0.625361
SORBI_3010G092200	1.773098
SORBI_3010G092300	36.961925
SORBI_3010G092350	5.329531
SORBI_3010G092400	5.672973
SORBI_3010G092500	0
SORBI_3010G092550	0
SORBI_3010G092600	108.01188
SORBI_3010G092650	0
SORBI_3010G092700	3.96245
SORBI_3010G092801	1.896394
SORBI_3010G092900	0.911648
SORBI_3010G093001	0
SORBI_3010G093100	20.842921
SORBI_3010G093200	0
SORBI_3010G093300	0.151724
SORBI_3010G093400	26.461831
SORBI_3010G093500	5.047612
SORBI_3010G093600	0.090972
SORBI_3010G093800	0.146867
SORBI_3010G094000	0
SORBI_3010G094100	0.717834
SORBI_3010G094200	0
SORBI_3010G094301	45.19594
SORBI_3010G094400	0.191625
SORBI_3010G094500	75.956788
SORBI_3010G094600	79.773226
SORBI_3010G094700	33.358537
SORBI_3010G094750	1.744979
SORBI_3010G094800	206.934271
SORBI_3010G094900	53.488708
SORBI_3010G095000	12.569896
SORBI_3010G095100	3.491953
SORBI_3010G095200	47.077734
SORBI_3010G095300	1.139263
SORBI_3010G095400	7.853105
SORBI_3010G095500	1.361469
SORBI_3010G095550	0
SORBI_3010G095600	6.368942
SORBI_3010G095700	459.543724
SORBI_3010G095800	0.899891
SORBI_3010G096000	38.232636
SORBI_3010G096100	6.547316
SORBI_3010G096200	0.122722
SORBI_3010G096300	12.921343
SORBI_3010G096400	0.143277
SORBI_3010G096500	0.14647
SORBI_3010G096600	0
SORBI_3010G096700	0
SORBI_3010G096801	0.191501
SORBI_3010G096900	0
SORBI_3010G097000	0.145746
SORBI_3010G097100	0
SORBI_3010G097200	2.278376
SORBI_3010G097250	0
SORBI_3010G097300	0.833093
SORBI_3010G097400	5.274465
SORBI_3010G097500	7.799825
SORBI_3010G097600	111.533925
SORBI_3010G097700	1.689562
SORBI_3010G097800	3.064395
SORBI_3010G097900	1.029227
SORBI_3010G098000	0
SORBI_3010G098100	0
SORBI_3010G098200	16.530717
SORBI_3010G098350	0
SORBI_3010G098400	46.575945
SORBI_3010G098500	0
SORBI_3010G098600	82.048088
SORBI_3010G098700	0
SORBI_3010G098800	0.064815
SORBI_3010G098866	0
SORBI_3010G098932	0
SORBI_3010G099000	1.82784
SORBI_3010G099100	19.760321
SORBI_3010G099200	13.630552
SORBI_3010G099300	7.051102
SORBI_3010G099400	2.665337
SORBI_3010G099500	0
SORBI_3010G099600	112.97812
SORBI_3010G099700	1.421756
SORBI_3010G099800	5.672714
SORBI_3010G099900	10.60065
SORBI_3010G100000	83.513757
SORBI_3010G100100	0
SORBI_3010G100150	0
SORBI_3010G100200	0.828515
SORBI_3010G100300	0
SORBI_3010G100366	65.250668
SORBI_3010G100432	0
SORBI_3010G100516	19.214283
SORBI_3010G100600	0.41869
SORBI_3010G100650	0
SORBI_3010G100700	0.96851
SORBI_3010G100800	11.822745
SORBI_3010G100900	12.60015
SORBI_3010G101000	28.805816
SORBI_3010G101100	3.611955
SORBI_3010G101200	1587.307336
SORBI_3010G101300	3.224424
SORBI_3010G101350	0
SORBI_3010G101400	26.918898
SORBI_3010G101500	72.32511
SORBI_3010G101600	108.806394
SORBI_3010G101700	36.983326
SORBI_3010G101800	150.282935
SORBI_3010G101900	13.586767
SORBI_3010G101950	0
SORBI_3010G102000	110.014259
SORBI_3010G102050	0
SORBI_3010G102100	0.401272
SORBI_3010G102150	0.422816
SORBI_3010G102200	0
SORBI_3010G102300	0.732354
SORBI_3010G102366	0
SORBI_3010G102432	0
SORBI_3010G102500	0
SORBI_3010G102600	4.888383
SORBI_3010G102700	1.919027
SORBI_3010G102800	9.574527
SORBI_3010G102900	0.139528
SORBI_3010G103000	15.945352
SORBI_3010G103100	0
SORBI_3010G103200	5.198146
SORBI_3010G103300	3.959615
SORBI_3010G103400	0
SORBI_3010G103500	25.359293
SORBI_3010G103600	0
SORBI_3010G103700	0.430995
SORBI_3010G103800	1.171108
SORBI_3010G103900	50.940401
SORBI_3010G104000	0
SORBI_3010G104100	14.969856
SORBI_3010G104200	0.572396
SORBI_3010G104300	1.868765
SORBI_3010G104400	0
SORBI_3010G104500	0
SORBI_3010G104600	0
SORBI_3010G104700	20.78642
SORBI_3010G104800	0.107455
SORBI_3010G104900	54.922625
SORBI_3010G105000	41.929546
SORBI_3010G105050	0
SORBI_3010G105100	0.867414
SORBI_3010G105200	67.508444
SORBI_3010G105250	0
SORBI_3010G105300	952.907146
SORBI_3010G105350	0
SORBI_3010G105400	0.50439
SORBI_3010G105500	11.258783
SORBI_3010G105600	20.271428
SORBI_3010G105701	10.597179
SORBI_3010G105800	132.393062
SORBI_3010G105900	0
SORBI_3010G106000	0.234521
SORBI_3010G106100	0.152019
SORBI_3010G106200	36.288104
SORBI_3010G106300	10.117807
SORBI_3010G106400	0
SORBI_3010G106500	0.163914
SORBI_3010G106601	1.897454
SORBI_3010G106700	0.908201
SORBI_3010G106800	0
SORBI_3010G106900	69.119824
SORBI_3010G107000	32.758698
SORBI_3010G107050	0.44271
SORBI_3010G107100	27.297672
SORBI_3010G107200	8.877876
SORBI_3010G107250	0
SORBI_3010G107300	2.058709
SORBI_3010G107400	0
SORBI_3010G107601	0
SORBI_3010G107800	0
SORBI_3010G107901	0
SORBI_3010G108001	0
SORBI_3010G108100	0
SORBI_3010G108200	0
SORBI_3010G108301	0.078682
SORBI_3010G108401	0
SORBI_3010G108500	0
SORBI_3010G108600	0
SORBI_3010G108800	0
SORBI_3010G108900	195.211584
SORBI_3010G109000	1.460841
SORBI_3010G109100	0
SORBI_3010G109200	0.233102
SORBI_3010G109300	3.445381
SORBI_3010G109400	0
SORBI_3010G109450	0
SORBI_3010G109500	40.981243
SORBI_3010G109600	15.374679
SORBI_3010G109700	0
SORBI_3010G109800	0
SORBI_3010G109901	0
SORBI_3010G110000	100.222753
SORBI_3010G110050	0
SORBI_3010G110100	1.473302
SORBI_3010G110200	2.809925
SORBI_3010G110266	0
SORBI_3010G110332	0.140319
SORBI_3010G110400	0
SORBI_3010G110500	0
SORBI_3010G110601	0
SORBI_3010G110700	0.956466
SORBI_3010G110800	0.900207
SORBI_3010G110901	0.729291
SORBI_3010G111000	0
SORBI_3010G111200	0
SORBI_3010G111300	0
SORBI_3010G111400	0
SORBI_3010G111450	0
SORBI_3010G111500	0
SORBI_3010G111700	0
SORBI_3010G111750	0
SORBI_3010G111800	44.159234
SORBI_3010G111900	0.09598
SORBI_3010G112000	17.781845
SORBI_3010G112100	18.421209
SORBI_3010G112200	49.741911
SORBI_3010G112300	19.02003
SORBI_3010G112401	0
SORBI_3010G112500	0
SORBI_3010G112600	3.761351
SORBI_3010G112700	0.289192
SORBI_3010G112800	2.720211
SORBI_3010G112900	0.188166
SORBI_3010G113000	183.117203
SORBI_3010G113100	3.928947
SORBI_3010G113150	0
SORBI_3010G113200	0
SORBI_3010G113300	0
SORBI_3010G113400	0.224327
SORBI_3010G113500	10.189082
SORBI_3010G113600	24.993369
SORBI_3010G113700	0
SORBI_3010G113800	0
SORBI_3010G113900	3.756535
SORBI_3010G114000	0
SORBI_3010G114100	9.941844
SORBI_3010G114200	0
SORBI_3010G114300	0
SORBI_3010G114400	0.425688
SORBI_3010G114500	0
SORBI_3010G114600	0.976855
SORBI_3010G114700	104.604595
SORBI_3010G114800	0.253577
SORBI_3010G114900	34.12828
SORBI_3010G115000	0
SORBI_3010G115200	52.896967
SORBI_3010G115300	8.613386
SORBI_3010G115400	5.818268
SORBI_3010G115450	0
SORBI_3010G115500	23.915574
SORBI_3010G115600	3.478463
SORBI_3010G115700	1.049577
SORBI_3010G115800	0
SORBI_3010G115900	0
SORBI_3010G116000	0
SORBI_3010G116100	0
SORBI_3010G116200	0
ENSRNA049442771	0
SORBI_3010G116300	13.02199
SORBI_3010G116400	106.245429
SORBI_3010G116500	20.237574
SORBI_3010G116550	4.149422
SORBI_3010G116600	44.760785
SORBI_3010G116650	0
SORBI_3010G116700	0
SORBI_3010G116800	1.724726
SORBI_3010G116900	0.287993
SORBI_3010G117000	0
SORBI_3010G117050	0
SORBI_3010G117100	0
SORBI_3010G117200	4.271431
SORBI_3010G117300	3.283907
SORBI_3010G117400	0
SORBI_3010G117450	0
SORBI_3010G117500	1.137946
SORBI_3010G117600	0.701036
SORBI_3010G117700	0
SORBI_3010G117800	2.438237
SORBI_3010G117850	0
SORBI_3010G117900	1.067327
SORBI_3010G118000	4.102077
SORBI_3010G118100	93.748587
SORBI_3010G118200	1.346303
SORBI_3010G118300	23.250242
SORBI_3010G118401	0.332709
SORBI_3010G118500	6.563091
SORBI_3010G118600	0
SORBI_3010G118550	0
SORBI_3010G118700	75.128907
SORBI_3010G118800	0
SORBI_3010G118900	0
SORBI_3010G118950	3.80614
SORBI_3010G119000	0
SORBI_3010G119050	0
SORBI_3010G119100	0
SORBI_3010G119200	0
SORBI_3010G119300	0.224209
SORBI_3010G119400	2.378762
SORBI_3010G119500	13.917071
SORBI_3010G119600	0
SORBI_3010G119700	0.088995
SORBI_3010G119800	0.845339
SORBI_3010G119900	0
SORBI_3010G120000	7.615804
SORBI_3010G120100	0
SORBI_3010G120200	0.64932
SORBI_3010G120300	43.627392
SORBI_3010G120350	0
SORBI_3010G120400	0.121676
SORBI_3010G120500	0
SORBI_3010G120600	1.276108
SORBI_3010G120700	9.494848
SORBI_3010G120800	33.369842
SORBI_3010G120900	49.006503
SORBI_3010G121000	2.036357
SORBI_3010G121100	10.503723
SORBI_3010G121200	5.441414
SORBI_3010G121300	91.873112
SORBI_3010G121401	0
SORBI_3010G121500	94.529762
SORBI_3010G121600	12.580888
SORBI_3010G121700	0
SORBI_3010G121800	0
SORBI_3010G121900	0
SORBI_3010G122000	4.770689
SORBI_3010G122100	10.28304
SORBI_3010G122200	4.593318
SORBI_3010G122300	0.453809
SORBI_3010G122400	1.540298
SORBI_3010G122533	0
SORBI_3010G122666	0
SORBI_3010G122800	3.53907
SORBI_3010G122900	0.136495
SORBI_3010G123000	0
SORBI_3010G123100	6.232763
SORBI_3010G123300	41.886372
SORBI_3010G123400	21.072668
SORBI_3010G123500	0.818448
SORBI_3010G123600	26.711864
SORBI_3010G123650	0
SORBI_3010G123700	63.675603
SORBI_3010G123750	0
SORBI_3010G123800	0
SORBI_3010G123901	0
SORBI_3010G124001	12.410116
SORBI_3010G124100	0.329653
SORBI_3010G124133	8.951474
SORBI_3010G124166	0
SORBI_3010G124200	0
SORBI_3010G124300	0
SORBI_3010G124400	0.752221
SORBI_3010G124500	0
SORBI_3010G124600	0
SORBI_3010G124700	0.127828
SORBI_3010G124800	1.306193
SORBI_3010G124850	0
SORBI_3010G124900	0
SORBI_3010G125000	0.650758
SORBI_3010G125100	11.470572
SORBI_3010G125200	39.171662
SORBI_3010G125300	0.063422
SORBI_3010G125400	0.434485
SORBI_3010G125500	19.896035
SORBI_3010G125700	36.237846
SORBI_3010G125800	10.425658
SORBI_3010G125833	2.010837
SORBI_3010G125866	0.563835
SORBI_3010G125900	0
SORBI_3010G126000	28.585666
SORBI_3010G126100	3.782912
SORBI_3010G126200	0.12198
SORBI_3010G126300	0
SORBI_3010G126400	0.248376
SORBI_3010G126500	2.034888
SORBI_3010G126600	0
SORBI_3010G126700	9.555823
SORBI_3010G126800	1.371605
SORBI_3010G126900	5.558666
SORBI_3010G127100	9.601798
SORBI_3010G127200	0.160506
SORBI_3010G127300	0.305333
SORBI_3010G127500	0
SORBI_3010G127550	0
SORBI_3010G127600	1.074934
SORBI_3010G127700	0
SORBI_3010G127800	0
SORBI_3010G127901	0
SORBI_3010G128000	0.785484
SORBI_3010G128101	2.830859
SORBI_3010G128200	0
SORBI_3010G128300	0
SORBI_3010G128350	0
SORBI_3010G128400	0
SORBI_3010G128500	8.990105
SORBI_3010G128601	0
SORBI_3010G128700	0
SORBI_3010G128800	6.203032
SORBI_3010G128900	1.009009
SORBI_3010G129000	0.479154
SORBI_3010G129050	0
SORBI_3010G129100	0.087505
SORBI_3010G129200	5.370912
SORBI_3010G129300	0
SORBI_3010G129450	0
SORBI_3010G129600	45.811992
SORBI_3010G129700	18.956036
SORBI_3010G129900	0
SORBI_3010G130000	85.791998
SORBI_3010G130100	7.383303
SORBI_3010G130200	14.920526
SORBI_3010G130300	10.699444
SORBI_3010G130400	0
SORBI_3010G130500	0.714346
SORBI_3010G130601	0.265138
SORBI_3010G130700	1.838307
SORBI_3010G130800	0
SORBI_3010G130900	0
SORBI_3010G131000	6.937472
SORBI_3010G131101	0.311735
SORBI_3010G131200	0
SORBI_3010G131300	13.086517
SORBI_3010G131400	14.24354
SORBI_3010G131500	0.794557
SORBI_3010G131600	0
SORBI_3010G131700	45.014847
SORBI_3010G131900	36.14009
SORBI_3010G131950	9.187682
SORBI_3010G132000	3.588658
SORBI_3010G132100	19.028192
SORBI_3010G132200	8.247326
SORBI_3010G132300	25.077985
SORBI_3010G132400	21.498157
SORBI_3010G132500	12.453693
SORBI_3010G132550	1.056685
SORBI_3010G132600	41.179113
SORBI_3010G132700	0
SORBI_3010G132800	0.433393
SORBI_3010G132900	0
SORBI_3010G133000	0
SORBI_3010G133100	0
SORBI_3010G133150	0
SORBI_3010G133200	7.939355
SORBI_3010G133225	0
SORBI_3010G133250	0
SORBI_3010G133275	0
SORBI_3010G133300	0
SORBI_3010G133400	99.533254
SORBI_3010G133450	0
SORBI_3010G133500	8.758063
SORBI_3010G133566	0
SORBI_3010G133632	0
SORBI_3010G133700	0
SORBI_3010G133800	0
SORBI_3010G133866	0
SORBI_3010G133932	0
SORBI_3010G134000	0.279431
SORBI_3010G134100	23.626659
SORBI_3010G134200	0
SORBI_3010G134300	0
SORBI_3010G134400	37.715155
SORBI_3010G134500	7.778339
SORBI_3010G134600	2.250584
SORBI_3010G134650	0.697887
SORBI_3010G134700	16.809291
SORBI_3010G134801	0
SORBI_3010G134900	1.582477
SORBI_3010G135000	34.415984
SORBI_3010G135100	4.565129
SORBI_3010G135200	0.293106
SORBI_3010G135250	14.261211
SORBI_3010G135300	8.031626
SORBI_3010G135450	0
SORBI_3010G135600	1.112015
SORBI_3010G135700	0
SORBI_3010G135800	0
SORBI_3010G135900	2.671073
SORBI_3010G136000	57.783739
SORBI_3010G136100	0
SORBI_3010G136200	37.177919
SORBI_3010G136250	1.155729
SORBI_3010G136300	0.410577
SORBI_3010G136400	32.496368
SORBI_3010G136450	0
SORBI_3010G136500	0.392061
SORBI_3010G136601	0
SORBI_3010G136600	4.112972
SORBI_3010G136700	0
SORBI_3010G136900	0
SORBI_3010G136950	0
SORBI_3010G137000	0
SORBI_3010G137100	9.506328
SORBI_3010G137200	0
SORBI_3010G137300	0.094339
SORBI_3010G137333	0
SORBI_3010G137366	0
SORBI_3010G137400	142.175402
SORBI_3010G137500	0
SORBI_3010G137600	0
SORBI_3010G137700	0
SORBI_3010G137800	0
SORBI_3010G138000	34.506326
SORBI_3010G138200	55.036541
SORBI_3010G138300	0
SORBI_3010G138350	0
SORBI_3010G138400	10.517451
SORBI_3010G138500	0.943436
SORBI_3010G138600	0
SORBI_3010G138700	1.652825
SORBI_3010G138800	0.060428
SORBI_3010G138850	0
SORBI_3010G138900	6.165496
SORBI_3010G138950	0
SORBI_3010G139000	56.761784
SORBI_3010G139100	0
SORBI_3010G139200	0
SORBI_3010G139301	8.613916
SORBI_3010G139400	0
SORBI_3010G139500	25.626645
SORBI_3010G139550	0
SORBI_3010G139600	25.367902
SORBI_3010G140100	0
SORBI_3010G140150	0
SORBI_3010G140200	0
SORBI_3010G140300	0
SORBI_3010G140400	17.442286
SORBI_3010G140500	4.218388
SORBI_3010G140525	0
SORBI_3010G140550	0
SORBI_3010G140575	0
SORBI_3010G140600	80.660458
SORBI_3010G140700	0
SORBI_3010G140750	0
SORBI_3010G140800	1.573566
SORBI_3010G141001	0.015781
SORBI_3010G141201	0
SORBI_3010G141400	0
SORBI_3010G141433	0.156112
SORBI_3010G141466	0
SORBI_3010G141500	7.29586
SORBI_3010G141600	45.513357
SORBI_3010G141700	0
SORBI_3010G141800	5.884343
SORBI_3010G141966	2.660399
SORBI_3010G142132	0
SORBI_3010G142300	0
SORBI_3010G142401	0
SORBI_3010G142501	0
SORBI_3010G142600	0
SORBI_3010G142650	0
SORBI_3010G142700	17.892705
SORBI_3010G142900	0
SORBI_3010G143000	1.404962
SORBI_3010G143100	12.179584
SORBI_3010G143200	1.971995
SORBI_3010G143300	0.382648
SORBI_3010G143400	0.794263
SORBI_3010G143500	64.453226
SORBI_3010G143600	14.964692
SORBI_3010G143633	0
SORBI_3010G143666	0
SORBI_3010G143800	2.393915
SORBI_3010G143700	0.072323
SORBI_3010G143900	16.472754
SORBI_3010G144000	0.109574
SORBI_3010G144050	0
SORBI_3010G144100	5.434272
SORBI_3010G144250	0.538769
SORBI_3010G144400	54.966451
SORBI_3010G144450	0
SORBI_3010G144500	0
SORBI_3010G144600	0
SORBI_3010G144700	0.071802
SORBI_3010G144800	0
SORBI_3010G144900	36.339834
ENSRNA049996889	0
SORBI_3010G145000	0
SORBI_3010G145100	0
SORBI_3010G145200	0.091651
SORBI_3010G145300	0
SORBI_3010G145500	12.510194
SORBI_3010G145650	0.686213
SORBI_3010G145800	22.425829
SORBI_3010G145900	175.529231
SORBI_3010G146000	0
SORBI_3010G146100	1.054959
SORBI_3010G146200	1.33986
SORBI_3010G146300	0
SORBI_3010G146350	0
SORBI_3010G146400	54.276819
SORBI_3010G146500	0
SORBI_3010G146600	29.825939
SORBI_3010G146700	5.050111
SORBI_3010G146800	0
SORBI_3010G146900	1.610077
SORBI_3010G147000	5.120213
SORBI_3010G147100	52.393598
SORBI_3010G147200	0
SORBI_3010G147250	0
SORBI_3010G147300	0
SORBI_3010G147350	0
SORBI_3010G147400	0
SORBI_3010G147500	0.727978
SORBI_3010G147600	325.242654
SORBI_3010G147700	0.223994
SORBI_3010G147833	12.044341
SORBI_3010G147966	0.517543
SORBI_3010G148100	0
SORBI_3010G148200	0
SORBI_3010G148400	6.090789
SORBI_3010G148501	3.772283
SORBI_3010G148600	0
SORBI_3010G148700	0
SORBI_3010G148750	1.225538
SORBI_3010G148800	0
SORBI_3010G148866	0
SORBI_3010G148932	34.035562
SORBI_3010G149000	0
SORBI_3010G149200	44.064691
ENSRNA049443167	0
SORBI_3010G149300	586.875516
SORBI_3010G149500	26.63531
SORBI_3010G149600	1.986961
SORBI_3010G149700	0.332479
SORBI_3010G149800	0.482598
SORBI_3010G149900	0
SORBI_3010G150000	0
SORBI_3010G150100	22.496342
SORBI_3010G150200	7.810291
SORBI_3010G150325	0
SORBI_3010G150450	5.272851
SORBI_3010G150575	18.733058
SORBI_3010G150600	0.061953
SORBI_3010G150700	15.016165
SORBI_3010G150701	0
SORBI_3010G150800	1.646945
SORBI_3010G150900	0.072818
SORBI_3010G151000	6.97467
SORBI_3010G151050	0
SORBI_3010G151100	0
SORBI_3010G151200	0
SORBI_3010G151325	0
SORBI_3010G151450	0
SORBI_3010G151575	0
SORBI_3010G151700	9.899044
SORBI_3010G151801	10.349331
SORBI_3010G151900	46.165043
SORBI_3010G152000	10.174234
SORBI_3010G152100	65.554064
SORBI_3010G152200	0
SORBI_3010G152250	0
SORBI_3010G152300	0
SORBI_3010G152400	0
SORBI_3010G152500	0
SORBI_3010G152600	1.095801
SORBI_3010G152700	0
SORBI_3010G152800	0
SORBI_3010G152850	12.343743
SORBI_3010G152900	0
SORBI_3010G153000	0.933168
SORBI_3010G153100	55.839783
SORBI_3010G153201	3.854733
SORBI_3010G153300	19.027444
SORBI_3010G153400	15.754945
SORBI_3010G153466	4.760624
SORBI_3010G153532	9.043208
SORBI_3010G153600	0
SORBI_3010G153700	21.95162
SORBI_3010G153800	0
SORBI_3010G153900	12.810114
SORBI_3010G154000	19.022872
SORBI_3010G154150	0.348312
SORBI_3010G154300	0
SORBI_3010G154400	0
SORBI_3010G154500	2.18805
SORBI_3010G154600	0.30735
SORBI_3010G154700	145.264581
SORBI_3010G154801	0.724999
SORBI_3010G154900	22.899384
SORBI_3010G155000	0
SORBI_3010G155100	0
SORBI_3010G155200	0
SORBI_3010G155300	1.342792
SORBI_3010G155401	0
SORBI_3010G155500	0.256825
SORBI_3010G155600	139.499827
SORBI_3010G155701	9.379435
SORBI_3010G155800	0
SORBI_3010G155901	0
SORBI_3010G156000	38.900923
SORBI_3010G156100	9.468492
SORBI_3010G156200	0
SORBI_3010G156300	2.270237
SORBI_3010G156400	0
SORBI_3010G156500	0.47297
SORBI_3010G156601	0.333981
SORBI_3010G156700	0
SORBI_3010G156800	0.379935
SORBI_3010G157000	0
SORBI_3010G157100	0
SORBI_3010G157200	0
SORBI_3010G157300	0
SORBI_3010G157400	0
SORBI_3010G157500	0
SORBI_3010G157600	0
SORBI_3010G157700	14.743812
SORBI_3010G157800	0
SORBI_3010G157900	0.035981
SORBI_3010G158000	0.58095
SORBI_3010G158050	0
SORBI_3010G158100	0.286908
SORBI_3010G158200	0
SORBI_3010G158300	0.201283
SORBI_3010G158400	0
SORBI_3010G158500	0
SORBI_3010G158601	0
SORBI_3010G158700	0
SORBI_3010G158766	0
SORBI_3010G158832	0.325123
SORBI_3010G158900	0.684218
SORBI_3010G159000	0.494961
SORBI_3010G159100	34.205091
SORBI_3010G159200	0
SORBI_3010G159300	0
SORBI_3010G159400	4.698567
SORBI_3010G159500	0.227538
SORBI_3010G159600	0
SORBI_3010G159700	2.897564
SORBI_3010G159800	0
SORBI_3010G159900	1.092546
SORBI_3010G160000	0
SORBI_3010G160033	0.756867
SORBI_3010G160066	7.762445
SORBI_3010G160100	0.633334
SORBI_3010G160200	0
SORBI_3010G160300	44.87581
SORBI_3010G160400	20.52352
SORBI_3010G160500	0.348131
SORBI_3010G160600	0.103579
SORBI_3010G160700	1.707338
SORBI_3010G160800	0
SORBI_3010G160850	0
SORBI_3010G160900	2.233226
SORBI_3010G161000	0.087651
SORBI_3010G161050	0
SORBI_3010G161100	0
SORBI_3010G161201	0
SORBI_3010G161300	0
SORBI_3010G161400	0
SORBI_3010G161450	43.648
SORBI_3010G161525	24.097078
SORBI_3010G161600	0.427338
SORBI_3010G161700	0
SORBI_3010G161800	0
SORBI_3010G161900	0.385138
SORBI_3010G162000	1.08691
SORBI_3010G162101	0
SORBI_3010G162200	44.033053
SORBI_3010G162300	0
SORBI_3010G162400	4.988525
SORBI_3010G162500	1.737326
SORBI_3010G162700	0
SORBI_3010G162800	0
SORBI_3010G162900	1.54037
SORBI_3010G163000	12.516041
SORBI_3010G163100	3.908886
SORBI_3010G163150	57.843875
SORBI_3010G163200	1.305223
SORBI_3010G163400	5.02256
ENSRNA049996882	12.389166
ENSRNA049996871	0
SORBI_3010G163600	212.964661
SORBI_3010G163666	0
SORBI_3010G163732	0
SORBI_3010G163800	2.159316
SORBI_3010G163900	22.41485
SORBI_3010G164000	10.689617
SORBI_3010G164100	1.227992
SORBI_3010G164150	0
SORBI_3010G164200	0
SORBI_3010G164300	0
SORBI_3010G164350	22.270576
SORBI_3010G164400	33.225499
SORBI_3010G164500	0
SORBI_3010G164600	0
SORBI_3010G164800	0
SORBI_3010G164900	0
SORBI_3010G165000	0
SORBI_3010G165100	9.080966
SORBI_3010G165200	17.811484
SORBI_3010G165300	48.322918
SORBI_3010G165400	0
SORBI_3010G165500	332.995944
SORBI_3010G165700	7.213222
SORBI_3010G165800	41.248401
SORBI_3010G165900	20.697578
SORBI_3010G165925	0
SORBI_3010G165950	0
SORBI_3010G165975	0
SORBI_3010G166000	11.225754
SORBI_3010G166100	136.461433
SORBI_3010G166201	0
SORBI_3010G166300	0
SORBI_3010G166400	12.884685
SORBI_3010G166500	109.398898
SORBI_3010G166600	0
SORBI_3010G166700	51.346524
ENSRNA049483441	0
SORBI_3010G166800	0
SORBI_3010G166850	0
SORBI_3010G166900	0
SORBI_3010G166950	0
SORBI_3010G167000	0
SORBI_3010G167100	0
SORBI_3010G167200	0
SORBI_3010G167266	0
SORBI_3010G167332	0
SORBI_3010G167400	0
SORBI_3010G167500	5.645804
SORBI_3010G167601	0.073591
SORBI_3010G167700	0
SORBI_3010G167800	0.531808
SORBI_3010G167900	366.807953
SORBI_3010G168000	14.172819
SORBI_3010G168100	0
SORBI_3010G168200	12.966928
SORBI_3010G168301	0
SORBI_3010G168400	2.995045
SORBI_3010G168500	2.128269
SORBI_3010G168600	106.9231
SORBI_3010G168700	0
SORBI_3010G168800	15.216702
SORBI_3010G168900	46.152109
SORBI_3010G169000	20.054951
SORBI_3010G169100	0
SORBI_3010G169200	0
SORBI_3010G169250	0
SORBI_3010G169300	69.499704
SORBI_3010G169500	0
SORBI_3010G169600	66.062119
SORBI_3010G169700	15.994571
SORBI_3010G169900	92.669543
SORBI_3010G169950	0
SORBI_3010G170000	13.875066
SORBI_3010G170150	0.306735
SORBI_3010G170300	21.090837
SORBI_3010G170400	4.148804
SORBI_3010G170500	0.359956
SORBI_3010G170550	1.374238
SORBI_3010G170600	1.801281
SORBI_3010G170700	0
SORBI_3010G170800	0
SORBI_3010G170900	3.46137
SORBI_3010G171000	57.675032
SORBI_3010G171100	40.657107
SORBI_3010G171200	1.517672
SORBI_3010G171300	1.394619
SORBI_3010G171400	0.544837
SORBI_3010G171501	87.399362
SORBI_3010G171600	27.746832
SORBI_3010G171800	0.347518
SORBI_3010G171900	0.278681
SORBI_3010G172000	0.949672
SORBI_3010G172100	0.091664
SORBI_3010G172200	0
SORBI_3010G172300	0
SORBI_3010G172400	86.131655
SORBI_3010G172500	590.515425
SORBI_3010G172600	0
SORBI_3010G172633	0
SORBI_3010G172666	0
SORBI_3010G172700	13.560999
SORBI_3010G172800	1.949437
SORBI_3010G172900	36.545032
SORBI_3010G173000	9.089079
SORBI_3010G173100	1164.561758
SORBI_3010G173201	0.602831
SORBI_3010G173300	0.864662
SORBI_3010G173400	0
SORBI_3010G173550	0
SORBI_3010G173500	0
SORBI_3010G173600	0
SORBI_3010G173700	13.074769
SORBI_3010G173800	0.334805
SORBI_3010G173900	1.861557
SORBI_3010G174000	0
SORBI_3010G174100	0
SORBI_3010G174300	1.928493
SORBI_3010G174400	129.215696
SORBI_3010G174500	178.253897
SORBI_3010G174550	0
SORBI_3010G174600	0
SORBI_3010G174700	19.048223
SORBI_3010G174800	15.103967
SORBI_3010G174900	6.852634
SORBI_3010G175100	0.410835
SORBI_3010G175000	10.919191
SORBI_3010G175200	3.10532
SORBI_3010G175350	0
SORBI_3010G175500	202.716562
SORBI_3010G175400	137.427757
SORBI_3010G175550	0
SORBI_3010G175700	0
SORBI_3010G175800	2.963056
SORBI_3010G175900	3.166351
SORBI_3010G176000	0
SORBI_3010G176101	6.827877
SORBI_3010G176200	98.762717
SORBI_3010G176300	21.807813
SORBI_3010G176400	0
SORBI_3010G176500	17.194964
SORBI_3010G176550	19.624162
SORBI_3010G176600	36.232754
SORBI_3010G176700	0.745072
SORBI_3010G176800	0.509785
SORBI_3010G176900	1.845598
SORBI_3010G177000	0.795433
SORBI_3010G177100	16.7955
SORBI_3010G177200	0.631124
SORBI_3010G177300	0
SORBI_3010G177400	57.935359
ENSRNA049443133	0
SORBI_3010G177500	0
SORBI_3010G177600	0
SORBI_3010G177800	22.998713
SORBI_3010G177900	0.392302
SORBI_3010G178000	16.950938
SORBI_3010G178050	0
SORBI_3010G178100	0
SORBI_3010G178200	120.819069
SORBI_3010G178300	0
SORBI_3010G178401	0
SORBI_3010G178500	0.959655
SORBI_3010G178600	41.389557
SORBI_3010G178700	10.714283
SORBI_3010G178800	199.104779
SORBI_3010G178900	0.315198
SORBI_3010G179000	0
SORBI_3010G179150	0
SORBI_3010G179300	0
SORBI_3010G179400	0.632646
SORBI_3010G179500	0.684572
SORBI_3010G179600	0
SORBI_3010G179700	75.840502
SORBI_3010G179750	0
SORBI_3010G179800	3.015732
SORBI_3010G179850	0.366203
SORBI_3010G179900	0.618275
SORBI_3010G180000	0
SORBI_3010G180100	9.636847
SORBI_3010G180200	0.239087
SORBI_3010G180300	0
SORBI_3010G180350	0
SORBI_3010G180400	720.362736
SORBI_3010G180500	0
SORBI_3010G180550	0.249276
SORBI_3010G180600	95.305911
ENSRNA049996863	0
SORBI_3010G180700	23.158149
SORBI_3010G180800	1.89092
SORBI_3010G180750	0
SORBI_3010G181000	1.247022
SORBI_3010G181100	6.008297
SORBI_3010G181150	0.53905
SORBI_3010G181200	3.881438
SORBI_3010G181300	19.305674
SORBI_3010G181500	2.823581
SORBI_3010G181600	161.407346
SORBI_3010G181701	2.431787
SORBI_3010G181800	0
SORBI_3010G181900	0
SORBI_3010G182000	1.122242
SORBI_3010G182100	501.247103
SORBI_3010G182200	627.962107
SORBI_3010G182300	588.708327
SORBI_3010G182500	0
SORBI_3010G182600	1128.559681
SORBI_3010G182700	4.166378
SORBI_3010G182800	0.724062
SORBI_3010G182900	0
SORBI_3010G182966	43.980508
SORBI_3010G183032	0
SORBI_3010G183100	3.944832
SORBI_3010G183201	254.738905
SORBI_3010G183300	2.180503
SORBI_3010G183350	0.234313
SORBI_3010G183400	21.625473
SORBI_3010G183500	33.144204
SORBI_3010G183600	27.667812
SORBI_3010G183700	0.26028
SORBI_3010G183800	0
SORBI_3010G183900	0
SORBI_3010G184000	163.634667
SORBI_3010G184100	41.652272
SORBI_3010G184201	0
SORBI_3010G184300	62.03553
SORBI_3010G184400	0.347001
SORBI_3010G184500	0.088124
SORBI_3010G184600	33.085206
SORBI_3010G184800	16.088294
SORBI_3010G184900	0.142578
ENSRNA049443107	0
SORBI_3010G185000	1.793933
SORBI_3010G185100	2.158713
SORBI_3010G185200	18.519361
SORBI_3010G185250	0
SORBI_3010G185300	0
SORBI_3010G185350	0
SORBI_3010G185400	51.661059
SORBI_3010G185500	47.56554
SORBI_3010G185600	23.928139
SORBI_3010G185700	15.265118
SORBI_3010G185800	18.125906
SORBI_3010G185850	0.158814
SORBI_3010G185900	0
SORBI_3010G186000	100.542394
SORBI_3010G186100	5.759371
SORBI_3010G186200	25.116555
SORBI_3010G186300	3.080028
SORBI_3010G186400	298.652509
SORBI_3010G186500	74.724503
SORBI_3010G186600	19.48054
SORBI_3010G186700	21.299991
SORBI_3010G186900	0
SORBI_3010G187000	3.385801
SORBI_3010G187100	20.241119
SORBI_3010G187201	0
SORBI_3010G187300	0
SORBI_3010G187350	0
SORBI_3010G187400	0
SORBI_3010G187500	2.384908
SORBI_3010G187600	67.097594
SORBI_3010G187700	0
SORBI_3010G187800	0
SORBI_3010G187900	3.511514
SORBI_3010G187950	0
SORBI_3010G188000	23.66379
SORBI_3010G188100	132.095707
SORBI_3010G188200	18.48272
SORBI_3010G188300	2.796751
SORBI_3010G188400	91.408999
SORBI_3010G188500	0
SORBI_3010G188600	9.130063
SORBI_3010G188700	0.637485
SORBI_3010G188800	24.90533
SORBI_3010G188900	1.971951
SORBI_3010G189000	29.638658
SORBI_3010G189100	9.725819
SORBI_3010G189200	1.450282
SORBI_3010G189300	40.069627
SORBI_3010G189366	0
SORBI_3010G189432	0
SORBI_3010G189500	0.049527
SORBI_3010G189600	4.097479
SORBI_3010G189700	0.501058
SORBI_3010G189800	14.718555
SORBI_3010G189900	0.188519
SORBI_3010G190001	0
SORBI_3010G190100	0
SORBI_3010G190200	0
SORBI_3010G190300	0
SORBI_3010G190350	0
SORBI_3010G190400	0.042219
SORBI_3010G190500	0
SORBI_3010G190600	551.917271
SORBI_3010G190700	0.173514
SORBI_3010G190800	0.421929
SORBI_3010G190900	1.401833
SORBI_3010G191000	0.29816
SORBI_3010G191100	0.848325
SORBI_3010G191200	0
SORBI_3010G191301	0
SORBI_3010G191400	0
SORBI_3010G191450	0
SORBI_3010G191500	0
SORBI_3010G191600	0
SORBI_3010G191700	1.074947
SORBI_3010G191750	0
SORBI_3010G191800	0.46676
SORBI_3010G191900	0
SORBI_3010G192200	0
SORBI_3010G192300	0
SORBI_3010G192366	2.268387
SORBI_3010G192432	7.479123
SORBI_3010G192500	0.661875
SORBI_3010G192600	38.421915
SORBI_3010G192700	0.279849
SORBI_3010G192800	28.440213
SORBI_3010G192900	13.284339
SORBI_3010G193000	8.033287
SORBI_3010G193100	0.46137
SORBI_3010G193200	0.728668
SORBI_3010G193300	106.945037
SORBI_3010G193400	0.136444
SORBI_3010G193501	0
SORBI_3010G193600	21.771989
SORBI_3010G193700	0.33658
SORBI_3010G193800	91.895889
SORBI_3010G193900	61.651636
SORBI_3010G194001	0
SORBI_3010G194100	2.607267
SORBI_3010G194200	2.906119
SORBI_3010G194300	89.537647
SORBI_3010G194400	0
SORBI_3010G194500	0.153904
SORBI_3010G194600	5.313677
SORBI_3010G194700	16.114142
SORBI_3010G194801	0
SORBI_3010G194900	206.56191
SORBI_3010G195000	24.384787
SORBI_3010G195100	24.670422
SORBI_3010G195200	2.962408
SORBI_3010G195301	0
SORBI_3010G195400	0
SORBI_3010G195450	0
SORBI_3010G195500	12.752653
SORBI_3010G195600	0
SORBI_3010G195701	36.841067
SORBI_3010G195800	2.974551
SORBI_3010G195901	5.485006
SORBI_3010G196000	0
SORBI_3010G196100	0.711508
SORBI_3010G196200	0.970148
SORBI_3010G196300	1.14284
SORBI_3010G196400	0
SORBI_3010G196433	0
SORBI_3010G196466	0.288189
SORBI_3010G196500	34.384832
SORBI_3010G196600	15.679379
SORBI_3010G196700	0.133192
SORBI_3010G196800	0
SORBI_3010G196900	0.137687
SORBI_3010G197000	116.728264
SORBI_3010G197200	26.318373
SORBI_3010G197300	0
SORBI_3010G197400	0.652701
SORBI_3010G197500	44.03745
SORBI_3010G197566	0.110494
SORBI_3010G197632	0
SORBI_3010G197700	0
SORBI_3010G197800	30.302254
SORBI_3010G197900	6.758945
SORBI_3010G198000	4.40774
SORBI_3010G198100	0
SORBI_3010G198200	0
SORBI_3010G198400	0
SORBI_3010G198500	0
SORBI_3010G198600	0.470856
SORBI_3010G198700	0
SORBI_3010G198800	0.117575
SORBI_3010G198900	0
SORBI_3010G199000	0
SORBI_3010G199100	11.056575
SORBI_3010G199200	618.838801
SORBI_3010G199300	7.164605
SORBI_3010G199500	0
SORBI_3010G199600	142.267614
SORBI_3010G199700	0.710632
SORBI_3010G199800	29.301494
SORBI_3010G199900	41.068593
SORBI_3010G200000	0
SORBI_3010G200100	0
SORBI_3010G200200	0
SORBI_3010G200300	0
SORBI_3010G200400	0
SORBI_3010G200600	0.159065
SORBI_3010G200700	139.104754
SORBI_3010G200800	2.951045
SORBI_3010G200900	0
SORBI_3010G201000	0
SORBI_3010G201100	0
ENSRNA049483793	0
ENSRNA049996856	0
SORBI_3010G201200	1.947018
SORBI_3010G201266	0
SORBI_3010G201332	0
SORBI_3010G201388	25.253251
SORBI_3010G201444	0
SORBI_3010G201500	18.085448
SORBI_3010G201600	3.58966
SORBI_3010G201700	17.644138
SORBI_3010G201900	3.94528
SORBI_3010G202000	1.459513
SORBI_3010G202100	0
SORBI_3010G202200	0
SORBI_3010G202300	15.681444
SORBI_3010G202400	0
SORBI_3010G202450	0
SORBI_3010G202500	20.770568
SORBI_3010G202600	204.809911
SORBI_3010G202700	0
SORBI_3010G202800	0.232167
SORBI_3010G202900	4.057712
SORBI_3010G203000	0
SORBI_3010G203100	0.547299
SORBI_3010G203150	0
SORBI_3010G203200	42.396405
SORBI_3010G203300	20.373289
SORBI_3010G203400	0
SORBI_3010G203500	0.158277
SORBI_3010G203600	14.288862
SORBI_3010G203700	0
SORBI_3010G203800	0
SORBI_3010G204000	0
SORBI_3010G204100	1.921261
SORBI_3010G204200	0.205665
SORBI_3010G204300	410.69513
SORBI_3010G204400	33.021294
SORBI_3010G204500	50.51705
SORBI_3010G204600	135.481876
SORBI_3010G204700	0
SORBI_3010G204900	13.001788
SORBI_3010G205000	1.67577
SORBI_3010G205100	27.702817
SORBI_3010G205200	305.102912
SORBI_3010G205300	101.788733
SORBI_3010G205400	220.137994
SORBI_3010G205500	174.509669
SORBI_3010G205600	5.777951
SORBI_3010G205700	1.6017
SORBI_3010G205800	38.299372
SORBI_3010G205900	36.339399
SORBI_3010G206000	7.820321
SORBI_3010G206100	0
SORBI_3010G206200	193.477859
SORBI_3010G206300	82.568544
SORBI_3010G206400	0
SORBI_3010G206501	0
SORBI_3010G206600	0
SORBI_3010G206700	0
SORBI_3010G206800	5.436163
SORBI_3010G206900	36.20105
SORBI_3010G207100	73.183326
SORBI_3010G207175	0.442585
SORBI_3010G207250	3.326324
SORBI_3010G207325	0
SORBI_3010G207400	94.195063
SORBI_3010G207450	0
SORBI_3010G207500	285.11528
SORBI_3010G207600	56.044167
SORBI_3010G207700	12.249789
SORBI_3010G207800	0.05394
SORBI_3010G207900	0
SORBI_3010G208000	26.02052
SORBI_3010G208100	0
SORBI_3010G208200	0
SORBI_3010G208300	0
SORBI_3010G208400	15.197512
SORBI_3010G208500	6.240306
SORBI_3010G208600	1.610702
SORBI_3010G208700	3.215836
SORBI_3010G208750	0
SORBI_3010G208800	0
SORBI_3010G208900	4.310218
ENSRNA049442880	0
SORBI_3010G209000	31.579053
SORBI_3010G209100	58.04843
SORBI_3010G209200	35.973518
SORBI_3010G209300	0
SORBI_3010G209400	42.961063
SORBI_3010G209501	4.661452
ENSRNA049996849	0
SORBI_3010G209600	2.814661
SORBI_3010G209700	12.004039
SORBI_3010G209800	0
SORBI_3010G209900	6.881176
SORBI_3010G210000	240.340806
SORBI_3010G210050	0
SORBI_3010G210100	0
SORBI_3010G210200	32.252759
SORBI_3010G210300	8.430265
SORBI_3010G210400	0.134012
SORBI_3010G210500	16.051784
SORBI_3010G210600	36.890762
SORBI_3010G210700	14.592882
SORBI_3010G210800	1.981155
SORBI_3010G211000	0.19804
SORBI_3010G210900	0
SORBI_3010G211100	1.245335
SORBI_3010G211200	6.498011
SORBI_3010G211300	40.832453
SORBI_3010G211400	0.221156
SORBI_3010G211500	26.523217
SORBI_3010G211600	0
SORBI_3010G211700	0.952379
SORBI_3010G211800	4.595759
SORBI_3010G211900	0.108755
SORBI_3010G212000	1.405162
SORBI_3010G212100	0.533445
SORBI_3010G212200	15.641653
ENSRNA049442929	0
SORBI_3010G212350	0
SORBI_3010G212500	0
SORBI_3010G212600	0
SORBI_3010G212700	0
SORBI_3010G212800	0.166737
SORBI_3010G212900	0
SORBI_3010G213000	0.551157
SORBI_3010G213100	0
SORBI_3010G213200	9.0262
SORBI_3010G213301	0
SORBI_3010G213400	57.651565
ENSRNA049996839	0
SORBI_3010G213500	33.875941
SORBI_3010G213600	2.113375
SORBI_3010G213700	1.437842
SORBI_3010G213800	1.228699
SORBI_3010G213900	0.139904
SORBI_3010G214000	31.931864
SORBI_3010G214100	9.425546
SORBI_3010G214150	1.655519
SORBI_3010G214200	119.468022
SORBI_3010G214300	0
SORBI_3010G214400	0.467438
SORBI_3010G214500	0
SORBI_3010G214600	1.919941
SORBI_3010G214700	1.572151
SORBI_3010G214800	3.759536
SORBI_3010G214900	80.55719
SORBI_3010G214950	0
SORBI_3010G215000	0
SORBI_3010G215100	0
SORBI_3010G215201	0
SORBI_3010G215300	0.550467
SORBI_3010G215400	1.024076
SORBI_3010G215500	3.783336
SORBI_3010G215600	59.101821
SORBI_3010G215700	0
SORBI_3010G215800	0.371813
SORBI_3010G215900	3.356127
SORBI_3010G216000	82.940209
SORBI_3010G216100	0
SORBI_3010G216200	121.330576
ENSRNA049483680	0
SORBI_3010G216300	56.488599
SORBI_3010G216400	2.697385
SORBI_3010G216500	0
SORBI_3010G216600	0
SORBI_3010G216700	0
SORBI_3010G216800	0
SORBI_3010G216901	0
SORBI_3010G217001	0
SORBI_3010G217100	23.43033
SORBI_3010G217200	8.84932
SORBI_3010G217400	9.943082
SORBI_3010G217466	0
SORBI_3010G217532	10.66649
SORBI_3010G217600	12.889478
SORBI_3010G217700	0.200946
SORBI_3010G217800	26.597039
SORBI_3010G217900	31.266933
SORBI_3010G218000	5.926904
SORBI_3010G218100	3.120047
SORBI_3010G218200	1.401308
SORBI_3010G218300	10.43329
SORBI_3010G218400	134.927544
ENSRNA049996830	0
SORBI_3010G218500	28.92576
SORBI_3010G218600	2.019698
SORBI_3010G218700	1.587272
SORBI_3010G218800	0
SORBI_3010G218900	0
SORBI_3010G219000	16.790641
SORBI_3010G219100	96.419536
SORBI_3010G219200	0
SORBI_3010G219300	0
SORBI_3010G219400	19.322297
SORBI_3010G219500	3.835782
SORBI_3010G219600	9.929991
SORBI_3010G219700	8.416566
SORBI_3010G219800	48.18107
SORBI_3010G219900	1.260164
SORBI_3010G220000	3.191825
SORBI_3010G220100	46.674108
SORBI_3010G220200	21.235959
SORBI_3010G220300	0
SORBI_3010G220400	0
SORBI_3010G220500	86.394815
SORBI_3010G220600	40.154018
SORBI_3010G220700	0
SORBI_3010G220800	0
SORBI_3010G220900	21.533566
SORBI_3010G220966	0
SORBI_3010G221032	46.867309
SORBI_3010G221100	0
SORBI_3010G221200	0
SORBI_3010G221300	2.460358
SORBI_3010G221400	1.529683
SORBI_3010G221500	0
SORBI_3010G221600	37.196328
SORBI_3010G221700	0.706276
ENSRNA049996820	0
SORBI_3010G221800	108.021858
SORBI_3010G221900	0
SORBI_3010G222000	0
SORBI_3010G222050	0
SORBI_3010G222100	1.425182
SORBI_3010G222200	0
SORBI_3010G222300	0.16562
SORBI_3010G222400	7.839472
SORBI_3010G222501	0
SORBI_3010G222600	0
SORBI_3010G222666	0
SORBI_3010G222732	0
SORBI_3010G222800	5.476953
SORBI_3010G222900	3.374587
SORBI_3010G223100	17.420807
SORBI_3010G223200	302.243083
SORBI_3010G223300	40.864251
SORBI_3010G223400	34.36312
SORBI_3010G223500	1.013148
SORBI_3010G223600	88.846358
SORBI_3010G223700	59.905036
SORBI_3010G223800	2.912167
SORBI_3010G223900	36.982582
SORBI_3010G224000	42.242421
SORBI_3010G224100	12.722176
SORBI_3010G224200	39.654407
SORBI_3010G224300	39.424178
ENSRNA049483783	0
SORBI_3010G224400	0.919692
SORBI_3010G224501	37.233874
SORBI_3010G224600	0
SORBI_3010G224700	30.765673
SORBI_3010G224800	15.278459
SORBI_3010G224900	497.206846
SORBI_3010G225001	1.253283
SORBI_3010G225100	26.329303
SORBI_3010G225125	0
SORBI_3010G225150	0.26213
SORBI_3010G225175	0
SORBI_3010G225201	27.670775
SORBI_3010G225226	2.941816
SORBI_3010G225251	0.340178
SORBI_3010G225276	0
SORBI_3010G225300	61.297714
SORBI_3010G225400	0
SORBI_3010G225500	0
SORBI_3010G225600	0.060164
SORBI_3010G225701	9.78193
SORBI_3010G225801	0
SORBI_3010G225900	0
SORBI_3010G225950	0
SORBI_3010G226000	40.69345
SORBI_3010G226100	0.40149
SORBI_3010G226201	0
SORBI_3010G226300	0
SORBI_3010G226400	0.689868
SORBI_3010G226500	0
SORBI_3010G226600	0
SORBI_3010G226700	0
SORBI_3010G226800	0
SORBI_3010G226901	2.10753
SORBI_3010G227000	2.143709
SORBI_3010G227100	7.612033
SORBI_3010G227150	0
SORBI_3010G227200	1.627577
SORBI_3010G227300	6.3707
SORBI_3010G227400	33.958076
SORBI_3010G227600	0
ENSRNA049442964	0
SORBI_3010G227800	7.259537
SORBI_3010G227900	0
SORBI_3010G227950	0.071828
ENSRNA049996814	0
SORBI_3010G228000	167.157591
SORBI_3010G228100	0
SORBI_3010G228200	0
SORBI_3010G228300	0
SORBI_3010G228400	34.933824
SORBI_3010G228500	14.031248
SORBI_3010G228600	16.2157
SORBI_3010G228700	28.405826
SORBI_3010G228800	0
SORBI_3010G229000	39.247535
SORBI_3010G229025	0
SORBI_3010G229050	0
SORBI_3010G229075	0
SORBI_3010G229100	0
SORBI_3010G229200	0
SORBI_3010G229300	0
SORBI_3010G229400	31.809092
SORBI_3010G229450	1.047318
SORBI_3010G229500	0.541934
SORBI_3010G229600	7.636036
SORBI_3010G229801	0
SORBI_3010G230000	4.791269
SORBI_3010G230100	0
ENSRNA049483688	0
ENSRNA049483729	0
ENSRNA049483746	0
ENSRNA049483777	0
ENSRNA049483773	0
SORBI_3010G230200	0
SORBI_3010G230300	0.724233
SORBI_3010G230400	0
SORBI_3010G230500	46.7855
SORBI_3010G230600	18.502486
SORBI_3010G230700	47.336128
SORBI_3010G230800	0
SORBI_3010G230900	0
SORBI_3010G231000	0
SORBI_3010G231050	0
SORBI_3010G231100	7.546845
SORBI_3010G231200	0.121171
SORBI_3010G231300	25.946598
SORBI_3010G231350	0
SORBI_3010G231400	0.051848
SORBI_3010G231500	9.941286
SORBI_3010G231600	0
SORBI_3010G231700	24.221532
SORBI_3010G231800	8.231173
SORBI_3010G231900	8.033657
SORBI_3010G232000	0.087184
SORBI_3010G232100	725.846376
SORBI_3010G232200	10.348718
SORBI_3010G232300	0
SORBI_3010G232400	4.254082
SORBI_3010G232500	36.286462
SORBI_3010G232600	79.396697
SORBI_3010G232700	2.472232
SORBI_3010G232750	6.875061
ENSRNA049483731	0
ENSRNA049483739	0
ENSRNA049483759	0
ENSRNA049483794	0
ENSRNA049483787	0
ENSRNA049483695	0
ENSRNA049483754	0
ENSRNA049483767	0
ENSRNA049483681	0
ENSRNA049483780	0
ENSRNA049483683	0
SORBI_3010G232800	0
SORBI_3010G232900	9.874277
SORBI_3010G233000	66.48701
ENSRNA049483692	33.105493
SORBI_3010G233100	63.489199
ENSRNA049483730	0
ENSRNA049483697	91.302587
ENSRNA049483775	22.825647
ENSRNA049483698	182.605173
ENSRNA049483755	113.041298
ENSRNA049483796	0
ENSRNA049483690	456.512933
ENSRNA049483684	17.407032
SORBI_3010G233200	252.228972
SORBI_3010G233300	0
SORBI_3010G233400	10.881738
SORBI_3010G233450	2.933354
SORBI_3010G233500	0
SORBI_3010G233600	0.103366
SORBI_3010G233700	0.112754
SORBI_3010G233800	11.604749
SORBI_3010G233900	0.670462
SORBI_3010G234000	253.251963
SORBI_3010G234100	11.634431
SORBI_3010G234200	0.146804
SORBI_3010G234300	0.986459
SORBI_3010G234400	0
SORBI_3010G234500	0.12454
SORBI_3010G234600	1167.848128
SORBI_3010G234700	15.286443
SORBI_3010G234800	4.702626
SORBI_3010G234900	0.211045
SORBI_3010G235000	7.909513
SORBI_3010G235100	0.044182
SORBI_3010G235200	45.138398
SORBI_3010G235300	0
SORBI_3010G235400	0
SORBI_3010G235500	1.348839
SORBI_3010G235550	0
SORBI_3010G235600	3.759956
SORBI_3010G235700	11.913608
SORBI_3010G235800	1.229768
SORBI_3010G235900	0
SORBI_3010G236000	0
SORBI_3010G236100	75.465996
SORBI_3010G236200	20.205484
SORBI_3010G236300	37.037379
SORBI_3010G236400	28.947361
SORBI_3010G236500	100.397409
SORBI_3010G236600	4.550002
SORBI_3010G236700	1.206335
SORBI_3010G236800	1.079192
SORBI_3010G236900	80.379643
SORBI_3010G236950	0
SORBI_3010G237000	1108.683311
SORBI_3010G237100	0
SORBI_3010G237200	0.151586
SORBI_3010G237300	0
SORBI_3010G237400	0
SORBI_3010G237500	0
SORBI_3010G237650	19.700132
SORBI_3010G237800	29.780707
SORBI_3010G237900	16.787997
SORBI_3010G238000	0
SORBI_3010G238100	1.627375
SORBI_3010G238300	0
SORBI_3010G238400	2.43511
SORBI_3010G238500	0
SORBI_3010G238600	21.180434
SORBI_3010G238700	113.978949
SORBI_3010G238800	362.207405
SORBI_3010G238900	0.54781
SORBI_3010G239033	0
SORBI_3010G239166	0
SORBI_3010G239300	0
SORBI_3010G239400	1.850256
SORBI_3010G239500	357.57413
SORBI_3010G239600	876.872147
SORBI_3010G239700	5.194604
SORBI_3010G239800	30.62873
SORBI_3010G239900	40.224622
SORBI_3010G240001	1.724542
SORBI_3010G240100	13.060238
SORBI_3010G240200	0
SORBI_3010G240300	0
SORBI_3010G240400	6.355961
SORBI_3010G240500	22.866773
SORBI_3010G240600	0
SORBI_3010G240700	0.374567
SORBI_3010G240800	9.179155
SORBI_3010G240900	67.817916
SORBI_3010G241000	272.47853
SORBI_3010G241100	0
SORBI_3010G241200	2.566003
SORBI_3010G241300	5.535124
SORBI_3010G241400	0
SORBI_3010G241450	0
SORBI_3010G241500	6.562026
SORBI_3010G241600	13.868223
SORBI_3010G241700	0
SORBI_3010G241800	0
SORBI_3010G241900	0
SORBI_3010G242000	0.17436
SORBI_3010G242100	0.536068
SORBI_3010G242200	2.350047
SORBI_3010G242300	3.977054
SORBI_3010G242400	17.418472
SORBI_3010G242500	0.054032
SORBI_3010G242600	0
SORBI_3010G242700	0
SORBI_3010G242800	0
SORBI_3010G242900	43.429769
SORBI_3010G243000	0.289799
SORBI_3010G243100	0
SORBI_3010G243200	69.997209
SORBI_3010G243300	0.204533
SORBI_3010G243400	22.052058
SORBI_3010G243600	2.210536
SORBI_3010G243700	7.999279
SORBI_3010G243800	0.058317
SORBI_3010G243900	81.48236
SORBI_3010G244000	2.197129
SORBI_3010G244100	1.105415
SORBI_3010G244150	0
SORBI_3010G244200	0
SORBI_3010G244300	0
SORBI_3010G244400	2.347678
SORBI_3010G244500	0.466577
SORBI_3010G244600	1.353287
SORBI_3010G244701	0
SORBI_3010G244800	1.988492
SORBI_3010G244900	3.196396
SORBI_3010G245000	11.542685
SORBI_3010G245100	2.934343
SORBI_3010G245200	33.77163
SORBI_3010G245300	0
SORBI_3010G245400	0
SORBI_3010G245500	1.00416
SORBI_3010G245601	0
SORBI_3010G245701	0
SORBI_3010G245800	138.551275
SORBI_3010G245900	14.464841
SORBI_3010G246000	212.98475
SORBI_3010G246066	0
SORBI_3010G246132	0.292613
SORBI_3010G246200	15.810286
SORBI_3010G246300	4.392757
SORBI_3010G246400	1557.114724
SORBI_3010G246500	0
SORBI_3010G246600	31.40437
SORBI_3010G246650	0
SORBI_3010G246700	2.288115
SORBI_3010G246800	0
SORBI_3010G246900	0
SORBI_3010G247000	0
SORBI_3010G247100	0
SORBI_3010G247200	5.786869
SORBI_3010G247300	0
SORBI_3010G247400	25.591876
SORBI_3010G247500	1.839523
SORBI_3010G247600	0.236476
SORBI_3010G247700	0
SORBI_3010G247800	38.486033
SORBI_3010G247750	0
SORBI_3010G247900	4.9337
SORBI_3010G248000	47.4541
SORBI_3010G248100	53.024747
SORBI_3010G248150	0
SORBI_3010G248200	2.49644
SORBI_3010G248301	15.30335
SORBI_3010G248400	0
SORBI_3010G248500	0
SORBI_3010G248600	0.61082
SORBI_3010G248700	7.160565
SORBI_3010G248800	6.379393
SORBI_3010G248900	1.118911
SORBI_3010G249000	0.584532
SORBI_3010G249100	55.912315
SORBI_3010G249200	54.487979
SORBI_3010G249300	13.327306
SORBI_3010G249400	0
SORBI_3010G249500	42.761896
SORBI_3010G249600	4.351825
SORBI_3010G249700	3.264269
SORBI_3010G249800	0
SORBI_3010G249900	1.380372
SORBI_3010G250000	15.807223
SORBI_3010G250100	20.529306
SORBI_3010G250200	16.310404
SORBI_3010G250300	1.601112
SORBI_3010G250400	9.072927
SORBI_3010G250500	1.585108
SORBI_3010G250600	5.542224
SORBI_3010G250700	0
ENSRNA049483763	0
SORBI_3010G250800	26.887954
SORBI_3010G250900	23.817187
SORBI_3010G251000	79.392851
SORBI_3010G251100	1173.036147
SORBI_3010G251200	59.955491
SORBI_3010G251300	33.629219
SORBI_3010G251400	3.449095
SORBI_3010G251501	0
SORBI_3010G251600	307.906452
SORBI_3010G251700	0
SORBI_3010G251800	0
SORBI_3010G251900	0.049896
SORBI_3010G252000	0.501035
SORBI_3010G252100	0
SORBI_3010G252200	4.759057
SORBI_3010G252301	0
SORBI_3010G252401	0
SORBI_3010G252500	6.619777
SORBI_3010G252550	0
SORBI_3010G252600	0.136967
SORBI_3010G252700	8.70283
SORBI_3010G252800	0
SORBI_3010G252900	1.722344
SORBI_3010G253000	6.992857
SORBI_3010G253100	6.918103
SORBI_3010G253200	0.889711
SORBI_3010G253250	0
SORBI_3010G253300	23.489837
SORBI_3010G253400	34.925299
SORBI_3010G253500	19.209134
SORBI_3010G253600	0
SORBI_3010G253700	0.195607
SORBI_3010G253800	23.180426
SORBI_3010G253901	0.528407
SORBI_3010G254000	0
SORBI_3010G254100	0
SORBI_3010G254200	32.459682
SORBI_3010G254300	5.328856
SORBI_3010G254401	0
SORBI_3010G254500	16.375031
SORBI_3010G254801	0.085367
SORBI_3010G254700	0
SORBI_3010G254900	24.975279
SORBI_3010G255000	0
SORBI_3010G255100	114.149942
SORBI_3010G255200	0
SORBI_3010G255300	19.209249
SORBI_3010G255400	2.160331
SORBI_3010G255500	9.615608
SORBI_3010G255600	7.45729
SORBI_3010G255700	23.984794
SORBI_3010G255800	2.298353
SORBI_3010G255900	5.706061
SORBI_3010G256000	2.062142
SORBI_3010G256100	0
SORBI_3010G256200	55.324683
SORBI_3010G256300	0
SORBI_3010G256400	0
SORBI_3010G256433	7.296343
SORBI_3010G256466	2.115877
SORBI_3010G256500	0
SORBI_3010G256600	19.599011
SORBI_3010G256700	17.917709
SORBI_3010G256800	24.594408
SORBI_3010G256866	0.073197
SORBI_3010G256932	7.331827
SORBI_3010G257000	10.990908
SORBI_3010G257100	102.294343
SORBI_3010G257300	11.273214
SORBI_3010G257200	0
SORBI_3010G257400	21.608154
SORBI_3010G257500	9.539834
SORBI_3010G257600	29.109822
SORBI_3010G257700	0.630763
SORBI_3010G257800	0
SORBI_3010G257900	0
SORBI_3010G258000	470.603226
SORBI_3010G258100	143.023998
SORBI_3010G258200	0
SORBI_3010G258300	38.490077
SORBI_3010G258400	0
SORBI_3010G258500	19.201004
SORBI_3010G258600	2.400462
SORBI_3010G258700	0.928275
SORBI_3010G258800	168.671681
SORBI_3010G258900	0
SORBI_3010G259001	0
SORBI_3010G259100	1.663388
SORBI_3010G259200	0.428485
SORBI_3010G259233	5.71206
SORBI_3010G259266	0
SORBI_3010G259300	51.195154
SORBI_3010G259400	0
SORBI_3010G259500	4.298494
SORBI_3010G259600	14.646533
SORBI_3010G259700	2.991791
SORBI_3010G259800	0
ENSRNA049483720	0
ENSRNA049483752	0
ENSRNA049483706	0
SORBI_3010G259900	85.339324
ENSRNA049483710	0
ENSRNA049483749	0
ENSRNA049483713	0
ENSRNA049483719	0
SORBI_3010G260000	7.54783
SORBI_3010G260100	84.685838
ENSRNA049483717	0
ENSRNA049483744	182.605173
ENSRNA049483727	0
ENSRNA049483723	0
ENSRNA049483725	0
SORBI_3010G260200	3.325604
SORBI_3010G260300	22.529164
SORBI_3010G260400	7.28326
SORBI_3010G260500	68.257652
SORBI_3010G260600	1.320747
SORBI_3010G260700	0.057799
SORBI_3010G260800	0.81609
SORBI_3010G260900	0.650732
SORBI_3010G261000	0
SORBI_3010G261100	7.851966
SORBI_3010G261200	0
SORBI_3010G261300	9.600292
SORBI_3010G261400	3.484693
SORBI_3010G261500	56.582846
SORBI_3010G261600	63.461044
SORBI_3010G261700	0.55371
SORBI_3010G261800	1.08686
SORBI_3010G261900	0
SORBI_3010G262000	27.64195
SORBI_3010G262100	8.652346
SORBI_3010G262200	29.390922
SORBI_3010G262300	57.944521
SORBI_3010G262400	1.324189
SORBI_3010G262433	1085.642376
SORBI_3010G262466	1046.448114
SORBI_3010G262500	854.489624
SORBI_3010G262550	0
SORBI_3010G262600	0
SORBI_3010G262650	0
SORBI_3010G262700	0
SORBI_3010G262800	27.173733
SORBI_3010G262900	30.356352
SORBI_3010G262950	0
SORBI_3010G263001	23.825275
SORBI_3010G263051	0
SORBI_3010G263101	0
SORBI_3010G263151	0
SORBI_3010G263200	0
SORBI_3010G263300	0
SORBI_3010G263400	0
SORBI_3010G263500	0
SORBI_3010G263600	0.725194
SORBI_3010G263700	0.179226
SORBI_3010G263800	63.615882
SORBI_3010G263900	32.035821
SORBI_3010G263950	0
SORBI_3010G264000	22.85186
SORBI_3010G264100	7.732334
SORBI_3010G264150	0
SORBI_3010G264200	30.967226
SORBI_3010G264300	80.148041
SORBI_3010G264400	155.357779
SORBI_3010G264450	0
SORBI_3010G264500	3.402581
SORBI_3010G264601	0
SORBI_3010G264700	6.528202
ENSRNA049996808	6.374547
SORBI_3010G265300	22.855193
SORBI_3010G265400	0
SORBI_3010G265500	16.879449
SORBI_3010G265600	250.967143
SORBI_3010G265700	1.903382
SORBI_3010G265800	44.327379
SORBI_3010G265900	9.072529
SORBI_3010G266000	3.415111
SORBI_3010G266100	0
SORBI_3010G266200	69.59759
SORBI_3010G266300	326.669127
SORBI_3010G266400	0
SORBI_3010G266500	22.863949
SORBI_3010G266600	0
SORBI_3010G266700	35.071819
SORBI_3010G266800	64.286189
SORBI_3010G266900	84.11016
SORBI_3010G267000	18.701622
SORBI_3010G267100	4.523948
SORBI_3010G267200	1.839441
SORBI_3010G267300	0.402399
SORBI_3010G267400	127.271975
SORBI_3010G267500	21.875211
SORBI_3010G267450	0
SORBI_3010G267600	433.935843
SORBI_3010G267650	0.378221
SORBI_3010G267700	4.349901
SORBI_3010G267900	43.521523
SORBI_3010G268001	1.996667
SORBI_3010G268100	10.334582
SORBI_3010G268200	56.30727
SORBI_3010G268300	53.995575
SORBI_3010G268400	35.594408
SORBI_3010G268500	0
SORBI_3010G268600	0
SORBI_3010G268700	0
SORBI_3010G268800	0.58476
SORBI_3010G268900	0
SORBI_3010G269000	0.071676
SORBI_3010G269100	31.507686
SORBI_3010G269200	4.299425
SORBI_3010G269300	9.519909
SORBI_3010G269400	15.945282
SORBI_3010G269500	8.94085
SORBI_3010G269600	103.319492
SORBI_3010G269700	1.390906
SORBI_3010G269800	0.68587
SORBI_3010G269950	0
SORBI_3010G264900	14.040371
SORBI_3010G270100	6.712403
SORBI_3010G265100	0
SORBI_3010G267651	0
SORBI_3010G270200	0.539999
SORBI_3010G270300	11.448842
SORBI_3010G270500	1.786541
SORBI_3010G270700	2.077298
SORBI_3010G270800	0
SORBI_3010G270900	0
SORBI_3010G271000	0
SORBI_3010G271100	7.012269
SORBI_3010G271200	0
SORBI_3010G271300	0
SORBI_3010G271400	0
SORBI_3010G271501	1.637454
SORBI_3010G271600	0
SORBI_3010G271700	0.833296
SORBI_3010G271800	0
SORBI_3010G271901	0
SORBI_3010G272000	14.871883
SORBI_3010G272101	99.634553
SORBI_3010G272200	28.203017
SORBI_3010G272300	0.848822
SORBI_3010G272400	0
SORBI_3010G272501	3.15626
SORBI_3010G272600	0
SORBI_3010G272700	0
SORBI_3010G272800	44.513512
SORBI_3010G272900	1.141282
SORBI_3010G273000	8.641069
SORBI_3010G273100	0
SORBI_3010G273200	0
SORBI_3010G273300	7.391772
SORBI_3010G273400	0.134854
SORBI_3010G273500	0
SORBI_3010G273600	0
SORBI_3010G273700	9.729096
SORBI_3010G273800	98.980855
SORBI_3010G273900	37.368438
SORBI_3010G274000	0.071793
SORBI_3010G274100	0
SORBI_3010G274200	0
SORBI_3010G274300	0
SORBI_3010G274400	0
SORBI_3010G274500	144.859128
SORBI_3010G274600	9.448658
SORBI_3010G274700	0.191404
SORBI_3010G274800	16.436503
SORBI_3010G274900	5.947791
SORBI_3010G275001	2.301061
SORBI_3010G275100	0.403307
SORBI_3010G275150	3.806678
SORBI_3010G275200	1143.893298
SORBI_3010G275300	0
SORBI_3010G275400	55.764074
SORBI_3010G275500	52.436352
SORBI_3010G275550	0
SORBI_3010G275600	0
SORBI_3010G275700	10.600067
SORBI_3010G275800	10.993436
SORBI_3010G276000	0.426481
SORBI_3010G276100	0.443829
SORBI_3010G276200	0
SORBI_3010G276301	0
SORBI_3010G276400	15.400133
SORBI_3010G276500	0
SORBI_3010G276600	16.189804
SORBI_3010G276700	0.147988
SORBI_3010G276800	32.948671
SORBI_3010G276850	9.14342
SORBI_3010G276900	11.144216
SORBI_3010G277000	11.004653
SORBI_3010G277100	55.091731
SORBI_3010G277200	3.313349
ENSRNA049443062	0
SORBI_3010G277300	81.393579
SORBI_3010G277400	0
SORBI_3010G277500	9.02897
SORBI_3010G277550	0.920603
SORBI_3010G277600	24.062959
SORBI_3010G277700	1.097315
SORBI_3010G277800	52.16924
SORBI_3010G277900	22.743287
SORBI_3010G278000	28.418398
SORBI_3010G278100	12.87681
SORBI_3010G278200	59.547265
SORBI_3010G278300	27.748156
SORBI_3010G278400	10.752784
SORBI_3010G278500	20.875766
SORBI_3010G278600	40.580482
SORBI_3010G278700	10.770625
SORBI_3010G278800	112.295458
SORBI_3010G278900	0
SORBI_3010G279000	191.008291
SORBI_3010G279100	9.85172
SORBI_3010G279200	6.843383
ENSRNA049443052	0
SORBI_3010G279300	1.335817
SORBI_3010G279450	26.537854
SORBI_3010G279600	0
SORBI_3010G279700	56.612355
SORBI_3010G279800	9.317787
SORBI_3010G279900	27.70198
SORBI_3010G280000	0
SORBI_3010G280100	43.896922
SORBI_3002G000200	0.150815
SORBI_3002G000300	17.249528
SORBI_3002G000350	0
SORBI_3002G000400	2.620978
SORBI_3002G000500	19.502301
SORBI_3002G000600	20.887597
SORBI_3002G000700	41.524865
SORBI_3002G000800	0
SORBI_3002G000900	0
SORBI_3002G001000	212.049151
SORBI_3002G001100	0.77382
SORBI_3002G001200	0
SORBI_3002G001300	0
SORBI_3002G001400	3.470925
SORBI_3002G001500	7.124142
SORBI_3002G001600	16.628182
ENSRNA049996800	4.453785
SORBI_3002G001700	1.998226
SORBI_3002G001800	1.934279
SORBI_3002G001900	0.374496
SORBI_3002G002000	0.49733
SORBI_3002G002100	23.008172
SORBI_3002G002200	12.874415
SORBI_3002G002300	0.071008
SORBI_3002G002400	0.487973
SORBI_3002G002500	181.918582
SORBI_3002G002600	0
SORBI_3002G002700	6.050507
SORBI_3002G002800	0.039562
SORBI_3002G002900	0
SORBI_3002G003000	31.86742
SORBI_3002G003100	0
SORBI_3002G003200	0
SORBI_3002G003300	18.215835
SORBI_3002G003400	0
SORBI_3002G003500	0.128318
SORBI_3002G003601	0
SORBI_3002G003700	0
SORBI_3002G003800	1.133639
SORBI_3002G003900	0
SORBI_3002G004000	1.438039
SORBI_3002G004100	0.280918
SORBI_3002G004200	0
SORBI_3002G004300	0
SORBI_3002G004400	0
SORBI_3002G004500	0
SORBI_3002G004600	4.773689
SORBI_3002G004700	3.714727
SORBI_3002G004800	19.791657
SORBI_3002G004900	3.102864
SORBI_3002G005000	32.464706
SORBI_3002G005100	0.567226
SORBI_3002G005200	0.535037
SORBI_3002G005300	1.889063
SORBI_3002G005400	0.321962
SORBI_3002G005500	0
SORBI_3002G005600	51.977602
SORBI_3002G005700	19.353279
SORBI_3002G005800	54.814843
SORBI_3002G006001	0.174388
SORBI_3002G005900	0
SORBI_3002G006100	2.991559
SORBI_3002G006200	0
SORBI_3002G006300	17.606544
SORBI_3002G006401	10.156938
SORBI_3002G006500	0
SORBI_3002G006600	162.439915
SORBI_3002G006700	0
SORBI_3002G006801	0
SORBI_3002G006900	80.585024
SORBI_3002G007000	0.944111
SORBI_3002G007100	1549.259561
SORBI_3002G007200	3.831612
SORBI_3002G007250	0
SORBI_3002G007300	0
SORBI_3002G007400	0
SORBI_3002G007500	0
SORBI_3002G007600	0
SORBI_3002G007700	0
SORBI_3002G007800	4.922325
SORBI_3002G007900	0
SORBI_3002G008000	0
SORBI_3002G008100	40.176894
SORBI_3002G008200	0.160657
SORBI_3002G008300	4.860039
SORBI_3002G008400	0
SORBI_3002G008500	28.344788
SORBI_3002G008600	0.597138
SORBI_3002G008701	0.072167
SORBI_3002G008800	20.583358
SORBI_3002G008900	43.832676
SORBI_3002G009000	0
SORBI_3002G009100	0
SORBI_3002G009200	14.497704
SORBI_3002G009300	28.84093
SORBI_3002G009401	2.161567
SORBI_3002G009500	1.599717
SORBI_3002G009600	7.664903
SORBI_3002G009700	7.169162
SORBI_3002G009800	34.469241
SORBI_3002G009900	60.336629
ENSRNA049442577	0
SORBI_3002G010000	0.111356
SORBI_3002G010100	92.74812
SORBI_3002G010150	0
SORBI_3002G010200	374.493256
SORBI_3002G010300	176.632331
SORBI_3002G010400	0.717434
SORBI_3002G010500	0
SORBI_3002G010600	0
SORBI_3002G010700	0.996307
SORBI_3002G010800	7.523217
SORBI_3002G010900	0.043757
SORBI_3002G011000	0
SORBI_3002G011100	1.154811
SORBI_3002G011200	0
SORBI_3002G011300	0
SORBI_3002G011400	0
SORBI_3002G011500	0
SORBI_3002G011600	0
SORBI_3002G011700	0.161661
SORBI_3002G011800	1.307331
SORBI_3002G011900	0.391082
SORBI_3002G012000	0
SORBI_3002G012100	0
SORBI_3002G012200	0
SORBI_3002G012300	0
SORBI_3002G012350	0
SORBI_3002G012400	0.108901
SORBI_3002G012500	0
SORBI_3002G012600	0
SORBI_3002G012650	0
SORBI_3002G012700	0.08247
SORBI_3002G012800	1.008197
SORBI_3002G012900	0
SORBI_3002G013000	0
SORBI_3002G013200	0
SORBI_3002G013300	1.864954
SORBI_3002G013400	0.435047
SORBI_3002G013500	0.277438
SORBI_3002G013550	0
SORBI_3002G013600	0.121989
SORBI_3002G013700	10.06252
SORBI_3002G013800	0
SORBI_3002G013850	0
SORBI_3002G013900	0.653262
SORBI_3002G013966	0.557008
SORBI_3002G014032	0
SORBI_3002G014100	0
SORBI_3002G014200	0.679583
SORBI_3002G014250	0
SORBI_3002G014300	0
SORBI_3002G014400	193.614806
SORBI_3002G014500	29.87396
SORBI_3002G014600	2.985621
SORBI_3002G014700	3.903581
SORBI_3002G014800	17.124034
SORBI_3002G014900	0
SORBI_3002G015000	0
SORBI_3002G015100	0
SORBI_3002G015200	0
SORBI_3002G015266	0
SORBI_3002G015332	2.519042
SORBI_3002G015400	0
SORBI_3002G015500	0
SORBI_3002G015600	0
SORBI_3002G015700	0
SORBI_3002G015800	0.225058
SORBI_3002G015900	0
SORBI_3002G015950	0
SORBI_3002G016000	0
SORBI_3002G016100	20.212269
SORBI_3002G016200	13.293977
SORBI_3002G016250	0
SORBI_3002G016300	4.691817
SORBI_3002G016400	0.100157
SORBI_3002G016500	0.341067
SORBI_3002G016600	7.249656
SORBI_3002G016700	0
SORBI_3002G016800	0
SORBI_3002G016900	0.397328
SORBI_3002G017000	0
SORBI_3002G017100	0
SORBI_3002G017201	0.387755
SORBI_3002G017300	0
SORBI_3002G017400	0
SORBI_3002G017500	9.208368
SORBI_3002G017600	1.683253
SORBI_3002G017700	0.246234
SORBI_3002G017750	1.901026
SORBI_3002G017800	2.46731
SORBI_3002G017900	44.566409
SORBI_3002G018000	0
SORBI_3002G018100	0
SORBI_3002G018133	0
SORBI_3002G018166	0
SORBI_3002G018200	0
SORBI_3002G018250	0
SORBI_3002G018300	24.564896
SORBI_3002G018400	0
SORBI_3002G018500	0
SORBI_3002G018600	16.142088
SORBI_3002G018700	0
SORBI_3002G018800	0
SORBI_3002G018901	1.032315
SORBI_3002G019000	0
SORBI_3002G019100	0
SORBI_3002G019200	0
SORBI_3002G019300	0
SORBI_3002G019400	0.278924
SORBI_3002G019500	3.137684
SORBI_3002G019600	2.581811
SORBI_3002G019750	0
SORBI_3002G019900	0
SORBI_3002G020000	0
SORBI_3002G020100	0.129181
SORBI_3002G020200	4.216235
SORBI_3002G020301	0
SORBI_3002G020400	38.143257
SORBI_3002G020500	0.819912
ENSRNA049996789	0
SORBI_3002G020600	6.199681
ENSRNA049441289	0
SORBI_3002G020700	43.565609
SORBI_3002G020800	0.123553
SORBI_3002G020900	19.321796
SORBI_3002G020950	0
SORBI_3002G021000	2.711795
SORBI_3002G021066	2.00972
SORBI_3002G021132	3.65584
SORBI_3002G021200	2.888212
SORBI_3002G021300	168.458208
ENSRNA049471543	20.289464
SORBI_3002G021500	0
SORBI_3002G021600	0.443714
SORBI_3002G021700	2.196947
SORBI_3002G021900	0.217823
SORBI_3002G022000	0
SORBI_3002G022100	0
SORBI_3002G022200	1.909987
SORBI_3002G022300	0.827258
SORBI_3002G022400	60.638382
SORBI_3002G022500	0
SORBI_3002G022600	0
SORBI_3002G022700	0
SORBI_3002G022800	1.379769
SORBI_3002G022900	0.203062
SORBI_3002G023000	0.333022
SORBI_3002G023100	18.667211
SORBI_3002G023200	0.186973
SORBI_3002G023300	3.96774
SORBI_3002G023400	0
SORBI_3002G023500	0
SORBI_3002G023600	1.710718
SORBI_3002G023700	0
SORBI_3002G023900	209.169923
SORBI_3002G024000	1.978731
SORBI_3002G024100	14.579325
SORBI_3002G024200	1.138909
SORBI_3002G024300	0
SORBI_3002G024400	5.719225
SORBI_3002G024500	0
SORBI_3002G024650	0
SORBI_3002G024800	0
SORBI_3002G025000	2.085384
SORBI_3002G025100	0
SORBI_3002G025200	0
SORBI_3002G025300	0
SORBI_3002G025400	0
SORBI_3002G025500	0
SORBI_3002G025600	0
SORBI_3002G025700	1.419202
SORBI_3002G025900	0
SORBI_3002G026000	0
SORBI_3002G026100	0.40503
SORBI_3002G026150	0.405292
SORBI_3002G026200	2.44912
SORBI_3002G026300	157.14996
SORBI_3002G026500	0
SORBI_3002G026600	0
SORBI_3002G026700	0
SORBI_3002G026800	0
SORBI_3002G026900	0
SORBI_3002G027100	0
SORBI_3002G027166	1.749638
SORBI_3002G027232	0
SORBI_3002G027300	0
SORBI_3002G027401	0
SORBI_3002G027500	4.741526
ENSRNA049441327	0
SORBI_3002G027600	1.376108
SORBI_3002G027700	15.341851
SORBI_3002G027800	53.146733
SORBI_3002G027901	0
SORBI_3002G028000	0
SORBI_3002G028100	0
SORBI_3002G028201	0
SORBI_3002G028300	0
SORBI_3002G028400	3.061038
SORBI_3002G028500	0
SORBI_3002G028566	0
SORBI_3002G028632	0
SORBI_3002G028700	254.764537
SORBI_3002G028800	0.663989
SORBI_3002G028901	0
SORBI_3002G029000	0
SORBI_3002G029100	22.973772
SORBI_3002G029200	0
SORBI_3002G029300	33.911493
SORBI_3002G029400	0
SORBI_3002G029500	0
SORBI_3002G029600	5.17345
SORBI_3002G029700	0
SORBI_3002G029900	2.310548
SORBI_3002G029800	15.758493
ENSRNA049471625	0
ENSRNA049471443	0
SORBI_3002G030001	0.141231
ENSRNA049471447	0
ENSRNA049471439	0
SORBI_3002G030100	0
SORBI_3002G030200	136.609739
SORBI_3002G030300	0.384413
SORBI_3002G030400	0.393201
SORBI_3002G030500	79.898362
SORBI_3002G030575	0
SORBI_3002G030650	0
SORBI_3002G030725	0
SORBI_3002G030800	0
SORBI_3002G030900	17.520794
SORBI_3002G031000	0
ENSRNA049442567	0
SORBI_3002G031100	23.445662
SORBI_3002G031200	0
SORBI_3002G031301	0
SORBI_3002G031400	17.627191
SORBI_3002G031500	4.092536
ENSRNA049996783	0
SORBI_3002G031600	8.070377
SORBI_3002G031700	12.690992
SORBI_3002G031800	0
SORBI_3002G031900	3.184332
SORBI_3002G032000	120.427646
SORBI_3002G032033	0
SORBI_3002G032066	92.822583
SORBI_3002G032100	0
SORBI_3002G032200	269.340113
SORBI_3002G032400	0
SORBI_3002G032500	0.175152
SORBI_3002G032700	15.482245
SORBI_3002G032800	3.635279
SORBI_3002G032900	2.828004
SORBI_3002G033000	0
SORBI_3002G033100	0
SORBI_3002G033200	0.113463
SORBI_3002G033300	26.002778
SORBI_3002G033400	81.151415
SORBI_3002G033500	4.05749
SORBI_3002G033550	0
SORBI_3002G033600	4.919835
SORBI_3002G033700	49.250475
SORBI_3002G033800	22.573527
SORBI_3002G033900	0.552014
SORBI_3002G034100	31.526634
SORBI_3002G034200	0
SORBI_3002G034301	1.135049
SORBI_3002G034400	2.958356
SORBI_3002G034500	202.374115
SORBI_3002G034600	74.776298
SORBI_3002G034700	181.31712
SORBI_3002G034750	17.119235
SORBI_3002G034800	1.404655
SORBI_3002G034900	0
SORBI_3002G035000	0
SORBI_3002G035100	0
SORBI_3002G035200	2.516902
SORBI_3002G035300	0.737184
SORBI_3002G035400	13.708511
SORBI_3002G035500	0.847137
SORBI_3002G035600	10.688295
SORBI_3002G035700	1.010992
SORBI_3002G035733	0
SORBI_3002G035766	0
SORBI_3002G035800	6.70023
SORBI_3002G035900	188.785715
SORBI_3002G036000	84.389609
SORBI_3002G036100	34.660316
SORBI_3002G036150	6.926938
SORBI_3002G036200	0
SORBI_3002G036300	3.130468
SORBI_3002G036400	9.08547
SORBI_3002G036500	0
SORBI_3002G036600	0
SORBI_3002G036800	0
SORBI_3002G036850	0
SORBI_3002G036900	0
SORBI_3002G037000	0
SORBI_3002G037200	0.642922
SORBI_3002G037300	0
SORBI_3002G037400	4.613177
SORBI_3002G037600	13.781522
SORBI_3002G037700	0.762464
SORBI_3002G037800	25.360071
SORBI_3002G037900	5.742147
SORBI_3002G038000	0
SORBI_3002G038200	11.528135
SORBI_3002G038300	15.554076
SORBI_3002G038400	4.626086
SORBI_3002G038500	0
SORBI_3002G038600	4.654863
SORBI_3002G038733	7.939355
SORBI_3002G038866	19.331771
SORBI_3002G039000	201.689276
SORBI_3002G039100	2.49926
SORBI_3002G039200	78.078986
SORBI_3002G039301	0
SORBI_3002G039400	0
SORBI_3002G039500	4.261825
SORBI_3002G039600	2.729003
SORBI_3002G039800	9.252891
SORBI_3002G039700	0
SORBI_3002G039900	0
SORBI_3002G040100	0.035877
SORBI_3002G040201	0
SORBI_3002G040300	16.837789
SORBI_3002G040400	0
SORBI_3002G040500	0
SORBI_3002G040550	0
SORBI_3002G040600	63.865815
SORBI_3002G040700	44.010103
SORBI_3002G040800	49.327229
SORBI_3002G040900	2.226703
SORBI_3002G041000	2.115952
SORBI_3002G041100	7.257122
SORBI_3002G041150	0
SORBI_3002G041200	0.372521
SORBI_3002G041300	2.575053
SORBI_3002G041333	0
SORBI_3002G041366	0
SORBI_3002G041400	0.308603
SORBI_3002G041533	2.352176
SORBI_3002G041666	0.748691
SORBI_3002G041800	0.42597
SORBI_3002G041900	1.753029
SORBI_3002G042000	0.144339
SORBI_3002G042100	2.376541
SORBI_3002G042200	0.522603
SORBI_3002G042300	1.361103
SORBI_3002G042400	23.329447
SORBI_3002G042500	19.097675
SORBI_3002G042600	90.221027
SORBI_3002G042700	0
SORBI_3002G042800	5.9462
SORBI_3002G042900	1.648338
SORBI_3002G043000	13.542219
SORBI_3002G043100	49.686712
SORBI_3002G043201	0.11739
SORBI_3002G043300	256.985842
SORBI_3002G043400	1690.689926
SORBI_3002G043500	71.219825
SORBI_3002G043600	20.532597
SORBI_3002G043700	2.0417
SORBI_3002G043800	11.453204
SORBI_3002G043900	58.904895
SORBI_3002G044000	115.810752
ENSRNA049471516	0
ENSRNA049471490	0
ENSRNA049471601	0
SORBI_3002G044100	0.299197
SORBI_3002G044200	0
SORBI_3002G044300	0
ENSRNA049471574	0
SORBI_3002G044400	0.292858
SORBI_3002G044500	0
SORBI_3002G044600	11.98615
SORBI_3002G044700	0
SORBI_3002G044800	0
SORBI_3002G044900	0.20469
SORBI_3002G045000	1.118517
SORBI_3002G045100	12.816033
SORBI_3002G045200	1.927832
SORBI_3002G045300	672.025636
SORBI_3002G045400	15.197697
SORBI_3002G045600	13.561334
SORBI_3002G045700	15.759695
SORBI_3002G045800	1.05864
SORBI_3002G045850	0
SORBI_3002G045900	0.49242
ENSRNA049471473	0
ENSRNA049471462	0
ENSRNA049471594	0
SORBI_3002G046000	0.612963
SORBI_3002G046100	72.086297
SORBI_3002G046150	0
SORBI_3002G046200	0
SORBI_3002G046300	19.273764
SORBI_3002G046400	0.192374
SORBI_3002G046500	0
SORBI_3002G046600	0
SORBI_3002G046700	23.525202
SORBI_3002G046800	48.703672
SORBI_3002G046900	5.983485
SORBI_3002G047000	79.622563
SORBI_3002G047100	0
SORBI_3002G047300	0
SORBI_3002G047333	34.841947
SORBI_3002G047366	0
SORBI_3002G047400	35.102031
SORBI_3002G047500	22.912469
SORBI_3002G047600	136.36791
SORBI_3002G047700	69.178473
SORBI_3002G047800	0
SORBI_3002G047900	0
SORBI_3002G048001	0.923211
SORBI_3002G048100	0
SORBI_3002G048200	10.886543
SORBI_3002G048250	0
SORBI_3002G048300	0
SORBI_3002G048501	0.216937
SORBI_3002G048700	15.382763
SORBI_3002G048800	2.161072
SORBI_3002G048900	0.206816
SORBI_3002G049000	83.936142
SORBI_3002G049200	12.339566
SORBI_3002G049300	334.374493
SORBI_3002G049400	0
SORBI_3002G049500	0
SORBI_3002G049600	6.850358
SORBI_3002G049700	0.135735
SORBI_3002G049750	0
SORBI_3002G049800	0
SORBI_3002G049900	0
SORBI_3002G050000	0
SORBI_3002G050100	0
SORBI_3002G050200	34.74031
SORBI_3002G050300	0.45602
SORBI_3002G050400	16.361923
SORBI_3002G050450	0
ENSRNA049441438	0
SORBI_3002G050500	2.00869
SORBI_3002G050600	0.359421
SORBI_3002G050700	0.067379
SORBI_3002G050900	113.534686
ENSRNA049442539	0
SORBI_3002G051000	0.620477
SORBI_3002G051100	95.889606
SORBI_3002G051200	4.543521
SORBI_3002G051300	4.604813
SORBI_3002G051400	35.114976
SORBI_3002G051450	2.39647
SORBI_3002G051500	0.705312
SORBI_3002G051600	18.775919
SORBI_3002G051700	142.604784
SORBI_3002G051750	10.867406
SORBI_3002G051800	15.698116
SORBI_3002G051900	1.263108
SORBI_3002G052000	85.713997
SORBI_3002G052100	17.162071
SORBI_3002G052300	0
SORBI_3002G052400	6.344648
SORBI_3002G052500	3.854668
SORBI_3002G052600	1.506155
ENSRNA049996771	0
SORBI_3002G052700	30.523718
SORBI_3002G052800	0.43854
SORBI_3002G052900	18.469179
SORBI_3002G053000	3.615777
SORBI_3002G053100	0
SORBI_3002G053201	0
SORBI_3002G053200	4.984909
SORBI_3002G053300	0
SORBI_3002G053350	5.85883
SORBI_3002G053500	0
SORBI_3002G053600	9.217357
SORBI_3002G053700	0.493488
SORBI_3002G053800	0
SORBI_3002G053900	0
SORBI_3002G054000	209.468997
SORBI_3002G054100	1.075923
SORBI_3002G054200	2.050733
SORBI_3002G054300	42.100176
SORBI_3002G054400	7.936358
SORBI_3002G054500	0.142717
SORBI_3002G054600	72.418171
SORBI_3002G054700	90.280323
SORBI_3002G054800	0.220675
SORBI_3002G054901	5.518202
SORBI_3002G055000	7.339391
SORBI_3002G055100	54.10692
SORBI_3002G055200	0.160819
ENSRNA049471537	0
ENSRNA049471531	0
SORBI_3002G055300	3.465714
SORBI_3002G055400	0.800016
SORBI_3002G055500	0
SORBI_3002G055600	10.95418
SORBI_3002G055700	19.997258
SORBI_3002G055800	1.012778
SORBI_3002G055900	132.12125
SORBI_3002G056000	16.73496
SORBI_3002G056100	0.057464
SORBI_3002G056200	379.15753
SORBI_3002G056300	590.015719
SORBI_3002G056400	34.12786
SORBI_3002G056500	2.680411
SORBI_3002G056600	22.260897
SORBI_3002G056701	25.279303
SORBI_3002G056800	4.051145
SORBI_3002G056900	30.480884
SORBI_3002G057050	0.28867
SORBI_3002G057200	0
SORBI_3002G057300	0.345098
SORBI_3002G057400	0.211147
SORBI_3002G057500	0.703934
SORBI_3002G057550	0
SORBI_3002G057600	74.122007
SORBI_3002G057700	0
SORBI_3002G057800	0
SORBI_3002G057900	768.304821
SORBI_3002G058000	0
SORBI_3002G058100	0
SORBI_3002G058200	0
SORBI_3002G058300	26.723958
SORBI_3002G058400	4.696046
SORBI_3002G058500	22.390452
SORBI_3002G058600	2.863458
SORBI_3002G058700	12.724778
SORBI_3002G058900	0
SORBI_3002G059000	1.643746
SORBI_3002G059100	0
SORBI_3002G059200	11.32068
SORBI_3002G059300	10.853901
SORBI_3002G059500	0
SORBI_3002G059600	0
SORBI_3002G059700	0
SORBI_3002G059800	0.672857
SORBI_3002G059866	0
SORBI_3002G059932	0
SORBI_3002G060000	0
SORBI_3002G060101	0
SORBI_3002G060200	0
SORBI_3002G060400	0.703468
SORBI_3002G060450	1.346155
SORBI_3002G060500	0
SORBI_3002G060600	1.163562
SORBI_3002G060700	3.523926
SORBI_3002G060750	0
SORBI_3002G060800	23.587418
SORBI_3002G060900	7.787207
SORBI_3002G061000	0
SORBI_3002G061100	0
SORBI_3002G061200	0
SORBI_3002G061300	0
SORBI_3002G061400	13.719895
SORBI_3002G061500	0
SORBI_3002G061600	17.261704
SORBI_3002G061666	3.808122
SORBI_3002G061732	0
SORBI_3002G061800	0
SORBI_3002G061900	8.643914
SORBI_3002G062000	1.029568
SORBI_3002G062100	0.796562
SORBI_3002G062300	1.128164
SORBI_3002G062350	0
SORBI_3002G062400	0
SORBI_3002G062500	40.750223
SORBI_3002G062600	0
SORBI_3002G062700	0
SORBI_3002G062800	0.168374
SORBI_3002G062900	0.183014
SORBI_3002G063000	4.065916
SORBI_3002G063201	0
SORBI_3002G063400	0
SORBI_3002G063500	0
SORBI_3002G063533	4.041773
SORBI_3002G063566	0
SORBI_3002G063600	0.74734
SORBI_3002G063700	0
SORBI_3002G063800	0.583678
SORBI_3002G063850	0
SORBI_3002G063900	12.351196
SORBI_3002G064000	0
SORBI_3002G064100	0
SORBI_3002G064200	0
SORBI_3002G064400	0.789844
SORBI_3002G064450	0
SORBI_3002G064500	1.957407
SORBI_3002G064600	0
SORBI_3002G064650	0
SORBI_3002G064700	0.581064
SORBI_3002G064750	3.565793
SORBI_3002G064800	0
SORBI_3002G064900	2.482706
SORBI_3002G065000	76.062042
SORBI_3002G065200	6.627828
SORBI_3002G065300	0.152546
SORBI_3002G065400	4.059387
SORBI_3002G065500	0
SORBI_3002G065600	0
SORBI_3002G065700	0
SORBI_3002G065800	0
SORBI_3002G065900	0.37447
SORBI_3002G066000	0
SORBI_3002G066100	0
SORBI_3002G066200	0
SORBI_3002G066300	0
SORBI_3002G066350	0
SORBI_3002G066400	2.698094
SORBI_3002G066600	0
SORBI_3002G066700	0.248402
SORBI_3002G066800	21.010383
SORBI_3002G066901	9.255372
SORBI_3002G067000	7.652593
SORBI_3002G067050	0.104538
SORBI_3002G067100	14.474946
SORBI_3002G067200	0
ENSRNA049996763	0
SORBI_3002G067300	5.987551
SORBI_3002G067400	0.172109
SORBI_3002G067500	0
SORBI_3002G067600	39.632602
SORBI_3002G067700	0
SORBI_3002G067800	44.317832
SORBI_3002G067900	0
SORBI_3002G068000	0.076932
SORBI_3002G068100	42.212924
SORBI_3002G068300	582.883272
SORBI_3002G068500	0.155061
SORBI_3002G068400	0
SORBI_3002G068600	0.117855
SORBI_3002G068701	0.179145
SORBI_3002G068800	140.439841
SORBI_3002G068900	72.235231
SORBI_3002G069000	3.982713
SORBI_3002G069050	6.230795
SORBI_3002G069100	0
SORBI_3002G069166	0
SORBI_3002G069232	0
SORBI_3002G069300	0
SORBI_3002G069400	0
SORBI_3002G069500	6.293092
SORBI_3002G069601	0
SORBI_3002G069700	0
SORBI_3002G069800	0
SORBI_3002G069900	10.804844
SORBI_3002G070000	0.489942
SORBI_3002G070100	0
SORBI_3002G070200	50.084219
SORBI_3002G070300	34.194127
SORBI_3002G070400	0
SORBI_3002G070500	0
SORBI_3002G070600	152.836656
SORBI_3002G070700	0
SORBI_3002G070800	0
SORBI_3002G070901	0
SORBI_3002G071000	138.305082
SORBI_3002G071100	31.21809
SORBI_3002G071201	0
SORBI_3002G071300	6.251629
SORBI_3002G071350	0.594999
SORBI_3002G071400	46.224496
SORBI_3002G071500	37.011397
SORBI_3002G071600	0
SORBI_3002G071700	0
SORBI_3002G071850	3.116378
SORBI_3002G072000	6.087984
SORBI_3002G072050	2.268387
SORBI_3002G072100	34.835984
SORBI_3002G072200	0.367994
SORBI_3002G072300	31.008481
ENSRNA049471493	0
SORBI_3002G072400	44.431114
SORBI_3002G072500	4.740606
SORBI_3002G072600	89.614588
SORBI_3002G072700	0.631145
SORBI_3002G073000	0.344705
SORBI_3002G073100	2.966538
SORBI_3002G073200	10.742431
SORBI_3002G073250	12.824324
SORBI_3002G073300	7.14253
SORBI_3002G073350	0.406764
SORBI_3002G073400	7.609454
SORBI_3002G073600	0
SORBI_3002G073700	71.06511
SORBI_3002G073800	201.691904
SORBI_3002G073900	25.462375
SORBI_3002G074000	2.02606
SORBI_3002G074100	0.629122
SORBI_3002G074200	46.41523
SORBI_3002G074300	2.137118
SORBI_3002G074400	0.225814
SORBI_3002G074500	1.477224
SORBI_3002G074600	0.17381
SORBI_3002G074700	0.055941
SORBI_3002G074800	0.721986
SORBI_3002G074900	0
SORBI_3002G075000	0
SORBI_3002G075100	0
SORBI_3002G075300	0
SORBI_3002G075400	0
SORBI_3002G075500	228.158251
SORBI_3002G075600	0.182313
SORBI_3002G075700	1.853373
SORBI_3002G075800	95.347363
SORBI_3002G075900	125.924524
SORBI_3002G076000	37.948413
SORBI_3002G076100	29.067601
SORBI_3002G076200	10.259849
SORBI_3002G076300	2.102951
SORBI_3002G076350	1.817391
SORBI_3002G076400	40.272092
SORBI_3002G076450	2.035305
SORBI_3002G076500	45.709784
SORBI_3002G076600	0.427995
SORBI_3002G076700	0
SORBI_3002G076800	49.744998
SORBI_3002G076866	61.758084
SORBI_3002G076932	0
SORBI_3002G077000	1.280559
ENSRNA049471549	0
SORBI_3002G077100	66.447327
SORBI_3002G077200	7.490256
SORBI_3002G077400	0
SORBI_3002G077500	0.40525
SORBI_3002G077600	3.316161
SORBI_3002G077700	0
SORBI_3002G077900	207.928324
SORBI_3002G078000	6.84424
SORBI_3002G078100	3.551106
SORBI_3002G078200	0.279854
SORBI_3002G078300	77.345505
SORBI_3002G078400	730.127666
SORBI_3002G078500	1.458053
SORBI_3002G078600	0
SORBI_3002G078700	0
SORBI_3002G078800	0
SORBI_3002G078850	0
SORBI_3002G078900	5.021468
SORBI_3002G079000	12.115527
SORBI_3002G079100	8.783715
SORBI_3002G079200	0
SORBI_3002G079300	0
SORBI_3002G079400	0
SORBI_3002G079500	0
SORBI_3002G079700	34.712707
SORBI_3002G079801	0
SORBI_3002G079900	7.550978
SORBI_3002G080000	6.380531
SORBI_3002G080100	434.397001
SORBI_3002G080150	0
SORBI_3002G080200	0
SORBI_3002G080400	0.326758
SORBI_3002G080450	0
SORBI_3002G080500	0
SORBI_3002G080600	0
SORBI_3002G080700	0.422374
SORBI_3002G080900	0
SORBI_3002G081000	0
SORBI_3002G081050	0
SORBI_3002G081100	51.745762
SORBI_3002G081300	19.220617
SORBI_3002G081400	25.006951
SORBI_3002G081500	3.435438
SORBI_3002G081600	272.221555
SORBI_3002G081700	0.992125
SORBI_3002G081800	0
SORBI_3002G081850	0
SORBI_3002G081900	13.938898
SORBI_3002G082000	5.185001
SORBI_3002G082100	13.673819
SORBI_3002G082300	3.012053
SORBI_3002G082350	0
SORBI_3002G082400	0
SORBI_3002G082500	0
SORBI_3002G082600	198.771745
SORBI_3002G082700	0
SORBI_3002G082800	0.761162
SORBI_3002G082900	11.536627
SORBI_3002G082950	0
SORBI_3002G083000	14.369653
SORBI_3002G083100	0
SORBI_3002G083200	9.201262
SORBI_3002G083266	109.299766
SORBI_3002G083332	0
SORBI_3002G083400	19.704012
SORBI_3002G083500	17.068616
SORBI_3002G083600	2.591912
SORBI_3002G083700	0
SORBI_3002G083800	78.327935
SORBI_3002G083900	32.400705
SORBI_3002G084100	0.507852
SORBI_3002G084200	0
SORBI_3002G084300	109.162086
SORBI_3002G084400	2.009021
SORBI_3002G084500	7.686132
SORBI_3002G084600	0
SORBI_3002G084700	0
SORBI_3002G084800	29.294958
SORBI_3002G084900	6.726955
SORBI_3002G085000	0
SORBI_3002G085100	2.28272
SORBI_3002G085200	0
SORBI_3002G085300	6.144109
SORBI_3002G085400	0.911114
SORBI_3002G085500	1.12814
SORBI_3002G085700	7.042851
SORBI_3002G085600	0
SORBI_3002G085800	0.770236
SORBI_3002G085900	0
SORBI_3002G086200	19.331173
SORBI_3002G086300	0
SORBI_3002G086400	0
SORBI_3002G086500	0.581248
SORBI_3002G086700	0.094265
SORBI_3002G086800	50.833827
SORBI_3002G086900	0.268296
SORBI_3002G087000	51.668852
SORBI_3002G087200	0
SORBI_3002G087400	0
SORBI_3002G087500	0
SORBI_3002G087600	0
SORBI_3002G087700	0
SORBI_3002G087800	8.463692
SORBI_3002G087900	65.129174
SORBI_3002G088000	0
SORBI_3002G088100	115.846293
SORBI_3002G088200	0
SORBI_3002G088300	0
SORBI_3002G088400	1.162975
SORBI_3002G088600	0.40849
SORBI_3002G088500	0
SORBI_3002G088700	57.034317
SORBI_3002G088800	2.161388
SORBI_3002G088900	0.988034
SORBI_3002G089100	2.495057
SORBI_3002G089200	0
SORBI_3002G089300	0
SORBI_3002G089400	0
SORBI_3002G089500	0
SORBI_3002G089600	0
SORBI_3002G089700	0.344987
SORBI_3002G089900	1.052907
SORBI_3002G090100	0
SORBI_3002G090200	35.599137
SORBI_3002G090300	8.727612
SORBI_3002G090400	19.30226
SORBI_3002G090500	121.145531
ENSRNA049471449	0
SORBI_3002G090600	0.757516
SORBI_3002G090700	44.688691
SORBI_3002G090800	17.451819
SORBI_3002G090900	0.10999
SORBI_3002G091000	0.405205
SORBI_3002G091100	0
SORBI_3002G091200	0.214919
SORBI_3002G091300	0
SORBI_3002G091400	0
SORBI_3002G091500	0.140783
SORBI_3002G091600	7.403529
ENSRNA049442516	0
SORBI_3002G091700	0
SORBI_3002G091800	0
ENSRNA049441490	0
SORBI_3002G091900	0
SORBI_3002G092050	6.508034
SORBI_3002G092200	6.697426
SORBI_3002G092300	63.179144
SORBI_3002G092400	0
SORBI_3002G092500	0.344242
SORBI_3002G092600	0
SORBI_3002G092700	14.809482
SORBI_3002G092801	5.890581
SORBI_3002G092901	1.760955
SORBI_3002G093000	9.915424
SORBI_3002G093150	0
SORBI_3002G093300	19.681964
SORBI_3002G093400	0.213701
SORBI_3002G093500	0.685582
SORBI_3002G093600	0
SORBI_3002G093700	0.139981
SORBI_3002G093800	0.283972
SORBI_3002G093900	41.537199
SORBI_3002G094000	0
SORBI_3002G094100	0
SORBI_3002G094400	0
SORBI_3002G094500	0
SORBI_3002G094600	65.993934
SORBI_3002G094700	0
SORBI_3002G094800	10.258058
SORBI_3002G094900	0
SORBI_3002G095000	0
SORBI_3002G095100	10.047476
SORBI_3002G095200	0
SORBI_3002G095300	0.127478
SORBI_3002G095400	19.036675
SORBI_3002G095600	1.026422
SORBI_3002G095700	13.473727
SORBI_3002G095800	4.532431
SORBI_3002G095900	0.983769
SORBI_3002G096000	0.076383
SORBI_3002G096101	0
SORBI_3002G096201	0
SORBI_3002G096300	0
SORBI_3002G096400	0
SORBI_3002G096501	0
SORBI_3002G096600	0
SORBI_3002G096700	0
SORBI_3002G096800	0.93094
SORBI_3002G096900	0
SORBI_3002G097000	0
SORBI_3002G097100	0
SORBI_3002G097200	0
SORBI_3002G097300	0
SORBI_3002G097400	7.178872
SORBI_3002G097500	0
SORBI_3002G097601	0
SORBI_3002G097700	0
SORBI_3002G097900	2.047633
SORBI_3002G098000	0
SORBI_3002G098050	0
SORBI_3002G098100	12.388171
SORBI_3002G098200	0.571817
SORBI_3002G098300	0
SORBI_3002G098400	0
SORBI_3002G098450	0.165954
SORBI_3002G098500	45.984773
SORBI_3002G098600	1.957545
SORBI_3002G098701	2.674232
SORBI_3002G098800	14.299416
ENSRNA049442498	0
SORBI_3002G098850	0
SORBI_3002G098900	1.305855
SORBI_3002G099000	0
SORBI_3002G099100	0
SORBI_3002G099200	0
SORBI_3002G099300	0
SORBI_3002G099350	12.99668
SORBI_3002G099401	0
SORBI_3002G099451	0
SORBI_3002G099500	0
SORBI_3002G099600	0
SORBI_3002G099700	0
SORBI_3002G099800	0
SORBI_3002G099866	0
SORBI_3002G099932	0
SORBI_3002G100000	0
SORBI_3002G100100	0
SORBI_3002G100200	0
SORBI_3002G100300	0
SORBI_3002G100600	1.97631
SORBI_3002G100700	0.223077
SORBI_3002G100766	0
SORBI_3002G100832	0
SORBI_3002G100900	0
SORBI_3002G100950	0
ENSRNA049442481	0
SORBI_3002G101000	138.776395
SORBI_3002G101100	2.703286
SORBI_3002G101200	0
SORBI_3002G101300	30.051859
SORBI_3002G101400	3.048197
SORBI_3002G101500	0
SORBI_3002G101550	0
SORBI_3002G101600	0.283372
SORBI_3002G101700	0
SORBI_3002G101800	0
SORBI_3002G101900	0
SORBI_3002G102000	10.224454
SORBI_3002G102066	0
SORBI_3002G102132	0
SORBI_3002G102200	14.657439
SORBI_3002G102300	0
SORBI_3002G102500	0
SORBI_3002G102600	0
SORBI_3002G102700	0
SORBI_3002G102800	0
SORBI_3002G102900	0
SORBI_3002G103000	0
SORBI_3002G103100	5.604854
SORBI_3002G103200	0.199011
SORBI_3002G103400	0
SORBI_3002G103500	26.213628
SORBI_3002G103600	11.819859
SORBI_3002G103700	0.654833
SORBI_3002G103800	4.978128
SORBI_3002G103900	0
SORBI_3002G104000	2.062549
SORBI_3002G104050	0
SORBI_3002G104100	10.895647
SORBI_3002G104200	0
SORBI_3002G104300	2.732734
SORBI_3002G104400	3.0976
SORBI_3002G104450	0
SORBI_3002G104500	2.322982
SORBI_3002G104600	1.31182
SORBI_3002G104700	0
SORBI_3002G104801	0
SORBI_3002G104900	132.365612
SORBI_3002G105000	7.098335
SORBI_3002G105101	7.957401
SORBI_3002G105200	24.950607
SORBI_3002G105250	0
SORBI_3002G105300	0
SORBI_3002G105350	0
SORBI_3002G105400	0
SORBI_3002G105501	0
SORBI_3002G105600	0
SORBI_3002G105700	2.347821
SORBI_3002G105800	5.286918
SORBI_3002G105900	0
SORBI_3002G106000	0.63014
SORBI_3002G106100	6.968627
SORBI_3002G106200	2.992221
SORBI_3002G106600	0
SORBI_3002G106700	0
SORBI_3002G106800	0
SORBI_3002G106900	1.084337
SORBI_3002G107000	4.513401
SORBI_3002G107200	2.526867
SORBI_3002G107400	7.584732
SORBI_3002G107466	0
SORBI_3002G107532	11.196331
SORBI_3002G107600	4.330414
SORBI_3002G107700	0
SORBI_3002G107800	0.994266
SORBI_3002G107900	0.397501
SORBI_3002G108000	0
SORBI_3002G108100	3.227383
SORBI_3002G108200	1.752163
SORBI_3002G108300	0
SORBI_3002G108400	0.175345
SORBI_3002G108450	0
SORBI_3002G108500	0
SORBI_3002G108600	2.219725
SORBI_3002G108700	0
SORBI_3002G108800	0
SORBI_3002G108900	0
SORBI_3002G109000	16.385571
SORBI_3002G109100	0
SORBI_3002G109200	0.096007
SORBI_3002G109300	0.141885
SORBI_3002G109400	6.644162
SORBI_3002G109500	0.302141
SORBI_3002G109600	28.185009
SORBI_3002G109700	4.945558
SORBI_3002G109800	5.687232
SORBI_3002G109900	15.977491
SORBI_3002G110000	0.745418
SORBI_3002G110100	9.261399
SORBI_3002G110200	14.503999
SORBI_3002G110300	2.914628
SORBI_3002G110400	2.088819
SORBI_3002G110500	16.814583
SORBI_3002G110600	18.793515
SORBI_3002G110700	24.521081
SORBI_3002G110800	1.946992
SORBI_3002G111000	40.516012
SORBI_3002G111100	0.21466
SORBI_3002G111200	47.177702
SORBI_3002G111300	0
SORBI_3002G111400	0
SORBI_3002G111500	0.331585
SORBI_3002G111600	10.204583
SORBI_3002G111700	1.984096
SORBI_3002G111800	21.287519
SORBI_3002G111900	0.076642
ENSRNA049441507	0
SORBI_3002G112000	0.044931
SORBI_3002G112100	68.249397
SORBI_3002G112200	0.685059
SORBI_3002G112300	3.49695
SORBI_3002G112400	156.466792
SORBI_3002G112500	0.080927
SORBI_3002G112600	12.472895
SORBI_3002G112700	52.669639
SORBI_3002G112850	0
SORBI_3002G113000	0.259268
SORBI_3002G113033	0
SORBI_3002G113066	0
SORBI_3002G113100	1.781755
SORBI_3002G113200	1.581811
SORBI_3002G113300	0.370393
SORBI_3002G113400	0.164711
SORBI_3002G113500	22.433955
SORBI_3002G113600	0.126974
SORBI_3002G113700	1.308584
SORBI_3002G113800	388.69629
SORBI_3002G113900	87.972332
SORBI_3002G114000	0.866964
SORBI_3002G114100	0
SORBI_3002G114150	0
SORBI_3002G114200	0
SORBI_3002G114300	0
SORBI_3002G114400	21.302468
SORBI_3002G114501	0
SORBI_3002G114600	0
SORBI_3002G114700	4.670812
SORBI_3002G114800	59.225812
SORBI_3002G114900	25.842058
SORBI_3002G115000	114.946156
SORBI_3002G115025	0
ENSRNA049996752	0
SORBI_3002G115050	0
SORBI_3002G115075	0
SORBI_3002G115100	0
SORBI_3002G115200	1.898835
SORBI_3002G115300	0
SORBI_3002G115400	1.134194
SORBI_3002G115500	11.986132
SORBI_3002G115600	0
SORBI_3002G115700	0.376368
SORBI_3002G115801	1.796863
SORBI_3002G115900	0
SORBI_3002G116000	44.44109
SORBI_3002G116100	0.092891
SORBI_3002G116200	20.019269
SORBI_3002G116300	6.189281
SORBI_3002G116400	0
SORBI_3002G116500	8.254399
SORBI_3002G116600	0.146827
SORBI_3002G116700	0
SORBI_3002G116800	6.56452
SORBI_3002G116900	47.973779
SORBI_3002G117000	9.978935
SORBI_3002G117100	5.456619
SORBI_3002G117200	8.965449
SORBI_3002G117300	1.031275
SORBI_3002G117400	32.787128
SORBI_3002G117500	28.06492
SORBI_3002G117600	14.615036
SORBI_3002G117700	33.444708
SORBI_3002G117850	0.03874
SORBI_3002G117800	0
SORBI_3002G117900	2.70379
SORBI_3002G118000	0.324616
SORBI_3002G118101	17.524399
SORBI_3002G118200	19.006891
SORBI_3002G118300	0.89378
SORBI_3002G118400	0
SORBI_3002G118500	0
SORBI_3002G118600	1282.156162
SORBI_3002G118700	381.96989
SORBI_3002G118801	0.142488
SORBI_3002G118900	0
SORBI_3002G119000	0
SORBI_3002G119100	1.309702
SORBI_3002G119200	0
SORBI_3002G119400	60.231541
SORBI_3002G119500	163.347214
SORBI_3002G119600	5.76091
SORBI_3002G119700	122.027876
SORBI_3002G119800	9.893623
SORBI_3002G119900	7.160876
ENSRNA049996744	0
SORBI_3002G120100	3.25209
SORBI_3002G120200	0.902019
SORBI_3002G120250	0
SORBI_3002G120300	1.096217
SORBI_3002G120400	0.226986
SORBI_3002G120501	0
SORBI_3002G120601	0
SORBI_3002G120700	4.16142
SORBI_3002G120800	0
SORBI_3002G120850	0
SORBI_3002G120900	0
SORBI_3002G121000	68.684445
SORBI_3002G121050	0
SORBI_3002G121100	0.050892
SORBI_3002G121201	0
SORBI_3002G121300	48.845633
SORBI_3002G121450	0
ENSRNA049478533	0
SORBI_3002G121600	50.653565
SORBI_3002G121701	0
SORBI_3002G121800	0
SORBI_3002G121900	0
SORBI_3002G122000	0
SORBI_3002G122100	0.487745
SORBI_3002G122200	2.68056
SORBI_3002G122300	0
SORBI_3002G122400	0
SORBI_3002G122500	0
SORBI_3002G122600	61.29708
SORBI_3002G122700	58.502678
SORBI_3002G122800	0
SORBI_3002G122900	0
SORBI_3002G123000	13.453679
SORBI_3002G123100	0.055269
SORBI_3002G123200	320.134505
SORBI_3002G123300	0
SORBI_3002G123400	0
SORBI_3002G123500	0.198698
SORBI_3002G123600	1.268678
SORBI_3002G123700	6.437923
SORBI_3002G123750	0
SORBI_3002G123800	0.206394
SORBI_3002G123900	17.641515
SORBI_3002G124100	2.305603
SORBI_3002G124200	10.166041
SORBI_3002G124400	0
SORBI_3002G124450	0
SORBI_3002G124500	0
SORBI_3002G124600	32.913005
SORBI_3002G124700	513.873902
SORBI_3002G124766	0
SORBI_3002G124832	0
SORBI_3002G124900	22.355551
SORBI_3002G125000	4.191828
SORBI_3002G125100	0
SORBI_3002G125200	4.383811
SORBI_3002G125300	2.332137
SORBI_3002G125400	0
SORBI_3002G125500	0
SORBI_3002G125600	1.087465
SORBI_3002G125700	13.356225
SORBI_3002G125800	57.854977
SORBI_3002G125900	130.960206
SORBI_3002G126000	2.364175
SORBI_3002G126100	3.725476
SORBI_3002G126200	25.621908
ENSRNA049996736	0
SORBI_3002G126300	19.790174
SORBI_3002G126400	0
SORBI_3002G126500	18.842015
SORBI_3002G126600	100.669319
SORBI_3002G126700	0
SORBI_3002G126800	30.90807
SORBI_3002G126900	0
SORBI_3002G127100	30.673168
SORBI_3002G127200	12.135751
SORBI_3002G127300	0
SORBI_3002G127400	14.584699
SORBI_3002G127550	21.985205
SORBI_3002G127700	0.240196
SORBI_3002G127800	7.640708
SORBI_3002G127900	25.693227
SORBI_3002G128000	1.233401
SORBI_3002G128101	2.422192
SORBI_3002G128200	77.928366
SORBI_3002G128300	0
SORBI_3002G128400	3.236077
SORBI_3002G128500	0
SORBI_3002G128600	0
SORBI_3002G128700	0
SORBI_3002G128750	2.89225
SORBI_3002G128800	147.885524
SORBI_3002G128900	11.384102
SORBI_3002G129000	66.592474
SORBI_3002G129100	0
SORBI_3002G129200	313.292533
SORBI_3002G129300	0
SORBI_3002G129400	13.239936
SORBI_3002G129500	0
SORBI_3002G129600	0
SORBI_3002G129700	0
SORBI_3002G129800	0
SORBI_3002G129900	0
SORBI_3002G130000	3.566254
SORBI_3002G130101	0
SORBI_3002G130200	0.075403
SORBI_3002G130350	10.678259
SORBI_3002G130500	0.62059
SORBI_3002G130601	0
SORBI_3002G130700	22.494005
SORBI_3002G130800	143.139424
SORBI_3002G130900	17.40403
SORBI_3002G131000	13.98795
SORBI_3002G131100	0.367748
SORBI_3002G131200	14.143604
SORBI_3002G131300	8.280935
ENSRNA049442463	0
SORBI_3002G131400	14.369747
SORBI_3002G131500	20.021169
SORBI_3002G131600	6.892218
SORBI_3002G131700	46.393617
SORBI_3002G131800	67.900121
SORBI_3002G131900	38.21475
SORBI_3002G132000	54.564252
SORBI_3002G132100	0.820809
SORBI_3002G132201	0
SORBI_3002G132300	28.019021
SORBI_3002G132400	50.434951
SORBI_3002G132500	0.62257
SORBI_3002G132600	38.354236
SORBI_3002G132701	0
SORBI_3002G132801	0
SORBI_3002G132900	0
SORBI_3002G133000	22.94925
SORBI_3002G133100	12.333621
SORBI_3002G133150	0
SORBI_3002G133200	0
SORBI_3002G133300	21.269143
SORBI_3002G133350	0
SORBI_3002G133400	28.870697
SORBI_3002G133600	0
SORBI_3002G133700	0.192364
SORBI_3002G133800	263.987497
SORBI_3002G133900	22.501905
SORBI_3002G134001	57.004014
SORBI_3002G134100	0.087176
SORBI_3002G134200	15.556954
SORBI_3002G134250	3.228697
SORBI_3002G134300	0.618027
SORBI_3002G134400	79.868845
SORBI_3002G134600	446.582166
SORBI_3002G134700	0
SORBI_3002G134800	0
SORBI_3002G134900	0
SORBI_3002G135000	1.198018
SORBI_3002G135100	19.002633
SORBI_3002G135200	644.771214
ENSRNA049476476	0
ENSRNA049476483	10.434581
ENSRNA049476474	10.434581
SORBI_3002G135300	0
SORBI_3002G135400	0.837956
SORBI_3002G135500	7.080441
SORBI_3002G135600	1.465973
SORBI_3002G135700	0.262809
SORBI_3002G135750	0
SORBI_3002G135800	0.192888
SORBI_3002G135950	0
SORBI_3002G136100	33.074126
SORBI_3002G136200	57.070935
SORBI_3002G136300	1.246904
SORBI_3002G136400	2.798652
SORBI_3002G136500	0
SORBI_3002G136600	3.498318
SORBI_3002G136700	4.49139
SORBI_3002G136800	2.273588
SORBI_3002G136900	22.287039
SORBI_3002G137000	12.768806
SORBI_3002G137100	4.231065
SORBI_3002G137200	30.390186
SORBI_3002G137300	68.570059
SORBI_3002G137400	27.242643
SORBI_3002G137601	30.367209
SORBI_3002G137800	37.232283
SORBI_3002G137850	0.029049
SORBI_3002G137900	0
SORBI_3002G138000	0
SORBI_3002G138100	14.415035
SORBI_3002G138200	0.453845
SORBI_3002G138300	4.551903
SORBI_3002G138400	0
SORBI_3002G138500	43.857251
SORBI_3002G138600	0
SORBI_3002G138700	410.556459
SORBI_3002G138800	22.379173
SORBI_3002G138900	0
SORBI_3002G139000	3.50481
SORBI_3002G139100	4.389734
SORBI_3002G139200	3.851591
SORBI_3002G139300	0
SORBI_3002G139400	0.80471
SORBI_3002G139600	4.421335
SORBI_3002G139700	1.98798
ENSRNA049996725	0
SORBI_3002G139750	0
SORBI_3002G139800	0
SORBI_3002G139900	0
SORBI_3002G140000	10.587352
SORBI_3002G140100	4.746376
SORBI_3002G140200	0
SORBI_3002G140300	479.352053
SORBI_3002G140400	84.63447
SORBI_3002G140500	0
SORBI_3002G140600	73.597518
SORBI_3002G140700	60.936472
SORBI_3002G140800	4.886388
SORBI_3002G140900	23.485434
SORBI_3002G141000	55.259394
SORBI_3002G141050	0.33459
SORBI_3002G141100	0.124194
SORBI_3002G141200	2.223319
SORBI_3002G141300	130.144712
SORBI_3002G141450	0
SORBI_3002G141600	0.166768
SORBI_3002G141700	32.992381
SORBI_3002G141800	13.894132
SORBI_3002G141900	20.79093
SORBI_3002G142000	0.525922
SORBI_3002G142066	17.323618
SORBI_3002G142132	4.875694
SORBI_3002G142200	0
SORBI_3002G142300	1.247322
SORBI_3002G142350	0
SORBI_3002G142400	1.465973
SORBI_3002G142500	11.958231
SORBI_3002G142550	0
SORBI_3002G142600	55.37289
SORBI_3002G142700	8.539977
SORBI_3002G142900	28.908785
SORBI_3002G142950	0
ENSRNA049996721	0
SORBI_3002G143000	20.137383
SORBI_3002G143100	0.374369
SORBI_3002G143200	52.820515
SORBI_3002G143300	0.427889
SORBI_3002G143450	0
SORBI_3002G143500	40.06135
SORBI_3002G143600	0
SORBI_3002G143700	0
SORBI_3002G143766	0
SORBI_3002G143832	0
SORBI_3002G143900	15.210528
SORBI_3002G144025	0
SORBI_3002G144150	0
SORBI_3002G144275	40.002448
SORBI_3002G144400	0
SORBI_3002G144500	0
SORBI_3002G144600	0
SORBI_3002G144666	0
SORBI_3002G144732	0
SORBI_3002G144800	0.325452
SORBI_3002G144850	0
SORBI_3002G144900	0
SORBI_3002G144933	20.910174
SORBI_3002G144966	11.119474
SORBI_3002G145000	43.4966
SORBI_3002G145101	24.439677
SORBI_3002G145200	0.733012
SORBI_3002G145300	26.844975
SORBI_3002G145400	0
SORBI_3002G145500	2.670827
SORBI_3002G145550	0
SORBI_3002G145600	17.755653
SORBI_3002G145800	40.910759
SORBI_3002G146000	0.869959
SORBI_3002G146100	0.446977
SORBI_3002G146200	11.258028
SORBI_3002G146300	77.643694
SORBI_3002G146400	15.769628
SORBI_3002G146501	0
SORBI_3002G146601	1.565273
SORBI_3002G146701	2.184065
SORBI_3002G146800	0
SORBI_3002G146900	8.818065
SORBI_3002G147100	15.972854
SORBI_3002G147200	1.843086
SORBI_3002G147300	0
SORBI_3002G147350	0
SORBI_3002G147400	0
ENSRNA049465492	0
ENSRNA049465688	0
SORBI_3002G147433	0
SORBI_3002G147466	0
SORBI_3002G147500	1.323149
SORBI_3002G147600	64.498349
SORBI_3002G147550	0
SORBI_3002G147900	0
SORBI_3002G148000	2.231568
SORBI_3002G148100	118.759476
SORBI_3002G148166	0
SORBI_3002G148232	16.654429
SORBI_3002G148300	62.291974
SORBI_3002G148350	0
SORBI_3002G148400	20.165029
SORBI_3002G148550	10.535998
SORBI_3002G148700	127.601166
SORBI_3002G148750	5.959776
SORBI_3002G148801	0
SORBI_3002G148851	0
SORBI_3002G148900	11.498005
SORBI_3002G149000	0
SORBI_3002G149101	0
SORBI_3002G149200	0
SORBI_3002G149300	8.972048
SORBI_3002G149500	0
SORBI_3002G149550	0.279136
SORBI_3002G149600	0
SORBI_3002G149900	0
SORBI_3002G149966	0
SORBI_3002G150032	0
SORBI_3002G150100	0
SORBI_3002G150200	0
SORBI_3002G150301	0
SORBI_3002G150400	0.173861
SORBI_3002G150550	0
SORBI_3002G150700	389.911795
SORBI_3002G150733	0
SORBI_3002G150766	0.069527
SORBI_3002G150800	4.581986
SORBI_3002G150866	0.067876
SORBI_3002G150932	0
SORBI_3002G151000	12.884325
SORBI_3002G151200	0
SORBI_3002G151300	37.101354
SORBI_3002G151400	0.646853
SORBI_3002G151500	0.823411
SORBI_3002G151600	71.815021
SORBI_3002G151700	0
SORBI_3002G151800	1.038616
SORBI_3002G151900	0
SORBI_3002G152200	9.802995
SORBI_3002G152000	0
SORBI_3002G152100	0.127859
SORBI_3002G152300	0
SORBI_3002G152400	0
SORBI_3002G152600	15.363391
SORBI_3002G152700	26.11526
SORBI_3002G152800	22.576084
SORBI_3002G152900	11.802286
SORBI_3002G153000	13.223524
SORBI_3002G153050	0
SORBI_3002G153100	7.44762
SORBI_3002G153200	0
SORBI_3002G153400	70.985644
SORBI_3002G153500	36.981177
SORBI_3002G153600	2.61346
SORBI_3002G153700	19.852853
ENSRNA049996710	0
SORBI_3002G153800	0
SORBI_3002G153900	0
SORBI_3002G154000	51.298279
ENSRNA049996703	0
SORBI_3002G154100	6.008933
SORBI_3002G154300	0
SORBI_3002G154400	31.523288
SORBI_3002G154450	0
SORBI_3002G154501	0
SORBI_3002G154551	34.029228
SORBI_3002G154600	3.571344
SORBI_3002G154700	0
SORBI_3002G154750	0
SORBI_3002G154800	1.85247
SORBI_3002G154900	0
SORBI_3002G155000	13.113093
SORBI_3002G155100	151.68426
SORBI_3002G155200	19.374129
SORBI_3002G155301	4.094791
SORBI_3002G155400	2.298708
SORBI_3002G155500	27.939196
SORBI_3002G155700	0.471833
SORBI_3002G155800	0
SORBI_3002G155900	0
SORBI_3002G156000	77.781614
SORBI_3002G156100	8.531094
SORBI_3002G156200	12.696192
SORBI_3002G156300	0
SORBI_3002G156400	0
SORBI_3002G156500	0
SORBI_3002G156601	0.209372
ENSRNA049996696	0
SORBI_3002G156700	0
SORBI_3002G156750	3.745354
SORBI_3002G156800	0
SORBI_3002G156900	0.400055
SORBI_3002G157000	22.264463
SORBI_3002G157050	0
SORBI_3002G157100	58.030746
SORBI_3002G157200	52.791397
SORBI_3002G157300	44.711726
SORBI_3002G157350	0
SORBI_3002G157400	0
SORBI_3002G157500	0
SORBI_3002G157600	0
SORBI_3002G157800	0
SORBI_3002G157900	0
SORBI_3002G157950	0
SORBI_3002G158000	0
SORBI_3002G158150	0
SORBI_3002G158300	2.043229
SORBI_3002G158401	0.025789
SORBI_3002G158500	5.84461
SORBI_3002G158600	0
SORBI_3002G158700	58.397563
SORBI_3002G158800	9.474778
SORBI_3002G158900	1.864377
SORBI_3002G159000	0
SORBI_3002G159100	17.522488
SORBI_3002G159200	33.764464
SORBI_3002G159300	41.598936
SORBI_3002G159400	0
SORBI_3002G159500	214.563982
SORBI_3002G159700	35.287843
SORBI_3002G159750	0
SORBI_3002G159800	24.815362
SORBI_3002G159900	220.434238
SORBI_3002G160001	0
SORBI_3002G160100	2.748144
SORBI_3002G160200	0
SORBI_3002G160300	4.629926
SORBI_3002G160400	70.626261
SORBI_3002G160500	0
SORBI_3002G160600	0.412185
SORBI_3002G160700	28.148448
SORBI_3002G160800	0
SORBI_3002G160901	0
SORBI_3002G161000	8.155392
SORBI_3002G161100	0
SORBI_3002G161200	0.062705
SORBI_3002G161400	1.115909
SORBI_3002G161600	0
SORBI_3002G161700	25.906353
SORBI_3002G161800	19.022381
SORBI_3002G161900	4.34919
SORBI_3002G162000	0.749557
SORBI_3002G162100	0
SORBI_3002G162200	0
SORBI_3002G162300	1.223619
SORBI_3002G162400	6.116764
SORBI_3002G162450	16.953439
SORBI_3002G162500	6.003924
SORBI_3002G162601	0
SORBI_3002G162701	348.609876
SORBI_3002G162800	147.094973
SORBI_3002G162900	1.010763
SORBI_3002G163000	0
SORBI_3002G163100	0
SORBI_3002G163200	0
SORBI_3002G163301	0
SORBI_3002G163400	0
SORBI_3002G163500	0
SORBI_3002G163600	1.215502
SORBI_3002G163700	1.517389
SORBI_3002G163950	0.304686
SORBI_3002G164200	30.112386
SORBI_3002G164300	30.19172
SORBI_3002G164400	2.327788
SORBI_3002G164600	0.1398
SORBI_3002G164700	0
SORBI_3002G164800	6.370967
SORBI_3002G164833	0
SORBI_3002G164866	0
SORBI_3002G164900	16.297007
SORBI_3002G164960	0
SORBI_3002G165020	0.885227
SORBI_3002G165080	0
SORBI_3002G165140	136.343807
SORBI_3002G165200	0
ENSRNA049480238	22.825647
SORBI_3002G165300	8.434587
SORBI_3002G165401	0
SORBI_3002G165500	0
SORBI_3002G165600	0.056867
SORBI_3002G165700	1.999271
SORBI_3002G165800	22.942329
SORBI_3002G165900	0.363165
SORBI_3002G166000	0
SORBI_3002G166150	0.614718
SORBI_3002G166300	28.192979
SORBI_3002G166400	1.26925
SORBI_3002G166500	18.992212
SORBI_3002G166600	2.029791
SORBI_3002G166700	2.782392
SORBI_3002G166800	0
SORBI_3002G166900	146.356513
SORBI_3002G167000	107.869642
SORBI_3002G167100	8.883811
SORBI_3002G167200	0
SORBI_3002G167250	0
SORBI_3002G167300	0
SORBI_3002G167400	2.836411
SORBI_3002G167500	36.075923
SORBI_3002G167600	9.979888
SORBI_3002G167700	0
SORBI_3002G167800	8.048337
SORBI_3002G168000	1.926261
SORBI_3002G168100	0
SORBI_3002G168150	0
SORBI_3002G168200	0
SORBI_3002G168300	37.987784
SORBI_3002G168400	1.780843
SORBI_3002G168500	13.081482
SORBI_3002G168550	0
SORBI_3002G168600	3.593515
ENSRNA049441585	0
SORBI_3002G168650	0
SORBI_3002G168700	1.118645
SORBI_3002G168750	8.300235
SORBI_3002G168800	0.97576
SORBI_3002G169000	0
SORBI_3002G169200	0
SORBI_3002G169300	2.822801
SORBI_3002G169400	2.761169
SORBI_3002G169500	0
SORBI_3002G169633	15.532202
SORBI_3002G169766	0.226305
SORBI_3002G169900	10.179124
SORBI_3002G170000	0
SORBI_3002G170100	1.737971
SORBI_3002G170200	14.903284
SORBI_3002G170300	0.615902
SORBI_3002G170400	0
SORBI_3002G170500	0
SORBI_3002G170600	0
SORBI_3002G170633	0
SORBI_3002G170666	0
SORBI_3002G170700	0
SORBI_3002G170740	0
SORBI_3002G170780	0.221904
SORBI_3002G170820	0
SORBI_3002G170860	0
SORBI_3002G170900	0
SORBI_3002G171101	10.171313
SORBI_3002G171001	0.484604
SORBI_3002G171200	0.073174
SORBI_3002G171300	38.166887
SORBI_3002G171400	0
ENSRNA049441601	0
SORBI_3002G171500	0
SORBI_3002G171600	0
SORBI_3002G171700	2.306759
SORBI_3002G171800	0
SORBI_3002G171901	0.12651
SORBI_3002G172000	1.411534
SORBI_3002G172100	0
SORBI_3002G172200	0
SORBI_3002G172300	0
SORBI_3002G172401	5.214551
SORBI_3002G172500	1.821681
SORBI_3002G172600	24.857095
SORBI_3002G172700	34.20363
SORBI_3002G172800	0
SORBI_3002G172900	24.723386
SORBI_3002G173000	11.250298
SORBI_3002G173100	12.905895
SORBI_3002G173200	0
SORBI_3002G173300	0
SORBI_3002G173400	3.358728
SORBI_3002G173500	0.874991
SORBI_3002G173600	0
SORBI_3002G173700	0.34496
SORBI_3002G173800	20.231253
SORBI_3002G173900	2.097375
SORBI_3002G174000	20.731738
SORBI_3002G174100	0
SORBI_3002G174200	12.775176
SORBI_3002G174300	52.554726
SORBI_3002G174400	0
SORBI_3002G174500	0.522788
SORBI_3002G174600	0.284032
SORBI_3002G174700	0.15846
SORBI_3002G174801	0.800149
SORBI_3002G174900	14.409315
SORBI_3002G175000	0.562367
SORBI_3002G175050	0
SORBI_3002G175100	373.535233
ENSRNA049480240	0
SORBI_3002G175200	0
SORBI_3002G175300	0
SORBI_3002G175400	6.000168
ENSRNA049441618	0
SORBI_3002G175500	5.92716
SORBI_3002G175550	0.521379
SORBI_3002G175600	2.84389
SORBI_3002G175700	0
SORBI_3002G175800	0
SORBI_3002G175900	1.169192
SORBI_3002G176000	0
SORBI_3002G176100	4.06247
SORBI_3002G176200	14.035376
SORBI_3002G176300	1.550422
SORBI_3002G176400	11.781324
SORBI_3002G176450	0
SORBI_3002G176500	17.995856
SORBI_3002G176600	0
SORBI_3002G176700	1.625008
SORBI_3002G176800	0.84467
SORBI_3002G176900	0
SORBI_3002G177000	131.927691
SORBI_3002G177100	13.800672
SORBI_3002G177200	0
SORBI_3002G177300	10.656422
SORBI_3002G177400	93.366625
ENSRNA049442421	0
SORBI_3002G177500	27.598859
SORBI_3002G177600	1.908815
ENSRNA049441639	0
SORBI_3002G177700	13.053624
SORBI_3002G177800	6.265475
SORBI_3002G177900	11.541874
SORBI_3002G178000	1.507671
SORBI_3002G178101	0.052585
SORBI_3002G178200	0
SORBI_3002G178400	0
SORBI_3002G178601	1.861398
SORBI_3002G178800	0.357551
SORBI_3002G178700	0
SORBI_3002G178900	0
SORBI_3002G179000	105.87887
SORBI_3002G179100	18.744095
SORBI_3002G179150	0.965931
SORBI_3002G179200	0
SORBI_3002G179300	64.9802
SORBI_3002G179400	16.238841
SORBI_3002G179500	42.65594
SORBI_3002G179700	0.265503
SORBI_3002G179800	1.490417
SORBI_3002G179900	12.069432
SORBI_3002G180000	24.52567
SORBI_3002G180100	0.506015
SORBI_3002G180200	7.513921
SORBI_3002G180300	158.313007
SORBI_3002G180400	46.423949
SORBI_3002G180501	19.833809
SORBI_3002G180600	9.531503
SORBI_3002G180666	72.69735
SORBI_3002G180732	0
SORBI_3002G180800	1.121851
SORBI_3002G180900	5.748778
SORBI_3002G181000	8.599169
SORBI_3002G181066	0
SORBI_3002G181132	7.746975
SORBI_3002G181200	2.464438
SORBI_3002G181300	36.315121
SORBI_3002G181400	8.923072
SORBI_3002G181450	0
SORBI_3002G181500	0
SORBI_3002G181600	17.004114
SORBI_3002G181700	24.836641
SORBI_3002G181800	0.173181
SORBI_3002G181900	0
SORBI_3002G182000	12.252348
SORBI_3002G182150	2.51187
SORBI_3002G182300	0
SORBI_3002G182400	0.505548
SORBI_3002G182500	0.528293
SORBI_3002G182601	0
SORBI_3002G182701	0
SORBI_3002G182800	111.289685
SORBI_3002G182850	0
SORBI_3002G182900	8.042582
SORBI_3002G183000	0.424753
SORBI_3002G183100	0.271215
SORBI_3002G183200	3.522223
SORBI_3002G183300	8.243345
SORBI_3002G183400	47.77118
SORBI_3002G183600	0
SORBI_3002G183700	2.656503
SORBI_3002G183750	0.455557
SORBI_3002G183800	0.319882
SORBI_3002G183900	7.092314
ENSRNA049442413	0
SORBI_3002G184100	0.683965
SORBI_3002G184200	21.271923
SORBI_3002G184300	4.234563
SORBI_3002G184400	26.16423
SORBI_3002G184450	0
SORBI_3002G184500	5.033705
SORBI_3002G184600	894.439841
SORBI_3002G184700	0.264512
SORBI_3002G184800	0
SORBI_3002G184900	3.71985
SORBI_3002G185000	3.402581
SORBI_3002G185100	0.329447
SORBI_3002G185200	21.335022
SORBI_3002G185300	44.516624
SORBI_3002G185400	0
SORBI_3002G185500	1.970043
SORBI_3002G185600	0.515055
SORBI_3002G185800	5.58463
SORBI_3002G185900	28.155721
SORBI_3002G186000	18.209823
SORBI_3002G186100	0
SORBI_3002G186200	2.05358
SORBI_3002G186300	89.971358
SORBI_3002G186400	7.77486
SORBI_3002G186500	10.658396
SORBI_3002G186600	0
SORBI_3002G186700	0.143951
SORBI_3002G186800	0
SORBI_3002G186900	33.27058
SORBI_3002G186966	160.33625
SORBI_3002G187032	7.0867
SORBI_3002G187100	12.844895
SORBI_3002G187200	0.621469
SORBI_3002G187300	1.858663
SORBI_3002G187350	0.150879
SORBI_3002G187400	1.54248
SORBI_3002G187500	52.942092
SORBI_3002G187600	0.40733
SORBI_3002G187700	38.218716
SORBI_3002G187801	52.373513
SORBI_3002G187900	0.088968
SORBI_3002G188000	0.741457
SORBI_3002G188100	0
SORBI_3002G188200	0.072946
SORBI_3002G188300	0
SORBI_3002G188350	0
SORBI_3002G188400	0
SORBI_3002G188500	13.786932
SORBI_3002G188600	80.137382
SORBI_3002G188700	25.405482
SORBI_3002G188800	0
SORBI_3002G188900	2.606665
SORBI_3002G189000	41.56175
SORBI_3002G189100	318.696637
SORBI_3002G189300	0.292475
SORBI_3002G189350	0
SORBI_3002G189400	24.709884
SORBI_3002G189500	0
SORBI_3002G189600	17.041568
SORBI_3002G189700	164.162741
SORBI_3002G189750	0
SORBI_3002G189800	0
SORBI_3002G189900	5.063584
SORBI_3002G190000	0.043821
SORBI_3002G190100	0.30702
SORBI_3002G190200	0.396627
SORBI_3002G190300	31.18237
SORBI_3002G190400	0
SORBI_3002G190500	6.325668
SORBI_3002G190600	0
SORBI_3002G190700	3.15023
SORBI_3002G190750	0.97553
SORBI_3002G190800	6.556964
SORBI_3002G190900	49.050841
SORBI_3002G191000	1.084878
SORBI_3002G191100	22.450216
SORBI_3002G191200	0
SORBI_3002G191300	0
SORBI_3002G191400	0
SORBI_3002G191450	0
SORBI_3002G191500	0
SORBI_3002G191600	0
SORBI_3002G191800	3.276604
SORBI_3002G191900	0
SORBI_3002G192000	14.521881
SORBI_3002G192101	10.748584
SORBI_3002G192200	33.568436
SORBI_3002G192500	27.849012
SORBI_3002G192600	0
SORBI_3002G192700	0
SORBI_3002G192800	0
SORBI_3002G192900	4.858985
SORBI_3002G193000	2.270494
SORBI_3002G193100	65.68073
SORBI_3002G193200	0
SORBI_3002G193300	26.680567
SORBI_3002G193400	5.483399
SORBI_3002G193500	14.832375
SORBI_3002G193600	56.35061
SORBI_3002G193800	13.219711
SORBI_3002G193900	1.173896
SORBI_3002G194000	18.24765
SORBI_3002G194100	96.77722
SORBI_3002G194201	0
SORBI_3002G194300	0
SORBI_3002G194400	0.062179
SORBI_3002G194500	0
SORBI_3002G194600	0
SORBI_3002G194650	0
SORBI_3002G194700	28.849043
SORBI_3002G194800	4.180237
SORBI_3002G194900	2.762088
SORBI_3002G195000	1.823949
SORBI_3002G195033	0
SORBI_3002G195066	0
SORBI_3002G195100	0.363729
SORBI_3002G195200	0
SORBI_3002G195300	0
SORBI_3002G195400	3.927332
SORBI_3002G195500	0
SORBI_3002G195600	2.429244
SORBI_3002G195700	23.691873
SORBI_3002G195800	1.638481
SORBI_3002G195900	73.302289
SORBI_3002G196000	0.354997
SORBI_3002G196100	0.613319
SORBI_3002G196200	555.496833
SORBI_3002G196350	65.35078
SORBI_3002G196500	2.582803
SORBI_3002G196600	3.317104
SORBI_3002G196700	0
SORBI_3002G196800	14.207954
SORBI_3002G196900	0.777583
SORBI_3002G197000	0.394612
SORBI_3002G197100	136.771003
SORBI_3002G197200	2.672969
SORBI_3002G197300	6.578937
SORBI_3002G197400	13.380381
SORBI_3002G197500	3.180385
SORBI_3002G197600	82.158611
SORBI_3002G197650	10.471995
SORBI_3002G197700	0
SORBI_3002G197800	0
SORBI_3002G197900	0
SORBI_3002G198000	2.532205
SORBI_3002G198100	4.53963
SORBI_3002G198200	59.624431
SORBI_3002G198300	13.584463
SORBI_3002G198400	0
SORBI_3002G198500	0.50192
SORBI_3002G198600	7.929382
SORBI_3002G198700	0
SORBI_3002G198801	0.178474
SORBI_3002G198900	1.825409
SORBI_3002G199000	4.40049
SORBI_3002G199100	89.479755
SORBI_3002G199200	0
ENSRNA049442373	0
ENSRNA049996690	0
SORBI_3002G199300	0
ENSRNA049480282	0
ENSRNA049480247	0
SORBI_3002G199400	23.052053
SORBI_3002G199500	28.045881
SORBI_3002G199650	8.668785
SORBI_3002G199800	0
SORBI_3002G199850	0
SORBI_3002G199900	35.802172
SORBI_3002G200000	27.875022
SORBI_3002G200100	14.44276
SORBI_3002G200200	17.352794
SORBI_3002G200300	0.584114
SORBI_3002G200400	0
SORBI_3002G200500	2.482424
SORBI_3002G200600	219.297827
SORBI_3002G200700	128.549931
SORBI_3002G200900	11.058571
SORBI_3002G201000	0
SORBI_3002G201100	0
SORBI_3002G201200	0
SORBI_3002G201300	0
SORBI_3002G201400	0
SORBI_3002G201500	0
SORBI_3002G201600	1.989047
SORBI_3002G201700	3.035929
SORBI_3002G201800	0
SORBI_3002G201900	37.345227
SORBI_3002G201950	1.107665
SORBI_3002G202000	10.582705
SORBI_3002G202050	0
SORBI_3002G202100	51.825817
SORBI_3002G202300	100.690628
SORBI_3002G202200	0
SORBI_3002G202350	0
SORBI_3002G202400	34.861444
SORBI_3002G202500	0.159888
SORBI_3002G202600	2.781547
SORBI_3002G202700	17.872585
SORBI_3002G202750	0
SORBI_3002G202800	0
SORBI_3002G203000	27.013786
SORBI_3002G203050	0
SORBI_3002G203100	22.03275
SORBI_3002G203200	0.094637
SORBI_3002G203300	0
ENSRNA049996683	0
SORBI_3002G203401	0
SORBI_3002G203500	4.775376
SORBI_3002G203600	0.546343
SORBI_3002G203700	0.083963
SORBI_3002G203800	0
SORBI_3002G203900	5.310798
SORBI_3002G204000	25.966787
SORBI_3002G204100	11.048592
SORBI_3002G204050	0
SORBI_3002G204200	110.52701
SORBI_3002G204300	0.484984
SORBI_3002G204350	0
SORBI_3002G204400	1.189732
SORBI_3002G204500	0.188167
SORBI_3002G204600	106.612337
SORBI_3002G204700	2.915642
SORBI_3002G204800	7.249336
SORBI_3002G204900	3.901579
SORBI_3002G205000	0.708568
SORBI_3002G205100	0.933593
SORBI_3002G205201	0
SORBI_3002G205300	9.820763
SORBI_3002G205500	1.355608
SORBI_3002G205600	1.910517
SORBI_3002G205700	0.060572
SORBI_3002G205800	0.268047
SORBI_3002G205900	1.341816
SORBI_3002G206000	0.331723
SORBI_3002G206100	0
SORBI_3002G206200	34.554009
SORBI_3002G206300	1.553343
SORBI_3002G206400	0.141006
SORBI_3002G206500	5.21956
SORBI_3002G206600	0.191881
SORBI_3002G206700	97.436593
SORBI_3002G206750	73.847432
SORBI_3002G206800	32.224975
SORBI_3002G206900	0
SORBI_3002G207000	3.554388
SORBI_3002G207100	0
SORBI_3002G207200	1.170238
SORBI_3002G207300	1594.39058
SORBI_3002G207400	27.468293
SORBI_3002G207500	43.849158
SORBI_3002G207601	0.458267
SORBI_3002G207700	74.841832
SORBI_3002G207900	12.729192
SORBI_3002G208000	24.989998
SORBI_3002G208200	69.285643
SORBI_3002G208400	4.228572
SORBI_3002G208301	0
SORBI_3002G208500	0.062492
SORBI_3002G208700	0.257689
SORBI_3002G208800	0
SORBI_3002G208850	0
SORBI_3002G208900	0
SORBI_3002G209000	0.323222
SORBI_3002G209100	2.098344
SORBI_3002G209200	4.65848
SORBI_3002G209300	7.758778
SORBI_3002G209400	19.804898
SORBI_3002G209450	0
SORBI_3002G209500	0
SORBI_3002G209600	10.681754
SORBI_3002G209800	0.300356
ENSRNA049996677	0
SORBI_3002G209900	0
SORBI_3002G210100	17.565243
SORBI_3002G210150	0
SORBI_3002G210200	32.791927
SORBI_3002G210300	17.994628
SORBI_3002G210401	3.724859
SORBI_3002G210500	5.039761
SORBI_3002G210700	0.090508
SORBI_3002G210800	2.12589
SORBI_3002G210901	0.506388
SORBI_3002G211000	6.88608
SORBI_3002G211200	0
SORBI_3002G211300	0
SORBI_3002G211400	0
SORBI_3002G211501	0
SORBI_3002G211600	0
SORBI_3002G211700	0.595331
SORBI_3002G211800	59.897094
SORBI_3002G211900	56.977607
SORBI_3002G212000	659.860942
SORBI_3002G212100	0
SORBI_3002G212200	6.025351
SORBI_3002G212300	0.591145
SORBI_3002G212400	0
SORBI_3002G212500	1.403053
SORBI_3002G212601	0
SORBI_3002G212700	2.741224
SORBI_3002G212800	6.042556
SORBI_3002G212900	0.268832
SORBI_3002G213000	0
SORBI_3002G213050	0
SORBI_3002G213100	0
SORBI_3002G213200	0
SORBI_3002G213300	27.636218
ENSRNA049996671	0
SORBI_3002G213400	33.380977
SORBI_3002G213500	2.231837
SORBI_3002G213600	0.204576
SORBI_3002G213701	0
SORBI_3002G213800	21.728913
ENSRNA049441711	0
SORBI_3002G213900	24.096709
SORBI_3002G214000	0
SORBI_3002G214200	48.278691
SORBI_3002G214300	0
SORBI_3002G214400	97.818961
SORBI_3002G214500	0
SORBI_3002G214600	21.151008
SORBI_3002G214700	2.003786
SORBI_3002G214800	232.373805
SORBI_3002G214900	32.209841
SORBI_3002G215000	2.737943
SORBI_3002G215100	35.459629
SORBI_3002G215200	41.844987
SORBI_3002G215300	1.074285
SORBI_3002G215600	5.453269
SORBI_3002G215700	55.557924
SORBI_3002G215800	2.855832
SORBI_3002G215866	0.275297
SORBI_3002G215932	0
SORBI_3002G216000	0.179154
SORBI_3002G216100	3.700117
SORBI_3002G216200	0
SORBI_3002G216250	0
SORBI_3002G216300	0
SORBI_3002G216400	60.178895
SORBI_3002G216500	16.996866
SORBI_3002G216600	0.097319
SORBI_3002G216650	0
SORBI_3002G216700	2.159485
SORBI_3002G216801	0
SORBI_3002G216900	0
SORBI_3002G217000	0
SORBI_3002G217100	113.290351
SORBI_3002G217133	0
SORBI_3002G217166	0.894433
SORBI_3002G217200	632.78971
SORBI_3002G217300	1.849047
SORBI_3002G217400	19.132911
SORBI_3002G217500	9.933255
SORBI_3002G217600	7.550261
SORBI_3002G217700	160.685894
SORBI_3002G217800	0
SORBI_3002G217900	0.237381
SORBI_3002G218000	15.237288
SORBI_3002G218100	0.330979
SORBI_3002G218200	0.789287
SORBI_3002G218300	0
SORBI_3002G218350	0
SORBI_3002G218400	0
SORBI_3002G218500	67.0323
SORBI_3002G218600	4.251076
SORBI_3002G218700	2.424816
SORBI_3002G218800	1.20915
SORBI_3002G218900	0
SORBI_3002G219000	0.554459
SORBI_3002G219100	0
SORBI_3002G219200	1.912425
SORBI_3002G219300	0
SORBI_3002G219333	0
SORBI_3002G219366	0
SORBI_3002G219400	0
SORBI_3002G219500	0.082595
SORBI_3002G219600	0
SORBI_3002G219700	2.682377
SORBI_3002G219800	28.651412
SORBI_3002G219900	10.225378
SORBI_3002G220000	16.920387
SORBI_3002G220100	0.377303
SORBI_3002G220200	38.535788
SORBI_3002G220300	5.651303
SORBI_3002G220400	0
SORBI_3002G220500	1.399543
SORBI_3002G220600	7.304901
SORBI_3002G220700	0
SORBI_3002G220800	0
SORBI_3002G220900	5.869743
SORBI_3002G221000	0
SORBI_3002G221100	0
SORBI_3002G221200	0
SORBI_3002G221300	0
SORBI_3002G221400	0.124848
SORBI_3002G221450	0
SORBI_3002G221500	0.105172
SORBI_3002G221600	4.264759
SORBI_3002G221700	143.897504
SORBI_3002G221800	1.209779
SORBI_3002G221900	4.013163
SORBI_3002G222000	0
SORBI_3002G222200	15.660425
SORBI_3002G222300	36.483234
SORBI_3002G222400	0.289752
ENSRNA049996661	0
SORBI_3002G222500	0
SORBI_3002G222600	0
SORBI_3002G222700	5.133859
SORBI_3002G222800	20.002233
SORBI_3002G222900	32.01375
SORBI_3002G223000	0
SORBI_3002G223050	0
SORBI_3002G223100	5.622724
SORBI_3002G223200	55.950916
SORBI_3002G223300	14.93383
SORBI_3002G223401	10.420646
SORBI_3002G223500	28.518029
SORBI_3002G223550	0
SORBI_3002G223600	7.296399
SORBI_3002G223650	0
SORBI_3002G223700	19.882168
SORBI_3002G223800	10.951821
SORBI_3002G223900	4.353479
SORBI_3002G224000	0
SORBI_3002G224100	8.718408
SORBI_3002G224200	0
SORBI_3002G224300	0
SORBI_3002G224400	1.045434
SORBI_3002G224450	7.803479
SORBI_3002G224500	10.665228
SORBI_3002G224700	22.234204
SORBI_3002G224800	6.77002
SORBI_3002G224900	0.532161
SORBI_3002G225000	11.724896
SORBI_3002G225100	17.823683
SORBI_3002G225200	2.042427
SORBI_3002G225300	77.766937
SORBI_3002G225400	0.330935
SORBI_3002G225500	0
SORBI_3002G225600	0.258189
SORBI_3002G225650	0.374381
SORBI_3002G225700	298.412915
SORBI_3002G225800	0
SORBI_3002G225900	0.326778
SORBI_3002G226000	10.958379
SORBI_3002G226100	6.452826
SORBI_3002G226200	0
SORBI_3002G226300	0.354845
SORBI_3002G226400	13.104125
SORBI_3002G226500	0.137493
SORBI_3002G226600	0
SORBI_3002G226700	5.450729
SORBI_3002G226800	4.315416
SORBI_3002G226900	62.092981
SORBI_3002G227000	7.169977
SORBI_3002G227100	0.478903
SORBI_3002G227200	11.207373
SORBI_3002G227300	1.820687
SORBI_3002G227400	0
SORBI_3002G227500	15.350623
SORBI_3002G227700	3.280188
SORBI_3002G227800	0
SORBI_3002G227900	0.087897
SORBI_3002G228000	23.482474
SORBI_3002G228100	0
SORBI_3002G228200	0.768864
SORBI_3002G228300	0
SORBI_3002G228400	1.114995
SORBI_3002G228500	6.418881
SORBI_3002G228600	11.024407
SORBI_3002G228700	33.325343
SORBI_3002G228800	0
SORBI_3002G228900	30.353944
SORBI_3002G229000	6.968552
SORBI_3002G229100	0.436525
SORBI_3002G229200	0
SORBI_3002G229250	0
SORBI_3002G229300	5.422521
SORBI_3002G229400	5.041507
SORBI_3002G229500	0
SORBI_3002G229600	5.429443
SORBI_3002G229650	0
SORBI_3002G229700	19.957976
SORBI_3002G229800	0
SORBI_3002G229900	10.855102
SORBI_3002G230000	0
SORBI_3002G230100	31.280744
SORBI_3002G230201	0
SORBI_3002G230301	0
SORBI_3002G230400	2.271309
SORBI_3002G230500	13.096169
SORBI_3002G230600	85.08197
SORBI_3002G230700	1.583402
SORBI_3002G230800	7.635955
SORBI_3002G230900	0.117736
SORBI_3002G231000	0.875874
SORBI_3002G231100	0.263486
SORBI_3002G231200	32.164671
SORBI_3002G231300	21.660236
SORBI_3002G231400	0
SORBI_3002G231500	40.855053
SORBI_3002G231600	1.842087
SORBI_3002G231700	0.214371
SORBI_3002G231800	0.086096
SORBI_3002G231900	23.99512
SORBI_3002G232100	0
SORBI_3002G232200	1.134563
SORBI_3002G232300	0
SORBI_3002G232400	94.747944
SORBI_3002G232500	77.796038
SORBI_3002G232600	0.173264
SORBI_3002G232700	0.150658
SORBI_3002G232800	12.912049
SORBI_3002G232900	0
SORBI_3002G233000	2.570989
SORBI_3002G233100	27.419262
SORBI_3002G233200	0
SORBI_3002G233300	0.129838
SORBI_3002G233400	3.593248
SORBI_3002G233500	2.874288
SORBI_3002G233600	17.377458
SORBI_3002G233700	24.954502
SORBI_3002G233800	86.091293
SORBI_3002G233900	17.641197
SORBI_3002G234000	0.874301
SORBI_3002G234100	0
SORBI_3002G234200	78.345708
SORBI_3002G234300	41.7946
SORBI_3002G234400	40.294112
SORBI_3002G234500	22.183622
SORBI_3002G234600	9.054789
SORBI_3002G234700	2.244879
ENSRNA049442339	0
SORBI_3002G234800	1.986363
SORBI_3002G234900	0
SORBI_3002G235000	0
SORBI_3002G235200	25.033889
SORBI_3002G235300	13.911919
SORBI_3002G235400	0.288375
SORBI_3002G235500	3.364056
SORBI_3002G235600	2.990882
SORBI_3002G235700	0.796372
SORBI_3002G235800	0
SORBI_3002G235900	92.59684
SORBI_3002G236000	1.560728
SORBI_3002G236100	0
SORBI_3002G236200	94.871786
SORBI_3002G236300	0.742278
SORBI_3002G236400	7.662765
SORBI_3002G236500	4.843602
SORBI_3002G236600	6.04291
SORBI_3002G236700	4.929741
SORBI_3002G236800	0
SORBI_3002G236900	0.39577
SORBI_3002G237000	0
SORBI_3002G237100	0
SORBI_3002G237200	0.42156
SORBI_3002G237400	3.316489
SORBI_3002G237500	0
SORBI_3002G237600	4.102545
SORBI_3002G237700	0.903664
SORBI_3002G237750	0.317088
ENSRNA049996658	0
SORBI_3002G237800	5.153663
SORBI_3002G237900	14.006023
SORBI_3002G238000	29.563131
SORBI_3002G238100	17.893117
SORBI_3002G238200	0.108566
SORBI_3002G238300	3.64111
SORBI_3002G238400	21.40434
SORBI_3002G238500	14.905214
SORBI_3002G238600	1.4735
SORBI_3002G238700	0
SORBI_3002G238800	0.228844
SORBI_3002G238900	0
SORBI_3002G239000	0
SORBI_3002G239101	0
SORBI_3002G239200	99.148116
SORBI_3002G239300	13.272386
SORBI_3002G239400	6.480846
SORBI_3002G239450	0
SORBI_3002G239500	0
SORBI_3002G239601	2.653184
SORBI_3002G239700	0.546208
SORBI_3002G239800	0
SORBI_3002G239900	40.787879
SORBI_3002G240000	0
SORBI_3002G240100	0
SORBI_3002G240200	0
SORBI_3002G240300	0.565358
SORBI_3002G240400	0
SORBI_3002G240500	0
SORBI_3002G240700	0.427651
ENSRNA049441734	0
SORBI_3002G240800	0
SORBI_3002G240900	1.228858
SORBI_3002G241000	0
SORBI_3002G241100	1.555392
SORBI_3002G241250	0.193016
SORBI_3002G241400	5.722623
SORBI_3002G241500	20.606011
SORBI_3002G241600	18.528428
SORBI_3002G241700	0.262592
SORBI_3002G241900	0
SORBI_3002G242000	31.979618
SORBI_3002G242100	1.754352
SORBI_3002G242200	75.596379
SORBI_3002G242300	2.316593
SORBI_3002G242400	0
SORBI_3002G242500	39.704069
SORBI_3002G242600	3.008891
SORBI_3002G242650	0.443687
SORBI_3002G242700	6.283742
SORBI_3002G242800	0.532686
SORBI_3002G242900	0.471947
SORBI_3002G243000	3.658376
SORBI_3002G243100	0
SORBI_3002G243200	196.159882
SORBI_3002G243300	0
SORBI_3002G243400	0
SORBI_3002G243500	331.212035
SORBI_3002G243650	12.68032
SORBI_3002G243800	16.634122
SORBI_3002G243900	23.294261
SORBI_3002G244100	128.368711
SORBI_3002G244200	14.297069
SORBI_3002G244300	0.650665
SORBI_3002G244400	0.270251
SORBI_3002G244500	64.916881
SORBI_3002G244600	0
SORBI_3002G244700	3.714569
SORBI_3002G244800	0
SORBI_3002G244901	3.741454
SORBI_3002G245000	14.343114
SORBI_3002G245100	21.143697
SORBI_3002G245200	0
SORBI_3002G245300	1.974413
SORBI_3002G245400	25.557203
SORBI_3002G245500	1.40381
SORBI_3002G245600	3.618275
SORBI_3002G245700	0.383535
SORBI_3002G245800	311.187042
SORBI_3002G245900	11.875078
SORBI_3002G246000	0.400496
SORBI_3002G246100	0
SORBI_3002G246200	84.955157
SORBI_3002G246300	1.16309
SORBI_3002G246400	7.25994
SORBI_3002G246500	9.724145
SORBI_3002G246600	5.733313
SORBI_3002G246700	106.027497
SORBI_3002G246800	3.827408
SORBI_3002G246900	0
SORBI_3002G246950	0
SORBI_3002G247000	4.1214
SORBI_3002G247100	0
SORBI_3002G247200	2.844816
SORBI_3002G247300	0.233137
SORBI_3002G247401	0.911855
SORBI_3002G247500	21.620054
SORBI_3002G247600	15.799886
SORBI_3002G247700	0
SORBI_3002G247800	12.217476
SORBI_3002G247900	0
SORBI_3002G248001	27.040119
SORBI_3002G248100	54.975557
SORBI_3002G248201	1.579674
SORBI_3002G248300	0
ENSRNA049480636	0.992822
SORBI_3002G248400	51.350635
SORBI_3002G248500	38.814048
SORBI_3002G248600	15.236779
SORBI_3002G248700	13.700191
SORBI_3002G248800	11.107593
SORBI_3002G248900	45.156352
SORBI_3002G249000	35.09626
SORBI_3002G249101	0.201125
SORBI_3002G249200	91.422881
SORBI_3002G249300	0.212604
SORBI_3002G249400	0.030393
SORBI_3002G249500	37.874385
SORBI_3002G249600	0.875031
SORBI_3002G249650	0
SORBI_3002G249700	0.425407
SORBI_3002G249800	71.785223
SORBI_3002G249900	27.960389
SORBI_3002G250000	4.678333
SORBI_3002G250100	1.61068
SORBI_3002G250200	0
SORBI_3002G250300	0.138172
SORBI_3002G250400	47.005863
SORBI_3002G250550	112.741317
SORBI_3002G250700	0
SORBI_3002G250800	0
SORBI_3002G250900	0.739829
SORBI_3002G251000	1.065542
SORBI_3002G251050	0
SORBI_3002G251100	1.185359
SORBI_3002G251200	3.324882
SORBI_3002G251300	1.134194
SORBI_3002G251400	4.066345
SORBI_3002G251501	0
SORBI_3002G251600	0
SORBI_3002G251700	60.060132
SORBI_3002G251800	4.26514
SORBI_3002G251900	6.821207
SORBI_3002G252000	61.343649
SORBI_3002G252100	41.085938
SORBI_3002G252200	0.838667
SORBI_3002G252300	7.750024
SORBI_3002G252400	18.22151
SORBI_3002G252500	15.18803
SORBI_3002G252600	177.846243
SORBI_3002G252700	0.150781
SORBI_3002G252800	9.193758
SORBI_3002G252900	64.972983
SORBI_3002G253000	22.260537
SORBI_3002G253100	15.43082
SORBI_3002G253200	0
SORBI_3002G253300	0
SORBI_3002G253400	1.594997
SORBI_3002G253500	0.893467
SORBI_3002G253600	7.125132
SORBI_3002G253800	0.858219
SORBI_3002G253900	16.468901
SORBI_3002G254000	0.171654
SORBI_3002G254100	0.14012
SORBI_3002G254200	4.63461
SORBI_3002G254250	0
SORBI_3002G254300	0.412287
SORBI_3002G254500	22.223853
SORBI_3002G254600	2.573117
SORBI_3002G254650	12.416404
SORBI_3002G254700	0.51192
SORBI_3002G254800	13.150464
SORBI_3002G254900	21.138406
SORBI_3002G255000	0
SORBI_3002G255100	160.733141
SORBI_3002G255200	35.289075
SORBI_3002G255300	60.778371
SORBI_3002G255400	41.080176
SORBI_3002G255500	0.865004
SORBI_3002G255600	8.017282
SORBI_3002G255700	0.185595
SORBI_3002G255800	0
SORBI_3002G255901	0.154078
SORBI_3002G256000	30.244245
SORBI_3002G256100	1.55938
SORBI_3002G256200	50.357741
SORBI_3002G256250	0
SORBI_3002G256300	20.403698
SORBI_3002G256400	1.333125
SORBI_3002G256500	10.816914
SORBI_3002G256601	0.840311
SORBI_3002G256700	25.605803
SORBI_3002G256800	104.339854
SORBI_3002G256900	0.097847
SORBI_3002G257001	0.181459
SORBI_3002G257100	42.246425
SORBI_3002G257150	0.22439
SORBI_3002G257200	156.494697
SORBI_3002G257300	101.88245
SORBI_3002G257400	229.325564
SORBI_3002G257500	4.183652
SORBI_3002G257600	2.746455
SORBI_3002G257750	20.721749
SORBI_3002G257900	5.577438
SORBI_3002G258000	0
SORBI_3002G258100	15.722651
SORBI_3002G258200	0.173896
SORBI_3002G258300	0.14541
SORBI_3002G258400	18.938942
SORBI_3002G258500	0
SORBI_3002G258600	17.471879
SORBI_3002G258700	0
SORBI_3002G258800	443.914953
SORBI_3002G258900	0
SORBI_3002G259000	447.288988
SORBI_3002G259100	1.362051
SORBI_3002G259200	0
SORBI_3002G259301	0
SORBI_3002G259400	80.34361
SORBI_3002G259466	0.775693
ENSRNA049996651	0
SORBI_3002G259532	0
SORBI_3002G259600	5.078995
SORBI_3002G259700	118.570842
SORBI_3002G259800	38.699294
SORBI_3002G259900	2.682947
SORBI_3002G260000	89.391859
SORBI_3002G260100	0
ENSRNA049996644	0
ENSRNA049996637	0
ENSRNA049480657	0
ENSRNA049480666	0
SORBI_3002G260200	32.225851
ENSRNA049441756	0
SORBI_3002G260300	0
SORBI_3002G260400	27.905827
SORBI_3002G260500	0
SORBI_3002G260600	0.158337
SORBI_3002G260700	25.204788
SORBI_3002G260800	0
SORBI_3002G260900	54.081637
SORBI_3002G261000	17.144125
SORBI_3002G261100	148.359577
SORBI_3002G261200	24.579379
SORBI_3002G261300	3.309009
SORBI_3002G261400	0.213032
SORBI_3002G261450	0
SORBI_3002G261500	0.449194
SORBI_3002G261600	75.141632
SORBI_3002G261700	9.365234
SORBI_3002G261800	50.42175
SORBI_3002G261900	234.667191
SORBI_3002G262000	119.662938
SORBI_3002G262100	37.817553
SORBI_3002G262200	10.277096
SORBI_3002G262250	0
SORBI_3002G262300	23.22802
SORBI_3002G262400	12.169111
SORBI_3002G262500	0
SORBI_3002G262600	148.297283
SORBI_3002G262700	50.373933
SORBI_3002G262800	15.870313
SORBI_3002G262850	0
SORBI_3002G262900	16.246651
SORBI_3002G263000	5.540373
SORBI_3002G263100	10.021396
SORBI_3002G263200	8.743298
SORBI_3002G263300	16.316216
SORBI_3002G263600	15.038649
SORBI_3002G263700	27.286277
SORBI_3002G263800	264.562195
SORBI_3002G263900	21.79877
SORBI_3002G264000	2.771966
SORBI_3002G263400	6.231228
SORBI_3002G263500	0
SORBI_3002G264100	9.211848
SORBI_3002G264200	23.456075
SORBI_3002G264300	10.654573
SORBI_3002G264400	134.233304
SORBI_3002G264500	16.404962
SORBI_3002G264600	93.771241
SORBI_3002G264700	0
SORBI_3002G264800	1.052884
SORBI_3002G264900	11.639245
SORBI_3002G265001	0
SORBI_3002G265100	0
SORBI_3002G265133	0
SORBI_3002G265166	0
SORBI_3002G265200	1.003204
SORBI_3002G265300	62.884893
SORBI_3002G265400	0.349703
SORBI_3002G265500	0
SORBI_3002G265600	0.470146
SORBI_3002G265700	0
SORBI_3002G265800	1.510553
SORBI_3002G265900	1.403391
SORBI_3002G266000	258.84544
SORBI_3002G266100	1.067528
SORBI_3002G266200	8.550896
SORBI_3002G266250	0
SORBI_3002G266300	19.19068
SORBI_3002G266400	0
SORBI_3002G266500	0
SORBI_3002G266600	0.07204
SORBI_3002G266700	0
SORBI_3002G266800	6.39757
SORBI_3002G266900	3.681108
SORBI_3002G267000	0
SORBI_3002G267050	0
SORBI_3002G267100	0
SORBI_3002G267300	1.413256
SORBI_3002G267400	7.404187
SORBI_3002G267500	95.532275
SORBI_3002G267600	1.814557
SORBI_3002G267700	1.26079
SORBI_3002G267800	12.384267
SORBI_3002G267900	1.754719
SORBI_3002G268000	23.429153
SORBI_3002G268100	264.56947
SORBI_3002G268200	0.123928
SORBI_3002G268250	0
SORBI_3002G268300	0
SORBI_3002G268400	41.014937
SORBI_3002G268450	0
SORBI_3002G268500	0
SORBI_3002G268600	6.778446
SORBI_3002G268700	47.064952
SORBI_3002G268800	74.086167
SORBI_3002G268900	5.624477
SORBI_3002G268966	0
SORBI_3002G269032	0
SORBI_3002G269100	401.51218
SORBI_3002G269300	217.793029
SORBI_3002G269400	337.337748
SORBI_3002G269500	70.844466
SORBI_3002G269600	0
SORBI_3002G269700	0
SORBI_3002G269800	0
SORBI_3002G269900	0.537147
SORBI_3002G270000	46.465549
SORBI_3002G270100	25.481222
SORBI_3002G270200	34.165022
SORBI_3002G270300	54.535105
SORBI_3002G270400	0
SORBI_3002G270500	66.978749
SORBI_3002G270600	0
ENSRNA049442324	0
SORBI_3002G270700	867.516267
SORBI_3002G270733	0
SORBI_3002G270766	87.080351
SORBI_3002G270800	60.229642
SORBI_3002G270900	13.879072
SORBI_3002G271000	0.733771
SORBI_3002G271100	7.363969
SORBI_3002G271200	1.391645
SORBI_3002G271300	21.599595
SORBI_3002G271400	6.389647
SORBI_3002G271500	0
ENSRNA049480644	0
SORBI_3002G271600	48.838014
SORBI_3002G271700	235.477923
ENSRNA049480663	0.355221
SORBI_3002G271800	0
SORBI_3002G271900	38.439801
SORBI_3002G272000	2.20574
SORBI_3002G272100	2.073785
SORBI_3002G272200	0.439281
SORBI_3002G272250	0.476163
SORBI_3002G272300	0.073074
SORBI_3002G272350	0
SORBI_3002G272400	2.549567
SORBI_3002G272500	106.563266
SORBI_3002G272600	58.56988
SORBI_3002G272700	17.648054
SORBI_3002G272800	37.149898
SORBI_3002G272900	24.798461
SORBI_3002G273000	1.062785
SORBI_3002G273100	1.722382
SORBI_3002G273200	0
SORBI_3002G273300	97.740118
SORBI_3002G273400	0
SORBI_3002G273500	0
SORBI_3002G273600	0.079773
SORBI_3002G273700	7.923759
SORBI_3002G273800	1.719955
SORBI_3002G273900	120.781859
SORBI_3002G274000	0.929122
SORBI_3002G274100	1.404655
SORBI_3002G274200	16.512833
SORBI_3002G274300	0
SORBI_3002G274400	0
SORBI_3002G274500	7.066095
SORBI_3002G274600	0.063959
SORBI_3002G274700	13.537701
SORBI_3002G274800	8.513901
SORBI_3002G274850	0
SORBI_3002G274900	0
SORBI_3002G275000	0
SORBI_3002G275050	0.506049
SORBI_3002G275100	116.071613
SORBI_3002G275200	3.995931
SORBI_3002G275300	18.549018
SORBI_3002G275400	0
SORBI_3002G275500	3.128909
SORBI_3002G275600	40.685374
SORBI_3002G275700	36.680571
SORBI_3002G275800	0
SORBI_3002G275900	24.755864
SORBI_3002G276000	3.44664
SORBI_3002G276100	127.459365
SORBI_3002G276400	165.441431
SORBI_3002G276500	0
SORBI_3002G276600	80.715965
SORBI_3002G276700	7.150305
SORBI_3002G276800	40.025046
SORBI_3002G276900	153.282997
SORBI_3002G277000	0
SORBI_3002G277100	238.434756
SORBI_3002G277200	19.549181
SORBI_3002G277300	56.129734
SORBI_3002G277366	0
SORBI_3002G277500	0.092634
SORBI_3002G277432	0
SORBI_3002G277600	54.684946
SORBI_3002G277700	0
SORBI_3002G277800	0
SORBI_3002G277900	29.830484
SORBI_3002G278000	14.789515
SORBI_3002G278100	14.153195
SORBI_3002G278200	0
SORBI_3002G278300	6.274344
SORBI_3002G278400	0.545543
SORBI_3002G278500	166.112539
SORBI_3002G278600	49.827871
SORBI_3002G278700	0.166485
SORBI_3002G278800	0
SORBI_3002G278900	0
SORBI_3002G279000	58.047654
SORBI_3002G279100	3.052539
SORBI_3002G279200	0.120509
SORBI_3002G279300	0.107758
SORBI_3002G279400	3.000221
SORBI_3002G279500	111.731783
SORBI_3002G279600	111.640162
SORBI_3002G279700	91.176315
SORBI_3002G279800	25.643194
SORBI_3002G279900	0.993264
SORBI_3002G280001	0.226701
SORBI_3002G280100	11.168706
SORBI_3002G280200	134.174677
SORBI_3002G280300	0
SORBI_3002G280400	280.290575
SORBI_3002G280500	0
SORBI_3002G280600	9.665575
SORBI_3002G280700	3.547792
SORBI_3002G280800	0.50417
SORBI_3002G280850	0
SORBI_3002G280900	17.263948
SORBI_3002G280950	0
SORBI_3002G281000	0.426854
SORBI_3002G281100	0.735137
SORBI_3002G281200	1.645731
SORBI_3002G281300	50.55066
SORBI_3002G281400	9.897937
SORBI_3002G281500	55.574403
SORBI_3002G281600	15.651194
SORBI_3002G281700	952.530515
SORBI_3002G281800	103.696471
SORBI_3002G281850	0.165829
SORBI_3002G281900	14.090681
SORBI_3002G282000	5.616407
SORBI_3002G282100	1.18035
SORBI_3002G282150	0
SORBI_3002G282200	3.464162
SORBI_3002G282300	244.719082
SORBI_3002G282400	46.082177
SORBI_3002G282500	34.772041
SORBI_3002G282600	0
SORBI_3002G282800	0
SORBI_3002G282900	2.391833
SORBI_3002G283000	0
SORBI_3002G283100	2.057673
SORBI_3002G283200	0.786043
SORBI_3002G283300	33.77646
SORBI_3002G283400	6.234536
SORBI_3002G283500	4.433649
SORBI_3002G283600	49.559528
SORBI_3002G283800	1.212791
SORBI_3002G283900	0
SORBI_3002G284000	0
SORBI_3002G284100	2.195651
SORBI_3002G284200	9.089424
SORBI_3002G284300	0
SORBI_3002G284400	0.46134
SORBI_3002G284500	0
SORBI_3002G284600	0.30265
SORBI_3002G284701	0
SORBI_3002G284800	0
SORBI_3002G284901	0.486724
SORBI_3002G285001	0
SORBI_3002G285101	0
SORBI_3002G285200	0
SORBI_3002G285300	0
SORBI_3002G285375	0
SORBI_3002G285450	0
SORBI_3002G285525	0
SORBI_3002G285600	0
SORBI_3002G285700	7.645465
SORBI_3002G285800	0
SORBI_3002G285950	0
SORBI_3002G286100	1.6688
SORBI_3002G286150	0
SORBI_3002G286200	39.249901
SORBI_3002G286300	3.367422
SORBI_3002G286400	1.744369
SORBI_3002G286500	0.211601
SORBI_3002G286566	1.010266
SORBI_3002G286632	0.713583
SORBI_3002G286700	0
SORBI_3002G286800	8.565468
SORBI_3002G286900	323.406221
SORBI_3002G287000	4.503401
SORBI_3002G287100	0.117794
ENSRNA049480640	0
SORBI_3002G287201	0
SORBI_3002G287300	0
SORBI_3002G287400	10.688309
SORBI_3002G287500	0.428813
SORBI_3002G287600	0
SORBI_3002G287750	5.656431
SORBI_3002G287900	5.426737
SORBI_3002G288000	8.537325
SORBI_3002G288100	0.172711
SORBI_3002G288200	73.609747
SORBI_3002G288300	178.807703
SORBI_3002G288400	0
SORBI_3002G288500	0
SORBI_3002G288600	0
SORBI_3002G288700	0
SORBI_3002G288800	0
SORBI_3002G288900	95.291678
SORBI_3002G289000	11.452265
SORBI_3002G289100	0
SORBI_3002G289200	0.177592
SORBI_3002G289250	0
SORBI_3002G289300	0.291288
SORBI_3002G289350	1.222031
SORBI_3002G289400	1.648752
SORBI_3002G289500	0.328207
SORBI_3002G289601	0
SORBI_3002G289701	0.191013
ENSRNA049996630	0
SORBI_3002G289800	2.375291
SORBI_3002G289900	0.382711
SORBI_3002G290000	0.220297
SORBI_3002G290100	33.370528
SORBI_3002G290300	7.198347
SORBI_3002G290400	108.566285
SORBI_3002G290500	1.477276
SORBI_3002G290600	0
SORBI_3002G290700	0
SORBI_3002G290800	0
SORBI_3002G290900	0.208949
SORBI_3002G291000	0
SORBI_3002G291066	88.7599
SORBI_3002G291132	0
SORBI_3002G291200	858.761584
SORBI_3002G291300	18.155884
SORBI_3002G291350	0
SORBI_3002G291400	19.848522
SORBI_3002G291500	38.917698
SORBI_3002G291600	25.440574
SORBI_3002G291700	0.730568
SORBI_3002G291800	9.925919
SORBI_3002G291850	0
SORBI_3002G291900	2.268387
SORBI_3002G292000	0
SORBI_3002G292100	136.232839
SORBI_3002G292200	4.404582
SORBI_3002G292300	0.836951
SORBI_3002G292400	12.068445
SORBI_3002G292500	0
SORBI_3002G292600	66.741477
SORBI_3002G292700	0.779806
SORBI_3002G292800	19.59649
SORBI_3002G292900	13.999383
SORBI_3002G293000	15.480303
SORBI_3002G293100	0
SORBI_3002G293200	107.773159
SORBI_3002G293300	174.874172
SORBI_3002G293400	46.411827
SORBI_3002G293500	67.660691
SORBI_3002G293600	17.065133
SORBI_3002G293700	13.910335
SORBI_3002G293800	0.421106
SORBI_3002G293900	6.450044
SORBI_3002G293950	0.527661
SORBI_3002G294000	2.804977
SORBI_3002G294100	19.479157
SORBI_3002G294200	247.89902
SORBI_3002G294300	0
SORBI_3002G294400	68.887778
SORBI_3002G294500	114.481018
SORBI_3002G294600	13.445033
SORBI_3002G294700	639.597999
SORBI_3002G294800	63.583949
SORBI_3002G294900	3.621091
SORBI_3002G295000	0
SORBI_3002G295100	68.533241
SORBI_3002G295200	0
SORBI_3002G295300	0
SORBI_3002G295400	0
SORBI_3002G295500	25.383456
SORBI_3002G295550	0
SORBI_3002G295600	0
SORBI_3002G295700	30.637462
ENSRNA049442200	0
SORBI_3002G295800	0.361065
SORBI_3002G295900	35.721046
SORBI_3002G296000	0.147549
SORBI_3002G296100	2.190511
SORBI_3002G296200	165.463338
SORBI_3002G296300	46.174944
SORBI_3002G296400	6.132167
SORBI_3002G296500	1.919324
SORBI_3002G296600	37.258846
SORBI_3002G296800	0
SORBI_3002G296900	38.100436
SORBI_3002G297000	67.091045
SORBI_3002G297100	0.128123
SORBI_3002G297200	85.629392
SORBI_3002G297300	4.104526
SORBI_3002G297400	28.483089
SORBI_3002G297500	0.412922
SORBI_3002G297600	16.524912
SORBI_3002G297700	98.55523
SORBI_3002G297800	20.014369
SORBI_3002G297900	21.307526
SORBI_3002G298100	22.253289
SORBI_3002G298201	0
SORBI_3002G298300	41.454183
SORBI_3002G298400	0
SORBI_3002G298500	0
SORBI_3002G298600	0
ENSRNA049441805	0
SORBI_3002G298700	2.829043
SORBI_3002G298800	6.808199
SORBI_3002G298900	4.828742
SORBI_3002G299000	28.647501
SORBI_3002G299100	14.416555
SORBI_3002G299200	0.454331
SORBI_3002G299300	7.989634
SORBI_3002G299400	7.542525
SORBI_3002G299500	0.244006
SORBI_3002G299600	12.859102
SORBI_3002G299700	46.530863
SORBI_3002G299800	0
SORBI_3002G299900	2.705408
SORBI_3002G300000	2.840711
SORBI_3002G300100	0
SORBI_3002G300300	37.538704
SORBI_3002G300400	4.959198
SORBI_3002G300500	6.678409
SORBI_3002G300600	31.0524
SORBI_3002G300700	75.065712
SORBI_3002G300800	0
SORBI_3002G300850	0
SORBI_3002G300900	0
SORBI_3002G300950	0
SORBI_3002G301000	14.42582
SORBI_3002G301100	109.098488
SORBI_3002G301200	67.480596
SORBI_3002G301300	52.361965
SORBI_3002G301400	8.506939
SORBI_3002G301500	18.512212
SORBI_3002G301600	0.841403
SORBI_3002G301700	6.539471
SORBI_3002G301800	10.214411
SORBI_3002G301900	0.136999
SORBI_3002G302000	0
SORBI_3002G302100	1.205533
SORBI_3002G302200	0
SORBI_3002G302300	0.314254
SORBI_3002G302400	1.782574
SORBI_3002G302500	2.078782
SORBI_3002G302600	3.144588
SORBI_3002G302700	22.571871
SORBI_3002G302800	0
SORBI_3002G302900	9.449759
SORBI_3002G303000	2.544872
SORBI_3002G303100	1.470351
SORBI_3002G303200	3.934595
SORBI_3002G303300	54.736721
SORBI_3002G303400	0
SORBI_3002G303500	0
SORBI_3002G303600	50.423774
SORBI_3002G303700	5.1994
SORBI_3002G303800	7.502785
SORBI_3002G303900	0.060835
SORBI_3002G303950	0.552154
SORBI_3002G304000	188.323293
SORBI_3002G304100	31.634014
SORBI_3002G304200	0
SORBI_3002G304300	0
SORBI_3002G304400	8.591404
SORBI_3002G304500	0.991395
SORBI_3002G304600	0
SORBI_3002G304700	28.827363
SORBI_3002G304801	0
SORBI_3002G304900	191.110389
SORBI_3002G305000	124.905862
SORBI_3002G305100	2.985801
SORBI_3002G305200	0
SORBI_3002G305300	0
SORBI_3002G305400	0
SORBI_3002G305500	1.500308
SORBI_3002G305600	0
SORBI_3002G305700	3.765788
SORBI_3002G305750	0
SORBI_3002G305800	0
SORBI_3002G305900	4.28842
SORBI_3002G306000	138.687072
SORBI_3002G306100	72.401288
SORBI_3002G306201	1.872468
SORBI_3002G306300	9.240817
SORBI_3002G306400	74.812177
SORBI_3002G306500	1.939866
SORBI_3002G306600	57.836792
SORBI_3002G306700	32.228236
SORBI_3002G306800	12.336337
SORBI_3002G306900	1948.081466
SORBI_3002G307000	0
SORBI_3002G307100	0
SORBI_3002G307200	0
SORBI_3002G307300	0
SORBI_3002G307400	0
SORBI_3002G307500	0
SORBI_3002G307600	39.437741
SORBI_3002G307700	0
SORBI_3002G307800	3.970756
SORBI_3002G307900	0
SORBI_3002G308000	1.667885
SORBI_3002G308200	1.313271
SORBI_3002G308300	135.63436
SORBI_3002G308400	1.682278
SORBI_3002G308500	37.746025
SORBI_3002G308600	0
SORBI_3002G308700	42.096185
SORBI_3002G308800	6.169733
SORBI_3002G308900	0
SORBI_3002G309000	0
SORBI_3002G309100	0.320925
SORBI_3002G309150	0
SORBI_3002G309200	6.405159
SORBI_3002G309300	0
SORBI_3002G309400	107.651691
SORBI_3002G309500	226.652728
SORBI_3002G309600	74.351299
SORBI_3002G309700	247.883926
SORBI_3002G309800	293.667929
SORBI_3002G309900	93.729342
SORBI_3002G310100	0
SORBI_3002G310000	1.560616
SORBI_3002G310200	47.761663
SORBI_3002G310300	0.428588
SORBI_3002G310400	0
SORBI_3002G310500	0
SORBI_3002G310600	0.486897
SORBI_3002G310800	14.918048
SORBI_3002G310900	26.252576
SORBI_3002G311000	2.525184
SORBI_3002G311100	134.703821
SORBI_3002G311200	0.17405
SORBI_3002G311300	0.365604
SORBI_3002G311350	0
SORBI_3002G311400	42.840887
SORBI_3002G311501	2.424504
SORBI_3002G311601	11.098655
SORBI_3002G311700	0.810551
SORBI_3002G311900	0.212161
SORBI_3002G312000	0
SORBI_3002G312100	0
SORBI_3002G312200	1.528757
SORBI_3002G312300	2.371678
SORBI_3002G312400	125.352217
SORBI_3002G312500	0
SORBI_3002G312550	0
SORBI_3002G312600	0.050309
SORBI_3002G312700	12.693319
SORBI_3002G312800	51.748581
SORBI_3002G312900	13.073695
SORBI_3002G313000	0.630334
SORBI_3002G313100	34.03375
SORBI_3002G313300	68.348116
ENSRNA049441925	0
SORBI_3002G313400	30.657988
SORBI_3002G313500	47.827735
SORBI_3002G313600	40.940776
SORBI_3002G313700	4.305559
SORBI_3002G313800	18.444819
SORBI_3002G313850	0
SORBI_3002G313900	12.947986
SORBI_3002G314000	0
SORBI_3002G314100	0.941558
SORBI_3002G314200	5.981174
SORBI_3002G314300	17.264204
SORBI_3002G314400	7.091851
SORBI_3002G314500	2.796833
SORBI_3002G314600	0
SORBI_3002G314700	1.926399
SORBI_3002G314800	0
SORBI_3002G314900	19.524196
SORBI_3002G314950	0.065641
SORBI_3002G315000	0
SORBI_3002G315100	8.317827
SORBI_3002G315200	61.782797
SORBI_3002G315400	0.795044
SORBI_3002G315450	0
SORBI_3002G315500	0
SORBI_3002G315700	35.592255
SORBI_3002G315800	377.206795
SORBI_3002G315900	0
SORBI_3002G316000	0
SORBI_3002G316100	0
SORBI_3002G316200	0
SORBI_3002G316301	0
SORBI_3002G316400	0.280789
SORBI_3002G316500	5.448706
SORBI_3002G316600	17.371482
SORBI_3002G316700	15.217817
SORBI_3002G316800	7.239256
SORBI_3002G316900	91.797762
SORBI_3002G317001	0.319242
SORBI_3002G317100	6.4731
SORBI_3002G317200	30.183416
SORBI_3002G317300	252.180449
SORBI_3002G317350	1.675277
SORBI_3002G317400	81.913977
SORBI_3002G317500	0.149719
SORBI_3002G317600	50.539398
SORBI_3002G317700	1.343596
SORBI_3002G317800	27.263123
SORBI_3002G317900	0
SORBI_3002G318000	9.867561
SORBI_3002G318100	2.522425
SORBI_3002G318200	2.374352
SORBI_3002G318300	4.72438
SORBI_3002G318400	0
SORBI_3002G318501	2.657582
SORBI_3002G318600	102.401667
SORBI_3002G318700	10.982554
SORBI_3002G318800	30.099648
SORBI_3002G318900	0.660999
SORBI_3002G319100	8.356569
SORBI_3002G319200	4.685815
SORBI_3002G319300	0.11516
SORBI_3002G319400	1.879326
SORBI_3002G319500	5.089219
SORBI_3002G319600	0
SORBI_3002G319700	0
SORBI_3002G319766	0.109157
SORBI_3002G319832	0
SORBI_3002G319900	9.397241
SORBI_3002G320001	0.22725
ENSRNA049480671	0
ENSRNA049480667	0
SORBI_3002G320100	39.802642
SORBI_3002G320200	0.703286
SORBI_3002G320300	0
SORBI_3002G320500	14.435574
SORBI_3002G320600	9.709928
SORBI_3002G320700	1.200472
SORBI_3002G320800	1.504171
SORBI_3002G320900	15.039742
SORBI_3002G321000	0.416543
SORBI_3002G321100	9.033657
SORBI_3002G321200	3.962754
SORBI_3002G321300	2.69614
SORBI_3002G321400	6.318351
SORBI_3002G321500	15.777386
SORBI_3002G321600	0
SORBI_3002G321700	0
SORBI_3002G321800	1.080421
SORBI_3002G321901	6.098911
SORBI_3002G322000	1311.62866
SORBI_3002G322101	0.191269
SORBI_3002G322200	0
SORBI_3002G322100	5.625892
SORBI_3002G322300	5.597605
SORBI_3002G322350	0
SORBI_3002G322400	63.876915
SORBI_3002G322500	1.38321
SORBI_3002G322600	0
SORBI_3002G322700	0.653158
SORBI_3002G322800	4.250222
SORBI_3002G322900	13.267039
SORBI_3002G323000	5.971643
SORBI_3002G323200	0
SORBI_3002G323300	136.089009
SORBI_3002G323400	0
SORBI_3002G323500	0
SORBI_3002G323600	0.131998
SORBI_3002G323700	2.948967
SORBI_3002G323800	0
SORBI_3002G323900	51.261801
SORBI_3002G324000	0
SORBI_3002G324100	0.359228
SORBI_3002G324200	3967.256113
SORBI_3002G324300	11.22129
SORBI_3002G324400	38.170513
SORBI_3002G324500	0.505943
SORBI_3002G324700	30.960268
SORBI_3002G324801	0.625892
SORBI_3002G324900	0.161344
SORBI_3002G325000	58.42332
SORBI_3002G325100	0.243463
SORBI_3002G325200	0
SORBI_3002G325300	53.239647
SORBI_3002G325400	29.379355
SORBI_3002G325500	0.333721
SORBI_3002G325600	0
SORBI_3002G325700	0
SORBI_3002G325800	0
SORBI_3002G325900	0
SORBI_3002G326000	0.415268
SORBI_3002G326050	0.863748
SORBI_3002G326100	1.020483
SORBI_3002G326200	5.43964
SORBI_3002G326300	1.639287
SORBI_3002G326400	0.090088
SORBI_3002G326500	0.347402
SORBI_3002G326650	0.143942
SORBI_3002G326800	1.625245
SORBI_3002G326900	14.248498
SORBI_3002G327000	29.631062
SORBI_3002G327100	0.947302
SORBI_3002G327201	0.253949
SORBI_3002G327300	0.923407
SORBI_3002G327400	1.031495
SORBI_3002G327500	4.982414
SORBI_3002G327600	0
SORBI_3002G327700	0.35088
SORBI_3002G327800	5.973447
SORBI_3002G327900	0.347471
SORBI_3002G328000	4.834226
SORBI_3002G328100	11.434519
SORBI_3002G328200	0.990336
SORBI_3002G328250	0
SORBI_3002G328300	18.326733
SORBI_3002G328400	637.661369
SORBI_3002G328500	25.875837
SORBI_3002G328550	0
SORBI_3002G328600	1.225638
SORBI_3002G328800	3.981557
SORBI_3002G328900	0
SORBI_3002G329000	37.921524
SORBI_3002G329100	19.402048
SORBI_3002G329200	0
SORBI_3002G329300	24.247889
SORBI_3002G329400	0.356592
SORBI_3002G329500	5.508667
SORBI_3002G329600	83.49826
SORBI_3002G329700	14.0266
SORBI_3002G329800	1.432975
SORBI_3002G329900	12.774101
SORBI_3002G330000	203.521229
SORBI_3002G330100	0.143633
SORBI_3002G330200	0
SORBI_3002G330300	225.942202
SORBI_3002G330400	9.831659
SORBI_3002G330500	44.887055
SORBI_3002G330600	33.641511
SORBI_3002G330700	1.952037
ENSRNA049480641	0
SORBI_3002G330800	0.194438
SORBI_3002G330900	3.016512
SORBI_3002G331000	0.892917
SORBI_3002G331050	1.056179
SORBI_3002G331100	8.949101
SORBI_3002G331200	0
SORBI_3002G331300	331.326152
SORBI_3002G331400	0
SORBI_3002G331450	10.696705
SORBI_3002G331500	0
SORBI_3002G331600	0
SORBI_3002G331700	2.102748
SORBI_3002G331800	6.953947
SORBI_3002G331900	0
SORBI_3002G332000	0
SORBI_3002G332100	130.652808
SORBI_3002G332200	88.402803
SORBI_3002G332300	0
SORBI_3002G332400	24.522797
SORBI_3002G332500	0
SORBI_3002G332600	0
SORBI_3002G332750	263.981168
SORBI_3002G332900	7.191114
SORBI_3002G333001	0
SORBI_3002G333100	15.566098
SORBI_3002G333200	0
SORBI_3002G333300	18.039248
SORBI_3002G333400	4.221927
SORBI_3002G333500	29.592904
SORBI_3002G333600	8.930491
SORBI_3002G333700	10.303811
SORBI_3002G333800	2.904801
SORBI_3002G333900	0.054099
SORBI_3002G334000	0
SORBI_3002G334100	0.066286
SORBI_3002G334200	0.119692
SORBI_3002G334300	0
SORBI_3002G334400	0
SORBI_3002G334500	0
SORBI_3002G334600	5.632247
SORBI_3002G334700	0.379023
SORBI_3002G334800	0
SORBI_3002G334900	14.786794
SORBI_3002G335000	20.769421
SORBI_3002G335100	12.083424
SORBI_3002G335200	2.520902
SORBI_3002G335300	12.747526
SORBI_3002G335400	0.975732
SORBI_3002G335500	0
SORBI_3002G335600	96.640125
SORBI_3002G335700	3.394722
SORBI_3002G335900	0.191589
SORBI_3002G336000	6.457406
SORBI_3002G336100	2.958321
SORBI_3002G336200	0.21141
SORBI_3002G336400	0.102267
SORBI_3002G336500	0.293049
SORBI_3002G336600	109.248012
SORBI_3002G336700	1.597985
SORBI_3002G336800	12.880972
SORBI_3002G336900	0
SORBI_3002G337001	0
SORBI_3002G337100	4.44846
SORBI_3002G337300	36.221055
SORBI_3002G337400	0.054652
SORBI_3002G337500	7.886706
SORBI_3002G337600	0
SORBI_3002G337700	46.077384
SORBI_3002G337800	15.837579
SORBI_3002G338000	34.020179
SORBI_3002G338100	49.387753
SORBI_3002G338200	23.660368
SORBI_3002G338250	0
SORBI_3002G338300	0.194914
SORBI_3002G338400	7.477184
SORBI_3002G338450	0
SORBI_3002G338500	43.582282
SORBI_3002G338600	0
ENSRNA049442187	0
SORBI_3002G338700	1.482776
SORBI_3002G338800	0
SORBI_3002G338900	0.801965
SORBI_3002G339000	19.31884
SORBI_3002G339100	0.803145
SORBI_3002G339200	106.396692
SORBI_3002G339250	0
SORBI_3002G339300	59.668003
SORBI_3002G339400	7.409321
SORBI_3002G339500	19.663255
SORBI_3002G339600	291.282909
SORBI_3002G339666	0
SORBI_3002G339732	0
SORBI_3002G339800	38.844618
SORBI_3002G339900	3.613113
SORBI_3002G340000	6.852748
SORBI_3002G340100	469.624591
SORBI_3002G340200	2.877657
SORBI_3002G340350	2.482956
SORBI_3002G340500	1.056991
SORBI_3002G340600	0.339106
SORBI_3002G340700	31.632115
SORBI_3002G340900	69.57038
SORBI_3002G341000	26.658179
SORBI_3002G341100	4.96853
SORBI_3002G341200	14.337167
SORBI_3002G341300	5.717448
SORBI_3002G341400	0
SORBI_3002G341500	12.31761
SORBI_3002G341600	1.198258
SORBI_3002G341700	0
SORBI_3002G341800	91.639304
SORBI_3002G341900	18.245375
SORBI_3002G342000	33.121691
SORBI_3002G342100	9.449054
SORBI_3002G342200	0
SORBI_3002G342300	19.222159
SORBI_3002G342400	0.196206
SORBI_3002G342500	20.920827
SORBI_3002G342600	5.140235
SORBI_3002G342700	2.011408
SORBI_3002G342800	6.988006
SORBI_3002G342901	2.589415
SORBI_3002G343000	0.898507
SORBI_3002G343100	16.983478
SORBI_3002G343200	9.077103
SORBI_3002G343300	13.352707
SORBI_3002G343400	37.734441
SORBI_3002G343500	317.362798
SORBI_3002G343600	20.861587
SORBI_3002G343700	0
SORBI_3002G343800	8.178606
SORBI_3002G343901	13.15535
SORBI_3002G344000	39.898706
SORBI_3002G344100	0
SORBI_3002G344201	0
SORBI_3002G344301	2.052165
SORBI_3002G344400	0
SORBI_3002G344500	10.75767
SORBI_3002G344600	4.785086
SORBI_3002G344700	261.577016
SORBI_3002G344800	0
SORBI_3002G344900	0
SORBI_3002G345000	1.471766
SORBI_3002G345100	0.266835
SORBI_3002G345200	3.083143
SORBI_3002G345300	139.160891
SORBI_3002G345400	0.277711
SORBI_3002G345500	0
SORBI_3002G345600	0
SORBI_3002G345700	161.287531
SORBI_3002G345800	172.81367
SORBI_3002G345850	1.261616
SORBI_3002G345900	0
SORBI_3002G346000	0
SORBI_3002G346100	0.58173
SORBI_3002G346200	258.539326
SORBI_3002G346250	1.144697
SORBI_3002G346300	1.578944
SORBI_3002G346400	60.178857
SORBI_3002G346600	2.654785
SORBI_3002G346501	0
SORBI_3002G346700	0
SORBI_3002G346800	0
SORBI_3002G346900	48.109382
SORBI_3002G347000	16.857974
SORBI_3002G347100	0
SORBI_3002G347200	0
SORBI_3002G347300	1.937275
SORBI_3002G347400	2.06538
SORBI_3002G347500	9.489045
SORBI_3002G347600	8.170286
SORBI_3002G347700	16.096211
SORBI_3002G347750	0
SORBI_3002G347800	0
SORBI_3002G347850	0
SORBI_3002G347900	13.21486
SORBI_3002G348000	43.212082
SORBI_3002G348100	13.673026
SORBI_3002G348200	0
SORBI_3002G348300	0
SORBI_3002G348400	35.452219
SORBI_3002G348500	1.06515
SORBI_3002G348600	80.84405
SORBI_3002G348700	13.403878
SORBI_3002G348850	0
SORBI_3002G348800	0
SORBI_3002G348900	76.435109
SORBI_3002G349000	0.096849
SORBI_3002G349100	66.24728
SORBI_3002G349200	0
SORBI_3002G349300	8.907569
SORBI_3002G349400	17682.26759
SORBI_3002G349500	0
SORBI_3002G349600	0
SORBI_3002G349800	0
SORBI_3002G349900	0.134712
SORBI_3002G350000	0
SORBI_3002G350100	0
SORBI_3002G350200	0
SORBI_3002G350300	165.673972
SORBI_3002G350400	468.128164
SORBI_3002G350500	0
SORBI_3002G350600	199.273046
SORBI_3002G350700	10.698395
SORBI_3002G350800	3.878994
SORBI_3002G350901	8.016138
SORBI_3002G351000	0
SORBI_3002G351100	1.354538
SORBI_3002G351200	11.045981
SORBI_3002G351300	8.664003
SORBI_3002G351400	0.067907
SORBI_3002G351500	0
SORBI_3002G351600	11.491019
SORBI_3002G351700	7.701726
SORBI_3002G351801	0
SORBI_3002G351900	31.130663
SORBI_3002G352000	1.031233
SORBI_3002G352100	72.04929
SORBI_3002G352200	97.363644
SORBI_3002G352301	0
SORBI_3002G352401	0
SORBI_3002G352501	0
SORBI_3002G352600	26.879792
SORBI_3002G352700	79.825015
SORBI_3002G352800	10.966413
SORBI_3002G352900	0
ENSRNA049996626	0
SORBI_3002G353000	51.223149
SORBI_3002G353100	0
SORBI_3002G353200	10.521817
SORBI_3002G353300	19.530958
ENSRNA049485374	0
SORBI_3002G353400	441.96963
SORBI_3002G353450	0
SORBI_3002G353500	29.712675
SORBI_3002G353600	52.946917
SORBI_3002G353700	14.930624
SORBI_3002G353800	0.187794
SORBI_3002G353900	80.188423
SORBI_3002G354000	172.878221
SORBI_3002G354100	0.536813
SORBI_3002G354200	0.908986
SORBI_3002G354300	0
SORBI_3002G354400	0
SORBI_3002G354501	65.952522
SORBI_3002G354600	16.132418
SORBI_3002G354700	0.250794
SORBI_3002G354800	0.441571
SORBI_3002G354900	360.112687
SORBI_3002G355000	42.59122
SORBI_3002G355100	37.072493
SORBI_3002G355200	4.838829
SORBI_3002G355300	100.552202
SORBI_3002G355400	3.218658
SORBI_3002G355500	67.26668
SORBI_3002G355600	1.000241
SORBI_3002G355700	0
SORBI_3002G355800	157.273281
SORBI_3002G355900	0.293645
SORBI_3002G356000	0.172832
SORBI_3002G356101	2442.708501
SORBI_3002G356200	20.814049
SORBI_3002G356300	2.005513
SORBI_3002G356400	99.521576
SORBI_3002G356500	0.447789
SORBI_3002G356600	10.070414
SORBI_3002G356700	0.804814
SORBI_3002G356800	21.337592
SORBI_3002G356900	16.38094
SORBI_3002G357000	4.447672
SORBI_3002G357100	61.972896
SORBI_3002G357200	1.080651
SORBI_3002G357300	0
SORBI_3002G357400	0.340532
SORBI_3002G357500	0
SORBI_3002G357600	13.730345
SORBI_3002G357700	44.375267
SORBI_3002G357800	5.056962
SORBI_3002G357900	56.006065
SORBI_3002G357950	0
SORBI_3002G358000	0
SORBI_3002G358100	0.550331
SORBI_3002G358200	0.035451
SORBI_3002G358300	0.597377
SORBI_3002G358400	104.59747
SORBI_3002G358450	0
SORBI_3002G358500	17.516266
SORBI_3002G358600	11.956483
SORBI_3002G358800	215.597524
SORBI_3002G358900	2.394903
SORBI_3002G359000	41.885071
SORBI_3002G359100	0
SORBI_3002G359200	0
SORBI_3002G359300	14.907852
SORBI_3002G359400	35.311868
SORBI_3002G359500	0
SORBI_3002G359600	17.052
SORBI_3002G359700	9.876392
SORBI_3002G359800	2.623757
SORBI_3002G359900	104.172285
SORBI_3002G360000	0.546496
SORBI_3002G360100	0.486952
SORBI_3002G360200	3.379765
SORBI_3002G360301	192.812916
SORBI_3002G360400	0
SORBI_3002G360500	0.999515
SORBI_3002G360600	0
SORBI_3002G360701	0.480061
SORBI_3002G360801	0
SORBI_3002G360900	0
SORBI_3002G361001	0.538908
SORBI_3002G361100	0.460045
SORBI_3002G361200	0.471092
SORBI_3002G361300	47.201303
SORBI_3002G361400	14.890792
SORBI_3002G361500	91.98193
SORBI_3002G361600	3.523343
SORBI_3002G361700	1.141954
SORBI_3002G361800	0
SORBI_3002G361900	4.536774
SORBI_3002G362000	15.249366
SORBI_3002G362100	5.647682
SORBI_3002G362200	10.968492
SORBI_3002G362300	21.721206
SORBI_3002G362400	0
SORBI_3002G362500	3.944282
SORBI_3002G362600	2.445285
SORBI_3002G362700	0.381426
SORBI_3002G362800	25.121223
SORBI_3002G362900	381.852705
SORBI_3002G363000	4.389556
SORBI_3002G363100	594.880765
SORBI_3002G363200	8.304629
SORBI_3002G363300	0
SORBI_3002G363400	10.706563
SORBI_3002G363433	0
SORBI_3002G363466	0
SORBI_3002G363500	4.520233
SORBI_3002G363600	8.433833
SORBI_3002G363700	1.772637
SORBI_3002G363800	7.010973
SORBI_3002G363901	0
SORBI_3002G364000	8.175767
SORBI_3002G364100	310.451626
SORBI_3002G364301	0
SORBI_3002G364500	215.932151
SORBI_3002G364600	0
SORBI_3002G364700	0.072165
SORBI_3002G364800	46.531445
SORBI_3002G364900	31.895053
SORBI_3002G365100	50.107405
SORBI_3002G365200	0.83709
SORBI_3002G365300	0
SORBI_3002G365400	3.89741
SORBI_3002G365500	3.249051
SORBI_3002G365550	5.053908
SORBI_3002G365600	7.058097
SORBI_3002G365700	2.801252
SORBI_3002G365801	0.669309
SORBI_3002G365900	39.177247
SORBI_3002G366000	5.14151
SORBI_3002G366100	3.042399
SORBI_3002G366200	0.625462
SORBI_3002G366300	9.990852
SORBI_3002G366400	57.176547
SORBI_3002G366500	5.062249
SORBI_3002G366600	1.330177
SORBI_3002G366700	7.483819
ENSRNA049442156	0
SORBI_3002G366800	88.901779
SORBI_3002G366900	21.838369
SORBI_3002G367000	2.742557
SORBI_3002G367100	24.50576
SORBI_3002G367200	42.286661
SORBI_3002G367300	0.935605
SORBI_3002G367400	3.857574
SORBI_3002G367500	0
SORBI_3002G367600	0
SORBI_3002G367700	24.875832
SORBI_3002G367800	17.024166
SORBI_3002G367850	0
SORBI_3002G367900	51.800224
SORBI_3002G368000	30.704726
SORBI_3002G368100	33.048891
SORBI_3002G368200	0.497261
SORBI_3002G368300	2.117905
SORBI_3002G368400	24.500101
SORBI_3002G368500	1.303143
ENSRNA049442138	0
SORBI_3002G368600	3.990221
ENSRNA049442126	0
SORBI_3002G368700	73.851491
SORBI_3002G368800	2.101963
SORBI_3002G368901	0
SORBI_3002G369000	0.151887
SORBI_3002G369100	0
SORBI_3002G369200	0
SORBI_3002G369301	0
SORBI_3002G369400	0.194358
SORBI_3002G369500	0.266966
SORBI_3002G369600	0
SORBI_3002G369701	9.783229
SORBI_3002G369800	0.810331
SORBI_3002G370000	1.925173
SORBI_3002G370100	52.360206
SORBI_3002G370150	0
SORBI_3002G370200	42.625964
SORBI_3002G370300	0.447308
SORBI_3002G370400	15.641128
SORBI_3002G370500	34.671587
SORBI_3002G370600	4.072724
SORBI_3002G370700	10.676271
SORBI_3002G370800	13.337157
SORBI_3002G370900	108.943244
SORBI_3002G371000	13.917003
ENSRNA049485379	8.300235
ENSRNA049485360	24.900705
ENSRNA049485365	0
SORBI_3002G371100	106.72739
SORBI_3002G371200	138.113277
SORBI_3002G371300	18.145976
SORBI_3002G371400	10.891376
SORBI_3002G371500	5.769126
SORBI_3002G371600	18.538606
SORBI_3002G371700	69.987679
SORBI_3002G371800	1.008951
SORBI_3002G371900	0
SORBI_3002G372000	0
SORBI_3002G372100	0.039777
SORBI_3002G372200	0
ENSRNA049485382	0
ENSRNA049485389	0
SORBI_3002G372300	18.411352
SORBI_3002G372400	456.21197
SORBI_3002G372500	13.480649
SORBI_3002G372600	11.360128
SORBI_3002G372700	20.986629
SORBI_3002G372800	15.666078
SORBI_3002G372900	0.322336
SORBI_3002G373001	169.68539
SORBI_3002G373100	11.082874
SORBI_3002G373200	2.236512
SORBI_3002G373300	6.051753
SORBI_3002G373400	0
SORBI_3002G373500	0.106718
SORBI_3002G373600	253.862987
SORBI_3002G373700	0
SORBI_3002G373800	362.19393
SORBI_3002G373900	3.926845
ENSRNA049485356	1.774882
SORBI_3002G373950	6.25477
SORBI_3002G374000	0
SORBI_3002G374100	980.979114
SORBI_3002G374200	22.146225
SORBI_3002G374300	9.816109
SORBI_3002G374400	21.358365
SORBI_3002G374500	0
SORBI_3002G374600	17.051351
SORBI_3002G374650	8.214887
SORBI_3002G374700	4.528705
SORBI_3002G375000	0
SORBI_3002G374900	210.471722
SORBI_3002G375100	182.607202
SORBI_3002G375200	7.420642
SORBI_3002G375300	23.082429
SORBI_3002G375400	6.315554
SORBI_3002G375500	1.214784
SORBI_3002G375600	1.055136
SORBI_3002G375701	0
SORBI_3002G375800	15.597739
SORBI_3002G375900	2.64799
SORBI_3002G375950	0
SORBI_3002G376000	0.798628
SORBI_3002G376100	8.824061
SORBI_3002G376200	8.486891
SORBI_3002G376300	20.452658
SORBI_3002G376400	3.732262
SORBI_3002G376500	145.42105
SORBI_3002G376600	25.061251
SORBI_3002G376700	16.069255
SORBI_3002G376800	3.202451
SORBI_3002G376900	4.511732
SORBI_3002G377000	0.133701
SORBI_3002G377100	4.752107
SORBI_3002G377200	1.071783
SORBI_3002G377300	15.156395
SORBI_3002G377400	2.135163
SORBI_3002G377501	0.739231
SORBI_3002G377600	0.123308
SORBI_3002G377700	0
SORBI_3002G377800	6.396154
SORBI_3002G377900	28.432014
SORBI_3002G378000	12.999575
SORBI_3002G378100	31.416548
SORBI_3002G378200	82.207726
SORBI_3002G378300	21.850684
SORBI_3002G378401	17.55087
SORBI_3002G378500	0.119019
SORBI_3002G378600	14.32028
SORBI_3002G378700	6.511005
SORBI_3002G378800	24.645251
SORBI_3002G378900	9.729668
SORBI_3002G379000	0
SORBI_3002G379200	97.681548
SORBI_3002G379100	2.637043
SORBI_3002G379201	0
SORBI_3002G379300	1.443835
SORBI_3002G379400	318.422238
SORBI_3002G379500	455.584466
SORBI_3002G379600	177.361187
ENSRNA049485378	0
SORBI_3002G379700	0.681288
SORBI_3002G379750	6.911425
SORBI_3002G379800	8.516411
SORBI_3002G379866	56.401006
SORBI_3002G379932	0
SORBI_3002G380000	85.963632
SORBI_3002G380100	2.752088
SORBI_3002G380150	0
SORBI_3002G380200	37.868162
SORBI_3002G380300	0
SORBI_3002G380400	24.740056
SORBI_3002G380500	72.857542
SORBI_3002G380550	0
SORBI_3002G380600	78.24183
SORBI_3002G380700	46.835536
SORBI_3002G380750	0
SORBI_3002G380800	0
SORBI_3002G381100	0
SORBI_3002G381200	0
SORBI_3002G381300	4.627916
SORBI_3002G381400	0.691253
SORBI_3002G381500	0
SORBI_3002G381600	0
SORBI_3002G381700	15.189323
SORBI_3002G381750	0
SORBI_3002G381800	0
SORBI_3002G381900	8.665416
SORBI_3002G382001	0.179208
SORBI_3002G382100	0.611729
SORBI_3002G382200	0
SORBI_3002G382300	0.684809
SORBI_3002G382400	0
SORBI_3002G382500	0.622143
SORBI_3002G382600	37.004753
SORBI_3002G382700	25.651561
SORBI_3002G382800	2.158133
SORBI_3002G382900	0
SORBI_3002G382950	4.500174
SORBI_3002G383000	1.154827
SORBI_3002G383050	0.110145
SORBI_3002G383100	55.172846
SORBI_3002G383300	22.054621
SORBI_3002G383400	0.236082
SORBI_3002G383500	0.569847
SORBI_3002G383600	66.658935
SORBI_3002G383700	5.644912
ENSRNA049441989	0
SORBI_3002G383800	99.371501
SORBI_3002G383900	4.687826
SORBI_3002G384000	0
SORBI_3002G384100	0.061697
SORBI_3002G384150	0.303637
SORBI_3002G384200	13.071292
SORBI_3002G384300	14.907067
SORBI_3002G384400	63.872698
SORBI_3002G384500	0
SORBI_3002G384600	0
SORBI_3002G384700	87.393293
ENSRNA049485361	2.536183
ENSRNA049485366	0
SORBI_3002G384800	0.666637
SORBI_3002G384900	0
SORBI_3002G385000	0
SORBI_3002G385100	64.226259
ENSRNA049485363	2.536183
ENSRNA049485368	0
SORBI_3002G385200	1.228758
SORBI_3002G385300	12.813611
SORBI_3002G385400	1.484477
SORBI_3002G385450	0.946538
ENSRNA049442115	0
SORBI_3002G385500	0.329119
SORBI_3002G385601	1.197801
SORBI_3002G385700	0
SORBI_3002G385800	18.611305
SORBI_3002G385900	63.907924
SORBI_3002G386000	1.014042
SORBI_3002G386100	103.223708
SORBI_3002G386200	5.656703
ENSRNA049441997	0
SORBI_3002G386300	33.972858
SORBI_3002G386400	142.620152
SORBI_3002G386500	44.932911
SORBI_3002G386600	16.11784
SORBI_3002G386700	42.023171
SORBI_3002G386800	226.764168
SORBI_3002G386900	14.174762
SORBI_3002G387000	5.631571
SORBI_3002G387100	6.339538
SORBI_3002G387200	33.677549
SORBI_3002G387300	30.098951
SORBI_3002G387400	37.630348
SORBI_3002G387450	0
ENSRNA049485371	0
SORBI_3002G387500	23.038512
SORBI_3002G387600	13.848161
SORBI_3002G387701	1.010301
SORBI_3002G387800	23.082674
SORBI_3002G387900	0
SORBI_3002G388000	10.906317
SORBI_3002G388100	6.099821
SORBI_3002G388200	8.740622
SORBI_3002G388400	21.356759
SORBI_3002G388500	39.549942
SORBI_3002G388600	209.517459
SORBI_3002G388700	0.269407
SORBI_3002G388800	202.850698
SORBI_3002G388900	118.78173
SORBI_3002G389000	56.111039
SORBI_3002G389100	2.697582
SORBI_3002G389200	0.488722
SORBI_3002G389301	0.469267
SORBI_3002G389400	88.135949
SORBI_3002G389500	38.906115
SORBI_3002G389600	2.290974
SORBI_3002G389800	30.164602
SORBI_3002G389900	12.398511
SORBI_3002G390000	0.204048
SORBI_3002G390100	15.207092
SORBI_3002G390200	2.858826
SORBI_3002G390300	18.561997
SORBI_3002G390400	9.274995
SORBI_3002G390500	6.817989
SORBI_3002G390600	63.289959
SORBI_3002G390700	0
SORBI_3002G390800	1.100181
SORBI_3002G390900	3.408977
SORBI_3002G391000	0
SORBI_3002G391100	0.149039
SORBI_3002G391200	0
SORBI_3002G391300	0
SORBI_3002G391400	0
SORBI_3002G391501	0
SORBI_3002G391600	50.73124
SORBI_3002G391700	0
SORBI_3002G391800	0
SORBI_3002G391900	0.919788
SORBI_3002G392000	0.140288
SORBI_3002G392100	0
SORBI_3002G392200	0
SORBI_3002G392300	0
SORBI_3002G392400	2.68114
SORBI_3002G392500	0
SORBI_3002G392550	0.03987
SORBI_3002G392600	14.734511
SORBI_3002G392700	36.9778
SORBI_3002G392800	5.145114
SORBI_3002G392900	0.166585
SORBI_3002G393000	33.78151
SORBI_3002G393100	0
SORBI_3002G393200	29.240164
SORBI_3002G393266	0
SORBI_3002G393332	35.293437
SORBI_3002G393400	115.386278
SORBI_3002G393500	101.87305
SORBI_3002G393600	1.467826
SORBI_3002G393700	59.658164
SORBI_3002G393800	3.823811
SORBI_3002G393900	0.527639
SORBI_3002G393950	0
SORBI_3002G394000	0
SORBI_3002G394100	0
SORBI_3002G394200	0.500534
SORBI_3002G394300	0
SORBI_3002G394400	445.318932
SORBI_3002G394433	0.329949
SORBI_3002G394466	0
SORBI_3002G394500	0.11547
SORBI_3002G394550	0
SORBI_3002G394600	152.156478
SORBI_3002G394700	0
SORBI_3002G394800	37.301013
SORBI_3002G394900	0
SORBI_3002G395000	127.374715
SORBI_3002G395100	0
SORBI_3002G395200	2.357381
SORBI_3002G395300	13.012861
SORBI_3002G395400	0
SORBI_3002G395500	54.452482
SORBI_3002G395600	37.642588
SORBI_3002G395700	14.284478
SORBI_3002G395801	63.583256
SORBI_3002G395900	3.891617
SORBI_3002G396000	38.305686
SORBI_3002G396050	0
SORBI_3002G396100	4.352237
SORBI_3002G396200	8.962717
SORBI_3002G396300	8.276478
SORBI_3002G396400	14.002814
SORBI_3002G396500	58.292898
SORBI_3002G396600	0
SORBI_3002G396700	115.044428
SORBI_3002G396800	5.751037
SORBI_3002G396900	0.542608
SORBI_3002G397001	0
SORBI_3002G397100	3.612019
SORBI_3002G397200	0
SORBI_3002G397300	0
SORBI_3002G397400	0.117573
SORBI_3002G397500	22.966229
SORBI_3002G397600	58.485605
SORBI_3002G397650	0
SORBI_3002G397700	0
SORBI_3002G397900	24.087727
SORBI_3002G398000	7.509801
SORBI_3002G398100	2.405527
SORBI_3002G398200	0.784933
SORBI_3002G398300	0
SORBI_3002G398400	0.820442
SORBI_3002G398500	23.494065
SORBI_3002G398600	0
SORBI_3002G398700	22.806919
SORBI_3002G398800	22.461287
SORBI_3002G398901	379.604493
SORBI_3002G399000	20.846829
SORBI_3002G399100	53.577696
SORBI_3002G399200	30.849547
SORBI_3002G399300	0
SORBI_3002G399400	0.433494
SORBI_3002G399500	36.435032
SORBI_3002G399600	0
SORBI_3002G399700	0
SORBI_3002G399800	18.501971
SORBI_3002G399900	37.938642
SORBI_3002G400000	94.283424
SORBI_3002G400050	0
SORBI_3002G400101	6.023975
SORBI_3002G400151	8.778037
SORBI_3002G400200	55.892273
SORBI_3002G400300	1.77742
SORBI_3002G400400	4.678873
SORBI_3002G400500	0
SORBI_3002G400600	8.168111
SORBI_3002G400700	0
SORBI_3002G400800	3.300908
SORBI_3002G400900	2.387415
SORBI_3002G401000	85.677695
SORBI_3002G401100	30.421757
SORBI_3002G401200	45.064655
SORBI_3002G401301	0
SORBI_3002G401400	0
SORBI_3002G401500	144.559293
SORBI_3002G401533	0.48695
SORBI_3002G401566	0
SORBI_3002G401600	106.998843
SORBI_3002G401700	18.899001
SORBI_3002G401800	19.04258
SORBI_3002G401900	23.100037
SORBI_3002G402000	23.210852
SORBI_3002G402100	0.10271
SORBI_3002G402233	0
SORBI_3002G402366	4.880752
SORBI_3002G402500	13.735995
SORBI_3002G402600	32.828789
SORBI_3002G402700	105.238688
SORBI_3002G402900	0
SORBI_3002G403000	0
SORBI_3002G403100	1.528957
SORBI_3002G403200	43.516308
SORBI_3002G403300	1.531379
SORBI_3002G403400	44.098258
SORBI_3002G403500	0.753147
SORBI_3002G403600	7.456637
SORBI_3002G403700	2.092213
SORBI_3002G403833	2.263034
SORBI_3002G403966	0
SORBI_3002G404100	0
SORBI_3002G404200	41.091203
SORBI_3002G404300	0
SORBI_3002G404400	0
SORBI_3002G404500	9.701779
SORBI_3002G404600	0.224851
SORBI_3002G404700	76.473989
SORBI_3002G404800	23.410686
SORBI_3002G404900	6.753153
SORBI_3002G405000	0.706959
SORBI_3002G405100	16.324902
SORBI_3002G405200	16.976519
SORBI_3002G405300	0
SORBI_3002G405400	19.824769
SORBI_3002G405500	66.677229
SORBI_3002G405600	671.682326
SORBI_3002G405700	0
SORBI_3002G405750	0.151372
SORBI_3002G405800	26.827805
SORBI_3002G405900	33.564326
SORBI_3002G406000	18.74016
SORBI_3002G406200	30.10312
SORBI_3002G406300	40.182682
SORBI_3002G406400	0.359095
SORBI_3002G406500	774.350704
SORBI_3002G406600	12.479905
SORBI_3002G406700	6.883596
SORBI_3002G406801	0
SORBI_3002G406900	0.732441
SORBI_3002G407000	44.446948
SORBI_3002G407100	5.044024
ENSRNA049442037	0
ENSRNA049485358	0
SORBI_3002G407200	61.854713
ENSRNA049485359	0
SORBI_3002G407300	0.249215
SORBI_3002G407400	0
SORBI_3002G407500	0.171226
SORBI_3002G407700	11.478635
SORBI_3002G407800	0.93761
SORBI_3002G407900	133.140706
SORBI_3002G408000	0.949963
SORBI_3002G408100	142.813039
SORBI_3002G408200	53.229911
SORBI_3002G408300	72.3642
SORBI_3002G408400	0.20061
SORBI_3002G408500	0.14042
SORBI_3002G408600	7.683984
SORBI_3002G408700	0
SORBI_3002G408800	9.909986
SORBI_3002G408900	58.520568
SORBI_3002G409000	0.147548
SORBI_3002G409100	0
SORBI_3002G409200	0
SORBI_3002G409250	0
SORBI_3002G409300	0
SORBI_3002G409500	5.021169
SORBI_3002G409600	53.417456
SORBI_3002G409700	9.478104
SORBI_3002G409800	148.110144
SORBI_3002G409900	5.603682
SORBI_3002G410050	0
SORBI_3002G410200	0
SORBI_3002G410600	0
SORBI_3002G410700	192.174861
SORBI_3002G410800	0
SORBI_3002G410850	0
SORBI_3002G410900	0
SORBI_3002G411000	0
SORBI_3002G411200	0
SORBI_3002G411300	54.338163
SORBI_3002G411400	32.295355
SORBI_3002G411500	138.832393
SORBI_3002G411600	92.623705
SORBI_3002G411700	1.406853
SORBI_3002G411800	4.767781
SORBI_3002G411900	0.145839
SORBI_3002G412001	0
SORBI_3002G412100	0
SORBI_3002G412200	5.155807
SORBI_3002G412300	1.921804
SORBI_3002G412400	1.414911
SORBI_3002G412500	0
SORBI_3002G412600	0
SORBI_3002G412700	36.552671
SORBI_3002G412800	72.058799
SORBI_3002G413000	241.275983
SORBI_3002G413100	0
SORBI_3002G413200	0
SORBI_3002G413300	30.421205
SORBI_3002G413400	172.730414
SORBI_3002G413500	22.488016
SORBI_3002G413600	6.829333
SORBI_3002G413700	1.83355
SORBI_3002G413750	4.751119
SORBI_3002G413800	0.262686
SORBI_3002G413900	0
SORBI_3002G414000	0
SORBI_3002G414150	0
SORBI_3002G414300	0
SORBI_3002G414400	6.908598
SORBI_3002G414500	3.441785
SORBI_3002G414600	221.104573
SORBI_3002G414700	239.039491
SORBI_3002G414800	1.259439
SORBI_3002G414850	0.092467
ENSRNA049996620	0
SORBI_3002G414900	0.800931
SORBI_3002G415000	0.613822
SORBI_3002G415100	0.289709
SORBI_3002G415300	0
SORBI_3002G415400	0
SORBI_3002G415500	66.403945
SORBI_3002G415600	21.930095
SORBI_3002G415900	66.204205
SORBI_3002G416000	0
SORBI_3002G416100	0.835321
SORBI_3002G416150	3.546856
SORBI_3002G416200	12.779349
SORBI_3002G416250	0
SORBI_3002G416300	0
SORBI_3002G416400	0
SORBI_3002G416500	0.111494
SORBI_3002G416600	1.72337
SORBI_3002G416700	1.590345
SORBI_3002G416800	0
SORBI_3002G416900	0.192306
SORBI_3002G416950	0
SORBI_3002G417000	0.40199
ENSRNA049442066	0
SORBI_3002G417101	0
SORBI_3002G417201	1.105787
SORBI_3002G417300	1097.354208
SORBI_3002G417401	0.499431
SORBI_3002G417500	62.047845
SORBI_3002G417600	0
SORBI_3002G417700	1.134194
SORBI_3002G417800	188.2104
ENSRNA049485385	0
SORBI_3002G417900	0
SORBI_3002G418000	0
SORBI_3002G418100	28.427054
SORBI_3002G418200	83.066558
SORBI_3002G418300	0.453588
SORBI_3002G418400	222.013194
SORBI_3002G418500	0.237386
SORBI_3002G418600	11.685511
SORBI_3002G418700	28.854025
SORBI_3002G418800	0
SORBI_3002G418900	223.984587
SORBI_3002G419000	90.647386
SORBI_3002G419100	188.514556
ENSRNA049485380	0
ENSRNA049485376	0
ENSRNA049485381	0
SORBI_3002G419200	13.455589
SORBI_3002G419350	0
SORBI_3002G419500	1.800982
SORBI_3002G419550	0
SORBI_3002G419600	0.600354
SORBI_3002G419700	27.581458
SORBI_3002G419800	29.647143
SORBI_3002G419900	0.288622
SORBI_3002G420000	0.557775
SORBI_3002G420100	2.406987
SORBI_3002G420200	0.078754
SORBI_3002G420300	42.179289
SORBI_3002G420400	0
SORBI_3002G420500	5.128944
SORBI_3002G420600	53.297342
SORBI_3002G420700	0.482211
SORBI_3002G420800	31.1351
SORBI_3002G421000	7.825699
SORBI_3002G420900	17.228857
SORBI_3002G421100	47.30024
SORBI_3002G421200	262.094412
SORBI_3002G421300	116.713443
SORBI_3002G421350	0
SORBI_3002G421400	22.062654
SORBI_3002G421501	0
ENSRNA049485377	0
SORBI_3002G421600	6.924334
SORBI_3002G421700	8.012424
SORBI_3002G421800	1.18731
SORBI_3002G421900	66.75367
SORBI_3002G422000	0.369599
SORBI_3002G422100	22.734616
SORBI_3002G422200	4.336214
SORBI_3002G422300	16.868826
SORBI_3002G422400	19.348791
SORBI_3002G422500	25.576492
SORBI_3002G422600	4.823137
SORBI_3002G422900	0
SORBI_3002G423000	0
SORBI_3002G423100	0.316212
SORBI_3002G423200	7.778978
SORBI_3002G423300	1.359082
SORBI_3002G423400	1.784012
SORBI_3002G423500	107.817762
SORBI_3002G423600	1.161078
SORBI_3002G423700	0.18326
SORBI_3002G423800	16.389085
SORBI_3002G423901	0
SORBI_3002G424000	180.03132
ENSRNA049442081	0
SORBI_3002G424100	100.228003
SORBI_3002G424200	0.928121
SORBI_3002G424350	191.369352
SORBI_3002G424500	14.772412
SORBI_3002G424550	0
SORBI_3002G424600	4.1849
SORBI_3002G424700	16.534605
SORBI_3002G424800	7.563347
SORBI_3002G424900	4.061703
SORBI_3002G425000	1.134194
SORBI_3002G425101	2.060047
SORBI_3002G425200	0.711641
SORBI_3002G425300	0
SORBI_3002G425400	0
SORBI_3002G425500	73.133863
SORBI_3002G425600	0
SORBI_3002G425700	9.825582
SORBI_3002G425800	46.923857
SORBI_3002G425900	0
SORBI_3002G426000	0
SORBI_3002G426100	32.743599
SORBI_3002G426201	0
SORBI_3002G426300	44.695117
SORBI_3002G426400	37.318486
SORBI_3002G426501	0.918821
SORBI_3002G426600	3.155173
SORBI_3002G426650	0.351142
SORBI_3002G426700	0.334824
SORBI_3002G426800	0
SORBI_3002G426900	0.107609
SORBI_3002G427000	6.018686
SORBI_3002G427050	85.332787
SORBI_3002G427100	0.653533
SORBI_3002G427201	0.278781
SORBI_3002G427300	43.724403
SORBI_3002G427400	13.680351
SORBI_3002G427500	0
SORBI_3002G427550	0
SORBI_3002G427600	0
SORBI_3002G427700	43.81852
SORBI_3002G427800	5.090366
SORBI_3002G427900	37.131155
SORBI_3002G428000	0.069872
SORBI_3002G428100	51.037472
SORBI_3002G428200	139.954673
SORBI_3002G428301	0
SORBI_3002G428400	0.327791
SORBI_3002G428501	0
SORBI_3002G428600	89.799609
SORBI_3002G428700	3.650574
SORBI_3002G428800	17.167344
SORBI_3002G428900	21.951071
SORBI_3002G429000	0.163797
SORBI_3002G429100	0
SORBI_3002G429200	0
SORBI_3002G429300	19.035144
SORBI_3002G429400	5.692457
SORBI_3002G429700	116.321645
SORBI_3002G429800	6.63633
SORBI_3002G429900	0
SORBI_3002G430000	80.870458
SORBI_3002G430100	1.384806
SORBI_3002G430200	27.654085
SORBI_3002G430300	30.011299
SORBI_3002G430400	0.65365
SORBI_3002G430500	69.080526
SORBI_3002G430601	0
SORBI_3002G430700	0.050295
SORBI_3002G430800	95.200722
SORBI_3002G430900	14.318995
SORBI_3002G431000	64.816722
SORBI_3002G431100	413.707589
SORBI_3002G431200	9.712974
SORBI_3002G431300	26.461614
SORBI_3002G431333	0
SORBI_3002G431366	15.620959
SORBI_3002G431400	7.629871
SORBI_3002G431500	16.472318
SORBI_3002G431600	93.74577
SORBI_3002G431700	0
SORBI_3003G000100	0
SORBI_3003G000150	10.333624
SORBI_3003G000200	0
SORBI_3003G000400	0.6543
SORBI_3003G000500	0.412442
SORBI_3003G000600	56.041095
SORBI_3003G000700	0
SORBI_3003G000800	8.36755
SORBI_3003G000900	0.913445
SORBI_3003G001000	52.389356
SORBI_3003G001100	291.668312
SORBI_3003G001200	12.894814
SORBI_3003G001300	0.090999
SORBI_3003G001400	29.372889
SORBI_3003G001500	1.443094
SORBI_3003G001550	12.274972
SORBI_3003G001600	1.262548
SORBI_3003G001650	4.46342
SORBI_3003G001701	1.347186
SORBI_3003G001751	2.421959
SORBI_3003G001800	2.158229
SORBI_3003G001901	0
SORBI_3003G002000	0
SORBI_3003G002100	9.838513
SORBI_3003G002300	114.657652
SORBI_3003G002400	60.490616
SORBI_3003G002501	5.84697
SORBI_3003G002600	51.989983
SORBI_3003G002700	34.545788
SORBI_3003G002800	6.289195
SORBI_3003G002900	0
SORBI_3003G003000	36.930972
SORBI_3003G003101	0.385986
SORBI_3003G003200	23.013979
SORBI_3003G003300	18.207875
SORBI_3003G003450	28.41323
SORBI_3003G003600	52.899086
SORBI_3003G003700	0.498075
SORBI_3003G003800	25.292557
SORBI_3003G003900	0
SORBI_3003G004000	0
SORBI_3003G004100	0.921318
SORBI_3003G004200	6.325039
SORBI_3003G004300	52.069243
SORBI_3003G004500	34.109127
SORBI_3003G004600	13.657552
SORBI_3003G004700	13.483485
SORBI_3003G004800	7.883792
SORBI_3003G004900	0
SORBI_3003G005000	9.564839
ENSRNA049446004	0
SORBI_3003G005100	7.454862
SORBI_3003G005200	55.328007
SORBI_3003G005266	0.204069
SORBI_3003G005332	0
ENSRNA049445990	0
SORBI_3003G005400	0
SORBI_3003G005500	2.560215
SORBI_3003G005600	80.322477
SORBI_3003G005700	0.511289
SORBI_3003G005800	1320.199717
SORBI_3003G005900	55.847331
SORBI_3003G006000	0
SORBI_3003G006100	0
SORBI_3003G006200	14.975511
SORBI_3003G006300	40.100767
SORBI_3003G006400	50.732533
SORBI_3003G006500	0
SORBI_3003G006600	0
SORBI_3003G006800	11.934689
SORBI_3003G006833	71.505128
SORBI_3003G006866	0
SORBI_3003G006900	32.160917
SORBI_3003G007000	0
SORBI_3003G007100	8.730899
SORBI_3003G007200	2.917132
SORBI_3003G007300	33.816678
SORBI_3003G007400	0.521139
SORBI_3003G007500	53.387289
SORBI_3003G007600	1.240573
ENSRNA049445365	0
SORBI_3003G007650	0
SORBI_3003G007700	8.101854
SORBI_3003G007800	0
SORBI_3003G008000	0.020794
SORBI_3003G007900	0
SORBI_3003G008100	1.200579
SORBI_3003G008200	1.385767
SORBI_3003G008300	31.969962
SORBI_3003G008400	0
SORBI_3003G008500	200.368178
SORBI_3003G008600	70.719286
SORBI_3003G008700	0.152631
SORBI_3003G008800	5.388475
SORBI_3003G008850	0
SORBI_3003G008900	9.894362
SORBI_3003G009000	0
SORBI_3003G009100	40.202993
SORBI_3003G009200	2.671834
SORBI_3003G009300	34.037432
SORBI_3003G009400	1.240364
SORBI_3003G009501	0
SORBI_3003G009600	0
SORBI_3003G009650	0
SORBI_3003G009700	0
SORBI_3003G009800	0
SORBI_3003G009900	0
SORBI_3003G010000	0
SORBI_3003G010033	0
SORBI_3003G010066	2.811613
SORBI_3003G010100	1.387256
SORBI_3003G010200	7.529018
SORBI_3003G010300	11.622596
SORBI_3003G010400	193.724324
SORBI_3003G010500	49.391014
SORBI_3003G010600	30.270117
SORBI_3003G010650	0
SORBI_3003G010700	0
SORBI_3003G010800	0
SORBI_3003G010900	3.432817
SORBI_3003G011000	8.722824
SORBI_3003G011100	176.627735
SORBI_3003G011200	0.785655
SORBI_3003G011300	20.84581
SORBI_3003G011400	0
SORBI_3003G011600	2.013116
SORBI_3003G011700	0
SORBI_3003G011800	4.289833
SORBI_3003G011900	11.178984
SORBI_3003G012000	7.767193
SORBI_3003G012100	67.266072
SORBI_3003G012200	99.694245
SORBI_3003G012300	5.514032
SORBI_3003G012400	0.162564
SORBI_3003G012500	52.31986
SORBI_3003G012600	9.756701
SORBI_3003G012700	95.42143
SORBI_3003G012750	0
SORBI_3003G012800	283.205271
SORBI_3003G012900	0
SORBI_3003G013000	4.497308
SORBI_3003G013100	0.09333
SORBI_3003G013300	0
SORBI_3003G013400	0.442356
SORBI_3003G013600	24.628487
SORBI_3003G013700	3.340543
SORBI_3003G013800	0
SORBI_3003G013900	0
ENSRNA049996614	0
SORBI_3003G013950	0
SORBI_3003G014000	1.99928
ENSRNA049996604	3.518881
SORBI_3003G014100	6.715572
SORBI_3003G014200	0
SORBI_3003G014300	9.582378
SORBI_3003G014400	0.212942
SORBI_3003G014500	7.980446
SORBI_3003G014600	0.305352
SORBI_3003G014700	2.128467
SORBI_3003G014766	1.018025
SORBI_3003G014832	0.263425
SORBI_3003G014900	3.71284
SORBI_3003G015000	2.960742
SORBI_3003G015100	0.071422
SORBI_3003G015200	2.644779
SORBI_3003G015300	0
SORBI_3003G015400	20.649231
SORBI_3003G015500	0.160935
SORBI_3003G015600	73.14204
SORBI_3003G015700	0
SORBI_3003G015800	0
SORBI_3003G015900	265.614203
SORBI_3003G015950	0
SORBI_3003G016000	0
SORBI_3003G016100	0.540586
SORBI_3003G016200	0
SORBI_3003G016300	25.690668
SORBI_3003G016400	2.107941
SORBI_3003G016500	11.261271
SORBI_3003G016600	17.805572
SORBI_3003G016800	1.17002
SORBI_3003G016700	0
SORBI_3003G016900	19.682808
SORBI_3003G016950	8.349159
SORBI_3003G017000	29.778583
SORBI_3003G017100	14.541811
SORBI_3003G017200	109.808153
SORBI_3003G017300	2.381243
SORBI_3003G017400	5.242167
SORBI_3003G017500	13.709248
SORBI_3003G017601	41.012555
SORBI_3003G017700	21.59019
SORBI_3003G017800	18.918942
SORBI_3003G017900	0
SORBI_3003G018000	0.310442
SORBI_3003G018150	0.333054
SORBI_3003G018300	0
SORBI_3003G018400	0
SORBI_3003G018600	161.632325
SORBI_3003G018700	0.352282
SORBI_3003G018800	24.073505
SORBI_3003G018900	11.410103
SORBI_3003G019000	6.027831
SORBI_3003G019100	8.14788
SORBI_3003G019200	679.181093
SORBI_3003G019300	0
SORBI_3003G019400	0
SORBI_3003G019450	0
SORBI_3003G019500	0
SORBI_3003G019600	0
SORBI_3003G019700	43.11254
SORBI_3003G019800	3.940406
SORBI_3003G019900	0
SORBI_3003G020000	7.658995
SORBI_3003G020100	7.30576
SORBI_3003G020200	0.224449
SORBI_3003G020300	0
SORBI_3003G020400	0
SORBI_3003G020500	0.228202
SORBI_3003G020600	122.185897
SORBI_3003G020700	0
SORBI_3003G020800	0
SORBI_3003G020900	0
SORBI_3003G021000	0
SORBI_3003G021100	18.436414
SORBI_3003G021200	28.4805
SORBI_3003G021300	0
SORBI_3003G021401	0
SORBI_3003G021500	304.169253
SORBI_3003G021600	25.953966
SORBI_3003G021700	0
SORBI_3003G021800	0
SORBI_3003G021900	6.08554
SORBI_3003G022000	2.141386
SORBI_3003G022200	15.08289
SORBI_3003G022300	37.548016
SORBI_3003G022400	0.317236
SORBI_3003G022500	0.171266
SORBI_3003G022600	2.603897
SORBI_3003G022700	0.859115
SORBI_3003G022800	21.514197
SORBI_3003G022900	1.191089
SORBI_3003G023000	64.760015
SORBI_3003G023100	0.966125
SORBI_3003G023200	19.163024
SORBI_3003G023300	18.673204
SORBI_3003G023400	121.703136
SORBI_3003G023450	0
SORBI_3003G023500	79.186685
SORBI_3003G023600	0
SORBI_3003G023666	0.550422
SORBI_3003G023732	0
SORBI_3003G023800	13.236862
SORBI_3003G023901	0
SORBI_3003G024000	3.511788
SORBI_3003G024100	0.65669
SORBI_3003G024200	32.230667
SORBI_3003G024300	1.774824
SORBI_3003G024400	0
SORBI_3003G024450	0
SORBI_3003G024500	69.52843
SORBI_3003G024600	0
SORBI_3003G024700	0
SORBI_3003G024800	164.906988
SORBI_3003G024900	2.930732
SORBI_3003G025000	3.584469
SORBI_3003G025100	1.036006
ENSRNA049445379	0
SORBI_3003G025200	314.84758
ENSRNA049476998	0
SORBI_3003G025300	1.060802
SORBI_3003G025400	0.098499
SORBI_3003G025500	0
SORBI_3003G025600	13.866289
SORBI_3003G025700	1.584594
SORBI_3003G025800	0
SORBI_3003G025900	2.23672
SORBI_3003G026000	0
SORBI_3003G026100	0.055389
SORBI_3003G026200	1.421138
SORBI_3003G026300	135.688708
SORBI_3003G026400	3.114686
SORBI_3003G026600	0
SORBI_3003G026700	26.440468
SORBI_3003G026900	8.43978
SORBI_3003G027000	0
SORBI_3003G027100	0
SORBI_3003G027200	1.572931
SORBI_3003G027300	0
SORBI_3003G027350	0
SORBI_3003G027400	0.459102
SORBI_3003G027500	3.793418
SORBI_3003G027600	3.117467
SORBI_3003G027700	0
SORBI_3003G027800	53.166048
SORBI_3003G028000	0
SORBI_3003G028100	12.388878
SORBI_3003G028200	15.220186
SORBI_3003G028300	6.294285
SORBI_3003G028400	2.861159
SORBI_3003G028500	0
SORBI_3003G028600	40.542647
SORBI_3003G028700	0
SORBI_3003G028800	0
SORBI_3003G028900	45.626555
SORBI_3003G029000	0.545198
SORBI_3003G029100	87.963368
SORBI_3003G029150	0
SORBI_3003G029200	3.743695
SORBI_3003G029300	0.433756
SORBI_3003G029350	0
SORBI_3003G029400	1.134194
SORBI_3003G029500	9.971715
SORBI_3003G029600	25.800763
SORBI_3003G029700	48.558584
ENSRNA049476932	0
SORBI_3003G029800	27.338801
SORBI_3003G029900	0
SORBI_3003G030000	5.222374
SORBI_3003G030100	0.534755
SORBI_3003G030200	0
SORBI_3003G030300	3.381262
SORBI_3003G030400	13.193692
SORBI_3003G030450	0
SORBI_3003G030500	11.398644
SORBI_3003G030600	5.88531
SORBI_3003G030700	1.649933
SORBI_3003G030800	6.710882
SORBI_3003G030900	5.572169
SORBI_3003G031001	0.226083
SORBI_3003G031100	3.07951
SORBI_3003G031200	136.050341
SORBI_3003G031300	7.752324
SORBI_3003G031400	5.913199
SORBI_3003G031500	50.533047
SORBI_3003G031600	0
SORBI_3003G031700	0.934335
SORBI_3003G031750	0.788673
SORBI_3003G031800	12.919233
SORBI_3003G031900	3.437618
SORBI_3003G032000	40.518771
SORBI_3003G032100	0
SORBI_3003G032200	0.148283
SORBI_3003G032301	1.238244
SORBI_3003G032400	57.868619
SORBI_3003G032450	0
SORBI_3003G032500	0
SORBI_3003G032600	31.502994
SORBI_3003G032700	4.359314
SORBI_3003G032800	92.148282
SORBI_3003G032900	163.4381
SORBI_3003G033000	18.998093
SORBI_3003G033100	9.275075
SORBI_3003G033200	6.009251
SORBI_3003G033300	0
SORBI_3003G033400	0.531649
SORBI_3003G033500	3.987804
SORBI_3003G033600	1.628405
SORBI_3003G033700	10.63399
SORBI_3003G033800	3.710206
SORBI_3003G033900	17.831851
SORBI_3003G034000	104.292105
SORBI_3003G034100	3.54935
ENSRNA049476990	0
SORBI_3003G034200	0.274434
ENSRNA049476979	0
SORBI_3003G034250	0
SORBI_3003G034300	21.328859
SORBI_3003G034350	0
SORBI_3003G034400	2.553994
SORBI_3003G034500	26.511741
SORBI_3003G034600	1.811898
SORBI_3003G034700	240.210856
SORBI_3003G034800	0.13753
SORBI_3003G034900	165.499136
SORBI_3003G035001	0
SORBI_3003G035100	28.454978
SORBI_3003G035200	0.293667
SORBI_3003G035266	0
SORBI_3003G035332	0
SORBI_3003G035400	0
SORBI_3003G035500	24.922258
SORBI_3003G035601	0.487072
SORBI_3003G035700	61.239089
SORBI_3003G035801	0
SORBI_3003G035900	21.888136
SORBI_3003G036000	232.975652
SORBI_3003G036100	0
SORBI_3003G036200	0.19898
SORBI_3003G036300	26.651377
SORBI_3003G036400	116.386293
SORBI_3003G036500	28.556537
SORBI_3003G036600	21.639478
SORBI_3003G036650	0
SORBI_3003G036700	0.734252
SORBI_3003G036800	32.517826
SORBI_3003G036900	28.735747
SORBI_3003G036950	1.497564
ENSRNA049996599	0
ENSRNA049996593	0
SORBI_3003G037000	110.638323
SORBI_3003G037100	0
SORBI_3003G037200	3.790195
SORBI_3003G037300	24.036711
SORBI_3003G037400	42.396768
SORBI_3003G037500	10.848048
SORBI_3003G037600	1.134238
SORBI_3003G037700	5.60613
SORBI_3003G037800	139.579333
SORBI_3003G037900	74.559944
SORBI_3003G038000	0.067417
SORBI_3003G038100	99.752725
SORBI_3003G038200	11.629391
SORBI_3003G038300	0
SORBI_3003G038400	3.842316
SORBI_3003G038500	217.876387
SORBI_3003G038600	56.295293
SORBI_3003G038700	0
SORBI_3003G038800	0
SORBI_3003G038901	0
SORBI_3003G039000	18.227995
SORBI_3003G039100	3.07417
SORBI_3003G039200	236.776329
SORBI_3003G039300	39.331796
SORBI_3003G039400	36.043557
SORBI_3003G039500	5.451404
SORBI_3003G039600	2.72865
SORBI_3003G039700	49.054201
SORBI_3003G039800	0
SORBI_3003G039900	101.3636
SORBI_3003G040000	13.887203
SORBI_3003G040100	0.061919
SORBI_3003G040200	8.321543
SORBI_3003G040300	0.188081
SORBI_3003G040400	0.174344
SORBI_3003G040500	0.23149
SORBI_3003G040600	5.923498
SORBI_3003G040700	3.128637
SORBI_3003G040800	6.092659
SORBI_3003G040900	683.641899
SORBI_3003G041000	30.866594
SORBI_3003G041100	2.643005
SORBI_3003G041200	0.140872
SORBI_3003G041300	26.544928
SORBI_3003G041400	0.740557
SORBI_3003G041500	0.123602
SORBI_3003G041600	0
SORBI_3003G041700	0.106645
SORBI_3003G041801	0
SORBI_3003G041900	0.65706
SORBI_3003G042000	0
SORBI_3003G042100	17.32017
SORBI_3003G042150	0
SORBI_3003G042200	1.41029
SORBI_3003G042400	21.494073
SORBI_3003G042600	0
SORBI_3003G042700	1.279615
SORBI_3003G042800	0
SORBI_3003G042900	1.835823
SORBI_3003G043000	6.903823
SORBI_3003G043100	337.197925
SORBI_3003G043150	0.130178
SORBI_3003G043200	14.784358
SORBI_3003G043300	171.563476
SORBI_3003G043400	71.020977
SORBI_3003G043500	1.862877
SORBI_3003G043550	0.05333
SORBI_3003G043600	60.220263
SORBI_3003G043650	0
SORBI_3003G043700	7.086669
SORBI_3003G043800	31.36227
SORBI_3003G043900	0.125306
SORBI_3003G044000	7.461421
SORBI_3003G044100	57.179007
SORBI_3003G044200	168.066729
SORBI_3003G044300	25.464767
SORBI_3003G044400	98.472569
SORBI_3003G044500	0
SORBI_3003G044600	2.831059
SORBI_3003G044700	29.09048
SORBI_3003G044800	0
SORBI_3003G044900	165.804815
SORBI_3003G045000	5.702744
SORBI_3003G045100	5.633292
SORBI_3003G045200	14.214096
SORBI_3003G045300	9.859874
SORBI_3003G045400	84.153921
SORBI_3003G045450	1.155729
SORBI_3003G045501	0
SORBI_3003G045551	0
SORBI_3003G045600	70.333464
SORBI_3003G045650	0
SORBI_3003G045700	4.339163
SORBI_3003G045800	0.235378
SORBI_3003G045900	7.545814
SORBI_3003G046000	0
SORBI_3003G046200	0.488436
SORBI_3003G046300	46.063902
SORBI_3003G046400	0
SORBI_3003G046600	0
SORBI_3003G046700	0
SORBI_3003G046800	0.310194
SORBI_3003G046900	0
SORBI_3003G047100	31.750794
SORBI_3003G047200	0.134743
SORBI_3003G047300	0
SORBI_3003G047400	1.359083
SORBI_3003G047450	2.268387
SORBI_3003G047500	0.869041
SORBI_3003G047600	0
SORBI_3003G047700	1.952125
SORBI_3003G047800	19.899982
SORBI_3003G047900	33.027949
SORBI_3003G048000	7.769787
SORBI_3003G048100	0
SORBI_3003G048200	0
SORBI_3003G048300	0.141981
SORBI_3003G048400	0.358963
SORBI_3003G048500	188.009148
SORBI_3003G048600	26.766197
SORBI_3003G048700	0.076551
SORBI_3003G048900	0
SORBI_3003G049000	0
SORBI_3003G049100	0.589663
SORBI_3003G049200	47.756192
SORBI_3003G049300	10.185238
SORBI_3003G049400	50.539033
SORBI_3003G049500	7.613168
SORBI_3003G049600	128.553445
SORBI_3003G049700	3.279488
SORBI_3003G049800	168.11149
SORBI_3003G049900	86.03513
SORBI_3003G050000	5.389709
SORBI_3003G050100	0.44953
SORBI_3003G050200	6.805162
SORBI_3003G050300	45.165868
SORBI_3003G050350	0.322041
SORBI_3003G050400	680.964483
SORBI_3003G050500	1.16114
SORBI_3003G050600	38.97209
SORBI_3003G050700	22.769988
SORBI_3003G050800	28.131574
SORBI_3003G050900	32.647157
SORBI_3003G051000	35.556445
ENSRNA049476982	0
SORBI_3003G051100	32.69918
SORBI_3003G051200	32.085135
SORBI_3003G051300	2.762223
SORBI_3003G051400	0.09201
SORBI_3003G051500	1.315445
SORBI_3003G051600	35.331905
SORBI_3003G051700	26.492401
SORBI_3003G051800	32.699758
SORBI_3003G051900	0
SORBI_3003G052000	0.288563
SORBI_3003G052100	0
SORBI_3003G052200	2.661221
SORBI_3003G052300	5.297476
SORBI_3003G052400	67.08168
SORBI_3003G052500	34.580339
SORBI_3003G052600	6.453807
SORBI_3003G052700	4.831386
SORBI_3003G052800	17.290537
SORBI_3003G052900	15.365791
SORBI_3003G053001	0
SORBI_3003G053100	0
SORBI_3003G053200	0.474994
SORBI_3003G053300	1.513325
SORBI_3003G053400	7.237375
SORBI_3003G053500	1.883638
SORBI_3003G053600	0
ENSRNA049445397	0
SORBI_3003G053700	27.527638
SORBI_3003G053750	0
SORBI_3003G053800	20.928752
SORBI_3003G053900	25.840552
SORBI_3003G054000	2.456551
SORBI_3003G054100	9.156006
SORBI_3003G054200	91.480862
SORBI_3003G054400	340.597229
SORBI_3003G054500	0
SORBI_3003G054600	0
SORBI_3003G054800	0.089886
SORBI_3003G054900	30.314589
SORBI_3003G054950	0
SORBI_3003G055000	2.713532
SORBI_3003G055200	1.437795
SORBI_3003G055300	14.377097
SORBI_3003G055400	0
SORBI_3003G055450	0.733653
SORBI_3003G055500	63.23669
SORBI_3003G055600	1.541933
SORBI_3003G055700	156.904223
ENSRNA049445974	0
SORBI_3003G055800	0
SORBI_3003G055900	6.351974
SORBI_3003G056000	3.444112
SORBI_3003G056100	11.833526
SORBI_3003G056200	0
SORBI_3003G056250	0
SORBI_3003G056300	0
SORBI_3003G056400	0.823402
SORBI_3003G056500	40.006082
SORBI_3003G056600	0
SORBI_3003G056700	0
SORBI_3003G056800	0
SORBI_3003G057050	0.022501
SORBI_3003G056900	0
SORBI_3003G057000	0
SORBI_3003G057100	2.772487
SORBI_3003G057233	3.618748
SORBI_3003G057366	4.099278
SORBI_3003G057500	0
SORBI_3003G057600	1.243554
SORBI_3003G057650	0
SORBI_3003G057700	25.925687
SORBI_3003G057800	4.871612
ENSRNA049445413	0
SORBI_3003G057900	0
SORBI_3003G058001	0
SORBI_3003G058100	8.435349
SORBI_3003G058300	0.330545
SORBI_3003G058200	61.879272
SORBI_3003G058400	0
SORBI_3003G058500	57.06914
SORBI_3003G058600	0
SORBI_3003G058700	14.272561
SORBI_3003G058800	21.102922
SORBI_3003G058900	63.498154
SORBI_3003G059000	0
SORBI_3003G059100	0
SORBI_3003G059200	5.999379
SORBI_3003G059250	0
SORBI_3003G059300	0.469383
SORBI_3003G059400	34.975957
SORBI_3003G059450	0
SORBI_3003G059500	0
SORBI_3003G059600	0
SORBI_3003G059750	29.895738
SORBI_3003G059900	0
SORBI_3003G060000	1.355709
SORBI_3003G060100	0
SORBI_3003G060200	0
SORBI_3003G060300	0
SORBI_3003G060400	0
SORBI_3003G060500	63.677372
SORBI_3003G060600	0.405003
SORBI_3003G060700	0.251763
SORBI_3003G060800	0
SORBI_3003G060900	0
SORBI_3003G061000	0
SORBI_3003G061200	6.876891
SORBI_3003G061300	94.215996
SORBI_3003G061400	2.906763
SORBI_3003G061500	0
SORBI_3003G061600	0
SORBI_3003G061700	0
SORBI_3003G061800	17.488347
SORBI_3003G061850	0
SORBI_3003G061900	352.987351
SORBI_3003G062000	0.614855
SORBI_3003G062101	1.22556
SORBI_3003G062200	1.352721
SORBI_3003G062300	17.407864
SORBI_3003G062400	24.837274
SORBI_3003G062500	3.280255
SORBI_3003G062600	0.7422
SORBI_3003G062700	0
SORBI_3003G062800	28.599658
SORBI_3003G062900	0
SORBI_3003G063000	41.192455
SORBI_3003G063100	0
SORBI_3003G063200	120.555782
SORBI_3003G063300	18.071835
SORBI_3003G063400	0
SORBI_3003G063500	0
SORBI_3003G063600	0
SORBI_3003G063700	0
SORBI_3003G063801	0.378392
SORBI_3003G063900	0.30756
SORBI_3003G064000	0
SORBI_3003G064100	0
SORBI_3003G064150	0
SORBI_3003G064200	20.826973
SORBI_3003G064300	145.01325
SORBI_3003G064400	24.814674
SORBI_3003G064500	2.424048
SORBI_3003G064600	2.358062
SORBI_3003G064700	22.60184
SORBI_3003G064800	0
SORBI_3003G064901	0.139027
SORBI_3003G065001	0
SORBI_3003G065100	0.06817
SORBI_3003G065201	0.825631
SORBI_3003G065300	0
SORBI_3003G065400	0.773703
SORBI_3003G065501	0.308294
SORBI_3003G065600	0.834209
SORBI_3003G065700	0
SORBI_3003G065800	0
SORBI_3003G065900	0
SORBI_3003G066000	0
SORBI_3003G066100	0
SORBI_3003G066200	0
SORBI_3003G066250	0
SORBI_3003G066300	0
SORBI_3003G066400	0.275684
SORBI_3003G066500	0
SORBI_3003G066600	0.724254
SORBI_3003G066700	5.661058
SORBI_3003G066900	13.583982
SORBI_3003G067000	0
SORBI_3003G067100	38.573118
SORBI_3003G067201	1.779157
SORBI_3003G067300	75.837626
SORBI_3003G067400	0.434854
SORBI_3003G067500	53.829189
SORBI_3003G067600	0.753374
SORBI_3003G067700	66.630642
SORBI_3003G067800	52.381694
SORBI_3003G067900	0
SORBI_3003G068000	3.375969
SORBI_3003G068100	0
SORBI_3003G068150	0
SORBI_3003G068200	0.58159
SORBI_3003G068300	0.119743
SORBI_3003G068400	0
SORBI_3003G068500	0
SORBI_3003G068600	3.98229
SORBI_3003G068700	0.190913
SORBI_3003G068750	5.786264
SORBI_3003G068800	0.11589
SORBI_3003G068900	0
SORBI_3003G068950	0.086706
SORBI_3003G069000	2.109222
SORBI_3003G069100	0
SORBI_3003G069200	0
SORBI_3003G069300	0
SORBI_3003G069400	0
SORBI_3003G069500	7.528304
SORBI_3003G069601	0.082274
SORBI_3003G069700	0.455622
SORBI_3003G069750	0
SORBI_3003G069800	0
SORBI_3003G069875	0.186602
SORBI_3003G069950	1.928448
SORBI_3003G070025	0.863436
SORBI_3003G070100	5.865577
SORBI_3003G070200	0
SORBI_3003G070300	3.308725
SORBI_3003G070400	0.290831
SORBI_3003G070500	0
SORBI_3003G070600	0
SORBI_3003G070700	4.913118
SORBI_3003G070800	5.277539
SORBI_3003G070900	46.591768
SORBI_3003G071000	43.368253
SORBI_3003G071100	0
SORBI_3003G071300	0
SORBI_3003G071400	39.132851
SORBI_3003G071500	42.141002
SORBI_3003G071600	53.503673
SORBI_3003G071700	5.471834
SORBI_3003G071800	0
SORBI_3003G071901	91.302587
SORBI_3003G072000	0.059062
SORBI_3003G072100	0
SORBI_3003G072200	57.436452
SORBI_3003G072300	492.610475
SORBI_3003G072400	1.019614
SORBI_3003G072500	48.189398
SORBI_3003G072566	0
SORBI_3003G072632	0
SORBI_3003G072700	0
SORBI_3003G072801	0
SORBI_3003G072900	2.51333
SORBI_3003G073000	72.506352
SORBI_3003G073100	0.822617
SORBI_3003G073133	0
SORBI_3003G073166	0
SORBI_3003G073200	0
SORBI_3003G073300	2.080132
SORBI_3003G073380	0.560403
SORBI_3003G073460	0
SORBI_3003G073540	0
SORBI_3003G073620	0
SORBI_3003G073700	1.390425
SORBI_3003G073750	0
SORBI_3003G073800	100.01107
ENSRNA049996585	7.939355
SORBI_3003G073900	14.240536
SORBI_3003G074000	22.97963
SORBI_3003G074100	0.167194
SORBI_3003G074200	20.373131
ENSRNA049445423	0
SORBI_3003G074300	0
SORBI_3003G074400	93.456408
SORBI_3003G074500	0.516513
SORBI_3003G074600	0
SORBI_3003G074700	2.805848
SORBI_3003G074801	0.611837
SORBI_3003G074900	17.273249
SORBI_3003G075000	1.207066
SORBI_3003G075100	32.932721
SORBI_3003G075200	40.774055
SORBI_3003G075300	0
SORBI_3003G075400	4.34526
SORBI_3003G075500	8.215148
SORBI_3003G075566	0
SORBI_3003G075632	0
SORBI_3003G075700	0
ENSRNA049996579	0
SORBI_3003G075800	133.496623
SORBI_3003G075901	0
SORBI_3003G076001	0
SORBI_3003G076100	0.286337
SORBI_3003G076200	74.665359
SORBI_3003G076300	0
SORBI_3003G076400	0
SORBI_3003G076500	35.191193
SORBI_3003G076600	84.731339
SORBI_3003G076700	0
SORBI_3003G076800	0.349091
SORBI_3003G076900	2.326508
SORBI_3003G077001	0
SORBI_3003G077100	0
SORBI_3003G077200	0
SORBI_3003G077300	13.782636
SORBI_3003G077400	5.945872
SORBI_3003G077500	7.582813
SORBI_3003G077600	1.5979
SORBI_3003G077700	17.093301
SORBI_3003G077800	5.261852
SORBI_3003G077900	216.16337
SORBI_3003G078000	0
SORBI_3003G078100	4.751191
SORBI_3003G078200	265.352616
SORBI_3003G078300	3.891871
SORBI_3003G078400	0.838877
SORBI_3003G078501	26.065929
SORBI_3003G078600	15.95277
SORBI_3003G078700	0.071558
SORBI_3003G078800	164.708289
SORBI_3003G078900	0.991458
SORBI_3003G079100	58.968803
SORBI_3003G079200	6.805729
SORBI_3003G079300	4.238978
SORBI_3003G079400	5.333117
SORBI_3003G079466	0
SORBI_3003G079532	0
SORBI_3003G079600	0
SORBI_3003G079700	0.081422
SORBI_3003G079725	0
SORBI_3003G079750	7.405827
SORBI_3003G079775	0
SORBI_3003G079800	0
SORBI_3003G079900	1.05985
SORBI_3003G080000	0.653057
SORBI_3003G080100	0.964621
SORBI_3003G080300	0
SORBI_3003G080400	0.210861
SORBI_3003G080500	0
SORBI_3003G080600	0.193733
SORBI_3003G080700	0.445858
SORBI_3003G080800	0
SORBI_3003G080900	0.42129
SORBI_3003G081000	14.97158
SORBI_3003G081100	4.113338
SORBI_3003G081200	0
SORBI_3003G081300	0
SORBI_3003G081400	1.506558
SORBI_3003G081500	0.244998
SORBI_3003G081700	4.407439
SORBI_3003G081601	0
SORBI_3003G081800	0
SORBI_3003G081900	3040.319224
SORBI_3003G082000	190.593993
SORBI_3003G082100	20.338011
SORBI_3003G082200	13.948034
SORBI_3003G082300	28.500088
SORBI_3003G082401	0.096055
SORBI_3003G082500	9.003502
SORBI_3003G082600	48.272368
SORBI_3003G082700	0
SORBI_3003G082800	0
SORBI_3003G082900	5.092905
SORBI_3003G082950	0
SORBI_3003G083000	3.227678
SORBI_3003G083100	0
SORBI_3003G083200	11.055627
SORBI_3003G083300	22.252595
SORBI_3003G083400	4.578593
SORBI_3003G083500	0.218735
SORBI_3003G083600	0
SORBI_3003G083700	0
SORBI_3003G083800	0
SORBI_3003G083900	37.924729
SORBI_3003G084000	149.712736
SORBI_3003G084100	2.423031
SORBI_3003G084200	14.465468
SORBI_3003G084300	19.202029
SORBI_3003G084400	6.155807
SORBI_3003G084501	0
SORBI_3003G084500	18.470701
SORBI_3003G084600	0
SORBI_3003G084700	38.743138
SORBI_3003G084750	8.034104
SORBI_3003G084800	0
SORBI_3003G084900	13.299577
SORBI_3003G085000	26.62804
SORBI_3003G085100	5.603277
SORBI_3003G085200	0
SORBI_3003G085300	6.559481
SORBI_3003G085400	0
SORBI_3003G085500	19.270101
SORBI_3003G085533	0
SORBI_3003G085566	0
SORBI_3003G085600	453.864706
SORBI_3003G085700	3.312509
SORBI_3003G085750	0
SORBI_3003G085800	20.415485
SORBI_3003G085900	1.544077
SORBI_3003G086000	0
SORBI_3003G086200	2.196398
SORBI_3003G086300	1.532067
SORBI_3003G086400	7.998209
SORBI_3003G086500	0
SORBI_3003G086600	6.319277
SORBI_3003G086700	1.846143
SORBI_3003G086800	0
SORBI_3003G086900	70.229443
SORBI_3003G087000	171.021754
SORBI_3003G087100	153.603874
SORBI_3003G087200	64.614978
SORBI_3003G087300	2.786596
SORBI_3003G087400	6.416308
SORBI_3003G087600	0.267594
SORBI_3003G087700	0
SORBI_3003G087800	0
SORBI_3003G087900	3.715454
SORBI_3003G088100	4.533706
SORBI_3003G088200	0
SORBI_3003G088300	0
SORBI_3003G088400	20.472833
SORBI_3003G088450	0
SORBI_3003G088500	0
SORBI_3003G088600	0
SORBI_3003G088700	22.682952
SORBI_3003G088800	3.041625
SORBI_3003G088900	0
SORBI_3003G089000	18.401072
SORBI_3003G089100	12.543908
SORBI_3003G089200	2.910508
SORBI_3003G089300	8.896562
SORBI_3003G089400	0
SORBI_3003G089500	0
SORBI_3003G089600	0
SORBI_3003G089700	0.283268
SORBI_3003G089650	1.231488
SORBI_3003G089801	0
SORBI_3003G089900	0
SORBI_3003G090000	0
SORBI_3003G090100	0
SORBI_3003G090200	0
SORBI_3003G090300	0
SORBI_3003G090400	0
SORBI_3003G090500	0
SORBI_3003G090600	0.643491
SORBI_3003G090650	0
SORBI_3003G090700	0
SORBI_3003G090800	0
SORBI_3003G090900	0.380582
SORBI_3003G091001	0
SORBI_3003G091100	0
SORBI_3003G091200	0.090891
SORBI_3003G091300	0
SORBI_3003G091400	0
SORBI_3003G091500	0
SORBI_3003G091550	0
SORBI_3003G091600	0.053817
SORBI_3003G091700	0
SORBI_3003G091800	0
SORBI_3003G091850	0
SORBI_3003G091900	0
SORBI_3003G092000	0.751897
SORBI_3003G092033	16.28309
SORBI_3003G092066	4.792231
SORBI_3003G092100	11.06698
SORBI_3003G092150	0
SORBI_3003G092200	0.904701
SORBI_3003G092300	0
SORBI_3003G092400	0
SORBI_3003G092500	1.517454
SORBI_3003G092600	0.042387
SORBI_3003G092700	23.104108
SORBI_3003G092800	50.204802
SORBI_3003G092900	83.301123
SORBI_3003G093000	68.023989
ENSRNA049476938	0
SORBI_3003G093100	0.652147
SORBI_3003G093200	0.735903
ENSRNA049476953	0
SORBI_3003G093300	41.829625
ENSRNA049476949	0
SORBI_3003G093400	22.17433
SORBI_3003G093450	0
SORBI_3003G093500	1.931081
SORBI_3003G093600	69.16872
SORBI_3003G093700	2.644788
SORBI_3003G093800	69.366322
SORBI_3003G093900	115.265419
SORBI_3003G094000	27.368494
SORBI_3003G094100	14.801618
SORBI_3003G094200	107.838605
SORBI_3003G094350	10.731621
SORBI_3003G094500	1.187453
SORBI_3003G094600	97.936105
SORBI_3003G094700	0
SORBI_3003G094800	3.376271
SORBI_3003G094850	0
SORBI_3003G094900	1.112462
SORBI_3003G095000	0.289329
SORBI_3003G095100	0
SORBI_3003G095150	0
SORBI_3003G095200	0
ENSRNA049476934	5.689891
SORBI_3003G095301	0
SORBI_3003G095400	28.329406
SORBI_3003G095500	1.763404
SORBI_3003G095600	0.102414
SORBI_3003G095700	3.334328
SORBI_3003G095750	0
SORBI_3003G095800	28.670139
SORBI_3003G095900	39.896431
SORBI_3003G096000	133.371952
SORBI_3003G096100	0
SORBI_3003G096300	0.510974
SORBI_3003G096500	1.2356
SORBI_3003G096400	0.7978
SORBI_3003G096600	0.166164
SORBI_3003G096750	2.822189
SORBI_3003G096900	1.869503
SORBI_3003G096950	1.331534
SORBI_3003G097000	16.302302
SORBI_3003G097200	0.52187
SORBI_3003G097100	3.678381
SORBI_3003G097300	0
SORBI_3003G097400	0
SORBI_3003G097500	0
SORBI_3003G097600	2.649647
SORBI_3003G097701	0
SORBI_3003G097800	0
SORBI_3003G097900	0.220046
ENSRNA049477009	0
SORBI_3003G098000	9.368753
SORBI_3003G098100	0.308918
SORBI_3003G098200	19.085542
SORBI_3003G098300	1.134194
SORBI_3003G098401	0
SORBI_3003G098500	20.77415
SORBI_3003G098600	2.289535
SORBI_3003G098650	0
SORBI_3003G098700	0.516152
SORBI_3003G098800	0
SORBI_3003G098900	2.338797
SORBI_3003G099000	0.214007
SORBI_3003G099100	7.251935
SORBI_3003G099166	0.286307
SORBI_3003G099232	0
SORBI_3003G099300	73.637504
SORBI_3003G099400	3.828703
SORBI_3003G099500	0
SORBI_3003G099600	0
SORBI_3003G099701	0
SORBI_3003G099800	0
SORBI_3003G099900	0
SORBI_3003G100000	1.209094
SORBI_3003G100100	0
SORBI_3003G100200	0.490113
SORBI_3003G100300	0
SORBI_3003G100400	0.597381
SORBI_3003G100500	0.229585
SORBI_3003G100600	0
SORBI_3003G100700	30.782237
SORBI_3003G100800	42.857786
SORBI_3003G100900	0.970528
SORBI_3003G101000	0.90857
SORBI_3003G101100	0
SORBI_3003G101200	0
SORBI_3003G101300	21.318704
SORBI_3003G101400	165.109364
SORBI_3003G101500	10.415003
SORBI_3003G101600	0
SORBI_3003G101700	2.051366
SORBI_3003G101850	16.984826
SORBI_3003G102000	0.081434
SORBI_3003G102100	0
SORBI_3003G102200	110.24404
SORBI_3003G102300	0
SORBI_3003G102400	46.791244
SORBI_3003G102500	41.252649
ENSRNA049445954	0
SORBI_3003G102600	30.301929
SORBI_3003G102700	1.356269
SORBI_3003G102800	0
SORBI_3003G102900	0
SORBI_3003G103000	6.360391
SORBI_3003G103100	0
SORBI_3003G103200	71.537527
SORBI_3003G103300	47.142727
SORBI_3003G103400	88.968833
SORBI_3003G103701	7.806417
SORBI_3003G104000	42.513946
SORBI_3003G104100	5.857176
SORBI_3003G104200	0.742978
SORBI_3003G104350	19.814992
SORBI_3003G104500	0.259296
SORBI_3003G104600	77.704993
SORBI_3003G104700	75.651554
SORBI_3003G104800	0
SORBI_3003G104900	0
SORBI_3003G105000	13.63399
SORBI_3003G105101	49.055424
SORBI_3003G105200	0
SORBI_3003G105300	0
SORBI_3003G105500	0.405566
SORBI_3003G105600	0.994456
SORBI_3003G105700	797.529939
SORBI_3003G105800	3.317813
SORBI_3003G105900	74.796656
SORBI_3003G106000	18.265192
SORBI_3003G106100	1.692963
SORBI_3003G106200	10.679296
SORBI_3003G106300	0.418729
SORBI_3003G106400	0
SORBI_3003G106500	17.470767
SORBI_3003G106600	0.162817
SORBI_3003G106800	0.365408
SORBI_3003G106900	10.748841
ENSRNA049445944	0
SORBI_3003G107000	1.437809
SORBI_3003G107100	14.342114
SORBI_3003G107200	2.283015
SORBI_3003G107300	21.216865
SORBI_3003G107400	26.743995
SORBI_3003G107500	33.9109
SORBI_3003G107600	69.285141
SORBI_3003G107700	23.978611
SORBI_3003G107800	2.441602
SORBI_3003G107900	3.848386
SORBI_3003G108000	67.409828
SORBI_3003G108050	0
SORBI_3003G108100	1.484595
SORBI_3003G108200	124.191245
SORBI_3003G108300	0
SORBI_3003G108401	0
SORBI_3003G108500	1.759039
SORBI_3003G108600	4.972001
SORBI_3003G108700	17.397835
SORBI_3003G108800	10.647057
SORBI_3003G108900	71.128438
SORBI_3003G109000	3.559441
SORBI_3003G109100	78.935682
SORBI_3003G109150	0
SORBI_3003G109200	9.043686
SORBI_3003G109250	1.12289
SORBI_3003G109300	0.308462
SORBI_3003G109400	0
SORBI_3003G109500	98.841304
SORBI_3003G109600	910.988907
SORBI_3003G109700	37.498853
SORBI_3003G109766	0.228221
SORBI_3003G109832	47.211937
SORBI_3003G109900	21.708059
SORBI_3003G110000	43.571026
SORBI_3003G110100	126.19647
SORBI_3003G110200	44.937389
SORBI_3003G110301	0
SORBI_3003G110400	56.619814
SORBI_3003G110600	0
SORBI_3003G110700	3.305193
SORBI_3003G110800	50.503725
SORBI_3003G110866	0.355604
SORBI_3003G110932	0
ENSRNA049996571	0
SORBI_3003G111000	0.212746
SORBI_3003G111100	6.751885
SORBI_3003G111200	0.934793
SORBI_3003G111300	2.331338
SORBI_3003G111400	0
SORBI_3003G111500	0.20337
SORBI_3003G111600	0.399491
SORBI_3003G111700	0
SORBI_3003G111800	0
SORBI_3003G111900	1.219273
SORBI_3003G112001	9.483072
SORBI_3003G112100	0
SORBI_3003G112200	3.71371
SORBI_3003G112300	0
SORBI_3003G112400	0
SORBI_3003G112500	0
SORBI_3003G112600	2.38853
SORBI_3003G112700	1.838742
SORBI_3003G112800	116.585361
SORBI_3003G112900	2.904144
SORBI_3003G113000	0
SORBI_3003G113100	0
SORBI_3003G113200	52.340274
SORBI_3003G113300	15.714139
SORBI_3003G113400	43.879881
SORBI_3003G113500	0
SORBI_3003G113700	36.950092
SORBI_3003G113800	196.227372
SORBI_3003G113900	10.991997
SORBI_3003G114000	0
SORBI_3003G114100	2.997357
SORBI_3003G114200	0
SORBI_3003G114300	0
SORBI_3003G114400	11.092486
SORBI_3003G114500	8.228325
SORBI_3003G114600	0.185383
SORBI_3003G114700	50.086412
SORBI_3003G114750	0
SORBI_3003G114800	0
SORBI_3003G114900	0
SORBI_3003G115000	4.85862
SORBI_3003G115100	179.379538
SORBI_3003G115200	1.335278
SORBI_3003G115266	0
SORBI_3003G115332	15.571325
SORBI_3003G115400	3.986538
SORBI_3003G115550	1.362239
SORBI_3003G115700	5.745427
SORBI_3003G115800	116.134836
SORBI_3003G115900	128.72435
SORBI_3003G116000	0
SORBI_3003G116100	0
SORBI_3003G116200	1.977181
SORBI_3003G116300	0
SORBI_3003G116400	0
SORBI_3003G116500	0
SORBI_3003G116600	151.87636
SORBI_3003G116700	37.191492
SORBI_3003G116800	14.482
SORBI_3003G116850	0.119613
SORBI_3003G116900	70.841148
SORBI_3003G117000	3154.674918
ENSRNA049484875	0
SORBI_3003G117100	72.690742
SORBI_3003G117200	3.594122
SORBI_3003G117300	93.531095
SORBI_3003G117400	0
SORBI_3003G117500	10.253634
SORBI_3003G117600	2.813016
SORBI_3003G117700	22.29946
SORBI_3003G117800	59.777072
SORBI_3003G117850	0
SORBI_3003G117900	20.497815
SORBI_3003G118000	0.13582
SORBI_3003G118100	0.49626
SORBI_3003G118200	42.287818
SORBI_3003G118266	0
SORBI_3003G118332	0
SORBI_3003G118400	29.761416
SORBI_3003G118500	0.483628
SORBI_3003G118600	0.585365
SORBI_3003G118650	0
SORBI_3003G118750	0
SORBI_3003G118700	0
ENSRNA049996564	0
SORBI_3003G118800	0
SORBI_3003G118900	6.434645
SORBI_3003G119000	69.713803
SORBI_3003G119100	1.245473
SORBI_3003G119200	0.371362
SORBI_3003G119266	0.286457
SORBI_3003G119332	0
SORBI_3003G119400	113.056496
SORBI_3003G119500	82.257387
SORBI_3003G119600	17.781208
SORBI_3003G119700	72.684949
SORBI_3003G119750	0
SORBI_3003G119800	565.75633
SORBI_3003G119900	17.15354
SORBI_3003G120050	0
SORBI_3003G120300	16.138
SORBI_3003G120200	0
SORBI_3003G120400	0
SORBI_3003G120500	0.524697
SORBI_3003G120600	0
SORBI_3003G120700	65.210787
SORBI_3003G120800	5.294522
SORBI_3003G120900	0
SORBI_3003G121000	0
SORBI_3003G121100	0.746744
SORBI_3003G121200	7.520715
SORBI_3003G121300	30.230736
SORBI_3003G121400	19.362989
SORBI_3003G121500	0
SORBI_3003G121600	43.537332
SORBI_3003G121700	0
SORBI_3003G121800	80.44642
SORBI_3003G121900	1.017495
SORBI_3003G122000	32.232773
SORBI_3003G122100	4.765213
SORBI_3003G122200	17.225232
SORBI_3003G122300	26.38323
SORBI_3003G122400	14.201729
SORBI_3003G122500	38.513259
SORBI_3003G122800	39.974509
SORBI_3003G122900	5.109824
SORBI_3003G123000	53.376028
SORBI_3003G123100	20.280825
SORBI_3003G123200	77.671844
SORBI_3003G123300	6.718877
SORBI_3003G123500	0
SORBI_3003G123600	4.041822
SORBI_3003G123700	0
SORBI_3003G123800	0
SORBI_3003G123900	0
SORBI_3003G123950	0
SORBI_3003G124000	9.542077
SORBI_3003G124100	11.94466
SORBI_3003G124200	10.617528
SORBI_3003G124300	145.622395
SORBI_3003G124600	0.859725
SORBI_3003G124400	0
SORBI_3003G124700	5.690793
SORBI_3003G124750	13.780814
SORBI_3003G124800	173.3657
SORBI_3003G124900	0
SORBI_3003G125000	0
SORBI_3003G125100	13.273284
SORBI_3003G125200	1.074939
SORBI_3003G125266	0
SORBI_3003G125332	12.220207
SORBI_3003G125400	32.527344
SORBI_3003G125500	3.230525
SORBI_3003G125650	309.687833
SORBI_3003G125701	172.930869
SORBI_3003G125751	0.252737
SORBI_3003G125801	0.270406
SORBI_3003G125851	0
SORBI_3003G125900	43.496672
SORBI_3003G126100	0.089144
SORBI_3003G126200	0
SORBI_3003G126300	45.605886
SORBI_3003G126400	2.453112
SORBI_3003G126500	7.332411
SORBI_3003G126600	16.536367
SORBI_3003G126700	0
SORBI_3003G126750	0
SORBI_3003G126800	136.536409
SORBI_3003G126900	0.39098
SORBI_3003G127001	28.03555
SORBI_3003G127100	183.650697
SORBI_3003G127200	0
SORBI_3003G127300	43.633165
SORBI_3003G127350	2.651258
SORBI_3003G127400	60.617591
SORBI_3003G127500	18.053523
SORBI_3003G127600	0.878785
SORBI_3003G127700	48.215051
SORBI_3003G127800	6.177286
SORBI_3003G127900	0
SORBI_3003G128000	2.533128
SORBI_3003G128100	1.671016
SORBI_3003G128200	75.724695
SORBI_3003G128300	68.441266
SORBI_3003G128350	0
SORBI_3003G128400	29.252849
SORBI_3003G128500	4.46934
SORBI_3003G128525	0
SORBI_3003G128550	0
SORBI_3003G128575	0
SORBI_3003G128600	1.727256
SORBI_3003G128700	1.091234
SORBI_3003G128800	0.24737
SORBI_3003G128850	0
SORBI_3003G128900	0.266896
SORBI_3003G129000	0.424383
SORBI_3003G129100	0
SORBI_3003G129200	0
SORBI_3003G129300	3.896894
SORBI_3003G129400	23.647863
SORBI_3003G129500	31.492732
SORBI_3003G129600	34.348461
SORBI_3003G129700	0
ENSRNA049484867	0
ENSRNA049484864	0
SORBI_3003G129800	43.517264
SORBI_3003G129900	86.909624
SORBI_3003G130000	75.997283
SORBI_3003G130100	0
SORBI_3003G130200	0
SORBI_3003G130300	0
SORBI_3003G130400	0.237399
SORBI_3003G130500	6.541013
SORBI_3003G130600	51.574352
SORBI_3003G130650	0
SORBI_3003G130700	9.799274
SORBI_3003G130800	498.747564
SORBI_3003G130900	60.838148
SORBI_3003G131000	0
SORBI_3003G131100	1.718968
SORBI_3003G131200	12.746044
SORBI_3003G131300	28.878467
SORBI_3003G131400	9.477654
SORBI_3003G131500	24.95226
SORBI_3003G131600	6.016351
SORBI_3003G131700	0
SORBI_3003G131800	173.675684
SORBI_3003G131900	0
SORBI_3003G132000	145.75245
SORBI_3003G132050	1.094054
SORBI_3003G132100	217.080215
SORBI_3003G132200	0.329913
SORBI_3003G132300	2.441927
SORBI_3003G132400	0
SORBI_3003G132500	0.662105
SORBI_3003G132600	26.807828
SORBI_3003G132700	1.429913
SORBI_3003G133000	0
SORBI_3003G133100	0.159986
SORBI_3003G133201	0
SORBI_3003G133300	1.124323
SORBI_3003G133450	0
SORBI_3003G133600	0
SORBI_3003G133700	14.451696
SORBI_3003G133800	40.588139
SORBI_3003G133900	243.148958
SORBI_3003G134000	81.427771
SORBI_3003G134100	0.769001
SORBI_3003G134201	0
SORBI_3003G134300	12.074471
SORBI_3003G134400	17.347653
SORBI_3003G134500	0
SORBI_3003G134600	0
SORBI_3003G134700	0
SORBI_3003G134800	79.621446
SORBI_3003G134900	4.431264
SORBI_3003G134950	0
SORBI_3003G135000	0
SORBI_3003G135101	0
SORBI_3003G135201	0
SORBI_3003G135300	0
SORBI_3003G135400	34.052806
SORBI_3003G135500	2.50605
SORBI_3003G135600	118.477773
SORBI_3003G135700	30.806901
SORBI_3003G135800	1.571022
SORBI_3003G135900	0
SORBI_3003G136000	3.562744
SORBI_3003G136100	0
SORBI_3003G136200	153.218414
SORBI_3003G136301	0
SORBI_3003G136400	8.046294
SORBI_3003G136500	3.742826
SORBI_3003G136600	58.275674
SORBI_3003G136700	0
SORBI_3003G136800	8.85941
SORBI_3003G136900	38.099631
SORBI_3003G137000	0.560212
SORBI_3003G137100	50.912029
SORBI_3003G137200	13.767742
SORBI_3003G137300	0.347154
SORBI_3003G137400	45.136889
SORBI_3003G137500	0
SORBI_3003G137600	4.935286
SORBI_3003G137700	0
SORBI_3003G137766	0
SORBI_3003G137832	0
SORBI_3003G137900	0
SORBI_3003G138000	0
SORBI_3003G138100	0
SORBI_3003G138200	22.642325
SORBI_3003G138300	0
SORBI_3003G138400	12.070762
SORBI_3003G138500	398.05594
SORBI_3003G138550	0
SORBI_3003G138600	20.268822
SORBI_3003G138900	66.96275
SORBI_3003G139000	1.408362
SORBI_3003G139050	0
SORBI_3003G139100	0
SORBI_3003G139200	4.35744
SORBI_3003G139300	20.550265
SORBI_3003G139333	0
SORBI_3003G139366	0
SORBI_3003G139400	0
SORBI_3003G139500	268.440659
SORBI_3003G139600	0.096292
SORBI_3003G139700	1.268862
SORBI_3003G139800	146.844244
SORBI_3003G139900	83.086551
SORBI_3003G140000	3.812973
SORBI_3003G140100	0
SORBI_3003G140200	0.399746
SORBI_3003G140400	0.101009
SORBI_3003G140450	0
SORBI_3003G140500	0
SORBI_3003G140550	0
SORBI_3003G140600	0
SORBI_3003G140700	0.323995
SORBI_3003G140800	0.141369
SORBI_3003G140900	9.733475
SORBI_3003G141000	171.865743
SORBI_3003G141050	0
SORBI_3003G141100	20.054336
SORBI_3003G141200	0
SORBI_3003G141400	0
SORBI_3003G141500	81.109123
SORBI_3003G141550	0
SORBI_3003G141600	0.897323
SORBI_3003G141700	62.805935
SORBI_3003G141800	4.688355
SORBI_3003G142000	17.5386
SORBI_3003G142100	0
SORBI_3003G142200	0
SORBI_3003G142300	40.322463
SORBI_3003G142400	0.920254
SORBI_3003G142500	0
SORBI_3003G142700	46.804711
SORBI_3003G142800	0
SORBI_3003G142900	0.557419
SORBI_3003G143000	0
SORBI_3003G143100	2.920119
SORBI_3003G143200	47.086209
SORBI_3003G143300	0
SORBI_3003G143401	0
SORBI_3003G143500	0
SORBI_3003G143600	0
SORBI_3003G143700	124.70164
SORBI_3003G143800	69.494198
SORBI_3003G143900	17.824371
SORBI_3003G144000	15.767231
SORBI_3003G144100	0
SORBI_3003G144200	31.166504
SORBI_3003G144300	12.84337
ENSRNA049484868	0
SORBI_3003G144400	91.872725
SORBI_3003G144500	1.413484
SORBI_3003G144600	23.877314
SORBI_3003G144700	21.493294
SORBI_3003G144800	2.104172
SORBI_3003G144900	1.621037
SORBI_3003G144950	22.298338
SORBI_3003G145000	6.314682
SORBI_3003G145050	0
SORBI_3003G145100	2.282591
SORBI_3003G145200	0.083975
SORBI_3003G145250	0
SORBI_3003G145300	0
SORBI_3003G145400	10.207743
SORBI_3003G145500	0
SORBI_3003G145600	0
SORBI_3003G145700	9.351985
SORBI_3003G145800	3.751144
SORBI_3003G145900	39.47827
SORBI_3003G146000	4.131205
SORBI_3003G146100	5.564738
SORBI_3003G146200	0.234666
SORBI_3003G146300	0.319425
SORBI_3003G146400	10.757688
SORBI_3003G146450	0
SORBI_3003G146500	19.733617
SORBI_3003G146600	28.138359
SORBI_3003G146800	2.571818
SORBI_3003G146700	0
SORBI_3003G146900	30.171896
SORBI_3003G147000	26.994703
SORBI_3003G147100	0
SORBI_3003G147200	0
SORBI_3003G147301	1.662614
SORBI_3003G147401	0.161161
SORBI_3003G147500	8.403855
SORBI_3003G147600	2.049117
ENSRNA049484939	0
SORBI_3003G147700	0
SORBI_3003G147800	0.13929
SORBI_3003G147900	0.634033
SORBI_3003G148000	21.473631
SORBI_3003G148200	0.120674
SORBI_3003G148300	0.987014
SORBI_3003G148400	0
SORBI_3003G148500	0
SORBI_3003G148550	0
SORBI_3003G148600	23.038897
SORBI_3003G148700	0
SORBI_3003G148800	11.938931
SORBI_3003G148900	174.528842
SORBI_3003G148950	0
SORBI_3003G149000	3.506556
SORBI_3003G149100	1.373672
SORBI_3003G149200	160.636869
SORBI_3003G149300	24.535504
SORBI_3003G149400	0.200873
SORBI_3003G149500	26.49902
SORBI_3003G149600	0
SORBI_3003G149700	0.477727
SORBI_3003G149750	0
SORBI_3003G149800	56.576452
SORBI_3003G149900	2.989558
SORBI_3003G150000	77.05287
SORBI_3003G150100	41.406667
SORBI_3003G150200	2.516904
SORBI_3003G150400	26.827353
SORBI_3003G150500	8.873757
SORBI_3003G150600	0.066395
SORBI_3003G150700	0
SORBI_3003G150800	23.289613
SORBI_3003G150900	30.783448
SORBI_3003G151000	12.782941
SORBI_3003G151100	0.550691
ENSRNA049996558	0
SORBI_3003G151200	25.253411
SORBI_3003G151300	13.742345
SORBI_3003G151400	0.151723
SORBI_3003G151500	22.331085
SORBI_3003G151600	688.249065
SORBI_3003G151800	9.398796
SORBI_3003G151900	0.299341
SORBI_3003G152000	1.232279
SORBI_3003G152050	0
SORBI_3003G152100	0.799486
SORBI_3003G152200	0.11999
SORBI_3003G152300	0
SORBI_3003G152400	19.688496
SORBI_3003G152500	4.130965
SORBI_3003G152600	435.600298
SORBI_3003G152700	29.593513
SORBI_3003G152800	56.652022
SORBI_3003G152900	124.900033
SORBI_3003G153000	14.990689
SORBI_3003G153100	1.430203
SORBI_3003G153150	0
SORBI_3003G153200	0.145049
SORBI_3003G153300	277.543645
SORBI_3003G153400	7.066995
SORBI_3003G153500	1.721954
SORBI_3003G153600	1.074015
SORBI_3003G153700	50.034715
SORBI_3003G153800	16.753416
SORBI_3003G153900	1.601688
SORBI_3003G154100	1.229503
SORBI_3003G154200	0.530125
SORBI_3003G154300	0
SORBI_3003G154400	0.188298
SORBI_3003G154450	0
SORBI_3003G154500	0
SORBI_3003G154600	0
SORBI_3003G154700	17.225136
SORBI_3003G154800	0
SORBI_3003G154900	0
SORBI_3003G155000	0.152049
SORBI_3003G155100	53.116213
SORBI_3003G155300	18.907099
SORBI_3003G155350	0
SORBI_3003G155400	215.266059
SORBI_3003G155600	0.166524
SORBI_3003G155700	31.030238
SORBI_3003G155800	0
SORBI_3003G155900	48.493462
SORBI_3003G156000	0.678133
SORBI_3003G156100	0
SORBI_3003G156200	0.613925
SORBI_3003G156300	0
SORBI_3003G156400	167.311872
SORBI_3003G156500	67.07185
SORBI_3003G156600	1.060705
SORBI_3003G156700	3.882843
SORBI_3003G156733	0
SORBI_3003G156766	1.743682
SORBI_3003G156800	0
SORBI_3003G156900	0
ENSRNA049484896	0
ENSRNA049484865	0
ENSRNA049484952	0
ENSRNA049484883	0
SORBI_3003G157000	0
SORBI_3003G157100	0
SORBI_3003G157200	0
SORBI_3003G157300	7.147995
SORBI_3003G157400	4.840444
SORBI_3003G157450	0
SORBI_3003G157500	1.193348
SORBI_3003G157600	2.153179
SORBI_3003G157700	8.755857
SORBI_3003G157800	0
SORBI_3003G157900	2.389175
SORBI_3003G158000	2.22799
SORBI_3003G158100	19.448916
SORBI_3003G158201	0
SORBI_3003G158300	85.700508
SORBI_3003G158400	10.10869
SORBI_3003G158500	24.551965
SORBI_3003G158600	958.954333
SORBI_3003G158700	77.540063
SORBI_3003G158900	40.793526
SORBI_3003G159000	0
SORBI_3003G159101	0
SORBI_3003G159200	12.989162
SORBI_3003G159300	0
SORBI_3003G159400	0
SORBI_3003G159450	45.562779
SORBI_3003G159500	42.877971
SORBI_3003G159600	44.659104
SORBI_3003G159700	11.312314
ENSRNA049996551	0
SORBI_3003G159850	0.377413
SORBI_3003G160000	20.4187
SORBI_3003G160100	16.871809
SORBI_3003G160150	0
SORBI_3003G160200	31.844767
SORBI_3003G160300	0.247811
SORBI_3003G160400	0
SORBI_3003G160433	1.09824
SORBI_3003G160466	3.359525
SORBI_3003G160500	26.629377
SORBI_3003G160600	0.155554
SORBI_3003G160700	74.187854
SORBI_3003G160800	14.624657
SORBI_3003G160900	170.305715
SORBI_3003G161000	2.932209
SORBI_3003G161100	1.533241
SORBI_3003G161200	0.267588
SORBI_3003G161300	0
SORBI_3003G161400	1.042581
SORBI_3003G161500	29.691603
SORBI_3003G161600	6.548739
SORBI_3003G161700	19.038003
SORBI_3003G161800	47.943264
SORBI_3003G161900	0
SORBI_3003G161950	0
SORBI_3003G162000	13.164228
ENSRNA049445458	0
SORBI_3003G162100	11.859845
SORBI_3003G162200	0
SORBI_3003G162400	29.68742
SORBI_3003G162500	0
SORBI_3003G162600	0
SORBI_3003G162633	0
SORBI_3003G162666	0
SORBI_3003G162700	10.931843
SORBI_3003G162800	12.616645
SORBI_3003G162900	0.167603
SORBI_3003G163000	0
SORBI_3003G163100	38.65677
SORBI_3003G163200	75.326634
SORBI_3003G163301	0.965143
SORBI_3003G163401	0
SORBI_3003G163500	0.200082
SORBI_3003G163600	0.744409
SORBI_3003G163700	1.423358
SORBI_3003G163801	0
SORBI_3003G163900	4.437707
SORBI_3003G164000	0
SORBI_3003G164100	0
SORBI_3003G164200	82.59009
SORBI_3003G164300	0
SORBI_3003G164400	0
SORBI_3003G164500	0
SORBI_3003G164600	5.13643
SORBI_3003G164700	0
SORBI_3003G164800	1.418087
SORBI_3003G164950	8.881013
SORBI_3003G165101	74.376123
SORBI_3003G165251	0
SORBI_3003G165401	21.486468
SORBI_3003G165551	0
SORBI_3003G165700	0
SORBI_3003G165800	19.715945
SORBI_3003G166001	0
SORBI_3003G166200	109.533625
SORBI_3003G166300	0
SORBI_3003G166400	0
SORBI_3003G166450	0
SORBI_3003G166500	59.514296
SORBI_3003G166625	0
SORBI_3003G166750	9.812831
SORBI_3003G166875	62.165665
SORBI_3003G167000	23.016507
SORBI_3003G167101	0
SORBI_3003G167200	0
SORBI_3003G167300	0.309282
SORBI_3003G167500	1.56322
SORBI_3003G167566	0
SORBI_3003G167632	4.945414
SORBI_3003G167700	3.128209
SORBI_3003G167825	0.329633
SORBI_3003G167800	1.786726
SORBI_3003G167850	0
SORBI_3003G167875	0
SORBI_3003G167900	82.86472
SORBI_3003G168100	12.590677
SORBI_3003G168200	0.385755
SORBI_3003G168300	0
ENSRNA049445483	0
SORBI_3003G168350	0
SORBI_3003G168425	0
SORBI_3003G168500	0.863819
SORBI_3003G168600	0
SORBI_3003G168700	0.201098
SORBI_3003G168800	0
SORBI_3003G168900	0
SORBI_3003G169000	60.868391
SORBI_3003G169100	0.637706
SORBI_3003G169200	0.204389
SORBI_3003G169300	0.320495
SORBI_3003G169400	0.03183
SORBI_3003G169500	35.336572
SORBI_3003G169550	0
SORBI_3003G169600	38.146445
SORBI_3003G169700	0
SORBI_3003G169800	0.26151
SORBI_3003G169900	110.740054
SORBI_3003G169966	0.361981
SORBI_3003G170032	0.232598
SORBI_3003G170100	44.566413
SORBI_3003G170200	96.056348
SORBI_3003G170300	185.507669
SORBI_3003G170333	0
SORBI_3003G170366	0
SORBI_3003G170400	0.282974
SORBI_3003G170501	0
SORBI_3003G170600	0
SORBI_3003G170700	28.299593
SORBI_3003G170800	0
SORBI_3003G170900	47.353475
SORBI_3003G170966	0
SORBI_3003G171032	0
SORBI_3003G171100	20.774673
SORBI_3003G171200	5.586711
SORBI_3003G171300	0
SORBI_3003G171400	53.671412
SORBI_3003G171500	9.753814
SORBI_3003G171701	0.529948
SORBI_3003G171900	0
SORBI_3003G171950	0
SORBI_3003G172000	0
ENSRNA049471256	0
SORBI_3003G172200	0
ENSRNA049470939	19.753026
SORBI_3003G172250	0.449633
ENSRNA049471265	0
SORBI_3003G172300	0.099693
SORBI_3003G172400	0
SORBI_3003G172500	0.810868
SORBI_3003G172450	0
SORBI_3003G172600	0
SORBI_3003G172701	0
SORBI_3003G172800	3.400305
SORBI_3003G172850	0
SORBI_3003G172900	0.321781
SORBI_3003G172966	0.205684
SORBI_3003G173032	2.273461
SORBI_3003G173116	0.850633
ENSRNA049471137	97.999546
SORBI_3003G173200	0
SORBI_3003G173266	0.323288
SORBI_3003G173332	0
SORBI_3003G173400	28.401896
SORBI_3003G173600	64.187135
SORBI_3003G173700	3.091891
SORBI_3003G173800	0.245612
SORBI_3003G173950	9.523393
SORBI_3003G174100	12.738408
SORBI_3003G174200	0
SORBI_3003G174301	0.114797
SORBI_3003G174400	0
SORBI_3003G174425	0
SORBI_3003G174450	10.95409
SORBI_3003G174475	33.573619
SORBI_3003G174500	1.652535
SORBI_3003G174601	0
SORBI_3003G174700	10.301435
SORBI_3003G174800	2.238174
SORBI_3003G174850	3.215742
SORBI_3003G174900	1.292602
SORBI_3003G175000	0
SORBI_3003G175050	0
SORBI_3003G175100	4.862069
SORBI_3003G175201	8.20834
SORBI_3003G175300	0
SORBI_3003G175350	0
SORBI_3003G175400	0
SORBI_3003G175500	1.621024
SORBI_3003G175600	0
SORBI_3003G175633	0
SORBI_3003G175666	0
SORBI_3003G175700	0
SORBI_3003G175800	0
SORBI_3003G175833	0
SORBI_3003G175866	0
SORBI_3003G175900	0.327643
SORBI_3003G175950	0
SORBI_3003G176000	28.115696
SORBI_3003G176100	11.102246
SORBI_3003G176200	4.782837
SORBI_3003G176300	0.19117
SORBI_3003G176325	0
SORBI_3003G176350	0
SORBI_3003G176375	0.05109
SORBI_3003G176400	6.771012
SORBI_3003G176500	7.943011
SORBI_3003G176600	50.003304
SORBI_3003G176650	0
SORBI_3003G176700	0
SORBI_3003G176800	0
SORBI_3003G176900	57.064727
SORBI_3003G177000	5.604556
SORBI_3003G177200	0
SORBI_3003G177350	0
SORBI_3003G177500	0
SORBI_3003G177600	0
SORBI_3003G177700	3.178561
SORBI_3003G177800	5.244145
SORBI_3003G178000	0
SORBI_3003G178101	0
SORBI_3003G178200	0
SORBI_3003G178301	1.842135
SORBI_3003G178400	0.362595
SORBI_3003G178500	0
SORBI_3003G178601	0.926295
SORBI_3003G178700	0.163959
SORBI_3003G178800	2.326181
SORBI_3003G178900	6.026346
SORBI_3003G179000	168.953255
SORBI_3003G179100	169.865557
SORBI_3003G179201	0.942024
SORBI_3003G179300	0
SORBI_3003G179350	0.81206
SORBI_3003G179400	4.275266
SORBI_3003G179500	0.203935
SORBI_3003G179600	6.004188
SORBI_3003G179700	0
SORBI_3003G179800	0.526094
SORBI_3003G179950	2.890474
SORBI_3003G180100	3.889535
SORBI_3003G180200	2.959586
SORBI_3003G180300	43.379167
SORBI_3003G180400	0.200826
SORBI_3003G180600	0.133421
SORBI_3003G180700	0
SORBI_3003G180800	0.614482
SORBI_3003G180900	2.021567
SORBI_3003G180950	0
SORBI_3003G181000	0
SORBI_3003G181201	51.9664
SORBI_3003G181400	0
SORBI_3003G181500	83.000785
SORBI_3003G181600	114.045914
SORBI_3003G181700	9.114481
SORBI_3003G181800	54.598056
SORBI_3003G181900	0
SORBI_3003G182100	24.132395
SORBI_3003G182200	1.200363
SORBI_3003G182300	56.098081
SORBI_3003G182400	25.39411
SORBI_3003G182501	1.049049
SORBI_3003G182600	53.15286
SORBI_3003G182700	10.875565
SORBI_3003G182800	4.370691
SORBI_3003G182901	0
SORBI_3003G183000	1.596217
SORBI_3003G183100	0.151156
SORBI_3003G183200	0
SORBI_3003G183300	0.500513
SORBI_3003G183400	0
SORBI_3003G183466	1.865825
SORBI_3003G183532	1.157393
SORBI_3003G183600	3.88789
SORBI_3003G183700	1.309404
SORBI_3003G183800	0.138272
SORBI_3003G183850	0.2695
SORBI_3003G183900	4.290027
SORBI_3003G184000	0.953537
SORBI_3003G184100	14.805037
SORBI_3003G184200	25.56316
SORBI_3003G184300	2.540688
SORBI_3003G184400	12.790621
ENSRNA049996548	0
SORBI_3003G184500	0.108462
SORBI_3003G184600	2.796992
SORBI_3003G184633	0.277297
SORBI_3003G184666	4.647013
SORBI_3003G184699	17.713886
SORBI_3003G184732	0.210486
SORBI_3003G184765	54.646619
SORBI_3003G184800	77.956549
SORBI_3003G184900	59.278725
SORBI_3003G185000	0
SORBI_3003G185100	0.137147
SORBI_3003G185200	53.610298
SORBI_3003G185250	2.956316
SORBI_3003G185300	0.294951
SORBI_3003G185400	51.859081
SORBI_3003G185500	26.135654
SORBI_3003G185600	5.898618
SORBI_3003G185700	0
SORBI_3003G185800	0
SORBI_3003G185900	68.959406
SORBI_3003G186000	13.051066
SORBI_3003G186066	0
SORBI_3003G186132	0.596184
SORBI_3003G186200	0
SORBI_3003G186300	4.752469
SORBI_3003G186350	0
SORBI_3003G186400	0.512043
SORBI_3003G186500	1464.190718
SORBI_3003G186600	13.822147
SORBI_3003G186700	157.604662
SORBI_3003G186800	29.30881
SORBI_3003G186900	60.409126
SORBI_3003G187000	0
SORBI_3003G187100	2.597391
SORBI_3003G187200	17.603204
SORBI_3003G187300	0.246285
SORBI_3003G187400	101.227497
SORBI_3003G187500	32.59335
SORBI_3003G187600	0.165019
SORBI_3003G187700	0
SORBI_3003G187800	0
SORBI_3003G188000	9.118846
SORBI_3003G188100	0.894701
SORBI_3003G188200	56.635567
SORBI_3003G188300	10.292618
SORBI_3003G188400	33.017961
SORBI_3003G188500	191.637661
SORBI_3003G188600	20.00183
SORBI_3003G188700	0
SORBI_3003G188801	0
SORBI_3003G188900	15.728852
SORBI_3003G189000	222.918984
SORBI_3003G189100	0.343994
SORBI_3003G189200	1.618779
SORBI_3003G189333	5.23785
SORBI_3003G189466	0
SORBI_3003G189600	32.227325
SORBI_3003G189700	50.616911
SORBI_3003G189800	57.617625
SORBI_3003G189900	16.718654
SORBI_3003G190000	14.820216
SORBI_3003G190100	1762.613698
SORBI_3003G190200	28.83495
SORBI_3003G190300	6.789373
SORBI_3003G190400	189.993522
SORBI_3003G190500	42.31803
SORBI_3003G190600	86.127901
SORBI_3003G190701	0
SORBI_3003G190800	81.626286
SORBI_3003G190900	1.460219
SORBI_3003G191000	602.1751
SORBI_3003G191200	0.025144
SORBI_3003G191300	0
SORBI_3003G191350	0
SORBI_3003G191400	1.192794
SORBI_3003G191500	16.675022
SORBI_3003G191600	3.112311
SORBI_3003G191700	29.272536
SORBI_3003G191750	0
SORBI_3003G191800	0.228012
SORBI_3003G192000	89.194541
SORBI_3003G192100	16.662699
SORBI_3003G192200	0
SORBI_3003G192300	1.121696
SORBI_3003G192400	2.411831
SORBI_3003G192500	0.160433
SORBI_3003G192600	8.062591
SORBI_3003G192701	0
SORBI_3003G192801	0.116326
SORBI_3003G192900	0
SORBI_3003G193000	1.231428
SORBI_3003G193200	5.855365
SORBI_3003G193300	0
SORBI_3003G193400	0
SORBI_3003G193500	65.093342
SORBI_3003G193600	0
SORBI_3003G193700	28.382358
SORBI_3003G193800	167.631414
SORBI_3003G193900	0
ENSRNA049469210	0
SORBI_3003G194100	30.879278
SORBI_3003G194200	16.092182
SORBI_3003G194300	52.108754
SORBI_3003G194400	0.137351
SORBI_3003G194500	4.560069
SORBI_3003G194600	9.065424
SORBI_3003G194800	11.408773
SORBI_3003G194900	0
SORBI_3003G195000	57.624322
SORBI_3003G195150	17.966527
SORBI_3003G195300	3.101019
SORBI_3003G195400	0
SORBI_3003G195500	155.243692
SORBI_3003G195600	4.927486
SORBI_3003G195700	0
SORBI_3003G195800	0
SORBI_3003G195900	29.868835
SORBI_3003G196000	0.2299
SORBI_3003G196200	42.730393
SORBI_3003G196300	24.499004
SORBI_3003G196400	19.812683
SORBI_3003G196500	0
SORBI_3003G196600	20.779022
SORBI_3003G196700	5.614197
SORBI_3003G196800	648.549775
SORBI_3003G196900	29.801459
SORBI_3003G197000	19.714865
SORBI_3003G197100	6.959972
SORBI_3003G197200	273.356433
SORBI_3003G197300	13.990169
SORBI_3003G197400	14.270664
SORBI_3003G197500	0.082242
SORBI_3003G197600	0
SORBI_3003G197700	0
SORBI_3003G197800	34.678089
SORBI_3003G198016	4.781427
SORBI_3003G198000	0
SORBI_3003G198032	0
SORBI_3003G198048	6.942164
SORBI_3003G198064	0
SORBI_3003G198080	14.435254
SORBI_3003G198100	1.624045
SORBI_3003G198150	43.074168
SORBI_3003G198200	78.274904
SORBI_3003G198300	15.114609
SORBI_3003G198400	35.193016
SORBI_3003G198500	43.212352
SORBI_3003G198550	0.656876
SORBI_3003G198600	30.262206
SORBI_3003G198701	5.067284
SORBI_3003G198800	97.630514
SORBI_3003G198850	0
SORBI_3003G198900	15.116354
SORBI_3003G199001	14.102105
SORBI_3003G199101	0
SORBI_3003G199200	12.658822
SORBI_3003G199300	36.090255
SORBI_3003G199400	0.706008
SORBI_3003G199500	83.569812
SORBI_3003G199600	0
SORBI_3003G199650	0
SORBI_3003G199700	3.006078
SORBI_3003G199800	11.536589
SORBI_3003G199900	17.211737
SORBI_3003G200000	0.611607
SORBI_3003G200100	6.248518
SORBI_3003G200200	80.2956
SORBI_3003G200400	0
SORBI_3003G200501	15.076794
SORBI_3003G200600	26.93551
SORBI_3003G200700	1.609887
SORBI_3003G200800	182.38065
SORBI_3003G200900	0
SORBI_3003G201000	1.636758
SORBI_3003G201100	0.103798
SORBI_3003G201150	0
SORBI_3003G201200	0
SORBI_3003G201300	0
SORBI_3003G201400	0.152049
SORBI_3003G201500	32.897092
SORBI_3003G201600	0
SORBI_3003G201700	23.157103
SORBI_3003G201750	0.36573
SORBI_3003G201800	0.792834
SORBI_3003G201850	0
SORBI_3003G201900	39.829408
SORBI_3003G202000	0
SORBI_3003G202100	15.169359
SORBI_3003G202200	164.069595
SORBI_3003G202300	3.482014
SORBI_3003G202400	4.858748
SORBI_3003G202500	0.796476
SORBI_3003G202600	41.893379
SORBI_3003G202700	1.444088
SORBI_3003G202800	197.542454
SORBI_3003G202900	23.939731
SORBI_3003G203000	54.794229
SORBI_3003G203100	2.488767
SORBI_3003G203200	0
SORBI_3003G203300	23.380514
SORBI_3003G203400	48.13184
SORBI_3003G203500	145.412093
SORBI_3003G203600	4.565732
SORBI_3003G203700	0
SORBI_3003G203800	0
SORBI_3003G203833	0
SORBI_3003G203866	0
SORBI_3003G203900	0
SORBI_3003G204000	3.552901
SORBI_3003G204100	0.74238
SORBI_3003G204200	1.135055
SORBI_3003G204300	0
SORBI_3003G204400	0
SORBI_3003G204501	0.410987
SORBI_3003G204600	0
SORBI_3003G204750	0
SORBI_3003G204900	0.321195
SORBI_3003G205000	0
SORBI_3003G205100	16.849103
SORBI_3003G205200	25.849582
SORBI_3003G205300	8.459762
SORBI_3003G205400	25.497972
SORBI_3003G205501	64.862395
SORBI_3003G205600	6.01193
SORBI_3003G205700	0
SORBI_3003G205801	21.093809
SORBI_3003G205900	3.004002
SORBI_3003G206000	0
SORBI_3003G206100	0
SORBI_3003G206200	0
SORBI_3003G206250	1.961811
SORBI_3003G206300	0
SORBI_3003G206400	0
SORBI_3003G206500	0
SORBI_3003G206600	27.640455
SORBI_3003G206700	5.078608
SORBI_3003G206800	6.27553
SORBI_3003G206900	1.032572
SORBI_3003G207000	25.04553
SORBI_3003G207100	0
SORBI_3003G207200	3.536931
SORBI_3003G207300	4.406017
SORBI_3003G207400	0.326093
SORBI_3003G207500	45.326718
SORBI_3003G207600	0.273884
SORBI_3003G207700	0.140907
SORBI_3003G207800	0
SORBI_3003G207900	10.46701
SORBI_3003G208000	0.097555
SORBI_3003G208100	0.367573
SORBI_3003G208200	0
SORBI_3003G208300	20.842582
SORBI_3003G208400	3.194574
SORBI_3003G208500	3.114281
SORBI_3003G208600	0
SORBI_3003G208700	5.704632
SORBI_3003G208800	2.896552
SORBI_3003G208900	0
SORBI_3003G209000	255.560405
SORBI_3003G209101	0
SORBI_3003G209200	51.509249
SORBI_3003G209300	0
SORBI_3003G209400	20.498635
SORBI_3003G209500	0.385167
SORBI_3003G209600	26.60621
SORBI_3003G209800	27.061165
SORBI_3003G209900	31.577698
SORBI_3003G210000	0
SORBI_3003G210100	11.653998
SORBI_3003G210200	0
SORBI_3003G210300	0
SORBI_3003G210400	0.2479
SORBI_3003G210500	0.589232
SORBI_3003G210601	0.115459
SORBI_3003G210701	0
SORBI_3003G210801	4.268008
SORBI_3003G210900	10.637437
SORBI_3003G211000	0
SORBI_3003G211100	114.417679
SORBI_3003G211200	6.827893
SORBI_3003G211233	0.304938
SORBI_3003G211266	0
SORBI_3003G211300	0.737272
SORBI_3003G211400	0.188767
SORBI_3003G211500	12.905478
SORBI_3003G211600	0.074065
SORBI_3003G211700	3.643787
SORBI_3003G211800	0.500553
SORBI_3003G211900	0.194256
SORBI_3003G212000	3.402581
SORBI_3003G212100	27.39641
SORBI_3003G212300	40.377568
SORBI_3003G212400	5.967478
SORBI_3003G212500	30.239059
SORBI_3003G212600	0.406658
SORBI_3003G212700	0
SORBI_3003G212800	0.136371
SORBI_3003G212900	24.383018
SORBI_3003G213000	0.126639
SORBI_3003G213100	0
SORBI_3003G213300	0
SORBI_3003G213400	12.661048
SORBI_3003G213500	0
SORBI_3003G213600	0.64319
SORBI_3003G213700	10.92796
SORBI_3003G213800	1.721308
SORBI_3003G213900	28.834815
SORBI_3003G214000	156.463039
SORBI_3003G214100	0.123591
SORBI_3003G214200	0
SORBI_3003G214300	17.251655
SORBI_3003G214400	7.042329
SORBI_3003G214500	27.49646
SORBI_3003G214600	56.654093
SORBI_3003G214650	0.374431
SORBI_3003G214700	15.650113
SORBI_3003G214800	1.55314
SORBI_3003G214850	0.796399
SORBI_3003G214900	84.616041
SORBI_3003G215100	0
SORBI_3003G215200	1.247116
SORBI_3003G215300	0.346268
SORBI_3003G215350	0
SORBI_3003G215400	0
SORBI_3003G215500	0
SORBI_3003G215600	0
SORBI_3003G215700	81.966711
SORBI_3003G215800	34.123776
SORBI_3003G215900	0
SORBI_3003G216000	1.188243
SORBI_3003G216100	4.256932
SORBI_3003G216166	67.365362
SORBI_3003G216232	129.465639
SORBI_3003G216300	1.894775
SORBI_3003G216400	0
SORBI_3003G216500	195.597419
SORBI_3003G216600	2.632248
SORBI_3003G216700	33.575599
SORBI_3003G216800	0
SORBI_3003G216901	0
SORBI_3003G217000	0.132093
SORBI_3003G217100	80.764438
SORBI_3003G217200	23.235932
SORBI_3003G217300	3.528258
SORBI_3003G217400	16.926553
SORBI_3003G217500	2.752291
SORBI_3003G217566	0
SORBI_3003G217632	0
SORBI_3003G217700	9.857534
SORBI_3003G217800	0.547268
SORBI_3003G217900	28.202768
SORBI_3003G218000	0.300416
SORBI_3003G218100	0
SORBI_3003G218200	2.517224
SORBI_3003G218300	11.475254
SORBI_3003G218400	191.154574
SORBI_3003G218450	0
SORBI_3003G218500	29.561032
SORBI_3003G218600	30.243202
SORBI_3003G218700	6.448046
SORBI_3003G218801	7.572049
SORBI_3003G218900	40.886941
SORBI_3003G218950	0
SORBI_3003G219000	0
SORBI_3003G219100	17.220297
SORBI_3003G219200	14.842437
SORBI_3003G219300	0
SORBI_3003G219400	52.67262
SORBI_3003G219500	84.375338
SORBI_3003G219600	10.443206
SORBI_3003G219700	5.459392
SORBI_3003G219800	17.354205
SORBI_3003G220000	0
SORBI_3003G220100	13.856921
SORBI_3003G220200	89.318754
SORBI_3003G220266	0
SORBI_3003G220332	0
SORBI_3003G220400	0
SORBI_3003G220500	0.323001
SORBI_3003G220600	159.912524
SORBI_3003G220700	35.762355
SORBI_3003G220800	76.920483
SORBI_3003G220900	47.264862
SORBI_3003G221000	1.112808
SORBI_3003G221100	0.49604
SORBI_3003G221200	61.246062
SORBI_3003G221300	0.445723
SORBI_3003G221400	101.711954
SORBI_3003G221450	0
SORBI_3003G221500	25.686358
SORBI_3003G221600	85.170093
SORBI_3003G221650	0.595012
SORBI_3003G221700	24.164763
SORBI_3003G221800	21.612953
SORBI_3003G221900	33.864858
SORBI_3003G222000	7.631151
SORBI_3003G222101	0
SORBI_3003G222200	59.934355
SORBI_3003G222300	291.866868
SORBI_3003G222400	6.836943
ENSRNA049996543	0
SORBI_3003G222500	46.563812
SORBI_3003G222600	62.162364
SORBI_3003G222700	19.031678
SORBI_3003G222800	1.077805
SORBI_3003G222900	56.038265
SORBI_3003G223000	1.687379
SORBI_3003G223100	8.109866
SORBI_3003G223200	57.502131
SORBI_3003G223300	13.21046
SORBI_3003G223400	1.837066
SORBI_3003G223500	19.223933
SORBI_3003G223600	0.984672
SORBI_3003G223700	1.221889
SORBI_3003G223800	1.827389
SORBI_3003G223900	151.397823
SORBI_3003G223950	0
SORBI_3003G224000	2.268387
SORBI_3003G224100	28.957886
SORBI_3003G224200	1.398451
SORBI_3003G224300	20.599376
SORBI_3003G224400	0.169026
SORBI_3003G224600	57.040256
SORBI_3003G224700	20.199196
SORBI_3003G224800	0
SORBI_3003G224900	0
SORBI_3003G225000	4.398845
SORBI_3003G225100	30.17022
SORBI_3003G225200	174.669453
SORBI_3003G225300	57.108757
SORBI_3003G225500	0
SORBI_3003G225600	4.004375
SORBI_3003G225700	82.70862
SORBI_3003G225800	0
SORBI_3003G225900	597.70279
SORBI_3003G226000	0
SORBI_3003G226100	0.754963
SORBI_3003G226200	88.625652
SORBI_3003G226300	6.672572
SORBI_3003G226400	0
SORBI_3003G226500	314.976833
SORBI_3003G226600	5.144173
SORBI_3003G226700	3.167344
SORBI_3003G226800	6.894901
SORBI_3003G226900	1.651343
SORBI_3003G226950	0.171542
SORBI_3003G227000	0.249857
SORBI_3003G227100	43.351866
SORBI_3003G227200	298.090923
SORBI_3003G227300	3.730738
SORBI_3003G227401	0
SORBI_3003G227501	0.456127
SORBI_3003G227600	25.581431
SORBI_3003G227700	15.334468
SORBI_3003G227800	0
SORBI_3003G227900	10.648496
SORBI_3003G228000	65.673493
SORBI_3003G228100	89.139901
SORBI_3003G228200	14.171039
SORBI_3003G228300	17.080607
SORBI_3003G228400	0.247691
SORBI_3003G228500	1.5544
SORBI_3003G228600	0.909774
SORBI_3003G228700	0.201714
SORBI_3003G228900	60.416411
SORBI_3003G229000	67.683207
SORBI_3003G229100	0.108269
SORBI_3003G229150	0.750957
SORBI_3003G229200	20.31053
SORBI_3003G229300	107.111741
SORBI_3003G229400	121.010439
SORBI_3003G229500	27.60396
SORBI_3003G229600	14.40842
SORBI_3003G229650	0
SORBI_3003G229700	0
SORBI_3003G229800	0
SORBI_3003G229900	0
SORBI_3003G230000	36.012115
SORBI_3003G230100	4.308664
SORBI_3003G230200	0
SORBI_3003G230300	0
SORBI_3003G230400	7.067385
SORBI_3003G230500	34.484991
SORBI_3003G230600	58.174655
SORBI_3003G230700	4.983124
SORBI_3003G230800	0
SORBI_3003G230900	1.288408
SORBI_3003G231000	0
SORBI_3003G231100	10.839352
SORBI_3003G231200	0.493828
SORBI_3003G231300	0.260167
SORBI_3003G231400	0
SORBI_3003G231500	0.237443
SORBI_3003G231600	0
SORBI_3003G231700	0
SORBI_3003G231800	15.187417
SORBI_3003G231900	1.137946
SORBI_3003G232001	8.802115
SORBI_3003G232100	0
SORBI_3003G232200	0
SORBI_3003G232266	0
SORBI_3003G232332	0
SORBI_3003G232400	0.783953
SORBI_3003G232500	0.371965
SORBI_3003G232600	0
SORBI_3003G232700	23.70408
SORBI_3003G232800	0
SORBI_3003G232900	14.240042
SORBI_3003G233000	58.902698
SORBI_3003G233100	6.470449
SORBI_3003G233300	3.402581
SORBI_3003G233200	51.377324
SORBI_3003G233266	0
SORBI_3003G233332	0
SORBI_3003G233400	14.219719
SORBI_3003G233500	53.471324
SORBI_3003G233600	86.974121
SORBI_3003G233700	10.756489
SORBI_3003G233800	0
SORBI_3003G233900	0
SORBI_3003G234000	56.252257
SORBI_3003G234101	0
SORBI_3003G234200	1.966754
SORBI_3003G234300	0
SORBI_3003G234400	21.553618
SORBI_3003G234500	79.430985
SORBI_3003G234600	0.951399
SORBI_3003G234701	0.272351
SORBI_3003G234800	4.718842
SORBI_3003G234900	7.642373
SORBI_3003G235000	8.332831
SORBI_3003G235100	21.475542
SORBI_3003G235200	6.486881
SORBI_3003G235300	6.075985
SORBI_3003G235400	33.301484
SORBI_3003G235500	157.436566
SORBI_3003G235601	0
SORBI_3003G235700	23.428153
SORBI_3003G235800	0.644243
SORBI_3003G235900	0
SORBI_3003G236000	6.064503
SORBI_3003G236100	0.560175
SORBI_3003G236150	0
SORBI_3003G236200	0
SORBI_3003G236300	21.989827
SORBI_3003G236400	0
SORBI_3003G236450	0.254565
SORBI_3003G236501	0.118338
SORBI_3003G236551	0
SORBI_3003G236600	0.231316
SORBI_3003G236701	0.286767
SORBI_3003G236800	26.535787
SORBI_3003G236900	0
SORBI_3003G237000	5.068955
SORBI_3003G237100	1.328965
ENSRNA049445862	0
SORBI_3003G237201	2.724738
SORBI_3003G237300	1.367771
SORBI_3003G237400	90.267767
SORBI_3003G237500	0
SORBI_3003G237600	0.023157
SORBI_3003G237700	0.187457
SORBI_3003G237800	30.668646
SORBI_3003G237900	309.485524
SORBI_3003G238000	234.571097
SORBI_3003G238100	41.211496
SORBI_3003G238200	1.332777
SORBI_3003G238250	0.07809
SORBI_3003G238300	0
SORBI_3003G238400	0
SORBI_3003G238500	109.284024
SORBI_3003G238600	8.186201
SORBI_3003G238700	16.172417
SORBI_3003G238750	0
SORBI_3003G238800	0
SORBI_3003G238900	0
SORBI_3003G239000	0.930337
SORBI_3003G239100	0
SORBI_3003G239200	0
SORBI_3003G239300	0.380098
SORBI_3003G239400	0
SORBI_3003G239500	7.89284
SORBI_3003G239600	0
SORBI_3003G239700	0
SORBI_3003G239750	0
SORBI_3003G239800	11.326452
SORBI_3003G239900	736.484262
SORBI_3003G240000	8.720983
SORBI_3003G240100	18.196702
SORBI_3003G240200	1.654436
SORBI_3003G240300	0.731191
SORBI_3003G240400	0
SORBI_3003G240500	0
SORBI_3003G240600	29.259079
SORBI_3003G240700	41.148015
SORBI_3003G240800	0
SORBI_3003G241000	83.545909
SORBI_3003G241050	0.252471
SORBI_3003G241100	21.53479
SORBI_3003G241200	22.996001
SORBI_3003G241300	22.433656
SORBI_3003G241400	0.264082
SORBI_3003G241500	779.879934
SORBI_3003G241600	0.166889
SORBI_3003G241700	23.983028
SORBI_3003G241800	45.39791
SORBI_3003G241900	19.249531
SORBI_3003G242000	117.123022
SORBI_3003G242200	3.845493
SORBI_3003G242300	0
SORBI_3003G242400	0
SORBI_3003G242500	0
SORBI_3003G242600	0
SORBI_3003G242700	0.844567
SORBI_3003G242800	2.298917
SORBI_3003G242900	58.589809
SORBI_3003G243000	0.17666
SORBI_3003G243100	0.249636
SORBI_3003G243200	0
SORBI_3003G243300	1.722169
SORBI_3003G243400	3.397374
SORBI_3003G243500	0
SORBI_3003G243600	687.642803
SORBI_3003G243700	24.337118
SORBI_3003G243750	0
SORBI_3003G243800	0
SORBI_3003G243900	0
SORBI_3003G244000	27.520804
SORBI_3003G244100	43.126971
SORBI_3003G244200	454.153783
SORBI_3003G244250	0.409003
ENSRNA049996537	0
SORBI_3003G244300	12.730787
SORBI_3003G244401	0
SORBI_3003G244400	1.451899
SORBI_3003G244500	0
SORBI_3003G244600	24.813398
SORBI_3003G244700	50.416434
SORBI_3003G244800	3.491374
SORBI_3003G244850	0.561878
SORBI_3003G244900	0.705238
SORBI_3003G245000	0
SORBI_3003G245101	0
SORBI_3003G245201	0
SORBI_3003G245300	0
SORBI_3003G245401	0
SORBI_3003G245500	0
SORBI_3003G245600	4.238678
SORBI_3003G245700	0
SORBI_3003G245800	8.916171
SORBI_3003G245900	3.737823
SORBI_3003G246000	14.551384
SORBI_3003G246100	66.392096
SORBI_3003G246200	18.832267
SORBI_3003G246300	0.760239
SORBI_3003G246400	32.049979
SORBI_3003G246500	0
SORBI_3003G246600	1.433827
SORBI_3003G246700	297.476883
SORBI_3003G246800	0
SORBI_3003G246900	0
SORBI_3003G247000	0
SORBI_3003G247100	43.570575
SORBI_3003G247200	28.651199
SORBI_3003G247300	100.579625
SORBI_3003G247400	6.35093
SORBI_3003G247500	21.788909
SORBI_3003G247600	1.496211
SORBI_3003G247700	0.202033
SORBI_3003G247800	0
SORBI_3003G247900	28.840328
SORBI_3003G248000	55.702503
SORBI_3003G248100	38.446199
SORBI_3003G248200	73.954811
SORBI_3003G248300	11.034142
SORBI_3003G248400	21.812271
SORBI_3003G248500	46.806552
SORBI_3003G248600	142.776221
SORBI_3003G248700	0
SORBI_3003G248800	0.685007
SORBI_3003G248901	0
SORBI_3003G249000	1.129165
SORBI_3003G249050	0
ENSRNA049469191	0
SORBI_3003G249100	22.265221
SORBI_3003G249200	0.972999
SORBI_3003G249400	3.712682
SORBI_3003G249300	0.894855
SORBI_3003G249500	0
SORBI_3003G249600	19.516234
SORBI_3003G249700	165.263081
SORBI_3003G249800	59.106834
SORBI_3003G249900	26.030358
SORBI_3003G250000	0.172817
SORBI_3003G250100	1.283743
SORBI_3003G250160	0.0897
SORBI_3003G250220	0
SORBI_3003G250280	0
SORBI_3003G250340	347.659251
SORBI_3003G250400	39.460123
SORBI_3003G250500	58.625036
SORBI_3003G250600	34.004359
SORBI_3003G250700	16.979521
SORBI_3003G250900	9.428194
SORBI_3003G251000	2.068389
SORBI_3003G251050	0.175433
SORBI_3003G251100	47.687276
SORBI_3003G251200	3.091729
SORBI_3003G251301	0
SORBI_3003G251400	0
SORBI_3003G251600	0.643766
SORBI_3003G251700	10.436991
SORBI_3003G251800	0.144874
SORBI_3003G251900	0
SORBI_3003G252000	1.94475
SORBI_3003G252100	59.851513
SORBI_3003G252200	36.810132
SORBI_3003G252300	124.796653
SORBI_3003G252400	434.327118
SORBI_3003G252500	52.323233
ENSRNA049469198	0
SORBI_3003G252600	89.262117
SORBI_3003G252700	22.728913
SORBI_3003G252750	0
SORBI_3003G252800	1.210814
SORBI_3003G252850	3.389174
SORBI_3003G252900	45.960326
SORBI_3003G253000	164.329553
SORBI_3003G253100	0
SORBI_3003G253200	0
SORBI_3003G253300	112.312256
SORBI_3003G253350	0
SORBI_3003G253400	58.736692
SORBI_3003G253500	43.143209
SORBI_3003G253600	31.622151
SORBI_3003G253650	0
SORBI_3003G253700	7.928559
SORBI_3003G253800	33.223276
SORBI_3003G253900	0
SORBI_3003G254000	22.332364
SORBI_3003G254100	9.836615
SORBI_3003G254200	0
SORBI_3003G254300	181.07047
ENSRNA049445848	0
SORBI_3003G254400	0
SORBI_3003G254500	0
SORBI_3003G254600	6.417965
SORBI_3003G254700	23.693187
SORBI_3003G254800	70.51892
SORBI_3003G254850	0
SORBI_3003G254900	1.14996
SORBI_3003G255000	0
SORBI_3003G255100	9.861904
SORBI_3003G255200	17.132728
SORBI_3003G255266	0
SORBI_3003G255332	0
SORBI_3003G255400	0
SORBI_3003G255500	0.170319
SORBI_3003G255600	0
SORBI_3003G255700	20.686522
SORBI_3003G255800	0.230908
SORBI_3003G255850	0.192031
SORBI_3003G255900	1.181179
SORBI_3003G256000	0.189752
SORBI_3003G256100	38.054017
SORBI_3003G256200	39.682753
SORBI_3003G256300	8.143592
SORBI_3003G256400	0
SORBI_3003G256500	1.332948
SORBI_3003G256550	0.273144
SORBI_3003G256600	0
SORBI_3003G256700	0
SORBI_3003G256800	17.598919
SORBI_3003G256900	0.765721
SORBI_3003G257000	45.088849
SORBI_3003G257050	0
SORBI_3003G257100	56.434005
SORBI_3003G257200	12.653151
SORBI_3003G257400	0.398308
SORBI_3003G257501	0
SORBI_3003G257600	54.909929
SORBI_3003G257650	0
SORBI_3003G257700	13.06325
SORBI_3003G257800	3.02035
SORBI_3003G257900	38.417177
SORBI_3003G258000	0
SORBI_3003G258100	0.129403
SORBI_3003G258200	19.371857
SORBI_3003G258300	12.987419
SORBI_3003G258400	475.288604
SORBI_3003G258500	1.66698
SORBI_3003G258600	1.478255
SORBI_3003G258700	0
SORBI_3003G258800	108.306177
SORBI_3003G258900	157.020279
SORBI_3003G259000	0
SORBI_3003G259100	38.159891
SORBI_3003G259200	3.890108
ENSRNA049445531	0
SORBI_3003G259300	2.498039
SORBI_3003G259400	27.277046
ENSRNA049445841	0
SORBI_3003G259500	0
SORBI_3003G259600	16.837056
SORBI_3003G259700	98.317389
SORBI_3003G259800	0
SORBI_3003G259901	3.000578
SORBI_3003G260000	6.437696
SORBI_3003G260050	0
SORBI_3003G260100	4.221893
SORBI_3003G260200	13.05241
SORBI_3003G260300	7.887305
SORBI_3003G260400	21.608602
SORBI_3003G260500	0
SORBI_3003G260600	230.741519
SORBI_3003G260700	0.537595
SORBI_3003G260800	1.638297
SORBI_3003G260900	99.418452
SORBI_3003G261000	0
SORBI_3003G261100	38.309518
SORBI_3003G261200	2.18422
SORBI_3003G261300	20.579222
SORBI_3003G261400	43.816302
SORBI_3003G261500	8.039787
SORBI_3003G261566	0.102899
SORBI_3003G261632	0.445358
SORBI_3003G261700	0.396289
SORBI_3003G261733	0.53492
SORBI_3003G261766	0
SORBI_3003G261800	13.901909
SORBI_3003G261900	15.624566
SORBI_3003G262000	0
SORBI_3003G262100	2.062878
SORBI_3003G262200	40.077167
SORBI_3003G262400	72.708407
SORBI_3003G262500	8.193154
SORBI_3003G262600	52.564608
SORBI_3003G262650	28.631159
SORBI_3003G262700	0
SORBI_3003G262900	6.563046
SORBI_3003G263001	8.79503
SORBI_3003G263100	85.387465
SORBI_3003G263300	7.079538
SORBI_3003G263450	10.282306
SORBI_3003G263400	0.876424
SORBI_3003G263500	0.216423
SORBI_3003G263600	0
SORBI_3003G263701	0
SORBI_3003G263800	0
SORBI_3003G263900	0
SORBI_3003G264000	22.219431
SORBI_3003G264100	77.225383
SORBI_3003G264200	67.243159
SORBI_3003G264300	0
SORBI_3003G264400	1.385846
SORBI_3003G264500	3.449787
SORBI_3003G264600	1.161083
SORBI_3003G264700	26.045611
SORBI_3003G264800	29.563557
SORBI_3003G264901	8.792596
SORBI_3003G265000	0
SORBI_3003G265100	20.085097
SORBI_3003G265150	0.169162
SORBI_3003G265200	13.323154
SORBI_3003G265300	0.253835
SORBI_3003G265400	45.813525
SORBI_3003G265500	6.40645
SORBI_3003G265600	0.101589
SORBI_3003G265701	0
SORBI_3003G265800	3.726667
SORBI_3003G265900	1.931928
SORBI_3003G266001	13.64972
SORBI_3003G266100	0.050927
SORBI_3003G266200	0
SORBI_3003G266300	0
SORBI_3003G266400	5.196751
SORBI_3003G266500	7.783578
SORBI_3003G266600	39.387297
SORBI_3003G266700	0.341943
SORBI_3003G266900	78.953666
SORBI_3003G267000	10.401149
SORBI_3003G267100	6.077595
SORBI_3003G267150	0
SORBI_3003G267200	2.96856
SORBI_3003G267300	14.855842
SORBI_3003G267400	2.36963
SORBI_3003G267500	4.936277
SORBI_3003G267600	0
SORBI_3003G267700	1.735634
SORBI_3003G267800	29.71935
SORBI_3003G267900	2.210735
SORBI_3003G268000	0
SORBI_3003G268100	0.167811
SORBI_3003G268200	59.060182
SORBI_3003G268300	54.457254
ENSRNA049484452	0
SORBI_3003G268500	0
SORBI_3003G268600	3.476748
SORBI_3003G268650	0
SORBI_3003G268700	63.301964
SORBI_3003G268800	9.143709
SORBI_3003G268900	68.489677
SORBI_3003G269000	0
SORBI_3003G269100	0.165108
SORBI_3003G269200	34.489459
SORBI_3003G269300	4.500704
SORBI_3003G269400	2.904049
SORBI_3003G269500	7.089591
SORBI_3003G269600	0.609165
SORBI_3003G269700	0.17567
SORBI_3003G269800	52.432735
SORBI_3003G269900	0
SORBI_3003G270000	0
SORBI_3003G270100	21.346808
SORBI_3003G270200	0.475951
SORBI_3003G270300	94.773168
SORBI_3003G270400	0
SORBI_3003G270500	26.176738
SORBI_3003G270600	58.065822
SORBI_3003G270650	0
SORBI_3003G270700	0
SORBI_3003G270800	18.901585
SORBI_3003G270900	0.527466
SORBI_3003G271000	0
SORBI_3003G271100	5.424208
SORBI_3003G271201	2.221817
SORBI_3003G271300	0.631499
SORBI_3003G271400	6.13582
SORBI_3003G271500	0.386017
SORBI_3003G271600	1.156272
SORBI_3003G271700	0
SORBI_3003G271800	0.330794
SORBI_3003G272000	0
SORBI_3003G271900	8.385147
SORBI_3003G272001	0.400618
SORBI_3003G272101	0.943125
SORBI_3003G272200	35.590528
SORBI_3003G272300	85.189067
SORBI_3003G272400	218.549111
SORBI_3003G272500	74.029133
ENSRNA049484455	91.302587
SORBI_3003G272600	0
SORBI_3003G272700	27.071961
SORBI_3003G272800	0.232337
SORBI_3003G272900	0
SORBI_3003G273000	2.440162
SORBI_3003G273100	157.113312
SORBI_3003G273200	0.415076
SORBI_3003G273300	39.853696
SORBI_3003G273400	26.501862
SORBI_3003G273500	21.521757
SORBI_3003G273600	160.839046
SORBI_3003G273700	8.032313
SORBI_3003G273800	0.453959
SORBI_3003G273900	15.231638
SORBI_3003G274000	0
SORBI_3003G274100	0
SORBI_3003G274200	27.712003
SORBI_3003G274300	41.425125
SORBI_3003G274400	72.332799
SORBI_3003G274500	0.995895
SORBI_3003G274600	8.961086
SORBI_3003G274700	31.729152
SORBI_3003G274800	16.236431
SORBI_3003G274900	0
SORBI_3003G275000	54.875118
SORBI_3003G275100	7.375239
SORBI_3003G275200	28.365936
SORBI_3003G275300	2.057603
SORBI_3003G275400	0
SORBI_3003G275501	0
SORBI_3003G275600	89.501655
SORBI_3003G275700	70.669613
SORBI_3003G275800	17.491513
SORBI_3003G275900	12.290499
SORBI_3003G276000	3.972936
SORBI_3003G276100	9.407626
SORBI_3003G276200	0
SORBI_3003G276300	5.251354
SORBI_3003G276400	2.496554
SORBI_3003G276500	7.659463
SORBI_3003G276700	0
SORBI_3003G276750	3.138367
SORBI_3003G276800	4.131889
SORBI_3003G276901	3.889432
SORBI_3003G277000	31.896708
SORBI_3003G277100	2.396848
SORBI_3003G277200	10.076118
SORBI_3003G277300	0.753649
SORBI_3003G277400	11.761466
SORBI_3003G277500	6.353812
SORBI_3003G277550	0
SORBI_3003G277600	64.000731
SORBI_3003G277700	527.292788
SORBI_3003G277800	65.988021
SORBI_3003G277850	0
SORBI_3003G277900	60.87859
SORBI_3003G278000	0.285534
SORBI_3003G278100	0
SORBI_3003G278200	0.089013
SORBI_3003G278300	2.474306
SORBI_3003G278400	0.195348
SORBI_3003G278500	365.414934
SORBI_3003G278600	1.435317
SORBI_3003G278633	0
SORBI_3003G278666	0.165692
SORBI_3003G278700	16.023443
SORBI_3003G278800	0
SORBI_3003G278900	0
SORBI_3003G279000	0
SORBI_3003G279100	0.212866
SORBI_3003G279200	177.235995
SORBI_3003G279300	20.607126
SORBI_3003G279400	0
SORBI_3003G279500	7.3098
SORBI_3003G279600	0
SORBI_3003G279700	0.350315
SORBI_3003G279800	187.115324
SORBI_3003G279900	15.361074
ENSRNA049445545	0
SORBI_3003G280000	0.153591
SORBI_3003G280100	0.334958
SORBI_3003G280200	0.593913
SORBI_3003G280300	106.350199
SORBI_3003G280400	3.410434
SORBI_3003G280500	0.108057
SORBI_3003G280600	1.691216
SORBI_3003G280700	560.630209
SORBI_3003G280800	44.258354
SORBI_3003G280900	278.228042
SORBI_3003G281000	0
SORBI_3003G281100	0.665012
SORBI_3003G281200	7.505336
SORBI_3003G281300	0.493588
SORBI_3003G281400	3.683247
SORBI_3003G281450	0
ENSRNA049445553	0
SORBI_3003G281500	12.240452
ENSRNA049445555	0
SORBI_3003G281600	5.670968
SORBI_3003G281700	0.961776
SORBI_3003G281800	3.741789
SORBI_3003G281900	121.322698
SORBI_3003G282000	43.293013
SORBI_3003G282100	0
SORBI_3003G282200	0
SORBI_3003G282300	0
SORBI_3003G282400	0
SORBI_3003G282500	0
SORBI_3003G282600	1.069021
SORBI_3003G282700	4.141191
SORBI_3003G282800	1.155729
SORBI_3003G282901	1.747093
SORBI_3003G283000	0
SORBI_3003G283100	0.567557
SORBI_3003G283200	0
SORBI_3003G283250	1.196507
SORBI_3003G283300	2.491264
SORBI_3003G283400	0.139743
SORBI_3003G283500	0.420531
SORBI_3003G283600	2.93995
SORBI_3003G283700	0
SORBI_3003G283750	0.460549
SORBI_3003G283800	5.16007
SORBI_3003G283900	0
SORBI_3003G284000	63.354051
SORBI_3003G284100	4.580209
SORBI_3003G284200	0.346695
SORBI_3003G284300	99.872851
SORBI_3003G284400	0.852881
SORBI_3003G284500	12.507607
SORBI_3003G284600	3.528264
SORBI_3003G284700	46.744247
SORBI_3003G284800	0.848846
SORBI_3003G284900	9.546406
SORBI_3003G285000	48.566203
SORBI_3003G285101	0
SORBI_3003G285200	0
SORBI_3003G285300	44.959517
SORBI_3003G285400	11.618958
ENSRNA049996525	0
SORBI_3003G285500	1.845129
SORBI_3003G285600	1.40677
SORBI_3003G285700	9.269006
SORBI_3003G285800	38.95068
SORBI_3003G285900	4.283765
SORBI_3003G286000	2.685402
SORBI_3003G286100	9.611116
SORBI_3003G286200	82.976571
SORBI_3003G286300	11.702178
SORBI_3003G286400	0.321745
SORBI_3003G286500	2.9151
SORBI_3003G286450	0
SORBI_3003G286600	16.544893
SORBI_3003G286650	0
SORBI_3003G286700	0.523343
SORBI_3003G286800	3.023636
SORBI_3003G286900	0
SORBI_3003G287000	0
SORBI_3003G287100	16.822222
SORBI_3003G287200	0
SORBI_3003G287300	8.365712
SORBI_3003G287400	17.812897
SORBI_3003G287450	2.670006
SORBI_3003G287500	19.76099
SORBI_3003G287600	1.88641
SORBI_3003G287700	3.399298
SORBI_3003G287800	0
SORBI_3003G287900	40.916606
SORBI_3003G288000	53.181771
SORBI_3003G288100	7.360581
SORBI_3003G288200	4.812127
SORBI_3003G288300	2.26289
SORBI_3003G288401	13.397596
SORBI_3003G288500	0.790326
ENSRNA049445837	0
SORBI_3003G288600	40.176611
ENSRNA049484456	0
SORBI_3003G288700	0.102844
SORBI_3003G288800	3.484614
SORBI_3003G288900	0
SORBI_3003G289000	0
SORBI_3003G289100	0
SORBI_3003G289200	0
SORBI_3003G289300	0
SORBI_3003G289400	50.785209
SORBI_3003G289500	9.573852
SORBI_3003G289601	5.877819
SORBI_3003G289700	5.333627
SORBI_3003G289800	4.081205
SORBI_3003G289900	30.19416
SORBI_3003G290000	50.34751
SORBI_3003G290050	0
SORBI_3003G290100	206.752105
SORBI_3003G290200	7.872682
SORBI_3003G290300	227.616754
SORBI_3003G290400	0.514321
SORBI_3003G290500	1.324232
SORBI_3003G290600	0
SORBI_3003G290700	0
SORBI_3003G290800	18.471484
SORBI_3003G290900	90.237241
SORBI_3003G291000	2.346703
SORBI_3003G291050	0
SORBI_3003G291100	0
SORBI_3003G291200	1.744775
SORBI_3003G291300	4.160744
SORBI_3003G291400	6.351242
SORBI_3003G291500	421.957016
SORBI_3003G291600	85.524656
SORBI_3003G291700	0.508518
SORBI_3003G291800	84.090427
SORBI_3003G291900	1.911773
SORBI_3003G292000	0.986256
SORBI_3003G292100	0
SORBI_3003G292200	26.109316
SORBI_3003G292300	11.523481
SORBI_3003G292400	1.651068
SORBI_3003G292500	8.713203
SORBI_3003G292600	5.247366
SORBI_3003G292700	5.689969
ENSRNA049445828	0
SORBI_3003G292800	0
SORBI_3003G292866	0.47943
SORBI_3003G292932	1.899765
SORBI_3003G293000	27.720192
ENSRNA049445567	0
SORBI_3003G293100	0
SORBI_3003G293200	29.250043
SORBI_3003G293300	38.458297
SORBI_3003G293400	4.129016
SORBI_3003G293450	0
SORBI_3003G293500	0.199033
SORBI_3003G293550	0
SORBI_3003G293600	1.373337
SORBI_3003G293700	0.914087
SORBI_3003G293800	2.265112
SORBI_3003G293900	72.492881
SORBI_3003G294000	0.142972
SORBI_3003G294100	20.834639
SORBI_3003G294200	2.373317
SORBI_3003G294300	18.954924
SORBI_3003G294350	0.587968
SORBI_3003G294400	32.846223
SORBI_3003G294500	0
SORBI_3003G294550	0
SORBI_3003G294600	37.160268
SORBI_3003G294700	1.379012
SORBI_3003G294800	0
SORBI_3003G294900	1.315719
SORBI_3003G295000	1.440894
SORBI_3003G295050	0
SORBI_3003G295100	0
SORBI_3003G295200	37.752694
SORBI_3003G295300	0
SORBI_3003G295400	48.952221
SORBI_3003G295500	1.43712
SORBI_3003G295600	0
SORBI_3003G295700	8.2465
SORBI_3003G295800	32.819259
SORBI_3003G295900	41.870967
SORBI_3003G296000	208.823055
SORBI_3003G296050	0
SORBI_3003G296100	1.376172
SORBI_3003G296200	44.438477
SORBI_3003G296250	0
SORBI_3003G296300	72.881943
SORBI_3003G296400	3.524936
SORBI_3003G296500	0
SORBI_3003G296600	32.718464
SORBI_3003G296700	41.604586
SORBI_3003G296800	198.036596
SORBI_3003G296900	31.751294
SORBI_3003G297000	0
SORBI_3003G297100	0
ENSRNA049445575	0
ENSRNA049445582	0
SORBI_3003G297200	8.70606
SORBI_3003G297300	17.574236
SORBI_3003G297400	12.693923
SORBI_3003G297500	21.808004
SORBI_3003G297600	11.341936
SORBI_3003G297700	11.431148
SORBI_3003G297800	56.194999
SORBI_3003G297900	389.317745
SORBI_3003G298000	0
SORBI_3003G298100	9.826955
SORBI_3003G298200	45.349
SORBI_3003G298300	1.931466
SORBI_3003G298400	16.40543
SORBI_3003G298500	0.807814
SORBI_3003G298600	127.363394
SORBI_3003G298700	0.138477
SORBI_3003G298800	4.788352
SORBI_3003G298900	7.96905
ENSRNA049484449	0
SORBI_3003G299000	51.38578
SORBI_3003G299100	0
SORBI_3003G299200	2.03269
SORBI_3003G299300	0
SORBI_3003G299400	0
SORBI_3003G299500	31.695073
SORBI_3003G299700	0.09567
SORBI_3003G299800	66.137061
SORBI_3003G299901	0.216683
SORBI_3003G300000	0
SORBI_3003G300100	0
SORBI_3003G300200	0
SORBI_3003G300250	0
SORBI_3003G300300	220.97384
SORBI_3003G300400	30.9022
SORBI_3003G300500	0.125303
SORBI_3003G300600	1.747083
SORBI_3003G300701	1.134194
SORBI_3003G300800	19.722722
SORBI_3003G300900	21.806244
SORBI_3003G301000	54.586752
SORBI_3003G301050	0
SORBI_3003G301100	0
SORBI_3003G301200	1.530009
SORBI_3003G301300	26.588765
SORBI_3003G301400	15.409205
SORBI_3003G301500	7.103117
SORBI_3003G301600	0
SORBI_3003G301700	0.227586
SORBI_3003G301800	16.378974
SORBI_3003G301900	54.958185
SORBI_3003G301950	0
SORBI_3003G302000	0
SORBI_3003G302100	54.68294
SORBI_3003G302200	77.700344
SORBI_3003G302300	6.306249
SORBI_3003G302400	0
SORBI_3003G302466	0
SORBI_3003G302532	0
SORBI_3003G302600	0
SORBI_3003G302701	10.251131
SORBI_3003G302800	35.992502
SORBI_3003G302900	62.204001
SORBI_3003G303000	0.706323
SORBI_3003G303100	4.692294
ENSRNA049445817	0
SORBI_3003G303200	1.080878
SORBI_3003G303300	123.182955
SORBI_3003G303400	0
SORBI_3003G303500	0
SORBI_3003G303600	0.577042
SORBI_3003G303700	15.429391
SORBI_3003G303800	9.704414
SORBI_3003G303900	51.19316
SORBI_3003G304000	0
SORBI_3003G304100	0.928053
SORBI_3003G304200	10.765205
SORBI_3003G304300	0.154744
SORBI_3003G304400	55.026061
SORBI_3003G304500	0.772008
SORBI_3003G304600	0
SORBI_3003G304700	54.074725
SORBI_3003G304800	14.41214
SORBI_3003G304900	0
SORBI_3003G305000	0.06298
SORBI_3003G305100	10.868501
SORBI_3003G305200	40.081587
SORBI_3003G305250	0
SORBI_3003G305300	0.226918
SORBI_3003G305400	20.371841
SORBI_3003G305500	0
SORBI_3003G305601	1.975814
SORBI_3003G305700	438.154097
SORBI_3003G305800	0
SORBI_3003G305900	9.93801
SORBI_3003G306000	0
SORBI_3003G306100	373.013279
SORBI_3003G306200	11.59744
SORBI_3003G306300	15.425879
SORBI_3003G306400	9.779376
SORBI_3003G306500	3.306397
SORBI_3003G306600	156.123276
SORBI_3003G306700	91.789364
SORBI_3003G306800	4.063675
SORBI_3003G306900	8.746968
SORBI_3003G307000	17.876568
SORBI_3003G307100	1.216881
SORBI_3003G307200	0.687389
SORBI_3003G307300	0.606365
SORBI_3003G307400	0
SORBI_3003G307500	0
SORBI_3003G307600	0
SORBI_3003G307700	0
SORBI_3003G307801	1.271583
SORBI_3003G307900	19.492928
SORBI_3003G308000	12.150628
SORBI_3003G308100	1.303216
SORBI_3003G308200	117.002701
SORBI_3003G308300	28.887304
SORBI_3003G308400	49.073823
SORBI_3003G308500	13.755716
SORBI_3003G308700	76.019061
SORBI_3003G308800	7.983569
SORBI_3003G308900	0.343411
ENSRNA049445597	0
SORBI_3003G309050	7.231913
SORBI_3003G309200	132.177014
SORBI_3003G309300	11.604451
SORBI_3003G309400	0.697092
SORBI_3003G309500	15.772832
SORBI_3003G309600	0
SORBI_3003G309700	0
SORBI_3003G309900	30.943757
SORBI_3003G310000	20.067633
SORBI_3003G310100	14.99944
SORBI_3003G310200	2.225227
SORBI_3003G310300	4.021469
SORBI_3003G310400	0
SORBI_3003G310500	15.878711
SORBI_3003G310600	21.368014
SORBI_3003G310700	64.469225
SORBI_3003G310800	2.316412
SORBI_3003G310900	87.687529
SORBI_3003G311000	4.360094
SORBI_3003G311100	0
SORBI_3003G311150	15.394781
SORBI_3003G311200	0
SORBI_3003G311250	0.991957
SORBI_3003G311300	0
SORBI_3003G311400	8.8785
SORBI_3003G311500	18.570652
SORBI_3003G311600	5.657476
SORBI_3003G311700	25.481295
SORBI_3003G311800	8.645084
SORBI_3003G311900	98.468118
SORBI_3003G312000	1.807183
SORBI_3003G312100	29.799516
SORBI_3003G312200	228.28374
SORBI_3003G312300	1.131869
SORBI_3003G312400	49.208721
SORBI_3003G312500	43.911488
SORBI_3003G312550	1.816598
ENSRNA049996518	0
SORBI_3003G312600	0.079979
SORBI_3003G312700	47.704186
SORBI_3003G312800	0.103845
SORBI_3003G312900	0.09591
SORBI_3003G313000	26.252027
SORBI_3003G313100	57.823588
SORBI_3003G313200	0
SORBI_3003G313300	57.778773
SORBI_3003G313400	34.206761
SORBI_3003G313500	39.152628
SORBI_3003G313600	0
SORBI_3003G313700	0.54243
SORBI_3003G313800	35.072621
SORBI_3003G313900	8.440193
SORBI_3003G314000	2.364816
SORBI_3003G314100	29.463753
SORBI_3003G314200	10.67306
SORBI_3003G314300	15.181919
SORBI_3003G314400	1.956372
SORBI_3003G314500	542.144551
SORBI_3003G314533	6.994883
SORBI_3003G314566	0.714333
SORBI_3003G314600	0
SORBI_3003G314700	19.635336
SORBI_3003G314800	45.592143
SORBI_3003G314900	0.07101
SORBI_3003G315000	1.440117
SORBI_3003G315166	4.880532
SORBI_3003G315332	15.476962
SORBI_3003G315500	0.293542
SORBI_3003G315600	1.851115
SORBI_3003G315800	14.574747
SORBI_3003G315700	10.482885
SORBI_3003G315900	0
SORBI_3003G316000	0.168857
SORBI_3003G316100	0
SORBI_3003G316200	53.235249
SORBI_3003G316300	188.126514
SORBI_3003G316350	0
SORBI_3003G316400	2.747763
SORBI_3003G316500	72.049109
SORBI_3003G316601	0
SORBI_3003G316700	68.292924
SORBI_3003G316850	63.401859
SORBI_3003G317000	0.103537
SORBI_3003G317100	8.521187
SORBI_3003G317200	16.584908
SORBI_3003G317300	0.753119
SORBI_3003G317400	3.552853
ENSRNA049445806	0
SORBI_3003G317500	85.081109
SORBI_3003G317600	0
SORBI_3003G317700	0
SORBI_3003G317800	65.059358
SORBI_3003G317900	10.389134
SORBI_3003G318001	0.456232
SORBI_3003G318100	0.476504
SORBI_3003G318200	0
SORBI_3003G318300	2.056338
SORBI_3003G318350	1.790338
SORBI_3003G318400	2.877381
SORBI_3003G318500	0.772548
SORBI_3003G318600	2.37534
SORBI_3003G318650	0
SORBI_3003G318700	12.950936
SORBI_3003G318800	12.356741
SORBI_3003G318900	0.437199
SORBI_3003G319000	68.562725
SORBI_3003G319050	0
SORBI_3003G319100	30.833737
SORBI_3003G319200	94.906636
SORBI_3003G319300	5.453232
SORBI_3003G319400	0.4367
SORBI_3003G319500	21.06442
SORBI_3003G319600	2.986566
SORBI_3003G319700	173.446133
SORBI_3003G319800	1.297429
SORBI_3003G319850	74.380493
SORBI_3003G319900	0.080808
SORBI_3003G320000	0
SORBI_3003G320100	1.447839
SORBI_3003G320200	5.436262
SORBI_3003G320300	0.76861
SORBI_3003G320400	0
SORBI_3003G320500	0
SORBI_3003G320600	2.731172
SORBI_3003G320700	61.782486
SORBI_3003G320800	55.983197
SORBI_3003G320900	8.842859
SORBI_3003G321000	6.829476
SORBI_3003G321101	1.113363
SORBI_3003G321200	12.187983
SORBI_3003G321300	29.56274
SORBI_3003G321400	0
SORBI_3003G321500	0
SORBI_3003G321600	3.355239
SORBI_3003G321700	112.236227
SORBI_3003G321800	0.112512
SORBI_3003G321900	33.314351
SORBI_3003G322000	0
SORBI_3003G322100	0.714328
SORBI_3003G322200	20.912637
ENSRNA049484442	0
SORBI_3003G322300	171.110132
SORBI_3003G322400	551.793894
SORBI_3003G322466	0.536042
SORBI_3003G322532	54.815222
SORBI_3003G322600	0
SORBI_3003G322700	53.987896
SORBI_3003G322800	0.166229
SORBI_3003G322900	9.481319
SORBI_3003G323000	0
SORBI_3003G323100	9.730404
SORBI_3003G323201	187.172773
SORBI_3003G323300	34.002426
SORBI_3003G323400	0
SORBI_3003G323500	249.078371
SORBI_3003G323600	25.148661
SORBI_3003G323700	7.940194
SORBI_3003G323750	0
SORBI_3003G323800	0
SORBI_3003G323900	18.728926
SORBI_3003G324000	23.457867
SORBI_3003G324100	22.71514
SORBI_3003G324200	0.100707
SORBI_3003G324300	9.4874
SORBI_3003G324400	168.97016
SORBI_3003G324500	3.590399
SORBI_3003G324600	6.567229
SORBI_3003G324700	30.486078
SORBI_3003G324800	0
SORBI_3003G324900	0
SORBI_3003G325000	4.083364
SORBI_3003G325100	0.723021
SORBI_3003G325200	8.400023
SORBI_3003G325300	1.852708
SORBI_3003G325400	3.903611
SORBI_3003G325500	116.044393
SORBI_3003G325600	0
SORBI_3003G325700	61.421757
SORBI_3003G325800	0.043804
SORBI_3003G325900	4.043218
SORBI_3003G326000	1.985545
SORBI_3003G326100	0
SORBI_3003G326200	2.96015
SORBI_3003G326300	0
SORBI_3003G326400	0
SORBI_3003G326500	9.91901
SORBI_3003G326600	20.233116
SORBI_3003G326700	0
SORBI_3003G326800	31.182102
SORBI_3003G326900	42.578653
SORBI_3003G327000	1.266858
SORBI_3003G327100	37.812527
SORBI_3003G327200	41.145466
SORBI_3003G327300	3.601732
SORBI_3003G327400	0
SORBI_3003G327500	4.872145
SORBI_3003G327600	53.531534
SORBI_3003G327700	250.764501
ENSRNA049484453	0
SORBI_3003G327800	23.368625
SORBI_3003G327900	18.176374
SORBI_3003G327950	0
SORBI_3003G328000	4.756845
SORBI_3003G328100	23.850604
SORBI_3003G328200	2.684285
SORBI_3003G328300	7.714816
SORBI_3003G328400	0.132355
SORBI_3003G328500	0.789508
SORBI_3003G328600	66.429488
SORBI_3003G328700	258.988647
SORBI_3003G328800	119.118909
SORBI_3003G328900	17.993002
SORBI_3003G329000	326.630403
SORBI_3003G329100	0.677983
ENSRNA049484446	0
SORBI_3003G329200	24.826296
SORBI_3003G329400	42.977263
SORBI_3003G329300	0.055413
SORBI_3003G329500	43.890288
SORBI_3003G329600	0
SORBI_3003G329700	0.673373
SORBI_3003G329800	228.847598
SORBI_3003G329900	15.858046
SORBI_3003G330000	74.537509
SORBI_3003G330100	11.779597
SORBI_3003G330200	12.524165
SORBI_3003G330300	2.873125
SORBI_3003G330350	0
SORBI_3003G330400	0
SORBI_3003G330500	133.799826
SORBI_3003G330650	3.36421
SORBI_3003G330800	0
SORBI_3003G330900	9.55799
SORBI_3003G331000	4.545464
SORBI_3003G331100	4.610893
SORBI_3003G331200	0
SORBI_3003G331300	18.945133
SORBI_3003G331400	19.757858
ENSRNA049996513	7.608549
ENSRNA049484440	0
SORBI_3003G331500	23.573221
SORBI_3003G331550	0
SORBI_3003G331600	20.360793
SORBI_3003G331700	2.468289
SORBI_3003G331750	0.379522
SORBI_3003G331800	0
SORBI_3003G331900	0
SORBI_3003G332000	20.901132
SORBI_3003G332100	8.936473
SORBI_3003G332200	10.099862
SORBI_3003G332300	0
SORBI_3003G332401	160.066769
SORBI_3003G332500	8.872067
SORBI_3003G332700	29.781178
SORBI_3003G332800	37.761084
SORBI_3003G332900	16.428304
SORBI_3003G333000	0
SORBI_3003G333100	6.394787
SORBI_3003G333150	0.295118
SORBI_3003G333200	8.226144
SORBI_3003G333300	0
SORBI_3003G333400	205.112994
SORBI_3003G333501	48.267173
SORBI_3003G333600	7.601077
SORBI_3003G333700	10.711991
SORBI_3003G333800	204.527153
SORBI_3003G333900	20.037757
SORBI_3003G334000	39.456484
SORBI_3003G334100	18.020871
SORBI_3003G334200	4.496307
SORBI_3003G334300	8.43728
SORBI_3003G334400	3.250486
SORBI_3003G334500	0.574976
SORBI_3003G334600	216.993686
SORBI_3003G334700	45.720128
SORBI_3003G334900	1.263992
SORBI_3003G335000	5.214887
SORBI_3003G335100	0.631134
SORBI_3003G335200	0
SORBI_3003G335300	147.215389
SORBI_3003G335400	2.931561
SORBI_3003G335501	0
SORBI_3003G335601	0
SORBI_3003G335700	0
SORBI_3003G335800	0
SORBI_3003G335900	2.494932
SORBI_3003G336000	306.040728
SORBI_3003G336100	192.489863
SORBI_3003G336200	9.303041
SORBI_3003G336300	0.464932
SORBI_3003G336400	3.317725
SORBI_3003G336500	3.721919
SORBI_3003G336550	0
SORBI_3003G336600	21.357843
SORBI_3003G336700	24.029891
SORBI_3003G336800	19.208131
SORBI_3003G336900	1.559262
SORBI_3003G337000	171.284355
SORBI_3003G337100	0.971328
SORBI_3003G337200	1.341907
SORBI_3003G337300	57.099126
SORBI_3003G337400	1.091178
SORBI_3003G337500	0.043875
SORBI_3003G337600	0
SORBI_3003G337700	0
SORBI_3003G337800	31.451349
SORBI_3003G337900	100.406708
SORBI_3003G338000	54.838874
SORBI_3003G338100	67.770302
SORBI_3003G338200	0
SORBI_3003G338250	0
SORBI_3003G338300	0.201878
SORBI_3003G338400	26.252645
SORBI_3003G338500	81.833357
SORBI_3003G338600	0
SORBI_3003G338700	2.018148
SORBI_3003G338801	0.091249
SORBI_3003G338900	26.659013
SORBI_3003G338966	542.036874
SORBI_3003G339032	0.553411
SORBI_3003G339100	16.686308
SORBI_3003G339200	10.192948
SORBI_3003G339300	0.097595
SORBI_3003G339400	0
SORBI_3003G339500	12.086855
SORBI_3003G339600	0.23405
SORBI_3003G339700	48.524344
SORBI_3003G339800	3.771068
SORBI_3003G339900	33.61831
SORBI_3003G340000	0
SORBI_3003G340100	0.591473
ENSRNA049445792	0
SORBI_3003G340200	0
SORBI_3003G340300	7.443777
SORBI_3003G340350	0
SORBI_3003G340400	0
SORBI_3003G340500	0
SORBI_3003G340600	29.474961
SORBI_3003G340700	112.868645
SORBI_3003G340800	16.83175
SORBI_3003G340900	19.387857
SORBI_3003G341000	76.243983
SORBI_3003G341100	103.120339
SORBI_3003G341200	9.227666
SORBI_3003G341300	28.730836
SORBI_3003G341400	39.765277
SORBI_3003G341500	0.51637
SORBI_3003G341600	7.149557
SORBI_3003G341700	4.9941
SORBI_3003G341800	1.852018
SORBI_3003G341900	0
SORBI_3003G342000	0
SORBI_3003G342100	72.882649
SORBI_3003G342200	8.817615
SORBI_3003G342300	0.848587
SORBI_3003G342500	4.821284
SORBI_3003G342600	10.145454
SORBI_3003G342700	3.480398
SORBI_3003G342800	3.676235
SORBI_3003G342900	0.696557
SORBI_3003G343000	0
SORBI_3003G343100	0
SORBI_3003G343200	2.008351
SORBI_3003G343300	0
SORBI_3003G343400	61.498646
SORBI_3003G343500	42.232756
SORBI_3003G343600	15.155104
SORBI_3003G343700	26.607171
SORBI_3003G343900	18.181891
SORBI_3003G344050	0
SORBI_3003G344200	49.96689
SORBI_3003G344300	0
SORBI_3003G344400	0
SORBI_3003G344501	0
SORBI_3003G344600	46.944461
SORBI_3003G344700	0
SORBI_3003G344800	12.873742
SORBI_3003G344900	51.530418
SORBI_3003G344950	0.179744
SORBI_3003G345000	45.318526
SORBI_3003G345100	14.315483
SORBI_3003G345200	21.44193
SORBI_3003G345300	3.377394
SORBI_3003G345400	68.40447
SORBI_3003G345500	60.727567
SORBI_3003G345600	2.191867
SORBI_3003G345700	8.407385
SORBI_3003G345900	6.147851
SORBI_3003G346000	35.334231
SORBI_3003G346100	14.743165
SORBI_3003G346200	5.096711
SORBI_3003G346400	78.442787
SORBI_3003G346500	50.576708
SORBI_3003G346600	387.214967
SORBI_3003G346700	78.550871
SORBI_3003G346800	0
SORBI_3003G346901	56.548699
SORBI_3003G347000	3.223051
SORBI_3003G347100	0
SORBI_3003G347200	36.387235
SORBI_3003G347300	61.48856
SORBI_3003G347400	0
ENSRNA049445789	0
SORBI_3003G347440	0
SORBI_3003G347480	0
SORBI_3003G347520	31.314935
SORBI_3003G347560	2.384537
SORBI_3003G347680	0.229636
SORBI_3003G347800	1.566768
SORBI_3003G347900	22.055266
SORBI_3003G348000	12.989456
SORBI_3003G348100	0.095595
SORBI_3003G348200	89.56763
SORBI_3003G348300	0.219627
SORBI_3003G348400	34.447598
SORBI_3003G348500	0
SORBI_3003G348600	0.156041
SORBI_3003G348700	3.810878
SORBI_3003G348800	65.411298
SORBI_3003G348900	0.618871
SORBI_3003G349000	15.653892
SORBI_3003G349100	2.741718
SORBI_3003G349200	170.084801
SORBI_3003G349300	145.432872
SORBI_3003G349400	0.580069
SORBI_3003G349600	5.639153
SORBI_3003G349700	1.134194
SORBI_3003G349800	0.119117
SORBI_3003G349900	4.62036
SORBI_3003G350000	1.449583
SORBI_3003G350100	5.509605
SORBI_3003G350200	31.618882
SORBI_3003G350300	294.016002
SORBI_3003G350400	0.540025
SORBI_3003G350500	0
SORBI_3003G350600	79.321408
SORBI_3003G350700	296.099122
SORBI_3003G350800	93.110835
SORBI_3003G350850	0
SORBI_3003G350900	0.180149
SORBI_3003G351000	31.968532
SORBI_3003G351100	0
SORBI_3003G351300	0.404762
SORBI_3003G351150	0.980957
SORBI_3003G351200	0
SORBI_3003G351401	15.698284
SORBI_3003G351501	0.57187
SORBI_3003G351600	1.407711
SORBI_3003G351701	16.729757
SORBI_3003G351800	0
SORBI_3003G351900	2.985728
SORBI_3003G352000	6.750981
ENSRNA049445621	0
SORBI_3003G352100	0.154396
SORBI_3003G352200	10.886506
SORBI_3003G352300	12.480398
SORBI_3003G352400	191.043526
SORBI_3003G352500	21.613922
SORBI_3003G352600	54.984274
SORBI_3003G352700	0.220154
SORBI_3003G352750	0
SORBI_3003G352800	0.065572
SORBI_3003G352900	6.751104
SORBI_3003G353000	0
SORBI_3003G353050	0
SORBI_3003G353100	0.216071
SORBI_3003G353200	0
SORBI_3003G353300	0.229546
SORBI_3003G353400	52.108109
SORBI_3003G353500	23.053076
ENSRNA049445628	0
SORBI_3003G353600	43.763124
SORBI_3003G353700	74.78615
SORBI_3003G353800	192.784712
SORBI_3003G353900	0
SORBI_3003G354000	10.377626
SORBI_3003G354050	0.062399
SORBI_3003G354100	33.741235
SORBI_3003G354166	0
SORBI_3003G354232	3.032779
ENSRNA049484447	0
SORBI_3003G354300	2.770383
SORBI_3003G354400	51.066436
SORBI_3003G354500	7.465677
SORBI_3003G354600	43.855361
SORBI_3003G354700	0.178045
SORBI_3003G354800	0
SORBI_3003G354850	0
SORBI_3003G354900	22.787195
SORBI_3003G355000	89.651681
SORBI_3003G355100	26.342346
SORBI_3003G355200	50.545737
SORBI_3003G355300	0.595676
SORBI_3003G355400	9.228735
SORBI_3003G355500	41.074956
SORBI_3003G355600	16.245748
SORBI_3003G355700	0
SORBI_3003G355800	31.877683
SORBI_3003G355900	23.557226
ENSRNA049445782	0
SORBI_3003G356000	50.055947
SORBI_3003G356100	2.440655
SORBI_3003G356200	76.886545
SORBI_3003G356300	3.998545
SORBI_3003G356400	0.764357
SORBI_3003G356500	0
SORBI_3003G356600	0.224492
SORBI_3003G356700	8.317404
SORBI_3003G356800	7.172891
SORBI_3003G356850	0
SORBI_3003G356900	25.347695
SORBI_3003G357000	0.206396
SORBI_3003G357100	44.83551
SORBI_3003G357166	72.602057
SORBI_3003G357232	5.881157
SORBI_3003G357300	4.43561
SORBI_3003G357400	1.006559
SORBI_3003G357500	1.391434
SORBI_3003G357600	5.149135
SORBI_3003G357700	1.008988
SORBI_3003G357800	17.294972
SORBI_3003G357900	1.885017
SORBI_3003G358000	1.528868
SORBI_3003G358100	74.536428
SORBI_3003G358150	0
SORBI_3003G358200	10.851004
SORBI_3003G358300	25.301182
SORBI_3003G358400	0.416535
SORBI_3003G358500	0
SORBI_3003G358600	30.039951
SORBI_3003G358800	5.933442
SORBI_3003G358900	20.045575
SORBI_3003G359000	0.626549
SORBI_3003G359100	43.746635
SORBI_3003G359200	0
SORBI_3003G359300	9.805539
SORBI_3003G359350	0
SORBI_3003G359400	1.70769
SORBI_3003G359500	42.375794
SORBI_3003G359600	111.149738
SORBI_3003G359800	29.945079
SORBI_3003G359900	19.703352
SORBI_3003G360000	34.596358
SORBI_3003G360100	1.827012
SORBI_3003G360200	0
SORBI_3003G360300	14.23926
SORBI_3003G360400	70.448132
SORBI_3003G360500	0
SORBI_3003G360600	0.107271
SORBI_3003G360700	0
SORBI_3003G360800	30.194726
SORBI_3003G360900	0.194306
SORBI_3003G361000	0.364516
SORBI_3003G361100	358.584925
SORBI_3003G361150	0
SORBI_3003G361200	0.201039
SORBI_3003G361300	52.041044
SORBI_3003G361400	42.937319
SORBI_3003G361500	109.317924
SORBI_3003G361600	42.227446
SORBI_3003G361700	34.311596
SORBI_3003G361800	111.805373
SORBI_3003G361900	9.830201
SORBI_3003G362000	15.415149
SORBI_3003G362100	5.418203
SORBI_3003G362200	22.663054
SORBI_3003G362300	26.360654
SORBI_3003G362400	26.099623
SORBI_3003G362500	9.406118
SORBI_3003G362600	24.062963
SORBI_3003G362700	8.065079
SORBI_3003G362800	0.992554
SORBI_3003G362900	13.077464
SORBI_3003G363000	5.890213
SORBI_3003G363100	46.650005
SORBI_3003G363200	6.39412
SORBI_3003G363300	0
SORBI_3003G363400	0.149226
SORBI_3003G363500	9.827176
SORBI_3003G363600	9.102685
SORBI_3003G363700	17.482431
SORBI_3003G363800	84.300307
SORBI_3003G363900	1.177268
SORBI_3003G364000	7.675754
SORBI_3003G364100	4.81811
SORBI_3003G364200	7.019555
SORBI_3003G364300	26.219684
SORBI_3003G364400	5.670968
SORBI_3003G364500	15.772942
SORBI_3003G364550	0
SORBI_3003G364600	173.949383
SORBI_3003G364700	0.194832
SORBI_3003G364800	3.047838
SORBI_3003G364900	4.154718
SORBI_3003G364950	0
SORBI_3003G365000	16.287766
SORBI_3003G365100	13.229984
SORBI_3003G365200	3.189186
SORBI_3003G365300	106.503829
SORBI_3003G365400	18.921439
SORBI_3003G365450	0.228703
SORBI_3003G365500	13.479422
SORBI_3003G365600	65.454927
SORBI_3003G365700	28.146949
SORBI_3003G365800	0
SORBI_3003G365900	0
SORBI_3003G366000	0
SORBI_3003G366100	0.265714
SORBI_3003G366200	4.278512
SORBI_3003G366300	7.814971
SORBI_3003G366400	41.740883
SORBI_3003G366500	39.941432
SORBI_3003G366600	1.423434
SORBI_3003G366700	0.6842
SORBI_3003G366850	1.21847
SORBI_3003G367000	3.878294
SORBI_3003G367100	0
SORBI_3003G367200	5.479163
SORBI_3003G367300	319.528415
SORBI_3003G367350	0.719705
SORBI_3003G367401	0
SORBI_3003G367451	69.709235
SORBI_3003G367500	102.576801
SORBI_3003G367650	52.82576
SORBI_3003G367800	15.560105
SORBI_3003G367900	39.761885
SORBI_3003G368000	30.477499
SORBI_3003G368100	0.245589
SORBI_3003G368150	0
SORBI_3003G368200	20.823988
SORBI_3003G368300	39.130707
SORBI_3003G368400	35.202627
SORBI_3003G368450	0
SORBI_3003G368500	65.262732
SORBI_3003G368550	0
SORBI_3003G368600	0.942215
SORBI_3003G368700	30.353076
SORBI_3003G368800	37.943121
SORBI_3003G368901	4.627726
SORBI_3003G369000	0
SORBI_3003G369033	0
SORBI_3003G369066	0
SORBI_3003G369100	2.604008
SORBI_3003G369200	6.717875
SORBI_3003G369300	0
SORBI_3003G369400	46.519115
SORBI_3003G369500	39.163334
SORBI_3003G369533	0
SORBI_3003G369566	0
SORBI_3003G369600	12.335404
SORBI_3003G369700	13.687975
SORBI_3003G369800	0
SORBI_3003G369900	19.706976
SORBI_3003G370000	91.387495
SORBI_3003G370100	67.832331
SORBI_3003G370200	21.622906
SORBI_3003G370300	0.751224
SORBI_3003G370400	3.406252
SORBI_3003G370500	10.321164
SORBI_3003G370600	0.494705
SORBI_3003G370700	47.251529
SORBI_3003G370800	0
SORBI_3003G370900	48.995662
SORBI_3003G371000	10.557787
SORBI_3003G371100	0.240756
SORBI_3003G371250	5.708282
SORBI_3003G371400	0.402632
SORBI_3003G371600	0.712883
SORBI_3003G371750	4.83628
SORBI_3003G371900	0.202119
SORBI_3003G372000	16.371451
SORBI_3003G372100	19.373843
SORBI_3003G372200	37.706807
SORBI_3003G372400	14.305444
SORBI_3003G372500	26.478168
SORBI_3003G372600	0
ENSRNA049484445	0
SORBI_3003G372700	17.875691
SORBI_3003G372750	0
SORBI_3003G372800	159.869612
SORBI_3003G372850	0
SORBI_3003G372900	45.254128
SORBI_3003G372950	0
SORBI_3003G373000	21.290921
SORBI_3003G373050	0
SORBI_3003G373100	1152.634372
SORBI_3003G373150	5.537061
SORBI_3003G373200	0
SORBI_3003G373300	15.312087
SORBI_3003G373500	84.824864
SORBI_3003G373600	67.422166
SORBI_3003G373700	0.853361
SORBI_3003G373800	2.382515
SORBI_3003G373900	0
SORBI_3003G374000	21.422837
SORBI_3003G374100	2.316662
SORBI_3003G374150	9.189951
SORBI_3003G374200	20.571568
SORBI_3003G374300	0
SORBI_3003G374400	0.067668
SORBI_3003G374500	2.515717
ENSRNA049484443	0
SORBI_3003G374600	12.943816
SORBI_3003G374700	74.065798
SORBI_3003G374850	19.247829
SORBI_3003G375000	119.36316
SORBI_3003G375100	19.31464
SORBI_3003G375200	51.965115
SORBI_3003G375300	0
SORBI_3003G375400	0
SORBI_3003G375500	10.630069
SORBI_3003G375600	8.010667
SORBI_3003G375700	0
SORBI_3003G375800	1.141589
SORBI_3003G375900	9.49748
SORBI_3003G376000	3.065083
ENSRNA049445760	0
SORBI_3003G376100	59.959866
SORBI_3003G376200	8.478231
SORBI_3003G376300	0
SORBI_3003G376400	6.420787
SORBI_3003G376500	13.580855
SORBI_3003G376600	0
SORBI_3003G376700	1035.436552
SORBI_3003G376800	10.800863
SORBI_3003G376900	2.127584
SORBI_3003G377000	6.480009
SORBI_3003G377100	2.217415
SORBI_3003G377200	2.601195
SORBI_3003G377300	0
SORBI_3003G377400	0
SORBI_3003G377500	4.311207
SORBI_3003G377600	1.363815
SORBI_3003G377650	0
SORBI_3003G377700	101.289206
SORBI_3003G377800	17.381918
SORBI_3003G377900	36.121751
SORBI_3003G378000	46.211337
SORBI_3003G378050	0
SORBI_3003G378100	6.471731
SORBI_3003G378201	0.362267
SORBI_3003G378301	0
ENSRNA049484450	0
SORBI_3003G378400	29.904361
SORBI_3003G378500	0.807611
SORBI_3003G378600	21.438542
SORBI_3003G378700	0.151591
SORBI_3003G378800	0.42547
SORBI_3003G378900	0.243895
SORBI_3003G379000	0.588519
SORBI_3003G379100	0
SORBI_3003G379200	56.553442
SORBI_3003G379301	12.680915
SORBI_3003G379400	46.308939
SORBI_3003G379450	0
SORBI_3003G379500	1.201208
SORBI_3003G379600	204.367922
SORBI_3003G379700	67.132797
SORBI_3003G379800	12.464481
SORBI_3003G379900	0.204613
ENSRNA049445747	0
SORBI_3003G380000	48.119666
SORBI_3003G380100	0.656951
SORBI_3003G380200	23.062248
SORBI_3003G380300	1.401958
SORBI_3003G380400	23.786661
SORBI_3003G380500	43.532955
SORBI_3003G380600	22.563238
SORBI_3003G380700	0
SORBI_3003G380800	1.045894
SORBI_3003G380900	37.247183
SORBI_3003G381000	32.846083
ENSRNA049445739	0
SORBI_3003G381100	0
SORBI_3003G381200	210.32357
SORBI_3003G381300	31.354934
SORBI_3003G381400	3.629521
SORBI_3003G381500	1.301342
SORBI_3003G381600	17.884513
SORBI_3003G381700	780.993888
SORBI_3003G381800	6.556126
SORBI_3003G381900	26.051112
SORBI_3003G382000	17.765235
SORBI_3003G382100	43.751789
SORBI_3003G382200	0
SORBI_3003G382300	2.150776
SORBI_3003G382350	0.586659
SORBI_3003G382400	1.672352
SORBI_3003G382500	35.467678
SORBI_3003G382600	18.280844
SORBI_3003G382700	0
SORBI_3003G382800	93.039925
SORBI_3003G382900	112.289562
SORBI_3003G383000	0
SORBI_3003G383100	0.430234
SORBI_3003G383200	2.458013
SORBI_3003G383300	107.181147
SORBI_3003G383400	0
SORBI_3003G383500	9.512868
SORBI_3003G383600	14.170177
ENSRNA049445726	0
SORBI_3003G383700	0
SORBI_3003G383800	0.216065
SORBI_3003G383900	10.23405
SORBI_3003G384100	0.21057
SORBI_3003G384200	0.297812
SORBI_3003G384300	10.780753
SORBI_3003G384400	0
SORBI_3003G384500	0
SORBI_3003G384600	0
SORBI_3003G384650	0.144945
SORBI_3003G384700	9.360911
SORBI_3003G384750	0
SORBI_3003G384800	11.228916
SORBI_3003G384900	1.602448
SORBI_3003G385000	502.086613
SORBI_3003G385100	32.086261
SORBI_3003G385201	0
SORBI_3003G385300	9.943951
SORBI_3003G385401	27.530035
SORBI_3003G385500	43.950354
SORBI_3003G385600	0
SORBI_3003G385700	0.079411
SORBI_3003G385800	0
SORBI_3003G385900	1.639225
SORBI_3003G386000	148.994914
SORBI_3003G386100	63.34791
SORBI_3003G386200	1.418465
SORBI_3003G386300	4.443469
SORBI_3003G386350	0
SORBI_3003G386400	0
SORBI_3003G386500	0.258662
SORBI_3003G386600	45.36568
SORBI_3003G386700	4.781716
SORBI_3003G386800	0
SORBI_3003G386900	0
SORBI_3003G387000	0
SORBI_3003G387100	72.747064
SORBI_3003G387200	10.983646
SORBI_3003G387300	0.343493
SORBI_3003G387400	1.025252
SORBI_3003G387500	2.811799
SORBI_3003G387600	0.858891
SORBI_3003G387700	0
SORBI_3003G387800	20.887983
SORBI_3003G387900	864.327183
SORBI_3003G388000	7.884543
SORBI_3003G388100	15.60276
SORBI_3003G388150	4.083167
SORBI_3003G388201	0
SORBI_3003G388251	94.306511
SORBI_3003G388300	0
SORBI_3003G388400	0.083191
SORBI_3003G388500	8.164985
SORBI_3003G388601	0
SORBI_3003G388700	96.272728
SORBI_3003G388800	0
SORBI_3003G388900	13.247239
SORBI_3003G389000	80.202014
SORBI_3003G389100	50.257924
SORBI_3003G389150	0
SORBI_3003G389200	41.204792
SORBI_3003G389300	40.869938
SORBI_3003G389400	0.469884
SORBI_3003G389500	0.798942
SORBI_3003G389601	0
SORBI_3003G389700	48.257353
SORBI_3003G389800	1.770722
SORBI_3003G389900	0
SORBI_3003G390000	0.350035
SORBI_3003G390100	70.428219
SORBI_3003G390300	0
SORBI_3003G390400	52.465646
SORBI_3003G390500	0
SORBI_3003G390600	0.496998
SORBI_3003G390700	168.578221
SORBI_3003G390800	10.285053
SORBI_3003G390900	0
SORBI_3003G391000	0.142748
SORBI_3003G391100	70.21013
SORBI_3003G391200	32.76325
SORBI_3003G391300	5.405788
SORBI_3003G391400	32.38036
SORBI_3003G391500	5.008556
ENSRNA049445643	0
SORBI_3003G391600	1.536914
SORBI_3003G391700	0
SORBI_3003G391800	0
SORBI_3003G391900	34.246809
SORBI_3003G392000	6.498352
SORBI_3003G392100	12.463014
SORBI_3003G392200	55.431944
SORBI_3003G392275	0
SORBI_3003G392350	0
SORBI_3003G392425	0
SORBI_3003G392500	0
SORBI_3003G392550	13.206698
SORBI_3003G392600	35.708671
SORBI_3003G392700	2.365299
SORBI_3003G392800	0.743315
SORBI_3003G392900	28.693426
SORBI_3003G393001	1.832696
SORBI_3003G393100	4.693188
SORBI_3003G393200	5.122584
SORBI_3003G393300	14.756266
SORBI_3003G393400	1.153376
SORBI_3003G393500	24.011155
SORBI_3003G393600	0
SORBI_3003G393700	7.401024
SORBI_3003G393800	24.610399
SORBI_3003G393900	988.626715
SORBI_3003G394000	0.155453
SORBI_3003G394100	18.73658
SORBI_3003G394150	0
SORBI_3003G394200	45.926383
SORBI_3003G394300	20.146665
SORBI_3003G394400	27.191986
SORBI_3003G394500	27.787256
SORBI_3003G394600	30.930855
SORBI_3003G394701	0
SORBI_3003G394801	0
SORBI_3003G394900	1.015944
SORBI_3003G395000	0
SORBI_3003G395100	65.759757
SORBI_3003G395150	0
SORBI_3003G395200	0
SORBI_3003G395300	23.851728
SORBI_3003G395400	44.356801
SORBI_3003G395450	1.267472
SORBI_3003G395500	101.938066
SORBI_3003G395600	21.100217
SORBI_3003G395700	2.164334
SORBI_3003G395800	0.83383
SORBI_3003G395900	8.785455
SORBI_3003G396000	203.961118
SORBI_3003G396050	0.159053
SORBI_3003G396100	17.174785
SORBI_3003G396200	16.275274
SORBI_3003G396300	4.357171
SORBI_3003G396400	0
SORBI_3003G396500	0
SORBI_3003G396600	77.938188
SORBI_3003G396700	17.501862
SORBI_3003G396800	11.346355
SORBI_3003G396900	2.399495
SORBI_3003G397000	0
SORBI_3003G397100	23.009689
SORBI_3003G397200	9.398094
SORBI_3003G397300	84.467559
SORBI_3003G397400	5.536097
SORBI_3003G397500	75.239891
SORBI_3003G397600	48.654469
SORBI_3003G397700	10.772227
SORBI_3003G397800	195.459993
SORBI_3003G397900	117.051877
SORBI_3003G398100	24.791037
SORBI_3003G398200	0
SORBI_3003G398300	16.395723
SORBI_3003G398400	42.586366
SORBI_3003G398500	11.507921
SORBI_3003G398600	0
SORBI_3003G398700	18.217478
SORBI_3003G398800	28.288131
SORBI_3003G398900	1.096292
SORBI_3003G399000	12.961803
SORBI_3003G399101	0
SORBI_3003G399200	0
SORBI_3003G399266	9.675504
SORBI_3003G399100	3.235138
SORBI_3003G399166	0
SORBI_3003G399400	0
SORBI_3003G399500	0.104601
SORBI_3003G399600	1.193363
SORBI_3003G399700	0
SORBI_3003G399800	0
SORBI_3003G399900	1.731614
ENSRNA049484836	0
SORBI_3003G400000	0
SORBI_3003G400100	13.34324
SORBI_3003G400200	1.069086
SORBI_3003G400266	0
SORBI_3003G400332	0
SORBI_3003G400400	0
SORBI_3003G400600	22.541495
SORBI_3003G400700	0
SORBI_3003G400800	127.254834
SORBI_3003G400900	0.352272
SORBI_3003G401000	44.719382
SORBI_3003G401100	12.716832
SORBI_3003G401200	89.718581
ENSRNA049484834	0
SORBI_3003G401300	0
SORBI_3003G401400	134.553878
SORBI_3003G401600	38.121648
SORBI_3003G401500	1.450632
SORBI_3003G401700	0
SORBI_3003G401800	1.07615
SORBI_3003G401900	0.591097
SORBI_3003G402000	117.805932
SORBI_3003G402100	0
SORBI_3003G402200	7.453411
SORBI_3003G402300	1.292851
SORBI_3003G402400	0
SORBI_3003G402500	11.247219
SORBI_3003G402550	0
SORBI_3003G402600	472.799169
SORBI_3003G402700	0
SORBI_3003G402800	11.930652
SORBI_3003G402900	54.963891
SORBI_3003G403000	0.09235
SORBI_3003G403300	103.61345
SORBI_3003G403400	28.506082
SORBI_3003G403500	43.627321
SORBI_3003G403600	0
SORBI_3003G403700	257.226197
SORBI_3003G403800	1.554757
SORBI_3003G403900	0
SORBI_3003G404000	523.574768
SORBI_3003G404050	0
SORBI_3003G404100	31.003727
SORBI_3003G404200	113.002247
SORBI_3003G404300	41.988951
SORBI_3003G404400	9.925481
SORBI_3003G404500	80.868387
SORBI_3003G404600	2.542894
SORBI_3003G404700	0
SORBI_3003G404800	1.120676
SORBI_3003G404900	0.254844
SORBI_3003G405000	0.466663
SORBI_3003G405101	0
SORBI_3003G405200	0.228623
SORBI_3003G405300	0.094988
SORBI_3003G405400	0.134644
SORBI_3003G405500	39.219377
SORBI_3003G405600	2.442118
SORBI_3003G405700	18.242252
SORBI_3003G405800	0
SORBI_3003G405900	296.735835
SORBI_3003G406000	10.711163
SORBI_3003G406060	0
SORBI_3003G406120	0.054281
SORBI_3003G406180	0
SORBI_3003G406240	0
SORBI_3003G406300	9.462512
SORBI_3003G406400	29.790561
SORBI_3003G406500	0
SORBI_3003G406600	9.631314
SORBI_3003G406700	34.74954
SORBI_3003G406800	99.460866
SORBI_3003G406850	0
SORBI_3003G406900	2.29692
SORBI_3003G407001	1.060183
SORBI_3003G407100	56.655799
SORBI_3003G407200	37.208308
SORBI_3003G407300	23.401473
SORBI_3003G407400	1.737485
SORBI_3003G407500	1.658986
SORBI_3003G407600	56.740843
SORBI_3003G407700	0.136244
SORBI_3003G407800	108.71506
SORBI_3003G407900	129.78571
SORBI_3003G407950	0.105127
SORBI_3003G408000	33.180682
SORBI_3003G408100	134.532741
SORBI_3003G408200	0
SORBI_3003G408300	69.951082
SORBI_3003G408400	8.572082
SORBI_3003G408500	41.228756
SORBI_3003G408600	27.902861
SORBI_3003G408700	0
SORBI_3003G408800	139.322535
SORBI_3003G408900	0
SORBI_3003G409000	0
SORBI_3003G409100	0
SORBI_3003G409150	0.177684
SORBI_3003G409200	11.247974
SORBI_3003G409300	9.374003
SORBI_3003G409400	14.693165
SORBI_3003G409500	9.204413
SORBI_3003G409600	10.01319
SORBI_3003G409700	15.497111
SORBI_3003G409800	24.35104
SORBI_3003G409850	0
SORBI_3003G409900	12.594414
SORBI_3003G410000	0.363145
SORBI_3003G410100	47.326766
SORBI_3003G410200	21.949158
SORBI_3003G410300	0
SORBI_3003G410400	39.360693
SORBI_3003G410500	420.36855
SORBI_3003G410600	16.143214
ENSRNA049445717	0
SORBI_3003G410700	198.089763
SORBI_3003G410800	105.336785
SORBI_3003G410900	100.776459
SORBI_3003G411000	85.685993
SORBI_3003G411100	0
SORBI_3003G411150	0
SORBI_3003G411200	0.886297
SORBI_3003G411300	6.580657
SORBI_3003G411400	21.731876
SORBI_3003G411500	0
SORBI_3003G411600	11.614145
SORBI_3003G411700	0.261729
SORBI_3003G411800	0.625325
SORBI_3003G411900	427.54587
SORBI_3003G412000	14.484867
SORBI_3003G412100	22.231734
SORBI_3003G412200	0.306502
SORBI_3003G412300	29.35052
SORBI_3003G412400	40.813618
SORBI_3003G412600	2.004374
SORBI_3003G412500	0.054306
SORBI_3003G412700	69.433482
SORBI_3003G412800	3.565643
SORBI_3003G412900	10.88218
SORBI_3003G413000	0.435154
ENSRNA049445711	0
SORBI_3003G413100	4.437726
SORBI_3003G413201	0
SORBI_3003G413300	0
SORBI_3003G413400	0
ENSRNA049445659	0
SORBI_3003G413500	303.251086
SORBI_3003G413550	0
SORBI_3003G413600	0.666473
SORBI_3003G413700	0.478138
SORBI_3003G413800	19.020432
SORBI_3003G413900	0
SORBI_3003G414000	0
SORBI_3003G414100	0
SORBI_3003G414200	0
SORBI_3003G414300	60.804122
SORBI_3003G414400	0
SORBI_3003G414500	22.779707
SORBI_3003G414600	51.133199
SORBI_3003G414700	0
SORBI_3003G414800	0.646415
SORBI_3003G414900	0.229187
SORBI_3003G415000	0
SORBI_3003G415100	20.979899
SORBI_3003G415200	0
SORBI_3003G415300	0
SORBI_3003G415400	0
SORBI_3003G415500	1.486395
SORBI_3003G415600	4.079182
SORBI_3003G415700	0
SORBI_3003G415800	0
SORBI_3003G415900	43.42444
SORBI_3003G416000	0
SORBI_3003G416100	12.878896
SORBI_3003G416200	0
SORBI_3003G416300	189.178114
SORBI_3003G416400	27.675856
SORBI_3003G416500	630.442914
SORBI_3003G416600	106.768317
SORBI_3003G416700	21.011878
SORBI_3003G416800	365.586261
SORBI_3003G416900	3.297747
SORBI_3003G417000	9.868267
SORBI_3003G417100	0.80354
SORBI_3003G417200	0.585557
SORBI_3003G417350	34.512669
SORBI_3003G417500	1.014182
ENSRNA049484842	0
ENSRNA049484841	0
ENSRNA049484853	0
ENSRNA049484850	0
SORBI_3003G417600	0
SORBI_3003G417700	0
SORBI_3003G417800	2.227758
SORBI_3003G417900	15.589884
SORBI_3003G418000	0.66878
SORBI_3003G418100	56.940074
SORBI_3003G418200	55.282244
SORBI_3003G418300	0
SORBI_3003G418400	2.648964
SORBI_3003G418500	0.602175
SORBI_3003G418600	0
SORBI_3003G418700	15.315678
SORBI_3003G418733	0
SORBI_3003G418766	47.356952
SORBI_3003G418800	0
SORBI_3003G418900	0.079828
SORBI_3003G419100	59.921138
SORBI_3003G419000	0
SORBI_3003G419200	0
SORBI_3003G419300	0.307014
SORBI_3003G419400	0
SORBI_3003G419500	0.379889
SORBI_3003G419600	0
SORBI_3003G419700	0
SORBI_3003G419800	1.984157
SORBI_3003G419900	34.45498
SORBI_3003G420000	3.727781
SORBI_3003G420100	11.553864
SORBI_3003G420201	7.820968
SORBI_3003G420300	3.566622
SORBI_3003G420400	18.784861
SORBI_3003G420500	0
SORBI_3003G420600	1.599846
SORBI_3003G420700	9.282792
SORBI_3003G420800	1.863114
SORBI_3003G420900	33.35006
SORBI_3003G421000	2.806286
SORBI_3003G421100	16.412039
SORBI_3003G421201	71.794746
SORBI_3003G421300	20.278095
SORBI_3003G421400	33.31188
SORBI_3003G421500	0
SORBI_3003G421700	1.892417
SORBI_3003G421600	0
SORBI_3003G421800	5.375068
SORBI_3003G421900	0.1142
SORBI_3003G422000	0
SORBI_3003G422100	0
SORBI_3003G422200	4.401442
SORBI_3003G422300	31.510456
SORBI_3003G422400	1.768789
SORBI_3003G422500	24.984399
SORBI_3003G422600	0.937679
SORBI_3003G422700	16.875192
SORBI_3003G422800	24.253962
SORBI_3003G422900	30.41084
SORBI_3003G423000	0.205987
SORBI_3003G423100	4.536774
SORBI_3003G423200	6.805162
SORBI_3003G423300	0.358681
SORBI_3003G423400	0
SORBI_3003G423500	12.479098
SORBI_3003G423600	3.192044
SORBI_3003G423700	0.109028
SORBI_3003G423800	0.355866
SORBI_3003G423900	17.953855
SORBI_3003G424000	0.094241
SORBI_3003G424100	0.674257
SORBI_3003G424200	87.056898
SORBI_3003G424300	22.750007
SORBI_3003G424400	37.099253
SORBI_3003G424500	860.080334
SORBI_3003G424600	0.804057
SORBI_3003G424800	85.266955
SORBI_3003G424950	11.416078
SORBI_3003G425100	19.380165
SORBI_3003G425200	186.018878
SORBI_3003G425300	22.406043
SORBI_3003G425500	102.650892
SORBI_3003G425600	1.995723
SORBI_3003G425701	0
SORBI_3003G425800	0
SORBI_3003G425850	9.834224
SORBI_3003G425900	0.651354
SORBI_3003G426000	7.895253
SORBI_3003G426100	0.192038
SORBI_3003G426200	0
SORBI_3003G426300	17.955115
SORBI_3003G426400	22.73406
SORBI_3003G426500	24.16744
SORBI_3003G426600	0.13426
SORBI_3003G426700	0.372034
SORBI_3003G426750	0
SORBI_3003G426800	84.639671
SORBI_3003G426900	23.339242
SORBI_3003G427000	0.958388
SORBI_3003G427100	42.015781
SORBI_3003G427200	21.062252
SORBI_3003G427300	9.370188
SORBI_3003G427400	14.570756
SORBI_3003G427500	1.06062
SORBI_3003G427550	0
SORBI_3003G427600	83.298756
SORBI_3003G427700	0
SORBI_3003G427800	0.171752
SORBI_3003G427900	0
SORBI_3003G428000	7.764063
SORBI_3003G428100	23.523104
SORBI_3003G428200	77.487859
SORBI_3003G428300	11.271173
SORBI_3003G428400	44.787918
SORBI_3003G428500	0
SORBI_3003G428600	5.921448
SORBI_3003G428700	409.182295
SORBI_3003G428800	14.269281
SORBI_3003G428900	30.408496
SORBI_3003G429000	38.769643
SORBI_3003G429101	0
SORBI_3003G429200	28.110394
SORBI_3003G429300	9.374618
SORBI_3003G429401	0
SORBI_3003G429500	0
SORBI_3003G429600	0
SORBI_3003G429650	10.762209
SORBI_3003G429700	100.385401
SORBI_3003G429800	20.617502
SORBI_3003G429900	6.094051
SORBI_3003G430000	0
SORBI_3003G430100	0.175801
SORBI_3003G430400	25.395392
SORBI_3003G430500	1.141282
SORBI_3003G430600	2.268387
SORBI_3003G430700	0
SORBI_3003G430800	0
SORBI_3003G430900	21.376973
SORBI_3003G430950	0
SORBI_3003G431000	3.255104
SORBI_3003G431100	2.566402
SORBI_3003G431200	3.597943
SORBI_3003G431301	0
SORBI_3003G431400	3.368867
SORBI_3003G431600	10.002214
SORBI_3003G431700	124.64603
SORBI_3003G431800	0
SORBI_3003G431900	0.444633
SORBI_3003G432000	0
SORBI_3003G432100	27.038858
SORBI_3003G432200	4.275127
SORBI_3003G432300	34.316782
SORBI_3003G432400	0.606722
SORBI_3003G432500	33.705487
SORBI_3003G432600	1.155712
SORBI_3003G432700	25.211692
SORBI_3003G432800	4.88783
SORBI_3003G432900	8.995523
SORBI_3003G433000	0
SORBI_3003G433100	36.453669
SORBI_3003G433200	34.109818
SORBI_3003G433300	22.008254
SORBI_3003G433400	18.877542
SORBI_3003G433500	101.255779
SORBI_3003G433600	2.298173
SORBI_3003G433750	133.245339
SORBI_3003G433900	40.443539
SORBI_3003G434000	34.403137
ENSRNA049445707	0
SORBI_3003G434100	0
SORBI_3003G434200	11.604836
SORBI_3003G434300	0
SORBI_3003G434500	0
SORBI_3003G434600	2.19952
SORBI_3003G434700	26.997507
SORBI_3003G434800	4.877308
SORBI_3003G434900	70.460991
SORBI_3003G435000	4.282645
SORBI_3003G435100	22.032238
SORBI_3003G435200	50.732151
SORBI_3003G435300	1.785876
SORBI_3003G435400	0.207076
SORBI_3003G435500	53.96488
SORBI_3003G435600	2.214767
SORBI_3003G435700	5.049108
SORBI_3003G435800	18.494113
SORBI_3003G435900	0
SORBI_3003G436000	0
SORBI_3003G436200	2.727477
SORBI_3003G436100	0
SORBI_3003G436300	29.539241
SORBI_3003G436400	0
SORBI_3003G436500	315.298265
SORBI_3003G436600	22.601429
SORBI_3003G436700	126.446269
SORBI_3003G436750	0
SORBI_3003G436800	0.607492
SORBI_3003G436900	0.470584
SORBI_3003G437001	0
SORBI_3003G437100	0.326571
SORBI_3003G437200	5.433056
SORBI_3003G437300	0
SORBI_3003G437400	0
SORBI_3003G437500	37.169133
SORBI_3003G437600	24.909059
SORBI_3003G437800	134.847129
SORBI_3003G437900	0
SORBI_3003G438000	0
SORBI_3003G438100	0
SORBI_3003G438200	6.614005
SORBI_3003G438300	0
SORBI_3003G438400	4.759173
SORBI_3003G438500	0
SORBI_3003G438600	0.173897
SORBI_3003G438700	0
SORBI_3003G438800	0
SORBI_3003G438900	10.245243
SORBI_3003G439000	1.266778
SORBI_3003G439100	8.049972
SORBI_3003G439200	0.065665
SORBI_3003G439400	10.987133
SORBI_3003G439501	19.843776
SORBI_3003G439600	31.504527
SORBI_3003G439700	0.524008
SORBI_3003G439800	26.05526
SORBI_3003G439900	12.84572
SORBI_3003G440001	0
SORBI_3003G440100	0
SORBI_3003G440200	0
SORBI_3003G440300	56.059475
SORBI_3003G440400	48.939721
SORBI_3003G440500	0.287055
SORBI_3003G440600	17.715189
SORBI_3003G440700	56.764288
SORBI_3003G440800	14.779918
ENSRNA049445666	0
SORBI_3003G440900	20.925175
SORBI_3003G441000	0
SORBI_3003G441100	0
SORBI_3003G441200	12.234943
SORBI_3003G441301	0.360263
SORBI_3003G441400	0
ENSRNA049484839	0
SORBI_3003G441500	0
SORBI_3003G441601	0
SORBI_3003G441700	0.148615
SORBI_3003G441800	0.104624
SORBI_3003G441900	6.338778
SORBI_3003G442000	5.69037
SORBI_3003G442100	25.838884
ENSRNA049445675	0
SORBI_3003G442200	29.393525
SORBI_3003G442300	11.909572
SORBI_3003G442400	66.891174
SORBI_3003G442500	2.500709
SORBI_3003G442601	4.666152
SORBI_3003G442700	10.744587
SORBI_3003G442900	283.892878
SORBI_3003G442800	9.646175
SORBI_3003G443000	32.162644
SORBI_3003G443100	39.033329
SORBI_3003G443200	0
SORBI_3003G443300	337.580757
SORBI_3003G443400	5.271966
SORBI_3003G443500	14.019815
SORBI_3003G443601	0.0689
SORBI_3003G443700	0
SORBI_3003G443800	0
SORBI_3003G443900	0
ENSRNA049996507	0
SORBI_3003G444000	0
SORBI_3003G444100	0.431588
SORBI_3003G444200	6.355808
SORBI_3003G444300	9.496509
SORBI_3003G444400	0
SORBI_3003G444500	35.710427
SORBI_3003G444600	20.140555
SORBI_3003G444700	0.194541
SORBI_3003G444800	34.854671
SORBI_3003G444900	21.112523
SORBI_3003G445000	19.80778
SORBI_3003G445100	17.278581
SORBI_3003G445200	3.007175
SORBI_3003G445300	0.166548
SORBI_3003G445400	139.683849
SORBI_3003G445500	16.063136
SORBI_3003G445600	0
SORBI_3003G445700	10.88622
SORBI_3003G445750	0
SORBI_3003G445800	4.142772
SORBI_3003G445900	5.019117
SORBI_3003G446000	0.93673
SORBI_3003G446100	29.378706
SORBI_3004G000100	53.429739
SORBI_3004G000300	26.868953
SORBI_3004G000400	18.747246
SORBI_3004G000500	77.866194
SORBI_3004G000601	0.278618
SORBI_3004G000700	0.526924
SORBI_3004G000800	0
SORBI_3004G000900	0
SORBI_3004G001000	47.490012
SORBI_3004G001100	0
SORBI_3004G001200	0
SORBI_3004G001300	81.715016
SORBI_3004G001400	87.29092
SORBI_3004G001500	37.405074
SORBI_3004G001600	2.648933
SORBI_3004G001700	0
SORBI_3004G001800	0
SORBI_3004G001900	14.516626
SORBI_3004G002000	0.196976
SORBI_3004G002100	83.205577
SORBI_3004G002200	142.499211
SORBI_3004G002300	0.177239
SORBI_3004G002350	31.913568
SORBI_3004G002400	113.099344
SORBI_3004G002500	31.706849
SORBI_3004G002600	12.334405
SORBI_3004G002700	0
SORBI_3004G002800	0
SORBI_3004G002901	0.29172
SORBI_3004G003000	0
SORBI_3004G003100	2.828714
SORBI_3004G003300	0.055184
ENSRNA049996501	0
SORBI_3004G003401	112.105749
SORBI_3004G003501	14.480044
ENSRNA049996494	0
SORBI_3004G003600	0
SORBI_3004G003700	1.007487
SORBI_3004G003900	20.081192
SORBI_3004G004100	16.757804
SORBI_3004G004200	22.157593
SORBI_3004G004300	31.879898
SORBI_3004G004400	16.688236
SORBI_3004G004500	6.835836
SORBI_3004G004600	13.79983
SORBI_3004G004700	0
SORBI_3004G004800	3.766408
SORBI_3004G004900	11.067345
SORBI_3004G005000	0.833337
SORBI_3004G005100	2.752469
SORBI_3004G005200	23.295753
SORBI_3004G005300	0
SORBI_3004G005400	7.273653
SORBI_3004G005700	0.345203
SORBI_3004G005900	0.395825
SORBI_3004G006000	29.135849
SORBI_3004G006100	0.497957
SORBI_3004G006200	41.468333
SORBI_3004G006300	4598.737258
SORBI_3004G006400	0.666426
SORBI_3004G006500	36.060464
SORBI_3004G006600	13.914512
SORBI_3004G006700	74.651388
SORBI_3004G006800	4.572448
SORBI_3004G006900	52.984749
SORBI_3004G006966	0
SORBI_3004G007032	0
SORBI_3004G007100	76.513434
SORBI_3004G007133	6.647197
SORBI_3004G007166	20.289464
SORBI_3004G007200	0.091561
SORBI_3004G007300	248.253776
SORBI_3004G007400	0.148002
SORBI_3004G007500	0
SORBI_3004G007550	0
ENSRNA049481226	0
ENSRNA049481225	0
SORBI_3004G007600	50.960127
SORBI_3004G007700	19.274607
SORBI_3004G007800	0.51292
SORBI_3004G007850	0
SORBI_3004G007900	8.166484
SORBI_3004G008000	4.015243
SORBI_3004G008100	4.86311
SORBI_3004G008200	0.245216
SORBI_3004G008300	0
SORBI_3004G008400	211.860002
ENSRNA049481276	182.605173
ENSRNA049481349	0
SORBI_3004G008500	0
SORBI_3004G008600	0
SORBI_3004G008700	0
SORBI_3004G008800	0
SORBI_3004G008900	0
SORBI_3004G009000	0.334673
SORBI_3004G009100	8.119022
ENSRNA049481350	0
SORBI_3004G009200	0
SORBI_3004G009300	0
SORBI_3004G009400	1.585665
SORBI_3004G009500	2.466406
SORBI_3004G009600	114.448157
SORBI_3004G009700	0
SORBI_3004G009800	0.190227
SORBI_3004G009900	0
SORBI_3004G010000	0.360264
SORBI_3004G010050	0
SORBI_3004G010101	2.521787
SORBI_3004G010151	8.621716
SORBI_3004G010200	7.524147
SORBI_3004G010300	6.933237
SORBI_3004G010500	23.225488
SORBI_3004G010600	18.767232
SORBI_3004G010700	7.401697
SORBI_3004G010800	8.87538
ENSRNA049438204	0
SORBI_3004G010900	44.725516
ENSRNA049481294	0
ENSRNA049481278	0
ENSRNA049481298	0
ENSRNA049481281	0
ENSRNA049481344	0
ENSRNA049481332	0
ENSRNA049481261	0
ENSRNA049481338	0
SORBI_3004G011000	78.998636
SORBI_3004G011100	0
SORBI_3004G011201	0
SORBI_3004G011300	34.19177
SORBI_3004G011433	0.150649
SORBI_3004G011566	769.774791
SORBI_3004G011700	209.369134
SORBI_3004G011900	0.021629
SORBI_3004G011800	0
ENSRNA049438241	0
SORBI_3004G012000	48.579859
SORBI_3004G012100	117.883783
SORBI_3004G012200	0.394736
SORBI_3004G012250	0
SORBI_3004G012300	4.928714
SORBI_3004G012400	18.703948
ENSRNA049439668	0
SORBI_3004G012501	0.635551
ENSRNA049438269	0
SORBI_3004G012600	0
SORBI_3004G012700	9.306413
SORBI_3004G012800	68.926948
ENSRNA049438291	0
SORBI_3004G012900	31.953738
SORBI_3004G013000	9.983608
SORBI_3004G013100	26.500699
SORBI_3004G013200	0.132609
SORBI_3004G013300	19.294122
SORBI_3004G013400	0.548814
SORBI_3004G013500	0.331857
SORBI_3004G013600	9.341784
SORBI_3004G013700	0
SORBI_3004G013800	3.097605
SORBI_3004G013900	0.542096
SORBI_3004G014000	29.289099
SORBI_3004G014100	3.058163
SORBI_3004G014200	0
SORBI_3004G014300	0
SORBI_3004G014400	0
SORBI_3004G014500	0
SORBI_3004G014600	0.078798
SORBI_3004G014700	0
SORBI_3004G014800	0
SORBI_3004G014900	0
SORBI_3004G015000	0
SORBI_3004G015050	0
SORBI_3004G015100	0
SORBI_3004G015150	0
SORBI_3004G015200	0
SORBI_3004G015300	22.034725
SORBI_3004G015400	53.851025
SORBI_3004G015500	9.128126
SORBI_3004G015600	0.164803
SORBI_3004G015550	0.455549
SORBI_3004G015700	5.307864
SORBI_3004G015800	43.793629
SORBI_3004G015900	0.686812
SORBI_3004G016000	23.546288
SORBI_3004G016100	17.264921
SORBI_3004G016250	0
SORBI_3004G016200	0
SORBI_3004G016300	8.585757
SORBI_3004G016400	57.577905
SORBI_3004G016600	0.22682
SORBI_3004G016500	0.341093
SORBI_3004G016700	0.385363
SORBI_3004G016800	0.086744
SORBI_3004G016900	0.092747
SORBI_3004G017000	1.78209
ENSRNA049439657	0
SORBI_3004G017100	1.377899
ENSRNA049438320	0
SORBI_3004G017200	0.506163
SORBI_3004G017300	12.105644
SORBI_3004G017400	3.250305
SORBI_3004G017500	0
SORBI_3004G017600	0
SORBI_3004G017700	0
SORBI_3004G017800	37.504551
ENSRNA049438341	0
SORBI_3004G017900	89.095606
SORBI_3004G017950	10.847832
SORBI_3004G018000	22.110217
SORBI_3004G018100	34.123684
SORBI_3004G018150	0
SORBI_3004G018200	215.038271
SORBI_3004G018300	28.950873
SORBI_3004G018400	626.852723
SORBI_3004G018500	13.612441
SORBI_3004G018700	6.488582
SORBI_3004G018800	6.438999
SORBI_3004G018900	0
SORBI_3004G019000	0
SORBI_3004G019100	0
SORBI_3004G019200	30.03131
SORBI_3004G019250	0
SORBI_3004G019300	0
SORBI_3004G019400	0
SORBI_3004G019500	3.111271
SORBI_3004G019550	0
SORBI_3004G019600	100.310148
SORBI_3004G019700	1.693881
SORBI_3004G019800	20.613349
SORBI_3004G019900	0
SORBI_3004G020000	171.546345
SORBI_3004G020100	19.112516
SORBI_3004G020150	0
SORBI_3004G020200	0
SORBI_3004G020300	8.322344
SORBI_3004G020401	2.718414
SORBI_3004G020500	0
SORBI_3004G020600	0
SORBI_3004G020700	41.742585
ENSRNA049996488	0
SORBI_3004G020800	5.688582
SORBI_3004G020900	9.646716
SORBI_3004G021000	23.745583
SORBI_3004G021100	79.775859
SORBI_3004G021200	27.92289
SORBI_3004G021300	237.808199
SORBI_3004G021400	0
SORBI_3004G021500	2.326681
SORBI_3004G021600	0
SORBI_3004G021700	34.403873
SORBI_3004G021800	0
SORBI_3004G021900	0.568631
SORBI_3004G022000	0
SORBI_3004G022100	0
SORBI_3004G022200	0
SORBI_3004G022300	5.572259
SORBI_3004G022366	0.101975
SORBI_3004G022432	0.782459
SORBI_3004G022500	0
SORBI_3004G022600	0
SORBI_3004G022700	0
SORBI_3004G022800	0
SORBI_3004G022850	0.050311
SORBI_3004G022900	0
SORBI_3004G022950	0
SORBI_3004G023000	11.090454
SORBI_3004G023100	16.141451
SORBI_3004G023200	134.150424
SORBI_3004G023300	0.984858
SORBI_3004G023400	14.823352
SORBI_3004G023700	6.478176
SORBI_3004G023500	0
SORBI_3004G023600	0
SORBI_3004G023733	0
SORBI_3004G023766	0
SORBI_3004G023800	0
SORBI_3004G023900	181.305571
SORBI_3004G024000	0
SORBI_3004G024100	9.051446
SORBI_3004G024200	33.16783
SORBI_3004G024300	7.467051
SORBI_3004G024350	0
SORBI_3004G024400	0.573044
SORBI_3004G024500	1.39287
SORBI_3004G024600	80.614892
SORBI_3004G024700	31.305495
SORBI_3004G024800	0.095473
SORBI_3004G025000	1422.225109
SORBI_3004G025100	3.904461
SORBI_3004G025200	7.982651
SORBI_3004G025300	31.40345
SORBI_3004G025400	4.425184
SORBI_3004G025500	0
SORBI_3004G025600	0
SORBI_3004G025700	8.548309
SORBI_3004G025800	39.500309
SORBI_3004G025900	0.117775
SORBI_3004G026000	4.349822
SORBI_3004G026100	62.45812
SORBI_3004G026200	17.122112
SORBI_3004G026300	2.262102
SORBI_3004G026400	9.635876
SORBI_3004G026500	28.888119
SORBI_3004G026600	0.53529
SORBI_3004G026700	10.467899
ENSRNA049481273	0
ENSRNA049481255	0
ENSRNA049481352	0
SORBI_3004G026900	0
SORBI_3004G027000	21.229316
SORBI_3004G027100	64.092125
SORBI_3004G027150	0.17652
SORBI_3004G027200	11.274605
SORBI_3004G027300	16.285526
SORBI_3004G027400	33.934705
SORBI_3004G027500	42.108997
SORBI_3004G027600	2.705261
SORBI_3004G027700	2.56155
SORBI_3004G027800	13.218762
SORBI_3004G027900	5.366973
ENSRNA049996484	0
SORBI_3004G028000	8.309825
SORBI_3004G028100	15.236529
SORBI_3004G028200	3.254338
SORBI_3004G028300	16.640307
SORBI_3004G028400	86.657583
SORBI_3004G028500	66.578416
SORBI_3004G028600	30.626113
SORBI_3004G028700	0
SORBI_3004G028800	9.396869
SORBI_3004G028900	0.565847
SORBI_3004G028966	0
SORBI_3004G029032	0
SORBI_3004G029100	0.096297
SORBI_3004G029200	0
SORBI_3004G029300	0
SORBI_3004G029400	0
SORBI_3004G029450	0
SORBI_3004G029500	0
SORBI_3004G029550	0
SORBI_3004G029601	0
SORBI_3004G029651	0
SORBI_3004G029700	0
SORBI_3004G029800	6.016413
SORBI_3004G029900	0
SORBI_3004G030000	496.689084
SORBI_3004G030100	18.759101
SORBI_3004G030200	425.726746
SORBI_3004G030300	0
SORBI_3004G030400	1.8416
SORBI_3004G030501	3.855487
SORBI_3004G030600	4.724262
SORBI_3004G030700	14.727924
SORBI_3004G030750	0
SORBI_3004G030800	25.551896
SORBI_3004G030850	0
SORBI_3004G030900	10.659652
SORBI_3004G031001	0.18182
SORBI_3004G031100	37.42839
SORBI_3004G031200	76.943982
SORBI_3004G031300	20.324964
SORBI_3004G031400	0.682619
SORBI_3004G031501	0.311962
SORBI_3004G031600	389.734011
SORBI_3004G031700	17.684224
SORBI_3004G031800	86.612834
SORBI_3004G031900	0
SORBI_3004G032000	110.569552
SORBI_3004G032100	23.442598
SORBI_3004G032200	2.79639
ENSRNA049481245	146.084138
ENSRNA049481249	73.042069
ENSRNA049481252	0
ENSRNA049481241	70.232759
ENSRNA049481233	9.864065
ENSRNA049481324	91.302587
ENSRNA049481265	0
ENSRNA049481258	5.37074
SORBI_3004G032300	1.673738
SORBI_3004G032400	5.128445
SORBI_3004G032500	6.464583
SORBI_3004G032600	0
SORBI_3004G032800	8.37525
SORBI_3004G032900	0
SORBI_3004G033000	73.978959
SORBI_3004G033100	48.885497
SORBI_3004G033200	72.141168
SORBI_3004G033300	71.380905
SORBI_3004G033400	0
SORBI_3004G033500	7.867378
SORBI_3004G033600	54.698245
SORBI_3004G033650	0
SORBI_3004G033700	106.923355
SORBI_3004G033800	1.560635
SORBI_3004G033900	0.381164
SORBI_3004G034000	4.727787
SORBI_3004G034100	0.295254
SORBI_3004G034200	0
SORBI_3004G034300	22.734284
SORBI_3004G034400	16.208329
SORBI_3004G034500	20.080761
SORBI_3004G034600	44.200687
SORBI_3004G034700	30.811173
SORBI_3004G034800	10.45175
SORBI_3004G034900	52.336803
SORBI_3004G035000	6.476172
SORBI_3004G035100	10.980152
SORBI_3004G035200	31.376698
SORBI_3004G035300	1.572828
SORBI_3004G035400	2.517036
SORBI_3004G035500	0
SORBI_3004G035601	0
SORBI_3004G035750	0.103393
SORBI_3004G035700	0
SORBI_3004G035800	0.258698
SORBI_3004G035900	11.310981
ENSRNA049481231	0
SORBI_3004G036100	1.307035
SORBI_3004G036200	733.98726
ENSRNA049481235	0
SORBI_3004G036300	16.997651
SORBI_3004G036400	0
SORBI_3004G036500	1.771091
SORBI_3004G036600	226.687424
SORBI_3004G036700	40.321021
SORBI_3004G036800	5.877462
SORBI_3004G036900	37.184277
SORBI_3004G037000	1.230605
SORBI_3004G037100	0.597515
SORBI_3004G037200	47.913109
SORBI_3004G037300	0.592637
SORBI_3004G037401	0
SORBI_3004G037500	0
SORBI_3004G037600	6.151694
SORBI_3004G037700	51.025258
SORBI_3004G037800	14.062224
SORBI_3004G037900	24.05796
SORBI_3004G038000	10.729964
SORBI_3004G038100	39.659786
SORBI_3004G038200	1.583555
SORBI_3004G038300	0
SORBI_3004G038400	3.576148
SORBI_3004G038500	3.132055
SORBI_3004G038600	0
SORBI_3004G038700	0
SORBI_3004G038800	10.436419
SORBI_3004G038850	0
SORBI_3004G038900	0.254534
SORBI_3004G039000	0
SORBI_3004G039100	9.905626
SORBI_3004G039200	30.329438
SORBI_3004G039300	44.109303
SORBI_3004G039400	107.328135
SORBI_3004G039500	1.653157
SORBI_3004G039600	163.724044
SORBI_3004G039700	14.98689
SORBI_3004G039800	0
SORBI_3004G039900	68.821781
SORBI_3004G040000	53.689816
SORBI_3004G040050	0.455453
SORBI_3004G040100	3.758962
SORBI_3004G040200	48.798864
SORBI_3004G040300	8.782922
SORBI_3004G040350	50.237419
SORBI_3004G040400	0
SORBI_3004G040500	34.085701
SORBI_3004G040600	28.994286
SORBI_3004G040700	11.0462
SORBI_3004G040800	0.779125
SORBI_3004G040900	183.695
SORBI_3004G041000	4.204842
SORBI_3004G041100	1.687795
SORBI_3004G041200	4.486296
SORBI_3004G041300	0
SORBI_3004G041500	177.899539
SORBI_3004G041600	0.987393
SORBI_3004G041700	0
SORBI_3004G041800	0
SORBI_3004G041900	1.54494
SORBI_3004G042000	33.87263
SORBI_3004G042100	7.98873
SORBI_3004G042200	54.550532
SORBI_3004G042300	8.712869
SORBI_3004G042400	0.070634
SORBI_3004G042501	0.357922
SORBI_3004G042600	2.532104
SORBI_3004G042700	3.497951
SORBI_3004G042800	0.242147
SORBI_3004G042900	52.982566
SORBI_3004G043001	1.315245
SORBI_3004G043101	0
SORBI_3004G043200	0.930482
SORBI_3004G043301	0
SORBI_3004G043400	0.322795
SORBI_3004G043500	0.115485
SORBI_3004G043600	6.707091
SORBI_3004G043750	18.341193
SORBI_3004G043900	0
SORBI_3004G044000	7.400932
SORBI_3004G044100	1.263272
SORBI_3004G044200	15.934336
SORBI_3004G044250	0.230066
SORBI_3004G044300	0.279525
SORBI_3004G044401	0.034635
SORBI_3004G044500	0
SORBI_3004G044700	3.42165
SORBI_3004G044800	19.242923
SORBI_3004G044900	0
SORBI_3004G045000	13.347102
SORBI_3004G045100	0
SORBI_3004G045200	0.683632
SORBI_3004G045300	52.572477
SORBI_3004G045400	386.995227
SORBI_3004G045500	0
SORBI_3004G045566	4.071535
SORBI_3004G045632	1.206023
SORBI_3004G045700	0.070029
SORBI_3004G045800	0.285704
SORBI_3004G045900	0
SORBI_3004G046001	4.030074
SORBI_3004G046100	0
SORBI_3004G046200	7.689887
SORBI_3004G046300	0
SORBI_3004G046400	2.35382
SORBI_3004G046500	17.299585
SORBI_3004G046600	0
SORBI_3004G046700	0
SORBI_3004G046800	0
SORBI_3004G046850	0.245229
SORBI_3004G046900	0
ENSRNA049481354	0
SORBI_3004G047001	0.449664
SORBI_3004G047100	0.264842
SORBI_3004G047200	153.464897
SORBI_3004G047300	1.326021
SORBI_3004G047400	17.426461
SORBI_3004G047500	30.96326
SORBI_3004G047600	0.218381
SORBI_3004G047700	60.510068
SORBI_3004G047800	3.01862
SORBI_3004G047900	0.505519
SORBI_3004G048000	153.816525
SORBI_3004G048100	2.341092
SORBI_3004G048201	0
SORBI_3004G048300	0
SORBI_3004G048400	0
SORBI_3004G048500	0
SORBI_3004G048600	0
SORBI_3004G048700	12.753822
ENSRNA049481221	0
SORBI_3004G048800	65.823377
SORBI_3004G048900	0
SORBI_3004G049000	0
SORBI_3004G049100	32.316533
SORBI_3004G049200	3.651184
SORBI_3004G049300	0
SORBI_3004G049400	6.777297
ENSRNA049481330	0
ENSRNA049996478	0
SORBI_3004G049500	14.091622
SORBI_3004G049600	0
SORBI_3004G049700	72.433044
SORBI_3004G049800	0.767364
SORBI_3004G049900	320.824047
SORBI_3004G050000	586.225805
SORBI_3004G050100	418.83221
SORBI_3004G050200	1.75328
SORBI_3004G050300	17.713828
SORBI_3004G050400	0.611867
SORBI_3004G050600	0
SORBI_3004G050700	0
SORBI_3004G050800	0
SORBI_3004G050900	0
SORBI_3004G051000	0
SORBI_3004G051100	2.512584
SORBI_3004G051133	0.206115
SORBI_3004G051166	12.286819
SORBI_3004G051200	32.66874
SORBI_3004G051300	84.327193
SORBI_3004G051401	1.979598
SORBI_3004G051500	0
SORBI_3004G051600	1.589279
SORBI_3004G051700	58.860327
SORBI_3004G051900	55.142282
SORBI_3004G051800	3.457324
SORBI_3004G052000	262.711752
SORBI_3004G052100	1.53065
ENSRNA049996471	0
SORBI_3004G052200	0.318379
SORBI_3004G052300	0
SORBI_3004G052401	0.124002
SORBI_3004G052500	0
SORBI_3004G052600	0
SORBI_3004G052700	0
SORBI_3004G052800	0.223901
SORBI_3004G052900	13.967569
SORBI_3004G053000	64.57718
SORBI_3004G053100	2.297932
SORBI_3004G053200	1.659587
SORBI_3004G053300	55.778382
ENSRNA049438449	0
SORBI_3004G053400	0.236697
SORBI_3004G053500	62.128145
SORBI_3004G053600	2.086535
SORBI_3004G053700	20.851009
SORBI_3004G053800	55.037252
SORBI_3004G053900	0.19998
SORBI_3004G054000	26.816354
SORBI_3004G054100	9.053415
SORBI_3004G054200	0.987558
SORBI_3004G054300	33.119637
SORBI_3004G054400	12.394463
SORBI_3004G054500	47.322179
SORBI_3004G054600	1.532629
SORBI_3004G054700	16.818152
SORBI_3004G054900	0
SORBI_3004G055000	1.99607
SORBI_3004G055100	91.390942
SORBI_3004G055200	373.783725
SORBI_3004G055300	7.668405
ENSRNA049481266	6.533615
SORBI_3004G055400	0
SORBI_3004G055500	15.761108
SORBI_3004G055600	6.511019
SORBI_3004G055700	105.234372
SORBI_3004G055800	37.965285
SORBI_3004G055901	0
SORBI_3004G056000	0
SORBI_3004G056100	0.408349
SORBI_3004G056300	3.348651
SORBI_3004G056201	0
SORBI_3004G056350	0
SORBI_3004G056400	269.128689
SORBI_3004G056500	0
SORBI_3004G056600	0.225594
SORBI_3004G056700	0
SORBI_3004G056800	0
SORBI_3004G056900	72.622914
SORBI_3004G057000	0
SORBI_3004G057100	38.873781
SORBI_3004G057200	41.217945
SORBI_3004G057300	0
SORBI_3004G057400	29.676503
SORBI_3004G057500	2.484331
SORBI_3004G057700	0.128361
SORBI_3004G057800	10.078113
SORBI_3004G057900	13.448768
SORBI_3004G058000	4.718926
SORBI_3004G058050	0.770939
SORBI_3004G058100	0
SORBI_3004G058200	85.800257
SORBI_3004G058300	0
SORBI_3004G058400	27.295315
SORBI_3004G058500	286.302396
SORBI_3004G058600	118.902386
SORBI_3004G058700	4.831977
SORBI_3004G058800	0
SORBI_3004G058900	55.056885
SORBI_3004G059000	16.819369
SORBI_3004G059100	15.633312
SORBI_3004G059200	0.361545
SORBI_3004G059300	5.423722
SORBI_3004G059400	53.18686
SORBI_3004G059600	16.479903
SORBI_3004G059800	0.307018
SORBI_3004G059900	132.831041
SORBI_3004G060000	0.101497
SORBI_3004G060100	257.385607
SORBI_3004G060300	29.216512
SORBI_3004G060400	0.086781
SORBI_3004G060500	62.193897
SORBI_3004G060600	26.681907
SORBI_3004G060700	0
SORBI_3004G060766	0
SORBI_3004G060832	29.273413
SORBI_3004G060900	13.855131
SORBI_3004G061100	0.145283
SORBI_3004G061200	17.476892
SORBI_3004G061300	0
SORBI_3004G061400	9.645798
SORBI_3004G061500	0
SORBI_3004G061600	0
SORBI_3004G061701	28.791733
SORBI_3004G061800	59.824412
SORBI_3004G061900	29.304603
SORBI_3004G062000	0.735901
SORBI_3004G062100	0
SORBI_3004G062200	0.817938
SORBI_3004G062300	0
SORBI_3004G062400	134.655985
SORBI_3004G062500	279.852698
SORBI_3004G062600	0.314344
SORBI_3004G062800	2.631129
SORBI_3004G062900	1.615236
SORBI_3004G063000	0.257011
SORBI_3004G063100	64.585279
SORBI_3004G063200	14.435754
SORBI_3004G063300	5.232824
SORBI_3004G063400	2.568447
SORBI_3004G063500	26.782592
SORBI_3004G063600	0.766547
SORBI_3004G063750	0
SORBI_3004G063900	0
SORBI_3004G064000	0
ENSRNA049439648	0
SORBI_3004G064100	3.424943
SORBI_3004G064200	0.098938
SORBI_3004G064300	43.721487
SORBI_3004G064400	83.222074
SORBI_3004G064500	27.524728
SORBI_3004G064600	18.585571
SORBI_3004G064700	0.190755
SORBI_3004G064800	1.807411
SORBI_3004G064900	10.251366
SORBI_3004G065000	8.130807
SORBI_3004G065100	53.099078
SORBI_3004G065200	101.586088
SORBI_3004G065300	47.524269
SORBI_3004G065400	0.302054
SORBI_3004G065500	127.418426
SORBI_3004G065600	30.243246
SORBI_3004G065650	1.569021
SORBI_3004G065700	0
ENSRNA049996464	0
SORBI_3004G065800	0
SORBI_3004G065850	0
SORBI_3004G065900	1870.14876
SORBI_3004G065950	0
ENSRNA049439629	0
SORBI_3004G066000	13.898054
SORBI_3004G066100	26.479494
SORBI_3004G066200	51.275857
SORBI_3004G066300	7.48287
ENSRNA049481238	0
SORBI_3004G066401	0
SORBI_3004G066500	13.801323
SORBI_3004G066600	103.49344
SORBI_3004G066700	0
SORBI_3004G066800	33.790199
SORBI_3004G066900	12.371992
SORBI_3004G067000	51.025326
SORBI_3004G067050	0.680775
SORBI_3004G067100	142.827976
SORBI_3004G067200	30.806374
SORBI_3004G067300	0.405429
SORBI_3004G067400	6.165396
SORBI_3004G067500	4.626667
SORBI_3004G067600	0.567054
SORBI_3004G067700	25.468578
SORBI_3004G067800	0.3416
SORBI_3004G067850	0
SORBI_3004G067900	0.71953
SORBI_3004G068000	0
SORBI_3004G068100	35.940056
SORBI_3004G068200	73.319866
SORBI_3004G068300	85.419822
SORBI_3004G068350	0
SORBI_3004G068400	72.550413
SORBI_3004G068500	105.468432
SORBI_3004G068600	0.597058
SORBI_3004G068700	2.75304
SORBI_3004G068750	0
SORBI_3004G068800	16.931344
SORBI_3004G068900	0.853267
SORBI_3004G069000	12.059473
SORBI_3004G069100	2.064602
SORBI_3004G069200	12.246425
SORBI_3004G069400	0.465942
SORBI_3004G069300	0
SORBI_3004G069500	54.888104
SORBI_3004G069600	0.999822
SORBI_3004G069700	4.781787
SORBI_3004G069850	73.457198
SORBI_3004G070000	9.740757
SORBI_3004G070100	3.923525
SORBI_3004G070150	0
SORBI_3004G070200	22.612012
SORBI_3004G070300	0
SORBI_3004G070400	0
SORBI_3004G070500	18.962891
SORBI_3004G070600	0
SORBI_3004G070700	62.289442
SORBI_3004G070800	47.140279
SORBI_3004G070900	8.995591
SORBI_3004G071000	44.17223
SORBI_3004G071100	0.569412
SORBI_3004G071050	0
SORBI_3004G071200	4.107815
SORBI_3004G071300	0
SORBI_3004G071401	0.088387
SORBI_3004G071500	14.255419
SORBI_3004G071600	0.751095
SORBI_3004G071650	0
SORBI_3004G071700	0.135085
SORBI_3004G071750	0
SORBI_3004G071800	0
SORBI_3004G071850	0
ENSRNA049996456	0
SORBI_3004G071900	0
SORBI_3004G072000	17.334142
SORBI_3004G072100	29.463578
SORBI_3004G072200	3.681595
SORBI_3004G072201	0
SORBI_3004G072300	0
SORBI_3004G072400	0
SORBI_3004G072800	2.668918
SORBI_3004G072600	0
SORBI_3004G072900	0
SORBI_3004G072950	0
SORBI_3004G073000	2.145945
SORBI_3004G073100	5.599312
SORBI_3004G073166	0
SORBI_3004G073232	0.62813
SORBI_3004G073300	0.093263
SORBI_3004G073400	0
SORBI_3004G073500	8.931189
SORBI_3004G073700	0.601033
SORBI_3004G073600	0.052236
SORBI_3004G073800	0.678364
SORBI_3004G074000	1.440224
SORBI_3004G074100	0
SORBI_3004G074200	21.997886
SORBI_3004G074300	4.672646
SORBI_3004G074400	1.967845
SORBI_3004G074500	3.103959
SORBI_3004G074600	2.121488
SORBI_3004G074700	0
SORBI_3004G074900	160.566492
SORBI_3004G075000	7.016911
SORBI_3004G075100	4.244091
SORBI_3004G075200	38.190326
SORBI_3004G075250	0
SORBI_3004G075301	0
SORBI_3004G075351	1.057827
SORBI_3004G075400	4.535861
SORBI_3004G075550	0
SORBI_3004G075700	11.936064
SORBI_3004G075800	20.153471
SORBI_3004G075900	1.704905
SORBI_3004G076000	0.820255
SORBI_3004G076100	7.143965
SORBI_3004G076300	0.70854
SORBI_3004G076400	0
SORBI_3004G076600	0
SORBI_3004G076666	0.075868
SORBI_3004G076732	0
SORBI_3004G076800	0
SORBI_3004G076850	4.054864
SORBI_3004G076900	0
SORBI_3004G077000	16.493832
SORBI_3004G077100	0
SORBI_3004G077200	0
SORBI_3004G077300	5.863513
SORBI_3004G077400	2.372912
SORBI_3004G077500	51.069069
SORBI_3004G077600	25.504377
SORBI_3004G077700	0
SORBI_3004G077800	38.919139
SORBI_3004G077900	13.17254
SORBI_3004G078000	66.517778
SORBI_3004G078100	15.238748
SORBI_3004G078200	0
SORBI_3004G078300	7.157259
SORBI_3004G078400	1.184877
SORBI_3004G078500	7.075291
SORBI_3004G078600	0
SORBI_3004G078700	56.970785
SORBI_3004G078750	0
SORBI_3004G078800	4.908056
SORBI_3004G078900	3.663428
SORBI_3004G079000	24.324557
SORBI_3004G079100	196.978453
SORBI_3004G079200	30.03932
SORBI_3004G079400	0.280387
SORBI_3004G079500	19.301865
SORBI_3004G079600	0
SORBI_3004G079700	34.200371
SORBI_3004G079800	36.015781
SORBI_3004G079900	5.169282
SORBI_3004G080000	0
SORBI_3004G080100	53.803909
SORBI_3004G080200	7.725507
SORBI_3004G080300	0
SORBI_3004G080350	0
SORBI_3004G080400	3.542786
SORBI_3004G080500	10.343346
SORBI_3004G080600	0.17099
SORBI_3004G080700	0
SORBI_3004G080800	0.53396
SORBI_3004G080901	0
SORBI_3004G081000	0
SORBI_3004G081100	20.783652
ENSRNA049481316	0
ENSRNA049481313	0
SORBI_3004G081201	1.196842
SORBI_3004G081300	0
SORBI_3004G081400	0.069491
SORBI_3004G081501	0.536419
SORBI_3004G081601	0.213605
SORBI_3004G081701	0
SORBI_3004G081800	38.464359
SORBI_3004G081900	0.671552
SORBI_3004G082000	0
SORBI_3004G082050	8.184127
SORBI_3004G082101	29.466
SORBI_3004G082151	0
SORBI_3004G082200	0
ENSRNA049438473	0
SORBI_3004G082300	7.400137
SORBI_3004G082400	2.915193
SORBI_3004G082500	14.608944
SORBI_3004G082600	2.066053
SORBI_3004G082700	14.526556
SORBI_3004G082800	0.057208
SORBI_3004G082900	95.082344
SORBI_3004G083000	66.718769
SORBI_3004G083100	1.487733
SORBI_3004G083200	49.287484
SORBI_3004G083250	0
SORBI_3004G083300	227.180024
SORBI_3004G083401	0
SORBI_3004G083500	0
SORBI_3004G083600	13.842715
SORBI_3004G083700	54.63915
ENSRNA049439594	0
SORBI_3004G083900	0.771379
SORBI_3004G084100	507.726849
SORBI_3004G084200	3.907128
SORBI_3004G084300	25.01522
SORBI_3004G084400	41.876326
SORBI_3004G084500	25.738331
SORBI_3004G084600	0
SORBI_3004G084700	7.053209
SORBI_3004G084800	0
SORBI_3004G084900	6.382224
SORBI_3004G085000	46.573106
ENSRNA049996449	1.298933
SORBI_3004G085100	0
SORBI_3004G085200	168.185997
SORBI_3004G085300	25.150496
SORBI_3004G085400	0
SORBI_3004G085500	0.211173
SORBI_3004G085600	59.078824
SORBI_3004G085700	0.173766
SORBI_3004G085800	0
SORBI_3004G085900	14.490094
SORBI_3004G086000	3.811365
SORBI_3004G086100	3.143455
SORBI_3004G086150	10.843081
SORBI_3004G086200	74.458078
SORBI_3004G086300	4.988675
SORBI_3004G086400	1.573953
SORBI_3004G086500	0
SORBI_3004G086600	228.057115
SORBI_3004G086700	37.192573
SORBI_3004G086800	121.534435
SORBI_3004G086900	0
SORBI_3004G087000	0.206861
SORBI_3004G087050	0
SORBI_3004G087100	2.402936
SORBI_3004G087200	5.61126
SORBI_3004G087300	0.799932
SORBI_3004G087366	1.343382
SORBI_3004G087432	0
SORBI_3004G087500	160.297899
SORBI_3004G087600	144.827439
SORBI_3004G087700	16.99524
SORBI_3004G087750	0
SORBI_3004G087800	9.390741
SORBI_3004G087900	0
SORBI_3004G088000	1.310838
SORBI_3004G088100	52.639465
SORBI_3004G088200	13.507499
SORBI_3004G088300	0
SORBI_3004G088400	118.202368
SORBI_3004G088450	80.82881
SORBI_3004G088501	113.19504
SORBI_3004G088551	29.586894
SORBI_3004G088600	0
SORBI_3004G088700	5.739777
SORBI_3004G088800	0
ENSRNA049439570	0
SORBI_3004G088900	0.184449
SORBI_3004G089000	7.972896
SORBI_3004G089100	0
SORBI_3004G089200	10.442195
SORBI_3004G089300	0
SORBI_3004G089400	0.070472
SORBI_3004G089450	7.189862
SORBI_3004G089500	2.694438
SORBI_3004G089600	0
SORBI_3004G089700	0
SORBI_3004G089901	1.431229
SORBI_3004G089801	0
SORBI_3004G090000	0
SORBI_3004G090100	0
SORBI_3004G090200	0
SORBI_3004G090300	0
SORBI_3004G090400	0
SORBI_3004G090500	0
SORBI_3004G090600	0.058488
SORBI_3004G090700	0
SORBI_3004G090900	2.743226
SORBI_3004G091000	0
SORBI_3004G091100	50.806215
SORBI_3004G091200	21.993831
SORBI_3004G091300	0.040982
SORBI_3004G091401	0
SORBI_3004G091500	0.138232
SORBI_3004G091600	0
SORBI_3004G091700	0.950749
SORBI_3004G091800	0
SORBI_3004G091900	0
SORBI_3004G092000	1391.61586
SORBI_3004G092100	9.491098
SORBI_3004G092200	0.694604
SORBI_3004G092300	3.879282
SORBI_3004G092350	1.039409
SORBI_3004G092400	24.048265
SORBI_3004G092500	122.09984
SORBI_3004G092600	15.369226
SORBI_3004G092700	0.193274
SORBI_3004G092800	5.364333
SORBI_3004G092900	82.636664
SORBI_3004G092950	0
SORBI_3004G093000	0.142033
SORBI_3004G093100	0.193227
SORBI_3004G093200	0.114665
SORBI_3004G093300	0
SORBI_3004G093400	0.357118
SORBI_3004G093500	8.896048
SORBI_3004G093600	105.651304
SORBI_3004G093700	60.716093
SORBI_3004G093800	13.005616
SORBI_3004G093900	0
SORBI_3004G094000	0
SORBI_3004G094100	0
SORBI_3004G094150	0
SORBI_3004G094200	186.668882
SORBI_3004G094300	87.170287
SORBI_3004G094400	0.173222
SORBI_3004G094500	21.785946
SORBI_3004G094600	0.083921
SORBI_3004G094700	108.108096
SORBI_3004G094900	0
SORBI_3004G095000	0
SORBI_3004G095100	0
SORBI_3004G095200	0.079634
SORBI_3004G095300	82.140073
SORBI_3004G095400	8.752691
SORBI_3004G095500	24.267457
SORBI_3004G095600	6.03226
SORBI_3004G095700	8.726798
SORBI_3004G095800	0
SORBI_3004G096000	0
SORBI_3004G096100	12.858561
SORBI_3004G096200	0
SORBI_3004G096300	27.392964
SORBI_3004G096400	50.238854
ENSRNA049996441	0
SORBI_3004G096500	100.197492
SORBI_3004G096600	38.344381
SORBI_3004G096700	77.758556
SORBI_3004G096801	96.481233
SORBI_3004G096900	1.882096
SORBI_3004G097000	0.761007
SORBI_3004G097100	19.741198
SORBI_3004G097200	36.936842
SORBI_3004G097300	0.158649
SORBI_3004G097400	83.885764
SORBI_3004G097500	8.159261
SORBI_3004G097700	0
SORBI_3004G097800	0
SORBI_3004G097900	1.997227
SORBI_3004G098000	11.812483
SORBI_3004G098100	0.926601
SORBI_3004G098200	0.398529
SORBI_3004G098300	0.060887
SORBI_3004G098400	0
SORBI_3004G098500	0
SORBI_3004G098650	0
SORBI_3004G098800	7.057616
SORBI_3004G099000	0
SORBI_3004G099050	0
SORBI_3004G099100	0
SORBI_3004G099150	0
SORBI_3004G099200	0
SORBI_3004G099300	241.125862
SORBI_3004G099400	0.124216
SORBI_3004G099500	406.037091
SORBI_3004G099600	0.10679
SORBI_3004G099650	0
SORBI_3004G099700	3.733542
SORBI_3004G099750	0
SORBI_3004G099800	41.190549
SORBI_3004G099900	292.149487
SORBI_3004G100000	0
SORBI_3004G100100	3.445381
SORBI_3004G100200	35.246548
SORBI_3004G100300	0
SORBI_3004G100400	0
SORBI_3004G100500	0
SORBI_3004G100600	0
SORBI_3004G100700	5.017924
SORBI_3004G100900	0
SORBI_3004G101000	0
SORBI_3004G101100	0
ENSRNA049996432	0
SORBI_3004G101200	0
SORBI_3004G101250	0
SORBI_3004G101300	2.540219
SORBI_3004G101400	0.775976
SORBI_3004G101500	16.986014
SORBI_3004G101601	35.665026
SORBI_3004G101700	0
SORBI_3004G101800	0
SORBI_3004G101900	137.865688
SORBI_3004G102000	87.582029
SORBI_3004G102100	6.451517
SORBI_3004G102200	0.123961
SORBI_3004G102301	0
SORBI_3004G102400	15.734662
SORBI_3004G102500	0
SORBI_3004G102600	0
SORBI_3004G102700	0
SORBI_3004G102750	0
SORBI_3004G102800	4.905311
SORBI_3004G102900	33.550558
SORBI_3004G102950	0
SORBI_3004G103000	76.583871
SORBI_3004G103100	0
SORBI_3004G103200	0.07952
SORBI_3004G103300	26.695385
ENSRNA049438522	0
SORBI_3004G103400	0.582273
SORBI_3004G103450	0
SORBI_3004G103500	5.313396
SORBI_3004G103600	14.722728
SORBI_3004G103700	61.767672
ENSRNA049996426	0
ENSRNA049996419	0
ENSRNA049996410	0
SORBI_3004G103800	130.775276
SORBI_3004G103901	0
SORBI_3004G104000	0
ENSRNA049481335	0
SORBI_3004G104100	67.658346
SORBI_3004G104200	0
SORBI_3004G104250	0
ENSRNA049481340	0
SORBI_3004G104300	74.092614
SORBI_3004G104400	5.014049
SORBI_3004G104500	0
SORBI_3004G104600	0
SORBI_3004G104700	47.857041
ENSRNA049481228	0
SORBI_3004G104800	4.530279
SORBI_3004G104900	159.561374
SORBI_3004G105001	0
SORBI_3004G105100	0.825064
SORBI_3004G105200	0.782649
SORBI_3004G105300	0
SORBI_3004G105500	15.094889
SORBI_3004G105700	5.106067
SORBI_3004G105800	0
SORBI_3004G105901	0
SORBI_3004G106000	0
SORBI_3004G106100	0
SORBI_3004G106200	8.493005
SORBI_3004G106250	8.905646
SORBI_3004G106300	4.414935
SORBI_3004G106400	11.408761
SORBI_3004G106500	0.887087
SORBI_3004G106600	3.121282
SORBI_3004G106700	2.868591
SORBI_3004G106800	0
SORBI_3004G106900	210.67825
SORBI_3004G107000	16.385399
SORBI_3004G107100	21.905135
SORBI_3004G107200	25.366826
SORBI_3004G107300	20.506074
SORBI_3004G107400	0.198045
SORBI_3004G107500	0.086151
SORBI_3004G107550	0.497896
SORBI_3004G107600	63.174339
SORBI_3004G107700	9.591111
SORBI_3004G107800	7.648916
SORBI_3004G107900	0.145202
SORBI_3004G108001	4.423421
SORBI_3004G108100	2.643475
SORBI_3004G108200	0.965927
SORBI_3004G108300	0.140777
SORBI_3004G108400	0
SORBI_3004G108501	1.789781
SORBI_3004G108600	0
SORBI_3004G108700	0
SORBI_3004G108800	0
SORBI_3004G108900	0
SORBI_3004G109000	6.505374
SORBI_3004G109100	1.249258
SORBI_3004G109200	0
SORBI_3004G109300	0
SORBI_3004G109400	0
SORBI_3004G109500	2.682913
SORBI_3004G109600	1.134194
SORBI_3004G109700	0
SORBI_3004G109750	1.697463
SORBI_3004G109800	0.550627
SORBI_3004G109900	1.974905
SORBI_3004G110200	0
SORBI_3004G110300	0.218829
SORBI_3004G110400	0.371531
SORBI_3004G110500	0
SORBI_3004G110600	0
SORBI_3004G110700	6.464011
SORBI_3004G111000	24.035329
SORBI_3004G111100	193.351395
SORBI_3004G111200	0.049742
SORBI_3004G111300	3.634315
SORBI_3004G111400	0.087912
SORBI_3004G111500	0.308583
SORBI_3004G111600	2.580856
ENSRNA049439548	0
ENSRNA049439537	0
ENSRNA049439526	0
ENSRNA049439510	0
ENSRNA049439505	0
SORBI_3004G111650	4.207739
SORBI_3004G111700	8.377108
SORBI_3004G111800	0.177496
SORBI_3004G111900	0
SORBI_3004G112000	0
SORBI_3004G112100	99.662419
SORBI_3004G112200	0
SORBI_3004G112300	27.358822
SORBI_3004G112400	2.254764
SORBI_3004G112500	8.2061
SORBI_3004G112600	0
SORBI_3004G112800	9.057439
SORBI_3004G112900	4.452546
SORBI_3004G113000	0
SORBI_3004G113100	15.87238
SORBI_3004G113201	0.579478
SORBI_3004G113300	0.598371
SORBI_3004G113400	55.108022
SORBI_3004G113500	0
SORBI_3004G113600	41.982967
SORBI_3004G113700	7.301254
SORBI_3004G113800	17.302727
SORBI_3004G113850	0.236961
SORBI_3004G113900	0
SORBI_3004G114000	3.739522
SORBI_3004G114100	0
SORBI_3004G114200	0.171524
SORBI_3004G114300	2.956804
SORBI_3004G114400	61.361934
SORBI_3004G114500	1.678557
SORBI_3004G114600	0
SORBI_3004G114700	0
SORBI_3004G114800	37.256938
SORBI_3004G115000	0
SORBI_3004G115100	0.107366
SORBI_3004G115200	0
SORBI_3004G115350	39.824908
SORBI_3004G115500	0
SORBI_3004G115600	0.519552
SORBI_3004G115700	0.068289
SORBI_3004G115750	0
SORBI_3004G115800	31.668964
SORBI_3004G115900	0
SORBI_3004G115950	0.054567
SORBI_3004G116000	16.409735
SORBI_3004G116050	0
SORBI_3004G116100	29.350114
SORBI_3004G116200	0
SORBI_3004G116300	410.690165
SORBI_3004G116400	1.645588
SORBI_3004G116500	2.725508
SORBI_3004G116600	24.690991
SORBI_3004G116800	1.697745
SORBI_3004G116900	12.124309
SORBI_3004G117000	9.795555
SORBI_3004G117200	3.231378
SORBI_3004G117300	6.830365
ENSRNA049438566	0
SORBI_3004G117400	1.457377
SORBI_3004G117466	0
SORBI_3004G117532	0
SORBI_3004G117600	32.690407
SORBI_3004G117800	84.802339
SORBI_3004G117850	0
SORBI_3004G117900	71.700448
SORBI_3004G117950	0.707058
SORBI_3004G118000	0
SORBI_3004G118100	0
SORBI_3004G118200	242.352259
SORBI_3004G118400	1.840227
SORBI_3004G118300	0.14818
SORBI_3004G118500	57.280918
SORBI_3004G118600	2.623826
SORBI_3004G118700	126.161755
SORBI_3004G118800	2.643618
SORBI_3004G118900	0
SORBI_3004G119000	6.569806
SORBI_3004G119100	26.844087
SORBI_3004G119200	197.212329
SORBI_3004G119300	0
SORBI_3004G119400	10.400691
SORBI_3004G119500	12.378988
SORBI_3004G119600	0
SORBI_3004G119700	9.519527
SORBI_3004G119800	1.471027
SORBI_3004G119900	0
SORBI_3004G120000	0
SORBI_3004G120100	68.138574
SORBI_3004G120150	2.178447
SORBI_3004G120200	0
SORBI_3004G120233	0
SORBI_3004G120266	0
SORBI_3004G120300	19.248431
SORBI_3004G120400	0
SORBI_3004G120500	0
SORBI_3004G120550	0
SORBI_3004G120600	0
SORBI_3004G120733	0
SORBI_3004G120866	2.901193
SORBI_3004G121000	4.363888
SORBI_3004G121100	103.530539
SORBI_3004G121200	3.347369
SORBI_3004G121300	21.598754
SORBI_3004G121400	2.679764
SORBI_3004G121500	0
SORBI_3004G121600	0
SORBI_3004G121700	0
SORBI_3004G121800	0
SORBI_3004G121900	0
SORBI_3004G122000	14.49122
SORBI_3004G122100	0
SORBI_3004G122200	0.378773
SORBI_3004G122300	5.182713
SORBI_3004G122500	1.509064
SORBI_3004G122600	17.319885
SORBI_3004G122700	0
SORBI_3004G122800	19.761724
SORBI_3004G122900	39.479914
SORBI_3004G123000	26.91226
SORBI_3004G123100	0
SORBI_3004G123200	0.245097
SORBI_3004G123300	30.264469
SORBI_3004G123400	81.257764
SORBI_3004G123600	4.948922
SORBI_3004G123801	0.09269
SORBI_3004G124000	4.981302
SORBI_3004G124100	19.889982
SORBI_3004G124200	100.576585
SORBI_3004G124250	0
SORBI_3004G124300	8.092196
SORBI_3004G124400	14.347991
SORBI_3004G124500	74.737401
SORBI_3004G124601	0
SORBI_3004G124700	4.304303
SORBI_3004G124800	0.103895
SORBI_3004G124900	0
SORBI_3004G125100	0.872685
SORBI_3004G125200	0.128223
SORBI_3004G125300	0
SORBI_3004G125400	0.883311
SORBI_3004G125500	0
SORBI_3004G125700	2.454442
SORBI_3004G125600	0
SORBI_3004G125701	1.51774
SORBI_3004G125800	42.377696
SORBI_3004G125900	10.956172
SORBI_3004G126000	37.645174
SORBI_3004G126050	0
SORBI_3004G126100	0
ENSRNA049439479	0
SORBI_3004G126200	0
SORBI_3004G126500	0
SORBI_3004G126601	3.218115
SORBI_3004G126700	0
SORBI_3004G126900	0
SORBI_3004G127000	0
SORBI_3004G127066	0.995905
SORBI_3004G127132	4.35312
SORBI_3004G127200	2.131418
SORBI_3004G127300	2.29928
SORBI_3004G127350	0
SORBI_3004G127400	17.886295
SORBI_3004G127500	0
SORBI_3004G127600	0.281323
SORBI_3004G127650	0
SORBI_3004G127700	45.605655
SORBI_3004G127733	0
SORBI_3004G127766	0
SORBI_3004G127800	29.36883
SORBI_3004G127900	12.196057
SORBI_3004G128000	27.759678
SORBI_3004G128100	2.204225
SORBI_3004G128200	19.532581
SORBI_3004G128400	0.587015
SORBI_3004G128500	1.384325
SORBI_3004G128600	72.93906
SORBI_3004G128633	0
SORBI_3004G128666	1.312588
SORBI_3004G128700	0
SORBI_3004G128800	0.147441
SORBI_3004G128900	107.931248
SORBI_3004G129100	3.931635
SORBI_3004G129201	0
SORBI_3004G129300	76.463043
SORBI_3004G129400	0
SORBI_3004G129500	4.029804
SORBI_3004G129600	13.457486
SORBI_3004G129700	0
SORBI_3004G129750	0
SORBI_3004G129800	8.745058
SORBI_3004G129900	7.214547
SORBI_3004G130001	16.187461
SORBI_3004G130100	328.871766
SORBI_3004G130200	17.473392
SORBI_3004G130300	5.844903
SORBI_3004G130400	44.872292
SORBI_3004G130500	3.442954
SORBI_3004G130600	3.227363
SORBI_3004G130700	0
SORBI_3004G130800	6.844155
SORBI_3004G130850	0
SORBI_3004G130900	18.124354
SORBI_3004G130916	0
SORBI_3004G130932	2.732976
SORBI_3004G130948	0
SORBI_3004G130964	1.067096
SORBI_3004G130980	0
SORBI_3004G131040	59.065962
SORBI_3004G131100	11.397163
SORBI_3004G131200	1.242093
SORBI_3004G131300	10.688366
SORBI_3004G131350	0.194939
SORBI_3004G131400	0
SORBI_3004G131501	0
SORBI_3004G131600	0
SORBI_3004G131700	1.342047
SORBI_3004G131800	28.981766
SORBI_3004G131900	7.016505
SORBI_3004G132000	2.400131
SORBI_3004G132100	13.754261
ENSRNA049996402	0
SORBI_3004G132150	11.305481
SORBI_3004G132200	0
SORBI_3004G132300	100.096436
SORBI_3004G132350	0
SORBI_3004G132400	1.892136
SORBI_3004G132600	0
SORBI_3004G132700	0
SORBI_3004G132800	0
SORBI_3004G132900	0.063218
SORBI_3004G133000	0.744649
SORBI_3004G133100	0.3966
SORBI_3004G133201	0
SORBI_3004G133301	22.252697
SORBI_3004G133400	48.299876
SORBI_3004G133500	21.260104
SORBI_3004G133550	0
SORBI_3004G133600	0
SORBI_3004G133700	70.745438
SORBI_3004G133750	0
SORBI_3004G133800	0
SORBI_3004G133850	0
SORBI_3004G133900	0
SORBI_3004G134000	0.616307
SORBI_3004G134100	17.71601
SORBI_3004G134200	65.791501
SORBI_3004G134300	0
SORBI_3004G134400	0.369851
SORBI_3004G134500	51.57562
SORBI_3004G134600	2.98038
SORBI_3004G134700	54.508714
SORBI_3004G134801	0
SORBI_3004G134900	0.03367
SORBI_3004G135000	0
SORBI_3004G135200	37.216818
SORBI_3004G135300	9.494535
SORBI_3004G135333	0
SORBI_3004G135366	0
SORBI_3004G135400	70.505433
SORBI_3004G135500	0.494794
SORBI_3004G135600	1.943736
SORBI_3004G135700	1.800161
SORBI_3004G135800	0
SORBI_3004G135900	1.123439
SORBI_3004G136100	0
SORBI_3004G136200	18.006418
SORBI_3004G136300	46.901309
SORBI_3004G136333	0
SORBI_3004G136366	0
SORBI_3004G136400	0
SORBI_3004G136500	35.152364
SORBI_3004G136600	68.408392
SORBI_3004G136701	1.31791
SORBI_3004G136800	0.577063
SORBI_3004G136901	0
SORBI_3004G137000	0
SORBI_3004G137200	0
SORBI_3004G137300	0.36323
SORBI_3004G137400	0
SORBI_3004G137500	43.196595
SORBI_3004G137601	0
SORBI_3004G137701	0
SORBI_3004G137801	3.131957
SORBI_3004G137900	20.473408
SORBI_3004G138000	5.209507
SORBI_3004G138100	0
SORBI_3004G138200	0
SORBI_3004G138300	57.578208
SORBI_3004G138350	7.255725
SORBI_3004G138400	0
SORBI_3004G138450	0
SORBI_3004G138500	0
SORBI_3004G138600	0
SORBI_3004G138650	0
SORBI_3004G138700	0
SORBI_3004G138750	0
SORBI_3004G138800	48.531035
SORBI_3004G138850	0
SORBI_3004G138900	0
SORBI_3004G139000	1.372007
SORBI_3004G139100	0
SORBI_3004G139201	0
SORBI_3004G139300	7.584367
SORBI_3004G139400	0.244747
SORBI_3004G139450	0
SORBI_3004G139500	4.603136
SORBI_3004G139700	0
SORBI_3004G139800	0
SORBI_3004G139900	0.080044
SORBI_3004G140000	8.1995
SORBI_3004G140200	0
SORBI_3004G140300	65.130392
SORBI_3004G140400	0
SORBI_3004G140501	0
SORBI_3004G140600	34.301165
SORBI_3004G140800	0
SORBI_3004G140850	0
SORBI_3004G140900	0
SORBI_3004G141000	117.994882
SORBI_3004G141100	3.365192
SORBI_3004G141200	11.760846
SORBI_3004G141300	0
SORBI_3004G141400	12.840627
SORBI_3004G141500	0
SORBI_3004G141600	1.53477
SORBI_3004G141700	9.002122
SORBI_3004G141800	53.79098
SORBI_3004G142000	0
SORBI_3004G142201	6.186429
SORBI_3004G142400	0.282257
SORBI_3004G142500	0.085044
SORBI_3004G142700	1.209089
SORBI_3004G142800	1371.984055
SORBI_3004G142900	5.726058
SORBI_3004G143000	7.156833
SORBI_3004G143100	1.748619
SORBI_3004G143201	2.047663
SORBI_3004G143300	28.225265
SORBI_3004G143400	0.763776
SORBI_3004G143475	27.299421
SORBI_3004G143550	0
SORBI_3004G143625	0
SORBI_3004G143700	38.740551
SORBI_3004G143801	0
SORBI_3004G143900	41.994437
SORBI_3004G144000	2.078836
SORBI_3004G144050	0
SORBI_3004G144100	0.574525
SORBI_3004G144150	0
SORBI_3004G144200	0
ENSRNA049996386	0
SORBI_3004G144300	0.444416
SORBI_3004G144400	16.201073
SORBI_3004G144433	0
SORBI_3004G144466	0
SORBI_3004G144500	74.195805
SORBI_3004G144700	4.49634
SORBI_3004G144600	17.943853
SORBI_3004G144800	0
SORBI_3004G145000	172.287002
ENSRNA049996394	0
SORBI_3004G145200	119.201594
SORBI_3004G145300	6.346547
SORBI_3004G145550	0.138327
SORBI_3004G145500	23.392038
SORBI_3004G145600	4.263471
SORBI_3004G145701	0
SORBI_3004G145801	788.812652
SORBI_3004G145900	0
SORBI_3004G146000	135.81701
SORBI_3004G146100	0.19948
SORBI_3004G146150	0
SORBI_3004G146200	4.18407
SORBI_3004G146300	30.615436
SORBI_3004G146400	0
SORBI_3004G146500	46.207589
SORBI_3004G146600	27.855137
SORBI_3004G146700	0
SORBI_3004G146800	92.290623
SORBI_3004G146900	0
SORBI_3004G147050	0
SORBI_3004G147200	2.110145
SORBI_3004G147300	0
SORBI_3004G147400	0
SORBI_3004G147500	99.489787
SORBI_3004G147600	0.335834
SORBI_3004G147700	0
ENSRNA049996379	0
SORBI_3004G147800	40.719463
SORBI_3004G147900	4.380742
SORBI_3004G147950	0
SORBI_3004G148000	8.385877
SORBI_3004G148100	3.994243
SORBI_3004G148200	3.066192
SORBI_3004G148300	4.76287
SORBI_3004G148400	2.057588
SORBI_3004G148500	0
SORBI_3004G148600	2.142183
SORBI_3004G148750	7.950202
SORBI_3004G148900	12.641684
SORBI_3004G149000	0
SORBI_3004G149100	0.639186
SORBI_3004G149150	6.140054
SORBI_3004G149200	0
SORBI_3004G149400	10.378803
SORBI_3004G149433	0
SORBI_3004G149466	0.070546
SORBI_3004G149500	0
SORBI_3004G149600	1.698977
SORBI_3004G149700	106.081104
SORBI_3004G149800	14.070447
ENSRNA049996359	0
SORBI_3004G150200	62.837031
SORBI_3004G150300	0
SORBI_3004G150400	18.537407
SORBI_3004G150600	0
SORBI_3004G150650	0
SORBI_3004G150700	0.540018
SORBI_3004G150800	0
SORBI_3004G150901	0
SORBI_3004G151000	41.187901
SORBI_3004G151200	75.092083
SORBI_3004G151300	6.704706
SORBI_3004G151400	40.318221
SORBI_3004G151500	18.730137
SORBI_3004G151600	12.53339
SORBI_3004G151700	415.394767
SORBI_3004G151800	59.146681
SORBI_3004G151900	1.985296
SORBI_3004G152000	7.062004
SORBI_3004G152100	8.241351
SORBI_3004G152200	3.109098
SORBI_3004G152300	0
SORBI_3004G152400	63.239353
SORBI_3004G152501	0
SORBI_3004G152601	1.103219
SORBI_3004G152700	403.976291
SORBI_3004G152800	8.479798
SORBI_3004G152900	0
SORBI_3004G153000	39.434064
SORBI_3004G153100	0.972454
SORBI_3004G153200	156.534554
SORBI_3004G153300	0.181404
SORBI_3004G153400	67.001494
SORBI_3004G153501	95.579735
SORBI_3004G153600	17.709137
SORBI_3004G153700	0
SORBI_3004G153800	0.210486
SORBI_3004G153900	0.456457
SORBI_3004G154000	0.71277
SORBI_3004G154100	0
SORBI_3004G154200	1.791001
SORBI_3004G154300	29.218299
SORBI_3004G154400	99.273111
SORBI_3004G154466	0.493206
SORBI_3004G154532	0
SORBI_3004G154600	0.2464
SORBI_3004G154700	4.761613
SORBI_3004G154800	2.040576
SORBI_3004G154900	2.22438
SORBI_3004G155000	0.264407
SORBI_3004G155100	98.047986
SORBI_3004G155150	0.660641
SORBI_3004G155200	35.774046
SORBI_3004G155300	165.786276
SORBI_3004G155400	1.22081
SORBI_3004G155600	18.793598
SORBI_3004G155700	3.010657
SORBI_3004G155800	88.257175
SORBI_3004G155900	19.254103
SORBI_3004G156000	0
SORBI_3004G156100	0
SORBI_3004G156200	1.228205
SORBI_3004G156250	0
SORBI_3004G156300	1.147994
SORBI_3004G156400	12.39526
SORBI_3004G156500	18.348615
SORBI_3004G156600	0.095254
SORBI_3004G156666	27.84687
SORBI_3004G156732	8.327287
SORBI_3004G156800	20.056565
SORBI_3004G156900	0
SORBI_3004G156950	0
SORBI_3004G157000	111.917131
SORBI_3004G157050	0
SORBI_3004G157100	0.189372
SORBI_3004G157200	0
SORBI_3004G157300	2.941232
SORBI_3004G157400	32.764039
SORBI_3004G157500	3.817198
ENSRNA049996369	0
SORBI_3004G157550	0
SORBI_3004G157600	13.961264
SORBI_3004G157700	48.244124
SORBI_3004G157800	34.371198
SORBI_3004G157900	0
SORBI_3004G157950	0
SORBI_3004G158000	3.784092
SORBI_3004G158050	0.176687
SORBI_3004G158100	0
SORBI_3004G158200	74.849351
SORBI_3004G158300	4.788393
SORBI_3004G158400	82.292278
SORBI_3004G158500	1.530009
SORBI_3004G158600	0
SORBI_3004G158700	43.292182
SORBI_3004G158800	0.249684
SORBI_3004G158901	1.893828
SORBI_3004G159000	98.073233
SORBI_3004G159100	4.999435
SORBI_3004G159200	0
SORBI_3004G159400	7.853492
SORBI_3004G159500	0
SORBI_3004G159600	20.793229
SORBI_3004G159733	724.235124
SORBI_3004G159866	0
SORBI_3004G160000	0
SORBI_3004G160100	0
SORBI_3004G160200	65.055985
SORBI_3004G160300	1.808289
SORBI_3004G160350	0
SORBI_3004G160400	3.591554
SORBI_3004G160500	0
SORBI_3004G160600	0
SORBI_3004G160700	211.55285
SORBI_3004G160750	0
SORBI_3004G160800	7.132711
SORBI_3004G160950	0
SORBI_3004G161100	0
SORBI_3004G161200	0.10501
SORBI_3004G161301	0.064369
SORBI_3004G161400	0.202606
SORBI_3004G161501	18.887041
SORBI_3004G161600	29.227434
SORBI_3004G161650	26.50089
SORBI_3004G161701	1.001089
SORBI_3004G161751	2.38745
SORBI_3004G161800	28.838728
SORBI_3004G161850	0
ENSRNA049481645	0
SORBI_3004G161900	170.441751
SORBI_3004G162000	197.541251
SORBI_3004G162100	0
SORBI_3004G162200	65.868589
SORBI_3004G162300	0
SORBI_3004G162400	49.403198
SORBI_3004G162500	49.960341
SORBI_3004G162600	0.555702
SORBI_3004G162700	0
SORBI_3004G162800	0
SORBI_3004G162900	0
SORBI_3004G163000	9.276301
SORBI_3004G163100	0.872293
SORBI_3004G163200	47.19563
SORBI_3004G163300	20.117443
SORBI_3004G163350	0.144565
SORBI_3004G163400	0
SORBI_3004G163500	2.616052
SORBI_3004G163600	0.176512
SORBI_3004G163700	9.196821
SORBI_3004G163800	29.978666
SORBI_3004G163900	1.276899
SORBI_3004G164000	15.156358
SORBI_3004G164100	0.123167
SORBI_3004G164200	48.502848
SORBI_3004G164300	0
SORBI_3004G164400	36.497053
SORBI_3004G164500	7.568281
SORBI_3004G164600	0
SORBI_3004G164650	0.187728
SORBI_3004G164700	0
SORBI_3004G164800	4.378847
SORBI_3004G165000	5.688983
SORBI_3004G165100	0.14463
SORBI_3004G165200	4.921828
SORBI_3004G165300	0.642692
SORBI_3004G165400	3.800781
SORBI_3004G165500	2.279296
SORBI_3004G165600	28.618749
SORBI_3004G165700	32.973485
SORBI_3004G165800	0
SORBI_3004G165900	10.933963
SORBI_3004G166000	1.210498
SORBI_3004G166100	0
SORBI_3004G166200	0
SORBI_3004G166301	0
SORBI_3004G166400	88.402579
SORBI_3004G166500	68.716368
SORBI_3004G166600	4.151622
SORBI_3004G166700	28.16148
SORBI_3004G166800	2.813793
ENSRNA049439383	0
SORBI_3004G166900	44.776926
SORBI_3004G167000	0.534343
SORBI_3004G167100	37.307731
SORBI_3004G167200	19.310718
SORBI_3004G167300	30.771379
SORBI_3004G167400	7.722213
SORBI_3004G167500	4.003345
SORBI_3004G167600	14.852901
SORBI_3004G167700	0
SORBI_3004G167800	3.642764
SORBI_3004G167900	0
SORBI_3004G168000	0
SORBI_3004G168100	0
SORBI_3004G168150	0
SORBI_3004G168200	0
SORBI_3004G168300	4.543329
SORBI_3004G168366	0
SORBI_3004G168432	0
SORBI_3004G168500	109.685166
SORBI_3004G168600	0
SORBI_3004G168700	7.877948
SORBI_3004G168800	5.712202
SORBI_3004G168900	0.515748
SORBI_3004G169000	76.339538
SORBI_3004G169100	3.976355
SORBI_3004G169200	14.492991
SORBI_3004G169300	44.286884
SORBI_3004G169401	0.253181
SORBI_3004G169501	9.4996
SORBI_3004G169600	0.132183
SORBI_3004G169700	4.865681
SORBI_3004G169800	0
SORBI_3004G169900	211.982395
SORBI_3004G169966	0
SORBI_3004G170032	0
SORBI_3004G170100	0
SORBI_3004G170200	46.748433
SORBI_3004G170300	0
SORBI_3004G170400	125.656025
SORBI_3004G170500	0.858216
SORBI_3004G170600	0
SORBI_3004G170700	16.978916
SORBI_3004G170800	1.423114
SORBI_3004G170900	0
SORBI_3004G171000	4.615459
SORBI_3004G171100	2.134236
SORBI_3004G171200	8.308853
SORBI_3004G171300	0
SORBI_3004G171350	0
SORBI_3004G171400	8.937096
SORBI_3004G171500	0
SORBI_3004G171600	0
SORBI_3004G171700	60.112262
SORBI_3004G171800	22.957772
SORBI_3004G171900	0
SORBI_3004G172000	0
SORBI_3004G172100	15.905046
SORBI_3004G172201	0
SORBI_3004G172300	4.170403
SORBI_3004G172350	0.144027
SORBI_3004G172400	0.042764
SORBI_3004G172500	7.127802
SORBI_3004G172600	5.244183
SORBI_3004G172700	124.323001
SORBI_3004G172800	0
SORBI_3004G173100	42.201662
SORBI_3004G173200	3.892807
SORBI_3004G173300	8.630194
SORBI_3004G173400	0
SORBI_3004G173500	296.144651
SORBI_3004G173600	7.194094
SORBI_3004G173700	58.527299
SORBI_3004G173800	0
SORBI_3004G173900	0
SORBI_3004G174000	3.402581
SORBI_3004G174100	18.59045
SORBI_3004G174200	30.722133
SORBI_3004G174301	0
SORBI_3004G174400	49.657187
SORBI_3004G174500	2.145993
SORBI_3004G174600	0
SORBI_3004G174700	33.830306
SORBI_3004G174800	3.26608
SORBI_3004G174900	18.112979
SORBI_3004G175000	1.373505
SORBI_3004G175300	4.339007
SORBI_3004G175200	23.507167
SORBI_3004G175400	2.665961
SORBI_3004G175500	41.553437
SORBI_3004G175600	10.992522
SORBI_3004G175700	74.359296
SORBI_3004G175800	0
SORBI_3004G175900	0
SORBI_3004G176000	29.390056
SORBI_3004G176100	0.761901
SORBI_3004G176200	48.357701
SORBI_3004G176300	2.715426
SORBI_3004G176400	55.201236
SORBI_3004G176500	0.992392
SORBI_3004G176550	0
SORBI_3004G176600	0
SORBI_3004G176700	6.834774
SORBI_3004G176800	11.365872
ENSRNA049438645	0
SORBI_3004G176900	24.073455
SORBI_3004G176950	0.149264
SORBI_3004G177000	3.907802
SORBI_3004G177050	0
ENSRNA049481680	0
ENSRNA049481634	0
ENSRNA049481632	0
SORBI_3004G177100	11.331794
ENSRNA049439361	0
SORBI_3004G177300	20.519471
SORBI_3004G177400	7.348057
SORBI_3004G177500	6.68322
SORBI_3004G177600	8.650188
SORBI_3004G177700	85.30477
SORBI_3004G177900	1.35566
SORBI_3004G178000	24.749104
SORBI_3004G178100	15.364244
SORBI_3004G178200	33.307643
SORBI_3004G178300	20.803948
SORBI_3004G178400	10.82777
SORBI_3004G178500	71.16247
SORBI_3004G178550	0
SORBI_3004G178600	0
SORBI_3004G178700	0
SORBI_3004G178800	0
SORBI_3004G178901	3.628194
SORBI_3004G179000	0
SORBI_3004G179100	0
SORBI_3004G179200	8.889621
SORBI_3004G179300	16.575799
SORBI_3004G179400	72.215921
SORBI_3004G179500	1.824884
ENSRNA049439353	0
SORBI_3004G179600	23.818066
SORBI_3004G179700	20.553655
SORBI_3004G179800	0.295519
SORBI_3004G179900	0
SORBI_3004G180000	6.532958
SORBI_3004G180033	21.101933
SORBI_3004G180066	3.958888
SORBI_3004G180100	0
SORBI_3004G180200	0
SORBI_3004G180301	0
SORBI_3004G180400	0
SORBI_3004G180500	6.188161
SORBI_3004G180600	28.711505
SORBI_3004G180700	0
SORBI_3004G180800	0
SORBI_3004G180900	21.308223
SORBI_3004G180950	0
SORBI_3004G181000	0
SORBI_3004G181100	0
SORBI_3004G181200	0
SORBI_3004G181300	11.807701
SORBI_3004G181400	4.236705
SORBI_3004G181500	1.049569
SORBI_3004G181600	79.879267
SORBI_3004G181700	84.747165
SORBI_3004G181800	2.281899
SORBI_3004G181900	20.709507
SORBI_3004G182000	0
SORBI_3004G182100	32.693669
SORBI_3004G182201	52.619225
SORBI_3004G182300	39.419206
SORBI_3004G182500	59.615642
SORBI_3004G182600	3.131148
SORBI_3004G182700	0
SORBI_3004G182800	33.624544
SORBI_3004G182900	82.855476
SORBI_3004G183000	0.343831
SORBI_3004G183100	0.750624
SORBI_3004G183200	14.057818
SORBI_3004G183300	1.602864
SORBI_3004G183400	105.119166
SORBI_3004G183501	68.221267
SORBI_3004G183600	28.14735
SORBI_3004G183701	0.421423
SORBI_3004G183800	36.213244
SORBI_3004G183900	0
SORBI_3004G183950	0
SORBI_3004G184000	25.593467
SORBI_3004G184101	0
SORBI_3004G184200	26.319765
SORBI_3004G184300	0
SORBI_3004G184400	17.015512
SORBI_3004G184500	8.614426
SORBI_3004G184600	0
SORBI_3004G184700	21.887306
SORBI_3004G184800	4.23335
SORBI_3004G184900	8.174487
SORBI_3004G185000	0
SORBI_3004G185100	0
SORBI_3004G185200	1.665708
ENSRNA049438673	0
SORBI_3004G185300	0.38562
SORBI_3004G185400	0.37239
SORBI_3004G185500	13.48495
SORBI_3004G185600	3.418435
SORBI_3004G185800	9.14445
SORBI_3004G185900	27.952694
SORBI_3004G186000	26.19304
SORBI_3004G186100	7.481822
SORBI_3004G186200	11.685634
SORBI_3004G186300	126.854164
SORBI_3004G186400	0
SORBI_3004G186500	15.070928
SORBI_3004G186600	18.800049
SORBI_3004G186800	33.562281
SORBI_3004G186900	131.089075
SORBI_3004G186950	0
SORBI_3004G187000	1.114827
SORBI_3004G187100	1.43371
SORBI_3004G187200	0.552591
SORBI_3004G187300	3.896019
SORBI_3004G187400	0
SORBI_3004G187501	0.106638
SORBI_3004G187600	0.132509
SORBI_3004G187701	33.118751
SORBI_3004G187800	18.549523
SORBI_3004G187900	311.209701
SORBI_3004G188000	114.180039
SORBI_3004G188100	9.070934
SORBI_3004G188201	0.148747
SORBI_3004G188300	16.557386
SORBI_3004G188400	73.980944
SORBI_3004G188500	25.195324
SORBI_3004G188600	32.213103
SORBI_3004G188701	0
SORBI_3004G188800	3.898028
SORBI_3004G188900	0
SORBI_3004G189000	0
SORBI_3004G189100	0.490883
SORBI_3004G189200	30.77061
SORBI_3004G189301	0
SORBI_3004G189400	96.429281
SORBI_3004G189500	140.968473
SORBI_3004G189600	37.373039
SORBI_3004G189700	2.404232
ENSRNA049439315	0
SORBI_3004G189800	122.415099
SORBI_3004G189900	83.128778
SORBI_3004G190100	24.035859
SORBI_3004G190200	0
SORBI_3004G190300	0
SORBI_3004G190400	0
SORBI_3004G190500	0.191145
SORBI_3004G190600	254.581722
SORBI_3004G190700	17.139863
SORBI_3004G190800	0.802088
SORBI_3004G190900	1.812762
SORBI_3004G191000	2.503192
SORBI_3004G191100	5.108914
SORBI_3004G191200	1.077815
SORBI_3004G191300	0.747579
SORBI_3004G191400	14.186639
SORBI_3004G191500	123.026663
SORBI_3004G191600	6.242455
SORBI_3004G191700	10.611786
ENSRNA049439291	0
SORBI_3004G191800	0
SORBI_3004G191901	2.675073
SORBI_3004G192001	0
SORBI_3004G192100	2.959637
SORBI_3004G192200	111.092447
SORBI_3004G192300	0.670406
SORBI_3004G192400	2.500363
SORBI_3004G192450	0.496706
ENSRNA049481630	0
SORBI_3004G192500	14.85686
SORBI_3004G192600	0
SORBI_3004G192700	3.601025
SORBI_3004G192800	2.045084
SORBI_3004G192900	12.209513
SORBI_3004G193000	104.892874
SORBI_3004G193100	0
SORBI_3004G193200	11.835059
SORBI_3004G193300	21.709611
SORBI_3004G193350	0
SORBI_3004G193400	52.969439
SORBI_3004G193500	0.10683
SORBI_3004G193600	41.38008
SORBI_3004G193700	72.602164
SORBI_3004G193800	4.804582
SORBI_3004G193900	0.206615
SORBI_3004G194000	1.515455
SORBI_3004G194100	8.36956
SORBI_3004G194200	0.966111
SORBI_3004G194400	3.102232
SORBI_3004G194500	0.288779
SORBI_3004G194600	0
SORBI_3004G194700	11.760135
SORBI_3004G194800	19.403087
SORBI_3004G194900	73.502542
SORBI_3004G194950	0
SORBI_3004G195000	16.781802
SORBI_3004G195300	3.35541
SORBI_3004G195400	0
SORBI_3004G195500	0
SORBI_3004G195600	0
SORBI_3004G195650	0
SORBI_3004G195700	4.703087
SORBI_3004G195800	27.614874
ENSRNA049438686	0
SORBI_3004G195900	0
SORBI_3004G196000	0
ENSRNA049438695	0
SORBI_3004G196101	0.071169
SORBI_3004G196200	0
SORBI_3004G196300	130.952363
SORBI_3004G196400	154.674521
SORBI_3004G196500	2.253179
SORBI_3004G196600	0
SORBI_3004G196700	10.101544
SORBI_3004G196800	8.974363
SORBI_3004G196900	0
SORBI_3004G197000	0
SORBI_3004G197100	0
SORBI_3004G197200	0
SORBI_3004G197300	0
SORBI_3004G197400	0.113437
SORBI_3004G197600	425.02084
SORBI_3004G197700	0.289149
SORBI_3004G197800	0
SORBI_3004G197900	1.716262
SORBI_3004G198000	107.287839
SORBI_3004G198100	0
SORBI_3004G198200	0
SORBI_3004G198300	4.351914
SORBI_3004G198350	0
SORBI_3004G198400	372.298971
SORBI_3004G198500	102.887502
ENSRNA049481637	0
SORBI_3004G198550	0
SORBI_3004G198600	8.007365
SORBI_3004G198701	0
SORBI_3004G198800	2.663351
SORBI_3004G198900	13.055416
SORBI_3004G199000	0.53271
SORBI_3004G199100	0
SORBI_3004G199200	12.037894
SORBI_3004G199300	100.784357
SORBI_3004G199400	3.378484
SORBI_3004G199500	13.215377
ENSRNA049481629	0
SORBI_3004G199600	3.010366
SORBI_3004G199700	3.663363
SORBI_3004G199800	0.643911
SORBI_3004G199900	15.826908
SORBI_3004G200000	13.315965
SORBI_3004G200100	0.413203
SORBI_3004G200200	433.868738
SORBI_3004G200400	3.632378
SORBI_3004G200501	0
SORBI_3004G200600	0
SORBI_3004G200700	0
SORBI_3004G200800	4.539636
SORBI_3004G200833	3.816041
SORBI_3004G200866	3.755082
SORBI_3004G200900	5.981551
SORBI_3004G201000	0
SORBI_3004G201100	1.095472
SORBI_3004G201200	0
SORBI_3004G201300	48.681445
SORBI_3004G201400	0
SORBI_3004G201600	9.184032
SORBI_3004G201700	167.175736
SORBI_3004G201800	0
SORBI_3004G201900	16.4596
SORBI_3004G202000	15.845762
SORBI_3004G202100	97.7303
SORBI_3004G202200	9.338404
SORBI_3004G202300	33.082516
SORBI_3004G202400	27.325015
SORBI_3004G202500	207.721051
SORBI_3004G202600	20.791433
SORBI_3004G202700	3.020206
SORBI_3004G202750	0
SORBI_3004G202800	0.971705
SORBI_3004G202900	0.747505
SORBI_3004G203000	0
SORBI_3004G203100	127.501932
SORBI_3004G203150	0
SORBI_3004G203200	10.679713
SORBI_3004G203301	0
SORBI_3004G203400	40.643078
SORBI_3004G203500	148.139393
SORBI_3004G203600	30.0845
SORBI_3004G203633	0
SORBI_3004G203666	0
SORBI_3004G203700	0.332265
SORBI_3004G203800	2.537042
SORBI_3004G203900	21.400664
SORBI_3004G204000	17.169371
SORBI_3004G204100	33.672848
SORBI_3004G204200	42.618646
SORBI_3004G204300	0.419489
SORBI_3004G204400	0.043422
SORBI_3004G204500	35.772652
SORBI_3004G204600	10.135672
SORBI_3004G204650	0
SORBI_3004G204700	0
SORBI_3004G204800	106.995434
SORBI_3004G204900	63.488028
SORBI_3004G205000	111.857537
SORBI_3004G205100	20.101866
SORBI_3004G205200	0.470438
SORBI_3004G205300	1.100291
SORBI_3004G205400	0
SORBI_3004G205500	1.985198
SORBI_3004G205600	248.735757
SORBI_3004G205700	6.351272
SORBI_3004G205800	139.278971
SORBI_3004G205900	0
SORBI_3004G206000	0.618099
SORBI_3004G206050	0.303402
SORBI_3004G206100	2.899032
SORBI_3004G206200	5.935932
SORBI_3004G206300	6.656371
SORBI_3004G206401	0.579452
SORBI_3004G206500	0
SORBI_3004G206600	0
SORBI_3004G206700	6.3655
SORBI_3004G206800	0
ENSRNA049996339	0
SORBI_3004G206900	1.805584
SORBI_3004G207000	8.032255
SORBI_3004G207100	0.882886
SORBI_3004G207200	3.11219
SORBI_3004G207300	19.734124
SORBI_3004G207350	0
SORBI_3004G207400	94.275571
SORBI_3004G207500	0
SORBI_3004G207600	0
SORBI_3004G207700	286.527656
SORBI_3004G207733	0
SORBI_3004G207766	0
SORBI_3004G207800	0
SORBI_3004G207900	26.640882
SORBI_3004G208000	18.435946
SORBI_3004G208100	41.952447
SORBI_3004G208201	0.291664
ENSRNA049481654	0
ENSRNA049481692	0
SORBI_3004G208301	16.042913
SORBI_3004G208400	57.457915
SORBI_3004G208500	44.834825
SORBI_3004G208600	22.158773
SORBI_3004G208700	187.80352
SORBI_3004G208800	12.960353
SORBI_3004G208900	18.28294
SORBI_3004G209000	13.633564
SORBI_3004G209100	0
ENSRNA049438717	0
SORBI_3004G209200	0
SORBI_3004G209300	8.31603
SORBI_3004G209400	0
SORBI_3004G209450	0
SORBI_3004G209500	13.635696
SORBI_3004G209600	10.61242
SORBI_3004G209700	9.574269
SORBI_3004G209800	27.279053
SORBI_3004G209900	117.722168
SORBI_3004G210000	34.433623
SORBI_3004G210101	114.540827
SORBI_3004G210200	6.599812
SORBI_3004G210300	7.676372
SORBI_3004G210400	0
SORBI_3004G210500	11.654076
SORBI_3004G210601	0
SORBI_3004G210700	0
SORBI_3004G210800	185.948971
SORBI_3004G210900	49.025834
SORBI_3004G211000	0.039606
ENSRNA049481658	0
SORBI_3004G211100	60.666391
SORBI_3004G211200	2.624366
SORBI_3004G211301	41.352021
SORBI_3004G211400	126.731299
SORBI_3004G211501	12.440731
SORBI_3004G211600	25.396952
SORBI_3004G211700	0
SORBI_3004G211800	0
SORBI_3004G211833	194.619497
SORBI_3004G211866	538.404123
SORBI_3004G211900	454.849289
SORBI_3004G212000	19.775114
SORBI_3004G212100	28.263912
SORBI_3004G212200	55.74152
SORBI_3004G212250	0
SORBI_3004G212300	109.792985
SORBI_3004G212350	0.101839
SORBI_3004G212400	36.383922
SORBI_3004G212600	1.664024
SORBI_3004G212500	7.187335
SORBI_3004G212700	92.885331
SORBI_3004G212800	0.038812
ENSRNA049996348	0
SORBI_3004G212900	1.178772
SORBI_3004G213000	117.411056
SORBI_3004G213100	35.999487
SORBI_3004G213200	174.004856
SORBI_3004G213300	12.928431
SORBI_3004G213400	0
SORBI_3004G213500	0
SORBI_3004G213600	169.162906
SORBI_3004G213800	13.813555
SORBI_3004G213900	15.074239
SORBI_3004G214000	10.430222
SORBI_3004G214100	333.866476
SORBI_3004G214200	77.557821
SORBI_3004G214300	0.226825
SORBI_3004G214400	15.370418
SORBI_3004G214500	5.858445
SORBI_3004G214700	2.242509
SORBI_3004G214800	0
SORBI_3004G214900	6.937316
SORBI_3004G215000	0
SORBI_3004G215100	0.135159
SORBI_3004G215200	0.733232
SORBI_3004G215300	0
SORBI_3004G215400	0
SORBI_3004G215500	0
SORBI_3004G215600	2.345731
SORBI_3004G215650	0
SORBI_3004G215700	15.677811
SORBI_3004G215800	11.48504
SORBI_3004G215900	20.199155
SORBI_3004G216001	0
SORBI_3004G216100	0
SORBI_3004G216200	3.850596
SORBI_3004G216300	4.928109
ENSRNA049481712	11.727673
SORBI_3004G216400	20.566361
SORBI_3004G216500	3.062622
SORBI_3004G216600	4.352377
ENSRNA049481639	0
SORBI_3004G216650	0
SORBI_3004G216700	30.717846
SORBI_3004G216800	48.403633
SORBI_3004G216900	15.640454
SORBI_3004G217000	0.211736
SORBI_3004G217100	1.184574
SORBI_3004G217200	0
SORBI_3004G217300	0
SORBI_3004G217400	0
SORBI_3004G217450	0.801378
SORBI_3004G217600	3.954522
SORBI_3004G217500	0
SORBI_3004G217700	7.438412
SORBI_3004G217800	0.133258
SORBI_3004G217900	4.271595
SORBI_3004G218000	0.045342
SORBI_3004G218100	0
ENSRNA049439272	0
SORBI_3004G218200	0
SORBI_3004G218300	83.633114
SORBI_3004G218400	0
SORBI_3004G218500	2.611292
SORBI_3004G218600	177.917964
SORBI_3004G218700	0.240309
SORBI_3004G218800	0
SORBI_3004G218900	0.36174
SORBI_3004G219000	22.136346
SORBI_3004G219100	13.759332
SORBI_3004G219200	33.725878
SORBI_3004G219300	66.347417
SORBI_3004G219400	10.952913
SORBI_3004G219500	0
SORBI_3004G219600	8.103477
SORBI_3004G219700	2.433941
SORBI_3004G219800	17.221992
SORBI_3004G219900	76.13156
SORBI_3004G220000	282.267647
SORBI_3004G220101	0
SORBI_3004G220200	0.763261
SORBI_3004G220300	213.823952
SORBI_3004G220400	341.803759
SORBI_3004G220500	0
SORBI_3004G220600	86.595835
SORBI_3004G220700	196.424516
SORBI_3004G220900	0
SORBI_3004G221000	0
SORBI_3004G221100	0.338749
SORBI_3004G221150	0.900216
SORBI_3004G221200	0
SORBI_3004G221300	50.384948
SORBI_3004G221400	33.240823
SORBI_3004G221500	4.363809
SORBI_3004G221600	0
SORBI_3004G221700	0
SORBI_3004G221800	0
SORBI_3004G221900	0.776287
SORBI_3004G222000	182.190366
SORBI_3004G222100	1.330245
SORBI_3004G222150	0.330894
SORBI_3004G222200	0
SORBI_3004G222300	0
SORBI_3004G222400	0
SORBI_3004G222500	583.560919
SORBI_3004G222600	238.723272
SORBI_3004G222700	1.053422
SORBI_3004G222800	119.00035
SORBI_3004G222900	0
SORBI_3004G223000	34.240027
SORBI_3004G223100	0
SORBI_3004G223300	38.009184
SORBI_3004G223350	0
SORBI_3004G223400	0.105468
SORBI_3004G223500	0.998546
SORBI_3004G223600	43.810652
SORBI_3004G223700	0
SORBI_3004G223800	9.508351
SORBI_3004G223900	30.650243
SORBI_3004G224000	33.142794
SORBI_3004G224100	17.301267
SORBI_3004G224200	7.200654
SORBI_3004G224300	0
SORBI_3004G224350	0
SORBI_3004G224400	0
SORBI_3004G224500	67.254843
SORBI_3004G224600	15.151079
SORBI_3004G224700	6.564542
SORBI_3004G224733	0
SORBI_3004G224766	4.10996
SORBI_3004G224800	31.574807
SORBI_3004G224900	200.419856
SORBI_3004G225000	38.939586
SORBI_3004G225100	240.449961
SORBI_3004G225200	302.453298
SORBI_3004G225300	17.861518
SORBI_3004G225400	4.536774
SORBI_3004G225450	0
SORBI_3004G225500	6.655755
ENSRNA049438755	0
SORBI_3004G225550	0
SORBI_3004G225600	23.140607
SORBI_3004G225700	4.236233
SORBI_3004G225800	0.131166
SORBI_3004G225900	11.048379
ENSRNA049438766	0
SORBI_3004G226000	0
SORBI_3004G226100	0.416931
SORBI_3004G226200	0.141596
SORBI_3004G226300	0
SORBI_3004G226400	21.81562
SORBI_3004G226500	25.295257
SORBI_3004G226600	52.861224
SORBI_3004G226700	9.4902
SORBI_3004G226800	26.256181
SORBI_3004G226900	8.574912
ENSRNA049439238	0
SORBI_3004G227000	0
SORBI_3004G227100	14.895593
SORBI_3004G227200	2.44887
SORBI_3004G227300	17.401576
SORBI_3004G227400	34.30565
SORBI_3004G227500	49.26006
SORBI_3004G227550	0
SORBI_3004G227600	34.356683
SORBI_3004G227700	47.291161
SORBI_3004G227800	0.31472
SORBI_3004G227900	0
SORBI_3004G228000	12.156986
SORBI_3004G228100	0.488698
SORBI_3004G228200	19.832873
SORBI_3004G228300	2.793738
SORBI_3004G228400	1.119494
SORBI_3004G228500	8.027804
SORBI_3004G228600	0
SORBI_3004G228700	83.293124
SORBI_3004G228800	47.959962
SORBI_3004G228850	0
SORBI_3004G228900	4.081988
SORBI_3004G229000	67.864727
SORBI_3004G229100	12.049043
ENSRNA049439226	0
SORBI_3004G229200	82.916149
SORBI_3004G229300	190.769786
SORBI_3004G229400	0
SORBI_3004G229500	1.296146
SORBI_3004G229700	0
SORBI_3004G229800	32.923104
SORBI_3004G229900	0
SORBI_3004G230000	0
SORBI_3004G230100	0
SORBI_3004G230200	2.132106
SORBI_3004G230400	0
SORBI_3004G230300	0
SORBI_3004G230500	0
SORBI_3004G230600	0
SORBI_3004G230650	0
SORBI_3004G230700	0.236414
SORBI_3004G230800	0.917996
SORBI_3004G230900	66.421487
SORBI_3004G231001	0.421596
SORBI_3004G231100	0
SORBI_3004G231200	6.936271
SORBI_3004G231300	57.601282
SORBI_3004G231350	0.531277
SORBI_3004G231400	199.810454
SORBI_3004G231501	2.92903
SORBI_3004G231600	53.558435
SORBI_3004G231700	0
SORBI_3004G231800	13.732712
SORBI_3004G231850	3.841964
SORBI_3004G231900	22.459513
SORBI_3004G232000	17.151703
SORBI_3004G232100	1.697653
SORBI_3004G232201	0
SORBI_3004G232300	118.107477
SORBI_3004G232400	4.922254
SORBI_3004G232500	7.667282
SORBI_3004G232600	2.028088
SORBI_3004G232700	28.588521
SORBI_3004G232800	44.695659
SORBI_3004G232900	1.042119
SORBI_3004G233000	3.168935
SORBI_3004G233100	0.307988
SORBI_3004G233200	430.224113
SORBI_3004G233300	10.230847
SORBI_3004G233400	7.763857
SORBI_3004G233500	1.225234
SORBI_3004G233600	10.115527
SORBI_3004G233700	1.344051
SORBI_3004G233800	0
SORBI_3004G233900	4.819703
SORBI_3004G234000	0.085613
SORBI_3004G234100	35.138042
SORBI_3004G234200	2.173001
SORBI_3004G234300	35.666413
SORBI_3004G234400	0
SORBI_3004G234500	4.339635
SORBI_3004G234600	0
SORBI_3004G234700	0
SORBI_3004G234832	1.97022
SORBI_3004G234766	0
SORBI_3004G234900	425.547038
SORBI_3004G235000	14.791996
SORBI_3004G235100	2.17226
ENSRNA049439210	0
SORBI_3004G235200	18.879984
SORBI_3004G235300	2.288685
SORBI_3004G235500	3.15895
SORBI_3004G235600	1.623213
SORBI_3004G235700	0.638969
SORBI_3004G235750	0
SORBI_3004G235801	0
SORBI_3004G235851	0
SORBI_3004G235900	0.209049
SORBI_3004G236000	5.387857
SORBI_3004G236100	0.971608
SORBI_3004G236200	82.834314
SORBI_3004G236300	170.477525
SORBI_3004G236400	47.376068
SORBI_3004G236500	3.981451
SORBI_3004G236550	50.100926
SORBI_3004G236600	225.360277
SORBI_3004G236800	2.640566
SORBI_3004G236901	0.068807
SORBI_3004G237000	0.087328
SORBI_3004G237100	23.958719
SORBI_3004G237200	16.354194
SORBI_3004G237300	0.308668
SORBI_3004G237400	43.39722
SORBI_3004G237500	2.109457
SORBI_3004G237600	34.411884
SORBI_3004G237700	49.975914
SORBI_3004G237800	10.533479
SORBI_3004G237900	0
SORBI_3004G238000	0
SORBI_3004G238100	34.955468
SORBI_3004G238200	51.974267
SORBI_3004G238400	0
SORBI_3004G238500	25.400765
SORBI_3004G238600	8.211767
SORBI_3004G238700	2.267278
SORBI_3004G238801	0
SORBI_3004G238900	13.233738
SORBI_3004G239000	0
ENSRNA049996318	0
SORBI_3004G239100	1.920817
SORBI_3004G239200	8.157696
SORBI_3004G239301	0
SORBI_3004G239400	0
SORBI_3004G239500	8.191088
SORBI_3004G239700	7.646779
SORBI_3004G239750	12.310815
SORBI_3004G239800	0
SORBI_3004G239901	6.123546
SORBI_3004G240000	3.972028
SORBI_3004G240100	1.357723
SORBI_3004G240250	0
SORBI_3004G240400	50.3362
SORBI_3004G240500	6.113611
SORBI_3004G240600	76.700891
SORBI_3004G240700	0
SORBI_3004G240800	34.416012
SORBI_3004G240900	25.238352
SORBI_3004G241000	0.553803
SORBI_3004G241100	16.630817
SORBI_3004G241200	1.719579
SORBI_3004G241300	0.362887
SORBI_3004G241400	28.468142
SORBI_3004G241500	2.155963
SORBI_3004G241600	7.723397
SORBI_3004G241700	5.268386
SORBI_3004G241800	21.759088
SORBI_3004G241850	0
SORBI_3004G241900	70.160021
SORBI_3004G242000	134.628498
SORBI_3004G242100	47.189112
SORBI_3004G242200	3.450065
SORBI_3004G242250	0
SORBI_3004G242300	8.261712
SORBI_3004G242400	105.097749
SORBI_3004G242500	16.328133
SORBI_3004G242600	0
SORBI_3004G242700	24.353731
SORBI_3004G242850	0.669815
SORBI_3004G242800	0
SORBI_3004G242900	0.219039
SORBI_3004G243000	10.775342
SORBI_3004G243100	42.681594
SORBI_3004G243200	0.250672
SORBI_3004G243300	0
SORBI_3004G243400	32.12127
SORBI_3004G243500	1.059523
SORBI_3004G243600	20.900834
SORBI_3004G243700	0
SORBI_3004G243800	8.357403
SORBI_3004G243900	0.110611
SORBI_3004G244000	130.561612
SORBI_3004G244100	303.627871
SORBI_3004G244200	0
SORBI_3004G244300	214.343969
SORBI_3004G244400	21.759065
SORBI_3004G244500	42.421141
SORBI_3004G244600	9.611048
SORBI_3004G244700	0
SORBI_3004G244800	1025.686002
SORBI_3004G244900	16.572238
SORBI_3004G245000	31.935835
SORBI_3004G245100	1.55911
SORBI_3004G245200	1.326024
SORBI_3004G245300	0
SORBI_3004G245400	0
SORBI_3004G245450	0
SORBI_3004G245500	1.351998
SORBI_3004G245600	0
SORBI_3004G245700	2.805059
SORBI_3004G245800	1.937913
SORBI_3004G245850	24.400149
SORBI_3004G245900	53.992856
SORBI_3004G246000	9.56441
SORBI_3004G246100	48.386534
SORBI_3004G246200	23.044853
SORBI_3004G246300	0
SORBI_3004G246400	81.74445
SORBI_3004G246500	2.648794
SORBI_3004G246600	1.134496
SORBI_3004G246700	19.706772
SORBI_3004G246800	1.956724
SORBI_3004G246900	49.580678
SORBI_3004G246950	0
SORBI_3004G247000	989.845043
SORBI_3004G247100	9.674588
SORBI_3004G247200	96.845081
SORBI_3004G247300	0
SORBI_3004G247400	35.108999
SORBI_3004G247500	1.834952
SORBI_3004G247600	123.84701
SORBI_3004G247650	0.226552
SORBI_3004G247700	22.222401
SORBI_3004G247800	31.741736
SORBI_3004G247900	0
SORBI_3004G248000	0.751808
SORBI_3004G248100	0
SORBI_3004G248200	0
SORBI_3004G248300	0
SORBI_3004G248400	11.85618
SORBI_3004G248500	0.212662
SORBI_3004G248600	31.149228
SORBI_3004G248700	2.573383
SORBI_3004G248800	42.223332
SORBI_3004G248900	11.9548
SORBI_3004G249000	0.65733
SORBI_3004G249100	61.836072
SORBI_3004G249200	0
SORBI_3004G249300	197.441258
SORBI_3004G249400	0.105457
SORBI_3004G249500	0.10643
SORBI_3004G249600	10.789946
SORBI_3004G249700	0
SORBI_3004G249800	94.559197
SORBI_3004G249900	3.61043
SORBI_3004G249950	0
SORBI_3004G250000	10.011828
SORBI_3004G250100	1.72046
SORBI_3004G250200	6.149803
SORBI_3004G250300	135.918831
SORBI_3004G250400	0
SORBI_3004G250500	35.453383
SORBI_3004G250600	3.595978
SORBI_3004G250700	21.829276
SORBI_3004G250800	0
SORBI_3004G250900	47.076507
SORBI_3004G251000	0
SORBI_3004G251100	0
SORBI_3004G251150	0
SORBI_3004G251200	22.952378
SORBI_3004G251300	171.215142
SORBI_3004G251350	0.274812
SORBI_3004G251400	0
SORBI_3004G251500	10.495849
SORBI_3004G251600	0
SORBI_3004G251701	0
SORBI_3004G251800	0.121451
SORBI_3004G251900	0
SORBI_3004G252000	74.001404
SORBI_3004G252100	143.989998
SORBI_3004G252200	1.842764
SORBI_3004G252250	0
SORBI_3004G252300	0
SORBI_3004G252400	1.930438
SORBI_3004G252500	10.736788
SORBI_3004G252600	0.438359
SORBI_3004G252700	0
ENSRNA049438783	0
SORBI_3004G252800	1.088931
SORBI_3004G252850	0
SORBI_3004G252900	56.373739
SORBI_3004G253000	113.655271
SORBI_3004G253050	7.23151
ENSRNA049481667	0
ENSRNA049481642	0
ENSRNA049481650	0
ENSRNA049481660	0
ENSRNA049481706	0
ENSRNA049481703	0
SORBI_3004G253100	20.526738
SORBI_3004G253200	0.181213
SORBI_3004G253300	0.431119
SORBI_3004G253400	19.752512
SORBI_3004G253500	0.315235
SORBI_3004G253601	20.009702
SORBI_3004G253700	0.579195
SORBI_3004G253800	0.287533
ENSRNA049481687	0
SORBI_3004G253900	51.412389
SORBI_3004G254000	17.852922
SORBI_3004G254100	0
SORBI_3004G254200	0
SORBI_3004G254300	0
SORBI_3004G254400	0
SORBI_3004G254500	0
SORBI_3004G254600	33.390267
SORBI_3004G254700	0
SORBI_3004G254800	99.109043
SORBI_3004G254900	0
SORBI_3004G255000	2.213254
SORBI_3004G255100	0
SORBI_3004G255200	2.753814
SORBI_3004G255300	2.022746
SORBI_3004G255400	8.090103
SORBI_3004G255500	12.496363
SORBI_3004G255550	0
SORBI_3004G255600	54.447205
SORBI_3004G255700	301.448221
SORBI_3004G255800	6.361915
SORBI_3004G255900	0
SORBI_3004G256000	73.597802
SORBI_3004G256100	0.246908
SORBI_3004G256200	0.889478
SORBI_3004G256300	56.522125
SORBI_3004G256400	0
SORBI_3004G256500	55.227921
SORBI_3004G256550	0
SORBI_3004G256600	652.697984
SORBI_3004G256700	41.01024
SORBI_3004G256800	14.875382
ENSRNA049438828	0
SORBI_3004G256900	1.403026
SORBI_3004G257000	37.21654
SORBI_3004G257100	55.308845
SORBI_3004G257200	41.310486
SORBI_3004G257300	505.270264
SORBI_3004G257350	57.990201
SORBI_3004G257400	66.971963
SORBI_3004G257500	0.092444
SORBI_3004G257600	0
SORBI_3004G257700	18.039709
SORBI_3004G257800	43.470981
SORBI_3004G257900	0
SORBI_3004G258000	0.303564
SORBI_3004G258200	1.854934
SORBI_3004G258300	5.160703
SORBI_3004G258400	3.141631
SORBI_3004G258450	0.035497
SORBI_3004G258500	0
SORBI_3004G258600	6.360105
SORBI_3004G258700	20.82052
SORBI_3004G258800	10.207743
SORBI_3004G258900	0
SORBI_3004G259000	52.296971
SORBI_3004G259101	2.034401
SORBI_3004G259200	688.444463
SORBI_3004G259300	7.544054
SORBI_3004G259366	14.221018
SORBI_3004G259432	17.374089
SORBI_3004G259500	32.067361
SORBI_3004G259600	6.805162
SORBI_3004G259700	309.188815
SORBI_3004G259800	2.024094
SORBI_3004G259900	16.3592
SORBI_3004G260000	88.590542
SORBI_3004G260100	134.046502
SORBI_3004G260200	91.239758
SORBI_3004G260250	0
SORBI_3004G260300	53.704702
SORBI_3004G260400	22.926666
SORBI_3004G260500	2.782715
SORBI_3004G260600	0
SORBI_3004G260700	0
SORBI_3004G260800	275.507823
SORBI_3004G260900	0
SORBI_3004G261000	0
SORBI_3004G261100	3.196373
SORBI_3004G261200	421.311701
SORBI_3004G261300	4.150589
SORBI_3004G261400	0
SORBI_3004G261500	64.529922
SORBI_3004G261600	35.552299
SORBI_3004G261700	11.232169
SORBI_3004G261800	7.275711
SORBI_3004G261900	50.921926
SORBI_3004G262000	26.404657
SORBI_3004G262100	0.749063
SORBI_3004G262200	5.151738
SORBI_3004G262300	41.898358
SORBI_3004G262400	5.045054
SORBI_3004G262500	18.393652
SORBI_3004G262550	0
SORBI_3004G262600	74.877248
SORBI_3004G262700	78.133893
SORBI_3004G262800	4.457463
SORBI_3004G262900	40.866993
SORBI_3004G263000	0.655115
SORBI_3004G263100	0
SORBI_3004G263200	11.150683
SORBI_3004G263300	10.894947
SORBI_3004G263400	25.449514
SORBI_3004G263500	66.687798
SORBI_3004G263600	16.845548
SORBI_3004G263700	0.348239
SORBI_3004G263800	39.28645
SORBI_3004G263900	36.790496
SORBI_3004G264000	5.711634
SORBI_3004G264100	0
SORBI_3004G264200	0
SORBI_3004G264300	100.743741
SORBI_3004G264400	110.658369
SORBI_3004G264450	0
SORBI_3004G264500	8.985172
SORBI_3004G264600	2.29692
SORBI_3004G264700	479.794649
ENSRNA049480719	0
SORBI_3004G264800	0
SORBI_3004G264900	31.302724
SORBI_3004G265000	1.272357
SORBI_3004G265066	0
SORBI_3004G265132	0.377663
SORBI_3004G265200	0
SORBI_3004G265300	1.064928
ENSRNA049480759	0
SORBI_3004G265400	4.492058
SORBI_3004G265500	20.060438
SORBI_3004G265600	44.381266
SORBI_3004G265700	61.348679
SORBI_3004G265800	30.374933
SORBI_3004G265900	72.944151
SORBI_3004G266000	78.97305
SORBI_3004G266100	0.474026
SORBI_3004G266200	0.649311
SORBI_3004G266300	0.979022
SORBI_3004G266400	36.207884
SORBI_3004G266500	0
SORBI_3004G266600	0
SORBI_3004G266700	0
SORBI_3004G266800	0.325559
SORBI_3004G266900	9.733215
SORBI_3004G267000	1.214208
SORBI_3004G267200	0.074254
SORBI_3004G267300	110.065593
SORBI_3004G267400	5.239721
SORBI_3004G267500	39.454253
SORBI_3004G267600	5.21522
SORBI_3004G267650	0
SORBI_3004G267700	34.533122
SORBI_3004G267800	11.581769
SORBI_3004G267900	10.706563
SORBI_3004G267950	0
SORBI_3004G268000	61.477272
SORBI_3004G268100	84.385299
SORBI_3004G268200	143.089348
SORBI_3004G268300	15.66516
SORBI_3004G268400	0.072042
SORBI_3004G268500	0.117955
SORBI_3004G268600	16.013978
SORBI_3004G268700	1149.973524
SORBI_3004G268800	0
SORBI_3004G268900	22.125617
SORBI_3004G269000	91.885961
SORBI_3004G269100	2.069723
SORBI_3004G269200	52.663118
SORBI_3004G269300	0
SORBI_3004G269400	9.327621
SORBI_3004G269500	3.681576
SORBI_3004G269600	2.399562
SORBI_3004G269700	14.414491
SORBI_3004G269800	49.182178
SORBI_3004G269900	0.585173
SORBI_3004G270000	115.983134
SORBI_3004G270100	0
SORBI_3004G270200	99.674729
SORBI_3004G270300	195.855929
SORBI_3004G270350	0
SORBI_3004G270400	2.14885
SORBI_3004G270500	35.038295
SORBI_3004G270600	1.585727
SORBI_3004G270700	0
SORBI_3004G270750	0
SORBI_3004G270800	5.107591
SORBI_3004G270900	0
SORBI_3004G271000	30.34062
SORBI_3004G271100	0
SORBI_3004G271200	6.375232
SORBI_3004G271300	0.402415
SORBI_3004G271350	0.499402
SORBI_3004G271400	63.888863
SORBI_3004G271500	5.844382
SORBI_3004G271600	47.433841
SORBI_3004G271700	98.020836
SORBI_3004G271800	0.068948
SORBI_3004G271900	45.025786
SORBI_3004G272000	0
SORBI_3004G272100	74.577527
SORBI_3004G272200	60.374967
SORBI_3004G272300	82.541672
SORBI_3004G272400	34.378276
SORBI_3004G272500	4.470829
SORBI_3004G272600	3.85546
SORBI_3004G272700	5.407444
SORBI_3004G272800	231.154155
SORBI_3004G272900	19.163125
SORBI_3004G272950	0.316605
SORBI_3004G273000	1.298397
SORBI_3004G273100	0.710324
SORBI_3004G273200	220.402488
SORBI_3004G273300	31.398619
SORBI_3004G273400	9.011903
SORBI_3004G273500	3.798063
SORBI_3004G273550	1.350806
SORBI_3004G273600	0.157443
SORBI_3004G273800	1.878798
SORBI_3004G273900	2.778841
SORBI_3004G274000	0
SORBI_3004G274100	9.852488
SORBI_3004G274200	14.724194
SORBI_3004G274300	0
SORBI_3004G274400	42.808721
SORBI_3004G274500	0.151423
SORBI_3004G274600	0
SORBI_3004G274700	20.858708
SORBI_3004G274800	29.901285
SORBI_3004G274900	7.870969
SORBI_3004G275000	44.393187
SORBI_3004G275100	3.402581
SORBI_3004G275200	96.088649
SORBI_3004G275400	1.869157
SORBI_3004G275500	0.216328
SORBI_3004G275600	97.385126
SORBI_3004G275700	141.981685
SORBI_3004G275800	0
SORBI_3004G275900	3.542395
SORBI_3004G276000	0
SORBI_3004G276100	125.632359
SORBI_3004G276133	2.659227
SORBI_3004G276166	0
SORBI_3004G276200	1.599094
SORBI_3004G276300	0.291382
SORBI_3004G276400	33.005303
SORBI_3004G276500	8.266424
SORBI_3004G276600	0
SORBI_3004G276700	7.232678
SORBI_3004G276800	0
SORBI_3004G276900	2.775001
SORBI_3004G277000	19.914698
SORBI_3004G277100	0
SORBI_3004G277200	34.514834
SORBI_3004G277300	0
SORBI_3004G277400	20.095115
SORBI_3004G277501	0
SORBI_3004G277600	0
SORBI_3004G277700	0
SORBI_3004G277800	0
SORBI_3004G277900	0
SORBI_3004G278000	21.186864
SORBI_3004G278100	2.628791
SORBI_3004G278200	74.187563
SORBI_3004G278300	4.875472
SORBI_3004G278400	20.604424
SORBI_3004G278500	44.576339
SORBI_3004G278600	10.98011
SORBI_3004G278650	1.134194
SORBI_3004G278700	3.012435
SORBI_3004G278800	0.389057
SORBI_3004G278900	3.218585
SORBI_3004G279000	7.939355
SORBI_3004G279100	138.279721
SORBI_3004G279150	0
SORBI_3004G279200	1.122736
SORBI_3004G279300	2.181051
SORBI_3004G279400	0
SORBI_3004G279500	20.295431
SORBI_3004G279601	0
SORBI_3004G279700	1.401257
SORBI_3004G279800	66.966755
SORBI_3004G279900	0
SORBI_3004G280000	2.021758
SORBI_3004G280100	38.811191
SORBI_3004G280200	553.886175
SORBI_3004G280301	0
SORBI_3004G280401	0
SORBI_3004G280500	0.194954
SORBI_3004G280600	0.169568
SORBI_3004G280700	56.624186
SORBI_3004G280800	43.910921
SORBI_3004G280900	279.409828
SORBI_3004G281000	0.157509
SORBI_3004G281200	34.663399
SORBI_3004G281300	34.63949
SORBI_3004G281400	6.805162
SORBI_3004G281500	0
SORBI_3004G281600	0.302101
SORBI_3004G281700	1.705587
SORBI_3004G281750	1.598477
SORBI_3004G281800	114.388427
SORBI_3004G281900	10.053681
SORBI_3004G282000	3.647007
SORBI_3004G282100	82.460658
SORBI_3004G282200	0
SORBI_3004G282301	0
SORBI_3004G282400	8.617174
SORBI_3004G282500	0.696446
SORBI_3004G282601	0.932997
SORBI_3004G282700	90.651961
SORBI_3004G282800	1.353022
SORBI_3004G282900	141.929537
SORBI_3004G282933	0
SORBI_3004G282966	0
SORBI_3004G283000	89.039592
SORBI_3004G283050	1.015025
SORBI_3004G283100	80.162577
SORBI_3004G283201	285.626978
SORBI_3004G283300	789.560555
SORBI_3004G283400	58.682339
SORBI_3004G283500	3.128686
SORBI_3004G283550	0
SORBI_3004G283600	103.142658
SORBI_3004G283700	19.222759
SORBI_3004G283800	0.547647
SORBI_3004G283900	0
SORBI_3004G284001	5.706305
SORBI_3004G284100	0
SORBI_3004G284200	3.574551
ENSRNA049480722	0
SORBI_3004G284300	10.28329
SORBI_3004G284400	13.968273
SORBI_3004G284500	100.382891
SORBI_3004G284600	1.19619
SORBI_3004G284700	1.738044
SORBI_3004G284800	16.356374
SORBI_3004G284900	41.410811
SORBI_3004G285000	27.507931
ENSRNA049996330	0
SORBI_3004G285100	0
SORBI_3004G285200	10.923516
SORBI_3004G285300	0
SORBI_3004G285400	9.442396
SORBI_3004G285450	0
SORBI_3004G285500	0.119392
SORBI_3004G285600	17.869238
SORBI_3004G285650	0
SORBI_3004G285700	5.541816
SORBI_3004G285800	26.967043
SORBI_3004G285900	122.367885
SORBI_3004G286000	2.974886
SORBI_3004G286100	7.622671
SORBI_3004G286200	2.304657
SORBI_3004G286250	0.016724
SORBI_3004G286301	0.49471
SORBI_3004G286351	0
SORBI_3004G286400	1.042667
SORBI_3004G286450	0
SORBI_3004G286500	22.624597
SORBI_3004G286600	4842.07403
SORBI_3004G286700	2.042752
SORBI_3004G286800	4.662353
SORBI_3004G286900	0.353483
ENSRNA049996301	0
SORBI_3004G287000	1.112477
SORBI_3004G287100	19.453263
SORBI_3004G287200	0
SORBI_3004G287300	12.008048
SORBI_3004G287400	2.075785
SORBI_3004G287500	0
ENSRNA049480702	0
SORBI_3004G287600	3.013643
SORBI_3004G287700	16.002033
SORBI_3004G287800	1.552627
SORBI_3004G287900	6.92269
SORBI_3004G288000	0
SORBI_3004G288100	65.716749
SORBI_3004G288200	1.47788
SORBI_3004G288300	0.283533
SORBI_3004G288400	0
SORBI_3004G288500	0.033869
SORBI_3004G288600	13.397682
SORBI_3004G288700	1012.445339
SORBI_3004G288800	0
SORBI_3004G288900	0
SORBI_3004G289000	0.221798
SORBI_3004G289100	0
SORBI_3004G289200	0
SORBI_3004G289300	0
SORBI_3004G289400	23.267279
SORBI_3004G289500	0
SORBI_3004G289600	2.851535
SORBI_3004G289700	0
SORBI_3004G289800	5.854479
SORBI_3004G289900	0
SORBI_3004G290000	39.769561
ENSRNA049996311	0
SORBI_3004G290100	55.690417
SORBI_3004G290200	6.496041
SORBI_3004G290300	0.07903
SORBI_3004G290400	0.993093
SORBI_3004G290500	0.21889
SORBI_3004G290600	1.914644
SORBI_3004G290800	17.232683
SORBI_3004G290850	0
SORBI_3004G290900	0.139544
SORBI_3004G291000	18.923213
SORBI_3004G291100	1.231198
SORBI_3004G291200	0
SORBI_3004G291300	0.284434
SORBI_3004G291400	20.083765
SORBI_3004G291500	0
SORBI_3004G291600	0
SORBI_3004G291700	0.802512
SORBI_3004G291800	0
SORBI_3004G291900	39.508529
SORBI_3004G292001	0
SORBI_3004G292100	0
SORBI_3004G292200	0
SORBI_3004G292250	0
SORBI_3004G292300	0
SORBI_3004G292400	0
SORBI_3004G292500	0
SORBI_3004G292600	0
SORBI_3004G292700	0
SORBI_3004G292800	0
SORBI_3004G292833	0
SORBI_3004G292866	0
SORBI_3004G292900	1.378673
SORBI_3004G293000	18.987637
SORBI_3004G293100	0.822764
SORBI_3004G293200	0.092702
SORBI_3004G293300	0
SORBI_3004G293400	0.414901
SORBI_3004G293500	432.653893
SORBI_3004G293600	0.562187
SORBI_3004G293700	106.060305
SORBI_3004G293800	0
SORBI_3004G293900	0
SORBI_3004G294000	0.245871
SORBI_3004G294100	0
SORBI_3004G294200	0
SORBI_3004G294300	0
SORBI_3004G294400	0
SORBI_3004G294500	0
SORBI_3004G294600	0.079269
SORBI_3004G294700	5.407209
SORBI_3004G294800	12.050741
SORBI_3004G294900	5.842915
SORBI_3004G295000	0
SORBI_3004G295050	0
SORBI_3004G295100	16.652198
SORBI_3004G295200	0.143038
SORBI_3004G295300	22.973218
SORBI_3004G295400	0.430405
SORBI_3004G295500	16.097892
SORBI_3004G295600	8.52085
SORBI_3004G295700	0
SORBI_3004G295800	110.738772
SORBI_3004G295900	10.27382
SORBI_3004G296000	33.348512
SORBI_3004G296100	0
SORBI_3004G296200	59.276561
SORBI_3004G296300	0.185067
SORBI_3004G296400	35.378866
SORBI_3004G296500	52.361437
SORBI_3004G296600	72.716112
SORBI_3004G296700	27.679942
SORBI_3004G296750	0
SORBI_3004G296800	14.387364
SORBI_3004G296900	1.618345
SORBI_3004G297000	8.409515
SORBI_3004G297100	35.638956
SORBI_3004G297200	30.576728
SORBI_3004G297300	92.901306
SORBI_3004G297400	13.522193
SORBI_3004G297500	14.6803
SORBI_3004G297600	30.428251
SORBI_3004G297700	240.837768
SORBI_3004G297800	2.45993
SORBI_3004G297900	0.362042
SORBI_3004G297950	2.134852
SORBI_3004G298000	2.460201
SORBI_3004G298100	42.694586
SORBI_3004G298200	1.975885
SORBI_3004G298250	0
SORBI_3004G298300	41.46908
SORBI_3004G298400	0
SORBI_3004G298500	13.881094
SORBI_3004G298600	1.095334
SORBI_3004G298700	0.813175
ENSRNA049480693	962.827276
ENSRNA049480690	73.042069
ENSRNA049480699	54.781552
SORBI_3004G298800	7.897984
ENSRNA049480697	0
ENSRNA049480677	0
ENSRNA049480731	0
ENSRNA049480746	0
ENSRNA049480751	91.302587
ENSRNA049480696	0
ENSRNA049480688	69.005487
SORBI_3004G298900	35.259531
SORBI_3004G299000	2.084349
SORBI_3004G299200	0
SORBI_3004G299300	37.60691
SORBI_3004G299401	1.930557
SORBI_3004G299500	0.318374
SORBI_3004G299600	0.17077
SORBI_3004G299700	0.08119
SORBI_3004G299850	15.732851
SORBI_3004G300000	39.72237
SORBI_3004G300100	16.563068
SORBI_3004G300200	0.082832
SORBI_3004G300300	10.114565
SORBI_3004G300400	0
ENSRNA049996294	0
SORBI_3004G300500	8.598563
SORBI_3004G300600	3.634326
SORBI_3004G300701	0
SORBI_3004G300800	16.938382
SORBI_3004G300900	90.765395
SORBI_3004G301000	5.163614
SORBI_3004G301100	33.583715
SORBI_3004G301200	23.587564
SORBI_3004G301250	0
SORBI_3004G301300	0
SORBI_3004G301400	13.517151
SORBI_3004G301500	0.334881
SORBI_3004G301600	0
SORBI_3004G301650	0
SORBI_3004G301700	108.753142
SORBI_3004G301800	0.300917
SORBI_3004G301900	76.840571
SORBI_3004G302000	0.196788
SORBI_3004G302100	0
SORBI_3004G302150	45.872125
SORBI_3004G302200	107.725088
SORBI_3004G302300	0.365484
SORBI_3004G302400	0.170175
SORBI_3004G302500	19.759291
SORBI_3004G302550	0
SORBI_3004G302600	7.753323
ENSRNA049438917	0
SORBI_3004G302700	0
SORBI_3004G302800	127.302606
SORBI_3004G302900	9.14082
SORBI_3004G303000	8.4717
SORBI_3004G303100	2.800107
SORBI_3004G303150	0
ENSRNA049439138	0
SORBI_3004G303200	69.169218
SORBI_3004G303300	3.553967
SORBI_3004G303400	0
SORBI_3004G303433	0
ENSRNA049480754	0
SORBI_3004G303466	0
SORBI_3004G303500	4.914696
SORBI_3004G303550	0.29468
SORBI_3004G303600	37.008712
SORBI_3004G303700	0
SORBI_3004G303800	0.235897
SORBI_3004G303900	0
SORBI_3004G304000	1.97995
SORBI_3004G304100	8.455043
SORBI_3004G304200	1.724494
SORBI_3004G304300	1.409664
SORBI_3004G304400	2.842362
SORBI_3004G304475	0
SORBI_3004G304550	0.082623
SORBI_3004G304625	0.280037
SORBI_3004G304700	0.054441
SORBI_3004G304800	67.17412
SORBI_3004G304900	23.842615
SORBI_3004G305000	262.134035
SORBI_3004G305100	3.873341
SORBI_3004G305200	7.44049
SORBI_3004G305300	0
SORBI_3004G305400	19.115186
SORBI_3004G305500	0.3585
SORBI_3004G305600	87.269125
SORBI_3004G305700	39.406436
SORBI_3004G305733	0.291249
SORBI_3004G305766	0
SORBI_3004G305800	19.309036
SORBI_3004G305900	36.330588
SORBI_3004G306100	15.325012
SORBI_3004G306200	208.030149
SORBI_3004G306300	15.03673
SORBI_3004G306400	99.024984
SORBI_3004G306500	611.16742
SORBI_3004G306700	3.588615
SORBI_3004G306800	17.88031
SORBI_3004G306900	0.105348
SORBI_3004G307000	0
SORBI_3004G307100	77.739204
SORBI_3004G307200	1.131229
SORBI_3004G307300	10.352479
SORBI_3004G307400	12.925416
SORBI_3004G307500	138.70967
SORBI_3004G307600	34.396026
SORBI_3004G307700	23.937326
SORBI_3004G307800	0.847918
SORBI_3004G307900	0.285741
SORBI_3004G308000	0.161519
SORBI_3004G308100	11.604799
SORBI_3004G308200	7.312498
SORBI_3004G308300	0
SORBI_3004G308400	184.958488
SORBI_3004G308500	0
SORBI_3004G308600	2.557222
SORBI_3004G308700	7.974931
ENSRNA049480706	0
SORBI_3004G308800	0.131053
SORBI_3004G308900	41.940209
SORBI_3004G309000	0
SORBI_3004G309100	0
ENSRNA049439126	0
SORBI_3004G309200	1.927018
SORBI_3004G309300	95.163497
SORBI_3004G309400	19.976455
SORBI_3004G309500	146.882121
SORBI_3004G309600	130.215968
SORBI_3004G309700	0
SORBI_3004G309800	89.129486
SORBI_3004G309900	20.543108
SORBI_3004G310000	0
SORBI_3004G310100	0
SORBI_3004G310200	1.485341
SORBI_3004G310300	296.538351
SORBI_3004G310350	0
SORBI_3004G310400	0.103023
SORBI_3004G310500	57.415981
SORBI_3004G310600	114.237132
SORBI_3004G310700	16.636177
SORBI_3004G310800	1.267135
SORBI_3004G310900	35.902594
SORBI_3004G311000	19.702245
SORBI_3004G311100	112.107697
SORBI_3004G311200	5.419716
SORBI_3004G311300	13.771307
SORBI_3004G311400	27.694909
SORBI_3004G311500	414.035177
SORBI_3004G311550	0
SORBI_3004G311600	0.080139
SORBI_3004G311750	0
ENSRNA049996275	0
ENSRNA049996287	0
SORBI_3004G311900	9.001731
SORBI_3004G312000	2.349793
SORBI_3004G312100	25.096761
SORBI_3004G312200	0.767544
SORBI_3004G312300	8.771854
SORBI_3004G312400	0.24317
SORBI_3004G312500	6.734571
SORBI_3004G312600	45.866641
SORBI_3004G312700	5.17749
SORBI_3004G312800	10.896942
SORBI_3004G312900	2.329748
SORBI_3004G313000	0
SORBI_3004G313100	249.453329
SORBI_3004G313200	7.362136
SORBI_3004G313300	68.908343
SORBI_3004G313400	0
SORBI_3004G313500	3.203609
SORBI_3004G313700	2.541844
SORBI_3004G313750	0.610394
SORBI_3004G313800	0
SORBI_3004G313900	0.268733
SORBI_3004G314000	13.992797
SORBI_3004G314100	0
SORBI_3004G314200	0
SORBI_3004G314300	0
ENSRNA049480683	0
SORBI_3004G314400	16.258767
SORBI_3004G314500	64.194969
SORBI_3004G314700	6.134181
SORBI_3004G314750	0
SORBI_3004G314800	5.670968
SORBI_3004G314900	0
SORBI_3004G315000	0.550845
SORBI_3004G315100	9.759851
SORBI_3004G315200	71.824701
SORBI_3004G315300	0.334477
SORBI_3004G315400	14.681767
SORBI_3004G315500	31.289527
SORBI_3004G315600	181.543184
SORBI_3004G315700	22.17083
SORBI_3004G315800	180.724574
SORBI_3004G315850	0
SORBI_3004G315900	0
SORBI_3004G316000	0
SORBI_3004G316100	0
SORBI_3004G316200	0
SORBI_3004G316300	0
SORBI_3004G316350	0
SORBI_3004G316400	0
SORBI_3004G316500	2.964809
SORBI_3004G316600	0.385471
SORBI_3004G316700	32.745853
SORBI_3004G316800	10.883164
SORBI_3004G316900	12.579552
SORBI_3004G317000	2.185933
SORBI_3004G317050	0
SORBI_3004G317100	33.161372
SORBI_3004G317200	0
SORBI_3004G317300	25.598614
SORBI_3004G317401	0
SORBI_3004G317500	70.916177
SORBI_3004G317600	63.055748
SORBI_3004G317700	78.256279
SORBI_3004G317800	1.145329
SORBI_3004G317900	5.048927
SORBI_3004G318000	56.949673
SORBI_3004G318100	91.216786
SORBI_3004G318200	10.620662
SORBI_3004G318300	0
SORBI_3004G318400	3.677497
SORBI_3004G318600	0.063156
SORBI_3004G318700	0.719581
SORBI_3004G318800	0
SORBI_3004G318900	0.547661
SORBI_3004G319000	5.843768
SORBI_3004G319050	0
SORBI_3004G319100	1.856671
SORBI_3004G319300	124.077297
SORBI_3004G319400	10.408082
SORBI_3004G319500	0.232589
SORBI_3004G319600	7.514645
SORBI_3004G319700	59.979071
SORBI_3004G319800	10.951907
SORBI_3004G319900	15.712912
SORBI_3004G320000	107.94692
SORBI_3004G320100	32.812925
SORBI_3004G320200	0.126174
SORBI_3004G320300	1.568916
SORBI_3004G320401	0.107423
ENSRNA049996260	0
SORBI_3004G320500	58.119883
SORBI_3004G320600	0.192106
SORBI_3004G320700	9.020495
ENSRNA049480741	0
ENSRNA049439111	0
SORBI_3004G320800	103.404743
SORBI_3004G320900	0
SORBI_3004G321000	4.169782
SORBI_3004G321100	86.004509
SORBI_3004G321200	0.649483
SORBI_3004G321300	578.824231
SORBI_3004G321400	0.289047
SORBI_3004G321500	0
SORBI_3004G321600	0
SORBI_3004G321700	5.426977
SORBI_3004G321800	12.865979
SORBI_3004G321900	115.395058
SORBI_3004G322000	0
SORBI_3004G322100	0
SORBI_3004G322200	98.583893
SORBI_3004G322300	8.149923
SORBI_3004G322400	37.171636
SORBI_3004G322500	0.11665
SORBI_3004G322550	0
SORBI_3004G322600	56.714754
SORBI_3004G322650	0
SORBI_3004G322700	61.369031
SORBI_3004G322800	0.233069
SORBI_3004G322901	0
SORBI_3004G323000	0
SORBI_3004G323100	0
SORBI_3004G323200	0
SORBI_3004G323300	0
SORBI_3004G323400	43.994707
SORBI_3004G323500	0.527221
SORBI_3004G323600	34.290055
SORBI_3004G323700	26.967659
SORBI_3004G323800	5.0998
SORBI_3004G323900	5.311537
SORBI_3004G324000	0.268411
SORBI_3004G324100	168.526952
SORBI_3004G324200	0
SORBI_3004G324300	0
SORBI_3004G324350	0
SORBI_3004G324400	0
SORBI_3004G324500	0
SORBI_3004G324600	0.39118
SORBI_3004G324700	0
SORBI_3004G324800	0
SORBI_3004G324900	1.423207
SORBI_3004G324950	0
SORBI_3004G325000	0.492802
SORBI_3004G325100	22.517986
SORBI_3004G325150	0
SORBI_3004G325200	17.518313
SORBI_3004G325300	0
SORBI_3004G325400	24.4731
SORBI_3004G325500	0
SORBI_3004G325600	7.427593
SORBI_3004G325700	201.931631
SORBI_3004G325766	0
SORBI_3004G325832	0
SORBI_3004G325900	112.064833
SORBI_3004G326000	4.534361
SORBI_3004G326100	2.386604
SORBI_3004G326300	126.418966
SORBI_3004G326200	11.642823
SORBI_3004G326400	42.049501
SORBI_3004G326500	0.631681
SORBI_3004G326600	162.854392
SORBI_3004G326650	0.244925
SORBI_3004G326700	0
SORBI_3004G326800	0
SORBI_3004G326900	29.405136
SORBI_3004G327000	0
SORBI_3004G327100	8.568831
SORBI_3004G327150	1.680293
SORBI_3004G327200	8.880117
SORBI_3004G327300	116.571765
SORBI_3004G327400	18.903168
SORBI_3004G327500	60.55096
SORBI_3004G327600	0.521301
SORBI_3004G327700	3.841616
SORBI_3004G327800	111.439687
SORBI_3004G327900	0.140749
SORBI_3004G328000	46.740189
SORBI_3004G328100	2.725299
SORBI_3004G328200	0
SORBI_3004G328300	1.076804
SORBI_3004G328400	84.885041
SORBI_3004G328500	0
SORBI_3004G328601	0
SORBI_3004G328700	0
SORBI_3004G328800	0
SORBI_3004G328900	0
SORBI_3004G329000	0
SORBI_3004G329100	0.759813
SORBI_3004G329201	4.352349
SORBI_3004G329300	126.387864
SORBI_3004G329400	14.19014
SORBI_3004G329500	0
SORBI_3004G329600	0
SORBI_3004G329700	0
SORBI_3004G329800	0.825689
SORBI_3004G330000	13.304265
SORBI_3004G330100	0
SORBI_3004G330200	0
SORBI_3004G330300	0
SORBI_3004G330400	0
ENSRNA049480725	0
SORBI_3004G330500	0
SORBI_3004G330600	32.937136
SORBI_3004G330700	5.819715
SORBI_3004G330800	2.059712
SORBI_3004G330900	5.439273
SORBI_3004G331000	26.489831
SORBI_3004G331100	22.333957
SORBI_3004G331200	0.750175
SORBI_3004G331300	0
SORBI_3004G331400	118.743936
SORBI_3004G331500	0
SORBI_3004G331600	3.559386
SORBI_3004G331700	293.497421
SORBI_3004G331800	364.076152
SORBI_3004G331900	49.491832
SORBI_3004G332000	7.607811
SORBI_3004G332100	11.195524
SORBI_3004G332200	0.136671
ENSRNA049480687	0
SORBI_3004G332300	32.061484
SORBI_3004G332400	18.493507
SORBI_3004G332500	2.376804
SORBI_3004G332600	1.509688
SORBI_3004G332700	0
SORBI_3004G332800	7.159921
SORBI_3004G332900	20.176502
SORBI_3004G333000	0
SORBI_3004G333100	66.659993
SORBI_3004G333150	0
SORBI_3004G333200	2.689531
SORBI_3004G333300	1.134194
SORBI_3004G333400	43.269978
SORBI_3004G333500	76.195331
SORBI_3004G333600	0.32176
SORBI_3004G333700	7.693911
SORBI_3004G333800	86.134818
SORBI_3004G333900	0.331074
SORBI_3004G334000	266.82214
SORBI_3004G334100	6.705564
SORBI_3004G334200	11.599757
SORBI_3004G334300	33.999374
SORBI_3004G334400	27.997759
SORBI_3004G334501	0.946599
SORBI_3004G334601	1.366115
SORBI_3004G334700	0
ENSRNA049480685	0
SORBI_3004G334800	12.010077
SORBI_3004G334900	0
SORBI_3004G335000	97.604842
SORBI_3004G335100	0
SORBI_3004G335200	0
SORBI_3004G335300	0.040495
ENSRNA049996269	0
ENSRNA049996250	0
SORBI_3004G335400	0
SORBI_3004G335500	0
SORBI_3004G335600	110.957696
SORBI_3004G335700	67.681594
SORBI_3004G335800	23.023817
SORBI_3004G335900	3.403475
SORBI_3004G336000	39.112004
SORBI_3004G336100	6.359557
SORBI_3004G336200	30.430884
SORBI_3004G336300	15.547157
SORBI_3004G336401	0
SORBI_3004G336500	23.839389
SORBI_3004G336600	64.464155
SORBI_3004G336700	5.582241
ENSRNA049480743	0
SORBI_3004G336800	0.17712
SORBI_3004G337000	22.120036
SORBI_3004G337066	0
ENSRNA049480679	0
SORBI_3004G337132	0
SORBI_3004G337200	172.45968
SORBI_3004G337300	13.744813
SORBI_3004G337400	36.238667
SORBI_3004G337500	166.608229
SORBI_3004G337600	0
SORBI_3004G337700	0
SORBI_3004G337800	55.833191
ENSRNA049996225	0
SORBI_3004G337850	0
SORBI_3004G337900	233.253509
SORBI_3004G337925	7.335573
SORBI_3004G337950	0
SORBI_3004G337975	0
SORBI_3004G338000	2.031536
SORBI_3004G338100	1.57721
SORBI_3004G338200	20.328082
SORBI_3004G338300	34.866303
SORBI_3004G338400	0.040202
SORBI_3004G338500	4.163097
SORBI_3004G338600	0
SORBI_3004G338701	0
SORBI_3004G338800	0.064698
SORBI_3004G338900	0
SORBI_3004G339000	10.104939
SORBI_3004G339100	26.81194
SORBI_3004G339200	117.696231
SORBI_3004G339300	24.752437
ENSRNA049439003	0
SORBI_3004G339400	7.068725
SORBI_3004G339500	0.074751
SORBI_3004G339600	42.391136
SORBI_3004G339700	5.84098
SORBI_3004G339800	35.068747
SORBI_3004G339900	4.844209
SORBI_3004G340000	0
SORBI_3004G340100	34.350043
SORBI_3004G340200	0.718074
SORBI_3004G340300	0
SORBI_3004G340400	47.101637
SORBI_3004G340500	0.295083
SORBI_3004G340566	0.928707
SORBI_3004G340632	2.548524
SORBI_3004G340700	1.389852
SORBI_3004G340800	24.959883
SORBI_3004G340900	8.999883
SORBI_3004G341000	2.376929
SORBI_3004G341100	83.197826
SORBI_3004G341200	214.523593
SORBI_3004G341300	8.236446
SORBI_3004G341500	0.107225
SORBI_3004G341600	1.445386
SORBI_3004G341700	18.344623
SORBI_3004G341800	116.348592
SORBI_3004G341900	36.42077
SORBI_3004G342000	0
SORBI_3004G342100	8.736354
SORBI_3004G342200	5.844148
SORBI_3004G342300	7.879827
SORBI_3004G342400	737.387894
SORBI_3004G342500	3.270232
SORBI_3004G342600	10.165326
SORBI_3004G342700	0
SORBI_3004G342800	0
SORBI_3004G342900	0
SORBI_3004G343000	2.86909
SORBI_3004G343100	4.24457
SORBI_3004G343300	26.493668
SORBI_3004G343200	128.105189
SORBI_3004G343400	16.484046
SORBI_3004G343500	16.330017
SORBI_3004G343600	14.533244
SORBI_3004G343700	0.795692
SORBI_3004G343733	0.194748
SORBI_3004G343766	0
SORBI_3004G343800	1.917083
SORBI_3004G343900	11.213041
SORBI_3004G344000	26.883143
SORBI_3004G344100	0
SORBI_3004G344200	4.554832
SORBI_3004G344301	0
SORBI_3004G344400	0.857578
SORBI_3004G344500	29.240023
SORBI_3004G344600	29.939613
SORBI_3004G344700	31.991934
SORBI_3004G344800	185.557492
SORBI_3004G344901	52.641538
SORBI_3004G345100	13.466276
SORBI_3004G345001	0
SORBI_3004G345200	0.246918
SORBI_3004G345300	0.144755
SORBI_3004G345400	25.661232
SORBI_3004G345500	44.970162
SORBI_3004G345600	55.0666
SORBI_3004G345700	31.408517
SORBI_3004G345800	335.964674
SORBI_3004G345900	20.667823
SORBI_3004G346000	16.584086
SORBI_3004G346100	13.066801
SORBI_3004G346200	1.502324
SORBI_3004G346300	0
SORBI_3004G346400	16.480101
SORBI_3004G346500	0
SORBI_3004G346600	0
SORBI_3004G346750	0.72197
SORBI_3004G346700	0
SORBI_3004G346800	0
ENSRNA049996235	0
SORBI_3004G347000	0
SORBI_3004G347100	28.278487
SORBI_3004G347200	0
SORBI_3004G347300	12.475139
SORBI_3004G347400	50.034019
SORBI_3004G347500	19.722152
SORBI_3004G347600	132.427238
SORBI_3004G347700	2.040667
SORBI_3004G347800	521.374892
SORBI_3004G347833	0
SORBI_3004G347866	0
SORBI_3004G347900	28.334209
SORBI_3004G348000	0
SORBI_3004G348100	16.433428
SORBI_3004G348200	0
SORBI_3004G348300	168.186107
SORBI_3004G348400	0.456061
SORBI_3004G348500	0
SORBI_3004G348600	7.223638
SORBI_3004G348700	1.411086
SORBI_3004G348800	0
SORBI_3004G348900	19.353461
SORBI_3004G349000	81.914786
SORBI_3004G349100	109.781927
SORBI_3004G349125	0.086048
SORBI_3004G349150	0
SORBI_3004G349175	7.293204
SORBI_3004G349237	0.096396
SORBI_3004G349300	2.47365
SORBI_3004G349400	9.155896
SORBI_3004G349450	0
SORBI_3004G349500	0
SORBI_3004G349550	0
SORBI_3004G349600	0
SORBI_3004G349650	0
SORBI_3004G349700	253.557904
ENSRNA049480714	0
ENSRNA049480709	0
SORBI_3004G349800	96.992291
SORBI_3004G349900	17.726123
SORBI_3004G350000	83.667441
SORBI_3004G350100	100.999159
SORBI_3004G350200	69.213962
SORBI_3004G350300	119.32787
SORBI_3004G350400	0
SORBI_3004G350500	0
SORBI_3004G350600	2.640836
SORBI_3004G350700	44.451981
SORBI_3004G350800	0.989293
SORBI_3004G350900	1.691422
SORBI_3004G351000	1.984839
SORBI_3004G351100	75.059893
SORBI_3004G351200	123.861188
SORBI_3004G351300	13.465465
SORBI_3004G351400	4.499616
SORBI_3004G351500	168.764235
SORBI_3004G351600	5.60712
SORBI_3004G351700	0
SORBI_3004G351800	3.755573
SORBI_3004G351866	0
SORBI_3004G351932	0
SORBI_3004G352000	0.303675
ENSRNA049439048	0
SORBI_3004G352100	39.738146
SORBI_3004G352200	43.057127
SORBI_3004G352301	11.188523
SORBI_3004G352400	0
SORBI_3004G352500	45.632742
SORBI_3004G352600	14.596194
SORBI_3004G352700	9.442594
SORBI_3004G352750	0.408898
SORBI_3004G352800	0.22993
SORBI_3004G352900	7.009412
SORBI_3004G353000	114.639716
SORBI_3004G353100	53.596516
SORBI_3004G353200	107.03926
SORBI_3004G353300	6.895528
SORBI_3004G353400	60.842995
SORBI_3004G353500	37.906762
SORBI_3004G353600	121.97277
SORBI_3004G353650	1.108989
SORBI_3004G353700	0.087075
SORBI_3004G353800	50.913797
SORBI_3004G353900	6.263518
SORBI_3004G354000	2.978242
SORBI_3004G354100	19.880087
SORBI_3004G354200	0
SORBI_3004G354301	2.680503
SORBI_3004G354400	24.411106
SORBI_3004G354500	0.315707
SORBI_3004G354600	0.319847
SORBI_3004G354700	6.962521
SORBI_3004G354800	0.339491
SORBI_3004G355000	33.992047
SORBI_3004G355101	0
SORBI_3004G355200	50.657692
SORBI_3004G355300	11.753726
SORBI_3004G355401	0.400558
ENSRNA049996244	0
SORBI_3004G355500	0.106728
SORBI_3004G355600	0
SORBI_3004G355700	30.64073
SORBI_3004G355750	0
SORBI_3004G355800	8.608998
SORBI_3004G355900	0
SORBI_3004G356000	3.743805
SORBI_3004G356100	34.306112
SORBI_3004G356200	13.457293
SORBI_3004G356300	3.719338
SORBI_3004G356400	5.842292
SORBI_3004G356500	32.995269
SORBI_3004G356600	1.364069
SORBI_3004G356700	101.865482
SORBI_3004G356800	14.42256
SORBI_3004G356900	214.968345
SORBI_3004G357000	2.481125
SORBI_3004G357033	0
SORBI_3004G357066	0
SORBI_3004G357100	13.544933
SORBI_3004G357200	14.582936
SORBI_3004G357300	7.879851
SORBI_3004G357400	20.059499
SORBI_3004G357500	1.193335
SORBI_3004G357600	0
SORBI_3004G357700	58.029645
SORBI_3004G357800	3.055269
SORBI_3004G357900	4.641625
SORBI_3004G358000	1.029224
SORBI_3004G358100	0
SORBI_3004G358150	0
SORBI_3004G358200	0.816647
SORBI_3004G358301	5.854141
SORBI_3004G358400	173.991943
SORBI_3004G358500	17.897451
SORBI_3004G358600	7.718278
SORBI_3004G358700	10.26562
SORBI_3004G358800	0
SORBI_3004G358900	31.987839
SORBI_3004G359100	33.061983
SORBI_3004G359150	0
SORBI_3004G359200	6.33791
SORBI_3004G359300	0.041595
SORBI_3004G359400	0.434564
SORBI_3004G359500	0
SORBI_3004G359600	15.378942
SORBI_3004G359700	19.789479
SORBI_3004G359800	4.364059
SORBI_3004G359900	0
SORBI_3005G000100	20.923713
SORBI_3005G000200	0.358144
SORBI_3005G000300	6.826459
SORBI_3005G000400	0
SORBI_3005G000500	0.371638
SORBI_3005G000650	0.385993
SORBI_3005G000800	56.397193
SORBI_3005G000900	0
SORBI_3005G001000	20.9685
SORBI_3005G001100	22.119806
SORBI_3005G001200	0
SORBI_3005G001300	3.664669
SORBI_3005G001400	18.364603
SORBI_3005G001500	0
SORBI_3005G001600	4.215464
SORBI_3005G001700	6.669422
SORBI_3005G001800	102.106197
SORBI_3005G001900	90.088174
SORBI_3005G002000	28.571311
SORBI_3005G002050	0.043579
SORBI_3005G002100	0
SORBI_3005G002300	7.242766
SORBI_3005G002350	0
SORBI_3005G002400	12.042638
SORBI_3005G002500	0
SORBI_3005G002600	30.129418
SORBI_3005G002700	0
SORBI_3005G002800	0.070807
SORBI_3005G002900	26.874945
SORBI_3005G003001	0
SORBI_3005G003100	0
SORBI_3005G003200	90.1607
SORBI_3005G003300	194.880801
SORBI_3005G003400	50.89791
SORBI_3005G003500	103.755968
SORBI_3005G003600	3.463999
SORBI_3005G003700	0
SORBI_3005G003750	0
SORBI_3005G003800	27.910902
ENSRNA049439707	0
SORBI_3005G003900	11.713331
SORBI_3005G004000	6.65213
SORBI_3005G004100	10.265776
SORBI_3005G004200	25.964474
SORBI_3005G004300	23.136934
ENSRNA049439718	0
SORBI_3005G004400	110.635892
SORBI_3005G004500	89.100046
SORBI_3005G004600	0
SORBI_3005G004700	0
SORBI_3005G004800	0.83478
SORBI_3005G004900	0.745231
SORBI_3005G005000	1.308067
SORBI_3005G005100	0
SORBI_3005G005200	1.121078
SORBI_3005G005300	0.621361
SORBI_3005G005400	9.69315
SORBI_3005G005500	180.610271
SORBI_3005G005600	8.768609
ENSRNA049440399	0
SORBI_3005G005650	0
SORBI_3005G005700	0
SORBI_3005G005800	0
SORBI_3005G006000	0
SORBI_3005G006100	0
SORBI_3005G006300	0
SORBI_3005G006400	0
SORBI_3005G006500	0
SORBI_3005G006701	0
SORBI_3005G006900	0
SORBI_3005G007000	0
SORBI_3005G007101	0
SORBI_3005G007200	0
SORBI_3005G007500	0
SORBI_3005G007600	0
SORBI_3005G007700	3.07782
SORBI_3005G007800	3.823614
SORBI_3005G007900	0
SORBI_3005G008001	0.982227
SORBI_3005G008101	0
SORBI_3005G008201	0
SORBI_3005G008301	0
SORBI_3005G008400	1.163024
SORBI_3005G008500	2.422262
SORBI_3005G008600	11.099395
SORBI_3005G008700	0
SORBI_3005G008800	34.367434
SORBI_3005G008850	0
SORBI_3005G008900	0
SORBI_3005G009100	5.971111
SORBI_3005G009200	43.104571
SORBI_3005G009300	3.743484
ENSRNA049440390	0
SORBI_3005G009400	0
SORBI_3005G009500	0
SORBI_3005G009600	0
SORBI_3005G009700	0
SORBI_3005G009900	0
SORBI_3005G010000	0
SORBI_3005G010100	0.440033
SORBI_3005G010200	42.380667
SORBI_3005G010300	0
SORBI_3005G010400	0
SORBI_3005G010500	2.202453
SORBI_3005G010600	0.681382
SORBI_3005G010900	27.293549
SORBI_3005G010800	0
ENSRNA049481149	0
SORBI_3005G011000	2.162645
ENSRNA049440379	0
SORBI_3005G011100	0
SORBI_3005G011200	6.533542
SORBI_3005G011300	17.209959
SORBI_3005G011400	11.983083
SORBI_3005G011500	0.343262
SORBI_3005G011700	0
SORBI_3005G011900	0
SORBI_3005G012000	7.174297
SORBI_3005G012100	0
SORBI_3005G012200	10.281818
SORBI_3005G012400	15.994853
SORBI_3005G012600	0
SORBI_3005G012700	1.962405
SORBI_3005G012800	1.377178
SORBI_3005G013000	4.733462
SORBI_3005G012900	0
SORBI_3005G013050	5.766256
SORBI_3005G013200	21.020547
SORBI_3005G013300	52.544581
SORBI_3005G013400	0.424405
SORBI_3005G013500	1.270636
SORBI_3005G013550	0
SORBI_3005G013600	44.700319
SORBI_3005G013700	0
SORBI_3005G013800	0
SORBI_3005G013901	0.096365
SORBI_3005G014000	0.763107
SORBI_3005G014100	0
SORBI_3005G014200	0
SORBI_3005G014300	10.870389
SORBI_3005G014400	2.140588
SORBI_3005G014500	0
SORBI_3005G014600	2.704276
SORBI_3005G014700	49.725365
SORBI_3005G014800	2.124585
SORBI_3005G014950	8.37366
SORBI_3005G015100	7.976883
SORBI_3005G015200	55.842174
SORBI_3005G015300	1.606406
SORBI_3005G015450	6.76236
SORBI_3005G015600	14.983104
SORBI_3005G015700	25.164167
SORBI_3005G015900	3.297819
SORBI_3005G016100	9.452668
SORBI_3005G016200	0
SORBI_3005G016300	0
SORBI_3005G016400	0
SORBI_3005G016500	0
SORBI_3005G016550	0
SORBI_3005G016600	0.119375
SORBI_3005G016700	0.203636
SORBI_3005G016800	6.127431
SORBI_3005G016900	9.396611
SORBI_3005G017000	24.52636
SORBI_3005G017100	3.541321
SORBI_3005G017150	0
SORBI_3005G017200	66.488501
SORBI_3005G017300	46.280238
SORBI_3005G017400	0
SORBI_3005G017500	1.991342
SORBI_3005G017566	0.626256
SORBI_3005G017632	0
SORBI_3005G017700	5.797655
SORBI_3005G017801	0
SORBI_3005G017900	1.830935
SORBI_3005G018050	5.494863
SORBI_3005G018200	138.170688
SORBI_3005G018300	3.578307
SORBI_3005G018400	0.44697
SORBI_3005G018500	5.918969
SORBI_3005G018600	0
SORBI_3005G018700	16.781249
SORBI_3005G018800	158.83624
SORBI_3005G018900	0.477023
SORBI_3005G019000	0
SORBI_3005G019100	9.833539
SORBI_3005G019200	4.391097
SORBI_3005G019250	0
SORBI_3005G019300	0
SORBI_3005G019350	0
SORBI_3005G019400	1.151414
SORBI_3005G019500	25.056212
SORBI_3005G019600	11.223248
SORBI_3005G019650	0
SORBI_3005G019700	84.880107
SORBI_3005G019750	0
SORBI_3005G019800	11.503069
SORBI_3005G019900	0.502424
SORBI_3005G020000	2.391159
SORBI_3005G020100	0
SORBI_3005G020200	0
SORBI_3005G020300	57.725495
SORBI_3005G020400	0.174522
SORBI_3005G020501	0
SORBI_3005G020600	0.137721
SORBI_3005G020700	26.085368
SORBI_3005G020800	0
SORBI_3005G020900	31.231202
SORBI_3005G021000	2.403921
SORBI_3005G021100	0
SORBI_3005G021200	8.184498
ENSRNA049440351	0
SORBI_3005G021300	0.456768
SORBI_3005G021400	0
SORBI_3005G021500	28.487819
SORBI_3005G021600	9.281929
SORBI_3005G021700	1.625584
SORBI_3005G021800	7.437914
SORBI_3005G021900	2.837039
SORBI_3005G021950	0
SORBI_3005G022000	8.474491
SORBI_3005G022100	30.826341
SORBI_3005G022200	68.238829
SORBI_3005G022300	21.538769
SORBI_3005G022400	0.277942
SORBI_3005G022500	25.591156
SORBI_3005G022600	0
SORBI_3005G022700	2.848656
SORBI_3005G022800	9.47265
SORBI_3005G023000	1.611347
SORBI_3005G023100	3.84112
SORBI_3005G023201	0
SORBI_3005G023301	0.132384
SORBI_3005G023400	0.068652
SORBI_3005G023600	0
SORBI_3005G023700	0
SORBI_3005G023800	14.345867
SORBI_3005G023900	16.994821
SORBI_3005G024000	0
SORBI_3005G024100	0
SORBI_3005G024200	46.922949
SORBI_3005G024300	0
SORBI_3005G024400	3.029331
SORBI_3005G024500	0
SORBI_3005G024600	0.839179
SORBI_3005G024700	5.176784
SORBI_3005G024800	18.890343
SORBI_3005G024900	5.906376
SORBI_3005G025001	0
SORBI_3005G025100	0
SORBI_3005G025300	4.649102
SORBI_3005G025400	0
SORBI_3005G025500	1.132752
SORBI_3005G025600	0
SORBI_3005G025700	60.321243
SORBI_3005G025800	11.842719
SORBI_3005G025900	0.188457
SORBI_3005G026000	27.619046
SORBI_3005G026100	166.468442
SORBI_3005G026200	54.439799
SORBI_3005G026300	0
SORBI_3005G026400	2.917602
SORBI_3005G026500	0.790808
SORBI_3005G026600	27.358006
SORBI_3005G026700	0
SORBI_3005G026800	19.203764
SORBI_3005G026900	0.851279
SORBI_3005G026966	0
SORBI_3005G027032	0.827903
SORBI_3005G027100	0
SORBI_3005G027200	0
SORBI_3005G027250	0
SORBI_3005G027300	55.58902
SORBI_3005G027400	41.009564
SORBI_3005G027350	0
SORBI_3005G027600	1.978847
SORBI_3005G027680	2.156082
SORBI_3005G027760	1.420818
SORBI_3005G027840	2.603688
SORBI_3005G027920	0
SORBI_3005G028000	0
SORBI_3005G028100	45.460885
SORBI_3005G028200	0.422483
SORBI_3005G028300	1.973837
SORBI_3005G028400	26.464311
SORBI_3005G028500	0
SORBI_3005G028600	34.770681
SORBI_3005G028700	73.842785
SORBI_3005G028800	34.515795
SORBI_3005G028900	23.355764
SORBI_3005G029000	3.224139
SORBI_3005G029100	100.051513
SORBI_3005G029200	1.048633
SORBI_3005G029300	0
SORBI_3005G029400	2.778956
SORBI_3005G029500	0
SORBI_3005G029600	0
SORBI_3005G029700	0.042526
SORBI_3005G029800	4.758239
SORBI_3005G029833	0
SORBI_3005G029866	0
SORBI_3005G029900	4.103197
SORBI_3005G030000	8.547486
SORBI_3005G030100	63.874826
SORBI_3005G030200	0
SORBI_3005G030233	0
SORBI_3005G030266	0
SORBI_3005G030300	18.407974
SORBI_3005G030400	28.347003
SORBI_3005G030500	2.557929
SORBI_3005G030600	16.716284
SORBI_3005G030700	0.437958
SORBI_3005G030850	1.266536
SORBI_3005G031000	41.220207
SORBI_3005G031100	75.548191
SORBI_3005G031200	0
SORBI_3005G031400	7.204134
SORBI_3005G031500	0.751901
SORBI_3005G031600	0
SORBI_3005G031700	0
SORBI_3005G031800	0
SORBI_3005G031901	0
SORBI_3005G032000	0.071886
SORBI_3005G032100	0
SORBI_3005G032200	0.185931
SORBI_3005G032300	41.863765
SORBI_3005G032400	24.160145
SORBI_3005G032500	0
SORBI_3005G032600	3.778892
SORBI_3005G032700	0.109701
SORBI_3005G032800	87.86989
SORBI_3005G032900	0.476839
SORBI_3005G033000	24.150241
SORBI_3005G033100	4.879046
SORBI_3005G033200	38.148777
SORBI_3005G033300	36.116884
SORBI_3005G033400	0
SORBI_3005G033600	0
SORBI_3005G033700	0.203916
SORBI_3005G033801	0
SORBI_3005G033900	0
SORBI_3005G034000	59.76264
SORBI_3005G034100	14.011184
SORBI_3005G034200	1.553407
SORBI_3005G034300	84.164695
SORBI_3005G034400	175.820046
SORBI_3005G034500	0
SORBI_3005G034600	5.108032
SORBI_3005G034700	19.828796
SORBI_3005G034900	0
SORBI_3005G035000	1.010586
SORBI_3005G035100	0
SORBI_3005G035200	0
SORBI_3005G035250	0
SORBI_3005G035300	6.563172
SORBI_3005G035400	0
SORBI_3005G035500	0
SORBI_3005G035600	0
SORBI_3005G035700	0
SORBI_3005G035800	0
SORBI_3005G035850	0
SORBI_3005G035900	0
SORBI_3005G035950	0
SORBI_3005G036000	0
SORBI_3005G036100	10.032065
SORBI_3005G036200	0.931507
SORBI_3005G036300	0
SORBI_3005G036350	4.269275
SORBI_3005G036400	11.575974
SORBI_3005G036450	0
SORBI_3005G036500	0.846985
SORBI_3005G036600	0
SORBI_3005G036700	38.709899
SORBI_3005G036800	54.955854
SORBI_3005G036900	0
SORBI_3005G037000	132.318113
SORBI_3005G037100	0.560574
SORBI_3005G037200	0.2729
SORBI_3005G037300	6.051985
SORBI_3005G037400	1.296626
SORBI_3005G037500	0
SORBI_3005G037600	0
SORBI_3005G037700	0
SORBI_3005G037800	0
SORBI_3005G037850	0
SORBI_3005G037900	9.971754
SORBI_3005G038000	0
SORBI_3005G038100	0
SORBI_3005G038200	0.156053
SORBI_3005G038300	0.947887
SORBI_3005G038400	1.407285
SORBI_3005G038450	0.182411
SORBI_3005G038500	4.514137
SORBI_3005G038600	3.262548
SORBI_3005G038700	4.245987
SORBI_3005G038800	0
SORBI_3005G038900	23.427059
SORBI_3005G039000	0
SORBI_3005G039100	1.3239
SORBI_3005G039200	0.453954
SORBI_3005G039350	0
SORBI_3005G039500	37.588749
SORBI_3005G039600	0.236535
SORBI_3005G039700	3.396078
SORBI_3005G039800	0
SORBI_3005G039900	0
SORBI_3005G040000	0
SORBI_3005G040100	0
SORBI_3005G040200	0
SORBI_3005G040301	0
SORBI_3005G040400	0
SORBI_3005G040500	1.585095
SORBI_3005G040700	0
SORBI_3005G040800	0
ENSRNA049439854	0
SORBI_3005G040900	29.184078
SORBI_3005G040950	0
SORBI_3005G041000	0.116239
SORBI_3005G041100	0
SORBI_3005G041150	0
SORBI_3005G041200	0.638384
SORBI_3005G041300	0
SORBI_3005G041400	0
SORBI_3005G041450	0.425835
SORBI_3005G041500	0
SORBI_3005G041700	0.295894
SORBI_3005G041800	0
SORBI_3005G041900	0
SORBI_3005G042000	272.973343
SORBI_3005G042100	0
SORBI_3005G042200	0
SORBI_3005G042250	0
SORBI_3005G042300	0
SORBI_3005G042400	0
SORBI_3005G042600	0
SORBI_3005G042700	0
SORBI_3005G042800	0.269037
SORBI_3005G042850	0
SORBI_3005G042900	0.956188
SORBI_3005G043000	0.139081
SORBI_3005G043100	5.356019
SORBI_3005G043300	0
SORBI_3005G043400	28.851203
SORBI_3005G043600	0
SORBI_3005G043700	0
SORBI_3005G043800	6.730214
SORBI_3005G043900	0
SORBI_3005G044000	14.198095
SORBI_3005G044101	0
SORBI_3005G044200	2.693743
SORBI_3005G044100	31.027049
SORBI_3005G044300	22.157465
SORBI_3005G044400	49.90002
SORBI_3005G044500	0.835977
SORBI_3005G044600	0
SORBI_3005G044700	0
SORBI_3005G044800	35.67117
SORBI_3005G044900	0.322081
SORBI_3005G045000	15.450886
SORBI_3005G045100	27.672085
SORBI_3005G045200	86.366094
SORBI_3005G045250	0
SORBI_3005G045300	37.097592
SORBI_3005G045400	0
ENSRNA049440309	0
SORBI_3005G045500	0
SORBI_3005G045600	0.251508
SORBI_3005G045700	13.83469
SORBI_3005G045750	0
SORBI_3005G045800	12.496727
SORBI_3005G045900	2.268387
SORBI_3005G046001	0
SORBI_3005G046100	60.228046
SORBI_3005G046250	9.41155
SORBI_3005G046400	0
SORBI_3005G046500	8.758513
SORBI_3005G046600	0
SORBI_3005G046700	1.202865
SORBI_3005G046801	0
SORBI_3005G046900	7.496721
SORBI_3005G047000	21.767879
SORBI_3005G047100	5.994845
SORBI_3005G047200	15.348273
SORBI_3005G047300	137.42869
SORBI_3005G047500	12.619503
SORBI_3005G047700	8.27369
SORBI_3005G047800	2.357886
SORBI_3005G047900	0
SORBI_3005G048100	0
SORBI_3005G048000	0
SORBI_3005G048200	0.149586
SORBI_3005G048250	0
SORBI_3005G048300	0
SORBI_3005G048400	0.928809
SORBI_3005G048500	0.29854
SORBI_3005G048600	5.338489
SORBI_3005G048700	7.034807
SORBI_3005G048800	1.470916
SORBI_3005G048900	0
SORBI_3005G048950	0
SORBI_3005G049000	15.881499
SORBI_3005G049100	0
SORBI_3005G049200	0
SORBI_3005G049350	0
SORBI_3005G049475	30.931854
SORBI_3005G049600	10.700941
SORBI_3005G049800	0
SORBI_3005G049850	0
SORBI_3005G049900	0
SORBI_3005G049966	0
SORBI_3005G050032	0
SORBI_3005G050100	0
SORBI_3005G050200	157.769496
SORBI_3005G050300	0
SORBI_3005G050350	0.337699
SORBI_3005G050400	1.567116
SORBI_3005G050500	294.318884
SORBI_3005G050600	75.037576
SORBI_3005G050700	0
SORBI_3005G050800	3.282326
SORBI_3005G050900	0.309106
SORBI_3005G051050	0
SORBI_3005G051200	0.887799
SORBI_3005G051300	1.897777
SORBI_3005G051500	4.220637
SORBI_3005G051600	0
SORBI_3005G051700	0
SORBI_3005G051800	0
SORBI_3005G052000	0
SORBI_3005G052100	0
SORBI_3005G052200	0
SORBI_3005G052250	0
SORBI_3005G052300	6.758916
SORBI_3005G052400	2.590629
SORBI_3005G052500	0
SORBI_3005G052700	0
SORBI_3005G052900	0
SORBI_3005G053001	0.097763
SORBI_3005G053100	0.240497
SORBI_3005G053200	5.490858
SORBI_3005G053501	5.997022
SORBI_3005G053800	9.725907
SORBI_3005G053700	7.246782
SORBI_3005G053900	5.822087
SORBI_3005G053950	0.260507
SORBI_3005G054000	1.76546
SORBI_3005G054150	0
SORBI_3005G054300	1.302648
SORBI_3005G054401	5.436109
SORBI_3005G054501	0
SORBI_3005G054600	1.090893
SORBI_3005G054700	0
SORBI_3005G054800	0
SORBI_3005G054900	2.461147
SORBI_3005G055000	663.012305
SORBI_3005G055150	88.631609
SORBI_3005G055300	0.763367
SORBI_3005G055400	0
SORBI_3005G055501	0.4262
SORBI_3005G055600	0.085673
SORBI_3005G055700	0
SORBI_3005G055900	1.650188
SORBI_3005G056000	7.131272
SORBI_3005G056100	0
SORBI_3005G056201	0
SORBI_3005G056300	0
SORBI_3005G056400	126.620236
SORBI_3005G056500	4.204428
SORBI_3005G056600	217.490691
SORBI_3005G056800	0.204112
SORBI_3005G057000	0
SORBI_3005G057100	0
SORBI_3005G057201	0
SORBI_3005G057301	0
SORBI_3005G057401	0
SORBI_3005G057500	0
SORBI_3005G057550	0
SORBI_3005G057700	0.580438
SORBI_3005G057600	0
SORBI_3005G057750	0
SORBI_3005G057800	6.039861
SORBI_3005G057900	0
SORBI_3005G058000	0
SORBI_3005G058100	0
SORBI_3005G058200	0
SORBI_3005G058300	0
SORBI_3005G058350	0
SORBI_3005G058400	0
SORBI_3005G058500	0
SORBI_3005G058600	0
SORBI_3005G058700	0
SORBI_3005G058800	26.935714
SORBI_3005G058900	17.589734
SORBI_3005G059100	76.170551
SORBI_3005G059200	12.578362
SORBI_3005G059300	0.105989
SORBI_3005G059400	7.024173
SORBI_3005G059500	28.645234
SORBI_3005G059550	0
SORBI_3005G059600	27.537865
SORBI_3005G059800	30.575252
SORBI_3005G059900	0
SORBI_3005G060000	0
SORBI_3005G060100	3.257489
SORBI_3005G060200	0.121134
SORBI_3005G060300	4.646755
SORBI_3005G060400	2.132138
SORBI_3005G060600	64.903308
SORBI_3005G060633	136.754596
SORBI_3005G060666	0.056052
SORBI_3005G060700	0.769494
SORBI_3005G060766	0
SORBI_3005G060832	0
SORBI_3005G060900	1.648292
SORBI_3005G061000	10.014538
SORBI_3005G061033	2.354603
ENSRNA049996199	0
SORBI_3005G061066	0
SORBI_3005G061100	0
SORBI_3005G061200	2.311793
SORBI_3005G061300	0
SORBI_3005G061400	0
SORBI_3005G061500	64.665878
SORBI_3005G061601	0
SORBI_3005G061700	2.261686
SORBI_3005G061801	139.077275
SORBI_3005G061900	5.402268
SORBI_3005G061950	0.04768
SORBI_3005G062000	1.213155
SORBI_3005G062100	0
SORBI_3005G062200	28.394114
SORBI_3005G062300	0
SORBI_3005G062500	0
SORBI_3005G062600	3.405327
SORBI_3005G062700	54.117814
SORBI_3005G062800	8.717258
SORBI_3005G062900	2.641828
SORBI_3005G063000	63.348026
SORBI_3005G063100	6.067054
SORBI_3005G063200	2.799332
SORBI_3005G063300	51.722672
SORBI_3005G063400	5.412472
SORBI_3005G063500	27.51266
SORBI_3005G063600	2.451739
SORBI_3005G063700	3.631362
SORBI_3005G063800	0
SORBI_3005G063900	0
SORBI_3005G064000	30.615678
SORBI_3005G064100	15.541638
SORBI_3005G064200	89.942592
SORBI_3005G064300	0
SORBI_3005G064400	0
SORBI_3005G064500	0
SORBI_3005G064600	15.82595
SORBI_3005G064700	71.533088
SORBI_3005G064800	193.920954
SORBI_3005G064900	0.133552
SORBI_3005G065000	0.050181
SORBI_3005G065050	0
SORBI_3005G065100	0.882853
SORBI_3005G065200	4.54695
SORBI_3005G065300	0.116319
SORBI_3005G065400	0
SORBI_3005G065500	0
SORBI_3005G065600	1.247322
SORBI_3005G065700	0.392843
SORBI_3005G065800	0
SORBI_3005G065900	0
SORBI_3005G066000	0.569442
SORBI_3005G066100	0.829503
SORBI_3005G066200	0.216219
SORBI_3005G066300	0
SORBI_3005G066366	0
SORBI_3005G066432	0
SORBI_3005G066500	0
SORBI_3005G066600	0
SORBI_3005G066700	5.076927
SORBI_3005G066800	1.098136
SORBI_3005G066900	24.240541
SORBI_3005G067000	0
SORBI_3005G067200	0
SORBI_3005G067300	0.116461
SORBI_3005G067400	1.496764
SORBI_3005G067500	0
SORBI_3005G067600	0
SORBI_3005G067700	0.163914
SORBI_3005G067800	1.67999
SORBI_3005G067900	2.368478
SORBI_3005G067850	5.829899
SORBI_3005G067933	0
SORBI_3005G067966	0.419516
SORBI_3005G068000	0
SORBI_3005G068101	0
SORBI_3005G068200	0.60057
SORBI_3005G068300	0.7185
SORBI_3005G068400	0
SORBI_3005G068500	0
SORBI_3005G068600	0
SORBI_3005G068700	17.5293
SORBI_3005G068800	2.56502
SORBI_3005G068900	0
SORBI_3005G069000	0
SORBI_3005G069166	0
SORBI_3005G069332	0
SORBI_3005G069500	0.799163
SORBI_3005G069700	17.158228
SORBI_3005G069800	5.89006
SORBI_3005G069900	0
SORBI_3005G070000	0.441953
SORBI_3005G070101	0
SORBI_3005G070200	7.28415
SORBI_3005G070301	0
SORBI_3005G070400	11.3815
SORBI_3005G070500	0
SORBI_3005G070600	0
SORBI_3005G070700	0
SORBI_3005G070800	0
SORBI_3005G070850	0
SORBI_3005G070901	0.192913
SORBI_3005G070951	7.881644
SORBI_3005G071000	0
SORBI_3005G071100	93.128242
SORBI_3005G071200	0
SORBI_3005G071250	0
SORBI_3005G071300	0
SORBI_3005G071401	0
SORBI_3005G071500	0.210517
SORBI_3005G071700	0
SORBI_3005G071800	0.655414
SORBI_3005G071900	0.960559
SORBI_3005G072000	11.325324
SORBI_3005G072100	8.826285
SORBI_3005G072200	46.590485
SORBI_3005G072300	0
SORBI_3005G072400	1.370202
SORBI_3005G072500	0.094245
SORBI_3005G072600	0
SORBI_3005G072700	0
SORBI_3005G072800	0
SORBI_3005G072850	0
SORBI_3005G072900	0
SORBI_3005G073000	0
SORBI_3005G073101	0
SORBI_3005G073200	46.850964
SORBI_3005G073300	0
SORBI_3005G073400	7.156269
SORBI_3005G073500	11.218039
SORBI_3005G073600	0.188225
SORBI_3005G073700	0
SORBI_3005G073800	0.683524
SORBI_3005G073900	2.264773
SORBI_3005G074000	7.898506
SORBI_3005G074100	31.043201
SORBI_3005G074200	0
SORBI_3005G074300	0.235616
SORBI_3005G074400	182.652666
SORBI_3005G074500	48.206571
SORBI_3005G074600	0
SORBI_3005G074650	0
SORBI_3005G074700	0
SORBI_3005G074800	0
SORBI_3005G074900	0
SORBI_3005G075000	0
SORBI_3005G075100	44.914058
SORBI_3005G075200	1.373336
SORBI_3005G075301	0.908305
SORBI_3005G075400	2.742853
SORBI_3005G075500	73.83731
SORBI_3005G075600	9.818968
SORBI_3005G075700	0.319871
SORBI_3005G075800	2.364134
SORBI_3005G075900	25.288854
SORBI_3005G076100	0.825282
SORBI_3005G076000	1.530431
SORBI_3005G076200	0.111082
SORBI_3005G076301	0.425719
SORBI_3005G076400	0.757154
SORBI_3005G076500	3.073846
SORBI_3005G076600	8.810982
SORBI_3005G076650	1.983049
SORBI_3005G076700	1.804419
SORBI_3005G076800	0
SORBI_3005G077001	0
SORBI_3005G077200	5.421696
SORBI_3005G077300	0
SORBI_3005G077400	10.912685
SORBI_3005G077466	21.107948
SORBI_3005G077532	0
SORBI_3005G077600	0
SORBI_3005G077633	0
SORBI_3005G077666	0
SORBI_3005G077700	0
SORBI_3005G077750	0
SORBI_3005G077800	6.245798
ENSRNA049481201	0
SORBI_3005G077900	0
SORBI_3005G077933	6.927445
SORBI_3005G078000	0
SORBI_3005G077966	0
SORBI_3005G078066	0.379356
SORBI_3005G078132	0
SORBI_3005G078200	1.561625
SORBI_3005G078300	0.118353
SORBI_3005G078400	0
SORBI_3005G078500	0
SORBI_3005G078600	0
SORBI_3005G078700	1.47742
SORBI_3005G078800	19.981813
SORBI_3005G078875	4.082313
SORBI_3005G078950	1.233412
SORBI_3005G079025	0.86776
SORBI_3005G079100	0
SORBI_3005G079201	2.098363
SORBI_3005G079300	0
SORBI_3005G079400	0
SORBI_3005G079500	0.459629
SORBI_3005G079600	0
SORBI_3005G079700	1.049236
SORBI_3005G079800	22.028872
SORBI_3005G079900	2.832109
SORBI_3005G080000	0
SORBI_3005G080025	0
SORBI_3005G080050	0
SORBI_3005G080075	0
SORBI_3005G080100	0
SORBI_3005G080200	18.751985
SORBI_3005G080400	0.661059
SORBI_3005G080501	0.528424
SORBI_3005G080600	0
SORBI_3005G080700	0
SORBI_3005G080800	0
SORBI_3005G080900	35.343571
SORBI_3005G081000	0.80672
SORBI_3005G081100	0
SORBI_3005G081200	0
SORBI_3005G081300	0
SORBI_3005G081400	0
SORBI_3005G081500	0
SORBI_3005G081600	0
SORBI_3005G081700	0
SORBI_3005G081800	0
SORBI_3005G081900	1.198546
SORBI_3005G082000	0
SORBI_3005G082100	0
SORBI_3005G082200	47.259093
ENSRNA049996208	0
SORBI_3005G082300	0
SORBI_3005G082400	0
SORBI_3005G082500	2.214311
SORBI_3005G082600	1.924426
SORBI_3005G082700	3.027394
SORBI_3005G082740	0
SORBI_3005G082780	0
SORBI_3005G082820	0
SORBI_3005G082860	0.032668
SORBI_3005G082900	0
SORBI_3005G082950	0
SORBI_3005G083000	0
SORBI_3005G083100	0
SORBI_3005G083160	0
SORBI_3005G083220	0
SORBI_3005G083280	0.226111
SORBI_3005G083340	0
SORBI_3005G083400	0
SORBI_3005G083550	0
SORBI_3005G083601	0
SORBI_3005G083651	0
SORBI_3005G083500	0
SORBI_3005G083700	0
SORBI_3005G083733	0
SORBI_3005G083766	0
SORBI_3005G083800	0
SORBI_3005G083866	0
SORBI_3005G083932	0
SORBI_3005G084000	0.327569
SORBI_3005G084100	18.69876
SORBI_3005G084200	0
SORBI_3005G084300	0.310232
SORBI_3005G084400	46.223007
SORBI_3005G084500	10.093752
SORBI_3005G084600	4.395925
SORBI_3005G084800	87.855666
SORBI_3005G084850	0.936039
SORBI_3005G084900	29.419539
SORBI_3005G085000	2.142138
SORBI_3005G085100	0.567512
SORBI_3005G085200	0.513407
SORBI_3005G085400	0
SORBI_3005G085500	0
SORBI_3005G085600	13.063874
SORBI_3005G085700	0.846971
SORBI_3005G085800	0.081433
SORBI_3005G085901	0
SORBI_3005G086000	0.068796
SORBI_3005G086100	35.818996
SORBI_3005G086200	76.914609
SORBI_3005G086250	5.401612
SORBI_3005G086300	1.199343
SORBI_3005G086400	0
SORBI_3005G086500	72.238356
SORBI_3005G086600	0
SORBI_3005G086650	0.089191
SORBI_3005G086700	0.071747
SORBI_3005G086801	11.833008
SORBI_3005G086900	0
SORBI_3005G086950	0
SORBI_3005G087000	90.790479
SORBI_3005G087100	53.036599
SORBI_3005G087200	12.501714
SORBI_3005G087300	21.274153
SORBI_3005G087400	1.537874
SORBI_3005G087500	0
SORBI_3005G087600	0.581456
SORBI_3005G087666	0
SORBI_3005G087732	0
SORBI_3005G087800	3.383883
SORBI_3005G087900	49.593563
SORBI_3005G088100	0
SORBI_3005G088200	0
SORBI_3005G088300	0.201442
SORBI_3005G088400	0
SORBI_3005G088500	0
SORBI_3005G088600	0
SORBI_3005G088700	0
SORBI_3005G088800	0
SORBI_3005G088900	18.580694
SORBI_3005G089000	8.507675
SORBI_3005G089101	0
SORBI_3005G089200	0
SORBI_3005G089300	0
SORBI_3005G089400	1.952969
SORBI_3005G089500	0
SORBI_3005G089600	5.483677
SORBI_3005G089700	0
SORBI_3005G089800	0.665854
SORBI_3005G089900	0
SORBI_3005G090000	0
SORBI_3005G090100	0
SORBI_3005G090200	3.726636
SORBI_3005G090300	18.760985
SORBI_3005G090401	22.238035
SORBI_3005G090500	0
SORBI_3005G090600	11.525135
SORBI_3005G090700	0
SORBI_3005G090800	1.205462
SORBI_3005G090900	9.995023
SORBI_3005G091000	0.232118
SORBI_3005G091100	0
SORBI_3005G091200	0
SORBI_3005G091300	14.565906
SORBI_3005G091400	3.064608
SORBI_3005G091500	2.479437
SORBI_3005G091600	92.819868
SORBI_3005G091700	70.594078
SORBI_3005G091900	2.082999
SORBI_3005G092000	27.102861
SORBI_3005G092100	0
SORBI_3005G092200	0.627119
SORBI_3005G092301	3.050399
SORBI_3005G092401	0
SORBI_3005G092500	0.02047
SORBI_3005G092600	30.359139
SORBI_3005G092700	0.096051
SORBI_3005G092800	50.113666
SORBI_3005G092900	0.792604
SORBI_3005G093000	8.157339
SORBI_3005G093101	0
SORBI_3005G093200	0
SORBI_3005G093300	15.244012
SORBI_3005G093400	18.990476
SORBI_3005G093500	0.87761
SORBI_3005G093600	0
SORBI_3005G093700	0
SORBI_3005G093800	1.366385
SORBI_3005G093901	0
SORBI_3005G094001	27.380249
SORBI_3005G094100	0
SORBI_3005G094200	1.744555
SORBI_3005G094266	0
SORBI_3005G094332	3.754177
SORBI_3005G094400	0
SORBI_3005G094500	0
SORBI_3005G094600	0.321042
SORBI_3005G094700	0
SORBI_3005G094800	15.231832
SORBI_3005G094900	0
SORBI_3005G095000	2.979306
SORBI_3005G095166	0
SORBI_3005G095332	0
SORBI_3005G095500	0
SORBI_3005G095600	2.385978
SORBI_3005G095620	0
SORBI_3005G095640	0.144513
SORBI_3005G095660	5.078971
SORBI_3005G095680	5.289082
SORBI_3005G095700	1.27864
SORBI_3005G095800	0
SORBI_3005G095900	46.654165
SORBI_3005G096000	2.594614
SORBI_3005G096101	198.920732
SORBI_3005G096201	0.060702
SORBI_3005G096300	13.061118
SORBI_3005G096400	8.842417
SORBI_3005G096500	0
SORBI_3005G096450	0.615316
SORBI_3005G096600	16.201946
SORBI_3005G096700	4.629337
SORBI_3005G096800	15.735066
SORBI_3005G096866	0
SORBI_3005G096932	58.943261
SORBI_3005G097000	0
SORBI_3005G097201	0
SORBI_3005G097400	0
SORBI_3005G097500	0.104785
SORBI_3005G097600	0.424443
SORBI_3005G097700	1.300633
SORBI_3005G097800	0
SORBI_3005G097900	0.839893
SORBI_3005G098000	14.779375
SORBI_3005G098100	0
SORBI_3005G098200	11.31171
SORBI_3005G098250	0.065739
SORBI_3005G098300	0
SORBI_3005G098400	0
SORBI_3005G098501	0
SORBI_3005G098600	0.98411
SORBI_3005G098700	0
SORBI_3005G098800	22.812603
SORBI_3005G098900	9.693328
SORBI_3005G099000	23.621491
SORBI_3005G099100	0
SORBI_3005G099150	4.906069
SORBI_3005G099200	8.617189
SORBI_3005G099300	0
SORBI_3005G099400	0.152229
SORBI_3005G099500	7.823725
SORBI_3005G099550	0
SORBI_3005G099600	0
SORBI_3005G099700	0
SORBI_3005G099800	0
SORBI_3005G100000	0
SORBI_3005G100200	0
SORBI_3005G100250	0
SORBI_3005G100300	5.968448
SORBI_3005G100400	0
SORBI_3005G100500	23.905939
SORBI_3005G100600	25.427155
SORBI_3005G100700	92.899256
SORBI_3005G100800	64.912062
SORBI_3005G100900	45.703863
ENSRNA049996218	0
SORBI_3005G101000	0
SORBI_3005G101100	0.198878
SORBI_3005G101200	64.145345
ENSRNA049439896	0
SORBI_3005G101300	2.295573
ENSRNA049439906	0
SORBI_3005G101400	9.529967
SORBI_3005G101500	0
SORBI_3005G101600	41.680978
SORBI_3005G101700	32.128751
SORBI_3005G101800	5.305876
SORBI_3005G101850	0
SORBI_3005G101900	13.919604
SORBI_3005G102000	0
SORBI_3005G102100	0
SORBI_3005G102200	0
SORBI_3005G102300	18.186519
SORBI_3005G102350	14.046552
SORBI_3005G102401	0
SORBI_3005G102451	0.118609
SORBI_3005G102500	6.98954
SORBI_3005G102600	0
SORBI_3005G102700	0
SORBI_3005G102750	0
SORBI_3005G102800	1.417364
ENSRNA049480419	0
SORBI_3005G102900	4.526913
SORBI_3005G103000	0
SORBI_3005G103050	0
SORBI_3005G103100	0
SORBI_3005G103200	0
SORBI_3005G103300	267.262725
SORBI_3005G103400	24.926323
SORBI_3005G103500	92.973315
SORBI_3005G103600	13.554879
SORBI_3005G103650	0
SORBI_3005G103700	2.700012
SORBI_3005G103800	0.063698
SORBI_3005G103900	1.698582
SORBI_3005G104001	0
SORBI_3005G104100	0
SORBI_3005G104200	0.216953
SORBI_3005G104300	8.392513
SORBI_3005G104400	30.608985
SORBI_3005G104500	59.534394
SORBI_3005G104600	0
SORBI_3005G104700	0
SORBI_3005G104800	1.694021
SORBI_3005G104850	0.046295
SORBI_3005G104900	0.25289
SORBI_3005G105000	207.787935
ENSRNA049996183	0
SORBI_3005G105300	2.16936
SORBI_3005G105500	64.285455
SORBI_3005G105550	17.276471
SORBI_3005G105600	0
SORBI_3005G105700	0.095107
SORBI_3005G105850	0
SORBI_3005G106000	2.988514
SORBI_3005G106101	26.269939
SORBI_3005G106200	20.041579
SORBI_3005G106300	0
SORBI_3005G106366	0
SORBI_3005G106432	0
SORBI_3005G106500	62.362197
SORBI_3005G106600	29.000193
SORBI_3005G106700	0.970501
SORBI_3005G106800	0
SORBI_3005G106900	3.713933
SORBI_3005G107100	0
SORBI_3005G107200	0
SORBI_3005G107250	0
SORBI_3005G107300	391.241358
SORBI_3005G107400	0.139741
SORBI_3005G107500	12.46659
SORBI_3005G107700	0
SORBI_3005G107800	0.222428
SORBI_3005G107900	63.842909
SORBI_3005G108000	13.14919
SORBI_3005G108075	0.347723
SORBI_3005G108150	0
SORBI_3005G108225	5.516663
SORBI_3005G108300	0
SORBI_3005G108400	0
SORBI_3005G108501	0
SORBI_3005G108500	1.16946
SORBI_3005G108600	24.225433
SORBI_3005G108601	0
SORBI_3005G108700	0
SORBI_3005G108801	81.624946
SORBI_3005G108900	0
SORBI_3005G109000	44.163767
SORBI_3005G109101	0
SORBI_3005G109201	0
SORBI_3005G109300	0
SORBI_3005G109400	0
SORBI_3005G109500	0
SORBI_3005G109600	0.485097
SORBI_3005G109800	0
SORBI_3005G109900	0
SORBI_3005G110000	0
SORBI_3005G110040	0
SORBI_3005G110080	0
SORBI_3005G110120	0
SORBI_3005G110160	0
SORBI_3005G110200	7.562261
SORBI_3005G110300	0
SORBI_3005G110350	0
SORBI_3005G110400	8.670743
SORBI_3005G110403	0.529767
SORBI_3005G110406	0.183998
SORBI_3005G110409	75.31634
SORBI_3005G110412	0
SORBI_3005G110415	0
SORBI_3005G110418	0
SORBI_3005G110421	0
SORBI_3005G110424	0
SORBI_3005G110427	0.783548
SORBI_3005G110430	0
SORBI_3005G110433	0
SORBI_3005G110436	1.358889
SORBI_3005G110439	3.634889
SORBI_3005G110442	35.182832
SORBI_3005G110445	8.306945
SORBI_3005G110448	0
SORBI_3005G110451	2.124507
SORBI_3005G110454	2.335788
SORBI_3005G110457	0.191795
SORBI_3005G110460	0.068528
SORBI_3005G110463	0
SORBI_3005G110466	0
SORBI_3005G110469	47.862005
SORBI_3005G110472	30.289463
SORBI_3005G110475	5.187444
SORBI_3005G110478	0
SORBI_3005G110481	15.921662
SORBI_3005G110484	0
SORBI_3005G110487	0.989015
SORBI_3005G110490	14.62577
SORBI_3005G110493	0
SORBI_3005G110496	0.071039
SORBI_3005G110499	86.544098
SORBI_3005G110502	17.762979
SORBI_3005G110505	0
SORBI_3005G110508	4.520817
SORBI_3005G110511	2.405682
SORBI_3005G110514	0
SORBI_3005G110517	0
SORBI_3005G110520	0.272993
SORBI_3005G110523	2.163457
SORBI_3005G110526	15.206973
SORBI_3005G110529	0
SORBI_3005G110532	0
SORBI_3005G110535	2.105276
SORBI_3005G110538	0
SORBI_3005G110541	124.25609
SORBI_3005G110544	101.435555
SORBI_3005G110547	4.228688
SORBI_3005G110550	1.745142
SORBI_3005G110553	0.832358
SORBI_3005G110556	0
SORBI_3005G110559	0
SORBI_3005G110562	0
SORBI_3005G110565	0
SORBI_3005G110600	0
SORBI_3005G110700	0
SORBI_3005G110800	208.123513
SORBI_3005G110900	3.588077
SORBI_3005G111000	7.33031
SORBI_3005G111100	306.584618
SORBI_3005G111200	2.094819
SORBI_3005G111400	2.921812
SORBI_3005G111450	0
SORBI_3005G111500	6.264395
SORBI_3005G111550	2.509104
SORBI_3005G111600	3.457966
SORBI_3005G111700	47.343808
SORBI_3005G111800	0
SORBI_3005G111900	25.256682
SORBI_3005G112000	0
SORBI_3005G112033	0
SORBI_3005G112066	0
SORBI_3005G112100	22.928294
SORBI_3005G112200	0
SORBI_3005G112300	35.218391
SORBI_3005G112400	0
SORBI_3005G112500	0
SORBI_3005G112566	67.111303
SORBI_3005G112632	28.847324
SORBI_3005G112700	0
SORBI_3005G112800	428.008953
SORBI_3005G112900	0.343322
SORBI_3005G113101	0
SORBI_3005G113300	222.708479
SORBI_3005G113533	0.329014
SORBI_3005G113766	38.465925
SORBI_3005G114000	0.308003
SORBI_3005G114101	0.819255
SORBI_3005G114201	0
SORBI_3005G114300	1.106877
SORBI_3005G114400	20.714985
SORBI_3005G114500	8.801794
SORBI_3005G114600	7.8461
SORBI_3005G114700	0
SORBI_3005G114800	74.107145
SORBI_3005G114900	0
SORBI_3005G115000	2.911889
ENSRNA049485579	0
ENSRNA049485573	0
ENSRNA049485586	0
ENSRNA049485570	0.828516
ENSRNA049485571	0.156394
ENSRNA049485583	0
ENSRNA049485572	0
ENSRNA049485589	0
ENSRNA049485591	0
ENSRNA049485577	0.348165
ENSRNA049485574	0.752258
ENSRNA049485585	4.264296
ENSRNA049485569	0.189477
ENSRNA049485592	0
ENSRNA049485566	0.695267
ENSRNA049485587	0
ENSRNA049485567	0.454005
ENSRNA049485582	7.886224
ENSRNA049485575	0
SORBI_3005G115200	0
SORBI_3005G115300	0
SORBI_3005G115400	3.334123
SORBI_3005G115350	6.979282
SORBI_3005G115500	19.921354
SORBI_3005G115600	17.658227
SORBI_3005G115800	5.476741
SORBI_3005G115900	0.806752
SORBI_3005G116000	0
SORBI_3005G116100	24.328302
SORBI_3005G116200	29.890494
SORBI_3005G116250	0
SORBI_3005G116300	0.189778
SORBI_3005G116400	0
SORBI_3005G116500	3.346445
SORBI_3005G116601	0.311118
SORBI_3005G116700	0
SORBI_3005G116800	0
SORBI_3005G116900	4.536774
SORBI_3005G117001	0
SORBI_3005G117100	0.162326
SORBI_3005G117200	12.841283
SORBI_3005G117300	17.896078
SORBI_3005G117400	17.003231
SORBI_3005G117500	1.955693
SORBI_3005G117600	0
SORBI_3005G117700	0
SORBI_3005G117801	0
SORBI_3005G117901	0
ENSRNA049482792	0
SORBI_3005G118000	0
SORBI_3005G118100	0
SORBI_3005G118201	0
SORBI_3005G118300	0
SORBI_3005G118400	8.586669
ENSRNA049482800	0
SORBI_3005G118500	0
SORBI_3005G118600	5.860038
SORBI_3005G118700	0
SORBI_3005G118800	3.243915
SORBI_3005G118900	2.221259
SORBI_3005G119001	1.263412
SORBI_3005G119100	8.238989
SORBI_3005G119250	0
SORBI_3005G119400	1.39938
SORBI_3005G119300	0.421079
SORBI_3005G119700	0.119781
SORBI_3005G119800	0
SORBI_3005G119900	0.175745
SORBI_3005G119950	0
SORBI_3005G120000	0
SORBI_3005G120101	0
SORBI_3005G120201	0
SORBI_3005G120301	0
SORBI_3005G120400	0
SORBI_3005G120433	0
SORBI_3005G120466	0
SORBI_3005G120500	3.041479
SORBI_3005G120600	9.184598
SORBI_3005G120700	31.264666
SORBI_3005G120800	0.630971
SORBI_3005G120900	0
SORBI_3005G121100	18.173101
SORBI_3005G121200	39.357046
SORBI_3005G121300	0.281584
SORBI_3005G121500	0
SORBI_3005G121600	0
SORBI_3005G121700	0
SORBI_3005G121800	1.119494
SORBI_3005G122000	0
SORBI_3005G122100	0
SORBI_3005G122300	2.970674
SORBI_3005G122400	0.048254
SORBI_3005G122500	0.698655
SORBI_3005G122600	0
SORBI_3005G122700	6.968812
SORBI_3005G122800	0.292303
SORBI_3005G122850	0
SORBI_3005G122900	3.293905
SORBI_3005G123000	0.187101
SORBI_3005G123200	9.404555
SORBI_3005G123300	0
SORBI_3005G123400	11.548156
SORBI_3005G123450	0
SORBI_3005G123500	8.64947
SORBI_3005G123700	11.71855
SORBI_3005G123900	0
SORBI_3005G124100	2.840833
SORBI_3005G124200	1.94767
SORBI_3005G124300	7.630199
SORBI_3005G124350	0
SORBI_3005G124400	2.568081
SORBI_3005G124500	1.370844
SORBI_3005G124600	0
SORBI_3005G124700	0
SORBI_3005G124850	0.597313
SORBI_3005G125000	0.22344
SORBI_3005G125100	0
SORBI_3005G125200	0
SORBI_3005G125300	2.095635
SORBI_3005G125400	0
SORBI_3005G125600	0
SORBI_3005G125700	0.041461
SORBI_3005G125800	0
SORBI_3005G125950	0.149611
SORBI_3005G126100	0.20542
SORBI_3005G126200	37.468631
SORBI_3005G126300	5.607276
SORBI_3005G126401	0
SORBI_3005G126501	0
SORBI_3005G126600	10.125911
SORBI_3005G126701	0
SORBI_3005G126800	20.603804
SORBI_3005G126900	0.092915
SORBI_3005G127000	7.238128
SORBI_3005G127100	7.389152
SORBI_3005G127200	0.093132
SORBI_3005G127300	0.45886
SORBI_3005G127400	0
SORBI_3005G127500	0
SORBI_3005G127600	0
SORBI_3005G127800	0.14952
SORBI_3005G127900	5.838811
SORBI_3005G128000	5.626098
SORBI_3005G128100	9.239426
SORBI_3005G128200	0.877272
SORBI_3005G128300	1.584975
SORBI_3005G128400	27.74501
SORBI_3005G128550	0
SORBI_3005G128700	1.708457
SORBI_3005G128800	65.663786
SORBI_3005G128900	0
SORBI_3005G129000	0
SORBI_3005G129100	0
SORBI_3005G129201	24.195419
SORBI_3005G129301	0
SORBI_3005G129400	49.295715
SORBI_3005G129501	0.327787
SORBI_3005G129600	0
SORBI_3005G129650	2.644427
SORBI_3005G129700	0
SORBI_3005G129716	1.031057
ENSRNA049482797	0
ENSRNA049482791	0.367927
ENSRNA049482790	0
SORBI_3005G129732	1.037658
SORBI_3005G129748	0.244158
SORBI_3005G129764	0
SORBI_3005G129780	0.249521
SORBI_3005G129800	0
SORBI_3005G129900	36.253889
SORBI_3005G129950	0.715728
SORBI_3005G130001	0
SORBI_3005G130051	0
SORBI_3005G130100	0
SORBI_3005G130200	10.444972
SORBI_3005G130400	5.677978
SORBI_3005G130450	0
SORBI_3005G130500	0
SORBI_3005G130550	0.090528
SORBI_3005G130600	0
SORBI_3005G130700	0
SORBI_3005G130800	0
SORBI_3005G130900	0
SORBI_3005G131000	0
SORBI_3005G131100	0
SORBI_3005G131200	0.498464
SORBI_3005G131301	0
SORBI_3005G131400	28.061961
SORBI_3005G131500	0
SORBI_3005G131550	2.311458
SORBI_3005G131600	12.613651
SORBI_3005G131700	20.883744
SORBI_3005G131800	0.59376
SORBI_3005G131900	0.295558
SORBI_3005G132000	395.845857
SORBI_3005G132033	0
SORBI_3005G132066	0.70628
SORBI_3005G132100	1.812698
SORBI_3005G132200	17.070996
SORBI_3005G132250	0
SORBI_3005G132300	0
ENSRNA049439930	0
SORBI_3005G132400	49.146013
SORBI_3005G132501	1.341008
SORBI_3005G132600	1.155391
SORBI_3005G132700	10.852809
SORBI_3005G132800	0.880542
SORBI_3005G133000	0
SORBI_3005G133100	0
SORBI_3005G133133	0
SORBI_3005G133166	3.086619
SORBI_3005G133200	1.403596
SORBI_3005G133233	6.472045
SORBI_3005G133266	0
SORBI_3005G133300	0
SORBI_3005G133350	12.476482
SORBI_3005G133400	0
SORBI_3005G133500	15.686377
SORBI_3005G133600	10.147529
SORBI_3005G133700	204.483984
SORBI_3005G133750	0
SORBI_3005G133800	25.026157
SORBI_3005G133900	144.792811
SORBI_3005G134000	15.70641
SORBI_3005G134100	60.622261
SORBI_3005G134200	0
SORBI_3005G134301	0
SORBI_3005G134400	0
SORBI_3005G134501	6.062096
SORBI_3005G134600	4.897594
SORBI_3005G134700	0
SORBI_3005G134800	0
SORBI_3005G134900	0
SORBI_3005G135000	0.435588
SORBI_3005G135100	0
SORBI_3005G135300	0
SORBI_3005G135400	0
SORBI_3005G135500	0
SORBI_3005G135533	0
SORBI_3005G135566	0
SORBI_3005G135600	0
SORBI_3005G135700	0
SORBI_3005G135800	0
SORBI_3005G136100	0
SORBI_3005G136200	13.402831
SORBI_3005G136300	12.698096
SORBI_3005G136450	0
SORBI_3005G136600	0
SORBI_3005G136800	0.425934
SORBI_3005G136900	0.655245
SORBI_3005G137000	5.370566
SORBI_3005G137100	5.607641
SORBI_3005G137200	5.276828
SORBI_3005G137300	10.743019
SORBI_3005G137400	0.469233
SORBI_3005G137500	0
SORBI_3005G137700	5.960313
SORBI_3005G137800	0
SORBI_3005G137900	1.802801
SORBI_3005G138000	0.350557
SORBI_3005G138100	21.369505
SORBI_3005G138150	4.053494
SORBI_3005G138200	1.786527
SORBI_3005G138300	8.497645
SORBI_3005G138500	2.4615
SORBI_3005G138600	9.912337
SORBI_3005G138800	1.134194
SORBI_3005G138900	0
SORBI_3005G139000	6.94888
SORBI_3005G139075	0.403266
SORBI_3005G139150	0
SORBI_3005G139225	1.983083
SORBI_3005G139300	14.960215
SORBI_3005G139400	14.15779
SORBI_3005G139500	0.83597
SORBI_3005G139600	0
SORBI_3005G139700	271.443009
SORBI_3005G139750	0.297655
SORBI_3005G139800	0
SORBI_3005G139900	0.488575
ENSRNA049482900	0
SORBI_3005G140001	0
SORBI_3005G140100	0
SORBI_3005G140200	0
SORBI_3005G140300	0
SORBI_3005G140400	0
SORBI_3005G140450	0
SORBI_3005G140500	137.638632
SORBI_3005G140600	0
SORBI_3005G140900	0
SORBI_3005G141000	0
SORBI_3005G141100	0.487497
SORBI_3005G141200	0.234075
SORBI_3005G141300	0
SORBI_3005G141400	0
SORBI_3005G141500	0
SORBI_3005G141600	0
SORBI_3005G141700	0
SORBI_3005G141801	48.641769
SORBI_3005G141900	0
SORBI_3005G142000	0
SORBI_3005G142101	3.402581
SORBI_3005G142200	6.816462
SORBI_3005G142300	1.134194
SORBI_3005G142400	0
SORBI_3005G142500	0
SORBI_3005G142600	0
SORBI_3005G142700	9.080894
SORBI_3005G142800	33.449412
SORBI_3005G142900	8.04012
SORBI_3005G143000	6.376521
SORBI_3005G143100	0.796037
SORBI_3005G143200	43.664413
SORBI_3005G143300	130.28016
SORBI_3005G143400	94.487522
SORBI_3005G143500	13.581792
SORBI_3005G143800	0.342171
SORBI_3005G143900	19.799236
SORBI_3005G144000	0
SORBI_3005G144101	0
SORBI_3005G144201	52.289249
SORBI_3005G144300	25.426429
SORBI_3005G144400	11.121939
SORBI_3005G144450	0
SORBI_3005G144500	0
SORBI_3005G144600	0.252477
SORBI_3005G144800	0
SORBI_3005G144900	0
SORBI_3005G145000	0
SORBI_3005G145100	0
SORBI_3005G145201	343.641563
SORBI_3005G145300	8.28548
SORBI_3005G145400	0
SORBI_3005G145550	7.087502
SORBI_3005G145700	0
SORBI_3005G145800	2.668768
SORBI_3005G145900	0
SORBI_3005G145950	0
SORBI_3005G146000	0
SORBI_3005G146200	0
SORBI_3005G146300	0
SORBI_3005G146400	9.539883
SORBI_3005G146533	3.333515
SORBI_3005G146666	2.932079
SORBI_3005G146800	0
SORBI_3005G146900	0.245381
SORBI_3005G146966	0
SORBI_3005G147032	0
SORBI_3005G147100	0
SORBI_3005G147200	0
SORBI_3005G147300	0
SORBI_3005G147400	0
SORBI_3005G147500	0
SORBI_3005G147600	0
SORBI_3005G147700	0
SORBI_3005G147800	0
SORBI_3005G147900	0
SORBI_3005G148000	0
SORBI_3005G148100	0
SORBI_3005G148201	0
SORBI_3005G148300	0
SORBI_3005G148400	0
SORBI_3005G148500	5.63379
SORBI_3005G148600	0
SORBI_3005G148700	0
SORBI_3005G148900	0
SORBI_3005G148950	0
SORBI_3005G149000	0
SORBI_3005G149100	0.178667
SORBI_3005G149200	16.294448
SORBI_3005G149300	22.520323
SORBI_3005G149400	17.960628
SORBI_3005G149500	36.578351
SORBI_3005G149550	0
SORBI_3005G149600	0
SORBI_3005G149650	0
SORBI_3005G149700	49.433326
SORBI_3005G149800	0
SORBI_3005G150000	0
SORBI_3005G150100	0
SORBI_3005G150150	0
SORBI_3005G150200	0
SORBI_3005G150250	0
SORBI_3005G150300	0
SORBI_3005G150350	0.252073
SORBI_3005G150400	0
SORBI_3005G150501	0
SORBI_3005G150600	13.102189
SORBI_3005G150700	0
SORBI_3005G150800	11.391182
SORBI_3005G150900	7.933958
SORBI_3005G151000	0
SORBI_3005G151100	0
SORBI_3005G151200	0
SORBI_3005G151300	0
SORBI_3005G151350	1.121867
SORBI_3005G151400	0
SORBI_3005G151500	0
SORBI_3005G151700	0
SORBI_3005G151800	0
SORBI_3005G151900	0
SORBI_3005G152000	15.238773
SORBI_3005G152100	25.669206
SORBI_3005G152200	49.764287
SORBI_3005G152250	4.40538
SORBI_3005G152300	2.271787
SORBI_3005G152400	0
SORBI_3005G152500	0.822139
SORBI_3005G152550	0
SORBI_3005G152600	0
SORBI_3005G152700	0
SORBI_3005G152800	0
SORBI_3005G152866	0
SORBI_3005G152932	0
SORBI_3005G153000	5.89167
SORBI_3005G153033	0
SORBI_3005G153066	0
SORBI_3005G153100	0
SORBI_3005G153200	0
SORBI_3005G153300	0
SORBI_3005G153400	0
SORBI_3005G153500	0
SORBI_3005G153600	0
SORBI_3005G153700	0
SORBI_3005G153800	0
SORBI_3005G153900	0
SORBI_3005G154000	0
SORBI_3005G154100	1.401483
SORBI_3005G154300	12.056765
SORBI_3005G154400	2.576631
SORBI_3005G154500	13.02424
SORBI_3005G154600	0
SORBI_3005G154700	17.506634
SORBI_3005G154800	0.218489
SORBI_3005G154850	9.980349
SORBI_3005G154900	40.58936
SORBI_3005G155001	0
SORBI_3005G155100	25.98022
SORBI_3005G155200	43.843269
SORBI_3005G155300	14.061973
SORBI_3005G155500	0
SORBI_3005G155600	1.429121
ENSRNA049439960	0
SORBI_3005G155700	7.141905
SORBI_3005G155800	21.672054
SORBI_3005G155900	0
SORBI_3005G156000	0.383893
SORBI_3005G156100	0.144616
SORBI_3005G156201	0
SORBI_3005G156300	0
SORBI_3005G156400	0.722663
SORBI_3005G156450	0
SORBI_3005G156500	7.054383
SORBI_3005G156600	0
SORBI_3005G156700	0
SORBI_3005G156800	0
SORBI_3005G156850	2.230862
SORBI_3005G156900	0.111243
SORBI_3005G157000	26.274303
SORBI_3005G157100	50.18973
SORBI_3005G157200	17.835384
SORBI_3005G157300	0.878256
SORBI_3005G157400	0
SORBI_3005G157500	0
SORBI_3005G157600	0
SORBI_3005G157733	0.140051
SORBI_3005G157866	0
SORBI_3005G158000	2.416088
SORBI_3005G158100	37.474399
SORBI_3005G158200	0
SORBI_3005G158300	52.893156
SORBI_3005G158400	0
SORBI_3005G158500	0
SORBI_3005G158700	0
SORBI_3005G158801	0
SORBI_3005G158901	0
SORBI_3005G159000	7.320223
SORBI_3005G159100	0
SORBI_3005G159200	0.728692
SORBI_3005G159400	0
SORBI_3005G159500	0
SORBI_3005G159600	336.527629
SORBI_3005G159801	27.160208
SORBI_3005G160000	0.288926
SORBI_3005G160100	29.825327
SORBI_3005G160200	6.960103
SORBI_3005G160300	1.363199
SORBI_3005G160400	77.88272
SORBI_3005G160500	7.94946
SORBI_3005G160600	0.66942
SORBI_3005G160700	0
SORBI_3005G160801	0.35222
SORBI_3005G160900	5.705271
SORBI_3005G161000	0
SORBI_3005G161100	1.412689
SORBI_3005G161200	0
SORBI_3005G161400	0.028882
SORBI_3005G161500	0.041457
SORBI_3005G161600	0
SORBI_3005G161700	1.455437
SORBI_3005G161750	0
SORBI_3005G161800	0
SORBI_3005G161900	2.018203
SORBI_3005G162000	0.166002
SORBI_3005G162100	0
SORBI_3005G162200	0.301691
SORBI_3005G162300	0.470212
ENSRNA049440295	0
SORBI_3005G162400	0
SORBI_3005G162500	67.172692
SORBI_3005G162600	29.49629
SORBI_3005G162800	8.428088
SORBI_3005G162900	1.178018
SORBI_3005G163100	1.119422
SORBI_3005G163200	0.249613
SORBI_3005G163301	0.565601
SORBI_3005G163400	0.486924
SORBI_3005G163450	0
SORBI_3005G163500	0.10868
SORBI_3005G163600	3.416754
SORBI_3005G163700	130.218701
SORBI_3005G163800	0
SORBI_3005G163866	2.188711
SORBI_3005G163932	0
SORBI_3005G164000	0.092235
SORBI_3005G164100	0.575273
SORBI_3005G164200	0.162533
SORBI_3005G164300	0
SORBI_3005G164400	0
SORBI_3005G164500	20.713135
SORBI_3005G164700	80.457061
SORBI_3005G164800	0.047461
SORBI_3005G164900	0.186107
SORBI_3005G164966	0.444542
SORBI_3005G165032	0
SORBI_3005G165100	0
SORBI_3005G165201	0.093169
SORBI_3005G165300	0
SORBI_3005G165400	0.196268
SORBI_3005G165500	3.302961
SORBI_3005G165566	0
SORBI_3005G165632	0
SORBI_3005G165700	0.115289
SORBI_3005G165800	8.300718
SORBI_3005G165850	0
SORBI_3005G165900	72.161021
SORBI_3005G165950	0
SORBI_3005G166000	0.873411
SORBI_3005G166200	0.583517
SORBI_3005G166100	64.667744
SORBI_3005G166300	0
SORBI_3005G166366	0
SORBI_3005G166432	0
SORBI_3005G166500	4.435657
SORBI_3005G166700	0.275123
SORBI_3005G166800	0
SORBI_3005G166900	0.339391
SORBI_3005G167000	0
SORBI_3005G167100	0
SORBI_3005G167200	2.577237
SORBI_3005G167300	167.04795
SORBI_3005G167400	10.173106
SORBI_3005G167450	0
SORBI_3005G167500	0.604316
SORBI_3005G167600	0
SORBI_3005G167650	0
ENSRNA049439979	0
SORBI_3005G167700	37.450325
SORBI_3005G167800	18.128881
SORBI_3005G168000	3.491765
SORBI_3005G168100	80.168988
SORBI_3005G168200	2.973272
SORBI_3005G168300	3.576367
SORBI_3005G168400	0
SORBI_3005G168500	0
SORBI_3005G168600	67.203926
SORBI_3005G168700	77.717543
SORBI_3005G168800	38.469572
SORBI_3005G168900	0.694981
SORBI_3005G169000	1.032713
SORBI_3005G169100	0.142569
SORBI_3005G169200	1.736684
SORBI_3005G169300	0
SORBI_3005G169400	1.533457
SORBI_3005G169500	15.773286
SORBI_3005G169600	7.421832
SORBI_3005G169700	4.589988
SORBI_3005G169800	11.676079
SORBI_3005G169900	5.152684
SORBI_3005G170000	4.299713
SORBI_3005G170100	0.106828
SORBI_3005G170150	0
SORBI_3005G170200	0.647389
SORBI_3005G170300	0
SORBI_3005G170400	0
SORBI_3005G170500	0
SORBI_3005G170600	0
SORBI_3005G170700	0
SORBI_3005G170800	0
SORBI_3005G170900	3.173368
SORBI_3005G171001	0
SORBI_3005G171100	0
SORBI_3005G171200	0
SORBI_3005G171300	3.709517
SORBI_3005G171400	0
SORBI_3005G171500	0
SORBI_3005G171600	0
SORBI_3005G171700	0
SORBI_3005G171800	2.30707
SORBI_3005G171900	0
SORBI_3005G172000	0
SORBI_3005G172100	0.146708
SORBI_3005G172200	0
SORBI_3005G172300	1.144502
SORBI_3005G172400	3.032484
ENSRNA049440270	0
ENSRNA049440261	0
SORBI_3005G172500	54.351897
SORBI_3005G172700	0
SORBI_3005G172800	0
SORBI_3005G172900	38.331462
SORBI_3005G173100	1.571228
SORBI_3005G173200	4.206452
SORBI_3005G173366	1.495005
SORBI_3005G173532	0
SORBI_3005G173700	4.704598
SORBI_3005G173800	0
SORBI_3005G173900	0
SORBI_3005G174000	0
SORBI_3005G174100	0
SORBI_3005G174200	0
SORBI_3005G174400	0
SORBI_3005G174500	0
SORBI_3005G174600	0
SORBI_3005G174700	0
SORBI_3005G174750	0.318341
SORBI_3005G174800	0
SORBI_3005G174900	0
SORBI_3005G175000	10.549336
SORBI_3005G175100	158.653505
SORBI_3005G175150	0
SORBI_3005G175200	0
SORBI_3005G175300	17.562939
SORBI_3005G175400	4.455767
SORBI_3005G175500	26.152148
SORBI_3005G175600	15.343044
SORBI_3005G175700	0
SORBI_3005G175800	2.316005
SORBI_3005G175900	3.213531
SORBI_3005G176000	70.323565
SORBI_3005G176100	10.538
SORBI_3005G176300	0
SORBI_3005G176500	0
SORBI_3005G176600	0
SORBI_3005G176700	0
SORBI_3005G176800	0
SORBI_3005G176875	0
SORBI_3005G176950	0
SORBI_3005G177025	3.92942
SORBI_3005G177100	0
SORBI_3005G177200	0
SORBI_3005G177400	0
SORBI_3005G177500	0
SORBI_3005G177600	0.41911
SORBI_3005G177700	45.162051
SORBI_3005G177800	13.337325
SORBI_3005G177900	14.514816
SORBI_3005G178100	24.09354
SORBI_3005G178200	0
SORBI_3005G178300	15.048433
SORBI_3005G178400	0
ENSRNA049474930	0
SORBI_3005G178550	0.184562
SORBI_3005G178700	13.984663
SORBI_3005G178800	7.752568
SORBI_3005G178950	4.383648
SORBI_3005G179100	0
SORBI_3005G179200	0.190005
SORBI_3005G179300	111.329881
SORBI_3005G179400	0
ENSRNA049996191	0
SORBI_3005G179500	0.878294
SORBI_3005G179600	0
SORBI_3005G179700	0
SORBI_3005G179800	0
SORBI_3005G179900	0
SORBI_3005G180000	0
SORBI_3005G180100	0
SORBI_3005G180150	0
SORBI_3005G180200	0
SORBI_3005G180300	0
SORBI_3005G180400	0
SORBI_3005G180500	10.169059
SORBI_3005G180600	3.973651
SORBI_3005G180700	85.427965
SORBI_3005G180800	123.316082
SORBI_3005G180850	0
SORBI_3005G180900	31.334616
SORBI_3005G181000	15.595967
SORBI_3005G181100	2.263709
SORBI_3005G181200	0.376079
SORBI_3005G181300	0
SORBI_3005G181400	0
SORBI_3005G181500	0
SORBI_3005G181600	0.289169
SORBI_3005G181700	0
SORBI_3005G181800	0
SORBI_3005G181900	0.175467
SORBI_3005G182000	18.736529
SORBI_3005G182100	3.585075
SORBI_3005G182200	6.786701
SORBI_3005G182300	3.147535
SORBI_3005G182400	23.190582
SORBI_3005G182500	3.897343
SORBI_3005G182600	1.859133
SORBI_3005G182701	0
SORBI_3005G182800	0.913051
SORBI_3005G182900	0.334279
SORBI_3005G183000	0
SORBI_3005G183100	6.32468
SORBI_3005G183200	5.731598
SORBI_3005G183300	0
SORBI_3005G183400	0.22933
SORBI_3005G183450	0.074124
SORBI_3005G183500	0.261221
SORBI_3005G183600	0
SORBI_3005G183700	0
SORBI_3005G183900	0.381094
SORBI_3005G184000	0
ENSRNA049440013	0
SORBI_3005G184050	5.987858
SORBI_3005G184100	7.899319
SORBI_3005G184200	50.416344
SORBI_3005G184300	11.629394
SORBI_3005G184400	0
SORBI_3005G184500	0
SORBI_3005G184600	0
SORBI_3005G184700	0
SORBI_3005G184800	0
SORBI_3005G184900	0
SORBI_3005G185000	0
SORBI_3005G185100	0.165472
SORBI_3005G185150	16.593948
SORBI_3005G185200	0.221678
SORBI_3005G185300	0
SORBI_3005G185400	0
SORBI_3005G185500	8.42792
SORBI_3005G185600	0
SORBI_3005G185750	0.85838
SORBI_3005G185900	0
SORBI_3005G186000	0
SORBI_3005G186100	42.396723
SORBI_3005G186200	21.720138
SORBI_3005G186250	0
SORBI_3005G186300	0
SORBI_3005G186400	2.477405
SORBI_3005G186500	0
SORBI_3005G186600	0
SORBI_3005G186700	0
SORBI_3005G186800	0.086108
SORBI_3005G187000	0.493445
SORBI_3005G187100	0
SORBI_3005G187200	8.408056
SORBI_3005G187250	0
ENSRNA049475008	0
SORBI_3005G187300	45.823089
SORBI_3005G187400	31.465428
SORBI_3005G187500	67.229873
SORBI_3005G187600	0
SORBI_3005G187700	0.545349
SORBI_3005G187800	0.476148
SORBI_3005G187900	0.066607
SORBI_3005G188000	0
SORBI_3005G188100	72.524609
SORBI_3005G188200	5.107955
SORBI_3005G188300	8.42246
SORBI_3005G188400	0
SORBI_3005G188500	0
SORBI_3005G188600	1.46978
ENSRNA049440057	0
SORBI_3005G188800	0
SORBI_3005G188900	0
SORBI_3005G189000	0
SORBI_3005G189100	0
SORBI_3005G189300	2.506511
SORBI_3005G189400	0
SORBI_3005G189500	0
SORBI_3005G189600	0
SORBI_3005G189700	0
SORBI_3005G189800	0
SORBI_3005G189900	0
SORBI_3005G190000	0
SORBI_3005G190100	0
SORBI_3005G190200	0
SORBI_3005G190300	0
SORBI_3005G190400	0
SORBI_3005G190500	0
SORBI_3005G190600	0
SORBI_3005G190700	0.166208
SORBI_3005G190800	0
SORBI_3005G190900	0
SORBI_3005G191000	0
SORBI_3005G191101	0
SORBI_3005G191200	0
SORBI_3005G191300	0
SORBI_3005G191350	0
SORBI_3005G191400	0
SORBI_3005G191500	0.110058
SORBI_3005G191600	7.741507
SORBI_3005G191700	315.304913
SORBI_3005G191900	30.889351
SORBI_3005G192000	0
SORBI_3005G192100	0.672547
SORBI_3005G192200	0.494426
SORBI_3005G192300	3.363184
SORBI_3005G192350	0
SORBI_3005G192400	4.107505
SORBI_3005G192500	0.123291
SORBI_3005G192600	0
SORBI_3005G192700	0
SORBI_3005G192801	0
SORBI_3005G192901	0
SORBI_3005G193000	0
SORBI_3005G192900	0
SORBI_3005G193100	0
SORBI_3005G193140	0
SORBI_3005G193180	0
SORBI_3005G193220	0
SORBI_3005G193260	0
SORBI_3005G193300	0
SORBI_3005G193400	0
SORBI_3005G193500	0
SORBI_3005G193600	0
SORBI_3005G193700	0
SORBI_3005G193800	3.097874
SORBI_3005G193900	0
SORBI_3005G194000	52.878038
SORBI_3005G194100	0.775499
SORBI_3005G194200	6.291468
SORBI_3005G194300	4.39821
SORBI_3005G194400	1.805359
SORBI_3005G194500	0
SORBI_3005G194700	14.266822
SORBI_3005G194800	15.228488
SORBI_3005G194900	43.050331
SORBI_3005G195000	7.784385
SORBI_3005G195100	5.768608
SORBI_3005G195200	11.469964
SORBI_3005G195301	683.833475
SORBI_3005G195400	0
SORBI_3005G195600	19.384337
SORBI_3005G195700	0
SORBI_3005G195750	0
SORBI_3005G195800	90.93892
SORBI_3005G195900	0.087395
SORBI_3005G196000	0
SORBI_3005G196100	2.642378
SORBI_3005G196200	0
SORBI_3005G196300	0.371829
SORBI_3005G196400	0
SORBI_3005G196450	0
SORBI_3005G196500	0
SORBI_3005G196600	0.013624
SORBI_3005G196533	0
SORBI_3005G196566	0
SORBI_3005G196700	0.300905
SORBI_3005G196800	223.37371
SORBI_3005G196900	17.996753
SORBI_3005G196950	111.238518
SORBI_3005G197000	0
SORBI_3005G197100	68.164814
SORBI_3005G197200	0
SORBI_3005G197300	8.477656
SORBI_3005G197350	0
SORBI_3005G197400	0
SORBI_3005G197500	0
SORBI_3005G197600	1.12897
SORBI_3005G197700	0.835458
SORBI_3005G197800	0
SORBI_3005G197900	0
SORBI_3005G198000	78.826716
SORBI_3005G198100	30.799904
SORBI_3005G198150	0.418068
SORBI_3005G198200	10.405765
SORBI_3005G198300	0
SORBI_3005G198400	0
SORBI_3005G198500	0.191738
SORBI_3005G198600	0
SORBI_3005G198700	0
SORBI_3005G198800	0
SORBI_3005G198901	3.138542
SORBI_3005G199000	0
SORBI_3005G199050	0
SORBI_3005G199101	0
SORBI_3005G199151	0
SORBI_3005G199200	41.105776
SORBI_3005G199300	0
SORBI_3005G199400	9.655295
SORBI_3005G199500	0
SORBI_3005G199700	0
SORBI_3005G199800	0
SORBI_3005G200100	0
SORBI_3005G200200	0.656618
SORBI_3005G200300	0.250076
SORBI_3005G200400	0
SORBI_3005G200600	0
SORBI_3005G200700	0
SORBI_3005G200800	27.03601
ENSRNA049440146	0
SORBI_3005G200900	32.174409
SORBI_3005G201000	10.317281
SORBI_3005G201100	10.769059
SORBI_3005G201200	0
SORBI_3005G201400	0
SORBI_3005G201501	0
SORBI_3005G201600	0
SORBI_3005G201700	0
SORBI_3005G201800	0
SORBI_3005G201900	0
SORBI_3005G202000	25.528215
SORBI_3005G202101	0
SORBI_3005G202200	0
SORBI_3005G202300	0.7459
SORBI_3005G202400	0
SORBI_3005G202500	0.177785
SORBI_3005G202600	0
SORBI_3005G202700	0.473454
SORBI_3005G202800	0.302897
SORBI_3005G202901	0
SORBI_3005G203000	1.468744
SORBI_3005G203100	0
SORBI_3005G203150	0
SORBI_3005G203200	5.641795
SORBI_3005G203300	0
SORBI_3005G203400	0.105597
SORBI_3005G203500	0
SORBI_3005G203600	0
SORBI_3005G203700	0
SORBI_3005G203750	0.098507
SORBI_3005G203800	63.479826
SORBI_3005G203900	0.341248
SORBI_3005G204000	0
SORBI_3005G204100	0.070216
SORBI_3005G204200	12.194248
SORBI_3005G204300	0.362299
SORBI_3005G204400	8.963695
SORBI_3005G204500	0
SORBI_3005G204600	0
SORBI_3005G204700	23.472036
SORBI_3005G204800	0.317705
SORBI_3005G204900	0
SORBI_3005G205000	7.398304
SORBI_3005G205100	0.509009
SORBI_3005G205150	0.408756
SORBI_3005G205200	9.024843
SORBI_3005G205300	0.555161
SORBI_3005G205400	0
SORBI_3005G205550	0.637646
SORBI_3005G205700	0
SORBI_3005G205800	0
SORBI_3005G206000	0
SORBI_3005G206100	0
SORBI_3005G206300	33.218467
SORBI_3005G206400	0
SORBI_3005G206500	1.210522
SORBI_3005G206601	4.830011
SORBI_3005G206700	23.165051
SORBI_3005G206800	0.216637
SORBI_3005G206900	0
SORBI_3005G207000	3.136677
SORBI_3005G207100	162.745044
SORBI_3005G207200	0
SORBI_3005G207300	0
SORBI_3005G207400	19.941477
SORBI_3005G207500	140.314566
SORBI_3005G207550	0
SORBI_3005G207600	65.399853
SORBI_3005G207700	0.246815
SORBI_3005G207800	4.530634
SORBI_3005G207900	0
SORBI_3005G208000	0
SORBI_3005G208100	91.031342
SORBI_3005G208200	18.773958
SORBI_3005G208275	10.980735
SORBI_3005G208350	0.385232
SORBI_3005G208425	6.122052
SORBI_3005G208500	0
SORBI_3005G208600	0
SORBI_3005G208700	0
SORBI_3005G208801	0
SORBI_3005G208900	11.267991
SORBI_3005G208950	0
SORBI_3005G209000	2.976937
SORBI_3005G209100	1.727659
SORBI_3005G209200	0
SORBI_3005G209300	0
SORBI_3005G209400	10.878803
SORBI_3005G209500	556.900893
SORBI_3005G209600	2.75418
SORBI_3005G209800	0
SORBI_3005G209900	0
SORBI_3005G210000	62.671489
SORBI_3005G210100	0.985095
SORBI_3005G210200	28.566078
SORBI_3005G210300	3.067682
ENSRNA049996166	0
SORBI_3005G210350	2.531299
ENSRNA049996174	0
SORBI_3005G210400	0
SORBI_3005G210500	0.356777
SORBI_3005G210600	0.125692
SORBI_3005G210700	0.287513
SORBI_3005G210850	0.727085
SORBI_3005G211000	0
SORBI_3005G211200	7.876934
SORBI_3005G211301	4.838957
SORBI_3005G211400	20.42894
SORBI_3005G211500	0.104163
SORBI_3005G211600	0
SORBI_3005G211700	0
SORBI_3005G211750	0
SORBI_3005G211801	0
SORBI_3005G211851	0
SORBI_3005G211900	0
SORBI_3005G212000	0
SORBI_3005G212100	0
SORBI_3005G212201	0
SORBI_3005G212300	0
SORBI_3005G212400	0
SORBI_3005G212500	7.842314
SORBI_3005G212600	1.374335
SORBI_3005G212700	0
SORBI_3005G212800	0
ENSRNA049440162	0
SORBI_3005G212900	0
SORBI_3005G213000	0
SORBI_3005G213100	1.259876
SORBI_3005G213200	3.323854
SORBI_3005G213300	10.894823
SORBI_3005G213400	0
SORBI_3005G213500	0
SORBI_3005G213600	0.198167
SORBI_3005G213700	0.129326
SORBI_3005G213766	0.357877
SORBI_3005G213832	0.46421
SORBI_3005G213900	0
SORBI_3005G213950	1.140817
SORBI_3005G214000	5.025494
SORBI_3005G214150	0
SORBI_3005G214300	0
SORBI_3005G214400	18.713826
SORBI_3005G214600	0
SORBI_3005G214700	0
SORBI_3005G214800	0.219981
SORBI_3005G214900	0
SORBI_3005G215000	0
SORBI_3005G215100	0
SORBI_3005G215200	0
SORBI_3005G215300	0.367624
SORBI_3005G215400	0.298429
SORBI_3005G215500	2.076547
SORBI_3005G215601	0
SORBI_3005G215700	3.623462
SORBI_3005G215766	2.055255
SORBI_3005G215832	0
SORBI_3005G215900	12.841882
SORBI_3005G216000	0.653534
SORBI_3005G216100	0
SORBI_3005G216200	0.708824
SORBI_3005G216300	130.604092
SORBI_3005G216400	0
SORBI_3005G216500	0
SORBI_3005G216600	0
SORBI_3005G216700	0
SORBI_3005G216800	107.686264
SORBI_3005G216833	0
SORBI_3005G216866	0
SORBI_3005G216900	0
SORBI_3005G217000	15.270302
SORBI_3005G217101	0
SORBI_3005G217200	2.466883
SORBI_3005G217300	0.071044
SORBI_3005G217400	0
SORBI_3005G217500	0
SORBI_3005G217600	0.264264
SORBI_3005G217700	0
SORBI_3005G217766	0.382059
SORBI_3005G217832	0
SORBI_3005G217900	1.743318
SORBI_3005G218000	0
SORBI_3005G218100	0
SORBI_3005G218201	21.664379
SORBI_3005G218300	0
SORBI_3005G218400	13.250224
SORBI_3005G218500	0
SORBI_3005G218600	1.200061
SORBI_3005G218700	5.568354
SORBI_3005G218800	0
SORBI_3005G219000	0
SORBI_3005G219100	0
SORBI_3005G219300	10.812095
SORBI_3005G219500	0
SORBI_3005G219600	0
SORBI_3005G219700	0.086614
SORBI_3005G219800	0
SORBI_3005G219900	0.037583
SORBI_3005G220000	23.451235
SORBI_3005G220101	2.372199
SORBI_3005G220200	0.093071
SORBI_3005G220250	0
SORBI_3005G220300	0
SORBI_3005G220400	0
SORBI_3005G220500	0
SORBI_3005G220560	0
SORBI_3005G220620	0
SORBI_3005G220680	0
SORBI_3005G220740	0
SORBI_3005G220800	0
SORBI_3005G220900	0.454516
SORBI_3005G221000	0
SORBI_3005G221100	0
SORBI_3005G221200	0
SORBI_3005G221250	132.993981
SORBI_3005G221300	0
SORBI_3005G221425	3.486505
SORBI_3005G221550	0.63521
SORBI_3005G221675	0
SORBI_3005G221800	0
SORBI_3005G221900	1.563128
SORBI_3005G222000	14.889475
SORBI_3005G222100	9.485081
SORBI_3005G222200	14.304221
SORBI_3005G222300	0
SORBI_3005G222400	0
SORBI_3005G222500	0.171379
SORBI_3005G222600	0.043868
SORBI_3005G222650	0.411126
SORBI_3005G222700	8.930494
SORBI_3005G222800	0
SORBI_3005G222900	32.459236
SORBI_3005G223000	0.158992
SORBI_3005G223200	0
SORBI_3005G223300	0
SORBI_3005G223450	0.684227
SORBI_3005G223600	0.546939
SORBI_3005G223700	0.055507
SORBI_3005G223925	0.080883
SORBI_3005G223775	0
SORBI_3005G223850	0
SORBI_3005G224000	3.022699
SORBI_3005G224200	1.383191
SORBI_3005G224300	0.504979
SORBI_3005G224400	0.109085
SORBI_3005G224500	0.225477
SORBI_3005G224601	0
SORBI_3005G224700	13.568131
SORBI_3005G224800	33.170937
SORBI_3005G224900	0
SORBI_3005G225000	0
SORBI_3005G225100	0.916944
SORBI_3005G225200	1.067693
SORBI_3005G225300	0.368642
SORBI_3005G225400	0.93132
SORBI_3005G225500	0.600523
SORBI_3005G225700	0
SORBI_3005G225800	0.235834
SORBI_3005G225901	0
SORBI_3005G226000	0.262031
SORBI_3005G226100	0
SORBI_3005G226150	0
SORBI_3005G226200	0
SORBI_3005G226300	0.467364
SORBI_3005G226350	0.129732
SORBI_3005G226400	0.251106
SORBI_3005G226450	0
SORBI_3005G226500	0
SORBI_3005G226600	0
SORBI_3005G226700	0
SORBI_3005G226800	0
SORBI_3005G226900	0
SORBI_3005G227000	0
SORBI_3005G227050	0
SORBI_3005G227101	0
SORBI_3005G227151	0.307352
SORBI_3005G227200	0
SORBI_3005G227300	0
SORBI_3005G227400	0
SORBI_3005G227500	0.096974
SORBI_3005G227600	0
SORBI_3005G227700	0
SORBI_3005G227800	0
SORBI_3005G227900	0
SORBI_3005G228000	274.295381
SORBI_3005G228100	0.219961
SORBI_3005G228250	0.031692
SORBI_3005G228400	0
SORBI_3005G228501	0
SORBI_3005G228600	7.538126
SORBI_3005G228650	0
SORBI_3005G228700	2476.756965
SORBI_3005G228900	47.178103
SORBI_3005G229000	67.302239
SORBI_3005G229100	0.098122
SORBI_3005G229166	2.02359
SORBI_3005G229232	0
SORBI_3005G229300	115.359682
SORBI_3005G229400	34.221869
SORBI_3005G229500	3.779137
SORBI_3005G229600	0.205778
SORBI_3005G229700	9.599293
SORBI_3005G229800	5.541802
SORBI_3005G229900	1.540044
SORBI_3005G230000	0.8743
SORBI_3005G230100	0.164701
SORBI_3005G230200	0.397002
SORBI_3005G230300	0
SORBI_3005G230400	0.32654
SORBI_3005G230500	0.303525
SORBI_3005G230600	0.269165
SORBI_3005G230700	0.73389
SORBI_3005G230800	0.088895
SORBI_3005G230900	0.096501
SORBI_3005G231100	6.490357
SORBI_3005G231000	0
SORBI_3005G231201	0
SORBI_3005G231300	0.362686
SORBI_3005G231400	0
SORBI_3005G231500	136.46278
SORBI_3005G231600	0
SORBI_3005G231700	6.857714
SORBI_3005G231800	0
SORBI_3005G231900	40.871235
SORBI_3005G232000	13.342625
SORBI_3005G232100	20.357971
SORBI_3005G232200	0
SORBI_3006G000100	282.041703
SORBI_3006G000200	0
SORBI_3006G000300	199.053713
SORBI_3006G000400	13.588752
SORBI_3006G000600	47.790309
SORBI_3006G000700	5.344564
SORBI_3006G000800	0.197892
SORBI_3006G000900	1.673087
SORBI_3006G001000	0.348918
SORBI_3006G001100	11.866532
SORBI_3006G001200	5.060013
SORBI_3006G001400	0
SORBI_3006G001600	0.075731
SORBI_3006G001650	0
SORBI_3006G001700	0
SORBI_3006G001800	1.581535
SORBI_3006G001900	7.916922
SORBI_3006G002000	103.477763
SORBI_3006G002100	13.975922
SORBI_3006G002201	200.322941
SORBI_3006G002300	15.147755
SORBI_3006G002400	84.146048
SORBI_3006G002500	11.183267
SORBI_3006G002600	36.896385
SORBI_3006G002700	222.818117
SORBI_3006G002800	32.730058
SORBI_3006G002900	153.832861
SORBI_3006G003000	0.444694
SORBI_3006G003100	11.590983
SORBI_3006G003200	0
SORBI_3006G003300	55.10137
SORBI_3006G003350	1.29837
SORBI_3006G003400	14.945051
SORBI_3006G003501	0.396899
SORBI_3006G003600	0
SORBI_3006G003500	0
SORBI_3006G003601	0
SORBI_3006G003700	0
SORBI_3006G003800	0
SORBI_3006G003850	0
SORBI_3006G003901	0
SORBI_3006G003951	2.12184
SORBI_3006G004000	3.160699
SORBI_3006G004100	0
SORBI_3006G004200	0.479058
SORBI_3006G004300	1.318894
SORBI_3006G004400	0
SORBI_3006G004500	42.000253
SORBI_3006G004600	15.106926
SORBI_3006G004700	0.112715
SORBI_3006G004800	0
SORBI_3006G004900	0
SORBI_3006G005000	0
SORBI_3006G005200	3.708203
SORBI_3006G005300	0
SORBI_3006G005400	0.101466
SORBI_3006G005500	0
SORBI_3006G005550	0
SORBI_3006G005600	33.571578
SORBI_3006G005700	0
SORBI_3006G005800	0
SORBI_3006G005900	0
SORBI_3006G005950	9.546886
SORBI_3006G006000	0
SORBI_3006G006100	0
SORBI_3006G006200	0
SORBI_3006G006300	0.774081
SORBI_3006G006400	0
SORBI_3006G006450	0
SORBI_3006G006500	2.765978
SORBI_3006G006600	0.792507
SORBI_3006G006650	0
SORBI_3006G006700	0
SORBI_3006G006800	0
SORBI_3006G006900	0
SORBI_3006G007001	0
SORBI_3006G007100	0
SORBI_3006G007300	0
SORBI_3006G007450	0
SORBI_3006G007600	0
SORBI_3006G007650	0
SORBI_3006G007700	0
SORBI_3006G007800	0.124605
SORBI_3006G007850	0
SORBI_3006G007900	0
SORBI_3006G008000	0
SORBI_3006G008100	0.526175
SORBI_3006G008200	36.067473
SORBI_3006G008300	8.206964
SORBI_3006G008400	8.202248
SORBI_3006G008500	0
SORBI_3006G008600	21.342811
SORBI_3006G008650	0
SORBI_3006G008700	1.662499
SORBI_3006G008800	54.98657
SORBI_3006G008900	100.28215
SORBI_3006G009000	8.663424
SORBI_3006G009100	8.502326
SORBI_3006G009200	0
SORBI_3006G009300	0
SORBI_3006G009400	60.166758
SORBI_3006G009500	0.482396
SORBI_3006G009600	0.377355
SORBI_3006G009700	0
SORBI_3006G009800	0
SORBI_3006G009900	0
SORBI_3006G010000	22.379269
SORBI_3006G010100	0
SORBI_3006G010200	0
SORBI_3006G010301	0
ENSRNA049474184	0
ENSRNA049474108	36.521035
SORBI_3006G010400	33.703821
SORBI_3006G010500	0
SORBI_3006G010600	92.639293
SORBI_3006G010700	0.776442
SORBI_3006G010800	3.772932
SORBI_3006G010900	4.496155
SORBI_3006G011000	46.393628
SORBI_3006G011100	2.906117
SORBI_3006G011200	72.158747
SORBI_3006G011300	299.508649
SORBI_3006G011350	0
SORBI_3006G011400	6.820503
SORBI_3006G011450	0
SORBI_3006G011500	1.825219
SORBI_3006G011601	0
SORBI_3006G011700	0
SORBI_3006G011800	0
SORBI_3006G011900	0
SORBI_3006G012000	0
SORBI_3006G012100	0
SORBI_3006G012200	0.427554
SORBI_3006G012300	1.706554
SORBI_3006G012400	19.557254
SORBI_3006G012500	35.156164
SORBI_3006G012700	15.504507
SORBI_3006G012800	0
SORBI_3006G012900	65.228815
SORBI_3006G013000	59.712998
SORBI_3006G013100	25.265717
SORBI_3006G013200	0
SORBI_3006G013300	0.16643
SORBI_3006G013500	23.527645
SORBI_3006G013600	0.047104
SORBI_3006G013700	15.647779
SORBI_3006G013800	0.465276
SORBI_3006G013900	15.663833
SORBI_3006G014000	0.956015
SORBI_3006G014100	3.978144
SORBI_3006G014200	0
SORBI_3006G014300	0
SORBI_3006G014400	0
SORBI_3006G014500	0.231937
SORBI_3006G014566	0
SORBI_3006G014632	0.407456
SORBI_3006G014700	6.003899
SORBI_3006G014800	0.343575
SORBI_3006G014900	1.196401
SORBI_3006G015000	0
SORBI_3006G015100	0
SORBI_3006G015200	0
SORBI_3006G015250	1.650768
SORBI_3006G015300	0
SORBI_3006G015400	1.400703
SORBI_3006G015500	8.224189
SORBI_3006G015600	1.560391
SORBI_3006G015700	0
SORBI_3006G015750	0
SORBI_3006G015800	2.333243
SORBI_3006G015900	0.445814
SORBI_3006G016000	0
SORBI_3006G016200	4.361172
SORBI_3006G016350	0
SORBI_3006G016500	1.014149
SORBI_3006G016600	6.866095
SORBI_3006G016700	0.887156
SORBI_3006G016800	0
SORBI_3006G016900	260.06292
SORBI_3006G016950	0
SORBI_3006G017000	96.930504
SORBI_3006G017100	3.107868
SORBI_3006G017200	0
SORBI_3006G017332	0
SORBI_3006G017266	0
SORBI_3006G017400	0
SORBI_3006G017500	0.146791
SORBI_3006G017600	10.895497
SORBI_3006G017700	0
SORBI_3006G017800	1.491077
SORBI_3006G017900	0
SORBI_3006G018000	0
SORBI_3006G018100	59.402281
SORBI_3006G018200	0
SORBI_3006G018300	0
SORBI_3006G018400	0.250281
SORBI_3006G018500	0
SORBI_3006G018600	0
SORBI_3006G018650	0
SORBI_3006G018701	0.93512
SORBI_3006G018751	0
SORBI_3006G018800	34.299031
SORBI_3006G018900	0.647418
SORBI_3006G019000	0
SORBI_3006G019100	6.513272
SORBI_3006G019200	0
SORBI_3006G019300	25.581843
SORBI_3006G019400	0
SORBI_3006G019600	1.282253
SORBI_3006G019700	1.207492
SORBI_3006G019801	5.101976
SORBI_3006G019901	0.878201
SORBI_3006G020000	3.200233
SORBI_3006G020200	0.101047
SORBI_3006G020300	0
SORBI_3006G020350	0
SORBI_3006G020400	0
SORBI_3006G020500	0
SORBI_3006G020600	0
SORBI_3006G020700	0
SORBI_3006G020900	22.858429
SORBI_3006G021000	10.546815
SORBI_3006G021100	20.405639
SORBI_3006G021200	8.368953
SORBI_3006G021250	4.871701
SORBI_3006G021300	0
SORBI_3006G021400	0
SORBI_3006G021500	0
SORBI_3006G021600	14.946815
SORBI_3006G021700	27.965409
SORBI_3006G021800	40.197302
SORBI_3006G021900	4.135884
SORBI_3006G022000	0
SORBI_3006G022200	1.734784
SORBI_3006G022301	0
SORBI_3006G022400	0.712303
SORBI_3006G022500	10.454297
SORBI_3006G022700	0
SORBI_3006G022800	10.499415
SORBI_3006G022900	0
SORBI_3006G023000	0
SORBI_3006G023100	8.721871
SORBI_3006G023200	28.756704
SORBI_3006G023300	0
SORBI_3006G023400	17.935063
SORBI_3006G023900	6.099549
SORBI_3006G024000	2.14632
SORBI_3006G024101	0
SORBI_3006G024200	1.934113
SORBI_3006G024400	8.996383
SORBI_3006G024450	0
SORBI_3006G024500	48.068105
SORBI_3006G024600	2.426784
SORBI_3006G024700	3.579704
SORBI_3006G024800	0
SORBI_3006G025000	1.694156
SORBI_3006G025066	0.237107
SORBI_3006G025132	0
SORBI_3006G025200	0
SORBI_3006G025300	72.845972
SORBI_3006G025350	0
SORBI_3006G025400	0.501043
SORBI_3006G025500	0
SORBI_3006G025550	0
SORBI_3006G025600	2.389291
SORBI_3006G025700	0
SORBI_3006G025800	0
SORBI_3006G025900	2.231155
SORBI_3006G026000	1.84957
SORBI_3006G026100	14.196483
SORBI_3006G026200	0
SORBI_3006G026250	7.058902
SORBI_3006G026300	0
SORBI_3006G026400	71.900334
SORBI_3006G026500	22.090738
SORBI_3006G026600	6.412037
SORBI_3006G026700	102.05274
SORBI_3006G026800	0.163733
SORBI_3006G026900	0
SORBI_3006G027000	35.54559
SORBI_3006G027101	0
SORBI_3006G027200	23.937015
SORBI_3006G027300	0
SORBI_3006G027500	0
SORBI_3006G027601	0.365257
SORBI_3006G027700	0
SORBI_3006G027800	0
SORBI_3006G027900	0.620015
SORBI_3006G028000	0
SORBI_3006G028100	18.294299
SORBI_3006G028200	30.925328
SORBI_3006G028250	2.941377
SORBI_3006G028300	20.098702
SORBI_3006G028400	29.184333
SORBI_3006G028500	0
SORBI_3006G028550	0
SORBI_3006G028600	0
SORBI_3006G028700	16.352374
SORBI_3006G028800	0.138258
SORBI_3006G028900	0.832755
SORBI_3006G029000	120.460872
SORBI_3006G029100	22.855408
SORBI_3006G029200	0
SORBI_3006G029250	0
SORBI_3006G029300	0
SORBI_3006G029400	24.051399
SORBI_3006G029550	0
SORBI_3006G029700	29.076654
SORBI_3006G029800	84.513478
SORBI_3006G029850	0
SORBI_3006G029900	0
SORBI_3006G030001	0
SORBI_3006G030100	56.766323
SORBI_3006G030200	0.26765
SORBI_3006G030250	0
SORBI_3006G030300	0.554956
SORBI_3006G030400	0.251816
SORBI_3006G030500	0
SORBI_3006G030600	0.999495
SORBI_3006G030700	0.520323
SORBI_3006G030800	35.546094
SORBI_3006G031000	0
SORBI_3006G031100	0
SORBI_3006G031200	5.34552
SORBI_3006G031300	17.454793
SORBI_3006G031400	0.77323
SORBI_3006G031500	0
SORBI_3006G031600	0
SORBI_3006G031701	0
SORBI_3006G031800	16.22075
SORBI_3006G031833	2.316386
SORBI_3006G031866	0
SORBI_3006G031900	0
SORBI_3006G032000	0.101845
SORBI_3006G032033	0
SORBI_3006G032066	0
SORBI_3006G032100	56.950848
SORBI_3006G032200	2291.752355
SORBI_3006G032300	46.114206
SORBI_3006G032400	31.304382
SORBI_3006G032500	18.34371
SORBI_3006G032600	23.258982
SORBI_3006G032700	7.308211
SORBI_3006G032800	0.093063
SORBI_3006G032900	29.056987
SORBI_3006G033001	0
SORBI_3006G033101	22.27821
SORBI_3006G033200	103.665462
SORBI_3006G033260	0.803817
SORBI_3006G033320	0
SORBI_3006G033380	0.391561
SORBI_3006G033440	0
SORBI_3006G033500	6.360871
SORBI_3006G033601	5.975983
SORBI_3006G033700	4.483194
SORBI_3006G033800	0.664032
SORBI_3006G033900	0
SORBI_3006G034000	87.624305
SORBI_3006G034100	77.072733
SORBI_3006G034200	0.343684
SORBI_3006G034225	0
SORBI_3006G034250	0
SORBI_3006G034275	0
SORBI_3006G034300	0.456542
SORBI_3006G034400	39.928846
SORBI_3006G034500	229.327599
SORBI_3006G034650	0.541922
SORBI_3006G034800	41.560847
SORBI_3006G034900	0
SORBI_3006G035200	0.678751
SORBI_3006G035300	68.671147
SORBI_3006G035350	0
SORBI_3006G035400	2.863794
SORBI_3006G035500	35.819729
SORBI_3006G035600	0.966008
ENSRNA049996144	0
SORBI_3006G035700	0
SORBI_3006G035800	0
SORBI_3006G035900	94.809605
SORBI_3006G035950	0
SORBI_3006G036000	0
SORBI_3006G036100	28.755525
SORBI_3006G036201	0
SORBI_3006G036300	0.64842
SORBI_3006G036400	0.127589
SORBI_3006G036500	1.29959
SORBI_3006G036566	6.901432
SORBI_3006G036632	0
SORBI_3006G036700	0.086607
SORBI_3006G036801	0
SORBI_3006G036900	23.207618
SORBI_3006G037000	0
SORBI_3006G037050	0
SORBI_3006G037100	0.121309
SORBI_3006G037150	0
SORBI_3006G037200	0
SORBI_3006G037300	0.400907
SORBI_3006G037401	0
SORBI_3006G037500	0.966395
SORBI_3006G037600	0
SORBI_3006G037650	0
SORBI_3006G037700	26.936113
SORBI_3006G037800	0
SORBI_3006G037900	2.845005
SORBI_3006G038000	53.155427
SORBI_3006G038050	6.654708
SORBI_3006G038100	1.816881
SORBI_3006G038200	26.867032
SORBI_3006G038300	8.954998
SORBI_3006G038350	0
SORBI_3006G038400	51.322071
SORBI_3006G038500	9.753341
SORBI_3006G038600	0
SORBI_3006G038700	0.118279
SORBI_3006G038800	9.427894
SORBI_3006G038850	0
SORBI_3006G038901	11.450083
SORBI_3006G038951	8.728062
SORBI_3006G039000	0
SORBI_3006G039100	2.316178
SORBI_3006G039300	0.249531
SORBI_3006G039400	26.768938
SORBI_3006G039500	0
SORBI_3006G039600	1.901376
SORBI_3006G039700	0.475621
SORBI_3006G039800	45.576407
SORBI_3006G039900	3.4676
SORBI_3006G040000	44.065751
SORBI_3006G040101	0
SORBI_3006G040201	0
SORBI_3006G040301	0
SORBI_3006G040401	0
SORBI_3006G040500	43.889346
SORBI_3006G040550	0
SORBI_3006G040600	0
SORBI_3006G040700	0
SORBI_3006G040800	1.054412
SORBI_3006G040900	0
SORBI_3006G041000	41.487436
SORBI_3006G041200	0
SORBI_3006G041100	69.112567
SORBI_3006G041266	40.366685
SORBI_3006G041432	0.407812
SORBI_3006G041600	31.997308
SORBI_3006G041700	3.147328
SORBI_3006G041750	0
SORBI_3006G041800	19.251697
SORBI_3006G041866	0
SORBI_3006G041932	0
SORBI_3006G042000	4.956837
SORBI_3006G042100	0
SORBI_3006G042200	7.895678
SORBI_3006G042275	0
SORBI_3006G042350	0
SORBI_3006G042425	0
SORBI_3006G042500	0
SORBI_3006G042600	0
SORBI_3006G042800	0
SORBI_3006G042900	0
SORBI_3006G043101	0
SORBI_3006G043300	170.076831
SORBI_3006G043400	15.382187
ENSRNA049996151	0
SORBI_3006G043600	73.815046
SORBI_3006G043700	104.228861
SORBI_3006G043750	0.184696
SORBI_3006G043800	5.12978
SORBI_3006G043901	4.414983
SORBI_3006G044000	15.308348
SORBI_3006G044100	6.164678
SORBI_3006G044200	0
SORBI_3006G044301	1.110976
SORBI_3006G044400	31.38966
SORBI_3006G044466	0.152013
SORBI_3006G044532	0
SORBI_3006G044600	269.089921
SORBI_3006G044800	0
SORBI_3006G044866	0
SORBI_3006G044932	123.150189
SORBI_3006G045000	2.282565
SORBI_3006G045100	1.411047
SORBI_3006G045200	6.256597
SORBI_3006G045301	0.44086
SORBI_3006G045400	14.323797
SORBI_3006G045500	11.807059
SORBI_3006G045601	0
SORBI_3006G045700	34.282167
SORBI_3006G045800	0
SORBI_3006G045901	27.7173
SORBI_3006G046000	25.216982
SORBI_3006G046100	2.075059
SORBI_3006G046200	0
SORBI_3006G046300	0.142406
SORBI_3006G046400	16.328916
SORBI_3006G046500	2.502849
SORBI_3006G046600	32.051373
SORBI_3006G046700	36.404533
SORBI_3006G046900	2.791934
SORBI_3006G047000	126.699038
SORBI_3006G047100	5.547351
SORBI_3006G047200	0.656847
SORBI_3006G047300	4.702302
SORBI_3006G047350	0
SORBI_3006G047400	190.805252
SORBI_3006G047500	8.666548
SORBI_3006G047700	0
SORBI_3006G047801	0
SORBI_3006G047900	29.382517
SORBI_3006G048000	0.292158
SORBI_3006G048100	0.419003
SORBI_3006G048201	0
SORBI_3006G048300	6.200431
SORBI_3006G048400	0.375149
SORBI_3006G048500	73.545747
SORBI_3006G048600	210.479828
SORBI_3006G048700	564.954385
SORBI_3006G048775	17.689244
SORBI_3006G048850	0
SORBI_3006G048925	0
SORBI_3006G049000	0
SORBI_3006G049100	78.000795
SORBI_3006G049200	1.605484
SORBI_3006G049300	28.937967
SORBI_3006G049450	0
SORBI_3006G049600	46.112692
SORBI_3006G049633	0.228571
ENSRNA049996159	0
SORBI_3006G049666	0
SORBI_3006G049700	69.771555
SORBI_3006G049800	0
SORBI_3006G049900	4.608181
SORBI_3006G050000	23.008696
SORBI_3006G050050	0
SORBI_3006G050100	6.48738
SORBI_3006G050201	0
SORBI_3006G050300	0
SORBI_3006G050400	41.689681
SORBI_3006G050500	76.285011
SORBI_3006G050550	0
SORBI_3006G050600	0.094645
SORBI_3006G050700	5.53202
SORBI_3006G050800	0
SORBI_3006G050900	0
SORBI_3006G051000	1.876771
SORBI_3006G051100	0
ENSRNA049437263	0
SORBI_3006G051201	0
SORBI_3006G051300	0
SORBI_3006G051400	1.668859
SORBI_3006G051700	3.801714
SORBI_3006G051750	0.155414
SORBI_3006G051800	35.257343
SORBI_3006G051850	0
SORBI_3006G051900	21.53426
SORBI_3006G052100	1.6943
SORBI_3006G052150	0.871791
SORBI_3006G052200	9.461726
SORBI_3006G052250	4.536774
SORBI_3006G052300	28.172488
SORBI_3006G052400	72.744907
SORBI_3006G052500	108.851315
SORBI_3006G052650	0.148993
SORBI_3006G052800	133.629838
SORBI_3006G052900	0
SORBI_3006G053000	32.462378
ENSRNA049483822	0
ENSRNA049483927	0
SORBI_3006G053050	1.509134
ENSRNA049483820	0
ENSRNA049483819	0
SORBI_3006G053100	14.972867
SORBI_3006G053200	6.491564
SORBI_3006G053400	0
SORBI_3006G053500	9.165021
SORBI_3006G053550	0
SORBI_3006G053601	0
SORBI_3006G053651	0.267975
SORBI_3006G053700	14.742766
SORBI_3006G053800	0
SORBI_3006G053900	0
SORBI_3006G054000	0.121724
SORBI_3006G054100	0.534544
SORBI_3006G054200	1.990449
SORBI_3006G054233	1.870845
SORBI_3006G054266	0
SORBI_3006G054300	20.061109
SORBI_3006G054400	0
SORBI_3006G054500	93.351568
SORBI_3006G054600	0
SORBI_3006G054700	26.444167
SORBI_3006G054800	3.523834
SORBI_3006G054900	7.003784
SORBI_3006G055000	0.079383
SORBI_3006G055100	2.4371
SORBI_3006G055200	27.059676
SORBI_3006G055300	13.669538
SORBI_3006G055400	19.690466
SORBI_3006G055501	0
ENSRNA049996129	0
ENSRNA049996138	0
SORBI_3006G055600	2.270568
SORBI_3006G055700	0
SORBI_3006G055800	56.027299
SORBI_3006G055900	0
SORBI_3006G056000	22.241981
SORBI_3006G056100	7.85667
SORBI_3006G056200	38.380363
SORBI_3006G056300	0.934733
SORBI_3006G056400	3.750807
SORBI_3006G056600	20.95883
SORBI_3006G056700	21.667431
SORBI_3006G056800	9.82132
SORBI_3006G056900	0
SORBI_3006G057000	0.917878
SORBI_3006G057100	0.02254
SORBI_3006G057050	0
SORBI_3006G057200	0.868838
SORBI_3006G057300	16.048713
SORBI_3006G057500	0
SORBI_3006G057600	23.840024
SORBI_3006G057733	0
SORBI_3006G057866	0.03908
SORBI_3006G058000	0.436001
SORBI_3006G058100	159.604949
SORBI_3006G058300	9.685921
SORBI_3006G058400	8.919832
SORBI_3006G058500	0.353128
SORBI_3006G058600	14.992662
SORBI_3006G058666	0
SORBI_3006G058732	0.589078
SORBI_3006G058800	70.702786
SORBI_3006G058900	216.563624
SORBI_3006G059000	30.284157
SORBI_3006G059100	0
SORBI_3006G059150	0
SORBI_3006G059200	4.839434
SORBI_3006G059300	0
SORBI_3006G059400	0
SORBI_3006G059500	47.77515
SORBI_3006G059700	2.117753
SORBI_3006G059800	0
SORBI_3006G059900	0
SORBI_3006G060000	18.42905
SORBI_3006G060100	8.713161
SORBI_3006G060200	0.37273
SORBI_3006G060400	0
SORBI_3006G060500	0.133697
SORBI_3006G060601	0.628905
SORBI_3006G060700	0.437483
SORBI_3006G060800	0.119513
SORBI_3006G060900	0.160632
SORBI_3006G061000	0.590077
SORBI_3006G061100	63.350932
SORBI_3006G061201	0.34197
SORBI_3006G061300	25.14197
SORBI_3006G061401	0
SORBI_3006G061500	0
SORBI_3006G061600	0
SORBI_3006G061700	0.074916
SORBI_3006G061800	0
SORBI_3006G061900	1.047355
SORBI_3006G062000	0
SORBI_3006G062100	0
SORBI_3006G062200	7.008714
SORBI_3006G062300	0.062741
SORBI_3006G062400	0.041258
SORBI_3006G062466	0
SORBI_3006G062433	0
SORBI_3006G062500	651.855617
SORBI_3006G062600	0
SORBI_3006G062700	0
SORBI_3006G062750	0
SORBI_3006G062800	53.389956
SORBI_3006G062900	3.971094
SORBI_3006G063001	4.018566
SORBI_3006G063100	2.28242
SORBI_3006G063200	2.114412
SORBI_3006G063300	8.287411
SORBI_3006G063400	0
SORBI_3006G063500	0.70738
SORBI_3006G063600	18.243824
SORBI_3006G063700	1.69225
SORBI_3006G063800	1.308407
SORBI_3006G063900	33.849528
SORBI_3006G064000	10.741481
SORBI_3006G064100	94.121081
SORBI_3006G064200	17.369901
SORBI_3006G064300	0
SORBI_3006G064400	0
SORBI_3006G064450	0
SORBI_3006G064500	0
SORBI_3006G064600	76.929013
SORBI_3006G064700	0
SORBI_3006G064800	59.869251
SORBI_3006G064900	0
SORBI_3006G065000	0.400891
SORBI_3006G065100	17.419082
SORBI_3006G065200	8.227188
SORBI_3006G065300	4.827028
SORBI_3006G065400	1.134194
SORBI_3006G065500	0.202858
SORBI_3006G065600	87.790565
SORBI_3006G065700	4.390438
SORBI_3006G065800	35.374533
SORBI_3006G065850	0
SORBI_3006G065900	104.962053
SORBI_3006G066000	13.662711
SORBI_3006G066050	0
SORBI_3006G066100	0
SORBI_3006G066150	0
SORBI_3006G066200	66.238527
SORBI_3006G066300	0
SORBI_3006G066400	0
SORBI_3006G066500	1.180003
SORBI_3006G066600	437.784197
SORBI_3006G066650	4.300562
SORBI_3006G066700	0.192351
SORBI_3006G066800	214.070666
SORBI_3006G066900	0.655604
SORBI_3006G067000	1.070043
SORBI_3006G067050	0
SORBI_3006G067100	1.862388
SORBI_3006G067150	10.075753
SORBI_3006G067200	4.423333
SORBI_3006G067300	0
SORBI_3006G067400	10.154422
SORBI_3006G067500	11.520917
SORBI_3006G067600	47.209116
SORBI_3006G067700	12.742013
SORBI_3006G067800	63.810241
SORBI_3006G067900	4.511651
SORBI_3006G068000	1.308626
SORBI_3006G068100	0
SORBI_3006G068200	0
SORBI_3006G068300	0.430205
SORBI_3006G068350	3.523054
SORBI_3006G068400	13.606339
SORBI_3006G068500	0
SORBI_3006G068700	0
SORBI_3006G068800	5.456769
SORBI_3006G068900	1.631577
SORBI_3006G069000	0.194933
SORBI_3006G069050	0
SORBI_3006G069100	0.435504
SORBI_3006G069200	211.854471
SORBI_3006G069300	0.08935
ENSRNA049437232	0
SORBI_3006G069400	0
SORBI_3006G069500	0
SORBI_3006G069766	0.069334
SORBI_3006G070032	0
SORBI_3006G070298	6.235115
SORBI_3006G070564	0.662302
SORBI_3006G070830	0
SORBI_3006G071096	0
SORBI_3006G071362	6.812352
SORBI_3006G071628	8.858141
SORBI_3006G071814	5.147987
SORBI_3006G072000	0.649921
SORBI_3006G072201	0.496624
ENSRNA049437220	0
SORBI_3006G072400	1.194758
SORBI_3006G072501	3.125223
SORBI_3006G072601	57.666573
SORBI_3006G072701	0
SORBI_3006G072800	0.169365
SORBI_3006G072900	12.954962
SORBI_3006G073001	13.700364
SORBI_3006G073100	19.261561
SORBI_3006G073150	4.427358
SORBI_3006G073200	123.815184
SORBI_3006G073300	16.348932
SORBI_3006G073400	117.956137
SORBI_3006G073500	40.704424
SORBI_3006G073600	0.646854
SORBI_3006G073700	0.186763
SORBI_3006G073800	0
SORBI_3006G073900	3.460378
SORBI_3006G074000	15.607212
SORBI_3006G074100	1.922592
SORBI_3006G074150	0
SORBI_3006G074200	19.590951
SORBI_3006G074300	0
SORBI_3006G074400	0.319637
SORBI_3006G074500	4.800954
SORBI_3006G074600	8.002875
SORBI_3006G074800	0
SORBI_3006G074900	0.067253
SORBI_3006G075000	27.001186
SORBI_3006G075100	9.459271
SORBI_3006G075200	0
SORBI_3006G075300	0
SORBI_3006G075350	0
SORBI_3006G075400	1.20897
SORBI_3006G075450	1.732144
SORBI_3006G075500	1.134194
SORBI_3006G075600	10.584221
SORBI_3006G075650	0
SORBI_3006G075700	0
SORBI_3006G075801	1.59133
SORBI_3006G075900	0
SORBI_3006G076000	0.373787
SORBI_3006G076100	0
SORBI_3006G076201	0
SORBI_3006G076300	2.437528
SORBI_3006G076400	0.395167
SORBI_3006G076500	0
SORBI_3006G076601	39.105093
SORBI_3006G076700	0
SORBI_3006G076800	0.489248
SORBI_3006G076900	0
SORBI_3006G077000	0
SORBI_3006G077050	0
SORBI_3006G077100	0
SORBI_3006G077200	71.928871
SORBI_3006G077300	118.103312
SORBI_3006G077400	1.30306
SORBI_3006G077500	0
SORBI_3006G077600	6.423412
SORBI_3006G077700	0
SORBI_3006G077900	0.041072
SORBI_3006G077800	0
SORBI_3006G078000	0
SORBI_3006G078100	0.876572
SORBI_3006G078200	0.311965
SORBI_3006G078300	14.281107
SORBI_3006G078350	6.197759
SORBI_3006G078400	1028.537999
SORBI_3006G078450	0
SORBI_3006G078500	49.534118
SORBI_3006G078600	4.007075
SORBI_3006G078800	0.223602
SORBI_3006G078900	0.109794
SORBI_3006G079000	0
SORBI_3006G079100	0
SORBI_3006G079300	0
SORBI_3006G079350	9.524841
SORBI_3006G079400	4.902268
SORBI_3006G079450	4.105497
SORBI_3006G079500	0
SORBI_3006G079650	0
SORBI_3006G079800	0.019015
SORBI_3006G079900	41.638937
SORBI_3006G080000	18.34409
SORBI_3006G080050	0
SORBI_3006G080100	0
SORBI_3006G080200	0
SORBI_3006G080300	38.065775
SORBI_3006G080400	3.976126
SORBI_3006G080500	0
SORBI_3006G080600	0.267591
SORBI_3006G080700	0.176371
SORBI_3006G080750	0
SORBI_3006G080800	0.805277
SORBI_3006G080900	18.053299
SORBI_3006G081000	25.731252
SORBI_3006G081100	580.473355
SORBI_3006G081200	0.731745
SORBI_3006G081400	14.502497
SORBI_3006G081500	5.904588
SORBI_3006G081600	41.471549
SORBI_3006G081700	0.419613
SORBI_3006G081800	4.320507
SORBI_3006G081900	0
SORBI_3006G082000	1.695066
SORBI_3006G082100	8.293207
SORBI_3006G082200	0.342642
SORBI_3006G082250	0
SORBI_3006G082300	0.171535
SORBI_3006G082400	49.637568
SORBI_3006G082500	47.680523
SORBI_3006G082600	38.133664
SORBI_3006G082700	9.130259
SORBI_3006G082850	0
SORBI_3006G082800	0
ENSRNA049437207	0
SORBI_3006G082900	59.895077
SORBI_3006G083000	21.339413
SORBI_3006G083050	0
SORBI_3006G083100	6.345124
SORBI_3006G083201	0.087943
SORBI_3006G083300	21.292146
SORBI_3006G083400	61.534956
SORBI_3006G083500	293.555152
SORBI_3006G083600	19.681961
SORBI_3006G083700	1.598318
SORBI_3006G083800	86.896651
SORBI_3006G083900	0.094917
ENSRNA049436185	0
SORBI_3006G084000	24.537512
SORBI_3006G084100	0
SORBI_3006G084201	0.374423
SORBI_3006G084300	2.584853
SORBI_3006G084400	214.278263
SORBI_3006G084500	1.482975
SORBI_3006G084600	12.485333
ENSRNA049482062	0
SORBI_3006G084701	0.768337
ENSRNA049482013	0
ENSRNA049481965	0
ENSRNA049481951	0
ENSRNA049481984	0
ENSRNA049481958	0
ENSRNA049481978	0
ENSRNA049481960	0
ENSRNA049482054	0
ENSRNA049482008	0
SORBI_3006G084800	0
ENSRNA049481987	0
ENSRNA049481982	0
ENSRNA049481990	0
ENSRNA049481954	0
ENSRNA049482020	0
ENSRNA049481992	0
SORBI_3006G084900	0
ENSRNA049481995	0
ENSRNA049481966	0
ENSRNA049481999	0
ENSRNA049481970	0
ENSRNA049482015	0
ENSRNA049481968	0
SORBI_3006G085100	22.698756
ENSRNA049482026	0
ENSRNA049482002	0
ENSRNA049481998	0
ENSRNA049996121	0
ENSRNA049481950	0
SORBI_3006G085200	0
SORBI_3006G085300	94.39094
SORBI_3006G085500	14.555193
SORBI_3006G085601	13.891038
SORBI_3006G085700	0.551596
SORBI_3006G085800	0.966937
SORBI_3006G085900	2.614818
SORBI_3006G086000	2.847996
SORBI_3006G086100	1.047472
SORBI_3006G086400	0
SORBI_3006G086500	157.87918
SORBI_3006G086600	10.29687
SORBI_3006G086700	7.514149
SORBI_3006G086800	12.51918
SORBI_3006G086900	6.767212
SORBI_3006G087000	0
SORBI_3006G087100	12.084596
SORBI_3006G087200	40.068698
SORBI_3006G087250	0
SORBI_3006G087300	4.536774
SORBI_3006G087400	25.437162
SORBI_3006G087500	0.493072
SORBI_3006G087600	0
SORBI_3006G087700	47.198409
SORBI_3006G087800	0.06241
SORBI_3006G087900	54.463399
SORBI_3006G088000	100.321255
SORBI_3006G088100	33.056126
SORBI_3006G088200	32.942299
SORBI_3006G088400	3.070794
SORBI_3006G088450	7.355166
SORBI_3006G088500	0.618777
SORBI_3006G088580	19.973801
SORBI_3006G088660	19.973897
SORBI_3006G088740	5.006087
SORBI_3006G088820	14.601474
SORBI_3006G088900	0
SORBI_3006G089000	0
SORBI_3006G089101	0
SORBI_3006G089200	0
SORBI_3006G089233	0
SORBI_3006G089266	0.171596
SORBI_3006G089300	77.18138
SORBI_3006G089350	0
SORBI_3006G089400	219.221274
SORBI_3006G089500	180.650664
SORBI_3006G089601	0
SORBI_3006G089700	0
SORBI_3006G089800	0
SORBI_3006G089900	1.241032
SORBI_3006G090000	58.431509
SORBI_3006G090100	39.550778
SORBI_3006G090201	0.295549
SORBI_3006G090300	0.717044
SORBI_3006G090400	0.618352
SORBI_3006G090450	0
SORBI_3006G090500	14.176021
SORBI_3006G090700	2.1556
ENSRNA049436356	0
SORBI_3006G090800	5.097056
SORBI_3006G090900	0.876746
ENSRNA049437188	0
SORBI_3006G091000	66.773352
SORBI_3006G091100	11.854814
SORBI_3006G091200	0
SORBI_3006G091300	7.923187
SORBI_3006G091400	0
SORBI_3006G091500	1.276005
SORBI_3006G091600	11.166863
SORBI_3006G091700	16.138896
SORBI_3006G091800	0.205407
SORBI_3006G091850	0.673908
SORBI_3006G091900	24.766867
SORBI_3006G092000	9.176926
SORBI_3006G092100	0
SORBI_3006G092200	0
SORBI_3006G092300	0
SORBI_3006G092400	36.478299
SORBI_3006G092500	14.183932
SORBI_3006G092600	0
SORBI_3006G092700	0.621951
SORBI_3006G092800	20.96306
SORBI_3006G093000	0
SORBI_3006G093100	0.711803
SORBI_3006G093200	1.436548
SORBI_3006G093300	11.222904
SORBI_3006G093400	0
SORBI_3006G093500	1.080989
SORBI_3006G093550	0
SORBI_3006G093600	0
SORBI_3006G093700	0.405131
SORBI_3006G093800	0.936523
SORBI_3006G093900	192.962208
SORBI_3006G094000	0
SORBI_3006G094100	57.87107
SORBI_3006G094201	0
ENSRNA049996111	0
SORBI_3006G094300	23.318755
SORBI_3006G094400	0
SORBI_3006G094500	13.948137
SORBI_3006G094600	42.768667
SORBI_3006G094800	1.063926
SORBI_3006G094900	0
SORBI_3006G095000	1.120971
SORBI_3006G095100	17.832811
SORBI_3006G095200	56.732345
SORBI_3006G095300	13.004383
SORBI_3006G095400	58.796853
SORBI_3006G095500	2.248088
SORBI_3006G095550	0
SORBI_3006G095600	341.902672
SORBI_3006G095700	0.063185
SORBI_3006G095800	3.452036
SORBI_3006G095900	0.210902
SORBI_3006G096000	1.577279
SORBI_3006G096100	0
SORBI_3006G096200	2.452491
SORBI_3006G096300	33.328541
SORBI_3006G096400	83.698371
SORBI_3006G096500	0.112533
SORBI_3006G096600	0
SORBI_3006G096700	0
SORBI_3006G096800	6.046969
SORBI_3006G096900	19.126893
SORBI_3006G097000	2.463777
SORBI_3006G097100	1.052033
SORBI_3006G097200	109.814462
SORBI_3006G097300	0.588636
SORBI_3006G097400	9.339972
SORBI_3006G097500	63.229532
SORBI_3006G097600	0.361406
SORBI_3006G097700	5.086199
SORBI_3006G097800	0
SORBI_3006G097900	0
SORBI_3006G098100	233.74016
SORBI_3006G098200	15.444604
SORBI_3006G098300	0
SORBI_3006G098400	0
SORBI_3006G098500	602.247478
SORBI_3006G098600	2.008495
SORBI_3006G098800	0.290081
SORBI_3006G098900	0
SORBI_3006G099001	0
SORBI_3006G099100	0
SORBI_3006G099200	0
SORBI_3006G099300	5.024668
SORBI_3006G099400	0
SORBI_3006G099501	0
SORBI_3006G099600	0
SORBI_3006G099650	0
SORBI_3006G099700	731.788641
SORBI_3006G099800	42.347029
SORBI_3006G099900	12.546311
SORBI_3006G100000	29.357987
SORBI_3006G100100	8.886132
SORBI_3006G100150	0
SORBI_3006G100200	19.934161
SORBI_3006G100266	10.135679
SORBI_3006G100332	1.367252
SORBI_3006G100400	0.194158
SORBI_3006G100501	5.631744
SORBI_3006G100600	135.450452
SORBI_3006G100700	31.143911
SORBI_3006G100800	3.944719
SORBI_3006G100900	0
SORBI_3006G101000	0
SORBI_3006G101100	103.517689
SORBI_3006G101200	71.597189
SORBI_3006G101300	25.333322
SORBI_3006G101400	0
SORBI_3006G101500	91.42054
SORBI_3006G101600	81.339426
SORBI_3006G101700	26.209052
SORBI_3006G101800	12.423199
SORBI_3006G101900	1.790793
SORBI_3006G102000	68.975877
SORBI_3006G102100	52.810107
SORBI_3006G102200	0.817274
SORBI_3006G102300	0.14257
SORBI_3006G102400	3.490675
SORBI_3006G102500	24.325323
SORBI_3006G102550	0.231306
SORBI_3006G102600	0
SORBI_3006G102650	3.485702
SORBI_3006G102700	1.615829
SORBI_3006G102800	0.116798
ENSRNA049436383	0
SORBI_3006G102900	7.388432
SORBI_3006G103000	4.181886
SORBI_3006G103100	28.524536
SORBI_3006G103200	60.359574
SORBI_3006G103300	0
SORBI_3006G103400	1.875845
SORBI_3006G103500	0
SORBI_3006G103601	1.478105
SORBI_3006G103700	5.28762
SORBI_3006G103800	0
SORBI_3006G103900	22.70836
SORBI_3006G104000	0.272484
SORBI_3006G104100	3.776482
SORBI_3006G104200	3.031802
SORBI_3006G104300	9.360048
ENSRNA049437184	0
SORBI_3006G104400	0
SORBI_3006G104500	2.673844
SORBI_3006G104600	84.692265
SORBI_3006G104700	0
SORBI_3006G104800	0
SORBI_3006G104900	4.581521
SORBI_3006G105000	1.313647
SORBI_3006G105100	0.173133
SORBI_3006G105200	0.409891
SORBI_3006G105300	0
SORBI_3006G105400	28.99232
SORBI_3006G105500	0
SORBI_3006G105600	0.120403
SORBI_3006G105700	0.330786
SORBI_3006G105750	0.848118
SORBI_3006G105800	12.415187
SORBI_3006G105900	63.724254
SORBI_3006G106000	44.158854
SORBI_3006G106100	177.627362
SORBI_3006G106200	68.933409
SORBI_3006G106300	8.273461
SORBI_3006G106400	10.358639
SORBI_3006G106500	0.032578
ENSRNA049437173	0
SORBI_3006G106600	16.810837
SORBI_3006G106700	3.276994
SORBI_3006G106800	21.594326
SORBI_3006G106900	0
SORBI_3006G107000	0
SORBI_3006G107100	0
SORBI_3006G107200	2.680026
SORBI_3006G107266	0.124149
SORBI_3006G107332	0
SORBI_3006G107400	15.636498
ENSRNA049437165	0
SORBI_3006G107500	0
SORBI_3006G107600	6.516304
SORBI_3006G107700	4.446536
SORBI_3006G107766	0
SORBI_3006G107832	63.81453
SORBI_3006G107900	0.947496
SORBI_3006G108000	0
SORBI_3006G108100	0
SORBI_3006G108200	10.642469
SORBI_3006G108300	4.340632
SORBI_3006G108400	361.585581
SORBI_3006G108500	0.582891
SORBI_3006G108600	37.384709
SORBI_3006G108700	3.487036
SORBI_3006G108766	0
SORBI_3006G108832	0.532853
SORBI_3006G108900	0.839847
SORBI_3006G109000	8.199049
SORBI_3006G109100	19.082295
SORBI_3006G109200	7.746264
SORBI_3006G109300	43.505574
SORBI_3006G109400	0.901184
SORBI_3006G109500	39.97698
SORBI_3006G109600	0.245726
SORBI_3006G109650	0
SORBI_3006G109700	106.330766
SORBI_3006G109850	0.483296
SORBI_3006G110000	16.768296
SORBI_3006G110101	0
SORBI_3006G110200	8.632028
SORBI_3006G110300	17.259259
SORBI_3006G110400	23.245588
SORBI_3006G110500	0
SORBI_3006G110600	0.331069
SORBI_3006G110700	0.119004
SORBI_3006G110850	0
SORBI_3006G110900	3.044381
SORBI_3006G111000	0
SORBI_3006G111100	0
SORBI_3006G111200	20.910049
SORBI_3006G111300	2.460869
SORBI_3006G111400	1.952783
SORBI_3006G111450	0
SORBI_3006G111500	0
SORBI_3006G111600	8.446194
SORBI_3006G111700	19.80233
SORBI_3006G111800	25.930613
SORBI_3006G112000	0
SORBI_3006G112100	100.288123
SORBI_3006G112200	0
SORBI_3006G112300	0
SORBI_3006G112500	12.578917
SORBI_3006G112600	29.008168
SORBI_3006G112700	22.090615
SORBI_3006G112800	0
SORBI_3006G112850	1.626965
SORBI_3006G112900	0
SORBI_3006G113000	0.18628
SORBI_3006G113100	0
SORBI_3006G113200	7.061477
SORBI_3006G113301	0
SORBI_3006G113400	0
SORBI_3006G113500	1.664471
SORBI_3006G113600	0.435844
SORBI_3006G113700	0
SORBI_3006G113800	276.415946
SORBI_3006G113900	228.395739
SORBI_3006G113950	0.155551
SORBI_3006G114000	10.791748
SORBI_3006G114100	0
SORBI_3006G114150	0
SORBI_3006G114200	35.534555
SORBI_3006G114300	1.044954
SORBI_3006G114400	35.304054
SORBI_3006G114500	19.299429
SORBI_3006G114600	0.189611
ENSRNA049437150	0
SORBI_3006G114700	0.855195
SORBI_3006G114800	48.49581
SORBI_3006G114900	0
SORBI_3006G115000	53.769485
SORBI_3006G115100	73.295496
SORBI_3006G115200	0.183337
SORBI_3006G115300	59.618115
SORBI_3006G115400	0
SORBI_3006G115466	12.323092
SORBI_3006G115532	0
SORBI_3006G115600	28.499843
SORBI_3006G115700	0
SORBI_3006G115800	0
SORBI_3006G115900	0
SORBI_3006G116000	1.289893
SORBI_3006G116050	1.019837
SORBI_3006G116100	22.529406
SORBI_3006G116200	0.582607
SORBI_3006G116300	44.727598
SORBI_3006G116400	0
SORBI_3006G116500	0.297992
SORBI_3006G116600	0
SORBI_3006G116700	281.991449
SORBI_3006G116801	0.579353
SORBI_3006G116900	1.441538
SORBI_3006G117000	0
SORBI_3006G117100	0.374183
SORBI_3006G117300	0
SORBI_3006G117400	0.075439
SORBI_3006G117500	0
SORBI_3006G117600	1.359003
SORBI_3006G117700	0.613585
SORBI_3006G117800	0
SORBI_3006G117900	0
SORBI_3006G118000	0
SORBI_3006G118100	0
SORBI_3006G118150	0
SORBI_3006G118200	1.588588
SORBI_3006G118300	21.989464
SORBI_3006G118400	46.416804
SORBI_3006G118500	0
SORBI_3006G118700	37.939753
SORBI_3006G118800	0
SORBI_3006G118850	0
SORBI_3006G118900	22.033853
SORBI_3006G119000	0.664598
SORBI_3006G119100	0
SORBI_3006G119200	116.855363
SORBI_3006G119300	0.813401
SORBI_3006G119400	6.385637
SORBI_3006G119600	1.012277
SORBI_3006G119700	50.935695
SORBI_3006G119800	32.133859
SORBI_3006G119900	17.647316
SORBI_3006G120000	0.117994
SORBI_3006G120100	0
SORBI_3006G120200	2.612663
SORBI_3006G120301	3.10404
SORBI_3006G120400	0.271058
SORBI_3006G120500	19.819013
SORBI_3006G120600	0.280785
SORBI_3006G120700	9.672159
SORBI_3006G120800	41.817178
SORBI_3006G120900	30.888711
SORBI_3006G121000	0
SORBI_3006G121100	363.03939
SORBI_3006G121200	2.465399
SORBI_3006G121300	8.68245
SORBI_3006G121400	42.411093
SORBI_3006G121500	3.662887
SORBI_3006G121600	0.39761
SORBI_3006G121700	0
SORBI_3006G121800	0.125581
SORBI_3006G121900	5.096836
SORBI_3006G121950	0
SORBI_3006G122000	0
SORBI_3006G122100	3.781307
SORBI_3006G122200	7.410033
SORBI_3006G122300	0.110462
SORBI_3006G122400	71.476158
SORBI_3006G122500	5.039398
SORBI_3006G122600	20.20252
SORBI_3006G122700	4.937164
SORBI_3006G122800	0.870837
SORBI_3006G122900	7.371556
SORBI_3006G123000	31.126245
SORBI_3006G123100	0.047462
SORBI_3006G123200	0
SORBI_3006G123300	8.811057
SORBI_3006G123400	0.174116
SORBI_3006G123500	0.557179
SORBI_3006G123600	41.674021
SORBI_3006G123650	0
SORBI_3006G123700	0.145021
SORBI_3006G123800	5.706412
SORBI_3006G123900	11.246574
SORBI_3006G124000	431.150063
SORBI_3006G124100	0.147811
SORBI_3006G124200	0.06161
SORBI_3006G124300	29.498826
ENSRNA049996103	0
SORBI_3006G124400	0.36195
SORBI_3006G124500	0.26215
SORBI_3006G124600	0
SORBI_3006G124700	0
SORBI_3006G124800	0
SORBI_3006G124850	0
SORBI_3006G124900	233.990102
SORBI_3006G125000	25.515616
SORBI_3006G125100	0
SORBI_3006G125200	0
SORBI_3006G125301	0
SORBI_3006G125400	30.121303
SORBI_3006G125500	23.501885
SORBI_3006G125600	0.373757
SORBI_3006G125700	49.675777
SORBI_3006G125800	0
SORBI_3006G125900	64.043879
SORBI_3006G126000	23.082952
SORBI_3006G126100	101.525487
SORBI_3006G126200	22.701649
SORBI_3006G126300	188.886136
SORBI_3006G126400	4.830524
SORBI_3006G126500	82.794143
SORBI_3006G126600	33.677684
SORBI_3006G126700	0.132708
SORBI_3006G126800	0.230011
SORBI_3006G126900	35.121666
SORBI_3006G127000	20.59253
SORBI_3006G127100	2.099321
SORBI_3006G127200	5.469045
SORBI_3006G127300	3.576411
SORBI_3006G127350	1.021354
SORBI_3006G127400	11.74395
SORBI_3006G127500	24.068506
SORBI_3006G127600	76.285481
SORBI_3006G127700	0
SORBI_3006G127750	0
SORBI_3006G127800	0
ENSRNA049436407	0
SORBI_3006G127900	30.931985
SORBI_3006G128100	16.600909
SORBI_3006G128150	0
SORBI_3006G128200	10.242884
SORBI_3006G128233	0
SORBI_3006G128266	0
SORBI_3006G128300	9.18756
SORBI_3006G128400	6.569367
SORBI_3006G128450	0
SORBI_3006G128500	0.09971
SORBI_3006G128700	4.188679
SORBI_3006G128600	0
SORBI_3006G128800	61.074299
SORBI_3006G128900	87.294687
SORBI_3006G129000	48.871482
SORBI_3006G129100	0.22554
SORBI_3006G129200	0
SORBI_3006G129300	0
SORBI_3006G129400	0.158998
SORBI_3006G129466	0
SORBI_3006G129532	0
SORBI_3006G129600	0
SORBI_3006G129700	12.289834
SORBI_3006G129800	0.540206
ENSRNA049482006	0
SORBI_3006G129900	29.982721
SORBI_3006G130000	64.947112
SORBI_3006G130100	17.506384
SORBI_3006G130200	21.245748
SORBI_3006G130300	20.449381
SORBI_3006G130400	0.216557
SORBI_3006G130501	13.078055
SORBI_3006G130600	0.85359
SORBI_3006G130700	0
SORBI_3006G130750	0.592266
SORBI_3006G130800	30.161536
SORBI_3006G130900	0
SORBI_3006G131000	80.842226
SORBI_3006G131050	0
SORBI_3006G131100	0
SORBI_3006G131200	23.098179
SORBI_3006G131300	0.225812
SORBI_3006G131400	56.782629
SORBI_3006G131500	52.076468
SORBI_3006G131600	28.383117
SORBI_3006G131700	11.369925
SORBI_3006G131800	145.699677
SORBI_3006G131900	23.858874
SORBI_3006G132000	6.074674
SORBI_3006G132100	0
SORBI_3006G132200	0
SORBI_3006G132300	0
SORBI_3006G132400	3.238735
SORBI_3006G132500	3.961542
SORBI_3006G132600	0.208652
SORBI_3006G132700	0.119664
SORBI_3006G132800	0
SORBI_3006G132900	1.250443
SORBI_3006G133000	0.220563
SORBI_3006G133100	0
SORBI_3006G133200	0
SORBI_3006G133300	0
SORBI_3006G133400	0
SORBI_3006G133500	2.268387
SORBI_3006G133600	8.060404
SORBI_3006G133650	0
SORBI_3006G133700	0.23916
SORBI_3006G133800	42.517165
SORBI_3006G133900	22.365282
SORBI_3006G134001	0
SORBI_3006G134100	28.346022
SORBI_3006G134200	1.343139
SORBI_3006G134300	0
SORBI_3006G134400	107.321324
SORBI_3006G134500	21.994257
SORBI_3006G134550	0
SORBI_3006G134600	0
SORBI_3006G134700	0
SORBI_3006G134800	26.539421
SORBI_3006G134900	1.581519
SORBI_3006G135000	65.620728
SORBI_3006G135100	19.954671
SORBI_3006G135200	6.105249
SORBI_3006G135300	52.1206
SORBI_3006G135500	0.09643
SORBI_3006G135525	0
SORBI_3006G135550	0
SORBI_3006G135575	7.336045
SORBI_3006G135600	2457.299125
SORBI_3006G135701	0.554942
SORBI_3006G135800	0
SORBI_3006G135900	16.100661
SORBI_3006G136000	1.238912
SORBI_3006G136100	2.323263
SORBI_3006G136200	17.25633
SORBI_3006G136300	4.086496
SORBI_3006G136400	161.569621
SORBI_3006G136500	2.03831
SORBI_3006G136600	19.281292
SORBI_3006G136700	0
SORBI_3006G136800	84.209899
SORBI_3006G136900	3.82205
SORBI_3006G137000	0.356974
SORBI_3006G137100	567.213682
SORBI_3006G137200	4.384158
SORBI_3006G137300	1.678225
SORBI_3006G137400	2.203063
ENSRNA049996096	0
SORBI_3006G137500	42.97792
SORBI_3006G137600	41.160877
SORBI_3006G137700	42.621343
SORBI_3006G137800	31.706193
ENSRNA049437127	0
SORBI_3006G137900	0.270474
SORBI_3006G138000	52.961312
SORBI_3006G138100	335.838815
SORBI_3006G138200	51.062643
SORBI_3006G138300	87.31269
SORBI_3006G138400	132.814605
SORBI_3006G138500	275.6872
SORBI_3006G138600	11.982139
SORBI_3006G138700	0
SORBI_3006G138800	18.837406
SORBI_3006G138850	0
SORBI_3006G138900	0
SORBI_3006G138933	0
SORBI_3006G138966	0
SORBI_3006G139000	28.217922
SORBI_3006G139100	328.735636
SORBI_3006G139200	0
SORBI_3006G139300	2.653372
SORBI_3006G139400	0
SORBI_3006G139501	0
SORBI_3006G139600	1.336351
SORBI_3006G139700	5.604631
SORBI_3006G139900	4.011125
SORBI_3006G140000	22.98011
SORBI_3006G140050	0
SORBI_3006G140100	5.9547
SORBI_3006G140200	2.464996
SORBI_3006G140300	5.495932
SORBI_3006G140400	9.008269
SORBI_3006G140450	0
SORBI_3006G140500	7.278406
SORBI_3006G140600	41.8703
SORBI_3006G140700	0
SORBI_3006G140801	0.092782
SORBI_3006G140900	5.260515
SORBI_3006G141000	8.738685
SORBI_3006G141100	0.986163
SORBI_3006G141200	0
SORBI_3006G141300	4.548769
SORBI_3006G141400	0
ENSRNA049483161	3.122608
SORBI_3006G141500	60.200604
ENSRNA049483144	0
ENSRNA049483131	0
SORBI_3006G141600	75.32953
SORBI_3006G141700	93.953277
SORBI_3006G141800	3.562041
SORBI_3006G141900	0
SORBI_3006G142000	9.318598
SORBI_3006G142100	0
SORBI_3006G142200	0
SORBI_3006G142233	0
SORBI_3006G142266	0
SORBI_3006G142299	0
SORBI_3006G142332	0.301056
SORBI_3006G142365	0
SORBI_3006G142400	26.172984
SORBI_3006G142500	0.16988
SORBI_3006G142600	25.260246
SORBI_3006G142700	12.503063
SORBI_3006G142775	61.446863
SORBI_3006G142850	0
SORBI_3006G142925	0
SORBI_3006G143000	1.33021
SORBI_3006G143100	17.922951
SORBI_3006G143200	29.006341
SORBI_3006G143300	4.128912
SORBI_3006G143400	42.938593
SORBI_3006G143500	13.119972
SORBI_3006G143600	0
SORBI_3006G143700	0
SORBI_3006G143750	0
SORBI_3006G143800	0.575504
SORBI_3006G143900	0.555809
ENSRNA049437073	0
SORBI_3006G144000	6.868379
SORBI_3006G144101	0
SORBI_3006G144201	0
SORBI_3006G144300	0.267481
SORBI_3006G144400	0
SORBI_3006G144500	0.700699
SORBI_3006G144600	4.898305
SORBI_3006G144700	2.092297
SORBI_3006G144800	2.282565
SORBI_3006G144900	0
SORBI_3006G145000	1.296614
SORBI_3006G145200	41.226232
SORBI_3006G145300	0
SORBI_3006G145400	0
SORBI_3006G145500	7.537325
SORBI_3006G145600	0
SORBI_3006G145650	0.181562
SORBI_3006G145700	1.37211
SORBI_3006G145800	1.160681
SORBI_3006G145901	40.76544
SORBI_3006G146000	17.456384
SORBI_3006G146100	12.12084
SORBI_3006G146150	0
SORBI_3006G146200	1.423444
SORBI_3006G146300	18.572027
SORBI_3006G146400	2.704922
SORBI_3006G146500	92.992621
SORBI_3006G146600	13.115463
SORBI_3006G146700	0
SORBI_3006G146800	43.751471
SORBI_3006G146900	2.339706
SORBI_3006G147000	437.393397
SORBI_3006G147101	0
SORBI_3006G147200	175.50527
SORBI_3006G147300	65.597076
SORBI_3006G147350	0
SORBI_3006G147400	34.563138
SORBI_3006G147450	0
SORBI_3006G147500	0.401382
SORBI_3006G147600	22.278442
SORBI_3006G147700	22.990457
SORBI_3006G147800	0
SORBI_3006G147900	0
SORBI_3006G148000	57.011085
SORBI_3006G148100	19.518769
SORBI_3006G148200	36.217183
SORBI_3006G148300	1.902219
SORBI_3006G148400	7.107484
SORBI_3006G148500	6.1228
SORBI_3006G148600	0
SORBI_3006G148700	58.084251
SORBI_3006G148800	19.612844
SORBI_3006G148900	3.714608
SORBI_3006G149000	0
SORBI_3006G149101	31.676485
SORBI_3006G149200	80.471312
SORBI_3006G149300	2.313724
SORBI_3006G149400	1.36244
SORBI_3006G149500	1.915717
SORBI_3006G149600	21.418511
SORBI_3006G149650	0
SORBI_3006G149700	1.260156
SORBI_3006G149800	2.181788
SORBI_3006G149900	0
SORBI_3006G150001	0
SORBI_3006G150100	71.109662
SORBI_3006G150200	4.652361
SORBI_3006G150300	6.599148
SORBI_3006G150400	2.25273
SORBI_3006G150500	0
SORBI_3006G150600	14.832192
SORBI_3006G150700	0
SORBI_3006G150800	2.096962
SORBI_3006G150900	0
SORBI_3006G151001	0.699524
SORBI_3006G151100	1.074404
SORBI_3006G151200	29.720315
SORBI_3006G151300	0
SORBI_3006G151500	0.224316
SORBI_3006G151600	1.665527
SORBI_3006G151800	0
SORBI_3006G152000	22.413517
SORBI_3006G152100	0
SORBI_3006G152200	0.745577
SORBI_3006G152400	0
SORBI_3006G152500	6.006334
SORBI_3006G152600	23.804268
SORBI_3006G152700	0.077407
SORBI_3006G152801	0
SORBI_3006G152900	0.475884
SORBI_3006G153000	9.551523
SORBI_3006G153100	0.19678
SORBI_3006G153200	12.773546
SORBI_3006G153300	1.561176
SORBI_3006G153400	17.437336
SORBI_3006G153500	0.409539
SORBI_3006G153550	0
SORBI_3006G153600	4.536774
SORBI_3006G153700	10.656662
SORBI_3006G153900	58.678893
SORBI_3006G154000	2.268387
ENSRNA049436469	0
SORBI_3006G154100	40.836779
SORBI_3006G154200	1.516162
SORBI_3006G154300	0
SORBI_3006G154400	18.498924
SORBI_3006G154500	132.591459
ENSRNA049436500	0
SORBI_3006G154600	0.091848
SORBI_3006G154800	5.528344
SORBI_3006G154900	6.887902
SORBI_3006G155000	12.93616
SORBI_3006G155100	40.990601
SORBI_3006G155150	0
SORBI_3006G155200	0
SORBI_3006G155300	0
SORBI_3006G155400	0
SORBI_3006G155500	54.408205
SORBI_3006G155600	0
SORBI_3006G155700	0
SORBI_3006G155800	1.80562
SORBI_3006G155900	0.098183
SORBI_3006G156000	1.240917
SORBI_3006G156100	3.225584
SORBI_3006G156200	0
SORBI_3006G156300	39.057078
SORBI_3006G156400	5.982151
SORBI_3006G156500	0
SORBI_3006G156600	55.149822
SORBI_3006G156801	9.218395
SORBI_3006G157000	39.904251
SORBI_3006G157100	5.33383
SORBI_3006G157200	218.939982
SORBI_3006G157300	39.433234
SORBI_3006G157400	18.402564
SORBI_3006G157450	0
SORBI_3006G157500	12.483476
SORBI_3006G157600	19.024931
SORBI_3006G157700	2.715603
SORBI_3006G157800	13.602498
SORBI_3006G157900	1.503541
SORBI_3006G158000	1.266949
SORBI_3006G158100	98.087431
SORBI_3006G158200	24.760233
SORBI_3006G158266	30.728694
SORBI_3006G158332	6.410317
SORBI_3006G158400	2.708683
SORBI_3006G158500	0
SORBI_3006G158600	11.589744
SORBI_3006G158700	47.720706
SORBI_3006G158800	5.1865
SORBI_3006G158900	4.061148
SORBI_3006G159000	0
SORBI_3006G159100	1.763963
SORBI_3006G159200	0
SORBI_3006G159300	2609.50708
SORBI_3006G159350	0.798901
SORBI_3006G159400	6.436221
SORBI_3006G159500	0.1792
SORBI_3006G159600	4.408601
SORBI_3006G159700	0
SORBI_3006G159800	21.54327
SORBI_3006G159900	17.550987
SORBI_3006G160000	7.294093
SORBI_3006G160100	26.483689
SORBI_3006G160200	36.641145
SORBI_3006G160300	20.764143
SORBI_3006G160400	6.162189
SORBI_3006G160500	10.220572
SORBI_3006G160600	36.83778
SORBI_3006G160700	6.559232
SORBI_3006G160800	0
SORBI_3006G160900	0.108656
SORBI_3006G161000	32.324386
SORBI_3006G161100	0.961533
SORBI_3006G161200	6.068699
SORBI_3006G161300	65.589723
SORBI_3006G161400	44.472008
SORBI_3006G161500	42.521473
SORBI_3006G161600	0
SORBI_3006G161800	4.939849
SORBI_3006G161900	11.421896
SORBI_3006G162000	18.344196
SORBI_3006G162100	0.282394
SORBI_3006G162200	3.91715
SORBI_3006G162300	0
SORBI_3006G162400	13.139891
SORBI_3006G162500	3.565831
SORBI_3006G162550	30.852309
SORBI_3006G162600	0.932313
SORBI_3006G162700	17.803731
SORBI_3006G162750	0
SORBI_3006G162800	28.4102
SORBI_3006G163000	279.235654
SORBI_3006G163033	0
SORBI_3006G163066	0
SORBI_3006G163100	7.744921
SORBI_3006G163200	0.128527
SORBI_3006G163300	3.556571
SORBI_3006G163401	8.722551
SORBI_3006G163501	0
SORBI_3006G163600	0.702686
SORBI_3006G163650	0.180996
SORBI_3006G163700	0
SORBI_3006G163800	39.640269
SORBI_3006G163900	38.233322
SORBI_3006G164000	23.41213
SORBI_3006G164100	5.628176
SORBI_3006G164200	48.034027
SORBI_3006G164300	30.274577
SORBI_3006G164400	63.579919
SORBI_3006G164500	0.45004
SORBI_3006G164650	0
SORBI_3006G164800	0
SORBI_3006G164900	39.261022
SORBI_3006G165000	82.471804
SORBI_3006G165100	74.144563
SORBI_3006G165200	0
SORBI_3006G165250	0.438204
SORBI_3006G165300	0.074909
SORBI_3006G165501	0.297671
SORBI_3006G165400	20.901972
SORBI_3006G165600	8.943032
SORBI_3006G165650	0.960741
SORBI_3006G165700	0
SORBI_3006G165800	7.164217
SORBI_3006G165900	0.229854
SORBI_3006G166000	7.283267
SORBI_3006G166100	37.933946
SORBI_3006G166200	27.030807
SORBI_3006G166300	2.928459
SORBI_3006G166400	5.843365
SORBI_3006G166500	21.239146
SORBI_3006G166601	0
SORBI_3006G166700	0
SORBI_3006G166800	0
SORBI_3006G166900	0
SORBI_3006G167000	0
SORBI_3006G167100	2.163942
SORBI_3006G167200	1.339811
SORBI_3006G167250	0.302657
SORBI_3006G167300	7.433461
SORBI_3006G167400	5.838663
SORBI_3006G167500	9.640941
SORBI_3006G167600	26.416334
SORBI_3006G167700	0
SORBI_3006G167800	12.809409
SORBI_3006G167850	0
SORBI_3006G167900	0.79202
SORBI_3006G168000	0.564902
SORBI_3006G168100	0.235068
SORBI_3006G168200	0
SORBI_3006G168300	171.010469
SORBI_3006G168400	78.31998
SORBI_3006G168500	2.453051
SORBI_3006G168650	2.135757
SORBI_3006G168800	2.666618
SORBI_3006G168900	0.617419
SORBI_3006G169000	0.762324
SORBI_3006G169100	0
SORBI_3006G169200	0.405383
SORBI_3006G169300	0
SORBI_3006G169400	5.655433
SORBI_3006G169500	21.82187
SORBI_3006G169600	0.988705
SORBI_3006G169700	0
SORBI_3006G169800	16.263264
SORBI_3006G169900	14.560253
SORBI_3006G169950	0
SORBI_3006G170000	0
SORBI_3006G170100	23.818066
SORBI_3006G170200	23.202907
SORBI_3006G170300	0.998021
SORBI_3006G170400	2.060682
SORBI_3006G170500	0.319741
SORBI_3006G170600	2.924131
SORBI_3006G170700	42.548053
SORBI_3006G170800	0.087313
SORBI_3006G170900	2.445383
SORBI_3006G171000	0
SORBI_3006G171050	0
SORBI_3006G171100	0
SORBI_3006G171200	0
SORBI_3006G171300	0
SORBI_3006G171400	1.671444
SORBI_3006G171500	0
SORBI_3006G171600	1.10977
SORBI_3006G171700	2.2392
SORBI_3006G171801	0
SORBI_3006G171900	1.736181
SORBI_3006G172000	0
SORBI_3006G172100	1.092722
SORBI_3006G172200	27.306429
SORBI_3006G172300	0.45667
SORBI_3006G172400	0
SORBI_3006G172500	0
SORBI_3006G172550	0
SORBI_3006G172601	0.056963
SORBI_3006G172651	0.232465
SORBI_3006G172700	0
SORBI_3006G172800	0
SORBI_3006G172900	8.515392
SORBI_3006G173000	14.720587
SORBI_3006G173100	98.149689
SORBI_3006G173200	23.195474
SORBI_3006G173400	0
SORBI_3006G173500	12.953539
SORBI_3006G173600	16.663275
SORBI_3006G173700	5.824072
SORBI_3006G173800	6.819017
SORBI_3006G173900	605.570768
SORBI_3006G174000	0
SORBI_3006G174050	0
SORBI_3006G174100	0
SORBI_3006G174300	0.104973
SORBI_3006G174200	0
SORBI_3006G174400	2.114897
SORBI_3006G174500	0.471702
SORBI_3006G174600	2.550042
SORBI_3006G174725	0
SORBI_3006G174850	30.723967
SORBI_3006G174975	1.134194
SORBI_3006G175100	0
SORBI_3006G175200	0
SORBI_3006G175400	4.383518
SORBI_3006G175500	2.039264
SORBI_3006G175600	0
SORBI_3006G175700	1.621705
SORBI_3006G175800	81.406415
SORBI_3006G175900	27.91251
SORBI_3006G176100	2.245307
SORBI_3006G176000	0
SORBI_3006G176200	0
SORBI_3006G176300	0.898129
SORBI_3006G176400	0.253433
SORBI_3006G176500	29.637533
SORBI_3006G176600	23.098876
SORBI_3006G176700	448.919849
SORBI_3006G176800	19.402356
SORBI_3006G176900	0
SORBI_3006G177000	0.113342
SORBI_3006G177100	36.017988
SORBI_3006G177200	2.984497
SORBI_3006G177300	15.010137
SORBI_3006G177400	10.105022
SORBI_3006G177500	1.636943
SORBI_3006G177600	3.867098
SORBI_3006G177700	0
SORBI_3006G177800	0.312133
SORBI_3006G177900	0
SORBI_3006G178000	88.450238
SORBI_3006G178100	12.375347
SORBI_3006G178200	0.618618
SORBI_3006G178300	0
SORBI_3006G178400	0
SORBI_3006G178500	46.887442
SORBI_3006G178700	0.349638
SORBI_3006G178800	1.235643
SORBI_3006G178900	0
SORBI_3006G179000	75.892762
SORBI_3006G179100	10.429457
SORBI_3006G179200	0.395591
SORBI_3006G179300	53.151931
SORBI_3006G179400	11.908966
SORBI_3006G179500	106.595231
SORBI_3006G179600	18.568317
SORBI_3006G179700	23.742232
SORBI_3006G179800	298.157569
SORBI_3006G179900	57.420458
SORBI_3006G180000	25.493991
SORBI_3006G180100	0.822481
SORBI_3006G180200	23.602639
SORBI_3006G180300	0.26171
SORBI_3006G180366	0
SORBI_3006G180432	6.76494
SORBI_3006G180500	0
SORBI_3006G180600	6.648263
SORBI_3006G180700	14.067763
SORBI_3006G180800	0
SORBI_3006G180850	0
SORBI_3006G180900	14.068012
SORBI_3006G181000	49.525892
SORBI_3006G181150	0
SORBI_3006G181300	1.24285
SORBI_3006G181400	0
SORBI_3006G181500	1.947164
SORBI_3006G181600	0
SORBI_3006G181700	3.402581
SORBI_3006G181800	19.622164
ENSRNA049996089	0
SORBI_3006G181900	0.106396
SORBI_3006G182000	1.414212
SORBI_3006G182100	33.397246
SORBI_3006G182200	130.782086
SORBI_3006G182300	14.00703
SORBI_3006G182401	0
SORBI_3006G182500	11.072208
SORBI_3006G182700	0
SORBI_3006G182800	1.132541
SORBI_3006G182900	31.758559
SORBI_3006G183000	85.894052
SORBI_3006G183100	19.307823
SORBI_3006G183200	76.446851
SORBI_3006G183301	0.721492
SORBI_3006G183400	370.925986
SORBI_3006G183500	3.11013
SORBI_3006G183600	39.58008
SORBI_3006G183701	0
SORBI_3006G183800	28.036
SORBI_3006G183900	7.330958
ENSRNA049436977	0
SORBI_3006G184000	0
SORBI_3006G184100	65.979181
SORBI_3006G184200	4.190588
SORBI_3006G184300	2.199399
SORBI_3006G184400	425.486342
SORBI_3006G184500	97.420224
SORBI_3006G184700	130.926865
SORBI_3006G184800	718.310276
SORBI_3006G184900	51.030222
SORBI_3006G185000	0.70707
SORBI_3006G185100	44.648018
SORBI_3006G185150	0
SORBI_3006G185200	29.246902
SORBI_3006G185300	1.118028
SORBI_3006G185400	0
SORBI_3006G185500	62.747044
SORBI_3006G185600	0.283874
ENSRNA049996080	0
SORBI_3006G185700	69.165917
SORBI_3006G185800	0.082602
SORBI_3006G185900	35.875435
SORBI_3006G186000	6.929554
SORBI_3006G186100	0.173098
SORBI_3006G186200	0.173302
SORBI_3006G186300	0.726243
SORBI_3006G186400	16.423987
SORBI_3006G186500	0
SORBI_3006G186600	54.180176
SORBI_3006G186700	329.856169
SORBI_3006G186800	7.883834
SORBI_3006G186900	0
SORBI_3006G187000	0.299494
SORBI_3006G187100	25.145208
SORBI_3006G187200	35.221787
SORBI_3006G187300	0
SORBI_3006G187401	0
SORBI_3006G187500	40.456589
SORBI_3006G187600	0
SORBI_3006G187700	0
SORBI_3006G187750	0
SORBI_3006G187800	10.511213
SORBI_3006G187900	41.611506
SORBI_3006G188000	14.912523
ENSRNA049483202	0
ENSRNA049483138	0
SORBI_3006G188100	4.611124
SORBI_3006G188200	13.233266
SORBI_3006G188400	7.871507
SORBI_3006G188500	7.31909
SORBI_3006G188600	12.178805
SORBI_3006G188700	12.0641
SORBI_3006G188800	12.752632
SORBI_3006G188900	27.071741
SORBI_3006G189000	5.39665
SORBI_3006G189100	5.716077
SORBI_3006G189200	3.915123
SORBI_3006G189300	0
SORBI_3006G189400	0
SORBI_3006G189500	0
SORBI_3006G189600	0
SORBI_3006G189700	13.829315
SORBI_3006G189801	0
SORBI_3006G189900	0
SORBI_3006G190000	1.108207
SORBI_3006G190100	22.178381
SORBI_3006G190150	0
SORBI_3006G190200	6.6228
SORBI_3006G190300	0
SORBI_3006G190400	12.744473
SORBI_3006G190500	3.2036
SORBI_3006G190600	0
SORBI_3006G190700	0
SORBI_3006G190800	0
SORBI_3006G190850	0
SORBI_3006G190900	0
SORBI_3006G190950	0
SORBI_3006G191000	2.548661
SORBI_3006G191100	22.447682
SORBI_3006G191200	14.298895
SORBI_3006G191400	3.170098
SORBI_3006G191500	6.853592
SORBI_3006G191600	1.358072
SORBI_3006G191700	5.922725
SORBI_3006G191800	1.561936
SORBI_3006G191900	0.828285
SORBI_3006G192000	0
SORBI_3006G192100	2.082043
SORBI_3006G192150	0
SORBI_3006G192200	1.145578
ENSRNA049483146	0
SORBI_3006G192266	0.19353
SORBI_3006G192332	4.597934
SORBI_3006G192400	0.986698
SORBI_3006G192500	544.880559
SORBI_3006G192600	1.050371
SORBI_3006G192700	31.491595
SORBI_3006G192800	7.843689
SORBI_3006G192900	2.561058
SORBI_3006G193000	26.414433
SORBI_3006G193100	0.50194
SORBI_3006G193200	16.288843
SORBI_3006G193300	19.842911
SORBI_3006G193400	2.308782
SORBI_3006G193500	37.327095
SORBI_3006G193600	27.360672
SORBI_3006G193700	6.326388
SORBI_3006G193801	0
SORBI_3006G193900	335.87406
SORBI_3006G194000	122.734901
SORBI_3006G194100	404.562245
SORBI_3006G194150	8.089111
SORBI_3006G194200	7.329484
SORBI_3006G194300	12.130001
SORBI_3006G194400	24.837067
SORBI_3006G194500	51.000867
SORBI_3006G194600	0.927829
SORBI_3006G194700	0
SORBI_3006G194800	0
SORBI_3006G194900	0
SORBI_3006G195000	0
SORBI_3006G195100	7.395568
SORBI_3006G195200	2.340942
SORBI_3006G195400	0.906441
SORBI_3006G195500	0.045433
SORBI_3006G195600	0
SORBI_3006G195700	45.206686
SORBI_3006G195750	0.260831
SORBI_3006G195800	57.126373
SORBI_3006G195900	1.899381
SORBI_3006G196000	6.684418
SORBI_3006G196100	0
SORBI_3006G196200	6.981472
SORBI_3006G196300	13.288458
SORBI_3006G196400	0.49514
SORBI_3006G196500	4.027656
SORBI_3006G196600	0
SORBI_3006G196700	0
SORBI_3006G196800	0
SORBI_3006G196900	26.404054
SORBI_3006G197000	0.097094
SORBI_3006G197100	5.387989
SORBI_3006G197200	0
SORBI_3006G197300	41.521786
SORBI_3006G197400	0
SORBI_3006G197500	0
SORBI_3006G197600	2.4006
SORBI_3006G197700	10.288987
SORBI_3006G197800	86.998054
SORBI_3006G197900	5.100495
SORBI_3006G198000	0
SORBI_3006G198200	0
SORBI_3006G198300	17.55525
SORBI_3006G198400	6.624956
SORBI_3006G198500	141.804955
SORBI_3006G198600	16.600188
SORBI_3006G198700	0.31351
SORBI_3006G198800	7.409075
SORBI_3006G198900	4.773626
SORBI_3006G199000	129.277224
SORBI_3006G199100	3.280623
SORBI_3006G199200	60.928814
SORBI_3006G199300	0.270873
SORBI_3006G199400	0
SORBI_3006G199500	0
SORBI_3006G199601	0
SORBI_3006G199700	5.034087
SORBI_3006G199800	2.175422
SORBI_3006G199900	0
SORBI_3006G200000	36.567388
SORBI_3006G200100	0
SORBI_3006G200200	0
SORBI_3006G200300	0
SORBI_3006G200400	0
ENSRNA049483115	0
SORBI_3006G200500	49.247594
SORBI_3006G200600	24.282214
SORBI_3006G200650	0
SORBI_3006G200700	33.311744
SORBI_3006G200800	5.496765
SORBI_3006G200901	50.437937
SORBI_3006G201000	0.927636
SORBI_3006G201100	10.513924
SORBI_3006G201200	0.351537
SORBI_3006G201300	0.17014
SORBI_3006G201350	0
SORBI_3006G201400	164.12004
SORBI_3006G201450	0
SORBI_3006G201500	176.197644
SORBI_3006G201600	0
SORBI_3006G201700	3.520863
SORBI_3006G201800	30.239955
SORBI_3006G201900	4.732712
SORBI_3006G202000	8.459787
SORBI_3006G202100	20.457736
SORBI_3006G202150	25.470676
SORBI_3006G202200	79.390837
SORBI_3006G202300	11.525184
SORBI_3006G202401	0
ENSRNA049996072	0
SORBI_3006G202500	8.609061
SORBI_3006G202600	0
SORBI_3006G202700	0
SORBI_3006G202800	7.491268
SORBI_3006G202900	0
SORBI_3006G203000	28.086198
SORBI_3006G203100	30.864235
SORBI_3006G203200	0
SORBI_3006G203300	15.417873
SORBI_3006G203400	66.203074
SORBI_3006G203600	16.034741
SORBI_3006G203700	0
SORBI_3006G203800	0
SORBI_3006G203900	26.131102
SORBI_3006G204100	51.06202
SORBI_3006G204000	5.196244
SORBI_3006G204200	3.943454
SORBI_3006G204300	20.423492
SORBI_3006G204400	4.697857
SORBI_3006G204500	0
SORBI_3006G204600	2.788421
SORBI_3006G204700	6.247119
SORBI_3006G204800	6.742856
ENSRNA049483108	10.659988
SORBI_3006G204850	0
SORBI_3006G204900	46.241561
SORBI_3006G205000	4.166764
SORBI_3006G205100	10.237642
SORBI_3006G205200	26.031503
SORBI_3006G205300	0
SORBI_3006G205400	0.428268
SORBI_3006G205500	0
SORBI_3006G205600	354.04159
SORBI_3006G205700	0
SORBI_3006G205800	0.865522
SORBI_3006G205900	0
SORBI_3006G206000	102.3512
SORBI_3006G206100	0
SORBI_3006G206200	36.031534
SORBI_3006G206400	0
SORBI_3006G206500	0.294763
SORBI_3006G206600	4.613009
SORBI_3006G206700	58.621704
SORBI_3006G206800	65.361828
SORBI_3006G206900	24.184584
SORBI_3006G207000	2.225632
ENSRNA049996056	0
SORBI_3006G207100	9.592088
SORBI_3006G207200	113.385202
SORBI_3006G207300	31.799313
SORBI_3006G207400	23.608321
SORBI_3006G207500	41.722051
SORBI_3006G207600	25.008969
SORBI_3006G207700	4.688821
SORBI_3006G207800	56.59879
SORBI_3006G207900	85.926789
SORBI_3006G208000	0.628033
SORBI_3006G208050	0.156238
ENSRNA049996064	0
SORBI_3006G208100	1.078444
SORBI_3006G208200	30.253192
SORBI_3006G208300	0
SORBI_3006G208400	22.716733
SORBI_3006G208500	102.597061
SORBI_3006G208700	0.847863
SORBI_3006G208600	0.648337
SORBI_3006G208800	31.791925
SORBI_3006G208900	64.188991
SORBI_3006G209000	0
SORBI_3006G209100	0
SORBI_3006G209200	0.303668
SORBI_3006G209300	0.148963
SORBI_3006G209400	121.013286
SORBI_3006G209500	172.629849
SORBI_3006G209600	1.51253
SORBI_3006G209700	40.285973
SORBI_3006G209850	60.782848
SORBI_3006G210000	13.7696
SORBI_3006G210100	21.244868
SORBI_3006G210200	27.388301
SORBI_3006G210233	0
SORBI_3006G210266	0
SORBI_3006G210300	370.647522
SORBI_3006G210400	10.367505
SORBI_3006G210500	4.155806
SORBI_3006G210600	0
SORBI_3006G210700	17.389397
SORBI_3006G210800	41.62126
SORBI_3006G210900	10.694668
ENSRNA049436919	0
SORBI_3006G211000	0.158155
SORBI_3006G211200	173.667913
SORBI_3006G211300	1.201329
SORBI_3006G211100	20.86534
SORBI_3006G211400	1.796193
SORBI_3006G211500	8.689896
SORBI_3006G211600	0
SORBI_3006G211701	1.256936
SORBI_3006G211800	139.305043
SORBI_3006G211900	0.809151
SORBI_3006G212000	8.033059
SORBI_3006G212100	36.537195
SORBI_3006G212200	0.284145
SORBI_3006G212300	0.098409
SORBI_3006G212350	0
SORBI_3006G212400	1.658746
SORBI_3006G212500	1.17019
SORBI_3006G212600	2.891381
SORBI_3006G212700	0
SORBI_3006G212800	19.626891
SORBI_3006G212900	34.228133
SORBI_3006G213000	499.874473
SORBI_3006G213100	28.144942
SORBI_3006G213200	0.180629
SORBI_3006G213300	32.986121
SORBI_3006G213350	0.089626
SORBI_3006G213400	11.257906
SORBI_3006G213500	21.718133
SORBI_3006G213601	5.777442
SORBI_3006G213700	13.97718
SORBI_3006G213800	39.014212
SORBI_3006G213900	0.117457
SORBI_3006G214000	0.380307
SORBI_3006G214101	0
SORBI_3006G214200	113.271894
SORBI_3006G214300	132.742513
SORBI_3006G214400	27.852845
SORBI_3006G214500	38.476471
SORBI_3006G214600	228.828787
SORBI_3006G214700	5.904234
SORBI_3006G214800	0.784575
SORBI_3006G214900	0.265323
SORBI_3006G215000	25.928362
SORBI_3006G215050	9.192111
SORBI_3006G215100	13.565128
ENSRNA049483158	0
SORBI_3006G215200	0
SORBI_3006G215300	5.743279
SORBI_3006G215400	4.536509
SORBI_3006G215500	0
SORBI_3006G215600	109.453395
SORBI_3006G215650	0
SORBI_3006G215700	14.13635
SORBI_3006G215750	0.623211
SORBI_3006G215800	20.584675
SORBI_3006G215900	4.442878
SORBI_3006G215950	0
SORBI_3006G216000	14.500842
SORBI_3006G216100	35.841043
SORBI_3006G216150	0.306046
SORBI_3006G216200	66.913376
SORBI_3006G216300	49.046535
SORBI_3006G216400	1.561507
SORBI_3006G216500	26.187136
SORBI_3006G216600	595.283923
SORBI_3006G216700	73.521679
SORBI_3006G216800	26.647841
ENSRNA049483105	0
SORBI_3006G216900	3.764403
SORBI_3006G217000	52.240003
SORBI_3006G217100	1.117302
ENSRNA049436901	0
SORBI_3006G217200	7.242784
SORBI_3006G217300	359.038498
SORBI_3006G217400	5.319522
SORBI_3006G217500	8.909652
ENSRNA049436890	0
SORBI_3006G217700	193.06515
SORBI_3006G217800	0.456019
SORBI_3006G217900	85.475919
SORBI_3006G217950	1.467504
SORBI_3006G218000	16.136676
SORBI_3006G218050	0
SORBI_3006G218100	2.080761
SORBI_3006G218200	0
SORBI_3006G218300	2.7981
ENSRNA049436865	0
SORBI_3006G218400	1.495128
SORBI_3006G218600	5.415233
SORBI_3006G218700	110.489541
SORBI_3006G218800	2.061831
SORBI_3006G218850	0
SORBI_3006G218900	0.200675
SORBI_3006G218950	1.080307
SORBI_3006G219000	27.805035
SORBI_3006G219100	0
SORBI_3006G219150	1.790356
SORBI_3006G219200	3.175013
SORBI_3006G219250	4.094297
SORBI_3006G219300	105.413409
SORBI_3006G219400	0
SORBI_3006G219500	0
ENSRNA049483120	0
SORBI_3006G219600	67.43098
SORBI_3006G219700	0
SORBI_3006G219801	0.280373
SORBI_3006G219900	5.070442
SORBI_3006G219950	0.48982
SORBI_3006G220000	46.996901
SORBI_3006G220100	0.586576
SORBI_3006G220200	584.368281
SORBI_3006G220300	120.325327
SORBI_3006G220400	23.077129
SORBI_3006G220500	32.988893
SORBI_3006G220600	29.058207
SORBI_3006G220700	35.051259
SORBI_3006G220800	27.373911
ENSRNA049996046	0
SORBI_3006G220900	189.362072
SORBI_3006G221000	71.729198
SORBI_3006G221101	0.261195
SORBI_3006G221200	209.388451
SORBI_3006G221300	4.93381
SORBI_3006G221400	1.023425
SORBI_3006G221500	0.550373
SORBI_3006G221600	15.217201
SORBI_3006G221700	0
SORBI_3006G221800	0.754327
SORBI_3006G221850	0
SORBI_3006G221900	0
SORBI_3006G222000	0
SORBI_3006G222100	36.07389
SORBI_3006G222200	0
SORBI_3006G222300	6.737429
SORBI_3006G222400	120.146318
SORBI_3006G222500	32.099869
SORBI_3006G222600	19.871992
SORBI_3006G222650	0.435739
SORBI_3006G222700	51.395376
SORBI_3006G222800	5.708789
SORBI_3006G222901	0
SORBI_3006G223001	1.295072
SORBI_3006G223101	0.037634
SORBI_3006G223200	20.542696
SORBI_3006G223300	0.112697
SORBI_3006G223400	0.621304
SORBI_3006G223500	1.11593
SORBI_3006G223601	0.463863
SORBI_3006G223700	0
SORBI_3006G223800	4.404054
SORBI_3006G223850	0
SORBI_3006G223900	0.766496
SORBI_3006G224000	2.209247
SORBI_3006G224100	8.292939
SORBI_3006G224200	0
SORBI_3006G224300	7.517014
SORBI_3006G224400	0.055618
SORBI_3006G224500	0
SORBI_3006G224600	0
SORBI_3006G224800	16.389316
SORBI_3006G225000	0
SORBI_3006G225100	3.106935
SORBI_3006G225200	0.632752
SORBI_3006G225300	74.030318
SORBI_3006G225400	48.271
SORBI_3006G225500	0
SORBI_3006G225600	249.907509
SORBI_3006G225700	0.772208
SORBI_3006G225800	3.594318
SORBI_3006G225900	26.256266
SORBI_3006G226000	0
SORBI_3006G226100	101.235312
SORBI_3006G226200	4.666087
SORBI_3006G226300	52.245832
SORBI_3006G226400	0.571734
SORBI_3006G226500	24.413798
SORBI_3006G226601	11.001993
SORBI_3006G226700	30.000549
SORBI_3006G226800	31.79067
SORBI_3006G226900	2.003241
SORBI_3006G227000	0.342975
SORBI_3006G227050	0
SORBI_3006G227100	0
SORBI_3006G227200	2.383576
SORBI_3006G227300	16.608643
SORBI_3006G227400	6.162975
ENSRNA049996039	0
ENSRNA049996032	0
ENSRNA049483152	0
ENSRNA049996023	0
ENSRNA049996013	0
ENSRNA049483182	0
SORBI_3006G227500	0.783883
SORBI_3006G227600	0
SORBI_3006G227700	0
SORBI_3006G227750	36.132436
SORBI_3006G227800	0
SORBI_3006G227900	2.867505
SORBI_3006G228000	0.64372
SORBI_3006G228100	0
SORBI_3006G228200	1.860438
ENSRNA049483107	0
ENSRNA049483104	34.344828
ENSRNA049483111	2.02961
SORBI_3006G228300	26.021326
SORBI_3006G228400	0.541528
SORBI_3006G228500	179.179778
SORBI_3006G228700	33.653268
SORBI_3006G228833	0.144267
SORBI_3006G228966	0.161514
SORBI_3006G229100	1.066605
SORBI_3006G229200	0.118522
SORBI_3006G229250	0
SORBI_3006G229300	0
SORBI_3006G229400	0
SORBI_3006G229500	0
SORBI_3006G229600	1.362087
SORBI_3006G229700	0
SORBI_3006G229800	0.475576
SORBI_3006G229901	0
SORBI_3006G230000	0
SORBI_3006G230100	0.31268
SORBI_3006G230200	0
SORBI_3006G230300	35.415257
SORBI_3006G230400	144.72826
SORBI_3006G230500	43.750428
SORBI_3006G230600	3.2036
SORBI_3006G230700	27.798709
SORBI_3006G230800	53.551485
SORBI_3006G230900	5.375185
SORBI_3006G231100	34.644345
SORBI_3006G231200	241.306029
SORBI_3006G231266	8.950923
SORBI_3006G231332	59.667939
SORBI_3006G231400	2.709987
SORBI_3006G231500	17.142531
ENSRNA049483194	0
ENSRNA049483200	0
ENSRNA049483205	0
ENSRNA049483207	22.825647
ENSRNA049483199	0
SORBI_3006G231600	5.03716
SORBI_3006G231700	126.338163
SORBI_3006G231800	39.77142
SORBI_3006G231900	3.926062
SORBI_3006G232000	16.367547
SORBI_3006G232100	1.165952
SORBI_3006G232200	88.228906
SORBI_3006G232300	0
SORBI_3006G232400	11.713369
SORBI_3006G232500	0.102878
SORBI_3006G232600	30.663792
SORBI_3006G232700	0
SORBI_3006G232800	27.503536
SORBI_3006G232900	0
SORBI_3006G233000	18.655364
SORBI_3006G233100	33.9708
SORBI_3006G233200	0
SORBI_3006G233300	14.124192
SORBI_3006G233400	0.66307
SORBI_3006G233500	15.015009
ENSRNA049436810	0
SORBI_3006G233600	0
SORBI_3006G233700	33.485292
SORBI_3006G233800	3.64979
SORBI_3006G233900	0.921582
SORBI_3006G234000	0.226691
SORBI_3006G234100	13.819032
SORBI_3006G234200	0.123933
SORBI_3006G234300	1.239292
SORBI_3006G234400	0
SORBI_3006G234433	0
SORBI_3006G234466	0.714509
SORBI_3006G234500	0.941627
SORBI_3006G234601	22.535592
SORBI_3006G234700	32.348575
SORBI_3006G234800	0
SORBI_3006G234850	0
SORBI_3006G234900	1.474249
SORBI_3006G235000	0
SORBI_3006G235100	0
SORBI_3006G235200	28.24815
SORBI_3006G235300	113.827132
SORBI_3006G235350	4.621275
SORBI_3006G235400	7.850382
SORBI_3006G235500	31.808127
SORBI_3006G235600	0.549317
SORBI_3006G235650	0
SORBI_3006G235700	20.692663
SORBI_3006G235801	0
SORBI_3006G235900	409.765641
SORBI_3006G235800	157.476165
SORBI_3006G236000	23.938845
SORBI_3006G236100	0.666622
ENSRNA049996006	0
ENSRNA049483185	0
ENSRNA049483177	0
ENSRNA049995999	0
ENSRNA049995991	0
ENSRNA049995982	0
SORBI_3006G236300	0
SORBI_3006G236400	0
SORBI_3006G236500	55.084563
SORBI_3006G236600	0
SORBI_3006G236700	1.516991
SORBI_3006G236800	0.167736
SORBI_3006G236900	0.219179
ENSRNA049436624	0
SORBI_3006G237000	37.12741
SORBI_3006G237100	20.053213
SORBI_3006G237200	26.793185
SORBI_3006G237300	2.808565
SORBI_3006G237400	35.47096
SORBI_3006G237500	2.029835
SORBI_3006G237600	0
SORBI_3006G237700	0
SORBI_3006G237800	0
SORBI_3006G237900	20.080485
SORBI_3006G238000	0
SORBI_3006G238100	0
SORBI_3006G238200	18.632659
SORBI_3006G238300	0
SORBI_3006G238400	0.935145
SORBI_3006G238500	0.049442
SORBI_3006G238600	29.094903
SORBI_3006G238700	40.081913
SORBI_3006G238900	0
SORBI_3006G239000	126.212425
SORBI_3006G239100	0.153217
SORBI_3006G239200	0
SORBI_3006G239300	49.852167
SORBI_3006G239400	8.166564
SORBI_3006G239500	0
SORBI_3006G239600	0
SORBI_3006G239700	0.310959
SORBI_3006G239800	30.326892
SORBI_3006G239900	0.054795
SORBI_3006G240000	0.501699
ENSRNA049436656	0
SORBI_3006G240100	13.999992
SORBI_3006G240200	0
SORBI_3006G240300	2.299527
SORBI_3006G240400	30.21173
SORBI_3006G240500	100.672038
SORBI_3006G240600	0.464168
SORBI_3006G240650	0
SORBI_3006G240700	21.278736
SORBI_3006G240800	5.202309
SORBI_3006G240900	0.217578
SORBI_3006G241000	0
SORBI_3006G241100	8.695508
SORBI_3006G241200	0
SORBI_3006G241300	0
SORBI_3006G241350	0.616294
SORBI_3006G241400	0.361861
SORBI_3006G241500	0.300571
SORBI_3006G241600	0.859666
SORBI_3006G241700	0.174327
SORBI_3006G241800	0.067222
SORBI_3006G241900	4.557172
SORBI_3006G241950	0
SORBI_3006G242000	620.399803
SORBI_3006G242100	131.056711
SORBI_3006G242200	0.819734
SORBI_3006G242300	86.122633
SORBI_3006G242401	15.091565
SORBI_3006G242500	5.61202
SORBI_3006G242600	6.383237
SORBI_3006G242701	7.776229
SORBI_3006G242800	8.334494
SORBI_3006G242900	5.466345
SORBI_3006G243000	2.47085
SORBI_3006G243100	28.455154
SORBI_3006G243200	7.451864
SORBI_3006G243300	0.259882
SORBI_3006G243400	98.962195
SORBI_3006G243500	51.438628
SORBI_3006G243600	0.160947
SORBI_3006G243700	1.501069
SORBI_3006G243800	0
SORBI_3006G243900	15.183311
SORBI_3006G244000	0.649083
SORBI_3006G244100	0
SORBI_3006G244200	0
SORBI_3006G244300	33.590453
SORBI_3006G244400	0.59393
SORBI_3006G244500	0.144027
SORBI_3006G244600	72.857018
SORBI_3006G244700	26.008085
SORBI_3006G244800	279.366475
SORBI_3006G244900	48.657535
ENSRNA049483174	0
SORBI_3006G245000	4.935275
SORBI_3006G245100	125.689093
SORBI_3006G245200	1.672634
SORBI_3006G245300	0
SORBI_3006G245400	379.004359
SORBI_3006G245500	0.395337
SORBI_3006G245600	0.982022
SORBI_3006G245700	58.184191
SORBI_3006G245800	3.388311
SORBI_3006G245900	10.918852
SORBI_3006G246001	0
SORBI_3006G246100	3.398404
SORBI_3006G246200	8.524753
SORBI_3006G246300	30.595878
SORBI_3006G246350	0
SORBI_3006G246400	0.124423
SORBI_3006G246500	0.98681
SORBI_3006G246600	0
SORBI_3006G246700	0
SORBI_3006G246800	0
SORBI_3006G246900	35.141796
SORBI_3006G247000	0
SORBI_3006G247100	215.956219
ENSRNA049483118	92.138102
SORBI_3006G247200	0
SORBI_3006G247300	0.19827
SORBI_3006G247500	4.726763
SORBI_3006G247400	0
SORBI_3006G247600	0
SORBI_3006G247700	0.074735
SORBI_3006G247800	0
SORBI_3006G247900	12.63536
SORBI_3006G248000	0
SORBI_3006G248100	0
SORBI_3006G248200	4.448371
SORBI_3006G248300	6.693728
SORBI_3006G248350	1.009336
SORBI_3006G248400	36.084843
SORBI_3006G248450	0
SORBI_3006G248500	7.289757
SORBI_3006G248600	0
SORBI_3006G248700	5.271411
SORBI_3006G248801	0
SORBI_3006G248900	34.771307
SORBI_3006G249000	1.337657
SORBI_3006G249050	1.05881
SORBI_3006G249100	0.355737
SORBI_3006G249200	1.518101
SORBI_3006G249300	0
SORBI_3006G249400	65.886732
SORBI_3006G249500	2.927047
SORBI_3006G249600	0.177578
SORBI_3006G249700	119.971369
SORBI_3006G249800	0
SORBI_3006G249900	0
SORBI_3006G250000	5.813301
SORBI_3006G250100	6.740055
SORBI_3006G250200	3.192794
SORBI_3006G250300	58.486168
SORBI_3006G250350	0
SORBI_3006G250400	0.659067
SORBI_3006G250500	15.485228
SORBI_3006G250600	0
SORBI_3006G250700	0
SORBI_3006G250800	19.607917
SORBI_3006G250900	415.240405
SORBI_3006G251000	118.012985
SORBI_3006G251100	0
SORBI_3006G251200	0.880918
SORBI_3006G251301	0
SORBI_3006G251400	0
SORBI_3006G251500	104.852596
SORBI_3006G251600	18.378623
SORBI_3006G251701	7.281886
SORBI_3006G251800	29.800988
SORBI_3006G251900	27.283946
SORBI_3006G252000	8.852408
SORBI_3006G252100	5.359099
SORBI_3006G252200	156.357999
SORBI_3006G252300	19.455629
SORBI_3006G252400	1.495724
SORBI_3006G252466	0.292004
SORBI_3006G252532	0
SORBI_3006G252600	0
SORBI_3006G252700	34.952434
SORBI_3006G252800	0
SORBI_3006G252900	54.461881
SORBI_3006G253000	25.69409
ENSRNA049483126	0
SORBI_3006G253050	0
SORBI_3006G253100	0
SORBI_3006G253200	0
SORBI_3006G253300	0
SORBI_3006G253400	52.792692
ENSRNA049483129	0
SORBI_3006G253500	0
SORBI_3006G253600	0
SORBI_3006G253700	0.331527
SORBI_3006G253801	0
SORBI_3006G253900	0
SORBI_3006G254000	0.128814
SORBI_3006G254100	18.995956
SORBI_3006G254200	0.232315
SORBI_3006G254300	33.598191
SORBI_3006G254400	1.518594
SORBI_3006G254500	43.216961
SORBI_3006G254600	14.857285
SORBI_3006G254700	11.900757
SORBI_3006G254800	4.411045
SORBI_3006G254900	0
SORBI_3006G255000	35.416644
SORBI_3006G255100	208.601453
SORBI_3006G255200	0
SORBI_3006G255300	0.03865
SORBI_3006G255400	2.578131
SORBI_3006G255500	2.345868
SORBI_3006G255600	2.382753
SORBI_3006G255700	0.628349
SORBI_3006G255800	32.03194
SORBI_3006G255900	36.167596
SORBI_3006G256000	0.670443
SORBI_3006G256100	50.763905
SORBI_3006G256200	4.916215
SORBI_3006G256300	10.39915
SORBI_3006G256400	0
SORBI_3006G256500	39.008207
SORBI_3006G256600	27.561948
SORBI_3006G256700	2.416381
SORBI_3006G256801	0
SORBI_3006G256900	0
SORBI_3006G257001	173.87013
SORBI_3006G257100	18.30675
SORBI_3006G257200	57.851234
SORBI_3006G257250	0
SORBI_3006G257300	40.806658
SORBI_3006G257400	0.146541
SORBI_3006G257500	1.203606
SORBI_3006G257550	0
SORBI_3006G257600	1.416728
SORBI_3006G257700	1340.633912
SORBI_3006G257800	72.589397
SORBI_3006G257900	1631.45552
SORBI_3006G258000	15.944555
SORBI_3006G258100	0
SORBI_3006G258200	0
SORBI_3006G258300	12.35375
SORBI_3006G258400	16.590978
SORBI_3006G258500	62.657214
SORBI_3006G258600	21.079682
SORBI_3006G258700	234.130463
SORBI_3006G258800	68.129313
SORBI_3006G258900	28.082954
SORBI_3006G259000	173.765701
SORBI_3006G259100	5.859033
SORBI_3006G259201	5.990587
SORBI_3006G259300	1.306509
SORBI_3006G259401	23.35682
SORBI_3006G259501	0
SORBI_3006G259600	54.892769
SORBI_3006G259700	163.254557
SORBI_3006G259800	5.372491
SORBI_3006G259900	8.359269
SORBI_3006G260000	12.758606
SORBI_3006G260101	0
SORBI_3006G260200	1.560386
SORBI_3006G260300	6.385336
SORBI_3006G260400	80.999965
SORBI_3006G260500	35.366953
SORBI_3006G260600	11.993976
SORBI_3006G260700	0
SORBI_3006G260800	12.565334
SORBI_3006G260900	10.485664
SORBI_3006G261000	0
SORBI_3006G261100	34.640309
SORBI_3006G261200	0
ENSRNA049436794	0
ENSRNA049436788	0
SORBI_3006G261300	82.956482
SORBI_3006G261400	25.244829
SORBI_3006G261500	650.267187
SORBI_3006G261550	0
SORBI_3006G261600	26.528056
SORBI_3006G261650	0
SORBI_3006G261700	54.144358
SORBI_3006G261800	52.015149
SORBI_3006G261900	4.172069
SORBI_3006G262001	0.621931
SORBI_3006G262100	52.044498
SORBI_3006G262200	6.430919
SORBI_3006G262300	23.928413
SORBI_3006G262400	3.591217
SORBI_3006G262501	5.701584
SORBI_3006G262600	0.057136
SORBI_3006G262800	0.840717
SORBI_3006G262700	0
SORBI_3006G262900	17.138018
SORBI_3006G263000	13.027092
SORBI_3006G263100	217.980507
SORBI_3006G263200	24.827685
SORBI_3006G263250	0
SORBI_3006G263300	176.778745
SORBI_3006G263400	0.722864
SORBI_3006G263500	0
SORBI_3006G263600	297.359444
SORBI_3006G263700	34.593103
SORBI_3006G263800	6.726802
SORBI_3006G263900	10.561059
SORBI_3006G264000	58.677253
SORBI_3006G264100	0.476185
SORBI_3006G264201	59.104552
SORBI_3006G264300	187.345616
SORBI_3006G264400	0
SORBI_3006G264500	8.047664
ENSRNA049995974	0
SORBI_3006G264700	0
SORBI_3006G264800	0
SORBI_3006G264900	23.718844
SORBI_3006G265000	7.86388
SORBI_3006G265100	0.541645
SORBI_3006G265200	22.201284
SORBI_3006G265300	15.387478
SORBI_3006G265400	3.206294
SORBI_3006G265500	0.375316
SORBI_3006G265600	65.881862
SORBI_3006G265700	3.450171
SORBI_3006G265800	9.049555
SORBI_3006G265900	17.724527
SORBI_3006G266000	1.669299
SORBI_3006G266100	24.753258
SORBI_3006G266200	7.112629
SORBI_3006G266300	11.814219
SORBI_3006G266400	0
SORBI_3006G266600	123.743021
SORBI_3006G266700	13.82798
SORBI_3006G266800	1.111446
SORBI_3006G266850	0.095005
SORBI_3006G266900	0
SORBI_3006G267000	11.250767
SORBI_3006G267100	18.158034
SORBI_3006G267200	235.459912
SORBI_3006G267300	28.980114
SORBI_3006G267400	0
SORBI_3006G267500	13.955938
SORBI_3006G267600	29.864328
SORBI_3006G267700	19.105588
SORBI_3006G267800	5.944088
SORBI_3006G267900	33.316837
SORBI_3006G267950	0
SORBI_3006G268000	3.281732
SORBI_3006G268100	0.345566
SORBI_3006G268200	44.968428
SORBI_3006G268300	9.206193
SORBI_3006G268500	0
SORBI_3006G268600	3.075972
SORBI_3006G268700	0
SORBI_3006G268800	0.405827
SORBI_3006G268900	64.040411
SORBI_3006G269000	26.218958
SORBI_3006G269101	0
SORBI_3006G269200	13.724969
SORBI_3006G269250	0
SORBI_3006G269400	2.076268
SORBI_3006G269300	0
SORBI_3006G269501	0
ENSRNA049995966	0
SORBI_3006G269600	5.334172
SORBI_3006G269700	34.702424
SORBI_3006G269800	16.428783
SORBI_3006G269900	46.451365
SORBI_3006G270000	9.231426
SORBI_3006G270100	196.421608
SORBI_3006G270200	2.2376
SORBI_3006G270300	0
SORBI_3006G270400	3.441355
SORBI_3006G270500	44.346031
SORBI_3006G270600	21.234666
SORBI_3006G270700	22.069965
SORBI_3006G270800	0
SORBI_3006G270900	55.051313
ENSRNA049469435	0
SORBI_3006G271000	25.717915
SORBI_3006G271100	0.116055
SORBI_3006G271200	22.871452
SORBI_3006G271300	135.905635
SORBI_3006G271400	0
SORBI_3006G271500	35.168382
SORBI_3006G271600	0
ENSRNA049469461	0
SORBI_3006G271700	7.03404
SORBI_3006G271800	72.454846
SORBI_3006G271900	10.15201
SORBI_3006G272000	5.742555
SORBI_3006G272100	0.537358
SORBI_3006G272200	37.452137
SORBI_3006G272300	0.129458
SORBI_3006G272400	0.291222
SORBI_3006G272450	0.646936
SORBI_3006G272500	2.649522
SORBI_3006G272600	74.984441
SORBI_3006G272700	0.481801
SORBI_3006G272800	1.909514
SORBI_3006G272900	0
SORBI_3006G273000	40.278489
SORBI_3006G273100	2.387639
ENSRNA049995946	0
SORBI_3006G273150	0
SORBI_3006G273200	82.299333
SORBI_3006G273300	0
SORBI_3006G273400	4.580287
SORBI_3006G273500	0.086411
SORBI_3006G273600	0
SORBI_3006G273700	2.213489
SORBI_3006G273800	261.241403
SORBI_3006G273900	2.792944
SORBI_3006G274000	0
SORBI_3006G274100	4.479758
SORBI_3006G274200	3.899031
SORBI_3006G274300	288.239951
SORBI_3006G274400	3.994129
SORBI_3006G274500	0
SORBI_3006G274600	72.424613
SORBI_3006G274700	34.122727
SORBI_3006G274800	21.556822
SORBI_3006G274833	0
SORBI_3006G274866	23.456806
SORBI_3006G274933	14.910057
SORBI_3006G275000	28.048087
SORBI_3006G275100	13.239278
SORBI_3006G275200	22.17139
SORBI_3006G275300	0
SORBI_3006G275401	0
SORBI_3006G275500	6.135231
SORBI_3006G275600	18.089946
SORBI_3006G275700	0
SORBI_3006G275800	88.571995
SORBI_3006G275900	0
SORBI_3006G276000	4.871915
SORBI_3006G276100	57.860338
SORBI_3006G276200	22.610574
SORBI_3006G276300	0.86723
SORBI_3006G276401	0
SORBI_3006G276500	0
SORBI_3006G276533	0
SORBI_3006G276566	0
SORBI_3006G276600	0
SORBI_3006G276700	403.50013
SORBI_3006G276801	0
SORBI_3006G276900	1.518087
SORBI_3006G277000	21.90996
SORBI_3006G277100	0.922433
SORBI_3006G277200	10.878529
SORBI_3006G277300	6.746145
SORBI_3006G277400	2.800431
SORBI_3006G277500	0.807349
SORBI_3006G277550	0
SORBI_3006G277600	0.520531
SORBI_3006G277700	0.107152
SORBI_3006G277750	0
SORBI_3006G277800	0.298204
SORBI_3006G277900	0
SORBI_3006G278000	1.502943
SORBI_3006G278100	36.987451
SORBI_3006G278200	3.543725
SORBI_3006G278300	0
SORBI_3006G278400	0
SORBI_3006G278500	21.603495
SORBI_3006G278600	0.316753
SORBI_3006G278700	42.411933
SORBI_3006G278800	4.149349
SORBI_3006G278900	0.347594
SORBI_3006G278950	0
SORBI_3006G279000	0
SORBI_3006G279100	12.552692
SORBI_3006G279200	11.35619
SORBI_3006G279400	1.273278
SORBI_3006G279600	0
SORBI_3006G279700	7.698528
SORBI_3006G279800	28.062674
SORBI_3006G279900	5.492142
SORBI_3006G280000	82.853308
SORBI_3006G280050	24.424165
SORBI_3006G280100	15.067349
SORBI_3006G280200	11.000663
SORBI_3006G280250	0.593343
SORBI_3006G280300	13.648659
SORBI_3006G280400	0.088236
SORBI_3006G280500	22.186488
SORBI_3006G280600	66.941341
SORBI_3006G280700	49.530613
SORBI_3006G280800	17.328191
SORBI_3006G280900	21.278681
SORBI_3006G281000	13.698329
SORBI_3006G281066	3.901016
SORBI_3006G281132	0
SORBI_3006G281200	58.164999
SORBI_3006G281300	0
SORBI_3006G281400	4.853692
SORBI_3006G281500	25.348897
SORBI_3006G281600	11.77337
SORBI_3006G281700	67.097414
SORBI_3006G281800	96.553981
SORBI_3006G281900	6.488825
SORBI_3006G282000	0
SORBI_3006G282100	0
SORBI_3006G282200	81.519436
SORBI_3006G282300	83.517325
SORBI_3007G000050	0
SORBI_3007G000100	21.617993
SORBI_3007G000200	7.944
SORBI_3007G000300	5.440279
SORBI_3007G000400	34.485686
SORBI_3007G000500	0.200426
SORBI_3007G000600	0
SORBI_3007G000700	7.946975
SORBI_3007G000800	30.240699
SORBI_3007G000900	3.689223
SORBI_3007G001100	0.813326
SORBI_3007G001200	74.415383
SORBI_3007G001300	0.273115
SORBI_3007G001500	51.736781
SORBI_3007G001600	0
SORBI_3007G001700	0
SORBI_3007G001800	0
SORBI_3007G001900	17.70079
SORBI_3007G002000	120.095167
SORBI_3007G002100	0.173261
SORBI_3007G002200	24.952423
SORBI_3007G002300	49.430015
ENSRNA049441255	0
SORBI_3007G002400	0
SORBI_3007G002500	12.136989
SORBI_3007G002600	39.585404
SORBI_3007G002700	1.494011
SORBI_3007G002800	53.443749
SORBI_3007G002900	41.519576
SORBI_3007G003000	0
SORBI_3007G003100	29.413193
SORBI_3007G003200	0.244975
SORBI_3007G003250	0
SORBI_3007G003300	0
SORBI_3007G003400	0.974414
SORBI_3007G003500	29.189014
SORBI_3007G003600	1012.375823
SORBI_3007G003700	1.628123
SORBI_3007G003800	0.606994
SORBI_3007G003900	3.340778
SORBI_3007G004000	28.632932
SORBI_3007G004100	6.989251
SORBI_3007G004200	15.051096
SORBI_3007G004300	30.646361
SORBI_3007G004400	0
SORBI_3007G004500	36.761536
SORBI_3007G004600	11.661454
SORBI_3007G004700	4.078286
SORBI_3007G004750	0
SORBI_3007G004800	19.339752
SORBI_3007G004850	0.280899
SORBI_3007G004900	0
SORBI_3007G005000	0
SORBI_3007G005100	0
SORBI_3007G005200	6.952935
SORBI_3007G005300	38.054982
SORBI_3007G005400	57.237358
SORBI_3007G005500	45.500742
SORBI_3007G005600	1.390948
SORBI_3007G005700	0.315099
SORBI_3007G005800	0
SORBI_3007G005850	0
SORBI_3007G005900	0
SORBI_3007G006000	0
SORBI_3007G006100	31.716294
SORBI_3007G006200	23.248775
SORBI_3007G006300	2.91016
SORBI_3007G006350	2.296985
SORBI_3007G006400	0.995255
SORBI_3007G006501	0
SORBI_3007G006600	166.640294
SORBI_3007G006700	10.05927
SORBI_3007G006800	1.149253
SORBI_3007G006900	43.260225
SORBI_3007G007000	50.325498
SORBI_3007G007100	0
SORBI_3007G007200	3.492107
SORBI_3007G007250	0
SORBI_3007G007300	0
SORBI_3007G007400	0
SORBI_3007G007600	0
SORBI_3007G007650	0
SORBI_3007G007700	0
SORBI_3007G007800	0.109725
SORBI_3007G007900	269.186302
SORBI_3007G008000	2.726256
SORBI_3007G008100	2.144891
SORBI_3007G008200	3.37813
SORBI_3007G008300	0.581602
SORBI_3007G008400	0
SORBI_3007G008500	0
SORBI_3007G008600	3.266113
SORBI_3007G008700	3.131509
SORBI_3007G008800	234.260703
SORBI_3007G008900	42.06095
SORBI_3007G009000	3.088806
SORBI_3007G009100	19.135075
SORBI_3007G009200	44.179951
SORBI_3007G009300	1.667447
ENSRNA049995956	0
SORBI_3007G009400	19.787177
SORBI_3007G009500	4.46336
SORBI_3007G009600	0
SORBI_3007G009700	102.697232
SORBI_3007G009800	0
SORBI_3007G009900	0
SORBI_3007G010000	27.208547
SORBI_3007G010100	1.483698
SORBI_3007G010200	14.139075
SORBI_3007G010300	0
SORBI_3007G010350	0
SORBI_3007G010400	0
SORBI_3007G010550	2.951999
SORBI_3007G010700	17.816293
SORBI_3007G010800	13.549026
SORBI_3007G010900	27.171564
SORBI_3007G011000	33.800673
SORBI_3007G011100	0
SORBI_3007G011200	67.089987
SORBI_3007G011300	42.379493
SORBI_3007G011400	39.733499
SORBI_3007G011500	0
SORBI_3007G011600	79.926846
SORBI_3007G011700	2.838574
SORBI_3007G011800	20.42857
SORBI_3007G011900	0
SORBI_3007G012001	0
SORBI_3007G012100	0
SORBI_3007G012300	0.795388
SORBI_3007G012400	8.685208
SORBI_3007G012500	0
SORBI_3007G012600	0.169455
SORBI_3007G012700	0.369725
SORBI_3007G012800	0.138525
SORBI_3007G012900	65.017326
SORBI_3007G013000	3.069054
SORBI_3007G013100	0
SORBI_3007G013200	0
SORBI_3007G013300	52.39771
SORBI_3007G013400	15.469832
SORBI_3007G013500	89.677306
SORBI_3007G013601	2.094001
SORBI_3007G013700	2.387711
SORBI_3007G013800	14.129809
SORBI_3007G013900	121.167833
SORBI_3007G014000	0
SORBI_3007G014100	0
ENSRNA049484464	0
SORBI_3007G014200	3.041796
SORBI_3007G014300	0
SORBI_3007G014400	0
SORBI_3007G014500	0
SORBI_3007G014600	23.968362
SORBI_3007G014700	64.508153
SORBI_3007G014800	81.259736
SORBI_3007G014900	12.184661
SORBI_3007G015000	0
SORBI_3007G015100	0
SORBI_3007G015200	0.386047
SORBI_3007G015300	2.716411
SORBI_3007G015400	0
SORBI_3007G015500	0
SORBI_3007G015600	23.818066
SORBI_3007G015700	0
SORBI_3007G015800	0
SORBI_3007G015900	0
SORBI_3007G016000	1.742631
SORBI_3007G016100	0
SORBI_3007G016200	9.132424
SORBI_3007G016300	0
SORBI_3007G016400	10.248538
SORBI_3007G016500	0
SORBI_3007G016600	1.506111
SORBI_3007G016700	0
SORBI_3007G016750	2.370201
SORBI_3007G016800	2.088125
SORBI_3007G016900	7.256879
SORBI_3007G017000	0
SORBI_3007G017100	1.778148
SORBI_3007G017200	3.077914
SORBI_3007G017300	0
SORBI_3007G017400	237.901765
SORBI_3007G017500	15.060219
SORBI_3007G017700	0
SORBI_3007G017800	13.208272
SORBI_3007G017900	0.132584
SORBI_3007G018000	0
SORBI_3007G018100	0.211777
SORBI_3007G018200	65.892759
SORBI_3007G018300	1015.584426
SORBI_3007G018400	28.488352
SORBI_3007G018500	26.447336
SORBI_3007G018550	0
SORBI_3007G018601	0
SORBI_3007G018651	0
SORBI_3007G018700	35.103583
SORBI_3007G018900	2.644984
SORBI_3007G019000	421.267612
SORBI_3007G019100	25.478409
SORBI_3007G019200	8.394578
SORBI_3007G019300	11.374069
SORBI_3007G019400	283.440378
SORBI_3007G019501	34.49092
SORBI_3007G019600	0.113634
SORBI_3007G019700	0
SORBI_3007G019800	114.458044
SORBI_3007G019900	0
SORBI_3007G020000	1.127606
SORBI_3007G020100	0
SORBI_3007G020200	0
SORBI_3007G020300	34.939585
SORBI_3007G020400	0
SORBI_3007G020500	16.278685
ENSRNA049995939	0
SORBI_3007G020600	14.220506
SORBI_3007G020700	1.888148
SORBI_3007G020800	0
SORBI_3007G020900	0
SORBI_3007G021000	0
ENSRNA049440479	0
ENSRNA049484461	0
ENSRNA049440486	0
SORBI_3007G021100	0.604871
SORBI_3007G021200	1.453257
SORBI_3007G021300	2.062365
SORBI_3007G021400	0.148772
SORBI_3007G021500	0
SORBI_3007G021600	0
SORBI_3007G021700	0
SORBI_3007G021800	0
SORBI_3007G021900	0
SORBI_3007G022000	1.415605
SORBI_3007G022100	0
SORBI_3007G022200	0.532413
SORBI_3007G022300	0
SORBI_3007G022400	0
ENSRNA049440508	0
SORBI_3007G022500	167.530994
SORBI_3007G022600	80.376019
SORBI_3007G022700	48.663608
SORBI_3007G022800	1.383213
SORBI_3007G022900	0.211308
SORBI_3007G023000	0
SORBI_3007G023100	2.355318
SORBI_3007G023200	24.215842
SORBI_3007G023300	11.341936
SORBI_3007G023400	79.436973
SORBI_3007G023500	0
SORBI_3007G023600	0.052333
SORBI_3007G023650	0
SORBI_3007G023700	31.384162
SORBI_3007G023800	0.721374
SORBI_3007G023900	0
SORBI_3007G024000	0
SORBI_3007G024100	0
SORBI_3007G024150	0.020224
SORBI_3007G024200	0.544708
SORBI_3007G024300	0
SORBI_3007G024400	0.135451
SORBI_3007G024500	40.272514
SORBI_3007G024600	0
SORBI_3007G024700	38.630284
SORBI_3007G024800	2.589547
SORBI_3007G024900	0
SORBI_3007G025000	0.27683
SORBI_3007G025100	0
SORBI_3007G025200	0
SORBI_3007G025300	0
SORBI_3007G025350	0
SORBI_3007G025400	65.529947
SORBI_3007G025500	124.619897
SORBI_3007G025600	0
SORBI_3007G025700	5.447483
SORBI_3007G025800	65.93395
SORBI_3007G025900	9.425108
SORBI_3007G026000	44.104022
SORBI_3007G026100	140.567936
SORBI_3007G026200	20.381175
SORBI_3007G026300	114.41075
SORBI_3007G026400	1.895132
SORBI_3007G026500	37.990127
SORBI_3007G026600	3.226131
SORBI_3007G026700	6.754356
SORBI_3007G026800	47.695609
SORBI_3007G026900	13.149375
SORBI_3007G027000	21.293213
SORBI_3007G027100	6.5706
SORBI_3007G027200	0
SORBI_3007G027301	0.335042
SORBI_3007G027400	0
SORBI_3007G027500	0
SORBI_3007G027601	3.897136
SORBI_3007G027700	10.330081
SORBI_3007G027800	0
SORBI_3007G027900	0.318538
SORBI_3007G028001	11.310674
SORBI_3007G028100	63.732696
SORBI_3007G028200	0.310785
SORBI_3007G028400	150.512355
SORBI_3007G028300	0
SORBI_3007G028500	8.442491
SORBI_3007G028600	0.166617
SORBI_3007G028700	2.146231
SORBI_3007G028766	0
ENSRNA049995932	0
SORBI_3007G028832	0
SORBI_3007G028900	2.820895
SORBI_3007G029000	0
SORBI_3007G029100	26.687968
SORBI_3007G029200	8.688246
SORBI_3007G029300	2.785399
SORBI_3007G029400	390.065224
SORBI_3007G029500	81.194985
SORBI_3007G029600	6.623397
SORBI_3007G029700	17.366982
SORBI_3007G029800	0
SORBI_3007G029900	1.37108
SORBI_3007G030000	1.864935
SORBI_3007G030100	11.518524
SORBI_3007G030200	0
SORBI_3007G030300	0
SORBI_3007G030400	0
SORBI_3007G030501	0
SORBI_3007G030600	14.893252
SORBI_3007G030700	16.587181
SORBI_3007G030800	4.007794
SORBI_3007G030900	1.328264
SORBI_3007G031000	0
SORBI_3007G031100	29.795226
SORBI_3007G031200	0.991466
SORBI_3007G031300	8.251349
SORBI_3007G031400	0
SORBI_3007G031500	0
SORBI_3007G031600	11.843834
SORBI_3007G031700	0
SORBI_3007G031800	1.878787
SORBI_3007G031900	32.655267
SORBI_3007G032000	158.849079
SORBI_3007G032100	0
SORBI_3007G032200	0
SORBI_3007G032300	1.394925
SORBI_3007G032400	58.414919
SORBI_3007G032500	0
SORBI_3007G032600	0
SORBI_3007G032700	0
SORBI_3007G032800	0
SORBI_3007G032900	1.063497
SORBI_3007G033100	0.895401
SORBI_3007G033200	3.755886
SORBI_3007G033300	0.136463
SORBI_3007G033400	0.163931
SORBI_3007G033500	0
SORBI_3007G033600	0
SORBI_3007G033700	3.351707
SORBI_3007G033800	77.398604
SORBI_3007G033900	2.365879
SORBI_3007G034000	2.468351
SORBI_3007G034100	0.865785
SORBI_3007G034200	20.072977
SORBI_3007G034300	0.149495
SORBI_3007G034400	115.292464
ENSRNA049484482	0
ENSRNA049484481	0
ENSRNA049484491	0
ENSRNA049484480	45.651293
ENSRNA049484490	0
ENSRNA049484485	0
ENSRNA049484472	0
SORBI_3007G034500	15.790652
SORBI_3007G034550	0
SORBI_3007G034600	36.419363
SORBI_3007G034650	0
SORBI_3007G034700	5.305536
SORBI_3007G034900	0.211876
SORBI_3007G035000	0.180703
SORBI_3007G035100	0
SORBI_3007G035200	0
SORBI_3007G035300	0.105015
SORBI_3007G035500	0.452236
SORBI_3007G035600	54.016546
SORBI_3007G035700	240.657968
SORBI_3007G035800	0
SORBI_3007G035900	0
SORBI_3007G036000	0
SORBI_3007G036100	1.643246
SORBI_3007G036200	0
SORBI_3007G036300	0
SORBI_3007G036400	0
SORBI_3007G036550	2.395887
SORBI_3007G036500	4.56412
SORBI_3007G036600	0
SORBI_3007G036700	33.119693
SORBI_3007G036750	1.141282
SORBI_3007G036800	5.913969
SORBI_3007G036900	11.862689
SORBI_3007G037000	22.859078
SORBI_3007G037100	34.450563
SORBI_3007G037200	0
SORBI_3007G037301	2.097756
SORBI_3007G037400	0
SORBI_3007G037600	0
SORBI_3007G037700	0
SORBI_3007G037800	0
SORBI_3007G037900	68.796673
SORBI_3007G038000	0.288254
SORBI_3007G038100	0
SORBI_3007G038200	0
SORBI_3007G038250	0.711129
SORBI_3007G038300	0
SORBI_3007G038366	0
SORBI_3007G038432	0
SORBI_3007G038500	0.787052
SORBI_3007G038600	157.416788
SORBI_3007G038700	3.571182
SORBI_3007G038800	10.921643
SORBI_3007G038900	0.619904
SORBI_3007G039001	0.594431
SORBI_3007G039100	0.099463
SORBI_3007G039200	36.03744
SORBI_3007G039300	14.317736
SORBI_3007G039400	58.709689
SORBI_3007G039500	0.522029
SORBI_3007G039600	0
SORBI_3007G039700	0
SORBI_3007G039800	0
SORBI_3007G039814	0
SORBI_3007G039828	1.066781
SORBI_3007G039842	3.976806
SORBI_3007G039856	2.365879
SORBI_3007G039870	0
SORBI_3007G039884	0
SORBI_3007G039900	0
SORBI_3007G040000	0
SORBI_3007G040050	0
SORBI_3007G040100	0
SORBI_3007G040150	0
SORBI_3007G040200	0
SORBI_3007G040301	1.490197
SORBI_3007G040400	0
SORBI_3007G040500	0
SORBI_3007G040600	0
SORBI_3007G040700	0
SORBI_3007G040800	0
SORBI_3007G040900	0
SORBI_3007G041000	0
SORBI_3007G041100	0
SORBI_3007G041200	0
SORBI_3007G041300	36.055917
SORBI_3007G041400	11.751305
SORBI_3007G041500	12.864014
SORBI_3007G041600	0
SORBI_3007G041701	0
SORBI_3007G041800	0
SORBI_3007G041900	0
SORBI_3007G042100	0
SORBI_3007G042150	0
SORBI_3007G042200	0.064618
SORBI_3007G042300	24.102381
SORBI_3007G042400	18.740938
SORBI_3007G042500	0
SORBI_3007G042600	0
SORBI_3007G042700	0.696844
SORBI_3007G042800	0
SORBI_3007G042900	39.732579
SORBI_3007G043000	0.527512
SORBI_3007G043050	0
SORBI_3007G043100	0
SORBI_3007G043200	7.039003
SORBI_3007G043300	0
SORBI_3007G043400	80.016434
SORBI_3007G043500	100.997131
SORBI_3007G043600	52.423744
SORBI_3007G043700	2.626024
SORBI_3007G043750	0
SORBI_3007G043800	0
SORBI_3007G043900	9.013222
SORBI_3007G044000	0
SORBI_3007G044100	26.603772
SORBI_3007G044201	0
SORBI_3007G044300	13.011271
SORBI_3007G044350	0
SORBI_3007G044400	40.63058
SORBI_3007G044500	0
SORBI_3007G044600	0
SORBI_3007G044700	0
SORBI_3007G044800	0
SORBI_3007G044900	1.495991
SORBI_3007G045000	1.460841
SORBI_3007G045100	0.244659
SORBI_3007G045201	29.365108
SORBI_3007G045300	0
SORBI_3007G045500	9.522227
SORBI_3007G045600	34.144441
SORBI_3007G045700	1284.477633
SORBI_3007G045750	0
ENSRNA049484489	10.144732
SORBI_3007G045800	0.340233
ENSRNA049995922	0
ENSRNA049995912	0
ENSRNA049995908	0
ENSRNA049484496	0
ENSRNA049995902	0
SORBI_3007G045900	0.077835
SORBI_3007G046000	2.455864
SORBI_3007G046100	0
SORBI_3007G046200	36.258257
SORBI_3007G046400	5.976262
SORBI_3007G046500	15.410172
SORBI_3007G046600	0
SORBI_3007G046700	0
SORBI_3007G046800	0
SORBI_3007G046900	3.235471
SORBI_3007G046950	0
SORBI_3007G047000	0
SORBI_3007G047050	0
SORBI_3007G047100	0
SORBI_3007G047200	0.615285
SORBI_3007G047300	483.405009
SORBI_3007G047400	207.436339
SORBI_3007G047450	0
SORBI_3007G047500	0.105624
SORBI_3007G047600	9.662013
SORBI_3007G047700	187.911633
SORBI_3007G047900	0.677653
SORBI_3007G048000	0
SORBI_3007G048101	0.020031
SORBI_3007G048200	0
SORBI_3007G048300	0
SORBI_3007G048400	0.245823
SORBI_3007G048500	0
SORBI_3007G048600	3.068888
SORBI_3007G048700	17.969468
SORBI_3007G048800	0
SORBI_3007G048900	1.718875
SORBI_3007G049000	0
SORBI_3007G049050	0
SORBI_3007G049100	0
SORBI_3007G049200	0
SORBI_3007G049300	0.518365
SORBI_3007G049400	0
SORBI_3007G049500	0
SORBI_3007G049600	0
SORBI_3007G049700	1.568568
SORBI_3007G049733	0
SORBI_3007G049766	0.265082
SORBI_3007G049800	14.402895
SORBI_3007G049900	1.815572
SORBI_3007G050000	47.713454
SORBI_3007G050100	32.48778
SORBI_3007G050200	6.257972
SORBI_3007G050300	19.212999
SORBI_3007G050400	12.027627
SORBI_3007G050500	0.089407
SORBI_3007G050600	460.991229
SORBI_3007G050650	0.176908
SORBI_3007G050700	0.755131
SORBI_3007G050750	0
SORBI_3007G050800	1.591727
SORBI_3007G050900	0
SORBI_3007G051000	196.01249
SORBI_3007G051100	0.234068
SORBI_3007G051200	0.19393
SORBI_3007G051300	26.08197
SORBI_3007G051400	45.692953
SORBI_3007G051501	0
SORBI_3007G051600	0
SORBI_3007G051700	204.543711
SORBI_3007G051800	2069.415854
SORBI_3007G051900	11.943294
SORBI_3007G052000	0.064407
SORBI_3007G052100	0.111523
SORBI_3007G052201	0
SORBI_3007G052300	102.371225
SORBI_3007G052400	45.554606
SORBI_3007G052500	0
SORBI_3007G052600	0.59035
SORBI_3007G052700	58.394885
SORBI_3007G052800	24.703334
SORBI_3007G052900	58.227907
SORBI_3007G053000	0
SORBI_3007G053100	28.038604
SORBI_3007G053300	517.583432
ENSRNA049484470	12.571882
ENSRNA049484467	28.4664
SORBI_3007G053400	31.158827
SORBI_3007G053500	362.289951
SORBI_3007G053600	3.677129
SORBI_3007G053700	17.342679
SORBI_3007G053800	32.35771
SORBI_3007G053900	0
SORBI_3007G054000	3.233671
SORBI_3007G054100	12.615285
SORBI_3007G054200	0.123693
SORBI_3007G054300	0
SORBI_3007G054400	7.185755
ENSRNA049995894	0
SORBI_3007G054500	5.385363
SORBI_3007G054600	2.268387
SORBI_3007G054700	0
SORBI_3007G054800	81.212338
SORBI_3007G054900	3.928444
SORBI_3007G055000	5.482248
SORBI_3007G055100	0
SORBI_3007G055300	0
SORBI_3007G055400	0
SORBI_3007G055500	4.749741
SORBI_3007G055600	0.263914
SORBI_3007G055700	1.23551
SORBI_3007G055800	0
SORBI_3007G055900	0
ENSRNA049440533	0
SORBI_3007G056100	40.451689
SORBI_3007G056200	9.774642
SORBI_3007G056300	8.758502
SORBI_3007G056400	0
SORBI_3007G056500	28.34372
SORBI_3007G056600	61.190234
SORBI_3007G056700	30.52272
SORBI_3007G056800	0
SORBI_3007G056900	0.542013
SORBI_3007G057000	25.282792
SORBI_3007G057100	4152.843501
SORBI_3007G057201	1.041398
SORBI_3007G057300	0
SORBI_3007G057400	0
SORBI_3007G057450	0.451199
SORBI_3007G057500	1.590419
SORBI_3007G057600	0
SORBI_3007G057700	7.64554
SORBI_3007G057800	0
SORBI_3007G057900	0
SORBI_3007G058001	2.823941
SORBI_3007G058100	70.052913
SORBI_3007G058200	0
SORBI_3007G058300	0
SORBI_3007G058400	0
SORBI_3007G058600	0.940948
SORBI_3007G058700	54.119548
SORBI_3007G058800	34.310107
SORBI_3007G058900	0.106491
SORBI_3007G059000	0
SORBI_3007G059100	0.531587
SORBI_3007G059150	0
SORBI_3007G059200	0
SORBI_3007G059300	0
SORBI_3007G059400	0
SORBI_3007G059500	1.027344
SORBI_3007G059600	4.505527
SORBI_3007G059700	2.409783
SORBI_3007G059800	0
SORBI_3007G059900	255.294579
SORBI_3007G060000	5.877064
SORBI_3007G060100	0.128487
SORBI_3007G060201	24.451748
SORBI_3007G060300	2.000523
SORBI_3007G060400	0
SORBI_3007G060500	0
SORBI_3007G060550	0
SORBI_3007G060600	9.589224
ENSRNA049440557	0
SORBI_3007G060700	23.06416
SORBI_3007G060800	0
SORBI_3007G060900	0
SORBI_3007G061000	65.62946
SORBI_3007G061100	6.573678
SORBI_3007G061300	0.961965
SORBI_3007G061400	46.898665
SORBI_3007G061500	0.048155
SORBI_3007G061600	0
SORBI_3007G061700	43.761719
SORBI_3007G061800	0
SORBI_3007G061900	10.473774
SORBI_3007G062000	33.754217
SORBI_3007G062100	2.106334
SORBI_3007G062200	0.517299
SORBI_3007G062500	138.875695
ENSRNA049484459	0
SORBI_3007G062600	23.828432
SORBI_3007G062700	0
SORBI_3007G062800	50.32873
SORBI_3007G062900	0
SORBI_3007G063000	49.557812
SORBI_3007G063100	0
SORBI_3007G063200	18.929254
SORBI_3007G063300	8.514881
SORBI_3007G063500	0
SORBI_3007G063600	0
SORBI_3007G063700	4.207122
SORBI_3007G063800	0.273211
SORBI_3007G063900	0
SORBI_3007G064000	0
SORBI_3007G064100	0
SORBI_3007G064250	0
SORBI_3007G064400	0
SORBI_3007G064500	0.090602
SORBI_3007G064600	0
SORBI_3007G064700	0
SORBI_3007G064800	0
SORBI_3007G064900	0.249815
SORBI_3007G065000	0
SORBI_3007G065100	68.0913
SORBI_3007G065300	0
SORBI_3007G065400	15.620978
SORBI_3007G065500	40.958677
SORBI_3007G065600	0
SORBI_3007G065700	1.492378
SORBI_3007G065800	0
SORBI_3007G065900	8.1866
SORBI_3007G066050	1.031922
SORBI_3007G066200	0
SORBI_3007G066566	0
SORBI_3007G066932	30.852367
SORBI_3007G067300	1.57764
SORBI_3007G067350	11.683949
SORBI_3007G067400	10.662222
SORBI_3007G067600	65.15301
SORBI_3007G067608	0
SORBI_3007G067616	28.062029
SORBI_3007G067100	70.49504
SORBI_3007G067108	120.276048
SORBI_3007G066600	90.69112
SORBI_3007G066608	0
SORBI_3007G066500	0.157091
SORBI_3007G066508	0.392148
SORBI_3007G066800	0
SORBI_3007G066808	3.23536
SORBI_3007G066816	2.186013
SORBI_3007G066824	0
SORBI_3007G066832	0
SORBI_3007G067000	0
SORBI_3007G067008	0
SORBI_3007G066900	14.908444
SORBI_3007G066908	1.50512
SORBI_3007G067700	147.680231
SORBI_3007G067800	0.243485
SORBI_3007G067900	1.74043
SORBI_3007G068000	50.74647
SORBI_3007G068100	256.0486
SORBI_3007G068200	15.271808
SORBI_3007G068300	0.072315
SORBI_3007G068500	0.086243
SORBI_3007G068700	0
SORBI_3007G068800	111.517766
SORBI_3007G068900	67.320306
ENSRNA049995889	0
SORBI_3007G069000	0.444209
SORBI_3007G069101	2.786189
SORBI_3007G069200	372.684706
SORBI_3007G069300	0
SORBI_3007G069400	36.711126
SORBI_3007G069450	0
SORBI_3007G069500	0
SORBI_3007G069600	34.655325
SORBI_3007G069700	373.372615
SORBI_3007G069800	0.063756
SORBI_3007G069750	0
SORBI_3007G069900	0
SORBI_3007G070000	2.70671
SORBI_3007G070100	0
SORBI_3007G070200	1.932347
SORBI_3007G070300	4.473267
SORBI_3007G070400	0.724436
SORBI_3007G070500	0.175663
SORBI_3007G070600	0.718427
SORBI_3007G070700	0
SORBI_3007G070900	0
SORBI_3007G071000	5.432614
SORBI_3007G071100	4.409664
SORBI_3007G071200	7.818977
SORBI_3007G071300	8.713534
SORBI_3007G071400	2.633646
SORBI_3007G071500	258.513315
SORBI_3007G071600	0
SORBI_3007G071700	46.895565
SORBI_3007G071800	0
SORBI_3007G071900	234.896311
SORBI_3007G071950	22.356613
SORBI_3007G072000	19.803806
SORBI_3007G072100	3.543018
SORBI_3007G072133	5.9747
SORBI_3007G072166	0
SORBI_3007G072200	0
SORBI_3007G072300	0.456144
SORBI_3007G072400	8.462215
ENSRNA049995883	0
SORBI_3007G072600	2.890599
SORBI_3007G072700	0
SORBI_3007G072800	1.281909
SORBI_3007G072901	0.127487
SORBI_3007G073000	2.12272
SORBI_3007G073100	0
SORBI_3007G073300	0
ENSRNA049440581	0
SORBI_3007G073400	70.921351
SORBI_3007G073500	0
SORBI_3007G073600	19.351314
SORBI_3007G073700	22.665188
SORBI_3007G073750	0
SORBI_3007G073800	0
SORBI_3007G073900	1.874305
SORBI_3007G074000	32.948499
SORBI_3007G074100	0
SORBI_3007G074200	21.016601
SORBI_3007G074300	0
SORBI_3007G074400	40.831595
SORBI_3007G074500	238.198612
SORBI_3007G074600	45.577351
SORBI_3007G074700	1.628752
SORBI_3007G074800	1.123618
SORBI_3007G075100	14.856404
SORBI_3007G075200	25.347803
SORBI_3007G075250	0
SORBI_3007G075301	0
SORBI_3007G075351	0
SORBI_3007G075400	18.198507
ENSRNA049995876	0
SORBI_3007G075500	34.255521
SORBI_3007G075600	0
SORBI_3007G075700	9.562219
SORBI_3007G075750	0
SORBI_3007G075800	10.802929
SORBI_3007G075900	20.100507
SORBI_3007G076000	7.043819
SORBI_3007G076100	0
SORBI_3007G076200	7.775836
SORBI_3007G076250	0
SORBI_3007G076300	66.580711
SORBI_3007G076400	8.642798
SORBI_3007G076500	6.609769
SORBI_3007G076600	0
SORBI_3007G076700	11.203581
SORBI_3007G076800	0.135011
SORBI_3007G076900	14.060334
SORBI_3007G077001	79.226645
SORBI_3007G077100	64.043362
SORBI_3007G077200	37.072832
SORBI_3007G077300	39.643826
SORBI_3007G077400	43.960947
SORBI_3007G077466	1.573522
SORBI_3007G077532	3.625067
SORBI_3007G077600	0
SORBI_3007G077700	8.591961
SORBI_3007G077766	0.227333
SORBI_3007G077832	0.322504
SORBI_3007G077900	26.521962
SORBI_3007G078000	64.982648
SORBI_3007G078100	25.340646
SORBI_3007G078200	0.119165
SORBI_3007G078300	2.240895
SORBI_3007G078400	0
SORBI_3007G078500	25.52953
SORBI_3007G078600	117.648636
SORBI_3007G078700	0
SORBI_3007G078800	3.115299
SORBI_3007G078900	0.343424
SORBI_3007G079000	8.336278
SORBI_3007G079200	3.125431
SORBI_3007G079300	45.490429
SORBI_3007G079400	93.653432
SORBI_3007G079500	0
SORBI_3007G079600	26.021632
SORBI_3007G079700	49.156417
SORBI_3007G079901	0
SORBI_3007G080100	0
SORBI_3007G080150	0
SORBI_3007G080200	0
SORBI_3007G080300	0
SORBI_3007G080500	0.413869
SORBI_3007G080600	1.909428
SORBI_3007G080660	0
SORBI_3007G080720	0
SORBI_3007G080780	0.429662
SORBI_3007G080840	38.220277
SORBI_3007G080900	0.650131
SORBI_3007G081000	0
SORBI_3007G081100	0
SORBI_3007G081200	0
SORBI_3007G081300	4.608621
SORBI_3007G081400	0
SORBI_3007G081500	20.907678
SORBI_3007G081600	0
SORBI_3007G081701	0
SORBI_3007G081800	0
SORBI_3007G081900	4.396033
SORBI_3007G082000	0.118153
SORBI_3007G082100	0
SORBI_3007G082200	0.200993
SORBI_3007G082300	0
SORBI_3007G082500	0
SORBI_3007G082700	0
SORBI_3007G082900	0
SORBI_3007G083000	0
SORBI_3007G083200	0
SORBI_3007G083100	4.008728
SORBI_3007G083300	0
SORBI_3007G083400	0
SORBI_3007G083500	0
SORBI_3007G083700	0.844915
SORBI_3007G083800	91.325072
SORBI_3007G083900	0
SORBI_3007G084100	8.020845
SORBI_3007G084200	4.818716
SORBI_3007G084300	46.631179
SORBI_3007G084400	0
SORBI_3007G084650	0.256222
SORBI_3007G084600	0
SORBI_3007G084700	0
SORBI_3007G084800	0
SORBI_3007G084900	0
SORBI_3007G085001	255.174582
SORBI_3007G085100	0
SORBI_3007G085000	491.661422
SORBI_3007G085300	21.649865
SORBI_3007G085350	0.360518
SORBI_3007G085400	0.06708
SORBI_3007G085500	0
SORBI_3007G085600	0.540979
SORBI_3007G085700	1.84443
SORBI_3007G085800	2.605552
SORBI_3007G085900	0
SORBI_3007G085966	3.961003
SORBI_3007G086032	0
SORBI_3007G086100	0
SORBI_3007G086200	0
SORBI_3007G086300	0
SORBI_3007G086400	0
SORBI_3007G086500	47.584883
SORBI_3007G086600	44.753985
SORBI_3007G086701	0
SORBI_3007G086800	22.949603
SORBI_3007G086900	10.925006
SORBI_3007G087000	93.83352
SORBI_3007G087100	16.39618
SORBI_3007G087200	15.337364
SORBI_3007G087300	0
SORBI_3007G087400	0.422103
SORBI_3007G087500	0
SORBI_3007G087600	0
SORBI_3007G087700	0
SORBI_3007G087800	14.061538
SORBI_3007G087900	2.504861
SORBI_3007G088000	886.20825
SORBI_3007G088200	17.510588
SORBI_3007G088100	38.293741
SORBI_3007G088300	0.13604
SORBI_3007G088400	0.244207
SORBI_3007G088500	4.202567
SORBI_3007G088600	0.141267
SORBI_3007G088700	0
SORBI_3007G088800	2.010332
SORBI_3007G088900	13.383234
SORBI_3007G089101	0
SORBI_3007G089300	0.251496
SORBI_3007G089400	0.167144
SORBI_3007G089500	3.123948
SORBI_3007G089533	0
SORBI_3007G089600	4.770317
SORBI_3007G089566	0
SORBI_3007G089700	0
SORBI_3007G089800	13.825857
SORBI_3007G089900	3.300196
SORBI_3007G090001	2.32683
SORBI_3007G090100	0
SORBI_3007G090200	3.419463
SORBI_3007G090300	38.831587
SORBI_3007G090400	23.118694
SORBI_3007G090403	2.328955
SORBI_3007G090406	0
SORBI_3007G090409	0.597601
SORBI_3007G090412	0
SORBI_3007G090415	0
SORBI_3007G090418	0
SORBI_3007G090421	0
SORBI_3007G090424	0
SORBI_3007G090427	21.983417
SORBI_3007G090430	24.228528
SORBI_3007G090433	0
SORBI_3007G090436	54.548887
SORBI_3007G090439	0
SORBI_3007G090442	0.230749
SORBI_3007G090445	5.706412
SORBI_3007G090448	14.987839
SORBI_3007G090451	4.902514
SORBI_3007G090454	2.910483
SORBI_3007G090457	0
SORBI_3007G090460	1.179877
SORBI_3007G090463	248.014128
SORBI_3007G090466	0.252182
SORBI_3007G090469	0.39986
SORBI_3007G090472	24.423758
SORBI_3007G090475	0.994112
SORBI_3007G090537	11.111551
SORBI_3007G090600	0
SORBI_3007G090701	1.456081
SORBI_3007G090800	0
SORBI_3007G090900	32.941326
SORBI_3007G091000	27.150901
SORBI_3007G091100	0.863872
SORBI_3007G091200	0
SORBI_3007G091301	0.196245
SORBI_3007G091400	2.058683
SORBI_3007G091500	2.399703
SORBI_3007G091600	87.886944
SORBI_3007G091800	0
SORBI_3007G091900	5.817084
SORBI_3007G092000	33.879201
SORBI_3007G092100	61.104411
SORBI_3007G092200	27.227541
SORBI_3007G092300	0
SORBI_3007G092400	3.722272
SORBI_3007G092450	0
SORBI_3007G092500	26.238231
SORBI_3007G092600	25.642114
SORBI_3007G092700	9.715097
SORBI_3007G092900	5.302473
SORBI_3007G093000	6.931628
SORBI_3007G093100	0
SORBI_3007G093201	0
SORBI_3007G093300	0
SORBI_3007G093400	0
SORBI_3007G093500	0
SORBI_3007G093800	242.070409
SORBI_3007G093900	5.920437
SORBI_3007G094000	0
SORBI_3007G094050	0.703953
ENSRNA049995871	0
SORBI_3007G094100	0
SORBI_3007G094200	0
SORBI_3007G094300	1.526522
SORBI_3007G094400	41.241378
SORBI_3007G094500	1.049452
SORBI_3007G094600	0
SORBI_3007G094700	1.8473
SORBI_3007G094801	36.526831
SORBI_3007G094900	2.33625
SORBI_3007G095000	0
SORBI_3007G095100	0.19709
SORBI_3007G095200	23.167085
SORBI_3007G095300	0.215252
SORBI_3007G095333	0
SORBI_3007G095366	0
SORBI_3007G095400	27.890398
SORBI_3007G095500	16.735401
SORBI_3007G095600	0.207462
SORBI_3007G095700	0
SORBI_3007G095850	0
SORBI_3007G096000	24.510677
SORBI_3007G096200	9.868197
SORBI_3007G096401	4.952781
SORBI_3007G096600	34.188297
SORBI_3007G096700	118.508509
SORBI_3007G096800	17.109526
SORBI_3007G096833	0
SORBI_3007G096866	0
SORBI_3007G096900	0
SORBI_3007G097000	0
SORBI_3007G097100	0.167846
SORBI_3007G097201	0
SORBI_3007G097300	0.730945
SORBI_3007G097400	21.616779
SORBI_3007G097550	0.065561
SORBI_3007G097700	3.75798
SORBI_3007G097800	10.17539
SORBI_3007G097900	18.095924
SORBI_3007G098000	0
SORBI_3007G098050	0
SORBI_3007G098100	13.525932
SORBI_3007G098200	10.817098
SORBI_3007G098400	4.469625
ENSRNA049440638	0
SORBI_3007G098500	50.411436
SORBI_3007G098600	0
SORBI_3007G098800	10.214743
SORBI_3007G098900	0
SORBI_3007G098950	0.318975
SORBI_3007G099000	18.375363
SORBI_3007G099100	5.675029
SORBI_3007G099133	0
SORBI_3007G099166	0
SORBI_3007G099200	64.675603
SORBI_3007G099300	0
SORBI_3007G099400	3.331475
SORBI_3007G099500	0.179198
SORBI_3007G099700	0
SORBI_3007G099800	0
SORBI_3007G099900	13.948097
SORBI_3007G099966	0.159869
SORBI_3007G100032	16.700039
SORBI_3007G100100	49.762771
SORBI_3007G100200	0
SORBI_3007G100275	0
SORBI_3007G100350	16.932213
SORBI_3007G100425	9.53145
SORBI_3007G100500	5.225312
SORBI_3007G100600	0
SORBI_3007G100700	1.176207
SORBI_3007G100800	0
SORBI_3007G100900	0.198925
SORBI_3007G101000	0
SORBI_3007G101100	0.341118
SORBI_3007G101150	0
SORBI_3007G101200	0
SORBI_3007G101300	24.545121
SORBI_3007G101401	0
SORBI_3007G101500	65.061532
SORBI_3007G101600	0.20962
SORBI_3007G101800	37.771179
SORBI_3007G101900	0
SORBI_3007G102000	0.945212
SORBI_3007G102150	0.198542
SORBI_3007G102300	10.271541
SORBI_3007G102400	0
SORBI_3007G102500	0.767862
SORBI_3007G102600	3.123137
SORBI_3007G102700	49.277132
SORBI_3007G102800	10.6487
SORBI_3007G102900	0
SORBI_3007G103000	0
SORBI_3007G103100	21.407134
SORBI_3007G103200	0
SORBI_3007G103300	0
SORBI_3007G103350	0
SORBI_3007G103400	13.536621
SORBI_3007G103500	2.71322
SORBI_3007G103600	42.39011
SORBI_3007G103666	1.939442
SORBI_3007G103732	0
SORBI_3007G103800	0
SORBI_3007G104000	0
SORBI_3007G104100	0
SORBI_3007G104201	0
SORBI_3007G104300	0
SORBI_3007G104450	0
SORBI_3007G104600	0
SORBI_3007G104800	49.481049
SORBI_3007G104866	0
SORBI_3007G104932	0
SORBI_3007G105000	8.295225
SORBI_3007G105100	37.791248
SORBI_3007G105200	0
SORBI_3007G105400	28.705278
SORBI_3007G105500	21.733057
SORBI_3007G105600	0.302093
SORBI_3007G105700	7.940863
SORBI_3007G105800	0.239971
SORBI_3007G105900	61.473699
SORBI_3007G106050	5.753393
SORBI_3007G106200	0
ENSRNA049440673	0
SORBI_3007G106300	0.407461
SORBI_3007G106400	265.350615
SORBI_3007G106500	2.085622
SORBI_3007G106600	0
SORBI_3007G106700	17.078996
SORBI_3007G106800	14.690774
SORBI_3007G106850	0
SORBI_3007G106900	6.924175
SORBI_3007G107000	4.089002
SORBI_3007G107100	18.936448
SORBI_3007G107200	0
SORBI_3007G107400	0
SORBI_3007G107500	0
SORBI_3007G107600	0.666178
SORBI_3007G107700	22.141534
SORBI_3007G107800	2.173686
SORBI_3007G107850	5.745168
SORBI_3007G107900	1.912457
SORBI_3007G107950	0
SORBI_3007G108000	0
SORBI_3007G108100	350.893881
SORBI_3007G108200	0
SORBI_3007G108400	27.634879
SORBI_3007G108500	47.14603
SORBI_3007G108600	0
SORBI_3007G108700	0.382048
SORBI_3007G108800	1.506871
SORBI_3007G108900	69.520966
SORBI_3007G109000	0
SORBI_3007G109200	0
SORBI_3007G109301	0.344352
SORBI_3007G109400	0
SORBI_3007G109500	0
SORBI_3007G109600	0
SORBI_3007G109700	1.924554
SORBI_3007G109800	2.987474
SORBI_3007G109900	3.530074
SORBI_3007G110200	32.673598
SORBI_3007G110300	0.166655
SORBI_3007G110333	0
SORBI_3007G110366	0
SORBI_3007G110400	0
SORBI_3007G110500	0
SORBI_3007G110600	0
SORBI_3007G110700	2.511164
SORBI_3007G110800	0
SORBI_3007G110900	0
SORBI_3007G111001	0
SORBI_3007G111100	82.430456
SORBI_3007G111150	0
SORBI_3007G111200	5.368543
SORBI_3007G111300	65.309211
SORBI_3007G111400	10.228738
SORBI_3007G111500	5.678694
SORBI_3007G111600	15.360559
SORBI_3007G111700	0
SORBI_3007G111800	0
SORBI_3007G111901	0.108365
SORBI_3007G112000	42.637323
SORBI_3007G112100	21.077559
SORBI_3007G112200	40.793202
SORBI_3007G112301	0
SORBI_3007G112400	0.072577
SORBI_3007G112450	0
SORBI_3007G112500	0
SORBI_3007G112600	161.84796
SORBI_3007G112700	9.636889
SORBI_3007G112766	26.313154
SORBI_3007G112832	0.311508
SORBI_3007G112900	2.931056
SORBI_3007G113000	0
SORBI_3007G113101	0.195376
SORBI_3007G113200	0
SORBI_3007G113300	16.331892
SORBI_3007G113400	0.431386
SORBI_3007G113500	3.356592
SORBI_3007G113533	0
SORBI_3007G113566	0
SORBI_3007G113600	9.629632
SORBI_3007G113800	40.217469
SORBI_3007G113900	24.134779
SORBI_3007G113950	0
SORBI_3007G114000	51.790504
SORBI_3007G114100	1.53935
SORBI_3007G114200	179.818866
SORBI_3007G114301	0
SORBI_3007G114401	0
SORBI_3007G114500	47.575798
SORBI_3007G114600	17.758652
SORBI_3007G114650	0.959494
SORBI_3007G114700	1.35018
SORBI_3007G115000	0
SORBI_3007G115050	0
SORBI_3007G115100	15.030137
SORBI_3007G115200	39.136345
SORBI_3007G115300	0.69869
SORBI_3007G115400	0
SORBI_3007G115500	0.144884
SORBI_3007G115600	0
SORBI_3007G115700	0
SORBI_3007G115801	35.854032
SORBI_3007G115900	20.393179
SORBI_3007G116000	0
SORBI_3007G116100	29.525231
SORBI_3007G116150	0
SORBI_3007G116200	22.684106
SORBI_3007G116300	0
SORBI_3007G116400	13.066167
SORBI_3007G116500	15.001865
SORBI_3007G116600	12.759519
SORBI_3007G116700	9.392405
SORBI_3007G116733	0
SORBI_3007G116766	0
SORBI_3007G116800	0.299724
SORBI_3007G116950	11.459279
SORBI_3007G117100	15.088589
SORBI_3007G117200	6.366802
SORBI_3007G117400	47.479044
SORBI_3007G117500	22.560052
SORBI_3007G117700	0.08875
SORBI_3007G117800	49.767957
SORBI_3007G117900	0
SORBI_3007G118000	22.538693
SORBI_3007G118025	0
SORBI_3007G118050	0
SORBI_3007G118075	2.124308
SORBI_3007G118100	3.350554
SORBI_3007G118200	64.816948
SORBI_3007G118301	59.609764
SORBI_3007G118400	52.362633
SORBI_3007G118500	20.418934
SORBI_3007G118600	28.160649
SORBI_3007G118700	0
SORBI_3007G118800	0
SORBI_3007G119000	0.237325
SORBI_3007G119101	1.579601
SORBI_3007G119200	51.173926
ENSRNA049440702	0
SORBI_3007G119300	0
SORBI_3007G119400	2.584828
SORBI_3007G119500	3.140202
SORBI_3007G119600	46.997151
SORBI_3007G119700	1.891598
SORBI_3007G119750	0
SORBI_3007G119800	46.662847
SORBI_3007G119900	36.743682
SORBI_3007G120000	3.967796
SORBI_3007G120100	0.047783
SORBI_3007G120200	0.520979
SORBI_3007G120301	0
SORBI_3007G120401	1591.819461
SORBI_3007G120500	55.478832
SORBI_3007G120600	0
SORBI_3007G120650	0
SORBI_3007G120700	0
SORBI_3007G120800	66.277246
SORBI_3007G121000	0.453348
SORBI_3007G121200	0
SORBI_3007G121300	53.732554
SORBI_3007G121400	0
SORBI_3007G121600	35.296411
SORBI_3007G121650	19.573861
SORBI_3007G121700	0.90357
SORBI_3007G121800	0
SORBI_3007G121900	0
SORBI_3007G121950	0
SORBI_3007G122000	0
SORBI_3007G122200	4.631071
SORBI_3007G122300	0.686375
SORBI_3007G122400	0
SORBI_3007G122500	257.461433
SORBI_3007G122600	0
SORBI_3007G122700	5.435804
SORBI_3007G122800	66.800751
SORBI_3007G122866	0.696628
SORBI_3007G122932	0
SORBI_3007G123000	0
SORBI_3007G123100	0.642947
ENSRNA049441196	0
SORBI_3007G123200	0
SORBI_3007G123300	2.294711
SORBI_3007G123350	0
SORBI_3007G123400	18.20858
SORBI_3007G123500	35.024589
SORBI_3007G123600	6.445373
ENSRNA049440721	0
SORBI_3007G123700	0.773532
SORBI_3007G123800	18.870352
SORBI_3007G123850	0.041573
SORBI_3007G123900	73.921741
SORBI_3007G124000	2.250796
SORBI_3007G124100	74.815006
SORBI_3007G124200	13.513742
SORBI_3007G124301	0.773351
SORBI_3007G124400	3.486809
SORBI_3007G124500	58.621187
SORBI_3007G124600	0
SORBI_3007G124800	3.105827
SORBI_3007G124700	0
SORBI_3007G124900	0
SORBI_3007G125000	70.360348
SORBI_3007G125100	4.554426
SORBI_3007G125200	0
SORBI_3007G125300	0
SORBI_3007G125400	11.06247
SORBI_3007G125500	7.074898
SORBI_3007G125600	0.623369
SORBI_3007G125700	25.718183
SORBI_3007G125800	0
SORBI_3007G125900	29.344039
SORBI_3007G126000	0
SORBI_3007G126100	4.087962
SORBI_3007G126150	0
SORBI_3007G126200	91.161798
SORBI_3007G126300	3.369656
SORBI_3007G126400	120.286782
SORBI_3007G126500	24.302759
SORBI_3007G126600	67.445285
SORBI_3007G126800	3.121456
SORBI_3007G126900	17.679432
SORBI_3007G127000	1.206783
SORBI_3007G127100	22.476689
SORBI_3007G127200	1.063256
SORBI_3007G127400	0.551196
SORBI_3007G127500	0
SORBI_3007G127550	0
SORBI_3007G127600	0.12666
SORBI_3007G127700	0
SORBI_3007G127800	0
SORBI_3007G127900	0
SORBI_3007G127950	9.510229
SORBI_3007G128000	0
SORBI_3007G128100	5.745762
SORBI_3007G128200	0.072126
SORBI_3007G128300	0.273399
SORBI_3007G128400	0.115237
SORBI_3007G128500	30.340416
SORBI_3007G128600	1.307138
SORBI_3007G128800	0
SORBI_3007G128900	5.692749
SORBI_3007G129000	0.344432
SORBI_3007G129100	1.11437
SORBI_3007G129201	1.933031
SORBI_3007G129300	0
SORBI_3007G129401	0
SORBI_3007G129500	0
SORBI_3007G129800	0
SORBI_3007G129900	1.154846
SORBI_3007G130000	0
SORBI_3007G130100	2.029842
SORBI_3007G130200	0.35955
SORBI_3007G130300	15.2138
SORBI_3007G130400	16.419488
SORBI_3007G130500	2.265156
SORBI_3007G130600	46.519171
SORBI_3007G130701	0.710612
SORBI_3007G130800	119.204276
SORBI_3007G130900	0.487438
SORBI_3007G131000	0
SORBI_3007G131100	0
SORBI_3007G131200	8.483841
SORBI_3007G131300	0
SORBI_3007G131500	0
SORBI_3007G131600	0.407624
SORBI_3007G131700	5.989139
SORBI_3007G131800	3.585144
SORBI_3007G131900	29.350048
SORBI_3007G131950	0
SORBI_3007G132000	0
SORBI_3007G132100	29.767316
SORBI_3007G132200	10.043678
SORBI_3007G132300	0.239768
SORBI_3007G132400	36.413589
SORBI_3007G132500	3.113313
SORBI_3007G132600	0.654037
SORBI_3007G132650	0
SORBI_3007G132700	121.557165
SORBI_3007G132900	9.443671
SORBI_3007G132950	0
SORBI_3007G133000	3.064037
SORBI_3007G133100	0
SORBI_3007G133250	0
SORBI_3007G133400	0.259068
SORBI_3007G133500	0
SORBI_3007G133600	0.147534
SORBI_3007G133700	11.435309
SORBI_3007G133733	0
SORBI_3007G133766	0.193266
SORBI_3007G133800	0.408277
SORBI_3007G133850	0
SORBI_3007G133900	0
SORBI_3007G134000	1348.038064
SORBI_3007G134100	5.311783
SORBI_3007G134140	0
SORBI_3007G134180	0
SORBI_3007G134220	0
SORBI_3007G134260	0
SORBI_3007G134300	4.437897
SORBI_3007G134400	47.053447
SORBI_3007G134501	0.539644
SORBI_3007G134600	107.445693
SORBI_3007G134650	0
SORBI_3007G134700	0
SORBI_3007G134800	23.553392
SORBI_3007G134900	44.449272
SORBI_3007G135000	6.035819
SORBI_3007G135100	0.862487
SORBI_3007G135201	0.125784
SORBI_3007G135301	0
SORBI_3007G135400	0
SORBI_3007G135500	1.59499
SORBI_3007G135700	0
SORBI_3007G135800	57.434654
SORBI_3007G135900	3.579083
SORBI_3007G136000	0
SORBI_3007G136100	72.131383
SORBI_3007G136200	21.849685
SORBI_3007G136300	0
SORBI_3007G136400	0.709914
SORBI_3007G136500	0.922502
SORBI_3007G136600	3.596964
SORBI_3007G136700	72.527215
SORBI_3007G136800	58.593421
SORBI_3007G136900	82.033776
SORBI_3007G137100	0
SORBI_3007G137000	5.974475
SORBI_3007G137101	0
SORBI_3007G137201	0.378129
SORBI_3007G137300	7.778437
SORBI_3007G137350	17.973878
SORBI_3007G137400	266.230702
SORBI_3007G137501	0.126001
SORBI_3007G137600	113.991493
SORBI_3007G137700	2.769255
SORBI_3007G137750	0
SORBI_3007G137800	1.848052
SORBI_3007G137900	28.216957
SORBI_3007G138000	4.553584
SORBI_3007G138100	0.711387
SORBI_3007G138200	0
SORBI_3007G138300	5.47856
SORBI_3007G138401	0
SORBI_3007G138501	0
SORBI_3007G138600	1.267803
SORBI_3007G138700	342.028214
SORBI_3007G138800	0
SORBI_3007G138900	0
SORBI_3007G139000	1.124941
SORBI_3007G139100	0
SORBI_3007G139200	1.190838
SORBI_3007G139300	0
SORBI_3007G139400	2.137852
SORBI_3007G139500	6.964811
SORBI_3007G139600	22.010962
SORBI_3007G139650	0
SORBI_3007G139700	84.537982
SORBI_3007G139800	0
SORBI_3007G139850	0
SORBI_3007G139900	39.315465
SORBI_3007G139950	0
SORBI_3007G140000	2.675842
SORBI_3007G140050	0
SORBI_3007G140100	3.363879
SORBI_3007G140200	44.887007
SORBI_3007G140300	4.400495
SORBI_3007G140400	4.204853
SORBI_3007G140500	18.908719
SORBI_3007G140600	89.995172
SORBI_3007G140700	166.137619
SORBI_3007G140800	49.233387
SORBI_3007G140900	171.969605
SORBI_3007G141001	0.133963
ENSRNA049995859	0
SORBI_3007G141100	12.934805
SORBI_3007G141200	47.141633
SORBI_3007G141300	0
SORBI_3007G141340	0
SORBI_3007G141380	0
SORBI_3007G141420	0
SORBI_3007G141460	0
SORBI_3007G141500	0.286631
SORBI_3007G141600	0.880295
SORBI_3007G141650	0
SORBI_3007G141700	2.98391
SORBI_3007G141801	0.516276
SORBI_3007G141900	0.432769
SORBI_3007G142000	0
SORBI_3007G142050	16.023426
SORBI_3007G142100	0.321478
SORBI_3007G142200	38.587398
SORBI_3007G142300	0.17142
SORBI_3007G142400	1.36186
SORBI_3007G142500	15.823879
SORBI_3007G142600	0.743689
SORBI_3007G142700	1.303147
SORBI_3007G142801	0
SORBI_3007G142900	0.295329
SORBI_3007G143000	48.758962
SORBI_3007G143100	1.258422
SORBI_3007G143200	0.376793
SORBI_3007G143250	6.455336
SORBI_3007G143300	23.063115
SORBI_3007G143400	43.901181
SORBI_3007G143500	208.644012
SORBI_3007G143600	0
SORBI_3007G143700	14.034278
SORBI_3007G143800	12.892142
SORBI_3007G143900	2.075059
SORBI_3007G144000	0.103524
SORBI_3007G144100	0.322867
SORBI_3007G144200	5.741276
SORBI_3007G144300	2.156483
ENSRNA049475647	0
SORBI_3007G144400	0
SORBI_3007G144501	0.598951
SORBI_3007G144600	14.687906
SORBI_3007G144700	0.710135
SORBI_3007G144900	0.738094
SORBI_3007G145000	23.709685
SORBI_3007G145100	36.552744
SORBI_3007G145200	104.230809
SORBI_3007G145300	0
SORBI_3007G145400	11.624766
SORBI_3007G145500	0
SORBI_3007G145600	17.193803
SORBI_3007G145700	71.416554
SORBI_3007G145801	2.434736
SORBI_3007G145901	0.709449
SORBI_3007G146001	0
SORBI_3007G146100	18.850887
SORBI_3007G146200	0
SORBI_3007G146300	0
SORBI_3007G146350	2.234019
SORBI_3007G146400	63.515025
SORBI_3007G146500	0
SORBI_3007G146600	39.325562
SORBI_3007G146700	20.94487
SORBI_3007G146800	0
SORBI_3007G146900	21.103346
SORBI_3007G147000	0
SORBI_3007G147101	0.070736
SORBI_3007G147200	0.091264
SORBI_3007G147300	0
SORBI_3007G147400	6.635602
SORBI_3007G147600	2.305918
SORBI_3007G147700	28.158259
SORBI_3007G147800	0.193843
SORBI_3007G147901	4.758602
SORBI_3007G148000	1.285625
SORBI_3007G148100	2.109878
SORBI_3007G148200	48.324932
ENSRNA049440906	0
SORBI_3007G148233	0
SORBI_3007G148266	1.14846
SORBI_3007G148300	15.689472
SORBI_3007G148400	26.639142
SORBI_3007G148500	0
SORBI_3007G148600	0.99838
SORBI_3007G148700	8.988644
SORBI_3007G148800	56.631522
SORBI_3007G148900	0
SORBI_3007G149000	0
SORBI_3007G149200	0.755551
SORBI_3007G149300	11.341936
SORBI_3007G149400	7.754795
SORBI_3007G149500	4.539452
SORBI_3007G149550	3.330483
SORBI_3007G149600	1.687156
SORBI_3007G149700	0.187413
SORBI_3007G149750	0
SORBI_3007G149800	4.139462
SORBI_3007G149900	19.532259
SORBI_3007G149950	0.196323
SORBI_3007G150000	50.819489
SORBI_3007G150100	27.524034
SORBI_3007G150200	16.279478
SORBI_3007G150500	0
SORBI_3007G150700	4.716848
SORBI_3007G150800	16.202258
SORBI_3007G150900	0
SORBI_3007G151100	82.961622
SORBI_3007G151200	0
SORBI_3007G151250	0
SORBI_3007G151300	7.947899
SORBI_3007G151400	7.252752
SORBI_3007G151500	1.231507
SORBI_3007G151600	0.32738
SORBI_3007G151650	0
SORBI_3007G151700	0
SORBI_3007G151800	0
SORBI_3007G151900	3.06716
SORBI_3007G152000	14.771334
SORBI_3007G152101	17.017154
SORBI_3007G152200	0
SORBI_3007G152300	0
SORBI_3007G152400	110.782684
SORBI_3007G152500	0.172481
SORBI_3007G152600	2.052006
SORBI_3007G152701	0
SORBI_3007G152800	419.220461
SORBI_3007G152900	0.449149
SORBI_3007G153001	2.987296
SORBI_3007G153100	0
SORBI_3007G153200	0
SORBI_3007G153300	0
SORBI_3007G153400	0.494037
SORBI_3007G153500	25.47253
SORBI_3007G153600	0.828655
SORBI_3007G153700	8.354956
SORBI_3007G153800	0.224362
SORBI_3007G153900	170.348696
SORBI_3007G154001	0
SORBI_3007G154100	0
SORBI_3007G154200	0.519971
SORBI_3007G154300	1.681777
SORBI_3007G154350	1.688362
SORBI_3007G154400	0.612228
SORBI_3007G154500	0.3958
SORBI_3007G154600	1.034834
SORBI_3007G154701	9.637519
SORBI_3007G154800	6.218779
SORBI_3007G154901	0
SORBI_3007G155000	83.184955
SORBI_3007G155050	0
SORBI_3007G155100	3.307159
SORBI_3007G155200	2.288811
SORBI_3007G155300	0.43526
ENSRNA049475729	0
SORBI_3007G155400	4.313988
SORBI_3007G155500	2.074412
SORBI_3007G155600	8.317193
SORBI_3007G155700	16.461732
SORBI_3007G155900	12.194945
SORBI_3007G155950	0
SORBI_3007G156000	0
SORBI_3007G156101	1.016651
SORBI_3007G156200	20.391178
SORBI_3007G156300	0.838158
SORBI_3007G156400	0
SORBI_3007G156500	0
SORBI_3007G156600	5.470175
SORBI_3007G156700	486.102801
SORBI_3007G156800	0
SORBI_3007G156900	0
SORBI_3007G157000	39.702196
SORBI_3007G157100	0
SORBI_3007G157200	0
SORBI_3007G157300	14.733335
SORBI_3007G157400	1.736767
SORBI_3007G157500	2.006079
SORBI_3007G157550	0.683284
SORBI_3007G157600	0
SORBI_3007G157700	1.929682
SORBI_3007G157800	0
SORBI_3007G157900	16.019278
SORBI_3007G158000	0
SORBI_3007G158100	42.159543
SORBI_3007G158200	0.379465
SORBI_3007G158300	34.216853
SORBI_3007G158400	0
SORBI_3007G158500	8.092113
SORBI_3007G158600	54.088057
SORBI_3007G158700	0.374079
SORBI_3007G158800	20.155405
SORBI_3007G158900	19.220972
SORBI_3007G159000	1.756718
SORBI_3007G159100	0
SORBI_3007G159200	39.075192
SORBI_3007G159300	0
SORBI_3007G159450	6.419508
SORBI_3007G159600	5.265757
SORBI_3007G159650	0.773751
SORBI_3007G159500	25.229981
SORBI_3007G159700	385.442591
SORBI_3007G159800	0
SORBI_3007G159900	69.189675
SORBI_3007G160050	2.102674
SORBI_3007G160200	846.609331
SORBI_3007G160300	0
SORBI_3007G160400	0
SORBI_3007G160501	0
SORBI_3007G160600	19.490506
SORBI_3007G160700	20.442533
SORBI_3007G160900	0
SORBI_3007G161000	133.348705
SORBI_3007G161100	0
SORBI_3007G161200	212.057809
SORBI_3007G161300	29.425594
SORBI_3007G161400	54.826077
SORBI_3007G161450	0
SORBI_3007G161500	9.482937
SORBI_3007G161600	3.98787
SORBI_3007G161700	46.426868
SORBI_3007G161800	21.73674
SORBI_3007G162000	0
SORBI_3007G162100	30.86973
SORBI_3007G162200	0.139395
SORBI_3007G162250	13.360204
SORBI_3007G162300	48.00687
SORBI_3007G162400	0
SORBI_3007G162500	11.341176
SORBI_3007G162600	21.44469
SORBI_3007G162700	0
SORBI_3007G162800	87.253434
SORBI_3007G162901	0
SORBI_3007G163001	5.254111
SORBI_3007G163100	76.581088
SORBI_3007G163200	0
SORBI_3007G163300	0
SORBI_3007G163400	0
SORBI_3007G163433	0
SORBI_3007G163466	0
SORBI_3007G163500	0.483043
SORBI_3007G163600	3.714691
SORBI_3007G163700	65.767699
SORBI_3007G163800	3.942332
SORBI_3007G163901	9.430656
SORBI_3007G164000	59.209903
SORBI_3007G164050	0.177853
SORBI_3007G164101	0.322761
SORBI_3007G164151	0
SORBI_3007G164200	18.906355
SORBI_3007G164300	14.817517
SORBI_3007G164400	0.302701
SORBI_3007G164500	15.840071
SORBI_3007G164600	0
SORBI_3007G164750	19.976087
SORBI_3007G164900	0
SORBI_3007G165000	4.52733
SORBI_3007G165100	0
SORBI_3007G165200	0
SORBI_3007G165300	38.804467
SORBI_3007G165400	0.598895
SORBI_3007G165500	8.105788
SORBI_3007G165600	124.726508
SORBI_3007G165701	55.116592
SORBI_3007G165800	0
SORBI_3007G165900	16.218328
SORBI_3007G166000	0.064479
SORBI_3007G166100	47.610112
SORBI_3007G166200	19.864786
SORBI_3007G166300	92.808888
SORBI_3007G166400	16.567455
SORBI_3007G166500	0
SORBI_3007G166600	116.807809
SORBI_3007G166701	1.637273
SORBI_3007G166800	8.421105
SORBI_3007G166900	23.761777
SORBI_3007G167000	0
SORBI_3007G167100	11.910162
SORBI_3007G167200	22.645887
SORBI_3007G167300	0.030344
SORBI_3007G167400	1.192064
SORBI_3007G167500	23.134129
SORBI_3007G167600	0
SORBI_3007G167700	9.529256
SORBI_3007G167800	31.824485
SORBI_3007G167900	26.554996
SORBI_3007G167950	0
SORBI_3007G168000	0
SORBI_3007G168100	16.972285
SORBI_3007G168200	118.873508
SORBI_3007G168300	51.012783
SORBI_3007G168400	41.851437
SORBI_3007G168500	79.55632
SORBI_3007G168600	68.617928
ENSRNA049440959	0
SORBI_3007G168700	0.666965
SORBI_3007G168800	0
SORBI_3007G168900	0.418394
SORBI_3007G169000	3.402581
SORBI_3007G169100	78.816295
SORBI_3007G169200	266.982395
SORBI_3007G169300	12.786477
SORBI_3007G169500	14.791564
SORBI_3007G169533	1567.47643
SORBI_3007G169566	0
SORBI_3007G169600	112.153564
SORBI_3007G169700	55.573408
SORBI_3007G169900	1.386586
SORBI_3007G170000	0
SORBI_3007G170100	0.168682
SORBI_3007G170200	0.080204
SORBI_3007G170300	0.827192
SORBI_3007G170400	0
SORBI_3007G170500	0
SORBI_3007G170700	0.092018
SORBI_3007G170800	0
SORBI_3007G170900	163.399904
SORBI_3007G171000	166.961152
SORBI_3007G171100	30.044099
SORBI_3007G171200	72.106587
SORBI_3007G171300	1.028311
SORBI_3007G171400	115.579607
SORBI_3007G171500	201.08897
SORBI_3007G171600	0.360103
SORBI_3007G171700	0
SORBI_3007G171800	60.0756
SORBI_3007G171950	28.584359
SORBI_3007G172100	0
SORBI_3007G172200	23.476841
SORBI_3007G172300	164.294384
SORBI_3007G172400	18.636516
SORBI_3007G172500	17.849261
SORBI_3007G172600	3.297341
ENSRNA049441138	0
SORBI_3007G172700	19.284032
SORBI_3007G172800	0
SORBI_3007G172900	0
SORBI_3007G173000	64.013449
SORBI_3007G173100	0.253947
SORBI_3007G173150	0
SORBI_3007G173200	8.775128
SORBI_3007G173300	2.684715
SORBI_3007G173400	0
SORBI_3007G173500	13.445091
SORBI_3007G173700	39.104454
SORBI_3007G173800	17.355417
SORBI_3007G173901	0
SORBI_3007G174000	0
SORBI_3007G174100	0
SORBI_3007G174200	0
SORBI_3007G174300	0.904869
SORBI_3007G174500	0
SORBI_3007G174600	6.988748
SORBI_3007G174701	0
SORBI_3007G174800	0.08578
SORBI_3007G174900	6.108428
SORBI_3007G175000	0
SORBI_3007G175100	0
SORBI_3007G175200	8.404772
SORBI_3007G175300	0
SORBI_3007G175400	0
SORBI_3007G175500	0
SORBI_3007G175600	0
SORBI_3007G175701	0
ENSRNA049481741	0
SORBI_3007G175800	0.310118
SORBI_3007G175900	43.388558
SORBI_3007G176000	6.894536
SORBI_3007G176100	0.793429
SORBI_3007G176200	94.406776
SORBI_3007G176300	0
SORBI_3007G176400	0
ENSRNA049440979	0
SORBI_3007G176500	1.440053
SORBI_3007G176600	1.541883
SORBI_3007G176700	0
SORBI_3007G176800	208.849582
ENSRNA049440998	0
SORBI_3007G176900	1.823103
SORBI_3007G177000	164.839645
SORBI_3007G177100	32.92665
SORBI_3007G177150	0
SORBI_3007G177200	42.472172
SORBI_3007G177300	64.551983
SORBI_3007G177400	0
SORBI_3007G177500	13.706872
SORBI_3007G177600	0.599456
SORBI_3007G177700	1.888021
SORBI_3007G177801	1.736846
SORBI_3007G177901	0.526867
SORBI_3007G178000	30.623228
SORBI_3007G178100	10.380903
SORBI_3007G178200	194.384002
SORBI_3007G178300	1.94762
SORBI_3007G178401	0.541543
SORBI_3007G178500	76.985041
SORBI_3007G178600	911.369352
SORBI_3007G178700	44.313076
SORBI_3007G178900	3.978552
ENSRNA049995851	0
SORBI_3007G179000	0
SORBI_3007G179100	0
SORBI_3007G179200	6.642941
SORBI_3007G179266	0
SORBI_3007G179332	38.250676
SORBI_3007G179400	0.282044
SORBI_3007G179500	1.035446
SORBI_3007G179600	1.950237
SORBI_3007G179700	0
SORBI_3007G179750	12.597425
SORBI_3007G179800	36.647281
SORBI_3007G179900	26.795461
SORBI_3007G180000	39.012874
SORBI_3007G180050	0
SORBI_3007G180100	51.273484
SORBI_3007G180200	0
SORBI_3007G180300	1.098107
SORBI_3007G180450	22.27047
SORBI_3007G180600	60.197527
SORBI_3007G180700	0
SORBI_3007G180800	0
SORBI_3007G180900	273.215336
SORBI_3007G181000	0
SORBI_3007G181100	0.040272
SORBI_3007G181300	5.211988
SORBI_3007G181400	11.226015
SORBI_3007G181500	6.893911
SORBI_3007G181600	23.77882
SORBI_3007G181701	0.883113
SORBI_3007G181801	0
SORBI_3007G181900	22.895275
SORBI_3007G182000	13.383191
SORBI_3007G182101	83.137658
SORBI_3007G182200	10.271541
SORBI_3007G182300	0.873653
SORBI_3007G182400	0
SORBI_3007G182500	9.011159
SORBI_3007G182600	0.955203
SORBI_3007G182700	0
SORBI_3007G182801	0
SORBI_3007G182900	0
SORBI_3007G183000	0
SORBI_3007G183050	0
SORBI_3007G183100	0
SORBI_3007G183200	0.093216
SORBI_3007G183300	66.191748
SORBI_3007G183400	27.675663
SORBI_3007G183500	0.299491
SORBI_3007G183600	0.582831
SORBI_3007G183700	43.230709
SORBI_3007G183800	19.076269
SORBI_3007G183900	60.985568
SORBI_3007G184001	1.761514
SORBI_3007G184100	0
SORBI_3007G184200	87.009973
SORBI_3007G184300	6.076354
SORBI_3007G184400	64.803461
SORBI_3007G184500	78.10689
SORBI_3007G184600	847.563633
SORBI_3007G184700	10.814101
SORBI_3007G184800	0.183229
SORBI_3007G185000	0.163029
SORBI_3007G185100	3.388518
SORBI_3007G185200	19.754571
SORBI_3007G185300	14.610958
ENSRNA049441130	0
SORBI_3007G185400	0
SORBI_3007G185600	18.389393
SORBI_3007G185700	8.013588
SORBI_3007G185801	0
SORBI_3007G185900	176.630607
SORBI_3007G186000	107.053596
SORBI_3007G186100	187.051747
SORBI_3007G186200	55.672641
SORBI_3007G186300	346.310446
SORBI_3007G186400	0.817615
SORBI_3007G186500	0.289988
SORBI_3007G186600	0.833185
SORBI_3007G186700	0
SORBI_3007G186800	157.961282
SORBI_3007G186900	16.107623
SORBI_3007G187000	0
SORBI_3007G187100	0
SORBI_3007G187200	33.327435
SORBI_3007G187300	0
SORBI_3007G187400	3.516937
SORBI_3007G187500	0
SORBI_3007G187600	9.059724
SORBI_3007G187700	0.834336
SORBI_3007G187800	23.517915
ENSRNA049441121	0
SORBI_3007G187900	18.97574
SORBI_3007G188001	0.158735
SORBI_3007G188100	191.016548
SORBI_3007G188200	14.430452
SORBI_3007G188300	6.8576
SORBI_3007G188400	0
SORBI_3007G188500	0.228666
SORBI_3007G188600	74.013414
SORBI_3007G188701	1.774361
SORBI_3007G188800	4.189305
SORBI_3007G188900	9.66902
SORBI_3007G189000	39.375154
SORBI_3007G189100	25.234216
SORBI_3007G189200	7.746231
SORBI_3007G189300	0
SORBI_3007G189400	0
SORBI_3007G189500	178.851458
SORBI_3007G189600	0.252081
ENSRNA049481746	0
ENSRNA049481758	0
ENSRNA049995843	0
ENSRNA049995830	0
SORBI_3007G189700	0
ENSRNA049995837	0
ENSRNA049481768	0
SORBI_3007G189800	35.18705
SORBI_3007G189900	0
SORBI_3007G190000	46.706157
SORBI_3007G190100	159.184841
SORBI_3007G190200	9.896109
SORBI_3007G190333	30.262806
SORBI_3007G190466	0
SORBI_3007G190600	0
SORBI_3007G190700	0.436395
SORBI_3007G190800	26.647609
SORBI_3007G191100	12.895027
SORBI_3007G190901	0
SORBI_3007G191000	0
SORBI_3007G191150	0
SORBI_3007G191200	0.236537
SORBI_3007G191300	0.521708
SORBI_3007G191400	0
SORBI_3007G191500	0
SORBI_3007G191600	15.972101
SORBI_3007G191700	16.903823
SORBI_3007G191800	15.394532
SORBI_3007G191900	1.022325
SORBI_3007G192000	0
SORBI_3007G192100	65.102145
SORBI_3007G192200	1.359616
SORBI_3007G192300	121.291948
SORBI_3007G192400	4.223661
SORBI_3007G192500	2.340317
SORBI_3007G192600	11.545354
SORBI_3007G192700	611.573198
SORBI_3007G192800	136.454454
SORBI_3007G192900	8.674268
SORBI_3007G193000	0
SORBI_3007G193200	66.553466
SORBI_3007G193300	0
SORBI_3007G193400	0
SORBI_3007G193500	1.222749
SORBI_3007G193600	0
SORBI_3007G193700	25.123793
SORBI_3007G193800	32.694513
SORBI_3007G193900	12.910549
SORBI_3007G194000	0.883223
SORBI_3007G194100	0.165491
SORBI_3007G194200	5.431443
SORBI_3007G194300	119.705053
SORBI_3007G194400	9.592132
SORBI_3007G194500	3.534043
SORBI_3007G194600	0
SORBI_3007G194700	45.386153
SORBI_3007G194800	0.724952
SORBI_3007G194900	1.525006
SORBI_3007G195000	0
SORBI_3007G195100	9.427999
SORBI_3007G195201	0
SORBI_3007G195300	1.463943
SORBI_3007G195400	40.491273
SORBI_3007G195500	0
SORBI_3007G195600	2.482872
SORBI_3007G195701	49.23978
SORBI_3007G195800	251.906037
SORBI_3007G195900	0
SORBI_3007G196000	1.369497
SORBI_3007G196100	0
SORBI_3007G196201	12.849168
SORBI_3007G196300	0.073934
SORBI_3007G196400	60.054601
SORBI_3007G196500	69.530589
SORBI_3007G196600	308.554796
SORBI_3007G196700	0.183398
SORBI_3007G196800	4.358783
SORBI_3007G196900	38.536127
SORBI_3007G197000	0
SORBI_3007G197100	27.944801
SORBI_3007G197200	125.204059
SORBI_3007G197300	3.784079
SORBI_3007G197400	12.287417
SORBI_3007G197450	3.940583
SORBI_3007G197500	0
SORBI_3007G197600	91.247361
SORBI_3007G197700	10.269045
SORBI_3007G197800	524.260532
SORBI_3007G197900	0.6279
SORBI_3007G198000	12.708701
SORBI_3007G198100	345.267115
SORBI_3007G198200	0
SORBI_3007G198300	28.41776
SORBI_3007G198400	0
SORBI_3007G198500	1.835551
SORBI_3007G198600	0.225167
SORBI_3007G198700	1.205147
SORBI_3007G198800	0.804574
SORBI_3007G198900	0
SORBI_3007G199000	0
SORBI_3007G199101	0
SORBI_3007G199200	0.979576
SORBI_3007G199300	0
SORBI_3007G199500	0
SORBI_3007G199550	0
SORBI_3007G199600	0
SORBI_3007G199700	0
SORBI_3007G199800	0
SORBI_3007G199901	0
SORBI_3007G200000	0.308816
SORBI_3007G200100	8.079321
SORBI_3007G200200	23.735283
SORBI_3007G200300	0.736239
SORBI_3007G200400	0
SORBI_3007G200500	28.739982
SORBI_3007G200600	57.726011
SORBI_3007G200700	1.159252
SORBI_3007G200900	29.731334
SORBI_3007G201000	34.957624
SORBI_3007G201100	177.854765
SORBI_3007G201200	0.372757
SORBI_3007G201300	0
SORBI_3007G201400	6.060102
SORBI_3007G201450	0
SORBI_3007G201500	55.262575
SORBI_3007G201600	0.591542
SORBI_3007G201650	1.132498
SORBI_3007G201700	3.969118
SORBI_3007G201800	316.465199
SORBI_3007G201900	0.174014
SORBI_3007G202000	2.718022
SORBI_3007G202100	0
SORBI_3007G202300	0.222343
SORBI_3007G202360	0
SORBI_3007G202420	0
SORBI_3007G202480	0
SORBI_3007G202600	54.706423
SORBI_3007G202540	0
SORBI_3007G202700	2.794015
SORBI_3007G202800	16.224385
SORBI_3007G202900	21.669698
SORBI_3007G203000	9.56375
SORBI_3007G203100	0.275837
SORBI_3007G203200	144.517812
SORBI_3007G203300	31.649569
SORBI_3007G203400	2.763328
SORBI_3007G203500	75.163555
SORBI_3007G203600	0.117902
SORBI_3007G203700	9.756927
SORBI_3007G203800	0
SORBI_3007G203850	0
SORBI_3007G203900	0.85121
SORBI_3007G204000	1.863407
SORBI_3007G204100	0.323399
SORBI_3007G204200	0
SORBI_3007G204300	0
SORBI_3007G204350	0
SORBI_3007G204400	8.09531
SORBI_3007G204500	4.373027
SORBI_3007G204600	13.894978
SORBI_3007G204700	0.721208
SORBI_3007G204800	0
SORBI_3007G204900	0
SORBI_3007G205000	51.155222
SORBI_3007G205100	0
ENSRNA049441053	0
SORBI_3007G205200	0
SORBI_3007G205300	0
SORBI_3007G205400	0
SORBI_3007G205500	6.612073
ENSRNA049441065	0
SORBI_3007G205600	34.941961
SORBI_3007G205700	67.787078
SORBI_3007G205800	153.016257
SORBI_3007G205900	18.49277
SORBI_3007G206000	1.352635
SORBI_3007G206100	4.350827
SORBI_3007G206200	3.765004
SORBI_3007G206250	0
SORBI_3007G206300	6.495576
SORBI_3007G206400	0
SORBI_3007G206500	1.656366
SORBI_3007G206600	0.071484
SORBI_3007G206550	0
SORBI_3007G206700	0.10739
SORBI_3007G206800	0.31363
SORBI_3007G206900	0.136147
SORBI_3007G207000	295.568483
SORBI_3007G207100	0
SORBI_3007G207200	34.207291
SORBI_3007G207300	4.565129
SORBI_3007G207400	65.109902
SORBI_3007G207500	34.929355
SORBI_3007G207600	108.147651
SORBI_3007G207700	0.983601
SORBI_3007G207800	21.307187
SORBI_3007G207900	53.912436
SORBI_3007G208000	28.493053
SORBI_3007G208100	0
SORBI_3007G208200	1.29641
SORBI_3007G208300	48.514037
SORBI_3007G208400	1.394107
SORBI_3007G208500	2.757567
SORBI_3007G208600	7.535979
SORBI_3007G208700	0
SORBI_3007G208800	0
SORBI_3007G208900	1.667259
SORBI_3007G209000	0
SORBI_3007G209100	6.595346
SORBI_3007G209200	0
SORBI_3007G209300	0.167379
SORBI_3007G209400	0.512014
SORBI_3007G209500	11.356645
ENSRNA049441098	0
SORBI_3007G209600	32.212926
SORBI_3007G209700	0
SORBI_3007G209800	10.027121
SORBI_3007G209900	0
SORBI_3007G210000	4.071792
SORBI_3007G210100	0.080966
SORBI_3007G210200	0.639581
SORBI_3007G210300	2.860566
SORBI_3007G210400	0.160877
SORBI_3007G210500	41.199372
SORBI_3007G210600	3.226813
SORBI_3007G210700	7.203121
SORBI_3007G210801	7.608083
SORBI_3007G210900	3.998346
SORBI_3007G211000	93.452754
SORBI_3007G211100	3.653887
SORBI_3007G211200	0.145543
SORBI_3007G211300	6.009846
SORBI_3007G211400	0
SORBI_3007G211500	50.774746
SORBI_3007G211600	27.053248
SORBI_3007G211700	890.942509
SORBI_3007G211800	2.402334
SORBI_3007G211900	0
SORBI_3007G212000	0
SORBI_3007G212100	0.319762
SORBI_3007G212200	1313.45646
SORBI_3007G212250	0
SORBI_3007G212300	61.506031
SORBI_3007G212400	1.625333
SORBI_3007G212500	7.599684
SORBI_3007G212600	253.060226
SORBI_3007G212700	4.622916
SORBI_3007G212800	44.873465
SORBI_3007G212900	0
SORBI_3007G213000	24.817014
SORBI_3007G213100	232.623007
SORBI_3007G213200	0
SORBI_3007G213300	30.961224
SORBI_3007G213400	12.054657
SORBI_3007G213500	0.099959
SORBI_3007G213600	32.361296
SORBI_3007G213700	5.696396
SORBI_3007G213800	17.429579
SORBI_3007G213925	0.758788
SORBI_3007G214050	0
SORBI_3007G214175	0
SORBI_3007G214300	0.18793
SORBI_3007G214400	62.823807
SORBI_3007G214500	0.305621
SORBI_3007G214600	5.882489
SORBI_3007G214700	0.543226
SORBI_3007G214800	0.374425
SORBI_3007G214900	0
SORBI_3007G215100	3.051769
SORBI_3007G215200	0.67604
SORBI_3007G215300	1.395546
SORBI_3007G215400	0.166215
SORBI_3007G215500	0.158438
SORBI_3007G215600	2.582557
SORBI_3007G215700	0.302884
SORBI_3007G215800	0
SORBI_3007G215900	0.312904
SORBI_3007G216001	0.288168
SORBI_3007G216100	23.194866
SORBI_3007G216201	0
SORBI_3007G216300	362.471495
SORBI_3007G216401	0.29339
SORBI_3007G216500	96.386053
SORBI_3007G216550	0
SORBI_3007G216600	8.904343
SORBI_3007G216700	4.748968
SORBI_3007G216800	3.471716
SORBI_3007G216900	54.347912
SORBI_3007G217000	83.451396
SORBI_3007G217100	65.593329
SORBI_3007G217200	0
SORBI_3007G217300	9.57383
SORBI_3007G217350	0.307005
SORBI_3007G217400	25.751694
SORBI_3007G217500	4.398516
SORBI_3007G217600	2.093173
SORBI_3007G217700	5.980429
SORBI_3007G217800	0
SORBI_3007G217900	0
SORBI_3007G218000	25.929534
SORBI_3007G218100	0.51787
SORBI_3007G218200	134.329489
SORBI_3007G218300	2.268606
SORBI_3007G218400	0
ENSRNA049481743	0
SORBI_3007G218450	0
SORBI_3007G218500	0
SORBI_3007G218550	0
SORBI_3007G218600	16.042771
SORBI_3007G218700	0.509689
SORBI_3007G218800	14.439346
SORBI_3007G218900	4.463457
SORBI_3007G219000	11.586674
SORBI_3007G219100	0.615905
SORBI_3007G219200	38.491303
SORBI_3007G219300	0
SORBI_3007G219400	0
SORBI_3007G219500	3.124562
SORBI_3007G219601	0
SORBI_3007G219700	0
SORBI_3007G219800	8.054184
SORBI_3007G219900	2.387308
ENSRNA049481744	0
ENSRNA049441085	0
SORBI_3007G220000	11.83949
SORBI_3007G220033	0
SORBI_3007G220066	0
SORBI_3007G220100	1.515464
ENSRNA049995823	0
SORBI_3007G220150	0
SORBI_3007G220200	4.776622
SORBI_3007G220300	18.749113
SORBI_3007G220400	0
SORBI_3007G220500	0
SORBI_3007G220700	9.117316
SORBI_3007G220900	57.476145
SORBI_3007G221000	22.961703
SORBI_3007G221100	38.05827
SORBI_3007G221201	2.401326
SORBI_3007G221300	0
SORBI_3007G221400	0.81905
SORBI_3007G221500	0
SORBI_3007G221600	7.288576
SORBI_3007G221700	0.131203
SORBI_3007G221800	5.350025
SORBI_3007G221866	0
SORBI_3007G221932	0
SORBI_3007G222000	0
SORBI_3007G222100	0
SORBI_3007G222200	0
SORBI_3007G222400	0
SORBI_3007G222500	0
SORBI_3007G222600	0.624813
SORBI_3007G222700	0
SORBI_3007G222800	15.626351
SORBI_3007G222900	6.559812
SORBI_3007G223000	7.672972
SORBI_3007G223100	18.905417
SORBI_3007G223150	1.082616
SORBI_3007G223200	43.762461
SORBI_3007G223250	0
SORBI_3007G223300	27.560567
SORBI_3007G223400	0
SORBI_3007G223500	14.409401
SORBI_3007G223600	3.031346
SORBI_3007G223701	0
SORBI_3007G223801	0
SORBI_3007G223900	2.519151
SORBI_3007G224000	3.27456
SORBI_3007G224100	215.675549
SORBI_3007G224200	7.021883
SORBI_3007G224300	16.731859
SORBI_3007G224400	0.654514
SORBI_3007G224500	8.683059
SORBI_3007G224600	0
SORBI_3007G224700	0
SORBI_3007G224800	0
SORBI_3007G224900	137.784325
SORBI_3007G225000	15.501236
SORBI_3007G225050	0
SORBI_3007G225100	13.61332
SORBI_3007G225200	35.980556
SORBI_3007G225300	68.009617
SORBI_3007G225400	0
SORBI_3007G225500	6.652454
SORBI_3007G225600	1.966488
SORBI_3007G225700	81.677328
SORBI_3007G225800	15.766358
SORBI_3007G225900	3.687945
SORBI_3007G226000	0.484201
SORBI_3007G226100	74.536061
SORBI_3007G226200	0.345947
SORBI_3007G226300	212.33989
SORBI_3007G226400	1.825032
SORBI_3007G226500	1.005211
SORBI_3007G226600	6.740903
SORBI_3007G226700	4.164084
SORBI_3007G226800	29.261986
SORBI_3007G226900	0
SORBI_3007G227000	38.737598
SORBI_3007G227100	54.290678
SORBI_3007G227300	26.367806
SORBI_3007G227401	0
SORBI_3007G227500	6.445586
SORBI_3007G227600	23.230244
SORBI_3007G227700	235.624036
SORBI_3008G000100	4.572876
SORBI_3008G000201	1.115116
SORBI_3008G000300	4.878688
SORBI_3008G000400	70.459158
SORBI_3008G000500	2.088913
SORBI_3008G000600	3.974973
SORBI_3008G000700	0.473533
SORBI_3008G000800	2.570224
SORBI_3008G000900	5.559237
SORBI_3008G001000	88.364725
SORBI_3008G001100	43.352493
SORBI_3008G001200	39.628238
SORBI_3008G001300	40.18986
SORBI_3008G001400	11.43721
SORBI_3008G001500	12.600478
SORBI_3008G001600	0
SORBI_3008G001700	0
SORBI_3008G001800	9.956277
SORBI_3008G001900	15.073107
SORBI_3008G002000	16.217985
SORBI_3008G002100	0
SORBI_3008G002201	0
SORBI_3008G002300	12.666113
SORBI_3008G002400	11.184134
SORBI_3008G002500	34.020663
SORBI_3008G002600	0
SORBI_3008G002700	6.569781
SORBI_3008G002800	0
SORBI_3008G002950	0
SORBI_3008G003100	0.143836
SORBI_3008G003200	0.247152
SORBI_3008G003300	43.788098
SORBI_3008G003400	1.854097
SORBI_3008G003600	43.489396
SORBI_3008G003700	119.820514
SORBI_3008G003800	9.751138
SORBI_3008G003900	25.597062
SORBI_3008G004000	58.29146
ENSRNA049437330	0
SORBI_3008G004100	3.454325
SORBI_3008G004200	0
SORBI_3008G004300	15.033368
SORBI_3008G004400	28.968022
SORBI_3008G004500	0
ENSRNA049437353	0
SORBI_3008G004600	70.360803
SORBI_3008G004700	7.30163
SORBI_3008G004800	48.044985
SORBI_3008G004900	0.299743
SORBI_3008G005000	2.286946
SORBI_3008G005100	3.151773
SORBI_3008G005200	0
SORBI_3008G005300	14.025125
SORBI_3008G005400	0.225546
SORBI_3008G005700	0
SORBI_3008G005600	0
SORBI_3008G005800	0.377299
SORBI_3008G005900	0
SORBI_3008G006000	19.273837
SORBI_3008G006100	7.415501
SORBI_3008G006200	186.200347
SORBI_3008G006300	2.095424
SORBI_3008G006350	0
SORBI_3008G006400	0
SORBI_3008G006500	0
SORBI_3008G006601	0
SORBI_3008G006700	9.862142
SORBI_3008G006800	0
SORBI_3008G006900	0
SORBI_3008G007000	1.242819
SORBI_3008G007100	10.52918
SORBI_3008G007200	12.306186
SORBI_3008G007300	14.667894
SORBI_3008G007400	4.743047
SORBI_3008G007500	0
SORBI_3008G007600	1.16309
SORBI_3008G007700	0.237677
SORBI_3008G007800	0.816265
SORBI_3008G007900	0
SORBI_3008G008000	0
SORBI_3008G008100	0
SORBI_3008G008200	0
SORBI_3008G008300	8.846192
SORBI_3008G008400	5.93815
SORBI_3008G008500	0
SORBI_3008G008601	0
SORBI_3008G008701	0
SORBI_3008G008801	0.687666
SORBI_3008G008900	11.816292
SORBI_3008G009000	1.929773
SORBI_3008G009100	0
SORBI_3008G009200	0.099544
SORBI_3008G009300	0.665358
SORBI_3008G009400	0
SORBI_3008G009450	0.199657
SORBI_3008G009500	0.172762
SORBI_3008G009600	36.541469
SORBI_3008G009700	24.356052
SORBI_3008G009800	0.20116
SORBI_3008G009900	50.186124
SORBI_3008G010000	14.145739
SORBI_3008G010100	8.088798
ENSRNA049438123	0
SORBI_3008G010200	1.006898
SORBI_3008G010300	0.788831
SORBI_3008G010400	1.706923
SORBI_3008G010500	8.855432
ENSRNA049438114	0
SORBI_3008G010600	1.50897
SORBI_3008G010700	1.353662
SORBI_3008G010750	2.554101
ENSRNA049437392	0
SORBI_3008G010800	16.85078
SORBI_3008G010900	10.671685
SORBI_3008G011000	29.55936
SORBI_3008G011100	23.406373
SORBI_3008G011200	0
SORBI_3008G011300	17.179137
SORBI_3008G011400	0
SORBI_3008G011500	0
SORBI_3008G011550	0
SORBI_3008G011600	54.969221
SORBI_3008G011700	1.70257
SORBI_3008G011800	0.461505
SORBI_3008G011901	0
SORBI_3008G012000	0
SORBI_3008G012100	0.931039
SORBI_3008G012150	3.991172
SORBI_3008G012200	0
SORBI_3008G012300	1.642985
SORBI_3008G012400	36.72855
SORBI_3008G012500	0
SORBI_3008G012600	0
SORBI_3008G012700	1.626398
SORBI_3008G012800	0
SORBI_3008G012900	0.904339
SORBI_3008G013000	1.086186
SORBI_3008G013100	0.236678
SORBI_3008G013200	5.320977
SORBI_3008G013300	2.314222
SORBI_3008G013400	0
SORBI_3008G013500	0
SORBI_3008G013600	31.539061
ENSRNA049482484	0
SORBI_3008G013700	0
ENSRNA049482483	0
SORBI_3008G013800	11.449806
SORBI_3008G013900	0
SORBI_3008G014000	0
SORBI_3008G014100	43.66812
SORBI_3008G014200	0
SORBI_3008G014300	5.117674
SORBI_3008G014400	0.727549
SORBI_3008G014500	34.910098
SORBI_3008G014601	0
SORBI_3008G014700	0.116275
SORBI_3008G014801	17.372797
SORBI_3008G014900	0
SORBI_3008G015000	0
SORBI_3008G015100	2.466541
SORBI_3008G015200	30.116042
SORBI_3008G015300	6.504626
SORBI_3008G015400	0.137336
SORBI_3008G015500	37.414563
SORBI_3008G015600	0
SORBI_3008G015700	0
SORBI_3008G015800	91.890099
SORBI_3008G015900	1.90267
SORBI_3008G016000	0
SORBI_3008G016100	68.826404
SORBI_3008G016200	45.93958
SORBI_3008G016250	0.107377
ENSRNA049995817	0
SORBI_3008G016300	3.238709
SORBI_3008G016400	0
SORBI_3008G016500	0
SORBI_3008G016600	0.20981
SORBI_3008G016700	15.92805
SORBI_3008G016800	1.647056
SORBI_3008G016850	0
SORBI_3008G016900	221.226597
SORBI_3008G017000	0
SORBI_3008G017100	5.282554
SORBI_3008G017200	24.68291
SORBI_3008G017300	0.711175
SORBI_3008G017400	1.141282
SORBI_3008G017500	0
SORBI_3008G017600	0.124559
SORBI_3008G017700	0
SORBI_3008G017800	48.823304
SORBI_3008G017850	0
SORBI_3008G017900	12.445214
SORBI_3008G018000	60.751453
SORBI_3008G018100	0
ENSRNA049438104	0
SORBI_3008G018200	10.920575
SORBI_3008G018300	134.546401
SORBI_3008G018400	4.180867
SORBI_3008G018500	16.639737
SORBI_3008G018600	9.923633
SORBI_3008G018700	0
SORBI_3008G018800	13.641477
SORBI_3008G018900	10.21623
SORBI_3008G019000	0
SORBI_3008G019100	0.407959
SORBI_3008G019200	0
ENSRNA049995811	0
SORBI_3008G019300	1.435293
ENSRNA049438097	0
SORBI_3008G019350	0
SORBI_3008G019400	3.685286
SORBI_3008G019466	12.754321
SORBI_3008G019532	22.888475
SORBI_3008G019600	3.760516
SORBI_3008G019700	2.268387
SORBI_3008G019800	0
SORBI_3008G019900	0
SORBI_3008G020000	0
SORBI_3008G020100	11.538929
SORBI_3008G020200	27.108434
SORBI_3008G020300	0
SORBI_3008G020350	0
SORBI_3008G020400	0
SORBI_3008G020500	0
SORBI_3008G020600	0
SORBI_3008G020700	54.262939
SORBI_3008G020800	1.286455
SORBI_3008G020900	0.763039
SORBI_3008G021000	16.237402
ENSRNA049482525	0
SORBI_3008G021100	109.902126
SORBI_3008G021200	63.028885
SORBI_3008G021300	10.518126
SORBI_3008G021400	11.374601
SORBI_3008G021500	0
SORBI_3008G021601	0
SORBI_3008G021700	15.406098
SORBI_3008G021800	7.523931
SORBI_3008G021900	5.998015
SORBI_3008G022000	0
SORBI_3008G022100	0
SORBI_3008G022200	2.690024
SORBI_3008G022300	4.409033
SORBI_3008G022400	1.704654
SORBI_3008G022500	3.440012
SORBI_3008G022600	0.449146
SORBI_3008G022701	9.069245
SORBI_3008G022800	0
SORBI_3008G023000	0
SORBI_3008G023100	0
SORBI_3008G023200	0
SORBI_3008G023300	0.084022
SORBI_3008G023401	0.72994
SORBI_3008G023500	0
SORBI_3008G023600	6.062214
SORBI_3008G023801	0
SORBI_3008G024000	0.42341
SORBI_3008G024100	0
SORBI_3008G024200	0
SORBI_3008G024300	15.794923
SORBI_3008G024400	0.112846
SORBI_3008G024500	5.756332
SORBI_3008G024550	0
SORBI_3008G024600	12.068963
SORBI_3008G024700	0
SORBI_3008G024800	15.709232
SORBI_3008G024900	8.312676
SORBI_3008G025000	0
SORBI_3008G025100	9.096439
SORBI_3008G025200	1.243851
SORBI_3008G025300	0
SORBI_3008G025400	0
SORBI_3008G025500	5.483553
SORBI_3008G025550	0
SORBI_3008G025600	1.299841
SORBI_3008G025700	37.297121
SORBI_3008G025800	0
SORBI_3008G025900	337.554787
SORBI_3008G026000	0.923809
SORBI_3008G026100	76.010156
SORBI_3008G026200	68.060728
SORBI_3008G026300	0
SORBI_3008G026400	6.353081
SORBI_3008G026500	0
SORBI_3008G026600	2.022685
SORBI_3008G026700	2.462369
SORBI_3008G026800	2.451765
SORBI_3008G026900	8.817479
SORBI_3008G027000	1.893377
SORBI_3008G027300	6.281778
SORBI_3008G027200	29.107994
SORBI_3008G027400	6.145918
SORBI_3008G027500	18.678558
SORBI_3008G027600	0.141859
SORBI_3008G027700	1.84905
SORBI_3008G027800	0
SORBI_3008G027900	0
SORBI_3008G028000	0
SORBI_3008G028100	0.629878
SORBI_3008G028200	0
SORBI_3008G028300	0
SORBI_3008G028400	2.646517
SORBI_3008G028500	4.248661
SORBI_3008G028533	0
SORBI_3008G028566	0
SORBI_3008G028600	0.089382
SORBI_3008G028700	13.037502
SORBI_3008G028800	0
SORBI_3008G028850	0
SORBI_3008G028900	0
SORBI_3008G029000	1.389364
SORBI_3008G029200	0
SORBI_3008G029300	29.013732
SORBI_3008G029400	9.095972
SORBI_3008G029500	1.518098
SORBI_3008G029700	0
SORBI_3008G029600	0.275607
SORBI_3008G029800	0.203982
SORBI_3008G029850	1.627197
SORBI_3008G029900	3.326996
SORBI_3008G030000	16.392431
SORBI_3008G030100	49.688939
ENSRNA049482476	0
SORBI_3008G030200	0
SORBI_3008G030300	0
SORBI_3008G030400	0
SORBI_3008G030501	1.603167
SORBI_3008G030600	0.955103
SORBI_3008G030700	0
SORBI_3008G030801	0
SORBI_3008G030900	0.129089
SORBI_3008G031000	0.152326
SORBI_3008G031200	2.304801
SORBI_3008G031300	6.930366
SORBI_3008G031350	0
SORBI_3008G031400	0
SORBI_3008G031600	0
SORBI_3008G031700	0
SORBI_3008G031800	0
SORBI_3008G031900	0
SORBI_3008G032000	0.687881
SORBI_3008G032100	50.682362
SORBI_3008G032200	16.217919
SORBI_3008G032300	4.12536
SORBI_3008G032400	0.948059
SORBI_3008G032500	13.480662
SORBI_3008G032600	121.962442
SORBI_3008G032701	0
SORBI_3008G032800	1.270057
SORBI_3008G032850	0
SORBI_3008G032900	10.554366
SORBI_3008G033000	6.609279
SORBI_3008G033100	0
SORBI_3008G033200	752.424748
SORBI_3008G033250	0
SORBI_3008G033300	1.946644
SORBI_3008G033350	0
SORBI_3008G033400	4.244562
SORBI_3008G033500	18.485126
SORBI_3008G033600	259.419836
SORBI_3008G033700	0.943236
SORBI_3008G033750	0.449648
SORBI_3008G033800	0
SORBI_3008G033900	11.421753
SORBI_3008G034000	0.146729
SORBI_3008G034200	0
SORBI_3008G034300	5.343144
SORBI_3008G034400	27.690417
SORBI_3008G034500	4.724852
SORBI_3008G034600	58.24039
SORBI_3008G034700	17.034519
SORBI_3008G034800	0
SORBI_3008G034900	0
SORBI_3008G035000	0
SORBI_3008G035300	0.647494
SORBI_3008G035400	0
SORBI_3008G035501	0.19595
ENSRNA049438058	0
SORBI_3008G035600	1.331648
SORBI_3008G035633	2.08305
SORBI_3008G035666	0
SORBI_3008G035700	0.420926
SORBI_3008G035800	0
SORBI_3008G035900	1.9983
SORBI_3008G036000	322.740232
SORBI_3008G036100	0
SORBI_3008G036200	0
SORBI_3008G036300	1.090949
SORBI_3008G036350	0
SORBI_3008G036400	9.831891
SORBI_3008G036500	0
SORBI_3008G036600	0
SORBI_3008G036800	0.123878
SORBI_3008G036900	5.82594
SORBI_3008G037000	2.680208
SORBI_3008G037100	0
SORBI_3008G037200	0
SORBI_3008G037300	44.878738
SORBI_3008G037400	2.420722
SORBI_3008G037500	159.056913
SORBI_3008G037600	1.033939
SORBI_3008G037700	6.679385
SORBI_3008G037800	110.893076
SORBI_3008G037900	6.502304
SORBI_3008G038000	17.217549
SORBI_3008G038100	0.395651
SORBI_3008G038200	5.604984
SORBI_3008G038300	22.322918
SORBI_3008G038400	14.528683
SORBI_3008G038500	45.120005
SORBI_3008G038600	75.933503
SORBI_3008G038700	0
SORBI_3008G038801	0.128034
SORBI_3008G038900	0
SORBI_3008G039000	8.45663
SORBI_3008G039100	58.743327
SORBI_3008G039200	0
SORBI_3008G039300	0.196552
SORBI_3008G039401	3.305982
ENSRNA049482514	0
SORBI_3008G039501	0
SORBI_3008G039600	21.876723
SORBI_3008G039700	0.137624
SORBI_3008G039750	0.231643
SORBI_3008G039800	6.6757
SORBI_3008G039900	112.798488
SORBI_3008G040000	1.732898
SORBI_3008G040100	2.878271
SORBI_3008G040201	0.14948
SORBI_3008G040300	2.673803
ENSRNA049437422	0
SORBI_3008G040400	4.30768
SORBI_3008G040501	0
SORBI_3008G040600	0
SORBI_3008G040700	95.289802
SORBI_3008G040800	10.268356
SORBI_3008G040900	0.266552
SORBI_3008G041000	0.507581
SORBI_3008G041100	0
SORBI_3008G041300	0.775204
SORBI_3008G041400	0.546226
SORBI_3008G041450	1.213521
SORBI_3008G041500	3.775866
SORBI_3008G041600	0.661859
SORBI_3008G041700	35.530511
SORBI_3008G041800	1.284448
SORBI_3008G041900	0
SORBI_3008G042000	1.892094
SORBI_3008G042100	0
SORBI_3008G042200	0
SORBI_3008G042250	0
SORBI_3008G042300	15.428448
SORBI_3008G042400	0
SORBI_3008G042500	14.744517
SORBI_3008G042600	44.892697
SORBI_3008G042700	6.783392
SORBI_3008G042800	0.180523
SORBI_3008G042900	161.301053
SORBI_3008G043000	0
SORBI_3008G043100	0
SORBI_3008G043200	0
SORBI_3008G043300	0
SORBI_3008G043400	0
SORBI_3008G043450	0.280769
SORBI_3008G043500	113.727801
SORBI_3008G043600	4.838928
SORBI_3008G043700	0
SORBI_3008G043800	0
SORBI_3008G043900	0
SORBI_3008G044000	14.449616
SORBI_3008G044100	4.123711
SORBI_3008G044200	0
SORBI_3008G044300	0.720631
SORBI_3008G044400	0.142163
SORBI_3008G044450	0
SORBI_3008G044500	0
SORBI_3008G044600	0.547674
SORBI_3008G044750	0
SORBI_3008G044900	7.773551
SORBI_3008G045000	8.967884
SORBI_3008G045100	0
SORBI_3008G045166	0
SORBI_3008G045232	0
SORBI_3008G045300	0
SORBI_3008G045450	2.108192
SORBI_3008G045600	0
SORBI_3008G045650	0
SORBI_3008G045700	0.049254
SORBI_3008G045800	3.213442
SORBI_3008G045900	0
SORBI_3008G046000	56.386358
SORBI_3008G046100	2.897193
SORBI_3008G046200	2.302151
SORBI_3008G046300	0
SORBI_3008G046400	0
SORBI_3008G046500	64.45843
SORBI_3008G046600	100.153317
SORBI_3008G046700	0.087017
SORBI_3008G046800	57.969347
SORBI_3008G046900	47.057862
SORBI_3008G047000	323.960019
SORBI_3008G047100	2.363663
SORBI_3008G047150	13.34832
SORBI_3008G047200	44.602979
SORBI_3008G047300	10.807042
SORBI_3008G047400	164.651908
SORBI_3008G047500	6.598086
SORBI_3008G047600	191.499849
SORBI_3008G047700	55.327888
SORBI_3008G047800	54.891914
SORBI_3008G047900	0.127423
SORBI_3008G048000	0
SORBI_3008G048100	0.365971
SORBI_3008G048200	0
SORBI_3008G048300	73.06345
SORBI_3008G048400	1.35918
SORBI_3008G048501	0
SORBI_3008G048600	0
SORBI_3008G048800	0
SORBI_3008G048900	0.403677
SORBI_3008G048933	1.141282
SORBI_3008G048966	0.628952
SORBI_3008G049000	0
ENSRNA049995805	0
SORBI_3008G049100	33.309755
ENSRNA049438015	0
ENSRNA049438010	0
SORBI_3008G049200	219.326219
SORBI_3008G049250	1.105152
SORBI_3008G049300	0.120237
SORBI_3008G049701	0
SORBI_3008G050100	0.063505
SORBI_3008G050200	0.117444
SORBI_3008G050300	0
SORBI_3008G050400	4.276403
SORBI_3008G050500	0
SORBI_3008G050600	1.199744
SORBI_3008G050700	21.049544
SORBI_3008G050800	57.368294
SORBI_3008G050900	0
SORBI_3008G051000	16.36633
SORBI_3008G051100	25.414498
SORBI_3008G051200	71.26244
SORBI_3008G051300	33.426878
SORBI_3008G051400	5.699077
SORBI_3008G051500	0
SORBI_3008G051600	0
SORBI_3008G051700	0
SORBI_3008G051800	210.249227
SORBI_3008G051900	212.566165
SORBI_3008G052000	20.616975
SORBI_3008G052200	20.691815
SORBI_3008G052300	2.602485
SORBI_3008G052400	0
SORBI_3008G052450	1.345955
SORBI_3008G052500	0
SORBI_3008G052600	0.755009
SORBI_3008G052700	0
SORBI_3008G052800	0.810044
SORBI_3008G052900	48.918525
SORBI_3008G053000	2.090073
SORBI_3008G053101	0
SORBI_3008G053200	291.578518
SORBI_3008G053300	38.917098
SORBI_3008G053500	0.308819
SORBI_3008G053600	7.333688
SORBI_3008G053700	0
SORBI_3008G053750	0
SORBI_3008G053800	0
SORBI_3008G053900	0.510055
SORBI_3008G054000	23.416259
SORBI_3008G054100	0.607548
SORBI_3008G054150	0
SORBI_3008G054200	0
SORBI_3008G054400	0
SORBI_3008G054450	0
SORBI_3008G054500	51.332255
SORBI_3008G054600	10.068275
SORBI_3008G054700	1.893378
SORBI_3008G054800	518.038418
SORBI_3008G054900	0
SORBI_3008G055000	0.44253
SORBI_3008G055100	3.885084
SORBI_3008G055200	0
SORBI_3008G055300	8.813148
SORBI_3008G055366	0
SORBI_3008G055432	0
SORBI_3008G055500	15.994315
SORBI_3008G055600	0
SORBI_3008G055650	0
SORBI_3008G055700	3.228894
SORBI_3008G055800	0.44227
SORBI_3008G055900	141.819162
SORBI_3008G056000	0
SORBI_3008G056100	21.501389
SORBI_3008G056200	1.575414
SORBI_3008G056350	2.404655
SORBI_3008G056500	0.104325
SORBI_3008G056600	0
SORBI_3008G056700	0
SORBI_3008G056800	0
SORBI_3008G056900	30.812314
SORBI_3008G057000	22.097398
SORBI_3008G057100	9.337511
SORBI_3008G057200	0
SORBI_3008G057300	0.311469
SORBI_3008G057400	0
SORBI_3008G057500	0.195553
SORBI_3008G057600	0.554544
SORBI_3008G057700	0
SORBI_3008G057800	0
SORBI_3008G057900	52.999362
SORBI_3008G058000	11.39794
SORBI_3008G058100	0.861289
SORBI_3008G058200	3.454672
SORBI_3008G058300	169.463757
SORBI_3008G058400	0.230873
SORBI_3008G058500	0
SORBI_3008G058600	0.223043
SORBI_3008G058700	52.243501
SORBI_3008G058800	9.762341
SORBI_3008G058900	3.46344
SORBI_3008G059000	238.773014
SORBI_3008G059100	54.212639
SORBI_3008G059200	17.348736
SORBI_3008G059300	0
SORBI_3008G059400	4.73524
SORBI_3008G059500	0
SORBI_3008G059566	0
SORBI_3008G059632	0
SORBI_3008G059700	0
SORBI_3008G059800	0
SORBI_3008G059900	25.414044
SORBI_3008G060000	20.127046
SORBI_3008G060050	0
SORBI_3008G060100	0.117635
SORBI_3008G060150	2.123436
SORBI_3008G060200	3.767934
SORBI_3008G060300	20.203492
SORBI_3008G060400	0
SORBI_3008G060500	0.305513
SORBI_3008G060700	0.068041
SORBI_3008G060800	0
SORBI_3008G060900	0.127227
SORBI_3008G061000	0
SORBI_3008G061100	6.817281
SORBI_3008G061201	9.453171
SORBI_3008G061300	0
SORBI_3008G061401	0
SORBI_3008G061500	0
SORBI_3008G061601	5.495921
SORBI_3008G061701	5.170087
SORBI_3008G061801	0
SORBI_3008G061900	0
SORBI_3008G062000	21.239129
SORBI_3008G062200	63.997961
SORBI_3008G062300	12.946991
SORBI_3008G062400	38.203394
SORBI_3008G062500	1.204225
SORBI_3008G062601	9.785079
SORBI_3008G062700	0.116827
SORBI_3008G062800	0
SORBI_3008G062900	1.232229
SORBI_3008G063000	68.378382
SORBI_3008G063100	13.535026
SORBI_3008G063200	24.86395
SORBI_3008G063300	16.146603
SORBI_3008G063400	0.652524
SORBI_3008G063500	87.384615
SORBI_3008G063600	17.941564
SORBI_3008G063800	0
SORBI_3008G064000	0
SORBI_3008G064100	0
SORBI_3008G064200	0
SORBI_3008G064250	0
SORBI_3008G064300	0
SORBI_3008G064400	0
SORBI_3008G064500	0.078751
SORBI_3008G064601	0
SORBI_3008G064700	110.48363
SORBI_3008G064750	0
SORBI_3008G064800	0
SORBI_3008G064900	7.315836
SORBI_3008G065000	18.529293
SORBI_3008G065050	0
SORBI_3008G065100	0
SORBI_3008G065200	0.110513
SORBI_3008G065300	10.546152
SORBI_3008G065400	8.392863
ENSRNA049482538	0
SORBI_3008G065600	0.874025
ENSRNA049482541	0
SORBI_3008G065700	0
SORBI_3008G065800	95.939577
SORBI_3008G065866	0
SORBI_3008G065932	92.89225
SORBI_3008G066000	25.561367
SORBI_3008G066100	16.909176
SORBI_3008G066200	1.820803
SORBI_3008G066300	11.778225
SORBI_3008G066401	4.971029
SORBI_3008G066501	0
SORBI_3008G066600	0.051647
SORBI_3008G066700	0
SORBI_3008G066800	0.79554
SORBI_3008G066900	1.935473
ENSRNA049437502	0
ENSRNA049482478	0
SORBI_3008G067000	0.400061
SORBI_3008G067100	22.130198
SORBI_3008G067200	2.342716
SORBI_3008G067301	1.961645
SORBI_3008G067400	0
SORBI_3008G067500	7.973353
SORBI_3008G067600	27.711867
SORBI_3008G067700	0.064755
SORBI_3008G067800	4.167205
SORBI_3008G067900	27.806403
SORBI_3008G068000	15.75499
SORBI_3008G068100	12.275477
SORBI_3008G068133	0
SORBI_3008G068166	0.130434
SORBI_3008G068200	6.648779
SORBI_3008G068300	0.12651
SORBI_3008G068400	41.984472
SORBI_3008G068450	0
SORBI_3008G068500	2.604318
SORBI_3008G068601	9.195844
SORBI_3008G068700	0
SORBI_3008G068800	5.112599
SORBI_3008G068850	0
SORBI_3008G068900	0
SORBI_3008G069000	0
SORBI_3008G069100	0.328685
SORBI_3008G069200	0.13229
SORBI_3008G069300	8.068827
SORBI_3008G069401	0.106438
SORBI_3008G069500	0
SORBI_3008G069600	0
SORBI_3008G069700	10.046168
SORBI_3008G069901	0
SORBI_3008G070100	0
SORBI_3008G070200	0
SORBI_3008G070350	11.272805
SORBI_3008G070500	8.974826
SORBI_3008G070600	0
SORBI_3008G070650	0
SORBI_3008G070700	16.380832
SORBI_3008G070800	20.856033
SORBI_3008G070900	0.897105
SORBI_3008G071050	0.072941
SORBI_3008G071200	0
SORBI_3008G071300	3.19019
SORBI_3008G071400	0
SORBI_3008G071550	0.119674
SORBI_3008G071700	0
SORBI_3008G071800	4.285016
SORBI_3008G071900	0
SORBI_3008G072050	1.009058
SORBI_3008G072200	123.493162
SORBI_3008G072300	1.307602
SORBI_3008G072400	0.817345
SORBI_3008G072500	10.990698
SORBI_3008G072550	0
SORBI_3008G072600	10.693633
SORBI_3008G072700	9.073549
SORBI_3008G072800	0.605614
SORBI_3008G072850	0
SORBI_3008G072900	0
SORBI_3008G073000	13.005985
SORBI_3008G073100	2.484218
SORBI_3008G073200	0
SORBI_3008G073300	26.476468
SORBI_3008G073400	0
SORBI_3008G073500	3.679564
SORBI_3008G073600	72.740091
SORBI_3008G073700	0
SORBI_3008G073800	0
SORBI_3008G073900	11.881314
SORBI_3008G074000	0.293898
SORBI_3008G074100	0
SORBI_3008G074150	0
SORBI_3008G074200	0
SORBI_3008G074300	18.469581
SORBI_3008G074400	36.838284
SORBI_3008G074500	10.678851
SORBI_3008G074600	0.630381
SORBI_3008G074700	35.009328
SORBI_3008G074800	0
SORBI_3008G074900	1.155729
SORBI_3008G075100	3.016625
SORBI_3008G075200	11.31855
SORBI_3008G075300	0
SORBI_3008G075350	0
SORBI_3008G075400	1.661176
SORBI_3008G075500	3.244332
SORBI_3008G075533	0
SORBI_3008G075566	0
SORBI_3008G075600	13.201712
SORBI_3008G075700	2.588033
SORBI_3008G075800	0
SORBI_3008G075900	7.453408
SORBI_3008G076100	0
SORBI_3008G076200	0
SORBI_3008G076250	0
SORBI_3008G076300	0
SORBI_3008G076401	0.304716
SORBI_3008G076500	1.314365
SORBI_3008G076600	0.601272
SORBI_3008G076700	0
SORBI_3008G076800	5.392719
SORBI_3008G076900	0.10603
SORBI_3008G077100	0
SORBI_3008G077300	0
SORBI_3008G077400	0
SORBI_3008G077500	38.592166
SORBI_3008G077550	0
SORBI_3008G077600	51.096924
SORBI_3008G077700	1.551021
SORBI_3008G077800	0
SORBI_3008G077900	0
SORBI_3008G078000	0.511
SORBI_3008G078100	10.289791
SORBI_3008G078200	0
SORBI_3008G078300	542.90159
SORBI_3008G078400	27.585949
SORBI_3008G078500	0
ENSRNA049995800	0
SORBI_3008G078550	0
SORBI_3008G078600	0
SORBI_3008G078700	0
SORBI_3008G078800	0.096435
SORBI_3008G078900	2.022059
SORBI_3008G078966	0
ENSRNA049472582	0
SORBI_3008G079032	21.937412
SORBI_3008G079100	6.767415
SORBI_3008G079200	0
SORBI_3008G079300	1.154264
SORBI_3008G079400	19.274398
SORBI_3008G079500	0
SORBI_3008G079600	0.275953
SORBI_3008G079650	0
SORBI_3008G079700	0.385283
SORBI_3008G079733	0
SORBI_3008G079766	0
SORBI_3008G079800	0
SORBI_3008G079900	13.765394
SORBI_3008G080000	29.720098
SORBI_3008G080100	0
SORBI_3008G080200	27.149398
SORBI_3008G080300	0
SORBI_3008G080400	0.171208
SORBI_3008G080500	15.159488
SORBI_3008G080600	0
SORBI_3008G080700	0
SORBI_3008G080801	0.26182
SORBI_3008G080900	2.296662
SORBI_3008G081000	0
SORBI_3008G081100	0
SORBI_3008G081150	68.166087
SORBI_3008G081200	0
SORBI_3008G081300	12.497828
SORBI_3008G081400	4.977672
SORBI_3008G081500	0.837398
SORBI_3008G081600	4.736492
SORBI_3008G081700	0
SORBI_3008G081800	2.888054
SORBI_3008G081900	119.476109
SORBI_3008G082000	0
SORBI_3008G082100	3.246255
SORBI_3008G082150	0
SORBI_3008G082200	0
SORBI_3008G082250	0
SORBI_3008G082300	0
SORBI_3008G082400	842.548954
SORBI_3008G082450	0
SORBI_3008G082500	126.538783
SORBI_3008G082550	0
SORBI_3008G082600	0
SORBI_3008G082700	0
SORBI_3008G082800	1.906377
SORBI_3008G082900	2.311096
SORBI_3008G083000	13.996853
SORBI_3008G083100	0
SORBI_3008G083200	30.830875
SORBI_3008G083300	0.259639
SORBI_3008G083400	102.275483
SORBI_3008G083500	14.997281
SORBI_3008G083600	21.263854
SORBI_3008G083650	0
SORBI_3008G083700	4.622627
SORBI_3008G084000	0
SORBI_3008G084100	38.735476
SORBI_3008G084200	0
SORBI_3008G084300	0.18978
SORBI_3008G084401	3.921839
SORBI_3008G084501	33.080647
SORBI_3008G084600	81.143793
SORBI_3008G084700	150.802641
SORBI_3008G084800	0
SORBI_3008G084900	0
SORBI_3008G085050	0
SORBI_3008G085200	0.480417
SORBI_3008G085300	35.930795
SORBI_3008G085350	0.834567
SORBI_3008G085400	0
SORBI_3008G085600	2.62471
SORBI_3008G085700	69.607036
SORBI_3008G085800	0
SORBI_3008G085950	7.504484
SORBI_3008G086100	0
SORBI_3008G086200	16.361457
SORBI_3008G086300	0
SORBI_3008G086401	12.47613
SORBI_3008G086500	0
SORBI_3008G086700	1.592485
SORBI_3008G087000	0.554449
SORBI_3008G087100	0
SORBI_3008G087200	10.273984
SORBI_3008G087300	0
SORBI_3008G087400	5.253445
SORBI_3008G087500	0.421242
SORBI_3008G087800	0.238734
SORBI_3008G087833	0
SORBI_3008G087866	2.962004
SORBI_3008G087900	85.377362
SORBI_3008G088000	0
SORBI_3008G088100	0
SORBI_3008G088200	228.050581
SORBI_3008G088300	4.561879
SORBI_3008G088400	1.065679
SORBI_3008G088450	0
SORBI_3008G088500	0
SORBI_3008G088600	30.171355
SORBI_3008G088800	1.6018
SORBI_3008G088803	2.123924
SORBI_3008G088806	26.781621
SORBI_3008G088809	5.415597
SORBI_3008G088812	0.158704
SORBI_3008G088815	0.221563
SORBI_3008G088818	0.394875
SORBI_3008G088821	23.249585
SORBI_3008G088824	17.496851
SORBI_3008G088827	0
SORBI_3008G088830	91.504125
SORBI_3008G088833	0
SORBI_3008G088836	0
SORBI_3008G088839	1.652058
SORBI_3008G088842	6.158007
SORBI_3008G088845	0
SORBI_3008G088848	0
SORBI_3008G088851	30.73895
SORBI_3008G088854	0.049412
SORBI_3008G088857	34.315074
SORBI_3008G088860	0.118465
SORBI_3008G088863	1.730535
SORBI_3008G088866	17.445498
SORBI_3008G088869	0
SORBI_3008G088872	14.009629
SORBI_3008G088875	22.232056
SORBI_3008G088878	0
SORBI_3008G088881	0
SORBI_3008G088884	0
SORBI_3008G088887	0
SORBI_3008G088890	0
SORBI_3008G088900	0
SORBI_3008G089100	59.964268
SORBI_3008G089233	0.344282
SORBI_3008G089366	0
SORBI_3008G089500	27.926516
SORBI_3008G089600	15.384837
SORBI_3008G089700	88.786287
SORBI_3008G089750	0.800036
SORBI_3008G089800	10.845553
SORBI_3008G089900	201.007662
SORBI_3008G090000	25.500995
SORBI_3008G090100	1.078152
SORBI_3008G090150	0
SORBI_3008G090200	0
SORBI_3008G090300	25.002633
SORBI_3008G090400	13.338239
SORBI_3008G090600	8.21025
SORBI_3008G090701	0
SORBI_3008G090800	5.181
SORBI_3008G090900	115.344247
SORBI_3008G091100	16.564899
SORBI_3008G091300	19.536797
SORBI_3008G091400	1.463776
SORBI_3008G091500	6.487089
SORBI_3008G091557	0.051156
SORBI_3008G091614	0.087653
SORBI_3008G091671	9.511741
SORBI_3008G091728	0.20287
SORBI_3008G091785	0
SORBI_3008G091842	0.163359
SORBI_3008G091900	0.679645
SORBI_3008G092000	0
SORBI_3008G092200	0
SORBI_3008G092300	52.582634
SORBI_3008G092400	0.959457
SORBI_3008G092466	0
SORBI_3008G092532	2.206969
SORBI_3008G092600	93.848468
SORBI_3008G092701	0
SORBI_3008G092800	59.27136
SORBI_3008G092866	0
SORBI_3008G092932	0
SORBI_3008G093000	265.068477
SORBI_3008G093101	0.02936
SORBI_3008G093200	44.991414
SORBI_3008G093300	2.573135
SORBI_3008G093500	25.555133
SORBI_3008G093600	0.100572
SORBI_3008G093700	0.029774
SORBI_3008G093900	0
SORBI_3008G094000	62.100627
SORBI_3008G094150	0
SORBI_3008G094300	5.33425
SORBI_3008G094400	13.664713
SORBI_3008G094500	0
SORBI_3008G094600	76.132644
SORBI_3008G094650	0
SORBI_3008G094700	138.277382
SORBI_3008G094800	0.067355
SORBI_3008G094900	75.365654
SORBI_3008G095000	181.402488
SORBI_3008G095100	1.088847
SORBI_3008G095150	0
SORBI_3008G095200	0.059503
SORBI_3008G095400	0.131073
SORBI_3008G095500	0
SORBI_3008G095633	0
SORBI_3008G095766	0
SORBI_3008G095900	0.9587
SORBI_3008G096000	119.703483
SORBI_3008G096050	0
SORBI_3008G096100	100.983064
SORBI_3008G096150	0
SORBI_3008G096200	1.508875
SORBI_3008G096300	0
SORBI_3008G096401	0
SORBI_3008G096500	0
SORBI_3008G096700	1.932566
SORBI_3008G096800	27.551205
SORBI_3008G096900	1.267712
SORBI_3008G097000	38.271176
SORBI_3008G097100	3.508679
SORBI_3008G097200	0
SORBI_3008G097300	0.214772
SORBI_3008G097401	58.498451
SORBI_3008G097500	1.547577
SORBI_3008G097600	28.040075
SORBI_3008G097700	0.669009
SORBI_3008G097800	0
SORBI_3008G097900	36.432162
SORBI_3008G097966	3.306614
SORBI_3008G098032	0
SORBI_3008G098098	0.722135
SORBI_3008G098164	0
SORBI_3008G098230	8.567808
SORBI_3008G098300	37.05345
SORBI_3008G098400	0.15102
SORBI_3008G098500	0
SORBI_3008G098600	33.575576
SORBI_3008G098700	0.817085
SORBI_3008G098800	444.414984
ENSRNA049995793	0
SORBI_3008G098900	105.168543
SORBI_3008G099000	0
SORBI_3008G099100	0
SORBI_3008G099166	0
SORBI_3008G099232	0.037188
SORBI_3008G099300	0.330998
SORBI_3008G099500	19.362853
SORBI_3008G099600	0
SORBI_3008G099800	40.857872
SORBI_3008G099900	1.183956
SORBI_3008G100000	834.800839
SORBI_3008G100100	36.572875
SORBI_3008G100201	0.628876
SORBI_3008G100300	0.177557
SORBI_3008G100400	0.764894
SORBI_3008G100600	0
SORBI_3008G100700	24.117754
SORBI_3008G100801	0
SORBI_3008G100900	0
SORBI_3008G100950	0.141622
SORBI_3008G101000	2.0021
SORBI_3008G101100	0.563591
SORBI_3008G101200	0.15762
SORBI_3008G101300	5.460655
SORBI_3008G101350	0
SORBI_3008G101400	3.073615
SORBI_3008G101500	0.297768
SORBI_3008G101600	91.355063
ENSRNA049437591	0
SORBI_3008G101800	42.419557
SORBI_3008G101850	0
SORBI_3008G101900	29.283059
SORBI_3008G102000	2.258909
SORBI_3008G102050	0.063595
SORBI_3008G102100	0
SORBI_3008G102150	0
SORBI_3008G102200	0
SORBI_3008G102300	0
SORBI_3008G102400	0
SORBI_3008G102466	0
SORBI_3008G102532	0
SORBI_3008G102600	45.244523
SORBI_3008G102800	0.567891
SORBI_3008G102850	0.489605
SORBI_3008G102900	0
SORBI_3008G103000	0
SORBI_3008G103066	0
SORBI_3008G103132	0
SORBI_3008G103200	87.722095
SORBI_3008G103250	0
SORBI_3008G103300	72.500666
SORBI_3008G103400	0.332977
SORBI_3008G103500	0
SORBI_3008G103700	507.141599
SORBI_3008G103800	34.672961
SORBI_3008G103900	125.810934
SORBI_3008G104000	0.497302
SORBI_3008G104100	0
SORBI_3008G104200	70.596818
SORBI_3008G104300	1.127347
SORBI_3008G104350	0.792984
SORBI_3008G104400	15.823626
SORBI_3008G104500	110.166499
SORBI_3008G104601	0.026751
SORBI_3008G104701	0
SORBI_3008G104801	0.589278
SORBI_3008G104900	0
SORBI_3008G105000	0
SORBI_3008G105100	0
SORBI_3008G105200	0
SORBI_3008G105300	28.428507
SORBI_3008G105366	2.931064
SORBI_3008G105432	12.874891
SORBI_3008G105500	0.069556
SORBI_3008G105600	0
SORBI_3008G105800	0.135894
SORBI_3008G105850	11.593459
SORBI_3008G105900	7.51718
SORBI_3008G106000	12.070917
SORBI_3008G106100	1.649906
SORBI_3008G106200	0.557359
SORBI_3008G106301	0
SORBI_3008G106400	1.957393
SORBI_3008G106500	0
SORBI_3008G106550	0
SORBI_3008G106600	1.955077
SORBI_3008G106700	124.202758
SORBI_3008G106800	164.871139
SORBI_3008G106900	9.547187
SORBI_3008G107000	16.055679
SORBI_3008G107100	0.078294
SORBI_3008G107200	16.31148
SORBI_3008G107300	2.109564
SORBI_3008G107500	17.47648
SORBI_3008G107600	0.097451
SORBI_3008G107800	6.887419
SORBI_3008G107900	10.486764
SORBI_3008G108000	0.388085
SORBI_3008G108100	0
SORBI_3008G108200	7.411947
SORBI_3008G108300	20.064959
SORBI_3008G108400	11.344747
SORBI_3008G108500	11.30436
SORBI_3008G108601	281.805802
SORBI_3008G108700	0
SORBI_3008G108800	0
SORBI_3008G108900	0
SORBI_3008G108950	0.085666
SORBI_3008G109000	0
SORBI_3008G109100	11.110135
SORBI_3008G109200	2.215693
SORBI_3008G109300	0
SORBI_3008G109400	0.129341
SORBI_3008G109500	0
SORBI_3008G109600	1.363422
SORBI_3008G109650	0
SORBI_3008G109700	9.577442
SORBI_3008G109800	0.199922
SORBI_3008G109900	8.371172
SORBI_3008G109950	0.033732
SORBI_3008G110000	0
SORBI_3008G110050	0
SORBI_3008G110101	0
SORBI_3008G110151	0.238502
SORBI_3008G110200	12.757053
SORBI_3008G110300	20.649346
SORBI_3008G110400	0.11315
SORBI_3008G110450	0
SORBI_3008G110500	16.658165
SORBI_3008G110600	10.391394
SORBI_3008G110700	1.482332
SORBI_3008G110800	6.060178
SORBI_3008G110900	0.17555
SORBI_3008G111000	0
SORBI_3008G111100	5.359387
SORBI_3008G111150	0
SORBI_3008G111200	0.269142
SORBI_3008G111300	8.461667
SORBI_3008G111400	95.372917
SORBI_3008G111500	4.536774
SORBI_3008G111600	73.663971
SORBI_3008G111700	41.010263
SORBI_3008G111800	60.20724
SORBI_3008G112000	1.281532
SORBI_3008G112100	12.168153
SORBI_3008G112200	0
SORBI_3008G112300	36.606736
SORBI_3008G112400	0
SORBI_3008G112500	3.984134
SORBI_3008G112550	0
SORBI_3008G112600	41.031804
SORBI_3008G112700	0
SORBI_3008G112800	13.004617
SORBI_3008G112900	0
SORBI_3008G113000	6.771274
SORBI_3008G113100	49.520565
SORBI_3008G113200	4.471828
SORBI_3008G113300	21.21211
SORBI_3008G113350	0
SORBI_3008G113400	0
SORBI_3008G113500	13.936061
SORBI_3008G113600	23.510284
SORBI_3008G113700	25.784394
SORBI_3008G113800	2.487661
SORBI_3008G113900	0
SORBI_3008G114000	0
SORBI_3008G114101	0
SORBI_3008G114200	0
SORBI_3008G114300	36.578242
SORBI_3008G114401	0
SORBI_3008G114500	1.311672
SORBI_3008G114600	0
SORBI_3008G114700	0.643914
SORBI_3008G114800	0
SORBI_3008G114900	0.810853
SORBI_3008G115000	33.858607
SORBI_3008G115200	4.145567
SORBI_3008G115400	4.46857
SORBI_3008G115500	74.163577
SORBI_3008G115600	37.955526
SORBI_3008G115700	0
SORBI_3008G115800	0
SORBI_3008G115900	42.255822
ENSRNA049437625	0
SORBI_3008G116000	44.548541
SORBI_3008G116100	3.646921
SORBI_3008G116200	0.257724
SORBI_3008G116300	9.499427
SORBI_3008G116400	17.229746
SORBI_3008G116500	13.393214
SORBI_3008G116600	31.393824
SORBI_3008G116700	15.546592
SORBI_3008G116800	0.820461
SORBI_3008G116900	0
SORBI_3008G117000	1.24999
SORBI_3008G117100	51.307998
SORBI_3008G117200	44.721039
SORBI_3008G117300	0
SORBI_3008G117400	0
SORBI_3008G117600	0
SORBI_3008G117800	0
SORBI_3008G117900	0
SORBI_3008G118000	0
SORBI_3008G118050	0
SORBI_3008G118100	5.189236
SORBI_3008G118200	36.753378
SORBI_3008G118300	14.95816
SORBI_3008G118400	22.377122
SORBI_3008G118500	89.499638
SORBI_3008G118600	16.010308
SORBI_3008G118700	0.646249
SORBI_3008G118800	21.179516
SORBI_3008G118900	24.49721
SORBI_3008G119000	1.122235
SORBI_3008G119100	0
SORBI_3008G119200	0
SORBI_3008G119250	0.358029
SORBI_3008G119300	0
SORBI_3008G119400	65.409407
SORBI_3008G119501	0
SORBI_3008G119600	0
SORBI_3008G119700	0.66179
SORBI_3008G119800	12.768353
SORBI_3008G119900	0.340463
SORBI_3008G120000	7.226881
SORBI_3008G120132	12.613213
SORBI_3008G120066	0
SORBI_3008G120200	0
SORBI_3008G120233	0
SORBI_3008G120266	0
SORBI_3008G120300	0
SORBI_3008G120450	0
SORBI_3008G120600	1.82679
SORBI_3008G120760	0
SORBI_3008G120920	0
SORBI_3008G121080	59.085757
SORBI_3008G121240	33.714498
SORBI_3008G121400	0
SORBI_3008G121501	0
SORBI_3008G121600	0
SORBI_3008G121700	0
SORBI_3008G121800	0
SORBI_3008G121850	0
SORBI_3008G121900	0
SORBI_3008G122001	0
SORBI_3008G122100	19.822243
SORBI_3008G122200	0
SORBI_3008G122250	0
SORBI_3008G122300	0
SORBI_3008G122400	0
SORBI_3008G122500	0.132688
SORBI_3008G122600	0.97977
SORBI_3008G122700	0
SORBI_3008G122800	0.566037
SORBI_3008G123000	0
SORBI_3008G123100	37.035146
SORBI_3008G123200	4.697607
SORBI_3008G123300	9.563416
SORBI_3008G123350	0
SORBI_3008G123400	9.260186
SORBI_3008G123500	78.443658
SORBI_3008G123600	26.978149
SORBI_3008G123700	0
SORBI_3008G123801	0.073676
SORBI_3008G123900	0.020842
SORBI_3008G124000	0.20133
SORBI_3008G124100	0.501728
SORBI_3008G124200	0
SORBI_3008G124301	0
SORBI_3008G124400	264.079424
SORBI_3008G124500	21.497838
SORBI_3008G124600	19.784033
SORBI_3008G124700	101.885682
SORBI_3008G124733	0
SORBI_3008G124766	4.967966
ENSRNA049484277	0
ENSRNA049484293	0
SORBI_3008G124800	66.695688
SORBI_3008G124900	50.21198
SORBI_3008G125000	6.763229
SORBI_3008G125100	4.311613
SORBI_3008G125200	40.174559
SORBI_3008G125300	0.060426
SORBI_3008G125400	0
SORBI_3008G125501	0
SORBI_3008G125600	0
SORBI_3008G125700	0
SORBI_3008G125801	0
SORBI_3008G125900	38.30253
SORBI_3008G126000	0.308354
SORBI_3008G126100	0
SORBI_3008G126200	76.236821
SORBI_3008G126300	0
SORBI_3008G126400	0
SORBI_3008G126500	1.952736
SORBI_3008G126600	7.675083
SORBI_3008G126700	4.611256
SORBI_3008G126800	0
SORBI_3008G127000	4.319355
SORBI_3008G127100	41.212511
SORBI_3008G127200	0
SORBI_3008G127250	1.17275
SORBI_3008G127300	0.041414
SORBI_3008G127400	16.015753
SORBI_3008G127500	56.274654
SORBI_3008G127550	2.362245
SORBI_3008G127600	0
SORBI_3008G127700	0
SORBI_3008G127800	0
SORBI_3008G127933	0
SORBI_3008G128066	0
SORBI_3008G128200	0
SORBI_3008G128500	0.242538
SORBI_3008G128600	168.751523
SORBI_3008G128800	2.38924
SORBI_3008G128900	42.394669
SORBI_3008G129000	518.311475
SORBI_3008G129100	55.108305
SORBI_3008G129200	0.940854
SORBI_3008G129300	215.030948
SORBI_3008G129400	45.066165
SORBI_3008G129500	0
SORBI_3008G129600	88.015332
SORBI_3008G129700	32.259263
SORBI_3008G129800	0
SORBI_3008G129900	15.357944
SORBI_3008G130000	32.700899
SORBI_3008G130100	30.095544
SORBI_3008G130200	10.840447
SORBI_3008G130300	0
SORBI_3008G130350	0
SORBI_3008G130400	66.910814
SORBI_3008G130500	0
SORBI_3008G130601	0
SORBI_3008G130700	0
ENSRNA049995788	0
SORBI_3008G130800	0
ENSRNA049437939	0
SORBI_3008G130900	19.965267
SORBI_3008G131000	8.583059
SORBI_3008G131100	18.26125
SORBI_3008G131200	0
SORBI_3008G131300	0
SORBI_3008G131400	0.626076
SORBI_3008G131500	2.031365
SORBI_3008G131550	0
SORBI_3008G131601	0.027923
SORBI_3008G131651	0
SORBI_3008G131700	6.844195
SORBI_3008G131800	35.548873
SORBI_3008G131900	0.124681
SORBI_3008G132000	2.109914
SORBI_3008G132200	5.479441
SORBI_3008G132250	0
SORBI_3008G132300	53.707139
SORBI_3008G132400	20.999508
SORBI_3008G132500	0.179213
SORBI_3008G132550	0
SORBI_3008G132600	38.141165
SORBI_3008G132700	548.999578
SORBI_3008G132800	131.731811
SORBI_3008G132900	30.237883
SORBI_3008G133000	0
SORBI_3008G133100	0.151868
SORBI_3008G133200	5.559969
SORBI_3008G133300	54.795556
SORBI_3008G133400	16.588949
SORBI_3008G133500	6.032241
SORBI_3008G133600	90.999368
SORBI_3008G133700	24.357815
SORBI_3008G133750	0.116585
SORBI_3008G133800	9.292754
SORBI_3008G133900	4.056585
SORBI_3008G133950	1.144498
SORBI_3008G134000	0
SORBI_3008G134100	0.562254
SORBI_3008G134300	0.549024
SORBI_3008G134401	0
SORBI_3008G134500	0
SORBI_3008G134600	0
SORBI_3008G134700	0.374342
SORBI_3008G134800	22.667426
SORBI_3008G134900	213.132289
SORBI_3008G135000	314.113427
SORBI_3008G135100	0.758549
SORBI_3008G135200	44.343971
SORBI_3008G135300	0
SORBI_3008G135401	1.592252
SORBI_3008G135500	0.254078
SORBI_3008G135600	0.170841
ENSRNA049484263	0
SORBI_3008G135701	7.446843
SORBI_3008G135800	0
SORBI_3008G135901	0
SORBI_3008G136000	3453.778263
ENSRNA049484288	0
ENSRNA049484264	0
ENSRNA049484243	0
SORBI_3008G136100	1.53508
SORBI_3008G136150	0
SORBI_3008G136200	83.006514
SORBI_3008G136400	5.580721
SORBI_3008G136500	0.452971
SORBI_3008G136601	0
SORBI_3008G136700	1.317172
ENSRNA049437718	0
SORBI_3008G136800	53.593842
SORBI_3008G136900	0
SORBI_3008G137200	4.680871
SORBI_3008G137000	0.175897
SORBI_3008G137100	11.091189
SORBI_3008G137300	0
SORBI_3008G137400	2.633217
SORBI_3008G137500	0
SORBI_3008G137600	46.537635
SORBI_3008G137700	5.155366
SORBI_3008G137800	4.922843
SORBI_3008G137901	0
SORBI_3008G138000	0
SORBI_3008G138100	0
SORBI_3008G138200	0
SORBI_3008G138300	0
SORBI_3008G138400	0
SORBI_3008G138500	4.962441
SORBI_3008G138600	2.360623
SORBI_3008G138700	0
SORBI_3008G138800	3.263912
SORBI_3008G138850	0
SORBI_3008G138900	0.049495
SORBI_3008G139000	0.092971
SORBI_3008G139100	0
SORBI_3008G139200	0
SORBI_3008G139250	0
SORBI_3008G139300	0
SORBI_3008G139400	0
SORBI_3008G139500	0.21526
SORBI_3008G139600	11.386607
SORBI_3008G139700	5.863175
SORBI_3008G139800	3.064468
SORBI_3008G139900	5.986133
ENSRNA049437758	0
SORBI_3008G140000	0.199188
SORBI_3008G140050	0
SORBI_3008G140100	43.29469
SORBI_3008G140200	4.861314
SORBI_3008G140300	0.522149
ENSRNA049437924	0
SORBI_3008G140400	46.739693
SORBI_3008G140500	0
SORBI_3008G140600	0
SORBI_3008G140700	19.18899
SORBI_3008G140800	0.78297
SORBI_3008G140900	0
SORBI_3008G141000	0
SORBI_3008G141100	0.897293
SORBI_3008G141150	0
SORBI_3008G141200	5.311918
SORBI_3008G141300	0.129064
SORBI_3008G141400	8.02044
SORBI_3008G141501	0
SORBI_3008G141600	22.089293
SORBI_3008G141700	10.40922
SORBI_3008G141800	58.314816
SORBI_3008G141833	0
SORBI_3008G141866	0
SORBI_3008G141900	0
SORBI_3008G142000	0.666215
SORBI_3008G142100	1.295316
SORBI_3008G142200	6.331509
SORBI_3008G142301	6.388084
SORBI_3008G142400	0
SORBI_3008G142450	0
SORBI_3008G142500	5.334781
SORBI_3008G142600	15.254323
SORBI_3008G142700	15.07478
SORBI_3008G142766	0.139974
SORBI_3008G142832	0
SORBI_3008G142900	0.101214
SORBI_3008G143000	0
SORBI_3008G143100	4.510154
SORBI_3008G143200	0
SORBI_3008G143300	0
SORBI_3008G143400	0
SORBI_3008G143600	1.645002
SORBI_3008G143700	6.959476
SORBI_3008G143800	1.803418
SORBI_3008G143901	0.113504
SORBI_3008G144000	0.837973
SORBI_3008G144100	0
SORBI_3008G144201	0
SORBI_3008G144300	0.698999
SORBI_3008G144401	1.535989
SORBI_3008G144500	4.04627
SORBI_3008G144600	0
SORBI_3008G144701	0
SORBI_3008G144800	84.280491
SORBI_3008G144900	27.187273
SORBI_3008G145000	0
SORBI_3008G145100	7.945406
SORBI_3008G145200	0
SORBI_3008G145300	0.126008
SORBI_3008G145400	0
SORBI_3008G145500	0
ENSRNA049484279	0
SORBI_3008G145700	0
ENSRNA049484246	0
SORBI_3008G145800	50.919063
SORBI_3008G145900	0
SORBI_3008G146000	0
SORBI_3008G146100	1.14923
SORBI_3008G146301	2.858664
SORBI_3008G146501	0
SORBI_3008G146700	5.255677
SORBI_3008G146801	0
SORBI_3008G146900	18.829469
SORBI_3008G147000	11.999456
SORBI_3008G147101	6.697275
SORBI_3008G147200	16.454015
SORBI_3008G147250	0
SORBI_3008G147300	107.085931
SORBI_3008G147400	1.929996
SORBI_3008G147500	0.905803
SORBI_3008G147600	0
SORBI_3008G147700	12.310557
SORBI_3008G147800	2.657572
SORBI_3008G147900	187.574464
SORBI_3008G148000	0.060576
SORBI_3008G148101	0
SORBI_3008G148200	0.28974
SORBI_3008G148300	1.87858
SORBI_3008G148400	28.961673
SORBI_3008G148500	1.849898
SORBI_3008G148600	0
SORBI_3008G148700	0
SORBI_3008G148900	0
SORBI_3008G149000	9.15134
SORBI_3008G149100	0.643324
SORBI_3008G149200	2.463042
SORBI_3008G149300	0
SORBI_3008G149400	0
SORBI_3008G149450	37.732078
SORBI_3008G149500	2.326181
SORBI_3008G149650	0.178949
SORBI_3008G149800	22.844571
SORBI_3008G149900	153.046471
SORBI_3008G150000	58.294868
SORBI_3008G150100	4.260887
SORBI_3008G150150	0
SORBI_3008G150200	4.491673
SORBI_3008G150300	30.85376
SORBI_3008G150400	7.925148
SORBI_3008G150500	0.126407
SORBI_3008G150700	18.182669
SORBI_3008G150800	0.063565
SORBI_3008G151000	1.673099
SORBI_3008G151100	20.775167
SORBI_3008G151200	21.975232
SORBI_3008G151300	6.802702
SORBI_3008G151366	5.938473
SORBI_3008G151432	8.89216
SORBI_3008G151500	63.127374
SORBI_3008G151600	0.987159
SORBI_3008G151900	2.560201
SORBI_3008G152000	10.450412
SORBI_3008G152100	0
SORBI_3008G152200	0
SORBI_3008G152300	3.536711
ENSRNA049437916	0
SORBI_3008G152400	0.282041
SORBI_3008G152500	4.783266
SORBI_3008G152600	68.096544
SORBI_3008G152700	3.879181
SORBI_3008G152800	94.519664
SORBI_3008G152900	7.547258
SORBI_3008G153000	20.608469
SORBI_3008G153200	5.323143
SORBI_3008G153300	0
SORBI_3008G153400	22.71407
SORBI_3008G153500	51.748648
SORBI_3008G153600	19.297574
SORBI_3008G153700	0
SORBI_3008G153801	0
SORBI_3008G153900	0
SORBI_3008G154000	0
SORBI_3008G154100	0
SORBI_3008G154200	0
SORBI_3008G154300	0
SORBI_3008G154400	0
SORBI_3008G154500	0
SORBI_3008G154600	0
SORBI_3008G154700	0
SORBI_3008G154801	0
SORBI_3008G154900	0
SORBI_3008G155000	1.188502
SORBI_3008G155150	0
SORBI_3008G155300	0
SORBI_3008G155400	23.686659
SORBI_3008G155500	0
SORBI_3008G155600	2.253411
SORBI_3008G155700	0.11936
SORBI_3008G155800	0
SORBI_3008G155900	0
SORBI_3008G156000	0
SORBI_3008G156100	0
SORBI_3008G156200	1.744974
SORBI_3008G156300	45.904673
SORBI_3008G156400	66.168856
SORBI_3008G156500	0
SORBI_3008G156600	0.111479
SORBI_3008G156700	26.081667
SORBI_3008G156800	0
SORBI_3008G156900	24.973231
SORBI_3008G157000	3.332893
SORBI_3008G157100	44.285119
SORBI_3008G157200	67.592241
SORBI_3008G157400	0.055937
SORBI_3008G157500	0
SORBI_3008G157600	27.541643
SORBI_3008G157700	0
SORBI_3008G157800	0
SORBI_3008G157900	0
SORBI_3008G157950	0.43313
SORBI_3008G158000	0
SORBI_3008G158100	4.14443
SORBI_3008G158200	0
SORBI_3008G158266	0
SORBI_3008G158332	0
SORBI_3008G158400	0
SORBI_3008G158501	0
SORBI_3008G158600	0
SORBI_3008G158666	0
SORBI_3008G158732	0
SORBI_3008G158800	0
SORBI_3008G158900	0.208274
SORBI_3008G159000	0
SORBI_3008G159100	49.185488
SORBI_3008G159150	0
SORBI_3008G159200	0
ENSRNA049995780	0
SORBI_3008G159250	2.384022
ENSRNA049995776	6.284945
SORBI_3008G159300	0
SORBI_3008G159400	6.942501
SORBI_3008G159500	3.610608
SORBI_3008G159601	0
SORBI_3008G159701	10.948826
SORBI_3008G159800	0
SORBI_3008G159901	3.168077
SORBI_3008G160000	132.805742
SORBI_3008G160100	0.180196
SORBI_3008G160150	0
SORBI_3008G160200	0
SORBI_3008G160300	0
SORBI_3008G160400	7.0734
SORBI_3008G160500	54.334699
SORBI_3008G160600	2.343835
SORBI_3008G160700	20.062013
SORBI_3008G161000	104.972571
SORBI_3008G161100	0.793404
SORBI_3008G161201	0
SORBI_3008G161300	0
SORBI_3008G161401	0.069276
SORBI_3008G161500	4.940526
SORBI_3008G161601	0.093866
SORBI_3008G161700	352.948033
SORBI_3008G161800	48.018948
SORBI_3008G161900	0
SORBI_3008G162000	130.543476
SORBI_3008G162100	11.329429
SORBI_3008G162201	0.21375
SORBI_3008G162300	10.479163
SORBI_3008G162400	0
SORBI_3008G162600	0.150368
SORBI_3008G162700	0
SORBI_3008G162900	19.097774
SORBI_3008G163000	0
SORBI_3008G163100	0
SORBI_3008G163200	0
SORBI_3008G163300	45.073494
SORBI_3008G163400	2.300215
SORBI_3008G163500	31.773308
SORBI_3008G163600	0
SORBI_3008G163700	2.643766
SORBI_3008G163750	0
SORBI_3008G163800	2.544688
SORBI_3008G163900	0
SORBI_3008G164000	0
SORBI_3008G164101	0
SORBI_3008G164201	0
SORBI_3008G164300	0
SORBI_3008G164375	0
SORBI_3008G164450	2.918532
SORBI_3008G164525	0
SORBI_3008G164600	21.287055
SORBI_3008G164700	5.067655
SORBI_3008G164800	3.166297
ENSRNA049437892	0
SORBI_3008G164850	4.747448
SORBI_3008G164900	0
SORBI_3008G165000	66.92804
SORBI_3008G165100	18.640306
SORBI_3008G165200	1.519441
SORBI_3008G165233	0
SORBI_3008G165266	0
SORBI_3008G165300	4.050282
SORBI_3008G165401	0
SORBI_3008G165500	0
SORBI_3008G165600	11.549596
SORBI_3008G165700	19.39679
SORBI_3008G165800	6.716187
SORBI_3008G165900	149.944322
SORBI_3008G166000	0
SORBI_3008G166050	1.880662
SORBI_3008G166100	3.045066
SORBI_3008G166200	0
SORBI_3008G166250	0
SORBI_3008G166300	37.509028
SORBI_3008G166400	15.574374
SORBI_3008G166550	5.935102
SORBI_3008G166700	0.065444
SORBI_3008G166800	0
SORBI_3008G166900	0
SORBI_3008G167000	0
SORBI_3008G167100	0
SORBI_3008G167200	49.409495
SORBI_3008G167300	1.170755
SORBI_3008G167401	1.404132
SORBI_3008G167500	3.998342
SORBI_3008G167400	1.072395
SORBI_3008G167600	111.759517
SORBI_3008G167700	6.408983
SORBI_3008G167800	27.357281
SORBI_3008G167900	0
SORBI_3008G168000	9.718869
SORBI_3008G168100	32.074112
SORBI_3008G168200	32.675023
SORBI_3008G168300	21.556015
SORBI_3008G168400	0.10427
SORBI_3008G168500	0
SORBI_3008G168600	0.511919
SORBI_3008G168650	0
SORBI_3008G168700	0.11775
SORBI_3008G168800	0.355754
SORBI_3008G168866	0
SORBI_3008G168932	0
SORBI_3008G169000	0
SORBI_3008G169101	0
SORBI_3008G169200	54.547757
SORBI_3008G169300	1.17433
SORBI_3008G169400	22.306648
SORBI_3008G169500	0
SORBI_3008G169650	1.697546
SORBI_3008G169800	3.371049
SORBI_3008G170000	6.499013
SORBI_3008G170100	0
SORBI_3008G170250	0
SORBI_3008G170400	0
SORBI_3008G170500	0
SORBI_3008G170600	1.746328
SORBI_3008G170800	2.480255
SORBI_3008G170700	0.27935
SORBI_3008G170900	0
SORBI_3008G171000	1.577346
SORBI_3008G171050	0
SORBI_3008G171100	0
SORBI_3008G171200	0
SORBI_3008G171300	37.37992
SORBI_3008G171400	16.987149
SORBI_3008G171500	1.057787
SORBI_3008G171600	0
SORBI_3008G171700	9.018871
SORBI_3008G171800	30.721997
SORBI_3008G171900	0.222101
SORBI_3008G172000	0
SORBI_3008G172100	46.622911
SORBI_3008G172200	0
SORBI_3008G172300	18.820286
SORBI_3008G172400	0
SORBI_3008G172500	0.062968
SORBI_3008G172600	0.354509
SORBI_3008G172700	2.487796
SORBI_3008G172800	0.572303
SORBI_3008G172900	0.035703
SORBI_3008G173000	98.603621
SORBI_3008G173100	7.080194
SORBI_3008G173200	0
SORBI_3008G173300	0
SORBI_3008G173400	32.327888
ENSRNA049483096	0
SORBI_3008G173500	0.279485
SORBI_3008G173601	0
SORBI_3008G173700	0
SORBI_3008G173800	21.788518
SORBI_3008G173900	79.687444
SORBI_3008G174000	0
SORBI_3008G174100	4.451134
SORBI_3008G174200	1.005591
SORBI_3008G174300	88.510196
SORBI_3008G174400	0
SORBI_3008G174500	0.058018
SORBI_3008G174650	14.016468
SORBI_3008G174800	0.835789
SORBI_3008G174850	0
SORBI_3008G174900	35.298877
SORBI_3008G174966	1.0586
SORBI_3008G175032	0.835097
SORBI_3008G175100	34.104904
SORBI_3008G175200	0
SORBI_3008G175300	0.270447
SORBI_3008G175400	1.107237
SORBI_3008G175501	0.254599
SORBI_3008G175600	0
SORBI_3008G175700	0.357954
SORBI_3008G175800	68.692051
SORBI_3008G175900	2.881813
SORBI_3008G175933	0
SORBI_3008G175966	0
SORBI_3008G176000	4.997662
SORBI_3008G176100	0
SORBI_3008G176200	0
SORBI_3008G176233	0
SORBI_3008G176266	0
SORBI_3008G176300	0.143733
SORBI_3008G176401	0
SORBI_3008G176500	0
SORBI_3008G176600	0
SORBI_3008G176666	0
SORBI_3008G176732	0.305795
SORBI_3008G176800	12.72559
SORBI_3008G176900	2.309157
SORBI_3008G177001	0
SORBI_3008G177100	12.22063
SORBI_3008G177200	198.859362
SORBI_3008G177400	0
SORBI_3008G177600	0
SORBI_3008G177700	0
SORBI_3008G177750	0
SORBI_3008G177800	39.294685
SORBI_3008G177850	39.715604
SORBI_3008G177900	14.571115
SORBI_3008G177950	3.236843
SORBI_3008G178000	8.954754
SORBI_3008G178100	11.51516
SORBI_3008G178200	28.295299
SORBI_3008G178300	23.241641
SORBI_3008G178400	1.797344
SORBI_3008G178450	0.252789
SORBI_3008G178500	3.706142
SORBI_3008G178533	0.405002
SORBI_3008G178566	1.295674
SORBI_3008G178600	1.778147
SORBI_3008G178701	0
SORBI_3008G178800	469.785405
SORBI_3008G178901	0
SORBI_3008G179000	2.50241
SORBI_3008G179100	0
SORBI_3008G179200	0
SORBI_3008G179400	0
SORBI_3008G179500	155.032887
SORBI_3008G179600	0.063861
SORBI_3008G179700	40.000774
SORBI_3008G179800	8.604592
SORBI_3008G179900	510.53622
SORBI_3008G180000	0
SORBI_3008G180200	0
SORBI_3008G180300	0.38078
SORBI_3008G180400	1.254012
SORBI_3008G180500	3.902247
SORBI_3008G180550	0
SORBI_3008G180600	0
SORBI_3008G180701	0
SORBI_3008G180800	12.448253
SORBI_3008G180900	60.475513
SORBI_3008G181000	0
SORBI_3008G181050	0
SORBI_3008G181100	0
SORBI_3008G181200	0
SORBI_3008G181250	0.078736
SORBI_3008G181300	5.90769
SORBI_3008G181400	0.972979
SORBI_3008G181600	0
SORBI_3008G181701	0
SORBI_3008G181801	34.108041
SORBI_3008G181900	0
SORBI_3008G182000	0
SORBI_3008G182100	0
SORBI_3008G182200	0
SORBI_3008G182300	0.366079
SORBI_3008G182350	0
SORBI_3008G182400	0.913618
SORBI_3008G182500	0
SORBI_3008G182600	9.496638
SORBI_3008G182700	3.675047
SORBI_3008G182800	4.779121
SORBI_3008G182900	0.360476
SORBI_3008G183000	0
SORBI_3008G183100	0
SORBI_3008G183150	0
SORBI_3008G183200	0
SORBI_3008G183300	0
SORBI_3008G183400	3.972585
SORBI_3008G183500	0
SORBI_3008G183600	0.699114
SORBI_3008G183700	29.667638
SORBI_3008G183800	0
SORBI_3008G183900	2.75757
SORBI_3008G184000	0
SORBI_3008G184100	0
SORBI_3008G184201	0
SORBI_3008G184300	0
SORBI_3008G184400	0
SORBI_3008G184500	0
SORBI_3008G184600	0.234191
SORBI_3008G184700	0
SORBI_3008G184800	0
SORBI_3008G184900	5.244603
SORBI_3008G185000	0
SORBI_3008G185066	0.488037
SORBI_3008G185132	0
SORBI_3008G185200	3.189186
SORBI_3008G185300	0.704711
SORBI_3008G185400	174.239089
SORBI_3008G185500	24.608985
SORBI_3008G185600	14.833539
SORBI_3008G185800	19.424679
ENSRNA049437857	0
SORBI_3008G185900	1199.621839
SORBI_3008G186000	0.315236
SORBI_3008G186100	1.185306
SORBI_3008G186200	47.251084
SORBI_3008G186300	25.473944
SORBI_3008G186400	0.983088
SORBI_3008G186500	1.256774
SORBI_3008G186600	5.113224
SORBI_3008G186700	0
SORBI_3008G186800	0.289467
SORBI_3008G186900	0
SORBI_3008G187001	2.329147
SORBI_3008G187100	2.481597
SORBI_3008G187200	0.105238
SORBI_3008G187300	4.560555
SORBI_3008G187400	1.981014
SORBI_3008G187450	0.290715
SORBI_3008G187500	1.931299
SORBI_3008G187566	0
SORBI_3008G187632	0
SORBI_3008G187700	0
SORBI_3008G187800	10.385791
SORBI_3008G187900	2.604371
ENSRNA049437879	0
SORBI_3008G188000	6.75672
SORBI_3008G188100	2.342622
SORBI_3008G188200	0
SORBI_3008G188300	0
SORBI_3008G188400	2.798722
SORBI_3008G188500	0
SORBI_3008G188600	6.15043
SORBI_3008G188700	66.197218
SORBI_3008G188800	1.785006
SORBI_3008G188900	127.063616
SORBI_3008G188950	0
SORBI_3008G189000	0
SORBI_3008G189100	7.703033
SORBI_3008G189200	50.104282
SORBI_3008G189300	80.191661
SORBI_3008G189400	115.668498
SORBI_3008G189500	0
SORBI_3008G189600	0.975498
SORBI_3008G189700	0.192353
SORBI_3008G189800	0
SORBI_3008G189900	7.049257
SORBI_3008G190000	0.581719
SORBI_3008G190100	96.407765
SORBI_3008G190200	2.178499
SORBI_3008G190300	0
SORBI_3008G190400	2.619668
SORBI_3008G190500	51.887615
SORBI_3008G190600	3.797804
SORBI_3008G190700	15.436466
SORBI_3008G190800	0.145507
SORBI_3008G190900	26.484295
SORBI_3008G191000	3.694578
SORBI_3008G191100	8.918843
SORBI_3008G191200	8.82081
SORBI_3008G191300	4.371591
SORBI_3008G191400	5.575406
SORBI_3008G191500	6.857355
SORBI_3008G191600	7.319537
SORBI_3008G191700	0
SORBI_3008G191800	0
SORBI_3008G191850	1.051035
SORBI_3008G191900	0
SORBI_3008G192000	68.103059
SORBI_3008G192100	0.265049
SORBI_3008G192200	0
SORBI_3008G192300	5.361895
SORBI_3008G192400	0.204513
SORBI_3008G192500	7.016699
SORBI_3008G192600	56.439082
SORBI_3008G192700	69.885332
SORBI_3008G192800	61.582999
SORBI_3008G192900	58.041473
SORBI_3008G193000	0.340505
SORBI_3008G193200	3.402126
SORBI_3008G193300	82.45262
SORBI_3008G193400	0.622109
SORBI_3009G000100	10.720775
SORBI_3009G000200	39.169354
SORBI_3009G000300	7.114748
SORBI_3009G000400	101.692114
SORBI_3009G000500	140.572452
SORBI_3009G000600	0.646521
SORBI_3009G000700	7.271863
SORBI_3009G000801	0.2187
SORBI_3009G000900	0.378824
SORBI_3009G001000	0.107151
SORBI_3009G001100	2.185674
SORBI_3009G001200	13.882908
SORBI_3009G001300	7.486477
SORBI_3009G001400	156.246032
SORBI_3009G001500	239.972318
SORBI_3009G001600	0
SORBI_3009G001700	39.952052
SORBI_3009G001800	21.471757
SORBI_3009G001900	13.722406
SORBI_3009G002000	46.949194
SORBI_3009G002100	2.320872
SORBI_3009G002200	0.306131
SORBI_3009G002300	16.143753
SORBI_3009G002400	4.563067
SORBI_3009G002500	0
SORBI_3009G002600	8.369421
SORBI_3009G002700	0
SORBI_3009G002800	8.137941
SORBI_3009G002900	0.224401
SORBI_3009G003000	48.084863
SORBI_3009G003300	59.230017
SORBI_3009G003400	0
SORBI_3009G003500	3.411121
SORBI_3009G003600	1.005422
SORBI_3009G003700	58.902565
SORBI_3009G003800	12.630648
SORBI_3009G003900	23.555159
SORBI_3009G004000	0
SORBI_3009G004100	12.173641
SORBI_3009G004200	23.747918
SORBI_3009G004300	26.939856
SORBI_3009G004400	8.836501
SORBI_3009G004500	0.427292
SORBI_3009G004600	95.387206
SORBI_3009G004700	9.969537
SORBI_3009G004800	4.79734
SORBI_3009G004900	0.072993
SORBI_3009G004950	0.611767
SORBI_3009G005000	0.769531
SORBI_3009G005100	28.267145
SORBI_3009G005200	0
SORBI_3009G005300	0
SORBI_3009G005400	44.892747
ENSRNA049444139	0
ENSRNA049444134	0
SORBI_3009G005500	40.873845
SORBI_3009G005600	0
SORBI_3009G005700	0.931307
SORBI_3009G005800	2.435214
SORBI_3009G005750	0
SORBI_3009G005900	657.416556
SORBI_3009G006000	29.540044
SORBI_3009G006100	203.12781
SORBI_3009G006200	3.118958
SORBI_3009G006300	0.136382
SORBI_3009G006400	0
SORBI_3009G006500	0.733408
SORBI_3009G006600	0.443663
SORBI_3009G006700	0
SORBI_3009G006800	0
SORBI_3009G006900	12.732491
SORBI_3009G007100	0
ENSRNA049444126	0
SORBI_3009G007200	11.443308
SORBI_3009G007300	0
SORBI_3009G007500	0
SORBI_3009G007600	0.613897
SORBI_3009G007700	34.527382
SORBI_3009G007800	26.056466
SORBI_3009G007901	0
SORBI_3009G008000	0
SORBI_3009G008100	94.702228
SORBI_3009G008200	9.414188
SORBI_3009G008300	0
SORBI_3009G008400	0.211698
SORBI_3009G008600	29.490594
SORBI_3009G008701	0
SORBI_3009G008800	0
SORBI_3009G008900	233.587007
SORBI_3009G009000	0
SORBI_3009G009100	2.677485
SORBI_3009G009200	7.243356
SORBI_3009G009300	0
SORBI_3009G009400	2.122017
SORBI_3009G009500	1.377683
SORBI_3009G009600	47.616775
SORBI_3009G009700	11.966773
SORBI_3009G009800	0.325623
SORBI_3009G009900	0
SORBI_3009G010000	0
SORBI_3009G010150	0
SORBI_3009G010300	25.371819
SORBI_3009G010400	49.881461
SORBI_3009G010600	9.674061
SORBI_3009G010700	3.452631
SORBI_3009G010800	0
SORBI_3009G010900	10.3011
SORBI_3009G011000	0.097904
SORBI_3009G011050	0
SORBI_3009G011100	0.224354
SORBI_3009G011200	0
SORBI_3009G011300	0
SORBI_3009G011400	27.884449
SORBI_3009G011500	5.157776
SORBI_3009G011600	15.786071
SORBI_3009G011700	100.477659
SORBI_3009G011800	0.830224
SORBI_3009G011901	13.639565
SORBI_3009G012000	4.931709
SORBI_3009G012100	0
SORBI_3009G012200	0.114149
SORBI_3009G012300	0.180832
SORBI_3009G012400	0
SORBI_3009G012500	0
SORBI_3009G012550	0.147367
SORBI_3009G012600	5.077792
SORBI_3009G012700	36.890203
SORBI_3009G012800	6.580399
SORBI_3009G012900	0
SORBI_3009G013000	25.73452
SORBI_3009G013100	35.965056
SORBI_3009G013200	0.363834
SORBI_3009G013300	9.102071
SORBI_3009G013400	15.136477
SORBI_3009G013600	0
SORBI_3009G013700	10.470208
SORBI_3009G013800	1.535295
SORBI_3009G013850	0
SORBI_3009G013900	246.896828
SORBI_3009G014100	5.75965
SORBI_3009G014000	2.447103
SORBI_3009G014200	7.793474
SORBI_3009G014266	14.616005
SORBI_3009G014332	6.049078
SORBI_3009G014400	0.341409
SORBI_3009G014500	1.384071
SORBI_3009G014600	0
SORBI_3009G014700	0.148278
SORBI_3009G014800	0
SORBI_3009G014900	0
SORBI_3009G015000	15.464602
SORBI_3009G015100	37.919948
SORBI_3009G015133	0
SORBI_3009G015166	0
SORBI_3009G015200	0.011226
SORBI_3009G015300	0
SORBI_3009G015400	0.161363
SORBI_3009G015500	0
SORBI_3009G015600	0
SORBI_3009G015700	122.731212
SORBI_3009G015800	158.943985
SORBI_3009G015900	2.771384
SORBI_3009G016000	51.106268
SORBI_3009G016100	0.072371
SORBI_3009G016201	28.17976
SORBI_3009G016300	0
SORBI_3009G016400	17.108234
SORBI_3009G016500	39.382623
SORBI_3009G016600	176.489832
SORBI_3009G016633	104.067218
SORBI_3009G016666	9.72157
SORBI_3009G016700	0
SORBI_3009G016800	7.82195
SORBI_3009G016900	0
SORBI_3009G017000	0
SORBI_3009G017100	0
SORBI_3009G017200	25.301408
SORBI_3009G017300	0
SORBI_3009G017400	20.530619
SORBI_3009G017500	30.095439
SORBI_3009G017600	38.058149
SORBI_3009G017666	1.963496
SORBI_3009G017732	0
SORBI_3009G017800	284.134015
SORBI_3009G018000	0.536188
SORBI_3009G018100	0
SORBI_3009G018200	0
SORBI_3009G018300	0.050485
SORBI_3009G018450	0.581358
SORBI_3009G018600	0
SORBI_3009G018700	0
SORBI_3009G018800	0
SORBI_3009G018900	0.386216
SORBI_3009G019000	0.812041
SORBI_3009G019100	1.151027
SORBI_3009G019200	13.633434
SORBI_3009G019301	0
SORBI_3009G019400	0
SORBI_3009G019550	0
SORBI_3009G019700	0
SORBI_3009G019800	1.416443
SORBI_3009G019900	0
SORBI_3009G020000	0
ENSRNA049443316	0
SORBI_3009G020100	8.282871
SORBI_3009G020200	0
SORBI_3009G020300	0
SORBI_3009G020500	73.072717
SORBI_3009G020600	0.152019
SORBI_3009G020700	0.348523
SORBI_3009G020800	0
SORBI_3009G020900	31.050939
SORBI_3009G020950	2.228913
SORBI_3009G021000	0
SORBI_3009G021050	0
SORBI_3009G021100	0
SORBI_3009G021300	0
SORBI_3009G021400	0
SORBI_3009G021500	0.556831
SORBI_3009G021600	0
SORBI_3009G021700	0
SORBI_3009G021800	0
SORBI_3009G021900	29.902686
SORBI_3009G022000	6.122122
SORBI_3009G022100	38.170185
SORBI_3009G022200	180.50238
SORBI_3009G022400	154.70166
ENSRNA049480000	0
ENSRNA049479980	0
SORBI_3009G022500	4.582215
SORBI_3009G022600	0.143148
SORBI_3009G022700	4.959437
SORBI_3009G022800	24.646175
SORBI_3009G022900	0.037081
SORBI_3009G023050	0
SORBI_3009G023200	275.550673
SORBI_3009G023300	0
SORBI_3009G023401	39.689426
SORBI_3009G023501	0
SORBI_3009G023600	8.783262
SORBI_3009G023700	3.83651
SORBI_3009G023801	4.230927
SORBI_3009G023900	0
SORBI_3009G024000	12.989979
SORBI_3009G024100	2.456651
SORBI_3009G024133	0
SORBI_3009G024166	0
SORBI_3009G024200	85.328135
SORBI_3009G024300	28.472462
SORBI_3009G024400	9.814577
SORBI_3009G024500	7.031747
SORBI_3009G024600	24.341504
SORBI_3009G024650	0
SORBI_3009G024700	0
SORBI_3009G024800	0.25764
SORBI_3009G024900	0.377738
SORBI_3009G025000	0
SORBI_3009G025100	0.63473
SORBI_3009G025200	2.456347
SORBI_3009G025300	0
SORBI_3009G025400	0.051667
SORBI_3009G025500	0
SORBI_3009G025600	0
ENSRNA049443353	0
SORBI_3009G025700	3.318786
ENSRNA049443369	0
SORBI_3009G025750	0
SORBI_3009G025800	244.612743
SORBI_3009G025900	0.18124
SORBI_3009G025950	0
SORBI_3009G026000	0
SORBI_3009G026101	15.215201
SORBI_3009G026200	397.312998
SORBI_3009G026300	16.559846
SORBI_3009G026400	0
SORBI_3009G026500	88.080519
SORBI_3009G026600	0
SORBI_3009G026650	0
SORBI_3009G026700	0
SORBI_3009G026800	4.109713
SORBI_3009G026850	0
SORBI_3009G026900	0.076977
SORBI_3009G027000	64.158686
SORBI_3009G027100	6.106289
SORBI_3009G027200	0.376912
SORBI_3009G027300	56.859432
SORBI_3009G027350	1.638764
SORBI_3009G027550	1.05201
SORBI_3009G027400	0
SORBI_3009G027700	0.858983
SORBI_3009G027800	46.341148
SORBI_3009G027900	31.931857
SORBI_3009G028100	3.099422
SORBI_3009G028200	0.920175
SORBI_3009G028300	4.382581
SORBI_3009G028400	22.820625
SORBI_3009G028500	127.436924
SORBI_3009G028600	0.335795
SORBI_3009G028650	0
SORBI_3009G028700	0
SORBI_3009G028800	4.359675
SORBI_3009G028901	4.323688
SORBI_3009G029001	1.216415
SORBI_3009G029100	0
SORBI_3009G029300	0
SORBI_3009G029500	36.77879
SORBI_3009G029600	108.999223
SORBI_3009G029700	17.123883
SORBI_3009G029800	0
SORBI_3009G029900	0
SORBI_3009G030001	0
SORBI_3009G030100	179.066722
ENSRNA049479941	0
SORBI_3009G030200	117.916193
SORBI_3009G030300	44.041763
SORBI_3009G030400	64.206388
SORBI_3009G030501	0
SORBI_3009G030600	14.405611
SORBI_3009G030701	0.251206
SORBI_3009G030800	18.963745
SORBI_3009G030900	24.711274
SORBI_3009G031000	0.064025
SORBI_3009G031100	2.571296
SORBI_3009G031200	16.181108
SORBI_3009G031300	2.311385
SORBI_3009G031400	12.466976
SORBI_3009G031450	1.116605
SORBI_3009G031500	7.801662
SORBI_3009G031600	2.628933
SORBI_3009G031700	0
SORBI_3009G031800	0
SORBI_3009G031900	0
SORBI_3009G032000	0.884764
SORBI_3009G032100	1.829299
SORBI_3009G032200	31.957556
SORBI_3009G032300	94.179842
SORBI_3009G032350	0
SORBI_3009G032400	33.246607
SORBI_3009G032500	7.307417
SORBI_3009G032533	0
SORBI_3009G032566	0
SORBI_3009G032600	17.684039
SORBI_3009G032700	0
SORBI_3009G032800	0
SORBI_3009G032900	0
SORBI_3009G033000	3.875135
SORBI_3009G033100	7.649226
SORBI_3009G033200	215.774608
SORBI_3009G033300	20.897374
SORBI_3009G033400	5.121362
SORBI_3009G033500	8.56605
SORBI_3009G033600	648.479581
SORBI_3009G033700	146.848274
SORBI_3009G033800	7.031392
SORBI_3009G033900	11.878887
SORBI_3009G034000	4.404178
SORBI_3009G034100	7.433861
SORBI_3009G034200	16.517542
SORBI_3009G034250	0
SORBI_3009G034300	69.142399
SORBI_3009G034400	5.468822
SORBI_3009G034500	0.034857
SORBI_3009G034600	73.436541
SORBI_3009G034700	296.20018
SORBI_3009G034800	1.051386
SORBI_3009G035000	1.894685
SORBI_3009G035100	0.761286
SORBI_3009G035200	2.71303
SORBI_3009G035300	0
SORBI_3009G035400	0
SORBI_3009G035500	0
SORBI_3009G035601	0
SORBI_3009G035700	0
SORBI_3009G035900	0
SORBI_3009G036000	496.619855
SORBI_3009G036100	2657.338705
SORBI_3009G036200	32.001784
SORBI_3009G036300	19.908952
SORBI_3009G036333	2.171564
SORBI_3009G036366	0
SORBI_3009G036400	37.536926
SORBI_3009G036450	0
SORBI_3009G036500	0.853858
SORBI_3009G036700	31.504143
SORBI_3009G036800	0.800876
SORBI_3009G036900	142.598115
SORBI_3009G037000	37.362653
SORBI_3009G037050	0
SORBI_3009G037100	0
SORBI_3009G037200	0
SORBI_3009G037300	0
SORBI_3009G037400	0
SORBI_3009G037500	0.059514
SORBI_3009G037600	19.995502
SORBI_3009G037700	4.061837
SORBI_3009G037800	51.058955
SORBI_3009G038000	10.916382
SORBI_3009G038100	11.641821
SORBI_3009G038200	1.993446
SORBI_3009G038300	1.457779
SORBI_3009G038401	6.581394
SORBI_3009G038501	0
SORBI_3009G038600	12.902695
SORBI_3009G038701	31.310345
SORBI_3009G038800	0.421038
SORBI_3009G038900	80.615532
SORBI_3009G039000	0
SORBI_3009G039100	0
SORBI_3009G039200	0
SORBI_3009G039300	0
SORBI_3009G039400	0
SORBI_3009G039500	0
SORBI_3009G039600	0
SORBI_3009G039700	0
SORBI_3009G039800	2.507934
SORBI_3009G039900	0
SORBI_3009G040000	0
SORBI_3009G040100	0
SORBI_3009G040175	1.112228
SORBI_3009G040250	20.389511
SORBI_3009G040325	14.345445
SORBI_3009G040400	35.605548
SORBI_3009G040500	105.15733
SORBI_3009G040600	35.975644
SORBI_3009G040700	66.429549
ENSRNA049444114	0
SORBI_3009G040800	23.171045
SORBI_3009G040900	7.435406
SORBI_3009G041000	0.278729
SORBI_3009G041100	0
SORBI_3009G041200	0
SORBI_3009G041301	0.243418
SORBI_3009G041400	5.025856
SORBI_3009G041600	4.090592
SORBI_3009G041700	37.692547
SORBI_3009G041800	51.928376
SORBI_3009G041900	0
SORBI_3009G042000	0.774161
SORBI_3009G042100	22.292695
SORBI_3009G042200	12.880931
SORBI_3009G042300	5.139548
SORBI_3009G042400	1.947697
SORBI_3009G042500	2.533729
SORBI_3009G042600	4.987683
SORBI_3009G042700	61.982324
SORBI_3009G042800	1.035762
SORBI_3009G042900	51.89535
SORBI_3009G043000	55.653086
SORBI_3009G043100	2.371795
SORBI_3009G043200	0
SORBI_3009G043400	0.554946
SORBI_3009G043500	9.903718
SORBI_3009G043600	25.599192
SORBI_3009G043700	5.421225
SORBI_3009G043800	0.363585
SORBI_3009G043900	0.688231
SORBI_3009G044000	0
SORBI_3009G044100	0
SORBI_3009G044200	0
SORBI_3009G044300	8.633021
SORBI_3009G044400	23.014488
SORBI_3009G044501	0
SORBI_3009G044600	26.98639
SORBI_3009G044700	4.94165
SORBI_3009G044800	221.611023
SORBI_3009G044900	107.228715
ENSRNA049479993	0
SORBI_3009G045000	31.425103
SORBI_3009G045100	47.563576
SORBI_3009G045200	13.909186
SORBI_3009G045300	8.982227
SORBI_3009G045400	3.509304
SORBI_3009G045500	0.627464
SORBI_3009G045600	2.998605
SORBI_3009G045700	8.649122
SORBI_3009G045800	48.100651
SORBI_3009G045900	32.459022
SORBI_3009G046000	0
SORBI_3009G046100	46.90366
SORBI_3009G046200	0.782694
SORBI_3009G046300	0
SORBI_3009G046400	0
SORBI_3009G046500	0.670501
SORBI_3009G046600	448.50963
SORBI_3009G046700	28.020112
SORBI_3009G046800	64.403504
SORBI_3009G046900	9.247855
SORBI_3009G047000	1.033692
SORBI_3009G047033	0
SORBI_3009G047066	0
SORBI_3009G047100	0
SORBI_3009G047200	73.729293
SORBI_3009G047150	0
SORBI_3009G047400	0
SORBI_3009G047500	0
SORBI_3009G047600	0.373828
SORBI_3009G047700	3.432487
SORBI_3009G047800	0
SORBI_3009G047900	0
SORBI_3009G048000	2.041897
SORBI_3009G048100	2.607835
SORBI_3009G048201	0
SORBI_3009G048300	0
SORBI_3009G048350	0
SORBI_3009G048400	0
SORBI_3009G048466	0
SORBI_3009G048532	0
SORBI_3009G048600	0
SORBI_3009G048700	0
SORBI_3009G048800	37.962528
ENSRNA049995770	0
SORBI_3009G048900	0
SORBI_3009G049000	0.120777
SORBI_3009G049100	0
SORBI_3009G049200	14.737947
SORBI_3009G049300	43.721361
SORBI_3009G049400	97.79436
SORBI_3009G049500	0
SORBI_3009G049600	0.753358
SORBI_3009G049701	0
SORBI_3009G049800	8.652221
SORBI_3009G049850	0
SORBI_3009G049900	1.771313
SORBI_3009G050000	45.148007
SORBI_3009G050100	61.6925
SORBI_3009G050200	21.49736
SORBI_3009G050300	496.388644
ENSRNA049479997	0
SORBI_3009G050400	17.120207
SORBI_3009G050500	63.77074
SORBI_3009G050600	5.317049
SORBI_3009G050700	304.436055
SORBI_3009G050800	0
SORBI_3009G050900	32.5632
SORBI_3009G051001	0
SORBI_3009G051101	0
SORBI_3009G051201	0
SORBI_3009G051301	0
SORBI_3009G051400	0.141314
SORBI_3009G051500	5.153735
SORBI_3009G051600	95.707723
SORBI_3009G051700	50.3387
ENSRNA049444086	0
SORBI_3009G051800	0.824338
SORBI_3009G051900	0
SORBI_3009G052000	0.930968
SORBI_3009G052100	17.142074
SORBI_3009G052200	53.567298
SORBI_3009G052300	0
SORBI_3009G052400	0
SORBI_3009G052500	7.695166
SORBI_3009G052600	349.153569
SORBI_3009G052700	13.604854
SORBI_3009G052800	0
SORBI_3009G052901	4.067442
SORBI_3009G053001	0
SORBI_3009G053101	11.652229
SORBI_3009G053201	0.253055
SORBI_3009G053300	0.333553
SORBI_3009G053400	0.882311
SORBI_3009G053500	0
SORBI_3009G053600	7.391194
SORBI_3009G053700	0.114813
SORBI_3009G053800	13.741098
SORBI_3009G053900	64.809401
SORBI_3009G054000	40.774969
SORBI_3009G054100	8.905727
SORBI_3009G054200	0.937238
SORBI_3009G054301	51.763966
SORBI_3009G054400	2.625707
SORBI_3009G054450	0
SORBI_3009G054500	10.61074
SORBI_3009G054600	34.239525
SORBI_3009G054700	33.765566
SORBI_3009G054800	333.101655
SORBI_3009G054900	14.083676
SORBI_3009G055000	0.071262
SORBI_3009G055100	6.663519
SORBI_3009G055200	2.830595
SORBI_3009G055300	0.433586
ENSRNA049443400	0
SORBI_3009G055400	38.224909
SORBI_3009G055500	0.333341
SORBI_3009G055550	8.458865
SORBI_3009G055600	33.457824
SORBI_3009G055700	0.37659
SORBI_3009G055800	5.069806
SORBI_3009G055900	8.683002
SORBI_3009G055966	0
SORBI_3009G056032	0
SORBI_3009G056100	0.045988
SORBI_3009G056200	155.484843
SORBI_3009G056300	34.925731
SORBI_3009G056400	0.166815
SORBI_3009G056500	19.923154
SORBI_3009G056600	0
SORBI_3009G056700	24.593345
SORBI_3009G056800	43.876293
SORBI_3009G056900	0
SORBI_3009G056950	0
SORBI_3009G057000	0
SORBI_3009G057100	0.223266
SORBI_3009G057200	8.161761
SORBI_3009G057300	34.573088
SORBI_3009G057400	31.502058
SORBI_3009G057500	26.387728
SORBI_3009G057600	5.08779
SORBI_3009G057700	8.624043
SORBI_3009G057750	0
ENSRNA049444059	0
SORBI_3009G057800	0.809764
SORBI_3009G057900	52.701434
ENSRNA049443413	0
ENSRNA049995762	0
SORBI_3009G058100	0
SORBI_3009G058200	0
SORBI_3009G058300	0
SORBI_3009G058400	0
SORBI_3009G058500	10.14988
SORBI_3009G058600	0
SORBI_3009G058800	0.411076
ENSRNA049443429	0
SORBI_3009G059000	0.491316
SORBI_3009G058900	0
SORBI_3009G059100	0
SORBI_3009G059200	0
SORBI_3009G059300	40.627081
SORBI_3009G059400	56.046831
SORBI_3009G059500	52.016367
SORBI_3009G059600	2.483334
SORBI_3009G059700	68.093428
SORBI_3009G059800	0
SORBI_3009G059866	0
SORBI_3009G059932	0
SORBI_3009G060000	0
SORBI_3009G060100	0
SORBI_3009G060300	18.220595
SORBI_3009G060400	4.497836
SORBI_3009G060501	0
SORBI_3009G060600	0
SORBI_3009G060700	0
SORBI_3009G060800	0
SORBI_3009G060900	0
SORBI_3009G061000	8.5487
SORBI_3009G061100	0
SORBI_3009G061200	5.434475
SORBI_3009G061300	0.771294
SORBI_3009G061400	0.120977
SORBI_3009G061500	0
SORBI_3009G061601	0.014854
SORBI_3009G061700	0.076949
SORBI_3009G061800	0
SORBI_3009G061900	0
SORBI_3009G062000	173.617109
SORBI_3009G062150	0
SORBI_3009G062300	0
SORBI_3009G062400	72.835854
SORBI_3009G062500	6.33274
SORBI_3009G062600	0
SORBI_3009G062701	10.019167
SORBI_3009G062800	19.500041
SORBI_3009G062900	20.14134
SORBI_3009G063000	0
SORBI_3009G063100	9.410666
SORBI_3009G063200	0.88924
SORBI_3009G063301	21.571283
SORBI_3009G063400	153.345192
SORBI_3009G063450	0.788916
SORBI_3009G063500	0.446108
SORBI_3009G063700	0
SORBI_3009G063800	25.357867
SORBI_3009G063900	19.086902
SORBI_3009G064000	35.611885
SORBI_3009G064100	0
SORBI_3009G064200	1.95192
SORBI_3009G064250	0
SORBI_3009G064300	0.249251
SORBI_3009G064400	7.349509
SORBI_3009G064500	0.295483
SORBI_3009G064600	0
SORBI_3009G064700	0
SORBI_3009G064766	17.96756
SORBI_3009G064832	0.123471
SORBI_3009G064900	12.464466
SORBI_3009G065000	59.944206
SORBI_3009G065100	48.024106
SORBI_3009G065200	20.335878
SORBI_3009G065300	29.501097
SORBI_3009G065400	116.769659
SORBI_3009G065500	0
SORBI_3009G065600	15.941452
SORBI_3009G065700	0
SORBI_3009G065800	0
SORBI_3009G065900	26.536782
SORBI_3009G066000	0.759286
SORBI_3009G066100	0.084973
SORBI_3009G066200	12.791338
SORBI_3009G066300	0.508714
SORBI_3009G066400	8.180351
SORBI_3009G066500	1.004499
SORBI_3009G066600	0.652455
SORBI_3009G066700	0
SORBI_3009G066800	29.35252
SORBI_3009G066850	0
SORBI_3009G066900	219.557786
SORBI_3009G067000	84.383743
ENSRNA049443446	0
SORBI_3009G067100	0
SORBI_3009G067200	1.674127
SORBI_3009G067301	12.478192
SORBI_3009G067400	79.393553
SORBI_3009G067450	0
SORBI_3009G067501	4.536774
SORBI_3009G067551	15.28267
SORBI_3009G067600	0
SORBI_3009G067700	0
SORBI_3009G067800	0
SORBI_3009G068000	8.980638
ENSRNA049444042	0
SORBI_3009G068100	163.583801
SORBI_3009G068200	68.186926
SORBI_3009G068300	6.264149
SORBI_3009G068350	0
SORBI_3009G068400	0
SORBI_3009G068500	267.314612
SORBI_3009G068600	0.362097
SORBI_3009G068700	47.206272
SORBI_3009G068800	4.727161
SORBI_3009G068900	131.083583
SORBI_3009G069000	29.445822
ENSRNA049479815	0
ENSRNA049479757	0
ENSRNA049479887	0
ENSRNA049479862	0
ENSRNA049479914	0
ENSRNA049479723	0
ENSRNA049479718	0
ENSRNA049479597	0
ENSRNA049479824	0
ENSRNA049479791	0
ENSRNA049479599	0
ENSRNA049479694	0
ENSRNA049479802	0
ENSRNA049479923	0
ENSRNA049479603	0
ENSRNA049479792	0
ENSRNA049479646	0
ENSRNA049478998	0
ENSRNA049479805	0
ENSRNA049479001	0
ENSRNA049479005	0
ENSRNA049479008	0
ENSRNA049479654	0
ENSRNA049478964	0
ENSRNA049479826	0
ENSRNA049479617	0
ENSRNA049479010	0
ENSRNA049479015	0
ENSRNA049479017	0
ENSRNA049479019	0
ENSRNA049479727	0
ENSRNA049479656	0
ENSRNA049479846	0
ENSRNA049479749	0
ENSRNA049479023	0
ENSRNA049479026	0
ENSRNA049479030	0
ENSRNA049479032	0
ENSRNA049479034	0
ENSRNA049479038	0
ENSRNA049479671	0
ENSRNA049479746	0
ENSRNA049479042	0
ENSRNA049479813	0
ENSRNA049479046	0
ENSRNA049479049	0
ENSRNA049479056	0
ENSRNA049479058	0
ENSRNA049478967	0
ENSRNA049479062	0
ENSRNA049479064	0
ENSRNA049479638	0
ENSRNA049479930	0
ENSRNA049479070	0
ENSRNA049479073	0
ENSRNA049479775	0
ENSRNA049479762	0
ENSRNA049479841	0
ENSRNA049479771	0
ENSRNA049479076	0
ENSRNA049479080	0
ENSRNA049479083	0
SORBI_3009G069100	0
ENSRNA049479779	0
ENSRNA049479086	0
ENSRNA049479095	0
ENSRNA049479100	0
ENSRNA049479103	0
ENSRNA049478972	0
ENSRNA049478976	0
ENSRNA049479933	0
ENSRNA049479108	0
ENSRNA049479111	0
ENSRNA049479117	0
ENSRNA049479121	0
ENSRNA049478978	0
ENSRNA049479830	0
ENSRNA049479794	0
ENSRNA049479606	0
ENSRNA049479697	0
ENSRNA049479807	0
ENSRNA049479927	0
ENSRNA049479610	0
ENSRNA049479720	0
ENSRNA049479613	0
ENSRNA049479124	0
ENSRNA049479128	0
ENSRNA049479133	0
ENSRNA049479138	0
ENSRNA049479142	0
ENSRNA049479146	0
ENSRNA049479149	0
ENSRNA049479687	0
ENSRNA049479154	0
ENSRNA049479161	0
ENSRNA049479165	0
ENSRNA049479171	0
ENSRNA049479172	0
ENSRNA049479180	0
ENSRNA049479766	0
ENSRNA049479182	0
ENSRNA049479189	0
ENSRNA049479193	0
ENSRNA049479195	0
ENSRNA049479818	0
ENSRNA049479938	0
ENSRNA049479882	0
ENSRNA049479851	0
ENSRNA049479198	0
ENSRNA049479200	0
ENSRNA049479704	0
ENSRNA049479636	0
ENSRNA049479206	0
ENSRNA049479208	0
ENSRNA049479652	0
ENSRNA049479834	0
ENSRNA049479212	0
ENSRNA049479215	0
ENSRNA049479216	0
ENSRNA049479936	0
ENSRNA049479220	0
ENSRNA049479224	0
ENSRNA049479227	0
ENSRNA049479229	0
ENSRNA049479628	0
ENSRNA049479661	0
ENSRNA049479621	0
ENSRNA049479625	0
ENSRNA049479232	0
ENSRNA049479236	0
ENSRNA049479240	0
ENSRNA049479714	0
ENSRNA049479893	0
ENSRNA049479241	0
ENSRNA049479245	0
ENSRNA049479249	0
ENSRNA049479252	0
ENSRNA049479648	0
ENSRNA049479256	0
ENSRNA049479260	0
ENSRNA049479263	0
ENSRNA049479265	0
ENSRNA049479267	0
ENSRNA049479681	0
ENSRNA049479268	0
ENSRNA049479726	0
ENSRNA049479272	0
ENSRNA049479274	0
ENSRNA049479782	0
ENSRNA049479277	0
ENSRNA049479281	0
ENSRNA049479939	0
ENSRNA049479691	0
ENSRNA049479285	0
ENSRNA049478980	0
ENSRNA049479903	0
ENSRNA049479291	0
ENSRNA049479295	0
ENSRNA049479300	0
ENSRNA049479304	0
ENSRNA049479306	0
ENSRNA049479308	0
ENSRNA049479314	0
ENSRNA049479631	0
ENSRNA049478991	0
ENSRNA049479319	0
ENSRNA049479811	0
ENSRNA049479320	0
ENSRNA049479323	0
ENSRNA049479326	0
ENSRNA049479329	0
ENSRNA049479332	0
ENSRNA049479335	0
ENSRNA049479337	0
ENSRNA049479340	0
ENSRNA049479342	0
ENSRNA049479346	0
ENSRNA049479349	0
ENSRNA049479355	0
ENSRNA049479799	0
ENSRNA049479360	0
ENSRNA049479364	0
ENSRNA049479371	0
ENSRNA049479376	0
ENSRNA049479378	0
ENSRNA049479382	0
ENSRNA049479386	0
ENSRNA049479388	0
ENSRNA049479393	0
ENSRNA049479397	0
ENSRNA049479399	0
ENSRNA049479836	0
ENSRNA049479405	0
ENSRNA049479407	0
ENSRNA049479741	0
ENSRNA049479412	0
ENSRNA049479833	0
ENSRNA049479418	0
ENSRNA049479420	0
ENSRNA049479425	0
ENSRNA049479427	0
ENSRNA049479710	0
ENSRNA049479431	0
ENSRNA049479644	0
ENSRNA049479787	0
ENSRNA049479857	0
ENSRNA049479433	0
ENSRNA049479438	0
ENSRNA049479769	0
ENSRNA049479441	0
ENSRNA049479444	0
ENSRNA049479446	0
ENSRNA049479450	0
ENSRNA049479454	0
ENSRNA049479458	0
ENSRNA049479462	0
ENSRNA049479468	0
ENSRNA049479706	0
ENSRNA049479472	0
ENSRNA049479477	0
ENSRNA049479482	0
ENSRNA049479484	0
ENSRNA049479743	0
ENSRNA049479487	0
ENSRNA049478984	0
ENSRNA049479490	0
ENSRNA049479752	0
ENSRNA049479493	0
ENSRNA049479497	0
ENSRNA049479500	0
ENSRNA049479732	0
ENSRNA049479975	0
ENSRNA049479668	0
ENSRNA049479797	0
ENSRNA049479878	0
ENSRNA049479786	0
ENSRNA049479860	0
ENSRNA049479502	0
ENSRNA049479504	0
ENSRNA049479507	0
ENSRNA049479510	0
ENSRNA049479640	0
ENSRNA049479513	0
ENSRNA049479517	0
ENSRNA049479519	0
ENSRNA049479521	0
ENSRNA049479524	0
ENSRNA049478988	0
ENSRNA049479876	0
ENSRNA049479528	0
ENSRNA049479533	0
ENSRNA049479535	0
ENSRNA049479538	0
ENSRNA049479542	0
ENSRNA049479906	0
ENSRNA049479897	0
ENSRNA049479545	0
ENSRNA049478990	0
ENSRNA049479872	0
ENSRNA049479911	0
ENSRNA049479547	0
ENSRNA049479551	0
ENSRNA049479677	0
ENSRNA049479553	0
ENSRNA049479555	0
ENSRNA049479558	0
ENSRNA049479735	0
ENSRNA049479561	0
ENSRNA049479565	0
ENSRNA049479570	0
ENSRNA049479576	0
ENSRNA049479619	0
ENSRNA049479577	0
ENSRNA049479580	0
ENSRNA049479582	0
ENSRNA049479586	0
ENSRNA049479866	0
ENSRNA049479587	0
ENSRNA049479594	0
SORBI_3009G069200	15.429427
SORBI_3009G069300	78.512191
SORBI_3009G069400	0
SORBI_3009G069450	5.437469
SORBI_3009G069500	5.224573
SORBI_3009G069600	20.143837
SORBI_3009G069700	4.873398
SORBI_3009G069800	141.957552
SORBI_3009G069901	0
SORBI_3009G070000	0
SORBI_3009G070033	0
SORBI_3009G070066	0
SORBI_3009G070100	7.486673
SORBI_3009G070200	51.289139
SORBI_3009G070250	3.514692
SORBI_3009G070300	2.870352
SORBI_3009G070400	9.00335
SORBI_3009G070500	0
SORBI_3009G070600	0.161684
SORBI_3009G070700	2.431726
SORBI_3009G070750	0
SORBI_3009G070800	1.755062
SORBI_3009G070900	1.207171
SORBI_3009G070950	2.946826
SORBI_3009G071000	0
SORBI_3009G071100	0
SORBI_3009G071300	0
SORBI_3009G071401	0
SORBI_3009G071500	0.156431
SORBI_3009G071600	0.947964
SORBI_3009G071700	8.099389
SORBI_3009G071800	135.214935
SORBI_3009G071900	0
SORBI_3009G072000	62.385818
SORBI_3009G072033	0
SORBI_3009G072066	0
SORBI_3009G072100	22.044839
SORBI_3009G072200	17.191278
SORBI_3009G072300	13.467533
SORBI_3009G072333	52.929027
SORBI_3009G072366	0
SORBI_3009G072400	4.779288
SORBI_3009G072500	1.491163
SORBI_3009G072550	0
SORBI_3009G072600	0
SORBI_3009G072700	36.150721
SORBI_3009G072800	0
SORBI_3009G072900	2.584275
SORBI_3009G073000	18.097887
SORBI_3009G073100	83.625647
SORBI_3009G073200	0
SORBI_3009G073300	64.931977
SORBI_3009G073400	11.942123
SORBI_3009G073500	0
SORBI_3009G073600	0
SORBI_3009G073700	0
SORBI_3009G073800	3.756129
SORBI_3009G073900	16.400078
SORBI_3009G074100	1.464755
SORBI_3009G074000	0
SORBI_3009G074200	0
SORBI_3009G074250	0
SORBI_3009G074300	5.997821
SORBI_3009G074400	54.116661
SORBI_3009G074500	1.384286
SORBI_3009G074700	100.247639
SORBI_3009G074800	0.411647
SORBI_3009G074850	0
SORBI_3009G074900	0
SORBI_3009G075000	0
SORBI_3009G075100	6.38701
SORBI_3009G075201	0.126006
SORBI_3009G075300	0
SORBI_3009G075400	0
SORBI_3009G075500	20.050606
SORBI_3009G075600	14.46017
SORBI_3009G075800	13.455409
SORBI_3009G075900	2.774814
SORBI_3009G076100	1.163646
SORBI_3009G076000	0
SORBI_3009G076200	0
SORBI_3009G076300	0
SORBI_3009G076400	399.317342
ENSRNA049479945	17.390969
ENSRNA049479943	0
ENSRNA049479948	7.608549
SORBI_3009G076500	0
SORBI_3009G076600	0.111139
SORBI_3009G076550	0
SORBI_3009G076700	1.011208
SORBI_3009G076800	0.116083
SORBI_3009G076900	3.861245
SORBI_3009G077000	0
SORBI_3009G077100	0.653961
SORBI_3009G077200	8.300235
SORBI_3009G077250	0
SORBI_3009G077300	2.704859
SORBI_3009G077400	300.983321
SORBI_3009G077500	128.470612
SORBI_3009G077600	26.101957
SORBI_3009G077700	20.336287
SORBI_3009G077800	48.053336
SORBI_3009G077901	0
SORBI_3009G078000	3.40904
SORBI_3009G078200	0.700258
SORBI_3009G078300	8.407427
SORBI_3009G078401	0
SORBI_3009G078500	2.83088
SORBI_3009G078600	0
SORBI_3009G078700	0
SORBI_3009G078900	1.289037
SORBI_3009G079000	1.421162
SORBI_3009G079100	21.060988
SORBI_3009G079200	0
SORBI_3009G079300	239.841995
SORBI_3009G079400	3.320996
SORBI_3009G079500	9.887569
SORBI_3009G079600	4.041839
SORBI_3009G079700	0
SORBI_3009G079801	0
SORBI_3009G079900	0
SORBI_3009G079925	0
SORBI_3009G079950	4.294339
SORBI_3009G080000	7.961754
SORBI_3009G079975	18.432551
SORBI_3009G080100	34.31707
SORBI_3009G080150	0
SORBI_3009G080200	71.486632
SORBI_3009G080233	0
SORBI_3009G080266	0
SORBI_3009G080300	0
SORBI_3009G080400	3.90912
SORBI_3009G080450	0
SORBI_3009G080500	0
SORBI_3009G080600	12.020916
SORBI_3009G080700	1.326221
SORBI_3009G080800	0
SORBI_3009G080900	0.51143
SORBI_3009G081100	31.933184
SORBI_3009G081300	0
SORBI_3009G081400	4.465475
SORBI_3009G081500	25.205262
SORBI_3009G081700	3.502875
SORBI_3009G081800	0.095037
SORBI_3009G081900	0
SORBI_3009G082000	55.020787
SORBI_3009G082050	0.232239
SORBI_3009G082100	0
SORBI_3009G082200	25.296458
SORBI_3009G082300	0
SORBI_3009G082400	0
SORBI_3009G082500	0
SORBI_3009G082550	0
SORBI_3009G082600	227.893107
SORBI_3009G082700	5.835419
SORBI_3009G082800	2.597211
SORBI_3009G082900	0
SORBI_3009G083100	0.605393
SORBI_3009G083000	2.350351
SORBI_3009G083200	98.19644
SORBI_3009G083300	0
SORBI_3009G083400	58.472445
SORBI_3009G083500	4.3665
SORBI_3009G083450	5.195256
SORBI_3009G083600	19.260818
SORBI_3009G083800	7.587155
SORBI_3009G083900	24.098729
SORBI_3009G084000	33.963898
SORBI_3009G084100	13.658657
SORBI_3009G084300	0.296471
SORBI_3009G084400	1.350005
SORBI_3009G084500	8.236926
SORBI_3009G084600	0.222628
SORBI_3009G084700	1.734803
SORBI_3009G084800	0.524075
SORBI_3009G084900	91.687487
SORBI_3009G084950	0
SORBI_3009G085001	0.269181
SORBI_3009G085051	0
SORBI_3009G085100	967.107378
SORBI_3009G085200	99.685158
SORBI_3009G085250	0
SORBI_3009G085300	1.457167
SORBI_3009G085400	3.61008
SORBI_3009G085500	13.378291
SORBI_3009G085600	6.320765
SORBI_3009G085700	0.819569
SORBI_3009G085900	101.428919
SORBI_3009G086100	0
SORBI_3009G086200	46.265693
SORBI_3009G086300	0.180236
SORBI_3009G086400	0
SORBI_3009G086501	0
SORBI_3009G086600	0
SORBI_3009G086700	0
SORBI_3009G086800	0
SORBI_3009G086900	23.769284
SORBI_3009G087000	0.687179
SORBI_3009G087100	0.102063
SORBI_3009G087200	0
SORBI_3009G087300	1.557956
SORBI_3009G087360	0
SORBI_3009G087420	0
SORBI_3009G087480	0
SORBI_3009G087540	1.398573
SORBI_3009G087600	0
SORBI_3009G087700	0
SORBI_3009G087800	99.829062
SORBI_3009G087850	0.314077
SORBI_3009G087900	0
SORBI_3009G088000	29.693108
SORBI_3009G088100	1.443705
SORBI_3009G088200	1.534923
SORBI_3009G088300	0
SORBI_3009G088401	2.065453
SORBI_3009G088500	0
SORBI_3009G088525	0
SORBI_3009G088550	0
SORBI_3009G088575	0.890377
SORBI_3009G088600	2.154961
SORBI_3009G088700	0.160769
SORBI_3009G088800	11.618951
SORBI_3009G088900	0
SORBI_3009G089000	0
SORBI_3009G089101	1.220302
SORBI_3009G089200	0
SORBI_3009G089366	79.745297
SORBI_3009G089532	0
SORBI_3009G089700	115.599234
SORBI_3009G089800	0
SORBI_3009G090000	5.889003
SORBI_3009G090100	0.932838
SORBI_3009G090250	0
SORBI_3009G090400	0
SORBI_3009G090500	18.969407
SORBI_3009G090566	0
SORBI_3009G090632	0
SORBI_3009G090700	0
SORBI_3009G090800	0.073239
SORBI_3009G090900	0
SORBI_3009G091000	0
SORBI_3009G091101	0
SORBI_3009G091200	0
SORBI_3009G091300	0
SORBI_3009G091600	0
SORBI_3009G091800	19.597771
SORBI_3009G091850	48.867124
SORBI_3009G091900	0
SORBI_3009G091940	0.365936
SORBI_3009G091980	0
SORBI_3009G092020	2.71773
SORBI_3009G092060	2.701708
SORBI_3009G092100	0.328037
SORBI_3009G092200	0
SORBI_3009G092300	1.734278
SORBI_3009G092400	43.177996
SORBI_3009G092601	0
SORBI_3009G092800	2.365789
SORBI_3009G092850	0
SORBI_3009G092900	12.295079
SORBI_3009G093000	0
SORBI_3009G093100	26.246418
SORBI_3009G093200	362.603072
SORBI_3009G093301	0
SORBI_3009G093400	16.299948
SORBI_3009G093800	0
SORBI_3009G093900	13.094834
SORBI_3009G094000	0
SORBI_3009G094100	0
SORBI_3009G094200	0.747438
SORBI_3009G094300	106.201045
SORBI_3009G094450	19.074069
SORBI_3009G094600	0
SORBI_3009G094700	21.61241
SORBI_3009G094800	12.076843
SORBI_3009G094900	6.294936
SORBI_3009G095100	28.986358
SORBI_3009G095200	0
SORBI_3009G095300	0
SORBI_3009G095400	0
SORBI_3009G095480	0
SORBI_3009G095560	0
SORBI_3009G095640	0
SORBI_3009G095720	0
SORBI_3009G095800	0
SORBI_3009G096100	57.697679
SORBI_3009G096300	0
SORBI_3009G096433	0.00889
SORBI_3009G096566	0
ENSRNA049480852	0
SORBI_3009G096700	0
SORBI_3009G096850	0
SORBI_3009G097000	0
SORBI_3009G097100	11.594622
SORBI_3009G097200	5.080953
SORBI_3009G097250	62.864076
SORBI_3009G097300	1.274892
SORBI_3009G097400	0
SORBI_3009G097500	2.945245
SORBI_3009G097900	0.389654
SORBI_3009G098000	0.084447
SORBI_3009G098100	29.042235
SORBI_3009G098150	0
SORBI_3009G098200	0
SORBI_3009G098300	0.748495
SORBI_3009G098400	0
SORBI_3009G098501	0
SORBI_3009G098601	0
SORBI_3009G098700	0.211937
SORBI_3009G098801	0
SORBI_3009G098900	0
SORBI_3009G099000	9.023247
SORBI_3009G099050	0
SORBI_3009G099100	4.417271
SORBI_3009G099150	0.819398
SORBI_3009G099200	34.177972
SORBI_3009G099300	0.558313
SORBI_3009G099400	0
SORBI_3009G099450	0
SORBI_3009G099500	11.261588
SORBI_3009G099600	10.220113
SORBI_3009G099700	1.090505
ENSRNA049995757	0
SORBI_3009G099850	0
SORBI_3009G100050	17.363983
SORBI_3009G100000	0
SORBI_3009G100100	0.123978
SORBI_3009G100200	0.137774
SORBI_3009G100300	43.791513
SORBI_3009G100500	77.548686
SORBI_3009G100700	2.911892
SORBI_3009G100800	1.587655
SORBI_3009G100900	6.9504
SORBI_3009G101000	0.927901
SORBI_3009G101100	0.425183
SORBI_3009G101200	47.563572
SORBI_3009G101250	0
SORBI_3009G101300	51.473805
SORBI_3009G101400	125.055245
SORBI_3009G101500	0
SORBI_3009G101600	6.968652
SORBI_3009G101700	26.783035
SORBI_3009G101800	1.34881
SORBI_3009G102000	4.465591
SORBI_3009G102100	36.207113
SORBI_3009G102200	0.996439
SORBI_3009G102250	0
SORBI_3009G102300	11.191396
SORBI_3009G102400	0
SORBI_3009G102500	25.036296
SORBI_3009G102550	0.087585
ENSRNA049444033	0
SORBI_3009G102600	0.815026
SORBI_3009G102700	0
SORBI_3009G102800	43.855625
SORBI_3009G102900	18.928329
SORBI_3009G103000	33.22254
SORBI_3009G103101	0.060195
SORBI_3009G103201	0
SORBI_3009G103300	0
SORBI_3009G103400	0.104326
SORBI_3009G103500	6.812737
SORBI_3009G103600	39.118251
SORBI_3009G103650	1.03866
SORBI_3009G103700	24.691536
SORBI_3009G103800	0
SORBI_3009G103900	0
SORBI_3009G104000	361.682812
SORBI_3009G104100	96.405634
SORBI_3009G104201	9.651221
SORBI_3009G104300	9.771251
SORBI_3009G104400	0
SORBI_3009G104500	0.266927
SORBI_3009G104600	0.091916
SORBI_3009G104700	70.852518
SORBI_3009G104800	6.575511
SORBI_3009G104850	0
SORBI_3009G104900	20.750963
SORBI_3009G105000	31.031703
SORBI_3009G105050	0
SORBI_3009G105100	0
SORBI_3009G105200	6.017798
SORBI_3009G105300	7.076129
SORBI_3009G105400	5.127296
SORBI_3009G105500	2.957497
SORBI_3009G105600	88.364694
SORBI_3009G105700	137.533059
SORBI_3009G105800	29.453599
SORBI_3009G105900	18.892483
SORBI_3009G106000	0
SORBI_3009G106100	0
SORBI_3009G106300	2.025824
SORBI_3009G106400	0.427754
SORBI_3009G106500	0
SORBI_3009G106601	0
SORBI_3009G106700	4.412356
SORBI_3009G106800	0
SORBI_3009G106900	0
SORBI_3009G106960	0
SORBI_3009G107020	6.105354
SORBI_3009G107080	4.692546
SORBI_3009G107140	0
SORBI_3009G107200	18.254122
SORBI_3009G107300	11.993286
SORBI_3009G107400	40.210412
SORBI_3009G107500	0.084384
SORBI_3009G107600	0.445635
SORBI_3009G107800	0
SORBI_3009G108050	0
SORBI_3009G108300	3.44444
SORBI_3009G108400	9.279378
SORBI_3009G108500	14.925334
SORBI_3009G108600	88.634485
SORBI_3009G108700	281.401852
SORBI_3009G108900	0
SORBI_3009G109000	0
SORBI_3009G109101	0.947616
SORBI_3009G109200	53.905101
SORBI_3009G109300	1.857237
SORBI_3009G109450	2.522614
SORBI_3009G109600	13.946636
SORBI_3009G109700	5.40788
SORBI_3009G109775	0
SORBI_3009G109850	0.395499
SORBI_3009G109925	20.668606
SORBI_3009G110000	29.503288
SORBI_3009G110100	0.271621
SORBI_3009G110200	0
SORBI_3009G110300	0.599207
SORBI_3009G110333	0
SORBI_3009G110366	3.377045
SORBI_3009G110400	0.134091
SORBI_3009G110500	0
SORBI_3009G110600	0
SORBI_3009G110700	0
SORBI_3009G110800	0
SORBI_3009G111000	0.577747
SORBI_3009G111050	0
SORBI_3009G111100	0.88371
SORBI_3009G111200	2.319087
SORBI_3009G111301	0
SORBI_3009G111400	18.405919
SORBI_3009G111500	2.273397
SORBI_3009G111600	17.890443
SORBI_3009G111700	0
SORBI_3009G111800	0.126807
ENSRNA049995754	0
SORBI_3009G111901	0
ENSRNA049995750	0
SORBI_3009G112000	0
SORBI_3009G112101	0
SORBI_3009G112200	0
SORBI_3009G112300	24.613583
SORBI_3009G112350	0
SORBI_3009G112400	2.812984
ENSRNA049481000	0
SORBI_3009G112450	0
SORBI_3009G112500	1.761791
SORBI_3009G112600	292.451847
SORBI_3009G112700	1.48184
SORBI_3009G112800	0.149616
SORBI_3009G112900	13.971134
SORBI_3009G113000	7.233403
SORBI_3009G113100	41.106701
SORBI_3009G113200	0
SORBI_3009G113300	0
SORBI_3009G113400	4.938182
SORBI_3009G113500	0.340131
SORBI_3009G113600	5.403436
SORBI_3009G113700	0.130906
SORBI_3009G113800	14.748609
SORBI_3009G113900	10.406154
SORBI_3009G114000	25.577256
SORBI_3009G114200	0
SORBI_3009G114300	0
SORBI_3009G114400	29.709752
SORBI_3009G114500	40.931028
SORBI_3009G114600	6.872912
SORBI_3009G114700	0
SORBI_3009G114800	62.853716
SORBI_3009G114900	7.574101
SORBI_3009G115000	0
SORBI_3009G115050	0
SORBI_3009G115100	12.237955
SORBI_3009G115200	0
SORBI_3009G115300	0
SORBI_3009G115400	0
SORBI_3009G115500	0
SORBI_3009G115600	0.876579
SORBI_3009G115700	91.475305
SORBI_3009G115800	0
SORBI_3009G115900	0
SORBI_3009G115950	0
SORBI_3009G116000	0
SORBI_3009G116100	0
SORBI_3009G116200	0
SORBI_3009G116300	0
SORBI_3009G116400	5.446079
SORBI_3009G116500	0
SORBI_3009G116600	0
SORBI_3009G116700	8.50274
SORBI_3009G116766	0
SORBI_3009G116832	0.058134
ENSRNA049480997	0
ENSRNA049481042	0
ENSRNA049481031	0
SORBI_3009G116900	18.049735
SORBI_3009G117000	0.475208
SORBI_3009G117100	0.730331
SORBI_3009G117200	59.613771
SORBI_3009G117300	22.870516
SORBI_3009G117400	30.139642
SORBI_3009G117500	35.565342
SORBI_3009G117700	0
SORBI_3009G117800	0
SORBI_3009G117900	12.427256
SORBI_3009G118100	1.024932
SORBI_3009G118200	60.537341
SORBI_3009G118300	46.257329
SORBI_3009G118400	16.745534
SORBI_3009G118500	0.698402
SORBI_3009G118600	101.555417
SORBI_3009G118700	0.256541
SORBI_3009G118900	43.462324
SORBI_3009G119000	44.409857
SORBI_3009G119100	0
SORBI_3009G119200	0.371705
SORBI_3009G119300	0.617684
SORBI_3009G119400	0.388743
SORBI_3009G119501	3.6346
SORBI_3009G119600	0
SORBI_3009G119700	0.091562
SORBI_3009G119800	0
SORBI_3009G119900	185.501807
SORBI_3009G120000	1.003884
SORBI_3009G120100	30.052977
SORBI_3009G120200	0
SORBI_3009G120301	12.135333
SORBI_3009G120400	10.860026
SORBI_3009G120500	21.614411
SORBI_3009G120600	3.440695
SORBI_3009G120700	0.102324
SORBI_3009G120800	931.318689
SORBI_3009G120850	0
SORBI_3009G120900	17.377135
SORBI_3009G121000	12.73618
SORBI_3009G121100	22.426347
SORBI_3009G121150	0.912938
SORBI_3009G121200	0
SORBI_3009G121300	0.533418
SORBI_3009G121400	13.435801
SORBI_3009G121600	5.791786
SORBI_3009G121750	0
SORBI_3009G121900	41.911224
ENSRNA049443496	0
SORBI_3009G122000	8.096807
SORBI_3009G122100	161.634157
SORBI_3009G122201	0.089344
SORBI_3009G122300	5.34092
SORBI_3009G122325	0.299284
ENSRNA049995749	0
ENSRNA049995742	0
SORBI_3009G122350	0
SORBI_3009G122375	3.389659
SORBI_3009G122400	7.248239
SORBI_3009G122500	38.899671
SORBI_3009G122600	0.858972
SORBI_3009G122700	0
SORBI_3009G122800	6.525086
SORBI_3009G122900	2.325502
SORBI_3009G123000	0.20364
SORBI_3009G123100	0
SORBI_3009G123300	9.265898
SORBI_3009G123400	0
SORBI_3009G123500	1.71826
SORBI_3009G123600	5.448654
SORBI_3009G123700	1.361792
SORBI_3009G123733	0
SORBI_3009G123766	17.433491
SORBI_3009G123800	0
SORBI_3009G123900	80.042246
SORBI_3009G124000	81.958335
SORBI_3009G124100	0
SORBI_3009G124200	3.91153
SORBI_3009G124300	0
SORBI_3009G124400	141.146337
SORBI_3009G124600	45.045405
SORBI_3009G124700	65.419781
SORBI_3009G124800	1.059751
SORBI_3009G124900	2.724492
SORBI_3009G124850	0
SORBI_3009G125000	27.535253
SORBI_3009G125100	0
SORBI_3009G125200	0
SORBI_3009G125300	6.17794
SORBI_3009G125400	15.875283
SORBI_3009G125500	0
SORBI_3009G125600	3.289064
SORBI_3009G125700	0
SORBI_3009G125800	1.964599
SORBI_3009G125850	0
SORBI_3009G125900	35.814984
SORBI_3009G126000	22.748639
SORBI_3009G126100	21.508694
SORBI_3009G126200	0
SORBI_3009G126300	36.375282
SORBI_3009G126400	30.187756
SORBI_3009G126500	10.755324
SORBI_3009G126600	25.883796
SORBI_3009G126700	7.816578
SORBI_3009G126800	7.500148
SORBI_3009G126900	91.199679
SORBI_3009G127000	37.358976
SORBI_3009G127100	0
SORBI_3009G127201	0.361283
SORBI_3009G127300	1.33087
SORBI_3009G127400	34.194781
SORBI_3009G127500	8.835028
SORBI_3009G127600	1.312592
SORBI_3009G127700	0.811629
SORBI_3009G127800	1.903634
SORBI_3009G127900	20.104976
SORBI_3009G128000	34.853047
SORBI_3009G128200	0.059645
SORBI_3009G128101	0
SORBI_3009G128300	4.168043
SORBI_3009G128400	0.949841
SORBI_3009G128500	85.270744
SORBI_3009G128600	0.666494
SORBI_3009G128700	2.456595
SORBI_3009G128800	1.851614
SORBI_3009G128901	0.148063
SORBI_3009G129000	175.409536
SORBI_3009G129100	20.36569
SORBI_3009G129300	43.48319
SORBI_3009G129400	3.550236
SORBI_3009G129500	7.163691
SORBI_3009G129600	25.240048
SORBI_3009G129650	0.194547
SORBI_3009G129700	0
SORBI_3009G129800	206.224495
SORBI_3009G129900	62.273207
SORBI_3009G130000	37.571408
SORBI_3009G130100	12.249288
SORBI_3009G130200	0
ENSRNA049444003	0
SORBI_3009G130300	0
SORBI_3009G130400	19.308857
SORBI_3009G130500	16.119168
SORBI_3009G130600	8.590056
SORBI_3009G130700	8.608309
SORBI_3009G130800	0.197194
SORBI_3009G130900	135.289807
SORBI_3009G130966	0
SORBI_3009G131032	0
SORBI_3009G131100	397.653402
SORBI_3009G131200	0.427445
SORBI_3009G131300	50.049981
SORBI_3009G131400	0
SORBI_3009G131500	26.702658
SORBI_3009G131550	6.994187
SORBI_3009G131600	2.277317
SORBI_3009G131800	20.416301
SORBI_3009G131900	3.099996
SORBI_3009G132000	26.118224
SORBI_3009G132100	4.117953
SORBI_3009G132200	0.591557
SORBI_3009G132400	2.015167
SORBI_3009G132650	0.379084
SORBI_3009G132600	5.608092
SORBI_3009G132700	14.030648
SORBI_3009G132800	11.233801
SORBI_3009G132900	191.92586
SORBI_3009G133000	0
SORBI_3009G133100	2.76228
SORBI_3009G133201	0
SORBI_3009G133300	0
SORBI_3009G133400	9.462994
SORBI_3009G133500	35.986974
SORBI_3009G133600	61.335169
SORBI_3009G133700	18.067795
SORBI_3009G133800	0.248236
ENSRNA049481001	22.825647
ENSRNA049480996	0
ENSRNA049481022	0
SORBI_3009G133900	0.423605
SORBI_3009G134000	0
SORBI_3009G134200	0.420449
SORBI_3009G134300	1.639566
SORBI_3009G134400	1.286976
SORBI_3009G134450	0
SORBI_3009G134500	21.871626
SORBI_3009G134600	110.755769
SORBI_3009G134700	0.109124
SORBI_3009G134766	0.174766
SORBI_3009G134832	0.623029
SORBI_3009G134900	5.445294
SORBI_3009G135000	64.366029
SORBI_3009G135100	217.327578
SORBI_3009G135300	6.329889
SORBI_3009G135400	0
SORBI_3009G135500	62.355434
SORBI_3009G135550	0
SORBI_3009G135600	39.484113
SORBI_3009G135800	245.221078
SORBI_3009G135900	297.469028
SORBI_3009G136000	1.297179
SORBI_3009G136100	6.379066
SORBI_3009G136200	6.660915
SORBI_3009G136300	0.667135
SORBI_3009G136400	564.177069
SORBI_3009G136500	0.166048
SORBI_3009G136600	0
SORBI_3009G136700	0.47076
SORBI_3009G136800	0
SORBI_3009G136900	6.493129
SORBI_3009G136950	0
SORBI_3009G137000	17.759484
SORBI_3009G137100	24.669227
SORBI_3009G137200	391.998582
SORBI_3009G137300	4.672546
SORBI_3009G137401	0
SORBI_3009G137500	0
SORBI_3009G137600	0
SORBI_3009G137700	103.39038
SORBI_3009G137800	141.963776
SORBI_3009G137900	2.652031
SORBI_3009G138000	18.84195
SORBI_3009G138100	22.797267
SORBI_3009G138200	84.278471
SORBI_3009G138300	0.405566
SORBI_3009G138401	0.253404
SORBI_3009G138500	0
SORBI_3009G138700	37.271231
SORBI_3009G138800	30.424005
SORBI_3009G138900	45.909927
SORBI_3009G139000	33.494942
SORBI_3009G139100	0
SORBI_3009G139200	16.892503
SORBI_3009G139300	17.600948
SORBI_3009G139400	13.866306
SORBI_3009G139500	0
SORBI_3009G139600	0
SORBI_3009G139700	0
SORBI_3009G139800	138.158541
SORBI_3009G139900	186.417537
SORBI_3009G140000	0
SORBI_3009G140150	0.275684
SORBI_3009G140300	23.286465
SORBI_3009G140400	2.362245
SORBI_3009G140500	0.152324
SORBI_3009G140600	13.139373
SORBI_3009G140700	39.712264
SORBI_3009G140800	933.968259
SORBI_3009G140900	4.000573
SORBI_3009G141000	19.377288
SORBI_3009G141100	0
SORBI_3009G141201	30.725559
SORBI_3009G141300	0
SORBI_3009G141400	21.833808
SORBI_3009G141500	4.536774
SORBI_3009G141700	7.09693
SORBI_3009G141800	522.173569
SORBI_3009G141900	0
SORBI_3009G142000	31.934075
SORBI_3009G142100	0
SORBI_3009G142200	13.986828
SORBI_3009G142300	1.572501
SORBI_3009G142400	0.421121
SORBI_3009G142500	5.963998
SORBI_3009G142600	2.006445
SORBI_3009G142700	0
SORBI_3009G142800	9.741812
SORBI_3009G143000	115.049632
SORBI_3009G142900	0
SORBI_3009G143100	85.198282
SORBI_3009G143200	0.119292
SORBI_3009G143300	41.593217
SORBI_3009G143400	38.852164
SORBI_3009G143500	0.098067
SORBI_3009G143600	0
SORBI_3009G143700	570.380392
SORBI_3009G143750	0
SORBI_3009G143800	44.790381
ENSRNA049995738	0
SORBI_3009G143900	14.397727
SORBI_3009G144050	1.802379
SORBI_3009G144200	5.149996
SORBI_3009G144300	65.896017
SORBI_3009G144400	0
ENSRNA049443991	0
SORBI_3009G144500	0.915458
SORBI_3009G144600	38.234627
SORBI_3009G144700	1.687061
SORBI_3009G144800	2.306162
SORBI_3009G144900	8.464858
SORBI_3009G145000	0.467534
SORBI_3009G145101	24.455749
SORBI_3009G145200	0
SORBI_3009G145350	0
SORBI_3009G145500	2.61638
SORBI_3009G145600	0.946652
SORBI_3009G145700	7.33611
SORBI_3009G145750	0
SORBI_3009G145800	0
SORBI_3009G145900	25.85394
SORBI_3009G146000	0
SORBI_3009G146100	25.24996
SORBI_3009G146250	2.040145
SORBI_3009G146400	4.953999
SORBI_3009G146500	0.763422
SORBI_3009G146700	0.926182
SORBI_3009G146800	22.442037
SORBI_3009G146900	0.369943
SORBI_3009G147000	7.566455
SORBI_3009G147100	0
SORBI_3009G147200	0
SORBI_3009G147300	0.710942
SORBI_3009G147400	0.255889
SORBI_3009G147450	0
SORBI_3009G147500	0.057889
SORBI_3009G147600	3.807194
SORBI_3009G147700	4.595847
SORBI_3009G147800	90.080192
SORBI_3009G148000	0.342434
SORBI_3009G148100	336.002552
SORBI_3009G148200	24.533476
SORBI_3009G148300	27.266455
SORBI_3009G148400	0
SORBI_3009G148500	23.320231
SORBI_3009G148600	1.342155
SORBI_3009G148700	12.967959
SORBI_3009G148800	2.316246
SORBI_3009G148900	47.860559
SORBI_3009G148950	0
SORBI_3009G149000	0.996742
SORBI_3009G149100	0.345132
SORBI_3009G149200	4.265398
SORBI_3009G149300	18.240827
SORBI_3009G149400	40.487167
SORBI_3009G149500	85.618373
SORBI_3009G149600	10.162994
SORBI_3009G149700	30.59633
SORBI_3009G149800	106.892051
SORBI_3009G149900	43.302885
SORBI_3009G150000	3.394021
SORBI_3009G150100	0.588682
SORBI_3009G150300	0.480641
SORBI_3009G150400	0.259924
SORBI_3009G150500	0.400266
SORBI_3009G150600	0
SORBI_3009G150700	8.600103
SORBI_3009G150800	0
SORBI_3009G150900	31.713273
SORBI_3009G151000	0
SORBI_3009G151100	0
SORBI_3009G151200	2.832564
SORBI_3009G151400	65.552674
SORBI_3009G151500	0
SORBI_3009G151600	0
SORBI_3009G151700	26.685441
SORBI_3009G151800	62.847821
SORBI_3009G151900	4.539639
SORBI_3009G152000	1.056778
SORBI_3009G152100	15.768978
SORBI_3009G152120	3.035369
SORBI_3009G152140	0
SORBI_3009G152160	0
SORBI_3009G152180	0
SORBI_3009G152200	76.904055
SORBI_3009G152300	2.246988
SORBI_3009G152350	0
SORBI_3009G152400	2.035426
SORBI_3009G152600	99.35217
SORBI_3009G152700	303.161265
SORBI_3009G152800	0.155188
SORBI_3009G152901	0
SORBI_3009G153000	92.371806
SORBI_3009G153100	0
SORBI_3009G153200	2.145889
SORBI_3009G153300	0
SORBI_3009G153333	0
SORBI_3009G153366	0
SORBI_3009G153400	0
SORBI_3009G153500	0.262306
SORBI_3009G153600	86.66012
SORBI_3009G153700	2.826399
SORBI_3009G153800	2.504605
SORBI_3009G153900	0
SORBI_3009G154000	0
SORBI_3009G154100	0
SORBI_3009G154200	3.515168
SORBI_3009G154300	2.574008
ENSRNA049443540	0
SORBI_3009G154400	0
SORBI_3009G154500	22.272523
SORBI_3009G154600	20.91443
SORBI_3009G154700	58.88181
SORBI_3009G154800	17.26709
SORBI_3009G154900	40.703519
SORBI_3009G155050	9.325929
SORBI_3009G155200	8.573726
SORBI_3009G155250	17.616533
SORBI_3009G155300	33.902801
SORBI_3009G155400	1.757466
SORBI_3009G155500	23.274708
SORBI_3009G155600	197.981808
SORBI_3009G155700	4.237144
SORBI_3009G155800	8.594178
SORBI_3009G155900	20.569053
SORBI_3009G155950	0
SORBI_3009G156000	46.309266
SORBI_3009G156100	12.633337
SORBI_3009G156200	4.544873
SORBI_3009G156300	9.881473
SORBI_3009G156400	6.870658
SORBI_3009G156500	7.946229
SORBI_3009G156600	6.053331
SORBI_3009G156700	0
SORBI_3009G156750	0.373612
SORBI_3009G156800	27.174756
SORBI_3009G156900	55.128624
SORBI_3009G157000	0
SORBI_3009G157050	0
SORBI_3009G157100	96.952019
SORBI_3009G157200	117.240596
SORBI_3009G157300	7.097968
SORBI_3009G157400	0
SORBI_3009G157450	0
SORBI_3009G157500	8.994216
SORBI_3009G157600	4.830395
SORBI_3009G157700	1.094811
SORBI_3009G157800	12.551075
SORBI_3009G157900	19.144448
SORBI_3009G158000	32.009716
SORBI_3009G158100	29.425469
ENSRNA049478932	0
SORBI_3009G158150	0
ENSRNA049478940	0
SORBI_3009G158200	0
SORBI_3009G158300	0
SORBI_3009G158400	0
SORBI_3009G158500	0.365379
SORBI_3009G158600	1.693128
SORBI_3009G158700	12.114569
SORBI_3009G158800	0.668106
ENSRNA049478906	0
SORBI_3009G158900	0.283088
SORBI_3009G159000	10.568424
SORBI_3009G159100	92.565759
SORBI_3009G159200	13.773509
SORBI_3009G159300	0.174653
SORBI_3009G159400	322.756045
SORBI_3009G159500	2.827031
SORBI_3009G159600	1.893926
SORBI_3009G159700	8.310088
SORBI_3009G159800	0
SORBI_3009G159900	161.196347
SORBI_3009G160000	209.455232
SORBI_3009G160100	78.918381
SORBI_3009G160200	91.819012
SORBI_3009G160300	0
SORBI_3009G160500	23.415026
SORBI_3009G160600	17.957932
SORBI_3009G160700	35.002196
SORBI_3009G160800	0.712144
SORBI_3009G160900	0
SORBI_3009G161000	58.963389
SORBI_3009G161100	80.752685
SORBI_3009G161200	23.980248
SORBI_3009G161300	1.006597
SORBI_3009G161350	0
SORBI_3009G161401	0.167427
SORBI_3009G161451	0
SORBI_3009G161500	115.698861
SORBI_3009G161600	56.798805
SORBI_3009G161550	62.10866
SORBI_3009G161700	38.82504
SORBI_3009G161800	14.006612
SORBI_3009G161900	101.129066
SORBI_3009G162000	28.011057
SORBI_3009G162100	37.182405
SORBI_3009G162200	159.431405
SORBI_3009G162300	0.779953
SORBI_3009G162401	0
SORBI_3009G162500	25.157029
SORBI_3009G162550	0
SORBI_3009G162600	102.353569
SORBI_3009G162700	0.122283
SORBI_3009G162800	0
SORBI_3009G162900	2.244575
SORBI_3009G163000	0
SORBI_3009G163100	1.290336
SORBI_3009G163400	0.247879
SORBI_3009G163500	0
SORBI_3009G163600	15.709527
SORBI_3009G163700	6.705422
SORBI_3009G163800	536.230181
SORBI_3009G163900	52.763031
SORBI_3009G163950	7.534852
SORBI_3009G164000	40.289468
SORBI_3009G164100	1167.489645
SORBI_3009G164200	0
SORBI_3009G164300	1.713675
SORBI_3009G164400	17.595001
SORBI_3009G164500	294.848389
SORBI_3009G164600	6.364545
SORBI_3009G164700	124.618343
SORBI_3009G164800	0.702745
SORBI_3009G164900	92.111645
SORBI_3009G165000	11.399851
SORBI_3009G165050	0
SORBI_3009G165100	1.480662
SORBI_3009G165200	0
SORBI_3009G165300	0.13913
SORBI_3009G165400	46.674605
SORBI_3009G165500	5.740913
SORBI_3009G165600	0.695739
SORBI_3009G165700	30.336494
SORBI_3009G165800	33.778354
SORBI_3009G165900	0
SORBI_3009G165950	0
SORBI_3009G166000	0
SORBI_3009G166100	25.385565
SORBI_3009G166200	28.716472
SORBI_3009G166300	32.559463
SORBI_3009G166400	3.223908
SORBI_3009G166500	401.763528
SORBI_3009G166600	11.728772
SORBI_3009G166650	1.975536
SORBI_3009G166700	7.779665
SORBI_3009G166801	0.587699
SORBI_3009G166900	105.370558
SORBI_3009G167000	91.521702
SORBI_3009G167100	38.180926
SORBI_3009G167201	0
ENSRNA049443970	0
SORBI_3009G167300	0.064159
SORBI_3009G167400	0.765842
SORBI_3009G167500	0.73431
SORBI_3009G167600	32.401169
SORBI_3009G167700	34.212652
SORBI_3009G167800	23.31505
SORBI_3009G167900	28.488229
SORBI_3009G168000	166.08489
SORBI_3009G168100	0.166342
SORBI_3009G168150	0.939047
SORBI_3009G168200	0
SORBI_3009G168300	0
SORBI_3009G168400	0
SORBI_3009G168500	0
SORBI_3009G168600	8.226844
SORBI_3009G168700	5.029532
SORBI_3009G168800	1.31504
SORBI_3009G168900	9.073549
SORBI_3009G169000	16.674805
SORBI_3009G169050	0
SORBI_3009G169100	15.877563
SORBI_3009G169200	3.431473
SORBI_3009G169300	0
SORBI_3009G169400	60.887463
SORBI_3009G169500	0
SORBI_3009G169650	0
SORBI_3009G169800	1.30829
SORBI_3009G169900	10.432158
SORBI_3009G170000	11.340764
SORBI_3009G170050	0.165153
SORBI_3009G170100	66.599987
SORBI_3009G170200	33.635832
SORBI_3009G170301	0
SORBI_3009G170400	42.861449
SORBI_3009G170500	0.160616
SORBI_3009G170550	0
SORBI_3009G170600	0
SORBI_3009G170700	3.289628
SORBI_3009G170800	3.843271
SORBI_3009G170900	0
SORBI_3009G171000	89.544154
SORBI_3009G171100	116.082373
SORBI_3009G171200	19.155693
SORBI_3009G171300	5.980809
SORBI_3009G171400	6.020547
SORBI_3009G171500	0
SORBI_3009G171600	4.238488
SORBI_3009G171700	30.465823
SORBI_3009G171750	1.479564
SORBI_3009G171800	0.786801
SORBI_3009G171900	0
SORBI_3009G172000	0.02965
SORBI_3009G172100	0
SORBI_3009G172200	23.36082
SORBI_3009G172300	0.615204
SORBI_3009G172400	187.658854
SORBI_3009G172500	30.28513
SORBI_3009G172600	1.310943
SORBI_3009G172700	0
SORBI_3009G172800	0
SORBI_3009G172950	1.514289
SORBI_3009G173100	0.078643
SORBI_3009G173200	0.067439
SORBI_3009G173300	134.680947
SORBI_3009G173400	1.176066
SORBI_3009G173500	63.177504
ENSRNA049478920	91.302587
ENSRNA049478914	0
ENSRNA049478934	91.302587
SORBI_3009G173600	27.54565
SORBI_3009G173700	0.093092
SORBI_3009G173800	2.797598
SORBI_3009G173900	0
SORBI_3009G174000	74.824322
ENSRNA049995734	5.37074
SORBI_3009G174100	1.055765
SORBI_3009G174150	7.422975
SORBI_3009G174200	0
SORBI_3009G174300	0
SORBI_3009G174400	0
SORBI_3009G174500	0.149033
SORBI_3009G174600	3.77205
SORBI_3009G174700	10.231621
ENSRNA049443943	0
SORBI_3009G174800	0
SORBI_3009G174833	0
SORBI_3009G174866	0.482186
SORBI_3009G174900	75.80744
SORBI_3009G175100	0.288033
SORBI_3009G175200	5.619007
SORBI_3009G175300	101.114661
SORBI_3009G175400	0
SORBI_3009G175500	13.231943
SORBI_3009G175600	72.704831
SORBI_3009G175700	0
SORBI_3009G175800	3.457477
SORBI_3009G175900	72.837724
SORBI_3009G176000	13.139957
SORBI_3009G176100	0
SORBI_3009G176200	0.11733
SORBI_3009G176300	10.219134
SORBI_3009G176333	0
SORBI_3009G176366	5.793736
SORBI_3009G176400	1.231773
SORBI_3009G176500	1.778194
SORBI_3009G176600	5.885823
SORBI_3009G176700	26.886667
SORBI_3009G176800	6.805162
SORBI_3009G176900	0.064448
SORBI_3009G177000	1.41749
SORBI_3009G177200	1.716155
SORBI_3009G177100	0
SORBI_3009G177300	0.152342
SORBI_3009G177400	22.317668
SORBI_3009G177500	32.649867
ENSRNA049478879	0
SORBI_3009G177600	2.464824
SORBI_3009G177700	173.475928
SORBI_3009G177750	0
SORBI_3009G177800	66.872378
SORBI_3009G177901	1.763568
SORBI_3009G178000	4.582013
ENSRNA049995729	0
SORBI_3009G178100	16.969813
SORBI_3009G178200	58.969368
SORBI_3009G178300	17.8897
SORBI_3009G178400	10.4069
SORBI_3009G178500	1.161661
SORBI_3009G178550	9.085285
SORBI_3009G178600	859.859546
SORBI_3009G178650	0
SORBI_3009G178700	0
SORBI_3009G178800	13.821217
SORBI_3009G178850	4.615102
SORBI_3009G178900	13.781671
SORBI_3009G179000	0
SORBI_3009G179100	438.786662
SORBI_3009G179200	194.290036
SORBI_3009G179300	25.996118
SORBI_3009G179400	25.010885
SORBI_3009G179500	9.548118
SORBI_3009G179600	174.509653
SORBI_3009G179700	41.909255
SORBI_3009G179800	5.212451
SORBI_3009G179900	5.955971
SORBI_3009G179950	33.087687
SORBI_3009G180000	316.044269
SORBI_3009G180100	0
SORBI_3009G180200	4.014926
SORBI_3009G180300	0
SORBI_3009G180400	0
SORBI_3009G180500	38.108531
SORBI_3009G180550	0
SORBI_3009G180600	0
SORBI_3009G180700	0
SORBI_3009G180800	49.19561
SORBI_3009G180900	0.498737
SORBI_3009G181000	0
SORBI_3009G181100	0.71208
SORBI_3009G181200	0.79287
SORBI_3009G181300	1.341588
SORBI_3009G181400	5.457826
SORBI_3009G181500	0.25322
SORBI_3009G181600	0
SORBI_3009G181700	9.347705
SORBI_3009G181800	49.467531
SORBI_3009G181900	21.495141
SORBI_3009G182000	41.971949
SORBI_3009G182100	1.003297
SORBI_3009G182200	170.469327
SORBI_3009G182300	642.538337
SORBI_3009G182400	2.268387
SORBI_3009G182500	9.288877
SORBI_3009G182600	60.202026
SORBI_3009G182700	10.067655
SORBI_3009G182800	0.974987
SORBI_3009G182900	7.744675
SORBI_3009G183000	338.549921
SORBI_3009G183101	1172.390304
SORBI_3009G183200	21.989378
SORBI_3009G183300	131.890792
SORBI_3009G183400	9.095222
SORBI_3009G183500	27.331488
SORBI_3009G183600	2.74418
SORBI_3009G183650	0
SORBI_3009G183700	84.887599
SORBI_3009G183800	1.697379
SORBI_3009G183900	0.966813
SORBI_3009G184000	101.049025
SORBI_3009G184100	0
SORBI_3009G184200	0.66965
SORBI_3009G184300	3.694773
SORBI_3009G184400	274.376378
SORBI_3009G184450	0
SORBI_3009G184500	2.326181
SORBI_3009G184600	3.138858
SORBI_3009G184700	72.57555
SORBI_3009G184800	14.174078
SORBI_3009G184900	20.108183
SORBI_3009G185000	0
SORBI_3009G185100	0
SORBI_3009G185201	0
SORBI_3009G185301	0
SORBI_3009G185400	0
SORBI_3009G185501	1.14846
SORBI_3009G185601	0
SORBI_3009G185700	15.427706
SORBI_3009G185800	3082.992889
SORBI_3009G185900	1.788701
SORBI_3009G186001	6.690227
SORBI_3009G186100	0.402724
SORBI_3009G186300	0
SORBI_3009G186400	0
ENSRNA049478834	4.612416
SORBI_3009G186500	0
SORBI_3009G186600	25.55186
SORBI_3009G186700	11.592689
SORBI_3009G186800	0
SORBI_3009G186900	0
SORBI_3009G187000	0.122742
SORBI_3009G187100	0.893631
SORBI_3009G187150	0.438292
SORBI_3009G187200	1.608118
SORBI_3009G187300	7.301015
SORBI_3009G187400	6.594241
SORBI_3009G187500	0.41399
SORBI_3009G187600	0.170643
SORBI_3009G187700	0
SORBI_3009G187900	1.132852
SORBI_3009G188000	8.83879
SORBI_3009G188100	9.819847
SORBI_3009G188200	0
SORBI_3009G188300	7.99436
SORBI_3009G188500	0
SORBI_3009G188600	0
SORBI_3009G188700	0.150959
SORBI_3009G188750	0.183015
SORBI_3009G188800	3.211181
SORBI_3009G188900	3.588608
ENSRNA049443582	0
ENSRNA049443595	0
SORBI_3009G189000	6.984467
SORBI_3009G189100	20.903179
SORBI_3009G189200	51.676465
SORBI_3009G189300	1.134194
SORBI_3009G189400	112.856211
SORBI_3009G189501	10.741481
SORBI_3009G189600	4.815015
SORBI_3009G189700	0
SORBI_3009G189800	0
SORBI_3009G189900	0.135835
SORBI_3009G190000	8.130075
SORBI_3009G190100	0
SORBI_3009G190200	43.30723
SORBI_3009G190300	61.843619
SORBI_3009G190400	0
SORBI_3009G190500	125.694523
SORBI_3009G190600	20.820754
SORBI_3009G190700	67.327139
SORBI_3009G190800	728.272997
SORBI_3009G190900	0.526412
SORBI_3009G191000	47.589955
SORBI_3009G191100	5.101329
SORBI_3009G191200	80.288574
SORBI_3009G191300	5.789777
SORBI_3009G191400	51.54028
SORBI_3009G191500	38.633207
SORBI_3009G191600	33.912391
SORBI_3009G191700	27.732683
SORBI_3009G191801	0
SORBI_3009G191800	10.805622
SORBI_3009G191900	0
SORBI_3009G192000	113.866522
SORBI_3009G192100	84.611238
SORBI_3009G192200	6.124546
SORBI_3009G192300	61.9824
SORBI_3009G192400	0.463994
SORBI_3009G192450	0
SORBI_3009G192500	10.128969
SORBI_3009G192600	14.802133
SORBI_3009G192700	0.061845
SORBI_3009G192800	2.073774
SORBI_3009G192933	0
SORBI_3009G193066	0
SORBI_3009G193200	0.560868
SORBI_3009G193300	35.449785
SORBI_3009G193400	226.625357
SORBI_3009G193500	49.931412
ENSRNA049443893	0
ENSRNA049443882	0
SORBI_3009G193600	0
SORBI_3009G193700	21.014147
SORBI_3009G193850	16.633247
SORBI_3009G194000	24.188281
SORBI_3009G194100	0.122348
SORBI_3009G194200	89.141694
SORBI_3009G194300	9.876305
SORBI_3009G194400	3.230713
SORBI_3009G194500	18.760951
SORBI_3009G194600	0
SORBI_3009G194700	8.40588
SORBI_3009G194801	14.901332
SORBI_3009G194900	1.311496
SORBI_3009G195000	3.256933
SORBI_3009G195100	33.005123
SORBI_3009G195200	25.676975
SORBI_3009G195300	52.663396
SORBI_3009G195400	8.369485
SORBI_3009G195500	0
SORBI_3009G195600	3.022067
SORBI_3009G195700	145.300943
SORBI_3009G195800	172.359744
SORBI_3009G195900	362.048052
SORBI_3009G196001	0.307068
SORBI_3009G196100	0
SORBI_3009G196200	0
SORBI_3009G196300	0
SORBI_3009G196400	0
SORBI_3009G196500	0
SORBI_3009G196600	0
SORBI_3009G196700	0
SORBI_3009G196800	12.411819
SORBI_3009G196900	4.376355
SORBI_3009G197000	27.978938
SORBI_3009G197100	0.768411
SORBI_3009G197200	7.152388
SORBI_3009G197300	33.568604
SORBI_3009G197350	0.058013
SORBI_3009G197400	0.127488
SORBI_3009G197500	0
SORBI_3009G197600	47.386221
SORBI_3009G197700	0
SORBI_3009G197800	0
SORBI_3009G197901	0
SORBI_3009G198000	16.159552
SORBI_3009G198100	24.190482
SORBI_3009G198200	0.262535
ENSRNA049443870	0
SORBI_3009G198300	0
SORBI_3009G198350	0
SORBI_3009G198400	0.465365
SORBI_3009G198500	352.809266
SORBI_3009G198600	46.501938
SORBI_3009G198700	11.77883
SORBI_3009G198800	0.4656
SORBI_3009G198900	34.143268
SORBI_3009G199001	1.396121
SORBI_3009G199100	4.53886
SORBI_3009G199200	96.972931
SORBI_3009G199300	0
SORBI_3009G199401	0.29489
SORBI_3009G199500	41.781847
SORBI_3009G199601	19.576928
SORBI_3009G199700	109.54876
SORBI_3009G199750	0
SORBI_3009G199800	17.014752
SORBI_3009G199900	0
SORBI_3009G200000	0.463919
SORBI_3009G200100	0
SORBI_3009G200200	21.368712
SORBI_3009G200300	1.952383
SORBI_3009G200400	2.414936
SORBI_3009G200500	14.750694
SORBI_3009G200566	1.504488
SORBI_3009G200632	2.17689
SORBI_3009G200700	39.956257
SORBI_3009G200750	0.064887
SORBI_3009G200800	143.951539
SORBI_3009G200900	2.010622
SORBI_3009G201000	8.715479
SORBI_3009G201100	0.162517
SORBI_3009G201200	21.130255
SORBI_3009G201300	12.556874
SORBI_3009G201400	0
SORBI_3009G201500	79.693375
SORBI_3009G201600	41.518202
ENSRNA049995726	0
SORBI_3009G201700	88.533967
SORBI_3009G201800	26.085971
SORBI_3009G201900	9.224292
SORBI_3009G202000	7.377803
SORBI_3009G202101	0
SORBI_3009G202200	0
SORBI_3009G202400	0
SORBI_3009G202501	0
SORBI_3009G202600	0
SORBI_3009G202700	0
ENSRNA049443858	0
SORBI_3009G202801	1.801877
SORBI_3009G202900	10.433175
SORBI_3009G203000	12.517071
SORBI_3009G203100	19.40266
SORBI_3009G203200	0
SORBI_3009G203400	0.466651
SORBI_3009G203500	47.540233
SORBI_3009G203600	6.470206
SORBI_3009G203700	1.064099
SORBI_3009G203733	0
SORBI_3009G203766	0
SORBI_3009G203800	0
SORBI_3009G203900	0
SORBI_3009G204000	0
SORBI_3009G204100	440.384872
SORBI_3009G204200	78.082699
SORBI_3009G204300	1.290471
SORBI_3009G204400	18.912661
SORBI_3009G204501	0
SORBI_3009G204601	120.564515
SORBI_3009G204700	0
SORBI_3009G204800	0
SORBI_3009G204900	0.256383
SORBI_3009G205000	1.580903
SORBI_3009G205100	2.826116
SORBI_3009G205200	15.958935
SORBI_3009G205300	133.287497
ENSRNA049443630	0
SORBI_3009G205400	0.623308
SORBI_3009G205500	2.691986
SORBI_3009G205600	3.616832
SORBI_3009G205700	4.404752
SORBI_3009G205800	1.062285
SORBI_3009G205900	1.706139
SORBI_3009G206000	2.663157
SORBI_3009G206100	18.253094
SORBI_3009G206150	0
SORBI_3009G206200	0
SORBI_3009G206250	0
SORBI_3009G206300	0
SORBI_3009G206400	0.151354
SORBI_3009G206500	43.087937
SORBI_3009G206600	73.556711
SORBI_3009G206700	21.195777
SORBI_3009G206800	0
SORBI_3009G206900	0
ENSRNA049478842	0
ENSRNA049478902	0
ENSRNA049478943	0
ENSRNA049478851	0
SORBI_3009G207000	66.226504
SORBI_3009G207100	8.411228
SORBI_3009G207200	42.965029
SORBI_3009G207300	103.486494
SORBI_3009G207400	0.658301
SORBI_3009G207500	0.202306
ENSRNA049995722	0
ENSRNA049995719	0
ENSRNA049995715	0
SORBI_3009G207600	15.641927
SORBI_3009G207700	0
SORBI_3009G207800	0
SORBI_3009G207900	45.83103
SORBI_3009G208000	10.940306
SORBI_3009G208100	26.866808
SORBI_3009G208200	17.832223
SORBI_3009G208300	0
SORBI_3009G208400	2.268387
SORBI_3009G208500	0.501806
SORBI_3009G208600	0
SORBI_3009G208700	0
SORBI_3009G208800	247.529362
SORBI_3009G208900	0
SORBI_3009G209001	1.898797
ENSRNA049443808	0
SORBI_3009G209100	288.124067
SORBI_3009G209150	0.119531
SORBI_3009G209200	14.169625
SORBI_3009G209300	30.608507
SORBI_3009G209400	0.498517
SORBI_3009G209500	2.799954
SORBI_3009G209650	1.506321
SORBI_3009G209800	6.397547
SORBI_3009G209900	14.39339
SORBI_3009G210000	12.815406
SORBI_3009G210100	19.723786
SORBI_3009G210200	8.12607
SORBI_3009G210250	0
SORBI_3009G210300	7.064427
SORBI_3009G210400	0
SORBI_3009G210500	16.836029
SORBI_3009G210600	6.013997
SORBI_3009G210700	0
SORBI_3009G210800	1.584996
SORBI_3009G210900	0
SORBI_3009G211000	3.095549
SORBI_3009G211100	1.319795
SORBI_3009G211200	14.049271
SORBI_3009G211300	0
SORBI_3009G211400	10.583625
SORBI_3009G211500	0.762764
SORBI_3009G211600	0.904687
SORBI_3009G211700	477.415898
SORBI_3009G211800	0.347691
SORBI_3009G211900	45.510649
SORBI_3009G212000	2.93108
SORBI_3009G212100	47.373197
SORBI_3009G212200	166.330429
SORBI_3009G212300	77.769123
SORBI_3009G212400	95.607518
SORBI_3009G212500	0.303649
SORBI_3009G212600	19.729391
SORBI_3009G212700	0
SORBI_3009G212800	56.467817
SORBI_3009G212900	0.158277
SORBI_3009G213000	22.102176
SORBI_3009G213100	33.271078
SORBI_3009G213150	0
SORBI_3009G213200	12.761152
SORBI_3009G213300	24.37354
SORBI_3009G213400	5.445825
SORBI_3009G213500	502.575754
SORBI_3009G213600	23.175584
SORBI_3009G213700	14.027109
SORBI_3009G213800	13.558766
SORBI_3009G213900	112.986449
SORBI_3009G213950	25.262663
SORBI_3009G214000	11.721612
SORBI_3009G214100	23.55149
SORBI_3009G214200	9.530137
SORBI_3009G214300	90.363427
SORBI_3009G214400	0
SORBI_3009G214500	0.11636
SORBI_3009G214600	21.279355
SORBI_3009G214700	0
SORBI_3009G214800	4.154714
SORBI_3009G214900	4.73946
SORBI_3009G215000	73.054537
SORBI_3009G215100	0.111784
SORBI_3009G215200	189.769467
ENSRNA049478892	0
ENSRNA049478883	10.144732
SORBI_3009G215300	559.980544
SORBI_3009G215350	0.168412
SORBI_3009G215400	96.228787
SORBI_3009G215500	64.427689
SORBI_3009G215600	0.273265
SORBI_3009G215700	9.209795
SORBI_3009G215800	11.684009
SORBI_3009G215901	2.740968
SORBI_3009G216000	30.729262
SORBI_3009G216050	4.652361
SORBI_3009G216100	35.046012
SORBI_3009G216200	0
SORBI_3009G216300	8.476121
SORBI_3009G216400	0
SORBI_3009G216500	4.16319
SORBI_3009G216600	0
SORBI_3009G216700	15.913153
SORBI_3009G216800	162.175725
SORBI_3009G216900	50.554084
SORBI_3009G217000	191.090802
SORBI_3009G217100	309.757925
SORBI_3009G217200	35.696991
SORBI_3009G217300	14.183585
SORBI_3009G217400	4.991076
SORBI_3009G217450	0.083928
SORBI_3009G217500	85.329355
SORBI_3009G217600	70.09045
SORBI_3009G217700	0
SORBI_3009G217800	0
SORBI_3009G217900	255.505091
SORBI_3009G218000	42.860706
SORBI_3009G218100	0
SORBI_3009G218200	0
SORBI_3009G218450	2.565758
SORBI_3009G218700	1.512373
SORBI_3009G218800	45.847845
SORBI_3009G218900	7.875922
SORBI_3009G219000	171.72214
SORBI_3009G219100	125.545001
SORBI_3009G219200	0
SORBI_3009G219300	0
SORBI_3009G219400	41.230509
SORBI_3009G219500	0.285253
SORBI_3009G219601	0
SORBI_3009G219700	1.159216
SORBI_3009G219800	0
SORBI_3009G219900	59.752893
SORBI_3009G220000	12.184011
SORBI_3009G220100	28.356778
SORBI_3009G220200	140.59312
SORBI_3009G220250	0
SORBI_3009G220300	0
SORBI_3009G220400	0
SORBI_3009G220500	2.059114
SORBI_3009G220600	1.249723
SORBI_3009G220700	0.180768
SORBI_3009G220800	0.172858
SORBI_3009G220900	0
SORBI_3009G220933	0
SORBI_3009G220966	0
SORBI_3009G221000	3.047275
SORBI_3009G221200	1.439042
SORBI_3009G221400	19.443364
SORBI_3009G221500	1.261282
SORBI_3009G221600	17.829963
SORBI_3009G221701	1.02656
ENSRNA049478870	0
SORBI_3009G221800	0
SORBI_3009G221900	3.674637
SORBI_3009G222000	1.351006
SORBI_3009G222100	0.550754
SORBI_3009G222200	22.016888
SORBI_3009G222400	0.554454
SORBI_3009G222500	22.502344
SORBI_3009G222600	7.986187
SORBI_3009G222700	0.574078
SORBI_3009G222800	4.663365
SORBI_3009G222900	43.342396
SORBI_3009G223000	0
SORBI_3009G223100	0
SORBI_3009G223200	18.688166
SORBI_3009G223300	300.309049
SORBI_3009G223400	5.708364
SORBI_3009G223500	13.091788
SORBI_3009G223600	6.332403
SORBI_3009G223700	1.088829
SORBI_3009G223800	0
SORBI_3009G223900	0
SORBI_3009G224000	53.855561
SORBI_3009G224100	0.479126
SORBI_3009G224200	38.562583
SORBI_3009G224300	0.679855
SORBI_3009G224400	337.281697
SORBI_3009G224500	35.427478
SORBI_3009G224600	124.421556
SORBI_3009G224700	5.331742
SORBI_3009G224800	0.169121
SORBI_3009G224900	0
SORBI_3009G225000	92.420538
SORBI_3009G225100	30.363343
SORBI_3009G225200	41.989998
SORBI_3009G225250	0
SORBI_3009G225300	0
ENSRNA049443666	0
SORBI_3009G225500	0.383112
ENSRNA049443801	0
SORBI_3009G225600	16.993095
SORBI_3009G225700	2.245637
SORBI_3009G225800	0.220369
SORBI_3009G225900	2.95153
ENSRNA049478863	0
ENSRNA049478845	0
SORBI_3009G226000	0.536548
SORBI_3009G226100	1.850761
SORBI_3009G226200	1.352894
SORBI_3009G226250	21.380877
SORBI_3009G226300	17.052092
SORBI_3009G226400	244.677526
SORBI_3009G226600	21.319116
SORBI_3009G226700	5.483822
SORBI_3009G226800	5.205416
SORBI_3009G226900	3.399404
SORBI_3009G227000	2.112462
SORBI_3009G227100	5.313478
SORBI_3009G227201	0
SORBI_3009G227300	0
SORBI_3009G227400	265.666339
SORBI_3009G227500	0
SORBI_3009G227600	1.45463
SORBI_3009G227650	0.483687
SORBI_3009G227700	23.791399
SORBI_3009G227800	29.647272
SORBI_3009G227900	7.249374
SORBI_3009G228000	29.818096
SORBI_3009G228100	65.280358
SORBI_3009G228201	0.460432
SORBI_3009G228300	22.063368
SORBI_3009G228400	17.490156
SORBI_3009G228500	69.320899
SORBI_3009G228600	4.281464
SORBI_3009G228700	66.043343
SORBI_3009G228800	11.262113
SORBI_3009G228900	28.346097
SORBI_3009G229000	7.288379
SORBI_3009G229100	0
SORBI_3009G229200	35.877659
SORBI_3009G229300	102.333289
ENSRNA049443684	0
SORBI_3009G229400	1.159945
SORBI_3009G229500	0
SORBI_3009G229600	69.521148
SORBI_3009G229700	12.34138
SORBI_3009G229800	7.149794
SORBI_3009G229900	0
SORBI_3009G230000	0
SORBI_3009G230100	73.189418
SORBI_3009G230200	0.421948
SORBI_3009G230300	0
SORBI_3009G230400	0.279217
SORBI_3009G230500	19.251997
SORBI_3009G230600	5.167545
SORBI_3009G230700	110.119403
SORBI_3009G230800	0
SORBI_3009G230900	1.513997
SORBI_3009G231000	0.371986
SORBI_3009G231100	39.872318
SORBI_3009G231200	374.500477
SORBI_3009G231300	615.686701
SORBI_3009G231400	30.239229
SORBI_3009G231500	0
SORBI_3009G231600	0
SORBI_3009G231700	55.246898
SORBI_3009G231800	34.414514
SORBI_3009G231900	11.665628
SORBI_3009G232000	86.047961
SORBI_3009G232100	0.3593
SORBI_3009G232200	54.922981
SORBI_3009G232266	92.866053
SORBI_3009G232332	0
SORBI_3009G232400	10.469936
SORBI_3009G232500	6.444054
SORBI_3009G232700	124.0431
SORBI_3009G232800	13.902884
SORBI_3009G232900	95.990649
SORBI_3009G233000	0
SORBI_3009G233100	0
SORBI_3009G233200	253.108495
SORBI_3009G233300	228.043464
SORBI_3009G233400	249.006107
SORBI_3009G233500	0.079106
SORBI_3009G233600	0.340759
SORBI_3009G233700	39.84519
SORBI_3009G233800	12.227621
SORBI_3009G233900	27.867598
SORBI_3009G234000	29.673341
SORBI_3009G234100	1.214839
SORBI_3009G234200	6.415946
SORBI_3009G234300	288.080951
SORBI_3009G234400	76.4471
SORBI_3009G234500	16.977798
SORBI_3009G234600	89.198127
SORBI_3009G234700	68.875913
SORBI_3009G234800	259.863448
SORBI_3009G234900	0.091203
SORBI_3009G235000	8.559065
SORBI_3009G235100	14.111314
SORBI_3009G235200	48.487176
SORBI_3009G235300	0.68763
SORBI_3009G235400	0
SORBI_3009G235500	0
SORBI_3009G235600	24.690586
SORBI_3009G235700	3.061143
SORBI_3009G235801	0
SORBI_3009G235900	24.97908
SORBI_3009G236000	0
SORBI_3009G236100	11.39298
SORBI_3009G236150	0
SORBI_3009G236200	4.88366
SORBI_3009G236300	4.015309
SORBI_3009G236400	27.724917
ENSRNA049443757	0
SORBI_3009G236500	0.79855
SORBI_3009G236600	1.134194
SORBI_3009G236700	0
SORBI_3009G236800	2.67993
SORBI_3009G236900	0
SORBI_3009G236950	0.252706
SORBI_3009G237000	28.427213
SORBI_3009G237100	5.144806
SORBI_3009G237200	38.713555
SORBI_3009G237300	0
SORBI_3009G237350	0
SORBI_3009G237400	2.989806
SORBI_3009G237500	10.008814
SORBI_3009G237600	10.852994
SORBI_3009G237700	0.448817
SORBI_3009G237800	2.712239
SORBI_3009G237900	0
SORBI_3009G238000	20.887488
SORBI_3009G238100	10.720585
SORBI_3009G238200	12.204212
SORBI_3009G238300	8.730245
SORBI_3009G238500	1.197204
SORBI_3009G238600	0.600277
SORBI_3009G238650	0
ENSRNA049478922	0
SORBI_3009G238700	0.461643
SORBI_3009G238800	31.699332
SORBI_3009G238850	9.005684
SORBI_3009G238900	185.835868
SORBI_3009G239000	0
SORBI_3009G239101	0.654764
SORBI_3009G239200	6.399629
SORBI_3009G239250	29.688043
SORBI_3009G239301	88.97748
SORBI_3009G239351	14.294592
SORBI_3009G239400	0
SORBI_3009G239500	35.428991
SORBI_3009G239600	2.852553
SORBI_3009G239700	1.755819
SORBI_3009G239800	0
SORBI_3009G239900	301.144922
SORBI_3009G240000	0.059694
SORBI_3009G240100	0.707252
SORBI_3009G240200	14.481969
SORBI_3009G240300	0
SORBI_3009G240400	0
SORBI_3009G240500	0
SORBI_3009G240600	9.556358
SORBI_3009G240700	124.965905
SORBI_3009G240900	251.488761
SORBI_3009G241000	1.219334
SORBI_3009G241100	14.454812
SORBI_3009G241200	11.50381
SORBI_3009G241300	0.93108
SORBI_3009G241400	0
SORBI_3009G241500	0.584781
SORBI_3009G241600	0.105248
SORBI_3009G241700	10.24693
SORBI_3009G241801	3.123619
SORBI_3009G241900	0
SORBI_3009G241966	0.656197
SORBI_3009G242032	0
SORBI_3009G242100	86.943114
SORBI_3009G242200	6.464179
SORBI_3009G242250	0
SORBI_3009G242300	554.754284
SORBI_3009G242400	71.322124
SORBI_3009G242501	0.51364
SORBI_3009G242600	11.196648
SORBI_3009G242700	28.851867
SORBI_3009G242800	9.321478
SORBI_3009G242900	6.236489
SORBI_3009G243000	0.839377
SORBI_3009G243100	22.841796
SORBI_3009G243200	6.184215
SORBI_3009G243400	32.837142
SORBI_3009G243500	0
SORBI_3009G243600	0.065923
ENSRNA049478859	0
SORBI_3009G243800	40.961704
SORBI_3009G243900	13.460318
SORBI_3009G244000	0
SORBI_3009G244100	0.231238
SORBI_3009G244200	2.610877
SORBI_3009G244300	2.32302
SORBI_3009G244450	0.577919
SORBI_3009G244600	0
SORBI_3009G244650	0
SORBI_3009G244700	193.562457
SORBI_3009G244800	0
SORBI_3009G244900	14.489733
SORBI_3009G245000	67.546518
SORBI_3009G245101	75.058118
SORBI_3009G245200	0.098092
SORBI_3009G245300	0
SORBI_3009G245400	0.081479
SORBI_3009G245500	0
SORBI_3009G245600	1.1811
SORBI_3009G245650	0
ENSRNA049443705	0
SORBI_3009G245700	0
SORBI_3009G245750	0
SORBI_3009G245800	155.670986
SORBI_3009G245900	0
SORBI_3009G246000	0
SORBI_3009G246100	1.53598
SORBI_3009G246200	0.414158
SORBI_3009G246250	0
SORBI_3009G246300	70.442337
SORBI_3009G246400	27.544245
SORBI_3009G246500	51.856782
SORBI_3009G246600	0.336985
SORBI_3009G246700	46.954117
SORBI_3009G246800	3.28817
SORBI_3009G246950	109.61529
SORBI_3009G247100	2.543466
SORBI_3009G247200	0.174201
SORBI_3009G247300	255.175274
SORBI_3009G247400	29.095833
SORBI_3009G247500	0
SORBI_3009G247601	0
SORBI_3009G247700	1.090472
SORBI_3009G247900	2103.237756
SORBI_3009G248000	0.461175
SORBI_3009G248100	1.050751
SORBI_3009G248200	0.09657
SORBI_3009G248300	154.131104
SORBI_3009G248500	0.640152
SORBI_3009G248600	0.187395
SORBI_3009G248700	0.183469
SORBI_3009G248801	3.158387
SORBI_3009G248900	11.942816
SORBI_3009G249000	150.850177
SORBI_3009G249100	19.39808
SORBI_3009G249200	29.046384
SORBI_3009G249301	0.772009
SORBI_3009G249400	0.134498
SORBI_3009G249500	196.858148
SORBI_3009G249600	0.418763
SORBI_3009G249700	17.443954
SORBI_3009G249800	75.309297
SORBI_3009G249900	16.427978
SORBI_3009G250000	0
SORBI_3009G250100	100.827698
SORBI_3009G250200	0.083022
SORBI_3009G250300	0
SORBI_3009G250400	10.538043
SORBI_3009G250500	0
SORBI_3009G250600	0
SORBI_3009G250700	0.522709
SORBI_3009G250800	0.928312
SORBI_3009G250900	79.592244
SORBI_3009G251000	7.370628
SORBI_3009G251100	52.780658
SORBI_3009G251200	6.938611
SORBI_3009G251300	5.259982
SORBI_3009G251400	2.969147
SORBI_3009G251500	75.660317
SORBI_3009G251600	29.820581
SORBI_3009G251700	0.564811
SORBI_3009G251800	4.999086
SORBI_3009G252000	0
SORBI_3009G252100	0
SORBI_3009G252200	0.108362
SORBI_3009G252300	2.124986
SORBI_3009G252400	0.279018
SORBI_3009G252500	10.316886
SORBI_3009G252600	10.168632
SORBI_3009G252700	1.992913
SORBI_3009G252800	67.815686
ENSRNA049995717	0
ENSRNA049443727	0
SORBI_3009G253000	0.087523
SORBI_3009G253101	0.737154
SORBI_3009G253200	0
ENSRNA049443719	0
SORBI_3009G253300	2.2979
SORBI_3009G253400	59.628997
SORBI_3009G253450	0.07608
SORBI_3009G253500	0
SORBI_3009G253600	0.283128
SORBI_3009G253700	0
SORBI_3009G253800	0
SORBI_3009G253900	0.046905
SORBI_3009G253950	1.692842
ENSRNA049995701	0
SORBI_3009G254000	21.559724
SORBI_3009G254100	24.844377
SORBI_3009G254200	23.997805
SORBI_3009G254400	0
SORBI_3009G254500	0
SORBI_3009G254600	0
SORBI_3009G254700	0.283085
SORBI_3009G254800	0
SORBI_3009G254900	16.273927
SORBI_3009G255000	0.0922
SORBI_3009G255100	19.092126
SORBI_3009G255200	0
SORBI_3009G255300	75.959846
SORBI_3009G255400	0
SORBI_3009G255500	29.029893
SORBI_3009G255600	93.414453
SORBI_3009G255700	35.673954
SORBI_3009G255800	94.574151
SORBI_3009G255900	13.951777
SORBI_3009G256000	97.961631
SORBI_3009G256100	2.347825
SORBI_3009G256200	94.772814
SORBI_3009G256300	13.963813
SORBI_3009G256400	41.572645
SORBI_3009G256500	0
SORBI_3009G256601	0
SORBI_3009G256700	5.761524
SORBI_3009G256800	5.148445
SORBI_3009G256900	112.309372
SORBI_3009G257000	0
SORBI_3009G257100	4.626135
SORBI_3009G257200	155.883615
SORBI_3009G257300	14.733914
SORBI_3009G257400	0.114493
SORBI_3009G257500	1.765888
SORBI_3009G257600	122.57949
SORBI_3009G257700	379.327559
SORBI_3009G257800	30.796277
SORBI_3009G257900	0
SORBI_3009G258000	0
SORBI_3009G258100	78.25551
SORBI_3009G258150	0.057522
SORBI_3009G258200	0
SORBI_3009G258300	47.601732
SORBI_3009G258400	43.372312
SORBI_3009G258500	19.785922
SORBI_3009G258600	96.06778
SORBI_3009G258700	0.068897
SORBI_3009G258800	0.455616
SORBI_3009G258900	0
SORBI_3009G259100	121.302674
SORBI_3009G259200	77.91417
SORBI_3009G259300	0
SORBI_3009G259400	9.139071
SORBI_3009G259500	0
SORBI_3009G259600	0
SORBI_3009G259700	82.492106
SORBI_3009G259800	1.708731
SORBI_3009G259900	24.592074
SORBI_3009G260000	9.254897
SORBI_3009G260200	0
SORBI_3009G260350	0.3754
SORBI_3009G260500	75.136254
SORBI_3009G260550	0
SORBI_3009G260600	1.968228
SORBI_3009G260650	6.804526
SORBI_3009G260700	100.298359
SORBI_3009G260800	0
SORBI_3009G260900	0
SORBI_3K000200	0
SORBI_3K000400	0
SORBI_3K000500	0.630802
SORBI_3K044400	0
ENSRNA049485535	0
ENSRNA049485533	1.014791
SORBI_3K004100	45.114752
SORBI_3K004201	0.011889
ENSRNA049485470	0
SORBI_3K004400	0
SORBI_3K004500	0
ENSRNA049485443	0
ENSRNA049485454	0
ENSRNA049485442	0
ENSRNA049485444	0
ENSRNA049485461	0
ENSRNA049485445	0
ENSRNA049485446	0
ENSRNA049485447	0
ENSRNA049485463	0
ENSRNA049485458	0
ENSRNA049485449	0
ENSRNA049485459	0
ENSRNA049485450	0
ENSRNA049485451	0
ENSRNA049485452	0
SORBI_3K009800	0.169205
SORBI_3K009900	0
SORBI_3K010000	0
SORBI_3K010100	0.383982
SORBI_3K010300	0
SORBI_3K044401	1.807535
SORBI_3K010500	0
ENSRNA049485467	0
ENSRNA049485468	0
SORBI_3K012900	7.766956
SORBI_3K013000	162.309851
SORBI_3K013100	0
SORBI_3K013200	47.342123
SORBI_3K014100	0
SORBI_3K014200	0
ENSRNA049485436	0
ENSRNA049485438	0
SORBI_3K044402	0
ENSRNA049484633	226.502476
ENSRNA049484595	0
ENSRNA049484584	1.34312
ENSRNA049484596	0
ENSRNA049484545	0
ENSRNA049484598	0
ENSRNA049484547	0
ENSRNA049484599	0
ENSRNA049484548	0
ENSRNA049484600	0
ENSRNA049484551	0
ENSRNA049484601	0
ENSRNA049484553	0
ENSRNA049484602	0
ENSRNA049484585	0
ENSRNA049484603	0
ENSRNA049484554	0
ENSRNA049484604	0
ENSRNA049484555	0
ENSRNA049484607	0
ENSRNA049484557	0
ENSRNA049484608	0
ENSRNA049484559	13.48193
ENSRNA049484610	0
ENSRNA049484560	0
ENSRNA049484611	0
ENSRNA049484563	0
ENSRNA049484623	1.814558
ENSRNA049484566	0
SORBI_3K044403	26.549878
ENSRNA049484612	0
ENSRNA049484582	0.20668
ENSRNA049484626	1.814558
ENSRNA049484594	2.563648
ENSRNA049484614	0
ENSRNA049484567	9.280185
ENSRNA049484615	0
ENSRNA049484576	0
ENSRNA049484616	0
ENSRNA049484579	0.738058
ENSRNA049484617	0
ENSRNA049484587	0
ENSRNA049484618	0
ENSRNA049484570	230.062848
ENSRNA049484620	0
ENSRNA049484573	36.183651
ENSRNA049484637	0
ENSRNA049484592	0.692967
ENSRNA049484593	7.978296
ENSRNA049484591	0.281133
ENSRNA049484638	0
ENSRNA049484589	1.106847
ENSRNA049484632	0
ENSRNA049484640	0
ENSRNA049484628	0
ENSRNA049484630	0
SORBI_3K015700	28.425045
SORBI_3K015800	0
SORBI_3K044404	47.710126
SORBI_3K016500	0
SORBI_3K016700	3.626105
SORBI_3K008450	1.844822
SORBI_3K016900	2.095697
ENSRNA049485498	0
ENSRNA049485500	0
ENSRNA049485510	0
ENSRNA049485512	0
ENSRNA049485501	0
ENSRNA049485513	0
ENSRNA049485503	0
ENSRNA049485505	0
ENSRNA049485508	0
ENSRNA049485509	0
SORBI_3K017300	0
SORBI_3K020400	11.745225
SORBI_3K020500	0
SORBI_3K044405	0
SORBI_3K044505	0
SORBI_3K024000	1.449255
SORBI_3K044406	6.558274
SORBI_3K024100	0
ENSRNA049485542	0
ENSRNA049485538	39.363386
ENSRNA049485539	430.646078
SORBI_3K024300	0
SORBI_3K044407	0.082467
ENSRNA049485541	0
SORBI_3K024500	0
ENSRNA049485553	430.646078
SORBI_3K024600	0
SORBI_3K044408	0
SORBI_3K024800	9.603992
SORBI_3K025800	1.34778
ENSRNA049485548	0
SORBI_3K025900	0
ENSRNA049485554	0
ENSRNA049485441	0
SORBI_3K026200	94.162855
ENSRNA049485561	0
SORBI_3K026400	0
SORBI_3K026800	9.452223
SORBI_3K044409	0
SORBI_3K026900	0.339517
ENSRNA049485550	0.35463
SORBI_3K044410	0.891201
SORBI_3K027700	0
SORBI_3K027900	0.381964
SORBI_3K028000	0.236732
SORBI_3K044411	0.501975
ENSRNA049485562	22.825647
SORBI_3K028200	0
ENSRNA049485515	0
SORBI_3K028300	0
SORBI_3K044412	0
ENSRNA049485401	393.06732
SORBI_3K028600	48.683517
SORBI_3K044413	4.345371
ENSRNA049485423	0
ENSRNA049485412	0
ENSRNA049485427	0
ENSRNA049485428	0
ENSRNA049485414	0
ENSRNA049485415	0
ENSRNA049485425	0
ENSRNA049485418	0
ENSRNA049485421	0
SORBI_3K028900	0
SORBI_3K044414	0
ENSRNA049485495	0
ENSRNA049485493	0
SORBI_3K044415	0
ENSRNA049485556	0
ENSRNA049485555	0
SORBI_3K029900	0.33937
SORBI_3K030000	1.477584
SORBI_3K030100	0
SORBI_3K030200	0
SORBI_3K030700	0
ENSRNA049484642	0
SORBI_3K044416	0
SORBI_3K031100	0
SORBI_3K031200	0
SORBI_3K031300	0
SORBI_3K031500	1.639667
SORBI_3K031800	20.108757
SORBI_3K044417	0
SORBI_3K032900	0
ENSRNA049485527	0
ENSRNA049485526	5.270614
SORBI_3K044418	2.333717
SORBI_3K033000	680.95221
ENSRNA049483612	0
ENSRNA049483600	0
ENSRNA049483615	0
ENSRNA049483594	0
ENSRNA049483618	430.647216
ENSRNA049483575	0
ENSRNA049483619	430.647216
ENSRNA049483576	0
ENSRNA049483622	430.647216
ENSRNA049483578	0
ENSRNA049483624	431.063898
ENSRNA049483580	0
ENSRNA049483625	431.063898
ENSRNA049483582	0
ENSRNA049483626	0
ENSRNA049483596	0
ENSRNA049483627	0
ENSRNA049483584	0
ENSRNA049483607	654.342029
ENSRNA049483602	341.741388
ENSRNA049483628	0
ENSRNA049483588	0
ENSRNA049483629	0
ENSRNA049483603	425.296307
ENSRNA049483639	201.973545
ENSRNA049483640	402.500256
ENSRNA049483611	1794.431866
ENSRNA049483609	277.841309
ENSRNA049483605	310.441255
ENSRNA049483632	0
ENSRNA049483598	0
ENSRNA049483635	0
ENSRNA049483591	0
ENSRNA049483637	0
ENSRNA049483597	3.780469
SORBI_3K040800	0.621681
ENSRNA049483670	0
ENSRNA049483653	0
ENSRNA049483666	168.420942
ENSRNA049483677	13.043103
ENSRNA049483659	0.258974
ENSRNA049483671	0
ENSRNA049483662	0
ENSRNA049483678	0
ENSRNA049483658	0
ENSRNA049483675	0
ENSRNA049483660	0.143646
ENSRNA049483664	398.33881
ENSRNA049483667	478.180835
ENSRNA049483679	0
ENSRNA049483650	0
ENSRNA049483674	0
ENSRNA049483655	0.484018
SORBI_3K041900	56.425145
SORBI_3K042000	30.813785
SORBI_3K044419	0
SORBI_3K042600	0
SORBI_3K042700	0
SORBI_3K044420	0
SORBI_3K043400	36.12907
SORBI_3K043500	0
SORBI_3K043800	2.43408
SORBI_3K044200	0
SORBI_3K044300	4.667253
