feature_id	SRR39669459
SEVIR_1G000100v2	6.24231
SEVIR_1G000200v2	3.972513
SEVIR_1G000300v2	36.906036
SEVIR_1G000400v2	166.657502
SEVIR_1G000501v2	1.5313
SEVIR_1G000600v2	0.138205
SEVIR_1G000650v2	1.412566
SEVIR_1G000700v2	0
SEVIR_1G000900v2	0
SEVIR_1G001000v2	35.293351
SEVIR_1G001100v2	0
SEVIR_1G001200v2	5.559845
SEVIR_1G001300v2	333.419556
SEVIR_1G001400v2	33.797604
SEVIR_1G001500v2	5.218499
SEVIR_1G001600v2	0.027213
SEVIR_1G001700v2	0.582252
SEVIR_1G001800v2	723.62481
SEVIR_1G001900v2	325.752467
SEVIR_1G002000v2	38.710793
SEVIR_1G002100v2	62.373553
SEVIR_1G002200v2	42.112667
SEVIR_1G002300v2	0
SEVIR_1G002400v2	47.854565
SEVIR_1G002500v2	21.325701
SEVIR_1G002600v2	8.043995
SEVIR_1G002700v2	0
SEVIR_1G002800v2	2.844363
SEVIR_1G002900v2	4.340743
SEVIR_1G003000v2	313.260045
SEVIR_1G003100v2	6.643806
SEVIR_1G003200v2	1.19523
SEVIR_1G003300v2	0
SEVIR_1G003401v2	42.789844
SEVIR_1G003500v2	11.405195
SEVIR_1G003550v2	124.726551
SEVIR_1G003600v2	5.326057
SEVIR_1G003700v2	0
SEVIR_1G003900v2	9.647498
SEVIR_1G004000v2	40.92332
SEVIR_1G004100v2	18.141778
SEVIR_1G004200v2	20.538689
SEVIR_1G004300v2	249.607772
SEVIR_1G004400v2	53.235692
SEVIR_1G004500v2	3.408031
SEVIR_1G004600v2	111.641934
SEVIR_1G004700v2	86.246065
SEVIR_1G004800v2	0.022055
SEVIR_1G004900v2	1.481774
SEVIR_1G005000v2	0
SEVIR_1G005100v2	0
SEVIR_1G005200v2	0
SEVIR_1G005300v2	0.170314
SEVIR_1G005400v2	0.434657
SEVIR_1G005500v2	4.195219
SEVIR_1G005600v2	3.080874
SEVIR_1G005700v2	25.655646
SEVIR_1G005800v2	3.288038
SEVIR_1G005900v2	27.225364
SEVIR_1G006000v2	0
SEVIR_1G006100v2	0
SEVIR_1G006200v2	6.71804
SEVIR_1G006300v2	31.170895
SEVIR_1G006400v2	56.111398
SEVIR_1G006500v2	2.953552
SEVIR_1G006600v2	1.467781
SEVIR_1G006700v2	0
SEVIR_1G006800v2	0
SEVIR_1G006900v2	0.119374
SEVIR_1G007000v2	0
SEVIR_1G007100v2	0.101758
SEVIR_1G007200v2	5.998321
SEVIR_1G007300v2	15.870957
SEVIR_1G007400v2	0
SEVIR_1G007466v2	0.8451
SEVIR_1G007532v2	0
SEVIR_1G007600v2	0
SEVIR_1G007700v2	1.954811
SEVIR_1G007766v2	0
SEVIR_1G007733v2	0
SEVIR_1G007800v2	3.195836
SEVIR_1G007900v2	4.166871
SEVIR_1G008000v2	28.37545
SEVIR_1G008100v2	14.401519
SEVIR_1G008200v2	74.801063
SEVIR_1G008300v2	28.067268
SEVIR_1G008400v2	3.594947
SEVIR_1G008500v2	4.905077
SEVIR_1G008600v2	0
SEVIR_1G008700v2	0.054569
SEVIR_1G008801v2	1.260274
SEVIR_1G008900v2	0
SEVIR_1G009000v2	24.109957
SEVIR_1G009100v2	4.050843
SEVIR_1G009200v2	41.056477
SEVIR_1G009300v2	21.800046
SEVIR_1G009400v2	109.032903
SEVIR_1G009500v2	0
SEVIR_1G009600v2	0.49072
SEVIR_1G009700v2	66.969046
SEVIR_1G009900v2	128.390699
SEVIR_1G010000v2	0
SEVIR_1G010100v2	7.614979
SEVIR_1G010200v2	54.141896
SEVIR_1G010300v2	1.310964
SEVIR_1G010400v2	0.912567
SEVIR_1G010500v2	1.800456
SEVIR_1G010700v2	0
SEVIR_1G010600v2	3.188435
SEVIR_1G010800v2	0.044556
SEVIR_1G010900v2	0
SEVIR_1G010950v2	0
SEVIR_1G011000v2	3.553607
SEVIR_1G011066v2	0.378569
SEVIR_1G011132v2	0.243422
SEVIR_1G011200v2	3.859376
SEVIR_1G011300v2	1.385197
SEVIR_1G011366v2	0.478265
SEVIR_1G011432v2	1.319675
SEVIR_1G011500v2	10.819498
SEVIR_1G011550v2	0.088441
SEVIR_1G011600v2	0
SEVIR_1G011700v2	12.194261
SEVIR_1G011750v2	0
SEVIR_1G011800v2	41.236494
SEVIR_1G011900v2	8.831759
SEVIR_1G012000v2	6.862691
SEVIR_1G012100v2	12.001476
SEVIR_1G012200v2	0
SEVIR_1G012300v2	10.625526
SEVIR_1G012350v2	1.550682
SEVIR_1G012400v2	30.319873
SEVIR_1G012500v2	9.18605
SEVIR_1G012600v2	5.296716
SEVIR_1G012650v2	0
SEVIR_1G012700v2	4.621282
SEVIR_1G012800v2	148.24346
SEVIR_1G012900v2	0
SEVIR_1G013000v2	0.093792
SEVIR_1G013100v2	0
SEVIR_1G013200v2	1.002581
SEVIR_1G013300v2	0.320862
SEVIR_1G013400v2	710.035494
SEVIR_1G013450v2	235.008372
SEVIR_1G013500v2	0
SEVIR_1G013600v2	0
SEVIR_1G013700v2	2.344051
SEVIR_1G013800v2	91.416385
SEVIR_1G013900v2	0
SEVIR_1G014000v2	23.987224
SEVIR_1G014100v2	65.931667
SEVIR_1G014200v2	22.688837
SEVIR_1G014250v2	0.486844
SEVIR_1G014300v2	0.175213
SEVIR_1G014400v2	65.101549
SEVIR_1G014500v2	24.57567
SEVIR_1G014600v2	2.677408
SEVIR_1G014700v2	0
SEVIR_1G014800v2	4.747788
SEVIR_1G014900v2	0
SEVIR_1G015000v2	0
SEVIR_1G015100v2	1.64873
SEVIR_1G015200v2	2.321885
SEVIR_1G015250v2	1.168762
SEVIR_1G015300v2	8.080888
SEVIR_1G015400v2	2.024668
SEVIR_1G015450v2	0
SEVIR_1G015500v2	6.088418
SEVIR_1G015600v2	6.079629
SEVIR_1G015650v2	9.386582
SEVIR_1G015700v2	2.112668
SEVIR_1G015750v2	0
SEVIR_1G015801v2	0.016734
SEVIR_1G015851v2	0
SEVIR_1G015900v2	82.045099
SEVIR_1G016000v2	10.98291
SEVIR_1G016200v2	0.785264
SEVIR_1G016300v2	10.523311
SEVIR_1G016400v2	8.364863
SEVIR_1G016500v2	9.262429
SEVIR_1G016600v2	6.939444
SEVIR_1G016700v2	1.21711
SEVIR_1G016800v2	4.969243
SEVIR_1G016850v2	0
SEVIR_1G016900v2	1.936114
SEVIR_1G017000v2	0.961613
SEVIR_1G017100v2	0
SEVIR_1G017150v2	0
SEVIR_1G017200v2	0.973688
SEVIR_1G017400v2	0
SEVIR_1G017500v2	1.582243
SEVIR_1G017600v2	5.291671
SEVIR_1G017700v2	5.159132
SEVIR_1G017800v2	0.362277
SEVIR_1G017900v2	1.560948
SEVIR_1G018000v2	0
SEVIR_1G018100v2	0.617311
SEVIR_1G018200v2	2.144328
SEVIR_1G018300v2	0
SEVIR_1G018400v2	1.602074
SEVIR_1G018500v2	0.196641
SEVIR_1G018600v2	0
SEVIR_1G018700v2	1.191391
SEVIR_1G018800v2	31.550453
SEVIR_1G018900v2	0.535522
SEVIR_1G019000v2	7.46436
SEVIR_1G019100v2	0
SEVIR_1G019201v2	0
SEVIR_1G019300v2	0.25174
SEVIR_1G019400v2	12.074952
SEVIR_1G019500v2	19.063245
SEVIR_1G019600v2	41.212211
SEVIR_1G019700v2	27.73738
SEVIR_1G019800v2	107.344457
SEVIR_1G019900v2	0
SEVIR_1G020000v2	0
SEVIR_1G020050v2	0
SEVIR_1G020100v2	0.037622
SEVIR_1G020200v2	0.159925
SEVIR_1G020250v2	0.938084
SEVIR_1G020300v2	6.624773
SEVIR_1G020400v2	8.114301
SEVIR_1G020500v2	67.056575
SEVIR_1G020600v2	285.86587
SEVIR_1G020700v2	0
SEVIR_1G020800v2	0
SEVIR_1G020900v2	6.770724
SEVIR_1G020950v2	0
SEVIR_1G021000v2	0.528094
SEVIR_1G021100v2	0.033347
SEVIR_1G021200v2	7.695918
SEVIR_1G021250v2	3.283782
SEVIR_1G021300v2	2.950605
SEVIR_1G021400v2	28.696234
SEVIR_1G021500v2	7.799599
SEVIR_1G021600v2	0.210241
SEVIR_1G021700v2	1.50131
SEVIR_1G021800v2	0
SEVIR_1G021900v2	0
SEVIR_1G022000v2	0
SEVIR_1G022100v2	0
SEVIR_1G022200v2	0
SEVIR_1G022300v2	0
SEVIR_1G022400v2	4.55591
SEVIR_1G022500v2	0
SEVIR_1G022600v2	10.127917
SEVIR_1G022700v2	1.962054
SEVIR_1G022800v2	1.3557
SEVIR_1G022900v2	1.148408
SEVIR_1G023000v2	57.982731
SEVIR_1G023100v2	0.217209
SEVIR_1G023200v2	1.697613
SEVIR_1G023300v2	32.384387
SEVIR_1G023401v2	0.209445
SEVIR_1G023500v2	75.54322
SEVIR_1G023600v2	6.968099
SEVIR_1G023700v2	91.843883
SEVIR_1G023800v2	2.082135
SEVIR_1G024000v2	0
SEVIR_1G024100v2	227.183568
SEVIR_1G024200v2	36.274956
SEVIR_1G024300v2	3.059171
SEVIR_1G024400v2	3.893864
SEVIR_1G024500v2	0.62511
SEVIR_1G024600v2	15.93441
SEVIR_1G024700v2	26.891083
SEVIR_1G024800v2	0
SEVIR_1G024900v2	12.07523
SEVIR_1G025000v2	34.924954
SEVIR_1G025100v2	0.594432
SEVIR_1G025200v2	0
SEVIR_1G025233v2	0.413187
SEVIR_1G025266v2	0
SEVIR_1G025300v2	0.241316
SEVIR_1G025400v2	0.320079
SEVIR_1G025500v2	40.711761
SEVIR_1G025600v2	0.021765
SEVIR_1G025700v2	0
SEVIR_1G025800v2	2.257344
SEVIR_1G025900v2	0
SEVIR_1G026000v2	6.111224
SEVIR_1G026100v2	0.253754
SEVIR_1G026150v2	0
SEVIR_1G026200v2	44.291602
SEVIR_1G026300v2	0.2241
SEVIR_1G026400v2	0
SEVIR_1G026500v2	131.357429
SEVIR_1G026600v2	27.865108
SEVIR_1G026700v2	0
SEVIR_1G026800v2	1.528456
SEVIR_1G026900v2	0.284434
SEVIR_1G027000v2	8.817835
SEVIR_1G027100v2	0.04704
SEVIR_1G027200v2	0.272643
SEVIR_1G027300v2	0.16066
SEVIR_1G027400v2	0
SEVIR_1G027600v2	0.13994
SEVIR_1G027700v2	4.659636
SEVIR_1G027800v2	7.092933
SEVIR_1G027901v2	0.154387
SEVIR_1G028000v2	0
SEVIR_1G028100v2	38.703798
SEVIR_1G028200v2	23.672124
SEVIR_1G028300v2	0.046552
SEVIR_1G028500v2	0
SEVIR_1G028600v2	4.670612
SEVIR_1G028700v2	2.15785
SEVIR_1G028800v2	0.822272
SEVIR_1G028900v2	38.94405
SEVIR_1G029000v2	0
SEVIR_1G029100v2	0
SEVIR_1G029200v2	673.420404
SEVIR_1G029300v2	7.017811
SEVIR_1G029340v2	0.146719
SEVIR_1G029380v2	0
SEVIR_1G029420v2	0.1134
SEVIR_1G029460v2	0.134821
SEVIR_1G029500v2	27.82284
SEVIR_1G029600v2	28.918954
SEVIR_1G029700v2	0
SEVIR_1G029800v2	14.073436
SEVIR_1G029900v2	145.781143
SEVIR_1G030000v2	2.80996
SEVIR_1G030100v2	0.119397
SEVIR_1G030200v2	0.461417
SEVIR_1G030300v2	0
SEVIR_1G030400v2	0
SEVIR_1G030500v2	0
SEVIR_1G030600v2	0.035289
SEVIR_1G030800v2	1.887605
SEVIR_1G030700v2	2.468659
SEVIR_1G030900v2	1.596105
SEVIR_1G030950v2	0
SEVIR_1G031000v2	18.391074
SEVIR_1G031100v2	0.080102
SEVIR_1G031200v2	0
SEVIR_1G031300v2	55.118057
SEVIR_1G031400v2	65.060661
SEVIR_1G031500v2	10.780371
SEVIR_1G031600v2	16.348089
SEVIR_1G031700v2	8.449651
SEVIR_1G031800v2	1.78918
SEVIR_1G031900v2	21.072591
SEVIR_1G032000v2	78.620999
SEVIR_1G032100v2	62.414645
SEVIR_1G032200v2	50.147135
SEVIR_1G032300v2	31.264558
SEVIR_1G032350v2	0
SEVIR_1G032400v2	0
SEVIR_1G032600v2	62.109339
SEVIR_1G032800v2	35.849827
SEVIR_1G032900v2	89.29671
SEVIR_1G033000v2	8.404026
SEVIR_1G033100v2	8.398057
SEVIR_1G033200v2	52.083277
SEVIR_1G033250v2	12.501941
SEVIR_1G033300v2	0
SEVIR_1G033400v2	0.223521
SEVIR_1G033500v2	0.267375
SEVIR_1G033600v2	0.022313
SEVIR_1G033700v2	4.289281
SEVIR_1G033800v2	0
SEVIR_1G033900v2	8.375326
SEVIR_1G034000v2	2.527843
SEVIR_1G034100v2	18.215968
SEVIR_1G034200v2	22.272922
SEVIR_1G034300v2	1.256304
SEVIR_1G034400v2	0
SEVIR_1G034500v2	0
SEVIR_1G034600v2	84.365164
SEVIR_1G034700v2	30.900586
SEVIR_1G034800v2	13.959225
SEVIR_1G034900v2	0.40752
SEVIR_1G035000v2	65.338278
SEVIR_1G035100v2	0
SEVIR_1G035200v2	0
SEVIR_1G035300v2	12.150561
SEVIR_1G035400v2	95.030863
SEVIR_1G035500v2	10.963538
SEVIR_1G035600v2	6.469113
SEVIR_1G035700v2	1.397019
SEVIR_1G035750v2	0
SEVIR_1G035800v2	13.54208
SEVIR_1G035900v2	0
SEVIR_1G035950v2	0.163648
SEVIR_1G036000v2	215.977544
SEVIR_1G036050v2	0.233401
SEVIR_1G036100v2	6.031594
SEVIR_1G036123v2	43.318431
SEVIR_1G036146v2	0
SEVIR_1G036169v2	8.39142
SEVIR_1G036192v2	33.756764
SEVIR_1G036215v2	2.265832
SEVIR_1G036238v2	0
SEVIR_1G036261v2	0
SEVIR_1G036284v2	14.591732
SEVIR_1G036307v2	0.040108
SEVIR_1G036330v2	0.14533
SEVIR_1G036353v2	0.263211
SEVIR_1G036376v2	0.187783
SEVIR_1G036400v2	2.202445
SEVIR_1G036500v2	2.793682
SEVIR_1G036600v2	6.617992
SEVIR_1G036700v2	0.197891
SEVIR_1G036800v2	0
SEVIR_1G036900v2	75.916034
SEVIR_1G037000v2	25.83119
SEVIR_1G037050v2	4.213072
SEVIR_1G037100v2	0.655728
SEVIR_1G037200v2	4.226876
SEVIR_1G037300v2	97.769072
SEVIR_1G037400v2	6.09208
SEVIR_1G037500v2	1.760462
SEVIR_1G037575v2	0.067197
SEVIR_1G037650v2	0
SEVIR_1G037725v2	0
SEVIR_1G037800v2	57.508433
SEVIR_1G037900v2	3.829502
SEVIR_1G038000v2	2.759401
SEVIR_1G038100v2	81.858704
SEVIR_1G038200v2	0.066926
SEVIR_1G038300v2	3.455352
SEVIR_1G038400v2	0.103772
SEVIR_1G038500v2	0
SEVIR_1G038600v2	1.088044
SEVIR_1G038700v2	11.95591
SEVIR_1G038800v2	8.54694
SEVIR_1G038866v2	0.996523
SEVIR_1G038932v2	0.88142
SEVIR_1G039000v2	17.121259
SEVIR_1G039100v2	1.15781
SEVIR_1G039150v2	131.447847
SEVIR_1G039200v2	64.941442
SEVIR_1G039300v2	29.801083
SEVIR_1G039400v2	0.399228
SEVIR_1G039500v2	30.552112
SEVIR_1G039600v2	5.597581
SEVIR_1G039700v2	13.187812
SEVIR_1G039800v2	2.156388
SEVIR_1G039850v2	0.037755
SEVIR_1G039900v2	0.365133
SEVIR_1G040000v2	11.088069
SEVIR_1G040100v2	173.698941
SEVIR_1G040200v2	1.568622
SEVIR_1G040300v2	51.4497
SEVIR_1G040400v2	11.119638
SEVIR_1G040500v2	0.033088
SEVIR_1G040550v2	0
SEVIR_1G040600v2	5.441515
SEVIR_1G040700v2	0.328648
SEVIR_1G040801v2	0.224592
SEVIR_1G040900v2	0.06159
SEVIR_1G041000v2	0.030523
SEVIR_1G041100v2	0.15579
SEVIR_1G041200v2	0.283142
SEVIR_1G041300v2	0
SEVIR_1G041400v2	0
SEVIR_1G041501v2	0
SEVIR_1G041600v2	0.17784
SEVIR_1G041700v2	1.266475
SEVIR_1G041850v2	0
SEVIR_1G041800v2	0
SEVIR_1G041900v2	13.620085
SEVIR_1G042000v2	37.20831
SEVIR_1G042100v2	264.221781
SEVIR_1G042200v2	0.42314
SEVIR_1G042300v2	0
SEVIR_1G042400v2	14.518126
SEVIR_1G042500v2	0.255178
SEVIR_1G042600v2	0
SEVIR_1G042700v2	7.235938
SEVIR_1G042800v2	35.784201
SEVIR_1G042900v2	3.300023
SEVIR_1G042950v2	0
SEVIR_1G043000v2	62.088578
SEVIR_1G043100v2	13.54748
SEVIR_1G043200v2	10.944574
SEVIR_1G043300v2	11.506526
SEVIR_1G043400v2	14.092595
SEVIR_1G043500v2	26.9294
SEVIR_1G043600v2	133.463706
SEVIR_1G043700v2	0.201875
SEVIR_1G043800v2	18.428716
SEVIR_1G043900v2	3.283161
SEVIR_1G044000v2	70.966187
SEVIR_1G044050v2	3.495953
SEVIR_1G044100v2	4.789094
SEVIR_1G044200v2	0.080828
SEVIR_1G044250v2	1.133594
SEVIR_1G044300v2	3.987098
SEVIR_1G044400v2	7.754115
SEVIR_1G044500v2	10.364964
SEVIR_1G044600v2	33.477312
SEVIR_1G044700v2	3.308391
SEVIR_1G044800v2	3.942219
SEVIR_1G044900v2	1.885765
SEVIR_1G045000v2	78.689557
SEVIR_1G045100v2	0
SEVIR_1G045133v2	0.341226
SEVIR_1G045166v2	0.16433
SEVIR_1G045200v2	0.023793
SEVIR_1G045300v2	14.277356
SEVIR_1G045400v2	2.207913
SEVIR_1G045500v2	33.367887
SEVIR_1G045600v2	183.832823
SEVIR_1G045700v2	0.075596
SEVIR_1G045800v2	22.738217
SEVIR_1G045900v2	3.34497
SEVIR_1G046000v2	8.906806
SEVIR_1G046100v2	2.261134
SEVIR_1G046200v2	0
SEVIR_1G046300v2	25.801508
SEVIR_1G046400v2	0
SEVIR_1G046500v2	1.674259
SEVIR_1G046600v2	112.71071
SEVIR_1G046650v2	2.182131
SEVIR_1G046700v2	18.917418
SEVIR_1G046800v2	7.841699
SEVIR_1G046900v2	2.130697
SEVIR_1G047000v2	0
SEVIR_1G047200v2	6.293211
SEVIR_1G047300v2	0.212347
SEVIR_1G047350v2	0.220426
SEVIR_1G047401v2	0.059538
SEVIR_1G047451v2	0.050101
SEVIR_1G047500v2	0.045692
SEVIR_1G047600v2	1.500882
SEVIR_1G047700v2	0.433842
SEVIR_1G047800v2	8.874875
SEVIR_1G047900v2	0
SEVIR_1G048001v2	1.015774
SEVIR_1G048100v2	9.972261
SEVIR_1G048200v2	25.305442
SEVIR_1G048300v2	0.172508
SEVIR_1G048400v2	0
SEVIR_1G048500v2	3.992326
SEVIR_1G048600v2	6.653477
SEVIR_1G048700v2	57.302816
SEVIR_1G048800v2	0.077085
SEVIR_1G048900v2	22.213403
SEVIR_1G049000v2	24.939902
SEVIR_1G049100v2	69.889264
SEVIR_1G049200v2	7.58353
SEVIR_1G049300v2	43.739428
SEVIR_1G049325v2	71.149019
SEVIR_1G036200v2	172.384905
SEVIR_1G036225v2	16.512635
SEVIR_1G036250v2	2.371779
SEVIR_1G036275v2	1.516021
SEVIR_1G036301v2	108.308231
SEVIR_1G036326v2	14.876781
SEVIR_1G036351v2	20.690865
SEVIR_1G049500v2	10.119388
SEVIR_1G049600v2	13.701508
SEVIR_1G049700v2	0.115289
SEVIR_1G049800v2	38.814911
SEVIR_1G049850v2	0
SEVIR_1G049900v2	0.64357
SEVIR_1G050000v2	0.066673
SEVIR_1G050100v2	0
SEVIR_1G050200v2	2.012709
SEVIR_1G050300v2	12.375807
SEVIR_1G050400v2	29.521562
SEVIR_1G050500v2	260.390302
SEVIR_1G050600v2	0
SEVIR_1G050700v2	0.01601
SEVIR_1G050800v2	0
SEVIR_1G050900v2	23.49391
SEVIR_1G051000v2	14.941505
SEVIR_1G051100v2	13.809588
SEVIR_1G051200v2	19.340984
SEVIR_1G051300v2	3.804827
SEVIR_1G051400v2	6.996318
SEVIR_1G051450v2	0
SEVIR_1G051500v2	0.216307
SEVIR_1G051600v2	11.234742
SEVIR_1G051700v2	75.184185
SEVIR_1G051800v2	12.275596
SEVIR_1G051900v2	17.677002
SEVIR_1G052000v2	0
SEVIR_1G052100v2	0.836352
SEVIR_1G052200v2	6.095276
SEVIR_1G052300v2	0
SEVIR_1G052400v2	6.014742
SEVIR_1G052500v2	6.69118
SEVIR_1G052600v2	0
SEVIR_1G052701v2	0.603531
SEVIR_1G052801v2	7.732226
SEVIR_1G052900v2	8.756859
SEVIR_1G053000v2	0.569171
SEVIR_1G053100v2	36.209638
SEVIR_1G053200v2	9.248246
SEVIR_1G053300v2	10.873049
SEVIR_1G053400v2	36.298479
SEVIR_1G053500v2	0.108621
SEVIR_1G053600v2	132.680735
SEVIR_1G053700v2	33.93762
SEVIR_1G053800v2	1.576459
SEVIR_1G053900v2	2.12098
SEVIR_1G054000v2	30.478906
SEVIR_1G054100v2	17.190147
SEVIR_1G054200v2	18.820142
SEVIR_1G054300v2	2.720494
SEVIR_1G054400v2	2.256984
SEVIR_1G054500v2	8.267077
SEVIR_1G054600v2	17.090121
SEVIR_1G054700v2	53.707357
SEVIR_1G054800v2	0.128367
SEVIR_1G054900v2	0.055624
SEVIR_1G055000v2	0.057724
SEVIR_1G055100v2	20.370626
SEVIR_1G055200v2	0
SEVIR_1G055400v2	14.9545
SEVIR_1G055450v2	0
SEVIR_1G055500v2	9.955844
SEVIR_1G055600v2	0.047143
SEVIR_1G055700v2	2.009644
SEVIR_1G055800v2	0
SEVIR_1G055900v2	53.302417
SEVIR_1G055950v2	10.953987
SEVIR_1G056000v2	0
SEVIR_1G056100v2	6.294099
SEVIR_1G056200v2	0.280925
SEVIR_1G056300v2	9.168898
SEVIR_1G056400v2	3.861812
SEVIR_1G056500v2	0.159336
SEVIR_1G056533v2	1.225437
SEVIR_1G056566v2	0.380298
SEVIR_1G056600v2	35.299719
SEVIR_1G056700v2	2.888964
SEVIR_1G056800v2	222.15824
SEVIR_1G056901v2	14.622742
SEVIR_1G057000v2	0
SEVIR_1G057100v2	90.061939
SEVIR_1G057200v2	30.105473
SEVIR_1G057233v2	0
SEVIR_1G057266v2	0.065298
SEVIR_1G057300v2	3.612052
SEVIR_1G057333v2	1.064315
SEVIR_1G057366v2	0.379679
SEVIR_1G057400v2	3.970134
SEVIR_1G057500v2	9.483339
SEVIR_1G057600v2	15.523895
SEVIR_1G057700v2	0.281514
SEVIR_1G057800v2	2.875627
SEVIR_1G057900v2	0
SEVIR_1G058000v2	55.8182
SEVIR_1G058100v2	43.798602
SEVIR_1G058166v2	13.227309
SEVIR_1G058232v2	6.671083
SEVIR_1G058300v2	2.838247
SEVIR_1G058400v2	0.076817
SEVIR_1G058501v2	0.19445
SEVIR_1G058600v2	0
SEVIR_1G058700v2	19.346834
SEVIR_1G058800v2	10.200404
SEVIR_1G058900v2	6.895503
SEVIR_1G059000v2	0
SEVIR_1G059100v2	14.314155
SEVIR_1G059200v2	73.11875
SEVIR_1G059300v2	11.406013
SEVIR_1G059400v2	0.263315
SEVIR_1G059500v2	33.669039
SEVIR_1G059600v2	40.11422
SEVIR_1G059700v2	0
SEVIR_1G059800v2	2.060358
SEVIR_1G059900v2	14.500229
SEVIR_1G060000v2	73.631542
SEVIR_1G060100v2	14.493804
SEVIR_1G060200v2	7.321286
SEVIR_1G060300v2	93.708805
SEVIR_1G060400v2	1.610672
SEVIR_1G060600v2	13.42062
SEVIR_1G060700v2	1.936453
SEVIR_1G060800v2	39.243916
SEVIR_1G060850v2	0
SEVIR_1G060900v2	23.436257
SEVIR_1G061000v2	8.554812
SEVIR_1G061101v2	0.086246
SEVIR_1G061200v2	0.045419
SEVIR_1G061300v2	30.941498
SEVIR_1G061400v2	0.477024
SEVIR_1G061450v2	0.475607
SEVIR_1G061500v2	26.329059
SEVIR_1G061566v2	0
SEVIR_1G061632v2	1.691444
SEVIR_1G061700v2	0.230971
SEVIR_1G061600v2	28.691098
SEVIR_1G061800v2	4.991325
SEVIR_1G061900v2	55.695994
SEVIR_1G062000v2	4.95421
SEVIR_1G062100v2	29.298895
SEVIR_1G062200v2	0
SEVIR_1G062250v2	0
SEVIR_1G062300v2	0
SEVIR_1G062400v2	32.904722
SEVIR_1G062500v2	26.114201
SEVIR_1G062600v2	29.479452
SEVIR_1G062700v2	25.569475
SEVIR_1G062800v2	3.286455
SEVIR_1G062900v2	4.469772
SEVIR_1G063000v2	30.395818
SEVIR_1G063100v2	0.640542
SEVIR_1G063200v2	0.065796
SEVIR_1G063300v2	0.507972
SEVIR_1G063400v2	42.383249
SEVIR_1G063500v2	0.09765
SEVIR_1G063600v2	0.16952
SEVIR_1G063700v2	4.432585
SEVIR_1G063800v2	0
SEVIR_1G063900v2	0.125427
SEVIR_1G064000v2	22.6068
SEVIR_1G064100v2	674.097135
SEVIR_1G064200v2	0
SEVIR_1G064300v2	6.219989
SEVIR_1G064400v2	15.645198
SEVIR_1G064500v2	0.177215
SEVIR_1G064600v2	17.452124
SEVIR_1G064700v2	51.778168
SEVIR_1G064800v2	1.720938
SEVIR_1G064900v2	0
SEVIR_1G065000v2	162.305944
SEVIR_1G065100v2	73.109204
SEVIR_1G065200v2	0.0567
SEVIR_1G065300v2	0.41457
SEVIR_1G065400v2	0
SEVIR_1G065500v2	0
SEVIR_1G065600v2	3.329246
SEVIR_1G065700v2	24.187044
SEVIR_1G065766v2	1.934421
SEVIR_1G065832v2	53.070106
SEVIR_1G065900v2	0
SEVIR_1G066001v2	0.835254
SEVIR_1G066100v2	26.099913
SEVIR_1G066200v2	1.409812
SEVIR_1G066300v2	132.458527
SEVIR_1G066400v2	17.778756
SEVIR_1G066466v2	0.290737
SEVIR_1G066532v2	12.013167
SEVIR_1G066600v2	0
SEVIR_1G066700v2	19.54536
SEVIR_1G066800v2	203.635165
SEVIR_1G066900v2	77.167814
SEVIR_1G067001v2	0.120943
SEVIR_1G067100v2	2.905937
SEVIR_1G067200v2	21.88176
SEVIR_1G067300v2	290.083839
SEVIR_1G067400v2	4.962349
SEVIR_1G067500v2	141.619325
SEVIR_1G067533v2	0
SEVIR_1G067566v2	0
SEVIR_1G067600v2	1.045022
SEVIR_1G067700v2	230.80691
SEVIR_1G067800v2	0
SEVIR_1G067900v2	0.592939
SEVIR_1G068000v2	6.167387
SEVIR_1G068100v2	36.956361
SEVIR_1G068200v2	14.979768
SEVIR_1G068300v2	15.798527
SEVIR_1G068400v2	86.686503
SEVIR_1G068500v2	81.349242
SEVIR_1G068600v2	8.012545
SEVIR_1G068700v2	15.191474
SEVIR_1G068800v2	152.400404
SEVIR_1G068900v2	0
SEVIR_1G069000v2	0.028688
SEVIR_1G069100v2	11.797054
SEVIR_1G069200v2	12.468156
SEVIR_1G069300v2	20.135107
SEVIR_1G069400v2	2.419337
SEVIR_1G069500v2	16.860573
SEVIR_1G069601v2	0
SEVIR_1G069700v2	0
SEVIR_1G069800v2	0
SEVIR_1G069900v2	0
SEVIR_1G070000v2	0
SEVIR_1G070100v2	0.298469
SEVIR_1G070200v2	200.609165
SEVIR_1G070300v2	0.241112
SEVIR_1G070400v2	0.411276
SEVIR_1G070500v2	41.059397
SEVIR_1G070600v2	0.241749
SEVIR_1G070700v2	0.322817
SEVIR_1G070800v2	0
SEVIR_1G070900v2	0.018606
SEVIR_1G071000v2	38.026472
SEVIR_1G071100v2	152.374782
SEVIR_1G071200v2	0
SEVIR_1G071300v2	0.342312
SEVIR_1G071400v2	0
SEVIR_1G071425v2	0
SEVIR_1G071450v2	0.085629
SEVIR_1G071475v2	0
SEVIR_1G071500v2	2.099368
SEVIR_1G071700v2	0.159809
SEVIR_1G071800v2	18.196661
SEVIR_1G071900v2	0
SEVIR_1G072000v2	0.365633
SEVIR_1G072050v2	0
SEVIR_1G072100v2	611.034056
SEVIR_1G072200v2	567.627465
SEVIR_1G072250v2	0.244039
SEVIR_1G072300v2	3.913121
SEVIR_1G072333v2	0
SEVIR_1G072366v2	6.258966
SEVIR_1G072400v2	39.069221
SEVIR_1G072500v2	16.120101
SEVIR_1G072600v2	0.806954
SEVIR_1G072700v2	13.467581
SEVIR_1G072800v2	5.109873
SEVIR_1G072900v2	3.278536
SEVIR_1G073000v2	2.980329
SEVIR_1G073100v2	0.946982
SEVIR_1G073200v2	6.572392
SEVIR_1G073300v2	8.578725
SEVIR_1G073401v2	1.987154
SEVIR_1G073500v2	1.57142
SEVIR_1G073600v2	50.965378
SEVIR_1G073700v2	1.476812
SEVIR_1G073800v2	26.13696
SEVIR_1G073900v2	2.107555
SEVIR_1G074000v2	16.638349
SEVIR_1G074100v2	114.089527
SEVIR_1G074200v2	0
SEVIR_1G074300v2	1.194735
SEVIR_1G074400v2	31.118044
SEVIR_1G074500v2	32.916856
SEVIR_1G074600v2	0.324597
SEVIR_1G074700v2	6.510852
SEVIR_1G074801v2	42.984974
SEVIR_1G074900v2	0.562839
SEVIR_1G075000v2	0
SEVIR_1G075100v2	0
SEVIR_1G075200v2	7.335149
SEVIR_1G075300v2	0.205415
SEVIR_1G075400v2	0.165567
SEVIR_1G075500v2	8.134149
SEVIR_1G075600v2	7.11283
SEVIR_1G075700v2	14.644584
SEVIR_1G075900v2	23.605627
SEVIR_1G076001v2	3.18019
SEVIR_1G076100v2	3.65818
SEVIR_1G076200v2	0
SEVIR_1G076250v2	11.845334
SEVIR_1G076300v2	50.966375
SEVIR_1G076400v2	0.15082
SEVIR_1G076500v2	13.474368
SEVIR_1G076700v2	0.32862
SEVIR_1G076801v2	0.064062
SEVIR_1G076900v2	0.352126
SEVIR_1G077000v2	185.626435
SEVIR_1G077100v2	27.151639
SEVIR_1G077200v2	5.689158
SEVIR_1G077300v2	2.22602
SEVIR_1G077350v2	0.239684
SEVIR_1G077400v2	200.663316
SEVIR_1G077501v2	278.662707
SEVIR_1G077600v2	2.766677
SEVIR_1G077700v2	62.72044
SEVIR_1G077800v2	5.577473
SEVIR_1G077900v2	6.179372
SEVIR_1G078000v2	10.182552
SEVIR_1G078042v2	0
SEVIR_1G078084v2	0.11929
SEVIR_1G078126v2	4.13813
SEVIR_1G078168v2	0
SEVIR_1G078210v2	0.078852
SEVIR_1G078252v2	0
SEVIR_1G078300v2	21.614446
SEVIR_1G078400v2	0.062591
SEVIR_1G078500v2	12.918194
SEVIR_1G078600v2	15.234701
SEVIR_1G078700v2	0
SEVIR_1G078800v2	1.060063
SEVIR_1G078900v2	31.117036
SEVIR_1G079001v2	0.20921
SEVIR_1G079100v2	1.420272
SEVIR_1G079200v2	9.534459
SEVIR_1G079300v2	54.109376
SEVIR_1G079400v2	25.021202
SEVIR_1G079500v2	24.585609
SEVIR_1G079600v2	5.147013
SEVIR_1G079700v2	88.729452
SEVIR_1G079800v2	11.844206
SEVIR_1G079900v2	45.434613
SEVIR_1G079950v2	0.030823
SEVIR_1G080000v2	0
SEVIR_1G080100v2	0
SEVIR_1G080200v2	0.449546
SEVIR_1G080300v2	7.500632
SEVIR_1G080400v2	0
SEVIR_1G080500v2	7.43241
SEVIR_1G080600v2	10.976257
SEVIR_1G080700v2	0.131499
SEVIR_1G080800v2	0.271181
SEVIR_1G080900v2	0.087938
SEVIR_1G081000v2	0.319209
SEVIR_1G081033v2	0.065506
SEVIR_1G081066v2	0.995817
SEVIR_1G081100v2	0.066342
SEVIR_1G081200v2	2.261754
SEVIR_1G081400v2	2.927246
SEVIR_1G081450v2	1.715405
SEVIR_1G081500v2	2.152746
SEVIR_1G081600v2	2.238601
SEVIR_1G081700v2	2.207916
SEVIR_1G081800v2	17.022507
SEVIR_1G081900v2	0
SEVIR_1G081950v2	0
SEVIR_1G082000v2	0.012869
SEVIR_1G082066v2	0.03105
SEVIR_1G082132v2	0
SEVIR_1G082200v2	0.08359
SEVIR_1G082301v2	0.201525
SEVIR_1G082400v2	0
SEVIR_1G082500v2	0.016849
SEVIR_1G082600v2	0.027844
SEVIR_1G082700v2	0.440502
SEVIR_1G082750v2	0
SEVIR_1G082801v2	0
SEVIR_1G082851v2	0
SEVIR_1G082900v2	0
SEVIR_1G082950v2	0.014005
SEVIR_1G083000v2	0
SEVIR_1G083033v2	5.79917
SEVIR_1G083066v2	2.257807
SEVIR_1G083100v2	1.299718
SEVIR_1G083150v2	0.146705
SEVIR_1G083200v2	0.595661
SEVIR_1G083300v2	1.897098
SEVIR_1G083350v2	0
SEVIR_1G083400v2	1.084847
SEVIR_1G083500v2	1.26215
SEVIR_1G083600v2	0.83349
SEVIR_1G083700v2	2.863188
SEVIR_1G083800v2	1.099982
SEVIR_1G083900v2	0.819148
SEVIR_1G083950v2	0
SEVIR_1G084000v2	8.085642
SEVIR_1G084100v2	13.625405
SEVIR_1G084250v2	67.544888
SEVIR_1G084400v2	0.040355
SEVIR_1G084500v2	0
SEVIR_1G084600v2	0
SEVIR_1G084700v2	0
SEVIR_1G084900v2	21.32592
SEVIR_1G085000v2	0.242303
SEVIR_1G085100v2	10.513878
SEVIR_1G085201v2	0.074241
SEVIR_1G085300v2	0.671389
SEVIR_1G085400v2	44.381441
SEVIR_1G085500v2	40.227793
SEVIR_1G085600v2	14.177602
SEVIR_1G085700v2	43.538578
SEVIR_1G085800v2	1.356746
SEVIR_1G085900v2	17.780005
SEVIR_1G086000v2	0
SEVIR_1G086100v2	2.942744
SEVIR_1G086200v2	5.108338
SEVIR_1G086300v2	0
SEVIR_1G086400v2	0
SEVIR_1G086500v2	2.957697
SEVIR_1G086601v2	2.052241
SEVIR_1G086700v2	162.951985
SEVIR_1G086800v2	2.047252
SEVIR_1G086900v2	217.582798
SEVIR_1G087001v2	0.042609
SEVIR_1G087100v2	1.485693
SEVIR_1G087200v2	10.205669
SEVIR_1G087300v2	20.247233
SEVIR_1G087400v2	9.327005
SEVIR_1G087500v2	0.606506
SEVIR_1G087600v2	19.240628
SEVIR_1G087700v2	35.806886
SEVIR_1G087800v2	156.699444
SEVIR_1G087900v2	1.193804
SEVIR_1G088000v2	79.561075
SEVIR_1G088100v2	1.42153
SEVIR_1G088200v2	23.324178
SEVIR_1G088300v2	38.518559
SEVIR_1G088400v2	18.188436
SEVIR_1G088500v2	14.472111
SEVIR_1G088600v2	1.870467
SEVIR_1G088700v2	3.610056
SEVIR_1G088800v2	16.791831
SEVIR_1G088900v2	11.017804
SEVIR_1G089000v2	14.906686
SEVIR_1G089100v2	21.10012
SEVIR_1G089200v2	5.115612
SEVIR_1G089300v2	27.072336
SEVIR_1G089401v2	0.152019
SEVIR_1G089500v2	5.643016
SEVIR_1G089600v2	0
SEVIR_1G089650v2	3.520729
SEVIR_1G089700v2	0
SEVIR_1G089800v2	0
SEVIR_1G089900v2	63.604546
SEVIR_1G090000v2	16.626523
SEVIR_1G090100v2	12.490156
SEVIR_1G090150v2	0
SEVIR_1G090200v2	11.287857
SEVIR_1G090300v2	25.875133
SEVIR_1G090400v2	0.736815
SEVIR_1G090500v2	147.139307
SEVIR_1G090600v2	44.478375
SEVIR_1G090700v2	14.486812
SEVIR_1G090800v2	0.034564
SEVIR_1G090900v2	14.189884
SEVIR_1G091000v2	0.616189
SEVIR_1G091100v2	0.022131
SEVIR_1G091200v2	13.146467
SEVIR_1G091250v2	0.325306
SEVIR_1G091300v2	3.792504
SEVIR_1G091400v2	25.48233
SEVIR_1G091500v2	0.07459
SEVIR_1G091600v2	5.617119
SEVIR_1G091700v2	31.312964
SEVIR_1G091800v2	0.129298
SEVIR_1G091900v2	54.144111
SEVIR_1G092000v2	1.881249
SEVIR_1G092100v2	0.271258
SEVIR_1G092200v2	0
SEVIR_1G092300v2	0
SEVIR_1G092400v2	2.437555
SEVIR_1G092500v2	18.623901
SEVIR_1G092600v2	67.778342
SEVIR_1G092700v2	18.519453
SEVIR_1G092800v2	2.591584
SEVIR_1G092900v2	23.632474
SEVIR_1G093000v2	5.795419
SEVIR_1G093100v2	6.59673
SEVIR_1G093200v2	0.039017
SEVIR_1G093300v2	6.831593
SEVIR_1G093350v2	4.107745
SEVIR_1G093400v2	20.356057
SEVIR_1G093500v2	54.890629
SEVIR_1G093600v2	69.304888
SEVIR_1G093700v2	12.614007
SEVIR_1G093800v2	1.543851
SEVIR_1G093850v2	5.055686
SEVIR_1G093900v2	6.196257
SEVIR_1G094000v2	12.911938
SEVIR_1G094100v2	0.691852
SEVIR_1G094200v2	22.211013
SEVIR_1G094300v2	6.953293
SEVIR_1G094350v2	0
SEVIR_1G094400v2	38.20838
SEVIR_1G094500v2	8.449822
SEVIR_1G094601v2	0
SEVIR_1G094700v2	18.980128
SEVIR_1G094800v2	16.273562
SEVIR_1G094900v2	196.784797
SEVIR_1G095000v2	0.072217
SEVIR_1G095100v2	65.513466
SEVIR_1G095201v2	16.15249
SEVIR_1G095300v2	14.414243
SEVIR_1G095400v2	17.381654
SEVIR_1G095500v2	0
SEVIR_1G095600v2	0
SEVIR_1G095650v2	7.393941
SEVIR_1G095700v2	27.402213
SEVIR_1G095801v2	0
SEVIR_1G095900v2	0
SEVIR_1G096000v2	11.109389
SEVIR_1G096100v2	28.288343
SEVIR_1G096200v2	4.678927
SEVIR_1G096300v2	6.738197
SEVIR_1G096400v2	3.021254
SEVIR_1G096500v2	4.480407
SEVIR_1G096600v2	1.48458
SEVIR_1G096800v2	76.280768
SEVIR_1G096701v2	0
SEVIR_1G096900v2	21.349951
SEVIR_1G097000v2	457.745971
SEVIR_1G097100v2	1.065
SEVIR_1G097200v2	5.625404
SEVIR_1G097300v2	1.255251
SEVIR_1G097400v2	0.0322
SEVIR_1G097500v2	1.181815
SEVIR_1G097600v2	0.784344
SEVIR_1G097700v2	0
SEVIR_1G097800v2	0.271744
SEVIR_1G097901v2	0.054522
SEVIR_1G098000v2	0
SEVIR_1G098100v2	0
SEVIR_1G098200v2	0
SEVIR_1G098300v2	4.685831
SEVIR_1G098400v2	28.317397
SEVIR_1G098500v2	0.361186
SEVIR_1G098600v2	74.230627
SEVIR_1G098700v2	118.225119
SEVIR_1G098800v2	4.21821
SEVIR_1G098900v2	27.815899
SEVIR_1G098950v2	0
SEVIR_1G099000v2	5.768324
SEVIR_1G099050v2	16.222859
SEVIR_1G099100v2	1.778665
SEVIR_1G099200v2	1.814074
SEVIR_1G099400v2	0.736796
SEVIR_1G099500v2	0
SEVIR_1G099600v2	0
SEVIR_1G099700v2	7.55331
SEVIR_1G099800v2	86.829062
SEVIR_1G099900v2	16.36984
SEVIR_1G100001v2	4.989252
SEVIR_1G100101v2	0.681285
SEVIR_1G100200v2	7.182673
SEVIR_1G100300v2	17.10723
SEVIR_1G100400v2	46.105303
SEVIR_1G100500v2	25.125805
SEVIR_1G100600v2	79.316935
SEVIR_1G100700v2	0.256828
SEVIR_1G100800v2	19.686683
SEVIR_1G100900v2	9.054389
SEVIR_1G101000v2	14.113096
SEVIR_1G101100v2	24.824687
SEVIR_1G101200v2	20.971825
SEVIR_1G101300v2	2.366571
SEVIR_1G101400v2	46.55429
SEVIR_1G101500v2	0
SEVIR_1G101600v2	9.913478
SEVIR_1G101700v2	21.376133
SEVIR_1G101800v2	0
SEVIR_1G101850v2	0.106838
SEVIR_1G101900v2	0.069601
SEVIR_1G101950v2	0.03673
SEVIR_1G102001v2	0
SEVIR_1G102051v2	0
SEVIR_1G102100v2	0
SEVIR_1G102150v2	0
SEVIR_1G102200v2	0
SEVIR_1G102300v2	0
SEVIR_1G102400v2	6.687573
SEVIR_1G102501v2	1.090137
SEVIR_1G102600v2	132.877815
SEVIR_1G102700v2	3.706718
SEVIR_1G102800v2	0
SEVIR_1G102900v2	84.561171
SEVIR_1G103000v2	33.322082
SEVIR_1G103100v2	262.495838
SEVIR_1G103200v2	13.446794
SEVIR_1G103250v2	1.653529
SEVIR_1G103300v2	0
SEVIR_1G103400v2	0
SEVIR_1G103450v2	0.093904
SEVIR_1G103500v2	0
SEVIR_1G103600v2	0
SEVIR_1G103650v2	0
SEVIR_1G103700v2	0
SEVIR_1G103800v2	0
SEVIR_1G103900v2	0
SEVIR_1G104000v2	0
SEVIR_1G104100v2	0
SEVIR_1G104200v2	0
SEVIR_1G104300v2	0
SEVIR_1G104400v2	0
SEVIR_1G104500v2	0.023747
SEVIR_1G104600v2	3.342378
SEVIR_1G104650v2	0.798266
SEVIR_1G104700v2	6.195288
SEVIR_1G104800v2	0
SEVIR_1G104900v2	0
SEVIR_1G105000v2	0
SEVIR_1G105100v2	0
SEVIR_1G105200v2	0
SEVIR_1G105300v2	0
SEVIR_1G105400v2	0
SEVIR_1G105500v2	0.876548
SEVIR_1G105600v2	29.429713
SEVIR_1G105700v2	0.143651
SEVIR_1G105733v2	0
SEVIR_1G105766v2	0.583127
SEVIR_1G105800v2	6.555386
SEVIR_1G105866v2	19.108638
SEVIR_1G105932v2	51.889369
SEVIR_1G106000v2	16.496387
SEVIR_1G106100v2	3.293718
SEVIR_1G106200v2	41.746843
SEVIR_1G106300v2	5.233284
SEVIR_1G106400v2	11.937235
SEVIR_1G106500v2	0.246283
SEVIR_1G106600v2	0
SEVIR_1G106700v2	2.019964
SEVIR_1G106800v2	6.180809
SEVIR_1G106900v2	116.524985
SEVIR_1G107000v2	6.702679
SEVIR_1G107100v2	0
SEVIR_1G107200v2	15.164481
SEVIR_1G107250v2	0
SEVIR_1G107300v2	11.521893
SEVIR_1G107400v2	0.763666
SEVIR_1G107500v2	74.580519
SEVIR_1G107600v2	0
SEVIR_1G107700v2	1.89312
SEVIR_1G107750v2	0.382104
SEVIR_1G107800v2	0
SEVIR_1G107900v2	0
SEVIR_1G109066v2	0.243422
SEVIR_1G110232v2	0.108084
SEVIR_1G111400v2	21.544466
SEVIR_1G111300v2	3.162824
SEVIR_1G111200v2	7.134329
SEVIR_1G111000v2	474.709571
SEVIR_1G110900v2	11.731098
SEVIR_1G110800v2	116.490114
SEVIR_1G110700v2	30.98115
SEVIR_1G110600v2	15.998111
SEVIR_1G110825v2	63.37971
SEVIR_1G110500v2	136.81124
SEVIR_1G110400v2	109.097047
SEVIR_1G110300v2	0.944266
SEVIR_1G110200v2	0.035642
SEVIR_1G110100v2	0.03468
SEVIR_1G110000v2	12.484507
SEVIR_1G109900v2	0.73575
SEVIR_1G109800v2	0.861421
SEVIR_1G110025v2	22.616231
SEVIR_1G109600v2	0.969306
SEVIR_1G109500v2	0.208486
SEVIR_1G109400v2	40.850916
SEVIR_1G109300v2	5.344593
SEVIR_1G109000v2	3.103863
SEVIR_1G108900v2	2.868844
SEVIR_1G108800v2	8.90848
SEVIR_1G108700v2	3.818727
SEVIR_1G108600v2	18.986772
SEVIR_1G108500v2	11.978877
SEVIR_1G108400v2	25.433314
SEVIR_1G108625v2	0
SEVIR_1G108200v2	0
SEVIR_1G111500v2	0.264536
SEVIR_1G111550v2	0
SEVIR_1G111600v2	0
SEVIR_1G111700v2	8.704678
SEVIR_1G111800v2	25.092047
SEVIR_1G111900v2	0
SEVIR_1G112000v2	12.021856
SEVIR_1G112100v2	0.260396
SEVIR_1G112200v2	43.759696
SEVIR_1G112300v2	59.27488
SEVIR_1G112400v2	0.387695
SEVIR_1G112500v2	5.000231
SEVIR_1G112600v2	58.149777
SEVIR_1G112700v2	50.903179
SEVIR_1G112801v2	0.330685
SEVIR_1G112900v2	0
SEVIR_1G113000v2	14.026447
SEVIR_1G113033v2	1.21711
SEVIR_1G113066v2	11.313738
SEVIR_1G113100v2	1.355275
SEVIR_1G113201v2	0.070557
SEVIR_1G113300v2	0
SEVIR_1G113340v2	0.320605
SEVIR_1G113380v2	0.556982
SEVIR_1G113420v2	0.087738
SEVIR_1G113460v2	0
SEVIR_1G113500v2	0.945866
SEVIR_1G113600v2	0.233108
SEVIR_1G113675v2	0.229731
SEVIR_1G113750v2	0.013744
SEVIR_1G113825v2	0
SEVIR_1G113900v2	2.923235
SEVIR_1G113950v2	2.057626
SEVIR_1G114000v2	0
SEVIR_1G114100v2	14.425535
SEVIR_1G114133v2	0
SEVIR_1G114166v2	0
SEVIR_1G114200v2	0
SEVIR_1G114300v2	2.199113
SEVIR_1G114400v2	0
SEVIR_1G114500v2	50.272571
SEVIR_1G114600v2	22.930353
SEVIR_1G114650v2	2.086782
SEVIR_1G114700v2	4.722533
SEVIR_1G114800v2	21.938778
SEVIR_1G114900v2	0
SEVIR_1G115000v2	1.255292
SEVIR_1G115100v2	5.588902
SEVIR_1G115200v2	0
SEVIR_1G115301v2	0.110421
SEVIR_1G115400v2	64.295797
SEVIR_1G115500v2	9.815723
SEVIR_1G115550v2	0.323847
SEVIR_1G115600v2	0.209352
SEVIR_1G115650v2	0
SEVIR_1G115700v2	10.22
SEVIR_1G115800v2	31.346419
SEVIR_1G115900v2	25.575464
SEVIR_1G116000v2	27.56166
SEVIR_1G116100v2	208.83868
SEVIR_1G116150v2	0
SEVIR_1G116200v2	2.069448
SEVIR_1G116300v2	7.594533
SEVIR_1G116400v2	0
SEVIR_1G116500v2	242.966218
SEVIR_1G116600v2	820.160103
SEVIR_1G116700v2	0
SEVIR_1G116900v2	29.058719
SEVIR_1G116800v2	2.068905
SEVIR_1G117100v2	0.084245
SEVIR_1G117000v2	0
SEVIR_1G117200v2	0.039616
SEVIR_1G117300v2	4.053882
SEVIR_1G117400v2	40.737954
SEVIR_1G117500v2	59.577519
SEVIR_1G117600v2	23.962035
SEVIR_1G117700v2	10.913899
SEVIR_1G117800v2	81.814819
SEVIR_1G117900v2	4.088243
SEVIR_1G113800v2	9.858589
SEVIR_1G115233v2	4.380659
SEVIR_1G116666v2	0.640242
SEVIR_1G118100v2	0.374818
SEVIR_1G118200v2	516.451506
SEVIR_1G118300v2	0
SEVIR_1G118400v2	1.812404
SEVIR_1G118500v2	12.089376
SEVIR_1G118600v2	4.777669
SEVIR_1G118700v2	24.094529
SEVIR_1G118800v2	17.898519
SEVIR_1G118900v2	0
SEVIR_1G119000v2	0.107154
SEVIR_1G119100v2	0.14737
SEVIR_1G119200v2	0
SEVIR_1G119300v2	0.998987
SEVIR_1G119400v2	10.645853
SEVIR_1G119500v2	23.515936
SEVIR_1G119600v2	13.638795
SEVIR_1G119700v2	4.331207
SEVIR_1G119800v2	5.635148
SEVIR_1G119900v2	64.630507
SEVIR_1G120000v2	0.143752
SEVIR_1G120100v2	0
SEVIR_1G120300v2	0
SEVIR_1G120400v2	0
SEVIR_1G120500v2	0.661399
SEVIR_1G120600v2	50.993227
SEVIR_1G120700v2	0
SEVIR_1G120800v2	0
SEVIR_1G120900v2	0
SEVIR_1G121000v2	158.405048
SEVIR_1G121100v2	15.350225
SEVIR_1G121200v2	0.104718
SEVIR_1G121300v2	0
SEVIR_1G121400v2	0.020135
SEVIR_1G121500v2	0
SEVIR_1G121600v2	4.606646
SEVIR_1G121700v2	6.096064
SEVIR_1G121800v2	31.704212
SEVIR_1G121866v2	0
SEVIR_1G121932v2	3.467017
SEVIR_1G122000v2	27.963456
SEVIR_1G122100v2	0.055723
SEVIR_1G122200v2	2.485325
SEVIR_1G122400v2	52.034481
SEVIR_1G122500v2	48.989069
SEVIR_1G122600v2	12.139726
SEVIR_1G122700v2	62.306648
SEVIR_1G122800v2	11.771946
SEVIR_1G122866v2	0
SEVIR_1G122932v2	0
SEVIR_1G123000v2	35.860043
SEVIR_1G123100v2	9.555606
SEVIR_1G123200v2	1.287924
SEVIR_1G123300v2	0
SEVIR_1G123400v2	0.5719
SEVIR_1G123500v2	0
SEVIR_1G123600v2	0.861699
SEVIR_1G123666v2	0
SEVIR_1G123732v2	4.694566
SEVIR_1G123800v2	5.410727
SEVIR_1G123900v2	0
SEVIR_1G124000v2	6.91136
SEVIR_1G124050v2	48.891922
SEVIR_1G124100v2	38.648595
SEVIR_1G124133v2	95.448374
SEVIR_1G124166v2	12.171097
SEVIR_1G124200v2	9.469811
SEVIR_1G124300v2	0.258756
SEVIR_1G124350v2	0
SEVIR_1G124400v2	22.007047
SEVIR_1G124500v2	11.158467
SEVIR_1G124550v2	14.095139
SEVIR_1G124600v2	0.095674
SEVIR_1G124700v2	0.057162
SEVIR_1G124800v2	0
SEVIR_1G124900v2	14.39984
SEVIR_1G125000v2	10.045003
SEVIR_1G125100v2	0
SEVIR_1G125300v2	0.020821
SEVIR_1G125400v2	0
SEVIR_1G125600v2	1.400296
SEVIR_1G125500v2	0.052817
SEVIR_1G125700v2	5.393312
SEVIR_1G125800v2	3.424839
SEVIR_1G125900v2	9.971275
SEVIR_1G126000v2	1.673496
SEVIR_1G126050v2	0.660258
SEVIR_1G126100v2	3.928351
SEVIR_1G126200v2	0.892701
SEVIR_1G126301v2	104.615334
SEVIR_1G126400v2	51.153152
SEVIR_1G126500v2	2.865197
SEVIR_1G126600v2	0
SEVIR_1G126700v2	0
SEVIR_1G126800v2	0
SEVIR_1G126900v2	0
SEVIR_1G127000v2	26.876312
SEVIR_1G127100v2	16.359618
SEVIR_1G127200v2	35.074333
SEVIR_1G127225v2	0.619732
SEVIR_1G127250v2	0.254327
SEVIR_1G127275v2	0
SEVIR_1G127300v2	0.128017
SEVIR_1G127400v2	6.823636
SEVIR_1G127500v2	0
SEVIR_1G127600v2	25.088825
SEVIR_1G127700v2	3.147792
SEVIR_1G127800v2	0
SEVIR_1G127900v2	0
SEVIR_1G128000v2	0
SEVIR_1G128100v2	0
SEVIR_1G128201v2	0
SEVIR_1G128301v2	0
SEVIR_1G128401v2	0.116051
SEVIR_1G128500v2	0
SEVIR_1G128600v2	8.470187
SEVIR_1G128650v2	0
SEVIR_1G128700v2	0
SEVIR_1G128800v2	0
SEVIR_1G129000v2	2.536583
SEVIR_1G129100v2	147.048789
SEVIR_1G129200v2	0.085587
SEVIR_1G129300v2	21.640417
SEVIR_1G129500v2	2.921237
SEVIR_1G129600v2	0
SEVIR_1G129700v2	50.79621
SEVIR_1G129800v2	484.011647
SEVIR_1G129833v2	1.63712
SEVIR_1G129866v2	5.656769
SEVIR_1G129899v2	0.147131
SEVIR_1G129932v2	7.645422
SEVIR_1G129965v2	3.750754
SEVIR_1G130000v2	5.611805
SEVIR_1G130100v2	0
SEVIR_1G130200v2	14.802798
SEVIR_1G130300v2	14.839494
SEVIR_1G130400v2	1.63788
SEVIR_1G130600v2	21.624183
SEVIR_1G130700v2	32.73198
SEVIR_1G130800v2	12.25906
SEVIR_1G130900v2	0
SEVIR_1G131000v2	0
SEVIR_1G131100v2	0
SEVIR_1G131300v2	12.172708
SEVIR_1G131400v2	0
SEVIR_1G131500v2	2.011832
SEVIR_1G131600v2	0
SEVIR_1G131700v2	17.625552
SEVIR_1G131800v2	3.678255
SEVIR_1G131900v2	86.906187
SEVIR_1G132000v2	3.572287
SEVIR_1G132100v2	0
SEVIR_1G132125v2	10.111373
SEVIR_1G132150v2	10.850538
SEVIR_1G132175v2	0
SEVIR_1G132200v2	11.945042
SEVIR_1G132300v2	0.912832
SEVIR_1G132400v2	4.097135
SEVIR_1G132500v2	0
SEVIR_1G132600v2	0
SEVIR_1G132700v2	6.16907
SEVIR_1G132800v2	52.169474
SEVIR_1G132900v2	0.026796
SEVIR_1G132950v2	21.884989
SEVIR_1G133000v2	4.08827
SEVIR_1G133100v2	0.929887
SEVIR_1G133200v2	0.847892
SEVIR_1G133300v2	16.088852
SEVIR_1G133600v2	0
SEVIR_1G133700v2	109.115245
SEVIR_1G133800v2	0
SEVIR_1G133900v2	0.036058
SEVIR_1G134000v2	2.920924
SEVIR_1G134050v2	5.300317
SEVIR_1G134100v2	0
SEVIR_1G134200v2	43.279846
SEVIR_1G134300v2	0
SEVIR_1G134400v2	0
SEVIR_1G134500v2	192.303254
SEVIR_1G134600v2	0
SEVIR_1G134700v2	0
SEVIR_1G134750v2	0.644743
SEVIR_1G134800v2	5.786152
SEVIR_1G134900v2	0
SEVIR_1G135100v2	15.940274
SEVIR_1G135200v2	10.543532
SEVIR_1G135300v2	12.450143
SEVIR_1G135366v2	0
SEVIR_1G135432v2	1.794358
SEVIR_1G135500v2	0.793898
SEVIR_1G135600v2	15.121114
SEVIR_1G135700v2	10.515416
SEVIR_1G135750v2	0
SEVIR_1G135800v2	0.992092
SEVIR_1G135900v2	0
SEVIR_1G136000v2	0
SEVIR_1G136101v2	0
SEVIR_1G136200v2	0
SEVIR_1G136300v2	0
SEVIR_1G136400v2	19.613534
SEVIR_1G136500v2	0.946607
SEVIR_1G136600v2	19.828273
SEVIR_1G136700v2	45.021301
SEVIR_1G136800v2	31.013045
SEVIR_1G136900v2	581.077187
SEVIR_1G137000v2	19.594479
SEVIR_1G137050v2	6.955943
SEVIR_1G137100v2	0
SEVIR_1G137200v2	15.297546
SEVIR_1G137300v2	0.124887
SEVIR_1G137400v2	98.722244
SEVIR_1G137500v2	0
SEVIR_1G137600v2	17.192411
SEVIR_1G137700v2	9.702537
SEVIR_1G137800v2	0
SEVIR_1G137850v2	0
SEVIR_1G137900v2	30.108067
SEVIR_1G138001v2	0
SEVIR_1G138100v2	11.222127
SEVIR_1G138200v2	1.782773
SEVIR_1G138300v2	6.120684
SEVIR_1G138350v2	0.18645
SEVIR_1G138400v2	0
SEVIR_1G138500v2	0
SEVIR_1G138600v2	0
SEVIR_1G138700v2	2.046606
SEVIR_1G138800v2	0
SEVIR_1G138900v2	0.733518
SEVIR_1G139000v2	18.984358
SEVIR_1G139100v2	36.219904
SEVIR_1G139133v2	37.049547
SEVIR_1G139166v2	0
SEVIR_1G139200v2	6.654931
SEVIR_1G139300v2	38.470222
SEVIR_1G139400v2	25.296703
SEVIR_1G139500v2	0
SEVIR_1G139600v2	0
SEVIR_1G139700v2	39.119503
SEVIR_1G140000v2	7.268198
SEVIR_1G140050v2	0
SEVIR_1G140100v2	0
SEVIR_1G140200v2	12.956768
SEVIR_1G140300v2	3.037453
SEVIR_1G140401v2	2.81674
SEVIR_1G140500v2	8.945071
SEVIR_1G140600v2	52.437249
SEVIR_1G140666v2	0.870868
SEVIR_1G140732v2	1.69054
SEVIR_1G140800v2	0
SEVIR_1G140900v2	7.592287
SEVIR_1G141000v2	3.066388
SEVIR_1G141100v2	14.449468
SEVIR_1G141200v2	0
SEVIR_1G141400v2	0
SEVIR_1G141500v2	0.384846
SEVIR_1G141600v2	11.440883
SEVIR_1G141700v2	134.559445
SEVIR_1G141800v2	0.190105
SEVIR_1G141900v2	0
SEVIR_1G142000v2	0.295524
SEVIR_1G142100v2	32.637531
SEVIR_1G142150v2	12.939616
SEVIR_1G142200v2	79.797144
SEVIR_1G142300v2	1.133171
SEVIR_1G142401v2	0.141247
SEVIR_1G142500v2	0.596651
SEVIR_1G142600v2	0
SEVIR_1G142700v2	7.401134
SEVIR_1G142800v2	4.721584
SEVIR_1G142900v2	11.217735
SEVIR_1G143000v2	0
SEVIR_1G143300v2	0.758547
SEVIR_1G143400v2	7.456299
SEVIR_1G143500v2	0
SEVIR_1G143600v2	2.970477
SEVIR_1G143700v2	1.558575
SEVIR_1G143800v2	775.643954
SEVIR_1G143866v2	44.151978
SEVIR_1G143932v2	0
SEVIR_1G144000v2	0
SEVIR_1G144100v2	25.790723
SEVIR_1G144300v2	0
SEVIR_1G144350v2	0
SEVIR_1G144400v2	0.360533
SEVIR_1G144433v2	15.853464
SEVIR_1G144466v2	38.751146
SEVIR_1G144500v2	0
SEVIR_1G144700v2	65.203262
SEVIR_1G144800v2	0
SEVIR_1G144900v2	4.885269
SEVIR_1G145000v2	24.000558
SEVIR_1G145033v2	0
SEVIR_1G145066v2	78.503575
SEVIR_1G145100v2	85.966285
SEVIR_1G145200v2	39.395018
SEVIR_1G145300v2	0.118642
SEVIR_1G145500v2	234.251742
SEVIR_1G145504v2	86.132712
SEVIR_1G145508v2	0
SEVIR_1G145512v2	1.630165
SEVIR_1G145516v2	6.543544
SEVIR_1G145520v2	10.334864
SEVIR_1G145524v2	8.715866
SEVIR_1G145528v2	10.579988
SEVIR_1G145532v2	16.454341
SEVIR_1G145536v2	16.430981
SEVIR_1G145540v2	4.681286
SEVIR_1G145544v2	5.317868
SEVIR_1G145548v2	6.595564
SEVIR_1G145552v2	1.735895
SEVIR_1G145556v2	2.534368
SEVIR_1G145560v2	8.654835
SEVIR_1G145564v2	9.857449
SEVIR_1G145568v2	13.330846
SEVIR_1G145572v2	5.476782
SEVIR_1G145576v2	0.974257
SEVIR_1G145580v2	1.84499
SEVIR_1G145584v2	0.688618
SEVIR_1G145588v2	31.305555
SEVIR_1G145592v2	0.16057
SEVIR_1G145596v2	7.314373
SEVIR_1G145601v2	4.311684
SEVIR_1G145605v2	3.109562
SEVIR_1G145609v2	1.935186
SEVIR_1G145613v2	0.996056
SEVIR_1G145617v2	14.021815
SEVIR_1G145621v2	0.999259
SEVIR_1G145625v2	1.79232
SEVIR_1G145629v2	4.390833
SEVIR_1G145633v2	1.330106
SEVIR_1G145637v2	1.905825
SEVIR_1G145641v2	0.660731
SEVIR_1G145645v2	0
SEVIR_1G145649v2	0
SEVIR_1G145653v2	0
SEVIR_1G145657v2	150.444756
SEVIR_1G145661v2	16.296704
SEVIR_1G145700v2	46.754887
SEVIR_1G145800v2	3.467679
SEVIR_1G145900v2	5.264041
SEVIR_1G146000v2	56.310308
SEVIR_1G146100v2	0
SEVIR_1G146200v2	26.233175
SEVIR_1G146300v2	33.150416
SEVIR_1G146400v2	0
SEVIR_1G146500v2	44.35152
SEVIR_1G146600v2	52.333265
SEVIR_1G146700v2	20.586592
SEVIR_1G146900v2	3.743202
SEVIR_1G146966v2	2.822852
SEVIR_1G147032v2	8.519768
SEVIR_1G147100v2	0
SEVIR_1G147166v2	1.89581
SEVIR_1G147232v2	2.904925
SEVIR_1G147300v2	125.702789
SEVIR_1G147400v2	0
SEVIR_1G147550v2	10.608427
SEVIR_1G147700v2	0.252558
SEVIR_1G147800v2	6.919702
SEVIR_1G147900v2	0
SEVIR_1G148000v2	0.291748
SEVIR_1G151000v2	3.840801
SEVIR_1G150800v2	11.935123
SEVIR_1G150700v2	0
SEVIR_1G150766v2	2.190797
SEVIR_1G150500v2	0.074501
SEVIR_1G150566v2	6.207165
SEVIR_1G150632v2	3.052787
SEVIR_1G150300v2	3.713229
SEVIR_1G150200v2	0
SEVIR_1G150000v2	21.175676
SEVIR_1G150100v2	0.189954
SEVIR_1G149900v2	0.123615
SEVIR_1G149700v2	0
SEVIR_1G149766v2	0.52411
SEVIR_1G149400v2	0
SEVIR_1G149300v2	0.714515
SEVIR_1G149200v2	0.16906
SEVIR_1G149000v2	0
SEVIR_1G148900v2	0
SEVIR_1G148800v2	0
SEVIR_1G148700v2	34.604796
SEVIR_1G148600v2	0.107268
SEVIR_1G148500v2	18.907013
SEVIR_1G148400v2	20.481481
SEVIR_1G148300v2	2.531234
SEVIR_1G148366v2	0.087319
SEVIR_1G151100v2	12.577014
SEVIR_1G151200v2	0
SEVIR_1G151400v2	0
SEVIR_1G151501v2	0
SEVIR_1G151600v2	0.054706
SEVIR_1G151700v2	0.374442
SEVIR_1G151800v2	20.710631
SEVIR_1G151900v2	0
SEVIR_1G152000v2	12.318486
SEVIR_1G152100v2	1.500011
SEVIR_1G152400v2	2.821133
SEVIR_1G152500v2	0
SEVIR_1G152600v2	7.222423
SEVIR_1G152700v2	3.435189
SEVIR_1G152800v2	1.469154
SEVIR_1G152900v2	3.066055
SEVIR_1G153100v2	0
SEVIR_1G153200v2	2.346163
SEVIR_1G153300v2	0.985124
SEVIR_1G153400v2	0.056897
SEVIR_1G153500v2	0
SEVIR_1G153550v2	0
SEVIR_1G153600v2	0.195198
SEVIR_1G153700v2	0
SEVIR_1G153800v2	0
SEVIR_1G153900v2	0
SEVIR_1G154100v2	0
SEVIR_1G154200v2	0.100524
SEVIR_1G154301v2	0.518799
SEVIR_1G154400v2	0
SEVIR_1G154500v2	3.580341
SEVIR_1G154550v2	0.952002
SEVIR_1G154600v2	0.059702
SEVIR_1G154701v2	0.121711
SEVIR_1G154800v2	38.627218
SEVIR_1G154850v2	126.753281
SEVIR_1G154900v2	12.346282
SEVIR_1G155000v2	0
SEVIR_1G155200v2	27.017566
SEVIR_1G155233v2	3.370458
SEVIR_1G155266v2	5.303676
SEVIR_1G155300v2	3.327057
SEVIR_1G155400v2	0
SEVIR_1G155450v2	1.860111
SEVIR_1G155500v2	0.082848
SEVIR_1G155600v2	2.683442
SEVIR_1G155700v2	870.841988
SEVIR_1G155800v2	2.573415
SEVIR_1G155900v2	21.14635
SEVIR_1G156000v2	69.279184
SEVIR_1G156050v2	1.40433
SEVIR_1G156100v2	2.005643
SEVIR_1G156201v2	0.55318
SEVIR_1G156300v2	0.118392
SEVIR_1G156400v2	3.291049
SEVIR_1G156500v2	14.6192
SEVIR_1G156600v2	0.020371
SEVIR_1G156700v2	0
SEVIR_1G156800v2	0.15574
SEVIR_1G156900v2	0
SEVIR_1G157000v2	0.169464
SEVIR_1G157100v2	0
SEVIR_1G157300v2	95.065303
SEVIR_1G157401v2	4.72883
SEVIR_1G157500v2	93.184786
SEVIR_1G157600v2	13.300716
SEVIR_1G157700v2	0
SEVIR_1G157800v2	17.576474
SEVIR_1G157900v2	101.488809
SEVIR_1G158000v2	90.699015
SEVIR_1G158100v2	0.56786
SEVIR_1G158200v2	2.462152
SEVIR_1G158500v2	18.168168
SEVIR_1G158700v2	10.723127
SEVIR_1G158800v2	8.221623
SEVIR_1G158900v2	5.63209
SEVIR_1G159000v2	40.039774
SEVIR_1G159050v2	0.715692
SEVIR_1G159100v2	1.910143
SEVIR_1G159200v2	9.247622
SEVIR_1G159300v2	29.649808
SEVIR_1G159400v2	1.860766
SEVIR_1G159500v2	0.54481
SEVIR_1G159600v2	806.773415
SEVIR_1G159700v2	4.222868
SEVIR_1G159750v2	0
SEVIR_1G159800v2	1.679604
SEVIR_1G159900v2	10.082218
SEVIR_1G160000v2	0.067979
SEVIR_1G160100v2	0.194792
SEVIR_1G160200v2	14.743196
SEVIR_1G160250v2	0
SEVIR_1G160300v2	0.165273
SEVIR_1G160350v2	0
SEVIR_1G160400v2	0.26914
SEVIR_1G160500v2	6.710264
SEVIR_1G160600v2	33.161463
SEVIR_1G160700v2	0.36115
SEVIR_1G160800v2	38.604129
SEVIR_1G160866v2	0
SEVIR_1G160932v2	0
SEVIR_1G161000v2	34.011337
SEVIR_1G161100v2	1.69541
SEVIR_1G161200v2	0.491087
SEVIR_1G161300v2	9.573452
SEVIR_1G161400v2	11.058425
SEVIR_1G161500v2	792.618646
SEVIR_1G161600v2	1.956825
SEVIR_1G161700v2	0
SEVIR_1G161800v2	0
SEVIR_1G161900v2	572.206198
SEVIR_1G162100v2	5.032668
SEVIR_1G162200v2	7.746812
SEVIR_1G162300v2	0
SEVIR_1G162350v2	0
SEVIR_1G162400v2	6.824691
SEVIR_1G162500v2	4.897497
SEVIR_1G162600v2	53.703854
SEVIR_1G162700v2	20.812128
SEVIR_1G162800v2	11.922884
SEVIR_1G162901v2	0.337617
SEVIR_1G163000v2	57.617503
SEVIR_1G163100v2	49.72029
SEVIR_1G163200v2	0.055256
SEVIR_1G163300v2	0.417182
SEVIR_1G163400v2	0
SEVIR_1G163466v2	0
SEVIR_1G163532v2	0.089843
SEVIR_1G163600v2	0
SEVIR_1G163700v2	0
SEVIR_1G163800v2	0
SEVIR_1G163900v2	0
SEVIR_1G164000v2	0
SEVIR_1G164101v2	1.358753
SEVIR_1G164200v2	0
SEVIR_1G164266v2	0
SEVIR_1G164332v2	1.342391
SEVIR_1G164400v2	43.13641
SEVIR_1G164500v2	15.941389
SEVIR_1G164600v2	0.987154
SEVIR_1G164800v2	0
SEVIR_1G164900v2	2.803154
SEVIR_1G165100v2	0
SEVIR_1G165200v2	1.275232
SEVIR_1G165300v2	0.906075
SEVIR_1G165350v2	0.124136
SEVIR_1G165400v2	0
SEVIR_1G165500v2	0
SEVIR_1G165600v2	0
SEVIR_1G165650v2	0
SEVIR_1G165700v2	0.068286
SEVIR_1G165766v2	1.781056
SEVIR_1G165832v2	0
SEVIR_1G165900v2	1.262891
SEVIR_1G166100v2	26.280741
SEVIR_1G166200v2	15.079815
SEVIR_1G166300v2	69.621221
SEVIR_1G166400v2	4.203315
SEVIR_1G166500v2	6.617185
SEVIR_1G166600v2	44.226378
SEVIR_1G166700v2	22.94567
SEVIR_1G166800v2	5.123743
SEVIR_1G166900v2	2.224453
SEVIR_1G167000v2	5.022297
SEVIR_1G167100v2	53.856597
SEVIR_1G167200v2	5.839176
SEVIR_1G167300v2	0
SEVIR_1G167400v2	0
SEVIR_1G167500v2	21.53946
SEVIR_1G167600v2	5.724363
SEVIR_1G167700v2	0
SEVIR_1G167800v2	11.48291
SEVIR_1G167900v2	0
SEVIR_1G168000v2	0.130334
SEVIR_1G168100v2	7.25775
SEVIR_1G168200v2	0.82013
SEVIR_1G168300v2	502.989588
SEVIR_1G168400v2	11.332186
SEVIR_1G168500v2	18.13408
SEVIR_1G168600v2	11.373956
SEVIR_1G168700v2	6.388797
SEVIR_1G168800v2	0
SEVIR_1G168900v2	10.107487
SEVIR_1G169000v2	0
SEVIR_1G169100v2	7.442844
SEVIR_1G169200v2	65.729006
SEVIR_1G169300v2	0.176077
SEVIR_1G169400v2	76.692124
SEVIR_1G169500v2	18.997402
SEVIR_1G169700v2	4.261082
SEVIR_1G169800v2	0
SEVIR_1G169900v2	6.08451
SEVIR_1G169950v2	1.34989
SEVIR_1G170000v2	6.010775
SEVIR_1G170100v2	67.923116
SEVIR_1G170150v2	0
SEVIR_1G170200v2	23.702603
SEVIR_1G170300v2	6.807701
SEVIR_1G170400v2	7.082024
SEVIR_1G170500v2	0
SEVIR_1G170600v2	0
SEVIR_1G170700v2	1.886559
SEVIR_1G170800v2	0.052945
SEVIR_1G170900v2	0
SEVIR_1G171100v2	1.581929
SEVIR_1G171200v2	28.754217
SEVIR_1G171301v2	0.024031
SEVIR_1G171400v2	3.194818
SEVIR_1G171500v2	126.92136
SEVIR_1G171600v2	460.498174
SEVIR_1G171700v2	53.746506
SEVIR_1G171801v2	0.53546
SEVIR_1G171900v2	0
SEVIR_1G172000v2	0
SEVIR_1G172100v2	5.6512
SEVIR_1G172200v2	7.24856
SEVIR_1G172300v2	97.47655
SEVIR_1G172400v2	46.891051
SEVIR_1G172500v2	7.243865
SEVIR_1G172600v2	0
SEVIR_1G172700v2	0
SEVIR_1G172800v2	55.288257
SEVIR_1G172900v2	6.51447
SEVIR_1G173050v2	0.349153
SEVIR_1G173000v2	5.060889
SEVIR_1G173100v2	0.179155
SEVIR_1G173200v2	6.962859
SEVIR_1G173250v2	0
SEVIR_1G173300v2	0.098162
SEVIR_1G173400v2	93.278207
SEVIR_1G173600v2	8.511435
SEVIR_1G173701v2	3.740207
SEVIR_1G173800v2	0
SEVIR_1G173900v2	6.927538
SEVIR_1G174000v2	9.432083
SEVIR_1G174100v2	0.479543
SEVIR_1G174200v2	10.585978
SEVIR_1G174300v2	38.628967
SEVIR_1G174400v2	0.064166
SEVIR_1G174500v2	0
SEVIR_1G174600v2	73.691627
SEVIR_1G174700v2	5.915839
SEVIR_1G174800v2	0
SEVIR_1G174900v2	17.615015
SEVIR_1G175000v2	19.964494
SEVIR_1G175100v2	29.981366
SEVIR_1G175200v2	10.128005
SEVIR_1G175300v2	0.50445
SEVIR_1G175500v2	0.502915
SEVIR_1G175600v2	23.494111
SEVIR_1G175700v2	0
SEVIR_1G175800v2	4.570031
SEVIR_1G175900v2	0.689101
SEVIR_1G175950v2	0
SEVIR_1G176000v2	28.93619
SEVIR_1G176100v2	30.354591
SEVIR_1G176201v2	0
SEVIR_1G176300v2	46.172551
SEVIR_1G176400v2	0.085058
SEVIR_1G176466v2	3.324098
SEVIR_1G176532v2	5.786435
SEVIR_1G176600v2	0
SEVIR_1G176700v2	0.038129
SEVIR_1G176800v2	0
SEVIR_1G176900v2	19.367659
SEVIR_1G177000v2	0.243422
SEVIR_1G177100v2	9.977628
SEVIR_1G177200v2	136.065086
SEVIR_1G177250v2	1.734357
SEVIR_1G177300v2	3.652644
SEVIR_1G177400v2	0.032323
SEVIR_1G177500v2	7.251695
SEVIR_1G177600v2	0.939454
SEVIR_1G177640v2	26.781233
SEVIR_1G177680v2	18.510489
SEVIR_1G177720v2	1.947137
SEVIR_1G177760v2	3.55171
SEVIR_1G177800v2	12805.168106
SEVIR_1G177900v2	0.194442
SEVIR_1G177950v2	1.21711
SEVIR_1G178000v2	0.963882
SEVIR_1G178100v2	29.494566
SEVIR_1G178150v2	0.336453
SEVIR_1G178200v2	1.856966
SEVIR_1G178300v2	3.164485
SEVIR_1G178400v2	0
SEVIR_1G178500v2	2.76409
SEVIR_1G178700v2	111.038722
SEVIR_1G178800v2	7.525889
SEVIR_1G178900v2	0
SEVIR_1G179000v2	5.577147
SEVIR_1G179050v2	0
SEVIR_1G179100v2	0
SEVIR_1G179300v2	4.584998
SEVIR_1G179400v2	9.382248
SEVIR_1G179500v2	0.014948
SEVIR_1G179600v2	1.518683
SEVIR_1G179650v2	0
SEVIR_1G179700v2	18.237292
SEVIR_1G179750v2	1.203369
SEVIR_1G179800v2	0
SEVIR_1G179900v2	29.034058
SEVIR_1G180000v2	125.883992
SEVIR_1G180100v2	321.970932
SEVIR_1G180200v2	84.484877
SEVIR_1G180300v2	0.563942
SEVIR_1G180400v2	29.916858
SEVIR_1G180500v2	47.54501
SEVIR_1G180600v2	0.297716
SEVIR_1G180700v2	4.36252
SEVIR_1G180801v2	0.217742
SEVIR_1G180900v2	0.175562
SEVIR_1G181000v2	7.057216
SEVIR_1G181100v2	7.520145
SEVIR_1G181200v2	7.42402
SEVIR_1G181300v2	20.141341
SEVIR_1G181400v2	20.692169
SEVIR_1G181466v2	0
SEVIR_1G181532v2	0
SEVIR_1G181600v2	0.067405
SEVIR_1G181700v2	15.666363
SEVIR_1G181800v2	11.267628
SEVIR_1G181900v2	1.684263
SEVIR_1G182000v2	11.06687
SEVIR_1G182100v2	0.46468
SEVIR_1G182200v2	31.470871
SEVIR_1G182300v2	0
SEVIR_1G182400v2	717.493831
SEVIR_1G182450v2	0.609986
SEVIR_1G182500v2	44.438837
SEVIR_1G182600v2	0.05606
SEVIR_1G182701v2	0.185259
SEVIR_1G182800v2	0.882812
SEVIR_1G182900v2	5.580384
SEVIR_1G183000v2	4.765271
SEVIR_1G183101v2	0.067786
SEVIR_1G183200v2	45.166567
SEVIR_1G183100v2	0.084399
SEVIR_1G183300v2	45.47091
SEVIR_1G183400v2	9.521191
SEVIR_1G183500v2	0
SEVIR_1G183600v2	3.759362
SEVIR_1G183700v2	4.163637
SEVIR_1G183800v2	11.869987
SEVIR_1G183900v2	1.16945
SEVIR_1G184000v2	0
SEVIR_1G184100v2	14.199207
SEVIR_1G184200v2	0.621972
SEVIR_1G184300v2	234.413329
SEVIR_1G184400v2	74.698809
SEVIR_1G184500v2	0.383485
SEVIR_1G184666v2	18.236771
SEVIR_1G184600v2	0
SEVIR_1G184732v2	0.109611
SEVIR_1G184800v2	109.136322
SEVIR_1G184900v2	234.769849
SEVIR_1G185000v2	5.846941
SEVIR_1G185100v2	0
SEVIR_1G185200v2	40.520392
SEVIR_1G185300v2	17.173669
SEVIR_1G185400v2	39.524478
SEVIR_1G185500v2	25.888787
SEVIR_1G185550v2	0.421906
SEVIR_1G185600v2	5.279089
SEVIR_1G185650v2	0.075519
SEVIR_1G185700v2	7.391551
SEVIR_1G185800v2	0.06021
SEVIR_1G185900v2	19.20821
SEVIR_1G186000v2	0.569512
SEVIR_1G186100v2	55.215376
SEVIR_1G186301v2	18.617195
SEVIR_1G186500v2	0
SEVIR_1G186700v2	1.010919
SEVIR_1G186800v2	0
SEVIR_1G186900v2	0
SEVIR_1G187000v2	0
SEVIR_1G187100v2	0.057569
SEVIR_1G187200v2	0
SEVIR_1G187300v2	0
SEVIR_1G187400v2	1.459457
SEVIR_1G187500v2	10.263428
SEVIR_1G187600v2	111.515341
SEVIR_1G187700v2	0.984391
SEVIR_1G187900v2	0
SEVIR_1G188100v2	79.174185
SEVIR_1G188200v2	0
SEVIR_1G188300v2	0
SEVIR_1G188400v2	29.047271
SEVIR_1G188500v2	18.403961
SEVIR_1G188601v2	0.037508
SEVIR_1G188700v2	0
SEVIR_1G188800v2	20.692191
SEVIR_1G188900v2	0.133349
SEVIR_1G189000v2	1.186175
SEVIR_1G189100v2	4.738017
SEVIR_1G189200v2	0.367523
SEVIR_1G189300v2	67.253723
SEVIR_1G189400v2	1.788978
SEVIR_1G189500v2	6.564593
SEVIR_1G189600v2	0
SEVIR_1G189700v2	0.462836
SEVIR_1G189801v2	0
SEVIR_1G189900v2	1.410856
SEVIR_1G190000v2	8.347915
SEVIR_1G190100v2	0.257232
SEVIR_1G190200v2	0.335599
SEVIR_1G190300v2	0
SEVIR_1G190400v2	86.661337
SEVIR_1G190500v2	17.953253
SEVIR_1G190601v2	132.538446
SEVIR_1G190700v2	163.096415
SEVIR_1G190800v2	2.029095
SEVIR_1G190900v2	7.053305
SEVIR_1G191000v2	13.543353
SEVIR_1G191033v2	0
SEVIR_1G191066v2	4.943226
SEVIR_1G191100v2	5.665436
SEVIR_1G191200v2	70.19261
SEVIR_1G191300v2	0
SEVIR_1G191400v2	0.124502
SEVIR_1G191500v2	106.267903
SEVIR_1G191600v2	0.221149
SEVIR_1G191700v2	11.084972
SEVIR_1G191800v2	0
SEVIR_1G191900v2	0
SEVIR_1G192000v2	0
SEVIR_1G192100v2	0
SEVIR_1G192200v2	0
SEVIR_1G192300v2	0
SEVIR_1G192500v2	1.23411
SEVIR_1G192600v2	17.568147
SEVIR_1G192700v2	1.184746
SEVIR_1G192800v2	19.699294
SEVIR_1G192900v2	0.705059
SEVIR_1G193000v2	0.00999
SEVIR_1G193100v2	4.804846
SEVIR_1G193200v2	0.026033
SEVIR_1G193250v2	10.953987
SEVIR_1G193300v2	15.200316
SEVIR_1G193400v2	115.322654
SEVIR_1G193500v2	35.871379
SEVIR_1G193600v2	0.222088
SEVIR_1G193700v2	7.213057
SEVIR_1G193800v2	0
SEVIR_1G193850v2	2.477682
SEVIR_1G193900v2	0
SEVIR_1G194000v2	40.65236
SEVIR_1G194100v2	11.268353
SEVIR_1G194200v2	33.03301
SEVIR_1G194300v2	135.480675
SEVIR_1G194400v2	0
SEVIR_1G194500v2	23.215083
SEVIR_1G194600v2	13.31915
SEVIR_1G194700v2	14.626656
SEVIR_1G194800v2	0
SEVIR_1G194900v2	0.092567
SEVIR_1G195000v2	4.618097
SEVIR_1G195100v2	0
SEVIR_1G195150v2	0.008633
SEVIR_1G195200v2	24.866313
SEVIR_1G195300v2	1.375407
SEVIR_1G195400v2	175.263796
SEVIR_1G195500v2	1.442124
SEVIR_1G195600v2	66.083882
SEVIR_1G195700v2	7.010515
SEVIR_1G195800v2	6.32356
SEVIR_1G195900v2	1.910483
SEVIR_1G196000v2	37.445473
SEVIR_1G196100v2	0
SEVIR_1G196200v2	12.698674
SEVIR_1G196300v2	7.424369
SEVIR_1G196400v2	37.664256
SEVIR_1G196500v2	3.102994
SEVIR_1G196450v2	1.62683
SEVIR_1G196600v2	8.070956
SEVIR_1G196700v2	18.990557
SEVIR_1G196800v2	0.905617
SEVIR_1G196900v2	0.327465
SEVIR_1G197000v2	6.634361
SEVIR_1G197200v2	2.733026
SEVIR_1G197100v2	0
SEVIR_1G197300v2	18.003948
SEVIR_1G197350v2	0.038614
SEVIR_1G197400v2	0
SEVIR_1G197500v2	1.517424
SEVIR_1G197600v2	8.567779
SEVIR_1G197700v2	15.31512
SEVIR_1G197800v2	49.697772
SEVIR_1G197900v2	7.797158
SEVIR_1G197950v2	0.760766
SEVIR_1G198000v2	5.67863
SEVIR_1G198100v2	14.279865
SEVIR_1G198200v2	23.935132
SEVIR_1G198300v2	7.395366
SEVIR_1G198400v2	0.040348
SEVIR_1G198500v2	0
SEVIR_1G198600v2	19.235607
SEVIR_1G198700v2	0
SEVIR_1G198800v2	33.92452
SEVIR_1G198900v2	0
SEVIR_1G199000v2	13.62605
SEVIR_1G199200v2	0.01131
SEVIR_1G199300v2	1.748071
SEVIR_1G199400v2	139.783412
SEVIR_1G199450v2	0.187218
SEVIR_1G199500v2	49.992119
SEVIR_1G199600v2	87.213151
SEVIR_1G199700v2	0.473178
SEVIR_1G199800v2	0
SEVIR_1G199900v2	89.595399
SEVIR_1G200000v2	13.030899
SEVIR_1G200100v2	11.60331
SEVIR_1G200200v2	13.350172
SEVIR_1G200233v2	0.864788
SEVIR_1G200266v2	0
SEVIR_1G200300v2	0.57757
SEVIR_1G200400v2	114.503925
SEVIR_1G200500v2	2.628007
SEVIR_1G200600v2	0.315426
SEVIR_1G200700v2	0
SEVIR_1G200800v2	0.841166
SEVIR_1G200900v2	0.319402
SEVIR_1G201000v2	0
SEVIR_1G201100v2	40.14173
SEVIR_1G201200v2	8.978621
SEVIR_1G201300v2	22.26468
SEVIR_1G201400v2	2.161241
SEVIR_1G201500v2	0
SEVIR_1G201550v2	5.692283
SEVIR_1G201600v2	51.118607
SEVIR_1G201700v2	7.503254
SEVIR_1G201800v2	1.60011
SEVIR_1G201850v2	6.582291
SEVIR_1G201900v2	0
SEVIR_1G202000v2	5.237704
SEVIR_1G202100v2	23.642596
SEVIR_1G202200v2	40.933347
SEVIR_1G202300v2	1.085876
SEVIR_1G202400v2	1.498388
SEVIR_1G202500v2	40.6067
SEVIR_1G202600v2	1.229838
SEVIR_1G202700v2	31.430898
SEVIR_1G202800v2	11.350912
SEVIR_1G202900v2	8.843858
SEVIR_1G203000v2	20.206423
SEVIR_1G203100v2	14.120146
SEVIR_1G203200v2	65.304429
SEVIR_1G203250v2	0
SEVIR_1G203300v2	0
SEVIR_1G203400v2	0.055831
SEVIR_1G203500v2	0
SEVIR_1G203600v2	12.453562
SEVIR_1G203700v2	0.037099
SEVIR_1G203800v2	0
SEVIR_1G203850v2	0
SEVIR_1G203900v2	0
SEVIR_1G204000v2	15.913657
SEVIR_1G204100v2	8.16591
SEVIR_1G204200v2	2.410099
SEVIR_1G204300v2	0
SEVIR_1G204400v2	0.159907
SEVIR_1G204500v2	0.692726
SEVIR_1G204600v2	0.249982
SEVIR_1G204700v2	3.259379
SEVIR_1G204750v2	3.080809
SEVIR_1G204800v2	4.409093
SEVIR_1G204900v2	0
SEVIR_1G205000v2	0
SEVIR_1G205060v2	0.573713
SEVIR_1G205120v2	67.560749
SEVIR_1G205180v2	6.104241
SEVIR_1G205240v2	0
SEVIR_1G205300v2	9.670781
SEVIR_1G205500v2	13.919682
SEVIR_1G205600v2	9.787465
SEVIR_1G205700v2	4.662572
SEVIR_1G205800v2	40.272849
SEVIR_1G205900v2	0
SEVIR_1G206000v2	25.855433
SEVIR_1G206100v2	48.28682
SEVIR_1G206200v2	0.763595
SEVIR_1G206300v2	12.691123
SEVIR_1G206400v2	1.962943
SEVIR_1G206500v2	52.450104
SEVIR_1G206600v2	13.641024
SEVIR_1G206700v2	0.26445
SEVIR_1G206800v2	0
SEVIR_1G206900v2	0
SEVIR_1G207000v2	6.011303
SEVIR_1G207100v2	0.448289
SEVIR_1G207200v2	7.491921
SEVIR_1G207300v2	50.117666
SEVIR_1G207400v2	0
SEVIR_1G207500v2	22.158592
SEVIR_1G207600v2	82.457847
SEVIR_1G207701v2	0.610085
SEVIR_1G207800v2	13.866444
SEVIR_1G207900v2	23.806768
SEVIR_1G208000v2	14.151912
SEVIR_1G208100v2	22.577784
SEVIR_1G208200v2	3.131265
SEVIR_1G208300v2	0.188936
SEVIR_1G208400v2	3.665963
SEVIR_1G208501v2	0.115296
SEVIR_1G208600v2	3.653671
SEVIR_1G208650v2	1.139936
SEVIR_1G208700v2	438.450755
SEVIR_1G208800v2	14.50697
SEVIR_1G208900v2	0.22762
SEVIR_1G209000v2	0.362265
SEVIR_1G209100v2	25.57926
SEVIR_1G209200v2	108.963347
SEVIR_1G209300v2	449.928298
SEVIR_1G209400v2	0.973688
SEVIR_1G209500v2	0.444352
SEVIR_1G209600v2	4.309765
SEVIR_1G209650v2	0
SEVIR_1G209700v2	0.417191
SEVIR_1G209800v2	4.437149
SEVIR_1G209900v2	76.333063
SEVIR_1G210000v2	2.968672
SEVIR_1G210100v2	0.014119
SEVIR_1G210150v2	0.488654
SEVIR_1G210200v2	0
SEVIR_1G210300v2	0
SEVIR_1G210400v2	0
SEVIR_1G210500v2	3.970833
SEVIR_1G210600v2	200.05321
SEVIR_1G210700v2	0
SEVIR_1G210800v2	0.156404
SEVIR_1G210900v2	0
SEVIR_1G211000v2	1.033072
SEVIR_1G211100v2	39.01092
SEVIR_1G211200v2	0
SEVIR_1G211400v2	0.922894
SEVIR_1G211300v2	0.973113
SEVIR_1G211500v2	0.122326
SEVIR_1G211600v2	6.970719
SEVIR_1G211700v2	1.753811
SEVIR_1G211800v2	0
SEVIR_1G211900v2	0
SEVIR_1G211950v2	0.593335
SEVIR_1G212000v2	4.351498
SEVIR_1G212100v2	0.105066
SEVIR_1G212200v2	0.070429
SEVIR_1G212250v2	0.150282
SEVIR_1G212300v2	107.410001
SEVIR_1G212400v2	0
SEVIR_1G212500v2	44.377117
SEVIR_1G212600v2	0.256406
SEVIR_1G212700v2	39.749313
SEVIR_1G212800v2	8.601995
SEVIR_1G212900v2	0
SEVIR_1G213000v2	5.496606
SEVIR_1G213100v2	6.039126
SEVIR_1G213200v2	7.708826
SEVIR_1G213300v2	52.602661
SEVIR_1G213400v2	0
SEVIR_1G213500v2	0
SEVIR_1G213600v2	31.032462
SEVIR_1G213700v2	70.861527
SEVIR_1G213800v2	4.438865
SEVIR_1G213900v2	1.413058
SEVIR_1G214000v2	0
SEVIR_1G214100v2	17.347034
SEVIR_1G214200v2	0
SEVIR_1G214300v2	11.885103
SEVIR_1G214350v2	0.118431
SEVIR_1G214401v2	3.439261
SEVIR_1G214451v2	0.04696
SEVIR_1G214500v2	433.525112
SEVIR_1G214600v2	19.492329
SEVIR_1G214700v2	0.719098
SEVIR_1G214800v2	1.720477
SEVIR_1G214850v2	0
SEVIR_1G214900v2	2.963779
SEVIR_1G215000v2	9.614515
SEVIR_1G215100v2	1.240709
SEVIR_1G215200v2	29.333811
SEVIR_1G215300v2	11.530428
SEVIR_1G215400v2	17.259391
SEVIR_1G215500v2	1.19613
SEVIR_1G215600v2	0.718891
SEVIR_1G215700v2	0
SEVIR_1G215800v2	8.073059
SEVIR_1G215900v2	0.206568
SEVIR_1G215966v2	0.087876
SEVIR_1G216032v2	0
SEVIR_1G216100v2	2.885343
SEVIR_1G152300v2	0.127291
SEVIR_1G168301v2	3.866113
SEVIR_1G184301v2	0.904358
SEVIR_1G200301v2	4.040405
SEVIR_1G216300v2	0.406752
SEVIR_1G216350v2	0
SEVIR_1G216400v2	0.044794
SEVIR_1G216500v2	87.579754
SEVIR_1G216600v2	0
SEVIR_1G216700v2	0.023679
SEVIR_1G216801v2	0
SEVIR_1G216900v2	16.012032
SEVIR_1G217000v2	6.602741
SEVIR_1G217100v2	0
SEVIR_1G217200v2	0.323338
SEVIR_1G217300v2	0
SEVIR_1G217400v2	0
SEVIR_1G217500v2	0.084513
SEVIR_1G217600v2	59.76399
SEVIR_1G217700v2	1.340858
SEVIR_1G217750v2	0
SEVIR_1G217800v2	218.271584
SEVIR_1G217850v2	0.551966
SEVIR_1G217900v2	24.344547
SEVIR_1G218000v2	6.060631
SEVIR_1G218100v2	3.065033
SEVIR_1G218200v2	0.068031
SEVIR_1G218300v2	0.190692
SEVIR_1G218400v2	2.524018
SEVIR_1G218500v2	1.543617
SEVIR_1G218600v2	597.165311
SEVIR_1G218700v2	64.652262
SEVIR_1G218800v2	16.122891
SEVIR_1G218900v2	4.733271
SEVIR_1G218950v2	3.998117
SEVIR_1G219000v2	11.407779
SEVIR_1G219100v2	12.437196
SEVIR_1G219150v2	0.538756
SEVIR_1G219200v2	2.817995
SEVIR_1G219300v2	159.85068
SEVIR_1G219400v2	3.864716
SEVIR_1G219500v2	31.634326
SEVIR_1G219600v2	13.679425
SEVIR_1G219700v2	0.017358
SEVIR_1G219800v2	6.391251
SEVIR_1G219900v2	8.549616
SEVIR_1G220000v2	0.30827
SEVIR_1G220100v2	13.845761
SEVIR_1G220200v2	0.072296
SEVIR_1G220300v2	405.496928
SEVIR_1G220400v2	21.421518
SEVIR_1G220500v2	0
SEVIR_1G220600v2	17.595134
SEVIR_1G220700v2	0.269596
SEVIR_1G220801v2	0.134564
SEVIR_1G220900v2	0.302375
SEVIR_1G221000v2	0
SEVIR_1G221100v2	12.729827
SEVIR_1G221200v2	0
SEVIR_1G221300v2	0.344173
SEVIR_1G221400v2	21.981957
SEVIR_1G221500v2	0
SEVIR_1G221600v2	1.158885
SEVIR_1G221700v2	26.01299
SEVIR_1G221800v2	0
SEVIR_1G221833v2	0.013061
SEVIR_1G221866v2	0.67305
SEVIR_1G221900v2	66.948893
SEVIR_1G222000v2	8.599229
SEVIR_1G222050v2	0
SEVIR_1G222100v2	24.495942
SEVIR_1G222200v2	133.669756
SEVIR_1G222400v2	13.994093
SEVIR_1G222500v2	0.204266
SEVIR_1G222600v2	95.974461
SEVIR_1G222701v2	0.121711
SEVIR_1G222800v2	0.452292
SEVIR_1G222900v2	16.744875
SEVIR_1G223100v2	0.148429
SEVIR_1G223200v2	0
SEVIR_1G223300v2	0.018367
SEVIR_1G223400v2	59.88294
SEVIR_1G223500v2	0
SEVIR_1G223550v2	0
SEVIR_1G223600v2	7.856614
SEVIR_1G223700v2	3.642037
SEVIR_1G223800v2	32.097865
SEVIR_1G223900v2	35.216646
SEVIR_1G224000v2	33.232767
SEVIR_1G224100v2	0.09884
SEVIR_1G224200v2	6.813421
SEVIR_1G224300v2	8.10695
SEVIR_1G224400v2	6.409553
SEVIR_1G224500v2	50.436679
SEVIR_1G224600v2	8.03942
SEVIR_1G224700v2	28.99668
SEVIR_1G224800v2	14.879621
SEVIR_1G224900v2	7.400625
SEVIR_1G225000v2	0
SEVIR_1G225100v2	86.234278
SEVIR_1G225200v2	2.949266
SEVIR_1G225300v2	65.961249
SEVIR_1G225400v2	113.775572
SEVIR_1G225500v2	3.901308
SEVIR_1G225601v2	1.249128
SEVIR_1G225700v2	1308.731371
SEVIR_1G225800v2	2.482505
SEVIR_1G225900v2	0.097014
SEVIR_1G226000v2	4.389647
SEVIR_1G226100v2	89.068024
SEVIR_1G226200v2	4.07952
SEVIR_1G226300v2	14.52064
SEVIR_1G226400v2	164.956837
SEVIR_1G226500v2	1.794247
SEVIR_1G226600v2	8.360613
SEVIR_1G226700v2	0.360653
SEVIR_1G226800v2	0
SEVIR_1G226900v2	0.673685
SEVIR_1G226950v2	0
SEVIR_1G227000v2	0
SEVIR_1G227100v2	0.087602
SEVIR_1G227200v2	0.77723
SEVIR_1G227300v2	6.955722
SEVIR_1G227400v2	0.210767
SEVIR_1G227500v2	4.153511
SEVIR_1G227600v2	33.012107
SEVIR_1G227650v2	0.063348
SEVIR_1G227700v2	18.097927
SEVIR_1G227800v2	0
SEVIR_1G227900v2	100.929526
SEVIR_1G228100v2	0.200186
SEVIR_1G228150v2	0
SEVIR_1G228200v2	29.182716
SEVIR_1G228300v2	25.318553
SEVIR_1G228400v2	8.472574
SEVIR_1G228500v2	9.76217
SEVIR_1G228600v2	83.165037
SEVIR_1G228700v2	0
SEVIR_1G228800v2	36.908356
SEVIR_1G228900v2	13.236018
SEVIR_1G229000v2	14.173546
SEVIR_1G229100v2	7.868782
SEVIR_1G229200v2	14.012545
SEVIR_1G229301v2	0.01555
SEVIR_1G229400v2	0
SEVIR_1G229500v2	4.064448
SEVIR_1G229600v2	4.593362
SEVIR_1G229700v2	0.057246
SEVIR_1G229800v2	0.164194
SEVIR_1G229850v2	0.16718
SEVIR_1G229901v2	1.867066
SEVIR_1G229951v2	0.351925
SEVIR_1G230000v2	26.735451
SEVIR_1G230100v2	0
SEVIR_1G230300v2	2.396706
SEVIR_1G230350v2	38.957795
SEVIR_1G230400v2	0.191334
SEVIR_1G230500v2	0
SEVIR_1G230700v2	2.045343
SEVIR_1G230800v2	0.096576
SEVIR_1G230900v2	0.133052
SEVIR_1G231001v2	0.137659
SEVIR_1G231100v2	11.233882
SEVIR_1G231200v2	23.552074
SEVIR_1G231300v2	20.78533
SEVIR_1G231400v2	848.695884
SEVIR_1G231500v2	15.447253
SEVIR_1G231600v2	4.915475
SEVIR_1G231700v2	0
SEVIR_1G231800v2	68.356294
SEVIR_1G231900v2	0.829144
SEVIR_1G231950v2	0
SEVIR_1G232000v2	0.419222
SEVIR_1G232100v2	18.611021
SEVIR_1G232200v2	0
SEVIR_1G232300v2	0.055972
SEVIR_1G232400v2	0
SEVIR_1G232500v2	41.125688
SEVIR_1G232600v2	9.899997
SEVIR_1G232700v2	81.125261
SEVIR_1G232750v2	11.260144
SEVIR_1G232800v2	22.305749
SEVIR_1G232900v2	0.719981
SEVIR_1G233001v2	0
SEVIR_1G233100v2	208.317979
SEVIR_1G233150v2	84.369251
SEVIR_1G233200v2	547.367791
SEVIR_1G233300v2	12.365533
SEVIR_1G233400v2	5.243801
SEVIR_1G233500v2	9.815802
SEVIR_1G233600v2	0
SEVIR_1G233700v2	38.225488
SEVIR_1G233750v2	0
SEVIR_1G233800v2	8.465957
SEVIR_1G233850v2	0.098135
SEVIR_1G233900v2	1.00127
SEVIR_1G234000v2	101.752601
SEVIR_1G234100v2	0
SEVIR_1G234200v2	16.210261
SEVIR_1G234300v2	269.510579
SEVIR_1G234400v2	3.495156
SEVIR_1G234500v2	1.128767
SEVIR_1G234700v2	0
SEVIR_1G234800v2	50.385289
SEVIR_1G234900v2	8.503695
SEVIR_1G235000v2	6.221679
SEVIR_1G235100v2	83.471671
SEVIR_1G235200v2	26.467497
SEVIR_1G235300v2	140.790853
SEVIR_1G235400v2	6.402903
SEVIR_1G235500v2	0.061969
SEVIR_1G235600v2	28.780566
SEVIR_1G235700v2	0
SEVIR_1G235800v2	6.61529
SEVIR_1G235900v2	5.175268
SEVIR_1G236000v2	11.864488
SEVIR_1G236100v2	60.776926
SEVIR_1G236200v2	47.071934
SEVIR_1G236300v2	10.481437
SEVIR_1G236400v2	5.71254
SEVIR_1G236500v2	13.867529
SEVIR_1G236600v2	5.067372
SEVIR_1G236650v2	48.526486
SEVIR_1G236700v2	0
SEVIR_1G236800v2	0.31553
SEVIR_1G236900v2	0
SEVIR_1G236950v2	0.018065
SEVIR_1G237000v2	0.080877
SEVIR_1G237100v2	0
SEVIR_1G237162v2	0.016718
SEVIR_1G237224v2	0
SEVIR_1G237286v2	0.148084
SEVIR_1G237348v2	0.085738
SEVIR_1G237410v2	0
SEVIR_1G237472v2	0.01987
SEVIR_1G237534v2	0.028807
SEVIR_1G237600v2	0
SEVIR_1G237700v2	0
SEVIR_1G237750v2	0
SEVIR_1G237800v2	0.20162
SEVIR_1G237900v2	0.068993
SEVIR_1G238000v2	0
SEVIR_1G238100v2	0
SEVIR_1G238201v2	0.039967
SEVIR_1G238300v2	0.529552
SEVIR_1G238333v2	0
SEVIR_1G238366v2	0
SEVIR_1G238400v2	0.051122
SEVIR_1G238500v2	0
SEVIR_1G238600v2	2.594365
SEVIR_1G238650v2	29.297646
SEVIR_1G238701v2	0.031573
SEVIR_1G238751v2	0.140925
SEVIR_1G238800v2	0.119276
SEVIR_1G238900v2	0
SEVIR_1G239000v2	1.604629
SEVIR_1G239100v2	0.070263
SEVIR_1G239200v2	0.110203
SEVIR_1G239301v2	0
SEVIR_1G239400v2	0.020732
SEVIR_1G239450v2	0
SEVIR_1G239501v2	0.028091
SEVIR_1G239551v2	0
SEVIR_1G239600v2	0
SEVIR_1G239700v2	1.315979
SEVIR_1G239750v2	0
SEVIR_1G239800v2	0
SEVIR_1G239900v2	0.705888
SEVIR_1G240000v2	7.186477
SEVIR_1G240100v2	0
SEVIR_1G240200v2	0.110281
SEVIR_1G240300v2	0.041547
SEVIR_1G240400v2	0.664597
SEVIR_1G240600v2	3.455182
SEVIR_1G240500v2	2.878497
SEVIR_1G240550v2	0
SEVIR_1G240700v2	0
SEVIR_1G240800v2	26.345267
SEVIR_1G240900v2	155.027609
SEVIR_1G241000v2	27.812311
SEVIR_1G241100v2	0.176429
SEVIR_1G241200v2	49.10582
SEVIR_1G241300v2	3.240153
SEVIR_1G241400v2	0.113622
SEVIR_1G241500v2	0
SEVIR_1G241600v2	0
SEVIR_1G241700v2	0
SEVIR_1G241800v2	0
SEVIR_1G241900v2	0
SEVIR_1G242000v2	5.67527
SEVIR_1G242100v2	8.971936
SEVIR_1G242200v2	5.463733
SEVIR_1G242300v2	18.145987
SEVIR_1G242400v2	0.833152
SEVIR_1G242500v2	0.504993
SEVIR_1G242600v2	0.117502
SEVIR_1G242700v2	1.134173
SEVIR_1G242800v2	0.205235
SEVIR_1G242900v2	33.787281
SEVIR_1G243000v2	11.96496
SEVIR_1G243100v2	0
SEVIR_1G243200v2	0
SEVIR_1G243300v2	412.091639
SEVIR_1G243401v2	14.271421
SEVIR_1G243500v2	24.216995
SEVIR_1G243600v2	31.671331
SEVIR_1G243700v2	1.895959
SEVIR_1G243800v2	602.387711
SEVIR_1G243900v2	148.791378
SEVIR_1G244000v2	25.948319
SEVIR_1G244100v2	0.029104
SEVIR_1G244200v2	1.054885
SEVIR_1G244300v2	2.952958
SEVIR_1G244400v2	11.873687
SEVIR_1G244500v2	1.599844
SEVIR_1G244600v2	31.459709
SEVIR_1G244700v2	558.030727
SEVIR_1G244750v2	1.393787
SEVIR_1G244800v2	0.006349
SEVIR_1G244900v2	0.65599
SEVIR_1G245000v2	217.568247
SEVIR_1G245100v2	271.935671
SEVIR_1G245166v2	11.311034
SEVIR_1G245232v2	14.370725
SEVIR_1G245300v2	30.872592
SEVIR_1G245400v2	0.128112
SEVIR_1G245500v2	0.93915
SEVIR_1G245550v2	1.228737
SEVIR_1G245600v2	0.049569
SEVIR_1G245650v2	6.55192
SEVIR_1G245700v2	22.092182
SEVIR_1G245800v2	5.931806
SEVIR_1G245900v2	0
SEVIR_1G246000v2	2.74802
SEVIR_1G246100v2	1.514678
SEVIR_1G246150v2	0
SEVIR_1G246200v2	23.105335
SEVIR_1G246300v2	7.919854
SEVIR_1G246400v2	395.0383
SEVIR_1G246500v2	1.56445
SEVIR_1G246600v2	1.074989
SEVIR_1G246700v2	1.3233
SEVIR_1G246800v2	558.598035
SEVIR_1G246900v2	8.699509
SEVIR_1G247000v2	33.294956
SEVIR_1G247100v2	0
SEVIR_1G247200v2	6.607441
SEVIR_1G247300v2	1.014038
SEVIR_1G247400v2	52.766903
SEVIR_1G247500v2	23.504264
SEVIR_1G247600v2	68.539515
SEVIR_1G247700v2	29.553847
SEVIR_1G247800v2	0.109665
SEVIR_1G247900v2	0.073779
SEVIR_1G248000v2	0
SEVIR_1G248100v2	24.463723
SEVIR_1G248200v2	0.110709
SEVIR_1G248300v2	2.467144
SEVIR_1G248400v2	5.85104
SEVIR_1G248500v2	9.506905
SEVIR_1G248600v2	0.079485
SEVIR_1G248700v2	44.138104
SEVIR_1G248800v2	14.944898
SEVIR_1G248900v2	12.501108
SEVIR_1G249000v2	0.223249
SEVIR_1G249050v2	35.991672
SEVIR_1G249100v2	0.073052
SEVIR_1G249200v2	1.138823
SEVIR_1G249300v2	0.027995
SEVIR_1G249400v2	0
SEVIR_1G249500v2	1.095598
SEVIR_1G249600v2	62.078407
SEVIR_1G249700v2	9.891959
SEVIR_1G249800v2	9.679403
SEVIR_1G249900v2	9.735797
SEVIR_1G249950v2	0
SEVIR_1G250000v2	313.209755
SEVIR_1G250100v2	69.031365
SEVIR_1G250200v2	52.270821
SEVIR_1G250300v2	1.84707
SEVIR_1G250400v2	22.607654
SEVIR_1G250500v2	0.13985
SEVIR_1G250600v2	17.970038
SEVIR_1G250700v2	1.852859
SEVIR_1G250750v2	4.019727
SEVIR_1G250800v2	14.042953
SEVIR_1G251000v2	8.851094
SEVIR_1G251100v2	80.652522
SEVIR_1G251200v2	2.737655
SEVIR_1G251300v2	0.394869
SEVIR_1G251333v2	0.052098
SEVIR_1G251366v2	46.006747
SEVIR_1G251400v2	0
SEVIR_1G251600v2	0.098815
SEVIR_1G251700v2	39.800341
SEVIR_1G251800v2	16.516851
SEVIR_1G251900v2	17.797673
SEVIR_1G252000v2	7.366355
SEVIR_1G252100v2	29.895044
SEVIR_1G252200v2	12.021429
SEVIR_1G252300v2	9.094285
SEVIR_1G252400v2	2.97833
SEVIR_1G252500v2	11.228921
SEVIR_1G252600v2	18.669405
SEVIR_1G252700v2	15.556626
SEVIR_1G252800v2	21.926822
SEVIR_1G252900v2	1.510623
SEVIR_1G253000v2	2.055631
SEVIR_1G253100v2	3.631549
SEVIR_1G253200v2	5.156643
SEVIR_1G253300v2	1.198262
SEVIR_1G253400v2	32.722363
SEVIR_1G253500v2	0
SEVIR_1G253600v2	0
SEVIR_1G253700v2	13.287246
SEVIR_1G253800v2	0
SEVIR_1G253900v2	0.136683
SEVIR_1G254000v2	0
SEVIR_1G254100v2	0.247729
SEVIR_1G254200v2	0
SEVIR_1G254300v2	0
SEVIR_1G254350v2	0
SEVIR_1G254400v2	7.808986
SEVIR_1G254500v2	4.481257
SEVIR_1G254600v2	7.094941
SEVIR_1G254700v2	1.598179
SEVIR_1G254800v2	0
SEVIR_1G254900v2	9.908401
SEVIR_1G255000v2	31.915441
SEVIR_1G255100v2	0
SEVIR_1G255200v2	33.25221
SEVIR_1G255300v2	32.024449
SEVIR_1G255400v2	0.309497
SEVIR_1G255500v2	0.737112
SEVIR_1G255600v2	1.453983
SEVIR_1G255700v2	20.934412
SEVIR_1G255800v2	0
SEVIR_1G255900v2	0
SEVIR_1G256000v2	0.194527
SEVIR_1G256100v2	1.335234
SEVIR_1G256200v2	12.068932
SEVIR_1G256300v2	1.863676
SEVIR_1G256400v2	1.441391
SEVIR_1G256500v2	1.476482
SEVIR_1G256600v2	142.255103
SEVIR_1G256700v2	1.170139
SEVIR_1G256800v2	33.189537
SEVIR_1G256900v2	0.09307
SEVIR_1G257000v2	14.971313
SEVIR_1G257050v2	0
SEVIR_1G257100v2	21.58525
SEVIR_1G257200v2	0.487653
SEVIR_1G257233v2	1.29041
SEVIR_1G257266v2	0
SEVIR_1G257300v2	2.153547
SEVIR_1G257400v2	44.848093
SEVIR_1G257500v2	0.615729
SEVIR_1G257600v2	8.887924
SEVIR_1G257700v2	7.025361
SEVIR_1G257800v2	2.721874
SEVIR_1G257850v2	98.585885
SEVIR_1G257900v2	31.325673
SEVIR_1G258000v2	0.043492
SEVIR_1G258100v2	6.11776
SEVIR_1G258200v2	28.1957
SEVIR_1G258300v2	25.342469
SEVIR_1G258400v2	3.185612
SEVIR_1G258500v2	0.016584
SEVIR_1G258600v2	102.93027
SEVIR_1G258650v2	0.345998
SEVIR_1G258701v2	3.708595
SEVIR_1G258751v2	8.380903
SEVIR_1G258800v2	3.371173
SEVIR_1G258900v2	0.809957
SEVIR_1G259000v2	0.008454
SEVIR_1G259100v2	1.709478
SEVIR_1G259200v2	31.696979
SEVIR_1G259350v2	28.040145
SEVIR_1G259300v2	0
SEVIR_1G259400v2	219.926326
SEVIR_1G259500v2	2.588627
SEVIR_1G259600v2	8.301041
SEVIR_1G259700v2	0.673763
SEVIR_1G259800v2	44.915419
SEVIR_1G259900v2	0.067816
SEVIR_1G260000v2	1.461864
SEVIR_1G260100v2	2.820154
SEVIR_1G260200v2	9.107117
SEVIR_1G260300v2	0.207168
SEVIR_1G260400v2	82.740495
SEVIR_1G260500v2	81.412469
SEVIR_1G260600v2	8.287287
SEVIR_1G260700v2	9.887248
SEVIR_1G260800v2	114.319265
SEVIR_1G260900v2	9.248291
SEVIR_1G261000v2	6.984678
SEVIR_1G261100v2	0
SEVIR_1G261200v2	18.551756
SEVIR_1G261300v2	42.715846
SEVIR_1G261400v2	3.315292
SEVIR_1G261500v2	11.953215
SEVIR_1G261600v2	0
SEVIR_1G261700v2	0.879283
SEVIR_1G261800v2	0.939144
SEVIR_1G261900v2	0.194424
SEVIR_1G262000v2	49.948276
SEVIR_1G262100v2	2.078483
SEVIR_1G262200v2	36.913807
SEVIR_1G262300v2	23.45973
SEVIR_1G262400v2	0
SEVIR_1G262500v2	42.133632
SEVIR_1G262600v2	10.493411
SEVIR_1G262700v2	1.723655
SEVIR_1G262800v2	8.748159
SEVIR_1G262900v2	0.093521
SEVIR_1G263000v2	0.634056
SEVIR_1G263100v2	4.632833
SEVIR_1G263200v2	0
SEVIR_1G263300v2	116.207463
SEVIR_1G263400v2	2.46271
SEVIR_1G263500v2	1.052546
SEVIR_1G263600v2	0
SEVIR_1G263700v2	2.611192
SEVIR_1G263800v2	0
SEVIR_1G263900v2	17.964391
SEVIR_1G264000v2	46.359133
SEVIR_1G264100v2	0.647372
SEVIR_1G264200v2	0.898086
SEVIR_1G264300v2	1481.675773
SEVIR_1G264333v2	0
SEVIR_1G264366v2	0
SEVIR_1G264400v2	1.640613
SEVIR_1G264500v2	134.829314
SEVIR_1G264600v2	10.004061
SEVIR_1G264700v2	0.510115
SEVIR_1G264800v2	0
SEVIR_1G264900v2	0.205053
SEVIR_1G265000v2	0
SEVIR_1G265100v2	0.637866
SEVIR_1G265200v2	8.84621
SEVIR_1G265300v2	0.047275
SEVIR_1G265400v2	62.434221
SEVIR_1G265500v2	0
SEVIR_1G265550v2	0.755431
SEVIR_1G265600v2	0
SEVIR_1G265700v2	0.078683
SEVIR_1G265800v2	0.044892
SEVIR_1G265900v2	0.06466
SEVIR_1G266000v2	2.948152
SEVIR_1G266100v2	0.038112
SEVIR_1G266150v2	0
SEVIR_1G266200v2	0
SEVIR_1G266300v2	0
SEVIR_1G266400v2	55.81132
SEVIR_1G266500v2	7.036409
SEVIR_1G266600v2	0.920627
SEVIR_1G266700v2	0
SEVIR_1G266800v2	0
SEVIR_1G266900v2	0
SEVIR_1G267000v2	2.713784
SEVIR_1G267100v2	2.61504
SEVIR_1G267200v2	14.861406
SEVIR_1G267300v2	2.549632
SEVIR_1G267400v2	0
SEVIR_1G267500v2	44.010945
SEVIR_1G267600v2	0.850996
SEVIR_1G267700v2	30.052665
SEVIR_1G267800v2	4.232334
SEVIR_1G267900v2	0.269616
SEVIR_1G268000v2	26.699314
SEVIR_1G268100v2	0.504753
SEVIR_1G268200v2	3.209641
SEVIR_1G268300v2	140.50376
SEVIR_1G268400v2	56.333841
SEVIR_1G268500v2	0.750439
SEVIR_1G268600v2	31.268788
SEVIR_1G268700v2	0
SEVIR_1G268800v2	6.480325
SEVIR_1G268900v2	0
SEVIR_1G269000v2	0
SEVIR_1G269100v2	4.002099
SEVIR_1G269200v2	0.867629
SEVIR_1G269300v2	2.863256
SEVIR_1G269350v2	0.553648
SEVIR_1G269400v2	2525.486436
SEVIR_1G269500v2	7.214243
SEVIR_1G269600v2	2.879741
SEVIR_1G269700v2	0
SEVIR_1G269800v2	5.32698
SEVIR_1G269900v2	2.909206
SEVIR_1G269950v2	0.201193
SEVIR_1G270000v2	0
SEVIR_1G270100v2	0.461369
SEVIR_1G270200v2	0
SEVIR_1G270300v2	71.046553
SEVIR_1G270400v2	0.153561
SEVIR_1G270500v2	6.042487
SEVIR_1G270600v2	13.290183
SEVIR_1G270700v2	14.699803
SEVIR_1G270800v2	6.601609
SEVIR_1G270900v2	0.864664
SEVIR_1G271000v2	6.051812
SEVIR_1G271100v2	13.58417
SEVIR_1G271200v2	0.019772
SEVIR_1G271300v2	25.87645
SEVIR_1G271400v2	21.381456
SEVIR_1G271500v2	0.290644
SEVIR_1G271600v2	0.038228
SEVIR_1G271700v2	28.591738
SEVIR_1G271800v2	746.52704
SEVIR_1G271900v2	35.279145
SEVIR_1G272000v2	3.64281
SEVIR_1G272100v2	1.436258
SEVIR_1G272200v2	1.066275
SEVIR_1G272300v2	26.381064
SEVIR_1G272400v2	3.981476
SEVIR_1G272500v2	124.933501
SEVIR_1G272600v2	48.492241
SEVIR_1G272700v2	0
SEVIR_1G272800v2	8.724602
SEVIR_1G272900v2	47.183996
SEVIR_1G273000v2	0
SEVIR_1G273100v2	0.382075
SEVIR_1G273200v2	2.701146
SEVIR_1G273300v2	0
SEVIR_1G273400v2	0.02558
SEVIR_1G273500v2	11.098283
SEVIR_1G273700v2	12.82639
SEVIR_1G273750v2	0
SEVIR_1G273800v2	15.298998
SEVIR_1G273900v2	38.561954
SEVIR_1G274000v2	1.331399
SEVIR_1G274100v2	44.91063
SEVIR_1G274200v2	8.685079
SEVIR_1G274300v2	55.736003
SEVIR_1G274400v2	57.136172
SEVIR_1G274500v2	4.481177
SEVIR_1G274600v2	0
SEVIR_1G274700v2	1.176505
SEVIR_1G274800v2	8.088257
SEVIR_1G274900v2	11.579921
SEVIR_1G274950v2	0
SEVIR_1G275000v2	19.965534
SEVIR_1G275100v2	82.875298
SEVIR_1G275200v2	1.532579
SEVIR_1G275300v2	6.028194
SEVIR_1G275400v2	0
SEVIR_1G275500v2	0.820494
SEVIR_1G275600v2	0
SEVIR_1G275700v2	0.15948
SEVIR_1G275800v2	0.154233
SEVIR_1G275900v2	34.490204
SEVIR_1G276000v2	0
SEVIR_1G276100v2	0
SEVIR_1G276200v2	10.251341
SEVIR_1G276300v2	0.18264
SEVIR_1G276400v2	161.470584
SEVIR_1G276600v2	13.722579
SEVIR_1G276700v2	2.116648
SEVIR_1G276800v2	5.13702
SEVIR_1G276900v2	0.009672
SEVIR_1G277000v2	0.71544
SEVIR_1G277100v2	0
SEVIR_1G277150v2	1.914289
SEVIR_1G277200v2	27.328413
SEVIR_1G277300v2	1.876114
SEVIR_1G277400v2	47.708684
SEVIR_1G277500v2	0.109474
SEVIR_1G277600v2	24.444994
SEVIR_1G277700v2	0.281716
SEVIR_1G277800v2	2.976849
SEVIR_1G277900v2	0.049575
SEVIR_1G278000v2	0.016074
SEVIR_1G278100v2	5.406734
SEVIR_1G278200v2	0
SEVIR_1G278250v2	8.354736
SEVIR_1G278300v2	7.779597
SEVIR_1G278400v2	14.564456
SEVIR_1G278433v2	1.41686
SEVIR_1G278466v2	3.665394
SEVIR_1G278500v2	0
SEVIR_1G278600v2	0.893576
SEVIR_1G278700v2	5.173049
SEVIR_1G278800v2	0
SEVIR_1G278900v2	181.830956
SEVIR_1G279000v2	0
SEVIR_1G279100v2	0.340362
SEVIR_1G279200v2	122.799963
SEVIR_1G279300v2	0.100644
SEVIR_1G279400v2	0
SEVIR_1G279450v2	3.651329
SEVIR_1G279500v2	1.508651
SEVIR_1G279600v2	1.763203
SEVIR_1G279700v2	7.305158
SEVIR_1G279901v2	1.239797
SEVIR_1G279800v2	0.069011
SEVIR_1G280000v2	0.012849
SEVIR_1G280100v2	10.737712
SEVIR_1G280200v2	17.34364
SEVIR_1G280300v2	76.000204
SEVIR_1G280400v2	7.719606
SEVIR_1G280500v2	0.098642
SEVIR_1G280600v2	0.154016
SEVIR_1G280700v2	18.561038
SEVIR_1G280800v2	7.1597
SEVIR_1G280900v2	17.852572
SEVIR_1G281000v2	7.729732
SEVIR_1G281100v2	0
SEVIR_1G281200v2	0.71159
SEVIR_1G281300v2	15.171767
SEVIR_1G281400v2	19.451361
SEVIR_1G281500v2	19.387073
SEVIR_1G281600v2	0.884531
SEVIR_1G281700v2	7.236165
SEVIR_1G281800v2	0
SEVIR_1G281900v2	3.06863
SEVIR_1G282000v2	15.074642
SEVIR_1G282050v2	0.133935
SEVIR_1G282100v2	0.066598
SEVIR_1G282200v2	0.412414
SEVIR_1G282300v2	0.195236
SEVIR_1G282400v2	0
SEVIR_1G282500v2	0
SEVIR_1G282600v2	0
SEVIR_1G282700v2	17.856936
SEVIR_1G282800v2	3.976404
SEVIR_1G282900v2	1.021082
SEVIR_1G283000v2	0.912713
SEVIR_1G283100v2	406.921905
SEVIR_1G283200v2	9.048618
SEVIR_1G283300v2	7.106769
SEVIR_1G283400v2	2.382983
SEVIR_1G283500v2	5.377828
SEVIR_1G283600v2	1.637252
SEVIR_1G283700v2	0.048607
SEVIR_1G283800v2	15.070402
SEVIR_1G283900v2	10.965251
SEVIR_1G283950v2	6.077212
SEVIR_1G284000v2	28.115506
SEVIR_1G284050v2	19.313609
SEVIR_1G284100v2	160.737126
SEVIR_1G284200v2	3.247354
SEVIR_1G284300v2	3.846536
SEVIR_1G284400v2	87.120704
SEVIR_1G284500v2	0.062365
SEVIR_1G284600v2	43.665377
SEVIR_1G284700v2	0.724953
SEVIR_1G284800v2	14.444521
SEVIR_1G284900v2	0
SEVIR_1G285000v2	0.099033
SEVIR_1G285100v2	3.677871
SEVIR_1G285200v2	37.151117
SEVIR_1G285300v2	16.387338
SEVIR_1G285400v2	16.926443
SEVIR_1G285500v2	0
SEVIR_1G285600v2	11.840488
SEVIR_1G285700v2	39.019772
SEVIR_1G285800v2	0
SEVIR_1G285850v2	3.261444
SEVIR_1G285900v2	22.716849
SEVIR_1G286000v2	15.52299
SEVIR_1G286100v2	0
SEVIR_1G286200v2	2.236902
SEVIR_1G286300v2	25.703702
SEVIR_1G286450v2	0.819284
SEVIR_1G286600v2	0.038989
SEVIR_1G286700v2	0.353743
SEVIR_1G286800v2	0
SEVIR_1G286900v2	2.628075
SEVIR_1G287000v2	2.517498
SEVIR_1G287100v2	0
SEVIR_1G287200v2	0
SEVIR_1G287300v2	0
SEVIR_1G287400v2	135.966367
SEVIR_1G287500v2	0.664959
SEVIR_1G287600v2	46.845775
SEVIR_1G287700v2	9.084062
SEVIR_1G287800v2	0
SEVIR_1G287900v2	0
SEVIR_1G288000v2	93.54032
SEVIR_1G288100v2	0
SEVIR_1G288200v2	13.592301
SEVIR_1G288300v2	1.940403
SEVIR_1G288400v2	3.674318
SEVIR_1G288500v2	12.387265
SEVIR_1G288600v2	81.269491
SEVIR_1G288700v2	0.148788
SEVIR_1G288800v2	0
SEVIR_1G288900v2	40.835083
SEVIR_1G289000v2	68.905588
SEVIR_1G289100v2	50.576534
SEVIR_1G289200v2	0.491033
SEVIR_1G289300v2	2.546205
SEVIR_1G289400v2	7.216647
SEVIR_1G289500v2	5.397604
SEVIR_1G289550v2	7.907397
SEVIR_1G289600v2	4.38411
SEVIR_1G289700v2	2.007757
SEVIR_1G289750v2	0
SEVIR_1G289800v2	11.926212
SEVIR_1G289900v2	23.114478
SEVIR_1G290000v2	8.84747
SEVIR_1G290100v2	59.348313
SEVIR_1G290200v2	221.819463
SEVIR_1G290300v2	28.159442
SEVIR_1G290400v2	0.970442
SEVIR_1G290450v2	0.08561
SEVIR_1G290500v2	0.660899
SEVIR_1G290600v2	24.028202
SEVIR_1G290700v2	1.186271
SEVIR_1G290800v2	0
SEVIR_1G290833v2	0
SEVIR_1G290866v2	0
SEVIR_1G290900v2	0.248233
SEVIR_1G291000v2	0.30206
SEVIR_1G291100v2	0
SEVIR_1G291200v2	33.058425
SEVIR_1G291300v2	1.106731
SEVIR_1G291400v2	0.294212
SEVIR_1G291500v2	0.095873
SEVIR_1G291600v2	14.267658
SEVIR_1G291700v2	19.793912
SEVIR_1G291800v2	4.664457
SEVIR_1G291900v2	9.858589
SEVIR_1G292000v2	63.462351
SEVIR_1G292100v2	1.66555
SEVIR_1G292200v2	0
SEVIR_1G292300v2	50.519125
SEVIR_1G292333v2	0
SEVIR_1G292366v2	0
SEVIR_1G292400v2	19.133783
SEVIR_1G292500v2	2.270989
SEVIR_1G292600v2	0.360107
SEVIR_1G292700v2	1.0144
SEVIR_1G292800v2	30.883553
SEVIR_1G292900v2	5.143873
SEVIR_1G293000v2	39.234298
SEVIR_1G293100v2	9.168535
SEVIR_1G293200v2	21.951691
SEVIR_1G293300v2	0.984828
SEVIR_1G293400v2	37.302995
SEVIR_1G293500v2	0.039548
SEVIR_1G293600v2	0.014637
SEVIR_1G293650v2	0
SEVIR_1G293700v2	0.100787
SEVIR_1G293800v2	6.766752
SEVIR_1G293900v2	57.904922
SEVIR_1G293950v2	0.277156
SEVIR_1G294000v2	64.013842
SEVIR_1G294100v2	7.470579
SEVIR_1G294200v2	1.079204
SEVIR_1G294300v2	16.184222
SEVIR_1G294400v2	3.303202
SEVIR_1G294500v2	21.295853
SEVIR_1G294600v2	21.290861
SEVIR_1G294700v2	19.308055
SEVIR_1G294800v2	21.802331
SEVIR_1G294900v2	2.051148
SEVIR_1G295000v2	22.643445
SEVIR_1G295100v2	0.416787
SEVIR_1G295200v2	24.304448
SEVIR_1G295300v2	2.140456
SEVIR_1G295400v2	22.455641
SEVIR_1G295500v2	0.28893
SEVIR_1G295600v2	0.364166
SEVIR_1G295650v2	0.044032
SEVIR_1G295701v2	0
SEVIR_1G295751v2	0.071344
SEVIR_1G295800v2	3.850754
SEVIR_1G295900v2	0.242503
SEVIR_1G296000v2	9.612835
SEVIR_1G296100v2	14.903532
SEVIR_1G296200v2	17.960554
SEVIR_1G296300v2	180.927305
SEVIR_1G296400v2	18.762789
SEVIR_1G296500v2	86.624624
SEVIR_1G296600v2	33.351717
SEVIR_1G296700v2	9.733525
SEVIR_1G296800v2	527.570979
SEVIR_1G297000v2	2.223406
SEVIR_1G296900v2	0
SEVIR_1G297100v2	0
SEVIR_1G297200v2	115.836345
SEVIR_1G297300v2	0.855776
SEVIR_1G297400v2	903.767136
SEVIR_1G297500v2	13.167318
SEVIR_1G297600v2	36.568742
SEVIR_1G297700v2	80.097539
SEVIR_1G297800v2	42.266183
SEVIR_1G297900v2	1.713718
SEVIR_1G298000v2	0.166382
SEVIR_1G298100v2	4.132735
SEVIR_1G298200v2	2.454789
SEVIR_1G298300v2	15.641556
SEVIR_1G298400v2	6.259422
SEVIR_1G298500v2	5.306465
SEVIR_1G298600v2	51.258155
SEVIR_1G298700v2	11.432631
SEVIR_1G298800v2	4.650424
SEVIR_1G298900v2	1.692724
SEVIR_1G299000v2	38.392957
SEVIR_1G299100v2	5.926903
SEVIR_1G299200v2	71.584247
SEVIR_1G299300v2	22.170262
SEVIR_1G299400v2	38.430908
SEVIR_1G299500v2	4.702454
SEVIR_1G299600v2	0.129499
SEVIR_1G299700v2	22.204703
SEVIR_1G299800v2	0.02112
SEVIR_1G299850v2	0
SEVIR_1G299900v2	4.700289
SEVIR_1G300000v2	48.819902
SEVIR_1G300100v2	24.444793
SEVIR_1G300200v2	2.59204
SEVIR_1G300300v2	7.822104
SEVIR_1G300400v2	10.035452
SEVIR_1G300500v2	195.132835
SEVIR_1G300600v2	7.323106
SEVIR_1G300700v2	5.381055
SEVIR_1G300800v2	12.19708
SEVIR_1G300900v2	138.828569
SEVIR_1G301000v2	11.012249
SEVIR_1G301100v2	12.525972
SEVIR_1G301150v2	1.370095
SEVIR_1G301200v2	49.737079
SEVIR_1G301300v2	198.682666
SEVIR_1G301400v2	0.256022
SEVIR_1G301500v2	0
SEVIR_1G301600v2	38.255063
SEVIR_1G301700v2	0
SEVIR_1G301750v2	0
SEVIR_1G301800v2	0.320999
SEVIR_1G301850v2	0
SEVIR_1G301900v2	12.597288
SEVIR_1G301950v2	0.142491
SEVIR_1G302000v2	19.912024
SEVIR_1G302100v2	0
SEVIR_1G302200v2	132.956145
SEVIR_1G302300v2	62.925542
SEVIR_1G302400v2	35.786844
SEVIR_1G302500v2	5.178731
SEVIR_1G302600v2	5.901129
SEVIR_1G302700v2	678.298798
SEVIR_1G302800v2	19.052487
SEVIR_1G302900v2	13.091768
SEVIR_1G303000v2	1213.834056
SEVIR_1G303100v2	110.790393
SEVIR_1G303200v2	11.355449
SEVIR_1G303400v2	664.140433
SEVIR_1G303500v2	0.882451
SEVIR_1G303600v2	0.243422
SEVIR_1G303700v2	15.454663
SEVIR_1G303800v2	34.05948
SEVIR_1G303900v2	0
SEVIR_1G304000v2	0
SEVIR_1G304100v2	3.798107
SEVIR_1G304200v2	7.045508
SEVIR_1G304250v2	0
SEVIR_1G304300v2	0
SEVIR_1G304400v2	10.5705
SEVIR_1G304500v2	0
SEVIR_1G304566v2	4.257578
SEVIR_1G304632v2	24.424431
SEVIR_1G304700v2	15.158065
SEVIR_1G304801v2	5.839811
SEVIR_1G304900v2	11.757271
SEVIR_1G305000v2	2.172501
SEVIR_1G305100v2	8.494393
SEVIR_1G305400v2	35.599076
SEVIR_1G305500v2	0.78564
SEVIR_1G305550v2	0.42339
SEVIR_1G305600v2	64.926604
SEVIR_1G305700v2	30.916886
SEVIR_1G305800v2	40.14395
SEVIR_1G305900v2	30.778091
SEVIR_1G306000v2	19.081976
SEVIR_1G306100v2	0.952767
SEVIR_1G306200v2	21.926415
SEVIR_1G306300v2	0.042073
SEVIR_1G306400v2	67.461248
SEVIR_1G306500v2	64.09409
SEVIR_1G306600v2	39.877437
SEVIR_1G306633v2	0.29903
SEVIR_1G306666v2	0.359385
SEVIR_1G306700v2	24.635741
SEVIR_1G306800v2	89.321707
SEVIR_1G306900v2	37.007777
SEVIR_1G307000v2	0
SEVIR_1G307100v2	0.078618
SEVIR_1G307200v2	43.746435
SEVIR_1G307300v2	3.998757
SEVIR_1G307400v2	0.039066
SEVIR_1G307450v2	0.545735
SEVIR_1G307500v2	1.083792
SEVIR_1G307600v2	44.644794
SEVIR_1G307700v2	0.47294
SEVIR_1G307800v2	3.080649
SEVIR_1G307900v2	144.7615
SEVIR_1G308000v2	3.44627
SEVIR_1G308100v2	2.604906
SEVIR_1G308200v2	0.132799
SEVIR_1G308300v2	22.598953
SEVIR_1G308400v2	1.888223
SEVIR_1G308500v2	0.374434
SEVIR_1G308600v2	18.407142
SEVIR_1G308700v2	0
SEVIR_1G308800v2	0
SEVIR_1G309000v2	0.448908
SEVIR_1G309100v2	0.29961
SEVIR_1G309200v2	0
SEVIR_1G309300v2	0.858014
SEVIR_1G309400v2	0
SEVIR_1G309500v2	0.623961
SEVIR_1G309600v2	45.371452
SEVIR_1G309700v2	5.322175
SEVIR_1G309800v2	6.235253
SEVIR_1G309900v2	13.546597
SEVIR_1G309950v2	14.803273
SEVIR_1G310000v2	0
SEVIR_1G310100v2	4.414653
SEVIR_1G310200v2	3.906298
SEVIR_1G310250v2	11.752573
SEVIR_1G310300v2	0.469425
SEVIR_1G310400v2	0
SEVIR_1G310500v2	3.950361
SEVIR_1G310600v2	1.455246
SEVIR_1G310700v2	12.045927
SEVIR_1G310800v2	11.790343
SEVIR_1G310900v2	0
SEVIR_1G311000v2	27.293774
SEVIR_1G311100v2	113.143657
SEVIR_1G311200v2	26.830835
SEVIR_1G311300v2	0.097806
SEVIR_1G311400v2	0.443868
SEVIR_1G311500v2	4.986847
SEVIR_1G311600v2	3.098575
SEVIR_1G311701v2	0.374467
SEVIR_1G311800v2	0
SEVIR_1G311900v2	0.047034
SEVIR_1G311950v2	3.954573
SEVIR_1G312000v2	146.664632
SEVIR_1G312100v2	0
SEVIR_1G312200v2	10.840118
SEVIR_1G312300v2	2.335997
SEVIR_1G312400v2	1.104536
SEVIR_1G312500v2	0
SEVIR_1G312600v2	0
SEVIR_1G312700v2	0
SEVIR_1G312800v2	18.438453
SEVIR_1G312850v2	0
SEVIR_1G312900v2	0.041415
SEVIR_1G313000v2	0.034984
SEVIR_1G313100v2	20.393921
SEVIR_1G313200v2	19.816001
SEVIR_1G313366v2	8.254647
SEVIR_1G313532v2	11.038289
SEVIR_1G313700v2	59.961209
SEVIR_1G313800v2	0.239313
SEVIR_1G313900v2	150.631639
SEVIR_1G314000v2	1.776861
SEVIR_1G314100v2	0.924031
SEVIR_1G314200v2	9.297704
SEVIR_1G314300v2	3.460574
SEVIR_1G314400v2	218.104209
SEVIR_1G314500v2	0.47045
SEVIR_1G314550v2	0
SEVIR_1G314600v2	13.25331
SEVIR_1G314700v2	0
SEVIR_1G314800v2	0.597808
SEVIR_1G314900v2	0
SEVIR_1G315000v2	0.294467
SEVIR_1G315100v2	0.132484
SEVIR_1G315200v2	14.680152
SEVIR_1G315300v2	6.042028
SEVIR_1G315400v2	0.274038
SEVIR_1G315500v2	39.009795
SEVIR_1G315600v2	2.480148
SEVIR_1G315700v2	7.678911
SEVIR_1G315800v2	20.882213
SEVIR_1G315900v2	9.527261
SEVIR_1G316000v2	4.652899
SEVIR_1G316100v2	4.388887
SEVIR_1G316200v2	1.294795
SEVIR_1G316250v2	0.234
SEVIR_1G316300v2	0
SEVIR_1G316400v2	11.822649
SEVIR_1G316500v2	3.034796
SEVIR_1G316600v2	0.310841
SEVIR_1G316700v2	112.557344
SEVIR_1G316800v2	9.715357
SEVIR_1G316900v2	26.276869
SEVIR_1G317000v2	4.655043
SEVIR_1G317100v2	80.159077
SEVIR_1G317200v2	13.362079
SEVIR_1G317300v2	525.717355
SEVIR_1G317350v2	0.061274
SEVIR_1G317400v2	19.195419
SEVIR_1G317500v2	1.066563
SEVIR_1G317600v2	23.716317
SEVIR_1G317700v2	9.587009
SEVIR_1G317800v2	27.836413
SEVIR_1G317900v2	0
SEVIR_1G318000v2	0
SEVIR_1G318100v2	7.317003
SEVIR_1G318200v2	6.493838
SEVIR_1G318300v2	102.429097
SEVIR_1G318400v2	26.757895
SEVIR_1G318450v2	9.458413
SEVIR_1G318500v2	1.606368
SEVIR_1G318550v2	3.232762
SEVIR_1G318600v2	1.163769
SEVIR_1G318700v2	6.438563
SEVIR_1G318800v2	10.350546
SEVIR_1G318900v2	0
SEVIR_1G319000v2	0
SEVIR_1G319100v2	0
SEVIR_1G319150v2	0.367554
SEVIR_1G319200v2	0
SEVIR_1G319250v2	1.173641
SEVIR_1G319300v2	0.875325
SEVIR_1G319400v2	0
SEVIR_1G319450v2	0.383515
SEVIR_1G319500v2	4.465128
SEVIR_1G319600v2	2.681036
SEVIR_1G319700v2	12.292643
SEVIR_1G319800v2	0
SEVIR_1G319900v2	658.442819
SEVIR_1G319950v2	0
SEVIR_1G320000v2	6.01304
SEVIR_1G320100v2	36.926858
SEVIR_1G320200v2	4.513465
SEVIR_1G320300v2	1.784033
SEVIR_1G320400v2	4.786233
SEVIR_1G320500v2	0
SEVIR_1G320550v2	0
SEVIR_1G320600v2	56.36241
SEVIR_1G320700v2	332.346161
SEVIR_1G320800v2	6.926468
SEVIR_1G320900v2	20.984617
SEVIR_1G321000v2	5.842185
SEVIR_1G321050v2	1.729577
SEVIR_1G321100v2	17.347509
SEVIR_1G321200v2	8.584847
SEVIR_1G321300v2	73.108634
SEVIR_1G321400v2	0.034651
SEVIR_1G321500v2	338.350665
SEVIR_1G321600v2	7.427971
SEVIR_1G321700v2	1.089809
SEVIR_1G321750v2	0.730781
SEVIR_1G321801v2	1.552653
SEVIR_1G321851v2	5.58705
SEVIR_1G321900v2	14.427127
SEVIR_1G322000v2	0.646382
SEVIR_1G322100v2	10.764567
SEVIR_1G322200v2	37.484832
SEVIR_1G322300v2	5.844458
SEVIR_1G322400v2	11.039839
SEVIR_1G322500v2	88.9333
SEVIR_1G322600v2	0.046071
SEVIR_1G322700v2	53.16214
SEVIR_1G322800v2	27.750043
SEVIR_1G322900v2	1.590095
SEVIR_1G323000v2	0.498816
SEVIR_1G323100v2	7.400647
SEVIR_1G323200v2	12.814276
SEVIR_1G323300v2	10.692457
SEVIR_1G323400v2	23.904486
SEVIR_1G323500v2	56.964533
SEVIR_1G323600v2	18.360662
SEVIR_1G323700v2	0
SEVIR_1G323800v2	6.918824
SEVIR_1G324000v2	3.140107
SEVIR_1G324100v2	0.57166
SEVIR_1G324133v2	0
SEVIR_1G324166v2	0
SEVIR_1G324200v2	4.015436
SEVIR_1G324300v2	10.56741
SEVIR_1G324400v2	18.726788
SEVIR_1G324500v2	0.639347
SEVIR_1G324600v2	4.097796
SEVIR_1G324700v2	0
SEVIR_1G324800v2	0.121711
SEVIR_1G324900v2	17.8942
SEVIR_1G325000v2	130.151801
SEVIR_1G325100v2	1.315806
SEVIR_1G325200v2	5.113105
SEVIR_1G325300v2	9.126712
SEVIR_1G325400v2	19.222238
SEVIR_1G325500v2	1.678797
SEVIR_1G325600v2	18.504208
SEVIR_1G325700v2	5.013549
SEVIR_1G325800v2	13.389135
SEVIR_1G325900v2	20.337852
SEVIR_1G326000v2	7.907092
SEVIR_1G326100v2	11.880858
SEVIR_1G326200v2	11.826287
SEVIR_1G326300v2	49.32769
SEVIR_1G326350v2	23.875984
SEVIR_1G326400v2	7.249699
SEVIR_1G326450v2	0.163839
SEVIR_1G326500v2	23.568338
SEVIR_1G326600v2	45.541819
SEVIR_1G326700v2	47.690546
SEVIR_1G326800v2	0.134549
SEVIR_1G327000v2	0.031949
SEVIR_1G327066v2	3.776066
SEVIR_1G327132v2	4.213072
SEVIR_1G327200v2	0
SEVIR_1G327300v2	2.466561
SEVIR_1G327400v2	3.597953
SEVIR_1G327500v2	2.111207
SEVIR_1G327533v2	0.9311
SEVIR_1G327566v2	0
SEVIR_1G327600v2	0
SEVIR_1G327700v2	1.244396
SEVIR_1G327800v2	5.109496
SEVIR_1G327900v2	3.987202
SEVIR_1G328000v2	0
SEVIR_1G328100v2	12.499594
SEVIR_1G328200v2	1.596482
SEVIR_1G328300v2	12.990544
SEVIR_1G328400v2	177.61808
SEVIR_1G328500v2	0.122788
SEVIR_1G328601v2	0.049329
SEVIR_1G328700v2	9.975247
SEVIR_1G328800v2	0
SEVIR_1G328900v2	7.940057
SEVIR_1G329000v2	0.056464
SEVIR_1G329100v2	14.566349
SEVIR_1G329200v2	1.186542
SEVIR_1G329300v2	131.068639
SEVIR_1G329400v2	61.45542
SEVIR_1G329500v2	2.58262
SEVIR_1G329600v2	8.61493
SEVIR_1G329666v2	0.613447
SEVIR_1G329732v2	0
SEVIR_1G329800v2	160.538944
SEVIR_1G329900v2	0
SEVIR_1G330000v2	11.369465
SEVIR_1G330100v2	21.741614
SEVIR_1G330200v2	98.940081
SEVIR_1G330300v2	15.703167
SEVIR_1G330400v2	0.147363
SEVIR_1G330500v2	0.123291
SEVIR_1G330600v2	4.16876
SEVIR_1G330700v2	5.4642
SEVIR_1G330800v2	184.159734
SEVIR_1G330900v2	0.110968
SEVIR_1G331000v2	12.699458
SEVIR_1G331100v2	17.094151
SEVIR_1G331200v2	0
SEVIR_1G331300v2	0
SEVIR_1G331400v2	4.706063
SEVIR_1G331500v2	12.532024
SEVIR_1G331600v2	15.123186
SEVIR_1G331700v2	4.170997
SEVIR_1G331800v2	30.098106
SEVIR_1G331900v2	13.855191
SEVIR_1G332000v2	2.439062
SEVIR_1G332100v2	61.123356
SEVIR_1G332200v2	6.89609
SEVIR_1G332300v2	10.442477
SEVIR_1G332400v2	158.877397
SEVIR_1G332500v2	0.097655
SEVIR_1G332600v2	34.126569
SEVIR_1G332700v2	13.253066
SEVIR_1G332800v2	8.906065
SEVIR_1G332900v2	10.571783
SEVIR_1G333000v2	0
SEVIR_1G333050v2	4.13181
SEVIR_1G333100v2	9.377035
SEVIR_1G333200v2	35.93194
SEVIR_1G333300v2	506.888347
SEVIR_1G333350v2	0.043245
SEVIR_1G333400v2	30.621217
SEVIR_1G333500v2	8.47194
SEVIR_1G333600v2	4.189169
SEVIR_1G333800v2	28.683555
SEVIR_1G333900v2	0.819158
SEVIR_1G334000v2	0.688658
SEVIR_1G334100v2	9.178274
SEVIR_1G334150v2	0.782428
SEVIR_1G334200v2	40.186489
SEVIR_1G334233v2	11.156199
SEVIR_1G334266v2	0
SEVIR_1G334300v2	0
SEVIR_1G334400v2	37.724852
SEVIR_1G334500v2	80.097614
SEVIR_1G334566v2	0.1399
SEVIR_1G334632v2	4.281232
SEVIR_1G334700v2	6.999009
SEVIR_1G334800v2	11.913517
SEVIR_1G334900v2	1181.576003
SEVIR_1G335000v2	4.924118
SEVIR_1G334950v2	0
SEVIR_1G335100v2	112.043544
SEVIR_1G335200v2	0.267253
SEVIR_1G335300v2	35.369152
SEVIR_1G335400v2	4.089199
SEVIR_1G335500v2	21.839867
SEVIR_1G335600v2	2.205296
SEVIR_1G335650v2	0.801511
SEVIR_1G335700v2	45.581237
SEVIR_1G335800v2	3.240426
SEVIR_1G335900v2	29.312419
SEVIR_1G336000v2	10.911013
SEVIR_1G336100v2	60.657067
SEVIR_1G336200v2	11.468227
SEVIR_1G336300v2	58.426747
SEVIR_1G336400v2	11.076317
SEVIR_1G336500v2	37.854181
SEVIR_1G336600v2	3.583102
SEVIR_1G336700v2	747.144604
SEVIR_1G336800v2	60.020111
SEVIR_1G336900v2	36.020053
SEVIR_1G337000v2	1.542423
SEVIR_1G337100v2	15.60408
SEVIR_1G337200v2	2.56155
SEVIR_1G337300v2	0.298371
SEVIR_1G337400v2	0.675618
SEVIR_1G337500v2	0.731258
SEVIR_1G337600v2	3.694529
SEVIR_1G337700v2	0.100362
SEVIR_1G337800v2	9.265115
SEVIR_1G337900v2	0.519697
SEVIR_1G337950v2	0.212952
SEVIR_1G338000v2	159.17508
SEVIR_1G338100v2	9.644175
SEVIR_1G338200v2	190.912348
SEVIR_1G338300v2	25.246885
SEVIR_1G338400v2	0
SEVIR_1G338500v2	20.472033
SEVIR_1G338550v2	0.360689
SEVIR_1G338600v2	18.720669
SEVIR_1G338700v2	0.19342
SEVIR_1G338800v2	0.084295
SEVIR_1G338866v2	5.69044
SEVIR_1G338932v2	0
SEVIR_1G339000v2	352.294276
SEVIR_1G339100v2	1.831553
SEVIR_1G339200v2	25.503259
SEVIR_1G339300v2	2.331059
SEVIR_1G339400v2	7.300384
SEVIR_1G339500v2	4.428831
SEVIR_1G339600v2	83.026229
SEVIR_1G339700v2	26.564475
SEVIR_1G339800v2	105.367391
SEVIR_1G339900v2	0.292437
SEVIR_1G340000v2	8.451571
SEVIR_1G340100v2	15.949982
SEVIR_1G340200v2	16.763638
SEVIR_1G340300v2	3.919421
SEVIR_1G340400v2	0
SEVIR_1G340700v2	1.604618
SEVIR_1G340501v2	0.718314
SEVIR_1G340600v2	0.262508
SEVIR_1G340800v2	0.106958
SEVIR_1G340900v2	13.742606
SEVIR_1G341000v2	12.899563
SEVIR_1G341100v2	25.613874
SEVIR_1G341200v2	4.266596
SEVIR_1G341300v2	40.274349
SEVIR_1G341400v2	20.68512
SEVIR_1G341500v2	30.976568
SEVIR_1G341600v2	54.92638
SEVIR_1G341700v2	6.640091
SEVIR_1G341750v2	1.238533
SEVIR_1G341800v2	20.012833
SEVIR_1G341900v2	36.299322
SEVIR_1G342000v2	19.305032
SEVIR_1G342100v2	1.46891
SEVIR_1G342200v2	4.426903
SEVIR_1G342300v2	0
SEVIR_1G342400v2	0.50479
SEVIR_1G342500v2	5.610854
SEVIR_1G342600v2	0.146111
SEVIR_1G342700v2	3.269606
SEVIR_1G342800v2	0.696034
SEVIR_1G342900v2	25.045805
SEVIR_1G343000v2	4.301895
SEVIR_1G343050v2	0
SEVIR_1G343100v2	0.677883
SEVIR_1G343200v2	2.713193
SEVIR_1G343300v2	6.401444
SEVIR_1G343400v2	2.544422
SEVIR_1G343500v2	69.360083
SEVIR_1G343550v2	5.445988
SEVIR_1G343600v2	2.825235
SEVIR_1G343700v2	9.090141
SEVIR_1G343800v2	14.008565
SEVIR_1G343900v2	6.532368
SEVIR_1G344000v2	24.743839
SEVIR_1G344050v2	0
SEVIR_1G344100v2	0.063224
SEVIR_1G344200v2	0.161182
SEVIR_1G344300v2	0
SEVIR_1G344400v2	0
SEVIR_1G344500v2	0
SEVIR_1G344600v2	0
SEVIR_1G344700v2	9.71254
SEVIR_1G344800v2	2.665773
SEVIR_1G344900v2	0
SEVIR_1G345000v2	19.586987
SEVIR_1G345100v2	5.047946
SEVIR_1G345200v2	9.853365
SEVIR_1G345300v2	8.862889
SEVIR_1G345400v2	13.141091
SEVIR_1G345500v2	0.044499
SEVIR_1G345600v2	17.708075
SEVIR_1G345800v2	1.676808
SEVIR_1G345900v2	0.312407
SEVIR_1G346000v2	10.898646
SEVIR_1G346100v2	20.63
SEVIR_1G346200v2	72.301675
SEVIR_1G346300v2	14.639877
SEVIR_1G346350v2	0
SEVIR_1G346400v2	0.07691
SEVIR_1G346500v2	9.532554
SEVIR_1G346600v2	20.683231
SEVIR_1G346700v2	0
SEVIR_1G346800v2	0.14117
SEVIR_1G346900v2	2.251801
SEVIR_1G347000v2	0
SEVIR_1G347100v2	1.849834
SEVIR_1G347200v2	20.638338
SEVIR_1G347301v2	0.108926
SEVIR_1G347400v2	50.191965
SEVIR_1G347500v2	0.912878
SEVIR_1G347550v2	1.815103
SEVIR_1G347600v2	8.758001
SEVIR_1G347700v2	10.317678
SEVIR_1G347800v2	11.786935
SEVIR_1G347900v2	0
SEVIR_1G348000v2	0
SEVIR_1G348100v2	33.754909
SEVIR_1G348200v2	11.790163
SEVIR_1G348300v2	67.355645
SEVIR_1G348400v2	28.606237
SEVIR_1G348500v2	2.450272
SEVIR_1G348600v2	26.351342
SEVIR_1G348700v2	0
SEVIR_1G348800v2	0.102313
SEVIR_1G348900v2	1.271915
SEVIR_1G349000v2	8.708573
SEVIR_1G348950v2	0
SEVIR_1G349100v2	94.594716
SEVIR_1G349200v2	0
SEVIR_1G349300v2	0
SEVIR_1G349400v2	56.863471
SEVIR_1G349500v2	45.905981
SEVIR_1G349600v2	0.107818
SEVIR_1G349650v2	0.552282
SEVIR_1G349700v2	139.150756
SEVIR_1G349800v2	5.623609
SEVIR_1G349900v2	21.110456
SEVIR_1G349950v2	0
SEVIR_1G350000v2	0
SEVIR_1G350100v2	0.065771
SEVIR_1G350200v2	2.626211
SEVIR_1G350300v2	8.678792
SEVIR_1G350400v2	13.618177
SEVIR_1G350500v2	0.38111
SEVIR_1G350600v2	153.862026
SEVIR_1G350700v2	2.24627
SEVIR_1G350800v2	1.107739
SEVIR_1G350900v2	0.251789
SEVIR_1G350950v2	0.138179
SEVIR_1G351000v2	5.235134
SEVIR_1G351100v2	208.961
SEVIR_1G351200v2	31.957314
SEVIR_1G351300v2	3.414263
SEVIR_1G351400v2	18.938593
SEVIR_1G351500v2	12.570918
SEVIR_1G351600v2	24.296831
SEVIR_1G351700v2	7.354576
SEVIR_1G351800v2	15.23999
SEVIR_1G351900v2	2.081905
SEVIR_1G352000v2	30.671277
SEVIR_1G352100v2	10.288229
SEVIR_1G352200v2	2.977947
SEVIR_1G352300v2	19.471762
SEVIR_1G352400v2	0.169411
SEVIR_1G352500v2	0.045733
SEVIR_1G352600v2	0
SEVIR_1G352700v2	19.49691
SEVIR_1G352800v2	0
SEVIR_1G352900v2	0.434839
SEVIR_1G353000v2	21.560877
SEVIR_1G353100v2	0.08051
SEVIR_1G353200v2	0.538104
SEVIR_1G353250v2	0.185343
SEVIR_1G353300v2	13.077387
SEVIR_1G353366v2	0
SEVIR_1G353432v2	0.498118
SEVIR_1G353500v2	15.5087
SEVIR_1G353600v2	9.415637
SEVIR_1G353700v2	0
SEVIR_1G353800v2	12.961275
SEVIR_1G353900v2	9.355184
SEVIR_1G354000v2	22.289012
SEVIR_1G354100v2	0.080998
SEVIR_1G354200v2	63.584209
SEVIR_1G354300v2	0.038789
SEVIR_1G354400v2	4.425729
SEVIR_1G354500v2	10.624797
SEVIR_1G354550v2	0
SEVIR_1G354600v2	3.792142
SEVIR_1G354700v2	18.318582
SEVIR_1G354750v2	2.102959
SEVIR_1G354800v2	0.480861
SEVIR_1G354900v2	17.62958
SEVIR_1G355000v2	3.51856
SEVIR_1G355100v2	261.963426
SEVIR_1G355200v2	12.129409
SEVIR_1G355300v2	56.918433
SEVIR_1G355400v2	6.64577
SEVIR_1G355500v2	0.384065
SEVIR_1G355600v2	145.214053
SEVIR_1G355700v2	4.521082
SEVIR_1G355800v2	24.135864
SEVIR_1G355900v2	7.66995
SEVIR_1G356000v2	3.983154
SEVIR_1G356100v2	11.176746
SEVIR_1G356200v2	3.107831
SEVIR_1G356300v2	0.981031
SEVIR_1G356400v2	0.804483
SEVIR_1G356500v2	1.143595
SEVIR_1G356600v2	0.402741
SEVIR_1G356700v2	189.369861
SEVIR_1G356800v2	165.325735
SEVIR_1G356901v2	3.466794
SEVIR_1G357000v2	12.823179
SEVIR_1G357100v2	0.224266
SEVIR_1G357200v2	0
SEVIR_1G357300v2	0.028687
SEVIR_1G357350v2	0
SEVIR_1G357400v2	12.011742
SEVIR_1G357500v2	17.675476
SEVIR_1G357600v2	6.842575
SEVIR_1G357700v2	0
SEVIR_1G357800v2	0
SEVIR_1G357900v2	42.641471
SEVIR_1G358000v2	11.543112
SEVIR_1G358050v2	0.59749
SEVIR_1G358100v2	4.259968
SEVIR_1G358200v2	8.801562
SEVIR_1G358300v2	4.100275
SEVIR_1G358400v2	12.535481
SEVIR_1G358500v2	7.379822
SEVIR_1G358600v2	0.974785
SEVIR_1G358701v2	12162.209108
SEVIR_1G358800v2	0.085575
SEVIR_1G358900v2	25.274187
SEVIR_1G359000v2	19.75373
SEVIR_1G359100v2	216.604943
SEVIR_1G359200v2	84.726938
SEVIR_1G359300v2	4.132735
SEVIR_1G359400v2	72.314069
SEVIR_1G359500v2	0
SEVIR_1G359600v2	32.809224
SEVIR_1G359700v2	5.983863
SEVIR_1G359800v2	7.860254
SEVIR_1G359900v2	1.312114
SEVIR_1G360000v2	47.725652
SEVIR_1G360100v2	3.297226
SEVIR_1G360200v2	68.608407
SEVIR_1G360300v2	26.834101
SEVIR_1G360400v2	11.090135
SEVIR_1G360500v2	13.080016
SEVIR_1G360600v2	278.351
SEVIR_1G360700v2	1.137168
SEVIR_1G360800v2	21.887282
SEVIR_1G360900v2	0
SEVIR_1G361000v2	0.941831
SEVIR_1G361101v2	15.93294
SEVIR_1G361200v2	0.564491
SEVIR_1G361300v2	0.143334
SEVIR_1G361400v2	5.09176
SEVIR_1G361500v2	31.355629
SEVIR_1G361600v2	1.889939
SEVIR_1G361700v2	69.415304
SEVIR_1G361800v2	10.265623
SEVIR_1G361901v2	5.648744
SEVIR_1G362000v2	5.087792
SEVIR_1G362100v2	49.999538
SEVIR_1G362200v2	62.559276
SEVIR_1G362300v2	2.129897
SEVIR_1G362400v2	191.901364
SEVIR_1G362433v2	0
SEVIR_1G362500v2	0.056417
SEVIR_1G362466v2	0
SEVIR_1G362600v2	0
SEVIR_1G362700v2	205.928249
SEVIR_1G362800v2	14.748342
SEVIR_1G362900v2	10.924979
SEVIR_1G363000v2	8.245373
SEVIR_1G363100v2	2.372974
SEVIR_1G363200v2	0.031394
SEVIR_1G363300v2	21.364776
SEVIR_1G363400v2	11.270127
SEVIR_1G363500v2	88.974974
SEVIR_1G363600v2	5.228558
SEVIR_1G363700v2	6.744589
SEVIR_1G363800v2	5.281303
SEVIR_1G363901v2	0.123689
SEVIR_1G364100v2	3.727146
SEVIR_1G364000v2	0
SEVIR_1G364200v2	4.24948
SEVIR_1G364250v2	29.992543
SEVIR_1G364300v2	80.69186
SEVIR_1G364400v2	15.840484
SEVIR_1G364500v2	5.060636
SEVIR_1G364600v2	67.169844
SEVIR_1G364650v2	0
SEVIR_1G364700v2	34.974183
SEVIR_1G364750v2	0.835757
SEVIR_1G364800v2	20.151891
SEVIR_1G364900v2	1.903401
SEVIR_1G365000v2	3.240934
SEVIR_1G365100v2	0.878888
SEVIR_1G365200v2	62.423502
SEVIR_1G365300v2	29.767116
SEVIR_1G365400v2	18.189463
SEVIR_1G365600v2	0.900634
SEVIR_1G365700v2	2.491723
SEVIR_1G365800v2	35.868896
SEVIR_1G365900v2	6.959855
SEVIR_1G366000v2	0
SEVIR_1G366100v2	15.351628
SEVIR_1G366150v2	2.034882
SEVIR_1G366200v2	0.636122
SEVIR_1G366300v2	0
SEVIR_1G366400v2	4.064187
SEVIR_1G366500v2	11.611328
SEVIR_1G366600v2	106.197909
SEVIR_1G366700v2	71.181872
SEVIR_1G366800v2	13.907691
SEVIR_1G366900v2	34.654555
SEVIR_1G367000v2	10.771564
SEVIR_1G367100v2	390.061939
SEVIR_1G367200v2	1.450243
SEVIR_1G367300v2	0.83682
SEVIR_1G367400v2	12.092067
SEVIR_1G367500v2	1.66611
SEVIR_1G367600v2	0
SEVIR_1G367700v2	0
SEVIR_1G367800v2	26.827208
SEVIR_1G367900v2	4.783236
SEVIR_1G368000v2	0
SEVIR_1G368100v2	8.535598
SEVIR_1G368200v2	85.406313
SEVIR_1G368300v2	177.901165
SEVIR_1G368400v2	0.511479
SEVIR_1G368500v2	0
SEVIR_1G368600v2	16.987713
SEVIR_1G368700v2	1.628785
SEVIR_1G368800v2	112.623105
SEVIR_1G368900v2	8.998407
SEVIR_1G369000v2	0
SEVIR_1G369100v2	0.162802
SEVIR_1G369200v2	0.885381
SEVIR_1G369300v2	0.382116
SEVIR_1G369500v2	1.699273
SEVIR_1G369401v2	2.912375
SEVIR_1G369600v2	349.194705
SEVIR_1G369700v2	0
SEVIR_1G369800v2	0.051446
SEVIR_1G369900v2	1.276931
SEVIR_1G370000v2	3.49244
SEVIR_1G370100v2	792.369174
SEVIR_1G370200v2	0.716
SEVIR_1G370300v2	0.123334
SEVIR_1G370400v2	5.297398
SEVIR_1G370500v2	1.845252
SEVIR_1G370600v2	96.272231
SEVIR_1G370700v2	8.097354
SEVIR_1G370800v2	10.351188
SEVIR_1G371000v2	2.031735
SEVIR_1G370900v2	45.274762
SEVIR_1G371100v2	1.895868
SEVIR_1G371200v2	12.652934
SEVIR_1G371300v2	0
SEVIR_1G371400v2	0.013219
SEVIR_1G371450v2	0.525165
SEVIR_1G371500v2	4.508569
SEVIR_1G371600v2	0.060972
SEVIR_1G371700v2	46.814276
SEVIR_1G371800v2	27.792626
SEVIR_1G371900v2	16.296526
SEVIR_1G372000v2	171.78648
SEVIR_1G372100v2	36.254053
SEVIR_1G372201v2	1.910579
SEVIR_1G372300v2	9.950365
SEVIR_1G372400v2	0.658103
SEVIR_1G372500v2	27.300011
SEVIR_1G372600v2	103.538318
SEVIR_1G372700v2	53.789428
SEVIR_1G372800v2	27.635757
SEVIR_1G372850v2	0.28748
SEVIR_1G372900v2	184.799718
SEVIR_1G373000v2	5.560151
SEVIR_1G373100v2	0.095274
SEVIR_1G373200v2	0.4243
SEVIR_1G373300v2	4.98736
SEVIR_1G373400v2	0
SEVIR_1G373600v2	2.55841
SEVIR_1G373700v2	0.147865
SEVIR_1G373766v2	0.321165
SEVIR_1G373832v2	2.13921
SEVIR_1G373900v2	3.096018
SEVIR_1G374000v2	16.672102
SEVIR_1G374100v2	0.787434
SEVIR_1G374200v2	13.896553
SEVIR_1G374300v2	30.761388
SEVIR_1G374400v2	0
SEVIR_1G374500v2	0
SEVIR_1G374600v2	16.760557
SEVIR_1G374700v2	25.676372
SEVIR_1G374800v2	26.713024
SEVIR_1G374900v2	49.066847
SEVIR_1G374950v2	2.594365
SEVIR_1G375000v2	65.097634
SEVIR_1G375100v2	0.231082
SEVIR_1G375200v2	8.915856
SEVIR_1G375300v2	0.030531
SEVIR_1G375400v2	15.605872
SEVIR_1G375500v2	4.323696
SEVIR_1G375600v2	106.700082
SEVIR_1G375700v2	0.269916
SEVIR_1G375800v2	0
SEVIR_1G375850v2	0.145204
SEVIR_1G375900v2	6.274583
SEVIR_1G376000v2	7.455679
SEVIR_1G376100v2	3.12597
SEVIR_1G376200v2	6.143501
SEVIR_1G376300v2	12.484672
SEVIR_1G376400v2	25.660092
SEVIR_1G376500v2	35.406152
SEVIR_1G376600v2	17.196542
SEVIR_1G376700v2	1.101744
SEVIR_1G376800v2	13.545075
SEVIR_1G376900v2	0.391214
SEVIR_1G377000v2	7.010868
SEVIR_1G377100v2	32.239823
SEVIR_1G377200v2	3.310401
SEVIR_1G377300v2	0.050785
SEVIR_1G377400v2	0
SEVIR_1G377500v2	417.762929
SEVIR_1G377600v2	92.156914
SEVIR_1G377700v2	24.85808
SEVIR_1G377800v2	24.560722
SEVIR_1G377900v2	39.526292
SEVIR_1G378000v2	0.157137
SEVIR_1G378100v2	85.058321
SEVIR_1G378200v2	0
SEVIR_1G378300v2	86.649949
SEVIR_1G378400v2	3.153918
SEVIR_1G378500v2	13.76272
SEVIR_1G378600v2	11.971871
SEVIR_1G378700v2	0
SEVIR_1G378800v2	50.229183
SEVIR_1G378900v2	1324.986586
SEVIR_1G379000v2	21.539068
SEVIR_1G379100v2	5.079449
SEVIR_1G379200v2	230.03858
SEVIR_1G379300v2	5.79776
SEVIR_1G379400v2	9.489531
SEVIR_1G379500v2	0
SEVIR_1G379600v2	5.507743
SEVIR_1G379701v2	4.352107
SEVIR_1G379800v2	1.604267
SEVIR_1G379900v2	54.405822
SEVIR_1G380000v2	69.038676
SEVIR_1G380100v2	54.033109
SEVIR_1G380200v2	0.817374
SEVIR_1G380300v2	38.998965
SEVIR_1G380400v2	0.11002
SEVIR_1G380500v2	2.527843
SEVIR_1G380600v2	7.584116
SEVIR_1G380700v2	36.386862
SEVIR_1G380800v2	0.107019
SEVIR_1G380900v2	5.134014
SEVIR_1G380950v2	0
SEVIR_1G381000v2	104.101178
SEVIR_1G381100v2	65.04957
SEVIR_1G381150v2	0.120981
SEVIR_1G381200v2	11.379212
SEVIR_1G381300v2	0.375565
SEVIR_1G381400v2	24.040539
SEVIR_1G381500v2	18.655787
SEVIR_1G381600v2	17.755435
SEVIR_1G381700v2	0.861321
SEVIR_1G381800v2	0.10328
SEVIR_1G381900v2	18.496022
SEVIR_1G382000v2	5.74352
SEVIR_1G382100v2	0.341701
SEVIR_1G382200v2	10.365416
SEVIR_1G382300v2	40.326193
SEVIR_1G382350v2	54.738247
SEVIR_1G382400v2	51.975628
SEVIR_1G382500v2	0
SEVIR_1G382600v2	0.457892
SEVIR_1G382700v2	0
SEVIR_1G382800v2	24.561266
SEVIR_1G382900v2	47.149771
SEVIR_1G383000v2	6.906814
SEVIR_1G383100v2	7.293961
SEVIR_1G383200v2	2.203748
SEVIR_1G383300v2	15.452659
SEVIR_1G383400v2	14.371902
SEVIR_1G383500v2	5.584032
SEVIR_1G383701v2	6.115574
SEVIR_1G383601v2	1.966317
SEVIR_1G383800v2	18.933212
SEVIR_1G383900v2	6.462537
SEVIR_1G384000v2	50.067534
SEVIR_1G384100v2	2.167035
SEVIR_1G384200v2	35.032869
SEVIR_1G384266v2	4.694566
SEVIR_1G384332v2	7.732226
SEVIR_1G384400v2	7.562924
SEVIR_1G384500v2	2.516231
SEVIR_1G384600v2	178.376968
SEVIR_1G384700v2	2.241791
SEVIR_1G384800v2	16.118074
SEVIR_1G384900v2	16.26036
SEVIR_1G385000v2	3.438723
SEVIR_1G385100v2	17.145637
SEVIR_1G385200v2	20.559516
SEVIR_1G385300v2	3.080467
SEVIR_1G385400v2	20.285236
SEVIR_1G385500v2	10.999101
SEVIR_1G385600v2	25.285557
SEVIR_1G385700v2	2.219356
SEVIR_1G385800v2	12.140604
SEVIR_1G385900v2	19.717177
SEVIR_1G386000v2	18.500825
SEVIR_1G386100v2	39.545688
SEVIR_1G386200v2	39.858165
SEVIR_1G386300v2	18.790678
SEVIR_1G386400v2	14.263007
SEVIR_1G386450v2	0.379539
SEVIR_1G386500v2	18.589507
SEVIR_1G386600v2	8.838412
SEVIR_1G386700v2	2.509523
SEVIR_1G386800v2	54.338637
SEVIR_1G386900v2	3.131527
SEVIR_1G387000v2	7.596116
SEVIR_1G387100v2	0.443997
SEVIR_1G387200v2	5.45414
SEVIR_1G387233v2	0.075802
SEVIR_1G387266v2	0.460944
SEVIR_1G387300v2	17.806756
SEVIR_1G387400v2	0
SEVIR_2G004000v2	26.756692
SEVIR_2G003900v2	6.45815
SEVIR_2G003800v2	21.539907
SEVIR_2G003700v2	0.275108
SEVIR_2G003600v2	5.915191
SEVIR_2G003500v2	39.838825
SEVIR_2G003575v2	0
SEVIR_2G003400v2	5.069156
SEVIR_2G003300v2	3.261292
SEVIR_2G003200v2	1.683196
SEVIR_2G003100v2	1.301863
SEVIR_2G003000v2	6.517575
SEVIR_2G002900v2	30.596718
SEVIR_2G002800v2	0.85305
SEVIR_2G002700v2	0.148484
SEVIR_2G002600v2	1.28038
SEVIR_2G002500v2	15.536857
SEVIR_2G002400v2	4.414698
SEVIR_2G002200v2	47.78629
SEVIR_2G002300v2	0
SEVIR_2G002100v2	0.118316
SEVIR_2G002000v2	1.333586
SEVIR_2G001900v2	62.703851
SEVIR_2G001800v2	0
SEVIR_2G001875v2	0
SEVIR_2G001700v2	0
SEVIR_2G001600v2	59.382279
SEVIR_2G001500v2	11.857025
SEVIR_2G001400v2	51.441783
SEVIR_2G001300v2	9.720375
SEVIR_2G001200v2	2.225014
SEVIR_2G001100v2	0.036091
SEVIR_2G001000v2	175.063174
SEVIR_2G000900v2	55.442002
SEVIR_2G000975v2	1.829675
SEVIR_2G001050v2	0.39026
SEVIR_2G000700v2	12.739922
SEVIR_2G000600v2	0.222536
SEVIR_2G000675v2	0
SEVIR_2G000400v2	0
SEVIR_2G000475v2	0
SEVIR_2G000300v2	2.80697
SEVIR_2G000200v2	2.262403
SEVIR_2G000100v2	0
SEVIR_2G000175v2	0.896235
SEVIR_2G004100v2	182.166823
SEVIR_2G004200v2	46.116642
SEVIR_2G004300v2	32.989104
SEVIR_2G004400v2	12.246511
SEVIR_2G004500v2	0.482685
SEVIR_2G004601v2	5.435378
SEVIR_2G004700v2	8.254514
SEVIR_2G004801v2	3.66891
SEVIR_2G004900v2	11.874136
SEVIR_2G005000v2	11.275632
SEVIR_2G005100v2	1.053708
SEVIR_2G005200v2	0
SEVIR_2G005400v2	7.466324
SEVIR_2G005300v2	3.208587
SEVIR_2G005500v2	2.723033
SEVIR_2G005600v2	16.437586
SEVIR_2G005700v2	0.248847
SEVIR_2G005800v2	28.063784
SEVIR_2G005900v2	1.053308
SEVIR_2G006000v2	148.299651
SEVIR_2G006100v2	55.264649
SEVIR_2G006200v2	0
SEVIR_2G006300v2	0
SEVIR_2G006400v2	6.753102
SEVIR_2G006500v2	0
SEVIR_2G006600v2	0
SEVIR_2G006700v2	16.97293
SEVIR_2G006800v2	0.307409
SEVIR_2G006900v2	42.920031
SEVIR_2G006950v2	2.347283
SEVIR_2G007000v2	16.42946
SEVIR_2G007100v2	1.104893
SEVIR_2G007200v2	10.004589
SEVIR_2G007300v2	0
SEVIR_2G007400v2	12.383329
SEVIR_2G007500v2	1.829006
SEVIR_2G007600v2	0.190652
SEVIR_2G007700v2	0
SEVIR_2G007800v2	1.806101
SEVIR_2G007900v2	0.177619
SEVIR_2G008000v2	0
SEVIR_2G008050v2	0
SEVIR_2G008100v2	0
SEVIR_2G008133v2	0
SEVIR_2G008166v2	73.026582
SEVIR_2G008200v2	703.039685
SEVIR_2G008300v2	150.577849
SEVIR_2G008400v2	0.633705
SEVIR_2G008500v2	3.63076
SEVIR_2G008600v2	37.522299
SEVIR_2G008701v2	0.064911
SEVIR_2G008800v2	0.080907
SEVIR_2G008900v2	0.020738
SEVIR_2G008950v2	0
SEVIR_2G009000v2	0.757443
SEVIR_2G009050v2	0.048419
SEVIR_2G009100v2	0.072446
SEVIR_2G009160v2	1.567549
SEVIR_2G009220v2	4.028699
SEVIR_2G009280v2	5.095564
SEVIR_2G009340v2	0
SEVIR_2G009400v2	7.182742
SEVIR_2G009450v2	1.008369
SEVIR_2G009500v2	0
SEVIR_2G009550v2	0
SEVIR_2G009600v2	1.203598
SEVIR_2G009700v2	30.183577
SEVIR_2G009801v2	1.123464
SEVIR_2G009900v2	0.0789
SEVIR_2G010000v2	0.626082
SEVIR_2G010066v2	0.109196
SEVIR_2G010132v2	0.117786
SEVIR_2G010200v2	0.402226
SEVIR_2G010266v2	0.860588
SEVIR_2G010332v2	0
SEVIR_2G010400v2	0
SEVIR_2G010500v2	0.076339
SEVIR_2G010600v2	0.213481
SEVIR_2G010650v2	0.110712
SEVIR_2G010700v2	1.7406
SEVIR_2G010800v2	0.183033
SEVIR_2G010900v2	0.046576
SEVIR_2G011000v2	0.938723
SEVIR_2G011100v2	0
SEVIR_2G011200v2	0.603913
SEVIR_2G011301v2	0.079582
SEVIR_2G011400v2	0.077577
SEVIR_2G011450v2	0.200898
SEVIR_2G011500v2	0.653915
SEVIR_2G011700v2	0.07019
SEVIR_2G011800v2	0.95858
SEVIR_2G011850v2	0.202646
SEVIR_2G011900v2	0.04467
SEVIR_2G012000v2	3.838368
SEVIR_2G012101v2	0.114586
SEVIR_2G012200v2	0
SEVIR_2G012300v2	4.549335
SEVIR_2G012400v2	1.765411
SEVIR_2G012500v2	0.29506
SEVIR_2G012550v2	3.257227
SEVIR_2G012600v2	0
SEVIR_2G012700v2	1.025238
SEVIR_2G012800v2	0
SEVIR_2G012901v2	0.358237
SEVIR_2G013000v2	7.38022
SEVIR_2G013100v2	4.313999
SEVIR_2G013200v2	0.411634
SEVIR_2G013300v2	0.05491
SEVIR_2G013350v2	0
SEVIR_2G013400v2	4.249514
SEVIR_2G013500v2	0.058541
SEVIR_2G013600v2	0.02441
SEVIR_2G013650v2	0.026592
SEVIR_2G013700v2	0.06619
SEVIR_2G013800v2	122.647669
SEVIR_2G013900v2	0
SEVIR_2G014000v2	0.138703
SEVIR_2G014100v2	0
SEVIR_2G014200v2	0
SEVIR_2G014300v2	0
SEVIR_2G014400v2	9.569454
SEVIR_2G014500v2	6.699638
SEVIR_2G014600v2	0.193381
SEVIR_2G014701v2	0.051288
SEVIR_2G014800v2	0.035507
SEVIR_2G014900v2	9.789376
SEVIR_2G015000v2	0
SEVIR_2G015100v2	0
SEVIR_2G015200v2	0
SEVIR_2G015300v2	0
SEVIR_2G015400v2	0.042941
SEVIR_2G015500v2	3.858149
SEVIR_2G015600v2	0.033128
SEVIR_2G015700v2	0
SEVIR_2G015800v2	0.921254
SEVIR_2G015850v2	0
SEVIR_2G015901v2	0.031321
SEVIR_2G015951v2	0
SEVIR_2G016000v2	0
SEVIR_2G016100v2	0
SEVIR_2G016201v2	0.03808
SEVIR_2G016300v2	0
SEVIR_2G016400v2	3.784411
SEVIR_2G016500v2	0.054313
SEVIR_2G016600v2	0
SEVIR_2G016700v2	0
SEVIR_2G016800v2	0.023013
SEVIR_2G016900v2	1.546122
SEVIR_2G017000v2	58.857076
SEVIR_2G017100v2	17.013754
SEVIR_2G017200v2	0
SEVIR_2G017301v2	0
SEVIR_2G017401v2	0
SEVIR_2G017500v2	0
SEVIR_2G017600v2	0
SEVIR_2G017701v2	0.206755
SEVIR_2G017800v2	0
SEVIR_2G017900v2	0
SEVIR_2G018000v2	0
SEVIR_2G018100v2	0.029069
SEVIR_2G018200v2	0
SEVIR_2G018300v2	0
SEVIR_2G018400v2	0
SEVIR_2G018501v2	0.049627
SEVIR_2G018600v2	0.797961
SEVIR_2G018700v2	0
SEVIR_2G018800v2	0
SEVIR_2G018900v2	0
SEVIR_2G018950v2	0
SEVIR_2G019000v2	0
SEVIR_2G019100v2	0
SEVIR_2G019200v2	0
SEVIR_2G019300v2	2.071336
SEVIR_2G019400v2	0
SEVIR_2G019500v2	0.295926
SEVIR_2G019600v2	0
SEVIR_2G019700v2	0.211946
SEVIR_2G019800v2	16.731635
SEVIR_2G019900v2	0.304754
SEVIR_2G019950v2	0
SEVIR_2G020000v2	0.039361
SEVIR_2G020100v2	7.34117
SEVIR_2G020200v2	0.045725
SEVIR_2G020400v2	6.400723
SEVIR_2G020500v2	0
SEVIR_2G020600v2	0
SEVIR_2G020700v2	0.334881
SEVIR_2G020800v2	0
SEVIR_2G020900v2	0
SEVIR_2G021000v2	0.121158
SEVIR_2G021100v2	0.087729
SEVIR_2G021200v2	1.308242
SEVIR_2G021300v2	0
SEVIR_2G021400v2	0
SEVIR_2G021500v2	1.095399
SEVIR_2G021600v2	0
SEVIR_2G021700v2	0
SEVIR_2G021800v2	0.126053
SEVIR_2G021900v2	4.322554
SEVIR_2G022000v2	0.484776
SEVIR_2G022200v2	0.775283
SEVIR_2G022100v2	0
SEVIR_2G022300v2	4.581382
SEVIR_2G022400v2	0
SEVIR_2G022466v2	2.453149
SEVIR_2G022532v2	1.195994
SEVIR_2G022600v2	0
SEVIR_2G022700v2	0
SEVIR_2G022800v2	0
SEVIR_2G022900v2	3.355216
SEVIR_2G023000v2	0.089232
SEVIR_2G023100v2	28.073776
SEVIR_2G023200v2	0
SEVIR_2G023301v2	14.833275
SEVIR_2G023400v2	0
SEVIR_2G023500v2	0
SEVIR_2G023600v2	0
SEVIR_2G023700v2	0
SEVIR_2G023800v2	0.535334
SEVIR_2G023900v2	2.734687
SEVIR_2G024000v2	18.817276
SEVIR_2G024100v2	0
SEVIR_2G024200v2	0
SEVIR_2G024300v2	0
SEVIR_2G024400v2	0
SEVIR_2G024500v2	0
SEVIR_2G024600v2	0
SEVIR_2G024700v2	0.136079
SEVIR_2G024900v2	0.019471
SEVIR_2G025000v2	7.074218
SEVIR_2G025100v2	0
SEVIR_2G025200v2	0.053358
SEVIR_2G025300v2	5.796003
SEVIR_2G025400v2	0
SEVIR_2G025500v2	0
SEVIR_2G025600v2	0
SEVIR_2G025700v2	0.167572
SEVIR_2G025800v2	0
SEVIR_2G025900v2	1.797074
SEVIR_2G026000v2	0
SEVIR_2G026100v2	0
SEVIR_2G026200v2	0.400528
SEVIR_2G026300v2	17.234661
SEVIR_2G026400v2	14.256732
SEVIR_2G026500v2	19.087979
SEVIR_2G026600v2	7.93973
SEVIR_2G026650v2	0
SEVIR_2G026700v2	32.54136
SEVIR_2G026800v2	8.450421
SEVIR_2G026900v2	107.794026
SEVIR_2G027000v2	0
SEVIR_2G027100v2	0
SEVIR_2G027133v2	0
SEVIR_2G027166v2	0.202409
SEVIR_2G027200v2	0.050493
SEVIR_2G027250v2	0.162431
SEVIR_2G027301v2	0
SEVIR_2G027351v2	0
SEVIR_2G027400v2	0
SEVIR_2G027500v2	0.344079
SEVIR_2G027600v2	0.386173
SEVIR_2G027650v2	0.373831
SEVIR_2G027700v2	1.195903
SEVIR_2G027800v2	5.651114
SEVIR_2G027900v2	0.040489
SEVIR_2G028000v2	0
SEVIR_2G028100v2	0
SEVIR_2G028200v2	0.02577
SEVIR_2G028300v2	0
SEVIR_2G028400v2	0
SEVIR_2G028500v2	0
SEVIR_2G028600v2	0
SEVIR_2G028700v2	0
SEVIR_2G028766v2	2.174987
SEVIR_2G028832v2	3.370781
SEVIR_2G028900v2	12.333211
SEVIR_2G029000v2	0.059922
SEVIR_2G029100v2	0.015225
SEVIR_2G029200v2	11.416955
SEVIR_2G029300v2	7.433523
SEVIR_2G029400v2	4.388652
SEVIR_2G029500v2	16.642749
SEVIR_2G029566v2	0
SEVIR_2G029632v2	0.124205
SEVIR_2G029700v2	0
SEVIR_2G029800v2	10.220446
SEVIR_2G029900v2	0.289919
SEVIR_2G030000v2	1.021823
SEVIR_2G030100v2	0
SEVIR_2G030150v2	2.865494
SEVIR_2G030200v2	0.12386
SEVIR_2G030300v2	0.289575
SEVIR_2G030400v2	3.834413
SEVIR_2G030450v2	1.261868
SEVIR_2G030500v2	0.023693
SEVIR_2G030600v2	0
SEVIR_2G030700v2	0
SEVIR_2G030800v2	0
SEVIR_2G030900v2	0
SEVIR_2G031000v2	0.395697
SEVIR_2G031050v2	0
SEVIR_2G031101v2	0
SEVIR_2G031151v2	0.069637
SEVIR_2G031200v2	0.12967
SEVIR_2G031300v2	12.651902
SEVIR_2G031400v2	0
SEVIR_2G031500v2	46.375635
SEVIR_2G031600v2	0
SEVIR_2G031650v2	0
SEVIR_2G031700v2	5.274936
SEVIR_2G031800v2	11.866446
SEVIR_2G031900v2	1.140576
SEVIR_2G032000v2	0
SEVIR_2G032100v2	0.152412
SEVIR_2G032200v2	0
SEVIR_2G032300v2	0
SEVIR_2G032400v2	0
SEVIR_2G032450v2	0
SEVIR_2G032500v2	0.016634
SEVIR_2G032600v2	20.147291
SEVIR_2G032700v2	22.161638
SEVIR_2G032800v2	0
SEVIR_2G032900v2	3.168891
SEVIR_2G033000v2	6.290619
SEVIR_2G033100v2	0
SEVIR_2G033150v2	0
SEVIR_2G033200v2	35.732964
SEVIR_2G033300v2	5.107791
SEVIR_2G033400v2	387.224001
SEVIR_2G033500v2	11.42023
SEVIR_2G033600v2	27.384254
SEVIR_2G033700v2	0.095841
SEVIR_2G033800v2	24.262596
SEVIR_2G033850v2	35.677291
SEVIR_2G033900v2	61.612674
SEVIR_2G034001v2	15.829501
SEVIR_2G034100v2	0.735648
SEVIR_2G034200v2	0.075079
SEVIR_2G034250v2	0.248094
SEVIR_2G034300v2	0
SEVIR_2G034366v2	0.326755
SEVIR_2G034432v2	0.162772
SEVIR_2G034500v2	18.114506
SEVIR_2G034600v2	5.02056
SEVIR_2G034650v2	0
SEVIR_2G034700v2	0.161907
SEVIR_2G034800v2	5.024828
SEVIR_2G034900v2	0
SEVIR_2G035000v2	1.843058
SEVIR_2G035050v2	0.116886
SEVIR_2G035100v2	1.337653
SEVIR_2G035200v2	4.241795
SEVIR_2G035300v2	0.175077
SEVIR_2G035400v2	17.580933
SEVIR_2G035500v2	7.394718
SEVIR_2G035550v2	10.869765
SEVIR_2G035600v2	0.446846
SEVIR_2G035700v2	16.361722
SEVIR_2G035800v2	13.479049
SEVIR_2G035833v2	0
SEVIR_2G035866v2	0
SEVIR_2G035900v2	0.18461
SEVIR_2G036000v2	0.210587
SEVIR_2G036101v2	2.498588
SEVIR_2G036200v2	1.742794
SEVIR_2G036300v2	14.354608
SEVIR_2G036400v2	0
SEVIR_2G036500v2	27.7034
SEVIR_2G036600v2	0
SEVIR_2G036700v2	0
SEVIR_2G036900v2	33.580522
SEVIR_2G037000v2	235.036389
SEVIR_2G037100v2	0
SEVIR_2G037200v2	34.137519
SEVIR_2G037300v2	1.730203
SEVIR_2G037400v2	1.695121
SEVIR_2G037500v2	2.091808
SEVIR_2G037600v2	6.598066
SEVIR_2G037700v2	1.001617
SEVIR_2G037800v2	2.611566
SEVIR_2G037900v2	86.879311
SEVIR_2G038000v2	81.358144
SEVIR_2G038100v2	5.56266
SEVIR_2G038200v2	0
SEVIR_2G038300v2	0.955722
SEVIR_2G038400v2	0
SEVIR_2G038500v2	0.267284
SEVIR_2G038600v2	0.108367
SEVIR_2G038700v2	0
SEVIR_2G038800v2	0
SEVIR_2G038900v2	22.281952
SEVIR_2G039000v2	0.704432
SEVIR_2G039100v2	0.220248
SEVIR_2G039200v2	3.712305
SEVIR_2G039300v2	11.19979
SEVIR_2G039400v2	0
SEVIR_2G039500v2	0
SEVIR_2G039600v2	0
SEVIR_2G039700v2	14.63004
SEVIR_2G039801v2	0
SEVIR_2G039900v2	0
SEVIR_2G040000v2	0.124514
SEVIR_2G040100v2	2.575651
SEVIR_2G040200v2	0
SEVIR_2G040300v2	24.028574
SEVIR_2G040400v2	2.325153
SEVIR_2G040500v2	0.525888
SEVIR_2G040600v2	0.161858
SEVIR_2G040700v2	17.188515
SEVIR_2G040800v2	6.823885
SEVIR_2G040900v2	21.762937
SEVIR_2G041000v2	0
SEVIR_2G041100v2	0
SEVIR_2G041200v2	0.567234
SEVIR_2G041250v2	0
SEVIR_2G041300v2	0
SEVIR_2G041401v2	0
SEVIR_2G041500v2	0
SEVIR_2G041600v2	14.461573
SEVIR_2G041700v2	3.306334
SEVIR_2G041750v2	0.497793
SEVIR_2G041800v2	21.237618
SEVIR_2G041900v2	0
SEVIR_2G042000v2	12.653591
SEVIR_2G042100v2	0.743824
SEVIR_2G042200v2	23.631736
SEVIR_2G042300v2	429.158322
SEVIR_2G042400v2	6.663633
SEVIR_2G042500v2	0
SEVIR_2G042700v2	14.03152
SEVIR_2G042800v2	0.09142
SEVIR_2G042950v2	4.752718
SEVIR_2G043100v2	18.871674
SEVIR_2G043200v2	0
SEVIR_2G043300v2	0
SEVIR_2G043400v2	0.70817
SEVIR_2G043500v2	0
SEVIR_2G043600v2	0.079253
SEVIR_2G043701v2	0
SEVIR_2G043800v2	0.055064
SEVIR_2G043900v2	18.754336
SEVIR_2G044000v2	46.053281
SEVIR_2G044100v2	15.435568
SEVIR_2G044200v2	20.35579
SEVIR_2G044300v2	0.029409
SEVIR_2G044333v2	0
SEVIR_2G044366v2	0
SEVIR_2G044400v2	8.048819
SEVIR_2G044500v2	0.189133
SEVIR_2G044600v2	0.466843
SEVIR_2G044700v2	0.451781
SEVIR_2G044800v2	37.60183
SEVIR_2G044900v2	0.431309
SEVIR_2G045000v2	0.451171
SEVIR_2G045100v2	0.642968
SEVIR_2G045112v2	0.232236
SEVIR_2G045124v2	0.308492
SEVIR_2G045136v2	0.056106
SEVIR_2G045148v2	0
SEVIR_2G045160v2	0.202562
SEVIR_2G045172v2	1.039836
SEVIR_2G045184v2	0
SEVIR_2G045200v2	0.624519
SEVIR_2G045300v2	5.728817
SEVIR_2G045400v2	0.178081
SEVIR_2G045500v2	0
SEVIR_2G045600v2	0.073192
SEVIR_2G045700v2	7.898241
SEVIR_2G045800v2	16.190432
SEVIR_2G045900v2	13.14848
SEVIR_2G046000v2	9.53824
SEVIR_2G046101v2	0.832597
SEVIR_2G046200v2	45.781368
SEVIR_2G046300v2	1.13899
SEVIR_2G046400v2	2.260439
SEVIR_2G046500v2	0.496788
SEVIR_2G046600v2	8.437366
SEVIR_2G046700v2	19.321718
SEVIR_2G046800v2	131.273972
SEVIR_2G046900v2	44.169591
SEVIR_2G047000v2	8.311892
SEVIR_2G047100v2	3.057219
SEVIR_2G047200v2	17.108671
SEVIR_2G047300v2	3.197797
SEVIR_2G047400v2	33.569849
SEVIR_2G047500v2	114.66414
SEVIR_2G047600v2	0.058141
SEVIR_2G047700v2	34.107289
SEVIR_2G047800v2	1.747552
SEVIR_2G047900v2	0.912832
SEVIR_2G048000v2	10.880695
SEVIR_2G048100v2	0.04538
SEVIR_2G048200v2	23.98164
SEVIR_2G048300v2	0.144014
SEVIR_2G048400v2	0
SEVIR_2G048500v2	0.570351
SEVIR_2G048600v2	20.481166
SEVIR_2G048700v2	0
SEVIR_2G048800v2	9.465714
SEVIR_2G048900v2	630.275878
SEVIR_2G049000v2	23.254178
SEVIR_2G049100v2	18.338224
SEVIR_2G049133v2	0
SEVIR_2G049166v2	0
SEVIR_2G049200v2	1.53014
SEVIR_2G049300v2	5.887325
SEVIR_2G049400v2	0
SEVIR_2G049450v2	8.426144
SEVIR_2G049500v2	96.832098
SEVIR_2G049600v2	16.521394
SEVIR_2G049700v2	0.16526
SEVIR_2G049800v2	0.017895
SEVIR_2G049900v2	0.815942
SEVIR_2G050000v2	0
SEVIR_2G050100v2	0
SEVIR_2G050133v2	14.459029
SEVIR_2G050166v2	0
SEVIR_2G050200v2	0.433968
SEVIR_2G050300v2	28.398218
SEVIR_2G050400v2	1.826537
SEVIR_2G050500v2	70.497749
SEVIR_2G050600v2	0
SEVIR_2G050700v2	2.165003
SEVIR_2G050800v2	24.356009
SEVIR_2G050900v2	608.943165
SEVIR_2G051000v2	0.080872
SEVIR_2G051100v2	54.136048
SEVIR_2G051200v2	0.059159
SEVIR_2G051400v2	3.479545
SEVIR_2G051500v2	0.114235
SEVIR_2G051600v2	0
SEVIR_2G051700v2	0
SEVIR_2G051800v2	24.922194
SEVIR_2G051900v2	0.365615
SEVIR_2G051966v2	0.471934
SEVIR_2G052032v2	0.63898
SEVIR_2G052100v2	9.029289
SEVIR_2G052200v2	6.631549
SEVIR_2G052300v2	17.542304
SEVIR_2G052350v2	2.266342
SEVIR_2G052400v2	7.176647
SEVIR_2G052450v2	0
SEVIR_2G052500v2	126.024888
SEVIR_2G052600v2	4.856732
SEVIR_2G052700v2	954.380043
SEVIR_2G052800v2	0
SEVIR_2G052850v2	0
SEVIR_2G052900v2	0.042077
SEVIR_2G053001v2	0.081462
SEVIR_2G053100v2	22.887544
SEVIR_2G053200v2	0
SEVIR_2G053300v2	1.005798
SEVIR_2G053400v2	0
SEVIR_2G053500v2	0
SEVIR_2G053600v2	6.479006
SEVIR_2G053700v2	0
SEVIR_2G053800v2	0
SEVIR_2G053900v2	0
SEVIR_2G054000v2	0.370264
SEVIR_2G054100v2	0.186391
SEVIR_2G054200v2	0.07188
SEVIR_2G054300v2	0
SEVIR_2G054400v2	45.892912
SEVIR_2G054500v2	0.99295
SEVIR_2G054600v2	0.173104
SEVIR_2G054700v2	82.886235
SEVIR_2G054800v2	12.054954
SEVIR_2G054900v2	0
SEVIR_2G055000v2	4.071872
SEVIR_2G055100v2	88.972734
SEVIR_2G055300v2	4.693076
SEVIR_2G055350v2	0.538721
SEVIR_2G055400v2	99.05237
SEVIR_2G055500v2	2.655757
SEVIR_2G055450v2	0.045003
SEVIR_2G055600v2	69.569226
SEVIR_2G055700v2	3.292377
SEVIR_2G055800v2	0
SEVIR_2G055900v2	11.096628
SEVIR_2G056000v2	0.082197
SEVIR_2G056101v2	0
SEVIR_2G056200v2	1.407132
SEVIR_2G056300v2	4.912834
SEVIR_2G056400v2	37.481066
SEVIR_2G056500v2	18.748486
SEVIR_2G056550v2	0.154122
SEVIR_2G056600v2	3.575057
SEVIR_2G056700v2	7.939989
SEVIR_2G056801v2	7.498703
SEVIR_2G056901v2	3.499383
SEVIR_2G057000v2	13.456668
SEVIR_2G057100v2	12.488012
SEVIR_2G057200v2	0.160055
SEVIR_2G057400v2	0.020674
SEVIR_2G057500v2	11.149751
SEVIR_2G057601v2	4.164618
SEVIR_2G057700v2	0.215011
SEVIR_2G057800v2	1.313173
SEVIR_2G057900v2	5.811945
SEVIR_2G058000v2	0
SEVIR_2G058100v2	0
SEVIR_2G058200v2	0
SEVIR_2G058300v2	3.956809
SEVIR_2G058400v2	2.278467
SEVIR_2G058466v2	13.66473
SEVIR_2G058532v2	10.045146
SEVIR_2G058600v2	0.539122
SEVIR_2G058700v2	29.08408
SEVIR_2G058750v2	19.8746
SEVIR_2G058800v2	73.43748
SEVIR_2G058900v2	4.649313
SEVIR_2G059000v2	0.021841
SEVIR_2G059100v2	0
SEVIR_2G059200v2	0
SEVIR_2G059301v2	0.091683
SEVIR_2G059400v2	0.376433
SEVIR_2G059500v2	0.090506
SEVIR_2G059600v2	0
SEVIR_2G059700v2	364.837775
SEVIR_2G059800v2	0.733665
SEVIR_2G059900v2	0.869223
SEVIR_2G060000v2	0
SEVIR_2G060100v2	14.561542
SEVIR_2G060150v2	0.394221
SEVIR_2G060200v2	27.65231
SEVIR_2G060300v2	2.531127
SEVIR_2G060400v2	5.445197
SEVIR_2G060500v2	35.174133
SEVIR_2G060550v2	0
SEVIR_2G060600v2	0
SEVIR_2G060700v2	82.867767
SEVIR_2G060800v2	18.673469
SEVIR_2G060900v2	0.055742
SEVIR_2G061000v2	0.007247
SEVIR_2G061100v2	418.797377
SEVIR_2G061200v2	76.142613
SEVIR_2G061300v2	0.014259
SEVIR_2G061400v2	2.103536
SEVIR_2G061450v2	36.969707
SEVIR_2G061500v2	4.102103
SEVIR_2G061600v2	0
SEVIR_2G061700v2	0.525196
SEVIR_2G061800v2	0.0351
SEVIR_2G061900v2	62.131754
SEVIR_2G062000v2	0
SEVIR_2G062100v2	0
SEVIR_2G062200v2	0
SEVIR_2G062250v2	3.67474
SEVIR_2G062300v2	20.874276
SEVIR_2G062400v2	0.357922
SEVIR_2G062500v2	0
SEVIR_2G062600v2	0
SEVIR_2G062700v2	0.085397
SEVIR_2G062800v2	0
SEVIR_2G063000v2	0.109996
SEVIR_2G063100v2	0.12376
SEVIR_2G063166v2	0
SEVIR_2G063232v2	0
SEVIR_2G063300v2	433.280208
SEVIR_2G063400v2	319.09549
SEVIR_2G063500v2	14.063609
SEVIR_2G063600v2	0
SEVIR_2G063666v2	3.651329
SEVIR_2G063732v2	1.550359
SEVIR_2G063800v2	8.987142
SEVIR_2G063900v2	72.205917
SEVIR_2G064000v2	4.209641
SEVIR_2G064050v2	0
SEVIR_2G064100v2	41.120348
SEVIR_2G064200v2	0.745615
SEVIR_2G064300v2	0.078734
SEVIR_2G064400v2	0.039467
SEVIR_2G064500v2	116.831387
SEVIR_2G064600v2	0
SEVIR_2G064700v2	12.465364
SEVIR_2G064800v2	0.651734
SEVIR_2G064901v2	339.582475
SEVIR_2G065000v2	0.200463
SEVIR_2G065100v2	2451.099383
SEVIR_2G065200v2	47.178381
SEVIR_2G065300v2	2.298574
SEVIR_2G065400v2	21.190608
SEVIR_2G065500v2	18.57241
SEVIR_2G065600v2	0.031718
SEVIR_2G065700v2	0.014724
SEVIR_2G065800v2	102.862033
SEVIR_2G065900v2	5.768419
SEVIR_2G066000v2	1.618829
SEVIR_2G066050v2	0
SEVIR_2G066100v2	0.325514
SEVIR_2G066200v2	7.026413
SEVIR_2G066300v2	0
SEVIR_2G066350v2	0.092342
SEVIR_2G066400v2	0.295894
SEVIR_2G066500v2	0
SEVIR_2G066600v2	0
SEVIR_2G066700v2	0
SEVIR_2G066801v2	0
SEVIR_2G066901v2	0
SEVIR_2G067000v2	0
SEVIR_2G067100v2	0
SEVIR_2G067201v2	0.023465
SEVIR_2G067300v2	0
SEVIR_2G067400v2	0.057658
SEVIR_2G067500v2	0.158676
SEVIR_2G067600v2	0.15153
SEVIR_2G067700v2	30.914479
SEVIR_2G067750v2	1.297183
SEVIR_2G067800v2	1.034276
SEVIR_2G067900v2	0
SEVIR_2G068000v2	0.010169
SEVIR_2G068100v2	0
SEVIR_2G068200v2	0
SEVIR_2G068300v2	0
SEVIR_2G068400v2	18.317707
SEVIR_2G068500v2	47.065397
SEVIR_2G068600v2	23.791773
SEVIR_2G068700v2	0
SEVIR_2G068800v2	0
SEVIR_2G068901v2	0
SEVIR_2G069000v2	0
SEVIR_2G069100v2	0.677044
SEVIR_2G069201v2	0.628219
SEVIR_2G069300v2	16.062388
SEVIR_2G069350v2	0
SEVIR_2G069400v2	0.012312
SEVIR_2G069500v2	0.125932
SEVIR_2G069600v2	1.803723
SEVIR_2G069700v2	3.355522
SEVIR_2G069750v2	0.894203
SEVIR_2G069800v2	71.599402
SEVIR_2G069900v2	0.057445
SEVIR_2G070000v2	0
SEVIR_2G070050v2	8.52132
SEVIR_2G070100v2	0.768003
SEVIR_2G070166v2	0.2561
SEVIR_2G070232v2	0.576914
SEVIR_2G070300v2	0
SEVIR_2G070366v2	0
SEVIR_2G070432v2	0
SEVIR_2G070500v2	0
SEVIR_2G070600v2	4.314531
SEVIR_2G070700v2	3.392606
SEVIR_2G070800v2	0.585982
SEVIR_2G070900v2	0.350736
SEVIR_2G071000v2	0
SEVIR_2G071100v2	0.831201
SEVIR_2G071200v2	0
SEVIR_2G071300v2	0
SEVIR_2G071400v2	0
SEVIR_2G071500v2	68.67909
SEVIR_2G071600v2	0.129543
SEVIR_2G071700v2	0
SEVIR_2G071800v2	0
SEVIR_2G071900v2	0
SEVIR_2G072000v2	0
SEVIR_2G072100v2	0
SEVIR_2G072200v2	0
SEVIR_2G072300v2	345.970538
SEVIR_2G072500v2	16.407651
SEVIR_2G072600v2	0
SEVIR_2G072700v2	35.822555
SEVIR_2G072750v2	0
SEVIR_2G072800v2	0.808163
SEVIR_2G072900v2	0.030939
SEVIR_2G073001v2	36.320381
SEVIR_2G073100v2	0.066577
SEVIR_2G073000v2	49.400078
SEVIR_2G073200v2	0
SEVIR_2G073300v2	75.536373
SEVIR_2G073400v2	0.350987
SEVIR_2G073500v2	1.015178
SEVIR_2G073600v2	43.997071
SEVIR_2G073700v2	24.218185
SEVIR_2G073800v2	42.452395
SEVIR_2G073900v2	29.902005
SEVIR_2G074000v2	10.413453
SEVIR_2G074100v2	262.938766
SEVIR_2G074200v2	0.179076
SEVIR_2G074300v2	0.581756
SEVIR_2G074400v2	3.509092
SEVIR_2G074500v2	0.034966
SEVIR_2G074600v2	0
SEVIR_2G074700v2	0
SEVIR_2G074800v2	19.612229
SEVIR_2G074900v2	6.016161
SEVIR_2G075000v2	0
SEVIR_2G075100v2	88.177861
SEVIR_2G075200v2	6.684373
SEVIR_2G075250v2	0
SEVIR_2G075300v2	0
SEVIR_2G075400v2	5.11186
SEVIR_2G075450v2	3.129711
SEVIR_2G075500v2	0
SEVIR_2G075600v2	0
SEVIR_2G075700v2	0.04961
SEVIR_2G075800v2	0.105836
SEVIR_2G075900v2	0
SEVIR_2G076000v2	2.013069
SEVIR_2G076100v2	0
SEVIR_2G076200v2	0
SEVIR_2G076300v2	0
SEVIR_2G076400v2	0
SEVIR_2G076500v2	0
SEVIR_2G076600v2	6.377061
SEVIR_2G076700v2	0.513572
SEVIR_2G076801v2	0
SEVIR_2G076900v2	0
SEVIR_2G077000v2	0
SEVIR_2G077100v2	0.018852
SEVIR_2G077200v2	0.759814
SEVIR_2G077300v2	0
SEVIR_2G077400v2	0
SEVIR_2G077433v2	0.129856
SEVIR_2G077466v2	1.948589
SEVIR_2G077500v2	0
SEVIR_2G077522v2	0
SEVIR_2G077544v2	0.700854
SEVIR_2G077566v2	0.630246
SEVIR_2G077588v2	0.499454
SEVIR_2G077610v2	1.117149
SEVIR_2G077632v2	0.670607
SEVIR_2G077654v2	1.294781
SEVIR_2G077676v2	1.723529
SEVIR_2G077700v2	0
SEVIR_2G077800v2	0.975527
SEVIR_2G077850v2	4.011806
SEVIR_2G077900v2	0
SEVIR_2G078000v2	0.105144
SEVIR_2G078100v2	0
SEVIR_2G078200v2	41.774367
SEVIR_2G078300v2	15.673843
SEVIR_2G078400v2	0.206448
SEVIR_2G078440v2	8.140722
SEVIR_2G078480v2	0
SEVIR_2G078520v2	0
SEVIR_2G078560v2	0.653248
SEVIR_2G078600v2	6.928444
SEVIR_2G078633v2	0.467853
SEVIR_2G078666v2	0
SEVIR_2G078700v2	111.439958
SEVIR_2G078800v2	9.950687
SEVIR_2G078900v2	127.416594
SEVIR_2G078950v2	38.999126
SEVIR_2G079000v2	21.847028
SEVIR_2G079100v2	0.243422
SEVIR_2G079200v2	22.028809
SEVIR_2G079300v2	21.088724
SEVIR_2G079366v2	4.170397
SEVIR_2G079432v2	1.991634
SEVIR_2G079500v2	65.545275
SEVIR_2G079600v2	0.51959
SEVIR_2G079700v2	226.382404
SEVIR_2G079733v2	13.335619
SEVIR_2G079766v2	0
SEVIR_2G079800v2	25.465968
SEVIR_2G079900v2	41.825898
SEVIR_2G080000v2	4.984879
SEVIR_2G080100v2	46.552282
SEVIR_2G080200v2	18.497524
SEVIR_2G080300v2	0
SEVIR_2G080400v2	0
SEVIR_2G080500v2	0
SEVIR_2G080600v2	0
SEVIR_2G080700v2	0.007279
SEVIR_2G080800v2	0
SEVIR_2G080900v2	0.195577
SEVIR_2G081000v2	0
SEVIR_2G081100v2	0
SEVIR_2G081200v2	0.414905
SEVIR_2G081233v2	0
SEVIR_2G081266v2	0.816736
SEVIR_2G081300v2	7.169393
SEVIR_2G081350v2	0
SEVIR_2G081400v2	0
SEVIR_2G081500v2	0.082834
SEVIR_2G081600v2	124.079372
SEVIR_2G081700v2	192.680848
SEVIR_2G081800v2	73.198433
SEVIR_2G081900v2	0
SEVIR_2G082000v2	0
SEVIR_2G082100v2	7.354011
SEVIR_2G082200v2	352.445415
SEVIR_2G082400v2	0
SEVIR_2G082500v2	0
SEVIR_2G082600v2	0
SEVIR_2G082700v2	0.051415
SEVIR_2G082800v2	0.378951
SEVIR_2G082900v2	14.376998
SEVIR_2G082966v2	0.814278
SEVIR_2G083032v2	0.930374
SEVIR_2G083100v2	0.019406
SEVIR_2G083200v2	0.048222
SEVIR_2G083250v2	0.966528
SEVIR_2G083300v2	0.239343
SEVIR_2G083575v2	13.615645
SEVIR_2G083850v2	0.031682
SEVIR_2G084125v2	0
SEVIR_2G084400v2	145.426122
SEVIR_2G084500v2	95.027015
SEVIR_2G084600v2	123.836028
SEVIR_2G084700v2	7.611041
SEVIR_2G084800v2	30.892944
SEVIR_2G084900v2	0
SEVIR_2G085000v2	47.51461
SEVIR_2G085100v2	21.746278
SEVIR_2G085200v2	0
SEVIR_2G085300v2	0
SEVIR_2G085500v2	0.743592
SEVIR_2G085600v2	33.392475
SEVIR_2G085700v2	17.79948
SEVIR_2G085800v2	1.994312
SEVIR_2G085900v2	51.786683
SEVIR_2G085950v2	0
SEVIR_2G086000v2	21.19095
SEVIR_2G086100v2	0.316873
SEVIR_2G086200v2	2.854785
SEVIR_2G086300v2	23.323051
SEVIR_2G086400v2	0.014939
SEVIR_2G086450v2	0
SEVIR_2G086500v2	0
SEVIR_2G086601v2	0
SEVIR_2G086700v2	0
SEVIR_2G086800v2	138.149224
SEVIR_2G086900v2	0
SEVIR_2G087000v2	0
SEVIR_2G087100v2	18.043922
SEVIR_2G087200v2	1.87397
SEVIR_2G087300v2	1.241082
SEVIR_2G087400v2	0
SEVIR_2G087500v2	167.449594
SEVIR_2G087600v2	718.026663
SEVIR_2G087700v2	0
SEVIR_2G087800v2	0
SEVIR_2G087900v2	0
SEVIR_2G088000v2	7.593882
SEVIR_2G088200v2	5.669392
SEVIR_2G088300v2	0.172994
SEVIR_2G088400v2	0
SEVIR_2G088500v2	149.178273
SEVIR_2G088600v2	0
SEVIR_2G088675v2	0
SEVIR_2G088750v2	8.894063
SEVIR_2G088825v2	0
SEVIR_2G088900v2	0
SEVIR_2G088950v2	0.074141
SEVIR_2G089000v2	0
SEVIR_2G089100v2	0
SEVIR_2G089200v2	0
SEVIR_2G089300v2	0
SEVIR_2G089366v2	0
SEVIR_2G089432v2	0.023868
SEVIR_2G089500v2	2.685397
SEVIR_2G089600v2	0.142598
SEVIR_2G089700v2	0.148566
SEVIR_2G089800v2	0
SEVIR_2G089900v2	0
SEVIR_2G089966v2	0
SEVIR_2G090032v2	0
SEVIR_2G090100v2	20.600773
SEVIR_2G090200v2	0.077419
SEVIR_2G090300v2	0
SEVIR_2G090400v2	0
SEVIR_2G090500v2	9.577304
SEVIR_2G090600v2	0.063097
SEVIR_2G090701v2	0.936356
SEVIR_2G090800v2	8.191576
SEVIR_2G090900v2	12.067103
SEVIR_2G090950v2	54.009934
SEVIR_2G091000v2	5.300894
SEVIR_2G091100v2	3.316422
SEVIR_2G091200v2	132.590856
SEVIR_2G091250v2	0.499117
SEVIR_2G091300v2	10.295062
SEVIR_2G091400v2	10.803633
SEVIR_2G091500v2	13.68447
SEVIR_2G091600v2	2.931824
SEVIR_2G091700v2	1.05773
SEVIR_2G091800v2	0
SEVIR_2G091900v2	0
SEVIR_2G092000v2	0
SEVIR_2G092100v2	0
SEVIR_2G092200v2	0.069828
SEVIR_2G092300v2	11.918089
SEVIR_2G092400v2	1.737462
SEVIR_2G092500v2	12.13642
SEVIR_2G092600v2	108.75918
SEVIR_2G092700v2	18.826707
SEVIR_2G092800v2	15.39932
SEVIR_2G092900v2	0
SEVIR_2G093000v2	0
SEVIR_2G093100v2	0.015496
SEVIR_2G093200v2	5.340519
SEVIR_2G093300v2	22.962037
SEVIR_2G093380v2	28.265521
SEVIR_2G093460v2	2.204262
SEVIR_2G093540v2	3.958725
SEVIR_2G093620v2	4.069753
SEVIR_2G093700v2	1.887885
SEVIR_2G093750v2	7.966536
SEVIR_2G093800v2	55.424266
SEVIR_2G093900v2	0
SEVIR_2G094000v2	0
SEVIR_2G094100v2	118.713573
SEVIR_2G094200v2	0.01375
SEVIR_2G094300v2	13.420679
SEVIR_2G094400v2	2.527843
SEVIR_2G094500v2	98.460037
SEVIR_2G094533v2	0.323609
SEVIR_2G094566v2	19.290832
SEVIR_2G094600v2	24.00969
SEVIR_2G094700v2	1.69252
SEVIR_2G094800v2	0.023447
SEVIR_2G094900v2	36.496396
SEVIR_2G095000v2	0.088726
SEVIR_2G095100v2	7.115972
SEVIR_2G095200v2	0.989343
SEVIR_2G095240v2	0
SEVIR_2G095280v2	0
SEVIR_2G095320v2	0
SEVIR_2G095360v2	0.302677
SEVIR_2G095400v2	0.39648
SEVIR_2G095501v2	0.16041
SEVIR_2G095600v2	0.149918
SEVIR_2G095700v2	0.079348
SEVIR_2G095800v2	0.082785
SEVIR_2G095850v2	0
SEVIR_2G095900v2	0
SEVIR_2G095950v2	0
SEVIR_2G096000v2	0.032384
SEVIR_2G096100v2	2.146812
SEVIR_2G096201v2	1.247188
SEVIR_2G096300v2	1.086636
SEVIR_2G096400v2	0.08632
SEVIR_2G096500v2	1.168558
SEVIR_2G096600v2	6.469132
SEVIR_2G096625v2	3.448747
SEVIR_2G096650v2	2.312508
SEVIR_2G096675v2	4.695709
SEVIR_2G096700v2	0.615811
SEVIR_2G096800v2	0.354122
SEVIR_2G096900v2	0
SEVIR_2G097000v2	0.389896
SEVIR_2G097100v2	0.02929
SEVIR_2G097200v2	0.050792
SEVIR_2G097300v2	0
SEVIR_2G097400v2	0
SEVIR_2G097500v2	36.969595
SEVIR_2G097600v2	0.450511
SEVIR_2G097650v2	0
SEVIR_2G097700v2	10.163193
SEVIR_2G097800v2	37.024634
SEVIR_2G097900v2	5.699373
SEVIR_2G098000v2	0.131448
SEVIR_2G098100v2	0.786001
SEVIR_2G098200v2	1.718132
SEVIR_2G098300v2	2.151422
SEVIR_2G098400v2	133.278857
SEVIR_2G098500v2	3.693417
SEVIR_2G098550v2	0
SEVIR_2G098600v2	1.616941
SEVIR_2G098700v2	60.23534
SEVIR_2G098800v2	13.40106
SEVIR_2G098900v2	33.202655
SEVIR_2G099000v2	28.429426
SEVIR_2G099100v2	4.615244
SEVIR_2G099200v2	0
SEVIR_2G099300v2	1.030239
SEVIR_2G099400v2	0.054386
SEVIR_2G099450v2	0
SEVIR_2G099500v2	0
SEVIR_2G099600v2	10.252339
SEVIR_2G099800v2	0
SEVIR_2G099900v2	3.1872
SEVIR_2G100000v2	7.799124
SEVIR_2G100100v2	8.040367
SEVIR_2G100200v2	47.801523
SEVIR_2G100300v2	22.840708
SEVIR_2G100400v2	3.383483
SEVIR_2G100500v2	45.494516
SEVIR_2G100600v2	36.094977
SEVIR_2G100700v2	1.045827
SEVIR_2G100801v2	21.107981
SEVIR_2G100900v2	0
SEVIR_2G101000v2	0.348338
SEVIR_2G101100v2	1.270938
SEVIR_2G101150v2	2.540585
SEVIR_2G101200v2	16.261358
SEVIR_2G101300v2	0
SEVIR_2G101400v2	7.799594
SEVIR_2G101500v2	4.068617
SEVIR_2G101600v2	3.868456
SEVIR_2G101700v2	82.837479
SEVIR_2G101750v2	27.281841
SEVIR_2G101800v2	20.613226
SEVIR_2G101900v2	21.360858
SEVIR_2G102000v2	0.022089
SEVIR_2G102100v2	18.708202
SEVIR_2G102200v2	0
SEVIR_2G102300v2	1.02382
SEVIR_2G102400v2	85.559191
SEVIR_2G102500v2	1.686731
SEVIR_2G102600v2	15.317769
SEVIR_2G102700v2	8.239376
SEVIR_2G102800v2	4.144932
SEVIR_2G102900v2	2.680782
SEVIR_2G103000v2	8.642363
SEVIR_2G103100v2	0.044801
SEVIR_2G103200v2	0
SEVIR_2G103300v2	30.643459
SEVIR_2G103400v2	2.312285
SEVIR_2G103500v2	0
SEVIR_2G103600v2	0
SEVIR_2G103700v2	0
SEVIR_2G103800v2	0
SEVIR_2G103900v2	0
SEVIR_2G104000v2	0
SEVIR_2G104100v2	0
SEVIR_2G104125v2	0
SEVIR_2G104150v2	0
SEVIR_2G104175v2	0.547242
SEVIR_2G104200v2	0.198014
SEVIR_2G104300v2	5.780487
SEVIR_2G104400v2	0
SEVIR_2G104501v2	0.661071
SEVIR_2G104600v2	6.11518
SEVIR_2G104700v2	5.466384
SEVIR_2G104800v2	0
SEVIR_2G104900v2	0
SEVIR_2G105000v2	0.595279
SEVIR_2G105100v2	1.722291
SEVIR_2G105200v2	0
SEVIR_2G105300v2	0
SEVIR_2G105400v2	0
SEVIR_2G105500v2	0
SEVIR_2G105700v2	0.012226
SEVIR_2G105800v2	0
SEVIR_2G105900v2	0.100788
SEVIR_2G106000v2	136.228899
SEVIR_2G106100v2	65.454532
SEVIR_2G106200v2	2.432737
SEVIR_2G106300v2	0.938913
SEVIR_2G106400v2	0.6884
SEVIR_2G106500v2	0.691941
SEVIR_2G106600v2	2.012762
SEVIR_2G106700v2	2.634633
SEVIR_2G106800v2	0.546838
SEVIR_2G106900v2	31.606744
SEVIR_2G107000v2	0
SEVIR_2G107100v2	0
SEVIR_2G107300v2	0.77371
SEVIR_2G107400v2	16.043515
SEVIR_2G107500v2	0.984479
SEVIR_2G107600v2	6.029075
SEVIR_2G107650v2	9.187471
SEVIR_2G107700v2	1.934513
SEVIR_2G107801v2	0.378645
SEVIR_2G107900v2	0
SEVIR_2G108100v2	0
SEVIR_2G108200v2	15.858226
SEVIR_2G108300v2	1.212371
SEVIR_2G108400v2	1.850849
SEVIR_2G108500v2	0.070376
SEVIR_2G108600v2	1.589599
SEVIR_2G108700v2	0
SEVIR_2G108800v2	0
SEVIR_2G109000v2	0
SEVIR_2G109100v2	0.042515
SEVIR_2G109200v2	0.065864
SEVIR_2G109300v2	0
SEVIR_2G109400v2	288.241923
SEVIR_2G109500v2	4.083438
SEVIR_2G109600v2	0
SEVIR_2G109701v2	5.796688
SEVIR_2G109800v2	0
SEVIR_2G109900v2	0
SEVIR_2G110000v2	10.190854
SEVIR_2G110100v2	0
SEVIR_2G110200v2	11.886571
SEVIR_2G110250v2	0.224535
SEVIR_2G110300v2	0
SEVIR_2G110400v2	4.140845
SEVIR_2G110600v2	0
SEVIR_2G110700v2	1.001278
SEVIR_2G111000v2	0
SEVIR_2G111100v2	0.39758
SEVIR_2G111200v2	0.313439
SEVIR_2G111300v2	0.849475
SEVIR_2G111400v2	1.775523
SEVIR_2G111450v2	0
SEVIR_2G111500v2	0
SEVIR_2G111600v2	0
SEVIR_2G111700v2	1.740512
SEVIR_2G111800v2	0.303168
SEVIR_2G111900v2	17.815939
SEVIR_2G112000v2	0.296054
SEVIR_2G112200v2	1.815007
SEVIR_2G112300v2	59.587489
SEVIR_2G112400v2	0
SEVIR_2G112500v2	0.045018
SEVIR_2G112600v2	95.982799
SEVIR_2G112700v2	0.697235
SEVIR_2G112800v2	67.55645
SEVIR_2G112900v2	7.019641
SEVIR_2G113000v2	2.643962
SEVIR_2G113100v2	0
SEVIR_2G113200v2	1.521533
SEVIR_2G113300v2	0
SEVIR_2G113400v2	0.322924
SEVIR_2G113500v2	0.103572
SEVIR_2G113600v2	11.693751
SEVIR_2G113700v2	1.145646
SEVIR_2G113800v2	13.140159
SEVIR_2G113750v2	0
SEVIR_2G113900v2	14.615582
SEVIR_2G114000v2	28.451509
SEVIR_2G114100v2	4.720846
SEVIR_2G114200v2	34.511523
SEVIR_2G114300v2	0
SEVIR_2G114400v2	4.869098
SEVIR_2G114500v2	0.08583
SEVIR_2G114600v2	0
SEVIR_2G114700v2	26.11669
SEVIR_2G114800v2	7.405182
SEVIR_2G114850v2	2.046263
SEVIR_2G114900v2	1.588462
SEVIR_2G115000v2	9.288598
SEVIR_2G115100v2	6.246069
SEVIR_2G115200v2	2.23928
SEVIR_2G115300v2	20.433947
SEVIR_2G115400v2	32.676063
SEVIR_2G115500v2	24.275946
SEVIR_2G115600v2	3.226812
SEVIR_2G115700v2	4.291832
SEVIR_2G115900v2	27.099572
SEVIR_2G116100v2	0
SEVIR_2G116200v2	73.03034
SEVIR_2G116300v2	36.545804
SEVIR_2G116400v2	1.3552
SEVIR_2G116500v2	1.169909
SEVIR_2G116600v2	8.47449
SEVIR_2G116700v2	0.344477
SEVIR_2G116801v2	93.944117
SEVIR_2G116900v2	166.023724
SEVIR_2G117000v2	0
SEVIR_2G117100v2	38.685627
SEVIR_2G117200v2	11.400146
SEVIR_2G117300v2	0.241178
SEVIR_2G117366v2	8.386247
SEVIR_2G117432v2	3.779107
SEVIR_2G117500v2	37.706699
SEVIR_2G117600v2	0
SEVIR_2G117700v2	26.409645
SEVIR_2G117800v2	190.635656
SEVIR_2G117833v2	0
SEVIR_2G117866v2	2.973225
SEVIR_2G117900v2	5.728232
SEVIR_2G118000v2	1.120171
SEVIR_2G118100v2	0.930238
SEVIR_2G118200v2	0
SEVIR_2G118300v2	0.581717
SEVIR_2G118400v2	0
SEVIR_2G118600v2	2.985735
SEVIR_2G118700v2	0
SEVIR_2G118800v2	14.858694
SEVIR_2G118900v2	8.599453
SEVIR_2G119000v2	16.499362
SEVIR_2G119100v2	0.159031
SEVIR_2G119200v2	0
SEVIR_2G119300v2	0
SEVIR_2G119400v2	4.535979
SEVIR_2G119500v2	2.348217
SEVIR_2G119600v2	19.433896
SEVIR_2G119700v2	15.077937
SEVIR_2G119750v2	0
SEVIR_2G119800v2	0
SEVIR_2G119900v2	0
SEVIR_2G120000v2	15.8164
SEVIR_2G120101v2	0.210603
SEVIR_2G120200v2	0.108055
SEVIR_2G120300v2	0.497909
SEVIR_2G120400v2	29.269167
SEVIR_2G120500v2	15.281534
SEVIR_2G120600v2	17.612924
SEVIR_2G120700v2	0.351624
SEVIR_2G120800v2	8.312544
SEVIR_2G120850v2	3.578022
SEVIR_2G120900v2	72.266753
SEVIR_2G121000v2	1.739776
SEVIR_2G121100v2	4.128074
SEVIR_2G121150v2	25.673408
SEVIR_2G121200v2	0.104222
SEVIR_2G121300v2	0
SEVIR_2G121400v2	0
SEVIR_2G121500v2	0.667166
SEVIR_2G121600v2	98.315222
SEVIR_2G121700v2	1.72712
SEVIR_2G121800v2	0.13759
SEVIR_2G122000v2	2.634831
SEVIR_2G122050v2	0
SEVIR_2G122100v2	2.791107
SEVIR_2G122200v2	0
SEVIR_2G122250v2	0
SEVIR_2G122300v2	0
SEVIR_2G122350v2	0.408669
SEVIR_2G122400v2	0
SEVIR_2G122500v2	0
SEVIR_2G122600v2	20.93513
SEVIR_2G122800v2	0
SEVIR_2G122900v2	0.987707
SEVIR_2G123000v2	0
SEVIR_2G123100v2	0
SEVIR_2G123200v2	0
SEVIR_2G123300v2	11.602287
SEVIR_2G123400v2	10.821667
SEVIR_2G123500v2	11.579441
SEVIR_2G123600v2	15.982957
SEVIR_2G123700v2	0.995817
SEVIR_2G123750v2	3.409175
SEVIR_2G123800v2	0.434215
SEVIR_2G123900v2	0
SEVIR_2G124000v2	28.668416
SEVIR_2G124100v2	0.070068
SEVIR_2G124200v2	35.396579
SEVIR_2G124300v2	19.846463
SEVIR_2G124400v2	23.542515
SEVIR_2G124500v2	2.46754
SEVIR_2G124600v2	9.861002
SEVIR_2G124700v2	0
SEVIR_2G124900v2	0
SEVIR_2G125000v2	16.605588
SEVIR_2G125100v2	0.138506
SEVIR_2G125200v2	0
SEVIR_2G125300v2	0.26096
SEVIR_2G125400v2	0
SEVIR_2G125450v2	0.100517
SEVIR_2G125500v2	0.109657
SEVIR_2G125601v2	0.07281
SEVIR_2G125700v2	9.279441
SEVIR_2G125800v2	47.685983
SEVIR_2G125900v2	2.424153
SEVIR_2G125975v2	0.431653
SEVIR_2G126050v2	0.558152
SEVIR_2G126125v2	0.184387
SEVIR_2G126200v2	74.018041
SEVIR_2G126300v2	0
SEVIR_2G126400v2	83.181841
SEVIR_2G126500v2	0
SEVIR_2G126600v2	0
SEVIR_2G126700v2	0.103417
SEVIR_2G126800v2	0.017688
SEVIR_2G126900v2	5.438077
SEVIR_2G127000v2	1.741219
SEVIR_2G127100v2	204.251322
SEVIR_2G127200v2	0
SEVIR_2G127300v2	0.056512
SEVIR_2G127350v2	0
SEVIR_2G127400v2	0
SEVIR_2G127466v2	0
SEVIR_2G127532v2	0.022312
SEVIR_2G127600v2	21.831756
SEVIR_2G127700v2	21.591
SEVIR_2G127800v2	178.45377
SEVIR_2G127850v2	0.608555
SEVIR_2G127900v2	0
SEVIR_2G128000v2	1102.082163
SEVIR_2G128100v2	83.662714
SEVIR_2G128200v2	344.973524
SEVIR_2G128300v2	810.828426
SEVIR_2G128400v2	35.478404
SEVIR_2G128500v2	0
SEVIR_2G128600v2	0.086323
SEVIR_2G128700v2	0
SEVIR_2G128900v2	0
SEVIR_2G129000v2	43.177654
SEVIR_2G129100v2	2.399903
SEVIR_2G129200v2	30.640987
SEVIR_2G129233v2	1.418502
SEVIR_2G129266v2	0
SEVIR_2G129300v2	25.41802
SEVIR_2G129400v2	2.090106
SEVIR_2G129500v2	0.194467
SEVIR_2G129600v2	11.814859
SEVIR_2G129800v2	50.614001
SEVIR_2G129900v2	12.754912
SEVIR_2G130000v2	2.008844
SEVIR_2G130100v2	14.109054
SEVIR_2G130200v2	10.025774
SEVIR_2G130250v2	0.405711
SEVIR_2G130300v2	0
SEVIR_2G130400v2	5.294583
SEVIR_2G130500v2	2.262794
SEVIR_2G130700v2	12.74674
SEVIR_2G130600v2	0
SEVIR_2G130800v2	57.039503
SEVIR_2G131000v2	0.141646
SEVIR_2G131100v2	0.597535
SEVIR_2G131200v2	0
SEVIR_2G131300v2	0
SEVIR_2G131400v2	0
SEVIR_2G131450v2	0.17282
SEVIR_2G131500v2	0.032258
SEVIR_2G131600v2	0
SEVIR_2G131700v2	0.042304
SEVIR_2G131900v2	0.065121
SEVIR_2G132000v2	0.374727
SEVIR_2G132100v2	0.055803
SEVIR_2G132200v2	2.616967
SEVIR_2G132250v2	1.699757
SEVIR_2G132300v2	194.954481
SEVIR_2G132400v2	24.151446
SEVIR_2G132500v2	35.02009
SEVIR_2G132600v2	0.847734
SEVIR_2G132700v2	95.197318
SEVIR_2G132750v2	0
SEVIR_2G132800v2	8.215434
SEVIR_2G132900v2	0.137028
SEVIR_2G133000v2	0
SEVIR_2G133100v2	0
SEVIR_2G133200v2	2.262003
SEVIR_2G133300v2	0.020999
SEVIR_2G133400v2	2.28099
SEVIR_2G133500v2	71.410515
SEVIR_2G133700v2	4.183818
SEVIR_2G133800v2	0.071023
SEVIR_2G134000v2	12.323236
SEVIR_2G134100v2	76.057531
SEVIR_2G134200v2	36.651035
SEVIR_2G134300v2	33.953646
SEVIR_2G134400v2	3.613032
SEVIR_2G134450v2	13.692484
SEVIR_2G134500v2	0
SEVIR_2G134600v2	9.691027
SEVIR_2G134800v2	1.228322
SEVIR_2G134900v2	23.272701
SEVIR_2G135000v2	10.801301
SEVIR_2G135100v2	0.414358
SEVIR_2G135200v2	10.928111
SEVIR_2G135300v2	13.791062
SEVIR_2G135400v2	41.914722
SEVIR_2G135500v2	15.147781
SEVIR_2G135600v2	3.911005
SEVIR_2G135700v2	26.471831
SEVIR_2G135800v2	66.715974
SEVIR_2G135900v2	5.447502
SEVIR_2G136000v2	25.198261
SEVIR_2G136100v2	9.916359
SEVIR_2G136200v2	0.230103
SEVIR_2G136301v2	1.092
SEVIR_2G117400v2	15.768501
SEVIR_2G136400v2	3.779571
SEVIR_2G136500v2	32.449493
SEVIR_2G136600v2	0
SEVIR_2G136700v2	0
SEVIR_2G136800v2	13.314798
SEVIR_2G136900v2	47.45462
SEVIR_2G137000v2	12.818478
SEVIR_2G137100v2	11.429687
SEVIR_2G137201v2	28.238248
SEVIR_2G137300v2	1.490254
SEVIR_2G137400v2	44.638852
SEVIR_2G137500v2	0
SEVIR_2G137600v2	6.73674
SEVIR_2G137700v2	0
SEVIR_2G137800v2	14.709243
SEVIR_2G137901v2	18.508461
SEVIR_2G138000v2	258.864362
SEVIR_2G138100v2	9.78226
SEVIR_2G138201v2	119.660979
SEVIR_2G138300v2	60.639682
SEVIR_2G138400v2	5.557322
SEVIR_2G138500v2	2.925038
SEVIR_2G138600v2	63.955871
SEVIR_2G138700v2	25.782764
SEVIR_2G138800v2	192.624729
SEVIR_2G138900v2	7.583591
SEVIR_2G139000v2	26.088693
SEVIR_2G139100v2	1209.357089
SEVIR_2G139200v2	0
SEVIR_2G139300v2	0
SEVIR_2G139400v2	0
SEVIR_2G139500v2	852.631598
SEVIR_2G139600v2	561.968574
SEVIR_2G139700v2	0.030824
SEVIR_2G139800v2	0
SEVIR_2G139900v2	27.639733
SEVIR_2G140000v2	16.567668
SEVIR_2G140100v2	4.853708
SEVIR_2G140200v2	12.054499
SEVIR_2G140300v2	14.209337
SEVIR_2G140400v2	0.047736
SEVIR_2G140500v2	16.439764
SEVIR_2G140600v2	10.587669
SEVIR_2G140700v2	2.063152
SEVIR_2G140800v2	0.842614
SEVIR_2G140900v2	15.598815
SEVIR_2G141000v2	0.447044
SEVIR_2G141100v2	12.22791
SEVIR_2G141200v2	14.730007
SEVIR_2G141300v2	70.593003
SEVIR_2G141400v2	0
SEVIR_2G141500v2	2.499977
SEVIR_2G141600v2	18.412387
SEVIR_2G141700v2	4.79517
SEVIR_2G141750v2	12.196726
SEVIR_2G141800v2	1.446212
SEVIR_2G141900v2	0.296762
SEVIR_2G142000v2	5.734455
SEVIR_2G142050v2	0
SEVIR_2G142100v2	1.267102
SEVIR_2G142200v2	4.808403
SEVIR_2G142300v2	0.054297
SEVIR_2G142500v2	0.793102
SEVIR_2G142400v2	0
SEVIR_2G142550v2	3.580485
SEVIR_2G142600v2	27.942924
SEVIR_2G142700v2	0.793499
SEVIR_2G142800v2	5.286201
SEVIR_2G142950v2	8.677612
SEVIR_2G143100v2	43.766658
SEVIR_2G143200v2	0
SEVIR_2G143300v2	6.242919
SEVIR_2G143400v2	19.509116
SEVIR_2G143500v2	14.070034
SEVIR_2G143700v2	1.858088
SEVIR_2G143800v2	9.562801
SEVIR_2G143900v2	7.249795
SEVIR_2G144000v2	0
SEVIR_2G144100v2	0.183781
SEVIR_2G144200v2	0
SEVIR_2G144400v2	3.923071
SEVIR_2G144500v2	0.029196
SEVIR_2G144600v2	22.092574
SEVIR_2G144700v2	14.366148
SEVIR_2G144800v2	0.261641
SEVIR_2G144901v2	0.149885
SEVIR_2G145000v2	26.351306
SEVIR_2G145100v2	0.552302
SEVIR_2G145200v2	24.525867
SEVIR_2G145300v2	0.432394
SEVIR_2G145400v2	26.295303
SEVIR_2G145500v2	15.078062
SEVIR_2G145600v2	11.062159
SEVIR_2G145700v2	0.026942
SEVIR_2G145800v2	10.691511
SEVIR_2G145900v2	0
SEVIR_2G146000v2	5.305614
SEVIR_2G146100v2	0
SEVIR_2G146200v2	0.082144
SEVIR_2G146300v2	10.292456
SEVIR_2G146400v2	0.376086
SEVIR_2G146450v2	0.649446
SEVIR_2G146500v2	5.063879
SEVIR_2G146600v2	21.550121
SEVIR_2G146700v2	0.262356
SEVIR_2G146800v2	0.103634
SEVIR_2G146900v2	29.425673
SEVIR_2G147000v2	7.874288
SEVIR_2G147100v2	165.766747
SEVIR_2G147166v2	0.589027
SEVIR_2G147232v2	0.527376
SEVIR_2G147300v2	0
SEVIR_2G147400v2	16.916099
SEVIR_2G147600v2	5.508617
SEVIR_2G147650v2	0.25591
SEVIR_2G147701v2	0
SEVIR_2G147751v2	0.852073
SEVIR_2G147800v2	0
SEVIR_2G147900v2	6.516057
SEVIR_2G148000v2	13.47756
SEVIR_2G148050v2	0
SEVIR_2G148100v2	5.655765
SEVIR_2G148200v2	70.000872
SEVIR_2G148300v2	19.195984
SEVIR_2G148400v2	38.768987
SEVIR_2G148500v2	0
SEVIR_2G148550v2	0
SEVIR_2G148600v2	3.62631
SEVIR_2G148700v2	0.250404
SEVIR_2G148800v2	12.565005
SEVIR_2G148900v2	29.126026
SEVIR_2G149000v2	4.066861
SEVIR_2G149050v2	0.217173
SEVIR_2G149100v2	4.13222
SEVIR_2G149200v2	8.620619
SEVIR_2G149300v2	0
SEVIR_2G149400v2	7.954097
SEVIR_2G149500v2	0
SEVIR_2G149600v2	0
SEVIR_2G149700v2	0
SEVIR_2G149800v2	18.892188
SEVIR_2G149900v2	3.750211
SEVIR_2G150000v2	32.030363
SEVIR_2G150100v2	0.985914
SEVIR_2G150200v2	1.562824
SEVIR_2G150300v2	0
SEVIR_2G150400v2	0.469149
SEVIR_2G150600v2	0.674723
SEVIR_2G150701v2	0
SEVIR_2G150800v2	0
SEVIR_2G150900v2	0
SEVIR_2G151000v2	50.228412
SEVIR_2G151100v2	0.067305
SEVIR_2G151200v2	22.451678
SEVIR_2G151300v2	28.354677
SEVIR_2G151400v2	0
SEVIR_2G151500v2	375.811737
SEVIR_2G151600v2	3.308027
SEVIR_2G151800v2	0.747447
SEVIR_2G151900v2	0
SEVIR_2G152000v2	4.155415
SEVIR_2G152100v2	0.181619
SEVIR_2G152200v2	0
SEVIR_2G152300v2	0.483698
SEVIR_2G152400v2	0
SEVIR_2G152500v2	5.823728
SEVIR_2G152550v2	0
SEVIR_2G152600v2	0.199603
SEVIR_2G152700v2	10.851713
SEVIR_2G152800v2	0
SEVIR_2G152900v2	19.829918
SEVIR_2G153000v2	0
SEVIR_2G153200v2	3.459154
SEVIR_2G153250v2	0
SEVIR_2G153300v2	38.766482
SEVIR_2G153400v2	18.339623
SEVIR_2G153500v2	1.05073
SEVIR_2G153600v2	34.549062
SEVIR_2G153700v2	17.659654
SEVIR_2G153900v2	0
SEVIR_2G154001v2	1.151097
SEVIR_2G154100v2	33.40397
SEVIR_2G154200v2	0
SEVIR_2G154300v2	1.348889
SEVIR_2G154350v2	0
SEVIR_2G154401v2	19.061691
SEVIR_2G154451v2	20.536821
SEVIR_2G154500v2	3.69122
SEVIR_2G154550v2	0.57141
SEVIR_2G154600v2	0.386611
SEVIR_2G154700v2	0
SEVIR_2G154800v2	0
SEVIR_2G154900v2	0.067427
SEVIR_2G154950v2	0.505358
SEVIR_2G155000v2	13.380311
SEVIR_2G155100v2	17.906015
SEVIR_2G155200v2	5.215919
SEVIR_2G155300v2	0
SEVIR_2G163000v2	0
SEVIR_2G162900v2	0.764114
SEVIR_2G162918v2	0
SEVIR_2G162936v2	0
SEVIR_2G162800v2	0.291445
SEVIR_2G162700v2	0
SEVIR_2G162600v2	5.828875
SEVIR_2G162500v2	18.347109
SEVIR_2G162400v2	0
SEVIR_2G162200v2	0.178772
SEVIR_2G162100v2	0
SEVIR_2G161900v2	70.342956
SEVIR_2G161918v2	0.368366
SEVIR_2G161700v2	0.020063
SEVIR_2G161600v2	0
SEVIR_2G155400v2	3.142617
SEVIR_2G155500v2	0
SEVIR_2G155600v2	0.260152
SEVIR_2G155700v2	5.90231
SEVIR_2G155800v2	7.053235
SEVIR_2G155900v2	224.448563
SEVIR_2G156000v2	23.810651
SEVIR_2G156100v2	0.65753
SEVIR_2G156300v2	11.542296
SEVIR_2G156400v2	75.579679
SEVIR_2G156500v2	0
SEVIR_2G156600v2	0
SEVIR_2G156800v2	0.178539
SEVIR_2G156900v2	58.647115
SEVIR_2G157100v2	2.545112
SEVIR_2G157200v2	0
SEVIR_2G157300v2	0
SEVIR_2G157400v2	0.012063
SEVIR_2G157500v2	0
SEVIR_2G157600v2	0.046931
SEVIR_2G157700v2	0
SEVIR_2G157800v2	1.533128
SEVIR_2G157818v2	1.452166
SEVIR_2G157900v2	77.994908
SEVIR_2G158000v2	15.942367
SEVIR_2G158100v2	106.580352
SEVIR_2G158200v2	24.824565
SEVIR_2G158300v2	20.011893
SEVIR_2G158400v2	6.652006
SEVIR_2G158500v2	25.805407
SEVIR_2G158600v2	6.855723
SEVIR_2G158700v2	0
SEVIR_2G158800v2	0
SEVIR_2G158818v2	0.435001
SEVIR_2G158900v2	16.936524
SEVIR_2G159000v2	0
SEVIR_2G159100v2	124.770871
SEVIR_2G159200v2	7.320441
SEVIR_2G159300v2	17.646194
SEVIR_2G159400v2	12.265003
SEVIR_2G159500v2	0.352059
SEVIR_2G159518v2	0
SEVIR_2G159600v2	2.745308
SEVIR_2G159700v2	156.409885
SEVIR_2G159800v2	96.867117
SEVIR_2G159900v2	27.345112
SEVIR_2G159918v2	0
SEVIR_2G160000v2	0
SEVIR_2G160200v2	30.907192
SEVIR_2G160300v2	0
SEVIR_2G160400v2	52.149365
SEVIR_2G160500v2	1.305351
SEVIR_2G160600v2	0
SEVIR_2G160618v2	0.576526
SEVIR_2G160700v2	3.898682
SEVIR_2G160718v2	0
SEVIR_2G160800v2	0
SEVIR_2G160900v2	0.365344
SEVIR_2G161000v2	0.360262
SEVIR_2G161200v2	14.863066
SEVIR_2G161300v2	0.223725
SEVIR_2G161400v2	0
SEVIR_2G161500v2	1.097429
SEVIR_2G161518v2	0
SEVIR_2G163100v2	0
SEVIR_2G163200v2	0
SEVIR_2G163250v2	0.554341
SEVIR_2G163300v2	0.693374
SEVIR_2G163400v2	0.223135
SEVIR_2G163500v2	0.33006
SEVIR_2G163600v2	12.868412
SEVIR_2G163700v2	190.25974
SEVIR_2G163800v2	4.035344
SEVIR_2G163900v2	76.677911
SEVIR_2G164000v2	46.197692
SEVIR_2G164100v2	366.853196
SEVIR_2G164200v2	3.632363
SEVIR_2G164300v2	0.82811
SEVIR_2G164400v2	2.511811
SEVIR_2G164500v2	0.197408
SEVIR_2G164600v2	0
SEVIR_2G164700v2	5.545181
SEVIR_2G164800v2	1.918119
SEVIR_2G164900v2	0.265624
SEVIR_2G164933v2	2.320119
SEVIR_2G164966v2	0
SEVIR_2G164999v2	0
SEVIR_2G165032v2	0.375009
SEVIR_2G165065v2	0.84924
SEVIR_2G165100v2	57.692856
SEVIR_2G165200v2	0.224203
SEVIR_2G165300v2	0.015844
SEVIR_2G165333v2	15.230783
SEVIR_2G165366v2	2.282081
SEVIR_2G165399v2	1.88357
SEVIR_2G165432v2	0.116393
SEVIR_2G165465v2	0.079228
SEVIR_2G165500v2	3.630214
SEVIR_2G165600v2	19.387813
SEVIR_2G165700v2	0
SEVIR_2G165800v2	1.437452
SEVIR_2G165900v2	0.706096
SEVIR_2G166000v2	5.963275
SEVIR_2G166100v2	47.412023
SEVIR_2G166200v2	0
SEVIR_2G166300v2	0.035061
SEVIR_2G166400v2	0.109344
SEVIR_2G166500v2	0
SEVIR_2G166600v2	0
SEVIR_2G166700v2	12.963019
SEVIR_2G166800v2	0
SEVIR_2G167000v2	12.138627
SEVIR_2G167100v2	2.861465
SEVIR_2G167200v2	16.789846
SEVIR_2G167300v2	38.939563
SEVIR_2G167400v2	0
SEVIR_2G167500v2	26.585064
SEVIR_2G167600v2	36.871979
SEVIR_2G167700v2	0
SEVIR_2G167800v2	71.868551
SEVIR_2G167900v2	17.178539
SEVIR_2G168000v2	7.096278
SEVIR_2G168100v2	0.625563
SEVIR_2G168200v2	6.599793
SEVIR_2G168300v2	0
SEVIR_2G168400v2	0.366477
SEVIR_2G168450v2	0
SEVIR_2G168500v2	0
SEVIR_2G168600v2	9.811853
SEVIR_2G168700v2	3.02117
SEVIR_2G168750v2	0
SEVIR_2G168800v2	29.273075
SEVIR_2G168901v2	32.861962
SEVIR_2G169000v2	38.35486
SEVIR_2G169100v2	10.638489
SEVIR_2G169200v2	12.405419
SEVIR_2G169300v2	0.102308
SEVIR_2G169450v2	1.192427
SEVIR_2G169600v2	0
SEVIR_2G169700v2	0
SEVIR_2G169800v2	0.580302
SEVIR_2G170000v2	39.015135
SEVIR_2G170100v2	6.224572
SEVIR_2G170300v2	7.41523
SEVIR_2G170400v2	41.73146
SEVIR_2G170500v2	10.984302
SEVIR_2G170600v2	0
SEVIR_2G170700v2	1.894924
SEVIR_2G170800v2	0
SEVIR_2G170900v2	0
SEVIR_2G171000v2	10.274785
SEVIR_2G171100v2	41.387822
SEVIR_2G171200v2	6.952199
SEVIR_2G171300v2	4.357069
SEVIR_2G171333v2	28.2978
SEVIR_2G171366v2	0
SEVIR_2G171400v2	23.897911
SEVIR_2G171500v2	0
SEVIR_2G171550v2	0.040736
SEVIR_2G171600v2	178.726121
SEVIR_2G171700v2	0.029703
SEVIR_2G171800v2	0
SEVIR_2G171850v2	0
SEVIR_2G171900v2	0
SEVIR_2G172000v2	122.387138
SEVIR_2G172100v2	1.527242
SEVIR_2G172200v2	1.628393
SEVIR_2G172300v2	0.440503
SEVIR_2G172350v2	0
SEVIR_2G172400v2	0
SEVIR_2G172500v2	10.67889
SEVIR_2G172600v2	2.3288
SEVIR_2G172700v2	8.354003
SEVIR_2G172800v2	1.187789
SEVIR_2G172900v2	29.845911
SEVIR_2G172933v2	22.882656
SEVIR_2G172966v2	0.032153
SEVIR_2G173000v2	3.56588
SEVIR_2G173100v2	0.745479
SEVIR_2G173200v2	19.528513
SEVIR_2G173400v2	22.893636
SEVIR_2G173450v2	0.059575
SEVIR_2G173500v2	1.00953
SEVIR_2G173600v2	0.491817
SEVIR_2G173700v2	1.410773
SEVIR_2G173800v2	2.04258
SEVIR_2G173900v2	3.140559
SEVIR_2G173925v2	0.13464
SEVIR_2G173950v2	0.776381
SEVIR_2G173975v2	101.050533
SEVIR_2G174000v2	275.385032
SEVIR_2G174100v2	0
SEVIR_2G174200v2	14.869666
SEVIR_2G174301v2	3.903038
SEVIR_2G174400v2	28.570812
SEVIR_2G174500v2	0.864788
SEVIR_2G174550v2	0.212678
SEVIR_2G174600v2	6.912574
SEVIR_2G174701v2	24.978049
SEVIR_2G174800v2	0.10761
SEVIR_2G174833v2	0.849348
SEVIR_2G174866v2	0
SEVIR_2G174900v2	5.523019
SEVIR_2G175000v2	23.931437
SEVIR_2G175200v2	30.549944
SEVIR_2G175300v2	0
SEVIR_2G175400v2	14.157996
SEVIR_2G175500v2	0.075043
SEVIR_2G175600v2	15.039974
SEVIR_2G175700v2	0
SEVIR_2G175800v2	0.195005
SEVIR_2G175900v2	0.122207
SEVIR_2G176000v2	0
SEVIR_2G176100v2	0.098966
SEVIR_2G176300v2	0.210893
SEVIR_2G176325v2	0
SEVIR_2G176350v2	54.947231
SEVIR_2G176375v2	2.69346
SEVIR_2G176400v2	0
SEVIR_2G176433v2	0
SEVIR_2G176466v2	0
SEVIR_2G176500v2	6.948396
SEVIR_2G176550v2	0
SEVIR_2G176600v2	0
SEVIR_2G176700v2	1.53652
SEVIR_2G176750v2	1.157513
SEVIR_2G176800v2	0
SEVIR_2G176900v2	0
SEVIR_2G177000v2	40.104641
SEVIR_2G177100v2	0.392825
SEVIR_2G177200v2	1.167023
SEVIR_2G177300v2	0.117656
SEVIR_2G177400v2	0.82121
SEVIR_2G177501v2	0.425314
SEVIR_2G177600v2	0
SEVIR_2G177700v2	3.739536
SEVIR_2G177750v2	5.79917
SEVIR_2G177800v2	5.052722
SEVIR_2G177900v2	1.353926
SEVIR_2G178000v2	31.29351
SEVIR_2G178050v2	13.44353
SEVIR_2G178100v2	3.107776
SEVIR_2G178200v2	0
SEVIR_2G178300v2	15.285115
SEVIR_2G178400v2	0
SEVIR_2G178500v2	0
SEVIR_2G178700v2	4.931913
SEVIR_2G178600v2	0
SEVIR_2G178650v2	0
SEVIR_2G178800v2	7.475263
SEVIR_2G178900v2	0
SEVIR_2G179000v2	0.081824
SEVIR_2G179100v2	0
SEVIR_2G179300v2	176.933574
SEVIR_2G179400v2	106.788358
SEVIR_2G179500v2	20.856435
SEVIR_2G179600v2	1.56714
SEVIR_2G179700v2	20.328645
SEVIR_2G179800v2	19.268905
SEVIR_2G179900v2	1.700897
SEVIR_2G180000v2	0.36112
SEVIR_2G180100v2	0
SEVIR_2G180300v2	0
SEVIR_2G180400v2	0
SEVIR_2G180500v2	62.985427
SEVIR_2G180600v2	12.662165
SEVIR_2G180700v2	1.036626
SEVIR_2G180800v2	0.086263
SEVIR_2G180900v2	11.830758
SEVIR_2G181200v2	0.775955
SEVIR_2G181300v2	2.930561
SEVIR_2G181500v2	0.023623
SEVIR_2G181400v2	0.068731
SEVIR_2G181600v2	0.021181
SEVIR_2G181750v2	0.23922
SEVIR_2G181900v2	1.760969
SEVIR_2G182000v2	0
SEVIR_2G182200v2	0.024274
SEVIR_2G182301v2	4.157619
SEVIR_2G182400v2	52.364875
SEVIR_2G182500v2	0
SEVIR_2G182600v2	3.325364
SEVIR_2G182700v2	0.284859
SEVIR_2G182800v2	22.003069
SEVIR_2G182850v2	0
SEVIR_2G182900v2	11.859615
SEVIR_2G183000v2	0.257164
SEVIR_2G183050v2	0.391214
SEVIR_2G183100v2	7.677645
SEVIR_2G183200v2	0.066508
SEVIR_2G183300v2	23.6811
SEVIR_2G183400v2	0
SEVIR_2G183500v2	1.793524
SEVIR_2G183600v2	0.366428
SEVIR_2G183700v2	3.539174
SEVIR_2G183800v2	0.048975
SEVIR_2G183900v2	41.262666
SEVIR_2G184000v2	12.014799
SEVIR_2G184100v2	31.34285
SEVIR_2G184200v2	1.227764
SEVIR_2G184301v2	0.365133
SEVIR_2G184400v2	0.240381
SEVIR_2G184532v2	1.343379
SEVIR_2G184466v2	10.931287
SEVIR_2G184600v2	0.632341
SEVIR_2G184700v2	13.69896
SEVIR_2G184800v2	19.83422
SEVIR_2G184900v2	42.901902
SEVIR_2G185000v2	0
SEVIR_2G185100v2	0.655908
SEVIR_2G185200v2	22.341167
SEVIR_2G185300v2	0
SEVIR_2G185400v2	0
SEVIR_2G185500v2	106.448817
SEVIR_2G185600v2	0.187298
SEVIR_2G185700v2	0
SEVIR_2G185800v2	15.263381
SEVIR_2G185900v2	37.649126
SEVIR_2G186000v2	0.01469
SEVIR_2G186100v2	0
SEVIR_2G186200v2	0.295011
SEVIR_2G186300v2	0
SEVIR_2G186400v2	24.961647
SEVIR_2G186500v2	2.371239
SEVIR_2G186600v2	11.475561
SEVIR_2G186700v2	0
SEVIR_2G186800v2	1.575395
SEVIR_2G186900v2	3.677275
SEVIR_2G187000v2	4.932515
SEVIR_2G187100v2	0.363817
SEVIR_2G187200v2	29.079092
SEVIR_2G187300v2	69.813053
SEVIR_2G187350v2	0.334135
SEVIR_2G187400v2	34.946866
SEVIR_2G187500v2	7.094012
SEVIR_2G187600v2	0.403229
SEVIR_2G187700v2	0.286031
SEVIR_2G187800v2	0.273412
SEVIR_2G187900v2	0.207227
SEVIR_2G188000v2	0
SEVIR_2G188200v2	0
SEVIR_2G188300v2	0
SEVIR_2G188400v2	0.407562
SEVIR_2G188450v2	0
SEVIR_2G188500v2	79.189141
SEVIR_2G188600v2	4.595818
SEVIR_2G188700v2	30.800976
SEVIR_2G188750v2	0.030442
SEVIR_2G188800v2	769.085017
SEVIR_2G188900v2	0
SEVIR_2G189000v2	299.210365
SEVIR_2G189100v2	2.209328
SEVIR_2G189200v2	0.975283
SEVIR_2G189300v2	0.108115
SEVIR_2G189400v2	2.283945
SEVIR_2G189500v2	0.069118
SEVIR_2G189600v2	110.210332
SEVIR_2G189700v2	0
SEVIR_2G189800v2	7.753174
SEVIR_2G189900v2	0
SEVIR_2G190000v2	0.372605
SEVIR_2G190101v2	1.16425
SEVIR_2G190200v2	28.258711
SEVIR_2G190300v2	2.670237
SEVIR_2G190400v2	0.473356
SEVIR_2G190500v2	17.304676
SEVIR_2G190600v2	0.028147
SEVIR_2G190700v2	0.099459
SEVIR_2G190800v2	0.124157
SEVIR_2G190900v2	91.784388
SEVIR_2G191000v2	53.440627
SEVIR_2G191100v2	0.486761
SEVIR_2G191201v2	0.060002
SEVIR_2G191300v2	74.979853
SEVIR_2G191400v2	11.276453
SEVIR_2G191500v2	0.656695
SEVIR_2G191600v2	0.116654
SEVIR_2G191700v2	62.450972
SEVIR_2G191800v2	0.508492
SEVIR_2G191900v2	0
SEVIR_2G192000v2	0
SEVIR_2G192100v2	19.326192
SEVIR_2G192201v2	1.135513
SEVIR_2G192300v2	4.494833
SEVIR_2G192400v2	0
SEVIR_2G192500v2	25.450529
SEVIR_2G192600v2	23.2392
SEVIR_2G192700v2	10.78877
SEVIR_2G192800v2	244.763948
SEVIR_2G192900v2	0.148778
SEVIR_2G192933v2	0
SEVIR_2G192966v2	0
SEVIR_2G193000v2	52.255907
SEVIR_2G193100v2	12.122147
SEVIR_2G193300v2	0.020822
SEVIR_2G193400v2	0
SEVIR_2G193500v2	16.678788
SEVIR_2G193600v2	2.784872
SEVIR_2G193700v2	3.595129
SEVIR_2G193800v2	30.843507
SEVIR_2G193900v2	11.308397
SEVIR_2G194000v2	32.281726
SEVIR_2G194100v2	10.124287
SEVIR_2G194200v2	0.045295
SEVIR_2G194300v2	7.388186
SEVIR_2G194400v2	0.278603
SEVIR_2G194500v2	111.766837
SEVIR_2G194600v2	9.450149
SEVIR_2G194700v2	4.861886
SEVIR_2G194800v2	26.22555
SEVIR_2G194900v2	95.206648
SEVIR_2G195000v2	1.508422
SEVIR_2G195050v2	0
SEVIR_2G195100v2	10.764033
SEVIR_2G195150v2	0.245184
SEVIR_2G195200v2	0
SEVIR_2G195300v2	0.194184
SEVIR_2G195350v2	0.117157
SEVIR_2G195400v2	1.637179
SEVIR_2G195500v2	0.226123
SEVIR_2G195600v2	149.765478
SEVIR_2G195700v2	2.540001
SEVIR_2G195800v2	0
SEVIR_2G195900v2	26.945166
SEVIR_2G195966v2	0.10155
SEVIR_2G196032v2	0.301486
SEVIR_2G196100v2	0.506666
SEVIR_2G196200v2	20.23591
SEVIR_2G196300v2	25.69518
SEVIR_2G196400v2	0
SEVIR_2G196500v2	0
SEVIR_2G196600v2	1.641179
SEVIR_2G196700v2	5.617028
SEVIR_2G196801v2	0.575054
SEVIR_2G196900v2	6.111873
SEVIR_2G197000v2	2.386787
SEVIR_2G197100v2	5.550612
SEVIR_2G197200v2	7.867526
SEVIR_2G197250v2	0
SEVIR_2G197300v2	20.854518
SEVIR_2G197401v2	4.694566
SEVIR_2G197500v2	1.734399
SEVIR_2G197600v2	0
SEVIR_2G197700v2	0
SEVIR_2G197800v2	19.459938
SEVIR_2G197900v2	38.221122
SEVIR_2G198000v2	22.751262
SEVIR_2G198100v2	6.004641
SEVIR_2G198200v2	0
SEVIR_2G198250v2	0
SEVIR_2G198300v2	0.024111
SEVIR_2G198400v2	1.727801
SEVIR_2G198450v2	0
SEVIR_2G198500v2	3.450105
SEVIR_2G198600v2	61.005269
SEVIR_2G198700v2	0
SEVIR_2G198801v2	30.142862
SEVIR_2G198900v2	3.538299
SEVIR_2G199000v2	1.005855
SEVIR_2G199100v2	4.548349
SEVIR_2G199200v2	14.369537
SEVIR_2G199250v2	0
SEVIR_2G199300v2	0.054289
SEVIR_2G199400v2	15.677398
SEVIR_2G199466v2	68.700483
SEVIR_2G199532v2	0.57134
SEVIR_2G199600v2	2.615281
SEVIR_2G199650v2	0
SEVIR_2G199700v2	59.924791
SEVIR_2G199800v2	0.821549
SEVIR_2G199900v2	0.234658
SEVIR_2G200000v2	1.781548
SEVIR_2G200100v2	17.493634
SEVIR_2G200200v2	15.968208
SEVIR_2G200300v2	0
SEVIR_2G200400v2	1.332964
SEVIR_2G200500v2	0
SEVIR_2G200600v2	0
SEVIR_2G200700v2	117.140411
SEVIR_2G200800v2	14.98683
SEVIR_2G200900v2	0.122714
SEVIR_2G201000v2	18.983629
SEVIR_2G201100v2	0
SEVIR_2G201200v2	22.595663
SEVIR_2G201300v2	0
SEVIR_2G201400v2	0
SEVIR_2G201450v2	0.079709
SEVIR_2G201500v2	0
SEVIR_2G201600v2	51.317437
SEVIR_2G201700v2	28.771462
SEVIR_2G201800v2	0
SEVIR_2G201850v2	1.014063
SEVIR_2G201900v2	11.865191
SEVIR_2G202000v2	6.104791
SEVIR_2G202100v2	158.300529
SEVIR_2G202200v2	13.75608
SEVIR_2G202300v2	11.477058
SEVIR_2G202400v2	0.143737
SEVIR_2G202450v2	6.509361
SEVIR_2G202500v2	82.154905
SEVIR_2G202600v2	0.086782
SEVIR_2G202650v2	0
SEVIR_2G202700v2	9.62781
SEVIR_2G202800v2	163.949693
SEVIR_2G202850v2	0.962502
SEVIR_2G202900v2	0
SEVIR_2G202950v2	0.086782
SEVIR_2G203001v2	0
SEVIR_2G203051v2	0.158896
SEVIR_2G203100v2	15.392034
SEVIR_2G203200v2	29.913607
SEVIR_2G203300v2	0
SEVIR_2G203400v2	14.467648
SEVIR_2G203500v2	5.246553
SEVIR_2G203600v2	47.681589
SEVIR_2G203700v2	13.899855
SEVIR_2G203800v2	15.427069
SEVIR_2G203900v2	5.556456
SEVIR_2G204000v2	7.686039
SEVIR_2G204100v2	2.96722
SEVIR_2G204200v2	7.839636
SEVIR_2G204250v2	0
SEVIR_2G204300v2	26.772967
SEVIR_2G204350v2	0
SEVIR_2G204400v2	8.985432
SEVIR_2G204500v2	58.36259
SEVIR_2G204600v2	0.17313
SEVIR_2G204700v2	1.601481
SEVIR_2G204800v2	7.724845
SEVIR_2G204900v2	0
SEVIR_2G205000v2	0
SEVIR_2G205100v2	0
SEVIR_2G205200v2	10.555076
SEVIR_2G205300v2	0
SEVIR_2G205350v2	1.005594
SEVIR_2G205400v2	23.553848
SEVIR_2G205450v2	0
SEVIR_2G205500v2	6.546695
SEVIR_2G205600v2	1.293031
SEVIR_2G205700v2	7.121272
SEVIR_2G206000v2	0
SEVIR_2G206100v2	6.661884
SEVIR_2G206200v2	0
SEVIR_2G206300v2	0
SEVIR_2G206400v2	0
SEVIR_2G206700v2	0.060028
SEVIR_2G206800v2	0
SEVIR_2G206850v2	0
SEVIR_2G206900v2	0
SEVIR_2G207000v2	664.505161
SEVIR_2G207100v2	430.544652
SEVIR_2G207150v2	0
SEVIR_2G207200v2	0
SEVIR_2G207300v2	40.482604
SEVIR_2G207400v2	9.594842
SEVIR_2G207500v2	15.700597
SEVIR_2G207700v2	0.332416
SEVIR_2G207800v2	0.085347
SEVIR_2G207900v2	32.463232
SEVIR_2G208000v2	0
SEVIR_2G208100v2	4.06334
SEVIR_2G208150v2	0
SEVIR_2G208200v2	5.235982
SEVIR_2G208250v2	0
SEVIR_2G208300v2	2.273455
SEVIR_2G208400v2	2.317943
SEVIR_2G208433v2	0
SEVIR_2G208466v2	0
SEVIR_2G208500v2	47.724421
SEVIR_2G208600v2	30.073898
SEVIR_2G208700v2	2.249413
SEVIR_2G208800v2	10.162994
SEVIR_2G208900v2	50.965792
SEVIR_2G209000v2	9.897649
SEVIR_2G209100v2	9.036461
SEVIR_2G209200v2	142.258672
SEVIR_2G209300v2	1.906309
SEVIR_2G209400v2	4.553428
SEVIR_2G209600v2	11.476431
SEVIR_2G209500v2	16.444921
SEVIR_2G209700v2	5.845073
SEVIR_2G209750v2	6.75256
SEVIR_2G209800v2	0
SEVIR_2G209900v2	17.643003
SEVIR_2G210000v2	3.296309
SEVIR_2G210100v2	0
SEVIR_2G210200v2	7.731725
SEVIR_2G210300v2	1.120952
SEVIR_2G210400v2	0.021583
SEVIR_2G210500v2	1.28009
SEVIR_2G210600v2	0.184918
SEVIR_2G210700v2	296.584029
SEVIR_2G210800v2	0.191431
SEVIR_2G210900v2	12.514818
SEVIR_2G211000v2	28.881714
SEVIR_2G211200v2	33.767535
SEVIR_2G211400v2	55.977044
SEVIR_2G211500v2	21.397484
SEVIR_2G211600v2	4.167437
SEVIR_2G211650v2	2.094448
SEVIR_2G211700v2	15.843719
SEVIR_2G211800v2	1.87682
SEVIR_2G211900v2	0.079543
SEVIR_2G212000v2	0
SEVIR_2G212100v2	3.664826
SEVIR_2G212200v2	1.276484
SEVIR_2G212300v2	385.185096
SEVIR_2G212400v2	19.371871
SEVIR_2G212500v2	8.446733
SEVIR_2G212540v2	0
SEVIR_2G212580v2	0.037806
SEVIR_2G212620v2	0
SEVIR_2G212660v2	0
SEVIR_2G212700v2	4.38189
SEVIR_2G212800v2	0.261908
SEVIR_2G212900v2	2.143578
SEVIR_2G213000v2	0.738174
SEVIR_2G213100v2	12.3935
SEVIR_2G213150v2	4.756337
SEVIR_2G213200v2	9.241152
SEVIR_2G213333v2	9.887657
SEVIR_2G213466v2	0.201465
SEVIR_2G213600v2	17.294865
SEVIR_2G213700v2	0
SEVIR_2G213800v2	0.021971
SEVIR_2G213900v2	8.70292
SEVIR_2G214000v2	40.126478
SEVIR_2G214100v2	31.709969
SEVIR_2G214200v2	6.819319
SEVIR_2G214300v2	7.934508
SEVIR_2G214400v2	27.81111
SEVIR_2G214500v2	4.016555
SEVIR_2G214600v2	3.393526
SEVIR_2G214700v2	9.506784
SEVIR_2G214900v2	0
SEVIR_2G215100v2	2.552513
SEVIR_2G215200v2	0.280244
SEVIR_2G215000v2	5.02441
SEVIR_2G215300v2	1.179023
SEVIR_2G215400v2	3.883033
SEVIR_2G215500v2	12.034998
SEVIR_2G215600v2	0
SEVIR_2G215700v2	12.77964
SEVIR_2G215800v2	10.672179
SEVIR_2G215900v2	166.837652
SEVIR_2G215933v2	26.801014
SEVIR_2G215966v2	13.531396
SEVIR_2G216000v2	192.445892
SEVIR_2G216100v2	20.933839
SEVIR_2G216200v2	0
SEVIR_2G216266v2	2.864177
SEVIR_2G216332v2	1.502512
SEVIR_2G216400v2	18.570361
SEVIR_2G216450v2	3.313614
SEVIR_2G216500v2	0
SEVIR_2G216601v2	0
SEVIR_2G216700v2	1.562441
SEVIR_2G216800v2	4.643342
SEVIR_2G216900v2	0.25491
SEVIR_2G217000v2	34.327004
SEVIR_2G217100v2	22.43615
SEVIR_2G217201v2	0.471653
SEVIR_2G217300v2	0.154322
SEVIR_2G217400v2	3.958978
SEVIR_2G217500v2	0
SEVIR_2G217600v2	0
SEVIR_2G217700v2	5.038261
SEVIR_2G217800v2	44.022568
SEVIR_2G217900v2	8.136643
SEVIR_2G217950v2	0.649993
SEVIR_2G218000v2	0
SEVIR_2G218100v2	3.01044
SEVIR_2G218200v2	3.544369
SEVIR_2G218300v2	1.617895
SEVIR_2G218400v2	13.07329
SEVIR_2G218450v2	0
SEVIR_2G218500v2	16.984834
SEVIR_2G218600v2	0.913839
SEVIR_2G218700v2	5.345171
SEVIR_2G218800v2	0
SEVIR_2G218900v2	0.071878
SEVIR_2G219000v2	131.361439
SEVIR_2G219100v2	17.686497
SEVIR_2G219200v2	7.780034
SEVIR_2G219300v2	0.068186
SEVIR_2G219400v2	225.397761
SEVIR_2G219500v2	15.797272
SEVIR_2G219600v2	37.258101
SEVIR_2G219700v2	86.671515
SEVIR_2G219800v2	7.607875
SEVIR_2G219900v2	0.835796
SEVIR_2G220000v2	0
SEVIR_2G220100v2	0
SEVIR_2G220200v2	0.267704
SEVIR_2G220300v2	4.822936
SEVIR_2G220500v2	5.738812
SEVIR_2G220600v2	0.234076
SEVIR_2G220700v2	5.011348
SEVIR_2G220800v2	0.726268
SEVIR_2G220900v2	12.195595
SEVIR_2G221000v2	0
SEVIR_2G221100v2	4.704599
SEVIR_2G221200v2	4.24409
SEVIR_2G221233v2	0.462373
SEVIR_2G221266v2	1.263922
SEVIR_2G221300v2	0.904142
SEVIR_2G221400v2	1.077441
SEVIR_2G221501v2	1.279371
SEVIR_2G221600v2	0.22258
SEVIR_2G221666v2	0.413117
SEVIR_2G221732v2	0.2411
SEVIR_2G221800v2	1.116525
SEVIR_2G221900v2	0.025051
SEVIR_2G222000v2	1.565638
SEVIR_2G222100v2	15.053443
SEVIR_2G222200v2	0
SEVIR_2G222300v2	97.660624
SEVIR_2G222400v2	2.11057
SEVIR_2G222500v2	3.96694
SEVIR_2G222533v2	0
SEVIR_2G222566v2	0.017222
SEVIR_2G222600v2	0
SEVIR_2G222700v2	0
SEVIR_2G222800v2	7.815013
SEVIR_2G222850v2	4.107745
SEVIR_2G222900v2	0.851977
SEVIR_2G223000v2	4.12707
SEVIR_2G223100v2	3.754305
SEVIR_2G223200v2	128.472966
SEVIR_2G223300v2	0
SEVIR_2G223400v2	0
SEVIR_2G223500v2	0.059745
SEVIR_2G223600v2	1.689834
SEVIR_2G223700v2	71.487051
SEVIR_2G223800v2	0
SEVIR_2G223900v2	0
SEVIR_2G224000v2	3.286196
SEVIR_2G224100v2	0.048088
SEVIR_2G224200v2	18.028993
SEVIR_2G224300v2	40.50036
SEVIR_2G224400v2	67.038921
SEVIR_2G224500v2	38.055596
SEVIR_2G224600v2	3.372495
SEVIR_2G224700v2	0
SEVIR_2G224800v2	2.505245
SEVIR_2G224900v2	0.108699
SEVIR_2G225000v2	4.71324
SEVIR_2G225100v2	5.671564
SEVIR_2G225200v2	0.097648
SEVIR_2G225300v2	0.790019
SEVIR_2G225400v2	18.59052
SEVIR_2G225500v2	18.546851
SEVIR_2G225600v2	7.289293
SEVIR_2G225700v2	26.493333
SEVIR_2G225800v2	24.24565
SEVIR_2G225900v2	3.370354
SEVIR_2G226100v2	0
SEVIR_2G226200v2	92.696015
SEVIR_2G226233v2	0
SEVIR_2G226266v2	0
SEVIR_2G226300v2	0
SEVIR_2G226400v2	0
SEVIR_2G226500v2	1.012606
SEVIR_2G226600v2	42.474061
SEVIR_2G226700v2	2.030102
SEVIR_2G226800v2	44.505482
SEVIR_2G226850v2	0
SEVIR_2G226900v2	0.617093
SEVIR_2G227000v2	0
SEVIR_2G227100v2	28.679779
SEVIR_2G227200v2	0.922358
SEVIR_2G227300v2	4.428864
SEVIR_2G227400v2	18.4854
SEVIR_2G227500v2	23.112719
SEVIR_2G227600v2	0.74363
SEVIR_2G227700v2	7.196398
SEVIR_2G227800v2	144.300411
SEVIR_2G227850v2	0
SEVIR_2G227900v2	0
SEVIR_2G228000v2	153.44205
SEVIR_2G228066v2	0.377426
SEVIR_2G228132v2	0.164403
SEVIR_2G228200v2	5.485729
SEVIR_2G228266v2	1.888623
SEVIR_2G228332v2	3.185047
SEVIR_2G228400v2	0.318985
SEVIR_2G228500v2	20.748084
SEVIR_2G228566v2	0.472741
SEVIR_2G228632v2	0.155123
SEVIR_2G228700v2	0
SEVIR_2G228800v2	9.188162
SEVIR_2G228900v2	0
SEVIR_2G229000v2	11.576961
SEVIR_2G229100v2	3.072099
SEVIR_2G229201v2	0.167805
SEVIR_2G229300v2	0.712456
SEVIR_2G229400v2	0
SEVIR_2G229450v2	0.342037
SEVIR_2G229500v2	0.148532
SEVIR_2G229600v2	5.343509
SEVIR_2G229550v2	8.962353
SEVIR_2G229700v2	14.445691
SEVIR_2G229800v2	0.293641
SEVIR_2G229900v2	2.944162
SEVIR_2G230000v2	0
SEVIR_2G230100v2	167.028032
SEVIR_2G230200v2	4.699571
SEVIR_2G230300v2	15.16781
SEVIR_2G230400v2	9.034415
SEVIR_2G230500v2	6.630661
SEVIR_2G230600v2	0
SEVIR_2G230700v2	18.793349
SEVIR_2G230800v2	0
SEVIR_2G230900v2	0.176478
SEVIR_2G231000v2	0.040134
SEVIR_2G231100v2	0.032536
SEVIR_2G231166v2	0.948943
SEVIR_2G231232v2	0.135634
SEVIR_2G231300v2	18.273289
SEVIR_2G231400v2	28.694556
SEVIR_2G231500v2	0
SEVIR_2G231600v2	0.60608
SEVIR_2G231700v2	45.767499
SEVIR_2G232000v2	11.874762
SEVIR_2G232101v2	14.021559
SEVIR_2G232200v2	0
SEVIR_2G232300v2	0
SEVIR_2G232400v2	0
SEVIR_2G232500v2	0
SEVIR_2G232600v2	2.300656
SEVIR_2G232700v2	0.115246
SEVIR_2G232800v2	0
SEVIR_2G232900v2	10.537769
SEVIR_2G233000v2	0.102993
SEVIR_2G233050v2	0
SEVIR_2G233100v2	28.543409
SEVIR_2G233200v2	2.17945
SEVIR_2G233300v2	0.094319
SEVIR_2G233350v2	0.143639
SEVIR_2G233400v2	5.316566
SEVIR_2G233500v2	7.357213
SEVIR_2G233600v2	10.295237
SEVIR_2G233650v2	0
SEVIR_2G233700v2	5.618342
SEVIR_2G233800v2	0
SEVIR_2G233900v2	53.275515
SEVIR_2G234000v2	1.039131
SEVIR_2G234100v2	0
SEVIR_2G234200v2	0
SEVIR_2G234300v2	0.118845
SEVIR_2G234400v2	0
SEVIR_2G234460v2	0
SEVIR_2G234520v2	0
SEVIR_2G234580v2	0
SEVIR_2G234640v2	5.248751
SEVIR_2G234700v2	3.27415
SEVIR_2G234800v2	0.890521
SEVIR_2G234900v2	4.878449
SEVIR_2G235000v2	0.139736
SEVIR_2G235100v2	2.218121
SEVIR_2G235150v2	10.953987
SEVIR_2G235200v2	0.164027
SEVIR_2G235250v2	2.705866
SEVIR_2G235300v2	19.971737
SEVIR_2G235400v2	0
SEVIR_2G235500v2	4.853898
SEVIR_2G235600v2	100.862726
SEVIR_2G235800v2	8.086896
SEVIR_2G235900v2	143.168647
SEVIR_2G236000v2	23.899981
SEVIR_2G236100v2	4.927349
SEVIR_2G236150v2	0.015813
SEVIR_2G236200v2	7.113902
SEVIR_2G236300v2	2.209492
SEVIR_2G236400v2	2.411754
SEVIR_2G236500v2	1.313159
SEVIR_2G236600v2	100.809758
SEVIR_2G236700v2	5.150323
SEVIR_2G236800v2	11.547799
SEVIR_2G236900v2	44.491081
SEVIR_2G237001v2	8.954342
SEVIR_2G237100v2	1.374204
SEVIR_2G237200v2	271.245104
SEVIR_2G237300v2	0.319641
SEVIR_2G237400v2	35.953207
SEVIR_2G237500v2	13.126802
SEVIR_2G237601v2	30.696306
SEVIR_2G237700v2	30.363879
SEVIR_2G237800v2	24.346243
SEVIR_2G238000v2	8.127156
SEVIR_2G238100v2	0.486317
SEVIR_2G238200v2	0
SEVIR_2G238300v2	0
SEVIR_2G238400v2	18.653633
SEVIR_2G238500v2	4.077813
SEVIR_2G238600v2	0.119034
SEVIR_2G238650v2	0
SEVIR_2G238700v2	9.623654
SEVIR_2G238766v2	0.072223
SEVIR_2G238832v2	9.68763
SEVIR_2G238900v2	0.118545
SEVIR_2G239000v2	25.997318
SEVIR_2G239100v2	2.877311
SEVIR_2G239200v2	4.826319
SEVIR_2G239300v2	0.720042
SEVIR_2G239400v2	0.074231
SEVIR_2G239500v2	8.243165
SEVIR_2G239600v2	5.871881
SEVIR_2G239650v2	10.591466
SEVIR_2G239700v2	16.804267
SEVIR_2G239800v2	7.141724
SEVIR_2G239900v2	22.548318
SEVIR_2G240000v2	0.086186
SEVIR_2G240066v2	0.064996
SEVIR_2G240132v2	0.138772
SEVIR_2G240200v2	0.019526
SEVIR_2G240233v2	2.310986
SEVIR_2G240266v2	0
SEVIR_2G240300v2	0.145806
SEVIR_2G240400v2	0
SEVIR_2G240500v2	1.111201
SEVIR_2G240600v2	8.901912
SEVIR_2G240700v2	23.253707
SEVIR_2G240800v2	6.236264
SEVIR_2G240900v2	681.296142
SEVIR_2G241000v2	15.713079
SEVIR_2G241100v2	1.643465
SEVIR_2G241200v2	0.519499
SEVIR_2G241266v2	38.620152
SEVIR_2G241332v2	14.078462
SEVIR_2G241400v2	0
SEVIR_2G241450v2	0
SEVIR_2G241501v2	0.017917
SEVIR_2G241551v2	3.532047
SEVIR_2G241600v2	0
SEVIR_2G241700v2	1.981001
SEVIR_2G241800v2	29.272301
SEVIR_2G241900v2	0
SEVIR_2G242000v2	0.832226
SEVIR_2G242200v2	2.503676
SEVIR_2G242233v2	53.942779
SEVIR_2G242266v2	17.280005
SEVIR_2G242300v2	0.120536
SEVIR_2G242400v2	22.66558
SEVIR_2G242500v2	0.314551
SEVIR_2G242600v2	6.693494
SEVIR_2G242700v2	3.367877
SEVIR_2G242766v2	3.605321
SEVIR_2G242832v2	24.276404
SEVIR_2G242900v2	12.990095
SEVIR_2G243000v2	4.722622
SEVIR_2G243100v2	21.622688
SEVIR_2G243200v2	5.230208
SEVIR_2G243300v2	1.620364
SEVIR_2G243400v2	11.24225
SEVIR_2G243450v2	1.97317
SEVIR_2G243500v2	0.782428
SEVIR_2G243600v2	21.587257
SEVIR_2G243700v2	0
SEVIR_2G243800v2	0
SEVIR_2G243900v2	0
SEVIR_2G244000v2	0
SEVIR_2G244100v2	0
SEVIR_2G244200v2	0
SEVIR_2G244300v2	0
SEVIR_2G244401v2	0.519661
SEVIR_2G244500v2	0
SEVIR_2G244600v2	6.104318
SEVIR_2G244800v2	0
SEVIR_2G245000v2	4.223676
SEVIR_2G245100v2	1.092722
SEVIR_2G245200v2	63.160453
SEVIR_2G245300v2	0.349925
SEVIR_2G245400v2	0
SEVIR_2G245500v2	4.053897
SEVIR_2G245600v2	0
SEVIR_2G245700v2	0
SEVIR_2G245800v2	13.990046
SEVIR_2G245900v2	276.90572
SEVIR_2G246000v2	86.766332
SEVIR_2G246300v2	8.307131
SEVIR_2G246400v2	0
SEVIR_2G246450v2	0
SEVIR_2G246500v2	4.910505
SEVIR_2G246600v2	0
SEVIR_2G246900v2	8.757417
SEVIR_2G247000v2	0
SEVIR_2G247100v2	0
SEVIR_2G247200v2	13.36539
SEVIR_2G247300v2	28.251158
SEVIR_2G247400v2	3.162556
SEVIR_2G247500v2	0
SEVIR_2G247600v2	6.00323
SEVIR_2G247650v2	455.202217
SEVIR_2G247700v2	0.268409
SEVIR_2G247800v2	42.836935
SEVIR_2G247900v2	2.292695
SEVIR_2G248000v2	4.338671
SEVIR_2G248100v2	2.395798
SEVIR_2G248200v2	9.124943
SEVIR_2G248300v2	115.432507
SEVIR_2G248400v2	18.904169
SEVIR_2G248500v2	1.034219
SEVIR_2G248600v2	3.687358
SEVIR_2G248700v2	0.858264
SEVIR_2G248800v2	10.250001
SEVIR_2G248900v2	0
SEVIR_2G249000v2	2.382645
SEVIR_2G249100v2	0.987489
SEVIR_2G249200v2	0
SEVIR_2G249300v2	1.947807
SEVIR_2G249400v2	0.537542
SEVIR_2G249500v2	0
SEVIR_2G249600v2	0.182266
SEVIR_2G249800v2	0.185928
SEVIR_2G249850v2	0
SEVIR_2G249900v2	5.21068
SEVIR_2G250000v2	0.187669
SEVIR_2G250100v2	0.78331
SEVIR_2G250200v2	11.137597
SEVIR_2G250300v2	26.141122
SEVIR_2G250400v2	19.323284
SEVIR_2G250500v2	2.455091
SEVIR_2G250600v2	1.301576
SEVIR_2G250700v2	0.276924
SEVIR_2G250800v2	28.327708
SEVIR_2G250900v2	6.172794
SEVIR_2G251000v2	0
SEVIR_2G251100v2	0
SEVIR_2G251200v2	9.093876
SEVIR_2G251300v2	1.567564
SEVIR_2G251366v2	0.644554
SEVIR_2G251432v2	5.5604
SEVIR_2G251500v2	7.309641
SEVIR_2G251600v2	10.079055
SEVIR_2G251700v2	62.48037
SEVIR_2G251800v2	0.381154
SEVIR_2G251900v2	8.941448
SEVIR_2G252000v2	10.764929
SEVIR_2G252100v2	10.45128
SEVIR_2G252200v2	13.298182
SEVIR_2G252300v2	0
SEVIR_2G252400v2	0
SEVIR_2G252500v2	5.035016
SEVIR_2G252600v2	12.907294
SEVIR_2G252650v2	0
SEVIR_2G252700v2	1.164101
SEVIR_2G252800v2	6.593594
SEVIR_2G252900v2	6.388194
SEVIR_2G253000v2	0
SEVIR_2G253100v2	11.705869
SEVIR_2G253200v2	0.346023
SEVIR_2G253300v2	2.259729
SEVIR_2G253400v2	3.28175
SEVIR_2G253500v2	0
SEVIR_2G253600v2	0
SEVIR_2G253700v2	0.113404
SEVIR_2G253800v2	0
SEVIR_2G253900v2	1.943182
SEVIR_2G253950v2	0
SEVIR_2G254000v2	0
SEVIR_2G254075v2	1.703954
SEVIR_2G254300v2	3.995841
SEVIR_2G254150v2	0
SEVIR_2G254225v2	0
SEVIR_2G254350v2	0
SEVIR_2G254400v2	0.286244
SEVIR_2G254500v2	53.740489
SEVIR_2G254600v2	26.430696
SEVIR_2G254701v2	5.869295
SEVIR_2G254800v2	14.782202
SEVIR_2G254850v2	2.527843
SEVIR_2G254900v2	0
SEVIR_2G255000v2	0
SEVIR_2G255100v2	0
SEVIR_2G255200v2	0
SEVIR_2G255300v2	0
SEVIR_2G255366v2	0
SEVIR_2G255432v2	0
SEVIR_2G255500v2	0
SEVIR_2G255600v2	0
SEVIR_2G255700v2	19.897752
SEVIR_2G255850v2	0.053766
SEVIR_2G256000v2	0
SEVIR_2G256033v2	6.176237
SEVIR_2G256066v2	0
SEVIR_2G256100v2	0
SEVIR_2G256200v2	0
SEVIR_2G256300v2	12.094013
SEVIR_2G256400v2	0
SEVIR_2G256500v2	0
SEVIR_2G256600v2	0.162314
SEVIR_2G256700v2	0
SEVIR_2G256800v2	0
SEVIR_2G256900v2	0.059881
SEVIR_2G257001v2	0
SEVIR_2G257100v2	0
SEVIR_2G257200v2	0
SEVIR_2G257300v2	3.028131
SEVIR_2G257400v2	0.031214
SEVIR_2G257500v2	0
SEVIR_2G257550v2	0
SEVIR_2G257600v2	0.074534
SEVIR_2G257700v2	18.943033
SEVIR_2G257800v2	0
SEVIR_2G257901v2	0
SEVIR_2G258000v2	0.851159
SEVIR_2G258100v2	0.255906
SEVIR_2G258200v2	0
SEVIR_2G258300v2	8.246235
SEVIR_2G258400v2	1.564855
SEVIR_2G258500v2	110.31206
SEVIR_2G258600v2	20.960012
SEVIR_2G258700v2	1.17341
SEVIR_2G258800v2	5.382693
SEVIR_2G258900v2	0.043375
SEVIR_2G259000v2	3.182122
SEVIR_2G259100v2	11.985849
SEVIR_2G259200v2	19.343183
SEVIR_2G259300v2	0
SEVIR_2G259400v2	19.732403
SEVIR_2G259500v2	0.428558
SEVIR_2G259600v2	12.399095
SEVIR_2G259700v2	0.194475
SEVIR_2G259800v2	3.665693
SEVIR_2G259900v2	22.411478
SEVIR_2G260001v2	3.411664
SEVIR_2G260100v2	4.359515
SEVIR_2G260200v2	62.585825
SEVIR_2G260300v2	1.054427
SEVIR_2G260400v2	0.208983
SEVIR_2G260600v2	2.304512
SEVIR_2G260500v2	0
SEVIR_2G260700v2	31.306295
SEVIR_2G260800v2	186.965482
SEVIR_2G260900v2	21.375518
SEVIR_2G261000v2	0.888378
SEVIR_2G261100v2	78.064334
SEVIR_2G261200v2	18.607128
SEVIR_2G261300v2	8.473459
SEVIR_2G261400v2	524.776787
SEVIR_2G261500v2	12.772206
SEVIR_2G261600v2	0.368601
SEVIR_2G261700v2	0
SEVIR_2G261800v2	1.648939
SEVIR_2G261900v2	1.383572
SEVIR_2G262000v2	0
SEVIR_2G262100v2	0
SEVIR_2G262200v2	0.012133
SEVIR_2G262300v2	13.390243
SEVIR_2G262350v2	0.042181
SEVIR_2G262400v2	1.326726
SEVIR_2G262500v2	24.061071
SEVIR_2G262600v2	0
SEVIR_2G262700v2	0.502306
SEVIR_2G262766v2	0.71439
SEVIR_2G262832v2	2.628957
SEVIR_2G262900v2	1.919815
SEVIR_2G263000v2	127.178473
SEVIR_2G263100v2	4.288915
SEVIR_2G263200v2	3.971966
SEVIR_2G263300v2	656.483789
SEVIR_2G263400v2	9.228774
SEVIR_2G263500v2	1.264987
SEVIR_2G263600v2	8.359579
SEVIR_2G263700v2	77.440287
SEVIR_2G263800v2	0
SEVIR_2G263833v2	8.962353
SEVIR_2G263866v2	10.953987
SEVIR_2G263900v2	12.800103
SEVIR_2G264000v2	7.494142
SEVIR_2G264100v2	3.687343
SEVIR_2G264150v2	0.995817
SEVIR_2G264200v2	0.830427
SEVIR_2G264300v2	3.42955
SEVIR_2G264400v2	0
SEVIR_2G264500v2	9.740414
SEVIR_2G264600v2	6.530133
SEVIR_2G264700v2	3.702411
SEVIR_2G264650v2	0.811406
SEVIR_2G264750v2	0
SEVIR_2G264800v2	104.650794
SEVIR_2G264900v2	0
SEVIR_2G265000v2	0.458919
SEVIR_2G265100v2	7.127833
SEVIR_2G265200v2	0
SEVIR_2G265300v2	1.526327
SEVIR_2G265400v2	31.64405
SEVIR_2G265450v2	0.322851
SEVIR_2G265500v2	0.247429
SEVIR_2G265600v2	34.252176
SEVIR_2G265700v2	21.200564
SEVIR_2G265800v2	17.012413
SEVIR_2G265850v2	0.089459
SEVIR_2G265900v2	2.098491
SEVIR_2G266000v2	21.81319
SEVIR_2G266100v2	67.725459
SEVIR_2G266166v2	4.535336
SEVIR_2G266232v2	3.07024
SEVIR_2G266300v2	21.440379
SEVIR_2G266400v2	53.98153
SEVIR_2G266500v2	0.138395
SEVIR_2G266600v2	0.872524
SEVIR_2G266700v2	128.745511
SEVIR_2G266800v2	3.716151
SEVIR_2G266900v2	69.304868
SEVIR_2G267000v2	1.439556
SEVIR_2G267101v2	1.818146
SEVIR_2G267200v2	0.158037
SEVIR_2G267250v2	0
SEVIR_2G267300v2	1.139935
SEVIR_2G267400v2	0.048384
SEVIR_2G267450v2	2.904697
SEVIR_2G267500v2	2.696857
SEVIR_2G267566v2	1.947943
SEVIR_2G267632v2	3.802494
SEVIR_2G267700v2	29.913602
SEVIR_2G267800v2	38.526286
SEVIR_2G267900v2	0.126325
SEVIR_2G268000v2	3.637882
SEVIR_2G268100v2	9.356535
SEVIR_2G268200v2	22.596634
SEVIR_2G268300v2	0
SEVIR_2G268400v2	0.67115
SEVIR_2G268500v2	4.837593
SEVIR_2G268600v2	0
SEVIR_2G268700v2	0.106244
SEVIR_2G268800v2	0
SEVIR_2G268900v2	31.133566
SEVIR_2G269000v2	28.656228
SEVIR_2G269100v2	77.534536
SEVIR_2G269200v2	14.890043
SEVIR_2G269250v2	0
SEVIR_2G269300v2	0
SEVIR_2G269400v2	2.888833
SEVIR_2G269500v2	69.188309
SEVIR_2G269525v2	3.001577
SEVIR_2G269550v2	5.781992
SEVIR_2G269575v2	0
SEVIR_2G269600v2	11.463532
SEVIR_2G269700v2	6.11543
SEVIR_2G269800v2	40.96821
SEVIR_2G269900v2	134.312401
SEVIR_2G270000v2	0.094808
SEVIR_2G270100v2	12.549358
SEVIR_2G270200v2	36.254244
SEVIR_2G270300v2	32.171619
SEVIR_2G270400v2	5.107284
SEVIR_2G270500v2	4.687057
SEVIR_2G270600v2	51.464813
SEVIR_2G270700v2	0.510463
SEVIR_2G270800v2	25.759061
SEVIR_2G270900v2	3.777481
SEVIR_2G271000v2	0.256977
SEVIR_2G271100v2	0
SEVIR_2G271200v2	50.345368
SEVIR_2G271266v2	7.987576
SEVIR_2G271332v2	4.290495
SEVIR_2G271398v2	21.854577
SEVIR_2G271464v2	1.212715
SEVIR_2G271530v2	0.152678
SEVIR_2G271600v2	0
SEVIR_2G271700v2	0.246624
SEVIR_2G271800v2	44.775995
SEVIR_2G271900v2	8.048503
SEVIR_2G272100v2	29.038521
SEVIR_2G272200v2	7.83267
SEVIR_2G272240v2	71.610454
SEVIR_2G272280v2	0
SEVIR_2G272320v2	0.335202
SEVIR_2G272360v2	0.548387
SEVIR_2G272400v2	0
SEVIR_2G272500v2	0
SEVIR_2G272600v2	0.417437
SEVIR_2G272700v2	2.048869
SEVIR_2G272800v2	22.197354
SEVIR_2G273000v2	0
SEVIR_2G273100v2	34.723449
SEVIR_2G273200v2	163.181802
SEVIR_2G273300v2	83.571853
SEVIR_2G273400v2	0.277642
SEVIR_2G273500v2	44.929904
SEVIR_2G273600v2	224.633983
SEVIR_2G273700v2	8.148939
SEVIR_2G273750v2	0.107558
SEVIR_2G273800v2	28.71664
SEVIR_2G273900v2	0
SEVIR_2G274000v2	0
SEVIR_2G274100v2	5.719924
SEVIR_2G274200v2	1.552133
SEVIR_2G274300v2	20.318732
SEVIR_2G274400v2	8.009837
SEVIR_2G274500v2	58.406285
SEVIR_2G274600v2	17.661106
SEVIR_2G274700v2	7.122087
SEVIR_2G274800v2	6.334307
SEVIR_2G274900v2	9.936524
SEVIR_2G275000v2	6.246669
SEVIR_2G275100v2	0
SEVIR_2G275200v2	70.37276
SEVIR_2G275300v2	0.014316
SEVIR_2G275401v2	37.874803
SEVIR_2G275500v2	0
SEVIR_2G275600v2	1.964873
SEVIR_2G275700v2	3.283141
SEVIR_2G275800v2	0.344457
SEVIR_2G275900v2	0.286496
SEVIR_2G276000v2	0
SEVIR_2G276100v2	0
SEVIR_2G276200v2	46.537579
SEVIR_2G276300v2	131.550493
SEVIR_2G276400v2	181.565698
SEVIR_2G276500v2	0
SEVIR_2G276600v2	0
SEVIR_2G276633v2	0
SEVIR_2G276666v2	0.014781
SEVIR_2G276700v2	5.113426
SEVIR_2G276800v2	4.902297
SEVIR_2G276900v2	0.609516
SEVIR_2G277000v2	0.149301
SEVIR_2G277100v2	31.962782
SEVIR_2G277200v2	88.826974
SEVIR_2G277300v2	9.329327
SEVIR_2G277400v2	0
SEVIR_2G277500v2	2.808979
SEVIR_2G277600v2	0.131647
SEVIR_2G277700v2	5.564482
SEVIR_2G277800v2	2.415317
SEVIR_2G277900v2	642.629497
SEVIR_2G278000v2	40.268872
SEVIR_2G278100v2	1.566981
SEVIR_2G278200v2	0
SEVIR_2G278300v2	0.030506
SEVIR_2G278400v2	39.082145
SEVIR_2G278500v2	0.341491
SEVIR_2G278600v2	0
SEVIR_2G278700v2	0.060783
SEVIR_2G278750v2	1.258227
SEVIR_2G278800v2	8.510516
SEVIR_2G278900v2	0
SEVIR_2G279000v2	12.472872
SEVIR_2G279100v2	10.95051
SEVIR_2G279200v2	80.385588
SEVIR_2G279300v2	16.168304
SEVIR_2G279400v2	6.200652
SEVIR_2G279500v2	27.222685
SEVIR_2G279600v2	0
SEVIR_2G279700v2	13.695547
SEVIR_2G279800v2	26.983879
SEVIR_2G279900v2	4.624917
SEVIR_2G280000v2	18.595192
SEVIR_2G280100v2	0
SEVIR_2G280300v2	0.927814
SEVIR_2G280401v2	7.006974
SEVIR_2G280500v2	0
SEVIR_2G280600v2	3.653466
SEVIR_2G280700v2	1.581776
SEVIR_2G280800v2	34.404052
SEVIR_2G280900v2	13.901126
SEVIR_2G281000v2	0
SEVIR_2G281100v2	0
SEVIR_2G281200v2	93.107439
SEVIR_2G281300v2	1.254292
SEVIR_2G281400v2	29.344825
SEVIR_2G281500v2	33.408904
SEVIR_2G281600v2	146.469703
SEVIR_2G281700v2	95.218705
SEVIR_2G281800v2	6.549344
SEVIR_2G281900v2	23.515241
SEVIR_2G282000v2	0
SEVIR_2G282100v2	20.670209
SEVIR_2G282150v2	1.173641
SEVIR_2G282200v2	10.878345
SEVIR_2G282300v2	4.204144
SEVIR_2G282400v2	0.356805
SEVIR_2G282500v2	5.653978
SEVIR_2G282600v2	16.890426
SEVIR_2G282700v2	3.586207
SEVIR_2G282750v2	0
SEVIR_2G282800v2	149.050723
SEVIR_2G282900v2	10.643342
SEVIR_2G283000v2	16.598072
SEVIR_2G283100v2	21.961009
SEVIR_2G283200v2	363.573603
SEVIR_2G283300v2	8.181596
SEVIR_2G283400v2	12.669614
SEVIR_2G283500v2	0
SEVIR_2G283600v2	0
SEVIR_2G283700v2	0
SEVIR_2G283801v2	38.964159
SEVIR_2G283900v2	0
SEVIR_2G284000v2	0.266577
SEVIR_2G284050v2	0.038543
SEVIR_2G284100v2	12.020994
SEVIR_2G284200v2	0
SEVIR_2G284300v2	20.466708
SEVIR_2G284400v2	19.381534
SEVIR_2G284501v2	21.048345
SEVIR_2G284600v2	58.815453
SEVIR_2G284700v2	11.934096
SEVIR_2G284800v2	318.965739
SEVIR_2G284900v2	61.361033
SEVIR_2G285000v2	0
SEVIR_2G285100v2	0
SEVIR_2G285200v2	0
SEVIR_2G285300v2	0
SEVIR_2G285400v2	0.141049
SEVIR_2G285450v2	0
SEVIR_2G285500v2	4.44478
SEVIR_2G285600v2	14.472508
SEVIR_2G285700v2	0.865842
SEVIR_2G285750v2	0.040648
SEVIR_2G285800v2	0.783204
SEVIR_2G285900v2	0.588722
SEVIR_2G285950v2	0.036429
SEVIR_2G286000v2	1.825016
SEVIR_2G286100v2	0
SEVIR_2G286200v2	2.953461
SEVIR_2G286300v2	0
SEVIR_2G286400v2	24.103614
SEVIR_2G286500v2	3.423078
SEVIR_2G286550v2	0.010247
SEVIR_2G286600v2	0.583968
SEVIR_2G286700v2	22.096892
SEVIR_2G286800v2	16.439441
SEVIR_2G286900v2	0.954835
SEVIR_2G287000v2	12.176886
SEVIR_2G287100v2	4.59871
SEVIR_2G287200v2	4.688485
SEVIR_2G287300v2	56.663744
SEVIR_2G287400v2	0.151935
SEVIR_2G287500v2	15.633209
SEVIR_2G287600v2	0
SEVIR_2G287700v2	0
SEVIR_2G287800v2	6.46393
SEVIR_2G287900v2	113.357494
SEVIR_2G288000v2	0.88772
SEVIR_2G288100v2	0.945042
SEVIR_2G288200v2	0.135074
SEVIR_2G288300v2	26.700344
SEVIR_2G288400v2	22.238483
SEVIR_2G288500v2	6.588845
SEVIR_2G288600v2	0
SEVIR_2G288700v2	0
SEVIR_2G288800v2	105.701356
SEVIR_2G288900v2	0.109257
SEVIR_2G289000v2	0
SEVIR_2G289100v2	0
SEVIR_2G289200v2	1.842192
SEVIR_2G289300v2	52.605876
SEVIR_2G289400v2	57.163653
SEVIR_2G289500v2	0.08746
SEVIR_2G289600v2	5.118836
SEVIR_2G289700v2	0.910993
SEVIR_2G289800v2	0.128334
SEVIR_2G289900v2	1.27407
SEVIR_2G290000v2	0.144377
SEVIR_2G290100v2	0.783045
SEVIR_2G290201v2	0.062266
SEVIR_2G290300v2	0.639432
SEVIR_2G290400v2	0
SEVIR_2G290500v2	0
SEVIR_2G290700v2	0
SEVIR_2G290900v2	0
SEVIR_2G290600v2	0.098418
SEVIR_2G291100v2	0
SEVIR_2G291200v2	2.103304
SEVIR_2G291300v2	36.536987
SEVIR_2G291400v2	0.055942
SEVIR_2G291500v2	50.07363
SEVIR_2G291600v2	92.277863
SEVIR_2G291700v2	16.989139
SEVIR_2G291800v2	0.938604
SEVIR_2G291900v2	31.69225
SEVIR_2G292000v2	49.272462
SEVIR_2G292100v2	1.543947
SEVIR_2G292200v2	1.826069
SEVIR_2G292300v2	0
SEVIR_2G292400v2	0.324597
SEVIR_2G292500v2	35.739799
SEVIR_2G292600v2	0.958443
SEVIR_2G292700v2	3.313252
SEVIR_2G292800v2	28.989572
SEVIR_2G292900v2	6.013009
SEVIR_2G293000v2	7.820008
SEVIR_2G293100v2	6.6501
SEVIR_2G293200v2	5.142883
SEVIR_2G293300v2	13.385065
SEVIR_2G293400v2	2.24051
SEVIR_2G293500v2	3.561918
SEVIR_2G293600v2	0.841325
SEVIR_2G293700v2	0.139596
SEVIR_2G293800v2	0.049932
SEVIR_2G293900v2	99.484518
SEVIR_2G294000v2	36.496572
SEVIR_2G294100v2	0.299121
SEVIR_2G294200v2	10.907733
SEVIR_2G294300v2	44.011845
SEVIR_2G294400v2	206.560903
SEVIR_2G294500v2	92.46896
SEVIR_2G294600v2	0.554967
SEVIR_2G294700v2	0.315835
SEVIR_2G294800v2	17.259036
SEVIR_2G294900v2	89.357364
SEVIR_2G295000v2	9.574875
SEVIR_2G295100v2	23.841031
SEVIR_2G295201v2	1.4518
SEVIR_2G295301v2	0.286833
SEVIR_2G295400v2	0
SEVIR_2G295500v2	0.756822
SEVIR_2G295550v2	0
SEVIR_2G295600v2	0
SEVIR_2G295700v2	1.527713
SEVIR_2G295800v2	1.463622
SEVIR_2G295900v2	18.36458
SEVIR_2G296000v2	13.174408
SEVIR_2G296050v2	0.145266
SEVIR_2G296100v2	0.031432
SEVIR_2G296201v2	52.731985
SEVIR_2G296300v2	0
SEVIR_2G296400v2	0
SEVIR_2G296500v2	43.751415
SEVIR_2G296600v2	0.274886
SEVIR_2G296700v2	0
SEVIR_2G296800v2	12.50597
SEVIR_2G296833v2	0.592107
SEVIR_2G296866v2	0
SEVIR_2G296900v2	11.53625
SEVIR_2G297000v2	0.620628
SEVIR_2G297100v2	0.622965
SEVIR_2G297200v2	52.190003
SEVIR_2G297300v2	0.36633
SEVIR_2G297500v2	15.408705
SEVIR_2G297600v2	0.621901
SEVIR_2G297700v2	229.899024
SEVIR_2G297800v2	91.132397
SEVIR_2G297900v2	72.600635
SEVIR_2G298000v2	1.643098
SEVIR_2G298100v2	8.266283
SEVIR_2G298200v2	0
SEVIR_2G298300v2	0
SEVIR_2G298400v2	40.618542
SEVIR_2G298500v2	4.828515
SEVIR_2G298600v2	65.993034
SEVIR_2G298700v2	56.111002
SEVIR_2G298800v2	171.844354
SEVIR_2G298900v2	16.610706
SEVIR_2G299000v2	73.258544
SEVIR_2G299100v2	0.097764
SEVIR_2G299200v2	53.634731
SEVIR_2G299300v2	10.488645
SEVIR_2G299400v2	0.60575
SEVIR_2G299500v2	40.510145
SEVIR_2G299600v2	7.139242
SEVIR_2G299700v2	0
SEVIR_2G299800v2	9.846264
SEVIR_2G299850v2	0.649379
SEVIR_2G299900v2	0.775326
SEVIR_2G300000v2	14.698234
SEVIR_2G300100v2	15.118898
SEVIR_2G300200v2	23.095527
SEVIR_2G300301v2	0
SEVIR_2G300400v2	0.044893
SEVIR_2G300500v2	0
SEVIR_2G300600v2	0.258246
SEVIR_2G300700v2	65.92158
SEVIR_2G300800v2	0
SEVIR_2G300900v2	143.857386
SEVIR_2G301000v2	25.303195
SEVIR_2G301100v2	5.87653
SEVIR_2G301200v2	83.329569
SEVIR_2G301300v2	19.069473
SEVIR_2G301400v2	52.799387
SEVIR_2G301500v2	0.520926
SEVIR_2G301600v2	10.120992
SEVIR_2G301650v2	2.155021
SEVIR_2G301700v2	105.796312
SEVIR_2G301800v2	9.88749
SEVIR_2G301900v2	241.495518
SEVIR_2G302000v2	0.589219
SEVIR_2G302100v2	19.852134
SEVIR_2G302200v2	18.950929
SEVIR_2G302300v2	1.670157
SEVIR_2G302400v2	12.816123
SEVIR_2G302500v2	1.931166
SEVIR_2G302600v2	3.24591
SEVIR_2G302700v2	0
SEVIR_2G302800v2	11.574169
SEVIR_2G302900v2	0
SEVIR_2G303000v2	0.82484
SEVIR_2G303100v2	37.315643
SEVIR_2G303200v2	37.77515
SEVIR_2G303300v2	32.56742
SEVIR_2G303400v2	33.057087
SEVIR_2G303500v2	91.776721
SEVIR_2G303600v2	11.745669
SEVIR_2G303700v2	68.557723
SEVIR_2G303800v2	1.855857
SEVIR_2G303900v2	10.197883
SEVIR_2G304000v2	0
SEVIR_2G304100v2	1.692606
SEVIR_2G304200v2	3.133286
SEVIR_2G304300v2	19.751917
SEVIR_2G304400v2	19.854475
SEVIR_2G304500v2	0.111922
SEVIR_2G304600v2	0.133488
SEVIR_2G304700v2	2.051938
SEVIR_2G304800v2	3.107894
SEVIR_2G304900v2	2.891813
SEVIR_2G305000v2	28.541022
SEVIR_2G305050v2	0.496903
SEVIR_2G305100v2	1.548127
SEVIR_2G305200v2	0.546647
SEVIR_2G305300v2	25.000334
SEVIR_2G305400v2	11.252583
SEVIR_2G305500v2	6.347816
SEVIR_2G305600v2	10.181024
SEVIR_2G305700v2	74.025604
SEVIR_2G305750v2	0
SEVIR_2G305800v2	0
SEVIR_2G305900v2	96.167009
SEVIR_2G306000v2	3.147946
SEVIR_2G306050v2	0.220462
SEVIR_2G306100v2	0
SEVIR_2G306166v2	0.048362
SEVIR_2G306232v2	1.213092
SEVIR_2G306300v2	0.281699
SEVIR_2G306400v2	3.319301
SEVIR_2G306500v2	0
SEVIR_2G306601v2	31.500544
SEVIR_2G306701v2	16.453542
SEVIR_2G306800v2	0.398285
SEVIR_2G306900v2	0.27316
SEVIR_2G307000v2	1.376752
SEVIR_2G307100v2	1.61405
SEVIR_2G307200v2	0.142901
SEVIR_2G307250v2	0.078985
SEVIR_2G307301v2	0
SEVIR_2G307351v2	0
SEVIR_2G307400v2	0
SEVIR_2G307500v2	0.063696
SEVIR_2G307600v2	0.644427
SEVIR_2G307650v2	0.814934
SEVIR_2G307700v2	1.254733
SEVIR_2G307800v2	0.678116
SEVIR_2G307900v2	8.065052
SEVIR_2G308000v2	0.258673
SEVIR_2G308100v2	16.031165
SEVIR_2G308200v2	0
SEVIR_2G308300v2	5.561051
SEVIR_2G308400v2	12.150634
SEVIR_2G308500v2	0
SEVIR_2G308600v2	5.24349
SEVIR_2G308700v2	1.76119
SEVIR_2G308800v2	9.827378
SEVIR_2G308900v2	0
SEVIR_2G309000v2	2.826756
SEVIR_2G309100v2	7.112237
SEVIR_2G309200v2	41.913082
SEVIR_2G309300v2	1.301882
SEVIR_2G309400v2	0.023791
SEVIR_2G309500v2	20.298663
SEVIR_2G309600v2	11.12262
SEVIR_2G309700v2	6.06879
SEVIR_2G309800v2	0
SEVIR_2G310000v2	10.20143
SEVIR_2G310100v2	25.836672
SEVIR_2G310200v2	9.868656
SEVIR_2G310300v2	0.071833
SEVIR_2G310400v2	0.110808
SEVIR_2G310420v2	0.229298
SEVIR_2G310440v2	0.061218
SEVIR_2G310460v2	0
SEVIR_2G310480v2	1.263922
SEVIR_2G310500v2	0
SEVIR_2G310600v2	0.088307
SEVIR_2G310700v2	0.196439
SEVIR_2G310750v2	1.810122
SEVIR_2G310801v2	7.829101
SEVIR_2G310851v2	0.490477
SEVIR_2G310900v2	4.485572
SEVIR_2G311000v2	25.602418
SEVIR_2G311101v2	3.067642
SEVIR_2G311200v2	0.061511
SEVIR_2G311300v2	0.592946
SEVIR_2G311400v2	224.532796
SEVIR_2G311500v2	0.228486
SEVIR_2G311600v2	3.525115
SEVIR_2G311700v2	12.462908
SEVIR_2G311800v2	14.947425
SEVIR_2G311900v2	2.90972
SEVIR_2G312000v2	0
SEVIR_2G312100v2	0
SEVIR_2G312200v2	1.050829
SEVIR_2G312300v2	1.271752
SEVIR_2G312366v2	0
SEVIR_2G312432v2	436.953489
SEVIR_2G312500v2	389.293622
SEVIR_2G312600v2	41.897639
SEVIR_2G312700v2	30.75429
SEVIR_2G312800v2	34.387887
SEVIR_2G312900v2	78.498512
SEVIR_2G313100v2	1.238794
SEVIR_2G313000v2	0
SEVIR_2G313200v2	0
SEVIR_2G313300v2	15.123001
SEVIR_2G313400v2	7.180703
SEVIR_2G313500v2	0
SEVIR_2G313600v2	7.578228
SEVIR_2G313700v2	0.679671
SEVIR_2G313800v2	4.264052
SEVIR_2G313900v2	151.596475
SEVIR_2G314000v2	64.782872
SEVIR_2G314100v2	5.860729
SEVIR_2G314200v2	9.218647
SEVIR_2G314250v2	0.15848
SEVIR_2G314300v2	18.178998
SEVIR_2G314350v2	0
SEVIR_2G314400v2	103.464407
SEVIR_2G314500v2	48.731684
SEVIR_2G314550v2	0
SEVIR_2G314600v2	43.096082
SEVIR_2G314700v2	1.099196
SEVIR_2G314800v2	86.210058
SEVIR_2G314900v2	7.339793
SEVIR_2G315000v2	7.763925
SEVIR_2G315100v2	6.757621
SEVIR_2G315200v2	12.786966
SEVIR_2G315300v2	8.249397
SEVIR_2G315400v2	0.472998
SEVIR_2G315500v2	0
SEVIR_2G315600v2	2.171269
SEVIR_2G315700v2	11.874532
SEVIR_2G315800v2	119.695156
SEVIR_2G315900v2	10.235287
SEVIR_2G316000v2	63.151402
SEVIR_2G316100v2	198.478648
SEVIR_2G316201v2	9.261719
SEVIR_2G316300v2	38.165661
SEVIR_2G316400v2	35.087043
SEVIR_2G316500v2	2.165254
SEVIR_2G316566v2	5.355283
SEVIR_2G316632v2	2.339044
SEVIR_2G316700v2	0.570167
SEVIR_2G316800v2	43.961422
SEVIR_2G316900v2	0
SEVIR_2G317000v2	0.088398
SEVIR_2G317100v2	0.879973
SEVIR_2G317200v2	6.394022
SEVIR_2G317300v2	0.059717
SEVIR_2G317400v2	13.426102
SEVIR_2G317500v2	0
SEVIR_2G317600v2	0
SEVIR_2G317700v2	0
SEVIR_2G317800v2	0.026781
SEVIR_2G317850v2	0.844937
SEVIR_2G317901v2	0
SEVIR_2G317951v2	0.160605
SEVIR_2G318000v2	15.322232
SEVIR_2G318100v2	0.222212
SEVIR_2G318200v2	0
SEVIR_2G318300v2	0.332525
SEVIR_2G318400v2	0.632889
SEVIR_2G318500v2	222.193599
SEVIR_2G318600v2	39.094011
SEVIR_2G318700v2	9.985727
SEVIR_2G318800v2	3.156289
SEVIR_2G318900v2	27.181069
SEVIR_2G319000v2	45.230317
SEVIR_2G319100v2	0.780418
SEVIR_2G319200v2	3.948031
SEVIR_2G319300v2	29.997393
SEVIR_2G319400v2	1.432381
SEVIR_2G319500v2	78.523766
SEVIR_2G319600v2	6.636786
SEVIR_2G319800v2	1.248218
SEVIR_2G319700v2	5.563965
SEVIR_2G319950v2	11.545219
SEVIR_2G320100v2	0
SEVIR_2G320200v2	65.642444
SEVIR_2G320300v2	40.297983
SEVIR_2G320400v2	16.993402
SEVIR_2G320500v2	36.496234
SEVIR_2G320600v2	0.051718
SEVIR_2G320700v2	0.799939
SEVIR_2G320800v2	0
SEVIR_2G320900v2	0
SEVIR_2G321000v2	0.033802
SEVIR_2G321100v2	0
SEVIR_2G321200v2	0
SEVIR_2G321300v2	2.386765
SEVIR_2G321400v2	0.42867
SEVIR_2G321500v2	6.282408
SEVIR_2G321600v2	28.235432
SEVIR_2G321700v2	4.22431
SEVIR_2G321800v2	0.082348
SEVIR_2G321900v2	1.662038
SEVIR_2G322000v2	90.499382
SEVIR_2G322100v2	3.357536
SEVIR_2G322200v2	0.747579
SEVIR_2G322300v2	14.530865
SEVIR_2G322400v2	0
SEVIR_2G322500v2	20.304051
SEVIR_2G322600v2	9.990297
SEVIR_2G322700v2	9.740501
SEVIR_2G322800v2	30.724035
SEVIR_2G322900v2	0
SEVIR_2G322950v2	0
SEVIR_2G323000v2	27.548186
SEVIR_2G323100v2	27.829768
SEVIR_2G323200v2	0.079768
SEVIR_2G323300v2	16.519296
SEVIR_2G323400v2	5.980914
SEVIR_2G323500v2	0.092213
SEVIR_2G323600v2	0
SEVIR_2G323700v2	0
SEVIR_2G323800v2	0
SEVIR_2G323900v2	13.832442
SEVIR_2G324000v2	67.729634
SEVIR_2G324100v2	173.646117
SEVIR_2G324150v2	0
SEVIR_2G324200v2	55.683959
SEVIR_2G324300v2	23.529606
SEVIR_2G324400v2	1.914384
SEVIR_2G324500v2	0
SEVIR_2G324600v2	1.18364
SEVIR_2G324650v2	0
SEVIR_2G324700v2	0
SEVIR_2G324800v2	11.199651
SEVIR_2G324900v2	0.149258
SEVIR_2G325000v2	0
SEVIR_2G325100v2	0.196182
SEVIR_2G325200v2	0
SEVIR_2G325300v2	0
SEVIR_2G325366v2	5.45627
SEVIR_2G325432v2	11.172201
SEVIR_2G325500v2	0.805233
SEVIR_2G325600v2	2.326258
SEVIR_2G325700v2	0.11483
SEVIR_2G325800v2	0
SEVIR_2G325900v2	7.325654
SEVIR_2G326000v2	4.759281
SEVIR_2G326100v2	6.173858
SEVIR_2G326200v2	4.723797
SEVIR_2G326300v2	7.399691
SEVIR_2G326400v2	0
SEVIR_2G326500v2	35.952938
SEVIR_2G326600v2	12.223458
SEVIR_2G326650v2	0
SEVIR_2G326700v2	0.708859
SEVIR_2G326800v2	47.719655
SEVIR_2G326900v2	5.977771
SEVIR_2G327000v2	4.337899
SEVIR_2G327050v2	0
SEVIR_2G327100v2	4.284826
SEVIR_2G327200v2	42.156568
SEVIR_2G327300v2	15.843893
SEVIR_2G327401v2	0.126193
SEVIR_2G327500v2	0.32107
SEVIR_2G327600v2	0.287593
SEVIR_2G327700v2	9.042326
SEVIR_2G327800v2	3.025947
SEVIR_2G327900v2	0.162997
SEVIR_2G328000v2	0.109429
SEVIR_2G328100v2	18.367904
SEVIR_2G328200v2	0.532456
SEVIR_2G328300v2	43.033182
SEVIR_2G328333v2	0
SEVIR_2G328366v2	0.249912
SEVIR_2G328400v2	529.263074
SEVIR_2G328500v2	26.694114
SEVIR_2G328600v2	1.172829
SEVIR_2G328700v2	0
SEVIR_2G328800v2	0
SEVIR_2G328900v2	0.109429
SEVIR_2G329000v2	0.162997
SEVIR_2G329100v2	7.859803
SEVIR_2G329150v2	0.231923
SEVIR_2G329200v2	2.871874
SEVIR_2G329233v2	5.441704
SEVIR_2G329266v2	0
SEVIR_2G329300v2	11.053383
SEVIR_2G329400v2	11.011865
SEVIR_2G329500v2	0
SEVIR_2G329600v2	0.270005
SEVIR_2G329700v2	36.216774
SEVIR_2G329800v2	33.038638
SEVIR_2G329900v2	5.112641
SEVIR_2G330000v2	11.653049
SEVIR_2G330100v2	83.025841
SEVIR_2G330200v2	3.616831
SEVIR_2G330300v2	42.362111
SEVIR_2G330400v2	38.601053
SEVIR_2G330500v2	565.887422
SEVIR_2G330600v2	0.525067
SEVIR_2G330700v2	0
SEVIR_2G330900v2	156.821132
SEVIR_2G331000v2	262.144459
SEVIR_2G331100v2	0.315309
SEVIR_2G331200v2	3.601554
SEVIR_2G331300v2	0.197313
SEVIR_2G331401v2	0
SEVIR_2G331501v2	0
SEVIR_2G331600v2	19.939502
SEVIR_2G331700v2	5.169686
SEVIR_2G331800v2	10.432741
SEVIR_2G331900v2	264.014246
SEVIR_2G332000v2	6.447538
SEVIR_2G332100v2	29.075144
SEVIR_2G332201v2	5.94757
SEVIR_2G332300v2	17.367463
SEVIR_2G332400v2	20.600365
SEVIR_2G332500v2	0
SEVIR_2G332600v2	0
SEVIR_2G332700v2	7.892579
SEVIR_2G332800v2	2.910113
SEVIR_2G332900v2	4.743829
SEVIR_2G333000v2	0
SEVIR_2G333100v2	2.668233
SEVIR_2G333200v2	6.157421
SEVIR_2G333300v2	0.861756
SEVIR_2G333350v2	0.547717
SEVIR_2G333400v2	60.605838
SEVIR_2G333500v2	228.974585
SEVIR_2G333600v2	45.239488
SEVIR_2G333700v2	617.684844
SEVIR_2G333800v2	145.530018
SEVIR_2G333900v2	1.645331
SEVIR_2G334000v2	61.497709
SEVIR_2G334100v2	0.521618
SEVIR_2G334200v2	2.466908
SEVIR_2G334300v2	33.017681
SEVIR_2G334400v2	26.365382
SEVIR_2G334500v2	4.260806
SEVIR_2G334600v2	0
SEVIR_2G334700v2	0
SEVIR_2G334750v2	16.849648
SEVIR_2G334800v2	3.36154
SEVIR_2G334850v2	0.423985
SEVIR_2G334900v2	0
SEVIR_2G335000v2	0.533184
SEVIR_2G335100v2	2.083353
SEVIR_2G335200v2	77.548026
SEVIR_2G335300v2	26.685029
SEVIR_2G335400v2	15.102742
SEVIR_2G335433v2	0
SEVIR_2G335466v2	1.183367
SEVIR_2G335500v2	8.057469
SEVIR_2G335600v2	0.08851
SEVIR_2G335700v2	0.241989
SEVIR_2G335800v2	1.985419
SEVIR_2G335900v2	0
SEVIR_2G336000v2	0.052761
SEVIR_2G336100v2	2.165159
SEVIR_2G336200v2	0.011918
SEVIR_2G336300v2	0.199778
SEVIR_2G336400v2	0
SEVIR_2G336500v2	26.788707
SEVIR_2G336600v2	0.035927
SEVIR_2G336700v2	0.168078
SEVIR_2G336750v2	0
SEVIR_2G336800v2	0.34933
SEVIR_2G336900v2	10.183385
SEVIR_2G337000v2	24.192135
SEVIR_2G337100v2	110.600734
SEVIR_2G337200v2	19.045183
SEVIR_2G337300v2	18.47655
SEVIR_2G337400v2	17.392259
SEVIR_2G337500v2	0.978035
SEVIR_2G337600v2	19.954762
SEVIR_2G337700v2	0
SEVIR_2G337800v2	32.996951
SEVIR_2G337900v2	29.401128
SEVIR_2G338000v2	3.044261
SEVIR_2G338100v2	39.005663
SEVIR_2G338201v2	0.856705
SEVIR_2G338300v2	25.557943
SEVIR_2G338400v2	14.917395
SEVIR_2G338500v2	0
SEVIR_2G338600v2	1.858379
SEVIR_2G338700v2	2.244304
SEVIR_2G338800v2	283.641824
SEVIR_2G338900v2	1.089908
SEVIR_2G339000v2	11.43651
SEVIR_2G339100v2	0.496318
SEVIR_2G339200v2	0
SEVIR_2G339300v2	0
SEVIR_2G339400v2	3.698552
SEVIR_2G339500v2	45.277115
SEVIR_2G339533v2	16.209346
SEVIR_2G339566v2	3.20161
SEVIR_2G339600v2	4.317379
SEVIR_2G339701v2	0.816451
SEVIR_2G339800v2	0
SEVIR_2G339900v2	16.629991
SEVIR_2G340000v2	26.309982
SEVIR_2G340100v2	0
SEVIR_2G340200v2	5.707073
SEVIR_2G340300v2	0
SEVIR_2G340400v2	0.057615
SEVIR_2G340500v2	0.090123
SEVIR_2G340600v2	1.535044
SEVIR_2G340700v2	267.175437
SEVIR_2G340800v2	0
SEVIR_2G340900v2	0
SEVIR_2G340950v2	0
SEVIR_2G341000v2	0
SEVIR_2G341100v2	11.826887
SEVIR_2G341200v2	1.474107
SEVIR_2G341300v2	5.837938
SEVIR_2G341400v2	0.646817
SEVIR_2G341433v2	0
SEVIR_2G341466v2	0.022398
SEVIR_2G341500v2	3.316812
SEVIR_2G341600v2	5.701385
SEVIR_2G341700v2	57.690846
SEVIR_2G341800v2	15.459259
SEVIR_2G341900v2	2.258278
SEVIR_2G341950v2	0
SEVIR_2G342000v2	79.953733
SEVIR_2G342050v2	4.375209
SEVIR_2G342100v2	0.631741
SEVIR_2G342166v2	3.754131
SEVIR_2G342232v2	0.536578
SEVIR_2G342300v2	22.535939
SEVIR_2G342401v2	0
SEVIR_2G342500v2	22.285457
SEVIR_2G342600v2	9.427027
SEVIR_2G342700v2	0
SEVIR_2G342800v2	0.440281
SEVIR_2G342900v2	169.164471
SEVIR_2G343000v2	50.416974
SEVIR_2G343100v2	14.461778
SEVIR_2G343200v2	26.453197
SEVIR_2G343266v2	0.785781
SEVIR_2G343233v2	1.238502
SEVIR_2G343300v2	10.695547
SEVIR_2G343400v2	1.853641
SEVIR_2G343500v2	0
SEVIR_2G343600v2	0
SEVIR_2G343700v2	0
SEVIR_2G343800v2	9.453979
SEVIR_2G343900v2	0
SEVIR_2G344000v2	152.806219
SEVIR_2G344100v2	7.191618
SEVIR_2G344150v2	8.21549
SEVIR_2G344200v2	0
SEVIR_2G344300v2	24.859197
SEVIR_2G344400v2	0.480717
SEVIR_2G344500v2	0.560891
SEVIR_2G344600v2	13.15753
SEVIR_2G344700v2	10.614632
SEVIR_2G344800v2	3.082365
SEVIR_2G344900v2	12.425554
SEVIR_2G345000v2	12.166949
SEVIR_2G345100v2	0
SEVIR_2G345200v2	0.37201
SEVIR_2G345250v2	5.476994
SEVIR_2G345300v2	2.81507
SEVIR_2G345401v2	0
SEVIR_2G345500v2	0
SEVIR_2G345600v2	2.546622
SEVIR_2G345700v2	0.123079
SEVIR_2G345800v2	2.147534
SEVIR_2G345900v2	2.577429
SEVIR_2G346000v2	23.349737
SEVIR_2G346100v2	3.342225
SEVIR_2G346200v2	0
SEVIR_2G346225v2	0
SEVIR_2G346250v2	0
SEVIR_2G346275v2	5.915153
SEVIR_2G346300v2	45.310046
SEVIR_2G346400v2	35.722624
SEVIR_2G346500v2	0.291123
SEVIR_2G346600v2	8.8139
SEVIR_2G346700v2	17.752656
SEVIR_2G346800v2	80.531218
SEVIR_2G347000v2	7.254987
SEVIR_2G347100v2	0.058646
SEVIR_2G347200v2	9.967167
SEVIR_2G347300v2	0
SEVIR_2G347350v2	0.106398
SEVIR_2G347400v2	0.22291
SEVIR_2G347500v2	4.420063
SEVIR_2G347600v2	0
SEVIR_2G347700v2	0.185931
SEVIR_2G347800v2	0
SEVIR_2G347900v2	7.535974
SEVIR_2G348000v2	1.855019
SEVIR_2G348100v2	0.139708
SEVIR_2G348200v2	17.188359
SEVIR_2G348300v2	346.708432
SEVIR_2G348400v2	0.289151
SEVIR_2G348500v2	0
SEVIR_2G348600v2	0.112467
SEVIR_2G348650v2	0.501681
SEVIR_2G348700v2	10.881695
SEVIR_2G348800v2	10.554577
SEVIR_2G348900v2	0.480443
SEVIR_2G349000v2	10.131823
SEVIR_2G349100v2	43.533021
SEVIR_2G349200v2	25.572162
SEVIR_2G349300v2	0.037906
SEVIR_2G349400v2	0
SEVIR_2G349500v2	1.497855
SEVIR_2G349600v2	1.658662
SEVIR_2G349700v2	0.110794
SEVIR_2G349800v2	4.510621
SEVIR_2G349900v2	0.616102
SEVIR_2G350000v2	0
SEVIR_2G350100v2	1.567821
SEVIR_2G350150v2	0.903614
SEVIR_2G350200v2	0.456816
SEVIR_2G350300v2	1.244398
SEVIR_2G350400v2	1.225784
SEVIR_2G350500v2	0.874613
SEVIR_2G350600v2	0.193665
SEVIR_2G350700v2	7.226411
SEVIR_2G350800v2	4.308917
SEVIR_2G350900v2	2.916887
SEVIR_2G351000v2	0
SEVIR_2G351100v2	28.795623
SEVIR_2G351201v2	0
SEVIR_2G351300v2	9.752513
SEVIR_2G351400v2	24.541019
SEVIR_2G351501v2	2.129988
SEVIR_2G351600v2	16.093318
SEVIR_2G351700v2	5.572709
SEVIR_2G351800v2	0.254882
SEVIR_2G351900v2	0
SEVIR_2G351950v2	0
SEVIR_2G352000v2	13.021931
SEVIR_2G352100v2	0.76935
SEVIR_2G352200v2	2.842034
SEVIR_2G352300v2	2.002367
SEVIR_2G352400v2	0.9197
SEVIR_2G352500v2	0.138935
SEVIR_2G352600v2	0.107051
SEVIR_2G352666v2	13.904693
SEVIR_2G352732v2	2.050499
SEVIR_2G352800v2	17.831708
SEVIR_2G352900v2	40.761296
SEVIR_2G353000v2	0
SEVIR_2G353100v2	0.101278
SEVIR_2G353200v2	18.245137
SEVIR_2G353300v2	22.248265
SEVIR_2G353250v2	0
SEVIR_2G353400v2	3.27393
SEVIR_2G353500v2	350.436439
SEVIR_2G353600v2	473.658893
SEVIR_2G353700v2	0.122146
SEVIR_2G353800v2	0.170165
SEVIR_2G353900v2	0.406787
SEVIR_2G354000v2	15.407172
SEVIR_2G354100v2	10.709486
SEVIR_2G354200v2	49.805008
SEVIR_2G354300v2	51.093794
SEVIR_2G354400v2	5.09129
SEVIR_2G354500v2	4.234204
SEVIR_2G354600v2	0
SEVIR_2G354666v2	0
SEVIR_2G354732v2	0
SEVIR_2G354800v2	6.211865
SEVIR_2G354901v2	0.121414
SEVIR_2G355000v2	6.597245
SEVIR_2G355100v2	214.274692
SEVIR_2G355200v2	0.447193
SEVIR_2G355301v2	2.075532
SEVIR_2G355400v2	0
SEVIR_2G355500v2	0
SEVIR_2G355601v2	1.205814
SEVIR_2G355700v2	2.084313
SEVIR_2G355800v2	0
SEVIR_2G355900v2	0
SEVIR_2G356000v2	43.026215
SEVIR_2G356100v2	86.768975
SEVIR_2G356200v2	4.313227
SEVIR_2G356300v2	5.881416
SEVIR_2G356400v2	0
SEVIR_2G356500v2	0.294751
SEVIR_2G356600v2	108.651662
SEVIR_2G356700v2	0.99955
SEVIR_2G356800v2	0
SEVIR_2G356900v2	0.051386
SEVIR_2G357000v2	0
SEVIR_2G357100v2	1.013373
SEVIR_2G357166v2	7.896664
SEVIR_2G357232v2	2.606304
SEVIR_2G357300v2	0
SEVIR_2G357400v2	0
SEVIR_2G357500v2	0.029115
SEVIR_2G357600v2	0
SEVIR_2G357700v2	0
SEVIR_2G357800v2	0.07946
SEVIR_2G357850v2	0
SEVIR_2G357900v2	0
SEVIR_2G358000v2	1.327123
SEVIR_2G358100v2	0.209637
SEVIR_2G358200v2	36.181092
SEVIR_2G358300v2	0.144768
SEVIR_2G358350v2	0
SEVIR_2G358400v2	37.442917
SEVIR_2G358500v2	5.53541
SEVIR_2G358600v2	1.639829
SEVIR_2G358633v2	0.165098
SEVIR_2G358666v2	0.081746
SEVIR_2G358700v2	0.089164
SEVIR_2G358800v2	0
SEVIR_2G358900v2	0.376299
SEVIR_2G359000v2	11.763711
SEVIR_2G359050v2	0
SEVIR_2G359100v2	4.410329
SEVIR_2G359200v2	41.509847
SEVIR_2G359300v2	2.114151
SEVIR_2G359400v2	8.523259
SEVIR_2G359500v2	40.996836
SEVIR_2G359600v2	2.166224
SEVIR_2G359700v2	0
SEVIR_2G359800v2	0
SEVIR_2G359900v2	0
SEVIR_2G360000v2	1.316017
SEVIR_2G360066v2	0
SEVIR_2G360132v2	0.563665
SEVIR_2G360200v2	1.686464
SEVIR_2G360300v2	40.093608
SEVIR_2G360400v2	0
SEVIR_2G360500v2	3.6942
SEVIR_2G360550v2	0.115121
SEVIR_2G360600v2	5.962058
SEVIR_2G360650v2	0
SEVIR_2G360700v2	5.00709
SEVIR_2G360800v2	42.873269
SEVIR_2G360850v2	0
SEVIR_2G360900v2	0.070654
SEVIR_2G361000v2	25.516531
SEVIR_2G361100v2	12.19659
SEVIR_2G361200v2	6.049716
SEVIR_2G361300v2	7.369849
SEVIR_2G361400v2	0.226315
SEVIR_2G361500v2	2.932232
SEVIR_2G361600v2	0
SEVIR_2G361700v2	20.465937
SEVIR_2G361800v2	4.535644
SEVIR_2G361900v2	5.338107
SEVIR_2G362000v2	9.642601
SEVIR_2G362100v2	15.380785
SEVIR_2G362200v2	5.293074
SEVIR_2G362300v2	23.341374
SEVIR_2G362400v2	1.612418
SEVIR_2G362500v2	24.370287
SEVIR_2G362600v2	39.326836
SEVIR_2G362650v2	0.225958
SEVIR_2G362700v2	8.750233
SEVIR_2G362800v2	42.022993
SEVIR_2G362900v2	0.125999
SEVIR_2G363000v2	42.956228
SEVIR_2G363100v2	6.772837
SEVIR_2G363200v2	0.301155
SEVIR_2G363300v2	0.631542
SEVIR_2G363400v2	9.984536
SEVIR_2G363450v2	0
SEVIR_2G363500v2	3.519055
SEVIR_2G363600v2	0
SEVIR_2G363700v2	1.52859
SEVIR_2G363800v2	21.836889
SEVIR_2G363900v2	17.877545
SEVIR_2G364000v2	38.842389
SEVIR_2G364100v2	56.822157
SEVIR_2G364200v2	11.399663
SEVIR_2G364300v2	7.885768
SEVIR_2G364400v2	104.753928
SEVIR_2G364500v2	7.013797
SEVIR_2G364600v2	0.116132
SEVIR_2G364650v2	0
SEVIR_2G364700v2	6.481993
SEVIR_2G364800v2	22.407889
SEVIR_2G364900v2	53.522536
SEVIR_2G365000v2	39.007941
SEVIR_2G365300v2	3.445557
SEVIR_2G365401v2	24.99305
SEVIR_2G365200v2	0.573092
SEVIR_2G365301v2	11.018304
SEVIR_2G365600v2	9.39264
SEVIR_2G365700v2	19.130627
SEVIR_2G365800v2	7.042181
SEVIR_2G365900v2	0.709724
SEVIR_2G366000v2	2.729751
SEVIR_2G366100v2	0.226176
SEVIR_2G366200v2	0.067498
SEVIR_2G366300v2	0.093292
SEVIR_2G366400v2	0
SEVIR_2G366501v2	1.052387
SEVIR_2G366600v2	0.038939
SEVIR_2G366700v2	0.829532
SEVIR_2G366800v2	25.72591
SEVIR_2G366900v2	6.520502
SEVIR_2G367000v2	0
SEVIR_2G367100v2	0.094105
SEVIR_2G367200v2	5.443031
SEVIR_2G367300v2	0.308721
SEVIR_2G367400v2	14.632512
SEVIR_2G367500v2	1.58675
SEVIR_2G367600v2	3.113036
SEVIR_2G367700v2	0.761089
SEVIR_2G367800v2	0.133852
SEVIR_2G367900v2	0.147363
SEVIR_2G368000v2	8.135094
SEVIR_2G368100v2	16.696766
SEVIR_2G368200v2	7.225259
SEVIR_2G368300v2	0
SEVIR_2G368400v2	30.381814
SEVIR_2G368500v2	26.493786
SEVIR_2G368550v2	14.838732
SEVIR_2G368600v2	51.534433
SEVIR_2G368700v2	9.647559
SEVIR_2G368800v2	35.01309
SEVIR_2G368900v2	0
SEVIR_2G369000v2	68.846923
SEVIR_2G369100v2	0.682333
SEVIR_2G369200v2	6.598638
SEVIR_2G369300v2	50.762122
SEVIR_2G369400v2	6.712211
SEVIR_2G369500v2	0.041897
SEVIR_2G369600v2	0.127537
SEVIR_2G369700v2	43.734356
SEVIR_2G369800v2	0.230869
SEVIR_2G369900v2	29.416827
SEVIR_2G370000v2	1.149426
SEVIR_2G370050v2	9.665283
SEVIR_2G370100v2	0.225973
SEVIR_2G370200v2	0
SEVIR_2G370300v2	0
SEVIR_2G370400v2	77.082959
SEVIR_2G370500v2	0.102862
SEVIR_2G370600v2	84.040594
SEVIR_2G370700v2	0
SEVIR_2G370800v2	0.759526
SEVIR_2G370900v2	13.782004
SEVIR_2G371000v2	0.095923
SEVIR_2G371100v2	77.731264
SEVIR_2G371200v2	29.427207
SEVIR_2G371300v2	24.939324
SEVIR_2G371400v2	15.64659
SEVIR_2G371500v2	0.170722
SEVIR_2G371600v2	0
SEVIR_2G371700v2	5.878439
SEVIR_2G371850v2	2.711296
SEVIR_2G372000v2	0
SEVIR_2G372100v2	23.559367
SEVIR_2G372200v2	0.186919
SEVIR_2G372300v2	0
SEVIR_2G372400v2	35.011192
SEVIR_2G372500v2	9.057096
SEVIR_2G372600v2	0
SEVIR_2G372650v2	1.293778
SEVIR_2G372700v2	0
SEVIR_2G372800v2	0.058825
SEVIR_2G372900v2	2.385774
SEVIR_2G373000v2	5.714841
SEVIR_2G373100v2	0.05067
SEVIR_2G373200v2	0
SEVIR_2G373300v2	0.026528
SEVIR_2G373400v2	13.127923
SEVIR_2G373450v2	0
SEVIR_2G373500v2	0.165784
SEVIR_2G373600v2	19.156929
SEVIR_2G373700v2	71.220096
SEVIR_2G373800v2	7.67677
SEVIR_2G373900v2	0.06
SEVIR_2G374000v2	49.24282
SEVIR_2G374100v2	0
SEVIR_2G374200v2	13.599185
SEVIR_2G374300v2	48.172278
SEVIR_2G374350v2	0
SEVIR_2G374400v2	0.138386
SEVIR_2G374500v2	0
SEVIR_2G374600v2	10.434761
SEVIR_2G374650v2	0.029053
SEVIR_2G374700v2	0.206639
SEVIR_2G374801v2	0.132158
SEVIR_2G374900v2	0.660413
SEVIR_2G375000v2	44.859086
SEVIR_2G375100v2	7488.875966
SEVIR_2G375200v2	1.04555
SEVIR_2G375300v2	0
SEVIR_2G375400v2	0.103654
SEVIR_2G375500v2	0
SEVIR_2G375600v2	0
SEVIR_2G375700v2	50.504347
SEVIR_2G375750v2	0.147419
SEVIR_2G375800v2	318.979311
SEVIR_2G375900v2	1.362511
SEVIR_2G376000v2	64.819167
SEVIR_2G376100v2	1.804107
SEVIR_2G376200v2	0.506702
SEVIR_2G376300v2	1.460888
SEVIR_2G376400v2	0.096512
SEVIR_2G376500v2	0.381412
SEVIR_2G376600v2	0.554951
SEVIR_2G376700v2	4.5339
SEVIR_2G376800v2	2.933166
SEVIR_2G376900v2	3.050697
SEVIR_2G377000v2	4.253439
SEVIR_2G377100v2	0.144218
SEVIR_2G377200v2	4.827651
SEVIR_2G377300v2	52.716737
SEVIR_2G377400v2	13.591427
SEVIR_2G377500v2	0.153107
SEVIR_2G377600v2	1.831221
SEVIR_2G377700v2	391.907284
SEVIR_2G377800v2	0.013098
SEVIR_2G377900v2	63.726701
SEVIR_2G378000v2	17.034606
SEVIR_2G378100v2	0.061381
SEVIR_2G378200v2	0
SEVIR_2G378300v2	0
SEVIR_2G378350v2	0
SEVIR_2G378400v2	0
SEVIR_2G378500v2	88.110563
SEVIR_2G378600v2	0
SEVIR_2G378700v2	20.200315
SEVIR_2G378750v2	0.099702
SEVIR_2G378800v2	0
SEVIR_2G378900v2	0.154052
SEVIR_2G379000v2	0
SEVIR_2G379101v2	0
SEVIR_2G379200v2	20.647081
SEVIR_2G379300v2	90.167198
SEVIR_2G379400v2	17.661104
SEVIR_2G379500v2	15.787788
SEVIR_2G379600v2	14.813551
SEVIR_2G379700v2	7.409098
SEVIR_2G379800v2	23.397007
SEVIR_2G379900v2	1.632106
SEVIR_2G380000v2	4.690131
SEVIR_2G380100v2	0.048594
SEVIR_2G380200v2	4.297169
SEVIR_2G380300v2	3.139428
SEVIR_2G380400v2	0.115844
SEVIR_2G380500v2	12.983931
SEVIR_2G380600v2	44.296472
SEVIR_2G380700v2	46.099654
SEVIR_2G380800v2	4.317131
SEVIR_2G380900v2	25.74677
SEVIR_2G381000v2	17.586881
SEVIR_2G381100v2	0.117009
SEVIR_2G381200v2	51.937736
SEVIR_2G381300v2	5.503092
SEVIR_2G381400v2	35.324788
SEVIR_2G381500v2	69.777787
SEVIR_2G381600v2	0
SEVIR_2G381700v2	12.892044
SEVIR_2G381800v2	36.488428
SEVIR_2G381900v2	290.491984
SEVIR_2G382000v2	0.114256
SEVIR_2G382100v2	12.121711
SEVIR_2G382200v2	170.843734
SEVIR_2G382300v2	3.691171
SEVIR_2G382400v2	4.740025
SEVIR_2G382500v2	27.3808
SEVIR_2G382600v2	25.887739
SEVIR_2G382701v2	0.882124
SEVIR_2G382800v2	12.030172
SEVIR_2G382900v2	0.830318
SEVIR_2G383000v2	9.045534
SEVIR_2G383100v2	0.060336
SEVIR_2G383200v2	6.484226
SEVIR_2G383300v2	10.90933
SEVIR_2G383400v2	17.095422
SEVIR_2G383500v2	0.305338
SEVIR_2G383601v2	3.159182
SEVIR_2G383700v2	48.156333
SEVIR_2G383801v2	5.597889
SEVIR_2G383900v2	0
SEVIR_2G384000v2	64.794376
SEVIR_2G384100v2	0.979349
SEVIR_2G384200v2	0.187952
SEVIR_2G384300v2	10.724467
SEVIR_2G384350v2	3.088046
SEVIR_2G384400v2	0
SEVIR_2G384500v2	14.611636
SEVIR_2G384600v2	5.850642
SEVIR_2G384700v2	0.665222
SEVIR_2G384800v2	4.334794
SEVIR_2G384900v2	20.926077
SEVIR_2G385000v2	13.284406
SEVIR_2G385100v2	116.751587
SEVIR_2G385200v2	2.762162
SEVIR_2G385400v2	4.410003
SEVIR_2G385300v2	0
SEVIR_2G385500v2	0.859416
SEVIR_2G385600v2	0
SEVIR_2G385650v2	174.845326
SEVIR_2G385700v2	10.528541
SEVIR_2G385800v2	0
SEVIR_2G385900v2	6.776837
SEVIR_2G386000v2	3.399478
SEVIR_2G386100v2	0
SEVIR_2G386200v2	4.387168
SEVIR_2G386300v2	74.668708
SEVIR_2G386400v2	11.123154
SEVIR_2G386500v2	17.866684
SEVIR_2G386600v2	5.604777
SEVIR_2G386700v2	35.399817
SEVIR_2G386800v2	2.263005
SEVIR_2G386900v2	5.476994
SEVIR_2G387000v2	19.344463
SEVIR_2G387100v2	17.965193
SEVIR_2G387200v2	0.604219
SEVIR_2G387300v2	12.013546
SEVIR_2G387400v2	24.363742
SEVIR_2G387500v2	0
SEVIR_2G387601v2	15.566192
SEVIR_2G387700v2	10.931254
SEVIR_2G387800v2	7.571011
SEVIR_2G387900v2	9.774787
SEVIR_2G388000v2	17.682733
SEVIR_2G388100v2	0
SEVIR_2G388200v2	0.427563
SEVIR_2G388300v2	0
SEVIR_2G388400v2	1061.270773
SEVIR_2G388500v2	20.588589
SEVIR_2G388566v2	0.375998
SEVIR_2G388632v2	7.143905
SEVIR_2G388700v2	6.297046
SEVIR_2G388800v2	1.852386
SEVIR_2G388900v2	17.038163
SEVIR_2G389000v2	2.446903
SEVIR_2G389100v2	8.091702
SEVIR_2G389200v2	524.025215
SEVIR_2G389300v2	1.678579
SEVIR_2G389400v2	12.898865
SEVIR_2G389500v2	26.804352
SEVIR_2G389600v2	11.006788
SEVIR_2G389700v2	1.418757
SEVIR_2G389800v2	0.922588
SEVIR_2G389900v2	86.992043
SEVIR_2G389920v2	0.093312
SEVIR_2G389940v2	0.107734
SEVIR_2G371800v2	33.439174
SEVIR_2G371820v2	178.424828
SEVIR_2G371840v2	0.035425
SEVIR_2G390000v2	20.235084
SEVIR_2G390100v2	1.016539
SEVIR_2G390200v2	51.333965
SEVIR_2G390300v2	6.392904
SEVIR_2G390400v2	18.976134
SEVIR_2G390600v2	1.935804
SEVIR_2G390501v2	0
SEVIR_2G390800v2	4.930419
SEVIR_2G390900v2	0.657237
SEVIR_2G391000v2	33.848484
SEVIR_2G391100v2	6.011287
SEVIR_2G391201v2	2.239508
SEVIR_2G391301v2	1.825665
SEVIR_2G391400v2	29.158104
SEVIR_2G391450v2	1.159834
SEVIR_2G391500v2	1.914943
SEVIR_2G391600v2	10.919728
SEVIR_2G391700v2	8.078638
SEVIR_2G391800v2	0.379671
SEVIR_2G391900v2	24.086672
SEVIR_2G392000v2	20.855286
SEVIR_2G392100v2	9.177591
SEVIR_2G392200v2	8.127745
SEVIR_2G392300v2	0
SEVIR_2G392400v2	16.050571
SEVIR_2G392500v2	4.80437
SEVIR_2G392600v2	20.226631
SEVIR_2G392700v2	6.581131
SEVIR_2G392800v2	10.230846
SEVIR_2G392850v2	0.04188
SEVIR_2G392900v2	17.723355
SEVIR_2G393000v2	37.37936
SEVIR_2G393100v2	5.495035
SEVIR_2G393200v2	19.735208
SEVIR_2G393300v2	88.49406
SEVIR_2G393400v2	2.398458
SEVIR_2G393500v2	6.744778
SEVIR_2G393600v2	0.093687
SEVIR_2G393700v2	1.81649
SEVIR_2G393800v2	0.121713
SEVIR_2G393900v2	0
SEVIR_2G394000v2	1.133171
SEVIR_2G394100v2	0
SEVIR_2G394200v2	0
SEVIR_2G394300v2	2.648779
SEVIR_2G394400v2	27.484795
SEVIR_2G394500v2	7.714899
SEVIR_2G394550v2	0
SEVIR_2G394600v2	56.328449
SEVIR_2G394700v2	3.143625
SEVIR_2G394750v2	3.092702
SEVIR_2G394800v2	1.618747
SEVIR_2G394900v2	13.266988
SEVIR_2G395000v2	1.202599
SEVIR_2G395100v2	24.972578
SEVIR_2G395200v2	0.483857
SEVIR_2G395300v2	16.430439
SEVIR_2G395400v2	0.041454
SEVIR_2G395500v2	3.270175
SEVIR_2G395600v2	0
SEVIR_2G395700v2	29.425073
SEVIR_2G395800v2	52.858432
SEVIR_2G395900v2	13.952331
SEVIR_2G395950v2	0
SEVIR_2G396000v2	15.022589
SEVIR_2G396100v2	76.81909
SEVIR_2G396200v2	244.054788
SEVIR_2G396400v2	37.472704
SEVIR_2G396500v2	15.365806
SEVIR_2G396600v2	1.174523
SEVIR_2G396700v2	0
SEVIR_2G396750v2	0
SEVIR_2G396800v2	0.057457
SEVIR_2G396900v2	153.68139
SEVIR_2G397000v2	12.408769
SEVIR_2G397100v2	177.29285
SEVIR_2G397200v2	0.715946
SEVIR_2G397300v2	29.881271
SEVIR_2G397400v2	2.973211
SEVIR_2G397500v2	6.284214
SEVIR_2G397600v2	23.905741
SEVIR_2G397700v2	19.192502
SEVIR_2G397800v2	0
SEVIR_2G397900v2	10.253543
SEVIR_2G398000v2	999.20856
SEVIR_2G398100v2	5.550052
SEVIR_2G398200v2	0
SEVIR_2G398300v2	3.101767
SEVIR_2G398400v2	5.421359
SEVIR_2G398500v2	0.784495
SEVIR_2G398550v2	0.414705
SEVIR_2G398600v2	2.317374
SEVIR_2G398700v2	8.349758
SEVIR_2G398800v2	141.863574
SEVIR_2G398900v2	0.142153
SEVIR_2G399000v2	9.924413
SEVIR_2G399100v2	4.949393
SEVIR_2G399200v2	10.675375
SEVIR_2G399300v2	1.359906
SEVIR_2G399400v2	0.020038
SEVIR_2G399500v2	18.641626
SEVIR_2G399600v2	0
SEVIR_2G399700v2	29.118238
SEVIR_2G399800v2	11.033122
SEVIR_2G399750v2	0
SEVIR_2G399900v2	7.053228
SEVIR_2G400000v2	186.426113
SEVIR_2G400100v2	6.09797
SEVIR_2G400200v2	27.336003
SEVIR_2G400300v2	8.339342
SEVIR_2G400400v2	6.940773
SEVIR_2G400450v2	0
SEVIR_2G400500v2	0.101443
SEVIR_2G400600v2	3.074635
SEVIR_2G400700v2	0
SEVIR_2G400800v2	0.039673
SEVIR_2G400900v2	0.244516
SEVIR_2G401000v2	44.931546
SEVIR_2G401100v2	85.764006
SEVIR_2G401300v2	10.738304
SEVIR_2G401400v2	13.097765
SEVIR_2G401500v2	0.547449
SEVIR_2G401550v2	1.685229
SEVIR_2G401601v2	0
SEVIR_2G401651v2	0.270059
SEVIR_2G401700v2	0.029676
SEVIR_2G401800v2	0
SEVIR_2G401850v2	6.868796
SEVIR_2G401900v2	10.491556
SEVIR_2G402001v2	0.631314
SEVIR_2G402100v2	31.395708
SEVIR_2G402200v2	0.51183
SEVIR_2G402300v2	10.251322
SEVIR_2G402400v2	8.303919
SEVIR_2G402450v2	0
SEVIR_2G402501v2	2.261754
SEVIR_2G402551v2	1.557439
SEVIR_2G402600v2	38.038289
SEVIR_2G402700v2	0.085205
SEVIR_2G402801v2	0
SEVIR_2G402900v2	6.66771
SEVIR_2G403000v2	4.149571
SEVIR_2G403100v2	1.382858
SEVIR_2G403200v2	13.292874
SEVIR_2G403300v2	1.52171
SEVIR_2G403400v2	5.524051
SEVIR_2G403500v2	2.86022
SEVIR_2G403700v2	8.712311
SEVIR_2G403800v2	0.673191
SEVIR_2G403900v2	0.678512
SEVIR_2G404000v2	0
SEVIR_2G404100v2	6.798665
SEVIR_2G404200v2	43.26385
SEVIR_2G404300v2	28.812328
SEVIR_2G404350v2	24.024853
SEVIR_2G404400v2	0.055189
SEVIR_2G404450v2	0.334193
SEVIR_2G404500v2	3.687301
SEVIR_2G404600v2	2.392549
SEVIR_2G404650v2	4.694566
SEVIR_2G404700v2	0
SEVIR_2G404800v2	2.159333
SEVIR_2G404900v2	0.052819
SEVIR_2G405000v2	0
SEVIR_2G405100v2	79.662361
SEVIR_2G405201v2	0.028438
SEVIR_2G405300v2	2.6733
SEVIR_2G405400v2	40.663185
SEVIR_2G405500v2	6.188103
SEVIR_2G405600v2	18.810967
SEVIR_2G405700v2	75.60183
SEVIR_2G405800v2	375.232503
SEVIR_2G405900v2	3.216172
SEVIR_2G406000v2	138.385788
SEVIR_2G406100v2	17.846698
SEVIR_2G406200v2	31.543161
SEVIR_2G406300v2	11.291761
SEVIR_2G406400v2	37.583285
SEVIR_2G406500v2	0.408556
SEVIR_2G406550v2	0.157895
SEVIR_2G406600v2	106.920441
SEVIR_2G406700v2	31.751993
SEVIR_2G406800v2	8.587865
SEVIR_2G406900v2	6.972166
SEVIR_2G407000v2	43.170428
SEVIR_2G407100v2	42.39244
SEVIR_2G407200v2	90.627966
SEVIR_2G407300v2	24.45117
SEVIR_2G407400v2	6.173843
SEVIR_2G407500v2	1.009461
SEVIR_2G407600v2	43.083389
SEVIR_2G407700v2	14.371081
SEVIR_2G407800v2	0.467232
SEVIR_2G407900v2	0
SEVIR_2G408000v2	0
SEVIR_2G408100v2	0
SEVIR_2G408166v2	0
SEVIR_2G408232v2	0.161097
SEVIR_2G408300v2	15.915191
SEVIR_2G408400v2	32.397489
SEVIR_2G408500v2	0.469887
SEVIR_2G408600v2	12.119681
SEVIR_2G408700v2	15.936215
SEVIR_2G408800v2	0
SEVIR_2G408900v2	0
SEVIR_2G409000v2	34.007326
SEVIR_2G409100v2	0
SEVIR_2G409200v2	0
SEVIR_2G409300v2	0
SEVIR_2G409400v2	9.162987
SEVIR_2G409500v2	2.299733
SEVIR_2G409550v2	0
SEVIR_2G409600v2	0
SEVIR_2G409700v2	0.214793
SEVIR_2G409800v2	27.679956
SEVIR_2G409900v2	2.146068
SEVIR_2G410000v2	0.808005
SEVIR_2G410100v2	21.676918
SEVIR_2G410200v2	0.299484
SEVIR_2G410300v2	16.185713
SEVIR_2G410400v2	3.215667
SEVIR_2G410500v2	0.043862
SEVIR_2G410600v2	0.4607
SEVIR_2G410666v2	8.31671
SEVIR_2G410732v2	67.344335
SEVIR_2G410800v2	12.525939
SEVIR_2G410900v2	29.205157
SEVIR_2G411000v2	57.793144
SEVIR_2G411100v2	11.896862
SEVIR_2G411200v2	1.352684
SEVIR_2G411300v2	1.381703
SEVIR_2G411400v2	13.01596
SEVIR_2G411500v2	18.993181
SEVIR_2G411601v2	21.41217
SEVIR_2G411700v2	0
SEVIR_2G411800v2	5.979245
SEVIR_2G411900v2	491.515244
SEVIR_2G412000v2	0.647538
SEVIR_2G412100v2	12.757429
SEVIR_2G412200v2	13.128351
SEVIR_2G412300v2	0.092083
SEVIR_2G412400v2	24.638345
SEVIR_2G412500v2	0
SEVIR_2G412600v2	16.444889
SEVIR_2G412700v2	235.38704
SEVIR_2G412800v2	0.196596
SEVIR_2G412900v2	0.215203
SEVIR_2G413000v2	33.689123
SEVIR_2G413100v2	43.23015
SEVIR_2G413200v2	199.739082
SEVIR_2G413300v2	67.190843
SEVIR_2G413400v2	40.31871
SEVIR_2G413500v2	18.490587
SEVIR_2G413600v2	15.204628
SEVIR_2G413700v2	4.834335
SEVIR_2G413800v2	69.911898
SEVIR_2G413900v2	33.203869
SEVIR_2G414000v2	2.197199
SEVIR_2G414100v2	0.299643
SEVIR_2G414200v2	4.051969
SEVIR_2G414300v2	58.205858
SEVIR_2G414400v2	0.372624
SEVIR_2G414450v2	0.387597
SEVIR_2G414500v2	0.534224
SEVIR_2G414600v2	17.771445
SEVIR_2G414700v2	5.99233
SEVIR_2G414800v2	11.055396
SEVIR_2G414900v2	33.816677
SEVIR_2G415000v2	23.542281
SEVIR_2G415100v2	11.322534
SEVIR_2G415200v2	11.593771
SEVIR_2G415300v2	7.8632
SEVIR_2G415400v2	4.395365
SEVIR_2G415500v2	0.099984
SEVIR_2G415600v2	43.35504
SEVIR_2G415700v2	434.795649
SEVIR_2G415800v2	45.851418
SEVIR_2G415900v2	4.672638
SEVIR_2G416000v2	0
SEVIR_2G416100v2	19.982002
SEVIR_2G416200v2	0.104822
SEVIR_2G416300v2	46.368071
SEVIR_2G416400v2	0.621196
SEVIR_2G416500v2	28.346317
SEVIR_2G416600v2	1.0717
SEVIR_2G416700v2	2964.879222
SEVIR_2G416800v2	32.200429
SEVIR_2G416900v2	9.238884
SEVIR_2G417000v2	7.046436
SEVIR_2G417100v2	4.686474
SEVIR_2G417200v2	2.831783
SEVIR_2G417300v2	0.11365
SEVIR_2G417400v2	1.205245
SEVIR_2G417500v2	0
SEVIR_2G417600v2	0.154189
SEVIR_2G417700v2	0
SEVIR_2G417800v2	8.338482
SEVIR_2G417900v2	0.400634
SEVIR_2G418000v2	12.165573
SEVIR_2G418100v2	7.88407
SEVIR_2G418150v2	0
SEVIR_2G418200v2	6.995021
SEVIR_2G418300v2	54.207224
SEVIR_2G418400v2	1.849659
SEVIR_2G418500v2	5.322561
SEVIR_2G418600v2	6.008439
SEVIR_2G418700v2	0.343562
SEVIR_2G418800v2	13.873201
SEVIR_2G418900v2	5.029609
SEVIR_2G419000v2	0
SEVIR_2G419100v2	37.874725
SEVIR_2G419200v2	21.696008
SEVIR_2G419300v2	109.305632
SEVIR_2G419400v2	16.455238
SEVIR_2G419450v2	1.046188
SEVIR_2G419500v2	0
SEVIR_2G419600v2	0.416537
SEVIR_2G419700v2	6.414775
SEVIR_2G419800v2	7.398911
SEVIR_2G419900v2	18.597304
SEVIR_2G420001v2	2.417441
SEVIR_2G420100v2	18.251029
SEVIR_2G420200v2	13.505593
SEVIR_2G420300v2	95.04264
SEVIR_2G420400v2	55.468086
SEVIR_2G420500v2	0
SEVIR_2G420600v2	0.13358
SEVIR_2G420700v2	56.555954
SEVIR_2G420800v2	0
SEVIR_2G420850v2	0
SEVIR_2G420900v2	11.55615
SEVIR_2G421000v2	363.322162
SEVIR_2G421100v2	88.235626
SEVIR_2G421200v2	0.129201
SEVIR_2G421300v2	0.102431
SEVIR_2G421350v2	0
SEVIR_2G421400v2	0.090631
SEVIR_2G421501v2	0
SEVIR_2G421601v2	0
SEVIR_2G421700v2	105.839475
SEVIR_2G421800v2	1.489787
SEVIR_2G421900v2	0
SEVIR_2G422001v2	0
SEVIR_2G422100v2	9.432725
SEVIR_2G422200v2	51.876117
SEVIR_2G422400v2	10.407975
SEVIR_2G422500v2	0
SEVIR_2G422600v2	0
SEVIR_2G422650v2	0
SEVIR_2G422700v2	1.079727
SEVIR_2G422800v2	206.567145
SEVIR_2G422850v2	0
SEVIR_2G422900v2	25.780535
SEVIR_2G423000v2	0.666236
SEVIR_2G423100v2	7.423587
SEVIR_2G423200v2	42.523582
SEVIR_2G423300v2	48.777625
SEVIR_2G423350v2	14.826596
SEVIR_2G423400v2	4.986044
SEVIR_2G423500v2	21.423338
SEVIR_2G423600v2	48.369998
SEVIR_2G423700v2	3.063933
SEVIR_2G423800v2	32.183836
SEVIR_2G423900v2	0.17996
SEVIR_2G424000v2	64.443313
SEVIR_2G424100v2	17.418109
SEVIR_2G424200v2	35.93696
SEVIR_2G424300v2	212.472042
SEVIR_2G424400v2	26.101167
SEVIR_2G424500v2	2.581674
SEVIR_2G424600v2	9.622196
SEVIR_2G424700v2	10.49114
SEVIR_2G424800v2	34.630224
SEVIR_2G424900v2	6.02041
SEVIR_2G425000v2	0
SEVIR_2G425100v2	18.550276
SEVIR_2G425200v2	1.567941
SEVIR_2G425301v2	1.945493
SEVIR_2G425400v2	36.520097
SEVIR_2G425500v2	49.56781
SEVIR_2G425600v2	100.409766
SEVIR_2G425700v2	6.83204
SEVIR_2G425800v2	33.752784
SEVIR_2G425900v2	18.274024
SEVIR_2G426000v2	18.069022
SEVIR_2G426100v2	0.246282
SEVIR_2G426200v2	0.026532
SEVIR_2G426300v2	78.223586
SEVIR_2G426400v2	0.325251
SEVIR_2G426500v2	0
SEVIR_2G426600v2	8.245088
SEVIR_2G426700v2	22.923518
SEVIR_2G426800v2	74.292232
SEVIR_2G426850v2	0
SEVIR_2G426900v2	0
SEVIR_2G427000v2	0.016186
SEVIR_2G427100v2	9.867509
SEVIR_2G427250v2	6.366358
SEVIR_2G427200v2	0
SEVIR_2G427300v2	1.141728
SEVIR_2G427400v2	3.807011
SEVIR_2G427500v2	3.718767
SEVIR_2G427600v2	3.278781
SEVIR_2G427700v2	0
SEVIR_2G427800v2	10.320064
SEVIR_2G427900v2	13.913455
SEVIR_2G428000v2	0.189032
SEVIR_2G428100v2	0
SEVIR_2G428200v2	0.038821
SEVIR_2G428300v2	0
SEVIR_2G428400v2	0
SEVIR_2G428500v2	77.571327
SEVIR_2G428600v2	16.460961
SEVIR_2G428650v2	0.199125
SEVIR_2G428700v2	11.248775
SEVIR_2G428800v2	2.637767
SEVIR_2G428900v2	16.435466
SEVIR_2G429000v2	9.898473
SEVIR_2G429100v2	2.988974
SEVIR_2G429200v2	2.548474
SEVIR_2G429300v2	26.525793
SEVIR_2G429400v2	0.126582
SEVIR_2G429500v2	0.308885
SEVIR_2G429600v2	0.035283
SEVIR_2G429700v2	52.539076
SEVIR_2G429800v2	0
SEVIR_2G429900v2	0.076882
SEVIR_2G430000v2	772.153622
SEVIR_2G430100v2	35.832771
SEVIR_2G430200v2	28.780268
SEVIR_2G430300v2	44.450183
SEVIR_2G430500v2	1.693055
SEVIR_2G430600v2	14.307656
SEVIR_2G430700v2	4.620586
SEVIR_2G430800v2	22.69941
SEVIR_2G430900v2	0.636423
SEVIR_2G430933v2	0
SEVIR_2G430966v2	2.195282
SEVIR_2G431000v2	21.060805
SEVIR_2G431100v2	0.923881
SEVIR_2G431050v2	0
SEVIR_2G431200v2	39.156603
SEVIR_2G431250v2	0
SEVIR_2G431300v2	6.361429
SEVIR_2G431400v2	8.996261
SEVIR_2G431500v2	21.012266
SEVIR_2G431600v2	2.16238
SEVIR_2G431700v2	40.825942
SEVIR_2G431750v2	10.16073
SEVIR_2G431800v2	45.278414
SEVIR_2G431850v2	0.036108
SEVIR_2G431900v2	0.031571
SEVIR_2G432000v2	2.818011
SEVIR_2G432100v2	2.434793
SEVIR_2G432200v2	6.937568
SEVIR_2G432300v2	0.774601
SEVIR_2G432400v2	0.218961
SEVIR_2G432500v2	15.849747
SEVIR_2G432600v2	0.211689
SEVIR_2G432700v2	0.288373
SEVIR_2G432800v2	19.537071
SEVIR_2G432900v2	0
SEVIR_2G433000v2	36.415212
SEVIR_2G433100v2	101.271454
SEVIR_2G433150v2	0.44481
SEVIR_2G433200v2	9.494782
SEVIR_2G433300v2	30.292223
SEVIR_2G433400v2	39.199602
SEVIR_2G433500v2	27.244356
SEVIR_2G433600v2	2.137151
SEVIR_2G433700v2	577.061804
SEVIR_2G433800v2	18.969074
SEVIR_2G433900v2	0
SEVIR_2G434001v2	0.216839
SEVIR_2G434100v2	0.071624
SEVIR_2G434200v2	0
SEVIR_2G434300v2	15.178769
SEVIR_2G434400v2	22.436727
SEVIR_2G434500v2	19.94489
SEVIR_2G434600v2	12.924183
SEVIR_2G434700v2	67.786685
SEVIR_2G434800v2	3.828318
SEVIR_2G434900v2	7.281714
SEVIR_2G435000v2	7.264167
SEVIR_2G435100v2	0.039755
SEVIR_2G435200v2	0
SEVIR_2G435300v2	0.590605
SEVIR_2G435400v2	1.108331
SEVIR_2G435500v2	7.215658
SEVIR_2G435600v2	3.053226
SEVIR_2G435700v2	0.393969
SEVIR_2G435800v2	0
SEVIR_2G435900v2	0
SEVIR_2G436000v2	0.036168
SEVIR_2G436100v2	6.467665
SEVIR_2G436200v2	34.658667
SEVIR_2G436300v2	0.827767
SEVIR_2G436500v2	39.625349
SEVIR_2G436600v2	11.568497
SEVIR_2G436700v2	1.800973
SEVIR_2G436800v2	10.490114
SEVIR_2G436900v2	0.361218
SEVIR_2G437000v2	7.375148
SEVIR_2G437100v2	14.86891
SEVIR_2G437200v2	3.800724
SEVIR_2G437300v2	0.258957
SEVIR_2G437400v2	83.794245
SEVIR_2G437500v2	0.138271
SEVIR_2G437601v2	1.210028
SEVIR_2G437700v2	0
SEVIR_2G437800v2	3.736937
SEVIR_2G437900v2	25.42015
SEVIR_2G438000v2	24.169218
SEVIR_2G438100v2	18.435182
SEVIR_2G438200v2	0.817475
SEVIR_2G438300v2	1.60608
SEVIR_2G438400v2	6.509356
SEVIR_2G438500v2	0
SEVIR_2G438600v2	6.457736
SEVIR_2G438700v2	0.462312
SEVIR_2G438800v2	8.914759
SEVIR_2G438900v2	2.577538
SEVIR_2G439000v2	27.396876
SEVIR_2G439100v2	3.281996
SEVIR_2G439200v2	0.927009
SEVIR_2G439300v2	0
SEVIR_2G439400v2	13.007533
SEVIR_2G439500v2	0
SEVIR_2G439601v2	27.51234
SEVIR_2G439700v2	5.943795
SEVIR_2G439800v2	19.841358
SEVIR_2G439900v2	315.962391
SEVIR_2G439950v2	0.391214
SEVIR_2G440000v2	28.52531
SEVIR_2G440101v2	2.693582
SEVIR_2G440200v2	1.681983
SEVIR_2G440350v2	21.92368
SEVIR_2G440500v2	4.565707
SEVIR_2G440533v2	0.098562
SEVIR_2G440566v2	2.31112
SEVIR_2G440600v2	0
SEVIR_2G440700v2	1.477713
SEVIR_2G440900v2	7.186971
SEVIR_2G440800v2	48.49968
SEVIR_2G441000v2	2.754769
SEVIR_2G441100v2	11.954179
SEVIR_2G441200v2	0
SEVIR_2G441300v2	0
SEVIR_2G441400v2	2.884104
SEVIR_2G441500v2	4.177117
SEVIR_2G441600v2	10.402351
SEVIR_2G441700v2	3.489291
SEVIR_2G441800v2	9.033779
SEVIR_2G441900v2	98.182131
SEVIR_2G442000v2	75.538993
SEVIR_2G442100v2	632.337911
SEVIR_2G442200v2	1.375382
SEVIR_2G442300v2	0.221731
SEVIR_2G442400v2	29.101866
SEVIR_2G442500v2	13.822211
SEVIR_2G442600v2	0
SEVIR_2G442700v2	0
SEVIR_2G442800v2	0
SEVIR_2G442833v2	0
SEVIR_2G442866v2	0
SEVIR_2G442900v2	0
SEVIR_2G443000v2	0
SEVIR_2G443100v2	128.032609
SEVIR_2G443200v2	1.827544
SEVIR_2G443300v2	44.932085
SEVIR_2G443401v2	2.514525
SEVIR_2G443500v2	0.081742
SEVIR_2G443600v2	0.063176
SEVIR_2G443700v2	0.622735
SEVIR_2G443800v2	5.70077
SEVIR_2G443900v2	1.086636
SEVIR_2G444000v2	15.474865
SEVIR_2G444100v2	11.742759
SEVIR_2G444200v2	0
SEVIR_2G444300v2	12.582423
SEVIR_2G444400v2	9.369435
SEVIR_2G444501v2	0
SEVIR_2G444600v2	0
SEVIR_2G444700v2	1.608508
SEVIR_2G444800v2	14.838361
SEVIR_2G444900v2	122.284017
SEVIR_2G445000v2	0.331939
SEVIR_2G445100v2	29.972987
SEVIR_2G445200v2	0.459003
SEVIR_2G445300v2	0
SEVIR_2G445400v2	1.261886
SEVIR_2G445500v2	0.043082
SEVIR_2G445600v2	49.254516
SEVIR_2G445700v2	0.041371
SEVIR_2G445800v2	12.509078
SEVIR_2G445900v2	42.070182
SEVIR_2G446000v2	2.47741
SEVIR_2G446100v2	972.71407
SEVIR_2G446200v2	9.86695
SEVIR_2G446300v2	5.168534
SEVIR_2G446400v2	0.888601
SEVIR_2G446500v2	4.29303
SEVIR_2G446600v2	1.284978
SEVIR_2G446700v2	0
SEVIR_2G446800v2	11.113495
SEVIR_2G446900v2	81.87789
SEVIR_2G447000v2	17.060606
SEVIR_2G447100v2	1.229843
SEVIR_2G447150v2	0
SEVIR_2G447200v2	0.234671
SEVIR_2G447300v2	0.106905
SEVIR_2G447400v2	12.639792
SEVIR_2G447500v2	3.185037
SEVIR_2G447600v2	11.788228
SEVIR_2G447700v2	10.035449
SEVIR_2G447900v2	21.290437
SEVIR_2G448000v2	0.208824
SEVIR_2G448100v2	2.553748
SEVIR_2G448200v2	6.247214
SEVIR_2G448300v2	0.048751
SEVIR_2G448400v2	64.112901
SEVIR_2G448500v2	8.18121
SEVIR_2G448600v2	62.664506
SEVIR_2G448700v2	283.59248
SEVIR_2G448800v2	203.084024
SEVIR_2G448900v2	78.563369
SEVIR_2G449000v2	0
SEVIR_2G449100v2	35.965373
SEVIR_2G449200v2	9.001679
SEVIR_2G449300v2	39.831105
SEVIR_2G449400v2	20.026643
SEVIR_2G449500v2	7.074183
SEVIR_2G449600v2	0.096785
SEVIR_2G449700v2	0
SEVIR_2G449800v2	0.037211
SEVIR_2G449900v2	3.49
SEVIR_2G450000v2	12.023213
SEVIR_2G450100v2	0
SEVIR_2G450300v2	40.865554
SEVIR_2G450200v2	12.502946
SEVIR_2G450400v2	2.795649
SEVIR_2G450500v2	2.959318
SEVIR_2G450600v2	6.899395
SEVIR_2G450700v2	0
SEVIR_2G450800v2	2.71146
SEVIR_2G450900v2	49.754008
SEVIR_2G451000v2	0.25903
SEVIR_2G451100v2	37.331333
SEVIR_2G451150v2	10.278953
SEVIR_2G451200v2	38.143321
SEVIR_2G451300v2	0.260294
SEVIR_2G451432v2	52.690858
SEVIR_2G451366v2	333.690682
SEVIR_2G451500v2	2.700321
SEVIR_2G451600v2	8.492956
SEVIR_2G451700v2	1.802931
SEVIR_2G451800v2	6.082054
SEVIR_2G451900v2	5.864143
SEVIR_2G452000v2	0.503726
SEVIR_2G452100v2	3.300612
SEVIR_2G452200v2	0.137969
SEVIR_2G452300v2	1.84885
SEVIR_2G452400v2	0.027934
SEVIR_2G452500v2	0.031372
SEVIR_2G452600v2	23.154982
SEVIR_2G452700v2	24.33658
SEVIR_2G452800v2	5.981678
SEVIR_2G452900v2	20.434376
SEVIR_2G452850v2	0
SEVIR_2G453000v2	7.194869
SEVIR_2G453101v2	2.923233
SEVIR_2G453200v2	3.602801
SEVIR_2G453300v2	4.349164
SEVIR_2G453400v2	0.89763
SEVIR_2G453466v2	0.047116
SEVIR_2G453532v2	30.207945
SEVIR_2G453600v2	0.722019
SEVIR_2G453700v2	0
SEVIR_2G453800v2	7.254576
SEVIR_2G453833v2	0
SEVIR_2G453866v2	65.08361
SEVIR_2G453900v2	0.404167
SEVIR_2G454000v2	4.811635
SEVIR_2G454100v2	332.203043
SEVIR_2G454200v2	8.502959
SEVIR_2G454300v2	27.82341
SEVIR_2G454400v2	1.284326
SEVIR_2G454500v2	0.4197
SEVIR_2G454600v2	7.513694
SEVIR_2G454700v2	13.751161
SEVIR_2G454800v2	1.519611
SEVIR_2G454900v2	11.901888
SEVIR_2G455000v2	30.574887
SEVIR_2G455100v2	18.040447
SEVIR_2G455200v2	0
SEVIR_2G455300v2	28.813771
SEVIR_2G455400v2	12.951541
SEVIR_2G455500v2	19.723307
SEVIR_2G455600v2	8.015967
SEVIR_2G455700v2	0.17956
SEVIR_2G455800v2	7.952192
SEVIR_2G455900v2	30.505107
SEVIR_2G456000v2	24.38662
SEVIR_2G456100v2	1468.760261
SEVIR_2G456200v2	17.102976
SEVIR_2G456300v2	0
SEVIR_2G456400v2	3.362122
SEVIR_2G456500v2	0
SEVIR_2G456600v2	0
SEVIR_2G456700v2	33.171174
SEVIR_2G456800v2	23.277656
SEVIR_2G456900v2	8.345562
SEVIR_2G457000v2	0.731487
SEVIR_2G457100v2	3.579456
SEVIR_2G457200v2	0.027895
SEVIR_2G457300v2	3.04792
SEVIR_2G457400v2	88.992329
SEVIR_2G457500v2	17.652621
SEVIR_2G457600v2	4.19096
SEVIR_2G457700v2	16.418845
SEVIR_3G000200v2	0
SEVIR_3G000250v2	0
SEVIR_3G000300v2	1.930537
SEVIR_3G000400v2	155.985723
SEVIR_3G000500v2	0
SEVIR_3G000600v2	0.027659
SEVIR_3G000700v2	0
SEVIR_3G000800v2	0
SEVIR_3G000900v2	0
SEVIR_3G001000v2	1.202267
SEVIR_3G001100v2	1.729274
SEVIR_3G001200v2	107.513656
SEVIR_3G001300v2	4.640985
SEVIR_3G001400v2	14.256969
SEVIR_3G001500v2	95.600225
SEVIR_3G001600v2	11.294709
SEVIR_3G001700v2	14.080818
SEVIR_3G001800v2	31.316437
SEVIR_3G001900v2	13.764299
SEVIR_3G002000v2	0.59842
SEVIR_3G002100v2	1.495968
SEVIR_3G002133v2	14.937255
SEVIR_3G002166v2	3.438351
SEVIR_3G002200v2	0.08636
SEVIR_3G002300v2	0.188602
SEVIR_3G002500v2	9.203242
SEVIR_3G002400v2	19.868752
SEVIR_3G002600v2	3.020702
SEVIR_3G002700v2	10.530248
SEVIR_3G002800v2	28.459716
SEVIR_3G002900v2	27.861105
SEVIR_3G003000v2	0.505521
SEVIR_3G003100v2	26.597594
SEVIR_3G003200v2	0
SEVIR_3G003250v2	0.03823
SEVIR_3G003300v2	10.365187
SEVIR_3G003400v2	10.520181
SEVIR_3G003450v2	50.012316
SEVIR_3G003500v2	9.201488
SEVIR_3G003600v2	36.005666
SEVIR_3G003700v2	10.011215
SEVIR_3G003800v2	5.243187
SEVIR_3G003900v2	0.855493
SEVIR_3G004000v2	10.151077
SEVIR_3G004100v2	31.239908
SEVIR_3G004201v2	0
SEVIR_3G004300v2	0.061386
SEVIR_3G004400v2	0.192345
SEVIR_3G004450v2	3.870794
SEVIR_3G004500v2	4.159512
SEVIR_3G004600v2	20.823818
SEVIR_3G004700v2	1.662606
SEVIR_3G004800v2	9.388368
SEVIR_3G004900v2	3.464158
SEVIR_3G005000v2	0
SEVIR_3G005100v2	0
SEVIR_3G005200v2	0.099068
SEVIR_3G005300v2	0
SEVIR_3G005350v2	22.935743
SEVIR_3G005400v2	50.865527
SEVIR_3G005500v2	4.916436
SEVIR_3G005600v2	0.092903
SEVIR_3G005700v2	4.992262
SEVIR_3G005800v2	1175.8796
SEVIR_3G005900v2	24.323275
SEVIR_3G006000v2	279.467258
SEVIR_3G006100v2	34.743646
SEVIR_3G006200v2	5.686963
SEVIR_3G006300v2	0
SEVIR_3G006400v2	0
SEVIR_3G006500v2	7.050436
SEVIR_3G006600v2	6.613531
SEVIR_3G006700v2	2.696316
SEVIR_3G006800v2	0.17501
SEVIR_3G006900v2	18.900626
SEVIR_3G007000v2	5.013319
SEVIR_3G007025v2	2.09463
SEVIR_3G007050v2	0
SEVIR_3G007075v2	1.332473
SEVIR_3G007100v2	33.77481
SEVIR_3G007200v2	0.457757
SEVIR_3G007300v2	55.844038
SEVIR_3G007400v2	0
SEVIR_3G007500v2	6.360909
SEVIR_3G007600v2	4.604252
SEVIR_3G007700v2	9.348729
SEVIR_3G007800v2	8.113227
SEVIR_3G007900v2	0.600944
SEVIR_3G008000v2	80.591174
SEVIR_3G008100v2	45.684375
SEVIR_3G008200v2	8.09048
SEVIR_3G008250v2	7.648196
SEVIR_3G008300v2	0.158201
SEVIR_3G008400v2	5.473688
SEVIR_3G008500v2	0.826014
SEVIR_3G008600v2	1.483036
SEVIR_3G008700v2	0
SEVIR_3G008800v2	12.62415
SEVIR_3G008900v2	56.199349
SEVIR_3G009000v2	55.248276
SEVIR_3G009100v2	32.544
SEVIR_3G009200v2	0
SEVIR_3G009300v2	4.797784
SEVIR_3G009400v2	28.654848
SEVIR_3G009500v2	54.440746
SEVIR_3G009600v2	3.278802
SEVIR_3G009700v2	41.486558
SEVIR_3G009800v2	0.09224
SEVIR_3G009900v2	9.372842
SEVIR_3G010000v2	0.733184
SEVIR_3G010100v2	1.788738
SEVIR_3G010201v2	0.302613
SEVIR_3G010300v2	2.838812
SEVIR_3G010400v2	5.770981
SEVIR_3G010500v2	2.069007
SEVIR_3G010600v2	3.198021
SEVIR_3G010700v2	29.22944
SEVIR_3G010800v2	31.632656
SEVIR_3G010900v2	0
SEVIR_3G011000v2	0.590195
SEVIR_3G011050v2	0
SEVIR_3G011100v2	0
SEVIR_3G011200v2	6.260048
SEVIR_3G011400v2	4.966727
SEVIR_3G011300v2	0.266089
SEVIR_3G011500v2	0
SEVIR_3G011600v2	335.18497
SEVIR_3G011700v2	13.675952
SEVIR_3G011800v2	0
SEVIR_3G011900v2	4.504043
SEVIR_3G011950v2	0
SEVIR_3G012000v2	33.434767
SEVIR_3G012100v2	2.283042
SEVIR_3G012200v2	88.15731
SEVIR_3G012301v2	1.647894
SEVIR_3G012400v2	36.319771
SEVIR_3G012500v2	0
SEVIR_3G012600v2	2.708355
SEVIR_3G012700v2	6.56225
SEVIR_3G012850v2	0
SEVIR_3G012800v2	0
SEVIR_3G012901v2	0
SEVIR_3G012951v2	0
SEVIR_3G013000v2	136.220937
SEVIR_3G013100v2	308.439631
SEVIR_3G013200v2	22.008284
SEVIR_3G013300v2	1.037627
SEVIR_3G013400v2	41.765176
SEVIR_3G013500v2	0.227487
SEVIR_3G013650v2	69.176033
SEVIR_3G013800v2	1.343666
SEVIR_3G013850v2	2.866233
SEVIR_3G013901v2	1.860111
SEVIR_3G013951v2	0.28109
SEVIR_3G014000v2	0.089345
SEVIR_3G014100v2	20.899962
SEVIR_3G014200v2	8.539616
SEVIR_3G014300v2	2.296194
SEVIR_3G014400v2	17.615527
SEVIR_3G014500v2	12.686418
SEVIR_3G014600v2	34.864661
SEVIR_3G014650v2	0
SEVIR_3G014700v2	0.027314
SEVIR_3G014800v2	0.909794
SEVIR_3G014850v2	6.572392
SEVIR_3G014900v2	45.301983
SEVIR_3G015000v2	23.833109
SEVIR_3G015050v2	3.3099
SEVIR_3G015100v2	270.033303
SEVIR_3G015150v2	0
SEVIR_3G015200v2	7.84924
SEVIR_3G015300v2	77.102062
SEVIR_3G015400v2	8.93169
SEVIR_3G015500v2	2.314252
SEVIR_3G015600v2	12.482306
SEVIR_3G015700v2	0.933316
SEVIR_3G015800v2	5.467883
SEVIR_3G015900v2	35.693922
SEVIR_3G016000v2	13.193222
SEVIR_3G016100v2	61.100869
SEVIR_3G016200v2	10.482022
SEVIR_3G016300v2	22.140011
SEVIR_3G016400v2	0
SEVIR_3G016500v2	0
SEVIR_3G016600v2	202.78188
SEVIR_3G016700v2	2.312719
SEVIR_3G016800v2	33.833824
SEVIR_3G016900v2	0.082855
SEVIR_3G017000v2	11.511934
SEVIR_3G017050v2	0.082833
SEVIR_3G017100v2	9.870079
SEVIR_3G017200v2	50.86078
SEVIR_3G017300v2	0
SEVIR_3G017400v2	30.708569
SEVIR_3G017600v2	16.410968
SEVIR_3G017701v2	8.821841
SEVIR_3G017800v2	19.170767
SEVIR_3G017900v2	21.873192
SEVIR_3G018000v2	0
SEVIR_3G018100v2	0.477523
SEVIR_3G018200v2	17.123828
SEVIR_3G018300v2	9.810205
SEVIR_3G018400v2	2.621506
SEVIR_3G018500v2	48.236103
SEVIR_3G018600v2	0.786658
SEVIR_3G018700v2	9.096794
SEVIR_3G018800v2	11.13109
SEVIR_3G018900v2	16.877933
SEVIR_3G019000v2	27.434666
SEVIR_3G019100v2	17.118429
SEVIR_3G019200v2	0.110289
SEVIR_3G019300v2	0.053306
SEVIR_3G019350v2	0.608555
SEVIR_3G019400v2	0.104095
SEVIR_3G019500v2	18.291528
SEVIR_3G019600v2	221.502966
SEVIR_3G019700v2	5.059857
SEVIR_3G019800v2	47.328303
SEVIR_3G019900v2	16.884635
SEVIR_3G020100v2	5.716941
SEVIR_3G020000v2	3.28124
SEVIR_3G020150v2	0.790733
SEVIR_3G020200v2	0.027106
SEVIR_3G020300v2	0.714929
SEVIR_3G020400v2	3.37906
SEVIR_3G000100v2	10.871327
SEVIR_3G020500v2	17.736358
SEVIR_3G020600v2	17.190727
SEVIR_3G020700v2	22.714765
SEVIR_3G020800v2	1.418511
SEVIR_3G020900v2	0.682483
SEVIR_3G021001v2	0.554825
SEVIR_3G021100v2	5.663854
SEVIR_3G021200v2	6.582109
SEVIR_3G021300v2	9.051157
SEVIR_3G021400v2	10.033072
SEVIR_3G021500v2	30.921767
SEVIR_3G021600v2	55.344152
SEVIR_3G021700v2	89.938359
SEVIR_3G021800v2	3.651329
SEVIR_3G021900v2	38.640751
SEVIR_3G022000v2	54.83733
SEVIR_3G022100v2	0.458578
SEVIR_3G022200v2	50.649858
SEVIR_3G022300v2	1.963991
SEVIR_3G022400v2	0
SEVIR_3G022500v2	34.188653
SEVIR_3G022600v2	0
SEVIR_3G022700v2	45.068264
SEVIR_3G022800v2	9.507619
SEVIR_3G022900v2	8.591327
SEVIR_3G023000v2	10.391689
SEVIR_3G023050v2	0.071715
SEVIR_3G023100v2	26.201036
SEVIR_3G023200v2	0
SEVIR_3G023300v2	7.60662
SEVIR_3G023400v2	495.488386
SEVIR_3G023450v2	0
SEVIR_3G023500v2	0
SEVIR_3G023550v2	0.374266
SEVIR_3G023600v2	17.915148
SEVIR_3G023700v2	0
SEVIR_3G023825v2	0.323866
SEVIR_3G023800v2	0
SEVIR_3G023850v2	0
SEVIR_3G023875v2	0
SEVIR_3G023900v2	62.454648
SEVIR_3G024000v2	3.636583
SEVIR_3G024100v2	1.155343
SEVIR_3G024200v2	0.038948
SEVIR_3G024250v2	0.059942
SEVIR_3G024300v2	2.387057
SEVIR_3G024350v2	2.738497
SEVIR_3G024400v2	40.313423
SEVIR_3G024500v2	0.573664
SEVIR_3G024600v2	0.154548
SEVIR_3G024700v2	19.321755
SEVIR_3G024800v2	100.321219
SEVIR_3G024900v2	3.1954
SEVIR_3G024950v2	12.518843
SEVIR_3G025000v2	0
SEVIR_3G025033v2	0.064277
SEVIR_3G025066v2	0.162323
SEVIR_3G025100v2	95.24762
SEVIR_3G025200v2	0
SEVIR_3G025300v2	0
SEVIR_3G025400v2	2.577331
SEVIR_3G025450v2	10.348322
SEVIR_3G025500v2	20.391945
SEVIR_3G025600v2	17.350386
SEVIR_3G025700v2	7.14976
SEVIR_3G025800v2	8.694116
SEVIR_3G025900v2	97.402186
SEVIR_3G026000v2	225.067262
SEVIR_3G026100v2	21.275688
SEVIR_3G026150v2	0
SEVIR_3G026300v2	6.238145
SEVIR_3G026200v2	12.001241
SEVIR_3G026400v2	41.235854
SEVIR_3G026500v2	60.17096
SEVIR_3G026600v2	55.235382
SEVIR_3G026700v2	17.315887
SEVIR_3G026800v2	35.905858
SEVIR_3G026900v2	223.667756
SEVIR_3G027000v2	17.248227
SEVIR_3G027100v2	0
SEVIR_3G027201v2	0.09651
SEVIR_3G027300v2	3.876973
SEVIR_3G027400v2	0
SEVIR_3G027500v2	0
SEVIR_3G027600v2	2.150944
SEVIR_3G027700v2	20.17803
SEVIR_3G027800v2	0.043161
SEVIR_3G027900v2	0
SEVIR_3G028000v2	36.986206
SEVIR_3G028100v2	47.995601
SEVIR_3G028200v2	20.774068
SEVIR_3G028300v2	17.005322
SEVIR_3G028400v2	5.810694
SEVIR_3G028500v2	0
SEVIR_3G028600v2	0
SEVIR_3G028700v2	71.757039
SEVIR_3G028800v2	83.389747
SEVIR_3G028900v2	1.056717
SEVIR_3G029000v2	13.924709
SEVIR_3G029100v2	26.672181
SEVIR_3G029200v2	35.689379
SEVIR_3G029300v2	42.957644
SEVIR_3G029401v2	26.181968
SEVIR_3G029500v2	7.510857
SEVIR_3G029600v2	40.26242
SEVIR_3G029700v2	17.644174
SEVIR_3G029801v2	0.200197
SEVIR_3G029900v2	0.05611
SEVIR_3G030000v2	64.132938
SEVIR_3G030100v2	10.820392
SEVIR_3G030200v2	0.681379
SEVIR_3G030250v2	0.666964
SEVIR_3G030300v2	1.842153
SEVIR_3G030400v2	0
SEVIR_3G030500v2	0
SEVIR_3G030600v2	3.344869
SEVIR_3G030701v2	0.611663
SEVIR_3G030800v2	12.354428
SEVIR_3G030900v2	18.744637
SEVIR_3G031000v2	3.594006
SEVIR_3G031050v2	7.886871
SEVIR_3G031100v2	0.053511
SEVIR_3G031301v2	0.186518
SEVIR_3G031200v2	0.039609
SEVIR_3G031300v2	1.726844
SEVIR_3G031400v2	0.509402
SEVIR_3G031500v2	17.332673
SEVIR_3G031550v2	0.71301
SEVIR_3G031600v2	96.494611
SEVIR_3G031700v2	21.242625
SEVIR_3G031800v2	487.719533
SEVIR_3G031900v2	29.186384
SEVIR_3G032000v2	0.353695
SEVIR_3G032100v2	0.076533
SEVIR_3G032200v2	4.205962
SEVIR_3G032300v2	3.029649
SEVIR_3G032400v2	67.462405
SEVIR_3G032500v2	24.927898
SEVIR_3G032600v2	25.33942
SEVIR_3G032650v2	23.899609
SEVIR_3G032700v2	9.796308
SEVIR_3G032750v2	1.722024
SEVIR_3G032800v2	15.705679
SEVIR_3G032900v2	0.332183
SEVIR_3G033000v2	14.2748
SEVIR_3G033066v2	30.067221
SEVIR_3G033132v2	23.526801
SEVIR_3G033200v2	11.151406
SEVIR_3G033300v2	148.001918
SEVIR_3G033500v2	26.827835
SEVIR_3G033600v2	16.924177
SEVIR_3G033700v2	618.855755
SEVIR_3G033750v2	3.121433
SEVIR_3G033800v2	7.583975
SEVIR_3G033900v2	5.746799
SEVIR_3G034000v2	0.059374
SEVIR_3G034100v2	0.293779
SEVIR_3G034200v2	9.28503
SEVIR_3G034300v2	3.892305
SEVIR_3G034400v2	0
SEVIR_3G034500v2	35.890714
SEVIR_3G034600v2	22.007666
SEVIR_3G034700v2	150.636884
SEVIR_3G034800v2	0.355688
SEVIR_3G034900v2	29.604374
SEVIR_3G035000v2	79.230282
SEVIR_3G035101v2	0.423075
SEVIR_3G035200v2	629.476189
SEVIR_3G035300v2	0
SEVIR_3G035401v2	2.347283
SEVIR_3G035501v2	1.347934
SEVIR_3G035600v2	0
SEVIR_3G035700v2	50.634598
SEVIR_3G035800v2	0.254096
SEVIR_3G035900v2	0
SEVIR_3G036001v2	0.14482
SEVIR_3G036100v2	26.07565
SEVIR_3G036200v2	29.936235
SEVIR_3G036300v2	0
SEVIR_3G036400v2	0.100917
SEVIR_3G036500v2	0.064362
SEVIR_3G036601v2	0.335312
SEVIR_3G036700v2	422.706771
SEVIR_3G036800v2	0.715158
SEVIR_3G036900v2	28.362674
SEVIR_3G037000v2	0.067712
SEVIR_3G037100v2	0
SEVIR_3G037200v2	1.933255
SEVIR_3G037300v2	6.088565
SEVIR_3G037400v2	0
SEVIR_3G037500v2	694.279333
SEVIR_3G037600v2	1.720302
SEVIR_3G037700v2	62.386113
SEVIR_3G037800v2	1395.937831
SEVIR_3G037901v2	0.145778
SEVIR_3G038000v2	26.2544
SEVIR_3G038100v2	63.034504
SEVIR_3G038200v2	7.876437
SEVIR_3G038300v2	5.180886
SEVIR_3G038400v2	27.440546
SEVIR_3G038500v2	7.152822
SEVIR_3G038600v2	51.603438
SEVIR_3G038700v2	15.072317
SEVIR_3G038800v2	70.137356
SEVIR_3G038900v2	128.563276
SEVIR_3G039000v2	3.695006
SEVIR_3G039100v2	5.418358
SEVIR_3G039200v2	8.415101
SEVIR_3G039300v2	11.224299
SEVIR_3G039400v2	0.112298
SEVIR_3G039500v2	0.953346
SEVIR_3G039600v2	16.901494
SEVIR_3G039700v2	48.655028
SEVIR_3G039800v2	10.478559
SEVIR_3G039900v2	1107.153413
SEVIR_3G039966v2	0.480907
SEVIR_3G040032v2	0.691905
SEVIR_3G040100v2	30.523778
SEVIR_3G040200v2	0.529862
SEVIR_3G040300v2	8.37098
SEVIR_3G040400v2	842.114398
SEVIR_3G040500v2	19.90288
SEVIR_3G040600v2	1.104922
SEVIR_3G040650v2	1.021978
SEVIR_3G040700v2	6.903615
SEVIR_3G040800v2	0
SEVIR_3G040850v2	6.134233
SEVIR_3G040900v2	117.608682
SEVIR_3G041000v2	10.88219
SEVIR_3G041100v2	0
SEVIR_3G041200v2	24.150397
SEVIR_3G041300v2	2.946935
SEVIR_3G041400v2	0
SEVIR_3G041500v2	0.051505
SEVIR_3G041600v2	0.645971
SEVIR_3G041701v2	0.115261
SEVIR_3G041800v2	0.214325
SEVIR_3G041840v2	2.848037
SEVIR_3G041880v2	0.296312
SEVIR_3G041920v2	4.046046
SEVIR_3G041960v2	0
SEVIR_3G042000v2	0.271425
SEVIR_3G042100v2	12.967036
SEVIR_3G042200v2	35.33552
SEVIR_3G042300v2	42.964813
SEVIR_3G042400v2	0.193105
SEVIR_3G042500v2	1.066632
SEVIR_3G042600v2	2.996402
SEVIR_3G042700v2	17.385646
SEVIR_3G042800v2	43.071143
SEVIR_3G042901v2	0.233485
SEVIR_3G043000v2	0.920281
SEVIR_3G043100v2	7.286223
SEVIR_3G043200v2	10.224926
SEVIR_3G043300v2	26.605501
SEVIR_3G043400v2	49.80169
SEVIR_3G043500v2	0.016533
SEVIR_3G043600v2	7.963887
SEVIR_3G043700v2	0
SEVIR_3G043750v2	0
SEVIR_3G043800v2	0.237364
SEVIR_3G043900v2	403.254019
SEVIR_3G044000v2	0
SEVIR_3G044100v2	2.432871
SEVIR_3G044200v2	6.767345
SEVIR_3G044300v2	0.181024
SEVIR_3G044400v2	30.078494
SEVIR_3G044500v2	252.784322
SEVIR_3G044600v2	0
SEVIR_3G044700v2	3.25594
SEVIR_3G044800v2	10.586948
SEVIR_3G044900v2	13.61041
SEVIR_3G045000v2	0
SEVIR_3G045100v2	42.139096
SEVIR_3G045200v2	17.145718
SEVIR_3G045300v2	5.935015
SEVIR_3G045250v2	31.546279
SEVIR_3G045400v2	54.27823
SEVIR_3G045500v2	143.669143
SEVIR_3G045600v2	1.355199
SEVIR_3G045700v2	3.327982
SEVIR_3G045800v2	0
SEVIR_3G045900v2	6.60826
SEVIR_3G046000v2	0.452236
SEVIR_3G046100v2	0.069438
SEVIR_3G046200v2	16.023293
SEVIR_3G046300v2	0.10134
SEVIR_3G046400v2	0.199821
SEVIR_3G046450v2	0.485252
SEVIR_3G046500v2	0.355203
SEVIR_3G046600v2	91.413182
SEVIR_3G046700v2	0.28092
SEVIR_3G046800v2	64.358232
SEVIR_3G046850v2	0
SEVIR_3G046900v2	103.927351
SEVIR_3G046950v2	2.134841
SEVIR_3G047000v2	0.14708
SEVIR_3G047100v2	4.107723
SEVIR_3G047200v2	37.463608
SEVIR_3G047250v2	0
SEVIR_3G047300v2	0.554378
SEVIR_3G047400v2	6.737025
SEVIR_3G047500v2	0
SEVIR_3G047566v2	0.141514
SEVIR_3G047632v2	0.238853
SEVIR_3G047700v2	6.294277
SEVIR_3G047750v2	18.621805
SEVIR_3G047800v2	14.568183
SEVIR_3G047900v2	1.545949
SEVIR_3G048000v2	0
SEVIR_3G048050v2	0.234978
SEVIR_3G048100v2	6.332697
SEVIR_3G048200v2	0.167302
SEVIR_3G048300v2	69.875312
SEVIR_3G048350v2	0.45339
SEVIR_3G048400v2	27.607524
SEVIR_3G048500v2	91.381753
SEVIR_3G048600v2	42.405451
SEVIR_3G048650v2	4.364601
SEVIR_3G048700v2	10.744343
SEVIR_3G048900v2	2.539755
SEVIR_3G048800v2	0
SEVIR_3G049000v2	8.439202
SEVIR_3G049100v2	5.272053
SEVIR_3G049200v2	15.621067
SEVIR_3G049300v2	0.114435
SEVIR_3G049400v2	2.206851
SEVIR_3G049500v2	4.29815
SEVIR_3G049600v2	1.170185
SEVIR_3G049700v2	108.827926
SEVIR_3G049800v2	2.984615
SEVIR_3G049900v2	0.094299
SEVIR_3G050000v2	42.947027
SEVIR_3G050050v2	0.583348
SEVIR_3G050100v2	176.552006
SEVIR_3G050200v2	26.183198
SEVIR_3G050300v2	0.094607
SEVIR_3G050333v2	0
SEVIR_3G050366v2	0
SEVIR_3G050400v2	401.36392
SEVIR_3G050500v2	21.807456
SEVIR_3G050600v2	0.249889
SEVIR_3G050700v2	0.846396
SEVIR_3G050900v2	0.099682
SEVIR_3G051000v2	17.440704
SEVIR_3G051100v2	5.413268
SEVIR_3G051150v2	50.388341
SEVIR_3G051200v2	0.029302
SEVIR_3G051300v2	1.641009
SEVIR_3G051400v2	7.62056
SEVIR_3G051500v2	0.428951
SEVIR_3G051600v2	28.916734
SEVIR_3G051700v2	18.140343
SEVIR_3G051800v2	1.08599
SEVIR_3G051900v2	20.241118
SEVIR_3G052000v2	0.182883
SEVIR_3G052100v2	7.671309
SEVIR_3G052200v2	0.175297
SEVIR_3G052300v2	1.669184
SEVIR_3G052400v2	43.577572
SEVIR_3G052500v2	9.827851
SEVIR_3G052600v2	48.166269
SEVIR_3G052700v2	42.636063
SEVIR_3G052800v2	20.548947
SEVIR_3G052900v2	100.502686
SEVIR_3G053000v2	0
SEVIR_3G053100v2	0.311305
SEVIR_3G053200v2	5.575618
SEVIR_3G053400v2	3.375339
SEVIR_3G053500v2	1.491116
SEVIR_3G053600v2	34.879668
SEVIR_3G053700v2	9.03773
SEVIR_3G053800v2	80.20536
SEVIR_3G053900v2	0.167274
SEVIR_3G053966v2	0
SEVIR_3G054100v2	498.521364
SEVIR_3G054032v2	0
SEVIR_3G054150v2	0
SEVIR_3G054200v2	21.518994
SEVIR_3G054300v2	8.491357
SEVIR_3G054400v2	6.370384
SEVIR_3G054500v2	25.911735
SEVIR_3G054600v2	37.074573
SEVIR_3G054700v2	0.54246
SEVIR_3G054800v2	0
SEVIR_3G054850v2	0.261638
SEVIR_3G054900v2	81.371339
SEVIR_3G055000v2	5.547136
SEVIR_3G055100v2	45.287802
SEVIR_3G055200v2	85.048333
SEVIR_3G055300v2	10.45059
SEVIR_3G055400v2	0.135345
SEVIR_3G055500v2	0.038791
SEVIR_3G055600v2	1.220109
SEVIR_3G055700v2	5.987583
SEVIR_3G055800v2	2.204163
SEVIR_3G055900v2	6.855253
SEVIR_3G055950v2	0.044298
SEVIR_3G056000v2	0
SEVIR_3G056100v2	33.55608
SEVIR_3G056200v2	213.598074
SEVIR_3G056300v2	22.966508
SEVIR_3G056400v2	2.203696
SEVIR_3G056500v2	0.955047
SEVIR_3G056700v2	0.738367
SEVIR_3G056600v2	13.574941
SEVIR_3G056800v2	20.171619
SEVIR_3G056900v2	1.343883
SEVIR_3G057000v2	23.916336
SEVIR_3G057100v2	18.233914
SEVIR_3G057200v2	0.777607
SEVIR_3G057233v2	0
SEVIR_3G057266v2	0.530032
SEVIR_3G057300v2	0.018677
SEVIR_3G057400v2	0
SEVIR_3G057500v2	0
SEVIR_3G057600v2	12.957401
SEVIR_3G057700v2	4.242506
SEVIR_3G057800v2	12.74586
SEVIR_3G057900v2	0.031864
SEVIR_3G057950v2	0.45058
SEVIR_3G058000v2	1.738043
SEVIR_3G058100v2	13.10266
SEVIR_3G058200v2	20.512936
SEVIR_3G058300v2	23.357103
SEVIR_3G058350v2	30.046889
SEVIR_3G058400v2	1.54964
SEVIR_3G058500v2	13.728983
SEVIR_3G058600v2	35.100824
SEVIR_3G058700v2	2.80657
SEVIR_3G058800v2	0
SEVIR_3G058850v2	0
SEVIR_3G058900v2	29.235785
SEVIR_3G059000v2	0
SEVIR_3G059100v2	2.397978
SEVIR_3G059200v2	1.285521
SEVIR_3G059300v2	11.329441
SEVIR_3G059400v2	56.461578
SEVIR_3G059500v2	6.987717
SEVIR_3G059600v2	48.546662
SEVIR_3G059700v2	24.451647
SEVIR_3G059800v2	18.66826
SEVIR_3G059901v2	0.079375
SEVIR_3G060000v2	18.79415
SEVIR_3G060100v2	12.721538
SEVIR_3G060200v2	1.814411
SEVIR_3G060300v2	0
SEVIR_3G060301v2	0
SEVIR_3G060400v2	6.930952
SEVIR_3G060500v2	1.331557
SEVIR_3G060600v2	4.563818
SEVIR_3G060650v2	0.375924
SEVIR_3G060700v2	0.089194
SEVIR_3G060800v2	11.880802
SEVIR_3G060900v2	49.004158
SEVIR_3G060950v2	0
SEVIR_3G061000v2	0.271425
SEVIR_3G061033v2	0
SEVIR_3G061066v2	0
SEVIR_3G061099v2	0
SEVIR_3G061132v2	0.625596
SEVIR_3G041700v2	0.149634
SEVIR_3G041733v2	0.088328
SEVIR_3G061200v2	0
SEVIR_3G061300v2	0.283509
SEVIR_3G061400v2	2.965191
SEVIR_3G061500v2	293.316454
SEVIR_3G061600v2	52.361031
SEVIR_3G061700v2	15.556303
SEVIR_3G061800v2	19.989852
SEVIR_3G061900v2	0
SEVIR_3G062000v2	0
SEVIR_3G062100v2	0.152382
SEVIR_3G062200v2	13.03407
SEVIR_3G062300v2	1.135728
SEVIR_3G062400v2	1.859432
SEVIR_3G062500v2	0.327477
SEVIR_3G062600v2	0.06174
SEVIR_3G062700v2	8.137292
SEVIR_3G062800v2	0
SEVIR_3G062866v2	0
SEVIR_3G062932v2	189.487551
SEVIR_3G063000v2	17.916107
SEVIR_3G063050v2	0
SEVIR_3G063100v2	572.075117
SEVIR_3G063200v2	358.700953
SEVIR_3G063300v2	13.058661
SEVIR_3G063400v2	57.082445
SEVIR_3G063500v2	1.886357
SEVIR_3G063600v2	0
SEVIR_3G063700v2	63.819015
SEVIR_3G063800v2	267.329903
SEVIR_3G063850v2	40.959692
SEVIR_3G063900v2	164.43308
SEVIR_3G064000v2	232.068678
SEVIR_3G064100v2	4.694598
SEVIR_3G064150v2	0.569805
SEVIR_3G064200v2	55.242731
SEVIR_3G064300v2	0
SEVIR_3G064400v2	154.966123
SEVIR_3G064500v2	0
SEVIR_3G064600v2	0.032691
SEVIR_3G064700v2	46.617249
SEVIR_3G064800v2	0
SEVIR_3G064900v2	5.596885
SEVIR_3G065000v2	6.376898
SEVIR_3G065100v2	37.703967
SEVIR_3G065200v2	17.878189
SEVIR_3G065300v2	1.930973
SEVIR_3G065400v2	5.851835
SEVIR_3G065500v2	4513.490309
SEVIR_3G065600v2	6.396903
SEVIR_3G065700v2	1.185948
SEVIR_3G065800v2	1.481539
SEVIR_3G065900v2	0.280256
SEVIR_3G066000v2	21.168156
SEVIR_3G066100v2	20.007079
SEVIR_3G066200v2	3.789958
SEVIR_3G066300v2	0
SEVIR_3G066400v2	0
SEVIR_3G066500v2	0.143383
SEVIR_3G066600v2	0
SEVIR_3G066700v2	41.180959
SEVIR_3G066800v2	8.519013
SEVIR_3G066900v2	9.771416
SEVIR_3G067000v2	68.614113
SEVIR_3G067050v2	0
SEVIR_3G067100v2	0.077174
SEVIR_3G067200v2	0
SEVIR_3G067300v2	0
SEVIR_3G067400v2	0.862448
SEVIR_3G067500v2	0
SEVIR_3G067600v2	0.210879
SEVIR_3G067666v2	14.022789
SEVIR_3G067732v2	0.121711
SEVIR_3G067800v2	32.95739
SEVIR_3G067900v2	0.123804
SEVIR_3G068000v2	0.169598
SEVIR_3G068100v2	0.072393
SEVIR_3G068300v2	6.938966
SEVIR_3G068350v2	0.274995
SEVIR_3G068400v2	0.828453
SEVIR_3G068500v2	0.947789
SEVIR_3G068600v2	295.080046
SEVIR_3G068700v2	289.493628
SEVIR_3G068800v2	18.084784
SEVIR_3G068900v2	6.466374
SEVIR_3G069000v2	10.416159
SEVIR_3G069100v2	32.014835
SEVIR_3G069200v2	20.20663
SEVIR_3G069300v2	3.651329
SEVIR_3G069400v2	0.101441
SEVIR_3G069500v2	15.496561
SEVIR_3G069600v2	239.668908
SEVIR_3G069700v2	0.52087
SEVIR_3G069800v2	0.226918
SEVIR_3G069900v2	1.658089
SEVIR_3G070000v2	0
SEVIR_3G070100v2	0
SEVIR_3G070200v2	0
SEVIR_3G070300v2	0
SEVIR_3G070400v2	0
SEVIR_3G070450v2	0.100624
SEVIR_3G070500v2	34.976298
SEVIR_3G070600v2	32.847045
SEVIR_3G070700v2	3.844091
SEVIR_3G070800v2	99.585455
SEVIR_3G070900v2	13.685002
SEVIR_3G071000v2	11.688572
SEVIR_3G071100v2	11.055517
SEVIR_3G071200v2	19.928126
SEVIR_3G071300v2	18.710212
SEVIR_3G071400v2	45.413921
SEVIR_3G071500v2	0
SEVIR_3G071600v2	0.323198
SEVIR_3G071666v2	0.386871
SEVIR_3G071732v2	8.118838
SEVIR_3G071800v2	17.407799
SEVIR_3G071900v2	15.015978
SEVIR_3G072000v2	122.40329
SEVIR_3G072100v2	20.044573
SEVIR_3G072200v2	0.120702
SEVIR_3G072300v2	72.771998
SEVIR_3G072400v2	27.25209
SEVIR_3G072500v2	192.457428
SEVIR_3G072550v2	0
SEVIR_3G072600v2	70.236847
SEVIR_3G072650v2	2.086364
SEVIR_3G072700v2	8.484531
SEVIR_3G072800v2	87.890131
SEVIR_3G072900v2	1.560722
SEVIR_3G073000v2	2.710614
SEVIR_3G073100v2	11.145027
SEVIR_3G073200v2	3.24604
SEVIR_3G073250v2	0.635334
SEVIR_3G073300v2	38.542953
SEVIR_3G073400v2	0.052147
SEVIR_3G073500v2	16.277592
SEVIR_3G073600v2	5.162655
SEVIR_3G073700v2	32.106525
SEVIR_3G073800v2	0
SEVIR_3G073900v2	1.649743
SEVIR_3G074000v2	17.243431
SEVIR_3G074100v2	0
SEVIR_3G074200v2	14.805401
SEVIR_3G074300v2	0
SEVIR_3G074400v2	0
SEVIR_3G074500v2	0
SEVIR_3G074600v2	0.026923
SEVIR_3G074700v2	3.728031
SEVIR_3G074800v2	67.972438
SEVIR_3G074900v2	6.345613
SEVIR_3G075000v2	3.520014
SEVIR_3G075100v2	11.507809
SEVIR_3G075200v2	0.721144
SEVIR_3G075300v2	38.280341
SEVIR_3G075400v2	5.274853
SEVIR_3G075450v2	0
SEVIR_3G075500v2	0.243422
SEVIR_3G075600v2	13.42122
SEVIR_3G075700v2	1.104081
SEVIR_3G075800v2	3.398932
SEVIR_3G075900v2	3.614083
SEVIR_3G076000v2	151.069527
SEVIR_3G076100v2	0.156958
SEVIR_3G076200v2	4.079448
SEVIR_3G076300v2	14.568469
SEVIR_3G076400v2	0
SEVIR_3G076500v2	10.347648
SEVIR_3G076600v2	128.867876
SEVIR_3G076700v2	0.596981
SEVIR_3G076800v2	0
SEVIR_3G076901v2	0.262994
SEVIR_3G077000v2	62.569941
SEVIR_3G077100v2	29.78786
SEVIR_3G077150v2	1.193834
SEVIR_3G077200v2	0.688284
SEVIR_3G077300v2	25.586292
SEVIR_3G077350v2	0
SEVIR_3G077400v2	9.268758
SEVIR_3G077500v2	0.048599
SEVIR_3G077600v2	1.269425
SEVIR_3G077700v2	18.455406
SEVIR_3G077800v2	5.444483
SEVIR_3G077900v2	75.927722
SEVIR_3G077950v2	60.236735
SEVIR_3G078000v2	2.048992
SEVIR_3G078100v2	0.073613
SEVIR_3G078133v2	0
SEVIR_3G078166v2	1.424301
SEVIR_3G078200v2	117.357256
SEVIR_3G078300v2	5.36897
SEVIR_3G078400v2	14.729613
SEVIR_3G078500v2	2.516479
SEVIR_3G078600v2	11.520869
SEVIR_3G078700v2	0.77761
SEVIR_3G078800v2	8.712076
SEVIR_3G078850v2	0.455107
SEVIR_3G078900v2	0
SEVIR_3G079000v2	8.044342
SEVIR_3G079100v2	0.177525
SEVIR_3G079200v2	7.14436
SEVIR_3G079300v2	0
SEVIR_3G079400v2	5.820005
SEVIR_3G079500v2	0.131185
SEVIR_3G079600v2	93.279331
SEVIR_3G079700v2	137.533396
SEVIR_3G079800v2	0
SEVIR_3G079900v2	3.277219
SEVIR_3G079950v2	0
SEVIR_3G080000v2	1.333584
SEVIR_3G080100v2	0
SEVIR_3G080200v2	1.401006
SEVIR_3G080300v2	0
SEVIR_3G080400v2	0
SEVIR_3G080500v2	0
SEVIR_3G080600v2	62.109648
SEVIR_3G080700v2	1.281009
SEVIR_3G080800v2	2110.402549
SEVIR_3G080900v2	0
SEVIR_3G081000v2	0
SEVIR_3G081100v2	2.415914
SEVIR_3G081200v2	6.732697
SEVIR_3G081300v2	95.97195
SEVIR_3G081400v2	0.300848
SEVIR_3G081500v2	5.578104
SEVIR_3G081600v2	11.156916
SEVIR_3G081666v2	0.02203
SEVIR_3G081732v2	0
SEVIR_3G081800v2	9.374793
SEVIR_3G081900v2	0.043281
SEVIR_3G082000v2	5.438804
SEVIR_3G082100v2	5.755207
SEVIR_3G082200v2	56.457483
SEVIR_3G082300v2	0
SEVIR_3G082400v2	0.335608
SEVIR_3G082500v2	0
SEVIR_3G082600v2	68.079282
SEVIR_3G082700v2	404.577042
SEVIR_3G082800v2	27.660532
SEVIR_3G082900v2	3.859345
SEVIR_3G083000v2	1.32325
SEVIR_3G083100v2	7.130472
SEVIR_3G083200v2	4.930473
SEVIR_3G083300v2	13.673763
SEVIR_3G083366v2	0
SEVIR_3G083432v2	0.170319
SEVIR_3G083500v2	0
SEVIR_3G083600v2	0
SEVIR_3G083700v2	0
SEVIR_3G083800v2	149.543067
SEVIR_3G083900v2	0.298999
SEVIR_3G084000v2	38.81317
SEVIR_3G084100v2	30.312884
SEVIR_3G084200v2	1.980849
SEVIR_3G084300v2	0.217461
SEVIR_3G084400v2	0
SEVIR_3G084500v2	0
SEVIR_3G084600v2	0
SEVIR_3G084700v2	21.549163
SEVIR_3G084800v2	2.885577
SEVIR_3G084900v2	0.180285
SEVIR_3G085000v2	6.921975
SEVIR_3G085100v2	0.046185
SEVIR_3G085200v2	2.681834
SEVIR_3G085300v2	3.146025
SEVIR_3G085400v2	40.552144
SEVIR_3G085500v2	1.029541
SEVIR_3G085600v2	0
SEVIR_3G085700v2	12.492127
SEVIR_3G085800v2	7.542609
SEVIR_3G085900v2	17.318003
SEVIR_3G086000v2	0.630564
SEVIR_3G086100v2	25.431269
SEVIR_3G086200v2	16.704814
SEVIR_3G086300v2	0.878606
SEVIR_3G086400v2	17.330928
SEVIR_3G086500v2	15.422866
SEVIR_3G086550v2	0
SEVIR_3G086600v2	40.886922
SEVIR_3G086800v2	5.918063
SEVIR_3G086900v2	0
SEVIR_3G087000v2	1.723259
SEVIR_3G087100v2	40.455254
SEVIR_3G087200v2	4.924409
SEVIR_3G087300v2	0
SEVIR_3G087400v2	0
SEVIR_3G087500v2	3.075806
SEVIR_3G087600v2	5.449383
SEVIR_3G087666v2	0.364711
SEVIR_3G087732v2	1.994633
SEVIR_3G087800v2	0
SEVIR_3G087900v2	0
SEVIR_3G088000v2	3.486018
SEVIR_3G088100v2	17.25622
SEVIR_3G088200v2	0.382841
SEVIR_3G088300v2	22.120306
SEVIR_3G088400v2	0
SEVIR_3G088500v2	3.481627
SEVIR_3G088550v2	0
SEVIR_3G088600v2	82.915491
SEVIR_3G088700v2	0
SEVIR_3G088750v2	0.742153
SEVIR_3G088800v2	70.009894
SEVIR_3G088900v2	4.721484
SEVIR_3G089000v2	0
SEVIR_3G089033v2	0.240066
SEVIR_3G089066v2	0.657239
SEVIR_3G089100v2	0
SEVIR_3G089200v2	17.119554
SEVIR_3G089300v2	0.152622
SEVIR_3G089400v2	6.919008
SEVIR_3G089500v2	5.010386
SEVIR_3G089600v2	0.102588
SEVIR_3G089800v2	0
SEVIR_3G089900v2	2.882342
SEVIR_3G090000v2	3.650757
SEVIR_3G090100v2	0.848121
SEVIR_3G090200v2	3.244574
SEVIR_3G090300v2	32.88591
SEVIR_3G090400v2	8.154602
SEVIR_3G090500v2	1.107759
SEVIR_3G090600v2	38.51332
SEVIR_3G090700v2	0.073262
SEVIR_3G090800v2	1.567324
SEVIR_3G090900v2	0
SEVIR_3G091000v2	858.949051
SEVIR_3G091100v2	784.707198
SEVIR_3G091200v2	14.605454
SEVIR_3G091300v2	322.391618
SEVIR_3G091366v2	0.232457
SEVIR_3G091432v2	0.33502
SEVIR_3G091500v2	27.430969
SEVIR_3G091600v2	5.990054
SEVIR_3G091550v2	0.995241
SEVIR_3G091700v2	49.518738
SEVIR_3G091800v2	168.661245
SEVIR_3G091900v2	6.758069
SEVIR_3G092000v2	0.248194
SEVIR_3G092100v2	0.078395
SEVIR_3G092200v2	0.070763
SEVIR_3G092300v2	130.051806
SEVIR_3G092400v2	13.336443
SEVIR_3G092500v2	25.227778
SEVIR_3G092600v2	0.164053
SEVIR_3G092650v2	4.349766
SEVIR_3G092700v2	7.116181
SEVIR_3G092800v2	13.596908
SEVIR_3G092900v2	2.023092
SEVIR_3G093000v2	0.513585
SEVIR_3G093100v2	0
SEVIR_3G093200v2	16.082096
SEVIR_3G093250v2	30.251345
SEVIR_3G093300v2	1.379471
SEVIR_3G093400v2	0
SEVIR_3G093500v2	17.26997
SEVIR_3G093550v2	0
SEVIR_3G093600v2	1.159564
SEVIR_3G093700v2	0
SEVIR_3G093800v2	0
SEVIR_3G093850v2	0
SEVIR_3G093900v2	0.040168
SEVIR_3G094000v2	2.37541
SEVIR_3G094100v2	0.671346
SEVIR_3G094200v2	0.658743
SEVIR_3G094300v2	3.47202
SEVIR_3G094400v2	0.043573
SEVIR_3G094500v2	6.119577
SEVIR_3G094600v2	0.12079
SEVIR_3G094700v2	0.065302
SEVIR_3G094800v2	1.017709
SEVIR_3G094850v2	0
SEVIR_3G094900v2	8.267207
SEVIR_3G095000v2	8.115321
SEVIR_3G095100v2	3.787472
SEVIR_3G095200v2	0
SEVIR_3G095300v2	11.363334
SEVIR_3G095400v2	320.675814
SEVIR_3G095500v2	0.139074
SEVIR_3G095600v2	0
SEVIR_3G095700v2	0.013532
SEVIR_3G095800v2	2.746917
SEVIR_3G095900v2	0.171416
SEVIR_3G096000v2	4.452511
SEVIR_3G096100v2	16.369999
SEVIR_3G096150v2	8.816624
SEVIR_3G096200v2	28.574828
SEVIR_3G096300v2	0.505085
SEVIR_3G096401v2	1.17187
SEVIR_3G096500v2	1.895402
SEVIR_3G096600v2	2.983971
SEVIR_3G096700v2	2.988458
SEVIR_3G096800v2	15.34497
SEVIR_3G096900v2	3.77279
SEVIR_3G096933v2	0
SEVIR_3G096966v2	6.008657
SEVIR_3G097000v2	1.017378
SEVIR_3G097100v2	25.140264
SEVIR_3G097200v2	46.218547
SEVIR_3G097300v2	0.23199
SEVIR_3G097400v2	0
SEVIR_3G097500v2	0
SEVIR_3G097600v2	3.461838
SEVIR_3G097700v2	1.889605
SEVIR_3G097800v2	24.612432
SEVIR_3G097900v2	0
SEVIR_3G098000v2	109.009227
SEVIR_3G098033v2	3.685572
SEVIR_3G098066v2	0.428634
SEVIR_3G098100v2	3.236431
SEVIR_3G098300v2	0
SEVIR_3G098400v2	0.34929
SEVIR_3G098500v2	17.913733
SEVIR_3G098600v2	0.150177
SEVIR_3G098650v2	0
SEVIR_3G098700v2	0.243732
SEVIR_3G098800v2	18.484476
SEVIR_3G098900v2	0.016365
SEVIR_3G099000v2	2.932271
SEVIR_3G099100v2	0
SEVIR_3G099200v2	0.587516
SEVIR_3G099300v2	17.924706
SEVIR_3G099400v2	1.039511
SEVIR_3G099500v2	0
SEVIR_3G099600v2	6.501216
SEVIR_3G099700v2	43.567062
SEVIR_3G099800v2	81.799847
SEVIR_3G099900v2	3.914644
SEVIR_3G100000v2	163.532169
SEVIR_3G100100v2	742.762507
SEVIR_3G100150v2	3.654072
SEVIR_3G100200v2	0.816779
SEVIR_3G100300v2	0
SEVIR_3G100400v2	0
SEVIR_3G100600v2	0
SEVIR_3G100700v2	0
SEVIR_3G100800v2	0
SEVIR_3G100900v2	3.727813
SEVIR_3G101000v2	28.311107
SEVIR_3G101033v2	0
SEVIR_3G101066v2	0.352627
SEVIR_3G101100v2	0.633507
SEVIR_3G101200v2	32.267881
SEVIR_3G101300v2	52.008292
SEVIR_3G101400v2	2.514439
SEVIR_3G101500v2	22.810427
SEVIR_3G101600v2	0.115491
SEVIR_3G101700v2	1.98691
SEVIR_3G101750v2	0.979755
SEVIR_3G101800v2	4.67699
SEVIR_3G101900v2	0
SEVIR_3G102000v2	0.490831
SEVIR_3G102100v2	0
SEVIR_3G102200v2	23.335708
SEVIR_3G102300v2	2.191178
SEVIR_3G102400v2	0.014137
SEVIR_3G102500v2	3.084466
SEVIR_3G102600v2	10.654421
SEVIR_3G102700v2	0
SEVIR_3G102800v2	0
SEVIR_3G104800v2	0.400756
SEVIR_3G104900v2	25.671944
SEVIR_3G105000v2	81.739543
SEVIR_3G105100v2	0
SEVIR_3G105200v2	0.398054
SEVIR_3G105300v2	0.912991
SEVIR_3G105400v2	25.637085
SEVIR_3G105500v2	15.247168
SEVIR_3G105600v2	5.757356
SEVIR_3G105700v2	36.129706
SEVIR_3G105800v2	0.083023
SEVIR_3G105900v2	0.00863
SEVIR_3G106000v2	1.498451
SEVIR_3G106100v2	0.084325
SEVIR_3G106200v2	111.74741
SEVIR_3G106300v2	13.268525
SEVIR_3G106400v2	0
SEVIR_3G106500v2	91.114696
SEVIR_3G106700v2	28.182385
SEVIR_3G106800v2	0
SEVIR_3G106900v2	0.049248
SEVIR_3G107000v2	30.668516
SEVIR_3G107100v2	11.117911
SEVIR_3G107150v2	0.139169
SEVIR_3G107200v2	0
SEVIR_3G107250v2	0
SEVIR_3G107300v2	38.244645
SEVIR_3G107401v2	0
SEVIR_3G107500v2	0
SEVIR_3G107600v2	29.673609
SEVIR_3G107700v2	0
SEVIR_3G107801v2	0
SEVIR_3G107900v2	2.771596
SEVIR_3G108000v2	0
SEVIR_3G108100v2	4.967114
SEVIR_3G108166v2	0.4912
SEVIR_3G108232v2	2.20536
SEVIR_3G108300v2	4.657471
SEVIR_3G108400v2	2.670936
SEVIR_3G108500v2	0
SEVIR_3G108600v2	7.496606
SEVIR_3G108700v2	1.455129
SEVIR_3G108800v2	8.065972
SEVIR_3G108900v2	87.83215
SEVIR_3G109000v2	99.16179
SEVIR_3G109100v2	0
SEVIR_3G109200v2	39.318256
SEVIR_3G109300v2	1.571204
SEVIR_3G109400v2	3.45393
SEVIR_3G109501v2	0.451335
SEVIR_3G109600v2	0.260162
SEVIR_3G109701v2	0.166168
SEVIR_3G109801v2	0.339087
SEVIR_3G109900v2	19.528725
SEVIR_3G110000v2	16.324978
SEVIR_3G110101v2	0
SEVIR_3G110200v2	15.188793
SEVIR_3G110300v2	5.804162
SEVIR_3G110400v2	0.867554
SEVIR_3G110500v2	0.300075
SEVIR_3G110600v2	247.473201
SEVIR_3G110700v2	7.685132
SEVIR_3G110800v2	23.187864
SEVIR_3G110900v2	6.467764
SEVIR_3G111000v2	1.68356
SEVIR_3G111100v2	17.268164
SEVIR_3G111150v2	0
SEVIR_3G111200v2	6.691362
SEVIR_3G111300v2	5.864325
SEVIR_3G111400v2	9.262833
SEVIR_3G111500v2	0
SEVIR_3G111600v2	9.790282
SEVIR_3G111700v2	2.125921
SEVIR_3G111800v2	20.172614
SEVIR_3G111900v2	4.430162
SEVIR_3G112000v2	66.453085
SEVIR_3G112100v2	34.75703
SEVIR_3G112200v2	2.04304
SEVIR_3G112300v2	75.054028
SEVIR_3G112350v2	93.537226
SEVIR_3G112400v2	0.033603
SEVIR_3G112500v2	0.13683
SEVIR_3G112600v2	0.421996
SEVIR_3G112700v2	0
SEVIR_3G112800v2	0
SEVIR_3G112900v2	0
SEVIR_3G112950v2	0.11411
SEVIR_3G113000v2	0
SEVIR_3G113100v2	15.266272
SEVIR_3G113300v2	57.330431
SEVIR_3G113400v2	17.740471
SEVIR_3G113500v2	2.090832
SEVIR_3G113600v2	0
SEVIR_3G113700v2	0
SEVIR_3G113800v2	0
SEVIR_3G113900v2	55.739349
SEVIR_3G113950v2	0.203004
SEVIR_3G114000v2	36.992583
SEVIR_3G114100v2	0
SEVIR_3G114200v2	58.214783
SEVIR_3G114300v2	0.781029
SEVIR_3G114400v2	2.280668
SEVIR_3G114500v2	4.782581
SEVIR_3G114600v2	0
SEVIR_3G114700v2	27.729795
SEVIR_3G114800v2	4.967243
SEVIR_3G114900v2	0.108195
SEVIR_3G115000v2	13.988951
SEVIR_3G115100v2	44.028405
SEVIR_3G115200v2	22.425069
SEVIR_3G115300v2	0
SEVIR_3G115400v2	0
SEVIR_3G115500v2	28.346638
SEVIR_3G115600v2	17.43608
SEVIR_3G115700v2	0.067126
SEVIR_3G115800v2	17.795403
SEVIR_3G115900v2	14.996681
SEVIR_3G115950v2	1.205455
SEVIR_3G116000v2	1.570236
SEVIR_3G116100v2	0
SEVIR_3G116200v2	5.334358
SEVIR_3G116300v2	0.072606
SEVIR_3G116400v2	1.107927
SEVIR_3G116500v2	8.763858
SEVIR_3G116600v2	0
SEVIR_3G116700v2	0.299566
SEVIR_3G116800v2	12.698725
SEVIR_3G116900v2	20.885666
SEVIR_3G117000v2	13.97459
SEVIR_3G117100v2	18.891216
SEVIR_3G117201v2	9.884757
SEVIR_3G117300v2	34.928119
SEVIR_3G117400v2	0.655388
SEVIR_3G117500v2	122.905174
SEVIR_3G117600v2	0.267234
SEVIR_3G117700v2	70.787954
SEVIR_3G117800v2	19.032453
SEVIR_3G117900v2	23.715795
SEVIR_3G118000v2	3.778382
SEVIR_3G118100v2	9.619448
SEVIR_3G118300v2	0
SEVIR_3G118400v2	0
SEVIR_3G118500v2	7.580268
SEVIR_3G118600v2	0.105393
SEVIR_3G118700v2	6.121821
SEVIR_3G118900v2	107.793727
SEVIR_3G118800v2	0
SEVIR_3G119000v2	13.615487
SEVIR_3G119100v2	17.20087
SEVIR_3G119200v2	6.639595
SEVIR_3G119300v2	0.311117
SEVIR_3G119400v2	21.003443
SEVIR_3G119500v2	1.133171
SEVIR_3G119600v2	0
SEVIR_3G119700v2	7.595321
SEVIR_3G119800v2	298.196452
SEVIR_3G119900v2	13.716726
SEVIR_3G120000v2	18.624211
SEVIR_3G120100v2	30.778397
SEVIR_3G120200v2	5.608189
SEVIR_3G120250v2	0.276405
SEVIR_3G120300v2	0.296054
SEVIR_3G120400v2	0
SEVIR_3G120500v2	0.127372
SEVIR_3G120601v2	70.121396
SEVIR_3G120700v2	0.020946
SEVIR_3G120800v2	1.656672
SEVIR_3G120900v2	13.185886
SEVIR_3G121000v2	0.815398
SEVIR_3G121100v2	255.293999
SEVIR_3G121200v2	28.65442
SEVIR_3G121300v2	0
SEVIR_3G121400v2	214.553888
SEVIR_3G121500v2	0.164749
SEVIR_3G121600v2	24.714466
SEVIR_3G121700v2	0.115614
SEVIR_3G121800v2	31.673933
SEVIR_3G121900v2	57.628365
SEVIR_3G122000v2	54.055586
SEVIR_3G122100v2	9.389296
SEVIR_3G122200v2	15.362946
SEVIR_3G122300v2	1.488699
SEVIR_3G122400v2	1.106325
SEVIR_3G122500v2	17.704604
SEVIR_3G122600v2	0
SEVIR_3G122700v2	395.284231
SEVIR_3G122800v2	84.244466
SEVIR_3G122900v2	11.603034
SEVIR_3G123000v2	40.06805
SEVIR_3G123100v2	0
SEVIR_3G123200v2	28.335838
SEVIR_3G123250v2	0.110845
SEVIR_3G123300v2	51.103546
SEVIR_3G123400v2	0.571889
SEVIR_3G123500v2	0
SEVIR_3G123600v2	16.317799
SEVIR_3G123700v2	20.985723
SEVIR_3G123800v2	7.359967
SEVIR_3G123900v2	64.939672
SEVIR_3G124000v2	0.228275
SEVIR_3G124100v2	11.198669
SEVIR_3G124200v2	57.716925
SEVIR_3G124300v2	0
SEVIR_3G124400v2	49.200942
SEVIR_3G124500v2	36.922795
SEVIR_3G124600v2	1.373449
SEVIR_3G124700v2	63.897212
SEVIR_3G124801v2	8.751725
SEVIR_3G124900v2	16.225921
SEVIR_3G125000v2	5.125491
SEVIR_3G125100v2	67.947238
SEVIR_3G125200v2	0.273876
SEVIR_3G125300v2	6.046096
SEVIR_3G125350v2	0
SEVIR_3G125400v2	10.864089
SEVIR_3G125500v2	9.629806
SEVIR_3G125600v2	21.110637
SEVIR_3G125701v2	24.904717
SEVIR_3G125800v2	4.9148
SEVIR_3G125900v2	0.035504
SEVIR_3G126000v2	6.708505
SEVIR_3G126100v2	9.805663
SEVIR_3G126201v2	2.407047
SEVIR_3G126300v2	0
SEVIR_3G126500v2	0
SEVIR_3G126600v2	88.607711
SEVIR_3G126700v2	7.357865
SEVIR_3G126800v2	0.027964
SEVIR_3G126900v2	38.848065
SEVIR_3G127000v2	11.000737
SEVIR_3G127050v2	1.670947
SEVIR_3G127100v2	3.110724
SEVIR_3G127200v2	5.179234
SEVIR_3G127300v2	0.376275
SEVIR_3G127400v2	0.046182
SEVIR_3G127500v2	0
SEVIR_3G127600v2	0.600183
SEVIR_3G127700v2	15.448687
SEVIR_3G127900v2	9.158787
SEVIR_3G128000v2	1.195901
SEVIR_3G128100v2	0.077431
SEVIR_3G128200v2	0
SEVIR_3G128300v2	0.456102
SEVIR_3G128400v2	2.094064
SEVIR_3G128500v2	9.243867
SEVIR_3G128600v2	16.400845
SEVIR_3G128700v2	3.88677
SEVIR_3G128800v2	0
SEVIR_3G128900v2	29.196836
SEVIR_3G129000v2	0.01367
SEVIR_3G129100v2	0.302659
SEVIR_3G129200v2	0
SEVIR_3G129300v2	0
SEVIR_3G129400v2	1.781369
SEVIR_3G129466v2	0.14694
SEVIR_3G129532v2	0.192283
SEVIR_3G129600v2	0
SEVIR_3G129633v2	0
SEVIR_3G129666v2	0
SEVIR_3G129700v2	0
SEVIR_3G129900v2	0.286171
SEVIR_3G129909v2	0.439884
SEVIR_3G129918v2	0.439884
SEVIR_3G129927v2	0.608564
SEVIR_3G129936v2	0.109839
SEVIR_3G129945v2	0.400178
SEVIR_3G129954v2	0.400178
SEVIR_3G129963v2	3.188065
SEVIR_3G129972v2	0.711649
SEVIR_3G129981v2	0.711649
SEVIR_3G129990v2	2.866066
SEVIR_3G130000v2	10.48786
SEVIR_3G130050v2	0
SEVIR_3G130100v2	0
SEVIR_3G130200v2	5.370015
SEVIR_3G130301v2	4.075251
SEVIR_3G130400v2	9.950981
SEVIR_3G130500v2	0.124377
SEVIR_3G130600v2	11.671425
SEVIR_3G130700v2	135.650943
SEVIR_3G130800v2	0.143924
SEVIR_3G130866v2	0.608555
SEVIR_3G130932v2	0.165047
SEVIR_3G131000v2	64.706386
SEVIR_3G131100v2	43.279396
SEVIR_3G131200v2	28.823059
SEVIR_3G131300v2	0
SEVIR_3G131400v2	3.45174
SEVIR_3G131500v2	67.129871
SEVIR_3G131600v2	0.554632
SEVIR_3G131700v2	4.274478
SEVIR_3G131800v2	0.858478
SEVIR_3G131900v2	0.028393
SEVIR_3G132000v2	0
SEVIR_3G132100v2	118.439946
SEVIR_3G132200v2	1.036695
SEVIR_3G132300v2	1.22874
SEVIR_3G132400v2	9.527865
SEVIR_3G132500v2	8.512783
SEVIR_3G132600v2	11.878824
SEVIR_3G132700v2	53.619164
SEVIR_3G132800v2	0.177281
SEVIR_3G132901v2	14.184035
SEVIR_3G133000v2	41.233557
SEVIR_3G133100v2	98.695861
SEVIR_3G133200v2	55.381569
SEVIR_3G133300v2	30.359274
SEVIR_3G133400v2	33.386894
SEVIR_3G133500v2	65.342459
SEVIR_3G133600v2	0
SEVIR_3G133800v2	0
SEVIR_3G133900v2	0
SEVIR_3G134000v2	9.149253
SEVIR_3G134100v2	14.17827
SEVIR_3G134200v2	18.724354
SEVIR_3G134300v2	60.552115
SEVIR_3G134400v2	4.423536
SEVIR_3G134500v2	1.299498
SEVIR_3G134600v2	0
SEVIR_3G134700v2	0
SEVIR_3G134800v2	3.228897
SEVIR_3G134900v2	2.479878
SEVIR_3G135000v2	0
SEVIR_3G135101v2	0.111829
SEVIR_3G135200v2	0.155894
SEVIR_3G135300v2	10.008192
SEVIR_3G135400v2	26.01909
SEVIR_3G135500v2	0
SEVIR_3G135600v2	0
SEVIR_3G135700v2	1.529185
SEVIR_3G135800v2	0.160782
SEVIR_3G135900v2	0.016097
SEVIR_3G136000v2	15.552198
SEVIR_3G136100v2	28.599851
SEVIR_3G136150v2	0.061555
SEVIR_3G136200v2	1.329062
SEVIR_3G136300v2	0.243567
SEVIR_3G136400v2	8.992581
SEVIR_3G136500v2	0.914575
SEVIR_3G136600v2	32.243268
SEVIR_3G136700v2	8.042621
SEVIR_3G136800v2	0
SEVIR_3G136900v2	0.621873
SEVIR_3G137000v2	11.894662
SEVIR_3G137100v2	10.856769
SEVIR_3G137200v2	15.767989
SEVIR_3G137300v2	0.051935
SEVIR_3G137400v2	0
SEVIR_3G137500v2	0.128523
SEVIR_3G137600v2	4.146416
SEVIR_3G137700v2	0.033334
SEVIR_3G137800v2	7.654594
SEVIR_3G137900v2	0
SEVIR_3G138000v2	2.702814
SEVIR_3G138100v2	0
SEVIR_3G138201v2	0
SEVIR_3G138300v2	0.120561
SEVIR_3G138400v2	11.238429
SEVIR_3G138500v2	14.359347
SEVIR_3G138600v2	3.040633
SEVIR_3G138700v2	3.47861
SEVIR_3G138800v2	0.047679
SEVIR_3G138900v2	3.972608
SEVIR_3G139000v2	4.697405
SEVIR_3G139100v2	0
SEVIR_3G139150v2	0
SEVIR_3G139200v2	1.239419
SEVIR_3G139300v2	4.769559
SEVIR_3G139400v2	2.989855
SEVIR_3G139500v2	541.577043
SEVIR_3G139600v2	218.486739
SEVIR_3G139700v2	0.520204
SEVIR_3G139800v2	0.024326
SEVIR_3G139900v2	4.464625
SEVIR_3G140000v2	0
SEVIR_3G140200v2	0
SEVIR_3G140300v2	9.554374
SEVIR_3G140400v2	175.438975
SEVIR_3G140500v2	1.368525
SEVIR_3G140600v2	2.766791
SEVIR_3G140700v2	9.375842
SEVIR_3G140800v2	42.944732
SEVIR_3G140900v2	136.728683
SEVIR_3G141000v2	25.14234
SEVIR_3G141100v2	0.025426
SEVIR_3G141300v2	5.522669
SEVIR_3G141400v2	7.378761
SEVIR_3G141500v2	1.489844
SEVIR_3G141600v2	3.3355
SEVIR_3G141700v2	5.539733
SEVIR_3G141800v2	3.502275
SEVIR_3G141900v2	17.212322
SEVIR_3G142000v2	0.044515
SEVIR_3G142100v2	0
SEVIR_3G142150v2	0
SEVIR_3G142200v2	0.079428
SEVIR_3G142400v2	0
SEVIR_3G142500v2	1.085718
SEVIR_3G142550v2	0.915992
SEVIR_3G142600v2	0
SEVIR_3G142700v2	0.284832
SEVIR_3G142800v2	1.25784
SEVIR_3G142900v2	6.028651
SEVIR_3G143000v2	11.55131
SEVIR_3G143100v2	23.313373
SEVIR_3G143200v2	5.576821
SEVIR_3G143300v2	0
SEVIR_3G143401v2	1.01758
SEVIR_3G143500v2	0.713887
SEVIR_3G143600v2	0
SEVIR_3G143700v2	3.256015
SEVIR_3G143800v2	5.788541
SEVIR_3G143900v2	2.754821
SEVIR_3G144000v2	0
SEVIR_3G144100v2	3.286196
SEVIR_3G144200v2	0.54206
SEVIR_3G144300v2	0
SEVIR_3G144400v2	0.039152
SEVIR_3G144450v2	0.232702
SEVIR_3G144500v2	0
SEVIR_3G144550v2	10.370296
SEVIR_3G144600v2	0
SEVIR_3G144700v2	15.856188
SEVIR_3G144750v2	0
SEVIR_3G144800v2	0
SEVIR_3G144900v2	0.836025
SEVIR_3G144950v2	0
SEVIR_3G145000v2	25.163564
SEVIR_3G145100v2	5.464032
SEVIR_3G145200v2	4.959457
SEVIR_3G145300v2	0
SEVIR_3G145400v2	42.164544
SEVIR_3G145500v2	1.565991
SEVIR_3G145600v2	3.140852
SEVIR_3G145700v2	276.547834
SEVIR_3G145800v2	2.282081
SEVIR_3G145900v2	29.873401
SEVIR_3G146000v2	3.927896
SEVIR_3G146100v2	0
SEVIR_3G146200v2	11.351018
SEVIR_3G146300v2	44.258437
SEVIR_3G146400v2	0
SEVIR_3G146500v2	7.132524
SEVIR_3G146600v2	8.544766
SEVIR_3G146700v2	1.811785
SEVIR_3G146800v2	3.09935
SEVIR_3G146900v2	0
SEVIR_3G147000v2	0
SEVIR_3G147100v2	32.576858
SEVIR_3G147201v2	1.905808
SEVIR_3G147300v2	2.498407
SEVIR_3G147400v2	45.662247
SEVIR_3G147466v2	0.684624
SEVIR_3G147532v2	0
SEVIR_3G147600v2	8.095423
SEVIR_3G147700v2	6.170451
SEVIR_3G147800v2	287.836859
SEVIR_3G147900v2	58.505799
SEVIR_3G148000v2	3.424694
SEVIR_3G148100v2	0
SEVIR_3G148200v2	37.584273
SEVIR_3G148300v2	13.934746
SEVIR_3G148350v2	0
SEVIR_3G148400v2	108.264457
SEVIR_3G148500v2	4.552245
SEVIR_3G148600v2	5.38865
SEVIR_3G148700v2	0.138075
SEVIR_3G148800v2	24.905548
SEVIR_3G148900v2	328.480304
SEVIR_3G149000v2	60.229489
SEVIR_3G149100v2	14.087738
SEVIR_3G149200v2	26.739937
SEVIR_3G149301v2	0.056371
SEVIR_3G149400v2	26.394046
SEVIR_3G149500v2	10.566584
SEVIR_3G149600v2	3.079584
SEVIR_3G149700v2	23.001968
SEVIR_3G149800v2	28.022858
SEVIR_3G149900v2	367.62941
SEVIR_3G150000v2	48.065666
SEVIR_3G150100v2	20.916224
SEVIR_3G150200v2	0
SEVIR_3G150301v2	453.251263
SEVIR_3G150400v2	1.048952
SEVIR_3G150500v2	146.813921
SEVIR_3G150600v2	0
SEVIR_3G150700v2	0
SEVIR_3G150800v2	0.083475
SEVIR_3G150900v2	14.2537
SEVIR_3G151000v2	0.30427
SEVIR_3G151100v2	4.870138
SEVIR_3G151200v2	36.858051
SEVIR_3G151300v2	20.301056
SEVIR_3G151400v2	2.739154
SEVIR_3G151500v2	12.099461
SEVIR_3G151550v2	0.02427
SEVIR_3G151600v2	0
SEVIR_3G151650v2	0
SEVIR_3G151700v2	1.01092
SEVIR_3G151800v2	48.30872
SEVIR_3G151900v2	0.233064
SEVIR_3G152000v2	30.13597
SEVIR_3G152100v2	18.561412
SEVIR_3G152200v2	0.236128
SEVIR_3G152300v2	1.614446
SEVIR_3G152400v2	0.043568
SEVIR_3G152500v2	23.330619
SEVIR_3G152600v2	12.334705
SEVIR_3G152700v2	6.765356
SEVIR_3G152800v2	47.976178
SEVIR_3G152900v2	1.68495
SEVIR_3G153000v2	32.842553
SEVIR_3G153100v2	79.725001
SEVIR_3G153200v2	28.478244
SEVIR_3G153300v2	7.360685
SEVIR_3G153400v2	4.306222
SEVIR_3G153500v2	20.487861
SEVIR_3G153601v2	5.683839
SEVIR_3G153700v2	38.608107
SEVIR_3G153800v2	19.540903
SEVIR_3G153900v2	0
SEVIR_3G154000v2	0.06253
SEVIR_3G154200v2	1.385006
SEVIR_3G154400v2	2.228486
SEVIR_3G154500v2	5.574503
SEVIR_3G154600v2	36.598191
SEVIR_3G154700v2	7.136418
SEVIR_3G154800v2	6.208198
SEVIR_3G154900v2	21.452748
SEVIR_3G155000v2	5.727555
SEVIR_3G155100v2	6.926
SEVIR_3G155200v2	90.086624
SEVIR_3G155300v2	0
SEVIR_3G155333v2	12.213727
SEVIR_3G155366v2	0.987354
SEVIR_3G155400v2	9.561117
SEVIR_3G155500v2	4.797084
SEVIR_3G155600v2	79.277607
SEVIR_3G155700v2	42.835862
SEVIR_3G155800v2	5.523916
SEVIR_3G155900v2	3.581063
SEVIR_3G156000v2	0.938206
SEVIR_3G156100v2	1.733891
SEVIR_3G156201v2	0.18419
SEVIR_3G156300v2	12.852894
SEVIR_3G156400v2	29.052896
SEVIR_3G156500v2	15.424213
SEVIR_3G156600v2	60.04547
SEVIR_3G156625v2	6.64311
SEVIR_3G156650v2	7.453096
SEVIR_3G156675v2	2.666751
SEVIR_3G156700v2	15.986489
SEVIR_3G156800v2	0.745863
SEVIR_3G157000v2	13.670269
SEVIR_3G156901v2	0
SEVIR_3G157100v2	138.540259
SEVIR_3G157200v2	16.022146
SEVIR_3G157300v2	3.509629
SEVIR_3G157401v2	1.026936
SEVIR_3G157500v2	15.853809
SEVIR_3G157600v2	113.45703
SEVIR_3G157700v2	8.661186
SEVIR_3G157800v2	527.885851
SEVIR_3G157900v2	6.234617
SEVIR_3G158000v2	9.402475
SEVIR_3G158100v2	2.551764
SEVIR_3G158200v2	8.673909
SEVIR_3G158300v2	78.961309
SEVIR_3G158400v2	0.447885
SEVIR_3G158500v2	313.411793
SEVIR_3G158600v2	8.242932
SEVIR_3G158650v2	0
SEVIR_3G158700v2	2.623851
SEVIR_3G158800v2	2.349793
SEVIR_3G158833v2	2.03518
SEVIR_3G158866v2	0
SEVIR_3G158900v2	0
SEVIR_3G159000v2	0
SEVIR_3G159100v2	0.856757
SEVIR_3G159200v2	4.976785
SEVIR_3G159300v2	0.192921
SEVIR_3G159366v2	0.35066
SEVIR_3G159432v2	0.482762
SEVIR_3G159500v2	2.466371
SEVIR_3G159600v2	0.089431
SEVIR_3G159700v2	3.928069
SEVIR_3G159800v2	1.966306
SEVIR_3G159900v2	50.955235
SEVIR_3G160000v2	0.474068
SEVIR_3G160100v2	0
SEVIR_3G160200v2	9.610653
SEVIR_3G160300v2	0
SEVIR_3G160400v2	6.484138
SEVIR_3G160500v2	181.288868
SEVIR_3G160600v2	971.291244
SEVIR_3G160700v2	6.721459
SEVIR_3G160800v2	6.149784
SEVIR_3G160900v2	0
SEVIR_3G161000v2	17.288969
SEVIR_3G161100v2	2.953884
SEVIR_3G161200v2	1.167973
SEVIR_3G161300v2	10.592357
SEVIR_3G161400v2	19.44773
SEVIR_3G161500v2	6.578437
SEVIR_3G161600v2	0
SEVIR_3G161700v2	39.310046
SEVIR_3G161800v2	52.106389
SEVIR_3G161900v2	51.047426
SEVIR_3G162000v2	27.133025
SEVIR_3G162100v2	0
SEVIR_3G162200v2	0.463973
SEVIR_3G162300v2	0
SEVIR_3G162366v2	0
SEVIR_3G162432v2	3.353261
SEVIR_3G162500v2	18.100482
SEVIR_3G162600v2	5.516384
SEVIR_3G162700v2	0.11346
SEVIR_3G162800v2	86.314587
SEVIR_3G162900v2	191.120727
SEVIR_3G163000v2	40.943354
SEVIR_3G163100v2	1.287158
SEVIR_3G163160v2	0.068367
SEVIR_3G163220v2	0.1851
SEVIR_3G163280v2	1.607077
SEVIR_3G163340v2	7.302658
SEVIR_3G163400v2	1.112693
SEVIR_3G163501v2	5.846184
SEVIR_3G163600v2	5.569891
SEVIR_3G163700v2	0.832758
SEVIR_3G163800v2	1.60173
SEVIR_3G163900v2	18.845693
SEVIR_3G164000v2	233.014301
SEVIR_3G164050v2	0.046918
SEVIR_3G164100v2	7.818722
SEVIR_3G164200v2	9.385676
SEVIR_3G164300v2	0.462695
SEVIR_3G164400v2	60.618576
SEVIR_3G164500v2	50.020436
SEVIR_3G164600v2	11.136593
SEVIR_3G164700v2	0
SEVIR_3G164800v2	122.337736
SEVIR_3G164900v2	27.794038
SEVIR_3G165000v2	0.49068
SEVIR_3G165100v2	2.574596
SEVIR_3G165200v2	1.838119
SEVIR_3G165300v2	0
SEVIR_3G165400v2	114.152078
SEVIR_3G165500v2	47.063159
SEVIR_3G165600v2	103.886819
SEVIR_3G165700v2	1.612065
SEVIR_3G165733v2	1.493726
SEVIR_3G165766v2	0.096933
SEVIR_3G165800v2	15.717161
SEVIR_3G165900v2	2.325982
SEVIR_3G166000v2	327.03543
SEVIR_3G166100v2	231.674655
SEVIR_3G166150v2	0
SEVIR_3G166200v2	0
SEVIR_3G166300v2	11.741472
SEVIR_3G166350v2	580.074482
SEVIR_3G166400v2	0
SEVIR_3G166500v2	12.689239
SEVIR_3G166600v2	0.140072
SEVIR_3G166700v2	39.799178
SEVIR_3G166800v2	0.229387
SEVIR_3G166900v2	3.042383
SEVIR_3G167000v2	2.895582
SEVIR_3G167100v2	0
SEVIR_3G167200v2	24.159149
SEVIR_3G167300v2	36.113522
SEVIR_3G167400v2	43.858405
SEVIR_3G167500v2	38.193628
SEVIR_3G167600v2	35.030381
SEVIR_3G167700v2	8.88197
SEVIR_3G167750v2	138.960438
SEVIR_3G167800v2	48.118223
SEVIR_3G167900v2	174.738039
SEVIR_3G168000v2	9.018603
SEVIR_3G168100v2	13.675923
SEVIR_3G168200v2	3.095887
SEVIR_3G168300v2	91.671602
SEVIR_3G168400v2	0.294661
SEVIR_3G168500v2	6.085717
SEVIR_3G168600v2	0.38673
SEVIR_3G168700v2	43.943887
SEVIR_3G168800v2	0
SEVIR_3G168900v2	0
SEVIR_3G169001v2	0.131034
SEVIR_3G169100v2	286.239147
SEVIR_3G169200v2	33.025923
SEVIR_3G169300v2	0
SEVIR_3G169400v2	2.449399
SEVIR_3G169500v2	133.750057
SEVIR_3G169600v2	7.587835
SEVIR_3G169700v2	11.239728
SEVIR_3G169800v2	0.067548
SEVIR_3G169900v2	8.746525
SEVIR_3G170000v2	17.392362
SEVIR_3G170100v2	0.258217
SEVIR_3G170200v2	1.303748
SEVIR_3G186100v2	0
SEVIR_3G170400v2	0
SEVIR_3G170500v2	9.845656
SEVIR_3G170600v2	1.632243
SEVIR_3G170700v2	6.108708
SEVIR_3G170800v2	10.642629
SEVIR_3G170900v2	4.16568
SEVIR_3G171000v2	5.948752
SEVIR_3G171100v2	66.814374
SEVIR_3G171200v2	1.17935
SEVIR_3G171300v2	3.372992
SEVIR_3G171400v2	0
SEVIR_3G171500v2	11.728481
SEVIR_3G171550v2	0.038085
SEVIR_3G171600v2	0
SEVIR_3G171700v2	0
SEVIR_3G171750v2	0
SEVIR_3G171800v2	0
SEVIR_3G171900v2	260.558438
SEVIR_3G172000v2	7.205626
SEVIR_3G172100v2	1.272917
SEVIR_3G172200v2	30.603271
SEVIR_3G172300v2	21.839584
SEVIR_3G172400v2	43.765921
SEVIR_3G172500v2	11.313406
SEVIR_3G172600v2	0.132876
SEVIR_3G172700v2	0.087713
SEVIR_3G172800v2	0.027784
SEVIR_3G172900v2	17.665206
SEVIR_3G173000v2	36.821066
SEVIR_3G173100v2	2.127521
SEVIR_3G173200v2	26.005114
SEVIR_3G173300v2	0
SEVIR_3G173400v2	5.105944
SEVIR_3G173500v2	0.144903
SEVIR_3G173600v2	18.141308
SEVIR_3G173650v2	0.751372
SEVIR_3G173700v2	0
SEVIR_3G173800v2	0.212013
SEVIR_3G173900v2	0.806047
SEVIR_3G174000v2	4.307345
SEVIR_3G174100v2	5.434603
SEVIR_3G174200v2	48.991426
SEVIR_3G174300v2	19.199347
SEVIR_3G174400v2	40.216208
SEVIR_3G174501v2	18.537517
SEVIR_3G174600v2	7.537098
SEVIR_3G174700v2	13.161511
SEVIR_3G174800v2	19.661808
SEVIR_3G174901v2	1.493224
SEVIR_3G175000v2	1.264768
SEVIR_3G175101v2	2.132938
SEVIR_3G175201v2	0.714346
SEVIR_3G175300v2	0
SEVIR_3G175400v2	0
SEVIR_3G175500v2	23.649071
SEVIR_3G175600v2	6.226842
SEVIR_3G175700v2	1.882259
SEVIR_3G175750v2	0
SEVIR_3G175800v2	1.520214
SEVIR_3G175900v2	85.568271
SEVIR_3G176000v2	18.481701
SEVIR_3G176100v2	3.224263
SEVIR_3G176200v2	1.166487
SEVIR_3G176300v2	0
SEVIR_3G176400v2	1.521917
SEVIR_3G176500v2	7.59564
SEVIR_3G176600v2	5.254936
SEVIR_3G176666v2	19.624079
SEVIR_3G176732v2	156.662915
SEVIR_3G176800v2	0.545284
SEVIR_3G176900v2	7.041849
SEVIR_3G177000v2	0.111129
SEVIR_3G177100v2	0
SEVIR_3G177200v2	0.06026
SEVIR_3G177300v2	0
SEVIR_3G177400v2	16.200824
SEVIR_3G177500v2	7.016023
SEVIR_3G177600v2	0.055074
SEVIR_3G177700v2	0
SEVIR_3G177800v2	5.307388
SEVIR_3G177900v2	18.356748
SEVIR_3G178000v2	83.669174
SEVIR_3G178100v2	2.531207
SEVIR_3G178200v2	7.580205
SEVIR_3G178300v2	1.457139
SEVIR_3G178400v2	16.480217
SEVIR_3G178700v2	3.208095
SEVIR_3G178600v2	5.018944
SEVIR_3G178800v2	0.151042
SEVIR_3G178900v2	0.124045
SEVIR_3G179000v2	0
SEVIR_3G179100v2	10.23471
SEVIR_3G179200v2	12.299194
SEVIR_3G179300v2	8.046666
SEVIR_3G179400v2	57.411319
SEVIR_3G179500v2	20.657985
SEVIR_3G179600v2	31.666118
SEVIR_3G179700v2	0.035086
SEVIR_3G179800v2	11.850434
SEVIR_3G179900v2	71.462397
SEVIR_3G180000v2	0.032891
SEVIR_3G180100v2	0
SEVIR_3G180200v2	7.552499
SEVIR_3G180300v2	18.490165
SEVIR_3G180400v2	26.799779
SEVIR_3G180450v2	0.47626
SEVIR_3G180500v2	17.438602
SEVIR_3G180600v2	20.309293
SEVIR_3G180700v2	1.855328
SEVIR_3G180800v2	1.550996
SEVIR_3G180900v2	22.700136
SEVIR_3G181000v2	0.563829
SEVIR_3G181100v2	0.431334
SEVIR_3G181200v2	0.063965
SEVIR_3G181300v2	0.082696
SEVIR_3G181400v2	44.129172
SEVIR_3G181500v2	77.315422
SEVIR_3G181600v2	63.16336
SEVIR_3G181700v2	38.195417
SEVIR_3G181750v2	0.117702
SEVIR_3G181800v2	0.966528
SEVIR_3G181900v2	0
SEVIR_3G182000v2	1.17731
SEVIR_3G182100v2	27.854451
SEVIR_3G182201v2	0
SEVIR_3G182300v2	245.798265
SEVIR_3G182400v2	1.136544
SEVIR_3G182500v2	3.798963
SEVIR_3G182600v2	14.81034
SEVIR_3G182700v2	17.970489
SEVIR_3G182801v2	0
SEVIR_3G182900v2	8.862638
SEVIR_3G183000v2	0
SEVIR_3G183100v2	0.437021
SEVIR_3G183200v2	0
SEVIR_3G183300v2	2.170513
SEVIR_3G183400v2	6.513726
SEVIR_3G183500v2	0.032095
SEVIR_3G183600v2	0
SEVIR_3G183700v2	0
SEVIR_3G183800v2	0
SEVIR_3G183901v2	0
SEVIR_3G184000v2	0
SEVIR_3G184100v2	0
SEVIR_3G184200v2	13.812995
SEVIR_3G184301v2	0
SEVIR_3G184400v2	0.587554
SEVIR_3G184500v2	0
SEVIR_3G184600v2	0
SEVIR_3G184700v2	1.962633
SEVIR_3G184800v2	0
SEVIR_3G184900v2	4.863345
SEVIR_3G185000v2	1.589005
SEVIR_3G185100v2	19.382185
SEVIR_3G185200v2	0.02411
SEVIR_3G185300v2	11.465813
SEVIR_3G185400v2	37.965556
SEVIR_3G185500v2	14.751709
SEVIR_3G185600v2	1.578461
SEVIR_3G185700v2	89.674702
SEVIR_3G185800v2	15.131759
SEVIR_3G185900v2	14.929902
SEVIR_3G186000v2	13.801354
SEVIR_3G186300v2	0.123714
SEVIR_3G186400v2	79.286167
SEVIR_3G186500v2	2.751839
SEVIR_3G186600v2	11.906844
SEVIR_3G186700v2	0.212238
SEVIR_3G186800v2	3.784084
SEVIR_3G186900v2	6.82773
SEVIR_3G187000v2	1.754618
SEVIR_3G187100v2	14.722402
SEVIR_3G187200v2	24.680578
SEVIR_3G187300v2	13.767992
SEVIR_3G187400v2	0.867931
SEVIR_3G187500v2	23.560895
SEVIR_3G187600v2	45.237438
SEVIR_3G187700v2	12.227459
SEVIR_3G187800v2	10.835523
SEVIR_3G187900v2	4.696883
SEVIR_3G188000v2	941.778423
SEVIR_3G188100v2	4.593496
SEVIR_3G188200v2	0.063214
SEVIR_3G188301v2	95.455936
SEVIR_3G188400v2	8.305532
SEVIR_3G188500v2	20.579087
SEVIR_3G188600v2	5.297873
SEVIR_3G188701v2	1.446106
SEVIR_3G188801v2	0.233644
SEVIR_3G188900v2	56.346747
SEVIR_3G189000v2	11.347825
SEVIR_3G189100v2	0.619784
SEVIR_3G189200v2	0.919359
SEVIR_3G189300v2	21.117862
SEVIR_3G189400v2	13.720896
SEVIR_3G189500v2	185.918659
SEVIR_3G189600v2	0.663234
SEVIR_3G189700v2	341.274504
SEVIR_3G189800v2	15.781784
SEVIR_3G189900v2	29.68859
SEVIR_3G190000v2	0.56889
SEVIR_3G190100v2	258.413201
SEVIR_3G190200v2	15.622958
SEVIR_3G190250v2	15.653086
SEVIR_3G190300v2	0
SEVIR_3G190400v2	0.058507
SEVIR_3G190500v2	127.055463
SEVIR_3G190600v2	159.503328
SEVIR_3G190700v2	13.276895
SEVIR_3G190800v2	30.184538
SEVIR_3G190900v2	6.729235
SEVIR_3G191000v2	49.901508
SEVIR_3G191100v2	29.409839
SEVIR_3G191200v2	0
SEVIR_3G191300v2	21.895978
SEVIR_3G191400v2	2.240409
SEVIR_3G191500v2	25.429788
SEVIR_3G191600v2	0
SEVIR_3G191700v2	0
SEVIR_3G191800v2	0
SEVIR_3G191901v2	2881.741267
SEVIR_3G192000v2	159.427717
SEVIR_3G192100v2	0.375623
SEVIR_3G192200v2	1.244409
SEVIR_3G192300v2	73.426055
SEVIR_3G192400v2	15.385433
SEVIR_3G192500v2	0
SEVIR_3G192600v2	3.627884
SEVIR_3G192700v2	1.013367
SEVIR_3G192800v2	1.884858
SEVIR_3G192900v2	3.479502
SEVIR_3G193000v2	0
SEVIR_3G193100v2	26.301737
SEVIR_3G193200v2	0.33228
SEVIR_3G193233v2	1.780073
SEVIR_3G193266v2	0
SEVIR_3G193300v2	0.43752
SEVIR_3G193400v2	199.05205
SEVIR_3G193500v2	8.40176
SEVIR_3G193600v2	5.168105
SEVIR_3G193700v2	2.255381
SEVIR_3G193800v2	1.513167
SEVIR_3G193900v2	72.48784
SEVIR_3G194000v2	21.506351
SEVIR_3G194100v2	0
SEVIR_3G194200v2	0.39925
SEVIR_3G194300v2	0.74073
SEVIR_3G194500v2	0.01892
SEVIR_3G194600v2	25.140057
SEVIR_3G194700v2	10.69416
SEVIR_3G194750v2	0
SEVIR_3G194800v2	153.43284
SEVIR_3G194850v2	2.119192
SEVIR_3G194900v2	0
SEVIR_3G195000v2	0.282917
SEVIR_3G195100v2	0
SEVIR_3G195200v2	2.578624
SEVIR_3G195250v2	0.113527
SEVIR_3G195300v2	151.416165
SEVIR_3G195400v2	3.795923
SEVIR_3G195433v2	0
SEVIR_3G195466v2	1.718511
SEVIR_3G195500v2	3.344295
SEVIR_3G195550v2	13.692484
SEVIR_3G195600v2	0.934463
SEVIR_3G195700v2	9.94279
SEVIR_3G195800v2	6.069969
SEVIR_3G196000v2	11.967328
SEVIR_3G196100v2	0
SEVIR_3G196200v2	6.354091
SEVIR_3G196300v2	45.444105
SEVIR_3G196400v2	1.963358
SEVIR_3G196500v2	15.734263
SEVIR_3G196600v2	0
SEVIR_3G196700v2	15.904572
SEVIR_3G196800v2	0.076673
SEVIR_3G196900v2	11.932198
SEVIR_3G197000v2	13.046903
SEVIR_3G197100v2	0.208429
SEVIR_3G197200v2	21.931245
SEVIR_3G197300v2	32.775713
SEVIR_3G197400v2	11.553549
SEVIR_3G197500v2	14.931825
SEVIR_3G197533v2	417.792481
SEVIR_3G197566v2	1380.202397
SEVIR_3G197600v2	33.105384
SEVIR_3G197700v2	30.572703
SEVIR_3G197800v2	0
SEVIR_3G197900v2	42.738794
SEVIR_3G198000v2	0
SEVIR_3G198100v2	0.018375
SEVIR_3G198200v2	0.459527
SEVIR_3G198300v2	0.903117
SEVIR_3G198400v2	52.474841
SEVIR_3G198500v2	0.383019
SEVIR_3G198600v2	0
SEVIR_3G198700v2	0
SEVIR_3G198800v2	1006.738921
SEVIR_3G198900v2	16.648149
SEVIR_3G199000v2	81.798251
SEVIR_3G199100v2	69.315587
SEVIR_3G199133v2	3.380882
SEVIR_3G199166v2	3.057785
SEVIR_3G199200v2	26.952022
SEVIR_3G199300v2	1.079878
SEVIR_3G199400v2	0.056014
SEVIR_3G199500v2	0.912382
SEVIR_3G199600v2	1.026859
SEVIR_3G199700v2	30.236143
SEVIR_3G199800v2	0
SEVIR_3G199900v2	0.100514
SEVIR_3G200000v2	0.217251
SEVIR_3G200100v2	38.85184
SEVIR_3G200200v2	6.46918
SEVIR_3G200300v2	0.164733
SEVIR_3G200400v2	0.089964
SEVIR_3G200600v2	1.589725
SEVIR_3G200700v2	35.447763
SEVIR_3G186200v2	0
SEVIR_3G200800v2	4.126493
SEVIR_3G200900v2	0.404195
SEVIR_3G200950v2	480.716955
SEVIR_3G201000v2	8.573442
SEVIR_3G201100v2	5.257578
SEVIR_3G201200v2	6.708153
SEVIR_3G201300v2	7.723941
SEVIR_3G201400v2	10.905198
SEVIR_3G201500v2	10.871305
SEVIR_3G201600v2	67.257973
SEVIR_3G201700v2	408.826783
SEVIR_3G201800v2	16.331513
SEVIR_3G201900v2	4.948889
SEVIR_3G202000v2	12.685565
SEVIR_3G202100v2	0.608555
SEVIR_3G202200v2	0
SEVIR_3G202250v2	1.076048
SEVIR_3G202400v2	0.647653
SEVIR_3G202300v2	0
SEVIR_3G202500v2	0
SEVIR_3G202600v2	11.239219
SEVIR_3G202700v2	13.918253
SEVIR_3G202800v2	76.940085
SEVIR_3G202900v2	2.443323
SEVIR_3G203000v2	10.834402
SEVIR_3G203100v2	182.931577
SEVIR_3G203200v2	0.185072
SEVIR_3G203300v2	16.645005
SEVIR_3G203400v2	24.327104
SEVIR_3G203500v2	15.888047
SEVIR_3G203600v2	0
SEVIR_3G203700v2	50.910749
SEVIR_3G203900v2	6.379985
SEVIR_3G203800v2	0
SEVIR_3G203850v2	0
SEVIR_3G204000v2	6.606598
SEVIR_3G204100v2	5.895727
SEVIR_3G204200v2	13.90491
SEVIR_3G204300v2	0
SEVIR_3G204400v2	188.685687
SEVIR_3G204500v2	0.402068
SEVIR_3G204600v2	25.222666
SEVIR_3G204700v2	258.155989
SEVIR_3G204800v2	31.39374
SEVIR_3G204900v2	4.05163
SEVIR_3G205000v2	0.129291
SEVIR_3G205100v2	0
SEVIR_3G205200v2	5.406204
SEVIR_3G205300v2	0.284852
SEVIR_3G205400v2	0
SEVIR_3G205500v2	0
SEVIR_3G205601v2	0.623863
SEVIR_3G205700v2	0.226191
SEVIR_3G205800v2	0.014635
SEVIR_3G205900v2	4.776417
SEVIR_3G205950v2	1.634726
SEVIR_3G206000v2	100.469816
SEVIR_3G206100v2	54.895013
SEVIR_3G206200v2	0
SEVIR_3G206300v2	19.21263
SEVIR_3G206400v2	0
SEVIR_3G206501v2	0.068444
SEVIR_3G206600v2	2.11624
SEVIR_3G206700v2	0.066854
SEVIR_3G206800v2	52.744598
SEVIR_3G206900v2	19.66326
SEVIR_3G206950v2	7.180947
SEVIR_3G207000v2	1.237857
SEVIR_3G207100v2	0
SEVIR_3G207200v2	2.306006
SEVIR_3G207300v2	14.422859
SEVIR_3G207400v2	30.477017
SEVIR_3G207500v2	4.183357
SEVIR_3G207600v2	0.047899
SEVIR_3G207666v2	0
SEVIR_3G207732v2	0.62293
SEVIR_3G207800v2	14.236857
SEVIR_3G208000v2	8.435011
SEVIR_3G208100v2	228.173473
SEVIR_3G208200v2	2.97286
SEVIR_3G208300v2	0.336504
SEVIR_3G208400v2	0.011611
SEVIR_3G208500v2	0.113858
SEVIR_3G208600v2	0.304049
SEVIR_3G208700v2	0
SEVIR_3G208800v2	2.239685
SEVIR_3G209000v2	0.488974
SEVIR_3G209100v2	1.420946
SEVIR_3G209150v2	0
SEVIR_3G209200v2	4.306079
SEVIR_3G209300v2	9.447177
SEVIR_3G209400v2	0.290814
SEVIR_3G209500v2	2.057132
SEVIR_3G209533v2	0
SEVIR_3G209566v2	0
SEVIR_3G209600v2	1.866312
SEVIR_3G209700v2	0.263395
SEVIR_3G209800v2	8.390961
SEVIR_3G209900v2	926.874387
SEVIR_3G210000v2	81.636507
SEVIR_3G210100v2	13.909329
SEVIR_3G210200v2	0.054028
SEVIR_3G210300v2	0
SEVIR_3G210400v2	16.932301
SEVIR_3G210600v2	0
SEVIR_3G210700v2	2.344923
SEVIR_3G210800v2	31.199889
SEVIR_3G210900v2	5.03811
SEVIR_3G211000v2	0
SEVIR_3G211100v2	0.048309
SEVIR_3G211200v2	0.51597
SEVIR_3G211300v2	6.920579
SEVIR_3G211400v2	0
SEVIR_3G211500v2	48.10891
SEVIR_3G211600v2	35.071834
SEVIR_3G211701v2	0
SEVIR_3G211800v2	13.87803
SEVIR_3G211900v2	4.704533
SEVIR_3G212000v2	2.261975
SEVIR_3G212100v2	2.585086
SEVIR_3G212166v2	0.821198
SEVIR_3G212232v2	14.864604
SEVIR_3G212300v2	0.0742
SEVIR_3G212400v2	28.895734
SEVIR_3G212500v2	13.1964
SEVIR_3G212600v2	0
SEVIR_3G212800v2	0.014713
SEVIR_3G212900v2	9.268534
SEVIR_3G213000v2	5.93604
SEVIR_3G213100v2	0
SEVIR_3G213200v2	0
SEVIR_3G213300v2	9.06786
SEVIR_3G213400v2	1.9467
SEVIR_3G213500v2	7.332462
SEVIR_3G213600v2	16.278923
SEVIR_3G213700v2	6.116393
SEVIR_3G213800v2	0.248227
SEVIR_3G213900v2	0
SEVIR_3G214000v2	0
SEVIR_3G214100v2	0
SEVIR_3G214175v2	2.799352
SEVIR_3G214250v2	0
SEVIR_3G214325v2	2.082822
SEVIR_3G214400v2	8.260985
SEVIR_3G214500v2	0.202996
SEVIR_3G214600v2	29.201713
SEVIR_3G214700v2	23.038385
SEVIR_3G214800v2	2.222176
SEVIR_3G214900v2	2.975016
SEVIR_3G215000v2	0.037582
SEVIR_3G215100v2	19.77801
SEVIR_3G215200v2	6.901518
SEVIR_3G215300v2	1.987438
SEVIR_3G215400v2	0.223831
SEVIR_3G215500v2	0
SEVIR_3G215600v2	5.845617
SEVIR_3G215700v2	32.208178
SEVIR_3G215800v2	0
SEVIR_3G215900v2	0
SEVIR_3G216000v2	0
SEVIR_3G216100v2	0.044968
SEVIR_3G216200v2	0.052405
SEVIR_3G216300v2	49.839442
SEVIR_3G216333v2	9.080092
SEVIR_3G216366v2	35.016845
SEVIR_3G216400v2	39.77959
SEVIR_3G216500v2	13.884567
SEVIR_3G216600v2	29.734506
SEVIR_3G216700v2	12.881833
SEVIR_3G216725v2	285.880361
SEVIR_3G216750v2	1.685229
SEVIR_3G216775v2	1.02651
SEVIR_3G216800v2	2.353533
SEVIR_3G216900v2	7.546624
SEVIR_3G217000v2	0.335077
SEVIR_3G217100v2	17.516839
SEVIR_3G217200v2	2.201487
SEVIR_3G217300v2	0
SEVIR_3G217400v2	0
SEVIR_3G217500v2	0
SEVIR_3G217600v2	0
SEVIR_3G217650v2	3.520521
SEVIR_3G217700v2	11.537022
SEVIR_3G217760v2	0.455277
SEVIR_3G217820v2	0.380415
SEVIR_3G217880v2	5.624686
SEVIR_3G217940v2	2.372655
SEVIR_3G218000v2	0
SEVIR_3G218100v2	15.659737
SEVIR_3G218200v2	607.291759
SEVIR_3G218300v2	5.931101
SEVIR_3G218500v2	75.049616
SEVIR_3G218600v2	19.294727
SEVIR_3G218700v2	32.973442
SEVIR_3G218800v2	21.896769
SEVIR_3G218900v2	0.392084
SEVIR_3G219000v2	0.086904
SEVIR_3G219100v2	1.092439
SEVIR_3G219200v2	3.241766
SEVIR_3G219300v2	35.889428
SEVIR_3G219400v2	13.461818
SEVIR_3G219500v2	20.105446
SEVIR_3G219600v2	24.894059
SEVIR_3G219700v2	0.168309
SEVIR_3G219800v2	2.006516
SEVIR_3G219900v2	0
SEVIR_3G219950v2	0
SEVIR_3G220000v2	0.030627
SEVIR_3G220100v2	1589.92527
SEVIR_3G220200v2	619.722643
SEVIR_3G220300v2	10.113431
SEVIR_3G220400v2	1.427084
SEVIR_3G220500v2	153.066041
SEVIR_3G220600v2	25.028809
SEVIR_3G220700v2	137.65655
SEVIR_3G220800v2	0
SEVIR_3G220900v2	165.577421
SEVIR_3G221000v2	0
SEVIR_3G221100v2	198.190597
SEVIR_3G221300v2	0
SEVIR_3G221400v2	23.300873
SEVIR_3G221500v2	1.102799
SEVIR_3G221600v2	293.127069
SEVIR_3G221700v2	486.688685
SEVIR_3G221800v2	0
SEVIR_3G221900v2	64.432971
SEVIR_3G222000v2	435.276561
SEVIR_3G222100v2	2770.158857
SEVIR_3G222200v2	2.399976
SEVIR_3G222300v2	1.373682
SEVIR_3G222400v2	5.007633
SEVIR_3G222500v2	0
SEVIR_3G222550v2	0
SEVIR_3G222600v2	3.046675
SEVIR_3G222700v2	3.360321
SEVIR_3G222800v2	1.219733
SEVIR_3G222850v2	0
SEVIR_3G222900v2	8.700426
SEVIR_3G223000v2	101.111818
SEVIR_3G223100v2	0.209774
SEVIR_3G223200v2	15.58022
SEVIR_3G223300v2	44.056139
SEVIR_3G223400v2	66.373352
SEVIR_3G223500v2	14.514022
SEVIR_3G223600v2	0
SEVIR_3G223701v2	10.365339
SEVIR_3G223800v2	15.104899
SEVIR_3G223900v2	4.892716
SEVIR_3G224000v2	3.18019
SEVIR_3G224050v2	0.330271
SEVIR_3G224100v2	0.163414
SEVIR_3G224150v2	0.112998
SEVIR_3G224200v2	226.747537
SEVIR_3G224300v2	38.078505
SEVIR_3G224400v2	28.598806
SEVIR_3G224500v2	2.336748
SEVIR_3G224600v2	0.181349
SEVIR_3G224700v2	0
SEVIR_3G224750v2	12.333974
SEVIR_3G224800v2	50.055851
SEVIR_3G224900v2	71.848362
SEVIR_3G225000v2	22.404572
SEVIR_3G225100v2	5.377027
SEVIR_3G225200v2	49.357607
SEVIR_3G225300v2	7.755829
SEVIR_3G225400v2	45.960769
SEVIR_3G225500v2	28.936478
SEVIR_3G225600v2	83.124732
SEVIR_3G225650v2	0
SEVIR_3G225700v2	6.742231
SEVIR_3G225800v2	0
SEVIR_3G225900v2	0
SEVIR_3G226000v2	151.290526
SEVIR_3G226050v2	58.031553
SEVIR_3G226100v2	5.682939
SEVIR_3G226200v2	3.207865
SEVIR_3G226300v2	196.855408
SEVIR_3G226400v2	18.188217
SEVIR_3G226500v2	0.708461
SEVIR_3G226600v2	42.36976
SEVIR_3G226700v2	19.770209
SEVIR_3G226800v2	6.344672
SEVIR_3G226900v2	69.902075
SEVIR_3G227000v2	20.663088
SEVIR_3G227100v2	5.947828
SEVIR_3G227200v2	29.960284
SEVIR_3G227300v2	12.429502
SEVIR_3G227400v2	4.637354
SEVIR_3G227433v2	0.10319
SEVIR_3G227466v2	0.26618
SEVIR_3G227500v2	19.220541
SEVIR_3G227600v2	30.335541
SEVIR_3G227700v2	0
SEVIR_3G227800v2	59.256318
SEVIR_3G227901v2	0.1845
SEVIR_3G228000v2	0.250613
SEVIR_3G228100v2	0
SEVIR_3G228200v2	2.512755
SEVIR_3G228300v2	1.782624
SEVIR_3G228401v2	0
SEVIR_3G228500v2	12.59209
SEVIR_3G228600v2	8.112055
SEVIR_3G228700v2	3.659796
SEVIR_3G228800v2	10.359565
SEVIR_3G228900v2	2.823572
SEVIR_3G229000v2	4.978554
SEVIR_3G229200v2	52.670206
SEVIR_3G229300v2	2.514451
SEVIR_3G229400v2	0.637731
SEVIR_3G229466v2	6.544969
SEVIR_3G229532v2	22.820807
SEVIR_3G229600v2	22.438668
SEVIR_3G229700v2	0.094824
SEVIR_3G229800v2	19.621193
SEVIR_3G229900v2	78.146387
SEVIR_3G230000v2	10.468989
SEVIR_3G230100v2	24.885192
SEVIR_3G230200v2	116.921377
SEVIR_3G230300v2	3.981734
SEVIR_3G230400v2	35.1134
SEVIR_3G230450v2	0
SEVIR_3G230500v2	0.430324
SEVIR_3G230600v2	2.529465
SEVIR_3G230700v2	0.023539
SEVIR_3G230800v2	0.05025
SEVIR_3G230900v2	0
SEVIR_3G231000v2	6.609327
SEVIR_3G231100v2	12.024559
SEVIR_3G231200v2	0
SEVIR_3G231300v2	0
SEVIR_3G231400v2	123.064917
SEVIR_3G231500v2	0.051969
SEVIR_3G231600v2	1.782591
SEVIR_3G231700v2	0
SEVIR_3G231800v2	0
SEVIR_3G231900v2	0
SEVIR_3G232000v2	0
SEVIR_3G232101v2	10.029126
SEVIR_3G232200v2	0.359661
SEVIR_3G232300v2	1.787093
SEVIR_3G232400v2	30.895654
SEVIR_3G232501v2	151.445565
SEVIR_3G232600v2	42.899978
SEVIR_3G232700v2	215.5733
SEVIR_3G232800v2	49.539784
SEVIR_3G232901v2	1.794747
SEVIR_3G233000v2	24.316329
SEVIR_3G233100v2	5.328324
SEVIR_3G233200v2	20.139019
SEVIR_3G233250v2	6.947629
SEVIR_3G233300v2	0
SEVIR_3G233400v2	0
SEVIR_3G233500v2	3.523503
SEVIR_3G233600v2	36.621946
SEVIR_3G233700v2	22.985982
SEVIR_3G233801v2	5.681848
SEVIR_3G233900v2	7.741057
SEVIR_3G234000v2	3.501848
SEVIR_3G234101v2	0.263686
SEVIR_3G234200v2	1.973692
SEVIR_3G234300v2	0.255489
SEVIR_3G234400v2	0
SEVIR_3G234500v2	0.089406
SEVIR_3G234600v2	5.714119
SEVIR_3G234700v2	0.089454
SEVIR_3G234800v2	0.030844
SEVIR_3G234900v2	0
SEVIR_3G235000v2	0
SEVIR_3G235100v2	0
SEVIR_3G235200v2	0.183382
SEVIR_3G235300v2	0.518223
SEVIR_3G235400v2	5.242679
SEVIR_3G235500v2	0.541017
SEVIR_3G235600v2	69.279973
SEVIR_3G235700v2	2.259683
SEVIR_3G235800v2	8.20676
SEVIR_3G235900v2	12.102941
SEVIR_3G236000v2	197.98491
SEVIR_3G236100v2	24.420738
SEVIR_3G236200v2	0.198799
SEVIR_3G236300v2	11.968007
SEVIR_3G236400v2	10.600458
SEVIR_3G236500v2	94.762625
SEVIR_3G236600v2	83.777775
SEVIR_3G236700v2	14.155641
SEVIR_3G236800v2	4.249706
SEVIR_3G236850v2	1.444571
SEVIR_3G236900v2	8.413913
SEVIR_3G237000v2	2.346316
SEVIR_3G237100v2	13.86958
SEVIR_3G237200v2	6.659965
SEVIR_3G237300v2	0.832935
SEVIR_3G237400v2	26.680252
SEVIR_3G237500v2	10.372152
SEVIR_3G237550v2	0.028918
SEVIR_3G237600v2	0.499594
SEVIR_3G237700v2	6.15391
SEVIR_3G237800v2	8.625668
SEVIR_3G237900v2	0.255158
SEVIR_3G238000v2	105.917553
SEVIR_3G238100v2	0.171898
SEVIR_3G238200v2	2.780898
SEVIR_3G238300v2	6.130019
SEVIR_3G238500v2	0.790738
SEVIR_3G238700v2	0
SEVIR_3G238800v2	0
SEVIR_3G238900v2	0.083788
SEVIR_3G239000v2	7.132378
SEVIR_3G239050v2	0
SEVIR_3G239100v2	52.396424
SEVIR_3G239200v2	0
SEVIR_3G239300v2	7.841799
SEVIR_3G239400v2	22.329481
SEVIR_3G239500v2	0.056058
SEVIR_3G239600v2	0
SEVIR_3G239700v2	16.064388
SEVIR_3G239800v2	14.443187
SEVIR_3G239900v2	4.650636
SEVIR_3G240000v2	0.281007
SEVIR_3G240100v2	4.805268
SEVIR_3G240300v2	1.122503
SEVIR_3G240400v2	1.7845
SEVIR_3G240500v2	129.903552
SEVIR_3G240550v2	0
SEVIR_3G240600v2	12.801451
SEVIR_3G240700v2	0.580801
SEVIR_3G240800v2	20.276471
SEVIR_3G240900v2	20.064604
SEVIR_3G241000v2	212.740389
SEVIR_3G241100v2	0
SEVIR_3G241200v2	1.364099
SEVIR_3G241300v2	21.383701
SEVIR_3G241400v2	28.750265
SEVIR_3G241500v2	3.395724
SEVIR_3G241600v2	3.938705
SEVIR_3G241700v2	28.604605
SEVIR_3G241801v2	1.642408
SEVIR_3G241900v2	21.493917
SEVIR_3G242000v2	5.277346
SEVIR_3G242100v2	0.995449
SEVIR_3G242200v2	13.631776
SEVIR_3G242300v2	0
SEVIR_3G242400v2	0.078886
SEVIR_3G242501v2	39.279085
SEVIR_3G242600v2	4.266584
SEVIR_3G242700v2	15.142685
SEVIR_3G242733v2	0
SEVIR_3G242766v2	0.696849
SEVIR_3G242800v2	0.486844
SEVIR_3G242900v2	671.392549
SEVIR_3G243000v2	8.580734
SEVIR_3G243100v2	0.399412
SEVIR_3G243200v2	14.591144
SEVIR_3G243300v2	0.018446
SEVIR_3G243400v2	0.819267
SEVIR_3G243500v2	68.990477
SEVIR_3G243600v2	16.640444
SEVIR_3G243700v2	5.803849
SEVIR_3G243800v2	76.941634
SEVIR_3G243900v2	51.930608
SEVIR_3G244000v2	1.957764
SEVIR_3G244100v2	0.088333
SEVIR_3G244200v2	0.026877
SEVIR_3G244300v2	0
SEVIR_3G244400v2	2.376979
SEVIR_3G244500v2	2.569544
SEVIR_3G244600v2	1.101479
SEVIR_3G244650v2	0
SEVIR_3G244700v2	1.528446
SEVIR_3G244800v2	27.755659
SEVIR_3G244900v2	0
SEVIR_3G245000v2	0.459861
SEVIR_3G245100v2	163.801671
SEVIR_3G245200v2	104.212173
SEVIR_3G245250v2	0.199836
SEVIR_3G245300v2	0.36207
SEVIR_3G245400v2	0
SEVIR_3G245500v2	0
SEVIR_3G245600v2	29.461881
SEVIR_3G245700v2	6.073877
SEVIR_3G245800v2	74.232612
SEVIR_3G245900v2	6.026841
SEVIR_3G246000v2	6.924337
SEVIR_3G246100v2	32.586788
SEVIR_3G246200v2	0
SEVIR_3G246350v2	0.541956
SEVIR_3G246500v2	30.495825
SEVIR_3G246550v2	5.164023
SEVIR_3G246600v2	3.087772
SEVIR_3G246650v2	0.19804
SEVIR_3G246700v2	11.743091
SEVIR_3G246766v2	4.86357
SEVIR_3G246832v2	0.239896
SEVIR_3G246900v2	2.727283
SEVIR_3G247000v2	0.644177
SEVIR_3G247200v2	3.238811
SEVIR_3G247300v2	0.221291
SEVIR_3G247333v2	3.069294
SEVIR_3G247366v2	1.324564
SEVIR_3G247400v2	0.454123
SEVIR_3G247500v2	2.844402
SEVIR_3G247600v2	67.432582
SEVIR_3G247700v2	67.271037
SEVIR_3G247800v2	11.716564
SEVIR_3G247900v2	2.961325
SEVIR_3G248000v2	27.420894
SEVIR_3G248050v2	0.486844
SEVIR_3G248100v2	2.134846
SEVIR_3G248200v2	11.906772
SEVIR_3G248250v2	1.235745
SEVIR_3G248300v2	180.990924
SEVIR_3G248600v2	0.008016
SEVIR_3G248400v2	0
SEVIR_3G248500v2	0
SEVIR_3G248700v2	21.581329
SEVIR_3G248800v2	2.020861
SEVIR_3G248901v2	0.039543
SEVIR_3G249000v2	4.221794
SEVIR_3G249100v2	0
SEVIR_3G249200v2	4.842711
SEVIR_3G249300v2	0.145451
SEVIR_3G249400v2	3.066735
SEVIR_3G249500v2	0.160781
SEVIR_3G249600v2	0.423792
SEVIR_3G249700v2	0
SEVIR_3G249800v2	3.52576
SEVIR_3G249900v2	0
SEVIR_3G250001v2	0
SEVIR_3G250100v2	0
SEVIR_3G250200v2	32.365614
SEVIR_3G250300v2	0.302502
SEVIR_3G250400v2	0
SEVIR_3G250500v2	2.94509
SEVIR_3G250600v2	10.083001
SEVIR_3G250700v2	73.497344
SEVIR_3G250733v2	0.782964
SEVIR_3G250766v2	3.118429
SEVIR_3G250800v2	39.437971
SEVIR_3G250900v2	10.084978
SEVIR_3G251000v2	0.694704
SEVIR_3G251050v2	0.821549
SEVIR_3G251100v2	2.224716
SEVIR_3G251200v2	2.258154
SEVIR_3G251300v2	10.740747
SEVIR_3G251350v2	0.094954
SEVIR_3G251400v2	9.621937
SEVIR_3G251600v2	0.112262
SEVIR_3G251700v2	0.382997
SEVIR_3G251800v2	28.086102
SEVIR_3G251900v2	30.280799
SEVIR_3G252000v2	2.185624
SEVIR_3G252050v2	12.323236
SEVIR_3G252100v2	0
SEVIR_3G252200v2	51.080225
SEVIR_3G252301v2	4.56709
SEVIR_3G252400v2	13.788908
SEVIR_3G252500v2	90.744221
SEVIR_3G252600v2	11.67901
SEVIR_3G252700v2	5.54704
SEVIR_3G252800v2	0
SEVIR_3G253000v2	0.993433
SEVIR_3G253100v2	1.116202
SEVIR_3G253200v2	0.393755
SEVIR_3G253300v2	48.46708
SEVIR_3G253400v2	2.955273
SEVIR_3G253500v2	36.237682
SEVIR_3G253600v2	11.038223
SEVIR_3G253700v2	0.03087
SEVIR_3G253800v2	0
SEVIR_3G253900v2	10.117393
SEVIR_3G254000v2	5.49679
SEVIR_3G254100v2	6.695733
SEVIR_3G254200v2	1.054203
SEVIR_3G254300v2	21.27983
SEVIR_3G254400v2	1.849632
SEVIR_3G254500v2	7.410814
SEVIR_3G254601v2	0.465448
SEVIR_3G254700v2	27.701499
SEVIR_3G254800v2	4.660937
SEVIR_3G254900v2	0
SEVIR_3G255000v2	44.652315
SEVIR_3G255100v2	4.102657
SEVIR_3G255200v2	283.553959
SEVIR_3G255300v2	0
SEVIR_3G255400v2	38.213381
SEVIR_3G255500v2	0.343599
SEVIR_3G255600v2	1.250347
SEVIR_3G255700v2	42.116011
SEVIR_3G255800v2	13.564756
SEVIR_3G255900v2	44.719159
SEVIR_3G256000v2	2.37208
SEVIR_3G256100v2	14.455247
SEVIR_3G256200v2	0.689534
SEVIR_3G256300v2	38.692567
SEVIR_3G256401v2	9.899151
SEVIR_3G256500v2	43.521938
SEVIR_3G256600v2	12.681949
SEVIR_3G256700v2	0.199994
SEVIR_3G256750v2	10.977052
SEVIR_3G256800v2	5.865963
SEVIR_3G257000v2	3.670336
SEVIR_3G257100v2	0.092284
SEVIR_3G257200v2	73.984342
SEVIR_3G257300v2	271.062089
SEVIR_3G257400v2	0.227654
SEVIR_3G257500v2	36.191804
SEVIR_3G257700v2	10.20456
SEVIR_3G257800v2	9.77657
SEVIR_3G257900v2	2.1445
SEVIR_3G258000v2	9.15693
SEVIR_3G258100v2	11.384055
SEVIR_3G258200v2	20.569568
SEVIR_3G258300v2	4.267266
SEVIR_3G258400v2	0.114298
SEVIR_3G258600v2	0
SEVIR_3G258700v2	0
SEVIR_3G258800v2	0
SEVIR_3G258900v2	11.950528
SEVIR_3G259000v2	5.837734
SEVIR_3G259033v2	0
SEVIR_3G259066v2	16.430981
SEVIR_3G259100v2	0
SEVIR_3G259200v2	57.504553
SEVIR_3G259300v2	10.652698
SEVIR_3G259500v2	0.866629
SEVIR_3G259700v2	12.45074
SEVIR_3G259800v2	0.661162
SEVIR_3G259900v2	0.078233
SEVIR_3G259933v2	0
SEVIR_3G259966v2	0.798421
SEVIR_3G260000v2	1.005356
SEVIR_3G260100v2	3.320463
SEVIR_3G260200v2	0.489434
SEVIR_3G260300v2	3.135897
SEVIR_3G260400v2	19.825084
SEVIR_3G260450v2	0.20713
SEVIR_3G260500v2	0
SEVIR_3G260600v2	9.985251
SEVIR_3G260700v2	75.515812
SEVIR_3G260800v2	0.307121
SEVIR_3G260900v2	3.991959
SEVIR_3G261001v2	32.184705
SEVIR_3G261100v2	8.945761
SEVIR_3G261200v2	0.014624
SEVIR_3G261250v2	0.753777
SEVIR_3G261300v2	13.167136
SEVIR_3G261400v2	24.314336
SEVIR_3G261500v2	25.144236
SEVIR_3G261601v2	1.226289
SEVIR_3G261700v2	26.091322
SEVIR_3G261800v2	0
SEVIR_3G261900v2	0.969375
SEVIR_3G262000v2	10.57348
SEVIR_3G262100v2	33.138119
SEVIR_3G262300v2	16.118958
SEVIR_3G262400v2	14.193823
SEVIR_3G262500v2	4.802527
SEVIR_3G262600v2	9.734792
SEVIR_3G262700v2	1.429039
SEVIR_3G262800v2	5.491213
SEVIR_3G262900v2	1.791934
SEVIR_3G263000v2	15.130121
SEVIR_3G263100v2	0
SEVIR_3G263200v2	0
SEVIR_3G263300v2	10.24111
SEVIR_3G263400v2	14.022809
SEVIR_3G263500v2	20.84679
SEVIR_3G263600v2	107.962982
SEVIR_3G263700v2	0
SEVIR_3G263800v2	0
SEVIR_3G263900v2	0
SEVIR_3G264000v2	0
SEVIR_3G264100v2	0
SEVIR_3G264200v2	0
SEVIR_3G264300v2	7.996976
SEVIR_3G264350v2	0.335988
SEVIR_3G264400v2	16.962179
SEVIR_3G264500v2	11.898297
SEVIR_3G264600v2	22.852024
SEVIR_3G264700v2	8.394875
SEVIR_3G264800v2	0
SEVIR_3G264900v2	0
SEVIR_3G265100v2	1.475057
SEVIR_3G265200v2	4.79673
SEVIR_3G265250v2	7.332567
SEVIR_3G265300v2	1.8024
SEVIR_3G265400v2	6.383786
SEVIR_3G265500v2	0.424182
SEVIR_3G265600v2	2.251066
SEVIR_3G265700v2	23.800362
SEVIR_3G265800v2	3.157187
SEVIR_3G265900v2	0.544563
SEVIR_3G266000v2	0
SEVIR_3G266100v2	4.368263
SEVIR_3G266200v2	24.824688
SEVIR_3G266250v2	0
SEVIR_3G266300v2	7.288965
SEVIR_3G266400v2	6.704888
SEVIR_3G266500v2	5.338697
SEVIR_3G266600v2	31.292404
SEVIR_3G266700v2	115.959807
SEVIR_3G266800v2	7.348845
SEVIR_3G266900v2	35.925965
SEVIR_3G267000v2	2.498917
SEVIR_3G267100v2	13.600977
SEVIR_3G267200v2	0.101574
SEVIR_3G267300v2	9.739858
SEVIR_3G267400v2	0
SEVIR_3G267500v2	23.062256
SEVIR_3G267600v2	4.767531
SEVIR_3G267700v2	0
SEVIR_3G267801v2	56.466843
SEVIR_3G267900v2	0
SEVIR_3G268000v2	20.865527
SEVIR_3G268100v2	0
SEVIR_3G268200v2	8.374371
SEVIR_3G268300v2	1447.869468
SEVIR_3G268325v2	0
SEVIR_3G268350v2	0
SEVIR_3G268375v2	0
SEVIR_3G268400v2	0
SEVIR_3G268466v2	8.004752
SEVIR_3G268532v2	16.41315
SEVIR_3G268600v2	2.240946
SEVIR_3G268700v2	4.471239
SEVIR_3G268800v2	0
SEVIR_3G268900v2	10.178566
SEVIR_3G269000v2	53.021658
SEVIR_3G269066v2	35.789376
SEVIR_3G269132v2	8.696676
SEVIR_3G269200v2	0.273219
SEVIR_3G269300v2	0
SEVIR_3G269500v2	127.340102
SEVIR_3G269600v2	207.093088
SEVIR_3G269700v2	0.162594
SEVIR_3G269800v2	5.349039
SEVIR_3G269900v2	0
SEVIR_3G270100v2	0
SEVIR_3G270200v2	0.91447
SEVIR_3G270300v2	0.51944
SEVIR_3G270350v2	0.231244
SEVIR_3G270400v2	0
SEVIR_3G270450v2	0
SEVIR_3G270500v2	157.479606
SEVIR_3G270600v2	0
SEVIR_3G270700v2	0.016691
SEVIR_3G270800v2	16.255286
SEVIR_3G270900v2	0
SEVIR_3G271000v2	0.212596
SEVIR_3G271100v2	5.791395
SEVIR_3G271200v2	4.344507
SEVIR_3G271300v2	8.572933
SEVIR_3G271400v2	27.988304
SEVIR_3G271500v2	6.422458
SEVIR_3G271600v2	143.993561
SEVIR_3G271700v2	171.387508
SEVIR_3G271800v2	0
SEVIR_3G271900v2	17.380092
SEVIR_3G271971v2	0.027706
SEVIR_3G272042v2	7.71118
SEVIR_3G272113v2	5.601393
SEVIR_3G272184v2	0.147293
SEVIR_3G272255v2	390.590625
SEVIR_3G272326v2	34.398484
SEVIR_3G272400v2	537.355375
SEVIR_3G272500v2	274.07959
SEVIR_3G272600v2	3.846976
SEVIR_3G272700v2	428.327358
SEVIR_3G272800v2	5.421944
SEVIR_3G272900v2	13.67658
SEVIR_3G273000v2	3.748677
SEVIR_3G273101v2	1544.512206
SEVIR_3G273200v2	43.284581
SEVIR_3G273300v2	0
SEVIR_3G273400v2	0
SEVIR_3G273500v2	28.086042
SEVIR_3G273600v2	20.406998
SEVIR_3G273700v2	119.996688
SEVIR_3G273750v2	2.101427
SEVIR_3G273800v2	7.006722
SEVIR_3G273900v2	15.540671
SEVIR_3G274000v2	9.884066
SEVIR_3G274101v2	0.54336
SEVIR_3G274200v2	0
SEVIR_3G274300v2	15.873269
SEVIR_3G274400v2	0.208676
SEVIR_3G274500v2	9.53504
SEVIR_3G274600v2	1.0872
SEVIR_3G274700v2	0
SEVIR_3G274800v2	0
SEVIR_3G274900v2	0
SEVIR_3G275000v2	0
SEVIR_3G275100v2	0.556582
SEVIR_3G275300v2	0.259549
SEVIR_3G275400v2	249.632142
SEVIR_3G275500v2	4.423956
SEVIR_3G275600v2	0.967983
SEVIR_3G275700v2	4.181279
SEVIR_3G275800v2	0.787591
SEVIR_3G275900v2	0.920137
SEVIR_3G275933v2	2.073345
SEVIR_3G275966v2	1.282687
SEVIR_3G276000v2	0
SEVIR_3G276100v2	4.304074
SEVIR_3G276200v2	0.838719
SEVIR_3G276250v2	0
SEVIR_3G276300v2	0
SEVIR_3G276400v2	13.043301
SEVIR_3G276500v2	1.420566
SEVIR_3G276600v2	17.472265
SEVIR_3G276700v2	7.157229
SEVIR_3G276800v2	18.350714
SEVIR_3G276900v2	0
SEVIR_3G277000v2	1.308253
SEVIR_3G277100v2	5.399944
SEVIR_3G277200v2	0.024125
SEVIR_3G277233v2	0
SEVIR_3G277266v2	0.540372
SEVIR_3G277300v2	0.109203
SEVIR_3G277400v2	0.07556
SEVIR_3G277450v2	0
SEVIR_3G277500v2	6.463836
SEVIR_3G277600v2	10.599915
SEVIR_3G277700v2	9.66758
SEVIR_3G277733v2	0
SEVIR_3G277766v2	6.794149
SEVIR_3G277800v2	29.036106
SEVIR_3G277900v2	1.265163
SEVIR_3G278000v2	222.203241
SEVIR_3G278100v2	96.358753
SEVIR_3G278150v2	0.110917
SEVIR_3G278200v2	3.38906
SEVIR_3G278300v2	2.041561
SEVIR_3G278400v2	0.052654
SEVIR_3G278500v2	0
SEVIR_3G278600v2	0.044958
SEVIR_3G278700v2	15.212803
SEVIR_3G278800v2	0
SEVIR_3G278900v2	0.13152
SEVIR_3G279000v2	0
SEVIR_3G279100v2	0.01953
SEVIR_3G279200v2	0
SEVIR_3G279300v2	233.025485
SEVIR_3G279400v2	20.352794
SEVIR_3G279600v2	28.817234
SEVIR_3G279700v2	0.233853
SEVIR_3G279800v2	0
SEVIR_3G279900v2	7.74176
SEVIR_3G280000v2	3.73747
SEVIR_3G280200v2	0
SEVIR_3G280300v2	0
SEVIR_3G280400v2	3.456166
SEVIR_3G280500v2	2.79459
SEVIR_3G280600v2	0.852733
SEVIR_3G280700v2	11.573951
SEVIR_3G280750v2	0
SEVIR_3G280800v2	41.46491
SEVIR_3G280900v2	10.251889
SEVIR_3G281000v2	6.554131
SEVIR_3G281050v2	0.294363
SEVIR_3G281100v2	2.951024
SEVIR_3G281200v2	19.425586
SEVIR_3G281300v2	17.39106
SEVIR_3G281400v2	67.493754
SEVIR_3G281500v2	9.265359
SEVIR_3G281600v2	55.384002
SEVIR_3G281700v2	23.008715
SEVIR_3G281800v2	3.853624
SEVIR_3G281900v2	1.343544
SEVIR_3G282000v2	11.961632
SEVIR_3G282100v2	8.586138
SEVIR_3G282200v2	0.480434
SEVIR_3G282300v2	0
SEVIR_3G282400v2	0.367217
SEVIR_3G282500v2	17.100205
SEVIR_3G282600v2	10.02066
SEVIR_3G282650v2	0.23433
SEVIR_3G282700v2	44.73501
SEVIR_3G282800v2	4.788049
SEVIR_3G282900v2	27.260301
SEVIR_3G283000v2	13.864733
SEVIR_3G283100v2	5.062676
SEVIR_3G283200v2	18.713263
SEVIR_3G283300v2	0.730266
SEVIR_3G283400v2	0.270005
SEVIR_3G283500v2	24.046308
SEVIR_3G283600v2	11.329645
SEVIR_3G283700v2	513.771387
SEVIR_3G283800v2	1.287662
SEVIR_3G283900v2	2.498422
SEVIR_3G283925v2	3.858287
SEVIR_3G283950v2	0
SEVIR_3G283975v2	0
SEVIR_3G284000v2	8.083187
SEVIR_3G284100v2	9.97819
SEVIR_3G284200v2	0
SEVIR_3G284300v2	18.875072
SEVIR_3G284400v2	0
SEVIR_3G284500v2	6.928099
SEVIR_3G284600v2	30.896397
SEVIR_3G284700v2	0.257872
SEVIR_3G284800v2	28.020116
SEVIR_3G284900v2	0.051318
SEVIR_3G285000v2	0
SEVIR_3G285100v2	198.260101
SEVIR_3G285200v2	51.380312
SEVIR_3G285301v2	4.147287
SEVIR_3G285400v2	0.081195
SEVIR_3G285500v2	18.474985
SEVIR_3G285600v2	0.599757
SEVIR_3G285700v2	0
SEVIR_3G285800v2	0
SEVIR_3G285850v2	0.424295
SEVIR_3G285900v2	0
SEVIR_3G285950v2	3.245185
SEVIR_3G286000v2	7.577728
SEVIR_3G286101v2	1.02129
SEVIR_3G286200v2	0.272757
SEVIR_3G286300v2	0
SEVIR_3G286400v2	16.441948
SEVIR_3G286500v2	11.181756
SEVIR_3G286600v2	20.642144
SEVIR_3G286700v2	7.947051
SEVIR_3G286800v2	0.086406
SEVIR_3G286850v2	0
SEVIR_3G286900v2	0.242334
SEVIR_3G287000v2	0
SEVIR_3G287100v2	8.446002
SEVIR_3G287200v2	0
SEVIR_3G287300v2	3.694198
SEVIR_3G287500v2	11.924143
SEVIR_3G287600v2	0
SEVIR_3G287700v2	0
SEVIR_3G287800v2	1.341013
SEVIR_3G287900v2	2.576035
SEVIR_3G288000v2	0.635868
SEVIR_3G288050v2	0.453095
SEVIR_3G288100v2	46.594704
SEVIR_3G288200v2	14.169837
SEVIR_3G288300v2	0.220804
SEVIR_3G288350v2	0.189028
SEVIR_3G288400v2	40.960585
SEVIR_3G288500v2	4.230211
SEVIR_3G288550v2	32.861962
SEVIR_3G288600v2	19.649266
SEVIR_3G288700v2	302.975045
SEVIR_3G288800v2	14.729281
SEVIR_3G288850v2	1.877826
SEVIR_3G288900v2	1.250824
SEVIR_3G289000v2	8.359236
SEVIR_3G289100v2	0.220003
SEVIR_3G289200v2	0.200545
SEVIR_3G289300v2	8.489455
SEVIR_3G289400v2	0
SEVIR_3G289500v2	101.403511
SEVIR_3G289550v2	0.766804
SEVIR_3G289601v2	0.966528
SEVIR_3G289651v2	0.309053
SEVIR_3G289700v2	0.129889
SEVIR_3G289800v2	28.033571
SEVIR_3G289900v2	27.999106
SEVIR_3G290000v2	10.953987
SEVIR_3G290100v2	13.384682
SEVIR_3G290175v2	30.154191
SEVIR_3G290250v2	11.426547
SEVIR_3G290325v2	50.42083
SEVIR_3G290400v2	0
SEVIR_3G290500v2	0
SEVIR_3G290601v2	16.457837
SEVIR_3G290700v2	0.582533
SEVIR_3G290800v2	36.050571
SEVIR_3G290900v2	7.443864
SEVIR_3G291000v2	4.295796
SEVIR_3G291100v2	29.474877
SEVIR_3G291200v2	0.904458
SEVIR_3G291300v2	0.798572
SEVIR_3G291400v2	12.245567
SEVIR_3G291500v2	0.139236
SEVIR_3G291600v2	0
SEVIR_3G291700v2	0.080433
SEVIR_3G291800v2	0.090945
SEVIR_3G291900v2	5.30188
SEVIR_3G292000v2	0.178147
SEVIR_3G292100v2	1.342666
SEVIR_3G292200v2	0
SEVIR_3G292300v2	0.051692
SEVIR_3G292400v2	14.259394
SEVIR_3G292500v2	0
SEVIR_3G292600v2	16.922801
SEVIR_3G292700v2	0.756519
SEVIR_3G292800v2	0
SEVIR_3G292900v2	5.401243
SEVIR_3G293100v2	6.163735
SEVIR_3G293200v2	0
SEVIR_3G293300v2	2.807328
SEVIR_3G293401v2	0
SEVIR_3G293500v2	2.936935
SEVIR_3G293600v2	0
SEVIR_3G293700v2	38.120431
SEVIR_3G293800v2	3.385483
SEVIR_3G294000v2	2.155294
SEVIR_3G294050v2	0
SEVIR_3G294100v2	3.756504
SEVIR_3G294200v2	2.88843
SEVIR_3G294300v2	1.813583
SEVIR_3G294400v2	0.747578
SEVIR_3G294500v2	265.067926
SEVIR_3G294600v2	10.41078
SEVIR_3G294700v2	12.966286
SEVIR_3G294800v2	3.16382
SEVIR_3G294900v2	12.242207
SEVIR_3G295000v2	0
SEVIR_3G295100v2	30.252316
SEVIR_3G295200v2	0.126865
SEVIR_3G295300v2	0
SEVIR_3G295400v2	0
SEVIR_3G295500v2	470.951848
SEVIR_3G295600v2	15.276331
SEVIR_3G295666v2	0
SEVIR_3G295732v2	0
SEVIR_3G295800v2	9.604678
SEVIR_3G295900v2	12.665774
SEVIR_3G296000v2	7.655972
SEVIR_3G296050v2	0
SEVIR_3G296100v2	0
SEVIR_3G296150v2	0.462854
SEVIR_3G296200v2	0.070512
SEVIR_3G296300v2	36.060684
SEVIR_3G296400v2	0
SEVIR_3G296500v2	0.098133
SEVIR_3G296600v2	3.638729
SEVIR_3G296700v2	0
SEVIR_3G296800v2	0
SEVIR_3G296900v2	3.549092
SEVIR_3G297000v2	0
SEVIR_3G297100v2	0
SEVIR_3G297200v2	0
SEVIR_3G297301v2	0.100724
SEVIR_3G297400v2	8.478952
SEVIR_3G297500v2	0.608932
SEVIR_3G297600v2	46.353629
SEVIR_3G297700v2	0
SEVIR_3G297800v2	40.333163
SEVIR_3G297900v2	0
SEVIR_3G298000v2	27.124701
SEVIR_3G298100v2	0.904028
SEVIR_3G298150v2	0
SEVIR_3G298200v2	0
SEVIR_3G298300v2	27.846038
SEVIR_3G298333v2	0.864788
SEVIR_3G298366v2	1.940003
SEVIR_3G298400v2	0
SEVIR_3G298500v2	0.53678
SEVIR_3G298600v2	0.108284
SEVIR_3G298700v2	23.778779
SEVIR_3G298800v2	0.708558
SEVIR_3G298900v2	0
SEVIR_3G299000v2	10.897212
SEVIR_3G299100v2	0.038789
SEVIR_3G299300v2	346.381483
SEVIR_3G299400v2	0.075231
SEVIR_3G299600v2	0.596911
SEVIR_3G299700v2	46.512742
SEVIR_3G299800v2	27.555224
SEVIR_3G299850v2	0
SEVIR_3G299900v2	14.685232
SEVIR_3G300000v2	16.573038
SEVIR_3G300100v2	9.967406
SEVIR_3G300200v2	33.816054
SEVIR_3G300300v2	0
SEVIR_3G300400v2	0
SEVIR_3G300500v2	0.121711
SEVIR_3G300600v2	13.811661
SEVIR_3G300700v2	0
SEVIR_3G300800v2	45.560395
SEVIR_3G300900v2	0.09181
SEVIR_3G301100v2	0
SEVIR_3G301200v2	57.86014
SEVIR_3G301300v2	0
SEVIR_3G301400v2	56.61225
SEVIR_3G301500v2	9.855586
SEVIR_3G301800v2	115.838415
SEVIR_3G301900v2	107.280291
SEVIR_3G302000v2	0
SEVIR_3G302100v2	1.138804
SEVIR_3G302175v2	0.758777
SEVIR_3G302250v2	1.170902
SEVIR_3G302325v2	0
SEVIR_3G302400v2	0.011788
SEVIR_3G302600v2	0.023897
SEVIR_3G302850v2	0
SEVIR_3G303100v2	92.174752
SEVIR_3G303150v2	1.410055
SEVIR_3G303200v2	72.813656
SEVIR_3G303301v2	0.446692
SEVIR_3G303400v2	31.679679
SEVIR_3G303500v2	0.243422
SEVIR_3G303600v2	0
SEVIR_3G303700v2	0.591746
SEVIR_3G303800v2	26.180433
SEVIR_3G303900v2	12.597944
SEVIR_3G304200v2	15.63635
SEVIR_3G304250v2	3.996751
SEVIR_3G304300v2	0
SEVIR_3G304500v2	1.559155
SEVIR_3G304600v2	0.032637
SEVIR_3G304700v2	25.600998
SEVIR_3G304800v2	0
SEVIR_3G304900v2	0
SEVIR_3G305100v2	6.451208
SEVIR_3G332200v2	0
SEVIR_3G332203v2	1.799849
SEVIR_3G332000v2	0.440336
SEVIR_3G331800v2	0.018178
SEVIR_3G331700v2	3.775052
SEVIR_3G331703v2	0.029819
SEVIR_3G331706v2	0.12674
SEVIR_3G331500v2	0
SEVIR_3G331400v2	0.047299
SEVIR_3G331300v2	11.774377
SEVIR_3G331303v2	5.844771
SEVIR_3G331200v2	0.988771
SEVIR_3G331203v2	0
SEVIR_3G330800v2	0
SEVIR_3G330700v2	12.659358
SEVIR_3G330600v2	2.62163
SEVIR_3G330500v2	0
SEVIR_3G330400v2	0
SEVIR_3G330300v2	0.466169
SEVIR_3G330200v2	2.757134
SEVIR_3G330100v2	0
SEVIR_3G330103v2	0.045692
SEVIR_3G330000v2	0.162421
SEVIR_3G330003v2	2.693308
SEVIR_3G329700v2	2.23595
SEVIR_3G329600v2	10.342793
SEVIR_3G329500v2	4.913938
SEVIR_3G329400v2	0.056259
SEVIR_3G329300v2	0
SEVIR_3G329200v2	0
SEVIR_3G329100v2	11.996389
SEVIR_3G329000v2	2.347283
SEVIR_3G329003v2	10.111373
SEVIR_3G328900v2	6.572392
SEVIR_3G328800v2	1.940048
SEVIR_3G328600v2	89.842593
SEVIR_3G328500v2	0
SEVIR_3G328400v2	0
SEVIR_3G309800v2	1.927428
SEVIR_3G309900v2	11.446589
SEVIR_3G310000v2	1.614214
SEVIR_3G310200v2	0.197838
SEVIR_3G317700v2	1.957563
SEVIR_3G317703v2	0.507206
SEVIR_3G317706v2	0.664614
SEVIR_3G317709v2	0.034934
SEVIR_3G317712v2	0
SEVIR_3G317900v2	0
SEVIR_3G318000v2	52.94445
SEVIR_3G323700v2	0
SEVIR_3G323600v2	12.263538
SEVIR_3G323500v2	20.680149
SEVIR_3G323300v2	0.033191
SEVIR_3G323200v2	113.839725
SEVIR_3G323100v2	0.392108
SEVIR_3G323103v2	0
SEVIR_3G322900v2	1.509989
SEVIR_3G322800v2	2.312813
SEVIR_3G322700v2	2.257919
SEVIR_3G322500v2	1.983948
SEVIR_3G322600v2	0
SEVIR_3G322603v2	0.159674
SEVIR_3G322400v2	40.109902
SEVIR_3G322403v2	0
SEVIR_3G322406v2	61.850908
SEVIR_3G322200v2	0.425017
SEVIR_3G322203v2	0
SEVIR_3G322206v2	0.372521
SEVIR_3G322100v2	1.305984
SEVIR_3G322000v2	0.214065
SEVIR_3G321800v2	0.03527
SEVIR_3G321900v2	0
SEVIR_3G321700v2	0
SEVIR_3G321703v2	0
SEVIR_3G321600v2	5.848247
SEVIR_3G321500v2	0
SEVIR_3G321400v2	4.079339
SEVIR_3G321300v2	0.983346
SEVIR_3G321200v2	8.879043
SEVIR_3G321100v2	31.667293
SEVIR_3G321000v2	5.414939
SEVIR_3G320900v2	0
SEVIR_3G320700v2	0.386611
SEVIR_3G320600v2	0.054159
SEVIR_3G320500v2	0
SEVIR_3G320300v2	27.479687
SEVIR_3G320200v2	0.095928
SEVIR_3G320100v2	52.962716
SEVIR_3G320000v2	19.93758
SEVIR_3G320003v2	3.80366
SEVIR_3G319800v2	0
SEVIR_3G319600v2	0
SEVIR_3G319500v2	1.114318
SEVIR_3G319503v2	0.063542
SEVIR_3G319506v2	0
SEVIR_3G319509v2	0.127111
SEVIR_3G319400v2	1.712818
SEVIR_3G319403v2	4.217183
SEVIR_3G309700v2	0
SEVIR_3G309703v2	0
SEVIR_3G309500v2	0
SEVIR_3G309300v2	6.054582
SEVIR_3G309200v2	2.512433
SEVIR_3G309100v2	0
SEVIR_3G309000v2	0
SEVIR_3G308900v2	0
SEVIR_3G308800v2	5.582344
SEVIR_3G308700v2	83.734309
SEVIR_3G308600v2	7.055979
SEVIR_3G308500v2	0.221361
SEVIR_3G308400v2	0.587496
SEVIR_3G308300v2	2.710542
SEVIR_3G308200v2	10.163708
SEVIR_3G308100v2	19.087925
SEVIR_3G308103v2	10.933476
SEVIR_3G305200v2	7.988894
SEVIR_3G307800v2	0
SEVIR_3G307700v2	0
SEVIR_3G307600v2	0
SEVIR_3G307500v2	3.187006
SEVIR_3G307400v2	4.461931
SEVIR_3G307300v2	10.562587
SEVIR_3G307200v2	20.601477
SEVIR_3G307100v2	20.38649
SEVIR_3G307103v2	0
SEVIR_3G307000v2	0.041591
SEVIR_3G306900v2	0
SEVIR_3G306800v2	0
SEVIR_3G306700v2	0.133715
SEVIR_3G306600v2	42.792161
SEVIR_3G306500v2	12.331144
SEVIR_3G306400v2	0.009671
SEVIR_3G306300v2	0.870129
SEVIR_3G306200v2	0
SEVIR_3G306203v2	1.148403
SEVIR_3G306000v2	668.193224
SEVIR_3G305900v2	0.622298
SEVIR_3G305800v2	0
SEVIR_3G305600v2	50.203548
SEVIR_3G305500v2	0
SEVIR_3G305400v2	6.707368
SEVIR_3G305403v2	0
SEVIR_3G305300v2	0.254519
SEVIR_3G310400v2	1247.997449
SEVIR_3G310500v2	0
SEVIR_3G310800v2	5.42323
SEVIR_3G310900v2	0
SEVIR_3G310903v2	0.051551
SEVIR_3G311100v2	15.025129
SEVIR_3G311200v2	0.525705
SEVIR_3G311300v2	0
SEVIR_3G311400v2	0
SEVIR_3G311500v2	0.076273
SEVIR_3G311503v2	45.851929
SEVIR_3G311600v2	0.136753
SEVIR_3G311700v2	29.527475
SEVIR_3G311800v2	5.480051
SEVIR_3G311900v2	8.129229
SEVIR_3G312000v2	54.050443
SEVIR_3G312200v2	0
SEVIR_3G312400v2	1.347793
SEVIR_3G312500v2	2.864536
SEVIR_3G312403v2	1.36592
SEVIR_3G312600v2	0.038358
SEVIR_3G312700v2	0.297297
SEVIR_3G312800v2	0.052221
SEVIR_3G312900v2	0.301052
SEVIR_3G313000v2	0.381315
SEVIR_3G313200v2	0
SEVIR_3G313300v2	2.144977
SEVIR_3G313500v2	1.120542
SEVIR_3G313600v2	0
SEVIR_3G313603v2	0
SEVIR_3G313700v2	69.619725
SEVIR_3G313800v2	30.301305
SEVIR_3G313900v2	9.358052
SEVIR_3G314000v2	14.283432
SEVIR_3G314100v2	0.296394
SEVIR_3G314200v2	0.938828
SEVIR_3G314300v2	16.455664
SEVIR_3G314400v2	0.072621
SEVIR_3G314403v2	0
SEVIR_3G314406v2	0.16597
SEVIR_3G314500v2	0
SEVIR_3G314600v2	0
SEVIR_3G314603v2	39.464356
SEVIR_3G314700v2	0
SEVIR_3G314800v2	0
SEVIR_3G314900v2	0
SEVIR_3G317600v2	6.397258
SEVIR_3G317603v2	0
SEVIR_3G317300v2	0.021651
SEVIR_3G317200v2	97.501783
SEVIR_3G317000v2	0.060246
SEVIR_3G316900v2	5.659957
SEVIR_3G316800v2	0
SEVIR_3G316600v2	0
SEVIR_3G316500v2	23.145233
SEVIR_3G316400v2	9.705236
SEVIR_3G316403v2	4.592835
SEVIR_3G316200v2	8.328659
SEVIR_3G316000v2	0
SEVIR_3G315800v2	0
SEVIR_3G315700v2	257.085195
SEVIR_3G315600v2	46.651215
SEVIR_3G315500v2	4.780805
SEVIR_3G315400v2	0.417123
SEVIR_3G315403v2	5.741763
SEVIR_3G315100v2	15.991828
SEVIR_3G315200v2	5.575257
SEVIR_3G315203v2	0.2459
SEVIR_3G319300v2	0
SEVIR_3G319303v2	0
SEVIR_3G319200v2	21.283611
SEVIR_3G319100v2	6.194414
SEVIR_3G319000v2	0
SEVIR_3G319003v2	0
SEVIR_3G318800v2	22.375118
SEVIR_3G318700v2	0.193664
SEVIR_3G318600v2	0
SEVIR_3G318500v2	10.923191
SEVIR_3G318400v2	0
SEVIR_3G318300v2	6.01773
SEVIR_3G318200v2	0.406062
SEVIR_3G318203v2	0.389788
SEVIR_3G318206v2	0
SEVIR_3G318209v2	0.262218
SEVIR_3G323800v2	0
SEVIR_3G323803v2	0
SEVIR_3G323806v2	4.623702
SEVIR_3G323809v2	6.445495
SEVIR_3G324000v2	2.102925
SEVIR_3G324003v2	0.093287
SEVIR_3G324300v2	0.075009
SEVIR_3G324400v2	96.726952
SEVIR_3G324500v2	11.897031
SEVIR_3G324600v2	2.215812
SEVIR_3G324700v2	98.175527
SEVIR_3G324900v2	0
SEVIR_3G324903v2	0.168566
SEVIR_3G324906v2	0
SEVIR_3G324909v2	16.24025
SEVIR_3G325200v2	0.112433
SEVIR_3G325300v2	2.231065
SEVIR_3G325400v2	0.017192
SEVIR_3G325403v2	0
SEVIR_3G325500v2	6.189092
SEVIR_3G325600v2	0
SEVIR_3G325700v2	0.197656
SEVIR_3G325703v2	2.143048
SEVIR_3G325800v2	9.253986
SEVIR_3G325900v2	0
SEVIR_3G326000v2	0
SEVIR_3G326100v2	1.815168
SEVIR_3G326200v2	2.571318
SEVIR_3G326300v2	0
SEVIR_3G326400v2	0
SEVIR_3G326500v2	1.484064
SEVIR_3G326600v2	0.321196
SEVIR_3G326700v2	3.022513
SEVIR_3G326800v2	0
SEVIR_3G326803v2	0
SEVIR_3G327100v2	21.568562
SEVIR_3G327200v2	0
SEVIR_3G327400v2	0.079757
SEVIR_3G327300v2	0.068118
SEVIR_3G327500v2	13.45258
SEVIR_3G327600v2	0
SEVIR_3G327700v2	0
SEVIR_3G327800v2	146.592243
SEVIR_3G327900v2	0.387959
SEVIR_3G327903v2	0
SEVIR_3G328100v2	0.064014
SEVIR_3G328200v2	0
SEVIR_3G328203v2	0
SEVIR_3G328300v2	14.09324
SEVIR_3G332400v2	0.177945
SEVIR_3G332500v2	0
SEVIR_3G332600v2	0.110254
SEVIR_3G332700v2	6.290282
SEVIR_3G332750v2	0
SEVIR_3G332800v2	50.549784
SEVIR_3G332900v2	0
SEVIR_3G333000v2	23.321438
SEVIR_3G333050v2	0
SEVIR_3G333100v2	0.04537
SEVIR_3G333150v2	0
SEVIR_3G333200v2	0
SEVIR_3G333300v2	0
SEVIR_3G333400v2	49.515772
SEVIR_3G333500v2	0
SEVIR_3G333600v2	0
SEVIR_3G333700v2	44.896363
SEVIR_3G333800v2	0
SEVIR_3G333900v2	13.430597
SEVIR_3G334000v2	1.616162
SEVIR_3G334100v2	4.168355
SEVIR_3G334150v2	0.158403
SEVIR_3G334200v2	61.600084
SEVIR_3G334300v2	0
SEVIR_3G334400v2	0.559261
SEVIR_3G334500v2	3.023078
SEVIR_3G334550v2	0
SEVIR_3G334600v2	0.012463
SEVIR_3G334701v2	0.324388
SEVIR_3G334800v2	61.098191
SEVIR_3G334900v2	6.933211
SEVIR_3G335000v2	0
SEVIR_3G335100v2	0.034443
SEVIR_3G335200v2	1.47695
SEVIR_3G335300v2	0
SEVIR_3G335400v2	0.5625
SEVIR_3G335500v2	1.163529
SEVIR_3G335600v2	9.408744
SEVIR_3G335700v2	0
SEVIR_3G335800v2	0.064446
SEVIR_3G335900v2	24.961785
SEVIR_3G336000v2	65.927987
SEVIR_3G336100v2	13.885026
SEVIR_3G336200v2	0.290354
SEVIR_3G336300v2	57.22144
SEVIR_3G336400v2	0
SEVIR_3G336500v2	15.675224
SEVIR_3G336600v2	3.742277
SEVIR_3G336700v2	17.875902
SEVIR_3G336750v2	5.187799
SEVIR_3G336800v2	4.410911
SEVIR_3G336900v2	0
SEVIR_3G337000v2	0
SEVIR_3G337100v2	0.778892
SEVIR_3G337150v2	1034.9307
SEVIR_3G337200v2	2.347283
SEVIR_3G337300v2	0
SEVIR_3G337620v2	0
SEVIR_3G337940v2	0
SEVIR_3G338260v2	0.157368
SEVIR_3G338580v2	0
SEVIR_3G338901v2	0
SEVIR_3G339221v2	1.062642
SEVIR_3G339541v2	0.406002
SEVIR_3G339861v2	0.309721
SEVIR_3G340181v2	0
SEVIR_3G340501v2	0
SEVIR_3G340821v2	0
SEVIR_3G341141v2	0
SEVIR_3G341461v2	0
SEVIR_3G341781v2	0
SEVIR_3G342100v2	36.239826
SEVIR_3G342000v2	4.493119
SEVIR_3G341900v2	5.841077
SEVIR_3G341800v2	12.984821
SEVIR_3G341700v2	4.587126
SEVIR_3G341600v2	0.094535
SEVIR_3G341500v2	12.398054
SEVIR_3G341400v2	2.591042
SEVIR_3G341300v2	0.141442
SEVIR_3G341410v2	2.566502
SEVIR_3G341520v2	2.103204
SEVIR_3G341100v2	30.596602
SEVIR_3G341210v2	0
SEVIR_3G341000v2	2.77938
SEVIR_3G340900v2	0.037123
SEVIR_3G340800v2	0
SEVIR_3G340700v2	0
SEVIR_3G340600v2	0.01332
SEVIR_3G340500v2	21.151438
SEVIR_3G340400v2	5.035301
SEVIR_3G340300v2	0
SEVIR_3G340200v2	0.537145
SEVIR_3G340100v2	3.743646
SEVIR_3G340000v2	0
SEVIR_3G339900v2	0.058841
SEVIR_3G339800v2	108.855249
SEVIR_3G339700v2	2303.027214
SEVIR_3G339600v2	140.100512
SEVIR_3G339500v2	0.324408
SEVIR_3G339400v2	0.010215
SEVIR_3G339510v2	0.462735
SEVIR_3G339100v2	5.965705
SEVIR_3G339000v2	0.235697
SEVIR_3G338900v2	1.723488
SEVIR_3G338800v2	0
SEVIR_3G338700v2	0
SEVIR_3G338810v2	9.874669
SEVIR_3G338920v2	0.116128
SEVIR_3G338500v2	54.04037
SEVIR_3G338400v2	6.562294
SEVIR_3G338300v2	2226.883568
SEVIR_3G338200v2	6.364382
SEVIR_3G338100v2	13.07504
SEVIR_3G338210v2	0.08119
SEVIR_3G338000v2	0
SEVIR_3G337900v2	123.736067
SEVIR_3G337800v2	26.644381
SEVIR_3G337700v2	32.678136
SEVIR_3G337810v2	0.027929
SEVIR_3G337500v2	0
SEVIR_3G337400v2	0
SEVIR_3G337510v2	1.358518
SEVIR_3G342400v2	1.457104
SEVIR_3G342300v2	1.626621
SEVIR_3G342600v2	0
SEVIR_3G342700v2	0
SEVIR_3G342900v2	0
SEVIR_3G343001v2	0.019533
SEVIR_3G343101v2	0.027857
SEVIR_3G343200v2	0
SEVIR_3G343000v2	0
SEVIR_3G343100v2	0
SEVIR_3G343166v2	0.043309
SEVIR_3G343232v2	0
SEVIR_3G343300v2	0
SEVIR_3G343400v2	0.011178
SEVIR_3G343433v2	5.476994
SEVIR_3G343466v2	0.312179
SEVIR_3G343500v2	0
SEVIR_3G343600v2	0
SEVIR_3G343700v2	0.210338
SEVIR_3G343800v2	0.87533
SEVIR_3G343900v2	693.347945
SEVIR_3G344000v2	247.352362
SEVIR_3G344100v2	9.237736
SEVIR_3G344200v2	0
SEVIR_3G344300v2	0.14165
SEVIR_3G344400v2	4.550508
SEVIR_3G344350v2	0
SEVIR_3G344501v2	0.394509
SEVIR_3G344600v2	0
SEVIR_3G344700v2	0.244948
SEVIR_3G344750v2	0.845748
SEVIR_3G344800v2	2.325712
SEVIR_3G344900v2	0
SEVIR_3G345000v2	79.671038
SEVIR_3G345100v2	51.506353
SEVIR_3G345200v2	6.499776
SEVIR_3G345240v2	4.608202
SEVIR_3G345280v2	0.035854
SEVIR_3G345320v2	0
SEVIR_3G345360v2	0
SEVIR_3G345400v2	38.100007
SEVIR_3G345600v2	3.002393
SEVIR_3G345700v2	0
SEVIR_3G345800v2	1.500168
SEVIR_3G345900v2	0
SEVIR_3G346000v2	0.053276
SEVIR_3G346100v2	6.879301
SEVIR_3G346200v2	0
SEVIR_3G346250v2	0
SEVIR_3G346300v2	0
SEVIR_3G346400v2	0
SEVIR_3G346501v2	0
SEVIR_3G346600v2	0
SEVIR_3G346700v2	17.120683
SEVIR_3G346800v2	89.620929
SEVIR_3G346900v2	126.916039
SEVIR_3G347000v2	34.451867
SEVIR_3G347100v2	0.069236
SEVIR_3G347200v2	0.122818
SEVIR_3G347250v2	4.963575
SEVIR_3G347300v2	204.814088
SEVIR_3G347400v2	20.626406
SEVIR_3G347500v2	11.345544
SEVIR_3G347600v2	19.327782
SEVIR_3G347700v2	0.216582
SEVIR_3G347750v2	1.39401
SEVIR_3G347801v2	2.004779
SEVIR_3G347851v2	0.013105
SEVIR_3G347900v2	17.777061
SEVIR_3G348000v2	4.793454
SEVIR_3G348100v2	0.478834
SEVIR_3G348200v2	0.592475
SEVIR_3G348301v2	0
SEVIR_3G348400v2	0.512016
SEVIR_3G348500v2	16.281423
SEVIR_3G348600v2	11.889805
SEVIR_3G348700v2	3.734903
SEVIR_3G348800v2	0
SEVIR_3G348900v2	79.134906
SEVIR_3G349000v2	7.685333
SEVIR_3G349100v2	0.316209
SEVIR_3G349150v2	0
SEVIR_3G349200v2	26.912504
SEVIR_3G349300v2	13.744843
SEVIR_3G349400v2	4.988817
SEVIR_3G349500v2	0.069407
SEVIR_3G349600v2	22.613746
SEVIR_3G349700v2	52.946408
SEVIR_3G349800v2	0
SEVIR_3G349900v2	305.440022
SEVIR_3G350000v2	18.779994
SEVIR_3G350100v2	22.411826
SEVIR_3G350200v2	26.598446
SEVIR_3G350300v2	3.160371
SEVIR_3G350350v2	0
SEVIR_3G350400v2	60.567001
SEVIR_3G350500v2	0.042448
SEVIR_3G350600v2	0
SEVIR_3G350700v2	0
SEVIR_3G350800v2	0
SEVIR_3G350900v2	0
SEVIR_3G351000v2	108.332832
SEVIR_3G351100v2	0
SEVIR_3G351200v2	4.765918
SEVIR_3G351300v2	1.977951
SEVIR_3G351400v2	15.555736
SEVIR_3G351500v2	0.093565
SEVIR_3G351600v2	0
SEVIR_3G351700v2	2.541316
SEVIR_3G351800v2	0
SEVIR_3G351900v2	10.979552
SEVIR_3G352000v2	39.276241
SEVIR_3G352100v2	9.055824
SEVIR_3G352200v2	37.195228
SEVIR_3G352266v2	0.147576
SEVIR_3G352332v2	0
SEVIR_3G352400v2	0
SEVIR_3G352500v2	0
SEVIR_3G352700v2	0.059409
SEVIR_3G352800v2	13.754913
SEVIR_3G352900v2	0.038872
SEVIR_3G352950v2	0.071528
SEVIR_3G353000v2	0.722137
SEVIR_3G353050v2	0.037101
SEVIR_3G353100v2	0.887754
SEVIR_3G353200v2	1.512564
SEVIR_3G353300v2	0
SEVIR_3G353400v2	0
SEVIR_3G353500v2	0.055258
SEVIR_3G353600v2	72.797401
SEVIR_3G353700v2	6.286948
SEVIR_3G353800v2	0
SEVIR_3G353900v2	56.689943
SEVIR_3G354000v2	147.2957
SEVIR_3G354100v2	0
SEVIR_3G354200v2	0.276727
SEVIR_3G354300v2	0
SEVIR_3G354500v2	0.33909
SEVIR_3G354600v2	0
SEVIR_3G354700v2	5.651699
SEVIR_3G354801v2	0.420754
SEVIR_3G354900v2	0
SEVIR_3G355000v2	24.233229
SEVIR_3G355100v2	40.14417
SEVIR_3G355200v2	6.025744
SEVIR_3G355300v2	2.315093
SEVIR_3G355400v2	0
SEVIR_3G355466v2	4.232695
SEVIR_3G355532v2	2.769189
SEVIR_3G355600v2	8.163073
SEVIR_3G355700v2	10.267477
SEVIR_3G355800v2	0
SEVIR_3G356000v2	0
SEVIR_3G356066v2	0.989116
SEVIR_3G356132v2	0
SEVIR_3G356200v2	0
SEVIR_3G356300v2	0
SEVIR_3G356350v2	0
SEVIR_3G356400v2	0
SEVIR_3G356500v2	0
SEVIR_3G356600v2	0
SEVIR_3G356700v2	0
SEVIR_3G356800v2	0.158844
SEVIR_3G356900v2	0
SEVIR_3G357100v2	0
SEVIR_3G357200v2	0
SEVIR_3G357300v2	0
SEVIR_3G357400v2	39.28056
SEVIR_3G357501v2	0.228276
SEVIR_3G357600v2	43.634952
SEVIR_3G357701v2	0
SEVIR_3G357800v2	0
SEVIR_3G357900v2	0
SEVIR_3G358000v2	0
SEVIR_3G358100v2	14.779071
SEVIR_3G358200v2	2.185271
SEVIR_3G358300v2	81.541778
SEVIR_3G358400v2	11.604361
SEVIR_3G358500v2	0.210874
SEVIR_3G358700v2	0
SEVIR_3G358750v2	4.203305
SEVIR_3G358800v2	27.789285
SEVIR_3G358900v2	33.13371
SEVIR_3G359000v2	24.806196
SEVIR_3G359100v2	23.819191
SEVIR_3G359201v2	0.029471
SEVIR_3G359300v2	33.250511
SEVIR_3G359400v2	6.466956
SEVIR_3G359500v2	0.773694
SEVIR_3G359600v2	0
SEVIR_3G359700v2	10.737509
SEVIR_3G359800v2	0.220454
SEVIR_3G359900v2	0
SEVIR_3G359950v2	0.443593
SEVIR_3G360000v2	1.085041
SEVIR_3G360100v2	0.345403
SEVIR_3G360150v2	0
SEVIR_3G360200v2	0
SEVIR_3G360300v2	66.312159
SEVIR_3G360400v2	27.301944
SEVIR_3G360500v2	69.694024
SEVIR_3G360600v2	1.979489
SEVIR_3G360700v2	0
SEVIR_3G360800v2	13.016224
SEVIR_3G360900v2	0
SEVIR_3G361000v2	0
SEVIR_3G361100v2	0
SEVIR_3G361200v2	0.441
SEVIR_3G361300v2	17.754679
SEVIR_3G361400v2	63.780028
SEVIR_3G361500v2	15.54748
SEVIR_3G361600v2	17.440153
SEVIR_3G361700v2	2.267115
SEVIR_3G361800v2	0.227863
SEVIR_3G361900v2	29.750102
SEVIR_3G362000v2	9.611604
SEVIR_3G362100v2	11.098387
SEVIR_3G362200v2	0.200659
SEVIR_3G362300v2	0
SEVIR_3G362400v2	2.166723
SEVIR_3G362500v2	3.230234
SEVIR_3G362600v2	4.034821
SEVIR_3G362700v2	0
SEVIR_3G362800v2	23.464063
SEVIR_3G362900v2	26.156388
SEVIR_3G363000v2	0
SEVIR_3G363100v2	12.804327
SEVIR_3G363200v2	7.32606
SEVIR_3G363300v2	7.002363
SEVIR_3G363400v2	98.618416
SEVIR_3G363500v2	0
SEVIR_3G363600v2	0
SEVIR_3G363700v2	0.020839
SEVIR_3G363800v2	0.284034
SEVIR_3G363900v2	0
SEVIR_3G364000v2	1.529301
SEVIR_3G364100v2	0
SEVIR_3G364300v2	1.543695
SEVIR_3G364400v2	2.472421
SEVIR_3G364500v2	0
SEVIR_3G364600v2	51.081429
SEVIR_3G364700v2	14.741219
SEVIR_3G364800v2	0.909081
SEVIR_3G364900v2	0
SEVIR_3G365000v2	52.02527
SEVIR_3G365100v2	6.25537
SEVIR_3G365200v2	6.389655
SEVIR_3G365300v2	4.659951
SEVIR_3G365400v2	7.330513
SEVIR_3G365500v2	4.705146
SEVIR_3G365600v2	30.279295
SEVIR_3G365700v2	0
SEVIR_3G365800v2	0
SEVIR_3G365900v2	0
SEVIR_3G366000v2	0
SEVIR_3G366100v2	80.068865
SEVIR_3G366200v2	0
SEVIR_3G366300v2	0.027329
SEVIR_3G366400v2	16.507235
SEVIR_3G366500v2	40.620953
SEVIR_3G366600v2	1.367988
SEVIR_3G366700v2	13.930905
SEVIR_3G366750v2	1.522276
SEVIR_3G366800v2	7.110705
SEVIR_3G366900v2	27.990624
SEVIR_3G367000v2	1.017517
SEVIR_3G367100v2	31.524502
SEVIR_3G367200v2	52.236276
SEVIR_3G367300v2	61.720253
SEVIR_3G367350v2	0.217339
SEVIR_3G367400v2	8.432997
SEVIR_3G367500v2	248.241774
SEVIR_3G367600v2	4.693379
SEVIR_3G367700v2	0
SEVIR_3G367800v2	26.848772
SEVIR_3G367900v2	0
SEVIR_3G367950v2	0.461191
SEVIR_3G368000v2	15.81025
SEVIR_3G368050v2	0.340506
SEVIR_3G368100v2	0
SEVIR_3G368150v2	0
SEVIR_3G368200v2	0
SEVIR_3G368300v2	38.924736
SEVIR_3G368400v2	2.771199
SEVIR_3G368500v2	0
SEVIR_3G368600v2	4.572308
SEVIR_3G368700v2	15.361035
SEVIR_3G368800v2	53.492741
SEVIR_3G368900v2	343.556874
SEVIR_3G369000v2	0.995817
SEVIR_3G369100v2	1.133072
SEVIR_3G369200v2	18.729007
SEVIR_3G369300v2	15.681481
SEVIR_3G369360v2	0.222595
SEVIR_3G369420v2	0.280828
SEVIR_3G369480v2	0.099045
SEVIR_3G369540v2	0.099155
SEVIR_3G369600v2	0.012142
SEVIR_3G369700v2	0
SEVIR_3G369750v2	0
SEVIR_3G369800v2	0.039023
SEVIR_3G369900v2	0
SEVIR_3G370000v2	0
SEVIR_3G370100v2	22.600101
SEVIR_3G370300v2	49.098984
SEVIR_3G370500v2	0.058878
SEVIR_3G370600v2	25.876677
SEVIR_3G370700v2	9.620763
SEVIR_3G370800v2	561.67874
SEVIR_3G370900v2	5.090694
SEVIR_3G371000v2	3.910482
SEVIR_3G371100v2	16.535224
SEVIR_3G371200v2	0
SEVIR_3G371300v2	4.15425
SEVIR_3G371400v2	0.881674
SEVIR_3G371500v2	0
SEVIR_3G371550v2	83.611888
SEVIR_3G371600v2	7.302231
SEVIR_3G371700v2	3.004576
SEVIR_3G371800v2	35.587221
SEVIR_3G371901v2	1.00575
SEVIR_3G372000v2	0.192281
SEVIR_3G372050v2	0
SEVIR_3G372100v2	3.620173
SEVIR_3G372200v2	0.197994
SEVIR_3G372300v2	18.719753
SEVIR_3G372450v2	0
SEVIR_3G372600v2	1.309028
SEVIR_3G372800v2	0.71483
SEVIR_3G372900v2	17.23654
SEVIR_3G373000v2	0
SEVIR_3G373040v2	0
SEVIR_3G373080v2	0.212446
SEVIR_3G373120v2	0.037594
SEVIR_3G373160v2	0.029012
SEVIR_3G373200v2	53.688355
SEVIR_3G373300v2	0.062577
SEVIR_3G373400v2	25.186489
SEVIR_3G373500v2	16.544087
SEVIR_3G373600v2	2.46435
SEVIR_3G373700v2	29.384356
SEVIR_3G373801v2	0.944167
SEVIR_3G373900v2	5.087132
SEVIR_3G373966v2	46.253294
SEVIR_3G374032v2	30.596645
SEVIR_3G374100v2	80.520535
SEVIR_3G374200v2	60.130538
SEVIR_3G374250v2	1.420856
SEVIR_3G374300v2	299.279167
SEVIR_3G374401v2	0.099703
SEVIR_3G374500v2	4.114598
SEVIR_3G374600v2	35.358075
SEVIR_3G374700v2	0
SEVIR_3G374800v2	0
SEVIR_3G374900v2	0
SEVIR_3G375100v2	0
SEVIR_3G375200v2	2.59259
SEVIR_3G375250v2	0
SEVIR_3G375300v2	0
SEVIR_3G375350v2	10.953987
SEVIR_3G375400v2	0.637581
SEVIR_3G375501v2	0
SEVIR_3G375600v2	1.824184
SEVIR_3G375700v2	3.383186
SEVIR_3G375800v2	9.709552
SEVIR_3G375900v2	33.23168
SEVIR_3G376000v2	13.736035
SEVIR_3G376050v2	0.158063
SEVIR_3G376100v2	9.612107
SEVIR_3G376200v2	12.055343
SEVIR_3G376300v2	38.242811
SEVIR_3G376400v2	22.941651
SEVIR_3G376500v2	6.33875
SEVIR_3G376600v2	27.389992
SEVIR_3G376666v2	1.104604
SEVIR_3G376732v2	0.762244
SEVIR_3G376800v2	0
SEVIR_3G376900v2	0
SEVIR_3G377000v2	0
SEVIR_3G377100v2	0
SEVIR_3G377200v2	0
SEVIR_3G377300v2	0
SEVIR_3G377400v2	0.049625
SEVIR_3G377500v2	14.362339
SEVIR_3G377600v2	1200.58778
SEVIR_3G377700v2	2.34084
SEVIR_3G377800v2	20.817698
SEVIR_3G377900v2	1.24401
SEVIR_3G378000v2	5.546593
SEVIR_3G378100v2	0.666709
SEVIR_3G378200v2	0
SEVIR_3G378301v2	0.518532
SEVIR_3G378400v2	6.680366
SEVIR_3G378500v2	0.251939
SEVIR_3G378600v2	56.360745
SEVIR_3G378650v2	0
SEVIR_3G378700v2	750.194203
SEVIR_3G378800v2	30.204744
SEVIR_3G378850v2	0
SEVIR_3G378901v2	0
SEVIR_3G378951v2	0
SEVIR_3G379000v2	16.913051
SEVIR_3G379100v2	0
SEVIR_3G379200v2	11.894262
SEVIR_3G379300v2	0.018059
SEVIR_3G379400v2	15.175384
SEVIR_3G379500v2	0.215737
SEVIR_3G379601v2	0
SEVIR_3G379700v2	34.661495
SEVIR_3G379800v2	0.068473
SEVIR_3G379900v2	6.046655
SEVIR_3G379950v2	4.198224
SEVIR_3G380000v2	5.644462
SEVIR_3G380100v2	2.020106
SEVIR_3G380200v2	24.432991
SEVIR_3G380300v2	0
SEVIR_3G380400v2	0
SEVIR_3G380500v2	0
SEVIR_3G380600v2	0
SEVIR_3G380700v2	0.190726
SEVIR_3G380800v2	19.428602
SEVIR_3G380900v2	10.61765
SEVIR_3G381001v2	4.451135
SEVIR_3G381100v2	0
SEVIR_3G381200v2	0.031188
SEVIR_3G381300v2	6.042528
SEVIR_3G381400v2	1.877189
SEVIR_3G381500v2	3.370367
SEVIR_3G381600v2	2.475628
SEVIR_3G381666v2	1.991634
SEVIR_3G381732v2	54.520982
SEVIR_3G381800v2	15.723578
SEVIR_3G381900v2	12.893436
SEVIR_3G382000v2	17.693578
SEVIR_3G382100v2	0
SEVIR_3G382200v2	0
SEVIR_3G382300v2	0
SEVIR_3G382400v2	0
SEVIR_3G382500v2	0
SEVIR_3G382600v2	0.124921
SEVIR_3G382700v2	0
SEVIR_3G382800v2	3.983469
SEVIR_3G382900v2	0
SEVIR_3G383000v2	8.809297
SEVIR_3G383100v2	0
SEVIR_3G383200v2	5.640093
SEVIR_3G383300v2	6.505199
SEVIR_3G383350v2	0
SEVIR_3G383400v2	0
SEVIR_3G383500v2	0
SEVIR_3G383600v2	0
SEVIR_3G383700v2	0
SEVIR_3G383800v2	0
SEVIR_3G383900v2	0
SEVIR_3G384000v2	5.335855
SEVIR_3G384100v2	0.102979
SEVIR_3G384200v2	0
SEVIR_3G384300v2	0.080813
SEVIR_3G384400v2	3.891511
SEVIR_3G384501v2	3.122086
SEVIR_3G384600v2	14.224503
SEVIR_3G384650v2	0
SEVIR_3G384700v2	6.729521
SEVIR_3G384900v2	2.410186
SEVIR_3G385000v2	0
SEVIR_3G385100v2	0
SEVIR_3G385150v2	0
SEVIR_3G385200v2	0
SEVIR_3G385300v2	2.8936
SEVIR_3G385400v2	4.602456
SEVIR_3G385500v2	0.114261
SEVIR_3G385600v2	12.900699
SEVIR_3G385700v2	1.083189
SEVIR_3G385800v2	0.253591
SEVIR_3G385900v2	16.05699
SEVIR_3G386000v2	17.837373
SEVIR_3G386100v2	5.316885
SEVIR_3G386200v2	10.913303
SEVIR_3G386300v2	7.852147
SEVIR_3G386400v2	0.080388
SEVIR_3G386500v2	24.719063
SEVIR_3G386600v2	37.597975
SEVIR_3G386700v2	0
SEVIR_3G386800v2	0
SEVIR_3G386900v2	0
SEVIR_3G387000v2	0
SEVIR_3G387100v2	0
SEVIR_3G387200v2	0
SEVIR_3G387250v2	0
SEVIR_3G387300v2	34.434037
SEVIR_3G387400v2	1.180368
SEVIR_3G387500v2	16.987429
SEVIR_3G387600v2	5.579009
SEVIR_3G387700v2	27.779188
SEVIR_3G387733v2	0
SEVIR_3G387766v2	4.177143
SEVIR_3G387800v2	13.366475
SEVIR_3G387900v2	10.511683
SEVIR_3G387950v2	0.030992
SEVIR_3G388000v2	1.991044
SEVIR_3G388100v2	1009.740474
SEVIR_3G388200v2	5.371377
SEVIR_3G388300v2	0
SEVIR_3G388400v2	2.08412
SEVIR_3G388501v2	0.438919
SEVIR_3G388600v2	0.146097
SEVIR_3G388700v2	0
SEVIR_3G388800v2	4.980623
SEVIR_3G388850v2	0.052221
SEVIR_3G388900v2	0.189115
SEVIR_3G389001v2	0
SEVIR_3G389101v2	0
SEVIR_3G389200v2	0
SEVIR_3G389300v2	0
SEVIR_3G389400v2	0
SEVIR_3G389600v2	3.623474
SEVIR_3G389650v2	0.156013
SEVIR_3G389700v2	0.039588
SEVIR_3G389800v2	0.014575
SEVIR_3G389900v2	0
SEVIR_3G390001v2	22.957632
SEVIR_3G390100v2	0.246292
SEVIR_3G390150v2	0.144175
SEVIR_3G390200v2	9.558625
SEVIR_3G390300v2	21.351912
SEVIR_3G390400v2	65.881634
SEVIR_3G390500v2	5.853849
SEVIR_3G390600v2	3.976358
SEVIR_3G390666v2	1.44168
SEVIR_3G390732v2	0.28568
SEVIR_3G390800v2	1.096025
SEVIR_3G390900v2	0
SEVIR_3G391000v2	23.476148
SEVIR_3G391100v2	49.56377
SEVIR_3G391200v2	27.421077
SEVIR_3G391300v2	5.632131
SEVIR_3G391400v2	0
SEVIR_3G391500v2	7.18779
SEVIR_3G391600v2	0.327222
SEVIR_3G391650v2	1.87733
SEVIR_3G391700v2	0.787772
SEVIR_3G391800v2	2.213607
SEVIR_3G391900v2	7.520885
SEVIR_3G392000v2	15.904862
SEVIR_3G392100v2	82.325578
SEVIR_3G392200v2	34.019033
SEVIR_3G392300v2	23.325625
SEVIR_3G392400v2	12.830067
SEVIR_3G392500v2	29.15102
SEVIR_3G392600v2	2.467964
SEVIR_3G392701v2	0.304864
SEVIR_3G392800v2	47.225929
SEVIR_3G392900v2	14.351323
SEVIR_3G393000v2	9.322602
SEVIR_3G393100v2	2.296977
SEVIR_3G393200v2	0.049139
SEVIR_3G393250v2	0.209648
SEVIR_3G393300v2	0
SEVIR_3G393400v2	0.040198
SEVIR_3G393500v2	47.908322
SEVIR_3G393600v2	28.744236
SEVIR_3G393700v2	1.522322
SEVIR_3G393800v2	10.179968
SEVIR_3G393900v2	15.115082
SEVIR_3G394000v2	0
SEVIR_3G394100v2	0
SEVIR_3G394133v2	0
SEVIR_3G394166v2	0.242661
SEVIR_3G394200v2	0.132138
SEVIR_3G394300v2	0
SEVIR_3G394400v2	0.185213
SEVIR_3G394500v2	1.666706
SEVIR_3G394600v2	0
SEVIR_3G394700v2	0
SEVIR_3G394800v2	0
SEVIR_3G394900v2	0
SEVIR_3G395000v2	0.038956
SEVIR_3G395100v2	0
SEVIR_3G395200v2	0
SEVIR_3G395300v2	0
SEVIR_3G395400v2	0
SEVIR_3G395500v2	0
SEVIR_3G395600v2	8.158401
SEVIR_3G395700v2	102.517686
SEVIR_3G395800v2	60.856104
SEVIR_3G395900v2	10.626024
SEVIR_3G396000v2	15.887238
SEVIR_3G396100v2	19.550293
SEVIR_3G396200v2	189.289069
SEVIR_3G396300v2	220.82339
SEVIR_3G396400v2	0.136292
SEVIR_3G396500v2	8.437471
SEVIR_3G396601v2	0.122545
SEVIR_3G396700v2	306.181324
SEVIR_3G396800v2	0
SEVIR_3G396900v2	0
SEVIR_3G397000v2	21.509772
SEVIR_3G397200v2	0
SEVIR_3G397300v2	0
SEVIR_3G397401v2	1.144679
SEVIR_3G397500v2	45.252487
SEVIR_3G397700v2	10.953987
SEVIR_3G397733v2	0
SEVIR_3G397766v2	2.051852
SEVIR_3G397800v2	0
SEVIR_3G397900v2	3.800348
SEVIR_3G398000v2	0
SEVIR_3G398100v2	79.6279
SEVIR_3G398200v2	3.668431
SEVIR_3G398300v2	0.424215
SEVIR_3G398400v2	16.22396
SEVIR_3G398500v2	25.597205
SEVIR_3G398600v2	25.905584
SEVIR_3G398700v2	0
SEVIR_3G398800v2	14.504427
SEVIR_3G398850v2	0
SEVIR_3G398900v2	33.240381
SEVIR_3G399001v2	1.13306
SEVIR_3G399100v2	0
SEVIR_3G399200v2	0.239424
SEVIR_3G399300v2	24.088647
SEVIR_3G399400v2	6.643005
SEVIR_3G399500v2	53.827972
SEVIR_3G399600v2	119.53578
SEVIR_3G399650v2	26.615611
SEVIR_3G399700v2	0.143449
SEVIR_3G399800v2	0.141537
SEVIR_3G399900v2	0.926926
SEVIR_3G400000v2	3.796338
SEVIR_3G400100v2	98.334631
SEVIR_3G400200v2	1.010469
SEVIR_3G400350v2	8.985761
SEVIR_3G400500v2	4.1311
SEVIR_3G400601v2	0
SEVIR_3G400700v2	27.06549
SEVIR_3G400800v2	0
SEVIR_3G400900v2	0
SEVIR_3G401000v2	1.66988
SEVIR_3G401100v2	18.68517
SEVIR_3G401200v2	0.460346
SEVIR_3G401300v2	0.432765
SEVIR_3G401350v2	0
SEVIR_3G401400v2	0
SEVIR_3G401500v2	1.491512
SEVIR_3G401600v2	0
SEVIR_3G401700v2	0.228546
SEVIR_3G401800v2	0.068367
SEVIR_3G401850v2	0.384654
SEVIR_3G401900v2	0
SEVIR_3G402000v2	0.046306
SEVIR_3G402101v2	0.609486
SEVIR_3G402200v2	6.311647
SEVIR_3G402250v2	1.794224
SEVIR_3G402300v2	11.412735
SEVIR_3G402400v2	5.47248
SEVIR_3G402500v2	69.633668
SEVIR_3G402600v2	7.065949
SEVIR_3G402700v2	1.910501
SEVIR_3G402800v2	119.139144
SEVIR_3G402900v2	4.269115
SEVIR_3G403000v2	0.05685
SEVIR_3G403100v2	3.342581
SEVIR_3G403200v2	0.426516
SEVIR_3G403300v2	0
SEVIR_3G403400v2	15.369384
SEVIR_3G403500v2	0
SEVIR_3G403601v2	0.131914
SEVIR_3G403700v2	0.20253
SEVIR_3G403750v2	1.880737
SEVIR_3G403800v2	91.122263
SEVIR_3G403900v2	2.293337
SEVIR_3G404200v2	1.285313
SEVIR_3G404300v2	0.675303
SEVIR_3G404400v2	23.232952
SEVIR_3G404500v2	0
SEVIR_3G404600v2	0
SEVIR_3G404733v2	0.588016
SEVIR_3G404866v2	0.327953
SEVIR_3G405000v2	0.10375
SEVIR_3G405100v2	12.843566
SEVIR_3G405200v2	0
SEVIR_3G405266v2	22.42144
SEVIR_3G405332v2	0.995817
SEVIR_3G405400v2	0.728772
SEVIR_3G405500v2	0
SEVIR_3G405600v2	0
SEVIR_3G405700v2	15.537557
SEVIR_3G405800v2	169.789934
SEVIR_3G405900v2	1.938456
SEVIR_3G406001v2	0.741247
SEVIR_3G406100v2	0
SEVIR_3G406150v2	0
SEVIR_3G406200v2	0.1379
SEVIR_3G406300v2	0.36858
SEVIR_3G406400v2	0
SEVIR_3G406500v2	5.561887
SEVIR_3G406701v2	0.386956
SEVIR_3G406600v2	13.194738
SEVIR_3G406800v2	0
SEVIR_3G406850v2	0.048615
SEVIR_3G406900v2	17.157169
SEVIR_3G407000v2	14.323417
SEVIR_3G407050v2	0.253913
SEVIR_3G407100v2	36.03929
SEVIR_3G407200v2	0
SEVIR_3G407300v2	0.81297
SEVIR_3G407400v2	34.575349
SEVIR_3G407450v2	0.162326
SEVIR_3G407500v2	27.789929
SEVIR_3G407600v2	5.554383
SEVIR_3G407700v2	0
SEVIR_3G407800v2	0
SEVIR_3G407900v2	0
SEVIR_3G408000v2	0
SEVIR_3G408100v2	1.440452
SEVIR_3G408200v2	12.201025
SEVIR_3G408250v2	0
SEVIR_3G408300v2	0
SEVIR_3G408400v2	80.87501
SEVIR_3G408500v2	2.328499
SEVIR_3G408600v2	1.258116
SEVIR_3G408700v2	8.616294
SEVIR_3G408800v2	15.215075
SEVIR_3G408900v2	0
SEVIR_3G408950v2	0.185992
SEVIR_3G409000v2	1.886187
SEVIR_3G409100v2	68.611162
SEVIR_3G409150v2	0.265725
SEVIR_3G409200v2	4.229734
SEVIR_3G409300v2	21.367635
SEVIR_3G409401v2	0.770644
SEVIR_3G409500v2	2.322078
SEVIR_3G409600v2	2.019686
SEVIR_3G409700v2	13.582468
SEVIR_3G409800v2	74.199333
SEVIR_3G409900v2	0.740673
SEVIR_3G410000v2	0
SEVIR_3G410100v2	0
SEVIR_3G410200v2	0
SEVIR_3G410300v2	0
SEVIR_3G410400v2	0
SEVIR_3G410500v2	2.084171
SEVIR_3G410600v2	0.072404
SEVIR_3G410700v2	3.161267
SEVIR_3G410766v2	0.322405
SEVIR_3G410832v2	1.697951
SEVIR_3G410900v2	0.020683
SEVIR_3G411000v2	0
SEVIR_3G411033v2	0
SEVIR_3G411066v2	0
SEVIR_3G411100v2	0
SEVIR_3G411200v2	0.609811
SEVIR_3G411300v2	0.173204
SEVIR_3G411401v2	0.114754
SEVIR_3G411501v2	0.131938
SEVIR_3G411600v2	0
SEVIR_3G411700v2	2.949102
SEVIR_3G411800v2	0
SEVIR_3G411850v2	0.134511
SEVIR_3G411900v2	0
SEVIR_3G411966v2	0.77745
SEVIR_3G412032v2	6.765856
SEVIR_3G412100v2	3.538528
SEVIR_3G412200v2	20.300397
SEVIR_3G412300v2	12.757656
SEVIR_3G412350v2	0.021934
SEVIR_3G412400v2	0.445272
SEVIR_3G412500v2	0
SEVIR_3G412600v2	11.522669
SEVIR_3G412700v2	0
SEVIR_3G412800v2	0
SEVIR_3G412900v2	8.775025
SEVIR_3G413000v2	0.152121
SEVIR_3G413100v2	16.215595
SEVIR_3G413200v2	48.056434
SEVIR_3G413300v2	5.432238
SEVIR_3G413350v2	0
SEVIR_3G413400v2	26.497113
SEVIR_3G413500v2	6.359674
SEVIR_3G413600v2	3.093221
SEVIR_3G413650v2	17.079572
SEVIR_3G413700v2	26.763297
SEVIR_3G413900v2	0
SEVIR_3G414000v2	1.596439
SEVIR_3G414100v2	13.223384
SEVIR_3G414150v2	0
SEVIR_3G414200v2	4.016708
SEVIR_3G414300v2	3.579983
SEVIR_3G414400v2	1.27575
SEVIR_3G414500v2	0.588505
SEVIR_3G414600v2	3.144802
SEVIR_3G414700v2	3.751523
SEVIR_3G414800v2	0.501211
SEVIR_3G414900v2	9.509312
SEVIR_3G415000v2	1.286955
SEVIR_3G415100v2	30.536978
SEVIR_3G415200v2	8.753207
SEVIR_3G415300v2	427.147543
SEVIR_3G415400v2	0
SEVIR_3G415433v2	0
SEVIR_3G415466v2	5.675139
SEVIR_3G415500v2	0.110139
SEVIR_3G415601v2	0
SEVIR_3G415700v2	7.77474
SEVIR_3G415800v2	7.485383
SEVIR_3G415900v2	6.967712
SEVIR_3G416000v2	4.914085
SEVIR_3G416100v2	1.369248
SEVIR_3G416200v2	0
SEVIR_3G416300v2	2.889999
SEVIR_3G416400v2	2.333394
SEVIR_3G416500v2	0
SEVIR_3G416566v2	0
SEVIR_3G416632v2	0
SEVIR_3G416700v2	1.036967
SEVIR_3G416800v2	15.664757
SEVIR_3G416900v2	0.591657
SEVIR_3G417000v2	0
SEVIR_3G417100v2	2.677641
SEVIR_3G417200v2	0
SEVIR_3G417220v2	0.051632
SEVIR_3G417240v2	0
SEVIR_3G417260v2	0
SEVIR_3G417280v2	0.053177
SEVIR_3G417300v2	0
SEVIR_3G417400v2	0.156645
SEVIR_3G417500v2	0.90081
SEVIR_3G417600v2	22.416823
SEVIR_3G417700v2	0
SEVIR_3G417800v2	0
SEVIR_3G417850v2	1.998829
SEVIR_3G417900v2	35.197745
SEVIR_3G418000v2	11.170718
SEVIR_3G418100v2	9.344019
SEVIR_3G418200v2	13.228834
SEVIR_3G418233v2	6.15472
SEVIR_3G418266v2	15.341792
SEVIR_3G418300v2	0.301948
SEVIR_3G418400v2	0
SEVIR_3G418501v2	0.141368
SEVIR_3G418600v2	115.845836
SEVIR_3G418700v2	0.315537
SEVIR_3G418800v2	61.81401
SEVIR_3G419000v2	5.11159
SEVIR_3G419100v2	14.637532
SEVIR_3G419200v2	27.523385
SEVIR_3G419300v2	4575.50063
SEVIR_3G419400v2	5.274566
SEVIR_3G419500v2	6.816728
SEVIR_3G419550v2	0.691735
SEVIR_3G419600v2	134.771524
SEVIR_3G419701v2	7.825594
SEVIR_3G419800v2	0
SEVIR_3G419900v2	11.588488
SEVIR_3G420000v2	4.970232
SEVIR_3G420100v2	17.618994
SEVIR_3G420200v2	5.987676
SEVIR_3G420300v2	0.186813
SEVIR_3G420350v2	2.176711
SEVIR_3G420400v2	84.524164
SEVIR_3G420500v2	0
SEVIR_3G420601v2	0.476848
SEVIR_3G420700v2	0
SEVIR_3G420800v2	0.036458
SEVIR_3G420900v2	3.109593
SEVIR_3G421000v2	0.89845
SEVIR_3G421100v2	11.355818
SEVIR_3G421200v2	0.055079
SEVIR_3G421300v2	4.968474
SEVIR_3G421400v2	0
SEVIR_3G421500v2	0
SEVIR_3G421600v2	0
SEVIR_3G421700v2	0.043347
SEVIR_3G421800v2	7.32212
SEVIR_3G421900v2	0
SEVIR_3G422000v2	8.783272
SEVIR_3G422100v2	3.202318
SEVIR_3G422200v2	1.509641
SEVIR_3G422250v2	0
SEVIR_3G422300v2	0.082514
SEVIR_3G422350v2	0
SEVIR_3G422400v2	0.02039
SEVIR_3G422500v2	1.943867
SEVIR_3G422600v2	9.128245
SEVIR_3G422700v2	30.53629
SEVIR_3G422800v2	3.859468
SEVIR_3G422900v2	51.910201
SEVIR_3G423000v2	0
SEVIR_3G423100v2	0.156325
SEVIR_3G423200v2	4.311446
SEVIR_3G423300v2	0.264172
SEVIR_3G423400v2	94.415644
SEVIR_3G423500v2	13.170196
SEVIR_3G423600v2	0
SEVIR_3G423700v2	0
SEVIR_3G423800v2	0.068518
SEVIR_3G423900v2	0.171252
SEVIR_3G424000v2	1.274177
SEVIR_3G424100v2	1.056837
SEVIR_3G424200v2	8.711903
SEVIR_3G424300v2	0
SEVIR_3G424400v2	5.555192
SEVIR_3G424500v2	0.167093
SEVIR_3G424600v2	1.404636
SEVIR_3G424700v2	35.379996
SEVIR_3G424800v2	111.058583
SEVIR_3G424900v2	2.796833
SEVIR_3G425000v2	0.482399
SEVIR_3G425100v2	7.275114
SEVIR_3G425200v2	15.540264
SEVIR_3G425300v2	54.513935
SEVIR_3G425350v2	1.21711
SEVIR_3G425400v2	2.129508
SEVIR_3G425500v2	42.242976
SEVIR_3G425600v2	0
SEVIR_3G425700v2	21.760661
SEVIR_3G425800v2	30.803331
SEVIR_3G425900v2	0.142017
SEVIR_3G426000v2	0.064325
SEVIR_3G426050v2	0.57188
SEVIR_3G426100v2	15.782984
SEVIR_3G426200v2	3.567926
SEVIR_3G426300v2	84.531435
SEVIR_3G426401v2	0.05051
SEVIR_3G426501v2	33.922025
SEVIR_3G426600v2	6.40703
SEVIR_3G426700v2	0
SEVIR_3G426800v2	28.80642
SEVIR_3G426900v2	1.862255
SEVIR_3G427000v2	12.786236
SEVIR_3G427100v2	26.892071
SEVIR_3G427200v2	35.464132
SEVIR_3G427300v2	7.139383
SEVIR_3G427400v2	1.897676
SEVIR_3G427500v2	18.695554
SEVIR_3G427600v2	0.527382
SEVIR_4G000200v2	0
SEVIR_4G000266v2	0
SEVIR_4G000332v2	0
SEVIR_4G000400v2	0
SEVIR_4G000450v2	0.535481
SEVIR_4G000500v2	0
SEVIR_4G000700v2	0
SEVIR_4G000800v2	0.195298
SEVIR_4G000900v2	2.80136
SEVIR_4G152850v2	11.531099
SEVIR_4G304900v2	0
SEVIR_4G304901v2	9.368374
SEVIR_4G304902v2	0
SEVIR_4G001000v2	0
SEVIR_4G001100v2	5.424643
SEVIR_4G001200v2	42.025542
SEVIR_4G001300v2	3.578341
SEVIR_4G001400v2	9.553353
SEVIR_4G001500v2	8.560224
SEVIR_4G001600v2	36.459631
SEVIR_4G001700v2	25.461933
SEVIR_4G001800v2	24.469955
SEVIR_4G001900v2	8.353607
SEVIR_4G002000v2	0.037193
SEVIR_4G002200v2	18.645576
SEVIR_4G002100v2	0
SEVIR_4G002300v2	10.928924
SEVIR_4G002400v2	0.859319
SEVIR_4G002500v2	101.322893
SEVIR_4G002600v2	23.212229
SEVIR_4G002700v2	4.332757
SEVIR_4G002800v2	0.276859
SEVIR_4G002900v2	25.040716
SEVIR_4G003000v2	24.268842
SEVIR_4G003100v2	8.06652
SEVIR_4G003101v2	0
SEVIR_4G003300v2	5.931369
SEVIR_4G003400v2	8.460872
SEVIR_4G003500v2	2.195029
SEVIR_4G003600v2	28.454557
SEVIR_4G003700v2	0.367529
SEVIR_4G003800v2	56.108364
SEVIR_4G003900v2	12.235078
SEVIR_4G004000v2	58.478199
SEVIR_4G004100v2	5.227878
SEVIR_4G004200v2	0.103592
SEVIR_4G004201v2	0
SEVIR_4G004400v2	4.540721
SEVIR_4G004500v2	29.529743
SEVIR_4G004600v2	24.317366
SEVIR_4G004700v2	11.387525
SEVIR_4G004800v2	224.616487
SEVIR_4G004900v2	264.582727
SEVIR_4G005000v2	0.839284
SEVIR_4G005100v2	1.84139
SEVIR_4G005200v2	816.401951
SEVIR_4G005300v2	4.194574
SEVIR_4G005400v2	0.060516
SEVIR_4G005500v2	0.04005
SEVIR_4G005501v2	0.274351
SEVIR_4G005600v2	0.133936
SEVIR_4G005601v2	20.18118
SEVIR_4G005700v2	0
SEVIR_4G005800v2	40.489637
SEVIR_4G005900v2	1.008634
SEVIR_4G006000v2	5.258126
SEVIR_4G006100v2	0.085872
SEVIR_4G006200v2	0.076901
SEVIR_4G006300v2	2.100348
SEVIR_4G006301v2	3.02676
SEVIR_4G006400v2	4.197855
SEVIR_4G006500v2	0.082128
SEVIR_4G006600v2	0
SEVIR_4G006700v2	37.148994
SEVIR_4G006800v2	26.998228
SEVIR_4G006900v2	42.45021
SEVIR_4G007000v2	0
SEVIR_4G007100v2	3.876369
SEVIR_4G007200v2	0
SEVIR_4G007300v2	11.296093
SEVIR_4G007400v2	5.285178
SEVIR_4G007401v2	0.520516
SEVIR_4G007402v2	1.745667
SEVIR_4G007403v2	16.235205
SEVIR_4G007700v2	8.994234
SEVIR_4G007701v2	2.987451
SEVIR_4G007800v2	8.349731
SEVIR_4G007801v2	0.124975
SEVIR_4G007900v2	188.569562
SEVIR_4G008000v2	5.585597
SEVIR_4G008100v2	384.225363
SEVIR_4G008200v2	27.893812
SEVIR_4G008300v2	3.133238
SEVIR_4G008400v2	33.480218
SEVIR_4G008500v2	0.694857
SEVIR_4G008600v2	24.172514
SEVIR_4G008700v2	27.578658
SEVIR_4G008800v2	1.072359
SEVIR_4G008900v2	3.337952
SEVIR_4G009000v2	3.330513
SEVIR_4G009100v2	7.898751
SEVIR_4G009200v2	115.13312
SEVIR_4G009300v2	18.920114
SEVIR_4G009400v2	1.235574
SEVIR_4G009500v2	3.240633
SEVIR_4G009501v2	0
SEVIR_4G009502v2	0.33081
SEVIR_4G009600v2	0.248458
SEVIR_4G009601v2	0
SEVIR_4G009700v2	0
SEVIR_4G009701v2	3.276522
SEVIR_4G009900v2	47.66649
SEVIR_4G010000v2	1.735296
SEVIR_4G010100v2	5.964439
SEVIR_4G010200v2	0.069435
SEVIR_4G010300v2	0.134646
SEVIR_4G010400v2	0
SEVIR_4G010500v2	7.052844
SEVIR_4G010600v2	0.085948
SEVIR_4G010700v2	0
SEVIR_4G010800v2	114.539536
SEVIR_4G010801v2	0.242714
SEVIR_4G010802v2	1.153051
SEVIR_4G010900v2	43.879796
SEVIR_4G011000v2	0.515841
SEVIR_4G011100v2	0.110786
SEVIR_4G011101v2	0
SEVIR_4G011200v2	3.940034
SEVIR_4G011201v2	6.739464
SEVIR_4G011202v2	0.099353
SEVIR_4G011203v2	0.343626
SEVIR_4G011204v2	0.342205
SEVIR_4G011400v2	12.94091
SEVIR_4G011500v2	2.125836
SEVIR_4G011600v2	7.446996
SEVIR_4G011700v2	5.232896
SEVIR_4G011800v2	9.536467
SEVIR_4G011900v2	16.206136
SEVIR_4G012000v2	1151.597445
SEVIR_4G012100v2	0.024457
SEVIR_4G012101v2	0.523697
SEVIR_4G012200v2	2.799591
SEVIR_4G012300v2	32.308613
SEVIR_4G012400v2	39.255515
SEVIR_4G012500v2	109.626708
SEVIR_4G012501v2	13.05215
SEVIR_4G012600v2	20.884283
SEVIR_4G012700v2	0.21248
SEVIR_4G012800v2	25.209208
SEVIR_4G012900v2	24.574349
SEVIR_4G013000v2	2.150561
SEVIR_4G013100v2	46.502452
SEVIR_4G013200v2	0
SEVIR_4G013300v2	0.057191
SEVIR_4G013400v2	0
SEVIR_4G013500v2	0
SEVIR_4G013600v2	0.067079
SEVIR_4G013700v2	0.018626
SEVIR_4G013800v2	0.393822
SEVIR_4G013900v2	0.294235
SEVIR_4G014000v2	394.123478
SEVIR_4G014100v2	0.879463
SEVIR_4G014200v2	8.926392
SEVIR_4G014300v2	1.74531
SEVIR_4G014301v2	0.074558
SEVIR_4G014500v2	7.497881
SEVIR_4G014600v2	3.581476
SEVIR_4G014700v2	0
SEVIR_4G014800v2	1.304774
SEVIR_4G014900v2	2.330259
SEVIR_4G015000v2	2.717803
SEVIR_4G015001v2	0
SEVIR_4G015100v2	0.826162
SEVIR_4G015200v2	47.459182
SEVIR_4G015300v2	25.900739
SEVIR_4G015400v2	0.065478
SEVIR_4G015401v2	2.351659
SEVIR_4G015500v2	0.430559
SEVIR_4G015600v2	0.135085
SEVIR_4G015700v2	78.473748
SEVIR_4G015701v2	0
SEVIR_4G015702v2	0
SEVIR_4G015900v2	144.156248
SEVIR_4G016000v2	1.603023
SEVIR_4G016100v2	0.077302
SEVIR_4G016200v2	0
SEVIR_4G016300v2	1.321857
SEVIR_4G016400v2	0
SEVIR_4G016500v2	53.683286
SEVIR_4G016600v2	0.072982
SEVIR_4G016700v2	5.580885
SEVIR_4G016800v2	35.512093
SEVIR_4G016900v2	19.756776
SEVIR_4G017000v2	11.982824
SEVIR_4G017100v2	2.693747
SEVIR_4G017200v2	0
SEVIR_4G017300v2	0
SEVIR_4G017400v2	2.348948
SEVIR_4G017500v2	8.198582
SEVIR_4G017600v2	93.231838
SEVIR_4G017700v2	6.99573
SEVIR_4G017800v2	50.936554
SEVIR_4G017900v2	25.533406
SEVIR_4G018000v2	0.753368
SEVIR_4G018100v2	260.8402
SEVIR_4G018200v2	12.905321
SEVIR_4G018300v2	0.094458
SEVIR_4G018301v2	0
SEVIR_4G018400v2	33.350993
SEVIR_4G018500v2	20.869655
SEVIR_4G018600v2	22.196027
SEVIR_4G018700v2	36.434961
SEVIR_4G018800v2	29.119815
SEVIR_4G018900v2	0
SEVIR_4G019000v2	28.421944
SEVIR_4G019100v2	31.430968
SEVIR_4G019200v2	13.094901
SEVIR_4G019300v2	0
SEVIR_4G019400v2	33.777939
SEVIR_4G019500v2	0.025841
SEVIR_4G019501v2	0
SEVIR_4G019502v2	0.083644
SEVIR_4G019600v2	0
SEVIR_4G019601v2	0.009439
SEVIR_4G019700v2	2.555946
SEVIR_4G019800v2	0
SEVIR_4G019900v2	0.015454
SEVIR_4G020000v2	11.296661
SEVIR_4G020100v2	0.709497
SEVIR_4G020200v2	20.169536
SEVIR_4G020300v2	4.730713
SEVIR_4G020400v2	216.335154
SEVIR_4G020500v2	983.856969
SEVIR_4G020600v2	7.633796
SEVIR_4G020700v2	0
SEVIR_4G020800v2	0
SEVIR_4G020900v2	0.127275
SEVIR_4G021000v2	99.993947
SEVIR_4G021100v2	4.720804
SEVIR_4G021200v2	0.136935
SEVIR_4G021300v2	3.434442
SEVIR_4G021400v2	8.191245
SEVIR_4G021500v2	13.014275
SEVIR_4G021600v2	0.979278
SEVIR_4G021700v2	1.211122
SEVIR_4G021800v2	11.335279
SEVIR_4G021900v2	0.080373
SEVIR_4G022000v2	0.820274
SEVIR_4G022100v2	0
SEVIR_4G022200v2	0.343702
SEVIR_4G022300v2	1.655126
SEVIR_4G022400v2	16.608792
SEVIR_4G022500v2	47.789343
SEVIR_4G022600v2	6.936615
SEVIR_4G022700v2	0
SEVIR_4G022701v2	0.636279
SEVIR_4G022800v2	289.514809
SEVIR_4G022900v2	85.542448
SEVIR_4G023000v2	340.551892
SEVIR_4G023100v2	1.429837
SEVIR_4G023200v2	15.001491
SEVIR_4G023300v2	0
SEVIR_4G023400v2	11.247817
SEVIR_4G023500v2	5.27175
SEVIR_4G023600v2	15.872315
SEVIR_4G023700v2	13.807294
SEVIR_4G023800v2	0
SEVIR_4G023900v2	0.211016
SEVIR_4G024000v2	34.673972
SEVIR_4G024100v2	0.21955
SEVIR_4G024101v2	32.861962
SEVIR_4G024200v2	0.164632
SEVIR_4G024300v2	0.473218
SEVIR_4G024400v2	9.338052
SEVIR_4G024401v2	0
SEVIR_4G024500v2	2.304123
SEVIR_4G024600v2	13.66965
SEVIR_4G024700v2	529.567731
SEVIR_4G024800v2	0.394343
SEVIR_4G024900v2	0.410435
SEVIR_4G025000v2	8.589789
SEVIR_4G025100v2	19.869436
SEVIR_4G025200v2	16.818876
SEVIR_4G025300v2	2.363312
SEVIR_4G025301v2	5.234649
SEVIR_4G025302v2	7.77261
SEVIR_4G025500v2	14.704454
SEVIR_4G025600v2	16.259767
SEVIR_4G025700v2	15.909636
SEVIR_4G025800v2	32.24526
SEVIR_4G025900v2	2.261937
SEVIR_4G026000v2	0.617975
SEVIR_4G025901v2	0.3083
SEVIR_4G026100v2	0.987588
SEVIR_4G026200v2	36.652534
SEVIR_4G026300v2	38.369081
SEVIR_4G026400v2	0
SEVIR_4G026500v2	29.318819
SEVIR_4G026600v2	0.860001
SEVIR_4G026700v2	21.799478
SEVIR_4G026800v2	0.150476
SEVIR_4G026900v2	2.042375
SEVIR_4G027000v2	0.133585
SEVIR_4G027100v2	20.726046
SEVIR_4G027200v2	0
SEVIR_4G027300v2	0.044212
SEVIR_4G027400v2	23.690422
SEVIR_4G027500v2	139.247243
SEVIR_4G027600v2	0.098311
SEVIR_4G027700v2	0.102351
SEVIR_4G027701v2	3.165838
SEVIR_4G027800v2	28.427542
SEVIR_4G027900v2	18.890014
SEVIR_4G028000v2	10.340196
SEVIR_4G028100v2	27.074004
SEVIR_4G028200v2	6.693157
SEVIR_4G028300v2	14.26852
SEVIR_4G028400v2	0
SEVIR_4G028500v2	0.988184
SEVIR_4G028600v2	2.914836
SEVIR_4G028700v2	0.140474
SEVIR_4G028800v2	2.560789
SEVIR_4G028900v2	0
SEVIR_4G029000v2	0
SEVIR_4G029100v2	1.394052
SEVIR_4G029200v2	22.955084
SEVIR_4G029300v2	11.756757
SEVIR_4G029400v2	4.487757
SEVIR_4G029500v2	0
SEVIR_4G029600v2	0.009041
SEVIR_4G029700v2	1.247944
SEVIR_4G029800v2	60.50161
SEVIR_4G029900v2	28.125667
SEVIR_4G030000v2	18.978954
SEVIR_4G030100v2	6.001883
SEVIR_4G030200v2	299.136485
SEVIR_4G030300v2	19.847527
SEVIR_4G030301v2	2.527843
SEVIR_4G030400v2	58.82243
SEVIR_4G030500v2	1.208617
SEVIR_4G030600v2	5.555222
SEVIR_4G030700v2	10.417055
SEVIR_4G030800v2	0
SEVIR_4G030900v2	0
SEVIR_4G031000v2	30.737329
SEVIR_4G031100v2	4.508714
SEVIR_4G031200v2	28.388502
SEVIR_4G031300v2	15.062401
SEVIR_4G031400v2	0
SEVIR_4G031500v2	96.417845
SEVIR_4G031600v2	2.203637
SEVIR_4G031700v2	14.818904
SEVIR_4G031800v2	7.159723
SEVIR_4G031900v2	0
SEVIR_4G032000v2	0.115233
SEVIR_4G032100v2	0
SEVIR_4G032200v2	0
SEVIR_4G032300v2	2.954805
SEVIR_4G032400v2	0.626188
SEVIR_4G032500v2	1.962534
SEVIR_4G032600v2	0
SEVIR_4G032700v2	6.469087
SEVIR_4G032800v2	6.975998
SEVIR_4G032900v2	6.115498
SEVIR_4G033000v2	61.36547
SEVIR_4G033100v2	94.516378
SEVIR_4G033200v2	17.462592
SEVIR_4G033300v2	0
SEVIR_4G033400v2	39.450402
SEVIR_4G033401v2	168.753694
SEVIR_4G033402v2	13.964037
SEVIR_4G033500v2	5.963838
SEVIR_4G033501v2	3.866113
SEVIR_4G033502v2	0.231422
SEVIR_4G033503v2	0.172245
SEVIR_4G033600v2	35.957654
SEVIR_4G033700v2	0.225832
SEVIR_4G033800v2	18.404952
SEVIR_4G033900v2	1.148291
SEVIR_4G034000v2	6.489795
SEVIR_4G034100v2	13.009234
SEVIR_4G034200v2	34.708139
SEVIR_4G034300v2	60.130788
SEVIR_4G034301v2	0.255915
SEVIR_4G034400v2	3.164893
SEVIR_4G034500v2	20.934654
SEVIR_4G034501v2	0
SEVIR_4G034600v2	9.406001
SEVIR_4G034700v2	0
SEVIR_4G034800v2	0
SEVIR_4G034900v2	0.023153
SEVIR_4G035000v2	0.171247
SEVIR_4G035001v2	0
SEVIR_4G035100v2	0.325622
SEVIR_4G035200v2	0.220568
SEVIR_4G035300v2	0.18125
SEVIR_4G035301v2	0.270115
SEVIR_4G035302v2	0
SEVIR_4G035402v2	10.061255
SEVIR_4G035400v2	0
SEVIR_4G035401v2	0
SEVIR_4G035600v2	0
SEVIR_4G035700v2	1.785852
SEVIR_4G035800v2	0.728165
SEVIR_4G035801v2	2.506099
SEVIR_4G035802v2	10.098609
SEVIR_4G035803v2	2.266206
SEVIR_4G036000v2	7.237866
SEVIR_4G036100v2	1.242549
SEVIR_4G036101v2	1.357399
SEVIR_4G036200v2	4.320415
SEVIR_4G036300v2	2.829985
SEVIR_4G036400v2	1.297183
SEVIR_4G036401v2	0.090774
SEVIR_4G036402v2	0.13222
SEVIR_4G036500v2	18.090299
SEVIR_4G036600v2	13.275579
SEVIR_4G036601v2	1.400649
SEVIR_4G036700v2	14.3785
SEVIR_4G036800v2	52.404726
SEVIR_4G036801v2	0.501947
SEVIR_4G036900v2	0.730273
SEVIR_4G037000v2	0
SEVIR_4G037100v2	0
SEVIR_4G037200v2	10.956916
SEVIR_4G037300v2	0.033123
SEVIR_4G037301v2	0
SEVIR_4G037400v2	0
SEVIR_4G037500v2	0
SEVIR_4G037600v2	0
SEVIR_4G037700v2	0
SEVIR_4G037800v2	39.164634
SEVIR_4G037900v2	13.730488
SEVIR_4G038000v2	78.984546
SEVIR_4G038100v2	0
SEVIR_4G038200v2	0
SEVIR_4G038300v2	1.282328
SEVIR_4G038400v2	0.009668
SEVIR_4G038401v2	0
SEVIR_4G038600v2	89.424771
SEVIR_4G038700v2	21.534911
SEVIR_4G038701v2	0.213964
SEVIR_4G038800v2	16.965015
SEVIR_4G038900v2	0.212184
SEVIR_4G039000v2	26.413744
SEVIR_4G039100v2	2.000395
SEVIR_4G039200v2	32.917057
SEVIR_4G039300v2	232.529307
SEVIR_4G039400v2	46.43557
SEVIR_4G039401v2	14.268108
SEVIR_4G039500v2	11.428487
SEVIR_4G039600v2	56.431482
SEVIR_4G039700v2	0.300914
SEVIR_4G039800v2	0.080451
SEVIR_4G039900v2	104.043566
SEVIR_4G040000v2	22.056613
SEVIR_4G040100v2	26.305156
SEVIR_4G040200v2	5.98031
SEVIR_4G040300v2	182.252423
SEVIR_4G040400v2	7.941772
SEVIR_4G040500v2	12.67143
SEVIR_4G040600v2	9.975617
SEVIR_4G040700v2	370.6031
SEVIR_4G040800v2	7.370131
SEVIR_4G040900v2	0.262639
SEVIR_4G040901v2	0
SEVIR_4G041100v2	2.17163
SEVIR_4G041300v2	0
SEVIR_4G041301v2	2.986407
SEVIR_4G041400v2	11.92715
SEVIR_4G041500v2	20.495565
SEVIR_4G041600v2	0
SEVIR_4G041700v2	0
SEVIR_4G041800v2	457.932047
SEVIR_4G041801v2	0.028196
SEVIR_4G041802v2	0.04386
SEVIR_4G041803v2	17.40258
SEVIR_4G041900v2	0.397896
SEVIR_4G041901v2	0.922795
SEVIR_4G042100v2	36.993767
SEVIR_4G042200v2	0
SEVIR_4G042300v2	0
SEVIR_4G042400v2	14.748652
SEVIR_4G042500v2	3.125492
SEVIR_4G042600v2	13.834384
SEVIR_4G042700v2	7.2196
SEVIR_4G042800v2	117.429132
SEVIR_4G042900v2	2.547166
SEVIR_4G043000v2	2.489827
SEVIR_4G043001v2	1.218751
SEVIR_4G043002v2	0
SEVIR_4G043003v2	0
SEVIR_4G043004v2	0
SEVIR_4G043005v2	0.127965
SEVIR_4G043200v2	0.109272
SEVIR_4G043300v2	1.232324
SEVIR_4G043400v2	1.163356
SEVIR_4G043500v2	5.245062
SEVIR_4G043600v2	0.122097
SEVIR_4G043700v2	2.708522
SEVIR_4G043800v2	15.395505
SEVIR_4G043900v2	9.827325
SEVIR_4G044000v2	32.159908
SEVIR_4G044100v2	11.632547
SEVIR_4G044200v2	58.608259
SEVIR_4G044300v2	3.000746
SEVIR_4G044400v2	8.124463
SEVIR_4G044500v2	1.221941
SEVIR_4G044600v2	7.836659
SEVIR_4G044700v2	1.766811
SEVIR_4G044800v2	1.976934
SEVIR_4G044900v2	34.872518
SEVIR_4G045000v2	14.889093
SEVIR_4G045001v2	7.138612
SEVIR_4G045100v2	2.800787
SEVIR_4G045200v2	0.429436
SEVIR_4G045300v2	0
SEVIR_4G045400v2	0
SEVIR_4G045500v2	88.733237
SEVIR_4G045600v2	5.893516
SEVIR_4G045601v2	3.366347
SEVIR_4G045700v2	109.539873
SEVIR_4G045800v2	5.423403
SEVIR_4G045900v2	6.843632
SEVIR_4G046000v2	5.681657
SEVIR_4G046100v2	0
SEVIR_4G046200v2	0.126504
SEVIR_4G046300v2	0.36086
SEVIR_4G046500v2	16.770707
SEVIR_4G046600v2	10.183778
SEVIR_4G046601v2	1.376307
SEVIR_4G046700v2	0.459168
SEVIR_4G046800v2	81.538969
SEVIR_4G046900v2	0
SEVIR_4G047000v2	28.565011
SEVIR_4G047100v2	6.836098
SEVIR_4G047200v2	0.091951
SEVIR_4G047300v2	61.719526
SEVIR_4G047400v2	8.30007
SEVIR_4G047500v2	0.106762
SEVIR_4G047600v2	56.695342
SEVIR_4G047700v2	6.458161
SEVIR_4G047701v2	3.149555
SEVIR_4G047702v2	0.11599
SEVIR_4G047703v2	1.310882
SEVIR_4G047704v2	1.556355
SEVIR_4G048000v2	0.017853
SEVIR_4G048100v2	0.350817
SEVIR_4G048200v2	0
SEVIR_4G048300v2	2.684966
SEVIR_4G048400v2	23.789791
SEVIR_4G048500v2	15.092112
SEVIR_4G048600v2	0.020959
SEVIR_4G048700v2	4.045423
SEVIR_4G048701v2	0
SEVIR_4G048800v2	2.1262
SEVIR_4G048900v2	2.324985
SEVIR_4G049000v2	0
SEVIR_4G049100v2	608.875364
SEVIR_4G049200v2	0.09866
SEVIR_4G049201v2	4.962068
SEVIR_4G049202v2	4.198761
SEVIR_4G049400v2	15.363428
SEVIR_4G049500v2	26.264026
SEVIR_4G049600v2	0
SEVIR_4G049700v2	0.113401
SEVIR_4G049800v2	3.285758
SEVIR_4G049801v2	0.720319
SEVIR_4G050000v2	8.138443
SEVIR_4G050100v2	0.700977
SEVIR_4G050200v2	78.860156
SEVIR_4G050300v2	0
SEVIR_4G050400v2	26.739579
SEVIR_4G050500v2	0.164944
SEVIR_4G050600v2	2.975923
SEVIR_4G050700v2	55.378888
SEVIR_4G050800v2	24.979345
SEVIR_4G050900v2	1.772197
SEVIR_4G051000v2	25.682581
SEVIR_4G051100v2	0.428393
SEVIR_4G051200v2	21.356275
SEVIR_4G051300v2	2.12516
SEVIR_4G051400v2	0.28355
SEVIR_4G051500v2	388.580687
SEVIR_4G051600v2	0.03171
SEVIR_4G051700v2	6.706458
SEVIR_4G051701v2	0.319278
SEVIR_4G051702v2	0.478092
SEVIR_4G051900v2	3.605181
SEVIR_4G052000v2	0
SEVIR_4G052100v2	0
SEVIR_4G052200v2	20.010731
SEVIR_4G052201v2	0.172772
SEVIR_4G052400v2	0
SEVIR_4G052500v2	0.035407
SEVIR_4G052600v2	1.933137
SEVIR_4G052601v2	0.836131
SEVIR_4G052800v2	6.454584
SEVIR_4G052900v2	49.651661
SEVIR_4G052901v2	9.916735
SEVIR_4G053000v2	0
SEVIR_4G053100v2	0
SEVIR_4G053101v2	1223.862874
SEVIR_4G053200v2	8.720376
SEVIR_4G053300v2	25.142871
SEVIR_4G053400v2	0
SEVIR_4G053500v2	64.771479
SEVIR_4G053600v2	33.472304
SEVIR_4G053601v2	0.247825
SEVIR_4G053602v2	0.111172
SEVIR_4G053700v2	104.533692
SEVIR_4G053800v2	0.578574
SEVIR_4G053900v2	7.716721
SEVIR_4G054000v2	22.520351
SEVIR_4G054100v2	0
SEVIR_4G054200v2	0.252784
SEVIR_4G054300v2	48.555042
SEVIR_4G054400v2	0
SEVIR_4G054500v2	1.989957
SEVIR_4G054700v2	5.197562
SEVIR_4G054800v2	33.713861
SEVIR_4G054801v2	0.55188
SEVIR_4G055000v2	518.778854
SEVIR_4G055100v2	0.077461
SEVIR_4G055200v2	34.178002
SEVIR_4G055300v2	0.556541
SEVIR_4G055400v2	0
SEVIR_4G055500v2	3.868154
SEVIR_4G055600v2	39.499184
SEVIR_4G055700v2	6.795371
SEVIR_4G055800v2	30.723539
SEVIR_4G055900v2	6.500106
SEVIR_4G056000v2	22.310261
SEVIR_4G056100v2	64.553124
SEVIR_4G056200v2	0.096984
SEVIR_4G056300v2	0
SEVIR_4G056400v2	1.504849
SEVIR_4G056500v2	2.142538
SEVIR_4G056600v2	37.873686
SEVIR_4G056700v2	3.565901
SEVIR_4G056800v2	0
SEVIR_4G056900v2	29.215416
SEVIR_4G057000v2	4.847356
SEVIR_4G057100v2	0.101603
SEVIR_4G057200v2	10.83878
SEVIR_4G057300v2	6.212418
SEVIR_4G057400v2	260.017887
SEVIR_4G057500v2	11.327767
SEVIR_4G057600v2	3.382202
SEVIR_4G057601v2	0.262896
SEVIR_4G057602v2	2.800855
SEVIR_4G057603v2	0
SEVIR_4G057700v2	2.541751
SEVIR_4G057800v2	42.720004
SEVIR_4G057900v2	0.347556
SEVIR_4G058000v2	0
SEVIR_4G058100v2	55.318009
SEVIR_4G058200v2	0
SEVIR_4G058300v2	0
SEVIR_4G058400v2	0
SEVIR_4G058500v2	32.086872
SEVIR_4G058600v2	0.046938
SEVIR_4G058700v2	8.696418
SEVIR_4G058800v2	43.979313
SEVIR_4G058900v2	1.426485
SEVIR_4G059000v2	19.023977
SEVIR_4G059100v2	0
SEVIR_4G059200v2	0
SEVIR_4G059300v2	82.73451
SEVIR_4G059400v2	106.735616
SEVIR_4G059401v2	0
SEVIR_4G059500v2	0.291788
SEVIR_4G059501v2	0.558249
SEVIR_4G059600v2	7.067563
SEVIR_4G059700v2	20.888957
SEVIR_4G059800v2	7.678579
SEVIR_4G059900v2	30.992733
SEVIR_4G060000v2	6.675489
SEVIR_4G060100v2	42.974275
SEVIR_4G060101v2	39.750231
SEVIR_4G060300v2	11.418832
SEVIR_4G060400v2	45.056826
SEVIR_4G060500v2	7.771986
SEVIR_4G060600v2	0
SEVIR_4G060601v2	0.138446
SEVIR_4G060800v2	0
SEVIR_4G060900v2	10.813156
SEVIR_4G060901v2	0
SEVIR_4G061100v2	10.400405
SEVIR_4G061200v2	0.101312
SEVIR_4G061300v2	0
SEVIR_4G061301v2	0
SEVIR_4G061302v2	3.436453
SEVIR_4G076300v2	0.203362
SEVIR_4G076301v2	0.486844
SEVIR_4G061400v2	0
SEVIR_4G061500v2	0
SEVIR_4G061600v2	0.062298
SEVIR_4G061601v2	0
SEVIR_4G061700v2	4.974116
SEVIR_4G061900v2	0.116667
SEVIR_4G061800v2	0
SEVIR_4G062000v2	0
SEVIR_4G062001v2	4.588097
SEVIR_4G062002v2	41.824315
SEVIR_4G062300v2	0.254713
SEVIR_4G062400v2	14.131486
SEVIR_4G062500v2	0.084611
SEVIR_4G062600v2	0
SEVIR_4G062700v2	100.043836
SEVIR_4G062800v2	0
SEVIR_4G062900v2	0
SEVIR_4G063000v2	0
SEVIR_4G063100v2	0
SEVIR_4G063101v2	0.048944
SEVIR_4G063102v2	0.157887
SEVIR_4G063103v2	0
SEVIR_4G063300v2	0.198086
SEVIR_4G063400v2	26.209333
SEVIR_4G063500v2	5.078748
SEVIR_4G063600v2	0
SEVIR_4G063700v2	43.676215
SEVIR_4G063800v2	0.644358
SEVIR_4G063801v2	178.902157
SEVIR_4G064000v2	22.274206
SEVIR_4G064001v2	34.616208
SEVIR_4G064002v2	0.214466
SEVIR_4G064200v2	0.497551
SEVIR_4G064300v2	14.629419
SEVIR_4G064400v2	0
SEVIR_4G064500v2	5.082223
SEVIR_4G064600v2	9.538518
SEVIR_4G064700v2	66.816257
SEVIR_4G064800v2	0
SEVIR_4G064900v2	0
SEVIR_4G065000v2	30.529085
SEVIR_4G065100v2	0.80173
SEVIR_4G065200v2	14.945355
SEVIR_4G065300v2	100.227993
SEVIR_4G065400v2	0
SEVIR_4G065500v2	0.15799
SEVIR_4G065600v2	0.610852
SEVIR_4G065700v2	0
SEVIR_4G065800v2	117.952032
SEVIR_4G065900v2	22.509924
SEVIR_4G066000v2	0.655435
SEVIR_4G066100v2	0.129128
SEVIR_4G066200v2	0
SEVIR_4G066300v2	0
SEVIR_4G066400v2	0
SEVIR_4G066500v2	0
SEVIR_4G066501v2	0
SEVIR_4G066700v2	161.178498
SEVIR_4G066800v2	0.049783
SEVIR_4G066900v2	0.109194
SEVIR_4G067000v2	4.087746
SEVIR_4G067100v2	2.088854
SEVIR_4G067200v2	4.133326
SEVIR_4G067300v2	3.327483
SEVIR_4G067400v2	49.956471
SEVIR_4G067500v2	0
SEVIR_4G067600v2	33.393391
SEVIR_4G067601v2	0
SEVIR_4G067700v2	11.902599
SEVIR_4G067800v2	68.611684
SEVIR_4G067900v2	11.670309
SEVIR_4G067901v2	0
SEVIR_4G067902v2	0
SEVIR_4G068100v2	6.572392
SEVIR_4G068200v2	0
SEVIR_4G068300v2	20.569938
SEVIR_4G068400v2	70.238247
SEVIR_4G068500v2	0.56018
SEVIR_4G068600v2	319.135378
SEVIR_4G068601v2	4.293441
SEVIR_4G068602v2	7.263525
SEVIR_4G068603v2	4.471223
SEVIR_4G068700v2	0.21439
SEVIR_4G068800v2	0.855456
SEVIR_4G068900v2	0.62734
SEVIR_4G069000v2	60.360277
SEVIR_4G069100v2	0
SEVIR_4G069200v2	0
SEVIR_4G069300v2	0.424806
SEVIR_4G069401v2	0.858271
SEVIR_4G069400v2	0
SEVIR_4G069500v2	0
SEVIR_4G069600v2	0.235452
SEVIR_4G069700v2	0.023515
SEVIR_4G069800v2	10.769428
SEVIR_4G069801v2	0
SEVIR_4G070000v2	0.354195
SEVIR_4G070100v2	0
SEVIR_4G070200v2	0.066194
SEVIR_4G070300v2	13.962335
SEVIR_4G070400v2	21.972402
SEVIR_4G070500v2	599.971882
SEVIR_4G070600v2	1.911787
SEVIR_4G070700v2	45.316679
SEVIR_4G070800v2	9.704085
SEVIR_4G070900v2	21.107156
SEVIR_4G071000v2	32.491004
SEVIR_4G071001v2	13.06314
SEVIR_4G071100v2	8.350695
SEVIR_4G071101v2	1.528463
SEVIR_4G071200v2	0.634677
SEVIR_4G071300v2	5.428543
SEVIR_4G071400v2	0.213163
SEVIR_4G071500v2	110.409162
SEVIR_4G071600v2	0.092392
SEVIR_4G071700v2	0.432394
SEVIR_4G071800v2	0.793863
SEVIR_4G071900v2	0
SEVIR_4G072000v2	0
SEVIR_4G072100v2	0
SEVIR_4G072200v2	25.109416
SEVIR_4G072400v2	11.309683
SEVIR_4G072300v2	1.058253
SEVIR_4G072500v2	34.144961
SEVIR_4G072600v2	56.959143
SEVIR_4G072700v2	38.067596
SEVIR_4G072800v2	0.336018
SEVIR_4G072900v2	105.613799
SEVIR_4G073000v2	12.276526
SEVIR_4G073001v2	0.734279
SEVIR_4G073002v2	1.401311
SEVIR_4G073003v2	1.830585
SEVIR_4G073200v2	0.040916
SEVIR_4G073300v2	0
SEVIR_4G073400v2	0.06777
SEVIR_4G073401v2	0.323308
SEVIR_4G073402v2	0.29596
SEVIR_4G073600v2	0.382114
SEVIR_4G073700v2	0.040849
SEVIR_4G074000v2	1.94043
SEVIR_4G074001v2	0
SEVIR_4G074100v2	0
SEVIR_4G074200v2	1.689414
SEVIR_4G074300v2	0.191168
SEVIR_4G074301v2	0.24744
SEVIR_4G074500v2	12.414519
SEVIR_4G074501v2	7.689873
SEVIR_4G074600v2	0
SEVIR_4G074700v2	0.04207
SEVIR_4G074800v2	0
SEVIR_4G074900v2	0
SEVIR_4G075100v2	1.276612
SEVIR_4G074901v2	0.369868
SEVIR_4G075200v2	184.026986
SEVIR_4G075300v2	16.223425
SEVIR_4G075400v2	18.920072
SEVIR_4G075500v2	0.169242
SEVIR_4G075600v2	34.769242
SEVIR_4G075700v2	13.204728
SEVIR_4G075800v2	0
SEVIR_4G075900v2	0.119928
SEVIR_4G076000v2	1.550647
SEVIR_4G076100v2	356.653344
SEVIR_4G076200v2	41.705314
SEVIR_4G076201v2	16.351318
SEVIR_4G076400v2	385.104888
SEVIR_4G076500v2	0.118087
SEVIR_4G076600v2	1.021294
SEVIR_4G076700v2	0.021678
SEVIR_4G076800v2	14.487754
SEVIR_4G076900v2	25.975582
SEVIR_4G077000v2	23.816742
SEVIR_4G077100v2	7.106544
SEVIR_4G077200v2	43.527057
SEVIR_4G077300v2	8.390665
SEVIR_4G077400v2	41.139706
SEVIR_4G077500v2	104.518554
SEVIR_4G077600v2	0.971574
SEVIR_4G077700v2	0.1321
SEVIR_4G077701v2	38.175592
SEVIR_4G077702v2	91.390944
SEVIR_4G077900v2	31.588997
SEVIR_4G078000v2	0.529177
SEVIR_4G078100v2	7.650404
SEVIR_4G078200v2	1.004356
SEVIR_4G078300v2	5.035903
SEVIR_4G078400v2	0
SEVIR_4G078600v2	0.203248
SEVIR_4G078700v2	2.90074
SEVIR_4G078800v2	22.222704
SEVIR_4G078900v2	4.879155
SEVIR_4G079000v2	0.08526
SEVIR_4G079100v2	33.153764
SEVIR_4G079200v2	0
SEVIR_4G079201v2	0
SEVIR_4G079400v2	4.039107
SEVIR_4G079500v2	0.126214
SEVIR_4G079600v2	10.892721
SEVIR_4G079700v2	36.867829
SEVIR_4G079800v2	1.197888
SEVIR_4G080000v2	20.821099
SEVIR_4G080100v2	24.781331
SEVIR_4G080200v2	0.970561
SEVIR_4G080300v2	0.101197
SEVIR_4G080400v2	2.947723
SEVIR_4G080500v2	1.156996
SEVIR_4G080600v2	2.436635
SEVIR_4G080700v2	3.155039
SEVIR_4G080800v2	4.713084
SEVIR_4G080900v2	0.504581
SEVIR_4G081000v2	127.055815
SEVIR_4G081100v2	16.980751
SEVIR_4G081200v2	0.554972
SEVIR_4G081300v2	0
SEVIR_4G081400v2	0
SEVIR_4G081500v2	0.827478
SEVIR_4G081600v2	0.116227
SEVIR_4G081700v2	0
SEVIR_4G081701v2	0
SEVIR_4G081800v2	2.314389
SEVIR_4G081900v2	179.212686
SEVIR_4G082000v2	0.491863
SEVIR_4G082100v2	0
SEVIR_4G082200v2	14.309602
SEVIR_4G082300v2	27.717052
SEVIR_4G082400v2	118.244258
SEVIR_4G082500v2	107.595422
SEVIR_4G082600v2	41.20243
SEVIR_4G082700v2	2.491339
SEVIR_4G082800v2	0
SEVIR_4G082900v2	1.673659
SEVIR_4G083000v2	3.166217
SEVIR_4G083100v2	27.687081
SEVIR_4G083200v2	31.34127
SEVIR_4G083300v2	3.556841
SEVIR_4G083400v2	0.139351
SEVIR_4G083500v2	5.959392
SEVIR_4G083600v2	73.578312
SEVIR_4G083700v2	84.813926
SEVIR_4G083800v2	8.043739
SEVIR_4G083900v2	0.058568
SEVIR_4G084000v2	2.935424
SEVIR_4G084001v2	0
SEVIR_4G084200v2	7.413426
SEVIR_4G084300v2	7.812382
SEVIR_4G084400v2	16.340966
SEVIR_4G084500v2	63.373791
SEVIR_4G084600v2	5.40068
SEVIR_4G084700v2	4.391348
SEVIR_4G084800v2	0
SEVIR_4G084801v2	0
SEVIR_4G084900v2	0
SEVIR_4G085000v2	29.439686
SEVIR_4G085100v2	3.052486
SEVIR_4G085200v2	42.74506
SEVIR_4G085300v2	6.046153
SEVIR_4G085400v2	6.634399
SEVIR_4G085500v2	0.780521
SEVIR_4G085600v2	0.081484
SEVIR_4G085700v2	22.491778
SEVIR_4G085800v2	0
SEVIR_4G085801v2	0
SEVIR_4G085900v2	0
SEVIR_4G086000v2	0
SEVIR_4G086100v2	0
SEVIR_4G086200v2	0.073416
SEVIR_4G086300v2	28.345665
SEVIR_4G086400v2	7.774286
SEVIR_4G086401v2	2.754039
SEVIR_4G086700v2	23.213593
SEVIR_4G086701v2	1.333364
SEVIR_4G086702v2	0.321345
SEVIR_4G086800v2	0
SEVIR_4G086900v2	4.019277
SEVIR_4G087000v2	0.300415
SEVIR_4G087100v2	37.794095
SEVIR_4G087200v2	18.996676
SEVIR_4G087400v2	2.352625
SEVIR_4G087500v2	1.494495
SEVIR_4G087600v2	37.130331
SEVIR_4G087700v2	0
SEVIR_4G087800v2	20.351944
SEVIR_4G087900v2	0.090915
SEVIR_4G087901v2	0
SEVIR_4G087902v2	0
SEVIR_4G088000v2	2.722257
SEVIR_4G088100v2	0
SEVIR_4G088200v2	2.738497
SEVIR_4G088300v2	0.214555
SEVIR_4G088400v2	12.407272
SEVIR_4G088500v2	1.929488
SEVIR_4G088600v2	0
SEVIR_4G088700v2	10.363308
SEVIR_4G088800v2	1.879383
SEVIR_4G088900v2	0
SEVIR_4G089000v2	0.279088
SEVIR_4G089100v2	12.069599
SEVIR_4G089200v2	138.901195
SEVIR_4G089300v2	116.544703
SEVIR_4G089400v2	1.600228
SEVIR_4G089500v2	1.094347
SEVIR_4G089600v2	0.783899
SEVIR_4G089700v2	15.370644
SEVIR_4G089800v2	0.346706
SEVIR_4G089900v2	0
SEVIR_4G090000v2	7.953616
SEVIR_4G090100v2	10.200157
SEVIR_4G090200v2	0.117408
SEVIR_4G090300v2	0
SEVIR_4G090400v2	0.552504
SEVIR_4G090500v2	7.386872
SEVIR_4G090600v2	14.644012
SEVIR_4G090700v2	2.105551
SEVIR_4G090800v2	0.628092
SEVIR_4G090900v2	0.259612
SEVIR_4G091000v2	0.337241
SEVIR_4G091100v2	0.019134
SEVIR_4G091200v2	0.207112
SEVIR_4G091300v2	0.72935
SEVIR_4G091400v2	9.370509
SEVIR_4G091500v2	56.345746
SEVIR_4G091501v2	0.170968
SEVIR_4G091502v2	2.587782
SEVIR_4G091700v2	2.070107
SEVIR_4G091800v2	0
SEVIR_4G091900v2	0
SEVIR_4G092000v2	0
SEVIR_4G092100v2	52.480596
SEVIR_4G092200v2	33.907873
SEVIR_4G092201v2	41.509847
SEVIR_4G092300v2	6.119537
SEVIR_4G092301v2	0
SEVIR_4G092400v2	7.985509
SEVIR_4G092500v2	0
SEVIR_4G092600v2	0.024416
SEVIR_4G092700v2	1.068918
SEVIR_4G092800v2	2.129942
SEVIR_4G092801v2	0
SEVIR_4G092900v2	0.293518
SEVIR_4G093000v2	2.32484
SEVIR_4G093100v2	1.994049
SEVIR_4G093200v2	16.611901
SEVIR_4G093201v2	35.389805
SEVIR_4G093300v2	16.150679
SEVIR_4G093400v2	11.460766
SEVIR_4G093500v2	33.713662
SEVIR_4G093600v2	0.67709
SEVIR_4G093700v2	0
SEVIR_4G093900v2	35.034286
SEVIR_4G094000v2	7.973341
SEVIR_4G094100v2	0
SEVIR_4G094200v2	0.551702
SEVIR_4G094201v2	0
SEVIR_4G094400v2	3.917264
SEVIR_4G094401v2	0
SEVIR_4G094500v2	5.156006
SEVIR_4G094600v2	6.212644
SEVIR_4G094700v2	7.671471
SEVIR_4G094800v2	1.77945
SEVIR_4G094900v2	0
SEVIR_4G095000v2	1.758926
SEVIR_4G095100v2	2.149508
SEVIR_4G095101v2	0.456888
SEVIR_4G095300v2	0
SEVIR_4G095400v2	1.110162
SEVIR_4G095401v2	0
SEVIR_4G095402v2	2.27374
SEVIR_4G095600v2	0.01493
SEVIR_4G095700v2	1.045814
SEVIR_4G095800v2	23.98889
SEVIR_4G096000v2	1.684122
SEVIR_4G096100v2	10.688264
SEVIR_4G096200v2	1.973456
SEVIR_4G096201v2	0
SEVIR_4G096202v2	0.131381
SEVIR_4G096203v2	1.704717
SEVIR_4G096300v2	0.89597
SEVIR_4G096400v2	2.443237
SEVIR_4G096500v2	0.308921
SEVIR_4G096600v2	0
SEVIR_4G096900v2	23.365931
SEVIR_4G097000v2	4.49633
SEVIR_4G097001v2	0
SEVIR_4G097100v2	3.55135
SEVIR_4G097200v2	24.899324
SEVIR_4G097300v2	6.033916
SEVIR_4G097400v2	1.798918
SEVIR_4G097401v2	0.123452
SEVIR_4G097500v2	0.851346
SEVIR_4G097600v2	0
SEVIR_4G097700v2	0
SEVIR_4G097800v2	30.939047
SEVIR_4G097900v2	1.14974
SEVIR_4G098100v2	14.224844
SEVIR_4G098300v2	1.59216
SEVIR_4G098400v2	0
SEVIR_4G098500v2	0.913824
SEVIR_4G098600v2	11.969311
SEVIR_4G098700v2	0.548639
SEVIR_4G098701v2	13.725391
SEVIR_4G098702v2	1.532603
SEVIR_4G098800v2	0
SEVIR_4G098900v2	12.46898
SEVIR_4G099000v2	0
SEVIR_4G099100v2	0.116105
SEVIR_4G099200v2	0.773229
SEVIR_4G099300v2	0.06738
SEVIR_4G099400v2	11.524096
SEVIR_4G099401v2	6.161592
SEVIR_4G099500v2	10.868896
SEVIR_4G099600v2	0.356197
SEVIR_4G099700v2	115.001046
SEVIR_4G099800v2	1.445398
SEVIR_4G099900v2	26.637912
SEVIR_4G100000v2	137.688973
SEVIR_4G100100v2	1.897516
SEVIR_4G100200v2	3.871883
SEVIR_4G100400v2	0
SEVIR_4G100500v2	20.783198
SEVIR_4G100600v2	131.748663
SEVIR_4G100700v2	36.724109
SEVIR_4G100800v2	0
SEVIR_4G100900v2	17.61181
SEVIR_4G101000v2	39.738107
SEVIR_4G101100v2	3.830118
SEVIR_4G101200v2	13.802856
SEVIR_4G101201v2	0
SEVIR_4G101202v2	22.338372
SEVIR_4G101400v2	0.298674
SEVIR_4G101500v2	28.803923
SEVIR_4G101600v2	141.842592
SEVIR_4G101700v2	1.519035
SEVIR_4G101800v2	18.500865
SEVIR_4G101900v2	24.628044
SEVIR_4G102000v2	0.458695
SEVIR_4G102300v2	0
SEVIR_4G102400v2	0.729942
SEVIR_4G102500v2	4.90272
SEVIR_4G102600v2	0.520178
SEVIR_4G102700v2	0.739029
SEVIR_4G102800v2	0
SEVIR_4G102900v2	0.04979
SEVIR_4G103000v2	27.475343
SEVIR_4G103100v2	19.301758
SEVIR_4G103200v2	11.669638
SEVIR_4G103300v2	0.259761
SEVIR_4G103301v2	0.331657
SEVIR_4G103400v2	0
SEVIR_4G103500v2	0
SEVIR_4G103600v2	5.395355
SEVIR_4G103700v2	0
SEVIR_4G103800v2	0
SEVIR_4G103900v2	0.952844
SEVIR_4G104000v2	3.413787
SEVIR_4G104100v2	0.499787
SEVIR_4G104200v2	50.325119
SEVIR_4G104300v2	0.417611
SEVIR_4G104301v2	0
SEVIR_4G104400v2	9.374329
SEVIR_4G104500v2	5.510918
SEVIR_4G104600v2	7.317898
SEVIR_4G104601v2	4.035782
SEVIR_4G104700v2	11.840993
SEVIR_4G104800v2	0.144204
SEVIR_4G104900v2	11.386397
SEVIR_4G105000v2	0
SEVIR_4G105100v2	37.500629
SEVIR_4G105200v2	5.995999
SEVIR_4G105300v2	0
SEVIR_4G105400v2	15.524526
SEVIR_4G105500v2	23.566807
SEVIR_4G105501v2	6.804391
SEVIR_4G105600v2	36.119624
SEVIR_4G105700v2	4.883848
SEVIR_4G105800v2	15.475829
SEVIR_4G106000v2	7.785991
SEVIR_4G106001v2	0.317895
SEVIR_4G106100v2	0.423165
SEVIR_4G106200v2	0
SEVIR_4G106300v2	5.548393
SEVIR_4G106400v2	73.459381
SEVIR_4G106500v2	24.244367
SEVIR_4G106600v2	6.858669
SEVIR_4G106700v2	90.228351
SEVIR_4G106800v2	30.771881
SEVIR_4G106801v2	0.208276
SEVIR_4G106900v2	0
SEVIR_4G107000v2	0
SEVIR_4G107100v2	0.079889
SEVIR_4G107200v2	0.03989
SEVIR_4G107201v2	0
SEVIR_4G107202v2	0.020874
SEVIR_4G107400v2	11.621396
SEVIR_4G107500v2	20.915572
SEVIR_4G107600v2	0
SEVIR_4G107800v2	0
SEVIR_4G107801v2	0
SEVIR_4G107900v2	0
SEVIR_4G107901v2	0.091101
SEVIR_4G108000v2	23.378456
SEVIR_4G108100v2	13.168004
SEVIR_4G108200v2	2.811422
SEVIR_4G108300v2	18.462888
SEVIR_4G108400v2	662.051147
SEVIR_4G108500v2	23.04617
SEVIR_4G108600v2	13.281351
SEVIR_4G108700v2	172.170341
SEVIR_4G108800v2	57.485523
SEVIR_4G108900v2	10.192484
SEVIR_4G108901v2	0
SEVIR_4G108902v2	1.88883
SEVIR_4G109000v2	0.304637
SEVIR_4G109100v2	9.464081
SEVIR_4G109101v2	0.638399
SEVIR_4G109200v2	0.153872
SEVIR_4G109300v2	8.685681
SEVIR_4G109400v2	5.019084
SEVIR_4G109401v2	56.149957
SEVIR_4G109402v2	19.87603
SEVIR_4G109500v2	0.988192
SEVIR_4G109600v2	0
SEVIR_4G109700v2	2.162048
SEVIR_4G109800v2	0
SEVIR_4G109801v2	0.316649
SEVIR_4G109900v2	1.060063
SEVIR_4G110000v2	58.535369
SEVIR_4G110100v2	17.647323
SEVIR_4G110200v2	1.306039
SEVIR_4G110300v2	22.068308
SEVIR_4G110400v2	10.218978
SEVIR_4G110500v2	8.131724
SEVIR_4G110600v2	32.521519
SEVIR_4G110700v2	1.176301
SEVIR_4G110800v2	2.43291
SEVIR_4G110900v2	1.460532
SEVIR_4G111000v2	89.486884
SEVIR_4G111100v2	0.707708
SEVIR_4G111200v2	0.644369
SEVIR_4G111300v2	22.651924
SEVIR_4G111400v2	0
SEVIR_4G111500v2	15.494645
SEVIR_4G111600v2	0.105459
SEVIR_4G111700v2	0.122612
SEVIR_4G111800v2	1.169965
SEVIR_4G111900v2	18.9457
SEVIR_4G112000v2	18.78282
SEVIR_4G112100v2	40.478638
SEVIR_4G112200v2	9.427461
SEVIR_4G112300v2	31.798665
SEVIR_4G112400v2	25.073256
SEVIR_4G112500v2	0.160794
SEVIR_4G112600v2	1.905941
SEVIR_4G112700v2	0.025945
SEVIR_4G112800v2	0
SEVIR_4G112900v2	23.900109
SEVIR_4G113000v2	0.175553
SEVIR_4G113100v2	1.950131
SEVIR_4G113101v2	0
SEVIR_4G113200v2	7.498906
SEVIR_4G113201v2	0
SEVIR_4G113300v2	2.995196
SEVIR_4G113400v2	69.667142
SEVIR_4G113500v2	22.427978
SEVIR_4G113600v2	0.644218
SEVIR_4G113700v2	0
SEVIR_4G113800v2	10.097074
SEVIR_4G113801v2	0.694203
SEVIR_4G113900v2	0
SEVIR_4G114000v2	29.550376
SEVIR_4G114100v2	0.071307
SEVIR_4G114101v2	0
SEVIR_4G114102v2	13.803103
SEVIR_4G114300v2	16.972655
SEVIR_4G114400v2	13.533914
SEVIR_4G114500v2	0.212013
SEVIR_4G114600v2	0
SEVIR_4G114700v2	0
SEVIR_4G114800v2	0
SEVIR_4G114900v2	1.232805
SEVIR_4G114901v2	0
SEVIR_4G115100v2	0
SEVIR_4G115200v2	0
SEVIR_4G115300v2	33.252478
SEVIR_4G115500v2	37.670218
SEVIR_4G115600v2	0.146447
SEVIR_4G115700v2	0.643353
SEVIR_4G115800v2	0
SEVIR_4G115801v2	0
SEVIR_4G116001v2	24.078434
SEVIR_4G116000v2	0
SEVIR_4G116100v2	25.653329
SEVIR_4G116200v2	1.306078
SEVIR_4G116201v2	0
SEVIR_4G116300v2	0.404225
SEVIR_4G116400v2	0.057055
SEVIR_4G116600v2	0
SEVIR_4G116700v2	0
SEVIR_4G116701v2	0
SEVIR_4G117000v2	0.015068
SEVIR_4G117100v2	0
SEVIR_4G117200v2	0
SEVIR_4G117300v2	0
SEVIR_4G117301v2	0
SEVIR_4G117302v2	0
SEVIR_4G117600v2	0
SEVIR_4G117700v2	240.785772
SEVIR_4G117800v2	1.773839
SEVIR_4G117900v2	1.107707
SEVIR_4G118000v2	4.987863
SEVIR_4G118100v2	0
SEVIR_4G118200v2	0.398846
SEVIR_4G118300v2	0
SEVIR_4G118400v2	1.500636
SEVIR_4G118500v2	0.329392
SEVIR_4G118600v2	0
SEVIR_4G118700v2	1.8413
SEVIR_4G118800v2	21.043557
SEVIR_4G118900v2	32.054944
SEVIR_4G118901v2	39.353212
SEVIR_4G118902v2	6.552579
SEVIR_4G118903v2	14.467669
SEVIR_4G118904v2	24.17684
SEVIR_4G119100v2	0.083404
SEVIR_4G116800v2	0
SEVIR_4G116801v2	0.279907
SEVIR_4G198900v2	2.968542
SEVIR_4G198800v2	0.301486
SEVIR_4G198700v2	37.173749
SEVIR_4G198600v2	60.904801
SEVIR_4G198500v2	0
SEVIR_4G198400v2	9.88441
SEVIR_4G198300v2	14.764659
SEVIR_4G198200v2	9.725992
SEVIR_4G198100v2	24.503096
SEVIR_4G198000v2	11.036263
SEVIR_4G197900v2	8.764511
SEVIR_4G197800v2	5.577528
SEVIR_4G197700v2	0
SEVIR_4G197600v2	0.033286
SEVIR_4G197500v2	4.081802
SEVIR_4G197501v2	0.824534
SEVIR_4G197400v2	207.754937
SEVIR_4G197401v2	0
SEVIR_4G197300v2	9.167987
SEVIR_4G197200v2	4.528002
SEVIR_4G197100v2	4.005804
SEVIR_4G197000v2	0
SEVIR_4G196900v2	2.417933
SEVIR_4G196800v2	5.471933
SEVIR_4G196700v2	5.162604
SEVIR_4G196600v2	0
SEVIR_4G196400v2	0
SEVIR_4G196300v2	0
SEVIR_4G196200v2	108.441821
SEVIR_4G196201v2	76.677911
SEVIR_4G196202v2	6.320842
SEVIR_4G196100v2	13.598053
SEVIR_4G196101v2	0
SEVIR_4G196102v2	0
SEVIR_4G195900v2	77.799403
SEVIR_4G195800v2	0.081406
SEVIR_4G195700v2	0
SEVIR_4G195701v2	2.717418
SEVIR_4G195600v2	14.691154
SEVIR_4G195500v2	138.997303
SEVIR_4G195501v2	0
SEVIR_4G195400v2	336.980063
SEVIR_4G195300v2	31.667672
SEVIR_4G195200v2	1.179962
SEVIR_4G195100v2	2.564666
SEVIR_4G195000v2	43.051597
SEVIR_4G194900v2	0.231309
SEVIR_4G194800v2	0
SEVIR_4G194700v2	0
SEVIR_4G194600v2	0.111774
SEVIR_4G194500v2	0
SEVIR_4G194400v2	0.078356
SEVIR_4G194300v2	8.147687
SEVIR_4G194200v2	0.118881
SEVIR_4G194000v2	0
SEVIR_4G193900v2	0
SEVIR_4G193901v2	0.031951
SEVIR_4G193800v2	0.022386
SEVIR_4G193801v2	0.025013
SEVIR_4G193802v2	0.091636
SEVIR_4G193700v2	1.07117
SEVIR_4G193600v2	0
SEVIR_4G193500v2	0
SEVIR_4G193400v2	0
SEVIR_4G193300v2	0
SEVIR_4G193200v2	0.145806
SEVIR_4G193100v2	30.187076
SEVIR_4G193000v2	5.664369
SEVIR_4G193001v2	0
SEVIR_4G192900v2	4.616716
SEVIR_4G192800v2	15.015856
SEVIR_4G192700v2	5.661957
SEVIR_4G192600v2	30.155847
SEVIR_4G192500v2	1.963768
SEVIR_4G192400v2	24.377054
SEVIR_4G192300v2	0.773223
SEVIR_4G192200v2	0.057016
SEVIR_4G192100v2	0
SEVIR_4G192000v2	0
SEVIR_4G191900v2	0
SEVIR_4G191800v2	0
SEVIR_4G191700v2	7.200659
SEVIR_4G191600v2	0.109225
SEVIR_4G191601v2	0
SEVIR_4G191500v2	0.573075
SEVIR_4G191300v2	3.622325
SEVIR_4G191200v2	0
SEVIR_4G191100v2	2.377935
SEVIR_4G191000v2	32.224803
SEVIR_4G190900v2	0
SEVIR_4G190800v2	0
SEVIR_4G190700v2	0
SEVIR_4G190701v2	114.222065
SEVIR_4G190702v2	2.720443
SEVIR_4G190703v2	4.232601
SEVIR_4G190500v2	0.284954
SEVIR_4G190400v2	0.042264
SEVIR_4G190300v2	4.62827
SEVIR_4G190200v2	0.919547
SEVIR_4G190100v2	0.204691
SEVIR_4G190101v2	0.160859
SEVIR_4G190102v2	0.085457
SEVIR_4G189900v2	3.880548
SEVIR_4G189800v2	1.689835
SEVIR_4G189700v2	8.794288
SEVIR_4G189600v2	3.069782
SEVIR_4G189601v2	9.500268
SEVIR_4G189500v2	2.120127
SEVIR_4G189400v2	4.271832
SEVIR_4G189300v2	0.411891
SEVIR_4G189301v2	3.651329
SEVIR_4G189200v2	1.465731
SEVIR_4G189000v2	0
SEVIR_4G189001v2	1.261124
SEVIR_4G189002v2	0
SEVIR_4G189003v2	0.038044
SEVIR_4G189004v2	0
SEVIR_4G188700v2	0.046985
SEVIR_4G188701v2	0
SEVIR_4G188500v2	0.575974
SEVIR_4G188400v2	0
SEVIR_4G188200v2	4.701203
SEVIR_4G188100v2	0.080096
SEVIR_4G188000v2	0.077776
SEVIR_4G188001v2	0
SEVIR_4G187900v2	0
SEVIR_4G187901v2	0
SEVIR_4G187902v2	1.069995
SEVIR_4G187800v2	0.761467
SEVIR_4G187600v2	0.84113
SEVIR_4G187700v2	0
SEVIR_4G187500v2	10.988589
SEVIR_4G187400v2	5.961739
SEVIR_4G187300v2	21.731515
SEVIR_4G187301v2	0.354615
SEVIR_4G187302v2	28.95637
SEVIR_4G187303v2	20.362824
SEVIR_4G187200v2	0.154282
SEVIR_4G187000v2	0
SEVIR_4G186900v2	0.086847
SEVIR_4G186800v2	0
SEVIR_4G186700v2	0
SEVIR_4G186600v2	0
SEVIR_4G186300v2	22.131492
SEVIR_4G186601v2	0
SEVIR_4G186400v2	0
SEVIR_4G186200v2	3.813302
SEVIR_4G186201v2	0
SEVIR_4G186100v2	0.023928
SEVIR_4G186000v2	0
SEVIR_4G185900v2	0.822457
SEVIR_4G185800v2	58.823603
SEVIR_4G185700v2	18.612347
SEVIR_4G185600v2	14.179796
SEVIR_4G185500v2	0.75995
SEVIR_4G185400v2	52.798508
SEVIR_4G185300v2	0
SEVIR_4G185200v2	66.834552
SEVIR_4G185100v2	63.404395
SEVIR_4G185000v2	0.031612
SEVIR_4G184900v2	21.40525
SEVIR_4G184800v2	0
SEVIR_4G184801v2	0
SEVIR_4G184700v2	7.23451
SEVIR_4G184600v2	2.341669
SEVIR_4G184601v2	0.809198
SEVIR_4G184400v2	0.149305
SEVIR_4G184300v2	0.02037
SEVIR_4G184200v2	0
SEVIR_4G184100v2	0
SEVIR_4G184000v2	0
SEVIR_4G183900v2	0
SEVIR_4G183801v2	0
SEVIR_4G183800v2	0
SEVIR_4G183700v2	0.107811
SEVIR_4G183600v2	0.514616
SEVIR_4G183400v2	35.581841
SEVIR_4G183401v2	0
SEVIR_4G183100v2	22.370993
SEVIR_4G183000v2	0
SEVIR_4G182900v2	23.844535
SEVIR_4G182800v2	14.195857
SEVIR_4G182600v2	13.650443
SEVIR_4G182500v2	0
SEVIR_4G182400v2	0
SEVIR_4G182200v2	0
SEVIR_4G182201v2	0
SEVIR_4G182000v2	0
SEVIR_4G181900v2	0
SEVIR_4G181800v2	0
SEVIR_4G181700v2	0.183243
SEVIR_4G181701v2	0
SEVIR_4G181600v2	99.172738
SEVIR_4G181400v2	12.633667
SEVIR_4G181300v2	0
SEVIR_4G181200v2	129.558992
SEVIR_4G181100v2	29.933575
SEVIR_4G180900v2	171.126451
SEVIR_4G180800v2	0
SEVIR_4G180700v2	0
SEVIR_4G180600v2	0
SEVIR_4G180601v2	0.020982
SEVIR_4G180500v2	0.021516
SEVIR_4G180400v2	0
SEVIR_4G180300v2	0
SEVIR_4G180200v2	0
SEVIR_4G180000v2	0
SEVIR_4G179900v2	0
SEVIR_4G179800v2	0
SEVIR_4G179600v2	0.031884
SEVIR_4G179601v2	0.237341
SEVIR_4G179400v2	0
SEVIR_4G179300v2	2.849179
SEVIR_4G179200v2	36.897696
SEVIR_4G179201v2	0.25459
SEVIR_4G179000v2	16.562903
SEVIR_4G178900v2	0
SEVIR_4G178800v2	30.719312
SEVIR_4G178700v2	6.399263
SEVIR_4G178500v2	30.696702
SEVIR_4G178300v2	3.409468
SEVIR_4G178400v2	0.189574
SEVIR_4G178200v2	12.546227
SEVIR_4G178201v2	1.614363
SEVIR_4G178000v2	0
SEVIR_4G177900v2	0
SEVIR_4G177800v2	0.056715
SEVIR_4G177600v2	0.332856
SEVIR_4G177500v2	0.121957
SEVIR_4G177400v2	0
SEVIR_4G177300v2	9.891109
SEVIR_4G177200v2	5.125002
SEVIR_4G177100v2	0
SEVIR_4G177000v2	0.698008
SEVIR_4G177001v2	0.426671
SEVIR_4G176800v2	11.33137
SEVIR_4G176700v2	21.336226
SEVIR_4G176600v2	0
SEVIR_4G176601v2	0.007651
SEVIR_4G176602v2	0
SEVIR_4G176400v2	0.198564
SEVIR_4G176300v2	225.454607
SEVIR_4G176200v2	1979.9332
SEVIR_4G176100v2	0
SEVIR_4G175900v2	219.854174
SEVIR_4G175800v2	0
SEVIR_4G175700v2	0
SEVIR_4G175600v2	68.130386
SEVIR_4G175500v2	23.063473
SEVIR_4G175400v2	17.180782
SEVIR_4G175300v2	12.670712
SEVIR_4G175200v2	3.851599
SEVIR_4G174900v2	54.271805
SEVIR_4G174800v2	6.554296
SEVIR_4G174700v2	8.209859
SEVIR_4G174600v2	0
SEVIR_4G174500v2	0.193302
SEVIR_4G174400v2	14.85531
SEVIR_4G174300v2	0
SEVIR_4G174200v2	0
SEVIR_4G174000v2	0.117187
SEVIR_4G173900v2	0
SEVIR_4G173800v2	0.927323
SEVIR_4G173700v2	27.675974
SEVIR_4G173600v2	0
SEVIR_4G173500v2	0
SEVIR_4G173501v2	0
SEVIR_4G173300v2	0.111754
SEVIR_4G173200v2	5.434527
SEVIR_4G173100v2	0
SEVIR_4G173000v2	0
SEVIR_4G172900v2	0
SEVIR_4G172800v2	0.207271
SEVIR_4G172600v2	0.493967
SEVIR_4G172400v2	82.432892
SEVIR_4G172300v2	88.862444
SEVIR_4G172200v2	0.605704
SEVIR_4G172100v2	0
SEVIR_4G172000v2	16.08479
SEVIR_4G171900v2	4.884886
SEVIR_4G171800v2	0.334339
SEVIR_4G171700v2	0
SEVIR_4G171600v2	0.347955
SEVIR_4G171500v2	0
SEVIR_4G171400v2	29.457598
SEVIR_4G171401v2	5.565333
SEVIR_4G171402v2	0
SEVIR_4G171200v2	0
SEVIR_4G171100v2	1.6676
SEVIR_4G171000v2	1.136368
SEVIR_4G171001v2	0
SEVIR_4G170800v2	0
SEVIR_4G170700v2	7.204368
SEVIR_4G170600v2	0
SEVIR_4G170601v2	0
SEVIR_4G170500v2	0
SEVIR_4G170400v2	4.950179
SEVIR_4G170300v2	0
SEVIR_4G170200v2	1.771516
SEVIR_4G170201v2	0.112501
SEVIR_4G170202v2	0.432394
SEVIR_4G170203v2	0
SEVIR_4G170000v2	59.58689
SEVIR_4G169900v2	0
SEVIR_4G169800v2	0
SEVIR_4G169801v2	0
SEVIR_4G169700v2	0.469422
SEVIR_4G169600v2	0
SEVIR_4G169300v2	15.131364
SEVIR_4G169500v2	0.657153
SEVIR_4G169400v2	0.703321
SEVIR_4G169200v2	2.060296
SEVIR_4G169100v2	0.035778
SEVIR_4G169000v2	0.432394
SEVIR_4G168900v2	0
SEVIR_4G168800v2	0.052739
SEVIR_4G168700v2	1.188289
SEVIR_4G168600v2	1.857226
SEVIR_4G168500v2	0.174372
SEVIR_4G168400v2	3.790419
SEVIR_4G168300v2	2.157232
SEVIR_4G168301v2	0.319879
SEVIR_4G168200v2	3.030393
SEVIR_4G168201v2	9.389132
SEVIR_4G168202v2	0
SEVIR_4G168100v2	34.005813
SEVIR_4G168000v2	4.768349
SEVIR_4G168001v2	0.117468
SEVIR_4G167900v2	0.524148
SEVIR_4G167800v2	9.68593
SEVIR_4G167700v2	0.062499
SEVIR_4G167600v2	0
SEVIR_4G167500v2	21.523246
SEVIR_4G167400v2	6.903903
SEVIR_4G167300v2	9.105846
SEVIR_4G167200v2	0.441857
SEVIR_4G167201v2	0
SEVIR_4G167000v2	0.452982
SEVIR_4G166900v2	1.943851
SEVIR_4G166800v2	0
SEVIR_4G166700v2	5.115479
SEVIR_4G166500v2	0
SEVIR_4G166400v2	0.360075
SEVIR_4G166300v2	0
SEVIR_4G166100v2	0
SEVIR_4G166000v2	12.419897
SEVIR_4G165900v2	12.403761
SEVIR_4G165800v2	0.867851
SEVIR_4G165700v2	13.226358
SEVIR_4G165600v2	3.319526
SEVIR_4G165500v2	5.78631
SEVIR_4G165400v2	0
SEVIR_4G165401v2	13.380656
SEVIR_4G165300v2	0.145071
SEVIR_4G165200v2	0.481721
SEVIR_4G165000v2	0.681599
SEVIR_4G165001v2	0.722241
SEVIR_4G164900v2	259.892178
SEVIR_4G164800v2	20.74635
SEVIR_4G164700v2	0.014616
SEVIR_4G164600v2	0
SEVIR_4G164400v2	0
SEVIR_4G164300v2	72.350994
SEVIR_4G164200v2	0.26076
SEVIR_4G163900v2	2.025015
SEVIR_4G163700v2	0
SEVIR_4G163701v2	1.227039
SEVIR_4G163600v2	0.333843
SEVIR_4G163500v2	0
SEVIR_4G163400v2	0
SEVIR_4G163401v2	0
SEVIR_4G163402v2	0
SEVIR_4G163200v2	0.016956
SEVIR_4G163100v2	0
SEVIR_4G163000v2	0
SEVIR_4G162900v2	10.439307
SEVIR_4G162800v2	10.249951
SEVIR_4G162700v2	31.136791
SEVIR_4G162600v2	1.293346
SEVIR_4G162500v2	0.086687
SEVIR_4G162501v2	0
SEVIR_4G162100v2	0
SEVIR_4G161900v2	0.155336
SEVIR_4G161901v2	32.861962
SEVIR_4G161800v2	8.492646
SEVIR_4G161700v2	0.725546
SEVIR_4G161701v2	2.686583
SEVIR_4G161600v2	10.871645
SEVIR_4G161500v2	0
SEVIR_4G161501v2	0
SEVIR_4G161400v2	0.453911
SEVIR_4G161300v2	0.952478
SEVIR_4G161200v2	21.960281
SEVIR_4G161000v2	8.957855
SEVIR_4G160900v2	0.092797
SEVIR_4G160800v2	0
SEVIR_4G160600v2	0
SEVIR_4G160400v2	2.729347
SEVIR_4G160300v2	3.838126
SEVIR_4G160200v2	0
SEVIR_4G160201v2	3.104361
SEVIR_4G160202v2	5.394328
SEVIR_4G160203v2	0
SEVIR_4G160100v2	33.433486
SEVIR_4G159900v2	24.184462
SEVIR_4G159700v2	53.739752
SEVIR_4G159600v2	72.004459
SEVIR_4G159601v2	0.05485
SEVIR_4G159400v2	8.728315
SEVIR_4G159300v2	3.073878
SEVIR_4G159200v2	3.327595
SEVIR_4G159100v2	0.139019
SEVIR_4G159101v2	0
SEVIR_4G158900v2	0
SEVIR_4G158800v2	0.282323
SEVIR_4G119200v2	5.850307
SEVIR_4G119201v2	0.565853
SEVIR_4G119500v2	0
SEVIR_4G119600v2	0
SEVIR_4G119601v2	32.339986
SEVIR_4G119700v2	36.834524
SEVIR_4G120000v2	16.692939
SEVIR_4G120200v2	0
SEVIR_4G120300v2	0.12123
SEVIR_4G120301v2	0
SEVIR_4G199100v2	21.876275
SEVIR_4G199200v2	1.81475
SEVIR_4G199201v2	16.430981
SEVIR_4G199202v2	0
SEVIR_4G199400v2	18.58111
SEVIR_4G199500v2	0
SEVIR_4G199600v2	0
SEVIR_4G199601v2	0.033078
SEVIR_4G199800v2	0
SEVIR_4G199801v2	8.42391
SEVIR_4G121100v2	4.830495
SEVIR_4G121200v2	0
SEVIR_4G121300v2	45.702222
SEVIR_4G121400v2	12.218939
SEVIR_4G121500v2	4.292369
SEVIR_4G121600v2	60.571873
SEVIR_4G121601v2	6.0908
SEVIR_4G121700v2	0
SEVIR_4G121800v2	0
SEVIR_4G121900v2	0
SEVIR_4G122000v2	0
SEVIR_4G122200v2	0.52067
SEVIR_4G122201v2	0
SEVIR_4G122300v2	2.344073
SEVIR_4G122400v2	0.20133
SEVIR_4G122500v2	0.300457
SEVIR_4G122600v2	9.349696
SEVIR_4G122601v2	13.479367
SEVIR_4G122700v2	0.273201
SEVIR_4G122800v2	0.121711
SEVIR_4G122900v2	29.712956
SEVIR_4G123000v2	0
SEVIR_4G123100v2	0
SEVIR_4G123200v2	0.26684
SEVIR_4G123300v2	0
SEVIR_4G123400v2	0
SEVIR_4G123500v2	0
SEVIR_4G123700v2	1.090322
SEVIR_4G123800v2	0.340628
SEVIR_4G123900v2	0
SEVIR_4G124000v2	0
SEVIR_4G124001v2	0
SEVIR_4G124100v2	0.134168
SEVIR_4G124200v2	0
SEVIR_4G124300v2	1.776036
SEVIR_4G124400v2	0
SEVIR_4G124401v2	4.07452
SEVIR_4G124500v2	2.54289
SEVIR_4G124600v2	2.834651
SEVIR_4G124700v2	5.985194
SEVIR_4G124701v2	0
SEVIR_4G124900v2	11.583868
SEVIR_4G125000v2	26.668577
SEVIR_4G125100v2	12.288319
SEVIR_4G125200v2	205.117424
SEVIR_4G125300v2	74.271185
SEVIR_4G125400v2	0.707112
SEVIR_4G125401v2	0.775724
SEVIR_4G125500v2	0
SEVIR_4G125501v2	0.308359
SEVIR_4G125600v2	0
SEVIR_4G125700v2	2.290529
SEVIR_4G125800v2	0
SEVIR_4G125801v2	0.512406
SEVIR_4G125802v2	0
SEVIR_4G125900v2	1.593888
SEVIR_4G125901v2	0.37153
SEVIR_4G126000v2	0
SEVIR_4G126100v2	0
SEVIR_4G126200v2	0
SEVIR_4G126300v2	8.498191
SEVIR_4G126400v2	2.734269
SEVIR_4G126500v2	11.660696
SEVIR_4G126600v2	82.831123
SEVIR_4G126700v2	16.733774
SEVIR_4G126800v2	9.736944
SEVIR_4G126900v2	0
SEVIR_4G127000v2	0
SEVIR_4G127100v2	0
SEVIR_4G127200v2	0
SEVIR_4G127300v2	368.668398
SEVIR_4G127400v2	16.508676
SEVIR_4G127500v2	0
SEVIR_4G127600v2	30.702137
SEVIR_4G127601v2	0.037213
SEVIR_4G127700v2	0.01539
SEVIR_4G127701v2	9.790859
SEVIR_4G127800v2	7.218548
SEVIR_4G127801v2	0.925416
SEVIR_4G128000v2	60.500914
SEVIR_4G128200v2	11.678173
SEVIR_4G128300v2	12.178023
SEVIR_4G128400v2	0
SEVIR_4G128500v2	0
SEVIR_4G128600v2	0
SEVIR_4G128700v2	14.468443
SEVIR_4G128800v2	6.884955
SEVIR_4G128900v2	0
SEVIR_4G129000v2	2.967151
SEVIR_4G129001v2	7.105607
SEVIR_4G129002v2	3.248612
SEVIR_4G129100v2	47.161275
SEVIR_4G129200v2	0
SEVIR_4G129300v2	0.123619
SEVIR_4G129400v2	0
SEVIR_4G129500v2	21.451267
SEVIR_4G129600v2	0.073132
SEVIR_4G129601v2	0
SEVIR_4G129602v2	159.496437
SEVIR_4G129800v2	0
SEVIR_4G129900v2	2.290903
SEVIR_4G130000v2	3.521551
SEVIR_4G130100v2	0
SEVIR_4G130200v2	6.608766
SEVIR_4G130300v2	173.726277
SEVIR_4G130500v2	2.916767
SEVIR_4G130600v2	20.998095
SEVIR_4G130700v2	0
SEVIR_4G131100v2	6.678359
SEVIR_4G131200v2	25.07246
SEVIR_4G131400v2	3.856634
SEVIR_4G131500v2	4.770567
SEVIR_4G131600v2	16.080929
SEVIR_4G131601v2	0.198628
SEVIR_4G131800v2	0.253624
SEVIR_4G131900v2	105.991302
SEVIR_4G132000v2	5.275654
SEVIR_4G132100v2	0
SEVIR_4G132300v2	9.243712
SEVIR_4G132400v2	546.959455
SEVIR_4G132600v2	32.662422
SEVIR_4G132700v2	4.597328
SEVIR_4G132800v2	46.004777
SEVIR_4G132900v2	0
SEVIR_4G133000v2	1.33567
SEVIR_4G133200v2	0.291237
SEVIR_4G133300v2	0
SEVIR_4G133301v2	0.014723
SEVIR_4G133302v2	0.912552
SEVIR_4G133500v2	25.540084
SEVIR_4G133501v2	3.440976
SEVIR_4G133502v2	2.242352
SEVIR_4G133700v2	0.66993
SEVIR_4G133800v2	1.440297
SEVIR_4G133801v2	0
SEVIR_4G133900v2	16.184282
SEVIR_4G134000v2	0.186732
SEVIR_4G134100v2	0
SEVIR_4G134200v2	2.947411
SEVIR_4G134300v2	0
SEVIR_4G134500v2	0
SEVIR_4G134501v2	0
SEVIR_4G134600v2	0.223221
SEVIR_4G134700v2	0.290827
SEVIR_4G134800v2	7.638273
SEVIR_4G134900v2	3.109872
SEVIR_4G135000v2	3.908728
SEVIR_4G135001v2	0
SEVIR_4G135200v2	15.890267
SEVIR_4G135300v2	0.036812
SEVIR_4G135400v2	0
SEVIR_4G135500v2	0
SEVIR_4G135600v2	0.029368
SEVIR_4G135601v2	0
SEVIR_4G135800v2	17.186066
SEVIR_4G135900v2	18.656521
SEVIR_4G136000v2	1.723928
SEVIR_4G136100v2	0
SEVIR_4G136200v2	0.415384
SEVIR_4G136300v2	12.143875
SEVIR_4G136500v2	6.486689
SEVIR_4G136501v2	7.697709
SEVIR_4G136600v2	16.096181
SEVIR_4G136700v2	20.324164
SEVIR_4G136800v2	17.716163
SEVIR_4G136900v2	1.575709
SEVIR_4G136901v2	2.752481
SEVIR_4G137000v2	5.066093
SEVIR_4G137100v2	49.931445
SEVIR_4G137200v2	7.470005
SEVIR_4G137300v2	2.054217
SEVIR_4G137500v2	9.758123
SEVIR_4G137600v2	0.070323
SEVIR_4G137601v2	72.567946
SEVIR_4G137602v2	87.778153
SEVIR_4G137603v2	24.920937
SEVIR_4G138000v2	8.441605
SEVIR_4G138100v2	5.67132
SEVIR_4G138200v2	1.68713
SEVIR_4G138400v2	35.780301
SEVIR_4G138500v2	1.030555
SEVIR_4G138501v2	0
SEVIR_4G138600v2	1.651118
SEVIR_4G138700v2	0
SEVIR_4G138701v2	9.128323
SEVIR_4G138800v2	24.651997
SEVIR_4G138900v2	27.13822
SEVIR_4G139000v2	6.430906
SEVIR_4G139100v2	0
SEVIR_4G139200v2	0.659923
SEVIR_4G139300v2	1.917381
SEVIR_4G139400v2	4.350911
SEVIR_4G139500v2	0.126403
SEVIR_4G139600v2	0.905462
SEVIR_4G139700v2	0.015311
SEVIR_4G139800v2	0
SEVIR_4G139900v2	6.821729
SEVIR_4G140000v2	4.867158
SEVIR_4G140001v2	13.830022
SEVIR_4G140100v2	0
SEVIR_4G140200v2	0
SEVIR_4G140300v2	0
SEVIR_4G140500v2	8.554642
SEVIR_4G140600v2	0
SEVIR_4G140700v2	5.997871
SEVIR_4G140800v2	2.803369
SEVIR_4G140900v2	0
SEVIR_4G141000v2	0
SEVIR_4G141100v2	0.021901
SEVIR_4G141200v2	0
SEVIR_4G141300v2	0
SEVIR_4G141400v2	0
SEVIR_4G141401v2	2.137628
SEVIR_4G141600v2	3.246027
SEVIR_4G141700v2	9.850271
SEVIR_4G141800v2	96.887777
SEVIR_4G141900v2	7.096976
SEVIR_4G142000v2	2.589636
SEVIR_4G142100v2	0
SEVIR_4G142200v2	0
SEVIR_4G142300v2	0
SEVIR_4G142400v2	178.631159
SEVIR_4G142401v2	0
SEVIR_4G142402v2	0
SEVIR_4G142403v2	1.086597
SEVIR_4G142404v2	0
SEVIR_4G142500v2	0
SEVIR_4G142501v2	0
SEVIR_4G142502v2	0.494165
SEVIR_4G142600v2	0.697309
SEVIR_4G142700v2	0.284914
SEVIR_4G142800v2	0
SEVIR_4G142900v2	0.743199
SEVIR_4G143000v2	59.581352
SEVIR_4G143100v2	0
SEVIR_4G143101v2	0
SEVIR_4G143102v2	0
SEVIR_4G143200v2	7.144482
SEVIR_4G143300v2	4.863587
SEVIR_4G143400v2	16.334133
SEVIR_4G143401v2	18.579814
SEVIR_4G143500v2	0.395252
SEVIR_4G143600v2	0
SEVIR_4G143700v2	2.779111
SEVIR_4G143800v2	3.460615
SEVIR_4G143900v2	0.862009
SEVIR_4G144000v2	0
SEVIR_4G144001v2	0
SEVIR_4G144002v2	0.20204
SEVIR_4G144100v2	18.725719
SEVIR_4G144101v2	0
SEVIR_4G144102v2	0
SEVIR_4G144200v2	8.933369
SEVIR_4G144300v2	0
SEVIR_4G144500v2	0.03734
SEVIR_4G144600v2	30.489164
SEVIR_4G144700v2	0
SEVIR_4G144800v2	37.626457
SEVIR_4G144900v2	0.223977
SEVIR_4G145000v2	17.630216
SEVIR_4G145100v2	3.587958
SEVIR_4G145200v2	4.847576
SEVIR_4G145300v2	75.35412
SEVIR_4G145301v2	0.940429
SEVIR_4G145400v2	9.927051
SEVIR_4G145500v2	0
SEVIR_4G145600v2	0
SEVIR_4G145700v2	0.330154
SEVIR_4G145800v2	118.668375
SEVIR_4G145900v2	22.454772
SEVIR_4G146000v2	0.514814
SEVIR_4G146100v2	18.25501
SEVIR_4G146200v2	0
SEVIR_4G146300v2	1.247688
SEVIR_4G146400v2	0.015883
SEVIR_4G146500v2	0.01869
SEVIR_4G146600v2	11.801368
SEVIR_4G146700v2	0.193083
SEVIR_4G146800v2	1.935817
SEVIR_4G146900v2	0.247082
SEVIR_4G147000v2	1.243048
SEVIR_4G147001v2	0.725676
SEVIR_4G147002v2	0.189719
SEVIR_4G147100v2	0.75109
SEVIR_4G147101v2	0
SEVIR_4G147200v2	6.145968
SEVIR_4G147300v2	0
SEVIR_4G147400v2	0
SEVIR_4G147500v2	1.364645
SEVIR_4G147501v2	7.189493
SEVIR_4G147600v2	138.415445
SEVIR_4G147601v2	2.253002
SEVIR_4G147602v2	0.38227
SEVIR_4G147603v2	0.404041
SEVIR_4G147604v2	0.672779
SEVIR_4G148000v2	25.938108
SEVIR_4G148100v2	8.945317
SEVIR_4G148200v2	0
SEVIR_4G148201v2	0.529095
SEVIR_4G148400v2	1.69027
SEVIR_4G148401v2	0.966528
SEVIR_4G148500v2	5.381878
SEVIR_4G148501v2	1.825665
SEVIR_4G148600v2	57.944689
SEVIR_4G148700v2	0
SEVIR_4G148800v2	0.029625
SEVIR_4G148900v2	0.077709
SEVIR_4G149100v2	0
SEVIR_4G149200v2	0
SEVIR_4G149400v2	0.113794
SEVIR_4G149500v2	8.267498
SEVIR_4G149600v2	0
SEVIR_4G149700v2	13.412229
SEVIR_4G149800v2	80.449976
SEVIR_4G149801v2	82.869742
SEVIR_4G150000v2	42.820545
SEVIR_4G150100v2	0
SEVIR_4G150200v2	398.576464
SEVIR_4G150300v2	0
SEVIR_4G150400v2	4.031456
SEVIR_4G150500v2	12.797974
SEVIR_4G150501v2	0.232413
SEVIR_4G150700v2	0.121769
SEVIR_4G150800v2	0
SEVIR_4G150900v2	5.516402
SEVIR_4G151000v2	2.216231
SEVIR_4G151100v2	0.095291
SEVIR_4G151200v2	0
SEVIR_4G151300v2	24.228438
SEVIR_4G151500v2	0.065371
SEVIR_4G151600v2	3.651329
SEVIR_4G151700v2	0.272966
SEVIR_4G151701v2	0.164208
SEVIR_4G151800v2	0
SEVIR_4G151900v2	0.791777
SEVIR_4G152000v2	0
SEVIR_4G152100v2	0.080274
SEVIR_4G152200v2	82.694415
SEVIR_4G152300v2	0
SEVIR_4G152400v2	0
SEVIR_4G152500v2	0
SEVIR_4G152600v2	1.401236
SEVIR_4G152700v2	7.115409
SEVIR_4G152800v2	44.490041
SEVIR_4G152801v2	0
SEVIR_4G152900v2	0.651696
SEVIR_4G153100v2	0
SEVIR_4G153300v2	0.042964
SEVIR_4G153400v2	0
SEVIR_4G153500v2	0.072492
SEVIR_4G153600v2	36.045211
SEVIR_4G153700v2	121.678743
SEVIR_4G153800v2	0.12578
SEVIR_4G153900v2	1.661765
SEVIR_4G154000v2	15.959636
SEVIR_4G154100v2	81.70514
SEVIR_4G154200v2	0
SEVIR_4G154300v2	6.163174
SEVIR_4G154400v2	33.744488
SEVIR_4G154500v2	37.497703
SEVIR_4G154600v2	1.963015
SEVIR_4G154700v2	19.264331
SEVIR_4G154800v2	0
SEVIR_4G154900v2	0.18879
SEVIR_4G155000v2	5.884412
SEVIR_4G155100v2	0.348229
SEVIR_4G155200v2	20.843488
SEVIR_4G155300v2	10.338265
SEVIR_4G155400v2	0
SEVIR_4G155500v2	0
SEVIR_4G155600v2	19.555544
SEVIR_4G155700v2	9.709583
SEVIR_4G155800v2	63.197239
SEVIR_4G155900v2	0.119227
SEVIR_4G156000v2	47.479769
SEVIR_4G156100v2	19.164042
SEVIR_4G156200v2	1.236441
SEVIR_4G156300v2	2.90101
SEVIR_4G156400v2	5.430606
SEVIR_4G156500v2	6.535443
SEVIR_4G156600v2	16.789601
SEVIR_4G156700v2	11.124505
SEVIR_4G156800v2	0.485043
SEVIR_4G157000v2	0
SEVIR_4G157100v2	5.579405
SEVIR_4G157200v2	3.661731
SEVIR_4G157300v2	0
SEVIR_4G157400v2	0
SEVIR_4G157500v2	27.128233
SEVIR_4G157600v2	13.503325
SEVIR_4G157700v2	0
SEVIR_4G157800v2	15.472112
SEVIR_4G157900v2	0.182688
SEVIR_4G158000v2	0.236559
SEVIR_4G158100v2	25.217249
SEVIR_4G158200v2	0
SEVIR_4G158300v2	18.69525
SEVIR_4G158400v2	5.777375
SEVIR_4G158500v2	26.358053
SEVIR_4G158600v2	0.635758
SEVIR_4G158700v2	43.66997
SEVIR_4G200000v2	139.265208
SEVIR_4G200100v2	0
SEVIR_4G200200v2	43.061162
SEVIR_4G200201v2	2.295242
SEVIR_4G200202v2	1.48948
SEVIR_4G200300v2	8.540257
SEVIR_4G200400v2	0
SEVIR_4G200500v2	19.978295
SEVIR_4G200600v2	0
SEVIR_4G200700v2	0.433714
SEVIR_4G200800v2	2.401634
SEVIR_4G200900v2	16.804799
SEVIR_4G201000v2	14.585146
SEVIR_4G201100v2	0.410607
SEVIR_4G201200v2	0
SEVIR_4G201300v2	41.758063
SEVIR_4G201400v2	0.10815
SEVIR_4G201500v2	0.38445
SEVIR_4G201600v2	17.468316
SEVIR_4G201700v2	0.59769
SEVIR_4G201800v2	0
SEVIR_4G201900v2	3.157956
SEVIR_4G202000v2	0.10149
SEVIR_4G202100v2	67.229524
SEVIR_4G202200v2	0
SEVIR_4G202300v2	34.79167
SEVIR_4G202400v2	15.057387
SEVIR_4G202500v2	0.814237
SEVIR_4G202600v2	12.135685
SEVIR_4G202700v2	61.264814
SEVIR_4G202800v2	0
SEVIR_4G202900v2	13.415451
SEVIR_4G203000v2	0.028066
SEVIR_4G203100v2	0.130521
SEVIR_4G203200v2	3.886309
SEVIR_4G203300v2	0.341118
SEVIR_4G203400v2	9.501134
SEVIR_4G203500v2	0.153628
SEVIR_4G203600v2	1.722981
SEVIR_4G203700v2	41.839594
SEVIR_4G203800v2	0
SEVIR_4G203900v2	9.055543
SEVIR_4G204000v2	0
SEVIR_4G204001v2	0
SEVIR_4G204200v2	0.849242
SEVIR_4G204300v2	0
SEVIR_4G204400v2	5.816727
SEVIR_4G204500v2	1.956734
SEVIR_4G204600v2	62.02186
SEVIR_4G204601v2	2.755477
SEVIR_4G204700v2	14.827796
SEVIR_4G204800v2	0
SEVIR_4G204900v2	22.423624
SEVIR_4G204901v2	3.114232
SEVIR_4G204902v2	1.216132
SEVIR_4G205100v2	0.353145
SEVIR_4G205200v2	11.259365
SEVIR_4G205300v2	0.044371
SEVIR_4G205400v2	16.455845
SEVIR_4G205500v2	5.684925
SEVIR_4G205600v2	0
SEVIR_4G205700v2	25.837945
SEVIR_4G205800v2	5.227981
SEVIR_4G205900v2	15.067554
SEVIR_4G205901v2	0.840829
SEVIR_4G205902v2	10.585343
SEVIR_4G206000v2	5.988584
SEVIR_4G206100v2	2.316028
SEVIR_4G206200v2	2.360762
SEVIR_4G206201v2	0.829093
SEVIR_4G206300v2	8.325338
SEVIR_4G206400v2	119.752347
SEVIR_4G206500v2	0.878418
SEVIR_4G206600v2	3.708934
SEVIR_4G206700v2	3.363622
SEVIR_4G206800v2	4.32716
SEVIR_4G206900v2	0
SEVIR_4G207000v2	0
SEVIR_4G207001v2	8.142759
SEVIR_4G207002v2	12.639216
SEVIR_4G207003v2	7.886871
SEVIR_4G207200v2	12.794094
SEVIR_4G207300v2	0
SEVIR_4G207301v2	0
SEVIR_4G207500v2	9.043958
SEVIR_4G207600v2	0
SEVIR_4G207700v2	0
SEVIR_4G207800v2	3.629907
SEVIR_4G207900v2	11.243186
SEVIR_4G208000v2	0.702288
SEVIR_4G208100v2	109.430802
SEVIR_4G208200v2	20.402702
SEVIR_4G208300v2	38.840927
SEVIR_4G208301v2	0.137549
SEVIR_4G208400v2	125.790481
SEVIR_4G208401v2	0
SEVIR_4G208500v2	0
SEVIR_4G208700v2	19.691399
SEVIR_4G208800v2	0
SEVIR_4G208900v2	0
SEVIR_4G209000v2	12.76877
SEVIR_4G209100v2	4.757312
SEVIR_4G209200v2	0
SEVIR_4G209201v2	0.065129
SEVIR_4G209300v2	0.182949
SEVIR_4G209400v2	2.504248
SEVIR_4G209500v2	40.157112
SEVIR_4G209600v2	59.729536
SEVIR_4G209800v2	12.621754
SEVIR_4G209700v2	0.04664
SEVIR_4G209900v2	25.853248
SEVIR_4G210000v2	0.0318
SEVIR_4G210200v2	0
SEVIR_4G210300v2	137.986897
SEVIR_4G210400v2	0
SEVIR_4G210500v2	134.7666
SEVIR_4G210600v2	18.400284
SEVIR_4G210700v2	14.465492
SEVIR_4G210800v2	9.832237
SEVIR_4G210900v2	6.581007
SEVIR_4G211000v2	137.867299
SEVIR_4G211001v2	14.991818
SEVIR_4G211100v2	231.822402
SEVIR_4G211200v2	195.94751
SEVIR_4G211300v2	17.299861
SEVIR_4G211400v2	0.765159
SEVIR_4G211401v2	0.644096
SEVIR_4G211600v2	117.357204
SEVIR_4G211700v2	0
SEVIR_4G211701v2	0
SEVIR_4G211702v2	0
SEVIR_4G211800v2	20.117232
SEVIR_4G211900v2	6.389826
SEVIR_4G212000v2	0.034837
SEVIR_4G212100v2	1.59526
SEVIR_4G212200v2	41.742745
SEVIR_4G212300v2	0
SEVIR_4G212301v2	0
SEVIR_4G212400v2	0.813343
SEVIR_4G212500v2	0.073427
SEVIR_4G212600v2	0
SEVIR_4G212700v2	0
SEVIR_4G212800v2	1.247867
SEVIR_4G212900v2	0
SEVIR_4G213000v2	17.573285
SEVIR_4G213100v2	0
SEVIR_4G213200v2	3.743244
SEVIR_4G213300v2	0
SEVIR_4G213400v2	0.047289
SEVIR_4G213500v2	0.153406
SEVIR_4G213600v2	42.757729
SEVIR_4G213700v2	16.831353
SEVIR_4G213800v2	0.206823
SEVIR_4G213900v2	0.466127
SEVIR_4G213901v2	0
SEVIR_4G214100v2	13.713234
SEVIR_4G214200v2	1.82847
SEVIR_4G214300v2	7.173045
SEVIR_4G214301v2	1.858527
SEVIR_4G214400v2	1.116132
SEVIR_4G214500v2	18.096091
SEVIR_4G214600v2	0.872441
SEVIR_4G214700v2	14.957485
SEVIR_4G214800v2	0.052239
SEVIR_4G214900v2	1.476353
SEVIR_4G214901v2	0.041247
SEVIR_4G215000v2	0.152401
SEVIR_4G215001v2	2.050992
SEVIR_4G215100v2	0.797889
SEVIR_4G215200v2	0.204033
SEVIR_4G215300v2	0
SEVIR_4G215400v2	7.59471
SEVIR_4G215700v2	2.50193
SEVIR_4G215800v2	0
SEVIR_4G215801v2	1.051067
SEVIR_4G215900v2	0
SEVIR_4G216000v2	0
SEVIR_4G216001v2	0
SEVIR_4G216100v2	0
SEVIR_4G216200v2	3.785244
SEVIR_4G216300v2	0.05345
SEVIR_4G216400v2	0
SEVIR_4G216401v2	0.848617
SEVIR_4G216600v2	4.988314
SEVIR_4G216700v2	25.296979
SEVIR_4G216800v2	1.437875
SEVIR_4G216900v2	25.610892
SEVIR_4G216901v2	1.273029
SEVIR_4G216902v2	0.557281
SEVIR_4G216903v2	0.555599
SEVIR_4G217100v2	11.416401
SEVIR_4G217200v2	0.121711
SEVIR_4G217300v2	91.300095
SEVIR_4G217400v2	17.687859
SEVIR_4G217401v2	0
SEVIR_4G217500v2	3.297858
SEVIR_4G217600v2	5.609979
SEVIR_4G217700v2	14.941631
SEVIR_4G217800v2	1.441314
SEVIR_4G217900v2	9.812947
SEVIR_4G218000v2	0.382531
SEVIR_4G218100v2	12.166923
SEVIR_4G218200v2	59.24294
SEVIR_4G218201v2	0.408223
SEVIR_4G218300v2	8.623134
SEVIR_4G218400v2	0
SEVIR_4G218500v2	0.031546
SEVIR_4G218600v2	1.591706
SEVIR_4G218601v2	1.07271
SEVIR_4G218700v2	0
SEVIR_4G218800v2	16.738571
SEVIR_4G218900v2	0
SEVIR_4G219000v2	0
SEVIR_4G219100v2	0
SEVIR_4G219200v2	0
SEVIR_4G219300v2	75.22968
SEVIR_4G219400v2	51.869498
SEVIR_4G219401v2	0.020856
SEVIR_4G219402v2	0.061742
SEVIR_4G219600v2	0.842614
SEVIR_4G219800v2	28.032634
SEVIR_4G219900v2	1.982467
SEVIR_4G220000v2	0
SEVIR_4G220300v2	34.646939
SEVIR_4G220400v2	0
SEVIR_4G220500v2	61.650019
SEVIR_4G220600v2	32.582145
SEVIR_4G220700v2	0
SEVIR_4G220800v2	0.192321
SEVIR_4G220900v2	0.51898
SEVIR_4G220901v2	0.192755
SEVIR_4G221100v2	2.848302
SEVIR_4G221200v2	0.953739
SEVIR_4G221300v2	0.065444
SEVIR_4G221400v2	0.049125
SEVIR_4G221500v2	0.243422
SEVIR_4G221600v2	4.92943
SEVIR_4G221700v2	46.312808
SEVIR_4G221800v2	5.04713
SEVIR_4G221900v2	0.042707
SEVIR_4G222000v2	18.445974
SEVIR_4G222100v2	0.03542
SEVIR_4G222200v2	11.642682
SEVIR_4G222300v2	13.635091
SEVIR_4G222400v2	451.63371
SEVIR_4G222500v2	19.72559
SEVIR_4G222600v2	24.249511
SEVIR_4G222700v2	25.057258
SEVIR_4G222800v2	1.811214
SEVIR_4G222900v2	0
SEVIR_4G223000v2	15.815694
SEVIR_4G223100v2	2.527394
SEVIR_4G223101v2	0.770207
SEVIR_4G223102v2	0.724385
SEVIR_4G223103v2	1.550093
SEVIR_4G223104v2	1.262293
SEVIR_4G223105v2	1.894669
SEVIR_4G223300v2	58.318354
SEVIR_4G223400v2	0.296205
SEVIR_4G223500v2	0
SEVIR_4G223600v2	0
SEVIR_4G223700v2	0.529617
SEVIR_4G223800v2	0
SEVIR_4G223900v2	0
SEVIR_4G224100v2	0.466127
SEVIR_4G224200v2	1.253052
SEVIR_4G224300v2	19.557403
SEVIR_4G224400v2	162.189683
SEVIR_4G224500v2	30.17026
SEVIR_4G224600v2	69.918473
SEVIR_4G224700v2	1.959963
SEVIR_4G224800v2	0
SEVIR_4G224900v2	39.379048
SEVIR_4G224901v2	0
SEVIR_4G225000v2	0.305548
SEVIR_4G225100v2	0
SEVIR_4G225300v2	24.59289
SEVIR_4G225200v2	0
SEVIR_4G225301v2	0
SEVIR_4G225302v2	4.273325
SEVIR_4G225500v2	6.894222
SEVIR_4G225600v2	13.77698
SEVIR_4G225700v2	43.485548
SEVIR_4G225800v2	0.026421
SEVIR_4G225900v2	4.415825
SEVIR_4G226000v2	0
SEVIR_4G226100v2	0.269161
SEVIR_4G226200v2	1.242083
SEVIR_4G226300v2	4.710139
SEVIR_4G226400v2	2.708801
SEVIR_4G226500v2	0.709675
SEVIR_4G226501v2	0
SEVIR_4G226600v2	0.2502
SEVIR_4G226700v2	3.806411
SEVIR_4G226800v2	0
SEVIR_4G226900v2	2.12683
SEVIR_4G227000v2	12.876921
SEVIR_4G227100v2	82.551776
SEVIR_4G227200v2	0.140723
SEVIR_4G227300v2	20.188754
SEVIR_4G227400v2	2.487128
SEVIR_4G227500v2	0
SEVIR_4G227600v2	4.382951
SEVIR_4G227700v2	5.623269
SEVIR_4G227800v2	0
SEVIR_4G227900v2	0
SEVIR_4G228000v2	0
SEVIR_4G228100v2	1.877636
SEVIR_4G228200v2	0.085353
SEVIR_4G228300v2	15.406873
SEVIR_4G228400v2	2.223949
SEVIR_4G228500v2	10.160742
SEVIR_4G228600v2	58.793235
SEVIR_4G228700v2	1.961753
SEVIR_4G229000v2	4.450854
SEVIR_4G229100v2	0.207538
SEVIR_4G229200v2	4.128486
SEVIR_4G229300v2	5.131736
SEVIR_4G229400v2	9.359508
SEVIR_4G229500v2	22.046427
SEVIR_4G229600v2	8.820454
SEVIR_4G229700v2	0
SEVIR_4G229701v2	0.877741
SEVIR_4G229800v2	46.810757
SEVIR_4G229900v2	0.786911
SEVIR_4G229901v2	0
SEVIR_4G230000v2	7.140223
SEVIR_4G230100v2	58.047887
SEVIR_4G230200v2	0
SEVIR_4G230300v2	27.649862
SEVIR_4G230400v2	4.978003
SEVIR_4G230500v2	0.170735
SEVIR_4G230600v2	0.880494
SEVIR_4G230700v2	40.951844
SEVIR_4G230900v2	0
SEVIR_4G231000v2	0
SEVIR_4G231100v2	13.230026
SEVIR_4G231200v2	12.361802
SEVIR_4G231300v2	0
SEVIR_4G231301v2	0.07199
SEVIR_4G231302v2	0
SEVIR_4G231303v2	0
SEVIR_4G231304v2	0.176996
SEVIR_4G231500v2	27.516653
SEVIR_4G231600v2	16.047862
SEVIR_4G231700v2	32.563999
SEVIR_4G231800v2	34.190035
SEVIR_4G231900v2	52.270279
SEVIR_4G232000v2	30.365723
SEVIR_4G232100v2	0
SEVIR_4G232200v2	9.325119
SEVIR_4G232300v2	0.16511
SEVIR_4G232400v2	38.820091
SEVIR_4G232500v2	69.136192
SEVIR_4G232600v2	0
SEVIR_4G232601v2	100.315462
SEVIR_4G232602v2	0.888161
SEVIR_4G232800v2	17.410819
SEVIR_4G232900v2	9.839506
SEVIR_4G233100v2	0
SEVIR_4G233200v2	0
SEVIR_4G233201v2	0
SEVIR_4G233300v2	2.371154
SEVIR_4G233400v2	37.805943
SEVIR_4G233401v2	15.335582
SEVIR_4G233500v2	1.113377
SEVIR_4G233600v2	0
SEVIR_4G233700v2	22.555459
SEVIR_4G233800v2	0.486844
SEVIR_4G233900v2	0.454528
SEVIR_4G233901v2	0
SEVIR_4G234000v2	252.840821
SEVIR_4G234100v2	0.140229
SEVIR_4G234200v2	33.700778
SEVIR_4G234300v2	27.542881
SEVIR_4G234400v2	239.152008
SEVIR_4G234500v2	0
SEVIR_4G234600v2	0
SEVIR_4G234601v2	0
SEVIR_4G234700v2	0.164006
SEVIR_4G234800v2	0
SEVIR_4G234900v2	0.097475
SEVIR_4G235000v2	0
SEVIR_4G235100v2	0
SEVIR_4G235200v2	0
SEVIR_4G235201v2	0.021801
SEVIR_4G235400v2	0
SEVIR_4G235500v2	0.332446
SEVIR_4G235600v2	37.463867
SEVIR_4G235700v2	5.443718
SEVIR_4G235800v2	5.843471
SEVIR_4G235900v2	36.499108
SEVIR_4G236000v2	0
SEVIR_4G236100v2	5.824945
SEVIR_4G236200v2	10.051777
SEVIR_4G236300v2	21.215951
SEVIR_4G236301v2	3.422297
SEVIR_4G236400v2	1.685229
SEVIR_4G236500v2	0
SEVIR_4G236600v2	73.295787
SEVIR_4G236700v2	26.22018
SEVIR_4G236900v2	1.028102
SEVIR_4G236701v2	0
SEVIR_4G236800v2	4.058201
SEVIR_4G236901v2	0
SEVIR_4G237000v2	2.669582
SEVIR_4G237100v2	0.323712
SEVIR_4G237200v2	17.941409
SEVIR_4G237300v2	0
SEVIR_4G237400v2	0
SEVIR_4G237500v2	32.71242
SEVIR_4G237600v2	14.735605
SEVIR_4G237601v2	73.700961
SEVIR_4G237800v2	0.735608
SEVIR_4G237900v2	37.480602
SEVIR_4G238000v2	0.163082
SEVIR_4G238100v2	6.66174
SEVIR_4G238200v2	42.754514
SEVIR_4G238300v2	4.031406
SEVIR_4G238400v2	0
SEVIR_4G238500v2	6.643507
SEVIR_4G238600v2	5.484752
SEVIR_4G238700v2	60.063746
SEVIR_4G238800v2	0.972154
SEVIR_4G238900v2	1.103343
SEVIR_4G239000v2	44.57429
SEVIR_4G239100v2	466.579393
SEVIR_4G239200v2	0.361799
SEVIR_4G239300v2	0
SEVIR_4G239301v2	15.648553
SEVIR_4G239400v2	0.026855
SEVIR_4G239500v2	27.202776
SEVIR_4G239600v2	0.083474
SEVIR_4G239700v2	0.361068
SEVIR_4G239800v2	0.362972
SEVIR_4G239900v2	0
SEVIR_4G239901v2	0.368183
SEVIR_4G240000v2	674.070973
SEVIR_4G240001v2	0.059886
SEVIR_4G240100v2	0
SEVIR_4G240200v2	0
SEVIR_4G240300v2	1.832824
SEVIR_4G240400v2	0
SEVIR_4G240500v2	0
SEVIR_4G240600v2	18.049196
SEVIR_4G240700v2	5.422793
SEVIR_4G240800v2	0
SEVIR_4G240801v2	23.650407
SEVIR_4G240802v2	11.058445
SEVIR_4G241000v2	0.060157
SEVIR_4G241100v2	0.532862
SEVIR_4G241200v2	23.552605
SEVIR_4G241300v2	18.6221
SEVIR_4G241400v2	0.304484
SEVIR_4G241500v2	40.637132
SEVIR_4G241501v2	1.763924
SEVIR_4G241600v2	1.627983
SEVIR_4G241700v2	0
SEVIR_4G241800v2	1.420534
SEVIR_4G241900v2	6.884649
SEVIR_4G241901v2	10.600354
SEVIR_4G242000v2	1.666384
SEVIR_4G242001v2	1.257621
SEVIR_4G242200v2	19.845675
SEVIR_4G242300v2	15.712541
SEVIR_4G242400v2	0.148775
SEVIR_4G242500v2	19.728605
SEVIR_4G242600v2	0
SEVIR_4G242601v2	0.933953
SEVIR_4G242602v2	0.193859
SEVIR_4G242700v2	68.533595
SEVIR_4G242800v2	10.119634
SEVIR_4G242900v2	0.248931
SEVIR_4G243000v2	0.176544
SEVIR_4G243100v2	0
SEVIR_4G243200v2	0
SEVIR_4G243300v2	5.65815
SEVIR_4G243301v2	0
SEVIR_4G243400v2	0.322186
SEVIR_4G243401v2	5.476994
SEVIR_4G243500v2	14.423141
SEVIR_4G243600v2	0
SEVIR_4G243700v2	1.216514
SEVIR_4G243701v2	4.705775
SEVIR_4G243702v2	299.753275
SEVIR_4G243800v2	57.574116
SEVIR_4G243900v2	53.032002
SEVIR_4G244000v2	0.155237
SEVIR_4G244100v2	2.71468
SEVIR_4G244200v2	0.271838
SEVIR_4G244300v2	0.316186
SEVIR_4G244400v2	1.913766
SEVIR_4G244500v2	0
SEVIR_4G244600v2	0.301486
SEVIR_4G244700v2	1.159723
SEVIR_4G244800v2	0
SEVIR_4G244801v2	0
SEVIR_4G244900v2	0.415894
SEVIR_4G244901v2	0.100715
SEVIR_4G244902v2	0.500093
SEVIR_4G244903v2	2.186097
SEVIR_4G245200v2	67.877276
SEVIR_4G245300v2	7.18566
SEVIR_4G245400v2	0.119857
SEVIR_4G245500v2	0.04496
SEVIR_4G245600v2	7.019071
SEVIR_4G245700v2	2.506966
SEVIR_4G245800v2	0.074795
SEVIR_4G245900v2	0.761168
SEVIR_4G246000v2	0.297854
SEVIR_4G246100v2	0.198779
SEVIR_4G246300v2	16.854387
SEVIR_4G246400v2	0
SEVIR_4G246401v2	0
SEVIR_4G246600v2	1.197313
SEVIR_4G246700v2	0
SEVIR_4G246800v2	0
SEVIR_4G246900v2	0
SEVIR_4G247000v2	0
SEVIR_4G247100v2	0
SEVIR_4G247101v2	124.830187
SEVIR_4G247200v2	371.312318
SEVIR_4G247201v2	0
SEVIR_4G247300v2	12.45865
SEVIR_4G247400v2	0.029591
SEVIR_4G247500v2	0.174803
SEVIR_4G247600v2	8.738032
SEVIR_4G247700v2	1.016709
SEVIR_4G247800v2	0.360058
SEVIR_4G247900v2	0.05856
SEVIR_4G248000v2	209.328518
SEVIR_4G248100v2	44.07479
SEVIR_4G248300v2	0
SEVIR_4G248400v2	0
SEVIR_4G248500v2	0
SEVIR_4G248600v2	0
SEVIR_4G248601v2	0
SEVIR_4G248700v2	0.308131
SEVIR_4G248800v2	0
SEVIR_4G248900v2	0.168125
SEVIR_4G249000v2	11.418175
SEVIR_4G249100v2	51.757373
SEVIR_4G249200v2	3.576268
SEVIR_4G249300v2	62.847278
SEVIR_4G249400v2	0
SEVIR_4G249500v2	27.240481
SEVIR_4G249600v2	0.84613
SEVIR_4G249700v2	0
SEVIR_4G249800v2	1.880419
SEVIR_4G249900v2	55.497004
SEVIR_4G250000v2	39.813656
SEVIR_4G250100v2	10.150925
SEVIR_4G250200v2	8.01391
SEVIR_4G250300v2	0
SEVIR_4G250400v2	5.210741
SEVIR_4G250401v2	3.986793
SEVIR_4G250500v2	2.768573
SEVIR_4G250600v2	4.833591
SEVIR_4G250700v2	0
SEVIR_4G250800v2	20.616599
SEVIR_4G250900v2	279.424281
SEVIR_4G251000v2	49.348817
SEVIR_4G251100v2	25.806691
SEVIR_4G251200v2	31.461768
SEVIR_4G251300v2	1.608984
SEVIR_4G251400v2	0
SEVIR_4G251401v2	0.94634
SEVIR_4G251500v2	107.428825
SEVIR_4G251600v2	0.049915
SEVIR_4G251601v2	0.997338
SEVIR_4G251700v2	0.155638
SEVIR_4G251800v2	6.151892
SEVIR_4G251900v2	3.751642
SEVIR_4G252000v2	8.541688
SEVIR_4G252100v2	33.16208
SEVIR_4G252300v2	78.593391
SEVIR_4G252400v2	0.499413
SEVIR_4G252500v2	47.760937
SEVIR_4G252600v2	3.246947
SEVIR_4G252700v2	30.506345
SEVIR_4G252701v2	0.082447
SEVIR_4G252800v2	13.563121
SEVIR_4G252900v2	41.106418
SEVIR_4G253000v2	0
SEVIR_4G253100v2	0
SEVIR_4G253101v2	2.347283
SEVIR_4G253200v2	9.935696
SEVIR_4G253300v2	0.078995
SEVIR_4G253400v2	0.01527
SEVIR_4G253600v2	0
SEVIR_4G253700v2	203.289058
SEVIR_4G253800v2	0
SEVIR_4G253900v2	0
SEVIR_4G254000v2	0
SEVIR_4G254100v2	3.378082
SEVIR_4G254200v2	17.750314
SEVIR_4G254201v2	0
SEVIR_4G254400v2	0.034832
SEVIR_4G254500v2	1226.655598
SEVIR_4G254600v2	0
SEVIR_4G254700v2	15.168744
SEVIR_4G254800v2	33.452504
SEVIR_4G254900v2	334.87417
SEVIR_4G255000v2	96.748658
SEVIR_4G255100v2	19.806996
SEVIR_4G255200v2	0.312864
SEVIR_4G255201v2	0.369236
SEVIR_4G255300v2	4.555107
SEVIR_4G255400v2	1.971687
SEVIR_4G255500v2	8.498277
SEVIR_4G255600v2	2.072601
SEVIR_4G255700v2	0.102362
SEVIR_4G255800v2	10.257016
SEVIR_4G255900v2	5.730283
SEVIR_4G256000v2	28.830838
SEVIR_4G256100v2	0
SEVIR_4G256200v2	19.993545
SEVIR_4G256300v2	27.136496
SEVIR_4G256400v2	1.219073
SEVIR_4G256500v2	13.436147
SEVIR_4G256600v2	43.069172
SEVIR_4G256700v2	28.53925
SEVIR_4G256800v2	1.578513
SEVIR_4G256900v2	3.285182
SEVIR_4G257000v2	0
SEVIR_4G257001v2	0.280236
SEVIR_4G257200v2	1.038562
SEVIR_4G257300v2	11.369112
SEVIR_4G257400v2	84.507124
SEVIR_4G257500v2	7.824314
SEVIR_4G257600v2	35.83572
SEVIR_4G257700v2	4.600056
SEVIR_4G257800v2	0.061654
SEVIR_4G257900v2	26.547285
SEVIR_4G258000v2	1.061469
SEVIR_4G258100v2	1.275815
SEVIR_4G258200v2	0
SEVIR_4G258201v2	0.954851
SEVIR_4G258400v2	25.760792
SEVIR_4G258500v2	0.033182
SEVIR_4G258600v2	0.310542
SEVIR_4G258700v2	0
SEVIR_4G258800v2	268.424918
SEVIR_4G258900v2	0.067392
SEVIR_4G259000v2	22.466871
SEVIR_4G259100v2	0
SEVIR_4G259101v2	2.625424
SEVIR_4G259300v2	21.576725
SEVIR_4G259400v2	0.038258
SEVIR_4G259500v2	0
SEVIR_4G259600v2	0.553826
SEVIR_4G259700v2	7.787724
SEVIR_4G259800v2	29.309973
SEVIR_4G259900v2	3.126925
SEVIR_4G260000v2	6.172779
SEVIR_4G260100v2	0.048495
SEVIR_4G260200v2	0
SEVIR_4G260300v2	0.756869
SEVIR_4G260400v2	0
SEVIR_4G260500v2	0
SEVIR_4G260600v2	6.704382
SEVIR_4G260700v2	4.581496
SEVIR_4G260800v2	0.127262
SEVIR_4G260900v2	0
SEVIR_4G261000v2	0.348597
SEVIR_4G261100v2	0.785409
SEVIR_4G261200v2	13.206035
SEVIR_4G261300v2	4.118076
SEVIR_4G261400v2	6.72762
SEVIR_4G261500v2	1.158405
SEVIR_4G261600v2	29.263619
SEVIR_4G261700v2	0
SEVIR_4G261800v2	0.279741
SEVIR_4G261900v2	0.519914
SEVIR_4G261901v2	0.200065
SEVIR_4G262000v2	12.011317
SEVIR_4G262100v2	3.75254
SEVIR_4G262200v2	61.843989
SEVIR_4G262300v2	0
SEVIR_4G262400v2	1.117674
SEVIR_4G262500v2	2.664334
SEVIR_4G262600v2	0
SEVIR_4G262700v2	23.147606
SEVIR_4G262800v2	10.249372
SEVIR_4G262900v2	5.360195
SEVIR_4G262901v2	0
SEVIR_4G263000v2	3.011765
SEVIR_4G263001v2	7.39654
SEVIR_4G263200v2	8.084417
SEVIR_4G263300v2	11.07261
SEVIR_4G263301v2	0.125635
SEVIR_4G263400v2	0.542692
SEVIR_4G263401v2	0.22453
SEVIR_4G263500v2	12.53931
SEVIR_4G263600v2	1.380836
SEVIR_4G263900v2	1.330552
SEVIR_4G263700v2	25.676085
SEVIR_4G264000v2	23.574461
SEVIR_4G264001v2	0
SEVIR_4G264100v2	0
SEVIR_4G264200v2	0.248589
SEVIR_4G264300v2	4.296778
SEVIR_4G264400v2	0.188549
SEVIR_4G264500v2	21.880626
SEVIR_4G264600v2	0
SEVIR_4G264700v2	6.477561
SEVIR_4G264800v2	15.98228
SEVIR_4G264900v2	5.233394
SEVIR_4G264901v2	0.985721
SEVIR_4G265000v2	1.558109
SEVIR_4G265001v2	0.193306
SEVIR_4G265200v2	10.830439
SEVIR_4G265201v2	0
SEVIR_4G265300v2	1.559258
SEVIR_4G265400v2	35.751313
SEVIR_4G265500v2	102.981633
SEVIR_4G265600v2	3.67086
SEVIR_4G265601v2	0
SEVIR_4G265602v2	3.865801
SEVIR_4G265800v2	0.071056
SEVIR_4G265900v2	0
SEVIR_4G266000v2	0.216614
SEVIR_4G266100v2	185.396567
SEVIR_4G266200v2	35.464488
SEVIR_4G266300v2	0
SEVIR_4G266400v2	49.340099
SEVIR_4G266500v2	0.41813
SEVIR_4G266600v2	0
SEVIR_4G266700v2	1747.868423
SEVIR_4G266800v2	1.133171
SEVIR_4G266900v2	0.60211
SEVIR_4G267000v2	0.170897
SEVIR_4G267100v2	0
SEVIR_4G267200v2	0
SEVIR_4G267300v2	24.475554
SEVIR_4G267400v2	7.580068
SEVIR_4G267500v2	7.490932
SEVIR_4G267600v2	15.856435
SEVIR_4G267700v2	12.238427
SEVIR_4G267800v2	1.327144
SEVIR_4G267900v2	0
SEVIR_4G268000v2	0.054102
SEVIR_4G268100v2	0
SEVIR_4G268200v2	81.960755
SEVIR_4G268300v2	1.647064
SEVIR_4G268400v2	2.611297
SEVIR_4G268500v2	74.731034
SEVIR_4G268600v2	22.787987
SEVIR_4G268700v2	23.745851
SEVIR_4G268800v2	13.523373
SEVIR_4G268900v2	12.148606
SEVIR_4G269000v2	6.211706
SEVIR_4G269100v2	0
SEVIR_4G269200v2	6.359545
SEVIR_4G269300v2	8.641479
SEVIR_4G269400v2	4.66469
SEVIR_4G269500v2	0
SEVIR_4G269501v2	2.687857
SEVIR_4G269502v2	3.779587
SEVIR_4G269503v2	3.892688
SEVIR_4G269800v2	7.894309
SEVIR_4G269900v2	1.169081
SEVIR_4G270000v2	9.881314
SEVIR_4G270100v2	0.121711
SEVIR_4G270200v2	0.639885
SEVIR_4G270201v2	0
SEVIR_4G270300v2	13.057056
SEVIR_4G270400v2	0
SEVIR_4G270500v2	0.248562
SEVIR_4G270600v2	74.698763
SEVIR_4G270601v2	0.048749
SEVIR_4G270800v2	0.586821
SEVIR_4G270900v2	0
SEVIR_4G271000v2	0.0708
SEVIR_4G271100v2	29.168088
SEVIR_4G271200v2	4.418361
SEVIR_4G271201v2	0.512679
SEVIR_4G271300v2	11.964057
SEVIR_4G271400v2	0.568224
SEVIR_4G271500v2	0
SEVIR_4G271600v2	0
SEVIR_4G271700v2	0.878048
SEVIR_4G271800v2	18.549644
SEVIR_4G271900v2	42.691494
SEVIR_4G272000v2	0
SEVIR_4G272001v2	0
SEVIR_4G272002v2	0
SEVIR_4G272200v2	70.37183
SEVIR_4G272300v2	10.875425
SEVIR_4G272400v2	47.149774
SEVIR_4G272500v2	27.218442
SEVIR_4G272600v2	241.927831
SEVIR_4G272700v2	0
SEVIR_4G272701v2	775.173715
SEVIR_4G272900v2	5.980907
SEVIR_4G273000v2	15.37126
SEVIR_4G273100v2	633.654013
SEVIR_4G273200v2	22.956723
SEVIR_4G273300v2	2.981393
SEVIR_4G273400v2	4.508068
SEVIR_4G273500v2	0
SEVIR_4G273600v2	0.45929
SEVIR_4G273700v2	2.283074
SEVIR_4G273701v2	0.630052
SEVIR_4G273702v2	0.13482
SEVIR_4G273900v2	20.252318
SEVIR_4G274000v2	11.108154
SEVIR_4G274100v2	9.8007
SEVIR_4G274200v2	13.801911
SEVIR_4G274300v2	0.070526
SEVIR_4G274400v2	0
SEVIR_4G274500v2	15.226216
SEVIR_4G274600v2	0.185498
SEVIR_4G274700v2	0
SEVIR_4G274800v2	0.146288
SEVIR_4G274900v2	37.337667
SEVIR_4G275000v2	2.1306
SEVIR_4G275100v2	27.547977
SEVIR_4G275101v2	0.140143
SEVIR_4G275200v2	10.738721
SEVIR_4G275300v2	23.500838
SEVIR_4G275400v2	15.193257
SEVIR_4G275500v2	9.682376
SEVIR_4G275600v2	8.945581
SEVIR_4G275700v2	0
SEVIR_4G275800v2	8.27752
SEVIR_4G276000v2	2.736604
SEVIR_4G276100v2	14.695306
SEVIR_4G276200v2	13.441331
SEVIR_4G276300v2	8.641322
SEVIR_4G276400v2	10.884445
SEVIR_4G276500v2	8.150131
SEVIR_4G276600v2	0.538721
SEVIR_4G276700v2	0
SEVIR_4G276800v2	0
SEVIR_4G276900v2	0
SEVIR_4G277000v2	0.704744
SEVIR_4G277100v2	0.727066
SEVIR_4G277200v2	0.538721
SEVIR_4G277201v2	0
SEVIR_4G277202v2	7.717718
SEVIR_4G277300v2	119.439883
SEVIR_4G277500v2	0.178837
SEVIR_4G277501v2	0
SEVIR_4G277600v2	200.48646
SEVIR_4G277700v2	0.386611
SEVIR_4G277701v2	3.370458
SEVIR_4G277800v2	9.360617
SEVIR_4G277900v2	11.542441
SEVIR_4G278000v2	98.671042
SEVIR_4G278100v2	46.060601
SEVIR_4G278101v2	1.440327
SEVIR_4G278200v2	10.311547
SEVIR_4G278300v2	0
SEVIR_4G278400v2	0.759571
SEVIR_4G278500v2	4.085218
SEVIR_4G278600v2	0.318058
SEVIR_4G278700v2	0
SEVIR_4G278800v2	17.291471
SEVIR_4G278900v2	5.568846
SEVIR_4G279000v2	4.549979
SEVIR_4G279100v2	14.897182
SEVIR_4G279200v2	30.238333
SEVIR_4G279300v2	18.961188
SEVIR_4G279400v2	0.191977
SEVIR_4G279401v2	1785.061766
SEVIR_4G279402v2	1.939661
SEVIR_4G279600v2	27.661204
SEVIR_4G279700v2	29.135562
SEVIR_4G279800v2	29.328905
SEVIR_4G279900v2	0
SEVIR_4G280000v2	24.181141
SEVIR_4G280100v2	7.963258
SEVIR_4G280200v2	0
SEVIR_4G280300v2	0.054246
SEVIR_4G280400v2	0.171064
SEVIR_4G280500v2	13.51946
SEVIR_4G280501v2	0
SEVIR_4G280600v2	13.911607
SEVIR_4G280700v2	0.365525
SEVIR_4G280800v2	6.324031
SEVIR_4G280900v2	0
SEVIR_4G281000v2	0.449781
SEVIR_4G281100v2	22.495963
SEVIR_4G281101v2	0.191416
SEVIR_4G281300v2	0
SEVIR_4G281400v2	17.43523
SEVIR_4G281401v2	1.917247
SEVIR_4G281600v2	64.924301
SEVIR_4G281700v2	7.722015
SEVIR_4G281701v2	4.381595
SEVIR_4G281702v2	0
SEVIR_4G281800v2	19.953629
SEVIR_4G281900v2	0
SEVIR_4G282000v2	0.00822
SEVIR_4G282100v2	45.809937
SEVIR_4G282200v2	0
SEVIR_4G282300v2	0
SEVIR_4G282400v2	0.519896
SEVIR_4G282500v2	6.315999
SEVIR_4G282600v2	40.608945
SEVIR_4G282700v2	3.55388
SEVIR_4G282800v2	0
SEVIR_4G283000v2	7.202514
SEVIR_4G283100v2	35.767098
SEVIR_4G283200v2	2.409233
SEVIR_4G283300v2	7.657347
SEVIR_4G283400v2	4.179333
SEVIR_4G283500v2	37.841278
SEVIR_4G283600v2	5.229736
SEVIR_4G283700v2	0.375548
SEVIR_4G283800v2	8.667233
SEVIR_4G283900v2	0.662862
SEVIR_4G284000v2	0.810253
SEVIR_4G284400v2	1.505298
SEVIR_4G284100v2	38.573813
SEVIR_4G284200v2	0
SEVIR_4G284300v2	0.778704
SEVIR_4G284500v2	0
SEVIR_4G284600v2	8.917709
SEVIR_4G284700v2	0
SEVIR_4G284800v2	14.200181
SEVIR_4G284900v2	0.078452
SEVIR_4G285000v2	0
SEVIR_4G285100v2	0.094866
SEVIR_4G285200v2	39.434787
SEVIR_4G285300v2	7.067845
SEVIR_4G285400v2	0.239335
SEVIR_4G285500v2	0.074265
SEVIR_4G285501v2	0
SEVIR_4G285502v2	0
SEVIR_4G285503v2	0
SEVIR_4G285504v2	0
SEVIR_4G285505v2	0
SEVIR_4G285506v2	0
SEVIR_4G285600v2	0
SEVIR_4G285700v2	40.671938
SEVIR_4G285800v2	3.882966
SEVIR_4G285900v2	7.036565
SEVIR_4G286000v2	11.48016
SEVIR_4G286100v2	0.190351
SEVIR_4G286300v2	538.090281
SEVIR_4G286400v2	1.623737
SEVIR_4G286401v2	0
SEVIR_4G286500v2	609.631523
SEVIR_4G286600v2	12.162426
SEVIR_4G286700v2	1.230349
SEVIR_4G286800v2	30.283086
SEVIR_4G286900v2	9.272326
SEVIR_4G287000v2	6.456568
SEVIR_4G287100v2	123.845396
SEVIR_4G287200v2	3.883923
SEVIR_4G287300v2	10.093668
SEVIR_4G287400v2	2.766468
SEVIR_4G287500v2	0.126591
SEVIR_4G287600v2	33.90845
SEVIR_4G287700v2	3.062169
SEVIR_4G287800v2	13.431457
SEVIR_4G287801v2	1.025038
SEVIR_4G287900v2	15.672992
SEVIR_4G288000v2	81.455644
SEVIR_4G288001v2	2.376359
SEVIR_4G288200v2	6.314097
SEVIR_4G288300v2	14.284799
SEVIR_4G288400v2	4.848124
SEVIR_4G288500v2	0
SEVIR_4G288600v2	15.172908
SEVIR_4G288700v2	3.747643
SEVIR_4G288800v2	0.48899
SEVIR_4G288900v2	4.570428
SEVIR_4G289000v2	40.179553
SEVIR_4G289100v2	53.721875
SEVIR_4G289200v2	0.296054
SEVIR_4G289300v2	5.332394
SEVIR_4G289400v2	2.415138
SEVIR_4G289401v2	0
SEVIR_4G289402v2	0
SEVIR_4G289403v2	37.889047
SEVIR_4G289404v2	0
SEVIR_4G289500v2	0
SEVIR_4G289600v2	15.260941
SEVIR_4G289700v2	0
SEVIR_4G289800v2	6.558014
SEVIR_4G289900v2	0.349348
SEVIR_4G290000v2	66.277108
SEVIR_4G290100v2	0
SEVIR_4G290200v2	0.017821
SEVIR_4G290300v2	0.082328
SEVIR_4G290400v2	28.720486
SEVIR_4G290500v2	78.480635
SEVIR_4G290600v2	343.885813
SEVIR_4G290700v2	70.653882
SEVIR_4G290800v2	0.827447
SEVIR_4G290900v2	26.334247
SEVIR_4G291000v2	2.254537
SEVIR_4G291100v2	46.238212
SEVIR_4G291200v2	7.475148
SEVIR_4G291201v2	0.059201
SEVIR_4G291300v2	9.835635
SEVIR_4G291400v2	22.483008
SEVIR_4G291500v2	0.648533
SEVIR_4G291600v2	164.309809
SEVIR_4G291700v2	12.058186
SEVIR_4G291701v2	2.33704
SEVIR_4G291900v2	0.166106
SEVIR_4G292000v2	89.661727
SEVIR_4G292100v2	0.843913
SEVIR_4G292200v2	0.095685
SEVIR_4G292300v2	77.317522
SEVIR_4G292400v2	365.007939
SEVIR_4G292500v2	0.749262
SEVIR_4G292600v2	2.90559
SEVIR_4G292601v2	0.184669
SEVIR_4G292700v2	0.055486
SEVIR_4G292701v2	1.167162
SEVIR_4G292800v2	0.208944
SEVIR_4G292900v2	0
SEVIR_4G293000v2	12.566873
SEVIR_4G293100v2	30.508297
SEVIR_4G293200v2	19.569333
SEVIR_4G293300v2	8.865849
SEVIR_4G293301v2	0.072267
SEVIR_4G293400v2	34.958975
SEVIR_4G293500v2	14.190131
SEVIR_4G293502v2	6.462162
SEVIR_4G293501v2	4.165812
SEVIR_4G293600v2	1.548426
SEVIR_4G293700v2	275.59216
SEVIR_4G293800v2	10.51099
SEVIR_4G293900v2	30.776605
SEVIR_4G294000v2	23.793935
SEVIR_4G294100v2	17.860743
SEVIR_4G294200v2	3.278346
SEVIR_4G294300v2	8.163749
SEVIR_4G294400v2	20.92677
SEVIR_4G294500v2	6.547672
SEVIR_4G294600v2	0.088731
SEVIR_4G294601v2	0.325878
SEVIR_4G294800v2	2.413033
SEVIR_4G294900v2	0
SEVIR_4G295000v2	0
SEVIR_4G295100v2	36.468618
SEVIR_4G295200v2	47.708502
SEVIR_4G295300v2	8.204278
SEVIR_4G295400v2	8.410078
SEVIR_4G295500v2	54.132724
SEVIR_4G295600v2	12.792191
SEVIR_4G295700v2	54.451151
SEVIR_4G295701v2	0.041796
SEVIR_4G295800v2	30.267668
SEVIR_4G295900v2	3.330433
SEVIR_4G296000v2	1.011137
SEVIR_4G296100v2	50.828441
SEVIR_4G296200v2	11.363985
SEVIR_4G296300v2	20.7086
SEVIR_4G296400v2	0
SEVIR_4G296500v2	0
SEVIR_4G296600v2	19.689857
SEVIR_4G296700v2	0.076693
SEVIR_4G296800v2	0
SEVIR_4G296900v2	0.02361
SEVIR_4G297000v2	0
SEVIR_4G297100v2	1.112368
SEVIR_4G297200v2	416.182121
SEVIR_4G297300v2	8.382299
SEVIR_4G297400v2	12.236094
SEVIR_4G297500v2	12.53101
SEVIR_4G297600v2	5.61149
SEVIR_4G297700v2	1.448746
SEVIR_4G297800v2	0.718227
SEVIR_4G297900v2	0.236078
SEVIR_4G298000v2	0.068239
SEVIR_4G298001v2	0.035585
SEVIR_4G298100v2	0.427949
SEVIR_4G298200v2	0.092121
SEVIR_4G298300v2	32.861012
SEVIR_4G298400v2	54.55206
SEVIR_4G298500v2	12.291333
SEVIR_4G298501v2	0.506111
SEVIR_4G298600v2	15.422558
SEVIR_4G298700v2	15.555092
SEVIR_4G298800v2	26.34967
SEVIR_4G298900v2	0.097343
SEVIR_4G299000v2	0
SEVIR_4G299100v2	167.425465
SEVIR_4G299101v2	0.43017
SEVIR_4G299200v2	6.779447
SEVIR_4G299300v2	19.545136
SEVIR_4G299400v2	4.091803
SEVIR_4G299500v2	0.922101
SEVIR_4G299600v2	5.212175
SEVIR_4G299700v2	11.392232
SEVIR_4G299800v2	2324.535142
SEVIR_4G299801v2	1.172619
SEVIR_4G299900v2	0.252786
SEVIR_4G299901v2	0
SEVIR_4G300000v2	15.384444
SEVIR_4G300100v2	30.121457
SEVIR_4G300101v2	0
SEVIR_4G300300v2	2.270332
SEVIR_4G300400v2	46.368987
SEVIR_4G300500v2	1.893131
SEVIR_4G300600v2	19.545296
SEVIR_4G300700v2	2.169593
SEVIR_4G300800v2	15.543348
SEVIR_4G300900v2	1.042304
SEVIR_4G300901v2	0.028396
SEVIR_4G301000v2	0.850363
SEVIR_4G301100v2	12.018333
SEVIR_4G301200v2	9.761837
SEVIR_4G301300v2	7.74119
SEVIR_4G301400v2	79.092804
SEVIR_4G301500v2	4.893996
SEVIR_4G301600v2	157.528385
SEVIR_4G301700v2	0.936001
SEVIR_4G301800v2	3.718029
SEVIR_4G301801v2	0
SEVIR_4G301900v2	28.597571
SEVIR_4G302000v2	3.31648
SEVIR_4G302100v2	12.454438
SEVIR_4G302200v2	15.991821
SEVIR_4G302300v2	11.74139
SEVIR_4G302400v2	6.982558
SEVIR_4G302500v2	9.89926
SEVIR_4G302600v2	1.000037
SEVIR_4G302700v2	2.687641
SEVIR_4G302800v2	2.030839
SEVIR_4G302900v2	21.887633
SEVIR_4G303000v2	53.434292
SEVIR_4G303100v2	16.056003
SEVIR_4G303200v2	59.308488
SEVIR_4G303300v2	45.549331
SEVIR_4G303400v2	55.352334
SEVIR_4G303500v2	220.740233
SEVIR_4G303600v2	3.986611
SEVIR_4G303700v2	10.199583
SEVIR_4G303800v2	212.510728
SEVIR_4G303900v2	8.672854
SEVIR_4G304000v2	0
SEVIR_4G304100v2	0
SEVIR_4G304200v2	49.097542
SEVIR_4G304300v2	35.153969
SEVIR_4G304400v2	10.588477
SEVIR_4G304500v2	0.924654
SEVIR_4G304600v2	0.391421
SEVIR_4G304700v2	85.878749
SEVIR_4G304800v2	17.663304
SEVIR_4G304801v2	1.030515
SEVIR_4G304802v2	21.010247
SEVIR_4G304803v2	0.241652
SEVIR_4G305000v2	0
SEVIR_4G305100v2	0
SEVIR_5G000100v2	0
SEVIR_5G000200v2	0
SEVIR_5G000300v2	0.456416
SEVIR_5G000400v2	0
SEVIR_5G000500v2	0
SEVIR_5G000600v2	5.93523
SEVIR_5G000700v2	4.925331
SEVIR_5G000800v2	33.951365
SEVIR_5G000900v2	0.152152
SEVIR_5G001000v2	18.456792
SEVIR_5G001100v2	0.299657
SEVIR_5G001200v2	8.552765
SEVIR_5G001300v2	3.664127
SEVIR_5G001400v2	42.546187
SEVIR_5G001500v2	18.13538
SEVIR_5G001600v2	12.037216
SEVIR_5G001700v2	5.747219
SEVIR_5G001800v2	2.25811
SEVIR_5G001900v2	19.768966
SEVIR_5G002000v2	29.812746
SEVIR_5G002100v2	14.085702
SEVIR_5G002150v2	1.471195
SEVIR_5G002200v2	36.484497
SEVIR_5G002300v2	13.472366
SEVIR_5G002500v2	10.175691
SEVIR_5G002600v2	11.806944
SEVIR_5G002650v2	1.897917
SEVIR_5G002700v2	0.231425
SEVIR_5G002800v2	11.354963
SEVIR_5G002900v2	9.127153
SEVIR_5G002950v2	0
SEVIR_5G003000v2	38.694306
SEVIR_5G003100v2	0.633198
SEVIR_5G003200v2	0
SEVIR_5G003300v2	26.097248
SEVIR_5G003400v2	13.96966
SEVIR_5G003500v2	0.545518
SEVIR_5G003600v2	38.868421
SEVIR_5G003700v2	57.669077
SEVIR_5G003800v2	14.741625
SEVIR_5G003900v2	0
SEVIR_5G004000v2	25.334182
SEVIR_5G004100v2	11.546345
SEVIR_5G004200v2	25.871626
SEVIR_5G004233v2	5.476994
SEVIR_5G004266v2	0.616972
SEVIR_5G004300v2	10.463362
SEVIR_5G004400v2	26.69864
SEVIR_5G004500v2	8.854371
SEVIR_5G004600v2	3.083999
SEVIR_5G004700v2	13.251506
SEVIR_5G004766v2	12.680204
SEVIR_5G004832v2	0.795711
SEVIR_5G004900v2	0.790483
SEVIR_5G005000v2	2.590799
SEVIR_5G005100v2	38.353089
SEVIR_5G005200v2	16.112658
SEVIR_5G005300v2	16.115096
SEVIR_5G005400v2	39.388779
SEVIR_5G005500v2	9.729157
SEVIR_5G005600v2	0
SEVIR_5G005700v2	1.462026
SEVIR_5G005800v2	50.094638
SEVIR_5G005900v2	372.410305
SEVIR_5G006000v2	56.303408
SEVIR_5G006100v2	0.048189
SEVIR_5G006200v2	0.722645
SEVIR_5G006233v2	3.955647
SEVIR_5G006266v2	0
SEVIR_5G006300v2	0.013073
SEVIR_5G006400v2	19.121983
SEVIR_5G006500v2	0.015234
SEVIR_5G006600v2	0
SEVIR_5G006650v2	0
SEVIR_5G006700v2	0
SEVIR_5G006800v2	37.606609
SEVIR_5G006900v2	14.897158
SEVIR_5G007000v2	0
SEVIR_5G007100v2	19.008858
SEVIR_5G007200v2	6.900677
SEVIR_5G007300v2	2.579388
SEVIR_5G007400v2	19.057832
SEVIR_5G007500v2	15.498664
SEVIR_5G007600v2	6.461501
SEVIR_5G007700v2	3.878236
SEVIR_5G007800v2	0
SEVIR_5G007866v2	0.142017
SEVIR_5G007932v2	3.18019
SEVIR_5G008000v2	26.73676
SEVIR_5G008100v2	0.186428
SEVIR_5G008200v2	0
SEVIR_5G008300v2	2.015885
SEVIR_5G008400v2	12.227732
SEVIR_5G008500v2	1.818947
SEVIR_5G008600v2	64.282561
SEVIR_5G008700v2	111.636899
SEVIR_5G008800v2	4.550269
SEVIR_5G008900v2	9.175454
SEVIR_5G009000v2	0.920301
SEVIR_5G009100v2	0.265016
SEVIR_5G009200v2	32.940431
SEVIR_5G009300v2	3.548052
SEVIR_5G009500v2	0.018813
SEVIR_5G009600v2	23.86737
SEVIR_5G009700v2	1.107707
SEVIR_5G009800v2	0
SEVIR_5G009900v2	0
SEVIR_5G010000v2	8.010237
SEVIR_5G010100v2	0.10776
SEVIR_5G010150v2	0
SEVIR_5G010125v2	0
SEVIR_5G010175v2	0.023783
SEVIR_5G010200v2	2.830215
SEVIR_5G010300v2	0.483034
SEVIR_5G010350v2	0
SEVIR_5G010400v2	0.552784
SEVIR_5G010500v2	54.925589
SEVIR_5G010600v2	10.986161
SEVIR_5G010701v2	0.336056
SEVIR_5G010800v2	9.812146
SEVIR_5G010900v2	0.650187
SEVIR_5G011001v2	0
SEVIR_5G011200v2	3.242629
SEVIR_5G011100v2	0
SEVIR_5G011301v2	0
SEVIR_5G011400v2	4.027615
SEVIR_5G011500v2	66.3684
SEVIR_5G011601v2	0
SEVIR_5G011700v2	0
SEVIR_5G012100v2	0
SEVIR_5G012000v2	0.384325
SEVIR_5G011900v2	3.940961
SEVIR_5G011800v2	7.223223
SEVIR_5G011966v2	1.153619
SEVIR_5G012132v2	42.423036
SEVIR_5G012300v2	152.334835
SEVIR_5G012400v2	0
SEVIR_5G012500v2	0.865574
SEVIR_5G012550v2	0.01289
SEVIR_5G012600v2	0
SEVIR_5G012700v2	15.681293
SEVIR_5G012800v2	21.300371
SEVIR_5G012900v2	0.338362
SEVIR_5G013000v2	1.396776
SEVIR_5G013050v2	0.070059
SEVIR_5G013100v2	15.83752
SEVIR_5G013200v2	13.243625
SEVIR_5G013300v2	3.404377
SEVIR_5G013400v2	8.065375
SEVIR_5G013500v2	51.059255
SEVIR_5G013600v2	115.71774
SEVIR_5G013700v2	1.983345
SEVIR_5G013800v2	0.905194
SEVIR_5G013900v2	28.132949
SEVIR_5G014000v2	7.845166
SEVIR_5G014100v2	34.224121
SEVIR_5G014200v2	4.027237
SEVIR_5G014300v2	0
SEVIR_5G014400v2	0
SEVIR_5G014500v2	11.361779
SEVIR_5G014600v2	0
SEVIR_5G014700v2	0.955259
SEVIR_5G014800v2	1.53998
SEVIR_5G014900v2	17.476769
SEVIR_5G015000v2	0
SEVIR_5G015100v2	3.892122
SEVIR_5G015200v2	3.435636
SEVIR_5G015300v2	0.055017
SEVIR_5G015400v2	0.093339
SEVIR_5G015500v2	0
SEVIR_5G015601v2	1.544588
SEVIR_5G015700v2	0
SEVIR_5G015800v2	30.98427
SEVIR_5G015900v2	2.091788
SEVIR_5G016000v2	0.556932
SEVIR_5G016100v2	0.398952
SEVIR_5G016200v2	0
SEVIR_5G016300v2	15.22129
SEVIR_5G016400v2	5.442945
SEVIR_5G016500v2	0
SEVIR_5G016600v2	0.217547
SEVIR_5G016700v2	1.245981
SEVIR_5G016800v2	6.366835
SEVIR_5G016900v2	24.092425
SEVIR_5G017000v2	12.573016
SEVIR_5G017100v2	0
SEVIR_5G017200v2	0.012279
SEVIR_5G017300v2	0.091352
SEVIR_5G017400v2	0
SEVIR_5G017500v2	0.047295
SEVIR_5G017600v2	0
SEVIR_5G017700v2	3.767125
SEVIR_5G017800v2	32.096834
SEVIR_5G017900v2	411.61694
SEVIR_5G018000v2	76.068851
SEVIR_5G018200v2	9.150947
SEVIR_5G018100v2	0
SEVIR_5G018300v2	2.442206
SEVIR_5G018400v2	2.570708
SEVIR_5G018433v2	0
SEVIR_5G018466v2	0
SEVIR_5G018500v2	0.131409
SEVIR_5G018600v2	0
SEVIR_5G018700v2	38.706975
SEVIR_5G018800v2	12.366496
SEVIR_5G018900v2	34.037218
SEVIR_5G019000v2	36.254647
SEVIR_5G019100v2	25.507094
SEVIR_5G019200v2	30.457394
SEVIR_5G019300v2	7.160183
SEVIR_5G019400v2	0
SEVIR_5G019500v2	11.38069
SEVIR_5G019600v2	149.435783
SEVIR_5G019700v2	0.171498
SEVIR_5G019800v2	9.717681
SEVIR_5G019900v2	951.159514
SEVIR_5G020000v2	91.48737
SEVIR_5G020100v2	0
SEVIR_5G020200v2	0.758192
SEVIR_5G020250v2	0.310748
SEVIR_5G020300v2	84.346365
SEVIR_5G020400v2	14.508964
SEVIR_5G020500v2	2.811881
SEVIR_5G020600v2	18.900238
SEVIR_5G020700v2	0
SEVIR_5G020800v2	0.092731
SEVIR_5G020900v2	0
SEVIR_5G021000v2	27.539675
SEVIR_5G021100v2	1.575231
SEVIR_5G021200v2	27.474392
SEVIR_5G021233v2	0
SEVIR_5G021266v2	0
SEVIR_5G021300v2	0
SEVIR_5G021400v2	15.118369
SEVIR_5G021500v2	1.104366
SEVIR_5G021600v2	0.952952
SEVIR_5G021700v2	0.014304
SEVIR_5G021750v2	0
SEVIR_5G021800v2	1.457427
SEVIR_5G021900v2	5.230822
SEVIR_5G022000v2	19.720299
SEVIR_5G022100v2	35.371115
SEVIR_5G022200v2	4.565608
SEVIR_5G022300v2	0.592107
SEVIR_5G022400v2	0.836771
SEVIR_5G022500v2	18.540881
SEVIR_5G022600v2	2.904119
SEVIR_5G022700v2	0
SEVIR_5G022800v2	0.043538
SEVIR_5G022900v2	11.208972
SEVIR_5G023100v2	21.793592
SEVIR_5G023200v2	93.744855
SEVIR_5G023300v2	0
SEVIR_5G023400v2	9.705106
SEVIR_5G023500v2	0
SEVIR_5G023600v2	0
SEVIR_5G023700v2	0.621668
SEVIR_5G023733v2	1.384501
SEVIR_5G023766v2	11.830306
SEVIR_5G023800v2	0.974923
SEVIR_5G024000v2	3.065545
SEVIR_5G024100v2	157.588044
SEVIR_5G024200v2	15.094316
SEVIR_5G024300v2	9.189986
SEVIR_5G024400v2	0.018826
SEVIR_5G024500v2	251.250854
SEVIR_5G024600v2	26.285846
SEVIR_5G024700v2	6.093637
SEVIR_5G024800v2	0
SEVIR_5G024901v2	2.782057
SEVIR_5G025000v2	181.090385
SEVIR_5G025100v2	28.26324
SEVIR_5G025200v2	0
SEVIR_5G025300v2	0.043427
SEVIR_5G025400v2	31.718765
SEVIR_5G025500v2	5.611095
SEVIR_5G025600v2	13.621302
SEVIR_5G025700v2	4.468957
SEVIR_5G025800v2	4.132768
SEVIR_5G025900v2	0.560281
SEVIR_5G026000v2	15.15985
SEVIR_5G026050v2	0.241709
SEVIR_5G026100v2	4.533668
SEVIR_5G026200v2	81.833501
SEVIR_5G026300v2	76.740844
SEVIR_5G026400v2	0.035479
SEVIR_5G026500v2	0
SEVIR_5G026600v2	0
SEVIR_5G026700v2	0
SEVIR_5G026800v2	10.683603
SEVIR_5G026901v2	3.461409
SEVIR_5G027000v2	21.677642
SEVIR_5G027100v2	20.782269
SEVIR_5G027200v2	73.712447
SEVIR_5G027300v2	113.899436
SEVIR_5G027400v2	9.351369
SEVIR_5G027500v2	0.776838
SEVIR_5G027600v2	3.978519
SEVIR_5G027700v2	0.691845
SEVIR_5G027800v2	2.147027
SEVIR_5G027900v2	68.858639
SEVIR_5G028000v2	42.096011
SEVIR_5G028100v2	16.63538
SEVIR_5G028200v2	8.12228
SEVIR_5G028300v2	24.059371
SEVIR_5G028400v2	119.066303
SEVIR_5G028500v2	38.246324
SEVIR_5G028600v2	0.020355
SEVIR_5G028700v2	0.615422
SEVIR_5G028750v2	20.299078
SEVIR_5G028800v2	54.109304
SEVIR_5G028900v2	3.86749
SEVIR_5G029000v2	7.166723
SEVIR_5G029050v2	6.109021
SEVIR_5G029100v2	0.395325
SEVIR_5G029200v2	3.373556
SEVIR_5G029300v2	40.77792
SEVIR_5G029400v2	12.683164
SEVIR_5G029500v2	51.28432
SEVIR_5G029600v2	0.246339
SEVIR_5G029700v2	0
SEVIR_5G029800v2	54.249743
SEVIR_5G029900v2	1.389363
SEVIR_5G030000v2	6.375786
SEVIR_5G030100v2	0
SEVIR_5G030200v2	3.157517
SEVIR_5G030300v2	0.538239
SEVIR_5G030400v2	32.315869
SEVIR_5G030500v2	3.596203
SEVIR_5G030600v2	27.982407
SEVIR_5G030700v2	0
SEVIR_5G030800v2	13.548875
SEVIR_5G030900v2	62.512012
SEVIR_5G031000v2	87.467778
SEVIR_5G031050v2	0.027414
SEVIR_5G031100v2	0.509816
SEVIR_5G031200v2	35.69426
SEVIR_5G031300v2	22.55775
SEVIR_5G031400v2	16.893658
SEVIR_5G031500v2	13.538008
SEVIR_5G031600v2	5.248308
SEVIR_5G031700v2	0
SEVIR_5G031800v2	20.991929
SEVIR_5G031900v2	7.269282
SEVIR_5G032000v2	233.685062
SEVIR_5G032050v2	0.660703
SEVIR_5G032100v2	19.857372
SEVIR_5G032200v2	1.072135
SEVIR_5G032300v2	10.668933
SEVIR_5G032400v2	0
SEVIR_5G032500v2	3.631857
SEVIR_5G032600v2	0.439904
SEVIR_5G032700v2	2.452549
SEVIR_5G032800v2	0.272832
SEVIR_5G032900v2	0
SEVIR_5G033000v2	12.380629
SEVIR_5G033200v2	0
SEVIR_5G033300v2	7.913601
SEVIR_5G033400v2	10.100175
SEVIR_5G033500v2	2.382113
SEVIR_5G033600v2	409.845787
SEVIR_5G033700v2	35.274413
SEVIR_5G033801v2	0.020587
SEVIR_5G033900v2	0
SEVIR_5G034000v2	0
SEVIR_5G034100v2	0.123358
SEVIR_5G034200v2	3.211825
SEVIR_5G034300v2	58.080482
SEVIR_5G034400v2	2.800212
SEVIR_5G034500v2	1.743535
SEVIR_5G034600v2	19.311049
SEVIR_5G034700v2	1.443496
SEVIR_5G034800v2	0.966938
SEVIR_5G034850v2	0
SEVIR_5G034900v2	3.071337
SEVIR_5G035000v2	137.521864
SEVIR_5G035100v2	1.818975
SEVIR_5G035200v2	175.175259
SEVIR_5G035300v2	0
SEVIR_5G035401v2	0.161874
SEVIR_5G035500v2	854.13797
SEVIR_5G035550v2	0.890418
SEVIR_5G035600v2	0
SEVIR_5G035700v2	0
SEVIR_5G035800v2	0
SEVIR_5G035900v2	0
SEVIR_5G036000v2	24.269239
SEVIR_5G036100v2	78.429963
SEVIR_5G036200v2	1.240632
SEVIR_5G036250v2	0
SEVIR_5G036300v2	2.92757
SEVIR_5G036400v2	18.646328
SEVIR_5G036500v2	47.326823
SEVIR_5G036550v2	0
SEVIR_5G036600v2	16.160049
SEVIR_5G036700v2	41.610733
SEVIR_5G036800v2	86.615885
SEVIR_5G036900v2	57.260598
SEVIR_5G037000v2	22.350353
SEVIR_5G037100v2	1.505496
SEVIR_5G037200v2	0
SEVIR_5G037233v2	9.483733
SEVIR_5G037266v2	5.55097
SEVIR_5G037300v2	0.305048
SEVIR_5G037400v2	0
SEVIR_5G037500v2	0
SEVIR_5G037700v2	34.114943
SEVIR_5G037800v2	4.386971
SEVIR_5G037900v2	4.839806
SEVIR_5G038000v2	27.316459
SEVIR_5G038100v2	10.57436
SEVIR_5G038150v2	3.129711
SEVIR_5G038200v2	0.289914
SEVIR_5G038300v2	0
SEVIR_5G038400v2	1.835475
SEVIR_5G038500v2	0
SEVIR_5G038600v2	5.807913
SEVIR_5G038700v2	12.138373
SEVIR_5G038800v2	3.276377
SEVIR_5G038900v2	52.524048
SEVIR_5G039000v2	7.62327
SEVIR_5G039100v2	0.026056
SEVIR_5G039200v2	4.109598
SEVIR_5G039300v2	60.965716
SEVIR_5G039400v2	100.532416
SEVIR_5G039500v2	20.087444
SEVIR_5G039600v2	21.375648
SEVIR_5G039700v2	4.847373
SEVIR_5G039800v2	1.478752
SEVIR_5G039900v2	6.139048
SEVIR_5G040000v2	0
SEVIR_5G040100v2	0.475848
SEVIR_5G040150v2	6.595564
SEVIR_5G040200v2	2.71965
SEVIR_5G040300v2	8.767489
SEVIR_5G040400v2	47.838724
SEVIR_5G040500v2	103.538633
SEVIR_5G040600v2	321.256881
SEVIR_5G040700v2	1.755799
SEVIR_5G040800v2	14.456067
SEVIR_5G040900v2	6.087711
SEVIR_5G041000v2	0
SEVIR_5G041100v2	0.319056
SEVIR_5G041200v2	0
SEVIR_5G041300v2	3.207348
SEVIR_5G041400v2	0.686338
SEVIR_5G041500v2	7.121455
SEVIR_5G041600v2	0
SEVIR_5G041700v2	0.124666
SEVIR_5G041800v2	3.642105
SEVIR_5G041900v2	8.801866
SEVIR_5G042100v2	61.001463
SEVIR_5G042201v2	0
SEVIR_5G042300v2	0.229212
SEVIR_5G042366v2	0
SEVIR_5G042432v2	6.48689
SEVIR_5G042500v2	0.059382
SEVIR_5G042600v2	9.759214
SEVIR_5G042700v2	0.41168
SEVIR_5G042750v2	0.246569
SEVIR_5G042800v2	0
SEVIR_5G042900v2	0.069005
SEVIR_5G043000v2	4.182034
SEVIR_5G043100v2	10.615521
SEVIR_5G043200v2	27.175463
SEVIR_5G043300v2	120.142266
SEVIR_5G043400v2	24.238821
SEVIR_5G043550v2	6.291068
SEVIR_5G043700v2	0
SEVIR_5G043800v2	1591.15499
SEVIR_5G043900v2	0
SEVIR_5G043933v2	0
SEVIR_5G043966v2	0
SEVIR_5G044000v2	1.991634
SEVIR_5G044050v2	0
SEVIR_5G044100v2	0.105959
SEVIR_5G044200v2	57.925385
SEVIR_5G044300v2	7.788244
SEVIR_5G044400v2	19.929833
SEVIR_5G044500v2	1.427191
SEVIR_5G044600v2	34.454542
SEVIR_5G044700v2	0.124261
SEVIR_5G044800v2	30.954759
SEVIR_5G044900v2	167.499031
SEVIR_5G045000v2	0.070898
SEVIR_5G045100v2	0.523537
SEVIR_5G045200v2	0.247209
SEVIR_5G045250v2	1.334927
SEVIR_5G045300v2	0.024532
SEVIR_5G045350v2	0
SEVIR_5G045400v2	0.093008
SEVIR_5G045500v2	1.933057
SEVIR_5G045600v2	4.726916
SEVIR_5G045701v2	1.539893
SEVIR_5G045801v2	4.248761
SEVIR_5G045900v2	49.450519
SEVIR_5G046000v2	7.678168
SEVIR_5G046200v2	0.149953
SEVIR_5G046300v2	0.838292
SEVIR_5G046400v2	0.196778
SEVIR_5G046500v2	0
SEVIR_5G046600v2	0.036691
SEVIR_5G046650v2	1.701258
SEVIR_5G046700v2	24.573202
SEVIR_5G046800v2	9.322802
SEVIR_5G046900v2	0.659489
SEVIR_5G047000v2	0.135925
SEVIR_5G047100v2	0
SEVIR_5G047150v2	6.161618
SEVIR_5G047200v2	0.593611
SEVIR_5G047300v2	3.311403
SEVIR_5G047400v2	13.351996
SEVIR_5G047500v2	386.876014
SEVIR_5G047600v2	23.582623
SEVIR_5G047700v2	0
SEVIR_5G047825v2	1.598045
SEVIR_5G047950v2	6.305331
SEVIR_5G048075v2	0
SEVIR_5G048200v2	27.264046
SEVIR_5G048300v2	7.694911
SEVIR_5G048400v2	7.063769
SEVIR_5G048500v2	0
SEVIR_5G048600v2	31.83844
SEVIR_5G048700v2	100.836443
SEVIR_5G048800v2	74.189289
SEVIR_5G048900v2	22.690102
SEVIR_5G048966v2	0.437936
SEVIR_5G048933v2	0
SEVIR_5G049000v2	31.507836
SEVIR_5G049100v2	34.828336
SEVIR_5G049200v2	17.966307
SEVIR_5G049233v2	1.071703
SEVIR_5G049266v2	1.193329
SEVIR_5G049300v2	0
SEVIR_5G049400v2	0.484255
SEVIR_5G049500v2	0
SEVIR_5G049600v2	0.24577
SEVIR_5G049700v2	6.123064
SEVIR_5G049800v2	2.320024
SEVIR_5G049900v2	1.337788
SEVIR_5G050000v2	0
SEVIR_5G050100v2	0.125297
SEVIR_5G050200v2	0.250433
SEVIR_5G050300v2	22.515784
SEVIR_5G050350v2	6.109859
SEVIR_5G050400v2	0.945759
SEVIR_5G050500v2	44.851891
SEVIR_5G050600v2	35.526445
SEVIR_5G050700v2	1.910321
SEVIR_5G050800v2	23.146591
SEVIR_5G050900v2	15.367318
SEVIR_5G051000v2	46.929031
SEVIR_5G051100v2	10.505884
SEVIR_5G051200v2	20.866582
SEVIR_5G051250v2	104.390741
SEVIR_5G051300v2	14.750453
SEVIR_5G051400v2	34.133959
SEVIR_5G051500v2	38.694428
SEVIR_5G051601v2	0.455695
SEVIR_5G051701v2	0.034287
SEVIR_5G051800v2	51.082021
SEVIR_5G051900v2	21.519101
SEVIR_5G052000v2	10.750401
SEVIR_5G052100v2	23.435386
SEVIR_5G052150v2	1.228333
SEVIR_5G052200v2	115.973699
SEVIR_5G052300v2	2.500151
SEVIR_5G052400v2	48.254933
SEVIR_5G052500v2	179.598458
SEVIR_5G052600v2	80.643006
SEVIR_5G052700v2	3.405235
SEVIR_5G052800v2	14.695729
SEVIR_5G052900v2	0.548627
SEVIR_5G053000v2	431.250852
SEVIR_5G053050v2	0
SEVIR_5G053100v2	0.32654
SEVIR_5G053200v2	0.811921
SEVIR_5G053300v2	1.323132
SEVIR_5G053400v2	5.821086
SEVIR_5G053450v2	0
SEVIR_5G053500v2	0.176001
SEVIR_5G053600v2	0
SEVIR_5G053700v2	0
SEVIR_5G053800v2	0.758891
SEVIR_5G053900v2	17.747015
SEVIR_5G054000v2	3.23055
SEVIR_5G054100v2	22.182658
SEVIR_5G054200v2	18.564916
SEVIR_5G054300v2	174.940266
SEVIR_5G054400v2	60.472302
SEVIR_5G054500v2	0.188018
SEVIR_5G054550v2	0.386611
SEVIR_5G054600v2	3.397422
SEVIR_5G054700v2	0.889197
SEVIR_5G054800v2	13.68352
SEVIR_5G054866v2	1.779656
SEVIR_5G054932v2	0
SEVIR_5G055000v2	0.867185
SEVIR_5G055050v2	0.829265
SEVIR_5G055100v2	6.908988
SEVIR_5G055200v2	17.323323
SEVIR_5G055300v2	0
SEVIR_5G055400v2	34.99104
SEVIR_5G055500v2	5.610938
SEVIR_5G055550v2	4.575117
SEVIR_5G055600v2	21.644134
SEVIR_5G055700v2	33.321602
SEVIR_5G055800v2	20.733512
SEVIR_5G055900v2	22.563443
SEVIR_5G056001v2	160.196605
SEVIR_5G056100v2	0.362874
SEVIR_5G056200v2	93.457329
SEVIR_5G056300v2	0.806088
SEVIR_5G056400v2	5.165321
SEVIR_5G056500v2	107.40833
SEVIR_5G056600v2	0
SEVIR_5G056700v2	0
SEVIR_5G056800v2	416.882696
SEVIR_5G056900v2	53.440015
SEVIR_5G057000v2	0.217688
SEVIR_5G057100v2	0
SEVIR_5G057200v2	4.274613
SEVIR_5G057300v2	77.973327
SEVIR_5G057400v2	0.473114
SEVIR_5G057500v2	56.833606
SEVIR_5G057600v2	0
SEVIR_5G057700v2	2.113748
SEVIR_5G057800v2	3.174675
SEVIR_5G057900v2	0.709847
SEVIR_5G058000v2	23.487237
SEVIR_5G058100v2	69.068211
SEVIR_5G058150v2	1.690292
SEVIR_5G058200v2	64.78493
SEVIR_5G058300v2	13.244431
SEVIR_5G058400v2	4.865021
SEVIR_5G058500v2	0
SEVIR_5G058600v2	6.668862
SEVIR_5G058700v2	1.559397
SEVIR_5G058800v2	4.806268
SEVIR_5G058900v2	209.356112
SEVIR_5G059000v2	0.082738
SEVIR_5G059100v2	0.180582
SEVIR_5G059200v2	24.110368
SEVIR_5G059300v2	0.129338
SEVIR_5G059400v2	0.921363
SEVIR_5G059500v2	10.728438
SEVIR_5G059600v2	12.38591
SEVIR_5G059700v2	0.040184
SEVIR_5G059750v2	1.049976
SEVIR_5G059800v2	0.10048
SEVIR_5G059900v2	6.834125
SEVIR_5G060000v2	0.321668
SEVIR_5G060100v2	5.485019
SEVIR_5G060201v2	0.154093
SEVIR_5G060300v2	3.017825
SEVIR_5G060400v2	70.645645
SEVIR_5G060460v2	0.485028
SEVIR_5G060520v2	0
SEVIR_5G060580v2	0.126142
SEVIR_5G060640v2	6.268182
SEVIR_5G060700v2	0.544419
SEVIR_5G060800v2	0
SEVIR_5G060900v2	43.150118
SEVIR_5G061000v2	14.823071
SEVIR_5G061100v2	21.739555
SEVIR_5G061200v2	0.554452
SEVIR_5G061300v2	156.463757
SEVIR_5G061400v2	0.477309
SEVIR_5G061500v2	1.10354
SEVIR_5G061700v2	2.636815
SEVIR_5G061800v2	0
SEVIR_5G061900v2	28.331564
SEVIR_5G062000v2	0.706827
SEVIR_5G062100v2	16.260446
SEVIR_5G062200v2	4.70634
SEVIR_5G062300v2	0.939242
SEVIR_5G062400v2	0
SEVIR_5G062450v2	0
SEVIR_5G062500v2	4.263393
SEVIR_5G062550v2	1201.176058
SEVIR_5G062600v2	0
SEVIR_5G062700v2	26.9705
SEVIR_5G062750v2	0.948125
SEVIR_5G062800v2	7.82464
SEVIR_5G062900v2	0.543527
SEVIR_5G063000v2	0.018607
SEVIR_5G063100v2	0
SEVIR_5G063200v2	2.962521
SEVIR_5G063300v2	45.82582
SEVIR_5G063400v2	63.698114
SEVIR_5G063500v2	95.727476
SEVIR_5G063600v2	11.616229
SEVIR_5G063700v2	23.598402
SEVIR_5G063800v2	3.125054
SEVIR_5G063900v2	4.648804
SEVIR_5G064000v2	964.526993
SEVIR_5G064100v2	79.979986
SEVIR_5G064150v2	0
SEVIR_5G064200v2	0
SEVIR_5G064300v2	2.443769
SEVIR_5G064600v2	11.586031
SEVIR_5G064400v2	32.665847
SEVIR_5G064500v2	1.094749
SEVIR_5G064700v2	11.379855
SEVIR_5G064800v2	0.822169
SEVIR_5G064900v2	3.247971
SEVIR_5G065000v2	0.626725
SEVIR_5G065101v2	45.629988
SEVIR_5G065200v2	1.507508
SEVIR_5G065250v2	0
SEVIR_5G065300v2	0.03065
SEVIR_5G065340v2	0
SEVIR_5G065380v2	0
SEVIR_5G065420v2	0
SEVIR_5G065460v2	0
SEVIR_5G065500v2	1.731389
SEVIR_5G065600v2	0.123164
SEVIR_5G065700v2	7.952582
SEVIR_5G065800v2	105.090009
SEVIR_5G065901v2	0.095875
SEVIR_5G066000v2	0.048825
SEVIR_5G066100v2	2.471882
SEVIR_5G066200v2	1.547992
SEVIR_5G066300v2	0.0443
SEVIR_5G066400v2	33.257312
SEVIR_5G066500v2	85.121099
SEVIR_5G066600v2	7.567843
SEVIR_5G066700v2	3.727585
SEVIR_5G066800v2	18.887681
SEVIR_5G066900v2	0.18077
SEVIR_5G067000v2	1.481768
SEVIR_5G067100v2	6.222123
SEVIR_5G067200v2	93.34567
SEVIR_5G067300v2	0.031655
SEVIR_5G067400v2	1.414084
SEVIR_5G067500v2	38.85137
SEVIR_5G067600v2	0.568365
SEVIR_5G067700v2	0.925996
SEVIR_5G067800v2	25.531752
SEVIR_5G067900v2	23.217083
SEVIR_5G068000v2	6.973849
SEVIR_5G068100v2	7.915733
SEVIR_5G068150v2	176.596553
SEVIR_5G068200v2	0
SEVIR_5G068300v2	6.402531
SEVIR_5G068400v2	0.915634
SEVIR_5G068500v2	2.203431
SEVIR_5G068600v2	26.114775
SEVIR_5G068700v2	180.903199
SEVIR_5G068800v2	0.129495
SEVIR_5G068900v2	107.005494
SEVIR_5G069000v2	1.050998
SEVIR_5G069100v2	16.148765
SEVIR_5G069200v2	612.890342
SEVIR_5G069300v2	0
SEVIR_5G069500v2	5.063805
SEVIR_5G069600v2	96.707462
SEVIR_5G069700v2	0.285758
SEVIR_5G069800v2	5.138156
SEVIR_5G069900v2	0.269708
SEVIR_5G070000v2	11.723425
SEVIR_5G070100v2	13.509029
SEVIR_5G070200v2	2.882668
SEVIR_5G070300v2	20.479433
SEVIR_5G070400v2	3.875028
SEVIR_5G070500v2	185.06383
SEVIR_5G070600v2	60.530675
SEVIR_5G070700v2	3.775432
SEVIR_5G070800v2	25.140852
SEVIR_5G070900v2	10.87986
SEVIR_5G071000v2	0.192757
SEVIR_5G071100v2	0.943559
SEVIR_5G071200v2	24.78554
SEVIR_5G071300v2	15.920156
SEVIR_5G071400v2	5.342041
SEVIR_5G071500v2	0.140491
SEVIR_5G071600v2	0
SEVIR_5G071700v2	0.193345
SEVIR_5G071800v2	4.666322
SEVIR_5G071900v2	4.703469
SEVIR_5G072000v2	4.686572
SEVIR_5G072100v2	9.003962
SEVIR_5G072200v2	63.259763
SEVIR_5G072300v2	6.531932
SEVIR_5G072400v2	0.237573
SEVIR_5G072500v2	64.253902
SEVIR_5G072600v2	30.378686
SEVIR_5G072700v2	44.488963
SEVIR_5G072800v2	8.568227
SEVIR_5G072900v2	0.60515
SEVIR_5G073000v2	1.022377
SEVIR_5G073101v2	0
SEVIR_5G073200v2	2.461666
SEVIR_5G073233v2	21.307848
SEVIR_5G073266v2	13.836616
SEVIR_5G073300v2	0
SEVIR_5G073400v2	0
SEVIR_5G073500v2	0.157135
SEVIR_5G073600v2	78.891789
SEVIR_5G073700v2	5.108521
SEVIR_5G073800v2	6.064898
SEVIR_5G073900v2	4.101597
SEVIR_5G074000v2	1.403658
SEVIR_5G074101v2	0
SEVIR_5G074200v2	2.067291
SEVIR_5G074300v2	0.582548
SEVIR_5G074400v2	9.910403
SEVIR_5G074500v2	30.071748
SEVIR_5G074600v2	7.67874
SEVIR_5G074700v2	3.090886
SEVIR_5G074800v2	0.020983
SEVIR_5G074900v2	49.709449
SEVIR_5G075000v2	0.139992
SEVIR_5G075100v2	43.424735
SEVIR_5G075200v2	0
SEVIR_5G075300v2	2.628957
SEVIR_5G075400v2	0
SEVIR_5G075500v2	1.116738
SEVIR_5G075600v2	0.243422
SEVIR_5G075700v2	41.077452
SEVIR_5G075800v2	4.001989
SEVIR_5G075900v2	0
SEVIR_5G075950v2	1.055241
SEVIR_5G076000v2	0
SEVIR_5G076100v2	5.056209
SEVIR_5G076200v2	9.562486
SEVIR_5G076300v2	7.731344
SEVIR_5G076400v2	1.760088
SEVIR_5G076450v2	0.138494
SEVIR_5G076500v2	9.207354
SEVIR_5G076600v2	3.139826
SEVIR_5G076650v2	0
SEVIR_5G076751v2	0
SEVIR_5G076701v2	0
SEVIR_5G076800v2	0.393969
SEVIR_5G076900v2	1.087928
SEVIR_5G076933v2	0.233706
SEVIR_5G076966v2	0.045484
SEVIR_5G077000v2	0
SEVIR_5G077100v2	0.272423
SEVIR_5G077200v2	0.115607
SEVIR_5G077300v2	4.612211
SEVIR_5G077400v2	0.321889
SEVIR_5G077501v2	0.2316
SEVIR_5G077600v2	7.257678
SEVIR_5G077700v2	10.288641
SEVIR_5G077800v2	14.36594
SEVIR_5G077900v2	6.373184
SEVIR_5G078000v2	2.849725
SEVIR_5G078100v2	0.072809
SEVIR_5G078200v2	372.698208
SEVIR_5G078300v2	14.592066
SEVIR_5G078400v2	6.609796
SEVIR_5G078500v2	0.253691
SEVIR_5G078600v2	8.743719
SEVIR_5G078650v2	1.239932
SEVIR_5G078700v2	6.143046
SEVIR_5G078800v2	0
SEVIR_5G078901v2	0
SEVIR_5G079000v2	3.338223
SEVIR_5G079100v2	40.451644
SEVIR_5G079200v2	9.952903
SEVIR_5G079300v2	7.231874
SEVIR_5G079400v2	1.076754
SEVIR_5G079500v2	5.215451
SEVIR_5G079600v2	9.443805
SEVIR_5G079700v2	11.540657
SEVIR_5G079801v2	340.677152
SEVIR_5G079900v2	4.362632
SEVIR_5G080000v2	1.600372
SEVIR_5G080100v2	16.219682
SEVIR_5G080200v2	0
SEVIR_5G080300v2	1.762909
SEVIR_5G080400v2	79.515853
SEVIR_5G080500v2	10.105048
SEVIR_5G080600v2	142.433001
SEVIR_5G080700v2	0
SEVIR_5G080800v2	0
SEVIR_5G080900v2	0.596994
SEVIR_5G081000v2	0
SEVIR_5G081100v2	0.304697
SEVIR_5G081200v2	108.126763
SEVIR_5G081300v2	2.427118
SEVIR_5G081400v2	94.92068
SEVIR_5G081500v2	13.847152
SEVIR_5G081600v2	35.431663
SEVIR_5G081700v2	28.33014
SEVIR_5G081800v2	2.339683
SEVIR_5G081833v2	19.042448
SEVIR_5G081866v2	10.953987
SEVIR_5G081900v2	3.217218
SEVIR_5G082000v2	16.268008
SEVIR_5G082100v2	0
SEVIR_5G082200v2	0.023126
SEVIR_5G082301v2	0
SEVIR_5G082400v2	0.036459
SEVIR_5G082500v2	0.025732
SEVIR_5G082600v2	0
SEVIR_5G082700v2	0
SEVIR_5G082800v2	0
SEVIR_5G082900v2	0
SEVIR_5G083000v2	0
SEVIR_5G083100v2	0.795049
SEVIR_5G083200v2	0.070519
SEVIR_5G083300v2	0
SEVIR_5G083400v2	0
SEVIR_5G083500v2	6.851694
SEVIR_5G083550v2	0
SEVIR_5G083600v2	16.735897
SEVIR_5G083700v2	2.409827
SEVIR_5G083800v2	37.733748
SEVIR_5G083900v2	19.564058
SEVIR_5G084000v2	0
SEVIR_5G084050v2	0
SEVIR_5G084100v2	3.291931
SEVIR_5G084200v2	0.15448
SEVIR_5G084300v2	8.692968
SEVIR_5G084400v2	0.097571
SEVIR_5G084500v2	0
SEVIR_5G084566v2	0.171329
SEVIR_5G084632v2	0
SEVIR_5G084700v2	531.155535
SEVIR_5G084800v2	0
SEVIR_5G084900v2	1.490416
SEVIR_5G085000v2	0.039975
SEVIR_5G085100v2	0.569984
SEVIR_5G085200v2	7.291715
SEVIR_5G085300v2	9.042495
SEVIR_5G085350v2	1.888964
SEVIR_5G085400v2	4.729854
SEVIR_5G085500v2	4.604171
SEVIR_5G085600v2	23.614209
SEVIR_5G085700v2	18.578954
SEVIR_5G085800v2	66.685242
SEVIR_5G085900v2	13.357737
SEVIR_5G086000v2	0.121711
SEVIR_5G086100v2	0
SEVIR_5G086200v2	0
SEVIR_5G086300v2	5.182169
SEVIR_5G086400v2	0
SEVIR_5G086500v2	5.466744
SEVIR_5G086600v2	0.859078
SEVIR_5G086800v2	4.089363
SEVIR_5G086700v2	88.272572
SEVIR_5G086900v2	70.256395
SEVIR_5G086950v2	13.002296
SEVIR_5G087000v2	0
SEVIR_5G087100v2	2.495297
SEVIR_5G087200v2	3.53226
SEVIR_5G087300v2	0
SEVIR_5G087350v2	13.21465
SEVIR_5G087400v2	0
SEVIR_5G087500v2	33.147099
SEVIR_5G087600v2	77.977488
SEVIR_5G087700v2	13.793105
SEVIR_5G087750v2	0.254145
SEVIR_5G087800v2	31.1015
SEVIR_5G087900v2	2.162819
SEVIR_5G088000v2	0.457679
SEVIR_5G088100v2	15.327297
SEVIR_5G088200v2	0
SEVIR_5G088300v2	3.168325
SEVIR_5G088401v2	1.678984
SEVIR_5G088500v2	21.938719
SEVIR_5G088600v2	0
SEVIR_5G088700v2	14.938234
SEVIR_5G088750v2	0
SEVIR_5G088800v2	10.057552
SEVIR_5G088900v2	2.610768
SEVIR_5G089000v2	9.506521
SEVIR_5G089100v2	7.853212
SEVIR_5G089200v2	7.598164
SEVIR_5G089300v2	99.301551
SEVIR_5G089400v2	15.507686
SEVIR_5G089500v2	0.936731
SEVIR_5G089600v2	5.930272
SEVIR_5G089700v2	2.554758
SEVIR_5G089800v2	0.084816
SEVIR_5G089900v2	155.787509
SEVIR_5G090000v2	0.158301
SEVIR_5G090100v2	1.045154
SEVIR_5G090200v2	43.031049
SEVIR_5G090300v2	4.234297
SEVIR_5G090350v2	0
SEVIR_5G090400v2	17.412618
SEVIR_5G090500v2	22.541596
SEVIR_5G090600v2	1.278591
SEVIR_5G090700v2	0.057122
SEVIR_5G090800v2	12.260971
SEVIR_5G090850v2	0.451778
SEVIR_5G090900v2	217.595055
SEVIR_5G091000v2	317.406913
SEVIR_5G091050v2	0.68373
SEVIR_5G091100v2	114.118434
SEVIR_5G091200v2	245.136199
SEVIR_5G091300v2	0.875995
SEVIR_5G091400v2	7.480582
SEVIR_5G091500v2	8.791672
SEVIR_5G091600v2	2.372487
SEVIR_5G091700v2	0.529114
SEVIR_5G091800v2	0.266476
SEVIR_5G091901v2	1.484705
SEVIR_5G092001v2	0.072064
SEVIR_5G092100v2	2.565197
SEVIR_5G092200v2	0
SEVIR_5G092301v2	0.039427
SEVIR_5G092400v2	0.075525
SEVIR_5G092500v2	0
SEVIR_5G092600v2	0
SEVIR_5G092700v2	0
SEVIR_5G092800v2	0.653789
SEVIR_5G092850v2	0
SEVIR_5G092900v2	0.716425
SEVIR_5G093000v2	0.053173
SEVIR_5G093050v2	0.114251
SEVIR_5G093100v2	0
SEVIR_5G093200v2	0
SEVIR_5G093400v2	0.565348
SEVIR_5G093466v2	0
SEVIR_5G093532v2	0
SEVIR_5G093600v2	1.782299
SEVIR_5G093700v2	33.613331
SEVIR_5G093800v2	17.210416
SEVIR_5G093900v2	169.604266
SEVIR_5G094000v2	24.326709
SEVIR_5G094100v2	80.803079
SEVIR_5G094200v2	1.141757
SEVIR_5G094300v2	0.516039
SEVIR_5G094400v2	0.160923
SEVIR_5G094500v2	1.878904
SEVIR_5G094600v2	0
SEVIR_5G094700v2	6.088221
SEVIR_5G094800v2	1005.200437
SEVIR_5G094900v2	0
SEVIR_5G095000v2	2.474285
SEVIR_5G095100v2	184.380469
SEVIR_5G095200v2	3.971222
SEVIR_5G095300v2	3.440052
SEVIR_5G095400v2	6.312253
SEVIR_5G095500v2	4.204698
SEVIR_5G095600v2	8.636004
SEVIR_5G095700v2	0.74036
SEVIR_5G095800v2	21.658984
SEVIR_5G095900v2	9.22741
SEVIR_5G096000v2	0
SEVIR_5G096101v2	0
SEVIR_5G096200v2	14.377399
SEVIR_5G096301v2	1.102045
SEVIR_5G096400v2	29.041713
SEVIR_5G096500v2	0
SEVIR_5G096600v2	2.460229
SEVIR_5G096650v2	0
SEVIR_5G096700v2	0
SEVIR_5G096800v2	0.091828
SEVIR_5G096850v2	2.053873
SEVIR_5G096900v2	11.004746
SEVIR_5G097000v2	4.828064
SEVIR_5G097100v2	0.231988
SEVIR_5G097200v2	36.270916
SEVIR_5G097300v2	8.685587
SEVIR_5G097350v2	0
SEVIR_5G097400v2	26.891687
SEVIR_5G097500v2	15.110414
SEVIR_5G097600v2	0
SEVIR_5G097700v2	0.067127
SEVIR_5G097800v2	15.70473
SEVIR_5G097900v2	0
SEVIR_5G098000v2	29.153471
SEVIR_5G098100v2	0.14127
SEVIR_5G098200v2	8.777231
SEVIR_5G098250v2	0.552567
SEVIR_5G098300v2	0
SEVIR_5G098400v2	14.43416
SEVIR_5G098500v2	2.094712
SEVIR_5G098600v2	4.694566
SEVIR_5G098700v2	0.522653
SEVIR_5G098800v2	0.452647
SEVIR_5G098900v2	2.148693
SEVIR_5G099000v2	5.543874
SEVIR_5G099100v2	4.114723
SEVIR_5G099050v2	0
SEVIR_5G099150v2	0.924819
SEVIR_5G099200v2	0
SEVIR_5G099300v2	0
SEVIR_5G099350v2	0
SEVIR_5G099400v2	0
SEVIR_5G099500v2	98.123441
SEVIR_5G099600v2	4.524211
SEVIR_5G099700v2	0
SEVIR_5G099801v2	1.557563
SEVIR_5G099900v2	0
SEVIR_5G100000v2	0.314189
SEVIR_5G100050v2	1.005726
SEVIR_5G100100v2	1.247293
SEVIR_5G100200v2	3.434409
SEVIR_5G100300v2	13.897895
SEVIR_5G100400v2	0.518278
SEVIR_5G100500v2	758.291991
SEVIR_5G100600v2	0
SEVIR_5G100700v2	27.108143
SEVIR_5G100750v2	26.944767
SEVIR_5G100800v2	0.121711
SEVIR_5G100900v2	0.01467
SEVIR_5G101000v2	129.193309
SEVIR_5G101050v2	0
SEVIR_5G101100v2	2.254771
SEVIR_5G101200v2	0.243422
SEVIR_5G101300v2	41.617366
SEVIR_5G101400v2	19.508999
SEVIR_5G101500v2	25.662175
SEVIR_5G101600v2	0.102288
SEVIR_5G101700v2	13.121741
SEVIR_5G101750v2	0
SEVIR_5G101800v2	13.012052
SEVIR_5G101900v2	19.482744
SEVIR_5G102000v2	0
SEVIR_5G102100v2	10.84501
SEVIR_5G102200v2	0.364825
SEVIR_5G102300v2	8.664093
SEVIR_5G102400v2	0.965167
SEVIR_5G102501v2	3.047044
SEVIR_5G102600v2	0
SEVIR_5G102701v2	0.023134
SEVIR_5G102800v2	0
SEVIR_5G102833v2	0
SEVIR_5G102866v2	0.655989
SEVIR_5G102900v2	0.087675
SEVIR_5G102950v2	5.072649
SEVIR_5G103000v2	0
SEVIR_5G103101v2	1.741168
SEVIR_5G103200v2	0
SEVIR_5G103300v2	7.407569
SEVIR_5G103340v2	0.259573
SEVIR_5G103380v2	0.122553
SEVIR_5G103420v2	0
SEVIR_5G103460v2	0.802177
SEVIR_5G103500v2	2.816435
SEVIR_5G103600v2	0.07092
SEVIR_5G103700v2	0
SEVIR_5G103766v2	0.251768
SEVIR_5G103832v2	1.092081
SEVIR_5G103900v2	3.515706
SEVIR_5G103950v2	0.381714
SEVIR_5G104001v2	0
SEVIR_5G104051v2	0.068022
SEVIR_5G104100v2	106.306608
SEVIR_5G104200v2	3.04566
SEVIR_5G104301v2	4.097344
SEVIR_5G104400v2	419.149204
SEVIR_5G104501v2	5.560919
SEVIR_5G104601v2	0.189897
SEVIR_5G104700v2	0
SEVIR_5G104800v2	0
SEVIR_5G104900v2	0.098475
SEVIR_5G105000v2	0
SEVIR_5G105100v2	0.087656
SEVIR_5G105200v2	0.069791
SEVIR_5G105300v2	2.307698
SEVIR_5G105400v2	0.142368
SEVIR_5G105500v2	0.118544
SEVIR_5G105600v2	0
SEVIR_5G105700v2	0.770663
SEVIR_5G105800v2	0
SEVIR_5G105900v2	0
SEVIR_5G106000v2	0
SEVIR_5G106100v2	0
SEVIR_5G106200v2	0
SEVIR_5G106300v2	0
SEVIR_5G106400v2	2.52907
SEVIR_5G106500v2	0.40944
SEVIR_5G106601v2	2.32645
SEVIR_5G106700v2	1.146177
SEVIR_5G106800v2	0.034271
SEVIR_5G106900v2	18.600437
SEVIR_5G107000v2	21.539687
SEVIR_5G107100v2	23.495537
SEVIR_5G107200v2	0.051948
SEVIR_5G107300v2	57.338672
SEVIR_5G107400v2	1415.611273
SEVIR_5G107500v2	0.34551
SEVIR_5G107550v2	0
SEVIR_5G107600v2	0.208328
SEVIR_5G107700v2	0
SEVIR_5G107800v2	0
SEVIR_5G107850v2	5.957335
SEVIR_5G107900v2	0.164539
SEVIR_5G108000v2	0.581628
SEVIR_5G108100v2	0.558856
SEVIR_5G108200v2	0.045415
SEVIR_5G108300v2	0.038034
SEVIR_5G108400v2	34.708311
SEVIR_5G108500v2	120.533853
SEVIR_5G108600v2	29.525604
SEVIR_5G108766v2	3.726134
SEVIR_5G108700v2	3.083601
SEVIR_5G108832v2	30.379123
SEVIR_5G108900v2	41.117041
SEVIR_5G109000v2	0.658867
SEVIR_5G109100v2	0.10052
SEVIR_5G109200v2	29.576454
SEVIR_5G109300v2	19.380942
SEVIR_5G109400v2	6.858821
SEVIR_5G109500v2	3.025757
SEVIR_5G109600v2	69.324215
SEVIR_5G109700v2	19.993063
SEVIR_5G109800v2	16.019346
SEVIR_5G109900v2	0
SEVIR_5G110000v2	0.927367
SEVIR_5G110100v2	1.072537
SEVIR_5G110200v2	1.064555
SEVIR_5G110300v2	18.79571
SEVIR_5G110350v2	0
SEVIR_5G110400v2	42.507648
SEVIR_5G110500v2	0
SEVIR_5G110600v2	0.358417
SEVIR_5G110700v2	2.947531
SEVIR_5G110800v2	0
SEVIR_5G110900v2	0.122392
SEVIR_5G111000v2	5.675116
SEVIR_5G111100v2	38.206244
SEVIR_5G111200v2	0
SEVIR_5G111300v2	0.117891
SEVIR_5G111400v2	19.658756
SEVIR_5G111500v2	0.482369
SEVIR_5G111600v2	21.633147
SEVIR_5G111700v2	2.292998
SEVIR_5G111800v2	5.032868
SEVIR_5G111900v2	0.198371
SEVIR_5G112000v2	3.949865
SEVIR_5G112100v2	8.066001
SEVIR_5G112150v2	0
SEVIR_5G112200v2	0
SEVIR_5G112300v2	325.504934
SEVIR_5G112400v2	0
SEVIR_5G112500v2	1.931699
SEVIR_5G112600v2	3.091792
SEVIR_5G112650v2	0
SEVIR_5G112700v2	0
SEVIR_5G112733v2	0.502935
SEVIR_5G112766v2	0.021279
SEVIR_5G112800v2	13.522391
SEVIR_5G112900v2	0.253992
SEVIR_5G113000v2	39.402883
SEVIR_5G113100v2	0
SEVIR_5G113200v2	0
SEVIR_5G113400v2	0.028207
SEVIR_5G113501v2	0.737975
SEVIR_5G113600v2	2.636325
SEVIR_5G113700v2	3.729499
SEVIR_5G113800v2	1.094527
SEVIR_5G113900v2	28.923576
SEVIR_5G114000v2	10.555613
SEVIR_5G114100v2	0.101677
SEVIR_5G114200v2	62.620768
SEVIR_5G114300v2	2.559874
SEVIR_5G114400v2	5.113201
SEVIR_5G114500v2	0.313868
SEVIR_5G114600v2	20.036686
SEVIR_5G114700v2	8.229019
SEVIR_5G114800v2	0
SEVIR_5G114900v2	28.913943
SEVIR_5G115000v2	29.87785
SEVIR_5G115100v2	26.137712
SEVIR_5G115200v2	20.187943
SEVIR_5G115250v2	0.215908
SEVIR_5G115300v2	19.547005
SEVIR_5G115400v2	9.720373
SEVIR_5G115500v2	27.840821
SEVIR_5G115600v2	1.309984
SEVIR_5G115700v2	1.458271
SEVIR_5G115800v2	0.611684
SEVIR_5G115900v2	0
SEVIR_5G116000v2	202.713319
SEVIR_5G116100v2	4.548907
SEVIR_5G116200v2	7.991182
SEVIR_5G116300v2	23.541452
SEVIR_5G116400v2	43.937184
SEVIR_5G116500v2	26.483459
SEVIR_5G116600v2	0.035237
SEVIR_5G116700v2	0
SEVIR_5G116800v2	4.568922
SEVIR_5G116900v2	14.185978
SEVIR_5G117000v2	34.716746
SEVIR_5G117100v2	7.252795
SEVIR_5G117200v2	24.324139
SEVIR_5G117300v2	1.433633
SEVIR_5G117400v2	0
SEVIR_5G117500v2	0.7153
SEVIR_5G117600v2	12.730213
SEVIR_5G117700v2	22.925031
SEVIR_5G117800v2	0.031525
SEVIR_5G117900v2	0.038995
SEVIR_5G118000v2	39.242867
SEVIR_5G118100v2	38.449171
SEVIR_5G118200v2	28.640803
SEVIR_5G118300v2	21.100729
SEVIR_5G118400v2	95.321378
SEVIR_5G118500v2	0.415326
SEVIR_5G118600v2	34.29936
SEVIR_5G118700v2	5.298471
SEVIR_5G118900v2	1.062296
SEVIR_5G118800v2	0
SEVIR_5G119000v2	152.69716
SEVIR_5G119100v2	3.987506
SEVIR_5G119201v2	5.95549
SEVIR_5G119300v2	9.421576
SEVIR_5G119400v2	21.467558
SEVIR_5G119500v2	24.246977
SEVIR_5G119550v2	0
SEVIR_5G119600v2	1.57036
SEVIR_5G119700v2	98.964938
SEVIR_5G119800v2	8.484379
SEVIR_5G119900v2	0.136361
SEVIR_5G120000v2	1.897126
SEVIR_5G120100v2	15.129067
SEVIR_5G120200v2	68.711875
SEVIR_5G120300v2	0
SEVIR_5G120333v2	0
SEVIR_5G120366v2	0
SEVIR_5G120400v2	2.709599
SEVIR_5G120450v2	0.693985
SEVIR_5G120500v2	57.29681
SEVIR_5G120600v2	11.445368
SEVIR_5G120700v2	2.447495
SEVIR_5G120800v2	0.765031
SEVIR_5G120900v2	1.855906
SEVIR_5G121000v2	0.607817
SEVIR_5G121100v2	7.94962
SEVIR_5G121201v2	0.475872
SEVIR_5G121300v2	12.891633
SEVIR_5G121400v2	7.638918
SEVIR_5G121500v2	0
SEVIR_5G121600v2	0
SEVIR_5G121650v2	0
SEVIR_5G121700v2	1.494083
SEVIR_5G121850v2	3.034629
SEVIR_5G122000v2	0.932756
SEVIR_5G122101v2	3.433795
SEVIR_5G122200v2	0.079319
SEVIR_5G122300v2	36.316714
SEVIR_5G122400v2	0
SEVIR_5G122500v2	7.135381
SEVIR_5G122600v2	0.049727
SEVIR_5G122700v2	208.147748
SEVIR_5G122800v2	4.853646
SEVIR_5G122900v2	9.59589
SEVIR_5G123000v2	16.693652
SEVIR_5G123100v2	64.049918
SEVIR_5G123300v2	0.044273
SEVIR_5G123350v2	3.709611
SEVIR_5G123400v2	11.885275
SEVIR_5G123500v2	0
SEVIR_5G123700v2	0
SEVIR_5G123800v2	0
SEVIR_5G124000v2	11.562172
SEVIR_5G124100v2	0
SEVIR_5G124200v2	3.506052
SEVIR_5G124300v2	40.860761
SEVIR_5G124400v2	84.790259
SEVIR_5G124500v2	9.136367
SEVIR_5G124550v2	0
SEVIR_5G124600v2	13.643794
SEVIR_5G124700v2	13.727417
SEVIR_5G124900v2	1.44712
SEVIR_5G125000v2	13.095991
SEVIR_5G125100v2	4.760967
SEVIR_5G125200v2	7.612104
SEVIR_5G125300v2	0
SEVIR_5G125400v2	3.375735
SEVIR_5G125500v2	0.051946
SEVIR_5G125600v2	0
SEVIR_5G125700v2	7.73924
SEVIR_5G125800v2	0
SEVIR_5G125900v2	4.140457
SEVIR_5G126000v2	15.254836
SEVIR_5G126100v2	0
SEVIR_5G126200v2	0.037665
SEVIR_5G126300v2	0
SEVIR_5G126400v2	31.019366
SEVIR_5G126500v2	35.516786
SEVIR_5G126700v2	5.035107
SEVIR_5G126800v2	6.513522
SEVIR_5G126901v2	23.567013
SEVIR_5G127000v2	128.466555
SEVIR_5G127101v2	0.29253
SEVIR_5G127200v2	0.014264
SEVIR_5G127300v2	10.651868
SEVIR_5G127400v2	1.610243
SEVIR_5G127500v2	0
SEVIR_5G127600v2	0
SEVIR_5G127700v2	16.055983
SEVIR_5G127800v2	5.594786
SEVIR_5G127900v2	0.521922
SEVIR_5G128000v2	3.534955
SEVIR_5G128100v2	0.333618
SEVIR_5G128200v2	17.262574
SEVIR_5G128300v2	0.146628
SEVIR_5G128400v2	6.332412
SEVIR_5G128500v2	11.134088
SEVIR_5G128600v2	8.638054
SEVIR_5G128700v2	67.133683
SEVIR_5G128800v2	4.313071
SEVIR_5G128900v2	1.21711
SEVIR_5G129000v2	13.279015
SEVIR_5G129100v2	43.356299
SEVIR_5G129200v2	93.482915
SEVIR_5G129300v2	16.41128
SEVIR_5G129325v2	71.359712
SEVIR_5G129350v2	20.03766
SEVIR_5G129375v2	55.339548
SEVIR_5G129400v2	115.305244
SEVIR_5G129500v2	1.31329
SEVIR_5G129600v2	30.724324
SEVIR_5G129700v2	0.147553
SEVIR_5G129800v2	2.409793
SEVIR_5G129850v2	0.062461
SEVIR_5G129900v2	0
SEVIR_5G130000v2	198.774789
SEVIR_5G130100v2	12.827451
SEVIR_5G130200v2	0.19791
SEVIR_5G130400v2	30.005212
SEVIR_5G130500v2	0.363072
SEVIR_5G130600v2	0
SEVIR_5G130700v2	0
SEVIR_5G130800v2	38.884221
SEVIR_5G130850v2	1.210591
SEVIR_5G130900v2	10.960961
SEVIR_5G131000v2	1.424065
SEVIR_5G131100v2	0.15547
SEVIR_5G131200v2	54.099936
SEVIR_5G131250v2	0.806324
SEVIR_5G131300v2	0.008761
SEVIR_5G131400v2	27.881515
SEVIR_5G131500v2	9.319281
SEVIR_5G131600v2	9.212523
SEVIR_5G131625v2	0
SEVIR_5G131650v2	1.063991
SEVIR_5G131675v2	0.538721
SEVIR_5G131700v2	0
SEVIR_5G131800v2	48.861662
SEVIR_5G132000v2	3.412144
SEVIR_5G132100v2	0.061563
SEVIR_5G132200v2	36.612242
SEVIR_5G132301v2	0.265331
SEVIR_5G132400v2	0.077964
SEVIR_5G132450v2	0.298135
SEVIR_5G132500v2	79.959068
SEVIR_5G132516v2	2.636888
SEVIR_5G132532v2	0
SEVIR_5G132548v2	0
SEVIR_5G132564v2	0
SEVIR_5G132580v2	0
SEVIR_5G132600v2	0
SEVIR_5G132650v2	0
SEVIR_5G132700v2	8.325949
SEVIR_5G132800v2	0
SEVIR_5G132900v2	6.327945
SEVIR_5G133000v2	0
SEVIR_5G133100v2	6.36145
SEVIR_5G133200v2	0
SEVIR_5G133300v2	3.82676
SEVIR_5G133400v2	0.019738
SEVIR_5G133500v2	0
SEVIR_5G133600v2	25.100707
SEVIR_5G133700v2	153.081602
SEVIR_5G133800v2	74.153979
SEVIR_5G133900v2	23.182937
SEVIR_5G134000v2	18.06516
SEVIR_5G134100v2	15.483679
SEVIR_5G134200v2	67.866294
SEVIR_5G134300v2	40.928928
SEVIR_5G134400v2	12.546217
SEVIR_5G134500v2	15.174676
SEVIR_5G134600v2	0.057524
SEVIR_5G134700v2	0
SEVIR_5G134800v2	1.778943
SEVIR_5G134850v2	0
SEVIR_5G134900v2	3.82231
SEVIR_5G135000v2	8.937547
SEVIR_5G135100v2	15.690007
SEVIR_5G135201v2	0.970112
SEVIR_5G135300v2	11.391188
SEVIR_5G135400v2	0
SEVIR_5G135500v2	7.844857
SEVIR_5G135600v2	36.277629
SEVIR_5G135700v2	0.174372
SEVIR_5G135800v2	12.201988
SEVIR_5G135850v2	0.322931
SEVIR_5G135900v2	10.12475
SEVIR_5G136000v2	3.771334
SEVIR_5G136100v2	44.850424
SEVIR_5G136200v2	4.470207
SEVIR_5G136300v2	0
SEVIR_5G136400v2	2.206071
SEVIR_5G136500v2	0.576162
SEVIR_5G136600v2	1.430128
SEVIR_5G136700v2	0.28202
SEVIR_5G136800v2	94.24012
SEVIR_5G136900v2	0.747088
SEVIR_5G136950v2	0
SEVIR_5G137000v2	33.300774
SEVIR_5G137100v2	5.242912
SEVIR_5G137200v2	4.09543
SEVIR_5G137250v2	0.248954
SEVIR_5G137300v2	43.91416
SEVIR_5G137400v2	27.947867
SEVIR_5G137500v2	8.42959
SEVIR_5G137600v2	24.33462
SEVIR_5G137700v2	1.208704
SEVIR_5G137800v2	0.171098
SEVIR_5G137900v2	5.308146
SEVIR_5G138000v2	15.274443
SEVIR_5G138050v2	0
SEVIR_5G138100v2	25.126015
SEVIR_5G138200v2	0
SEVIR_5G138300v2	0
SEVIR_5G138400v2	21.118647
SEVIR_5G138500v2	0.962181
SEVIR_5G138450v2	2.148063
SEVIR_5G138550v2	0.842614
SEVIR_5G138600v2	25.637774
SEVIR_5G138700v2	49.755798
SEVIR_5G138800v2	25.436767
SEVIR_5G138900v2	2.88356
SEVIR_5G139000v2	0
SEVIR_5G139100v2	50.582347
SEVIR_5G139200v2	0
SEVIR_5G139300v2	15.360892
SEVIR_5G139400v2	0
SEVIR_5G139500v2	0.156936
SEVIR_5G139600v2	18.676594
SEVIR_5G139700v2	23.428647
SEVIR_5G139800v2	21.389172
SEVIR_5G139900v2	0.136705
SEVIR_5G139966v2	1.560786
SEVIR_5G140032v2	0.850016
SEVIR_5G140100v2	0
SEVIR_5G140200v2	1185.9635
SEVIR_5G140250v2	7.055014
SEVIR_5G140300v2	5.043171
SEVIR_5G140400v2	0
SEVIR_5G140500v2	15.284594
SEVIR_5G140600v2	8.918889
SEVIR_5G140700v2	17.496524
SEVIR_5G140800v2	12.943622
SEVIR_5G140900v2	0.699191
SEVIR_5G141000v2	0.344113
SEVIR_5G141100v2	0.219913
SEVIR_5G141300v2	0.053333
SEVIR_5G141400v2	0
SEVIR_5G141500v2	4.377081
SEVIR_5G141601v2	5.474375
SEVIR_5G141700v2	0.018255
SEVIR_5G141766v2	4.581716
SEVIR_5G141832v2	132.474784
SEVIR_5G141900v2	43.538433
SEVIR_5G142000v2	0
SEVIR_5G142100v2	1.157822
SEVIR_5G142200v2	0.639889
SEVIR_5G142250v2	0
SEVIR_5G142300v2	3.535763
SEVIR_5G142350v2	32.861962
SEVIR_5G142401v2	0.220936
SEVIR_5G142451v2	0.065966
SEVIR_5G142500v2	0
SEVIR_5G142600v2	0.04886
SEVIR_5G142700v2	0.475894
SEVIR_5G142800v2	0
SEVIR_5G142900v2	16.346068
SEVIR_5G142975v2	0
SEVIR_5G143050v2	0.11072
SEVIR_5G143125v2	0
SEVIR_5G143200v2	15.363054
SEVIR_5G143300v2	1.766442
SEVIR_5G143400v2	692.324995
SEVIR_5G143500v2	12.681211
SEVIR_5G143550v2	0
SEVIR_5G143600v2	4.022274
SEVIR_5G143700v2	8.186231
SEVIR_5G143800v2	75.834161
SEVIR_5G143900v2	13.597249
SEVIR_5G144000v2	5.938121
SEVIR_5G144100v2	1.272322
SEVIR_5G144200v2	3.019449
SEVIR_5G144300v2	143.912729
SEVIR_5G144350v2	0
SEVIR_5G144400v2	0.405288
SEVIR_5G144500v2	7.064001
SEVIR_5G144600v2	1.672234
SEVIR_5G144700v2	15.378165
SEVIR_5G144800v2	4.077802
SEVIR_5G144900v2	6.663048
SEVIR_5G145000v2	16.564913
SEVIR_5G145100v2	1.380298
SEVIR_5G145200v2	0.055175
SEVIR_5G145300v2	3.967239
SEVIR_5G145400v2	19.151717
SEVIR_5G145500v2	0.295846
SEVIR_5G145600v2	18.91258
SEVIR_5G145650v2	0
SEVIR_5G145700v2	39.872559
SEVIR_5G145800v2	0
SEVIR_5G145900v2	0.013309
SEVIR_5G146000v2	0.998142
SEVIR_5G146100v2	0.397523
SEVIR_5G146200v2	4.851886
SEVIR_5G146301v2	0.143732
SEVIR_5G146400v2	11.757129
SEVIR_5G146500v2	12.686182
SEVIR_5G146600v2	0.018745
SEVIR_5G146700v2	4.450034
SEVIR_5G146801v2	17.45363
SEVIR_5G146900v2	8.224884
SEVIR_5G147000v2	14.332605
SEVIR_5G147100v2	0
SEVIR_5G147200v2	146.501955
SEVIR_5G147300v2	0.07796
SEVIR_5G147400v2	0
SEVIR_5G147500v2	1.228095
SEVIR_5G147600v2	0
SEVIR_5G147700v2	15.398478
SEVIR_5G147800v2	2.689555
SEVIR_5G148000v2	15.84722
SEVIR_5G148100v2	28.818573
SEVIR_5G148200v2	17.34765
SEVIR_5G148300v2	4.91578
SEVIR_5G148400v2	335.808172
SEVIR_5G148425v2	0.181561
SEVIR_5G148450v2	0
SEVIR_5G148475v2	0
SEVIR_5G148500v2	0.021538
SEVIR_5G148600v2	0.114453
SEVIR_5G148700v2	73.064475
SEVIR_5G148800v2	11.388638
SEVIR_5G148900v2	0
SEVIR_5G149000v2	0
SEVIR_5G149100v2	1.64967
SEVIR_5G149200v2	0.050781
SEVIR_5G149300v2	1.71207
SEVIR_5G149400v2	0
SEVIR_5G149500v2	0.879869
SEVIR_5G149600v2	0
SEVIR_5G149700v2	0
SEVIR_5G149750v2	0.871286
SEVIR_5G149800v2	0.040119
SEVIR_5G149900v2	7.277398
SEVIR_5G150000v2	0
SEVIR_5G150100v2	0.082387
SEVIR_5G150200v2	0
SEVIR_5G150300v2	19.467213
SEVIR_5G150400v2	8.740738
SEVIR_5G150500v2	11.032783
SEVIR_5G150600v2	0
SEVIR_5G150700v2	16.20623
SEVIR_5G150800v2	41.962081
SEVIR_5G150900v2	14.145367
SEVIR_5G151000v2	20.45031
SEVIR_5G151101v2	7.320689
SEVIR_5G151200v2	0.393733
SEVIR_5G151301v2	10.592141
SEVIR_5G151400v2	3.561929
SEVIR_5G151600v2	6.37994
SEVIR_5G151700v2	0
SEVIR_5G151800v2	0.290676
SEVIR_5G151900v2	5.301264
SEVIR_5G152000v2	14.118275
SEVIR_5G152100v2	0.314037
SEVIR_5G152200v2	17.239378
SEVIR_5G152300v2	4.179834
SEVIR_5G152400v2	17.170436
SEVIR_5G152500v2	16.887679
SEVIR_5G152600v2	6.116053
SEVIR_5G152701v2	0.255229
SEVIR_5G152800v2	10.803125
SEVIR_5G152900v2	3.299218
SEVIR_5G153000v2	18.339482
SEVIR_5G153100v2	25.960351
SEVIR_5G153200v2	10.51268
SEVIR_5G153300v2	25.426311
SEVIR_5G153400v2	38.982018
SEVIR_5G153500v2	14.801477
SEVIR_5G153600v2	3.08633
SEVIR_5G153700v2	5.651204
SEVIR_5G153800v2	0
SEVIR_5G153850v2	0.232405
SEVIR_5G153900v2	0
SEVIR_5G154000v2	944.528565
SEVIR_5G154100v2	0.820452
SEVIR_5G154200v2	30.334654
SEVIR_5G154300v2	18.494584
SEVIR_5G154400v2	115.911564
SEVIR_5G154500v2	44.83424
SEVIR_5G154600v2	2.458761
SEVIR_5G154700v2	0
SEVIR_5G154800v2	1.860111
SEVIR_5G154900v2	0.860397
SEVIR_5G155000v2	6.0413
SEVIR_5G155100v2	5.822429
SEVIR_5G155200v2	456.264655
SEVIR_5G155300v2	35.867265
SEVIR_5G155400v2	13.7713
SEVIR_5G155500v2	190.471463
SEVIR_5G155600v2	18.453107
SEVIR_5G155700v2	4.692812
SEVIR_5G155800v2	3.219854
SEVIR_5G155900v2	9.667578
SEVIR_5G156000v2	28.65129
SEVIR_5G156100v2	7.09254
SEVIR_5G156200v2	4.997231
SEVIR_5G156300v2	0.729844
SEVIR_5G156400v2	0
SEVIR_5G156450v2	0
SEVIR_5G156500v2	0.171646
SEVIR_5G156600v2	48.650314
SEVIR_5G156700v2	14.564133
SEVIR_5G156900v2	0
SEVIR_5G157000v2	0
SEVIR_5G157100v2	4.967708
SEVIR_5G157200v2	0.769984
SEVIR_5G157300v2	2.629228
SEVIR_5G157400v2	0
SEVIR_5G157500v2	119.179529
SEVIR_5G157600v2	12.671823
SEVIR_5G157700v2	9.167459
SEVIR_5G157800v2	1.715814
SEVIR_5G157950v2	0.115574
SEVIR_5G158100v2	24.147317
SEVIR_5G158200v2	52.39837
SEVIR_5G158300v2	24.363048
SEVIR_5G158500v2	232.912793
SEVIR_5G158600v2	21.785726
SEVIR_5G158700v2	0
SEVIR_5G158800v2	0
SEVIR_5G158900v2	34.037434
SEVIR_5G158933v2	0.284636
SEVIR_5G158966v2	3.257872
SEVIR_5G159000v2	1.357947
SEVIR_5G159100v2	0.057566
SEVIR_5G159200v2	0
SEVIR_5G159300v2	0
SEVIR_5G159400v2	0
SEVIR_5G159450v2	1.02682
SEVIR_5G159500v2	0.097432
SEVIR_5G159600v2	218.110322
SEVIR_5G159700v2	0
SEVIR_5G159800v2	1.564148
SEVIR_5G159900v2	0
SEVIR_5G160000v2	0
SEVIR_5G160200v2	0
SEVIR_5G160300v2	0.096598
SEVIR_5G160400v2	1.566124
SEVIR_5G160500v2	0.118422
SEVIR_5G160566v2	31.173602
SEVIR_5G160632v2	0.240514
SEVIR_5G160700v2	0.980042
SEVIR_5G160800v2	1.018007
SEVIR_5G160850v2	0.121711
SEVIR_5G160900v2	16.221846
SEVIR_5G161100v2	2.08603
SEVIR_5G161200v2	38.29599
SEVIR_5G161300v2	0
SEVIR_5G161401v2	172.848808
SEVIR_5G161500v2	3.866113
SEVIR_5G161550v2	85.281072
SEVIR_5G161600v2	62.668064
SEVIR_5G161700v2	5.912126
SEVIR_5G161900v2	0
SEVIR_5G162001v2	0.274893
SEVIR_5G162100v2	26.087453
SEVIR_5G162200v2	4.640604
SEVIR_5G162400v2	20.867926
SEVIR_5G162500v2	0
SEVIR_5G162600v2	15.845091
SEVIR_5G162700v2	35.703775
SEVIR_5G162800v2	20.771693
SEVIR_5G162900v2	0
SEVIR_5G163000v2	2.206786
SEVIR_5G163100v2	30.521945
SEVIR_5G163200v2	1.460532
SEVIR_5G163300v2	1.590095
SEVIR_5G163333v2	1.263867
SEVIR_5G163366v2	0.07363
SEVIR_5G163400v2	32.372904
SEVIR_5G163500v2	0
SEVIR_5G163600v2	0
SEVIR_5G163700v2	42.073809
SEVIR_5G163650v2	0.08548
SEVIR_5G163801v2	0
SEVIR_5G163900v2	1.929448
SEVIR_5G163950v2	0
SEVIR_5G164001v2	0
SEVIR_5G164051v2	0
SEVIR_5G164100v2	0.074078
SEVIR_5G164200v2	0
SEVIR_5G164300v2	47.134955
SEVIR_5G164400v2	37.33096
SEVIR_5G164500v2	0
SEVIR_5G164600v2	24.88015
SEVIR_5G164700v2	122.199654
SEVIR_5G164800v2	14.733645
SEVIR_5G164900v2	19.618237
SEVIR_5G165000v2	6.006601
SEVIR_5G165100v2	0.310761
SEVIR_5G165200v2	0
SEVIR_5G165300v2	0
SEVIR_5G165500v2	18.909151
SEVIR_5G165400v2	0
SEVIR_5G165600v2	2.068494
SEVIR_5G165700v2	0
SEVIR_5G165801v2	20.023134
SEVIR_5G165901v2	8.472172
SEVIR_5G166000v2	0
SEVIR_5G166200v2	18.850861
SEVIR_5G166300v2	0
SEVIR_5G166400v2	89.043161
SEVIR_5G166500v2	79.096431
SEVIR_5G166600v2	6.842907
SEVIR_5G166700v2	17.795918
SEVIR_5G166800v2	15.115506
SEVIR_5G166900v2	24.110171
SEVIR_5G167000v2	56.745897
SEVIR_5G167100v2	0.345459
SEVIR_5G167200v2	0
SEVIR_5G167300v2	9.328112
SEVIR_5G167400v2	0
SEVIR_5G167500v2	0
SEVIR_5G167600v2	15.273165
SEVIR_5G167700v2	44.108775
SEVIR_5G167800v2	0.107406
SEVIR_5G167900v2	0.029559
SEVIR_5G168000v2	0.025153
SEVIR_5G168100v2	0
SEVIR_5G168200v2	0
SEVIR_5G168300v2	0
SEVIR_5G168350v2	0
SEVIR_5G168400v2	0.59121
SEVIR_5G168500v2	0
SEVIR_5G168600v2	27.504057
SEVIR_5G168700v2	178.929292
SEVIR_5G168800v2	0.185285
SEVIR_5G168900v2	2.097285
SEVIR_5G169000v2	0.087671
SEVIR_5G169050v2	0.259935
SEVIR_5G169100v2	0.379918
SEVIR_5G169200v2	27.988688
SEVIR_5G169300v2	175.780488
SEVIR_5G169400v2	0
SEVIR_5G169500v2	23.718218
SEVIR_5G169601v2	0.112391
SEVIR_5G169700v2	320.173406
SEVIR_5G169800v2	3.60555
SEVIR_5G169850v2	2.857133
SEVIR_5G169900v2	0.090873
SEVIR_5G170000v2	0
SEVIR_5G170050v2	0
SEVIR_5G170100v2	0.209006
SEVIR_5G170200v2	87.479234
SEVIR_5G170250v2	24.646471
SEVIR_5G170300v2	0.319548
SEVIR_5G170500v2	0
SEVIR_5G170600v2	0
SEVIR_5G170800v2	273.677895
SEVIR_5G170900v2	45.915392
SEVIR_5G171001v2	4.166248
SEVIR_5G171100v2	0
SEVIR_5G171200v2	2.514882
SEVIR_5G171300v2	4.043798
SEVIR_5G171400v2	0
SEVIR_5G171501v2	0
SEVIR_5G171600v2	0
SEVIR_5G171700v2	0
SEVIR_5G171800v2	6.245194
SEVIR_5G171900v2	19.059497
SEVIR_5G172000v2	2.918471
SEVIR_5G172200v2	41.117121
SEVIR_5G172300v2	0
SEVIR_5G172400v2	0
SEVIR_5G172500v2	0
SEVIR_5G172566v2	0.325755
SEVIR_5G172632v2	0
SEVIR_5G172700v2	3.674194
SEVIR_5G172900v2	96.044542
SEVIR_5G173000v2	0
SEVIR_5G173050v2	0
SEVIR_5G173100v2	0
SEVIR_5G173200v2	0
SEVIR_5G173300v2	0
SEVIR_5G173400v2	0
SEVIR_5G173500v2	0
SEVIR_5G173600v2	6.461329
SEVIR_5G173700v2	1.034465
SEVIR_5G173800v2	29.667126
SEVIR_5G174000v2	0
SEVIR_5G174100v2	0.073259
SEVIR_5G174200v2	0.092834
SEVIR_5G174300v2	42.65361
SEVIR_5G174400v2	47.21625
SEVIR_5G174500v2	14.750983
SEVIR_5G174600v2	27.702158
SEVIR_5G174700v2	0
SEVIR_5G174801v2	0.653116
SEVIR_5G174900v2	0
SEVIR_5G175200v2	0
SEVIR_5G175300v2	2.567858
SEVIR_5G175400v2	10.986321
SEVIR_5G175500v2	1.37416
SEVIR_5G175600v2	0.373184
SEVIR_5G175700v2	1.172942
SEVIR_5G175900v2	48.264564
SEVIR_5G176000v2	2.30827
SEVIR_5G176100v2	2.923779
SEVIR_5G176200v2	0.435305
SEVIR_5G176300v2	0.11742
SEVIR_5G176450v2	1.407875
SEVIR_5G176600v2	8.340202
SEVIR_5G176500v2	0.47482
SEVIR_5G176700v2	0.064935
SEVIR_5G176750v2	0
SEVIR_5G176800v2	0
SEVIR_5G176900v2	7.0004
SEVIR_5G177100v2	2.924784
SEVIR_5G177200v2	0.065807
SEVIR_5G177301v2	1.633074
SEVIR_5G177400v2	9.476772
SEVIR_5G177500v2	0
SEVIR_5G177505v2	1.827706
SEVIR_5G177510v2	12.898907
SEVIR_5G177515v2	12.553773
SEVIR_5G177520v2	0.433253
SEVIR_5G177525v2	0
SEVIR_5G177530v2	8.433921
SEVIR_5G177535v2	108.398041
SEVIR_5G177540v2	0.065628
SEVIR_5G177545v2	0.039377
SEVIR_5G177550v2	14.701626
SEVIR_5G177555v2	13.996762
SEVIR_5G177560v2	0
SEVIR_5G177565v2	0.125682
SEVIR_5G177570v2	50.212677
SEVIR_5G177575v2	0
SEVIR_5G177580v2	0.070107
SEVIR_5G177585v2	104.693144
SEVIR_5G177590v2	0.204991
SEVIR_5G177595v2	71.68882
SEVIR_5G177600v2	6.733144
SEVIR_5G177650v2	14.05165
SEVIR_5G177700v2	13.723268
SEVIR_5G177800v2	0.555265
SEVIR_5G177866v2	1.058079
SEVIR_5G177932v2	1.451808
SEVIR_5G178000v2	20.054099
SEVIR_5G178100v2	37.840982
SEVIR_5G178200v2	0
SEVIR_5G178300v2	59.761219
SEVIR_5G178400v2	15.011397
SEVIR_5G178600v2	0.203901
SEVIR_5G178700v2	12.921143
SEVIR_5G178800v2	0
SEVIR_5G178900v2	26.775659
SEVIR_5G178966v2	0.802348
SEVIR_5G179032v2	0.205108
SEVIR_5G179100v2	73.954363
SEVIR_5G179200v2	4.685117
SEVIR_5G179300v2	21.012667
SEVIR_5G179400v2	17.553888
SEVIR_5G179500v2	18.311806
SEVIR_5G179700v2	0.096235
SEVIR_5G179800v2	7.903176
SEVIR_5G180100v2	0
SEVIR_5G180200v2	0
SEVIR_5G180300v2	0.471604
SEVIR_5G180350v2	7.476386
SEVIR_5G180400v2	8.018683
SEVIR_5G180500v2	0
SEVIR_5G180600v2	10.639453
SEVIR_5G180700v2	0
SEVIR_5G180900v2	0.031369
SEVIR_5G181000v2	38.68521
SEVIR_5G181100v2	43.740258
SEVIR_5G181200v2	0
SEVIR_5G181300v2	30.470189
SEVIR_5G181400v2	1.946917
SEVIR_5G181500v2	1.308763
SEVIR_5G181600v2	0.265016
SEVIR_5G181800v2	9.844066
SEVIR_5G181900v2	31.606908
SEVIR_5G182000v2	0
SEVIR_5G182050v2	0.034773
SEVIR_5G182100v2	0
SEVIR_5G182200v2	46.017253
SEVIR_5G182300v2	20.045624
SEVIR_5G182400v2	0.952202
SEVIR_5G182500v2	0.458506
SEVIR_5G182600v2	12.13406
SEVIR_5G182700v2	4.652282
SEVIR_5G182733v2	1.401255
SEVIR_5G182766v2	137.604351
SEVIR_5G182800v2	1.643872
SEVIR_5G182900v2	10.565285
SEVIR_5G183000v2	0
SEVIR_5G183100v2	0
SEVIR_5G183200v2	0
SEVIR_5G183300v2	1.746269
SEVIR_5G183400v2	24.050421
SEVIR_5G183500v2	5.772034
SEVIR_5G183600v2	0
SEVIR_5G183700v2	0
SEVIR_5G183800v2	8.89848
SEVIR_5G183901v2	0
SEVIR_5G184000v2	0.053111
SEVIR_5G184050v2	915.753336
SEVIR_5G184100v2	266.649169
SEVIR_5G184200v2	0.029923
SEVIR_5G184300v2	0.032538
SEVIR_5G184500v2	4.126107
SEVIR_5G184600v2	0
SEVIR_5G184700v2	25.510706
SEVIR_5G184800v2	23.827056
SEVIR_5G184901v2	0.045673
SEVIR_5G185000v2	1.986233
SEVIR_5G185100v2	12.632981
SEVIR_5G185200v2	4.547151
SEVIR_5G185300v2	2.24043
SEVIR_5G185400v2	4.323942
SEVIR_5G185500v2	14.228891
SEVIR_5G185600v2	7.059236
SEVIR_5G185700v2	0.10657
SEVIR_5G185750v2	10.351105
SEVIR_5G185800v2	3.529451
SEVIR_5G185900v2	24.58708
SEVIR_5G186100v2	12.911116
SEVIR_5G186200v2	3.037073
SEVIR_5G186300v2	27.602499
SEVIR_5G186400v2	0.200332
SEVIR_5G186450v2	0
SEVIR_5G186500v2	6.613881
SEVIR_5G186601v2	0.078787
SEVIR_5G186700v2	2.870706
SEVIR_5G186800v2	0
SEVIR_5G186900v2	0
SEVIR_5G187000v2	0
SEVIR_5G187200v2	0
SEVIR_5G187300v2	0
SEVIR_5G187400v2	0.286296
SEVIR_5G187501v2	0
SEVIR_5G187600v2	0
SEVIR_5G187700v2	0
SEVIR_5G187800v2	0
SEVIR_5G187900v2	0
SEVIR_5G188000v2	0
SEVIR_5G188100v2	0.174184
SEVIR_5G188200v2	1.184538
SEVIR_5G188300v2	30.56224
SEVIR_5G188400v2	0
SEVIR_5G188500v2	0
SEVIR_5G188600v2	0
SEVIR_5G188700v2	7.587043
SEVIR_5G188800v2	0
SEVIR_5G188900v2	0.05776
SEVIR_5G189000v2	0
SEVIR_5G189100v2	0
SEVIR_5G189200v2	0
SEVIR_5G189300v2	0
SEVIR_5G189400v2	0
SEVIR_5G189500v2	0
SEVIR_5G189600v2	0
SEVIR_5G189700v2	29.357744
SEVIR_5G189800v2	0
SEVIR_5G189900v2	0.02037
SEVIR_5G190000v2	0
SEVIR_5G190100v2	0.229327
SEVIR_5G190150v2	0
SEVIR_5G190200v2	0
SEVIR_5G190300v2	180.746523
SEVIR_5G190500v2	3.756536
SEVIR_5G190600v2	1.428781
SEVIR_5G190701v2	2.581877
SEVIR_5G190801v2	0.864788
SEVIR_5G190900v2	0.521359
SEVIR_5G191000v2	0
SEVIR_5G191100v2	0
SEVIR_5G191200v2	7.318319
SEVIR_5G191250v2	3.793312
SEVIR_5G191300v2	11.505082
SEVIR_5G191400v2	0.428571
SEVIR_5G191500v2	4.825562
SEVIR_5G191600v2	0
SEVIR_5G191800v2	0
SEVIR_5G191900v2	1.444658
SEVIR_5G192000v2	67.877556
SEVIR_5G192100v2	40.375475
SEVIR_5G192300v2	1.085962
SEVIR_5G192400v2	11.654295
SEVIR_5G192500v2	1.621911
SEVIR_5G192600v2	0.377724
SEVIR_5G192700v2	0
SEVIR_5G192750v2	0
SEVIR_5G192800v2	37.357587
SEVIR_5G192900v2	18.867686
SEVIR_5G193000v2	0.399089
SEVIR_5G193100v2	9.376469
SEVIR_5G193200v2	42.520589
SEVIR_5G193300v2	26.341334
SEVIR_5G193400v2	0.4644
SEVIR_5G193500v2	3.425647
SEVIR_5G193600v2	1.430847
SEVIR_5G193650v2	0
SEVIR_5G193700v2	4.21948
SEVIR_5G193733v2	0.609668
SEVIR_5G193766v2	2.487585
SEVIR_5G193800v2	13.164141
SEVIR_5G193900v2	2.039495
SEVIR_5G194000v2	4.429227
SEVIR_5G194100v2	37.659009
SEVIR_5G194200v2	7.267226
SEVIR_5G194300v2	21.465399
SEVIR_5G194500v2	4.191464
SEVIR_5G194600v2	0.93568
SEVIR_5G194700v2	1.235416
SEVIR_5G194800v2	2.804403
SEVIR_5G194900v2	0
SEVIR_5G195200v2	21.196536
SEVIR_5G195300v2	0.995817
SEVIR_5G195400v2	99.680207
SEVIR_5G195500v2	7.229575
SEVIR_5G195600v2	0.087763
SEVIR_5G195700v2	0.723651
SEVIR_5G195900v2	0.043872
SEVIR_5G196000v2	0.038075
SEVIR_5G196100v2	4.975606
SEVIR_5G196200v2	16.612691
SEVIR_5G196250v2	0.056631
SEVIR_5G196300v2	0
SEVIR_5G196400v2	2.329937
SEVIR_5G196500v2	0
SEVIR_5G196600v2	7.673657
SEVIR_5G196700v2	0.366972
SEVIR_5G196800v2	10.271643
SEVIR_5G196900v2	3.981432
SEVIR_5G197000v2	3.644283
SEVIR_5G197100v2	0.953285
SEVIR_5G197200v2	0
SEVIR_5G197300v2	19.881043
SEVIR_5G197350v2	0
SEVIR_5G197400v2	31.731342
SEVIR_5G197500v2	0.410146
SEVIR_5G197600v2	5.470459
SEVIR_5G197700v2	10.112622
SEVIR_5G197800v2	45.74142
SEVIR_5G197900v2	0.482247
SEVIR_5G198000v2	0.511116
SEVIR_5G198100v2	1.13941
SEVIR_5G198200v2	9.410646
SEVIR_5G198300v2	3.168756
SEVIR_5G198400v2	0
SEVIR_5G198500v2	2.473743
SEVIR_5G198600v2	3.896549
SEVIR_5G198620v2	0.268191
SEVIR_5G198640v2	0
SEVIR_5G198660v2	41.467078
SEVIR_5G198680v2	14.869887
SEVIR_5G198700v2	136.261886
SEVIR_5G198800v2	0.049623
SEVIR_5G198900v2	9.893065
SEVIR_5G199000v2	73.826917
SEVIR_5G199100v2	0.045173
SEVIR_5G199200v2	0
SEVIR_5G199300v2	12.361646
SEVIR_5G199400v2	40.536906
SEVIR_5G199500v2	19.011636
SEVIR_5G199600v2	5.215266
SEVIR_5G199700v2	1.173622
SEVIR_5G199801v2	7.416143
SEVIR_5G199900v2	0.044424
SEVIR_5G200000v2	6.503329
SEVIR_5G200100v2	7.844023
SEVIR_5G200200v2	13.678854
SEVIR_5G200300v2	69.50287
SEVIR_5G200400v2	0
SEVIR_5G200500v2	0
SEVIR_5G200600v2	0
SEVIR_5G200666v2	5.143488
SEVIR_5G200732v2	7.248962
SEVIR_5G200800v2	7.519555
SEVIR_5G200900v2	1.014672
SEVIR_5G201000v2	8.183145
SEVIR_5G201100v2	530.392218
SEVIR_5G201166v2	4.225109
SEVIR_5G201232v2	0.325366
SEVIR_5G201300v2	0.468159
SEVIR_5G201400v2	0
SEVIR_5G201500v2	0.103436
SEVIR_5G201600v2	15.106022
SEVIR_5G201700v2	1.894448
SEVIR_5G201800v2	0.117003
SEVIR_5G201900v2	0
SEVIR_5G202000v2	0
SEVIR_5G202100v2	68.66964
SEVIR_5G202200v2	0
SEVIR_5G202300v2	0
SEVIR_5G202400v2	0.036181
SEVIR_5G202500v2	0
SEVIR_5G202600v2	0
SEVIR_5G202700v2	0
SEVIR_5G202800v2	0
SEVIR_5G202901v2	0.50936
SEVIR_5G203000v2	1.223348
SEVIR_5G203100v2	21.850643
SEVIR_5G203200v2	32.667494
SEVIR_5G203300v2	31.391784
SEVIR_5G203400v2	24.722619
SEVIR_5G203500v2	5.534415
SEVIR_5G203600v2	156.758106
SEVIR_5G203650v2	30.587181
SEVIR_5G203701v2	0.23813
SEVIR_5G203751v2	217.432584
SEVIR_5G203800v2	9.39665
SEVIR_5G203900v2	0.591377
SEVIR_5G204000v2	57.512301
SEVIR_5G204100v2	0
SEVIR_5G204200v2	0.054575
SEVIR_5G204300v2	9.228143
SEVIR_5G204400v2	5.021466
SEVIR_5G204500v2	0
SEVIR_5G204600v2	0
SEVIR_5G204700v2	2.957931
SEVIR_5G204800v2	3.600539
SEVIR_5G204900v2	14.516354
SEVIR_5G205001v2	0.114552
SEVIR_5G205100v2	14.288479
SEVIR_5G205200v2	302.990516
SEVIR_5G205275v2	1.121789
SEVIR_5G205350v2	0
SEVIR_5G205425v2	0.231836
SEVIR_5G205501v2	0.697354
SEVIR_5G205576v2	0.256654
SEVIR_5G205726v2	0.083354
SEVIR_5G205651v2	0
SEVIR_5G205800v2	0.206649
SEVIR_5G205901v2	0.936614
SEVIR_5G206000v2	13.884872
SEVIR_5G206050v2	5.230594
SEVIR_5G206100v2	0.899795
SEVIR_5G206200v2	14.242047
SEVIR_5G206300v2	0.907402
SEVIR_5G206400v2	12.961647
SEVIR_5G206500v2	4.727163
SEVIR_5G206600v2	45.151186
SEVIR_5G206700v2	0
SEVIR_5G206800v2	0.071346
SEVIR_5G206900v2	7.259235
SEVIR_5G207000v2	78.476618
SEVIR_5G207100v2	71.263777
SEVIR_5G207200v2	8.088755
SEVIR_5G207300v2	2.735329
SEVIR_5G207400v2	46.747601
SEVIR_5G207450v2	0.257217
SEVIR_5G207500v2	0
SEVIR_5G207600v2	32.626805
SEVIR_5G207700v2	4.457692
SEVIR_5G207716v2	0
SEVIR_5G207732v2	0
SEVIR_5G207748v2	0
SEVIR_5G207764v2	0
SEVIR_5G207780v2	0
SEVIR_5G207800v2	3.443121
SEVIR_5G207866v2	0.395272
SEVIR_5G207932v2	0.418099
SEVIR_5G208000v2	34.717501
SEVIR_5G208100v2	71.199553
SEVIR_5G208200v2	37.668856
SEVIR_5G208300v2	6.322278
SEVIR_5G208400v2	5.257612
SEVIR_5G208500v2	18.010933
SEVIR_5G208600v2	41.720522
SEVIR_5G208700v2	37.120258
SEVIR_5G208800v2	39.870499
SEVIR_5G208900v2	0
SEVIR_5G209000v2	0
SEVIR_5G209100v2	0
SEVIR_5G209200v2	41.618619
SEVIR_5G209300v2	14.807466
SEVIR_5G209400v2	5.235849
SEVIR_5G209450v2	1.460532
SEVIR_5G209500v2	4.746501
SEVIR_5G209600v2	15.681824
SEVIR_5G209700v2	23.689692
SEVIR_5G209800v2	0
SEVIR_5G212601v2	2.129145
SEVIR_5G215400v2	0
SEVIR_5G215500v2	14.358441
SEVIR_5G215600v2	39.105683
SEVIR_5G215700v2	1.10914
SEVIR_5G215900v2	4.189484
SEVIR_5G215800v2	188.303327
SEVIR_5G215950v2	0
SEVIR_5G216000v2	54.016246
SEVIR_5G216100v2	0.423652
SEVIR_5G216150v2	5.79917
SEVIR_5G216200v2	58.971057
SEVIR_5G216300v2	44.690569
SEVIR_5G216400v2	2.820183
SEVIR_5G216500v2	1.000068
SEVIR_5G216575v2	3.120167
SEVIR_5G216650v2	0
SEVIR_5G216725v2	0.069337
SEVIR_5G216800v2	45.017564
SEVIR_5G216900v2	141.303165
SEVIR_5G217000v2	51.524206
SEVIR_5G217100v2	0.217427
SEVIR_5G217200v2	0.448176
SEVIR_5G217300v2	0.465497
SEVIR_5G217400v2	0.352685
SEVIR_5G217500v2	0
SEVIR_5G217600v2	2.835863
SEVIR_5G217700v2	0
SEVIR_5G217800v2	0
SEVIR_5G217900v2	4.149178
SEVIR_5G218000v2	12.059004
SEVIR_5G218100v2	21.585632
SEVIR_5G218200v2	37.425061
SEVIR_5G218300v2	0
SEVIR_5G218400v2	42.312801
SEVIR_5G218500v2	0.506591
SEVIR_5G218550v2	23.72042
SEVIR_5G218600v2	0.193003
SEVIR_5G218700v2	0
SEVIR_5G218800v2	0
SEVIR_5G218900v2	1.185638
SEVIR_5G218950v2	0.241936
SEVIR_5G219000v2	0
SEVIR_5G219100v2	0
SEVIR_5G219200v2	0
SEVIR_5G219300v2	0
SEVIR_5G219400v2	0
SEVIR_5G219500v2	31.81435
SEVIR_5G219600v2	11.620566
SEVIR_5G219700v2	22.89586
SEVIR_5G219800v2	18.387768
SEVIR_5G219900v2	0.342312
SEVIR_5G220000v2	0.889993
SEVIR_5G220100v2	0.128234
SEVIR_5G220200v2	0.02544
SEVIR_5G220300v2	0
SEVIR_5G220400v2	0
SEVIR_5G220500v2	0.175566
SEVIR_5G220600v2	0.065727
SEVIR_5G220700v2	0
SEVIR_5G220900v2	50.963798
SEVIR_5G221000v2	197.28719
SEVIR_5G221100v2	0.854085
SEVIR_5G221200v2	20.968609
SEVIR_5G221300v2	0
SEVIR_5G221400v2	0
SEVIR_5G221500v2	11.04635
SEVIR_5G221600v2	0
SEVIR_5G221650v2	0.314505
SEVIR_5G221700v2	0
SEVIR_5G221728v2	0
SEVIR_5G221756v2	0
SEVIR_5G221784v2	0
SEVIR_5G221812v2	0.07043
SEVIR_5G221840v2	0.04753
SEVIR_5G221868v2	0
SEVIR_5G221900v2	0.081597
SEVIR_5G222100v2	0
SEVIR_5G222200v2	10.427785
SEVIR_5G222300v2	0.022638
SEVIR_5G222400v2	38.199124
SEVIR_5G222450v2	0.421309
SEVIR_5G222500v2	252.833298
SEVIR_5G222600v2	8.474308
SEVIR_5G222700v2	1.223896
SEVIR_5G222900v2	5.554128
SEVIR_5G223000v2	0
SEVIR_5G223100v2	18.20414
SEVIR_5G223200v2	154.788437
SEVIR_5G223300v2	0
SEVIR_5G223400v2	47.25189
SEVIR_5G223500v2	0.042285
SEVIR_5G223600v2	0
SEVIR_5G223800v2	0.462479
SEVIR_5G223700v2	0
SEVIR_5G224000v2	1.315246
SEVIR_5G224100v2	1.798796
SEVIR_5G224200v2	0
SEVIR_5G224300v2	3.85403
SEVIR_5G224400v2	2.23078
SEVIR_5G224500v2	9.713945
SEVIR_5G224600v2	34.607819
SEVIR_5G224800v2	10.230445
SEVIR_5G224700v2	2.581422
SEVIR_5G224900v2	2.960968
SEVIR_5G225000v2	0.233865
SEVIR_5G225100v2	6.608883
SEVIR_5G225200v2	16.767843
SEVIR_5G225300v2	0.807951
SEVIR_5G225400v2	0
SEVIR_5G225501v2	7.311371
SEVIR_5G225600v2	0.131511
SEVIR_5G225700v2	3.652541
SEVIR_5G225800v2	0.054886
SEVIR_5G225900v2	9.623367
SEVIR_5G226000v2	20.868541
SEVIR_5G226050v2	5.241071
SEVIR_5G226100v2	8.065704
SEVIR_5G226200v2	0
SEVIR_5G226300v2	10.661805
SEVIR_5G226400v2	1.703954
SEVIR_5G226500v2	16.8287
SEVIR_5G226600v2	21.32428
SEVIR_5G226700v2	9.520491
SEVIR_5G226800v2	0.10834
SEVIR_5G226900v2	39.439603
SEVIR_5G227000v2	0
SEVIR_5G227100v2	14.451563
SEVIR_5G227200v2	0.16294
SEVIR_5G227250v2	0.20164
SEVIR_5G227300v2	16.500968
SEVIR_5G227401v2	2.744289
SEVIR_5G227500v2	0
SEVIR_5G227650v2	0.142074
SEVIR_5G227800v2	0
SEVIR_5G227900v2	0
SEVIR_5G228000v2	0
SEVIR_5G228100v2	0
SEVIR_5G228200v2	0.09738
SEVIR_5G228300v2	0
SEVIR_5G228400v2	0.176201
SEVIR_5G228500v2	853.911049
SEVIR_5G228600v2	1.240388
SEVIR_5G228650v2	0
SEVIR_5G228700v2	31.784815
SEVIR_5G228750v2	0
SEVIR_5G228800v2	29.902231
SEVIR_5G228900v2	0
SEVIR_5G228950v2	13.491575
SEVIR_5G229000v2	282.114698
SEVIR_5G229100v2	5.805787
SEVIR_5G229200v2	0.250389
SEVIR_5G229300v2	34.918882
SEVIR_5G229400v2	0.828453
SEVIR_5G229450v2	0
SEVIR_5G229500v2	0.038238
SEVIR_5G229600v2	0.400104
SEVIR_5G229700v2	0.088635
SEVIR_5G229800v2	35.151732
SEVIR_5G229900v2	18.671459
SEVIR_5G230000v2	10.002589
SEVIR_5G230100v2	4.376514
SEVIR_5G230200v2	64.10846
SEVIR_5G230300v2	0.273885
SEVIR_5G230400v2	0.573717
SEVIR_5G230500v2	9.501833
SEVIR_5G230600v2	0.24437
SEVIR_5G230700v2	12.393589
SEVIR_5G230650v2	34.868919
SEVIR_5G230800v2	17.689962
SEVIR_5G230900v2	0.20703
SEVIR_5G231000v2	362.66994
SEVIR_5G231100v2	19.52139
SEVIR_5G231200v2	0.138645
SEVIR_5G231300v2	72.790837
SEVIR_5G231400v2	4.87163
SEVIR_5G231500v2	0
SEVIR_5G231600v2	4.619218
SEVIR_5G231700v2	30.285784
SEVIR_5G231800v2	49.458651
SEVIR_5G231900v2	0
SEVIR_5G232000v2	0
SEVIR_5G232100v2	8.492557
SEVIR_5G232200v2	8.008129
SEVIR_5G232300v2	1.712033
SEVIR_5G232400v2	72.839488
SEVIR_5G232500v2	0
SEVIR_5G232600v2	0
SEVIR_5G232700v2	45.67856
SEVIR_5G232800v2	28.921214
SEVIR_5G232850v2	0.154828
SEVIR_5G232900v2	3.129057
SEVIR_5G233001v2	0.926977
SEVIR_5G233100v2	0
SEVIR_5G233200v2	1.975168
SEVIR_5G233300v2	0
SEVIR_5G233350v2	12.82418
SEVIR_5G233400v2	0.065031
SEVIR_5G233466v2	7.534206
SEVIR_5G233532v2	0.031803
SEVIR_5G233600v2	38.231936
SEVIR_5G233650v2	1.065132
SEVIR_5G233700v2	82.099761
SEVIR_5G233800v2	3.382797
SEVIR_5G233900v2	28.036504
SEVIR_5G234000v2	28.762994
SEVIR_5G234150v2	0.094242
SEVIR_5G234300v2	0
SEVIR_5G234360v2	56.619505
SEVIR_5G234420v2	18.646521
SEVIR_5G234480v2	9.339634
SEVIR_5G234540v2	1.825665
SEVIR_5G234600v2	17.321455
SEVIR_5G234700v2	1.883382
SEVIR_5G234750v2	0
SEVIR_5G234800v2	70.286695
SEVIR_5G234900v2	0.983526
SEVIR_5G235000v2	35.334266
SEVIR_5G235100v2	15.312054
SEVIR_5G235200v2	29.672085
SEVIR_5G235300v2	4.370532
SEVIR_5G235350v2	0
SEVIR_5G235400v2	0
SEVIR_5G235500v2	149.808066
SEVIR_5G235600v2	0.202911
SEVIR_5G235700v2	5.137505
SEVIR_5G235800v2	1.400921
SEVIR_5G235900v2	8.937871
SEVIR_5G236000v2	4.222334
SEVIR_5G236100v2	28.339958
SEVIR_5G236200v2	2.583081
SEVIR_5G236300v2	15.124256
SEVIR_5G236400v2	4.635257
SEVIR_5G236500v2	12.996138
SEVIR_5G236600v2	22.212875
SEVIR_5G236700v2	0.049467
SEVIR_5G236800v2	14.922797
SEVIR_5G236900v2	2.076888
SEVIR_5G237000v2	0
SEVIR_5G237100v2	0.147203
SEVIR_5G237200v2	14.526624
SEVIR_5G237300v2	17.574978
SEVIR_5G237400v2	2.53743
SEVIR_5G237500v2	12.694724
SEVIR_5G237600v2	0
SEVIR_5G237700v2	2.499665
SEVIR_5G237800v2	36.984999
SEVIR_5G237900v2	21.267088
SEVIR_5G238000v2	0.126785
SEVIR_5G238033v2	0
SEVIR_5G238066v2	0
SEVIR_5G238100v2	0
SEVIR_5G238300v2	0.052192
SEVIR_5G238400v2	2.959508
SEVIR_5G238500v2	15.487603
SEVIR_5G238600v2	14.029522
SEVIR_5G238700v2	54.381102
SEVIR_5G238800v2	62.427373
SEVIR_5G238900v2	0.082207
SEVIR_5G239000v2	8.091172
SEVIR_5G239100v2	3.938887
SEVIR_5G239200v2	0.262896
SEVIR_5G239300v2	0
SEVIR_5G239400v2	0.436171
SEVIR_5G239500v2	0
SEVIR_5G239600v2	6.043317
SEVIR_5G239700v2	23.440432
SEVIR_5G239800v2	7.578309
SEVIR_5G239900v2	0
SEVIR_5G240000v2	317.730748
SEVIR_5G240100v2	8.052769
SEVIR_5G240200v2	23.657166
SEVIR_5G240250v2	0
SEVIR_5G240300v2	6.192859
SEVIR_5G240400v2	0.299195
SEVIR_5G240500v2	6.618723
SEVIR_5G240600v2	28.10254
SEVIR_5G240700v2	122.252909
SEVIR_5G240800v2	1.669972
SEVIR_5G240900v2	45.334578
SEVIR_5G240950v2	164.309809
SEVIR_5G241000v2	0
SEVIR_5G241200v2	80.349526
SEVIR_5G241300v2	0.428032
SEVIR_5G241400v2	4.338555
SEVIR_5G241500v2	58.224417
SEVIR_5G241700v2	0
SEVIR_5G241800v2	356.992258
SEVIR_5G241900v2	71.808937
SEVIR_5G242100v2	79.645448
SEVIR_5G242200v2	153.971495
SEVIR_5G242300v2	45.901623
SEVIR_5G242400v2	51.32628
SEVIR_5G242501v2	0.893785
SEVIR_5G242600v2	4.962734
SEVIR_5G242700v2	7.295357
SEVIR_5G242800v2	3.650439
SEVIR_5G242900v2	12.377401
SEVIR_5G243000v2	7.095648
SEVIR_5G243100v2	74.989059
SEVIR_5G243300v2	0
SEVIR_5G243400v2	11.489705
SEVIR_5G243500v2	0.067594
SEVIR_5G243600v2	10.648826
SEVIR_5G243700v2	107.981427
SEVIR_5G243800v2	0.018227
SEVIR_5G243900v2	0
SEVIR_5G244000v2	0
SEVIR_5G244100v2	8.188111
SEVIR_5G244150v2	0.576152
SEVIR_5G244200v2	0
SEVIR_5G244300v2	6.360122
SEVIR_5G244400v2	22.254279
SEVIR_5G244500v2	7.158206
SEVIR_5G244600v2	1.345088
SEVIR_5G244700v2	17.729093
SEVIR_5G244800v2	0.935505
SEVIR_5G244900v2	0.888787
SEVIR_5G245000v2	1.082799
SEVIR_5G245100v2	5.530883
SEVIR_5G245200v2	2.095777
SEVIR_5G245233v2	0
SEVIR_5G245266v2	3.546712
SEVIR_5G245300v2	4.190019
SEVIR_5G245400v2	3.228769
SEVIR_5G245500v2	16.29579
SEVIR_5G245600v2	0.343312
SEVIR_5G245700v2	0.484419
SEVIR_5G245800v2	1.889096
SEVIR_5G245850v2	0
SEVIR_5G245900v2	0.113604
SEVIR_5G246000v2	0.237458
SEVIR_5G246100v2	8.864589
SEVIR_5G246200v2	1.483468
SEVIR_5G246300v2	0.080686
SEVIR_5G246401v2	0.136349
SEVIR_5G246501v2	26.091991
SEVIR_5G246600v2	0
SEVIR_5G246700v2	2.414324
SEVIR_5G246800v2	14.443739
SEVIR_5G246900v2	0.09837
SEVIR_5G247000v2	0.059844
SEVIR_5G247100v2	24.757623
SEVIR_5G247200v2	0.285742
SEVIR_5G247300v2	11.512454
SEVIR_5G247400v2	0
SEVIR_5G247500v2	0.029676
SEVIR_5G247600v2	18.739814
SEVIR_5G247700v2	0.037019
SEVIR_5G247800v2	195.392424
SEVIR_5G247900v2	146.125625
SEVIR_5G248000v2	5.392979
SEVIR_5G248100v2	0.112181
SEVIR_5G248200v2	8.600588
SEVIR_5G248250v2	0.033399
SEVIR_5G248300v2	5.339293
SEVIR_5G248400v2	7.136704
SEVIR_5G248500v2	58.759088
SEVIR_5G248600v2	11.922784
SEVIR_5G248700v2	17.561753
SEVIR_5G248800v2	10.654867
SEVIR_5G248900v2	241.709925
SEVIR_5G249000v2	0
SEVIR_5G249100v2	3.410565
SEVIR_5G249200v2	0.070287
SEVIR_5G249301v2	0.00565
SEVIR_5G249400v2	21.450213
SEVIR_5G249500v2	5.519059
SEVIR_5G249600v2	2.401535
SEVIR_5G249700v2	0.129651
SEVIR_5G249800v2	10.378612
SEVIR_5G249900v2	0
SEVIR_5G250000v2	1.740649
SEVIR_5G250050v2	0
SEVIR_5G250100v2	2.755772
SEVIR_5G250200v2	19.784233
SEVIR_5G250300v2	0
SEVIR_5G250400v2	21.413467
SEVIR_5G250500v2	50.085155
SEVIR_5G250600v2	41.250244
SEVIR_5G250700v2	8.731185
SEVIR_5G250800v2	0
SEVIR_5G250900v2	13.840244
SEVIR_5G251000v2	0
SEVIR_5G251100v2	0.742795
SEVIR_5G251150v2	0
SEVIR_5G251200v2	24.393007
SEVIR_5G251300v2	2.357379
SEVIR_5G251400v2	0.9259
SEVIR_5G251450v2	0.130268
SEVIR_5G251500v2	2.712288
SEVIR_5G251600v2	29.774916
SEVIR_5G251700v2	74.837835
SEVIR_5G251800v2	17.154702
SEVIR_5G251900v2	0
SEVIR_5G252000v2	71.370336
SEVIR_5G252016v2	0.864788
SEVIR_5G252032v2	4.899031
SEVIR_5G252048v2	0.742185
SEVIR_5G252064v2	1.927085
SEVIR_5G252080v2	14.994226
SEVIR_5G252100v2	1938.855747
SEVIR_5G252200v2	12.744037
SEVIR_5G252300v2	15.619579
SEVIR_5G252400v2	401.831784
SEVIR_5G252500v2	39.276775
SEVIR_5G252600v2	0.692759
SEVIR_5G252700v2	4.067279
SEVIR_5G252800v2	0.689913
SEVIR_5G252900v2	11.186684
SEVIR_5G253000v2	23.721863
SEVIR_5G253100v2	285.535832
SEVIR_5G253200v2	1.408461
SEVIR_5G253300v2	19.365002
SEVIR_5G253400v2	26.350537
SEVIR_5G253500v2	0
SEVIR_5G253600v2	0
SEVIR_5G253700v2	0
SEVIR_5G253800v2	0.021731
SEVIR_5G253900v2	1.032847
SEVIR_5G254000v2	1.916285
SEVIR_5G254100v2	0
SEVIR_5G254200v2	0
SEVIR_5G254250v2	0
SEVIR_5G254300v2	0.409448
SEVIR_5G254400v2	0.420344
SEVIR_5G254500v2	11.422606
SEVIR_5G254600v2	205.348408
SEVIR_5G254700v2	0.726111
SEVIR_5G254800v2	42.407693
SEVIR_5G254901v2	0.596265
SEVIR_5G255000v2	8.305532
SEVIR_5G255100v2	7.637151
SEVIR_5G255200v2	22.234706
SEVIR_5G255300v2	35.101478
SEVIR_5G255400v2	20.405399
SEVIR_5G255500v2	7.427967
SEVIR_5G255600v2	22.274992
SEVIR_5G255700v2	6.976849
SEVIR_5G255800v2	161.677668
SEVIR_5G255900v2	0.045677
SEVIR_5G256000v2	7.293979
SEVIR_5G256100v2	15.984135
SEVIR_5G256200v2	49.37778
SEVIR_5G256300v2	1.729577
SEVIR_5G256400v2	0
SEVIR_5G256500v2	120.815801
SEVIR_5G256550v2	3.584519
SEVIR_5G256600v2	0.119342
SEVIR_5G256700v2	0
SEVIR_5G256800v2	0
SEVIR_5G256900v2	0
SEVIR_5G257000v2	0
SEVIR_5G257100v2	0
SEVIR_5G257300v2	0
SEVIR_5G257400v2	0
SEVIR_5G257500v2	0
SEVIR_5G257600v2	0.065091
SEVIR_5G257700v2	0
SEVIR_5G257766v2	0
SEVIR_5G257832v2	0.082378
SEVIR_5G257900v2	9.388025
SEVIR_5G258000v2	0
SEVIR_5G258100v2	0.262029
SEVIR_5G258150v2	0
SEVIR_5G258200v2	0.271097
SEVIR_5G258300v2	5.532457
SEVIR_5G258766v2	516.507428
SEVIR_5G259232v2	0.211604
SEVIR_5G259700v2	0
SEVIR_5G259733v2	8.487712
SEVIR_5G259766v2	7.58353
SEVIR_5G259800v2	800.965784
SEVIR_5G259900v2	60.522478
SEVIR_5G260001v2	0.908502
SEVIR_5G260100v2	8.028245
SEVIR_5G260200v2	15.316408
SEVIR_5G260300v2	429.873835
SEVIR_5G260400v2	1.966987
SEVIR_5G260500v2	0
SEVIR_5G260533v2	0
SEVIR_5G260566v2	0.597737
SEVIR_5G260600v2	40.625829
SEVIR_5G260700v2	42.300743
SEVIR_5G260800v2	14.779595
SEVIR_5G260900v2	0
SEVIR_5G261000v2	0
SEVIR_5G261100v2	0
SEVIR_5G261200v2	0
SEVIR_5G261301v2	1.139767
SEVIR_5G261400v2	0.060171
SEVIR_5G261500v2	6.437137
SEVIR_5G261600v2	0.118884
SEVIR_5G261800v2	0.530032
SEVIR_5G261850v2	9.155897
SEVIR_5G261900v2	6.964197
SEVIR_5G262100v2	20.44286
SEVIR_5G262000v2	0
SEVIR_5G262200v2	8.404917
SEVIR_5G262300v2	13.709724
SEVIR_5G262400v2	0.930931
SEVIR_5G262500v2	6.287882
SEVIR_5G262600v2	257.972806
SEVIR_5G262700v2	11.932609
SEVIR_5G262800v2	1.455156
SEVIR_5G262840v2	0.068142
SEVIR_5G215300v2	0
SEVIR_5G215200v2	0
SEVIR_5G215100v2	65.664093
SEVIR_5G215000v2	1.842768
SEVIR_5G214900v2	15.606068
SEVIR_5G214800v2	84.188619
SEVIR_5G214700v2	7.347945
SEVIR_5G214740v2	0
SEVIR_5G214400v2	9.184617
SEVIR_5G214300v2	2.358239
SEVIR_5G214200v2	2.848312
SEVIR_5G214100v2	148.009747
SEVIR_5G214000v2	0
SEVIR_5G213900v2	37.153486
SEVIR_5G213800v2	16.20023
SEVIR_5G213700v2	0.601133
SEVIR_5G213600v2	0
SEVIR_5G213500v2	23.350518
SEVIR_5G213400v2	205.631227
SEVIR_5G213300v2	0
SEVIR_5G213200v2	38.775748
SEVIR_5G213100v2	32.913479
SEVIR_5G213000v2	0.375109
SEVIR_5G212900v2	0
SEVIR_5G212800v2	2.214179
SEVIR_5G212700v2	60.549059
SEVIR_5G212740v2	0.024915
SEVIR_5G212600v2	0.659069
SEVIR_5G212500v2	16.049474
SEVIR_5G212400v2	0
SEVIR_5G212300v2	39.946807
SEVIR_5G212200v2	0
SEVIR_5G212100v2	4.387739
SEVIR_5G212000v2	45.573836
SEVIR_5G211900v2	9.09333
SEVIR_5G211800v2	25.808104
SEVIR_5G211700v2	26.813939
SEVIR_5G211600v2	46.315991
SEVIR_5G211640v2	1.400668
SEVIR_5G211500v2	0
SEVIR_5G211400v2	0
SEVIR_5G211300v2	0
SEVIR_5G211200v2	0.099589
SEVIR_5G211100v2	0.328444
SEVIR_5G211000v2	25.335556
SEVIR_5G210900v2	0.147436
SEVIR_5G210800v2	5.311854
SEVIR_5G210700v2	9.400829
SEVIR_5G210500v2	45.387964
SEVIR_5G210400v2	35.060329
SEVIR_5G210300v2	19.664027
SEVIR_5G210200v2	10.999497
SEVIR_5G210100v2	3.508287
SEVIR_5G210000v2	0
SEVIR_5G209900v2	9.845608
SEVIR_5G263000v2	0
SEVIR_5G263075v2	0
SEVIR_5G263150v2	0
SEVIR_5G263225v2	0
SEVIR_5G263300v2	0.562563
SEVIR_5G263400v2	0
SEVIR_5G263500v2	2.195558
SEVIR_5G263600v2	15.512311
SEVIR_5G263700v2	21.583157
SEVIR_5G263800v2	40.055085
SEVIR_5G263900v2	4.066929
SEVIR_5G264000v2	12.195266
SEVIR_5G264100v2	16.924601
SEVIR_5G264200v2	83.048588
SEVIR_5G264300v2	0.355254
SEVIR_5G264400v2	94.753053
SEVIR_5G264500v2	42.875139
SEVIR_5G264600v2	3.996251
SEVIR_5G264700v2	20.306904
SEVIR_5G264800v2	13.873172
SEVIR_5G264900v2	2.678417
SEVIR_5G265000v2	0
SEVIR_5G265100v2	10.199758
SEVIR_5G265200v2	12.314116
SEVIR_5G265300v2	15.454644
SEVIR_5G265400v2	20.550879
SEVIR_5G265500v2	6.245653
SEVIR_5G265600v2	5.394727
SEVIR_5G265800v2	32.909664
SEVIR_5G265900v2	366.549357
SEVIR_5G266000v2	54.469858
SEVIR_5G266100v2	43.691232
SEVIR_5G266200v2	1.020891
SEVIR_5G266300v2	0
SEVIR_5G266401v2	0.468713
SEVIR_5G266501v2	12.361
SEVIR_5G266600v2	32.643438
SEVIR_5G266700v2	27.647641
SEVIR_5G266750v2	0
SEVIR_5G266800v2	37.566338
SEVIR_5G266900v2	247.463301
SEVIR_5G267000v2	4.71726
SEVIR_5G267101v2	1.49254
SEVIR_5G267200v2	0.565947
SEVIR_5G267300v2	1.321186
SEVIR_5G267400v2	0.540174
SEVIR_5G267500v2	0
SEVIR_5G267600v2	0.04325
SEVIR_5G267700v2	1.072729
SEVIR_5G267800v2	0
SEVIR_5G267801v2	0
SEVIR_5G267900v2	3.119998
SEVIR_5G268000v2	0.038885
SEVIR_5G268100v2	0
SEVIR_5G268166v2	0
SEVIR_5G268232v2	0
SEVIR_5G268300v2	3.16938
SEVIR_5G268400v2	0
SEVIR_5G268501v2	7.972592
SEVIR_5G268601v2	0.128617
SEVIR_5G268700v2	20.805706
SEVIR_5G268900v2	1.539535
SEVIR_5G268800v2	0
SEVIR_5G269000v2	17.18338
SEVIR_5G269100v2	0
SEVIR_5G269200v2	43.219536
SEVIR_5G269300v2	13.150219
SEVIR_5G269400v2	17.201307
SEVIR_5G269500v2	18.682807
SEVIR_5G269600v2	21.976438
SEVIR_5G269700v2	24.209573
SEVIR_5G269800v2	233.814147
SEVIR_5G269900v2	3.168492
SEVIR_5G270000v2	8.10069
SEVIR_5G270100v2	14.937943
SEVIR_5G270200v2	16.319957
SEVIR_5G270300v2	15.154324
SEVIR_5G270400v2	24.804853
SEVIR_5G270450v2	0.07868
SEVIR_5G270500v2	20.7341
SEVIR_5G270600v2	48.893638
SEVIR_5G270700v2	1.611986
SEVIR_5G270800v2	0
SEVIR_5G270900v2	13.094888
SEVIR_5G271000v2	0.023991
SEVIR_5G271100v2	237.950613
SEVIR_5G271200v2	2.105752
SEVIR_5G271300v2	0
SEVIR_5G271400v2	0
SEVIR_5G271500v2	2.083729
SEVIR_5G271600v2	9.248632
SEVIR_5G271700v2	99.051343
SEVIR_5G271800v2	0
SEVIR_5G271900v2	9.517755
SEVIR_5G272000v2	0
SEVIR_5G272100v2	0.2427
SEVIR_5G272300v2	36.389438
SEVIR_5G272400v2	0
SEVIR_5G272500v2	2.646216
SEVIR_5G272600v2	10.522458
SEVIR_5G272700v2	0.070556
SEVIR_5G272800v2	1.169058
SEVIR_5G272900v2	0.195599
SEVIR_5G273000v2	0
SEVIR_5G273100v2	1.400596
SEVIR_5G273150v2	1.016743
SEVIR_5G273200v2	27.975854
SEVIR_5G273300v2	12.934487
SEVIR_5G273400v2	4.714774
SEVIR_5G273500v2	61.632711
SEVIR_5G273600v2	4.684614
SEVIR_5G273650v2	9.8367
SEVIR_5G273700v2	17.464147
SEVIR_5G273800v2	0
SEVIR_5G273900v2	32.730013
SEVIR_5G274000v2	568.885744
SEVIR_5G274100v2	30.653586
SEVIR_5G274200v2	36.940937
SEVIR_5G274300v2	45.97211
SEVIR_5G274400v2	0.22441
SEVIR_5G274501v2	51.274044
SEVIR_5G274600v2	61.57507
SEVIR_5G274700v2	1.458446
SEVIR_5G274800v2	5.425118
SEVIR_5G274900v2	10.136991
SEVIR_5G275000v2	6.977162
SEVIR_5G275100v2	139.532345
SEVIR_5G275200v2	0.327259
SEVIR_5G275300v2	0.728856
SEVIR_5G275400v2	93.278439
SEVIR_5G275500v2	0.667308
SEVIR_5G275600v2	49.034238
SEVIR_5G275701v2	1.060954
SEVIR_5G275800v2	1.688751
SEVIR_5G275900v2	9.256454
SEVIR_5G276100v2	18.993218
SEVIR_5G276150v2	6.053519
SEVIR_5G276200v2	6.487769
SEVIR_5G276300v2	140.33399
SEVIR_5G276400v2	0.512421
SEVIR_5G276500v2	9.168477
SEVIR_5G276700v2	0.431548
SEVIR_5G276733v2	0
SEVIR_5G276766v2	0.269344
SEVIR_5G276800v2	18.787206
SEVIR_5G276900v2	19.173313
SEVIR_5G277000v2	0.081421
SEVIR_5G277100v2	14.509655
SEVIR_5G277200v2	0
SEVIR_5G277300v2	12.886342
SEVIR_5G277400v2	378.673765
SEVIR_5G277500v2	17.306867
SEVIR_5G277600v2	39.749807
SEVIR_5G277700v2	0.373577
SEVIR_5G277800v2	3.719158
SEVIR_5G277900v2	0.521618
SEVIR_5G278000v2	31.357026
SEVIR_5G278100v2	15.693987
SEVIR_5G278150v2	1.843787
SEVIR_5G278200v2	3.730991
SEVIR_5G278300v2	135.401399
SEVIR_5G278350v2	0.188808
SEVIR_5G278400v2	0.272717
SEVIR_5G278500v2	0
SEVIR_5G278600v2	4.736525
SEVIR_5G278700v2	262.370626
SEVIR_5G278800v2	18.832828
SEVIR_5G278900v2	27.35155
SEVIR_5G279000v2	23.847195
SEVIR_5G279100v2	0.256952
SEVIR_5G279150v2	1.348544
SEVIR_5G279200v2	156.408235
SEVIR_5G279300v2	21.135713
SEVIR_5G279400v2	34.598905
SEVIR_5G279466v2	0.102481
SEVIR_5G279532v2	0.153066
SEVIR_5G279600v2	0.390597
SEVIR_5G279700v2	41.881802
SEVIR_5G279800v2	16.1034
SEVIR_5G279900v2	11.508529
SEVIR_5G280000v2	4.425156
SEVIR_5G280100v2	0
SEVIR_5G280200v2	1.15422
SEVIR_5G280300v2	1.634909
SEVIR_5G280400v2	0
SEVIR_5G280500v2	2.514116
SEVIR_5G280600v2	1.035048
SEVIR_5G280700v2	0.063282
SEVIR_5G280750v2	5.253603
SEVIR_5G280800v2	0
SEVIR_5G280901v2	1.634909
SEVIR_5G281000v2	0.046057
SEVIR_5G281100v2	2.96549
SEVIR_5G281150v2	0.821549
SEVIR_5G281200v2	0
SEVIR_5G281300v2	11.684253
SEVIR_5G281400v2	1.266985
SEVIR_5G281500v2	13.520862
SEVIR_5G281600v2	21.000587
SEVIR_5G281666v2	9.384111
SEVIR_5G281732v2	10.689761
SEVIR_5G281800v2	116.751481
SEVIR_5G281850v2	0
SEVIR_5G281900v2	2.32091
SEVIR_5G282000v2	0.165262
SEVIR_5G282100v2	1.143798
SEVIR_5G282400v2	8.803471
SEVIR_5G282200v2	4.762222
SEVIR_5G282300v2	8.311364
SEVIR_5G282500v2	42.941773
SEVIR_5G282600v2	4.654172
SEVIR_5G282700v2	0.460511
SEVIR_5G282800v2	0.051195
SEVIR_5G282900v2	0.02183
SEVIR_5G283000v2	0.906474
SEVIR_5G283100v2	8.773926
SEVIR_5G283200v2	12.147157
SEVIR_5G283300v2	0
SEVIR_5G283401v2	0
SEVIR_5G283500v2	24.981272
SEVIR_5G283600v2	10.300036
SEVIR_5G283700v2	0
SEVIR_5G283800v2	0.466393
SEVIR_5G283900v2	0
SEVIR_5G284000v2	1.920882
SEVIR_5G284100v2	0.088437
SEVIR_5G284200v2	12.303913
SEVIR_5G284300v2	18.834547
SEVIR_5G284400v2	0
SEVIR_5G284500v2	5.055686
SEVIR_5G284700v2	20.615087
SEVIR_5G284800v2	47.92071
SEVIR_5G284900v2	63.759394
SEVIR_5G285000v2	11.374651
SEVIR_5G285100v2	5.849968
SEVIR_5G285200v2	0
SEVIR_5G285300v2	3.282928
SEVIR_5G285400v2	0
SEVIR_5G285500v2	0
SEVIR_5G285600v2	1.034604
SEVIR_5G285700v2	0.146705
SEVIR_5G285800v2	0.151586
SEVIR_5G285900v2	4.961007
SEVIR_5G286000v2	0.022124
SEVIR_5G286033v2	2.594365
SEVIR_5G286066v2	32.674909
SEVIR_5G286100v2	0.068529
SEVIR_5G286200v2	16.899741
SEVIR_5G286300v2	0.015248
SEVIR_5G286400v2	10.184987
SEVIR_5G286500v2	0
SEVIR_5G286600v2	190.176498
SEVIR_5G286700v2	18.300015
SEVIR_5G286800v2	3.407907
SEVIR_5G286850v2	0
SEVIR_5G286900v2	8.369759
SEVIR_5G287000v2	1.890346
SEVIR_5G287100v2	1.116303
SEVIR_5G287200v2	0
SEVIR_5G287266v2	0
SEVIR_5G287332v2	0.155402
SEVIR_5G287400v2	23.035909
SEVIR_5G287600v2	27.599483
SEVIR_5G287700v2	2.353461
SEVIR_5G287800v2	0
SEVIR_5G287900v2	13.032236
SEVIR_5G287950v2	4.714002
SEVIR_5G288000v2	7.134074
SEVIR_5G288100v2	0.073109
SEVIR_5G288200v2	10.412041
SEVIR_5G288300v2	11.205585
SEVIR_5G288400v2	1.840015
SEVIR_5G288500v2	10.600075
SEVIR_5G288600v2	10.37656
SEVIR_5G288700v2	18.773318
SEVIR_5G288801v2	1.352389
SEVIR_5G288900v2	20.010648
SEVIR_5G289000v2	17.473777
SEVIR_5G289100v2	6.003272
SEVIR_5G289200v2	10.309082
SEVIR_5G289300v2	0
SEVIR_5G289400v2	1.91877
SEVIR_5G289500v2	98.982555
SEVIR_5G289600v2	0
SEVIR_5G289700v2	0.148401
SEVIR_5G289900v2	0.063818
SEVIR_5G290000v2	0
SEVIR_5G290100v2	4.612226
SEVIR_5G290200v2	0.868287
SEVIR_5G290300v2	16.916446
SEVIR_5G290400v2	0.103352
SEVIR_5G290500v2	12.288959
SEVIR_5G290600v2	6.643509
SEVIR_5G290700v2	2.595239
SEVIR_5G290800v2	0
SEVIR_5G290900v2	1.651539
SEVIR_5G291000v2	0
SEVIR_5G291100v2	0.132876
SEVIR_5G291200v2	4.061605
SEVIR_5G291300v2	74.905574
SEVIR_5G291401v2	12.700579
SEVIR_5G291500v2	1.812498
SEVIR_5G291600v2	39.20786
SEVIR_5G291700v2	14.504676
SEVIR_5G291800v2	90.666789
SEVIR_5G291900v2	9.515121
SEVIR_5G292000v2	10.460072
SEVIR_5G292100v2	10.462556
SEVIR_5G292200v2	21.402904
SEVIR_5G292300v2	3.802896
SEVIR_5G292400v2	0.022184
SEVIR_5G292466v2	0.231453
SEVIR_5G292532v2	0.112725
SEVIR_5G292600v2	138.199109
SEVIR_5G292700v2	1.201626
SEVIR_5G292750v2	0
SEVIR_5G292800v2	24.728914
SEVIR_5G292900v2	24.156853
SEVIR_5G293000v2	19.229479
SEVIR_5G293050v2	0.078145
SEVIR_5G293100v2	120.042509
SEVIR_5G293200v2	56.052633
SEVIR_5G293300v2	4.620854
SEVIR_5G293400v2	17.825543
SEVIR_5G293500v2	0
SEVIR_5G293600v2	0
SEVIR_5G293700v2	0.52439
SEVIR_5G293800v2	0
SEVIR_5G293900v2	1.095399
SEVIR_5G294000v2	27.990636
SEVIR_5G294100v2	26.870412
SEVIR_5G294200v2	68.541052
SEVIR_5G294300v2	2.310118
SEVIR_5G294400v2	1.358102
SEVIR_5G294500v2	1.068618
SEVIR_5G294600v2	31.934825
SEVIR_5G294700v2	0.066012
SEVIR_5G294800v2	69.165565
SEVIR_5G294866v2	0.069029
SEVIR_5G294932v2	5.102117
SEVIR_5G295000v2	14.676602
SEVIR_5G295100v2	2.143378
SEVIR_5G295200v2	8.817516
SEVIR_5G295300v2	0
SEVIR_5G295400v2	0
SEVIR_5G295500v2	0.400709
SEVIR_5G295600v2	0
SEVIR_5G295700v2	0
SEVIR_5G295800v2	0
SEVIR_5G295900v2	0
SEVIR_5G296000v2	0
SEVIR_5G296100v2	0
SEVIR_5G296200v2	0
SEVIR_5G296300v2	0
SEVIR_5G296400v2	0.185163
SEVIR_5G296600v2	93.504914
SEVIR_5G296700v2	0
SEVIR_5G296800v2	0.038022
SEVIR_5G296900v2	1.338727
SEVIR_5G297000v2	47.067301
SEVIR_5G297100v2	26.4508
SEVIR_5G297200v2	7.776743
SEVIR_5G297300v2	37.409713
SEVIR_5G297400v2	0.115022
SEVIR_5G297500v2	0.034325
SEVIR_5G297600v2	27.933363
SEVIR_5G297700v2	5.237081
SEVIR_5G297800v2	0.041631
SEVIR_5G297901v2	0
SEVIR_5G298000v2	11.941669
SEVIR_5G298100v2	74.038372
SEVIR_5G298133v2	0.40699
SEVIR_5G298166v2	13.055621
SEVIR_5G298200v2	0
SEVIR_5G298300v2	0
SEVIR_5G298400v2	0.971051
SEVIR_5G298500v2	43.388378
SEVIR_5G298600v2	0.466984
SEVIR_5G298700v2	18.348144
SEVIR_5G298800v2	0.436112
SEVIR_5G298900v2	1.433541
SEVIR_5G299000v2	9.635644
SEVIR_5G299100v2	34.407627
SEVIR_5G299200v2	74.908822
SEVIR_5G299300v2	0
SEVIR_5G299400v2	0
SEVIR_5G299500v2	0.802778
SEVIR_5G299600v2	116.315916
SEVIR_5G299650v2	1.304059
SEVIR_5G299700v2	0
SEVIR_5G299800v2	0.080105
SEVIR_5G299901v2	0.411005
SEVIR_5G300000v2	0
SEVIR_5G300100v2	117.134068
SEVIR_5G300200v2	0
SEVIR_5G300300v2	0.062395
SEVIR_5G300350v2	0.331594
SEVIR_5G300400v2	4.410371
SEVIR_5G300500v2	0
SEVIR_5G300600v2	19.729552
SEVIR_5G300650v2	0.072943
SEVIR_5G300700v2	0.071754
SEVIR_5G300800v2	4.243582
SEVIR_5G300900v2	0.105442
SEVIR_5G301000v2	3.228055
SEVIR_5G301100v2	375.070136
SEVIR_5G301200v2	98.143257
SEVIR_5G301300v2	0
SEVIR_5G301333v2	0.658507
SEVIR_5G301366v2	0
SEVIR_5G301400v2	0
SEVIR_5G301501v2	0.103736
SEVIR_5G301600v2	1.747977
SEVIR_5G301700v2	0.335858
SEVIR_5G301800v2	35.90768
SEVIR_5G301900v2	12.484806
SEVIR_5G302000v2	0.22121
SEVIR_5G302100v2	9.002659
SEVIR_5G302150v2	0.590159
SEVIR_5G302200v2	0
SEVIR_5G302300v2	30.053567
SEVIR_5G302400v2	275.081377
SEVIR_5G302500v2	3.662801
SEVIR_5G302601v2	0.631311
SEVIR_5G302700v2	3.967743
SEVIR_5G302800v2	0.404024
SEVIR_5G302900v2	4.851163
SEVIR_5G302850v2	0
SEVIR_5G303000v2	0.870561
SEVIR_5G303100v2	0
SEVIR_5G303166v2	0.122695
SEVIR_5G303232v2	0.426335
SEVIR_5G303300v2	0.086176
SEVIR_5G303400v2	0.506723
SEVIR_5G303500v2	501.975171
SEVIR_5G303600v2	7.224312
SEVIR_5G303700v2	2.27561
SEVIR_5G303801v2	63.315966
SEVIR_5G303900v2	0.586149
SEVIR_5G304000v2	265.092224
SEVIR_5G304100v2	23.329319
SEVIR_5G304200v2	20.48884
SEVIR_5G304300v2	471.729701
SEVIR_5G304400v2	239.828744
SEVIR_5G304500v2	0.088263
SEVIR_5G304600v2	22.70746
SEVIR_5G304700v2	0.586359
SEVIR_5G304800v2	29.02109
SEVIR_5G304900v2	3.754833
SEVIR_5G305000v2	7.084837
SEVIR_5G305100v2	0.899864
SEVIR_5G305200v2	3.316319
SEVIR_5G305300v2	15.936197
SEVIR_5G305400v2	15.969208
SEVIR_5G305500v2	3.484013
SEVIR_5G305600v2	0.483557
SEVIR_5G305700v2	41.081815
SEVIR_5G305800v2	5.382229
SEVIR_5G305901v2	0.037197
SEVIR_5G306000v2	0.195089
SEVIR_5G306200v2	0.110108
SEVIR_5G306300v2	5.607173
SEVIR_5G306400v2	2.252202
SEVIR_5G306500v2	34.84678
SEVIR_5G306600v2	3.554193
SEVIR_5G306701v2	0.772153
SEVIR_5G306800v2	3.731278
SEVIR_5G306900v2	6.076707
SEVIR_5G307000v2	0
SEVIR_5G307100v2	12.403159
SEVIR_5G307200v2	1.899277
SEVIR_5G307300v2	2.289112
SEVIR_5G307400v2	4.033997
SEVIR_5G307500v2	0.024663
SEVIR_5G307600v2	0.195089
SEVIR_5G307700v2	51.703226
SEVIR_5G307800v2	12.283864
SEVIR_5G307900v2	0.419643
SEVIR_5G307950v2	0.185679
SEVIR_5G308000v2	41.959494
SEVIR_5G308100v2	2.898191
SEVIR_5G308150v2	1.729577
SEVIR_5G308200v2	3.109252
SEVIR_5G308300v2	18.029392
SEVIR_5G308400v2	1.913955
SEVIR_5G308500v2	0.133341
SEVIR_5G308600v2	6.342248
SEVIR_5G308700v2	6.759919
SEVIR_5G308800v2	0
SEVIR_5G308901v2	0.131143
SEVIR_5G309000v2	9.142103
SEVIR_5G309050v2	0
SEVIR_5G309100v2	0.04449
SEVIR_5G309200v2	3.816645
SEVIR_5G309300v2	40.930984
SEVIR_5G309400v2	158.124295
SEVIR_5G309500v2	3.408134
SEVIR_5G309550v2	72.743635
SEVIR_5G309600v2	194.770574
SEVIR_5G309700v2	9.516447
SEVIR_5G309800v2	1.897269
SEVIR_5G309900v2	4.300101
SEVIR_5G310000v2	3.072603
SEVIR_5G310100v2	0.522789
SEVIR_5G310200v2	16.684834
SEVIR_5G310300v2	11.396215
SEVIR_5G310400v2	6.950939
SEVIR_5G310500v2	0
SEVIR_5G310600v2	38.82828
SEVIR_5G310700v2	0.107617
SEVIR_5G310800v2	76.401252
SEVIR_5G310900v2	0
SEVIR_5G311000v2	15.570158
SEVIR_5G311100v2	6.546058
SEVIR_5G311200v2	39.770524
SEVIR_5G311300v2	15.739923
SEVIR_5G311400v2	1.747977
SEVIR_5G311500v2	137.301753
SEVIR_5G311600v2	5.90052
SEVIR_5G311700v2	52.552301
SEVIR_5G311800v2	0.024556
SEVIR_5G311850v2	0
SEVIR_5G311900v2	0
SEVIR_5G312000v2	4.685222
SEVIR_5G312100v2	0
SEVIR_5G312200v2	0
SEVIR_5G312300v2	0.379592
SEVIR_5G312400v2	0.546967
SEVIR_5G312500v2	91.325143
SEVIR_5G312600v2	0.499175
SEVIR_5G312700v2	7.131703
SEVIR_5G312800v2	0.05475
SEVIR_5G312900v2	0.058391
SEVIR_5G313000v2	46.440321
SEVIR_5G313100v2	4.625289
SEVIR_5G313200v2	75.007519
SEVIR_5G313300v2	0.264212
SEVIR_5G313333v2	0.366756
SEVIR_5G313366v2	0
SEVIR_5G313400v2	0
SEVIR_5G313500v2	9.743967
SEVIR_5G313600v2	3.605874
SEVIR_5G313700v2	48.190637
SEVIR_5G313800v2	2.22234
SEVIR_5G313900v2	1.569118
SEVIR_5G314000v2	13.200047
SEVIR_5G314100v2	12.597091
SEVIR_5G314200v2	58.087369
SEVIR_5G314300v2	1.015923
SEVIR_5G314400v2	9.848294
SEVIR_5G314500v2	178.599266
SEVIR_5G314600v2	6.656092
SEVIR_5G314700v2	0
SEVIR_5G314800v2	14.415064
SEVIR_5G314900v2	38.834985
SEVIR_5G315000v2	8.470373
SEVIR_5G315100v2	2.106299
SEVIR_5G315200v2	0.24539
SEVIR_5G315250v2	0.274995
SEVIR_5G315300v2	15.60655
SEVIR_5G315400v2	1.192914
SEVIR_5G315500v2	11.610298
SEVIR_5G315566v2	0.95638
SEVIR_5G315632v2	0.246408
SEVIR_5G315700v2	154.8668
SEVIR_5G315800v2	0
SEVIR_5G315900v2	0.108888
SEVIR_5G316000v2	264.039566
SEVIR_5G316100v2	2.743341
SEVIR_5G316200v2	0.174465
SEVIR_5G316300v2	0.12409
SEVIR_5G316400v2	16.553629
SEVIR_5G316500v2	10.947495
SEVIR_5G316700v2	3.44367
SEVIR_5G316800v2	2.478317
SEVIR_5G316900v2	0
SEVIR_5G317000v2	29.414893
SEVIR_5G317100v2	4.789912
SEVIR_5G317200v2	4.223523
SEVIR_5G317300v2	9.549651
SEVIR_5G317400v2	1.090243
SEVIR_5G317500v2	0
SEVIR_5G317550v2	0
SEVIR_5G317600v2	12.521003
SEVIR_5G317700v2	1.063409
SEVIR_5G317800v2	31.021692
SEVIR_5G317900v2	27.06657
SEVIR_5G318000v2	13.747445
SEVIR_5G318100v2	28.088689
SEVIR_5G318200v2	11.30308
SEVIR_5G318300v2	10.439065
SEVIR_5G318400v2	30.276381
SEVIR_5G318501v2	0
SEVIR_5G318600v2	0.015073
SEVIR_5G318700v2	1.289904
SEVIR_5G318800v2	9.848012
SEVIR_5G318900v2	30.130515
SEVIR_5G319000v2	0
SEVIR_5G319100v2	6.78202
SEVIR_5G319200v2	11.79856
SEVIR_5G319300v2	0
SEVIR_5G319401v2	2.129508
SEVIR_5G319500v2	0.875617
SEVIR_5G319566v2	4.809125
SEVIR_5G319632v2	0.848821
SEVIR_5G319700v2	70.758681
SEVIR_5G319750v2	0
SEVIR_5G319800v2	9.237561
SEVIR_5G319900v2	10.567082
SEVIR_5G320000v2	0.050664
SEVIR_5G320050v2	0
SEVIR_5G320100v2	6.746075
SEVIR_5G320200v2	2.932516
SEVIR_5G320300v2	1.210958
SEVIR_5G320400v2	0.045157
SEVIR_5G320500v2	20.52729
SEVIR_5G320600v2	0.092242
SEVIR_5G320700v2	0.163492
SEVIR_5G320800v2	1.21711
SEVIR_5G320900v2	0.059927
SEVIR_5G321000v2	27.228531
SEVIR_5G321100v2	1.462393
SEVIR_5G321200v2	11.532331
SEVIR_5G321300v2	15.043316
SEVIR_5G321400v2	14.96521
SEVIR_5G321433v2	0
SEVIR_5G321466v2	0
SEVIR_5G321500v2	20.917177
SEVIR_5G321600v2	15.186374
SEVIR_5G321650v2	0.027984
SEVIR_5G321700v2	0.264747
SEVIR_5G321800v2	0.83773
SEVIR_5G321900v2	15.528518
SEVIR_5G322000v2	4.558771
SEVIR_5G322100v2	6.351593
SEVIR_5G322200v2	65.020216
SEVIR_5G322300v2	49.122217
SEVIR_5G322400v2	1.13712
SEVIR_5G322500v2	10.936062
SEVIR_5G322600v2	0
SEVIR_5G322700v2	98.187049
SEVIR_5G322800v2	7.432946
SEVIR_5G322900v2	2782.742083
SEVIR_5G323000v2	23.585614
SEVIR_5G323100v2	0.143504
SEVIR_5G323200v2	13.059616
SEVIR_5G323300v2	13.039145
SEVIR_5G323400v2	46.966555
SEVIR_5G323450v2	0
SEVIR_5G323500v2	5.257525
SEVIR_5G323600v2	0.108043
SEVIR_5G323700v2	0.574114
SEVIR_5G323800v2	29.972774
SEVIR_5G323900v2	2.016912
SEVIR_5G324000v2	37.526142
SEVIR_5G324100v2	613.200722
SEVIR_5G324200v2	18.191169
SEVIR_5G324300v2	24.250965
SEVIR_5G324400v2	5.682243
SEVIR_5G324500v2	9.181969
SEVIR_5G324600v2	0.291682
SEVIR_5G324700v2	18.966538
SEVIR_5G324800v2	0.015941
SEVIR_5G324900v2	5.460851
SEVIR_5G325000v2	1.445863
SEVIR_5G325101v2	54.335496
SEVIR_5G325200v2	71.461433
SEVIR_5G325300v2	4.261968
SEVIR_5G325400v2	46.103496
SEVIR_5G325500v2	0.050434
SEVIR_5G325601v2	3.577866
SEVIR_5G325700v2	0.980505
SEVIR_5G325800v2	34.920032
SEVIR_5G325900v2	24.93759
SEVIR_5G326000v2	4.164863
SEVIR_5G326100v2	0
SEVIR_5G326200v2	66.699209
SEVIR_5G326400v2	0.656679
SEVIR_5G326450v2	10.496543
SEVIR_5G326500v2	0.660631
SEVIR_5G326600v2	80.572739
SEVIR_5G326700v2	54.433348
SEVIR_5G326800v2	2.328921
SEVIR_5G326850v2	101.583277
SEVIR_5G326900v2	22.95725
SEVIR_5G327000v2	45.742605
SEVIR_5G327100v2	58.302666
SEVIR_5G327200v2	0.071973
SEVIR_5G327301v2	26.612508
SEVIR_5G327401v2	7.302658
SEVIR_5G327500v2	6.071692
SEVIR_5G327600v2	3.764532
SEVIR_5G327700v2	22.972176
SEVIR_5G327800v2	2.851014
SEVIR_5G327900v2	1.271509
SEVIR_5G328000v2	0
SEVIR_5G328100v2	3.07516
SEVIR_5G328200v2	52.707629
SEVIR_5G328300v2	1.175476
SEVIR_5G328401v2	0
SEVIR_5G328500v2	13.525611
SEVIR_5G328600v2	25.091407
SEVIR_5G328700v2	8.661076
SEVIR_5G328800v2	4.40287
SEVIR_5G328850v2	0.661954
SEVIR_5G328900v2	0.381312
SEVIR_5G329100v2	0.956722
SEVIR_5G329200v2	5.904347
SEVIR_5G329300v2	24.595279
SEVIR_5G329400v2	12.27955
SEVIR_5G329500v2	22.3218
SEVIR_5G329600v2	1.221757
SEVIR_5G329700v2	157.399331
SEVIR_5G329800v2	0.949533
SEVIR_5G329900v2	0.863895
SEVIR_5G330000v2	0.235556
SEVIR_5G330100v2	5.836051
SEVIR_5G330200v2	10.001653
SEVIR_5G330300v2	0.589682
SEVIR_5G330400v2	16.343958
SEVIR_5G330500v2	2.114234
SEVIR_5G330700v2	0.141841
SEVIR_5G330800v2	4.665865
SEVIR_5G330900v2	3.289184
SEVIR_5G331000v2	17.603012
SEVIR_5G331100v2	18.835425
SEVIR_5G331200v2	109.411446
SEVIR_5G331300v2	15.694707
SEVIR_5G331400v2	3.53472
SEVIR_5G331500v2	24.027473
SEVIR_5G331600v2	42.385185
SEVIR_5G331700v2	1.522037
SEVIR_5G331733v2	6.846242
SEVIR_5G331766v2	0
SEVIR_5G331800v2	3.173733
SEVIR_5G331900v2	0.092735
SEVIR_5G332000v2	71.372748
SEVIR_5G332100v2	1261.272745
SEVIR_5G332200v2	0
SEVIR_5G332300v2	8.426272
SEVIR_5G332400v2	0.099784
SEVIR_5G332500v2	0.475005
SEVIR_5G332450v2	0
SEVIR_5G332600v2	105.880454
SEVIR_5G332733v2	0.425956
SEVIR_5G332700v2	0.376138
SEVIR_5G332766v2	0
SEVIR_5G332800v2	0.668549
SEVIR_5G332900v2	4.477085
SEVIR_5G333000v2	10.387239
SEVIR_5G333100v2	5.838545
SEVIR_5G333200v2	0
SEVIR_5G333300v2	10.641535
SEVIR_5G333400v2	0.231033
SEVIR_5G333500v2	1.610215
SEVIR_5G333600v2	1.521461
SEVIR_5G333700v2	8.787476
SEVIR_5G333800v2	0.981578
SEVIR_5G333900v2	0
SEVIR_5G334000v2	0
SEVIR_5G334100v2	7.516393
SEVIR_5G334200v2	11.42526
SEVIR_5G334300v2	0
SEVIR_5G334400v2	0
SEVIR_5G334500v2	21.654554
SEVIR_5G334600v2	11.507206
SEVIR_5G334700v2	26.535189
SEVIR_5G334800v2	5.22875
SEVIR_5G334900v2	3.641049
SEVIR_5G335000v2	0.016894
SEVIR_5G335100v2	47.759891
SEVIR_5G335200v2	10.329743
SEVIR_5G335300v2	27.226006
SEVIR_5G335400v2	11.591334
SEVIR_5G335500v2	44.692373
SEVIR_5G335650v2	0.368175
SEVIR_5G335800v2	0.026743
SEVIR_5G335900v2	10.311354
SEVIR_5G336000v2	0.513063
SEVIR_5G336100v2	5.479253
SEVIR_5G336200v2	37.78457
SEVIR_5G336300v2	12.593435
SEVIR_5G336400v2	9.889626
SEVIR_5G336500v2	1.401083
SEVIR_5G336600v2	0.325166
SEVIR_5G336700v2	0
SEVIR_5G336800v2	6.824701
SEVIR_5G336900v2	0.16355
SEVIR_5G337000v2	8.935717
SEVIR_5G337100v2	0
SEVIR_5G337200v2	2.013628
SEVIR_5G337300v2	0.180689
SEVIR_5G337400v2	0
SEVIR_5G337500v2	6.960022
SEVIR_5G337600v2	0
SEVIR_5G337700v2	0.315208
SEVIR_5G337733v2	0.149639
SEVIR_5G337766v2	0
SEVIR_5G337800v2	3.650509
SEVIR_5G337900v2	14.057152
SEVIR_5G338000v2	65.855417
SEVIR_5G338100v2	3.136089
SEVIR_5G338200v2	21.153276
SEVIR_5G338300v2	0
SEVIR_5G338350v2	0.139724
SEVIR_5G338400v2	0
SEVIR_5G338500v2	0.781763
SEVIR_5G338600v2	7.841149
SEVIR_5G338700v2	6.405363
SEVIR_5G338800v2	0
SEVIR_5G338900v2	6.829573
SEVIR_5G338950v2	0.174317
SEVIR_5G339000v2	4.768316
SEVIR_5G339100v2	0
SEVIR_5G339200v2	0
SEVIR_5G339300v2	0
SEVIR_5G339400v2	0.247601
SEVIR_5G339500v2	0
SEVIR_5G339600v2	30.268188
SEVIR_5G339700v2	12.665244
SEVIR_5G339800v2	42.676771
SEVIR_5G339900v2	0.125345
SEVIR_5G340000v2	12.495889
SEVIR_5G340100v2	7.926926
SEVIR_5G340200v2	83.19953
SEVIR_5G340300v2	0
SEVIR_5G340400v2	19.154701
SEVIR_5G340500v2	10.650423
SEVIR_5G340600v2	0.310019
SEVIR_5G340700v2	7.742982
SEVIR_5G340750v2	0.027213
SEVIR_5G340800v2	10.526056
SEVIR_5G340900v2	12.453294
SEVIR_5G341000v2	0.760468
SEVIR_5G341100v2	0.041511
SEVIR_5G341200v2	0
SEVIR_5G341300v2	16.656297
SEVIR_5G341400v2	34.87584
SEVIR_5G341500v2	16.273705
SEVIR_5G341600v2	1.184395
SEVIR_5G341700v2	1.603653
SEVIR_5G341800v2	8.122369
SEVIR_5G341900v2	29.201863
SEVIR_5G342000v2	0.165554
SEVIR_5G342050v2	11.679381
SEVIR_5G342100v2	9.12027
SEVIR_5G342200v2	4.201747
SEVIR_5G342300v2	10.377082
SEVIR_5G342400v2	198.583598
SEVIR_5G342500v2	28.350075
SEVIR_5G342600v2	0.156933
SEVIR_5G342700v2	27.443449
SEVIR_5G342800v2	2.198369
SEVIR_5G342900v2	3.863
SEVIR_5G343000v2	5.705884
SEVIR_5G343100v2	11.669822
SEVIR_5G343200v2	3.199972
SEVIR_5G343300v2	1.572547
SEVIR_5G343350v2	72.368845
SEVIR_5G343400v2	4.498397
SEVIR_5G343450v2	7.55505
SEVIR_5G343500v2	42.482709
SEVIR_5G343600v2	10.457617
SEVIR_5G343700v2	50.486294
SEVIR_5G343800v2	50.229048
SEVIR_5G343900v2	3.70782
SEVIR_5G344000v2	0.719166
SEVIR_5G344100v2	3.780984
SEVIR_5G344200v2	23.6943
SEVIR_5G344300v2	1.713833
SEVIR_5G344350v2	1.728935
SEVIR_5G344400v2	14.104758
SEVIR_5G344500v2	206.811125
SEVIR_5G344600v2	0.014414
SEVIR_5G344700v2	8.881276
SEVIR_5G344800v2	12.18046
SEVIR_5G344900v2	0.058184
SEVIR_5G345000v2	9.404449
SEVIR_5G345100v2	6.413489
SEVIR_5G345200v2	22.326357
SEVIR_5G345300v2	0.045395
SEVIR_5G345400v2	0.109087
SEVIR_5G345500v2	0
SEVIR_5G345600v2	0
SEVIR_5G345700v2	0.255735
SEVIR_5G345800v2	0
SEVIR_5G345900v2	0.24429
SEVIR_5G346000v2	4.724611
SEVIR_5G346100v2	0.470826
SEVIR_5G346200v2	9.744135
SEVIR_5G346300v2	119.410023
SEVIR_5G346400v2	16.339326
SEVIR_5G346500v2	34.814158
SEVIR_5G346600v2	0.607075
SEVIR_5G346700v2	12.455137
SEVIR_5G346800v2	12.625681
SEVIR_5G346900v2	0.562834
SEVIR_5G347000v2	0
SEVIR_5G347100v2	147.363689
SEVIR_5G347200v2	9.970268
SEVIR_5G347250v2	0.462845
SEVIR_5G347300v2	1.603131
SEVIR_5G347400v2	0
SEVIR_5G347450v2	0.067937
SEVIR_5G347500v2	0.071545
SEVIR_5G347550v2	0
SEVIR_5G347600v2	1.242847
SEVIR_5G347700v2	4.041863
SEVIR_5G347800v2	1.19266
SEVIR_5G347900v2	15.950308
SEVIR_5G348000v2	3.329825
SEVIR_5G348100v2	0.979809
SEVIR_5G348200v2	42.402238
SEVIR_5G348300v2	12.052429
SEVIR_5G348400v2	28.563177
SEVIR_5G348500v2	22.114751
SEVIR_5G348600v2	8.089619
SEVIR_5G348700v2	2.620983
SEVIR_5G348800v2	13.085353
SEVIR_5G348900v2	0.3269
SEVIR_5G349000v2	0
SEVIR_5G349100v2	10.395267
SEVIR_5G349200v2	23.985085
SEVIR_5G349300v2	0.076267
SEVIR_5G349400v2	2.734202
SEVIR_5G349500v2	65.531615
SEVIR_5G349600v2	0.037457
SEVIR_5G349700v2	0
SEVIR_5G349800v2	0
SEVIR_5G349900v2	0
SEVIR_5G350100v2	0.661418
SEVIR_5G350000v2	0
SEVIR_5G350133v2	0
SEVIR_5G350166v2	0
SEVIR_5G350200v2	28.531409
SEVIR_5G350300v2	0
SEVIR_5G350400v2	0.10237
SEVIR_5G350500v2	7.983622
SEVIR_5G350600v2	59.716454
SEVIR_5G350650v2	0
SEVIR_5G350700v2	4.580856
SEVIR_5G350801v2	0
SEVIR_5G350900v2	3.881729
SEVIR_5G350950v2	0
SEVIR_5G351000v2	0
SEVIR_5G351100v2	17.27797
SEVIR_5G351200v2	8.01814
SEVIR_5G351300v2	12.431718
SEVIR_5G351400v2	128.221112
SEVIR_5G351500v2	8.860928
SEVIR_5G351566v2	0.169453
SEVIR_5G351632v2	0.804701
SEVIR_5G351700v2	3.961396
SEVIR_5G351801v2	0.559511
SEVIR_5G351900v2	1.96446
SEVIR_5G352000v2	13.122417
SEVIR_5G352100v2	7.989614
SEVIR_5G352200v2	0
SEVIR_5G352300v2	32.838393
SEVIR_5G352400v2	14.104504
SEVIR_5G352450v2	0
SEVIR_5G352500v2	9.279341
SEVIR_5G352600v2	0.285251
SEVIR_5G352700v2	17.355132
SEVIR_5G352766v2	0.19339
SEVIR_5G352832v2	0
SEVIR_5G352900v2	0.787618
SEVIR_5G353000v2	24.927016
SEVIR_5G353100v2	0
SEVIR_5G353200v2	2.338232
SEVIR_5G353300v2	0.529013
SEVIR_5G353400v2	1.307098
SEVIR_5G353500v2	0.227059
SEVIR_5G353600v2	0
SEVIR_5G353700v2	19.590035
SEVIR_5G353800v2	42.285329
SEVIR_5G353900v2	1.493726
SEVIR_5G354000v2	4.89007
SEVIR_5G354100v2	17.133143
SEVIR_5G354200v2	0.107484
SEVIR_5G354300v2	2.871975
SEVIR_5G354400v2	0.19241
SEVIR_5G354500v2	2.978784
SEVIR_5G354600v2	0
SEVIR_5G354700v2	0
SEVIR_5G354800v2	0.115264
SEVIR_5G354900v2	24.579348
SEVIR_5G354966v2	4.608039
SEVIR_5G355032v2	0.144319
SEVIR_5G355100v2	6.22616
SEVIR_5G355200v2	0.221407
SEVIR_5G355300v2	17.160446
SEVIR_5G355400v2	37.392005
SEVIR_5G355500v2	0.41137
SEVIR_5G355600v2	0
SEVIR_5G355700v2	13.826867
SEVIR_5G355800v2	11.466976
SEVIR_5G355900v2	5.343534
SEVIR_5G356000v2	0.960778
SEVIR_5G356100v2	0.894324
SEVIR_5G356200v2	36.160179
SEVIR_5G356301v2	0.069658
SEVIR_5G356400v2	234.931796
SEVIR_5G356500v2	129.395943
SEVIR_5G356600v2	1.170106
SEVIR_5G356700v2	0
SEVIR_5G356800v2	0
SEVIR_5G356900v2	9.068604
SEVIR_5G357000v2	1.091515
SEVIR_5G357100v2	0
SEVIR_5G357200v2	2.54936
SEVIR_5G357300v2	2.578346
SEVIR_5G357401v2	0.455122
SEVIR_5G357500v2	10.765208
SEVIR_5G357600v2	0.719614
SEVIR_5G357700v2	0.495427
SEVIR_5G357800v2	33.211244
SEVIR_5G357900v2	53.48802
SEVIR_5G358000v2	66.145426
SEVIR_5G358100v2	109.614526
SEVIR_5G358200v2	23.122572
SEVIR_5G358300v2	33.914692
SEVIR_5G358400v2	0.013447
SEVIR_5G358501v2	0.739156
SEVIR_5G358600v2	0
SEVIR_5G358650v2	0.163831
SEVIR_5G358700v2	0
SEVIR_5G358800v2	13.356947
SEVIR_5G358900v2	0.669705
SEVIR_5G359000v2	64.982203
SEVIR_5G359100v2	53.790445
SEVIR_5G359200v2	0.182943
SEVIR_5G359300v2	24.001572
SEVIR_5G359350v2	0
SEVIR_5G359400v2	219.503801
SEVIR_5G359450v2	0.167644
SEVIR_5G359500v2	6.991598
SEVIR_5G359600v2	37.051453
SEVIR_5G359700v2	4.310778
SEVIR_5G359800v2	6.465561
SEVIR_5G359900v2	44.043579
SEVIR_5G360000v2	234.189791
SEVIR_5G360100v2	14.74813
SEVIR_5G360200v2	5.322551
SEVIR_5G360300v2	2.071164
SEVIR_5G360400v2	13.998112
SEVIR_5G360500v2	6.24383
SEVIR_5G360600v2	6.014697
SEVIR_5G360700v2	0
SEVIR_5G360800v2	2.634564
SEVIR_5G360900v2	5.906216
SEVIR_5G361000v2	3.658995
SEVIR_5G361100v2	0.665831
SEVIR_5G361200v2	2.355305
SEVIR_5G361300v2	42.695006
SEVIR_5G361400v2	18.790331
SEVIR_5G361500v2	28.872988
SEVIR_5G361600v2	0.496522
SEVIR_5G361700v2	248.163443
SEVIR_5G361800v2	19.256219
SEVIR_5G361850v2	0.834233
SEVIR_5G361900v2	0.021592
SEVIR_5G362001v2	1.437228
SEVIR_5G362100v2	14.919784
SEVIR_5G362200v2	5.584363
SEVIR_5G362300v2	0.132603
SEVIR_5G362400v2	4.371963
SEVIR_5G362500v2	3.739513
SEVIR_5G362601v2	1.182004
SEVIR_5G362700v2	88.095311
SEVIR_5G362750v2	38.584462
SEVIR_5G362800v2	7.077103
SEVIR_5G362900v2	3.358287
SEVIR_5G363000v2	95.870079
SEVIR_5G363100v2	8.050771
SEVIR_5G363150v2	0.412548
SEVIR_5G363200v2	29.332509
SEVIR_5G363300v2	19.565791
SEVIR_5G363400v2	7.192809
SEVIR_5G363500v2	64.717594
SEVIR_5G363600v2	5.146979
SEVIR_5G363700v2	223.250793
SEVIR_5G363832v2	0.491772
SEVIR_5G363766v2	0
SEVIR_5G363900v2	1.630802
SEVIR_5G364000v2	12.664078
SEVIR_5G364100v2	35.274733
SEVIR_5G364116v2	0.238771
SEVIR_5G364132v2	0.108963
SEVIR_5G364148v2	0.31598
SEVIR_5G364164v2	0.537166
SEVIR_5G364180v2	3.226522
SEVIR_5G364200v2	0.386455
SEVIR_5G364300v2	4.191244
SEVIR_5G364400v2	0
SEVIR_5G364500v2	0.044191
SEVIR_5G364600v2	0
SEVIR_5G364700v2	4.795661
SEVIR_5G364800v2	0.281143
SEVIR_5G364900v2	0
SEVIR_5G365000v2	13.170197
SEVIR_5G365100v2	354.578489
SEVIR_5G365200v2	1.561667
SEVIR_5G365300v2	33.059655
SEVIR_5G365400v2	0.607754
SEVIR_5G365500v2	0.453802
SEVIR_5G365600v2	15.309528
SEVIR_5G365700v2	16.960889
SEVIR_5G365800v2	10.51367
SEVIR_5G365901v2	0
SEVIR_5G366000v2	7.994466
SEVIR_5G366100v2	6.32189
SEVIR_5G366200v2	4.484894
SEVIR_5G366300v2	1.39702
SEVIR_5G366400v2	40.537147
SEVIR_5G366500v2	30.178038
SEVIR_5G366566v2	0
SEVIR_5G366632v2	0.068997
SEVIR_5G366700v2	0
SEVIR_5G366800v2	15.566192
SEVIR_5G366900v2	0.045153
SEVIR_5G367000v2	0.601788
SEVIR_5G367100v2	0
SEVIR_5G367200v2	0
SEVIR_5G367300v2	0.147549
SEVIR_5G367400v2	0.548738
SEVIR_5G367500v2	34.291876
SEVIR_5G367600v2	103.461049
SEVIR_5G367700v2	0
SEVIR_5G367800v2	4.930154
SEVIR_5G367850v2	0
SEVIR_5G367900v2	0.188066
SEVIR_5G368000v2	15.825321
SEVIR_5G368066v2	0.026062
SEVIR_5G368132v2	0.082971
SEVIR_5G368200v2	1.747266
SEVIR_5G368250v2	0
SEVIR_5G368300v2	0.2841
SEVIR_5G368400v2	0
SEVIR_5G368500v2	23.699848
SEVIR_5G368600v2	0.177957
SEVIR_5G368700v2	3.237112
SEVIR_5G368800v2	1.453682
SEVIR_5G368901v2	0
SEVIR_5G369000v2	1.976788
SEVIR_5G369100v2	3.210191
SEVIR_5G369200v2	0
SEVIR_5G369300v2	0.566586
SEVIR_5G369350v2	0
SEVIR_5G369400v2	5.094797
SEVIR_5G369500v2	0.096265
SEVIR_5G369600v2	7.511349
SEVIR_5G369700v2	2.244149
SEVIR_5G369800v2	28.336701
SEVIR_5G369900v2	0.13567
SEVIR_5G370000v2	0.294523
SEVIR_5G370100v2	6.71269
SEVIR_5G370200v2	6.118972
SEVIR_5G370300v2	0
SEVIR_5G370400v2	19.488895
SEVIR_5G370500v2	116.937042
SEVIR_5G370600v2	12.683594
SEVIR_5G370700v2	0.119329
SEVIR_5G370800v2	0.347145
SEVIR_5G370900v2	108.587352
SEVIR_5G371000v2	8.232424
SEVIR_5G371100v2	18.215974
SEVIR_5G371200v2	12.64418
SEVIR_5G371300v2	20.732708
SEVIR_5G371400v2	25.500811
SEVIR_5G371450v2	0.354445
SEVIR_5G371500v2	25.407075
SEVIR_5G371600v2	8.209695
SEVIR_5G371700v2	1.21576
SEVIR_5G371800v2	0.633048
SEVIR_5G371900v2	3.343941
SEVIR_5G372001v2	0.27295
SEVIR_5G372100v2	0
SEVIR_5G372200v2	1.576039
SEVIR_5G372300v2	0.777927
SEVIR_5G372400v2	3.30212
SEVIR_5G372500v2	1.6091
SEVIR_5G372600v2	1.015926
SEVIR_5G372700v2	1.075067
SEVIR_5G372800v2	0
SEVIR_5G372900v2	0.056631
SEVIR_5G373000v2	4.443446
SEVIR_5G373100v2	0
SEVIR_5G373200v2	29.2494
SEVIR_5G373300v2	17.541417
SEVIR_5G373400v2	17.392091
SEVIR_5G373500v2	12.429456
SEVIR_5G373600v2	7.784246
SEVIR_5G373700v2	36.245346
SEVIR_5G373800v2	1.805255
SEVIR_5G373900v2	0
SEVIR_5G373950v2	0.226116
SEVIR_5G374000v2	1.452431
SEVIR_5G374100v2	0
SEVIR_5G374300v2	93.791679
SEVIR_5G374400v2	4.081645
SEVIR_5G374500v2	1.837575
SEVIR_5G374600v2	18.038777
SEVIR_5G374800v2	0
SEVIR_5G374900v2	102.187994
SEVIR_5G375000v2	39.721197
SEVIR_5G375100v2	4.982844
SEVIR_5G375200v2	0.885287
SEVIR_5G375300v2	11.600563
SEVIR_5G375500v2	45.718416
SEVIR_5G375400v2	0.364579
SEVIR_5G375600v2	4.700403
SEVIR_5G375700v2	38.524375
SEVIR_5G375800v2	9.113225
SEVIR_5G375900v2	20.452107
SEVIR_5G376000v2	0.447222
SEVIR_5G376100v2	13.633255
SEVIR_5G376200v2	18.284248
SEVIR_5G376300v2	0
SEVIR_5G376400v2	39.724236
SEVIR_5G376500v2	47.182971
SEVIR_5G376600v2	61.645884
SEVIR_5G376700v2	805.461607
SEVIR_5G376800v2	60.187961
SEVIR_5G377000v2	1.428781
SEVIR_5G377100v2	57.15528
SEVIR_5G377200v2	2.580275
SEVIR_5G377301v2	76.677911
SEVIR_5G377400v2	25.037465
SEVIR_5G377500v2	0.161083
SEVIR_5G377600v2	55.255972
SEVIR_5G377700v2	10.166661
SEVIR_5G377800v2	0.522391
SEVIR_5G377900v2	0.125908
SEVIR_5G378000v2	3.517067
SEVIR_5G378100v2	0.226959
SEVIR_5G378125v2	360.07373
SEVIR_5G378150v2	0.251795
SEVIR_5G378175v2	2.090171
SEVIR_5G378200v2	4.433795
SEVIR_5G378266v2	4.952317
SEVIR_5G378332v2	3.509699
SEVIR_5G378400v2	128.685487
SEVIR_5G378500v2	4.042636
SEVIR_5G378600v2	0.065035
SEVIR_5G378700v2	0.248947
SEVIR_5G378800v2	0.285999
SEVIR_5G378900v2	0.560782
SEVIR_5G379000v2	0.486844
SEVIR_5G379100v2	77.038831
SEVIR_5G379200v2	4.474423
SEVIR_5G379300v2	32.482342
SEVIR_5G379400v2	0.08291
SEVIR_5G379500v2	28.706162
SEVIR_5G379600v2	53.922095
SEVIR_5G379700v2	52.318285
SEVIR_5G379800v2	48.394488
SEVIR_5G379900v2	36.137062
SEVIR_5G380000v2	5.669588
SEVIR_5G380100v2	0
SEVIR_5G380200v2	33.843927
SEVIR_5G380300v2	25.084898
SEVIR_5G380400v2	1.036997
SEVIR_5G380500v2	61.018237
SEVIR_5G380600v2	0.524066
SEVIR_5G380700v2	785.787788
SEVIR_5G380766v2	0
SEVIR_5G380832v2	9.26069
SEVIR_5G380900v2	36.25728
SEVIR_5G381000v2	125.881633
SEVIR_5G381100v2	0
SEVIR_5G381201v2	0.093542
SEVIR_5G381300v2	325.346395
SEVIR_5G381400v2	105.097438
SEVIR_5G381500v2	0.599431
SEVIR_5G381600v2	0.334319
SEVIR_5G381700v2	251.588999
SEVIR_5G381800v2	10.536251
SEVIR_5G381900v2	65.201628
SEVIR_5G382000v2	5.155811
SEVIR_5G382100v2	8.6711
SEVIR_5G382200v2	1.21322
SEVIR_5G382300v2	14.858862
SEVIR_5G382400v2	183.20637
SEVIR_5G382500v2	14.310417
SEVIR_5G382600v2	3.790751
SEVIR_5G382700v2	18.476817
SEVIR_5G382800v2	6.254378
SEVIR_5G382900v2	19.409512
SEVIR_5G383000v2	13.627932
SEVIR_5G383100v2	11.248872
SEVIR_5G383200v2	0.194603
SEVIR_5G383250v2	1.813293
SEVIR_5G383300v2	16.996437
SEVIR_5G383400v2	1.302552
SEVIR_5G383500v2	4.393387
SEVIR_5G383600v2	42.085013
SEVIR_5G383700v2	0
SEVIR_5G383800v2	4.004033
SEVIR_5G383900v2	0.138079
SEVIR_5G384000v2	0.267471
SEVIR_5G384100v2	23.077465
SEVIR_5G384200v2	9.468074
SEVIR_5G384300v2	10.992886
SEVIR_5G384600v2	11.862452
SEVIR_5G384400v2	59.018137
SEVIR_5G384500v2	0
SEVIR_5G384700v2	3.615405
SEVIR_5G384800v2	12.490657
SEVIR_5G384900v2	1.481813
SEVIR_5G385000v2	9.414021
SEVIR_5G385100v2	29.641541
SEVIR_5G385200v2	40.089839
SEVIR_5G385300v2	0.81337
SEVIR_5G385400v2	87.280845
SEVIR_5G385500v2	0
SEVIR_5G385600v2	0
SEVIR_5G385650v2	0.011708
SEVIR_5G385700v2	0
SEVIR_5G385800v2	46.089351
SEVIR_5G385900v2	4.193705
SEVIR_5G386000v2	0
SEVIR_5G386100v2	11.859934
SEVIR_5G386200v2	0
SEVIR_5G386300v2	30.890363
SEVIR_5G386400v2	1.951748
SEVIR_5G386500v2	4.880335
SEVIR_5G386600v2	14.283269
SEVIR_5G386700v2	3.197572
SEVIR_5G386800v2	0.316621
SEVIR_5G386900v2	0.05029
SEVIR_5G387000v2	19.710286
SEVIR_5G387100v2	68.041458
SEVIR_5G387200v2	3.974377
SEVIR_5G387300v2	7.648718
SEVIR_5G387400v2	0.051973
SEVIR_5G387500v2	0
SEVIR_5G387600v2	12.345294
SEVIR_5G387700v2	17.034577
SEVIR_5G387800v2	4.639246
SEVIR_5G387900v2	3.930282
SEVIR_5G388000v2	0.678563
SEVIR_5G388100v2	37.563987
SEVIR_5G388200v2	5.914447
SEVIR_5G388300v2	2.070509
SEVIR_5G388350v2	0
SEVIR_5G388400v2	305.768755
SEVIR_5G388500v2	0.662215
SEVIR_5G388600v2	22.841595
SEVIR_5G388650v2	0.859472
SEVIR_5G388700v2	10.786375
SEVIR_5G388800v2	20.578749
SEVIR_5G388900v2	0
SEVIR_5G389000v2	3.244146
SEVIR_5G389100v2	0
SEVIR_5G389200v2	0
SEVIR_5G389300v2	0.718902
SEVIR_5G389400v2	20.415623
SEVIR_5G389500v2	3.832622
SEVIR_5G389600v2	6.119622
SEVIR_5G389700v2	4.891138
SEVIR_5G389800v2	0
SEVIR_5G389900v2	0.051691
SEVIR_5G390001v2	3.125576
SEVIR_5G390100v2	15.625144
SEVIR_5G390200v2	2.483611
SEVIR_5G390300v2	9.265882
SEVIR_5G390400v2	79.261572
SEVIR_5G390500v2	29.91737
SEVIR_5G390600v2	1.081488
SEVIR_5G390700v2	51.083671
SEVIR_5G390800v2	133.199642
SEVIR_5G390900v2	0.568822
SEVIR_5G391000v2	2.114042
SEVIR_5G391100v2	8.783317
SEVIR_5G391200v2	1.061385
SEVIR_5G391300v2	0
SEVIR_5G391400v2	17.819702
SEVIR_5G391500v2	10.598593
SEVIR_5G391600v2	0.265807
SEVIR_5G391700v2	2.077769
SEVIR_5G391800v2	0
SEVIR_5G391900v2	5.645143
SEVIR_5G392000v2	0.029485
SEVIR_5G392100v2	0.160055
SEVIR_5G392150v2	0
SEVIR_5G392200v2	20.976026
SEVIR_5G392300v2	4.970791
SEVIR_5G392400v2	47.077491
SEVIR_5G392500v2	25.479735
SEVIR_5G392600v2	17.361722
SEVIR_5G392700v2	9.977787
SEVIR_5G392800v2	17.53678
SEVIR_5G392900v2	0.573903
SEVIR_5G393000v2	1.724125
SEVIR_5G393100v2	13.445187
SEVIR_5G393200v2	3.073876
SEVIR_5G393300v2	2.974574
SEVIR_5G393400v2	43.521524
SEVIR_5G393500v2	0
SEVIR_5G393600v2	9.699386
SEVIR_5G393700v2	5.126743
SEVIR_5G393800v2	2.004723
SEVIR_5G393900v2	13.02827
SEVIR_5G394000v2	11.822035
SEVIR_5G394100v2	10.821635
SEVIR_5G394200v2	0
SEVIR_5G394300v2	5.019811
SEVIR_5G394400v2	0.389796
SEVIR_5G394500v2	0.028803
SEVIR_5G394600v2	12.237314
SEVIR_5G394700v2	33.54648
SEVIR_5G394800v2	7.352054
SEVIR_5G394900v2	596.211898
SEVIR_5G395000v2	0.441297
SEVIR_5G395100v2	0.270692
SEVIR_5G395133v2	0.687839
SEVIR_5G395166v2	0
SEVIR_5G395200v2	1.2915
SEVIR_5G395300v2	24.696807
SEVIR_5G395400v2	0.363818
SEVIR_5G395500v2	28.296286
SEVIR_5G395550v2	1.069309
SEVIR_5G395600v2	0.460542
SEVIR_5G395700v2	3.886224
SEVIR_5G395800v2	7.693095
SEVIR_5G395900v2	12.195742
SEVIR_5G396000v2	7.29436
SEVIR_5G396100v2	0.498008
SEVIR_5G396200v2	69.64008
SEVIR_5G396300v2	4.178697
SEVIR_5G396400v2	1.788724
SEVIR_5G396500v2	4.35452
SEVIR_5G396600v2	17.192252
SEVIR_5G396700v2	0
SEVIR_5G396800v2	0.055106
SEVIR_5G396900v2	3.199125
SEVIR_5G397000v2	0.418285
SEVIR_5G397100v2	33.785036
SEVIR_5G397200v2	0.087477
SEVIR_5G397300v2	0
SEVIR_5G397400v2	25.112493
SEVIR_5G397501v2	1.144662
SEVIR_5G397600v2	20.30286
SEVIR_5G397700v2	0
SEVIR_5G397800v2	68.689537
SEVIR_5G397900v2	0.873572
SEVIR_5G397966v2	4.1713
SEVIR_5G398032v2	7.057269
SEVIR_5G398100v2	4.155816
SEVIR_5G398200v2	0.915759
SEVIR_5G398300v2	2.447864
SEVIR_5G398400v2	49.040488
SEVIR_5G398466v2	298.846855
SEVIR_5G398532v2	54.977802
SEVIR_5G398600v2	1.597109
SEVIR_5G398700v2	47.062251
SEVIR_5G398800v2	577.822829
SEVIR_5G398900v2	32.919897
SEVIR_5G399000v2	90.565848
SEVIR_5G399100v2	8.669265
SEVIR_5G399200v2	26.451569
SEVIR_5G399300v2	4.34988
SEVIR_5G399250v2	0
SEVIR_5G399400v2	95.526908
SEVIR_5G399466v2	0
SEVIR_5G399532v2	0.058565
SEVIR_5G399600v2	100.625811
SEVIR_5G399700v2	2.71578
SEVIR_5G399750v2	0.92522
SEVIR_5G399800v2	0
SEVIR_5G399900v2	5.452198
SEVIR_5G400000v2	7.856925
SEVIR_5G400100v2	0
SEVIR_5G400200v2	10.939439
SEVIR_5G400300v2	6.921699
SEVIR_5G400400v2	0.137618
SEVIR_5G400500v2	5.443857
SEVIR_5G400600v2	15.940357
SEVIR_5G400700v2	23.589677
SEVIR_5G400800v2	1.767509
SEVIR_5G400900v2	36.246439
SEVIR_5G401000v2	23.438307
SEVIR_5G401100v2	0
SEVIR_5G401200v2	1.762353
SEVIR_5G401300v2	0.11141
SEVIR_5G401400v2	21.312213
SEVIR_5G401500v2	58.167996
SEVIR_5G401566v2	1.598968
SEVIR_5G401632v2	0.839712
SEVIR_5G401700v2	0
SEVIR_5G401900v2	135.40606
SEVIR_5G402000v2	3.26304
SEVIR_5G402100v2	0.233653
SEVIR_5G402201v2	0.197597
SEVIR_5G402300v2	4.548566
SEVIR_5G402400v2	12.627997
SEVIR_5G402500v2	10.746553
SEVIR_5G402600v2	25.037211
SEVIR_5G402700v2	2.154918
SEVIR_5G402801v2	43.293294
SEVIR_5G402900v2	14.524412
SEVIR_5G402950v2	2.858732
SEVIR_5G403000v2	8.092621
SEVIR_5G403100v2	23.897245
SEVIR_5G403200v2	11.77276
SEVIR_5G403300v2	7.049612
SEVIR_5G403400v2	87.094055
SEVIR_5G403500v2	2.710664
SEVIR_5G403600v2	78.781488
SEVIR_5G403700v2	0.26367
SEVIR_5G403800v2	4.963751
SEVIR_5G403900v2	6.202916
SEVIR_5G404000v2	0
SEVIR_5G404100v2	46.44364
SEVIR_5G404200v2	8.253612
SEVIR_5G404300v2	9.141223
SEVIR_5G404400v2	39.006322
SEVIR_5G404500v2	0
SEVIR_5G404600v2	1.362645
SEVIR_5G404700v2	27.688056
SEVIR_5G404800v2	0.371139
SEVIR_5G404900v2	14.919446
SEVIR_5G405000v2	0
SEVIR_5G405100v2	0.032417
SEVIR_5G405200v2	4.770976
SEVIR_5G405300v2	15.134197
SEVIR_5G405400v2	3.036163
SEVIR_5G405500v2	2.93263
SEVIR_5G405600v2	27.422565
SEVIR_5G405700v2	6.998373
SEVIR_5G405800v2	18.344688
SEVIR_5G405900v2	0
SEVIR_5G406000v2	19.589722
SEVIR_5G406100v2	5.561255
SEVIR_5G406200v2	4.243873
SEVIR_5G406300v2	5.59113
SEVIR_5G406250v2	0
SEVIR_5G406400v2	12.726679
SEVIR_5G406500v2	20.807831
SEVIR_5G406600v2	39.651204
SEVIR_5G406700v2	0.380242
SEVIR_5G406800v2	0.110659
SEVIR_5G406900v2	29.791757
SEVIR_5G407000v2	5.488658
SEVIR_5G407100v2	4.58759
SEVIR_5G407200v2	0
SEVIR_5G407300v2	0
SEVIR_5G407400v2	0
SEVIR_5G407500v2	3.391008
SEVIR_5G407600v2	0
SEVIR_5G407700v2	48.425594
SEVIR_5G407800v2	9.040755
SEVIR_5G407900v2	16.52039
SEVIR_5G408000v2	20.723824
SEVIR_5G408100v2	0.662401
SEVIR_5G408200v2	0.162125
SEVIR_5G408300v2	10.700804
SEVIR_5G408400v2	0
SEVIR_5G408500v2	0
SEVIR_5G408600v2	7.379076
SEVIR_5G408700v2	6.932906
SEVIR_5G408800v2	5.475933
SEVIR_5G408900v2	0.506854
SEVIR_5G409000v2	39.881804
SEVIR_5G409100v2	0.228818
SEVIR_5G409200v2	0.133884
SEVIR_5G409300v2	420.605337
SEVIR_5G409400v2	5.967813
SEVIR_5G409500v2	29.353303
SEVIR_5G409600v2	1.79476
SEVIR_5G409700v2	0.368584
SEVIR_5G409800v2	0
SEVIR_5G409901v2	0.265003
SEVIR_5G410000v2	1.802307
SEVIR_5G410100v2	7.709064
SEVIR_5G410200v2	23.539309
SEVIR_5G410250v2	1.772742
SEVIR_5G410300v2	10.255512
SEVIR_5G410400v2	0.481987
SEVIR_5G410500v2	46.078173
SEVIR_5G410700v2	73.261964
SEVIR_5G410750v2	0.058604
SEVIR_5G410800v2	3.369141
SEVIR_5G410900v2	2.871822
SEVIR_5G411000v2	0
SEVIR_5G411100v2	54.793874
SEVIR_5G411200v2	0.451661
SEVIR_5G411300v2	9.889449
SEVIR_5G411400v2	12.784902
SEVIR_5G411500v2	17.138102
SEVIR_5G411600v2	14.441751
SEVIR_5G411700v2	21.711229
SEVIR_5G411801v2	0.105475
SEVIR_5G411900v2	1.089568
SEVIR_5G412000v2	12.223861
SEVIR_5G412101v2	7.420443
SEVIR_5G412200v2	0
SEVIR_5G412100v2	10.304975
SEVIR_5G412300v2	0.107414
SEVIR_5G412400v2	35.065046
SEVIR_5G412500v2	10.971326
SEVIR_5G412600v2	30.197468
SEVIR_5G412700v2	16.614014
SEVIR_5G412800v2	7.371398
SEVIR_5G412900v2	4.281654
SEVIR_5G413001v2	0.453005
SEVIR_5G413100v2	50.531236
SEVIR_5G413200v2	0.293369
SEVIR_5G413300v2	3.257301
SEVIR_5G413350v2	0
SEVIR_5G413400v2	1.17769
SEVIR_5G413500v2	1.945293
SEVIR_5G413600v2	23.171513
SEVIR_5G413700v2	3.859339
SEVIR_5G413801v2	0
SEVIR_5G413900v2	0
SEVIR_5G413950v2	89.028126
SEVIR_5G414000v2	13.095255
SEVIR_5G414100v2	0.866837
SEVIR_5G414200v2	16.504228
SEVIR_5G414300v2	0
SEVIR_5G414400v2	0
SEVIR_5G414500v2	1.267128
SEVIR_5G414600v2	0.628165
SEVIR_5G414700v2	0
SEVIR_5G414800v2	0
SEVIR_5G414901v2	0.218989
SEVIR_5G415000v2	0.711776
SEVIR_5G415100v2	0.562205
SEVIR_5G415166v2	1.788024
SEVIR_5G415232v2	17.265264
SEVIR_5G415300v2	0
SEVIR_5G415400v2	0
SEVIR_5G415500v2	0
SEVIR_5G415550v2	0
SEVIR_5G415600v2	0
SEVIR_5G415700v2	0
SEVIR_5G415766v2	0.06977
SEVIR_5G415900v2	0.3482
SEVIR_5G415832v2	0
SEVIR_5G416000v2	0.581628
SEVIR_5G416100v2	17.626233
SEVIR_5G416200v2	15.382838
SEVIR_5G416250v2	6.60018
SEVIR_5G416300v2	0.778406
SEVIR_5G416400v2	13.707094
SEVIR_5G416450v2	0.569894
SEVIR_5G416500v2	6.610253
SEVIR_5G416600v2	0.304787
SEVIR_5G416700v2	0.08205
SEVIR_5G416733v2	0.528138
SEVIR_5G416766v2	0
SEVIR_5G416800v2	0
SEVIR_5G416900v2	0
SEVIR_5G417000v2	9.137965
SEVIR_5G417100v2	0.142321
SEVIR_5G417200v2	3.691526
SEVIR_5G417300v2	115.235796
SEVIR_5G417400v2	114.213916
SEVIR_5G417500v2	15.985872
SEVIR_5G417600v2	0.023663
SEVIR_5G417700v2	9.002741
SEVIR_5G417750v2	0.310848
SEVIR_5G417800v2	0.143727
SEVIR_5G417866v2	2.858942
SEVIR_5G417932v2	3.776319
SEVIR_5G418000v2	106.175528
SEVIR_5G418100v2	6.285406
SEVIR_5G418200v2	254.021513
SEVIR_5G418250v2	0.071608
SEVIR_5G418300v2	23.833079
SEVIR_5G418350v2	4.127139
SEVIR_5G418400v2	42.13719
SEVIR_5G418500v2	13.438285
SEVIR_5G418600v2	32.87138
SEVIR_5G418700v2	1.245056
SEVIR_5G418800v2	1898.773348
SEVIR_5G418900v2	0.11688
SEVIR_5G419000v2	6.720185
SEVIR_5G419100v2	26.697451
SEVIR_5G419200v2	9.002161
SEVIR_5G419300v2	0
SEVIR_5G419400v2	5.099757
SEVIR_5G419466v2	1.111773
SEVIR_5G419532v2	0
SEVIR_5G419600v2	59.877432
SEVIR_5G419700v2	21.185488
SEVIR_5G419800v2	175.692267
SEVIR_5G419900v2	10.790518
SEVIR_5G420000v2	24.453083
SEVIR_5G420100v2	0
SEVIR_5G420200v2	19.45273
SEVIR_5G420300v2	1.446656
SEVIR_5G420400v2	0
SEVIR_5G420500v2	44.117778
SEVIR_5G420600v2	14.796182
SEVIR_5G420700v2	21.197919
SEVIR_5G420800v2	4.042968
SEVIR_5G420850v2	0
SEVIR_5G420900v2	18.270146
SEVIR_5G421000v2	28.076236
SEVIR_5G421050v2	0
SEVIR_5G421100v2	8.438486
SEVIR_5G421200v2	5.099169
SEVIR_5G421400v2	0.080546
SEVIR_5G421500v2	0
SEVIR_5G421600v2	0
SEVIR_5G421700v2	50.551429
SEVIR_5G421800v2	89.390124
SEVIR_5G421900v2	0.027067
SEVIR_5G422000v2	0.042634
SEVIR_5G422101v2	0.012725
SEVIR_5G422200v2	24.098718
SEVIR_5G422250v2	0.127117
SEVIR_5G422300v2	12.674454
SEVIR_5G422400v2	4.81741
SEVIR_5G422500v2	7.331995
SEVIR_5G422600v2	22.703528
SEVIR_5G422700v2	11.999291
SEVIR_5G422800v2	20.142394
SEVIR_5G422850v2	0.897282
SEVIR_5G422900v2	0
SEVIR_5G423000v2	24.41367
SEVIR_5G423100v2	3.621877
SEVIR_5G423200v2	4.585813
SEVIR_5G423300v2	18.571952
SEVIR_5G423400v2	0.325642
SEVIR_5G423500v2	10.483834
SEVIR_5G423600v2	0.338604
SEVIR_5G423701v2	0.041777
SEVIR_5G423800v2	26.113778
SEVIR_5G423900v2	13.610787
SEVIR_5G424000v2	9.311099
SEVIR_5G424100v2	13.276953
SEVIR_5G424200v2	9.530351
SEVIR_5G424300v2	4.699281
SEVIR_5G424400v2	43.722727
SEVIR_5G424501v2	0
SEVIR_5G424600v2	0.251427
SEVIR_5G424700v2	0.479795
SEVIR_5G424800v2	0
SEVIR_5G424900v2	4.436441
SEVIR_5G425000v2	2.680048
SEVIR_5G425100v2	1.135701
SEVIR_5G425200v2	86.601659
SEVIR_5G425300v2	1105.125512
SEVIR_5G425400v2	26.578995
SEVIR_5G425500v2	0.602742
SEVIR_5G425600v2	22.129365
SEVIR_5G425700v2	19.527827
SEVIR_5G425800v2	13.53041
SEVIR_5G425900v2	28.459047
SEVIR_5G426000v2	0
SEVIR_5G426100v2	72.109752
SEVIR_5G426200v2	1.56846
SEVIR_5G426300v2	0.095443
SEVIR_5G426400v2	0
SEVIR_5G426500v2	0.263319
SEVIR_5G426600v2	6.382484
SEVIR_5G426700v2	0.314623
SEVIR_5G426800v2	52.491381
SEVIR_5G426900v2	474.871007
SEVIR_5G427000v2	15.834054
SEVIR_5G427100v2	4.549218
SEVIR_5G427200v2	29.892953
SEVIR_5G427300v2	45.956186
SEVIR_5G427400v2	7.819634
SEVIR_5G427501v2	3.908799
SEVIR_5G427600v2	0.890118
SEVIR_5G427650v2	11.003842
SEVIR_5G427700v2	162.726109
SEVIR_5G427800v2	8.095767
SEVIR_5G427900v2	1.150749
SEVIR_5G428000v2	1.463957
SEVIR_5G428100v2	22.551283
SEVIR_5G428200v2	17.712654
SEVIR_5G428266v2	26.438692
SEVIR_5G428332v2	1157.748904
SEVIR_5G428400v2	40.243573
SEVIR_5G428500v2	6.904185
SEVIR_5G428601v2	478.423493
SEVIR_5G428700v2	1461.336059
SEVIR_5G428800v2	0
SEVIR_5G428833v2	7.345975
SEVIR_5G428866v2	19.17561
SEVIR_5G428900v2	5.25476
SEVIR_5G429000v2	0.458004
SEVIR_5G429100v2	28.627768
SEVIR_5G429200v2	137.602124
SEVIR_5G429300v2	118.577491
SEVIR_5G429400v2	13.127758
SEVIR_5G429500v2	0
SEVIR_5G429600v2	20.588392
SEVIR_5G429700v2	14.873681
SEVIR_5G429800v2	0.242513
SEVIR_5G429900v2	7.390761
SEVIR_5G430000v2	5.326648
SEVIR_5G430050v2	12.107039
SEVIR_5G430100v2	1.104591
SEVIR_5G430200v2	9.832966
SEVIR_5G430300v2	2.099769
SEVIR_5G430400v2	6.064148
SEVIR_5G430500v2	1.535706
SEVIR_5G430600v2	0.788547
SEVIR_5G430700v2	0.088
SEVIR_5G430800v2	0
SEVIR_5G430850v2	0
SEVIR_5G430900v2	0
SEVIR_5G431000v2	68.834268
SEVIR_5G431100v2	126.072264
SEVIR_5G431200v2	735.546943
SEVIR_5G431300v2	0.693223
SEVIR_5G431301v2	0
SEVIR_5G431400v2	0
SEVIR_5G431500v2	0
SEVIR_5G431550v2	0.047747
SEVIR_5G431601v2	0.759981
SEVIR_5G431651v2	0.078007
SEVIR_5G431700v2	21.173688
SEVIR_5G431750v2	0
SEVIR_5G431800v2	26.625602
SEVIR_5G431900v2	0.054682
SEVIR_5G432000v2	0.18019
SEVIR_5G432100v2	0.929597
SEVIR_5G432200v2	2.453788
SEVIR_5G432301v2	0
SEVIR_5G432400v2	58.564456
SEVIR_5G432500v2	397.608815
SEVIR_5G432600v2	14.058424
SEVIR_5G432700v2	28.736869
SEVIR_5G432800v2	23.516215
SEVIR_5G432900v2	193.792344
SEVIR_5G433000v2	11.869028
SEVIR_5G433100v2	38.456347
SEVIR_5G433200v2	277.944729
SEVIR_5G433300v2	2.574603
SEVIR_5G433400v2	19.564335
SEVIR_5G433500v2	9.046254
SEVIR_5G433601v2	10.423693
SEVIR_5G433700v2	26.080656
SEVIR_5G433800v2	1.991013
SEVIR_5G433900v2	0
SEVIR_5G434000v2	0.357691
SEVIR_5G434100v2	12.662544
SEVIR_5G434200v2	0.993081
SEVIR_5G434300v2	11.573854
SEVIR_5G434400v2	610.925043
SEVIR_5G434500v2	0.664924
SEVIR_5G434600v2	12.739807
SEVIR_5G434700v2	0
SEVIR_5G434800v2	0
SEVIR_5G434900v2	1.225726
SEVIR_5G435000v2	2.64511
SEVIR_5G435100v2	0.250661
SEVIR_5G435200v2	19.392554
SEVIR_5G435300v2	33.395271
SEVIR_5G435400v2	1.358537
SEVIR_5G435500v2	8.596282
SEVIR_5G435600v2	139.517361
SEVIR_5G435700v2	23.806299
SEVIR_5G435733v2	75.845562
SEVIR_5G435766v2	0
SEVIR_5G435800v2	39.774326
SEVIR_5G435900v2	3.487547
SEVIR_5G436000v2	37.763485
SEVIR_5G436100v2	18.875705
SEVIR_5G436200v2	0
SEVIR_5G436300v2	0.484525
SEVIR_5G436400v2	0.157288
SEVIR_5G436501v2	11.598339
SEVIR_5G436600v2	0
SEVIR_5G436700v2	2.026778
SEVIR_5G436800v2	9.692257
SEVIR_5G436900v2	17.724842
SEVIR_5G437000v2	27.746443
SEVIR_5G437100v2	12.987045
SEVIR_5G437200v2	14.762476
SEVIR_5G437300v2	0.108624
SEVIR_5G437400v2	164.347804
SEVIR_5G437501v2	0.851497
SEVIR_5G437600v2	16.374514
SEVIR_5G437800v2	0
SEVIR_5G437700v2	0.050587
SEVIR_5G437900v2	0
SEVIR_5G437933v2	0.370203
SEVIR_5G437966v2	0
SEVIR_5G438000v2	0
SEVIR_5G438100v2	0.065886
SEVIR_5G438200v2	1.748109
SEVIR_5G438300v2	4.39717
SEVIR_5G438400v2	4.910601
SEVIR_5G438500v2	2.05601
SEVIR_5G438600v2	0.355288
SEVIR_5G438700v2	40.664264
SEVIR_5G438800v2	0.336636
SEVIR_5G439000v2	24.194773
SEVIR_5G439100v2	79.726964
SEVIR_5G439200v2	26.318369
SEVIR_5G439300v2	59.463471
SEVIR_5G439400v2	1.268654
SEVIR_5G439450v2	0
SEVIR_5G439500v2	1.372337
SEVIR_5G439600v2	46.433172
SEVIR_5G439700v2	15.641823
SEVIR_5G439800v2	8.197169
SEVIR_5G439900v2	30.146528
SEVIR_5G440000v2	0
SEVIR_5G440100v2	10.508014
SEVIR_5G440200v2	24.31838
SEVIR_5G440300v2	26.646519
SEVIR_5G440400v2	0
SEVIR_5G440500v2	0
SEVIR_5G440600v2	5.988081
SEVIR_5G440700v2	74.153791
SEVIR_5G440750v2	9.843339
SEVIR_5G440800v2	0.564681
SEVIR_5G440900v2	5.666807
SEVIR_5G441000v2	4.406534
SEVIR_5G441100v2	43.645168
SEVIR_5G441200v2	28.073955
SEVIR_5G441300v2	29.276079
SEVIR_5G441400v2	63.35811
SEVIR_5G441500v2	0.115041
SEVIR_5G441600v2	13.648957
SEVIR_5G441666v2	1.031749
SEVIR_5G441732v2	1.347666
SEVIR_5G441800v2	0.278486
SEVIR_5G441900v2	0.25228
SEVIR_5G442000v2	0
SEVIR_5G442100v2	0
SEVIR_5G442200v2	11.676847
SEVIR_5G442300v2	0
SEVIR_5G442350v2	0
SEVIR_5G442400v2	0.250757
SEVIR_5G442500v2	0.402268
SEVIR_5G442600v2	0.012604
SEVIR_5G442650v2	0
SEVIR_5G442700v2	0.056497
SEVIR_5G442800v2	0.076331
SEVIR_5G442900v2	0.402268
SEVIR_5G442950v2	0
SEVIR_5G443000v2	51.68334
SEVIR_5G443100v2	4.166515
SEVIR_5G443200v2	0
SEVIR_5G443301v2	0.72913
SEVIR_5G443400v2	12.224016
SEVIR_5G443500v2	463.140331
SEVIR_5G443600v2	32.961337
SEVIR_5G443700v2	14.316634
SEVIR_5G443800v2	65.279047
SEVIR_5G443900v2	4.394377
SEVIR_5G444000v2	9.022908
SEVIR_5G444100v2	0.247804
SEVIR_5G444200v2	7.659494
SEVIR_5G444300v2	0.323824
SEVIR_5G444400v2	40.548135
SEVIR_5G444500v2	1.039871
SEVIR_5G444600v2	3.958156
SEVIR_5G444700v2	66.11547
SEVIR_5G444800v2	5.44332
SEVIR_5G444900v2	0.080236
SEVIR_5G445000v2	35.945
SEVIR_5G445050v2	0
SEVIR_5G445100v2	24.722747
SEVIR_5G445200v2	0.673801
SEVIR_5G445300v2	7.420457
SEVIR_5G445400v2	6.101349
SEVIR_5G445500v2	13.200478
SEVIR_5G445600v2	2.444757
SEVIR_5G445700v2	2.575251
SEVIR_5G445800v2	0
SEVIR_5G445900v2	0.356803
SEVIR_5G446000v2	147.436681
SEVIR_5G446050v2	0.810301
SEVIR_5G446100v2	1.038116
SEVIR_5G446200v2	11.137684
SEVIR_5G446150v2	0
SEVIR_5G446300v2	0.05458
SEVIR_5G446400v2	0.587683
SEVIR_5G446500v2	0.329139
SEVIR_5G446600v2	6.364062
SEVIR_5G446700v2	2.789469
SEVIR_5G446800v2	38.304211
SEVIR_5G446900v2	6.376216
SEVIR_5G447000v2	17.337156
SEVIR_5G447100v2	7.124053
SEVIR_5G447200v2	2.058521
SEVIR_5G447300v2	2.373593
SEVIR_5G447400v2	0.481661
SEVIR_5G447500v2	4.249281
SEVIR_5G447550v2	0.251959
SEVIR_5G447600v2	0.135061
SEVIR_5G447700v2	0
SEVIR_5G447800v2	0
SEVIR_5G447900v2	20.674213
SEVIR_5G448000v2	0.482409
SEVIR_5G448100v2	7.003369
SEVIR_5G448200v2	6.081189
SEVIR_5G448300v2	22.007501
SEVIR_5G448400v2	0.577054
SEVIR_5G448500v2	38.142543
SEVIR_5G448600v2	144.049919
SEVIR_5G448700v2	62.351157
SEVIR_5G448800v2	69.917136
SEVIR_5G448900v2	17.331701
SEVIR_5G449000v2	13.431377
SEVIR_5G449100v2	10.722481
SEVIR_5G449200v2	0
SEVIR_5G449300v2	7.629763
SEVIR_5G449400v2	8.24047
SEVIR_5G449500v2	4.200738
SEVIR_5G449600v2	2.758524
SEVIR_5G449700v2	551.047505
SEVIR_5G449766v2	3.622847
SEVIR_5G449832v2	1.886161
SEVIR_5G449900v2	2.328264
SEVIR_5G450000v2	7.087857
SEVIR_5G450100v2	0.311782
SEVIR_5G450200v2	3.030248
SEVIR_5G450300v2	1.822628
SEVIR_5G450400v2	8.929874
SEVIR_5G450500v2	32.77839
SEVIR_5G450600v2	20.202347
SEVIR_5G450700v2	16.911036
SEVIR_5G450800v2	7.813006
SEVIR_5G450900v2	3.361167
SEVIR_5G451000v2	6.775546
SEVIR_5G451100v2	27.43679
SEVIR_5G451200v2	87.53032
SEVIR_5G451300v2	19.742402
SEVIR_5G451333v2	0
SEVIR_5G451366v2	9.858589
SEVIR_5G451400v2	133.815438
SEVIR_5G451500v2	0
SEVIR_5G451601v2	0.300109
SEVIR_5G451700v2	48.016066
SEVIR_5G451800v2	0.031711
SEVIR_5G451900v2	25.571527
SEVIR_5G452000v2	4.459967
SEVIR_5G452100v2	0.773665
SEVIR_5G452200v2	7.669481
SEVIR_5G452250v2	8.483373
SEVIR_5G452300v2	0.347139
SEVIR_5G452400v2	11.412432
SEVIR_5G452500v2	17.769301
SEVIR_5G452601v2	2.434219
SEVIR_5G452700v2	9.729749
SEVIR_5G452800v2	0.823703
SEVIR_5G452900v2	2.529247
SEVIR_5G453000v2	29.561031
SEVIR_5G453100v2	0.023724
SEVIR_5G453200v2	28.163668
SEVIR_5G453300v2	0
SEVIR_5G453400v2	16.629282
SEVIR_5G453500v2	0.119661
SEVIR_5G453600v2	1.448144
SEVIR_5G453700v2	18.528155
SEVIR_5G453800v2	4.628225
SEVIR_5G453900v2	0
SEVIR_5G454000v2	42.530608
SEVIR_5G454100v2	6.448373
SEVIR_5G454200v2	43.728112
SEVIR_5G454300v2	1.032691
SEVIR_5G454350v2	0.486844
SEVIR_5G454400v2	2.393796
SEVIR_5G454500v2	8.814416
SEVIR_5G454601v2	3.920778
SEVIR_5G454700v2	11.276244
SEVIR_5G454750v2	0
SEVIR_5G454800v2	4.599799
SEVIR_5G454900v2	0.999764
SEVIR_5G455000v2	3.437224
SEVIR_5G455100v2	0
SEVIR_5G455200v2	1.934851
SEVIR_5G455300v2	1.964132
SEVIR_5G455400v2	11.390188
SEVIR_5G455500v2	0.279038
SEVIR_5G455600v2	0
SEVIR_5G455700v2	1.648403
SEVIR_5G455800v2	6.539998
SEVIR_5G455900v2	0.21875
SEVIR_5G456000v2	0
SEVIR_5G456100v2	71.953547
SEVIR_5G456200v2	2.454432
SEVIR_5G456300v2	2.922448
SEVIR_5G456400v2	12.828888
SEVIR_5G456500v2	2.318044
SEVIR_5G456600v2	0.819968
SEVIR_5G456700v2	3.34335
SEVIR_5G456800v2	0
SEVIR_5G456900v2	0.278416
SEVIR_5G457000v2	0.308541
SEVIR_5G457100v2	27.446236
SEVIR_5G457200v2	24.830307
SEVIR_5G457300v2	1.967205
SEVIR_5G457350v2	0
SEVIR_5G457400v2	179.668187
SEVIR_5G457500v2	1.671818
SEVIR_5G457700v2	0
SEVIR_5G457800v2	16.183989
SEVIR_5G457900v2	45.547902
SEVIR_5G458000v2	2.323039
SEVIR_5G458100v2	123.357711
SEVIR_5G458201v2	48.814137
SEVIR_5G458300v2	151.294733
SEVIR_5G458400v2	0
SEVIR_5G458500v2	1.591685
SEVIR_5G458601v2	0.847949
SEVIR_5G458700v2	0
SEVIR_5G458901v2	1.059477
SEVIR_5G458800v2	0
SEVIR_5G459000v2	34.658981
SEVIR_5G459100v2	16.540346
SEVIR_5G459200v2	14.056351
SEVIR_5G459300v2	561.070274
SEVIR_5G459400v2	143.23063
SEVIR_5G459500v2	46.512167
SEVIR_5G459600v2	81.121921
SEVIR_5G459700v2	473.410421
SEVIR_5G459800v2	4.33362
SEVIR_5G459900v2	8.69763
SEVIR_5G460000v2	8.314734
SEVIR_5G460100v2	0.239617
SEVIR_5G460200v2	0.533923
SEVIR_5G460300v2	69.422741
SEVIR_5G460400v2	7.78276
SEVIR_5G460500v2	0.937297
SEVIR_5G460600v2	36.59698
SEVIR_5G460700v2	0
SEVIR_5G460800v2	0.093583
SEVIR_5G460900v2	0
SEVIR_5G461000v2	0.067319
SEVIR_5G461100v2	0
SEVIR_5G461300v2	11.859529
SEVIR_5G461200v2	0
SEVIR_5G461400v2	0.055738
SEVIR_5G461450v2	4.441612
SEVIR_5G461501v2	6.619433
SEVIR_5G461551v2	6.053923
SEVIR_5G461600v2	4.016995
SEVIR_5G461700v2	0
SEVIR_5G461800v2	21.705973
SEVIR_5G461850v2	0.511511
SEVIR_5G461900v2	76.345621
SEVIR_5G462000v2	24.100061
SEVIR_5G462100v2	13.712484
SEVIR_5G462200v2	0
SEVIR_5G462300v2	2.141769
SEVIR_5G462400v2	206.735288
SEVIR_5G462500v2	7.799294
SEVIR_5G462600v2	31.082127
SEVIR_5G462700v2	0.133777
SEVIR_5G462800v2	48.929866
SEVIR_5G462850v2	0
SEVIR_5G462900v2	0
SEVIR_5G463000v2	99.509672
SEVIR_5G463100v2	0
SEVIR_5G463200v2	22.205284
SEVIR_5G463300v2	0
SEVIR_5G463400v2	9.650385
SEVIR_5G463500v2	26.710007
SEVIR_5G463600v2	0.872305
SEVIR_5G463700v2	0.195725
SEVIR_5G463800v2	0
SEVIR_5G463900v2	26.830778
SEVIR_5G464000v2	16.451695
SEVIR_5G464033v2	0.174352
SEVIR_5G464066v2	0.035181
SEVIR_5G464100v2	9.870779
SEVIR_5G464200v2	0.096749
SEVIR_5G464300v2	2.046581
SEVIR_5G464350v2	0
SEVIR_5G464400v2	0
SEVIR_5G464501v2	0.32498
SEVIR_5G464600v2	26.511038
SEVIR_5G464650v2	5.974902
SEVIR_5G464700v2	25.887634
SEVIR_5G464800v2	3.889475
SEVIR_5G464900v2	24.083962
SEVIR_5G465000v2	0.143508
SEVIR_5G465100v2	0
SEVIR_5G465200v2	0
SEVIR_5G465300v2	0.031914
SEVIR_5G465400v2	23.63432
SEVIR_5G465500v2	11.910112
SEVIR_5G465566v2	0.780292
SEVIR_5G465632v2	1.344258
SEVIR_5G465700v2	82.759588
SEVIR_5G465800v2	8.020896
SEVIR_5G465900v2	9.209062
SEVIR_5G466000v2	0
SEVIR_5G466100v2	6.342903
SEVIR_5G466200v2	14.044787
SEVIR_5G466300v2	24.698014
SEVIR_5G466400v2	21.824744
SEVIR_5G466500v2	30.356577
SEVIR_5G466600v2	7.292452
SEVIR_5G466700v2	67.348824
SEVIR_5G466800v2	0.626827
SEVIR_5G466900v2	50.66251
SEVIR_5G467000v2	36.056442
SEVIR_5G467100v2	0.154824
SEVIR_5G467166v2	0
SEVIR_5G467232v2	0
SEVIR_5G467300v2	42.553939
SEVIR_5G467400v2	4.961879
SEVIR_5G467500v2	5.76288
SEVIR_5G467600v2	35.856117
SEVIR_5G467700v2	117.870699
SEVIR_5G467800v2	9.348289
SEVIR_5G467900v2	1.520045
SEVIR_5G468000v2	10.798993
SEVIR_5G468100v2	12.688359
SEVIR_5G468200v2	7.141874
SEVIR_5G468300v2	20.359315
SEVIR_5G468400v2	0.180564
SEVIR_5G468500v2	46.186898
SEVIR_5G468600v2	1.490179
SEVIR_5G468700v2	418.870413
SEVIR_5G468800v2	4.223716
SEVIR_5G468900v2	319.486839
SEVIR_5G468950v2	2.156482
SEVIR_5G469000v2	0
SEVIR_5G469100v2	3.072334
SEVIR_5G469200v2	0.320075
SEVIR_5G469300v2	10.594918
SEVIR_5G469333v2	6.726069
SEVIR_5G469366v2	3.148269
SEVIR_5G469400v2	0
SEVIR_5G472066v2	16.430981
SEVIR_5G474732v2	4.502425
SEVIR_5G477400v2	0.0775
SEVIR_5G477450v2	0.282077
SEVIR_5G477500v2	0
SEVIR_5G477600v2	0.198772
SEVIR_5G477700v2	3.626064
SEVIR_5G477800v2	20.698693
SEVIR_5G469500v2	25.711478
SEVIR_5G469600v2	0
SEVIR_5G469700v2	34.197325
SEVIR_5G469800v2	53.124589
SEVIR_5G469900v2	578.351125
SEVIR_5G470000v2	79.719748
SEVIR_5G470100v2	45.46325
SEVIR_5G470200v2	2.194531
SEVIR_5G470250v2	10.219741
SEVIR_5G470300v2	176.072673
SEVIR_5G470400v2	0
SEVIR_5G470500v2	4.683034
SEVIR_5G470600v2	4.584717
SEVIR_5G470700v2	11.977067
SEVIR_5G470750v2	2.469791
SEVIR_5G470800v2	2.217178
SEVIR_5G470900v2	50.998301
SEVIR_5G471000v2	0.081066
SEVIR_5G471101v2	0.921975
SEVIR_5G471200v2	23.469447
SEVIR_5G471300v2	24.535137
SEVIR_5G471400v2	0.082027
SEVIR_5G471500v2	15.336523
SEVIR_5G471600v2	18.102428
SEVIR_5G471700v2	27.497746
SEVIR_5G471800v2	22.07199
SEVIR_5G471900v2	95.054952
SEVIR_5G472000v2	4.602786
SEVIR_5G472100v2	14.855265
SEVIR_5G472200v2	12.415889
SEVIR_5G472300v2	12.842034
SEVIR_5G472400v2	8.685583
SEVIR_5G472500v2	5.220173
SEVIR_5G472600v2	27.140314
SEVIR_5G472700v2	27.173043
SEVIR_5G472800v2	6.762535
SEVIR_5G472900v2	8.131494
SEVIR_5G473000v2	0
SEVIR_5G473100v2	38.279076
SEVIR_5G473200v2	34.740043
SEVIR_5G473300v2	65.563296
SEVIR_5G473500v2	5.037992
SEVIR_5G473400v2	2.562937
SEVIR_5G473600v2	64.395217
SEVIR_5G473700v2	5.798153
SEVIR_5G473733v2	0
SEVIR_5G473766v2	0.021164
SEVIR_5G473800v2	30.660546
SEVIR_5G473900v2	332.644527
SEVIR_5G473950v2	0
SEVIR_5G474000v2	3.280674
SEVIR_5G474100v2	4.272498
SEVIR_5G474200v2	1.359397
SEVIR_5G474400v2	22.040417
SEVIR_5G474500v2	0.837705
SEVIR_5G474600v2	1.087162
SEVIR_5G474700v2	7.655904
SEVIR_5G474800v2	48.061355
SEVIR_5G474900v2	4.738586
SEVIR_5G475000v2	1.54149
SEVIR_5G475100v2	9.460297
SEVIR_5G475200v2	7.876059
SEVIR_5G475300v2	22.95491
SEVIR_5G475400v2	34.906552
SEVIR_5G475500v2	10.003562
SEVIR_5G475600v2	1.374874
SEVIR_5G475700v2	13.420943
SEVIR_5G475800v2	12.924043
SEVIR_5G475900v2	394.343542
SEVIR_5G476000v2	489.59994
SEVIR_5G476100v2	30.295679
SEVIR_5G476200v2	9.018078
SEVIR_5G476300v2	0
SEVIR_5G476400v2	2.639071
SEVIR_5G476500v2	10.154125
SEVIR_5G476600v2	7.921366
SEVIR_5G476700v2	26.309191
SEVIR_5G476800v2	14.357459
SEVIR_5G476900v2	0
SEVIR_5G477000v2	0.694604
SEVIR_5G477100v2	60.216584
SEVIR_5G477200v2	199.912233
SEVIR_5G477300v2	0
SEVIR_6G000200v2	41.030221
SEVIR_6G000300v2	0.683493
SEVIR_6G000325v2	11.310806
SEVIR_6G000350v2	10.016506
SEVIR_6G000375v2	0
SEVIR_6G000400v2	0
SEVIR_6G000500v2	0
SEVIR_6G000600v2	11.484869
SEVIR_6G000700v2	16.66407
SEVIR_6G000800v2	25.760821
SEVIR_6G000900v2	10.647527
SEVIR_6G000950v2	4.107745
SEVIR_6G001000v2	8.570673
SEVIR_6G001100v2	11.8574
SEVIR_6G001200v2	9.709134
SEVIR_6G001300v2	33.856424
SEVIR_6G001400v2	0.092034
SEVIR_6G001500v2	5.872197
SEVIR_6G001600v2	11.474011
SEVIR_6G001700v2	0.958909
SEVIR_6G001800v2	0
SEVIR_6G001900v2	6.689554
SEVIR_6G002000v2	29.118282
SEVIR_6G002100v2	42.405594
SEVIR_6G002200v2	1.247961
SEVIR_6G002300v2	24.931354
SEVIR_6G002400v2	54.199303
SEVIR_6G002500v2	0
SEVIR_6G002600v2	1.715288
SEVIR_6G002700v2	0.095722
SEVIR_6G002800v2	14.087754
SEVIR_6G002850v2	1.21711
SEVIR_6G002900v2	0
SEVIR_6G003000v2	23.874968
SEVIR_6G003100v2	17.118199
SEVIR_6G003200v2	9.243703
SEVIR_6G003300v2	0.258287
SEVIR_6G003400v2	23.080143
SEVIR_6G003500v2	25.863805
SEVIR_6G003600v2	3.536611
SEVIR_6G003700v2	36.320891
SEVIR_6G003750v2	0
SEVIR_6G003800v2	0.499272
SEVIR_6G003900v2	1.164418
SEVIR_6G003950v2	0
SEVIR_6G004000v2	8.330262
SEVIR_6G004100v2	11.316446
SEVIR_6G004200v2	13.647722
SEVIR_6G004250v2	0
SEVIR_6G004300v2	1.568418
SEVIR_6G004400v2	17.174799
SEVIR_6G004450v2	0.628938
SEVIR_6G004500v2	0.561973
SEVIR_6G004600v2	0.311732
SEVIR_6G004700v2	0.465978
SEVIR_6G004800v2	0
SEVIR_6G004900v2	14.494001
SEVIR_6G005000v2	28.066224
SEVIR_6G005100v2	9.434027
SEVIR_6G005200v2	1.001296
SEVIR_6G005300v2	0.160021
SEVIR_6G005350v2	1.858481
SEVIR_6G005400v2	0.176114
SEVIR_6G005501v2	0.419894
SEVIR_6G005600v2	0.210386
SEVIR_6G005700v2	0
SEVIR_6G005800v2	0.165547
SEVIR_6G005900v2	31.319671
SEVIR_6G006000v2	14.292365
SEVIR_6G006100v2	73.877429
SEVIR_6G006200v2	17.857858
SEVIR_6G006300v2	30.287982
SEVIR_6G006400v2	0
SEVIR_6G006450v2	0.323658
SEVIR_6G006500v2	0
SEVIR_6G006600v2	2.43197
SEVIR_6G006700v2	66.832311
SEVIR_6G006800v2	2.399408
SEVIR_6G006900v2	0.114836
SEVIR_6G007000v2	0
SEVIR_6G007100v2	0.694908
SEVIR_6G007200v2	10.124631
SEVIR_6G007300v2	9.174351
SEVIR_6G007400v2	24.586795
SEVIR_6G007500v2	0.050245
SEVIR_6G007600v2	265.37055
SEVIR_6G007700v2	33.889452
SEVIR_6G007800v2	29.00785
SEVIR_6G007900v2	0.413801
SEVIR_6G008000v2	145.284938
SEVIR_6G008100v2	0.653133
SEVIR_6G008200v2	0
SEVIR_6G008300v2	24.472698
SEVIR_6G008400v2	1.349789
SEVIR_6G008500v2	16.457934
SEVIR_6G008600v2	8.823222
SEVIR_6G008700v2	2.713373
SEVIR_6G008750v2	8.096823
SEVIR_6G008800v2	19.195908
SEVIR_6G008900v2	0.81099
SEVIR_6G009000v2	39.46924
SEVIR_6G009100v2	10.447814
SEVIR_6G009200v2	13.679563
SEVIR_6G009300v2	11.781014
SEVIR_6G009400v2	14.286451
SEVIR_6G009500v2	62.435936
SEVIR_6G009600v2	21.959461
SEVIR_6G009700v2	77.647795
SEVIR_6G009800v2	0.080656
SEVIR_6G009900v2	150.873021
SEVIR_6G010000v2	1.895636
SEVIR_6G010100v2	0.349042
SEVIR_6G010200v2	0.401239
SEVIR_6G010275v2	0.102495
SEVIR_6G010350v2	0.53455
SEVIR_6G010500v2	9.181536
SEVIR_6G010425v2	0
SEVIR_6G010600v2	0
SEVIR_6G010700v2	0
SEVIR_6G010801v2	19.72767
SEVIR_6G010900v2	25.278432
SEVIR_6G011000v2	2.653468
SEVIR_6G011101v2	0.120254
SEVIR_6G011200v2	0.40533
SEVIR_6G011300v2	35.961713
SEVIR_6G011400v2	5.390693
SEVIR_6G011500v2	168.743773
SEVIR_6G011600v2	77.9226
SEVIR_6G011700v2	281.135723
SEVIR_6G011800v2	21.454236
SEVIR_6G011900v2	0
SEVIR_6G012000v2	0.306201
SEVIR_6G012100v2	0
SEVIR_6G012200v2	35.672531
SEVIR_6G012250v2	0
SEVIR_6G012300v2	0
SEVIR_6G012400v2	0
SEVIR_6G012450v2	0
SEVIR_6G012500v2	83.551369
SEVIR_6G012600v2	0
SEVIR_6G012550v2	0
SEVIR_6G012700v2	0
SEVIR_6G012775v2	10.451672
SEVIR_6G012850v2	1.811812
SEVIR_6G012925v2	3.273012
SEVIR_6G013000v2	7.190684
SEVIR_6G013033v2	1.272287
SEVIR_6G013066v2	0.546836
SEVIR_6G013100v2	0.157962
SEVIR_6G013201v2	2.954248
SEVIR_6G013301v2	25.425941
SEVIR_6G013400v2	0
SEVIR_6G013500v2	28.983834
SEVIR_6G013600v2	111.57683
SEVIR_6G013700v2	41.194783
SEVIR_6G013800v2	122.31522
SEVIR_6G013900v2	110.722092
SEVIR_6G014001v2	0.014634
SEVIR_6G014100v2	0
SEVIR_6G014200v2	0.629475
SEVIR_6G014400v2	0
SEVIR_6G014501v2	0
SEVIR_6G014600v2	0.123233
SEVIR_6G014700v2	8.804741
SEVIR_6G014725v2	164.427365
SEVIR_6G014750v2	22.780993
SEVIR_6G014775v2	22.780993
SEVIR_6G014800v2	0.179867
SEVIR_6G014900v2	1.582698
SEVIR_6G015000v2	2.233108
SEVIR_6G015100v2	0.199329
SEVIR_6G015200v2	5.461173
SEVIR_6G015300v2	27.768563
SEVIR_6G015401v2	0.119651
SEVIR_6G015500v2	509.794993
SEVIR_6G015600v2	2.238611
SEVIR_6G015700v2	1.232046
SEVIR_6G015800v2	9.505546
SEVIR_6G015900v2	19.619524
SEVIR_6G016000v2	15.442859
SEVIR_6G016100v2	16.644436
SEVIR_6G016200v2	0
SEVIR_6G016300v2	0
SEVIR_6G016400v2	3.117969
SEVIR_6G016500v2	0.750656
SEVIR_6G016600v2	0
SEVIR_6G016700v2	0
SEVIR_6G016800v2	0
SEVIR_6G016900v2	0
SEVIR_6G017000v2	0
SEVIR_6G017100v2	0
SEVIR_6G017200v2	0
SEVIR_6G017300v2	0
SEVIR_6G017400v2	1.035022
SEVIR_6G017500v2	0
SEVIR_6G017600v2	0
SEVIR_6G017700v2	0
SEVIR_6G017800v2	0
SEVIR_6G017900v2	0
SEVIR_6G018000v2	0
SEVIR_6G018100v2	0
SEVIR_6G018200v2	0
SEVIR_6G018250v2	0
SEVIR_6G018300v2	0
SEVIR_6G018400v2	0
SEVIR_6G018500v2	0
SEVIR_6G018600v2	28.313406
SEVIR_6G018700v2	0
SEVIR_6G018800v2	0
SEVIR_6G018900v2	0
SEVIR_6G019000v2	0.310067
SEVIR_6G019100v2	0
SEVIR_6G019200v2	0
SEVIR_6G019300v2	0
SEVIR_6G019400v2	6.253142
SEVIR_6G019500v2	0
SEVIR_6G019600v2	0
SEVIR_6G019650v2	0
SEVIR_6G019700v2	1.832404
SEVIR_6G019750v2	0
SEVIR_6G019800v2	0
SEVIR_6G019900v2	1.22874
SEVIR_6G020000v2	91.554038
SEVIR_6G020100v2	1.650185
SEVIR_6G020050v2	0
SEVIR_6G020200v2	2.147478
SEVIR_6G020300v2	74.887469
SEVIR_6G020400v2	2.729646
SEVIR_6G020500v2	45.389921
SEVIR_6G020600v2	83.234794
SEVIR_6G020700v2	3.453586
SEVIR_6G020800v2	3.480937
SEVIR_6G020850v2	0.648069
SEVIR_6G020900v2	0.137216
SEVIR_6G021000v2	68.880001
SEVIR_6G021100v2	23.299268
SEVIR_6G021200v2	0.289517
SEVIR_6G021250v2	0
SEVIR_6G021300v2	0.01514
SEVIR_6G021400v2	4.50999
SEVIR_6G021500v2	0
SEVIR_6G021600v2	113.317065
SEVIR_6G021700v2	34.69223
SEVIR_6G021800v2	10.146186
SEVIR_6G021825v2	0
SEVIR_6G021850v2	12.951416
SEVIR_6G021875v2	0.100424
SEVIR_6G021900v2	0
SEVIR_6G022001v2	9.654922
SEVIR_6G022100v2	0.515338
SEVIR_6G022166v2	0.697989
SEVIR_6G022232v2	0.204484
SEVIR_6G022300v2	6.68137
SEVIR_6G022400v2	0
SEVIR_6G022500v2	1.751363
SEVIR_6G022600v2	22.017888
SEVIR_6G022700v2	12.240402
SEVIR_6G022800v2	1.215752
SEVIR_6G022900v2	0
SEVIR_6G023000v2	20.111836
SEVIR_6G023080v2	0.192668
SEVIR_6G023040v2	0
SEVIR_6G023120v2	0
SEVIR_6G023160v2	0.206609
SEVIR_6G023200v2	0
SEVIR_6G023300v2	7.140092
SEVIR_6G023400v2	5.489545
SEVIR_6G023500v2	2.697236
SEVIR_6G023600v2	2.402664
SEVIR_6G023700v2	0
SEVIR_6G023800v2	0
SEVIR_6G023900v2	171.037933
SEVIR_6G024000v2	19.707268
SEVIR_6G024101v2	0.084959
SEVIR_6G024200v2	0
SEVIR_6G024300v2	0.050227
SEVIR_6G024400v2	3.320159
SEVIR_6G024500v2	0
SEVIR_6G024600v2	0.245239
SEVIR_6G024700v2	12.056769
SEVIR_6G024800v2	2.758535
SEVIR_6G024900v2	9.55733
SEVIR_6G025000v2	0.260761
SEVIR_6G025100v2	7.791932
SEVIR_6G025200v2	1.356553
SEVIR_6G025300v2	25.981721
SEVIR_6G025400v2	0
SEVIR_6G025450v2	0
SEVIR_6G025500v2	18.671816
SEVIR_6G025600v2	0
SEVIR_6G025701v2	0
SEVIR_6G025800v2	13.413468
SEVIR_6G025900v2	0.01664
SEVIR_6G025933v2	0
SEVIR_6G025966v2	0
SEVIR_6G026000v2	11.51224
SEVIR_6G026050v2	0.083135
SEVIR_6G026100v2	0
SEVIR_6G026200v2	21.128884
SEVIR_6G026300v2	17.515171
SEVIR_6G026400v2	115.933446
SEVIR_6G026500v2	0.749756
SEVIR_6G026550v2	0
SEVIR_6G026600v2	0
SEVIR_6G026800v2	0.007515
SEVIR_6G026700v2	0
SEVIR_6G026750v2	1.390431
SEVIR_6G026801v2	0
SEVIR_6G026851v2	0.336821
SEVIR_6G026900v2	6.051586
SEVIR_6G027000v2	0.05024
SEVIR_6G027100v2	19.021559
SEVIR_6G027200v2	1187.693532
SEVIR_6G027300v2	49.03977
SEVIR_6G027350v2	0.952806
SEVIR_6G027400v2	34.488702
SEVIR_6G027500v2	14.272806
SEVIR_6G027600v2	0
SEVIR_6G027700v2	0.253792
SEVIR_6G027800v2	0
SEVIR_6G027850v2	0.045404
SEVIR_6G027900v2	2.77968
SEVIR_6G028000v2	1.226455
SEVIR_6G028050v2	0
SEVIR_6G028100v2	27.223219
SEVIR_6G028200v2	0
SEVIR_6G028300v2	0.090618
SEVIR_6G028333v2	0.781879
SEVIR_6G028366v2	0
SEVIR_6G028400v2	0.465548
SEVIR_6G028500v2	0.497343
SEVIR_6G028600v2	21.580643
SEVIR_6G028700v2	1.326396
SEVIR_6G028800v2	0.137795
SEVIR_6G028900v2	0.008092
SEVIR_6G029000v2	0.116245
SEVIR_6G029100v2	8.619531
SEVIR_6G029200v2	21.40152
SEVIR_6G029300v2	0.377292
SEVIR_6G029400v2	0.570458
SEVIR_6G029500v2	1.205227
SEVIR_6G029600v2	128.023575
SEVIR_6G029700v2	2.666346
SEVIR_6G029800v2	1.598476
SEVIR_6G029900v2	6.39281
SEVIR_6G030000v2	2.103599
SEVIR_6G030100v2	0.03392
SEVIR_6G030200v2	1.393009
SEVIR_6G030300v2	0
SEVIR_6G030400v2	0.004737
SEVIR_6G030500v2	0
SEVIR_6G030600v2	0
SEVIR_6G030700v2	0
SEVIR_6G030800v2	0.015368
SEVIR_6G030900v2	0.018837
SEVIR_6G031000v2	0
SEVIR_6G031100v2	0
SEVIR_6G031200v2	0
SEVIR_6G031300v2	0
SEVIR_6G031400v2	0
SEVIR_6G031500v2	0
SEVIR_6G031600v2	32.549447
SEVIR_6G031700v2	0
SEVIR_6G031728v2	0.072584
SEVIR_6G031756v2	0.807568
SEVIR_6G031784v2	0.372415
SEVIR_6G031812v2	35.882751
SEVIR_6G031840v2	0.04157
SEVIR_6G031868v2	0
SEVIR_6G031900v2	0
SEVIR_6G031950v2	0.926148
SEVIR_6G032001v2	0.160823
SEVIR_6G032051v2	0.386863
SEVIR_6G032100v2	0.204548
SEVIR_6G032200v2	0
SEVIR_6G032300v2	0.16665
SEVIR_6G032400v2	0
SEVIR_6G032500v2	0
SEVIR_6G032600v2	1.303741
SEVIR_6G032700v2	0
SEVIR_6G032800v2	0
SEVIR_6G032900v2	0
SEVIR_6G033000v2	0.145804
SEVIR_6G033200v2	4.97413
SEVIR_6G033214v2	0.029242
SEVIR_6G033228v2	0.883567
SEVIR_6G033242v2	0
SEVIR_6G033256v2	0.344858
SEVIR_6G033270v2	0.267029
SEVIR_6G033284v2	9.173635
SEVIR_6G033300v2	0.018161
SEVIR_6G033306v2	0.113185
SEVIR_6G033312v2	0
SEVIR_6G033318v2	0
SEVIR_6G033324v2	0.02975
SEVIR_6G033330v2	0
SEVIR_6G033336v2	0.276512
SEVIR_6G033342v2	0
SEVIR_6G033348v2	0
SEVIR_6G033354v2	10.953987
SEVIR_6G033360v2	0.083364
SEVIR_6G033366v2	0.253344
SEVIR_6G033372v2	1.982993
SEVIR_6G033378v2	0.05425
SEVIR_6G033384v2	11.980096
SEVIR_6G033390v2	0.065439
SEVIR_6G033400v2	0
SEVIR_6G033500v2	0
SEVIR_6G033600v2	310.390661
SEVIR_6G033700v2	71.393238
SEVIR_6G033800v2	0.092738
SEVIR_6G033900v2	3.046223
SEVIR_6G034000v2	6.125849
SEVIR_6G034100v2	19.611595
SEVIR_6G034200v2	95.443096
SEVIR_6G034300v2	1.095399
SEVIR_6G034400v2	140.244511
SEVIR_6G034500v2	20.81253
SEVIR_6G034600v2	0
SEVIR_6G034700v2	0
SEVIR_6G034800v2	28.248647
SEVIR_6G034850v2	5.842127
SEVIR_6G034900v2	0.052061
SEVIR_6G035000v2	169.779144
SEVIR_6G035100v2	170.783685
SEVIR_6G035200v2	3.890217
SEVIR_6G035300v2	51.595513
SEVIR_6G035400v2	0.080792
SEVIR_6G035500v2	28.024148
SEVIR_6G035533v2	34.885076
SEVIR_6G035566v2	25.556408
SEVIR_6G035600v2	27.072286
SEVIR_6G035680v2	20.131633
SEVIR_6G035760v2	11.162801
SEVIR_6G035840v2	29.249845
SEVIR_6G035920v2	67.887272
SEVIR_6G036000v2	26.615259
SEVIR_6G036100v2	23.764971
SEVIR_6G036200v2	81.811471
SEVIR_6G036250v2	4.515745
SEVIR_6G036300v2	4.633035
SEVIR_6G036400v2	0.080533
SEVIR_6G036550v2	0
SEVIR_6G036700v2	1.003189
SEVIR_6G036750v2	0.121892
SEVIR_6G036800v2	6.785036
SEVIR_6G036900v2	0
SEVIR_6G037000v2	200.561077
SEVIR_6G037100v2	5.95394
SEVIR_6G037200v2	0.081176
SEVIR_6G037300v2	21.998541
SEVIR_6G037400v2	5.334294
SEVIR_6G037500v2	0
SEVIR_6G037600v2	0.34286
SEVIR_6G037701v2	0.248751
SEVIR_6G037800v2	0.657934
SEVIR_6G037900v2	0
SEVIR_6G038000v2	0.2645
SEVIR_6G038033v2	2.174804
SEVIR_6G038066v2	4.107745
SEVIR_6G038100v2	0
SEVIR_6G038200v2	1.685053
SEVIR_6G038250v2	6.69916
SEVIR_6G038300v2	2.243418
SEVIR_6G038400v2	4.309765
SEVIR_6G038500v2	0.295116
SEVIR_6G038600v2	0
SEVIR_6G038700v2	0.814688
SEVIR_6G038801v2	1.729577
SEVIR_6G038900v2	0.13241
SEVIR_6G039000v2	0
SEVIR_6G039100v2	0.380887
SEVIR_6G039200v2	0
SEVIR_6G039300v2	2.152259
SEVIR_6G039400v2	26.412177
SEVIR_6G039500v2	48.963262
SEVIR_6G039600v2	142.909241
SEVIR_6G039800v2	10.421149
SEVIR_6G039900v2	1.322624
SEVIR_6G040000v2	0.604207
SEVIR_6G040100v2	0
SEVIR_6G040200v2	2.70628
SEVIR_6G040300v2	7.056803
SEVIR_6G040400v2	19.239753
SEVIR_6G040500v2	1.333097
SEVIR_6G040600v2	0
SEVIR_6G040700v2	28.162068
SEVIR_6G040800v2	0
SEVIR_6G040900v2	9.992672
SEVIR_6G041000v2	0.125181
SEVIR_6G041060v2	4.538353
SEVIR_6G041120v2	3.830308
SEVIR_6G041180v2	0.049963
SEVIR_6G041240v2	3.059247
SEVIR_6G041300v2	64.845479
SEVIR_6G041350v2	2.183453
SEVIR_6G041400v2	0.087806
SEVIR_6G041501v2	0.110877
SEVIR_6G041600v2	0.324291
SEVIR_6G041700v2	0.021846
SEVIR_6G041800v2	0.487966
SEVIR_6G041900v2	0.234624
SEVIR_6G042000v2	2.860451
SEVIR_6G042050v2	0
SEVIR_6G042100v2	17.602559
SEVIR_6G042200v2	4.18653
SEVIR_6G042300v2	0.437895
SEVIR_6G042400v2	0.665899
SEVIR_6G042450v2	0.196953
SEVIR_6G042500v2	49.859205
SEVIR_6G042600v2	0
SEVIR_6G042700v2	0
SEVIR_6G042800v2	0
SEVIR_6G042850v2	0.299391
SEVIR_6G042900v2	1.767109
SEVIR_6G043000v2	18.487415
SEVIR_6G043100v2	2.278236
SEVIR_6G043200v2	25.264063
SEVIR_6G043400v2	13.535286
SEVIR_6G043500v2	1.051583
SEVIR_6G043600v2	0.029066
SEVIR_6G043700v2	0
SEVIR_6G043800v2	0.983721
SEVIR_6G043900v2	3.460038
SEVIR_6G044000v2	1.939259
SEVIR_6G044100v2	1.038502
SEVIR_6G044200v2	0.81366
SEVIR_6G044300v2	0.797641
SEVIR_6G044400v2	0
SEVIR_6G044466v2	0.454664
SEVIR_6G044532v2	0.246961
SEVIR_6G044600v2	123.12633
SEVIR_6G044700v2	0.042712
SEVIR_6G044800v2	0
SEVIR_6G044900v2	15.31703
SEVIR_6G045000v2	20.642527
SEVIR_6G045200v2	17.974019
SEVIR_6G045100v2	0
SEVIR_6G045300v2	3.75958
SEVIR_6G045400v2	77.519086
SEVIR_6G045500v2	0.300268
SEVIR_6G045600v2	0
SEVIR_6G045700v2	0.017452
SEVIR_6G045800v2	0
SEVIR_6G045900v2	4.344787
SEVIR_6G046000v2	0.029062
SEVIR_6G046100v2	0
SEVIR_6G046200v2	0.036567
SEVIR_6G046300v2	0.021234
SEVIR_6G046400v2	0.149518
SEVIR_6G046500v2	0.261636
SEVIR_6G046600v2	2.991263
SEVIR_6G046700v2	4.838913
SEVIR_6G046800v2	54.009711
SEVIR_6G046833v2	10.953987
SEVIR_6G046866v2	0
SEVIR_6G046900v2	2.595615
SEVIR_6G047000v2	0.245563
SEVIR_6G047100v2	55.756695
SEVIR_6G047200v2	0
SEVIR_6G047300v2	1.294269
SEVIR_6G047400v2	21.236882
SEVIR_6G047500v2	136.8263
SEVIR_6G047600v2	1149.194414
SEVIR_6G047700v2	0.121711
SEVIR_6G047800v2	30.161019
SEVIR_6G047900v2	17.033579
SEVIR_6G047950v2	0.339093
SEVIR_6G048000v2	160.292593
SEVIR_6G048100v2	28.091838
SEVIR_6G048200v2	6.113018
SEVIR_6G048300v2	0.16119
SEVIR_6G048400v2	0.040232
SEVIR_6G048500v2	19.529203
SEVIR_6G048600v2	2.638143
SEVIR_6G048700v2	1.091881
SEVIR_6G048800v2	73.457898
SEVIR_6G048900v2	0
SEVIR_6G049000v2	0.053699
SEVIR_6G049100v2	17.834333
SEVIR_6G049200v2	10.670507
SEVIR_6G049300v2	0.039929
SEVIR_6G049400v2	0
SEVIR_6G049500v2	261.40822
SEVIR_6G049600v2	0.241124
SEVIR_6G049700v2	4.886354
SEVIR_6G049800v2	0.060114
SEVIR_6G049850v2	0
SEVIR_6G049900v2	44.052906
SEVIR_6G050000v2	0.042842
SEVIR_6G050100v2	0
SEVIR_6G050150v2	0.018825
SEVIR_6G050200v2	0
SEVIR_6G050300v2	12.150032
SEVIR_6G050400v2	21.530254
SEVIR_6G050500v2	7.215876
SEVIR_6G050600v2	9.991985
SEVIR_6G050700v2	1.555768
SEVIR_6G050800v2	49.664406
SEVIR_6G050850v2	0.888161
SEVIR_6G050900v2	17.668738
SEVIR_6G051000v2	0.723463
SEVIR_6G051100v2	7.6911
SEVIR_6G051200v2	0.0415
SEVIR_6G051250v2	0
SEVIR_6G051300v2	0
SEVIR_6G051350v2	23.620196
SEVIR_6G051400v2	11.231867
SEVIR_6G051450v2	50.997476
SEVIR_6G051500v2	6.530691
SEVIR_6G051550v2	0
SEVIR_6G051601v2	5.674392
SEVIR_6G051651v2	3.170517
SEVIR_6G051700v2	0
SEVIR_6G051750v2	0
SEVIR_6G051800v2	0
SEVIR_6G051900v2	0.843016
SEVIR_6G052000v2	0.204662
SEVIR_6G052050v2	1.204416
SEVIR_6G052100v2	0.13716
SEVIR_6G052200v2	33.299966
SEVIR_6G052300v2	0.102917
SEVIR_6G052400v2	0.112156
SEVIR_6G052500v2	0.421628
SEVIR_6G052600v2	0
SEVIR_6G052700v2	0.331383
SEVIR_6G052800v2	61.985287
SEVIR_6G052900v2	5.511991
SEVIR_6G053000v2	5.300672
SEVIR_6G053050v2	1.055069
SEVIR_6G053100v2	39.847422
SEVIR_6G053200v2	0
SEVIR_6G053300v2	558.237767
SEVIR_6G053400v2	0
SEVIR_6G053500v2	0
SEVIR_6G053600v2	0
SEVIR_6G053700v2	0
SEVIR_6G053800v2	0
SEVIR_6G053900v2	7.205107
SEVIR_6G054000v2	0
SEVIR_6G054100v2	22.146596
SEVIR_6G054133v2	10.001467
SEVIR_6G054166v2	0
SEVIR_6G054200v2	0.82884
SEVIR_6G054300v2	15.141289
SEVIR_6G054366v2	0
SEVIR_6G054432v2	0
SEVIR_6G054500v2	0
SEVIR_6G054600v2	842.142744
SEVIR_6G054700v2	45.132282
SEVIR_6G054800v2	50.615439
SEVIR_6G054900v2	9.288517
SEVIR_6G055000v2	36.049939
SEVIR_6G055100v2	3.81853
SEVIR_6G055200v2	0
SEVIR_6G055300v2	0
SEVIR_6G055400v2	0
SEVIR_6G055500v2	0
SEVIR_6G055600v2	0
SEVIR_6G055700v2	38.929244
SEVIR_6G055800v2	22.993891
SEVIR_6G055850v2	0.752813
SEVIR_6G055900v2	62.689966
SEVIR_6G056000v2	36.127885
SEVIR_6G056100v2	0
SEVIR_6G056200v2	0
SEVIR_6G056300v2	10.606509
SEVIR_6G056350v2	39.351805
SEVIR_6G056401v2	11.052789
SEVIR_6G056451v2	0
SEVIR_6G056500v2	25.73806
SEVIR_6G056600v2	51.418709
SEVIR_6G056700v2	50.235518
SEVIR_6G056800v2	0.145549
SEVIR_6G056900v2	4.922533
SEVIR_6G057000v2	0
SEVIR_6G057100v2	2.430176
SEVIR_6G057200v2	1.621256
SEVIR_6G057300v2	3.192143
SEVIR_6G057400v2	19.446876
SEVIR_6G057500v2	0
SEVIR_6G057600v2	68.124552
SEVIR_6G057700v2	9.842302
SEVIR_6G057800v2	0.048411
SEVIR_6G057900v2	0.00925
SEVIR_6G058000v2	10.216913
SEVIR_6G058050v2	37.917648
SEVIR_6G058100v2	66.434396
SEVIR_6G058200v2	19.700439
SEVIR_6G058300v2	12.828892
SEVIR_6G058350v2	0.407772
SEVIR_6G058400v2	0
SEVIR_6G058500v2	0.163521
SEVIR_6G058600v2	10.204786
SEVIR_6G058700v2	0
SEVIR_6G058800v2	0
SEVIR_6G059000v2	0
SEVIR_6G059100v2	0
SEVIR_6G059200v2	1.779005
SEVIR_6G059300v2	0
SEVIR_6G059400v2	0.017363
SEVIR_6G059500v2	0.046545
SEVIR_6G059600v2	0
SEVIR_6G059700v2	0
SEVIR_6G059800v2	9.193981
SEVIR_6G059900v2	2.373922
SEVIR_6G060000v2	0.881786
SEVIR_6G060100v2	0
SEVIR_6G060200v2	0.055885
SEVIR_6G060300v2	150.929244
SEVIR_6G060400v2	4.414754
SEVIR_6G060500v2	35.416268
SEVIR_6G060601v2	2.236609
SEVIR_6G060700v2	335.864224
SEVIR_6G060800v2	9.42955
SEVIR_6G060900v2	23.627819
SEVIR_6G061000v2	37.767639
SEVIR_6G061100v2	0
SEVIR_6G061200v2	0.055324
SEVIR_6G061300v2	0
SEVIR_6G061400v2	0
SEVIR_6G061500v2	0
SEVIR_6G061600v2	5.036835
SEVIR_6G061700v2	2.374031
SEVIR_6G061800v2	22.042653
SEVIR_6G061900v2	0.461124
SEVIR_6G062001v2	0.47897
SEVIR_6G062100v2	0
SEVIR_6G062200v2	0.02756
SEVIR_6G062300v2	0.074347
SEVIR_6G062400v2	3.131734
SEVIR_6G062500v2	11.590013
SEVIR_6G062700v2	0
SEVIR_6G062800v2	0
SEVIR_6G062900v2	0.754996
SEVIR_6G063000v2	0
SEVIR_6G063100v2	0
SEVIR_6G063200v2	23.570396
SEVIR_6G063300v2	0
SEVIR_6G063350v2	16.570995
SEVIR_6G063400v2	74.181487
SEVIR_6G063500v2	6.511247
SEVIR_6G063600v2	0.108706
SEVIR_6G063640v2	1.503563
SEVIR_6G063680v2	0.622425
SEVIR_6G063720v2	0.69181
SEVIR_6G063760v2	0.124273
SEVIR_6G063800v2	0.407887
SEVIR_6G063700v2	0
SEVIR_6G064000v2	32.179392
SEVIR_6G064100v2	10.937902
SEVIR_6G064200v2	0.634422
SEVIR_6G064300v2	14.461336
SEVIR_6G064400v2	5.47131
SEVIR_6G064500v2	0
SEVIR_6G064550v2	0
SEVIR_6G064600v2	0
SEVIR_6G064700v2	0
SEVIR_6G064750v2	4.275488
SEVIR_6G064800v2	0
SEVIR_6G064900v2	0
SEVIR_6G065000v2	0
SEVIR_6G065100v2	0
SEVIR_6G065200v2	0
SEVIR_6G065300v2	0.24981
SEVIR_6G065400v2	0
SEVIR_6G065500v2	0
SEVIR_6G065600v2	0
SEVIR_6G065800v2	0
SEVIR_6G065825v2	0
SEVIR_6G065850v2	0.487666
SEVIR_6G065875v2	0
SEVIR_6G065900v2	0
SEVIR_6G066000v2	74.337822
SEVIR_6G066100v2	85.414393
SEVIR_6G066150v2	1.355561
SEVIR_6G066200v2	3.652708
SEVIR_6G066300v2	6.853901
SEVIR_6G066500v2	0.051224
SEVIR_6G066600v2	0.125171
SEVIR_6G066700v2	0
SEVIR_6G066800v2	0
SEVIR_6G066900v2	0
SEVIR_6G067001v2	0
SEVIR_6G067100v2	0.022312
SEVIR_6G067200v2	1.423426
SEVIR_6G067300v2	8.967392
SEVIR_6G067350v2	0
SEVIR_6G067400v2	6.483186
SEVIR_6G067500v2	0.788006
SEVIR_6G067600v2	8.967092
SEVIR_6G067700v2	116.768223
SEVIR_6G067800v2	0.504116
SEVIR_6G067900v2	0.311799
SEVIR_6G068000v2	14.910695
SEVIR_6G068100v2	23.613401
SEVIR_6G068200v2	1.319737
SEVIR_6G068300v2	85.490176
SEVIR_6G068400v2	0.307304
SEVIR_6G068500v2	0
SEVIR_6G068600v2	0
SEVIR_6G068800v2	10.008978
SEVIR_6G068900v2	5.186734
SEVIR_6G069000v2	0.0266
SEVIR_6G069100v2	0
SEVIR_6G069200v2	30.893055
SEVIR_6G069300v2	10.545387
SEVIR_6G069500v2	9.395545
SEVIR_6G069533v2	7.551813
SEVIR_6G069566v2	0
SEVIR_6G069600v2	0
SEVIR_6G069700v2	0
SEVIR_6G069800v2	3.033566
SEVIR_6G069900v2	0.39927
SEVIR_6G070000v2	0
SEVIR_6G070100v2	0
SEVIR_6G070200v2	0.017381
SEVIR_6G070300v2	0
SEVIR_6G070375v2	0.26133
SEVIR_6G070450v2	0
SEVIR_6G070525v2	0.028
SEVIR_6G070600v2	0
SEVIR_6G070750v2	0.313178
SEVIR_6G070900v2	0
SEVIR_6G071000v2	0
SEVIR_6G071100v2	0
SEVIR_6G071300v2	0.028794
SEVIR_6G071400v2	0
SEVIR_6G071500v2	0
SEVIR_6G071600v2	9.723801
SEVIR_6G071700v2	14.329459
SEVIR_6G071800v2	0.469431
SEVIR_6G071900v2	0.068545
SEVIR_6G072000v2	307.653614
SEVIR_6G072100v2	13.013366
SEVIR_6G072200v2	22.177031
SEVIR_6G072300v2	3.480078
SEVIR_6G072400v2	4.399455
SEVIR_6G072500v2	3.04352
SEVIR_6G072600v2	0.335721
SEVIR_6G072700v2	0.66165
SEVIR_6G072800v2	38.587986
SEVIR_6G072900v2	1.244803
SEVIR_6G073000v2	11.306827
SEVIR_6G073100v2	6.296096
SEVIR_6G073200v2	13.590506
SEVIR_6G073300v2	4.608087
SEVIR_6G073400v2	3.229014
SEVIR_6G073500v2	0.276281
SEVIR_6G073600v2	1.697817
SEVIR_6G073700v2	0.869258
SEVIR_6G073800v2	10.302347
SEVIR_6G073850v2	0.104539
SEVIR_6G073900v2	10.963085
SEVIR_6G073950v2	0.025834
SEVIR_6G074100v2	33.165809
SEVIR_6G074000v2	499.441461
SEVIR_6G074200v2	13.244005
SEVIR_6G074300v2	36.099093
SEVIR_6G074400v2	0.046464
SEVIR_6G074433v2	0
SEVIR_6G074466v2	0
SEVIR_6G074500v2	14.058758
SEVIR_6G074566v2	0
SEVIR_6G074632v2	0
SEVIR_6G074700v2	18.669476
SEVIR_6G074800v2	2.558734
SEVIR_6G074900v2	0.094459
SEVIR_6G075000v2	35.170655
SEVIR_6G075100v2	0
SEVIR_6G075200v2	2.34969
SEVIR_6G075300v2	0.072249
SEVIR_6G075400v2	0
SEVIR_6G075500v2	0
SEVIR_6G075600v2	12.937152
SEVIR_6G075700v2	111.661548
SEVIR_6G075800v2	0
SEVIR_6G076100v2	0
SEVIR_6G076175v2	0.381701
SEVIR_6G076250v2	13.597028
SEVIR_6G076325v2	18.156607
SEVIR_6G076400v2	5.673152
SEVIR_6G076500v2	61.689751
SEVIR_6G076600v2	0
SEVIR_6G076700v2	51.535966
SEVIR_6G076750v2	3.651329
SEVIR_6G076800v2	0.432394
SEVIR_6G076900v2	0.191135
SEVIR_6G077000v2	0
SEVIR_6G077100v2	0.056611
SEVIR_6G077200v2	0
SEVIR_6G077300v2	0
SEVIR_6G077400v2	0
SEVIR_6G077500v2	16.261955
SEVIR_6G077600v2	33.778047
SEVIR_6G077800v2	2.158848
SEVIR_6G077900v2	14.275454
SEVIR_6G078000v2	101.479376
SEVIR_6G078100v2	32.564188
SEVIR_6G078200v2	130.581066
SEVIR_6G078300v2	27.977882
SEVIR_6G078350v2	0
SEVIR_6G078400v2	5.728633
SEVIR_6G078500v2	3.213334
SEVIR_6G078600v2	2.657976
SEVIR_6G078675v2	3.838413
SEVIR_6G078750v2	3.248241
SEVIR_6G078825v2	0.111717
SEVIR_6G078900v2	0
SEVIR_6G079000v2	125.614892
SEVIR_6G079100v2	1.584238
SEVIR_6G079200v2	0.017396
SEVIR_6G079250v2	0.027335
SEVIR_6G079300v2	0.041091
SEVIR_6G079350v2	0.566183
SEVIR_6G079400v2	5.540212
SEVIR_6G079500v2	0.221258
SEVIR_6G079600v2	0
SEVIR_6G079700v2	0
SEVIR_6G079800v2	1453.091577
SEVIR_6G079900v2	0.321977
SEVIR_6G080050v2	1.420393
SEVIR_6G080200v2	0
SEVIR_6G080300v2	0.035511
SEVIR_6G080400v2	0
SEVIR_6G080500v2	94.520513
SEVIR_6G080550v2	0.02354
SEVIR_6G080600v2	22.683001
SEVIR_6G080700v2	0.812433
SEVIR_6G080800v2	20.165295
SEVIR_6G080900v2	17.522582
SEVIR_6G081000v2	7.6032
SEVIR_6G081100v2	0
SEVIR_6G081200v2	0
SEVIR_6G081300v2	0
SEVIR_6G081350v2	0.060724
SEVIR_6G081400v2	47.910871
SEVIR_6G081500v2	0
SEVIR_6G081600v2	82.890605
SEVIR_6G081700v2	3.70302
SEVIR_6G081800v2	215.164286
SEVIR_6G081901v2	1.955602
SEVIR_6G082000v2	1.024542
SEVIR_6G082100v2	5.29346
SEVIR_6G082200v2	0.990454
SEVIR_6G082300v2	2.079722
SEVIR_6G082400v2	34.06106
SEVIR_6G082500v2	24.0674
SEVIR_6G082600v2	0
SEVIR_6G082700v2	0
SEVIR_6G082800v2	0
SEVIR_6G082900v2	0.333572
SEVIR_6G083000v2	1.807546
SEVIR_6G083100v2	0.08417
SEVIR_6G083200v2	4.300278
SEVIR_6G083300v2	0.432143
SEVIR_6G083400v2	0.558388
SEVIR_6G083500v2	6.902307
SEVIR_6G083600v2	0.104771
SEVIR_6G083700v2	23.437817
SEVIR_6G083800v2	41.783501
SEVIR_6G083900v2	51.977334
SEVIR_6G084000v2	14.075825
SEVIR_6G084100v2	0
SEVIR_6G084200v2	0
SEVIR_6G084250v2	11.192193
SEVIR_6G084300v2	2.850582
SEVIR_6G084400v2	90.789998
SEVIR_6G084500v2	906.631255
SEVIR_6G084600v2	83.192587
SEVIR_6G084700v2	3.219759
SEVIR_6G084800v2	3.233795
SEVIR_6G084900v2	18.154395
SEVIR_6G085000v2	13.560881
SEVIR_6G085100v2	1286.748935
SEVIR_6G085200v2	81.733129
SEVIR_6G085250v2	0.594676
SEVIR_6G085300v2	368.612177
SEVIR_6G085350v2	0
SEVIR_6G085400v2	0
SEVIR_6G085500v2	0
SEVIR_6G085600v2	0.03416
SEVIR_6G085750v2	7.949446
SEVIR_6G085900v2	4.748576
SEVIR_6G086000v2	0
SEVIR_6G086020v2	0
SEVIR_6G086040v2	0
SEVIR_6G086060v2	0
SEVIR_6G086080v2	0
SEVIR_6G086100v2	7.492108
SEVIR_6G086133v2	4.481177
SEVIR_6G086166v2	2.577409
SEVIR_6G086200v2	13.24288
SEVIR_6G086301v2	0
SEVIR_6G086400v2	0.145605
SEVIR_6G086500v2	5.432699
SEVIR_6G086600v2	122.51168
SEVIR_6G086700v2	2.715782
SEVIR_6G086800v2	0
SEVIR_6G086900v2	4.594308
SEVIR_6G087000v2	0
SEVIR_6G087200v2	0.26623
SEVIR_6G087300v2	1.99205
SEVIR_6G087400v2	12.87597
SEVIR_6G087500v2	0
SEVIR_6G087550v2	3.709061
SEVIR_6G087600v2	2.6269
SEVIR_6G087650v2	0.329003
SEVIR_6G087700v2	0
SEVIR_6G087800v2	0
SEVIR_6G087900v2	0
SEVIR_6G088000v2	0
SEVIR_6G088100v2	0
SEVIR_6G088200v2	0
SEVIR_6G088301v2	6.064547
SEVIR_6G088400v2	0.130775
SEVIR_6G088500v2	2.251654
SEVIR_6G088550v2	0
SEVIR_6G088600v2	3.693745
SEVIR_6G088650v2	0.782428
SEVIR_6G088700v2	17.273595
SEVIR_6G088800v2	2.188974
SEVIR_6G088900v2	6.300166
SEVIR_6G089000v2	10.66351
SEVIR_6G089100v2	427.655162
SEVIR_6G089200v2	435.311169
SEVIR_6G089300v2	0
SEVIR_6G089400v2	0
SEVIR_6G089500v2	0.053142
SEVIR_6G089550v2	0.105932
SEVIR_6G089600v2	5.47754
SEVIR_6G089700v2	0
SEVIR_6G089800v2	1.703954
SEVIR_6G089900v2	24.244073
SEVIR_6G090000v2	0.347023
SEVIR_6G090100v2	0
SEVIR_6G090200v2	2.941229
SEVIR_6G090300v2	30.837118
SEVIR_6G090400v2	31.353004
SEVIR_6G090500v2	0
SEVIR_6G090600v2	0
SEVIR_6G090700v2	13.531059
SEVIR_6G090800v2	55.692371
SEVIR_6G090900v2	15.106573
SEVIR_6G091000v2	35.65451
SEVIR_6G091100v2	0.188127
SEVIR_6G091200v2	0
SEVIR_6G091300v2	0
SEVIR_6G091400v2	0
SEVIR_6G091501v2	0
SEVIR_6G091600v2	9.894832
SEVIR_6G091650v2	0.369236
SEVIR_6G091700v2	19.762651
SEVIR_6G091800v2	0
SEVIR_6G091900v2	1.094195
SEVIR_6G092000v2	0
SEVIR_6G092100v2	0.521756
SEVIR_6G092200v2	1.562553
SEVIR_6G092266v2	0
SEVIR_6G092332v2	0
SEVIR_6G092400v2	0.108897
SEVIR_6G092450v2	2.034505
SEVIR_6G092500v2	1.030585
SEVIR_6G092600v2	0
SEVIR_6G092700v2	12.402802
SEVIR_6G092800v2	0
SEVIR_6G092900v2	0
SEVIR_6G093000v2	0
SEVIR_6G093100v2	0.322277
SEVIR_6G093200v2	4.004833
SEVIR_6G093250v2	0.50452
SEVIR_6G093300v2	42.398558
SEVIR_6G093400v2	7.651567
SEVIR_6G093500v2	31.725051
SEVIR_6G093600v2	26.042076
SEVIR_6G093700v2	0.916675
SEVIR_6G093800v2	0
SEVIR_6G093900v2	6.485275
SEVIR_6G094100v2	4.570147
SEVIR_6G094200v2	0
SEVIR_6G094233v2	0.217928
SEVIR_6G094266v2	0.801341
SEVIR_6G094300v2	0
SEVIR_6G094400v2	0.089863
SEVIR_6G094500v2	0
SEVIR_6G094600v2	0.277703
SEVIR_6G094700v2	1.190316
SEVIR_6G094750v2	0.180455
SEVIR_6G094800v2	0
SEVIR_6G094900v2	0.990142
SEVIR_6G094966v2	0
SEVIR_6G095032v2	0
SEVIR_6G095100v2	0.53838
SEVIR_6G095166v2	10.993531
SEVIR_6G095232v2	0
SEVIR_6G095300v2	0
SEVIR_6G095400v2	0
SEVIR_6G095450v2	0.093033
SEVIR_6G095500v2	2.696047
SEVIR_6G097733v2	10.69439
SEVIR_6G099966v2	1.742556
SEVIR_6G102200v2	2.92435
SEVIR_6G102500v2	18.026002
SEVIR_6G102600v2	12.971231
SEVIR_6G102666v2	1.323356
SEVIR_6G102732v2	0
SEVIR_6G102800v2	4.215023
SEVIR_6G102900v2	0
SEVIR_6G103000v2	99.480378
SEVIR_6G103100v2	0
SEVIR_6G103200v2	0.035146
SEVIR_6G103300v2	0.25799
SEVIR_6G103400v2	19.387277
SEVIR_6G103466v2	0
SEVIR_6G103532v2	0
SEVIR_6G103600v2	50.885676
SEVIR_6G103650v2	0.814012
SEVIR_6G103700v2	79.118423
SEVIR_6G103766v2	4.563692
SEVIR_6G103832v2	1.079313
SEVIR_6G103900v2	0
SEVIR_6G104000v2	0
SEVIR_6G104033v2	0
SEVIR_6G104066v2	0.098158
SEVIR_6G104100v2	0
SEVIR_6G104300v2	29.803208
SEVIR_6G104400v2	3.559102
SEVIR_6G104500v2	15.481293
SEVIR_6G104600v2	139.527117
SEVIR_6G104700v2	111.680975
SEVIR_6G104800v2	0
SEVIR_6G104900v2	21.116246
SEVIR_6G105000v2	11.726419
SEVIR_6G105100v2	0
SEVIR_6G105200v2	0
SEVIR_6G105300v2	0
SEVIR_6G105400v2	0
SEVIR_6G105450v2	3.056927
SEVIR_6G105500v2	13.950101
SEVIR_6G105550v2	0.912832
SEVIR_6G105600v2	25.844826
SEVIR_6G105800v2	0
SEVIR_6G105900v2	2.556773
SEVIR_6G106000v2	0
SEVIR_6G106200v2	0
SEVIR_6G106300v2	1.962929
SEVIR_6G106400v2	1.811708
SEVIR_6G106600v2	16.25829
SEVIR_6G106800v2	98.144126
SEVIR_6G106950v2	2.045234
SEVIR_6G107100v2	4.001141
SEVIR_6G107200v2	2.70676
SEVIR_6G107300v2	37.363923
SEVIR_6G107401v2	0.275361
SEVIR_6G107500v2	17.364359
SEVIR_6G107600v2	0.062911
SEVIR_6G107700v2	9.664741
SEVIR_6G107800v2	3.932359
SEVIR_6G107850v2	45.135773
SEVIR_6G107900v2	0.421794
SEVIR_6G107966v2	0
SEVIR_6G108032v2	0.076269
SEVIR_6G108100v2	0
SEVIR_6G108200v2	2.414319
SEVIR_6G108220v2	4.213072
SEVIR_6G108240v2	21.263622
SEVIR_6G108260v2	5.288132
SEVIR_6G108280v2	0.391264
SEVIR_6G108300v2	21.856843
SEVIR_6G108400v2	9.65362
SEVIR_6G108466v2	13.765911
SEVIR_6G108532v2	0.628717
SEVIR_6G108600v2	0
SEVIR_6G108700v2	0.064552
SEVIR_6G108800v2	10.994564
SEVIR_6G108850v2	0
SEVIR_6G108900v2	2.855985
SEVIR_6G109000v2	2.626935
SEVIR_6G109201v2	0
SEVIR_6G109400v2	15.372251
SEVIR_6G109500v2	2.910658
SEVIR_6G109450v2	0
SEVIR_6G109600v2	0.162515
SEVIR_6G109700v2	0
SEVIR_6G109900v2	22.503477
SEVIR_6G110000v2	9.251775
SEVIR_6G110100v2	3.02846
SEVIR_6G110200v2	15.227548
SEVIR_6G110300v2	2.361545
SEVIR_6G110450v2	0
SEVIR_6G110600v2	3.722588
SEVIR_6G110700v2	0.165132
SEVIR_6G110800v2	1.706979
SEVIR_6G110900v2	0
SEVIR_6G111000v2	116.79955
SEVIR_6G111100v2	0.100906
SEVIR_6G111200v2	38.74839
SEVIR_6G111300v2	2.65508
SEVIR_6G111400v2	4.145089
SEVIR_6G111500v2	0.197528
SEVIR_6G111600v2	1.003759
SEVIR_6G111700v2	19.498528
SEVIR_6G111800v2	10.825372
SEVIR_6G111850v2	11.985172
SEVIR_6G111900v2	2.623753
SEVIR_6G112000v2	0
SEVIR_6G112150v2	0
SEVIR_6G112300v2	3.539197
SEVIR_6G112400v2	0.054581
SEVIR_6G112601v2	0
SEVIR_6G112800v2	0.425176
SEVIR_6G112880v2	0
SEVIR_6G112960v2	0
SEVIR_6G113040v2	0.401678
SEVIR_6G113120v2	0
SEVIR_6G113200v2	0
SEVIR_6G113300v2	0.220465
SEVIR_6G113400v2	0
SEVIR_6G113500v2	83.516577
SEVIR_6G113600v2	0.634645
SEVIR_6G113700v2	19.095002
SEVIR_6G113800v2	3.607327
SEVIR_6G113850v2	0.032823
SEVIR_6G113900v2	0.006111
SEVIR_6G114000v2	18.356527
SEVIR_6G114200v2	56.562343
SEVIR_6G114600v2	0.81897
SEVIR_6G114700v2	0.812716
SEVIR_6G114800v2	0
SEVIR_6G114875v2	0
SEVIR_6G114950v2	2.987451
SEVIR_6G115025v2	0.227303
SEVIR_6G115100v2	569.607338
SEVIR_6G115150v2	0
SEVIR_6G115200v2	0.083569
SEVIR_6G115225v2	0
SEVIR_6G115250v2	0
SEVIR_6G115275v2	0.010379
SEVIR_6G115300v2	0.843921
SEVIR_6G115400v2	0
SEVIR_6G115500v2	10.672832
SEVIR_6G115600v2	0.142162
SEVIR_6G115650v2	38.338955
SEVIR_6G115700v2	56.140041
SEVIR_6G115750v2	3.543257
SEVIR_6G115800v2	41.476316
SEVIR_6G115900v2	0.833418
SEVIR_6G115950v2	0
SEVIR_6G116000v2	4.532648
SEVIR_6G116100v2	0.979782
SEVIR_6G116200v2	0
SEVIR_6G116300v2	0
SEVIR_6G116400v2	0
SEVIR_6G116600v2	0
SEVIR_6G116700v2	6.832148
SEVIR_6G116766v2	36.61657
SEVIR_6G116832v2	1.355945
SEVIR_6G116900v2	22.228499
SEVIR_6G117000v2	0.409365
SEVIR_6G117100v2	0.235008
SEVIR_6G117200v2	0
SEVIR_6G117300v2	29.008653
SEVIR_6G117366v2	0.842614
SEVIR_6G117432v2	2.291067
SEVIR_6G117500v2	158.922467
SEVIR_6G117600v2	10.097954
SEVIR_6G117700v2	0
SEVIR_6G117800v2	0.111388
SEVIR_6G117900v2	1.964713
SEVIR_6G118000v2	0.024158
SEVIR_6G118100v2	0
SEVIR_6G118300v2	25.1863
SEVIR_6G118400v2	8.982603
SEVIR_6G118500v2	0.327025
SEVIR_6G118600v2	10.700058
SEVIR_6G118650v2	5.443526
SEVIR_6G118700v2	1.129261
SEVIR_6G118900v2	3.844112
SEVIR_6G119000v2	2.951842
SEVIR_6G119075v2	2.377937
SEVIR_6G119150v2	0.558855
SEVIR_6G119225v2	1.026936
SEVIR_6G119300v2	6.27964
SEVIR_6G119400v2	24.569517
SEVIR_6G119450v2	2.762602
SEVIR_6G119500v2	0
SEVIR_6G119600v2	42.303215
SEVIR_6G119700v2	3.303071
SEVIR_6G119800v2	0
SEVIR_6G119900v2	14.077958
SEVIR_6G120000v2	13.524181
SEVIR_6G120025v2	0.823513
SEVIR_6G120050v2	0
SEVIR_6G120075v2	32.217178
SEVIR_6G120100v2	16.026079
SEVIR_6G120200v2	15.648553
SEVIR_6G120300v2	0.308197
SEVIR_6G120400v2	47.26789
SEVIR_6G120500v2	0.029859
SEVIR_6G120600v2	41.903226
SEVIR_6G120700v2	0
SEVIR_6G120800v2	127.173903
SEVIR_6G124775v2	0.128243
SEVIR_6G128750v2	13.215802
SEVIR_6G132725v2	0
SEVIR_6G136700v2	0
SEVIR_6G136600v2	5.041578
SEVIR_6G136500v2	0.564635
SEVIR_6G136400v2	0.046773
SEVIR_6G136454v2	0.010007
SEVIR_6G136508v2	0
SEVIR_6G121200v2	18.576823
SEVIR_6G121300v2	0.029048
SEVIR_6G121400v2	12.734067
SEVIR_6G121454v2	19.288543
SEVIR_6G121500v2	76.415097
SEVIR_6G121554v2	2.143228
SEVIR_6G121600v2	65.24776
SEVIR_6G121700v2	0
SEVIR_6G121754v2	0
SEVIR_6G121800v2	0
SEVIR_6G121854v2	4.107745
SEVIR_6G122000v2	17.871335
SEVIR_6G122054v2	0
SEVIR_6G122100v2	0.949499
SEVIR_6G122200v2	4.389819
SEVIR_6G122300v2	8.20227
SEVIR_6G122400v2	4.111848
SEVIR_6G122500v2	51.053913
SEVIR_6G122600v2	0
SEVIR_6G122900v2	11.008089
SEVIR_6G123000v2	0.95086
SEVIR_6G123100v2	0.1607
SEVIR_6G123200v2	59.237844
SEVIR_6G123300v2	38.115172
SEVIR_6G123400v2	0.179335
SEVIR_6G123600v2	0
SEVIR_6G123700v2	6.20402
SEVIR_6G123800v2	31.327023
SEVIR_6G123900v2	0.233224
SEVIR_6G124200v2	0
SEVIR_6G124300v2	0.032056
SEVIR_6G124400v2	52.580675
SEVIR_6G124454v2	0
SEVIR_6G124500v2	3.770149
SEVIR_6G124600v2	9.239396
SEVIR_6G124700v2	0.634547
SEVIR_6G124800v2	0
SEVIR_6G124900v2	0
SEVIR_6G125000v2	0
SEVIR_6G125100v2	0
SEVIR_6G125200v2	0
SEVIR_6G125300v2	0
SEVIR_6G125400v2	0.020135
SEVIR_6G125354v2	0
SEVIR_6G125454v2	1.212157
SEVIR_6G125500v2	0
SEVIR_6G125554v2	0
SEVIR_6G125608v2	0
SEVIR_6G125600v2	29.196004
SEVIR_6G125700v2	0
SEVIR_6G125800v2	0
SEVIR_6G125900v2	7.602081
SEVIR_6G126000v2	20.815247
SEVIR_6G126100v2	23.568886
SEVIR_6G126200v2	44.795691
SEVIR_6G126300v2	97.826412
SEVIR_6G126400v2	12.845634
SEVIR_6G126500v2	14.180622
SEVIR_6G126600v2	23.747967
SEVIR_6G126700v2	4.918358
SEVIR_6G126800v2	0.208392
SEVIR_6G126854v2	0.200199
SEVIR_6G127000v2	0
SEVIR_6G127100v2	0.373914
SEVIR_6G127200v2	1.980688
SEVIR_6G127300v2	0.284215
SEVIR_6G127400v2	18.060514
SEVIR_6G127500v2	1.769901
SEVIR_6G127554v2	0
SEVIR_6G127608v2	32.046916
SEVIR_6G127700v2	0
SEVIR_6G127800v2	0.199886
SEVIR_6G127900v2	37.951353
SEVIR_6G128000v2	0
SEVIR_6G128100v2	0
SEVIR_6G128300v2	0
SEVIR_6G128454v2	2.693379
SEVIR_6G128400v2	1.37887
SEVIR_6G128500v2	32.818628
SEVIR_6G128600v2	46.729092
SEVIR_6G128700v2	0
SEVIR_6G128800v2	0
SEVIR_6G128854v2	0
SEVIR_6G128908v2	0
SEVIR_6G129000v2	0
SEVIR_6G129100v2	3.486252
SEVIR_6G129200v2	0
SEVIR_6G129300v2	0.847234
SEVIR_6G129354v2	2.238661
SEVIR_6G129408v2	1.248786
SEVIR_6G129462v2	13.639004
SEVIR_6G129516v2	0
SEVIR_6G129570v2	0
SEVIR_6G129624v2	0
SEVIR_6G129400v2	0.409636
SEVIR_6G129600v2	0
SEVIR_6G129700v2	41.368643
SEVIR_6G129800v2	0.583809
SEVIR_6G129900v2	0.666763
SEVIR_6G130000v2	0
SEVIR_6G130100v2	34.427963
SEVIR_6G130154v2	0
SEVIR_6G130200v2	0.588993
SEVIR_6G130254v2	29.060272
SEVIR_6G130300v2	34.434851
SEVIR_6G130400v2	21.790927
SEVIR_6G130500v2	14.463975
SEVIR_6G130600v2	53.789346
SEVIR_6G130700v2	0.010259
SEVIR_6G130800v2	0.022002
SEVIR_6G130900v2	1.232696
SEVIR_6G131000v2	0
SEVIR_6G131100v2	7.879126
SEVIR_6G131200v2	0
SEVIR_6G131300v2	0
SEVIR_6G131400v2	0
SEVIR_6G131500v2	7.471825
SEVIR_6G131600v2	0.966657
SEVIR_6G131700v2	6.074056
SEVIR_6G131800v2	0.399338
SEVIR_6G131900v2	7.186768
SEVIR_6G132100v2	0.991718
SEVIR_6G132200v2	0
SEVIR_6G132300v2	10.119152
SEVIR_6G132354v2	0
SEVIR_6G132500v2	30.835156
SEVIR_6G132600v2	0
SEVIR_6G132700v2	0
SEVIR_6G132800v2	0
SEVIR_6G133000v2	82.509785
SEVIR_6G133100v2	0.063204
SEVIR_6G133200v2	7.337008
SEVIR_6G133300v2	0.864788
SEVIR_6G133400v2	0
SEVIR_6G133500v2	0
SEVIR_6G133554v2	0
SEVIR_6G133608v2	0
SEVIR_6G133600v2	3.347052
SEVIR_6G133700v2	2.190511
SEVIR_6G133800v2	5.547986
SEVIR_6G133900v2	10.760137
SEVIR_6G134000v2	9.172888
SEVIR_6G134100v2	0
SEVIR_6G134200v2	709.03928
SEVIR_6G134300v2	0.095033
SEVIR_6G134400v2	5.046627
SEVIR_6G134500v2	0
SEVIR_6G134600v2	0
SEVIR_6G134700v2	4.624919
SEVIR_6G134800v2	3.545915
SEVIR_6G134900v2	1.14268
SEVIR_6G135000v2	0
SEVIR_6G135100v2	0
SEVIR_6G135200v2	3.999157
SEVIR_6G135300v2	90.250591
SEVIR_6G135400v2	7.551499
SEVIR_6G135454v2	1.073979
SEVIR_6G135508v2	0.131279
SEVIR_6G135562v2	0.114469
SEVIR_6G135700v2	15.825591
SEVIR_6G135800v2	7.369177
SEVIR_6G135900v2	0
SEVIR_6G136000v2	2.307244
SEVIR_6G136108v2	1.171838
SEVIR_6G136054v2	0
SEVIR_6G136200v2	1.689475
SEVIR_6G136300v2	667.170788
SEVIR_6G138300v2	4.700369
SEVIR_6G138200v2	10.469223
SEVIR_6G138100v2	0.288144
SEVIR_6G138000v2	1.089092
SEVIR_6G138116v2	0
SEVIR_6G137900v2	14.19584
SEVIR_6G137800v2	25.111114
SEVIR_6G137700v2	0
SEVIR_6G137600v2	3.209053
SEVIR_6G137500v2	0
SEVIR_6G137400v2	0
SEVIR_6G137300v2	5.109546
SEVIR_6G137200v2	24.051049
SEVIR_6G137316v2	9.268758
SEVIR_6G137100v2	4.651112
SEVIR_6G137000v2	2.281452
SEVIR_6G121000v2	27.291631
SEVIR_6G136800v2	0
SEVIR_6G136916v2	3.28425
SEVIR_6G137032v2	11.375993
SEVIR_6G137148v2	0.029349
SEVIR_6G138700v2	1.106185
SEVIR_6G138750v2	0.530032
SEVIR_6G138801v2	0
SEVIR_6G138851v2	0
SEVIR_6G138900v2	1.770243
SEVIR_6G139000v2	0
SEVIR_6G139101v2	4.264007
SEVIR_6G139200v2	0.912832
SEVIR_6G139300v2	1.910926
SEVIR_6G139400v2	3.477185
SEVIR_6G139500v2	10.449566
SEVIR_6G139601v2	0.842614
SEVIR_6G139700v2	0.052019
SEVIR_6G102100v2	0.420135
SEVIR_6G102000v2	4.652482
SEVIR_6G101900v2	7.770572
SEVIR_6G101700v2	0
SEVIR_6G101500v2	23.939921
SEVIR_6G101400v2	3.922062
SEVIR_6G101200v2	3.966544
SEVIR_6G101100v2	19.73829
SEVIR_6G101000v2	5.391708
SEVIR_6G100900v2	9.070848
SEVIR_6G102957v2	1.229781
SEVIR_6G100700v2	2.976168
SEVIR_6G100600v2	3.700528
SEVIR_6G100500v2	34.4627
SEVIR_6G100400v2	30.051076
SEVIR_6G100300v2	0.564557
SEVIR_6G100200v2	4.864366
SEVIR_6G100100v2	7.933671
SEVIR_6G100000v2	0.842882
SEVIR_6G102057v2	0.143153
SEVIR_6G099900v2	0.021793
SEVIR_6G101957v2	0.912832
SEVIR_6G104014v2	0.563231
SEVIR_6G099800v2	10.853757
SEVIR_6G099700v2	0
SEVIR_6G099600v2	0
SEVIR_6G099500v2	104.470274
SEVIR_6G101557v2	1.346038
SEVIR_6G099300v2	0.123989
SEVIR_6G101357v2	1.775654
SEVIR_6G103414v2	0
SEVIR_6G099200v2	0
SEVIR_6G099100v2	0
SEVIR_6G101157v2	0.612446
SEVIR_6G103214v2	0.367778
SEVIR_6G099000v2	10.50491
SEVIR_6G098900v2	6.961429
SEVIR_6G098800v2	0
SEVIR_6G098700v2	0
SEVIR_6G098600v2	42.249803
SEVIR_6G100657v2	0.782428
SEVIR_6G102714v2	12.636625
SEVIR_6G104771v2	0
SEVIR_6G098400v2	38.625025
SEVIR_6G098300v2	1.243024
SEVIR_6G098100v2	52.839858
SEVIR_6G098200v2	0
SEVIR_6G098000v2	22.645829
SEVIR_6G097900v2	0.710189
SEVIR_6G099957v2	43.486574
SEVIR_6G097600v2	0
SEVIR_6G099657v2	0.049131
SEVIR_6G097400v2	6.278259
SEVIR_6G097300v2	36.694385
SEVIR_6G097200v2	1.523012
SEVIR_6G097100v2	38.889932
SEVIR_6G097000v2	0.137763
SEVIR_6G096900v2	26.054398
SEVIR_6G096800v2	42.736028
SEVIR_6G096700v2	44.452809
SEVIR_6G096500v2	0
SEVIR_6G096400v2	0
SEVIR_6G096300v2	22.386687
SEVIR_6G098357v2	1.4625
SEVIR_6G096100v2	0.080065
SEVIR_6G096000v2	4.210007
SEVIR_6G095900v2	0.74659
SEVIR_6G095800v2	0.121711
SEVIR_6G097857v2	0
SEVIR_6G095600v2	129.693184
SEVIR_6G097657v2	3.199029
SEVIR_6G099714v2	0
SEVIR_6G140000v2	15.32734
SEVIR_6G140066v2	0
SEVIR_6G139900v2	0
SEVIR_6G139966v2	0
SEVIR_6G140200v2	0
SEVIR_6G140300v2	0.107535
SEVIR_6G140400v2	0.034811
SEVIR_6G140500v2	0.542091
SEVIR_6G140600v2	0
SEVIR_6G140633v2	0
SEVIR_6G140666v2	0
SEVIR_6G140700v2	5.362497
SEVIR_6G140750v2	0.234168
SEVIR_6G140800v2	0
SEVIR_6G140900v2	116.363157
SEVIR_6G141000v2	0
SEVIR_6G141100v2	0.087507
SEVIR_6G141300v2	0.466053
SEVIR_6G141400v2	38.041987
SEVIR_6G141500v2	38.007132
SEVIR_6G141700v2	2.312109
SEVIR_6G141800v2	0
SEVIR_6G141901v2	0.073608
SEVIR_6G142000v2	38.17163
SEVIR_6G142050v2	2.324302
SEVIR_6G142100v2	49.776157
SEVIR_6G142200v2	0.038452
SEVIR_6G142300v2	26.534325
SEVIR_6G142350v2	0
SEVIR_6G142400v2	0
SEVIR_6G142500v2	0
SEVIR_6G142600v2	0.079088
SEVIR_6G142700v2	27.682092
SEVIR_6G142800v2	0
SEVIR_6G142900v2	0.123079
SEVIR_6G143000v2	0.098385
SEVIR_6G143100v2	6.542447
SEVIR_6G143200v2	0
SEVIR_6G143300v2	0
SEVIR_6G143400v2	5.162431
SEVIR_6G143500v2	0
SEVIR_6G143600v2	0
SEVIR_6G143700v2	4.276169
SEVIR_6G143800v2	0
SEVIR_6G143900v2	13.837373
SEVIR_6G144000v2	0.371979
SEVIR_6G144100v2	11.540222
SEVIR_6G144200v2	0.836964
SEVIR_6G144300v2	0.221902
SEVIR_6G144400v2	0.081489
SEVIR_6G144500v2	0.454181
SEVIR_6G144600v2	0.565025
SEVIR_6G144700v2	0.980729
SEVIR_6G144800v2	0.135505
SEVIR_6G144900v2	26.257395
SEVIR_6G144940v2	3.449427
SEVIR_6G144980v2	0.530032
SEVIR_6G145020v2	1.241437
SEVIR_6G145060v2	2.298026
SEVIR_6G145100v2	16.67938
SEVIR_6G145200v2	1.062014
SEVIR_6G145300v2	0.098501
SEVIR_6G145400v2	0
SEVIR_6G145500v2	12.357122
SEVIR_6G145700v2	0
SEVIR_6G145800v2	0
SEVIR_6G146000v2	36.08511
SEVIR_6G146050v2	1.4288
SEVIR_6G146100v2	6.467199
SEVIR_6G146200v2	7.883437
SEVIR_6G146300v2	28.234725
SEVIR_6G146400v2	63.714328
SEVIR_6G146500v2	87.797157
SEVIR_6G146600v2	0
SEVIR_6G146700v2	23.417669
SEVIR_6G146800v2	2.355099
SEVIR_6G146950v2	0.07872
SEVIR_6G147100v2	0
SEVIR_6G147200v2	17.906931
SEVIR_6G147240v2	2.887043
SEVIR_6G147280v2	3.190974
SEVIR_6G147320v2	0.567909
SEVIR_6G147360v2	0.536382
SEVIR_6G147400v2	27.480718
SEVIR_6G147500v2	7.668135
SEVIR_6G147600v2	0.375496
SEVIR_6G147700v2	1.49497
SEVIR_6G147800v2	7.31408
SEVIR_6G147900v2	0.201382
SEVIR_6G148000v2	0
SEVIR_6G148100v2	0
SEVIR_6G148200v2	0
SEVIR_6G148300v2	48.055083
SEVIR_6G148400v2	0.141967
SEVIR_6G148500v2	167.787348
SEVIR_6G148600v2	87.323529
SEVIR_6G148700v2	11.178732
SEVIR_6G148800v2	21.761989
SEVIR_6G148900v2	0
SEVIR_6G148950v2	151.986573
SEVIR_6G149000v2	0
SEVIR_6G149100v2	0
SEVIR_6G149200v2	22.512576
SEVIR_6G149300v2	2.206382
SEVIR_6G149400v2	0.164257
SEVIR_6G149500v2	35.859109
SEVIR_6G149600v2	5.429773
SEVIR_6G149700v2	0
SEVIR_6G149800v2	11.574521
SEVIR_6G149900v2	3.550337
SEVIR_6G150000v2	2.17124
SEVIR_6G150100v2	18.034973
SEVIR_6G150200v2	21.893827
SEVIR_6G150300v2	0
SEVIR_6G150400v2	230.998475
SEVIR_6G150500v2	0.089469
SEVIR_6G150600v2	1.340495
SEVIR_6G150700v2	300.293613
SEVIR_6G150800v2	22.22215
SEVIR_6G150900v2	3.222306
SEVIR_6G151000v2	53.779171
SEVIR_6G151100v2	9.228063
SEVIR_6G151200v2	12.569072
SEVIR_6G151300v2	21.260267
SEVIR_6G151400v2	0
SEVIR_6G151500v2	0.082048
SEVIR_6G151600v2	0
SEVIR_6G151800v2	0
SEVIR_6G151900v2	0
SEVIR_6G152000v2	0
SEVIR_6G152100v2	0.121625
SEVIR_6G152200v2	0
SEVIR_6G152300v2	0
SEVIR_6G152400v2	0.030944
SEVIR_6G152450v2	0
SEVIR_6G152500v2	0
SEVIR_6G152600v2	0
SEVIR_6G152700v2	0
SEVIR_6G152800v2	0.025839
SEVIR_6G152900v2	0
SEVIR_6G153000v2	0.032904
SEVIR_6G153100v2	0
SEVIR_6G153200v2	0
SEVIR_6G153300v2	0
SEVIR_6G153400v2	0
SEVIR_6G153500v2	0
SEVIR_6G153700v2	0
SEVIR_6G153800v2	0
SEVIR_6G153901v2	0
SEVIR_6G154000v2	0.276791
SEVIR_6G154100v2	0.107809
SEVIR_6G154200v2	0
SEVIR_6G154300v2	0
SEVIR_6G154400v2	0
SEVIR_6G154501v2	0.010008
SEVIR_6G154600v2	0
SEVIR_6G154700v2	0
SEVIR_6G154800v2	0
SEVIR_6G154900v2	0
SEVIR_6G154950v2	0
SEVIR_6G155000v2	0
SEVIR_6G155100v2	35.597101
SEVIR_6G155200v2	9.354037
SEVIR_6G155300v2	12.282644
SEVIR_6G155500v2	0.626037
SEVIR_6G155600v2	0.19386
SEVIR_6G155650v2	0.075399
SEVIR_6G155700v2	0
SEVIR_6G155800v2	0
SEVIR_6G155900v2	0
SEVIR_6G156000v2	1.252007
SEVIR_6G156100v2	5.863891
SEVIR_6G156150v2	0
SEVIR_6G156200v2	0.30439
SEVIR_6G156300v2	0
SEVIR_6G156500v2	5.692465
SEVIR_6G156700v2	0
SEVIR_6G156900v2	2.965178
SEVIR_6G156800v2	16.9411
SEVIR_6G157000v2	6.794934
SEVIR_6G157100v2	42.486463
SEVIR_6G157200v2	0
SEVIR_6G157300v2	109.477301
SEVIR_6G157400v2	0.672873
SEVIR_6G157500v2	0.015343
SEVIR_6G157600v2	0
SEVIR_6G157700v2	0
SEVIR_6G157800v2	0.246782
SEVIR_6G158000v2	0.044592
SEVIR_6G158100v2	11.469722
SEVIR_6G158200v2	11.653178
SEVIR_6G158275v2	0
SEVIR_6G158350v2	0.094626
SEVIR_6G158425v2	0.050547
SEVIR_6G158500v2	2.597605
SEVIR_6G158600v2	30.480608
SEVIR_6G158700v2	45.394698
SEVIR_6G158800v2	0.170847
SEVIR_6G158850v2	0
SEVIR_6G158900v2	28.224875
SEVIR_6G159000v2	0
SEVIR_6G159100v2	4.48833
SEVIR_6G159200v2	0
SEVIR_6G159300v2	0
SEVIR_6G159400v2	0
SEVIR_6G159700v2	3.04614
SEVIR_6G159500v2	0
SEVIR_6G159601v2	0
SEVIR_6G159800v2	0.177586
SEVIR_6G159900v2	8.133175
SEVIR_6G160000v2	22.043736
SEVIR_6G160033v2	3.856368
SEVIR_6G160066v2	0
SEVIR_6G160100v2	8.451632
SEVIR_6G160200v2	0.559597
SEVIR_6G160300v2	4.126709
SEVIR_6G160400v2	0
SEVIR_6G160500v2	31.215142
SEVIR_6G160575v2	0.028477
SEVIR_6G160650v2	0
SEVIR_6G160725v2	1.194608
SEVIR_6G160800v2	27.456947
SEVIR_6G160833v2	0.195951
SEVIR_6G160866v2	0.301448
SEVIR_6G160900v2	16.975796
SEVIR_6G161000v2	0.555056
SEVIR_6G161050v2	0.093398
SEVIR_6G161100v2	7.426782
SEVIR_6G161300v2	7.838798
SEVIR_6G161400v2	10.945827
SEVIR_6G161500v2	9.926091
SEVIR_6G161550v2	12.309819
SEVIR_6G161600v2	0.596377
SEVIR_6G161700v2	0
SEVIR_6G161750v2	0
SEVIR_6G161800v2	0.112688
SEVIR_6G161900v2	152.165188
SEVIR_6G162000v2	14.013315
SEVIR_6G162100v2	27.96349
SEVIR_6G162201v2	56.146773
SEVIR_6G162300v2	0.02094
SEVIR_6G162400v2	36.556143
SEVIR_6G162500v2	2.713931
SEVIR_6G162600v2	0.060118
SEVIR_6G162700v2	71.29181
SEVIR_6G162800v2	44.714685
SEVIR_6G162833v2	4.440806
SEVIR_6G162866v2	0.912832
SEVIR_6G162900v2	8.808399
SEVIR_6G163000v2	0
SEVIR_6G163100v2	0.094646
SEVIR_6G163200v2	0
SEVIR_6G163300v2	15.289613
SEVIR_6G163400v2	6.129105
SEVIR_6G163500v2	0
SEVIR_6G163600v2	127.717536
SEVIR_6G163700v2	5.070443
SEVIR_6G163800v2	0.39932
SEVIR_6G163900v2	8.479058
SEVIR_6G164000v2	0
SEVIR_6G164100v2	0.023938
SEVIR_6G164150v2	0.938913
SEVIR_6G164200v2	0.152441
SEVIR_6G164300v2	1.21467
SEVIR_6G164401v2	0.04831
SEVIR_6G164500v2	13.60563
SEVIR_6G164600v2	27.942188
SEVIR_6G164700v2	3.255587
SEVIR_6G164800v2	0
SEVIR_6G164900v2	11.824056
SEVIR_6G165000v2	0
SEVIR_6G165050v2	1.21711
SEVIR_6G165100v2	47.166691
SEVIR_6G165200v2	7.253845
SEVIR_6G165300v2	0.009353
SEVIR_6G165400v2	61.857224
SEVIR_6G165500v2	187.35701
SEVIR_6G165600v2	0.813987
SEVIR_6G165700v2	23.583547
SEVIR_6G165800v2	3.741268
SEVIR_6G165900v2	0.48291
SEVIR_6G166000v2	0.353002
SEVIR_6G166100v2	389.279213
SEVIR_6G166200v2	0.061191
SEVIR_6G166300v2	0.334733
SEVIR_6G166400v2	0.082259
SEVIR_6G166500v2	0
SEVIR_6G166600v2	0.27094
SEVIR_6G166700v2	1.484527
SEVIR_6G166800v2	0.14324
SEVIR_6G166900v2	1.849325
SEVIR_6G167000v2	0.240821
SEVIR_6G167100v2	1.683589
SEVIR_6G167201v2	1.020669
SEVIR_6G167300v2	0
SEVIR_6G167400v2	9.744391
SEVIR_6G167450v2	1.21711
SEVIR_6G167500v2	26.284401
SEVIR_6G167600v2	43.288101
SEVIR_6G167700v2	9.050831
SEVIR_6G167800v2	0.740058
SEVIR_6G167900v2	2.476769
SEVIR_6G168000v2	0.059115
SEVIR_6G168100v2	3.983105
SEVIR_6G168200v2	0.080307
SEVIR_6G168250v2	1.17805
SEVIR_6G168300v2	78.028265
SEVIR_6G168350v2	1.263922
SEVIR_6G168400v2	3.418337
SEVIR_6G168500v2	35.211536
SEVIR_6G168600v2	51.324449
SEVIR_6G168700v2	12.867855
SEVIR_6G168800v2	13.030862
SEVIR_6G168900v2	36.603079
SEVIR_6G168950v2	36.869518
SEVIR_6G169000v2	195.151571
SEVIR_6G169100v2	134.799809
SEVIR_6G169200v2	0.880273
SEVIR_6G169250v2	0
SEVIR_6G169300v2	0.419775
SEVIR_6G169400v2	8.894837
SEVIR_6G169500v2	0.337976
SEVIR_6G169600v2	0
SEVIR_6G169650v2	0
SEVIR_6G169700v2	2.159439
SEVIR_6G169800v2	0.207437
SEVIR_6G169900v2	0.033801
SEVIR_6G170000v2	16.087241
SEVIR_6G170100v2	0.189577
SEVIR_6G170200v2	0
SEVIR_6G170400v2	51.900132
SEVIR_6G170500v2	0
SEVIR_6G170600v2	0.224836
SEVIR_6G170700v2	0
SEVIR_6G170800v2	0
SEVIR_6G170900v2	3.400919
SEVIR_6G171000v2	0.234566
SEVIR_6G171100v2	3.109202
SEVIR_6G171200v2	17.393801
SEVIR_6G171300v2	0
SEVIR_6G171400v2	13.592119
SEVIR_6G171450v2	0
SEVIR_6G171500v2	0.749757
SEVIR_6G171600v2	38.136227
SEVIR_6G171700v2	4.926675
SEVIR_6G171900v2	1.754146
SEVIR_6G171800v2	0
SEVIR_6G172000v2	2.005792
SEVIR_6G172100v2	0.763133
SEVIR_6G172200v2	0.118395
SEVIR_6G172300v2	0.212293
SEVIR_6G172400v2	1.441532
SEVIR_6G172600v2	0
SEVIR_6G172700v2	0.187681
SEVIR_6G172801v2	0
SEVIR_6G172900v2	28.915808
SEVIR_6G173000v2	91.032125
SEVIR_6G173100v2	8.790548
SEVIR_6G173300v2	41.996825
SEVIR_6G173400v2	8.337584
SEVIR_6G173500v2	0.153952
SEVIR_6G173600v2	20.873249
SEVIR_6G173700v2	8.444881
SEVIR_6G173800v2	0
SEVIR_6G173900v2	0
SEVIR_6G174000v2	0
SEVIR_6G174100v2	0
SEVIR_6G174200v2	0
SEVIR_6G174300v2	0
SEVIR_6G174400v2	0
SEVIR_6G174500v2	18.393211
SEVIR_6G174600v2	0
SEVIR_6G174700v2	50.235683
SEVIR_6G174800v2	28.458565
SEVIR_6G174900v2	0
SEVIR_6G175000v2	9.625443
SEVIR_6G175100v2	0
SEVIR_6G175200v2	0
SEVIR_6G175300v2	0
SEVIR_6G175400v2	0
SEVIR_6G175500v2	0.0929
SEVIR_6G175600v2	0.26718
SEVIR_6G175700v2	1.977859
SEVIR_6G175800v2	0
SEVIR_6G175900v2	12.715182
SEVIR_6G176000v2	0.116412
SEVIR_6G176100v2	6.143835
SEVIR_6G176200v2	2.332176
SEVIR_6G176300v2	0.556408
SEVIR_6G176400v2	41.179578
SEVIR_6G176500v2	14.495963
SEVIR_6G176600v2	23.685454
SEVIR_6G176650v2	1.930622
SEVIR_6G176701v2	0.572024
SEVIR_6G176751v2	0
SEVIR_6G176800v2	0
SEVIR_6G176900v2	0
SEVIR_6G177000v2	1.635526
SEVIR_6G177100v2	7.927974
SEVIR_6G177200v2	57.805287
SEVIR_6G177300v2	0.827544
SEVIR_6G177350v2	0
SEVIR_6G177400v2	0.324876
SEVIR_6G177500v2	0.315094
SEVIR_6G177550v2	4.663821
SEVIR_6G177600v2	0
SEVIR_6G177700v2	0.206537
SEVIR_6G177800v2	0
SEVIR_6G177900v2	0.195001
SEVIR_6G178000v2	0
SEVIR_6G178100v2	0
SEVIR_6G178200v2	0.015539
SEVIR_6G178300v2	1.080468
SEVIR_6G178500v2	6.363397
SEVIR_6G178600v2	0.026571
SEVIR_6G178700v2	13.484837
SEVIR_6G178800v2	9.757098
SEVIR_6G178900v2	11.29099
SEVIR_6G179000v2	0
SEVIR_6G179100v2	0
SEVIR_6G179200v2	5.787397
SEVIR_6G179300v2	0
SEVIR_6G179400v2	118.410116
SEVIR_6G179500v2	0.30621
SEVIR_6G179550v2	0.046257
SEVIR_6G179600v2	43.775344
SEVIR_6G179666v2	0.019091
SEVIR_6G179732v2	0.021243
SEVIR_6G179800v2	0.011533
SEVIR_6G180000v2	0
SEVIR_6G180100v2	0
SEVIR_6G180200v2	7.788499
SEVIR_6G180301v2	0
SEVIR_6G180400v2	0
SEVIR_6G180500v2	12.536016
SEVIR_6G180600v2	0
SEVIR_6G180700v2	0
SEVIR_6G180800v2	8.103757
SEVIR_6G180900v2	6.907515
SEVIR_6G181000v2	0
SEVIR_6G181100v2	38.424432
SEVIR_6G181200v2	0
SEVIR_6G181300v2	0.128367
SEVIR_6G181466v2	4.459298
SEVIR_6G181400v2	0
SEVIR_6G181532v2	0.402451
SEVIR_6G181600v2	2.270018
SEVIR_6G181700v2	4.872015
SEVIR_6G181800v2	0
SEVIR_6G181900v2	63.839971
SEVIR_6G182100v2	3.736626
SEVIR_6G182200v2	0.184337
SEVIR_6G182300v2	2.088171
SEVIR_6G182401v2	1.590629
SEVIR_6G182500v2	64.620433
SEVIR_6G182600v2	2.565871
SEVIR_6G182700v2	1.450809
SEVIR_6G182800v2	0
SEVIR_6G182900v2	3.277522
SEVIR_6G183001v2	0
SEVIR_6G183100v2	0.093911
SEVIR_6G183200v2	0
SEVIR_6G183300v2	0.934241
SEVIR_6G183400v2	114.463876
SEVIR_6G183500v2	6.406609
SEVIR_6G183566v2	0
SEVIR_6G183632v2	0.135549
SEVIR_6G183700v2	0
SEVIR_6G183800v2	0.028662
SEVIR_6G183900v2	0.317765
SEVIR_6G184000v2	0
SEVIR_6G184100v2	0
SEVIR_6G184200v2	1.98355
SEVIR_6G184300v2	6.71273
SEVIR_6G184400v2	20.470115
SEVIR_6G184500v2	18.008322
SEVIR_6G184550v2	8.132948
SEVIR_6G184600v2	18.919475
SEVIR_6G184700v2	0.258183
SEVIR_6G184801v2	3.110388
SEVIR_6G184900v2	84.843067
SEVIR_6G184933v2	0
SEVIR_6G184966v2	0.114254
SEVIR_6G185000v2	2.372468
SEVIR_6G185100v2	14.768909
SEVIR_6G185200v2	8.416603
SEVIR_6G185300v2	0
SEVIR_6G185400v2	23.755206
SEVIR_6G185500v2	0.128601
SEVIR_6G185600v2	0.309432
SEVIR_6G185701v2	4.592068
SEVIR_6G185800v2	0
SEVIR_6G185850v2	26.828585
SEVIR_6G185900v2	0
SEVIR_6G186000v2	71.153022
SEVIR_6G186100v2	19.005511
SEVIR_6G186300v2	0
SEVIR_6G186400v2	0
SEVIR_6G186450v2	44.598377
SEVIR_6G186500v2	0
SEVIR_6G186600v2	2.912949
SEVIR_6G186700v2	2.137094
SEVIR_6G186750v2	0
SEVIR_6G186800v2	2.474165
SEVIR_6G186900v2	0
SEVIR_6G187000v2	29.614083
SEVIR_6G187100v2	360.241941
SEVIR_6G187200v2	2.867582
SEVIR_6G187300v2	20.044175
SEVIR_6G187400v2	0.735846
SEVIR_6G187500v2	0.275594
SEVIR_6G187600v2	0.09642
SEVIR_6G187700v2	1.446796
SEVIR_6G187800v2	0.201724
SEVIR_6G187901v2	0.020295
SEVIR_6G188000v2	0
SEVIR_6G188050v2	0.582573
SEVIR_6G188100v2	5.776319
SEVIR_6G188200v2	0
SEVIR_6G188300v2	15.496054
SEVIR_6G188400v2	0.606201
SEVIR_6G188500v2	0.226809
SEVIR_6G188600v2	0
SEVIR_6G188700v2	16.422771
SEVIR_6G188800v2	11.816032
SEVIR_6G188900v2	1.357802
SEVIR_6G189000v2	15.652857
SEVIR_6G189100v2	0
SEVIR_6G189200v2	83.410372
SEVIR_6G189300v2	0.13005
SEVIR_6G189400v2	7.55847
SEVIR_6G189450v2	1.776322
SEVIR_6G189500v2	6.562861
SEVIR_6G189600v2	0
SEVIR_6G189700v2	0.069517
SEVIR_6G189800v2	0
SEVIR_6G189900v2	0.091673
SEVIR_6G190000v2	7.842887
SEVIR_6G190100v2	3.650821
SEVIR_6G190200v2	22.28444
SEVIR_6G190300v2	20.195885
SEVIR_6G190400v2	6.131778
SEVIR_6G190466v2	3.805066
SEVIR_6G190532v2	0.050071
SEVIR_6G190600v2	17.405923
SEVIR_6G190700v2	0.072612
SEVIR_6G190800v2	62.360484
SEVIR_6G190900v2	18.951327
SEVIR_6G191000v2	568.205003
SEVIR_6G191100v2	0
SEVIR_6G191200v2	0.529362
SEVIR_6G191300v2	15.503509
SEVIR_6G191500v2	2.569186
SEVIR_6G191600v2	0.843799
SEVIR_6G191700v2	80.44815
SEVIR_6G191801v2	0
SEVIR_6G191900v2	1.61948
SEVIR_6G192200v2	0
SEVIR_6G192300v2	11.423451
SEVIR_6G192400v2	21.083207
SEVIR_6G192500v2	0
SEVIR_6G192600v2	19.383288
SEVIR_6G192700v2	0.020711
SEVIR_6G192800v2	1.403228
SEVIR_6G192900v2	4.098271
SEVIR_6G192950v2	0.044352
SEVIR_6G193000v2	0.247275
SEVIR_6G193050v2	0
SEVIR_6G193100v2	123.45603
SEVIR_6G193200v2	2.216558
SEVIR_6G193250v2	0
SEVIR_6G193300v2	30.911242
SEVIR_6G193400v2	20.20646
SEVIR_6G193500v2	415.205753
SEVIR_6G193700v2	34.41343
SEVIR_6G193600v2	0
SEVIR_6G193800v2	17.182417
SEVIR_6G193900v2	11.453053
SEVIR_6G194000v2	37.406744
SEVIR_6G194050v2	0.098576
SEVIR_6G194100v2	0.312711
SEVIR_6G194200v2	8.529787
SEVIR_6G194300v2	0.124805
SEVIR_6G194400v2	0.756502
SEVIR_6G194500v2	6.161448
SEVIR_6G194600v2	273.922525
SEVIR_6G194700v2	1.426218
SEVIR_6G194800v2	4.540796
SEVIR_6G194900v2	1.527752
SEVIR_6G195000v2	2.552974
SEVIR_6G195050v2	0.220095
SEVIR_6G195100v2	16.253247
SEVIR_6G195300v2	23.869633
SEVIR_6G195400v2	7.742426
SEVIR_6G195501v2	0.06001
SEVIR_6G195600v2	4.099712
SEVIR_6G195700v2	0.265333
SEVIR_6G195800v2	0
SEVIR_6G195901v2	0
SEVIR_6G196000v2	0
SEVIR_6G196100v2	64.066071
SEVIR_6G196200v2	1.367137
SEVIR_6G196300v2	0.085483
SEVIR_6G196400v2	5.590686
SEVIR_6G196500v2	0
SEVIR_6G196600v2	0
SEVIR_6G196700v2	5.90965
SEVIR_6G196800v2	10.153014
SEVIR_6G196900v2	87.146837
SEVIR_6G197000v2	7.449195
SEVIR_6G197100v2	5.892943
SEVIR_6G197200v2	5.865609
SEVIR_6G197300v2	10.147615
SEVIR_6G197400v2	5.055686
SEVIR_6G197500v2	15.793555
SEVIR_6G197600v2	18.419504
SEVIR_6G197700v2	47.228714
SEVIR_6G197800v2	10.36208
SEVIR_6G197900v2	0.040854
SEVIR_6G198000v2	0
SEVIR_6G198100v2	1.583808
SEVIR_6G198200v2	0
SEVIR_6G198400v2	0.340728
SEVIR_6G198500v2	183.450918
SEVIR_6G198550v2	0.50333
SEVIR_6G198600v2	7.466809
SEVIR_6G198700v2	0
SEVIR_6G198800v2	0.122163
SEVIR_6G198900v2	0.143337
SEVIR_6G198950v2	0
SEVIR_6G199000v2	0
SEVIR_6G199100v2	25.623663
SEVIR_6G199200v2	16.2564
SEVIR_6G199300v2	13.489127
SEVIR_6G199400v2	24.274592
SEVIR_6G199500v2	0.121711
SEVIR_6G199600v2	1.330677
SEVIR_6G199700v2	0.545126
SEVIR_6G199800v2	179.229667
SEVIR_6G199900v2	0
SEVIR_6G200000v2	673.746122
SEVIR_6G200100v2	0.259683
SEVIR_6G200200v2	24.183575
SEVIR_6G200300v2	2.594365
SEVIR_6G200400v2	1.298522
SEVIR_6G200500v2	0.323934
SEVIR_6G200600v2	2.410501
SEVIR_6G200700v2	26.325631
SEVIR_6G200800v2	8.357451
SEVIR_6G200900v2	33.420589
SEVIR_6G201000v2	0
SEVIR_6G201100v2	0.486844
SEVIR_6G201200v2	0.070096
SEVIR_6G201300v2	0.074599
SEVIR_6G201400v2	0
SEVIR_6G201500v2	0
SEVIR_6G201600v2	3.137588
SEVIR_6G201700v2	0.032277
SEVIR_6G201800v2	27.796142
SEVIR_6G201900v2	11.499264
SEVIR_6G202000v2	22.300636
SEVIR_6G202100v2	3.821682
SEVIR_6G202200v2	0.593844
SEVIR_6G202300v2	6.741327
SEVIR_6G202400v2	25.88499
SEVIR_6G202500v2	0.01993
SEVIR_6G202600v2	24.678693
SEVIR_6G202650v2	0
SEVIR_6G202700v2	0.730266
SEVIR_6G202800v2	17.312795
SEVIR_6G202900v2	0
SEVIR_6G203000v2	0.369236
SEVIR_6G203100v2	0.061044
SEVIR_6G203300v2	0
SEVIR_6G203400v2	10.237202
SEVIR_6G203500v2	1.314299
SEVIR_6G203600v2	0
SEVIR_6G203700v2	11.20695
SEVIR_6G203800v2	0
SEVIR_6G203900v2	0.233064
SEVIR_6G204000v2	0
SEVIR_6G204100v2	55.835358
SEVIR_6G204200v2	5.212291
SEVIR_6G204300v2	3.815546
SEVIR_6G204400v2	15.851065
SEVIR_6G204500v2	16.430981
SEVIR_6G204600v2	19.64895
SEVIR_6G204700v2	18.331051
SEVIR_6G204800v2	3.748
SEVIR_6G204900v2	389.108506
SEVIR_6G205000v2	12.934209
SEVIR_6G205050v2	0
SEVIR_6G205100v2	170.071542
SEVIR_6G205200v2	0
SEVIR_6G205300v2	28.812659
SEVIR_6G205400v2	3.595226
SEVIR_6G205500v2	24.225771
SEVIR_6G205600v2	0
SEVIR_6G205700v2	0
SEVIR_6G205800v2	0
SEVIR_6G205900v2	0.023326
SEVIR_6G205950v2	2.220189
SEVIR_6G206000v2	1.357357
SEVIR_6G206100v2	1.643021
SEVIR_6G206200v2	5.470312
SEVIR_6G206300v2	21.410795
SEVIR_6G206400v2	0.062071
SEVIR_6G206500v2	42.913357
SEVIR_6G206600v2	36.894448
SEVIR_6G206700v2	16.410889
SEVIR_6G206800v2	55.711972
SEVIR_6G206900v2	3.725825
SEVIR_6G207000v2	0.614702
SEVIR_6G207050v2	688.094224
SEVIR_6G207100v2	0
SEVIR_6G207150v2	219.377421
SEVIR_6G207201v2	386.746375
SEVIR_6G207251v2	0
SEVIR_6G207300v2	0.029088
SEVIR_6G207400v2	0.034921
SEVIR_6G207500v2	40.912881
SEVIR_6G207600v2	0
SEVIR_6G207700v2	7.062765
SEVIR_6G207750v2	0.581482
SEVIR_6G207800v2	0.785617
SEVIR_6G207900v2	0.2533
SEVIR_6G208000v2	3.556389
SEVIR_6G208100v2	1.256268
SEVIR_6G208200v2	0.389417
SEVIR_6G208300v2	0.065355
SEVIR_6G208366v2	0
SEVIR_6G208432v2	9.33709
SEVIR_6G208500v2	0.032122
SEVIR_6G208600v2	0
SEVIR_6G208800v2	0.223465
SEVIR_6G208900v2	23.905145
SEVIR_6G209000v2	0
SEVIR_6G209100v2	0.0659
SEVIR_6G209200v2	2.488511
SEVIR_6G209300v2	0
SEVIR_6G209350v2	0.212013
SEVIR_6G209400v2	1.430857
SEVIR_6G209500v2	4.152539
SEVIR_6G209550v2	0.057844
SEVIR_6G209600v2	15.715539
SEVIR_6G209700v2	1.39859
SEVIR_6G209800v2	126.078454
SEVIR_6G209900v2	2.932727
SEVIR_6G210000v2	12.827231
SEVIR_6G210066v2	4.070494
SEVIR_6G210132v2	3.119069
SEVIR_6G210200v2	4.500919
SEVIR_6G210300v2	10.423487
SEVIR_6G210400v2	13.477352
SEVIR_6G210500v2	1.074735
SEVIR_6G210550v2	0.169275
SEVIR_6G210600v2	15.399326
SEVIR_6G210700v2	76.361602
SEVIR_6G210800v2	0
SEVIR_6G210901v2	15.431693
SEVIR_6G211000v2	10.780211
SEVIR_6G211100v2	871.040693
SEVIR_6G211200v2	18.773087
SEVIR_6G211250v2	0.841144
SEVIR_6G211300v2	42.500825
SEVIR_6G211400v2	0.64916
SEVIR_6G211500v2	2.372599
SEVIR_6G211600v2	4.331587
SEVIR_6G211700v2	1.570421
SEVIR_6G211800v2	53.660605
SEVIR_6G211900v2	1.244859
SEVIR_6G212000v2	0
SEVIR_6G212100v2	2.695484
SEVIR_6G212200v2	10.757331
SEVIR_6G212300v2	5.131652
SEVIR_6G212400v2	0.237361
SEVIR_6G212500v2	1.70224
SEVIR_6G212533v2	0
SEVIR_6G212600v2	2.862903
SEVIR_6G212566v2	0
SEVIR_6G212700v2	0.051905
SEVIR_6G212800v2	0
SEVIR_6G212900v2	1.57667
SEVIR_6G213000v2	0
SEVIR_6G213100v2	6.371907
SEVIR_6G213200v2	9.943109
SEVIR_6G213300v2	27.677708
SEVIR_6G213400v2	4.703894
SEVIR_6G213500v2	0.110286
SEVIR_6G213600v2	0
SEVIR_6G213700v2	2.488842
SEVIR_6G213800v2	2.326922
SEVIR_6G213900v2	0
SEVIR_6G214000v2	1.234134
SEVIR_6G214100v2	13.658023
SEVIR_6G214200v2	0
SEVIR_6G214300v2	1.364174
SEVIR_6G214400v2	1.010594
SEVIR_6G214500v2	59.652452
SEVIR_6G214600v2	0.75653
SEVIR_6G214700v2	1.738289
SEVIR_6G214800v2	31.229934
SEVIR_6G214900v2	19.101113
SEVIR_6G214950v2	0.05352
SEVIR_6G215000v2	0.83396
SEVIR_6G215100v2	0.052353
SEVIR_6G215200v2	0.060246
SEVIR_6G215250v2	27.161654
SEVIR_6G215300v2	34.809434
SEVIR_6G215400v2	44.311644
SEVIR_6G215500v2	23.703757
SEVIR_6G215600v2	24.149647
SEVIR_6G215700v2	0
SEVIR_6G215800v2	53.364999
SEVIR_6G215900v2	0.4857
SEVIR_6G216000v2	20.386469
SEVIR_6G216100v2	0
SEVIR_6G216200v2	10.047938
SEVIR_6G216300v2	1.705916
SEVIR_6G216400v2	0
SEVIR_6G216500v2	5.601447
SEVIR_6G216600v2	0.020353
SEVIR_6G216650v2	0.078597
SEVIR_6G216700v2	1.723264
SEVIR_6G216800v2	23.940769
SEVIR_6G216900v2	6.489761
SEVIR_6G217000v2	0.290031
SEVIR_6G217100v2	13.700697
SEVIR_6G217200v2	31.531506
SEVIR_6G217300v2	17.981028
SEVIR_6G217400v2	0.976454
SEVIR_6G217500v2	0.556048
SEVIR_6G217600v2	0
SEVIR_6G217700v2	0
SEVIR_6G217800v2	0
SEVIR_6G217900v2	0.589299
SEVIR_6G218000v2	32.415526
SEVIR_6G218100v2	0.095622
SEVIR_6G218200v2	0.062579
SEVIR_6G218300v2	0.23664
SEVIR_6G218400v2	40.988108
SEVIR_6G218500v2	3.739187
SEVIR_6G218600v2	8.439491
SEVIR_6G218700v2	0
SEVIR_6G218801v2	2.821035
SEVIR_6G218900v2	0
SEVIR_6G219000v2	59.206594
SEVIR_6G219101v2	0
SEVIR_6G219200v2	5.888275
SEVIR_6G219300v2	0.142848
SEVIR_6G219400v2	44.825338
SEVIR_6G219500v2	2.591043
SEVIR_6G219600v2	107.71233
SEVIR_6G219700v2	1.250237
SEVIR_6G219800v2	3.980719
SEVIR_6G219900v2	14.229481
SEVIR_6G220000v2	0.127826
SEVIR_6G220100v2	13.933112
SEVIR_6G220200v2	5.348423
SEVIR_6G220250v2	3.156284
SEVIR_6G220300v2	2.69764
SEVIR_6G220400v2	121.400224
SEVIR_6G220500v2	0.210264
SEVIR_6G220600v2	0.239611
SEVIR_6G220701v2	1.860456
SEVIR_6G220800v2	28.230951
SEVIR_6G220900v2	0.799488
SEVIR_6G221000v2	5.044691
SEVIR_6G221100v2	0.188664
SEVIR_6G221200v2	32.289595
SEVIR_6G221300v2	0.42718
SEVIR_6G221400v2	35.889315
SEVIR_6G221500v2	56.162731
SEVIR_6G221600v2	48.655621
SEVIR_6G221700v2	21.808034
SEVIR_6G221800v2	0.223769
SEVIR_6G221900v2	0.340379
SEVIR_6G222000v2	0
SEVIR_6G222100v2	74.867864
SEVIR_6G222200v2	56.672126
SEVIR_6G222301v2	0.657963
SEVIR_6G222400v2	3.672048
SEVIR_6G222500v2	0
SEVIR_6G222600v2	0
SEVIR_6G222700v2	0
SEVIR_6G222800v2	0
SEVIR_6G222900v2	0
SEVIR_6G223000v2	0
SEVIR_6G223100v2	0
SEVIR_6G223200v2	0.306077
SEVIR_6G223300v2	0
SEVIR_6G223400v2	0
SEVIR_6G223500v2	0
SEVIR_6G223600v2	0
SEVIR_6G223700v2	0
SEVIR_6G223800v2	135.703471
SEVIR_6G223900v2	0.871357
SEVIR_6G224000v2	27.109339
SEVIR_6G224100v2	84.855767
SEVIR_6G224200v2	100.219615
SEVIR_6G224300v2	394.797017
SEVIR_6G224400v2	0.057058
SEVIR_6G224500v2	0
SEVIR_6G224600v2	0.026362
SEVIR_6G224700v2	0.085357
SEVIR_6G224800v2	36.021952
SEVIR_6G224850v2	0.22987
SEVIR_6G224900v2	4.160157
SEVIR_6G225000v2	46.0023
SEVIR_6G225100v2	0
SEVIR_6G225200v2	0.164458
SEVIR_6G225300v2	0.285031
SEVIR_6G225350v2	0.483264
SEVIR_6G225400v2	10.408505
SEVIR_6G225500v2	19.427106
SEVIR_6G225600v2	15.604081
SEVIR_6G225700v2	0
SEVIR_6G225800v2	1.84647
SEVIR_6G225850v2	0
SEVIR_6G225900v2	0.115204
SEVIR_6G226000v2	1.532525
SEVIR_6G226100v2	147.544225
SEVIR_6G226200v2	0.19403
SEVIR_6G226300v2	192.401845
SEVIR_6G226400v2	9.294326
SEVIR_6G226501v2	7.031258
SEVIR_6G226600v2	0.152073
SEVIR_6G226700v2	0.079813
SEVIR_6G226800v2	4.790757
SEVIR_6G226900v2	34.751528
SEVIR_6G227000v2	10.899943
SEVIR_6G227100v2	9.823416
SEVIR_6G227200v2	6.27732
SEVIR_6G227300v2	0.132731
SEVIR_6G227400v2	0.964155
SEVIR_6G227500v2	0.661987
SEVIR_6G227600v2	24.206204
SEVIR_6G227700v2	10.104802
SEVIR_6G227800v2	3.050237
SEVIR_6G227900v2	30.5855
SEVIR_6G228000v2	0
SEVIR_6G228101v2	0
SEVIR_6G228200v2	0.958331
SEVIR_6G228300v2	0.995912
SEVIR_6G228400v2	0
SEVIR_6G228500v2	0
SEVIR_6G228600v2	7.902448
SEVIR_6G228650v2	0
SEVIR_6G228700v2	57.50259
SEVIR_6G228800v2	0.071862
SEVIR_6G228900v2	10.912039
SEVIR_6G229000v2	10.207505
SEVIR_6G229100v2	46.743287
SEVIR_6G229200v2	1.496769
SEVIR_6G229300v2	180.340612
SEVIR_6G229400v2	8.675075
SEVIR_6G229500v2	79.967158
SEVIR_6G229600v2	16.160491
SEVIR_6G229700v2	4.092875
SEVIR_6G229800v2	0.078207
SEVIR_6G229866v2	0.04777
SEVIR_6G229932v2	0
SEVIR_6G230000v2	15.513909
SEVIR_6G230100v2	6.650445
SEVIR_6G230150v2	0.011413
SEVIR_6G230200v2	19.557189
SEVIR_6G230300v2	5.779129
SEVIR_6G230400v2	1.861464
SEVIR_6G230500v2	0.033351
SEVIR_6G230566v2	2.657582
SEVIR_6G230632v2	8.154926
SEVIR_6G230700v2	0.888808
SEVIR_6G230750v2	0
SEVIR_6G230800v2	17.061538
SEVIR_6G230900v2	6.424143
SEVIR_6G231000v2	2.019648
SEVIR_6G231100v2	327.00896
SEVIR_6G231200v2	4.219036
SEVIR_6G231300v2	2.215008
SEVIR_6G231400v2	10.519562
SEVIR_6G231500v2	0.320946
SEVIR_6G231600v2	68.636053
SEVIR_6G231700v2	0.826716
SEVIR_6G231733v2	0
SEVIR_6G231766v2	52.127112
SEVIR_6G231800v2	19.349487
SEVIR_6G231900v2	0.053984
SEVIR_6G232000v2	2.038014
SEVIR_6G232100v2	465.793234
SEVIR_6G232200v2	17.465902
SEVIR_6G232300v2	13.957143
SEVIR_6G232400v2	1.599989
SEVIR_6G232500v2	0.128718
SEVIR_6G232600v2	62.301827
SEVIR_6G232700v2	80.175644
SEVIR_6G232800v2	114.295921
SEVIR_6G232900v2	13.113069
SEVIR_6G233000v2	121.896463
SEVIR_6G233100v2	267.212807
SEVIR_6G233150v2	0.103919
SEVIR_6G233200v2	27.402024
SEVIR_6G233300v2	0.26973
SEVIR_6G233400v2	43.310078
SEVIR_6G233450v2	0
SEVIR_6G233500v2	7.873444
SEVIR_6G233600v2	75.473015
SEVIR_6G233700v2	0.08399
SEVIR_6G233800v2	0
SEVIR_6G233900v2	0.269384
SEVIR_6G234000v2	5.846756
SEVIR_6G234100v2	60.278628
SEVIR_6G234200v2	5.144153
SEVIR_6G234300v2	22.925923
SEVIR_6G234400v2	40.447923
SEVIR_6G234500v2	4.398061
SEVIR_6G234566v2	13.371718
SEVIR_6G234632v2	34.783233
SEVIR_6G234700v2	0
SEVIR_6G234800v2	0.166306
SEVIR_6G234900v2	2.065661
SEVIR_6G235000v2	110.797114
SEVIR_6G235050v2	0.121711
SEVIR_6G235100v2	25.73744
SEVIR_6G235200v2	10.229708
SEVIR_6G235300v2	11.091086
SEVIR_6G235350v2	3.231802
SEVIR_6G235401v2	1.151966
SEVIR_6G235451v2	0
SEVIR_6G235500v2	0
SEVIR_6G235600v2	11.837013
SEVIR_6G235700v2	0.035087
SEVIR_6G235800v2	40.868975
SEVIR_6G235850v2	0.087602
SEVIR_6G235900v2	55.789924
SEVIR_6G236000v2	2.392951
SEVIR_6G236100v2	3.606583
SEVIR_6G236200v2	0
SEVIR_6G236300v2	0.147061
SEVIR_6G236350v2	5.563342
SEVIR_6G236400v2	2.391727
SEVIR_6G236500v2	160.660752
SEVIR_6G236600v2	3.576732
SEVIR_6G236650v2	1.651265
SEVIR_6G236701v2	2.919307
SEVIR_6G236751v2	0
SEVIR_6G236800v2	14.037021
SEVIR_6G236900v2	68.705649
SEVIR_6G237000v2	0.207082
SEVIR_6G237100v2	8.143762
SEVIR_6G237111v2	0
SEVIR_6G237122v2	0
SEVIR_6G237133v2	0.427711
SEVIR_6G237144v2	0
SEVIR_6G237155v2	0.255502
SEVIR_6G237166v2	0.35646
SEVIR_6G237177v2	1.179143
SEVIR_6G237188v2	0
SEVIR_6G237200v2	8.645916
SEVIR_6G237300v2	0.678381
SEVIR_6G237400v2	0
SEVIR_6G237500v2	0
SEVIR_6G237600v2	0.111477
SEVIR_6G237700v2	33.823857
SEVIR_6G237800v2	25.049937
SEVIR_6G237900v2	87.103804
SEVIR_6G238000v2	62.109337
SEVIR_6G238100v2	619.65057
SEVIR_6G238200v2	0.293687
SEVIR_6G238300v2	5.909596
SEVIR_6G238400v2	0
SEVIR_6G238466v2	1.208214
SEVIR_6G238532v2	9.470681
SEVIR_6G238600v2	5.29409
SEVIR_6G238700v2	0.053487
SEVIR_6G238750v2	0.058959
SEVIR_6G238800v2	1.368642
SEVIR_6G238875v2	5.158065
SEVIR_6G238950v2	5.129646
SEVIR_6G239025v2	1.120042
SEVIR_6G239100v2	9.420841
SEVIR_6G239200v2	39.385318
SEVIR_6G239300v2	19.216175
SEVIR_6G239400v2	0.152831
SEVIR_6G239500v2	0.214991
SEVIR_6G238500v2	5.149972
SEVIR_6G239600v2	66.736879
SEVIR_6G239700v2	0
SEVIR_6G239801v2	0
SEVIR_6G239900v2	0
SEVIR_6G240000v2	0
SEVIR_6G240200v2	0
SEVIR_6G240300v2	0
SEVIR_6G240400v2	0.034863
SEVIR_6G240500v2	0
SEVIR_6G240600v2	0
SEVIR_6G240700v2	0
SEVIR_6G240800v2	21.608137
SEVIR_6G240900v2	0.268374
SEVIR_6G241000v2	17.047329
SEVIR_6G241101v2	3.616997
SEVIR_6G241200v2	6.243949
SEVIR_6G241250v2	0
SEVIR_6G241300v2	6.436235
SEVIR_6G241400v2	0.129488
SEVIR_6G241500v2	0.033772
SEVIR_6G241600v2	0
SEVIR_6G241700v2	1.202825
SEVIR_6G241800v2	46.250698
SEVIR_6G241850v2	0.849137
SEVIR_6G241900v2	4.093666
SEVIR_6G242000v2	57.742459
SEVIR_6G242025v2	0
SEVIR_6G242050v2	1.701718
SEVIR_6G242075v2	0.202825
SEVIR_6G242100v2	0.048294
SEVIR_6G242150v2	0
SEVIR_6G242200v2	38.331289
SEVIR_6G242300v2	0
SEVIR_6G242400v2	0
SEVIR_6G242500v2	59.835263
SEVIR_6G242600v2	4.091367
SEVIR_6G242700v2	107.113708
SEVIR_6G242800v2	0.400061
SEVIR_6G242900v2	0
SEVIR_6G242950v2	0
SEVIR_6G243000v2	15.764412
SEVIR_6G243100v2	23.576784
SEVIR_6G243200v2	36.047943
SEVIR_6G243300v2	0
SEVIR_6G243400v2	0.923178
SEVIR_6G243450v2	0
SEVIR_6G243500v2	7.910919
SEVIR_6G243600v2	4.109593
SEVIR_6G243700v2	16.235613
SEVIR_6G243750v2	52.540373
SEVIR_6G243800v2	15.88949
SEVIR_6G243850v2	0
SEVIR_6G243900v2	1.099841
SEVIR_6G244000v2	0.277179
SEVIR_6G244050v2	9.063744
SEVIR_6G244100v2	3.769701
SEVIR_6G244200v2	43.615939
SEVIR_6G244300v2	9.460109
SEVIR_6G244400v2	0
SEVIR_6G244501v2	6.12988
SEVIR_6G244600v2	1.990807
SEVIR_6G244700v2	2.057019
SEVIR_6G244800v2	69.56605
SEVIR_6G244900v2	24.992551
SEVIR_6G245000v2	7.52652
SEVIR_6G245100v2	0
SEVIR_6G245200v2	0.121711
SEVIR_6G245300v2	0.039721
SEVIR_6G245400v2	0.835796
SEVIR_6G245500v2	0.404677
SEVIR_6G245600v2	5.590313
SEVIR_6G245650v2	1.514001
SEVIR_6G245700v2	0
SEVIR_6G245800v2	0.52104
SEVIR_6G245900v2	137.131592
SEVIR_6G246000v2	2.162075
SEVIR_6G246100v2	0.029737
SEVIR_6G246200v2	15.152327
SEVIR_6G246250v2	0
SEVIR_6G246300v2	110.599849
SEVIR_6G246400v2	0.063789
SEVIR_6G246500v2	341.107641
SEVIR_6G246600v2	0.337119
SEVIR_6G246700v2	28.14232
SEVIR_6G246800v2	2.067718
SEVIR_6G246900v2	56.33824
SEVIR_6G247000v2	7.629108
SEVIR_6G247100v2	1.624493
SEVIR_6G247200v2	0
SEVIR_6G247225v2	1.173641
SEVIR_6G247250v2	0.203051
SEVIR_6G247275v2	0.121976
SEVIR_6G247300v2	0
SEVIR_6G247400v2	0
SEVIR_6G247450v2	0.243422
SEVIR_6G247500v2	0.184371
SEVIR_6G247601v2	0.760994
SEVIR_6G247700v2	3.809811
SEVIR_6G247800v2	11.842572
SEVIR_6G247900v2	0.629378
SEVIR_6G248001v2	0.20081
SEVIR_6G248100v2	0
SEVIR_6G248200v2	0.053317
SEVIR_6G248300v2	0
SEVIR_6G248400v2	0.134748
SEVIR_6G248500v2	1.523563
SEVIR_6G248601v2	0.864788
SEVIR_6G248700v2	5.860636
SEVIR_6G248800v2	0.226207
SEVIR_6G248900v2	86.701954
SEVIR_6G249000v2	13.601691
SEVIR_6G249100v2	19.84234
SEVIR_6G249200v2	4.936755
SEVIR_6G249300v2	14.466431
SEVIR_6G249400v2	38.99329
SEVIR_6G249500v2	278.68332
SEVIR_6G249600v2	28.150387
SEVIR_6G249700v2	14.96396
SEVIR_6G249800v2	1.105362
SEVIR_6G249900v2	0.01594
SEVIR_6G250000v2	51.079699
SEVIR_6G250100v2	168.832445
SEVIR_6G250200v2	11.24474
SEVIR_6G250300v2	2.0421
SEVIR_6G250400v2	57.969047
SEVIR_6G250500v2	10.659077
SEVIR_6G250600v2	141.55388
SEVIR_6G250700v2	0
SEVIR_6G250800v2	3.379169
SEVIR_6G250901v2	0.045878
SEVIR_6G251000v2	0
SEVIR_6G251050v2	0.161846
SEVIR_6G251100v2	15.796179
SEVIR_6G251200v2	31.348627
SEVIR_6G251300v2	5.981784
SEVIR_6G251400v2	0
SEVIR_6G251500v2	18.343301
SEVIR_6G251600v2	387.511938
SEVIR_6G251700v2	12.749131
SEVIR_6G251800v2	14.775773
SEVIR_6G251900v2	0
SEVIR_6G251950v2	0.530373
SEVIR_6G252000v2	58.898915
SEVIR_6G252100v2	39.554911
SEVIR_6G252200v2	0
SEVIR_6G252250v2	0
SEVIR_6G252300v2	93.040059
SEVIR_6G252400v2	8.254502
SEVIR_6G252500v2	8.690339
SEVIR_6G252600v2	0
SEVIR_6G252700v2	20.545802
SEVIR_6G252800v2	25.152983
SEVIR_6G252900v2	0.993905
SEVIR_6G252966v2	10.335369
SEVIR_6G253032v2	0
SEVIR_6G253100v2	0
SEVIR_6G253201v2	4.457778
SEVIR_6G253300v2	1.90952
SEVIR_6G253400v2	1.987673
SEVIR_6G253600v2	9.608244
SEVIR_6G253500v2	18.56566
SEVIR_6G253700v2	1.453371
SEVIR_6G253800v2	3.563447
SEVIR_6G253900v2	2.719824
SEVIR_6G254000v2	54.505894
SEVIR_6G254100v2	124.110158
SEVIR_6G254200v2	740.537192
SEVIR_6G254300v2	24.212554
SEVIR_6G254400v2	68.828026
SEVIR_6G254500v2	2.856754
SEVIR_6G254600v2	3.51509
SEVIR_6G254700v2	22.314319
SEVIR_6G254800v2	60.869656
SEVIR_6G254900v2	14.5458
SEVIR_6G255000v2	4.413768
SEVIR_6G255100v2	7.644189
SEVIR_6G255200v2	5.796844
SEVIR_6G255250v2	0
SEVIR_6G255300v2	2.569781
SEVIR_6G255400v2	0.565208
SEVIR_6G255500v2	11.919897
SEVIR_6G255600v2	11.094931
SEVIR_6G255701v2	0
SEVIR_6G255800v2	62.508864
SEVIR_6G255900v2	0
SEVIR_6G256000v2	0
SEVIR_6G256100v2	12.545641
SEVIR_6G256200v2	169.527784
SEVIR_6G256300v2	0.180786
SEVIR_6G256400v2	4.269144
SEVIR_6G256500v2	56.009574
SEVIR_6G256600v2	1.956911
SEVIR_6G256700v2	14.772959
SEVIR_6G256733v2	2.429831
SEVIR_6G256766v2	0.128717
SEVIR_6G256800v2	112.782996
SEVIR_6G256900v2	10.996214
SEVIR_6G257000v2	51.485053
SEVIR_6G257050v2	0
SEVIR_6G257100v2	0
SEVIR_6G257200v2	1.667964
SEVIR_6G257300v2	137.00311
SEVIR_6G257400v2	25.561521
SEVIR_6G257500v2	5.229354
SEVIR_6G257600v2	2.682822
SEVIR_6G257700v2	0.808081
SEVIR_6G257801v2	517.64063
SEVIR_6G257900v2	0.700629
SEVIR_6G258000v2	15.492542
SEVIR_6G258100v2	50.898323
SEVIR_6G258200v2	26.527137
SEVIR_6G258300v2	0.659701
SEVIR_6G258400v2	36.23786
SEVIR_6G258501v2	168.109792
SEVIR_6G258600v2	87.179969
SEVIR_6G258700v2	1.769922
SEVIR_6G258800v2	2.77858
SEVIR_6G258900v2	70.303049
SEVIR_6G259000v2	0.475279
SEVIR_6G259100v2	22.200064
SEVIR_6G259200v2	3.822689
SEVIR_6G259300v2	1.663878
SEVIR_6G259400v2	122.113972
SEVIR_6G259500v2	6.082842
SEVIR_6G259600v2	1.666154
SEVIR_6G259700v2	0.833229
SEVIR_6G259800v2	114.485159
SEVIR_6G259900v2	165.060205
SEVIR_6G260000v2	1.707621
SEVIR_6G260100v2	37.055271
SEVIR_6G260200v2	0.630229
SEVIR_6G260300v2	62.768587
SEVIR_6G260401v2	19.669116
SEVIR_6G260500v2	0.612949
SEVIR_7G009401v2	37051.526423
SEVIR_7G018801v2	53.159056
SEVIR_7G028201v2	0.060139
SEVIR_7G037600v2	0
SEVIR_7G037500v2	0
SEVIR_7G037400v2	16.830816
SEVIR_7G037300v2	2.042638
SEVIR_7G037758v2	0
SEVIR_7G037200v2	3.199305
SEVIR_7G037558v2	4.930004
SEVIR_7G038274v2	0.0825
SEVIR_7G037916v2	0.622976
SEVIR_7G037000v2	0
SEVIR_7G036800v2	19.235069
SEVIR_7G036700v2	45.892533
SEVIR_7G036600v2	4.125339
SEVIR_7G036500v2	0
SEVIR_7G036400v2	0.111428
SEVIR_7G036300v2	0.042166
SEVIR_7G036200v2	0
SEVIR_7G036100v2	6.359478
SEVIR_7G036458v2	0
SEVIR_7G036000v2	0.887473
SEVIR_7G035900v2	0.177401
SEVIR_7G035800v2	19.31283
SEVIR_7G035700v2	0
SEVIR_7G035600v2	0.076777
SEVIR_7G035500v2	0
SEVIR_7G035400v2	10.629767
SEVIR_7G035300v2	0.295685
SEVIR_7G035658v2	0.05483
SEVIR_7G035200v2	0.145473
SEVIR_7G035558v2	0
SEVIR_7G035100v2	0
SEVIR_7G035458v2	0
SEVIR_7G035000v2	0.042143
SEVIR_7G035358v2	9.218904
SEVIR_7G034900v2	3.189297
SEVIR_7G034800v2	5.311264
SEVIR_7G034700v2	88.952878
SEVIR_7G034600v2	0.482916
SEVIR_7G034500v2	5.489287
SEVIR_7G034400v2	1.107624
SEVIR_7G034300v2	51.851091
SEVIR_7G034200v2	9.583581
SEVIR_7G034100v2	13.646497
SEVIR_7G034458v2	0.218355
SEVIR_7G033800v2	0
SEVIR_7G033700v2	5.746974
SEVIR_7G033600v2	6.55942
SEVIR_7G033500v2	31.683807
SEVIR_7G033400v2	220.681682
SEVIR_7G033300v2	8.670026
SEVIR_7G033100v2	0
SEVIR_7G033000v2	0
SEVIR_7G032900v2	0
SEVIR_7G033258v2	0.120655
SEVIR_7G033616v2	0
SEVIR_7G033974v2	0.335897
SEVIR_7G032500v2	10.720881
SEVIR_7G032858v2	1.083621
SEVIR_7G032400v2	56.819753
SEVIR_7G032300v2	32.727896
SEVIR_7G032200v2	82.831584
SEVIR_7G032100v2	0.105834
SEVIR_7G032000v2	4.142016
SEVIR_7G031900v2	1.378805
SEVIR_7G031700v2	24.444882
SEVIR_7G031800v2	0.917324
SEVIR_7G031600v2	8.229278
SEVIR_7G031500v2	0.459468
SEVIR_7G031400v2	0.69485
SEVIR_7G031300v2	0.288993
SEVIR_7G031200v2	0.58132
SEVIR_7G031100v2	0
SEVIR_7G031000v2	0
SEVIR_7G030900v2	0.048833
SEVIR_7G030800v2	20.217563
SEVIR_7G030700v2	2.522247
SEVIR_7G030600v2	0.153233
SEVIR_7G030500v2	12.140213
SEVIR_7G030400v2	1.115
SEVIR_7G030300v2	0.271816
SEVIR_7G030200v2	3.580543
SEVIR_7G030558v2	1.059876
SEVIR_7G030100v2	1.483291
SEVIR_7G030000v2	14.148384
SEVIR_7G029900v2	0
SEVIR_7G030258v2	0.117654
SEVIR_7G030616v2	0.231632
SEVIR_7G029600v2	0.350967
SEVIR_7G029500v2	1.579713
SEVIR_7G029400v2	80.595013
SEVIR_7G029758v2	0
SEVIR_7G030116v2	0.50177
SEVIR_7G030474v2	0
SEVIR_7G030832v2	0.960374
SEVIR_7G029200v2	0.38077
SEVIR_7G029100v2	0
SEVIR_7G029458v2	0
SEVIR_7G029816v2	0
SEVIR_7G046000v2	0
SEVIR_7G045900v2	0
SEVIR_7G045800v2	0
SEVIR_7G045700v2	0
SEVIR_7G045705v2	0.124485
SEVIR_7G045600v2	17.300345
SEVIR_7G045500v2	1.345707
SEVIR_7G045505v2	0.108486
SEVIR_7G045400v2	5.825289
SEVIR_7G045300v2	4.826521
SEVIR_7G045200v2	0.499167
SEVIR_7G045100v2	6.456116
SEVIR_7G045105v2	0
SEVIR_7G045000v2	33.747269
SEVIR_7G045005v2	0
SEVIR_7G044900v2	0.052573
SEVIR_7G044700v2	0
SEVIR_7G044600v2	0.557243
SEVIR_7G044605v2	0
SEVIR_7G044500v2	0.035174
SEVIR_7G044400v2	39.53893
SEVIR_7G044300v2	0
SEVIR_7G044200v2	0.076083
SEVIR_7G044100v2	7.547753
SEVIR_7G044000v2	6.997399
SEVIR_7G043900v2	3.700193
SEVIR_7G043700v2	0.107747
SEVIR_7G043600v2	211.877203
SEVIR_7G043500v2	0
SEVIR_7G043400v2	34.346594
SEVIR_7G043300v2	0.202478
SEVIR_7G043200v2	8.990476
SEVIR_7G043100v2	6.319314
SEVIR_7G042900v2	8.508364
SEVIR_7G043000v2	0
SEVIR_7G042800v2	10.496644
SEVIR_7G042700v2	2.090341
SEVIR_7G042600v2	0.03245
SEVIR_7G042500v2	0
SEVIR_7G042505v2	0
SEVIR_7G042400v2	2.763473
SEVIR_7G042405v2	20.876069
SEVIR_7G042410v2	2.108886
SEVIR_7G042300v2	6.707965
SEVIR_7G042305v2	103.962878
SEVIR_7G042310v2	3.196322
SEVIR_7G042315v2	8.251187
SEVIR_7G042320v2	0.24198
SEVIR_7G042100v2	454.477264
SEVIR_7G042000v2	0
SEVIR_7G041900v2	19.431111
SEVIR_7G041800v2	0.739059
SEVIR_7G041700v2	29.932074
SEVIR_7G041600v2	0.942129
SEVIR_7G041605v2	0.348444
SEVIR_7G041400v2	125.893002
SEVIR_7G041300v2	0
SEVIR_7G041200v2	1.072072
SEVIR_7G041100v2	9.740206
SEVIR_7G041000v2	0
SEVIR_7G040900v2	0
SEVIR_7G040800v2	1.068641
SEVIR_7G040700v2	0
SEVIR_7G040600v2	8.008796
SEVIR_7G040605v2	0.279854
SEVIR_7G040400v2	0
SEVIR_7G040300v2	43.601941
SEVIR_7G040100v2	0.037529
SEVIR_7G040000v2	0.14054
SEVIR_7G040005v2	0.426145
SEVIR_7G040010v2	0.132835
SEVIR_7G039700v2	0.09671
SEVIR_7G039600v2	32.236592
SEVIR_7G039605v2	0
SEVIR_7G039500v2	0
SEVIR_7G039400v2	0
SEVIR_7G039300v2	0
SEVIR_7G039200v2	2.838819
SEVIR_7G039205v2	0
SEVIR_7G039000v2	0
SEVIR_7G038900v2	2.207139
SEVIR_7G038800v2	8.651431
SEVIR_7G038700v2	0
SEVIR_7G038600v2	42.412204
SEVIR_7G038500v2	12.596232
SEVIR_7G038400v2	34.644919
SEVIR_7G038405v2	0
SEVIR_7G038300v2	31.630299
SEVIR_7G038100v2	7.12748
SEVIR_7G038105v2	16.566734
SEVIR_7G037900v2	0
SEVIR_7G037800v2	5.495567
SEVIR_7G000205v2	0.711608
SEVIR_7G000200v2	0
SEVIR_7G000300v2	0.4588
SEVIR_7G000305v2	14.083698
SEVIR_7G000310v2	0.549991
SEVIR_7G000400v2	0
SEVIR_7G000500v2	5.934464
SEVIR_7G000600v2	2.617463
SEVIR_7G000700v2	6.582477
SEVIR_7G000800v2	0.793721
SEVIR_7G000900v2	0
SEVIR_7G001000v2	0
SEVIR_7G001100v2	0
SEVIR_7G001200v2	0
SEVIR_7G001300v2	0
SEVIR_7G001400v2	0.643532
SEVIR_7G001500v2	3.96104
SEVIR_7G001505v2	0.176382
SEVIR_7G001600v2	0
SEVIR_7G001605v2	4.107745
SEVIR_7G001700v2	5.254406
SEVIR_7G001800v2	0.427448
SEVIR_7G001900v2	10.697723
SEVIR_7G002000v2	0.770011
SEVIR_7G002100v2	0
SEVIR_7G002200v2	0
SEVIR_7G002300v2	0
SEVIR_7G002400v2	6.572842
SEVIR_7G002500v2	1.310693
SEVIR_7G002600v2	1.668174
SEVIR_7G002700v2	0.908626
SEVIR_7G002800v2	0
SEVIR_7G002900v2	3.075695
SEVIR_7G003000v2	1.154941
SEVIR_7G003100v2	0.219553
SEVIR_7G003300v2	16.654096
SEVIR_7G003400v2	32.178407
SEVIR_7G003500v2	0
SEVIR_7G003600v2	1.232828
SEVIR_7G003700v2	0.717924
SEVIR_7G003800v2	0.364552
SEVIR_7G003900v2	0
SEVIR_7G003905v2	0.448118
SEVIR_7G004000v2	118.108627
SEVIR_7G004005v2	0
SEVIR_7G004100v2	0.010691
SEVIR_7G004105v2	23.393261
SEVIR_7G004110v2	0.559526
SEVIR_7G004200v2	0
SEVIR_7G004300v2	3.400459
SEVIR_7G004400v2	0
SEVIR_7G004500v2	3.456391
SEVIR_7G004600v2	0.764232
SEVIR_7G004700v2	0.127372
SEVIR_7G004800v2	0
SEVIR_7G004900v2	273.174656
SEVIR_7G005000v2	15.269303
SEVIR_7G005100v2	0
SEVIR_7G005200v2	1589.83905
SEVIR_7G005300v2	0
SEVIR_7G005400v2	0
SEVIR_7G005500v2	0
SEVIR_7G005600v2	0
SEVIR_7G005700v2	33.135308
SEVIR_7G005800v2	10.829589
SEVIR_7G005900v2	0
SEVIR_7G006000v2	0
SEVIR_7G006100v2	16.786989
SEVIR_7G006200v2	0.193236
SEVIR_7G006205v2	8.145634
SEVIR_7G006500v2	24.111629
SEVIR_7G006600v2	2.217811
SEVIR_7G006700v2	0.01515
SEVIR_7G006800v2	3.783166
SEVIR_7G006900v2	0
SEVIR_7G006905v2	0
SEVIR_7G007000v2	0
SEVIR_7G007100v2	16.747505
SEVIR_7G007200v2	0
SEVIR_7G007300v2	1.078713
SEVIR_7G007400v2	11.354824
SEVIR_7G007405v2	0.228208
SEVIR_7G007410v2	7.300092
SEVIR_7G007415v2	11.794489
SEVIR_7G007420v2	1.720389
SEVIR_7G007600v2	0
SEVIR_7G007700v2	0.280369
SEVIR_7G007800v2	0
SEVIR_7G007900v2	27.521099
SEVIR_7G008100v2	0
SEVIR_7G008300v2	0
SEVIR_7G008400v2	0
SEVIR_7G008500v2	2.155723
SEVIR_7G008700v2	11.842653
SEVIR_7G008800v2	1.036942
SEVIR_7G008900v2	1.169347
SEVIR_7G009000v2	0
SEVIR_7G009100v2	0.146793
SEVIR_7G009200v2	0
SEVIR_7G009205v2	4.02149
SEVIR_7G009300v2	0.913504
SEVIR_7G009400v2	0.450182
SEVIR_7G009500v2	10.77079
SEVIR_7G009600v2	0.231992
SEVIR_7G009900v2	0.042299
SEVIR_7G010000v2	64.363625
SEVIR_7G010200v2	0.397325
SEVIR_7G010400v2	4.049341
SEVIR_7G010500v2	32.848578
SEVIR_7G010600v2	0
SEVIR_7G010700v2	0
SEVIR_7G010800v2	0
SEVIR_7G011000v2	104.398169
SEVIR_7G011100v2	114.854845
SEVIR_7G011300v2	18.998007
SEVIR_7G011305v2	1.248097
SEVIR_7G011310v2	0.882728
SEVIR_7G011400v2	2.439041
SEVIR_7G011500v2	0
SEVIR_7G011600v2	0
SEVIR_7G011700v2	0
SEVIR_7G011800v2	0
SEVIR_7G012000v2	9.250392
SEVIR_7G012200v2	0
SEVIR_7G012400v2	16.907495
SEVIR_7G012500v2	19.250875
SEVIR_7G012600v2	0.265758
SEVIR_7G012700v2	1.295151
SEVIR_7G013000v2	0
SEVIR_7G013200v2	0
SEVIR_7G013300v2	56.811932
SEVIR_7G013400v2	21.098497
SEVIR_7G013500v2	0
SEVIR_7G013600v2	21.758385
SEVIR_7G013800v2	15.659954
SEVIR_7G013805v2	6.622442
SEVIR_7G013810v2	0.995817
SEVIR_7G014000v2	0.087724
SEVIR_7G014100v2	5.302381
SEVIR_7G014200v2	13.767669
SEVIR_7G014300v2	12.639968
SEVIR_7G014400v2	0.110754
SEVIR_7G014500v2	0
SEVIR_7G014600v2	34.849508
SEVIR_7G014800v2	0
SEVIR_7G014900v2	123.179884
SEVIR_7G015000v2	0.851977
SEVIR_7G015100v2	10.155666
SEVIR_7G015200v2	0
SEVIR_7G015400v2	0
SEVIR_7G015500v2	49.845639
SEVIR_7G015600v2	0
SEVIR_7G015700v2	0.15083
SEVIR_7G015800v2	0
SEVIR_7G015900v2	0
SEVIR_7G016000v2	0.025495
SEVIR_7G016100v2	0
SEVIR_7G016200v2	38.736224
SEVIR_7G016205v2	1.456357
SEVIR_7G016210v2	6.951569
SEVIR_7G016215v2	0
SEVIR_7G016220v2	3.18422
SEVIR_7G016230v2	5.340695
SEVIR_7G016225v2	0
SEVIR_7G016235v2	0
SEVIR_7G016240v2	5.134258
SEVIR_7G016400v2	15.890999
SEVIR_7G016405v2	0
SEVIR_7G016600v2	4.006295
SEVIR_7G016800v2	0
SEVIR_7G016900v2	14.701193
SEVIR_7G017000v2	148.460161
SEVIR_7G017100v2	0
SEVIR_7G017200v2	9.004982
SEVIR_7G017300v2	14.667297
SEVIR_7G017400v2	9.783905
SEVIR_7G017500v2	6.941493
SEVIR_7G017700v2	0
SEVIR_7G017705v2	0.011654
SEVIR_7G017800v2	0.076559
SEVIR_7G017900v2	0
SEVIR_7G018000v2	0.192618
SEVIR_7G018005v2	0.190288
SEVIR_7G018010v2	0
SEVIR_7G018015v2	9.281909
SEVIR_7G018200v2	14.644508
SEVIR_7G018300v2	60.421487
SEVIR_7G018400v2	0
SEVIR_7G018500v2	1.610895
SEVIR_7G018600v2	9.771687
SEVIR_7G018800v2	80.555483
SEVIR_7G018900v2	0
SEVIR_7G018905v2	0.218084
SEVIR_7G018910v2	0.078777
SEVIR_7G019100v2	0
SEVIR_7G019200v2	20.557348
SEVIR_7G019300v2	0.249447
SEVIR_7G019500v2	0.107154
SEVIR_7G019505v2	63.3438
SEVIR_7G019510v2	197.583139
SEVIR_7G019600v2	9.114096
SEVIR_7G019800v2	0.020917
SEVIR_7G020000v2	0.149096
SEVIR_7G020100v2	1067.890681
SEVIR_7G020200v2	261.049252
SEVIR_7G020300v2	74.056151
SEVIR_7G020400v2	156.341522
SEVIR_7G020500v2	14.377074
SEVIR_7G020600v2	14.112576
SEVIR_7G020700v2	5.565561
SEVIR_7G020900v2	9.910675
SEVIR_7G021000v2	0
SEVIR_7G021100v2	0.174576
SEVIR_7G021105v2	0
SEVIR_7G021200v2	0.247426
SEVIR_7G021300v2	0
SEVIR_7G021400v2	19.240518
SEVIR_7G021500v2	26.689293
SEVIR_7G021600v2	7.794155
SEVIR_7G021800v2	0
SEVIR_7G021900v2	19.229376
SEVIR_7G022000v2	0
SEVIR_7G022100v2	31.921116
SEVIR_7G022200v2	0
SEVIR_7G022300v2	0
SEVIR_7G022400v2	19.748434
SEVIR_7G022500v2	1.933057
SEVIR_7G022600v2	3.731042
SEVIR_7G022700v2	0
SEVIR_7G022800v2	6.563523
SEVIR_7G022900v2	0
SEVIR_7G023000v2	0
SEVIR_7G023100v2	0
SEVIR_7G023200v2	0.073923
SEVIR_7G023300v2	1.801412
SEVIR_7G023305v2	0.063804
SEVIR_7G023310v2	0
SEVIR_7G023315v2	0
SEVIR_7G023400v2	1.678435
SEVIR_7G023405v2	0
SEVIR_7G023500v2	8.404173
SEVIR_7G023600v2	0
SEVIR_7G023700v2	0
SEVIR_7G023705v2	0
SEVIR_7G023800v2	0.139917
SEVIR_7G024100v2	0
SEVIR_7G024300v2	16.61187
SEVIR_7G024400v2	7.83814
SEVIR_7G024500v2	1.723893
SEVIR_7G024600v2	1.076243
SEVIR_7G024605v2	1.729577
SEVIR_7G024700v2	0.028277
SEVIR_7G024705v2	0
SEVIR_7G024710v2	0
SEVIR_7G025000v2	0.470962
SEVIR_7G025100v2	0.024981
SEVIR_7G025200v2	0
SEVIR_7G025205v2	1.827694
SEVIR_7G025210v2	4.411301
SEVIR_7G025400v2	16.137228
SEVIR_7G025500v2	0.370595
SEVIR_7G025600v2	2.158987
SEVIR_7G025700v2	4.059503
SEVIR_7G025800v2	0
SEVIR_7G025900v2	0.102835
SEVIR_7G026000v2	0
SEVIR_7G026100v2	0
SEVIR_7G026200v2	0
SEVIR_7G026300v2	0
SEVIR_7G026400v2	0
SEVIR_7G026500v2	0
SEVIR_7G026600v2	0
SEVIR_7G026700v2	0
SEVIR_7G026800v2	0
SEVIR_7G026900v2	0
SEVIR_7G026905v2	0
SEVIR_7G027000v2	0
SEVIR_7G027100v2	0
SEVIR_7G027105v2	2.774415
SEVIR_7G027200v2	6.521932
SEVIR_7G027205v2	0
SEVIR_7G027210v2	0.310089
SEVIR_7G027400v2	8.887213
SEVIR_7G027500v2	0.014103
SEVIR_7G027600v2	0
SEVIR_7G027800v2	11.951915
SEVIR_7G027900v2	0
SEVIR_7G028100v2	14.795486
SEVIR_7G028300v2	0
SEVIR_7G028400v2	19.20948
SEVIR_7G028500v2	3.584601
SEVIR_7G028600v2	0
SEVIR_7G028700v2	3.229432
SEVIR_7G028705v2	3.548776
SEVIR_7G028800v2	0
SEVIR_7G028805v2	0
SEVIR_7G046100v2	0
SEVIR_7G046133v2	0
SEVIR_7G046166v2	0
SEVIR_7G046200v2	0
SEVIR_7G046300v2	0
SEVIR_7G046400v2	8.141131
SEVIR_7G046600v2	0.432404
SEVIR_7G046700v2	0.027166
SEVIR_7G046800v2	8.440633
SEVIR_7G046900v2	0.32986
SEVIR_7G047000v2	3.045425
SEVIR_7G047100v2	0
SEVIR_7G047300v2	25.571618
SEVIR_7G047400v2	0.51723
SEVIR_7G047433v2	0.633958
SEVIR_7G047466v2	0
SEVIR_7G047499v2	0
SEVIR_7G047532v2	0.103675
SEVIR_7G047565v2	0
SEVIR_7G047600v2	14.102567
SEVIR_7G047700v2	0.558242
SEVIR_7G047800v2	0.068063
SEVIR_7G047900v2	0
SEVIR_7G048000v2	4.881993
SEVIR_7G048100v2	0.642891
SEVIR_7G048200v2	9.875875
SEVIR_7G048300v2	0.560155
SEVIR_7G048400v2	26.740962
SEVIR_7G048500v2	0
SEVIR_7G048533v2	29.621013
SEVIR_7G048566v2	0.3097
SEVIR_7G048600v2	0
SEVIR_7G048701v2	0
SEVIR_7G048801v2	0.107279
SEVIR_7G048900v2	57.093443
SEVIR_7G049000v2	15.026395
SEVIR_7G049100v2	0
SEVIR_7G049101v2	0
SEVIR_7G049200v2	0.752695
SEVIR_7G049250v2	11.306279
SEVIR_7G049300v2	0.131574
SEVIR_7G049400v2	0.295123
SEVIR_7G049500v2	38.313557
SEVIR_7G049600v2	43.815949
SEVIR_7G049700v2	22.978365
SEVIR_7G049800v2	1.043009
SEVIR_7G049900v2	1.520037
SEVIR_7G050000v2	0
SEVIR_7G050100v2	6.310997
SEVIR_7G050200v2	1.775866
SEVIR_7G050300v2	0.850694
SEVIR_7G050400v2	0.638208
SEVIR_7G050500v2	0
SEVIR_7G050600v2	6.341008
SEVIR_7G050700v2	0.046311
SEVIR_7G050800v2	0
SEVIR_7G050900v2	0.181753
SEVIR_7G051000v2	1.281882
SEVIR_7G051100v2	23.97443
SEVIR_7G051200v2	29.046994
SEVIR_7G051300v2	0
SEVIR_7G051400v2	12.174653
SEVIR_7G051466v2	0.06723
SEVIR_7G051532v2	0.40117
SEVIR_7G051600v2	2.958763
SEVIR_7G051700v2	0.406509
SEVIR_7G051800v2	39.909875
SEVIR_7G051900v2	0.98833
SEVIR_7G051950v2	0
SEVIR_7G052000v2	78.974856
SEVIR_7G052050v2	9.529017
SEVIR_7G052100v2	17.226364
SEVIR_7G052200v2	57.554962
SEVIR_7G052300v2	0.009755
SEVIR_7G052400v2	0
SEVIR_7G052500v2	0
SEVIR_7G052600v2	0.243422
SEVIR_7G052700v2	5.67436
SEVIR_7G058100v2	6.247633
SEVIR_7G058109v2	7.888418
SEVIR_7G052800v2	0
SEVIR_7G052900v2	167.125524
SEVIR_7G053000v2	0.485163
SEVIR_7G053100v2	7.838304
SEVIR_7G053109v2	0
SEVIR_7G053200v2	154.703367
SEVIR_7G053300v2	25.690209
SEVIR_7G053400v2	2.67847
SEVIR_7G053600v2	0.080751
SEVIR_7G053700v2	0.090278
SEVIR_7G053900v2	0
SEVIR_7G053909v2	0.444275
SEVIR_7G054100v2	2.280942
SEVIR_7G054200v2	1.136459
SEVIR_7G054209v2	0
SEVIR_7G054400v2	0
SEVIR_7G054500v2	0
SEVIR_7G054600v2	18.640213
SEVIR_7G054700v2	1.684686
SEVIR_7G054800v2	4.409944
SEVIR_7G054900v2	3.35348
SEVIR_7G055000v2	8.752178
SEVIR_7G055100v2	80.180222
SEVIR_7G055200v2	0
SEVIR_7G055209v2	0
SEVIR_7G055400v2	1.611416
SEVIR_7G055500v2	0
SEVIR_7G055600v2	5.350077
SEVIR_7G055700v2	0
SEVIR_7G055800v2	0.979874
SEVIR_7G055809v2	0.045225
SEVIR_7G056100v2	0
SEVIR_7G056300v2	0.023317
SEVIR_7G056400v2	0
SEVIR_7G056500v2	0
SEVIR_7G056600v2	5.015415
SEVIR_7G056609v2	1.649466
SEVIR_7G056700v2	120.197438
SEVIR_7G056800v2	25.044256
SEVIR_7G056900v2	6.14119
SEVIR_7G057000v2	23.382815
SEVIR_7G057100v2	9.446312
SEVIR_7G057200v2	5.760006
SEVIR_7G057300v2	30.441348
SEVIR_7G057309v2	1.242206
SEVIR_7G057318v2	2.464647
SEVIR_7G057400v2	4.691657
SEVIR_7G057500v2	5.472575
SEVIR_7G057600v2	7.738546
SEVIR_7G057700v2	0
SEVIR_7G057800v2	151.213583
SEVIR_7G057900v2	0
SEVIR_7G057909v2	41.851039
SEVIR_7G058000v2	62.759626
SEVIR_7G058200v2	74.688556
SEVIR_7G058300v2	58.578867
SEVIR_7G058400v2	0
SEVIR_7G058501v2	0.034489
SEVIR_7G058600v2	2.329841
SEVIR_7G058700v2	3.337989
SEVIR_7G058750v2	0
SEVIR_7G058800v2	0
SEVIR_7G058850v2	0
SEVIR_7G058900v2	0
SEVIR_7G058950v2	0
SEVIR_7G059000v2	2.585806
SEVIR_7G059100v2	27.776436
SEVIR_7G059201v2	0.472095
SEVIR_7G059301v2	0
SEVIR_7G059400v2	0
SEVIR_7G059500v2	0
SEVIR_7G059600v2	0.731006
SEVIR_7G059700v2	171.325254
SEVIR_7G059800v2	0
SEVIR_7G059900v2	0
SEVIR_7G060000v2	10.38913
SEVIR_7G060100v2	4.193516
SEVIR_7G060200v2	0
SEVIR_7G060250v2	0
SEVIR_7G060300v2	0
SEVIR_7G060401v2	0
SEVIR_7G060501v2	0
SEVIR_7G060600v2	0.046252
SEVIR_7G060700v2	0.040762
SEVIR_7G060800v2	0
SEVIR_7G061000v2	0
SEVIR_7G061100v2	0.102448
SEVIR_7G061200v2	0
SEVIR_7G061300v2	0
SEVIR_7G061400v2	0
SEVIR_7G061500v2	0
SEVIR_7G061600v2	30.508781
SEVIR_7G061800v2	2.822945
SEVIR_7G061900v2	0.191191
SEVIR_7G062000v2	0
SEVIR_7G062100v2	16.178097
SEVIR_7G062201v2	0.017182
SEVIR_7G062300v2	0
SEVIR_7G062400v2	0
SEVIR_7G062500v2	0
SEVIR_7G062600v2	1.85916
SEVIR_7G062700v2	0.185362
SEVIR_7G062800v2	0.059772
SEVIR_7G062900v2	0
SEVIR_7G063000v2	1.869542
SEVIR_7G063100v2	3.642389
SEVIR_7G063200v2	4.613438
SEVIR_7G063300v2	2.792841
SEVIR_7G063400v2	19.458623
SEVIR_7G063500v2	0.230706
SEVIR_7G063600v2	0.461412
SEVIR_7G063700v2	13.425162
SEVIR_7G063800v2	8.909374
SEVIR_7G063901v2	0.912832
SEVIR_7G064000v2	25.278432
SEVIR_7G064100v2	0.162172
SEVIR_7G064200v2	7.503131
SEVIR_7G064300v2	5.918087
SEVIR_7G064400v2	13.793371
SEVIR_7G064500v2	11.334784
SEVIR_7G064600v2	0
SEVIR_7G064700v2	9.058464
SEVIR_7G064800v2	1742.607359
SEVIR_7G064850v2	0.957883
SEVIR_7G064900v2	1.395597
SEVIR_7G065000v2	0.954276
SEVIR_7G065100v2	0
SEVIR_7G065200v2	0.096207
SEVIR_7G065300v2	0
SEVIR_7G065400v2	3.186687
SEVIR_7G065500v2	5.271859
SEVIR_7G065600v2	11.995729
SEVIR_7G065701v2	11.351428
SEVIR_7G065800v2	0
SEVIR_7G065850v2	0.117077
SEVIR_7G065900v2	1.330122
SEVIR_7G066000v2	4.572655
SEVIR_7G066100v2	0.832041
SEVIR_7G066150v2	0.347801
SEVIR_7G066200v2	4.35227
SEVIR_7G066300v2	11.680472
SEVIR_7G066400v2	7.794414
SEVIR_7G066500v2	0
SEVIR_7G066600v2	2.071382
SEVIR_7G066700v2	54.05955
SEVIR_7G066801v2	1.71166
SEVIR_7G066900v2	0.320253
SEVIR_7G067000v2	0.181215
SEVIR_7G067050v2	0.188592
SEVIR_7G067100v2	21.52706
SEVIR_7G067125v2	0
SEVIR_7G067150v2	0.035226
SEVIR_7G067175v2	133.755716
SEVIR_7G067200v2	0
SEVIR_7G067400v2	78.120963
SEVIR_7G069000v2	0.016778
SEVIR_7G068900v2	6.710766
SEVIR_7G068800v2	11.716053
SEVIR_7G068845v2	0
SEVIR_7G068700v2	0.591557
SEVIR_7G068600v2	0.165076
SEVIR_7G068645v2	0.169517
SEVIR_7G068690v2	0.053438
SEVIR_7G068300v2	0
SEVIR_7G068200v2	0.167514
SEVIR_7G068245v2	0
SEVIR_7G068100v2	0
SEVIR_7G068145v2	0.394055
SEVIR_7G067900v2	0
SEVIR_7G067945v2	0
SEVIR_7G067990v2	0
SEVIR_7G067800v2	0
SEVIR_7G067700v2	0
SEVIR_7G067600v2	0
SEVIR_7G067500v2	0
SEVIR_7G067545v2	6.137393
SEVIR_7G067590v2	0.019207
SEVIR_7G067635v2	0.576199
SEVIR_7G069300v2	1.132009
SEVIR_7G069400v2	0
SEVIR_7G069500v2	0.281369
SEVIR_7G069550v2	0
SEVIR_7G069600v2	0.868106
SEVIR_7G069700v2	0.525455
SEVIR_7G069800v2	0
SEVIR_7G069833v2	0
SEVIR_7G069866v2	0
SEVIR_7G069900v2	0
SEVIR_7G070000v2	0
SEVIR_7G070100v2	0
SEVIR_7G070200v2	74.361132
SEVIR_7G070300v2	0
SEVIR_7G070400v2	41.980297
SEVIR_7G070500v2	58.107101
SEVIR_7G070600v2	0
SEVIR_7G070700v2	0.043433
SEVIR_7G070800v2	11.199585
SEVIR_7G070900v2	5.324
SEVIR_7G071000v2	0.037841
SEVIR_7G071100v2	13.717524
SEVIR_7G071300v2	697.653971
SEVIR_7G071400v2	23.078164
SEVIR_7G071425v2	0.859971
SEVIR_7G071450v2	2.987451
SEVIR_7G071475v2	1.060063
SEVIR_7G071500v2	0.71921
SEVIR_7G071600v2	105.98202
SEVIR_7G071800v2	9.496349
SEVIR_7G071900v2	0
SEVIR_7G072000v2	5.81496
SEVIR_7G072100v2	11.25962
SEVIR_7G072200v2	35.707223
SEVIR_7G072300v2	14.314052
SEVIR_7G072400v2	68.409757
SEVIR_7G072500v2	0.253951
SEVIR_7G072600v2	66.784609
SEVIR_7G072900v2	0.434204
SEVIR_7G073000v2	0
SEVIR_7G073100v2	14.341053
SEVIR_7G073200v2	0
SEVIR_7G073300v2	19.968811
SEVIR_7G073400v2	0.918658
SEVIR_7G073500v2	10.447683
SEVIR_7G073600v2	134.993441
SEVIR_7G073675v2	0
SEVIR_7G073750v2	0
SEVIR_7G073825v2	0.042366
SEVIR_7G073900v2	0.170731
SEVIR_7G074000v2	3.720911
SEVIR_7G074100v2	8.004865
SEVIR_7G074200v2	0.921301
SEVIR_7G074400v2	0
SEVIR_7G074500v2	0
SEVIR_7G074601v2	0
SEVIR_7G074700v2	0
SEVIR_7G074600v2	0
SEVIR_7G074800v2	0
SEVIR_7G074900v2	0
SEVIR_7G075100v2	0
SEVIR_7G075200v2	0
SEVIR_7G075300v2	0
SEVIR_7G075400v2	14.807019
SEVIR_7G075500v2	0
SEVIR_7G075600v2	2.985659
SEVIR_7G075700v2	589.676544
SEVIR_7G075800v2	0
SEVIR_7G075900v2	0
SEVIR_7G076000v2	6.181628
SEVIR_7G076033v2	0
SEVIR_7G076066v2	1.075803
SEVIR_7G076100v2	0
SEVIR_7G076200v2	0.138318
SEVIR_7G076300v2	19.182173
SEVIR_7G076400v2	15.363936
SEVIR_7G076500v2	8.777146
SEVIR_7G076600v2	11.112072
SEVIR_7G076700v2	39.99363
SEVIR_7G076800v2	0.025141
SEVIR_7G076900v2	13.080605
SEVIR_7G077000v2	0.066737
SEVIR_7G077033v2	0
SEVIR_7G077066v2	0
SEVIR_7G077100v2	0
SEVIR_7G077200v2	0
SEVIR_7G077300v2	0
SEVIR_7G077400v2	0
SEVIR_7G077500v2	5.857701
SEVIR_7G077600v2	0.068281
SEVIR_7G077700v2	0.117705
SEVIR_7G077750v2	0
SEVIR_7G077800v2	5.599977
SEVIR_7G077900v2	27.879639
SEVIR_7G077950v2	0
SEVIR_7G078000v2	14.663288
SEVIR_7G078050v2	0.085079
SEVIR_7G078100v2	0.025021
SEVIR_7G078200v2	0
SEVIR_7G078250v2	0
SEVIR_7G078300v2	1.393228
SEVIR_7G078400v2	7.649432
SEVIR_7G078500v2	2.992277
SEVIR_7G078533v2	0
SEVIR_7G078566v2	0
SEVIR_7G078600v2	0
SEVIR_7G078700v2	0
SEVIR_7G078800v2	0.982315
SEVIR_7G078900v2	101.421309
SEVIR_7G079000v2	5.45292
SEVIR_7G079100v2	16.88677
SEVIR_7G079200v2	0
SEVIR_7G079300v2	0
SEVIR_7G079400v2	1.136079
SEVIR_7G079500v2	0
SEVIR_7G079600v2	0
SEVIR_7G079700v2	13.126604
SEVIR_7G079800v2	0.081001
SEVIR_7G079901v2	0
SEVIR_7G080000v2	0
SEVIR_7G080066v2	1.762501
SEVIR_7G080132v2	0
SEVIR_7G080200v2	21.495262
SEVIR_7G080301v2	20.707828
SEVIR_7G080100v2	2.826256
SEVIR_7G080201v2	5.092364
SEVIR_7G080302v2	4.599713
SEVIR_7G080600v2	78.582321
SEVIR_7G080700v2	0
SEVIR_7G080800v2	0.103258
SEVIR_7G080901v2	14.231701
SEVIR_7G081001v2	2.069086
SEVIR_7G081100v2	15.380556
SEVIR_7G081200v2	2.12988
SEVIR_7G081300v2	0.696852
SEVIR_7G081400v2	20.161837
SEVIR_7G081500v2	14.618724
SEVIR_7G081600v2	65.554549
SEVIR_7G081700v2	64.186398
SEVIR_7G081800v2	0
SEVIR_7G081900v2	110.085994
SEVIR_7G082000v2	24.064184
SEVIR_7G082101v2	0.230347
SEVIR_7G082201v2	17.889944
SEVIR_7G082300v2	0
SEVIR_7G082400v2	8.447549
SEVIR_7G082500v2	0.103433
SEVIR_7G082600v2	0
SEVIR_7G082700v2	2.553666
SEVIR_7G082733v2	0
SEVIR_7G082766v2	0
SEVIR_7G082800v2	16.841194
SEVIR_7G082900v2	0
SEVIR_7G083000v2	0.05859
SEVIR_7G083100v2	1.746825
SEVIR_7G083300v2	0
SEVIR_7G083400v2	0.692057
SEVIR_7G083600v2	1.523612
SEVIR_7G083800v2	0.056383
SEVIR_7G083900v2	0
SEVIR_7G084000v2	79.653171
SEVIR_7G084100v2	2.737299
SEVIR_7G084200v2	17.308803
SEVIR_7G084300v2	0
SEVIR_7G084350v2	0.134173
SEVIR_7G084400v2	0.345099
SEVIR_7G084500v2	150.615983
SEVIR_7G084600v2	6.155725
SEVIR_7G084701v2	0
SEVIR_7G084800v2	0
SEVIR_7G084901v2	0
SEVIR_7G085000v2	25.735743
SEVIR_7G085050v2	0.88905
SEVIR_7G085101v2	7.62283
SEVIR_7G085151v2	27.319177
SEVIR_7G085200v2	0
SEVIR_7G085300v2	51.911757
SEVIR_7G085400v2	3.822153
SEVIR_7G085500v2	18.302098
SEVIR_7G085600v2	2.503436
SEVIR_7G085700v2	0
SEVIR_7G085800v2	74.488216
SEVIR_7G085901v2	0
SEVIR_7G086000v2	0.024307
SEVIR_7G086100v2	0.100458
SEVIR_7G086200v2	0.735804
SEVIR_7G086300v2	0.123762
SEVIR_7G086400v2	4.395655
SEVIR_7G086500v2	16.072014
SEVIR_7G086600v2	1.971129
SEVIR_7G086700v2	48.932332
SEVIR_7G086800v2	16.805428
SEVIR_7G086900v2	16.855813
SEVIR_7G087000v2	0
SEVIR_7G087100v2	10.913399
SEVIR_7G087200v2	0
SEVIR_7G087300v2	11.369949
SEVIR_7G087375v2	0.294609
SEVIR_7G087450v2	8.0735
SEVIR_7G087525v2	3.361797
SEVIR_7G087600v2	20.618083
SEVIR_7G087700v2	268.235121
SEVIR_7G087800v2	43.883404
SEVIR_7G087900v2	0.714951
SEVIR_7G088000v2	11.184854
SEVIR_7G088100v2	0
SEVIR_7G088201v2	0
SEVIR_7G088300v2	544.353621
SEVIR_7G088400v2	27.513871
SEVIR_7G088500v2	1.184215
SEVIR_7G088600v2	0.74012
SEVIR_7G088700v2	0
SEVIR_7G088800v2	13.957254
SEVIR_7G088900v2	0.023928
SEVIR_7G089000v2	0
SEVIR_7G089100v2	2.068711
SEVIR_7G089150v2	0
SEVIR_7G089200v2	0.155685
SEVIR_7G089300v2	0.074499
SEVIR_7G089400v2	2.002406
SEVIR_7G089500v2	2.578498
SEVIR_7G089600v2	23.854424
SEVIR_7G089700v2	11.94329
SEVIR_7G089800v2	0.134779
SEVIR_7G089900v2	0
SEVIR_7G090100v2	0
SEVIR_7G090200v2	2.680244
SEVIR_7G090250v2	0
SEVIR_7G090300v2	0
SEVIR_7G090400v2	5.849373
SEVIR_7G090500v2	0
SEVIR_7G090600v2	0.146657
SEVIR_7G090601v2	0
SEVIR_7G090700v2	0.122418
SEVIR_7G090701v2	0
SEVIR_7G090800v2	787.967201
SEVIR_7G090900v2	0.043868
SEVIR_7G091000v2	8.590361
SEVIR_7G091050v2	0.066625
SEVIR_7G091100v2	2.059015
SEVIR_7G091125v2	0.328577
SEVIR_7G091150v2	0
SEVIR_7G091175v2	0.05875
SEVIR_7G091200v2	6.238784
SEVIR_7G091300v2	4.071564
SEVIR_7G091400v2	8.09005
SEVIR_7G091500v2	0
SEVIR_7G091600v2	16.884299
SEVIR_7G091700v2	4.342524
SEVIR_7G091800v2	9.146096
SEVIR_7G091900v2	13.79429
SEVIR_7G092000v2	0
SEVIR_7G092100v2	17.786188
SEVIR_7G092200v2	68.709438
SEVIR_7G092300v2	267.944565
SEVIR_7G092400v2	0.143242
SEVIR_7G092500v2	9.355033
SEVIR_7G092600v2	67.694582
SEVIR_7G092700v2	31.810629
SEVIR_7G092800v2	63.72151
SEVIR_7G092900v2	0.095326
SEVIR_7G093000v2	1.887759
SEVIR_7G093100v2	0
SEVIR_7G093200v2	1.748627
SEVIR_7G093300v2	0
SEVIR_7G093400v2	47.318326
SEVIR_7G093501v2	1.5614
SEVIR_7G093600v2	1.283969
SEVIR_7G093650v2	1.612969
SEVIR_7G093700v2	2.887666
SEVIR_7G093750v2	0
SEVIR_7G093800v2	16.300643
SEVIR_7G093900v2	14.49199
SEVIR_7G094000v2	0.129134
SEVIR_7G094100v2	83.852637
SEVIR_7G094200v2	1.579058
SEVIR_7G094500v2	3.858348
SEVIR_7G094300v2	0
SEVIR_7G094400v2	0
SEVIR_7G094600v2	3.573464
SEVIR_7G094650v2	0.55992
SEVIR_7G094700v2	39.215485
SEVIR_7G094800v2	9.021993
SEVIR_7G094900v2	120.266566
SEVIR_7G095000v2	2.929843
SEVIR_7G095100v2	36.463291
SEVIR_7G095150v2	20.538726
SEVIR_7G095200v2	6.45116
SEVIR_7G095300v2	0.202786
SEVIR_7G095650v2	0
SEVIR_7G096000v2	26.961731
SEVIR_7G096100v2	0
SEVIR_7G096200v2	213.299342
SEVIR_7G096300v2	5.039195
SEVIR_7G096400v2	15.596208
SEVIR_7G096500v2	9.046716
SEVIR_7G096600v2	10.794516
SEVIR_7G096700v2	5.030229
SEVIR_7G096800v2	9.170128
SEVIR_7G096900v2	0
SEVIR_7G097000v2	357.062532
SEVIR_7G097100v2	12.729723
SEVIR_7G097200v2	4.503365
SEVIR_7G097300v2	2.259018
SEVIR_7G097350v2	0.08783
SEVIR_7G097400v2	4.671271
SEVIR_7G097500v2	0.789002
SEVIR_7G097600v2	0
SEVIR_7G097700v2	45.469269
SEVIR_7G097800v2	7.770255
SEVIR_7G097901v2	0
SEVIR_7G098000v2	7.723485
SEVIR_7G098100v2	0.054456
SEVIR_7G098200v2	0.100469
SEVIR_7G098300v2	2.015038
SEVIR_7G098400v2	0.82185
SEVIR_7G098450v2	0
SEVIR_7G098500v2	0.663267
SEVIR_7G098600v2	7.811154
SEVIR_7G098700v2	11.219316
SEVIR_7G098800v2	6.975626
SEVIR_7G098900v2	0
SEVIR_7G099000v2	0.331746
SEVIR_7G099100v2	0.10017
SEVIR_7G099200v2	17.054508
SEVIR_7G099300v2	0.642604
SEVIR_7G099400v2	0.014955
SEVIR_7G099500v2	231.853788
SEVIR_7G099601v2	5.99923
SEVIR_7G099700v2	2.25101
SEVIR_7G099800v2	4.367723
SEVIR_7G099850v2	0.319365
SEVIR_7G099900v2	3.233895
SEVIR_7G100000v2	117.612254
SEVIR_7G100100v2	10.752469
SEVIR_7G100200v2	0
SEVIR_7G100300v2	0.404038
SEVIR_7G100400v2	0.64027
SEVIR_7G100500v2	20.677189
SEVIR_7G100600v2	1.27526
SEVIR_7G100700v2	11.585976
SEVIR_7G100800v2	0
SEVIR_7G100900v2	1.098001
SEVIR_7G101000v2	13.665454
SEVIR_7G101100v2	969.293932
SEVIR_7G101300v2	0
SEVIR_7G101400v2	4.45249
SEVIR_7G101500v2	2.964828
SEVIR_7G101550v2	0.420758
SEVIR_7G101600v2	2.557485
SEVIR_7G101700v2	0
SEVIR_7G101800v2	22.791934
SEVIR_7G101900v2	5.019796
SEVIR_7G102000v2	0.711925
SEVIR_7G102100v2	3.628459
SEVIR_7G102200v2	2.368856
SEVIR_7G102300v2	0
SEVIR_7G102400v2	3.044266
SEVIR_7G102501v2	5.029094
SEVIR_7G102600v2	0.221912
SEVIR_7G102700v2	0
SEVIR_7G102800v2	15.958477
SEVIR_7G102900v2	741.041577
SEVIR_7G103000v2	1.860891
SEVIR_7G103100v2	4.476166
SEVIR_7G103200v2	171.04793
SEVIR_7G103300v2	106.700203
SEVIR_7G103400v2	0.477185
SEVIR_7G103500v2	0.624407
SEVIR_7G103533v2	0.102326
SEVIR_7G103800v2	1.79689
SEVIR_7G103566v2	0.672857
SEVIR_7G103600v2	0
SEVIR_7G103700v2	0
SEVIR_7G103900v2	0.201011
SEVIR_7G104000v2	64.220933
SEVIR_7G104100v2	36.980436
SEVIR_7G104200v2	2.07168
SEVIR_7G104300v2	0.041024
SEVIR_7G104400v2	0
SEVIR_7G104500v2	4.488396
SEVIR_7G104600v2	11.425863
SEVIR_7G104700v2	0.242659
SEVIR_7G104800v2	0
SEVIR_7G104900v2	0.053676
SEVIR_7G105000v2	40.269123
SEVIR_7G105100v2	30.779948
SEVIR_7G105200v2	0
SEVIR_7G105300v2	4.040734
SEVIR_7G105366v2	10.290307
SEVIR_7G105432v2	9.334745
SEVIR_7G105500v2	11.983619
SEVIR_7G105600v2	23.678032
SEVIR_7G105666v2	1.133171
SEVIR_7G105732v2	1.209458
SEVIR_7G105800v2	13.28161
SEVIR_7G105900v2	49.19913
SEVIR_7G106000v2	9.3224
SEVIR_7G106100v2	8.999251
SEVIR_7G106200v2	7.966846
SEVIR_7G106300v2	0.023534
SEVIR_7G106400v2	0.325565
SEVIR_7G106500v2	0
SEVIR_7G106600v2	17.106286
SEVIR_7G106700v2	8.718172
SEVIR_7G106800v2	970.805819
SEVIR_7G106900v2	0
SEVIR_7G107000v2	2.840487
SEVIR_7G107100v2	1.512791
SEVIR_7G107200v2	21.376221
SEVIR_7G107300v2	27.204574
SEVIR_7G107350v2	0
SEVIR_7G107400v2	3.997467
SEVIR_7G107500v2	0.970473
SEVIR_7G107600v2	23.58559
SEVIR_7G107700v2	20.9047
SEVIR_7G107800v2	20.673653
SEVIR_7G107850v2	19.588583
SEVIR_7G107900v2	0.039255
SEVIR_7G108000v2	15.44231
SEVIR_7G108050v2	0
SEVIR_7G108100v2	0
SEVIR_7G108200v2	24.182193
SEVIR_7G108300v2	20.653941
SEVIR_7G108400v2	0.261109
SEVIR_7G108500v2	21.768079
SEVIR_7G108600v2	5.880078
SEVIR_7G108700v2	7.598244
SEVIR_7G108800v2	3.000449
SEVIR_7G108900v2	51.463994
SEVIR_7G109000v2	664.575658
SEVIR_7G109100v2	26.519797
SEVIR_7G109200v2	3.586937
SEVIR_7G109300v2	0.158022
SEVIR_7G109400v2	0
SEVIR_7G109500v2	44.980003
SEVIR_7G109600v2	0.096312
SEVIR_7G109700v2	18.34306
SEVIR_7G109800v2	0.360411
SEVIR_7G109900v2	0
SEVIR_7G110000v2	6.177903
SEVIR_7G110100v2	57.424153
SEVIR_7G110200v2	3.077902
SEVIR_7G110300v2	7.182943
SEVIR_7G110400v2	0
SEVIR_7G110500v2	5.257914
SEVIR_7G110601v2	0
SEVIR_7G110700v2	0
SEVIR_7G110800v2	5.202005
SEVIR_7G110900v2	4.671648
SEVIR_7G111000v2	0
SEVIR_7G111100v2	44.237847
SEVIR_7G111200v2	0.319864
SEVIR_7G111300v2	32.041416
SEVIR_7G111400v2	7.778532
SEVIR_7G111500v2	2.091575
SEVIR_7G111600v2	0.800493
SEVIR_7G111700v2	20.817201
SEVIR_7G111800v2	4.000757
SEVIR_7G111900v2	35.301156
SEVIR_7G112000v2	0
SEVIR_7G112100v2	0
SEVIR_7G112200v2	2.015775
SEVIR_7G112300v2	1.483514
SEVIR_7G112350v2	0.421307
SEVIR_7G112400v2	21.083604
SEVIR_7G112500v2	21.536185
SEVIR_7G112700v2	17.671759
SEVIR_7G112800v2	20.431767
SEVIR_7G112900v2	0
SEVIR_7G113001v2	163.848365
SEVIR_7G113100v2	6.242815
SEVIR_7G113200v2	21.295544
SEVIR_7G113300v2	64.233524
SEVIR_7G113400v2	0.487565
SEVIR_7G113500v2	4.165375
SEVIR_7G113600v2	28.411383
SEVIR_7G113700v2	33.984329
SEVIR_7G113800v2	22.181178
SEVIR_7G113900v2	0
SEVIR_7G114000v2	0
SEVIR_7G114100v2	0
SEVIR_7G114200v2	0
SEVIR_7G114300v2	0
SEVIR_7G114400v2	0
SEVIR_7G114500v2	0
SEVIR_7G114600v2	0
SEVIR_7G114700v2	0
SEVIR_7G114800v2	0
SEVIR_7G114900v2	0
SEVIR_7G115000v2	0
SEVIR_7G115100v2	0
SEVIR_7G115200v2	1.146538
SEVIR_7G115300v2	0
SEVIR_7G115400v2	9.206056
SEVIR_7G115500v2	144.412319
SEVIR_7G115600v2	0
SEVIR_7G115700v2	55.255716
SEVIR_7G115800v2	0
SEVIR_7G115900v2	3.164485
SEVIR_7G116000v2	0.04364
SEVIR_7G116100v2	0.412639
SEVIR_7G116200v2	14.059182
SEVIR_7G116300v2	7.457381
SEVIR_7G116400v2	0
SEVIR_7G116500v2	1.164954
SEVIR_7G116600v2	1.748083
SEVIR_7G116700v2	4.76057
SEVIR_7G116900v2	3.418889
SEVIR_7G116950v2	17.131227
SEVIR_7G117000v2	1.28409
SEVIR_7G117100v2	23.833741
SEVIR_7G117200v2	9.865011
SEVIR_7G117300v2	0
SEVIR_7G117400v2	2.530294
SEVIR_7G117500v2	25.984618
SEVIR_7G117600v2	0.252252
SEVIR_7G117700v2	30.531271
SEVIR_7G117800v2	0.078181
SEVIR_7G117900v2	0.066911
SEVIR_7G117950v2	0.927161
SEVIR_7G118000v2	7.69939
SEVIR_7G118100v2	74.605535
SEVIR_7G118200v2	5.071008
SEVIR_7G118300v2	3.140873
SEVIR_7G118400v2	7.713631
SEVIR_7G118500v2	0.044215
SEVIR_7G118600v2	36.571046
SEVIR_7G118700v2	61.394803
SEVIR_7G118800v2	0
SEVIR_7G118850v2	0.064581
SEVIR_7G118900v2	19.040617
SEVIR_7G119000v2	24.414495
SEVIR_7G119066v2	0.939105
SEVIR_7G119132v2	1.161101
SEVIR_7G119200v2	0.435348
SEVIR_7G119500v2	17.886923
SEVIR_7G119600v2	16.130605
SEVIR_7G119700v2	17.382333
SEVIR_7G119800v2	15.686649
SEVIR_7G119866v2	0.262267
SEVIR_7G119932v2	0
SEVIR_7G120000v2	0
SEVIR_7G120100v2	0
SEVIR_7G120200v2	0
SEVIR_7G120250v2	0
SEVIR_7G120300v2	49.093366
SEVIR_7G120400v2	0.844414
SEVIR_7G120500v2	15.193323
SEVIR_7G120550v2	0
SEVIR_7G120600v2	12.708561
SEVIR_7G120700v2	0.299522
SEVIR_7G120800v2	96.39208
SEVIR_7G120900v2	10.326633
SEVIR_7G120950v2	0
SEVIR_7G121100v2	0.818761
SEVIR_7G121000v2	3.81233
SEVIR_7G121200v2	8.870798
SEVIR_7G121300v2	75.83263
SEVIR_7G121350v2	3.277535
SEVIR_7G121400v2	63.819568
SEVIR_7G121501v2	0.674549
SEVIR_7G121600v2	0.048053
SEVIR_7G121700v2	18.197445
SEVIR_7G121800v2	0.055878
SEVIR_7G121900v2	1.904328
SEVIR_7G122000v2	4.6028
SEVIR_7G122050v2	0.864788
SEVIR_7G122100v2	0
SEVIR_7G122200v2	0.830464
SEVIR_7G122300v2	0.094853
SEVIR_7G122400v2	14.363957
SEVIR_7G122500v2	0.136156
SEVIR_7G122600v2	0
SEVIR_7G122700v2	21.839599
SEVIR_7G122800v2	3.527733
SEVIR_7G122900v2	0.221542
SEVIR_7G123000v2	0.216575
SEVIR_7G123100v2	0.757596
SEVIR_7G123201v2	1.806317
SEVIR_7G123300v2	9.54823
SEVIR_7G123350v2	0
SEVIR_7G123400v2	30.828302
SEVIR_7G123500v2	9.861862
SEVIR_7G123600v2	5.216418
SEVIR_7G123700v2	0.547093
SEVIR_7G123800v2	11.24915
SEVIR_7G123900v2	11.192063
SEVIR_7G124000v2	30.97644
SEVIR_7G124100v2	0.068233
SEVIR_7G124200v2	36.5007
SEVIR_7G124300v2	1.173688
SEVIR_7G124400v2	21.525102
SEVIR_7G124500v2	46.908474
SEVIR_7G124600v2	8.524204
SEVIR_7G124700v2	3.91713
SEVIR_7G124800v2	4.767675
SEVIR_7G124900v2	0
SEVIR_7G125001v2	0.02335
SEVIR_7G125100v2	24.88547
SEVIR_7G125200v2	27.324293
SEVIR_7G125233v2	0.959587
SEVIR_7G125266v2	0
SEVIR_7G125300v2	0.53104
SEVIR_7G125400v2	0.047655
SEVIR_7G125500v2	176.01846
SEVIR_7G125600v2	4.94055
SEVIR_7G125700v2	55.429745
SEVIR_7G125800v2	2.587012
SEVIR_7G125901v2	0.362214
SEVIR_7G126000v2	1.051417
SEVIR_7G126100v2	0.028502
SEVIR_7G126300v2	9.094465
SEVIR_7G126400v2	3.40115
SEVIR_7G126500v2	32.776347
SEVIR_7G126600v2	5.083509
SEVIR_7G126700v2	61.051727
SEVIR_7G126800v2	10.963428
SEVIR_7G126900v2	5.807697
SEVIR_7G127000v2	0.066868
SEVIR_7G127100v2	0.077398
SEVIR_7G127200v2	9.001705
SEVIR_7G127300v2	0.12403
SEVIR_7G127400v2	1.686614
SEVIR_7G127450v2	0.202888
SEVIR_7G127500v2	58.736273
SEVIR_7G127650v2	14.932311
SEVIR_7G127800v2	32.224521
SEVIR_7G128000v2	4.67684
SEVIR_7G128100v2	18.783774
SEVIR_7G128200v2	2.597009
SEVIR_7G128300v2	6.905446
SEVIR_7G128400v2	8.749574
SEVIR_7G128500v2	8.393399
SEVIR_7G128600v2	0.839791
SEVIR_7G128700v2	0.761491
SEVIR_7G128800v2	0
SEVIR_7G128900v2	0.652888
SEVIR_7G129000v2	0.641966
SEVIR_7G129100v2	0
SEVIR_7G129200v2	69.783185
SEVIR_7G129300v2	0
SEVIR_7G129400v2	15.051931
SEVIR_7G129500v2	49.919327
SEVIR_7G129600v2	52.261818
SEVIR_7G129700v2	15.576507
SEVIR_7G129800v2	17.80535
SEVIR_7G129900v2	0
SEVIR_7G130000v2	3.191766
SEVIR_7G130100v2	5.093721
SEVIR_7G130200v2	6.963767
SEVIR_7G130300v2	12.585077
SEVIR_7G130400v2	11.734664
SEVIR_7G130500v2	0.131398
SEVIR_7G130600v2	14.053466
SEVIR_7G130700v2	33.173169
SEVIR_7G130800v2	9.596588
SEVIR_7G130900v2	5.198361
SEVIR_7G131000v2	4.783566
SEVIR_7G131100v2	21.427429
SEVIR_7G131200v2	12.510693
SEVIR_7G131300v2	18.435849
SEVIR_7G131400v2	0.851406
SEVIR_7G131500v2	0.078667
SEVIR_7G131600v2	14.907359
SEVIR_7G131700v2	1.072619
SEVIR_7G131800v2	13.895835
SEVIR_7G131900v2	0.345702
SEVIR_7G132000v2	53.328347
SEVIR_7G132100v2	5.031356
SEVIR_7G132200v2	3.543612
SEVIR_7G132300v2	0.625832
SEVIR_7G132400v2	235.819374
SEVIR_7G132500v2	4.129712
SEVIR_7G132600v2	0.044322
SEVIR_7G132700v2	0.087545
SEVIR_7G132800v2	2042.918627
SEVIR_7G132900v2	19.72992
SEVIR_7G133000v2	10.049665
SEVIR_7G133100v2	22.617446
SEVIR_7G133200v2	0.040229
SEVIR_7G133300v2	4.909187
SEVIR_7G133400v2	4.559888
SEVIR_7G133500v2	11.691384
SEVIR_7G133600v2	1.399732
SEVIR_7G133700v2	0
SEVIR_7G133800v2	1.317742
SEVIR_7G133900v2	22.41706
SEVIR_7G134000v2	183.327335
SEVIR_7G134100v2	27.984476
SEVIR_7G134200v2	1.271683
SEVIR_7G134300v2	38.28558
SEVIR_7G134400v2	3.510317
SEVIR_7G134500v2	0
SEVIR_7G134700v2	1.085251
SEVIR_7G134600v2	3.584656
SEVIR_7G134800v2	7.017287
SEVIR_7G134900v2	74.529343
SEVIR_7G135000v2	9.406949
SEVIR_7G135100v2	39.613034
SEVIR_7G135200v2	1.636558
SEVIR_7G135300v2	240.379004
SEVIR_7G135401v2	0
SEVIR_7G135500v2	44.428116
SEVIR_7G135600v2	1.751485
SEVIR_7G135700v2	3.871468
SEVIR_7G135800v2	0.089486
SEVIR_7G135900v2	60.745205
SEVIR_7G136000v2	1.284148
SEVIR_7G136100v2	0
SEVIR_7G136200v2	27.395955
SEVIR_7G136300v2	0.370304
SEVIR_7G136400v2	0.015005
SEVIR_7G136500v2	0
SEVIR_7G136600v2	3.381271
SEVIR_7G136700v2	3.580956
SEVIR_7G136800v2	2.413437
SEVIR_7G136900v2	3.200484
SEVIR_7G137000v2	0
SEVIR_7G137100v2	4.99379
SEVIR_7G137200v2	4.898469
SEVIR_7G137300v2	0
SEVIR_7G137400v2	0
SEVIR_7G137500v2	1.638564
SEVIR_7G137550v2	0
SEVIR_7G137600v2	6.779061
SEVIR_7G137700v2	17.575343
SEVIR_7G137800v2	11.178189
SEVIR_7G137900v2	6.413862
SEVIR_7G138000v2	16.729967
SEVIR_7G138100v2	0.017188
SEVIR_7G138200v2	0
SEVIR_7G138300v2	9.948412
SEVIR_7G138400v2	13.976529
SEVIR_7G138500v2	5.492206
SEVIR_7G138600v2	7.579604
SEVIR_7G138800v2	0
SEVIR_7G138900v2	4.197106
SEVIR_7G139000v2	0
SEVIR_7G139100v2	0
SEVIR_7G139200v2	0.378454
SEVIR_7G139250v2	0
SEVIR_7G139300v2	0
SEVIR_7G139400v2	21.866882
SEVIR_7G139500v2	28.131048
SEVIR_7G139600v2	0.369302
SEVIR_7G139700v2	5.097595
SEVIR_7G139800v2	0.4117
SEVIR_7G139900v2	0.284839
SEVIR_7G140000v2	0.502236
SEVIR_7G140100v2	0
SEVIR_7G140300v2	6.201399
SEVIR_7G140400v2	1.379351
SEVIR_7G140500v2	23.460404
SEVIR_7G140600v2	6.541725
SEVIR_7G140700v2	35.320576
SEVIR_7G140800v2	105.126893
SEVIR_7G140900v2	15.898763
SEVIR_7G141000v2	68.494651
SEVIR_7G141100v2	22.800916
SEVIR_7G141200v2	0.031751
SEVIR_7G141300v2	2.44
SEVIR_7G141400v2	0
SEVIR_7G141466v2	20.994108
SEVIR_7G141532v2	5.621405
SEVIR_7G141600v2	9.997001
SEVIR_7G141700v2	2.308494
SEVIR_7G141750v2	2.190797
SEVIR_7G141800v2	0
SEVIR_7G141900v2	0.690501
SEVIR_7G142000v2	0.642045
SEVIR_7G142100v2	0.512058
SEVIR_7G142200v2	0
SEVIR_7G142250v2	2.613194
SEVIR_7G142300v2	11.251528
SEVIR_7G142400v2	4.519718
SEVIR_7G142500v2	0.170635
SEVIR_7G142600v2	0
SEVIR_7G142700v2	9.778626
SEVIR_7G142800v2	0.230249
SEVIR_7G142900v2	488.322414
SEVIR_7G142950v2	0.543225
SEVIR_7G143000v2	0.111783
SEVIR_7G143100v2	14.02862
SEVIR_7G143200v2	0
SEVIR_7G143400v2	0.487889
SEVIR_7G143500v2	0.287536
SEVIR_7G143600v2	0.043283
SEVIR_7G143633v2	0.17718
SEVIR_7G143666v2	0.204871
SEVIR_7G143700v2	0.321764
SEVIR_7G143800v2	1.908861
SEVIR_7G143900v2	4.868315
SEVIR_7G144000v2	13.202908
SEVIR_7G144101v2	0.17692
SEVIR_7G144200v2	0
SEVIR_7G144300v2	10.767744
SEVIR_7G144400v2	7.610664
SEVIR_7G144500v2	2.192038
SEVIR_7G144600v2	80.472537
SEVIR_7G144700v2	1.397997
SEVIR_7G144800v2	0
SEVIR_7G144900v2	93.653147
SEVIR_7G145000v2	7.066898
SEVIR_7G145100v2	5.328136
SEVIR_7G145150v2	0.431221
SEVIR_7G145200v2	5.926711
SEVIR_7G145300v2	20.337907
SEVIR_7G145400v2	15.439764
SEVIR_7G169200v2	0.451919
SEVIR_7G169203v2	0.519557
SEVIR_7G145600v2	4.680206
SEVIR_7G145700v2	0
SEVIR_7G145800v2	0.041227
SEVIR_7G145900v2	5.165133
SEVIR_7G146000v2	1.577537
SEVIR_7G146100v2	0.184138
SEVIR_7G146200v2	28.036117
SEVIR_7G146300v2	0.177136
SEVIR_7G146400v2	8.792627
SEVIR_7G146500v2	14.39298
SEVIR_7G146403v2	0
SEVIR_7G146600v2	110.558746
SEVIR_7G146603v2	1.428781
SEVIR_7G146700v2	0.036371
SEVIR_7G146800v2	0.533573
SEVIR_7G146900v2	45.48577
SEVIR_7G147000v2	1.249712
SEVIR_7G147003v2	0
SEVIR_7G147100v2	0
SEVIR_7G147200v2	9.00156
SEVIR_7G147300v2	0.196757
SEVIR_7G147400v2	0
SEVIR_7G147500v2	9.310515
SEVIR_7G147600v2	17.339606
SEVIR_7G147700v2	1.370488
SEVIR_7G147800v2	0
SEVIR_7G147900v2	0.704937
SEVIR_7G147903v2	0.035551
SEVIR_7G148000v2	0.071347
SEVIR_7G148100v2	289.684827
SEVIR_7G148200v2	3.651329
SEVIR_7G148300v2	4.725115
SEVIR_7G148400v2	0
SEVIR_7G148500v2	5.41404
SEVIR_7G148600v2	0
SEVIR_7G148700v2	2.71061
SEVIR_7G148800v2	0.055616
SEVIR_7G148900v2	34.239663
SEVIR_7G149000v2	1.586298
SEVIR_7G149100v2	3.333537
SEVIR_7G149200v2	1.460245
SEVIR_7G149203v2	1.73512
SEVIR_7G149206v2	0
SEVIR_7G149209v2	0.266379
SEVIR_7G149500v2	1.965275
SEVIR_7G149600v2	0.010299
SEVIR_7G149700v2	37.694209
SEVIR_7G149800v2	8.308858
SEVIR_7G149900v2	6.801316
SEVIR_7G150000v2	103.063126
SEVIR_7G150100v2	6.536284
SEVIR_7G150200v2	0.109847
SEVIR_7G150300v2	91.139495
SEVIR_7G150303v2	0.399133
SEVIR_7G150500v2	11.792941
SEVIR_7G150600v2	11.795916
SEVIR_7G150700v2	7.78571
SEVIR_7G150800v2	0
SEVIR_7G150900v2	14.399129
SEVIR_7G151000v2	8.499955
SEVIR_7G151100v2	0
SEVIR_7G151200v2	1.026936
SEVIR_7G151300v2	0
SEVIR_7G151400v2	0.009984
SEVIR_7G151500v2	0.574545
SEVIR_7G151600v2	25.43619
SEVIR_7G151700v2	0
SEVIR_7G151800v2	6.191268
SEVIR_7G151900v2	21.729033
SEVIR_7G152000v2	139.748813
SEVIR_7G152100v2	32.942089
SEVIR_7G152200v2	43.63739
SEVIR_7G152300v2	45.601857
SEVIR_7G152303v2	0.189631
SEVIR_7G152400v2	0
SEVIR_7G152500v2	10.149159
SEVIR_7G152600v2	29.275802
SEVIR_7G152700v2	0
SEVIR_7G152800v2	11.227639
SEVIR_7G152900v2	34.04487
SEVIR_7G153000v2	1.311068
SEVIR_7G153100v2	12.416051
SEVIR_7G153200v2	128.701843
SEVIR_7G153300v2	2.899858
SEVIR_7G153400v2	30.929142
SEVIR_7G153500v2	17.369044
SEVIR_7G153600v2	1.460477
SEVIR_7G153700v2	26.839237
SEVIR_7G153800v2	12.211368
SEVIR_7G153900v2	16.528635
SEVIR_7G154000v2	2.669744
SEVIR_7G154100v2	0
SEVIR_7G154200v2	6.766514
SEVIR_7G154203v2	0.083756
SEVIR_7G154300v2	1.194052
SEVIR_7G154400v2	4.168372
SEVIR_7G154500v2	5.347115
SEVIR_7G154600v2	1.23191
SEVIR_7G154700v2	4.872854
SEVIR_7G154800v2	21.377753
SEVIR_7G154900v2	22.240624
SEVIR_7G154903v2	0.118108
SEVIR_7G155000v2	0
SEVIR_7G155100v2	0.019706
SEVIR_7G155200v2	0.206214
SEVIR_7G155400v2	1.239184
SEVIR_7G155500v2	0.762338
SEVIR_7G155600v2	10.25477
SEVIR_7G155700v2	4.802434
SEVIR_7G155800v2	27.442282
SEVIR_7G155900v2	2.243457
SEVIR_7G156000v2	22.876757
SEVIR_7G156100v2	10.659228
SEVIR_7G156200v2	5.840299
SEVIR_7G156300v2	3.373057
SEVIR_7G156400v2	15.83378
SEVIR_7G156500v2	0.072124
SEVIR_7G156600v2	0.644561
SEVIR_7G156700v2	28.659278
SEVIR_7G156703v2	0.864788
SEVIR_7G156800v2	43.795764
SEVIR_7G156900v2	0.366669
SEVIR_7G157000v2	10.089255
SEVIR_7G157100v2	17.674088
SEVIR_7G157200v2	9.226202
SEVIR_7G157300v2	11.928502
SEVIR_7G157400v2	0
SEVIR_7G157500v2	3.295641
SEVIR_7G157600v2	0
SEVIR_7G157700v2	21.275011
SEVIR_7G157800v2	2.38407
SEVIR_7G157900v2	30.555282
SEVIR_7G158000v2	24.24192
SEVIR_7G158100v2	5.768082
SEVIR_7G158200v2	0
SEVIR_7G158300v2	36.618117
SEVIR_7G158400v2	9.943964
SEVIR_7G158403v2	0
SEVIR_7G158500v2	0.343809
SEVIR_7G158600v2	0.961138
SEVIR_7G158700v2	6.992922
SEVIR_7G158800v2	4.04563
SEVIR_7G159000v2	1.444268
SEVIR_7G159100v2	11.481592
SEVIR_7G159300v2	3.174363
SEVIR_7G159500v2	1.131137
SEVIR_7G159600v2	4.427267
SEVIR_7G159700v2	9.092768
SEVIR_7G159800v2	2.854217
SEVIR_7G159900v2	1.934867
SEVIR_7G160000v2	2.318012
SEVIR_7G160100v2	1.710083
SEVIR_7G160200v2	31.785763
SEVIR_7G160300v2	5.38746
SEVIR_7G160400v2	8.537666
SEVIR_7G160500v2	19.048681
SEVIR_7G160503v2	73.46841
SEVIR_7G160600v2	53.466889
SEVIR_7G160700v2	53.109914
SEVIR_7G160800v2	38.034903
SEVIR_7G160900v2	10.805241
SEVIR_7G161100v2	125.084663
SEVIR_7G161200v2	0
SEVIR_7G161300v2	26.632557
SEVIR_7G161400v2	126.183209
SEVIR_7G161500v2	27.722369
SEVIR_7G161600v2	38.16426
SEVIR_7G161603v2	0
SEVIR_7G161700v2	11.120213
SEVIR_7G161800v2	6.774827
SEVIR_7G161900v2	55.48342
SEVIR_7G162000v2	0.104544
SEVIR_7G162100v2	19.212633
SEVIR_7G162200v2	1.050296
SEVIR_7G162300v2	562.359234
SEVIR_7G162400v2	2339.470356
SEVIR_7G162500v2	0
SEVIR_7G162600v2	0
SEVIR_7G162700v2	0
SEVIR_7G162800v2	0.047479
SEVIR_7G162900v2	0
SEVIR_7G163000v2	12.497133
SEVIR_7G163100v2	6.356747
SEVIR_7G163200v2	8.491038
SEVIR_7G163400v2	25.518052
SEVIR_7G163300v2	48.077449
SEVIR_7G163403v2	0
SEVIR_7G163500v2	17.865022
SEVIR_7G163600v2	10.137358
SEVIR_7G163700v2	0.048299
SEVIR_7G163703v2	46.84016
SEVIR_7G163706v2	31.335225
SEVIR_7G163709v2	0.11487
SEVIR_7G164000v2	7.818015
SEVIR_7G164100v2	56.450569
SEVIR_7G164103v2	0
SEVIR_7G164200v2	0
SEVIR_7G164300v2	0.147009
SEVIR_7G164400v2	338.44748
SEVIR_7G164500v2	0
SEVIR_7G164600v2	1.6634
SEVIR_7G164700v2	7.221637
SEVIR_7G164800v2	11.128641
SEVIR_7G164803v2	6.223803
SEVIR_7G165000v2	25.940323
SEVIR_7G165100v2	15.714558
SEVIR_7G165200v2	14.57399
SEVIR_7G165300v2	0.348912
SEVIR_7G165400v2	13.626746
SEVIR_7G165500v2	205.391495
SEVIR_7G165503v2	0
SEVIR_7G165600v2	16.133466
SEVIR_7G165700v2	0
SEVIR_7G165800v2	39.436197
SEVIR_7G165900v2	41.476505
SEVIR_7G166000v2	15.342323
SEVIR_7G166100v2	11.545048
SEVIR_7G166200v2	29.264751
SEVIR_7G166300v2	0.127636
SEVIR_7G166500v2	5.318153
SEVIR_7G166600v2	0
SEVIR_7G166700v2	7.40916
SEVIR_7G166800v2	0
SEVIR_7G166900v2	0.153154
SEVIR_7G166903v2	0
SEVIR_7G167000v2	5.907401
SEVIR_7G167100v2	44.410188
SEVIR_7G167103v2	0
SEVIR_7G167200v2	262.553748
SEVIR_7G167300v2	1.61296
SEVIR_7G167400v2	0.030154
SEVIR_7G167500v2	7.07188
SEVIR_7G167600v2	0
SEVIR_7G167700v2	1.594239
SEVIR_7G167800v2	15.165191
SEVIR_7G167900v2	4.087357
SEVIR_7G168000v2	10.293848
SEVIR_7G168003v2	0.153795
SEVIR_7G168300v2	4.604
SEVIR_7G168400v2	0.969558
SEVIR_7G168500v2	0
SEVIR_7G168600v2	4.530705
SEVIR_7G168603v2	0.789817
SEVIR_7G168700v2	1.947857
SEVIR_7G168800v2	3.905339
SEVIR_7G168803v2	24.151437
SEVIR_7G168900v2	0.396445
SEVIR_7G169000v2	4.236163
SEVIR_7G169100v2	32.203793
SEVIR_7G169300v2	0.167785
SEVIR_7G169400v2	3.206612
SEVIR_7G169500v2	22.336997
SEVIR_7G169600v2	0.064035
SEVIR_7G169700v2	6.241676
SEVIR_7G169800v2	236.937196
SEVIR_7G169900v2	32.664806
SEVIR_7G170000v2	299.162137
SEVIR_7G170100v2	0
SEVIR_7G170200v2	33.485376
SEVIR_7G170300v2	0
SEVIR_7G170400v2	0
SEVIR_7G170500v2	10.469819
SEVIR_7G170600v2	34.109772
SEVIR_7G170700v2	3.267442
SEVIR_7G170800v2	4.538172
SEVIR_7G170900v2	23.893101
SEVIR_7G171000v2	8.238826
SEVIR_7G171100v2	10.638132
SEVIR_7G171200v2	45.76812
SEVIR_7G171300v2	22.911042
SEVIR_7G171400v2	17.280453
SEVIR_7G171500v2	45.57896
SEVIR_7G171600v2	15.325879
SEVIR_7G171700v2	0
SEVIR_7G171800v2	2.31437
SEVIR_7G171900v2	0.554114
SEVIR_7G172000v2	12.816354
SEVIR_7G172066v2	9.476247
SEVIR_7G172132v2	19.341804
SEVIR_7G172200v2	11.925903
SEVIR_7G172300v2	16.1151
SEVIR_7G172400v2	8.174411
SEVIR_7G172500v2	0
SEVIR_7G172600v2	0.986704
SEVIR_7G172650v2	0
SEVIR_7G172700v2	11.808746
SEVIR_7G172800v2	0.070071
SEVIR_7G172901v2	0
SEVIR_7G173000v2	3.421193
SEVIR_7G173100v2	0.068851
SEVIR_7G173150v2	0
SEVIR_7G173200v2	2.886723
SEVIR_7G173300v2	63.023901
SEVIR_7G173400v2	9.107057
SEVIR_7G173500v2	6.077875
SEVIR_7G173600v2	2.766438
SEVIR_7G173700v2	0.847931
SEVIR_7G173800v2	0
SEVIR_7G173900v2	2.906261
SEVIR_7G174001v2	0.104217
SEVIR_7G174100v2	0.520654
SEVIR_7G174200v2	1.623737
SEVIR_7G174300v2	30.774728
SEVIR_7G174400v2	0.810285
SEVIR_7G174500v2	1.542064
SEVIR_7G174600v2	0.036301
SEVIR_7G174700v2	0.084704
SEVIR_7G174800v2	0.086393
SEVIR_7G174900v2	0
SEVIR_7G175000v2	9.647156
SEVIR_7G175100v2	9.397603
SEVIR_7G175200v2	397.52984
SEVIR_7G175300v2	37.041204
SEVIR_7G175400v2	7.652897
SEVIR_7G175500v2	12.226592
SEVIR_7G175600v2	0.108176
SEVIR_7G175700v2	0
SEVIR_7G175800v2	0
SEVIR_7G175900v2	1.028916
SEVIR_7G176000v2	0.144536
SEVIR_7G176100v2	13.847387
SEVIR_7G176200v2	6.534563
SEVIR_7G176250v2	0
SEVIR_7G176300v2	0.048342
SEVIR_7G176400v2	24.633892
SEVIR_7G176500v2	0
SEVIR_7G176600v2	17.228523
SEVIR_7G176700v2	7.273901
SEVIR_7G176800v2	0.314582
SEVIR_7G176900v2	0.042806
SEVIR_7G177000v2	16.021269
SEVIR_7G177100v2	0.139418
SEVIR_7G177200v2	10.395593
SEVIR_7G177300v2	10.279713
SEVIR_7G177400v2	0
SEVIR_7G177500v2	1.514876
SEVIR_7G177600v2	0
SEVIR_7G177700v2	0.425616
SEVIR_7G177800v2	0
SEVIR_7G177900v2	0.304481
SEVIR_7G178000v2	19.672617
SEVIR_7G178100v2	0
SEVIR_7G178200v2	134.68708
SEVIR_7G178300v2	38.387949
SEVIR_7G178400v2	43.815949
SEVIR_7G178500v2	36.576313
SEVIR_7G178600v2	0.086995
SEVIR_7G178700v2	157.943234
SEVIR_7G178800v2	5.349979
SEVIR_7G179000v2	8.082068
SEVIR_7G179100v2	1.203229
SEVIR_7G179200v2	7.513848
SEVIR_7G179300v2	16.604342
SEVIR_7G179400v2	25.664652
SEVIR_7G179500v2	0.336145
SEVIR_7G179600v2	0
SEVIR_7G179700v2	22.350514
SEVIR_7G179800v2	4.547476
SEVIR_7G179850v2	2.594365
SEVIR_7G179900v2	1220.859058
SEVIR_7G180100v2	15.901749
SEVIR_7G180000v2	1.414183
SEVIR_7G180200v2	12.938102
SEVIR_7G180300v2	13.096646
SEVIR_7G180400v2	0
SEVIR_7G180500v2	1.068232
SEVIR_7G180600v2	11.600086
SEVIR_7G180700v2	9.49707
SEVIR_7G180800v2	4.082146
SEVIR_7G180900v2	1.692461
SEVIR_7G181000v2	59.572009
SEVIR_7G181100v2	1.056805
SEVIR_7G181200v2	24.28945
SEVIR_7G181250v2	0
SEVIR_7G181300v2	4.147977
SEVIR_7G181400v2	0.633285
SEVIR_7G181500v2	0.10464
SEVIR_7G181600v2	0.963316
SEVIR_7G181700v2	0
SEVIR_7G181800v2	2.592371
SEVIR_7G181900v2	0
SEVIR_7G182000v2	10.111156
SEVIR_7G182100v2	0
SEVIR_7G182200v2	21.721523
SEVIR_7G182300v2	7.446226
SEVIR_7G182400v2	5.924632
SEVIR_7G182500v2	0.08193
SEVIR_7G182600v2	0.038892
SEVIR_7G182700v2	0
SEVIR_7G182800v2	0
SEVIR_7G182900v2	0.422274
SEVIR_7G183000v2	2.077334
SEVIR_7G183100v2	0.451644
SEVIR_7G183200v2	7.2116
SEVIR_7G183300v2	14.383958
SEVIR_7G183400v2	0.289641
SEVIR_7G183500v2	40.310252
SEVIR_7G183600v2	0.970034
SEVIR_7G183700v2	8.744444
SEVIR_7G183800v2	0
SEVIR_7G183901v2	0.070813
SEVIR_7G184000v2	0.130274
SEVIR_7G184100v2	2.044703
SEVIR_7G184200v2	15.165175
SEVIR_7G184300v2	105.493599
SEVIR_7G184400v2	2.609553
SEVIR_7G184500v2	12.291952
SEVIR_7G184600v2	16.809105
SEVIR_7G184700v2	16.480998
SEVIR_7G184800v2	29.335795
SEVIR_7G184900v2	15.147904
SEVIR_7G184933v2	0
SEVIR_7G184966v2	0
SEVIR_7G185000v2	0
SEVIR_7G185100v2	17.577163
SEVIR_7G185150v2	0
SEVIR_7G185200v2	0.189954
SEVIR_7G185300v2	0.247997
SEVIR_7G185400v2	0
SEVIR_7G185450v2	0.207987
SEVIR_7G185500v2	1.381376
SEVIR_7G185600v2	3.406571
SEVIR_7G185700v2	0.057815
SEVIR_7G185801v2	0.078954
SEVIR_7G185900v2	53.272321
SEVIR_7G186000v2	9.669299
SEVIR_7G186100v2	0
SEVIR_7G186200v2	0
SEVIR_7G186300v2	18.408401
SEVIR_7G186400v2	6.260085
SEVIR_7G186425v2	0
SEVIR_7G186450v2	0.225082
SEVIR_7G186475v2	0.519788
SEVIR_7G186500v2	0.334078
SEVIR_7G186600v2	25.769831
SEVIR_7G186800v2	12.268793
SEVIR_7G186850v2	0
SEVIR_7G186900v2	4.281446
SEVIR_7G187000v2	23.112275
SEVIR_7G187100v2	302.249231
SEVIR_7G187200v2	15.105723
SEVIR_7G187300v2	18.169076
SEVIR_7G187400v2	12.956721
SEVIR_7G187450v2	1.848645
SEVIR_7G187500v2	32.75028
SEVIR_7G187600v2	23.719212
SEVIR_7G187700v2	0.532643
SEVIR_7G187750v2	0.117302
SEVIR_7G187800v2	4.814585
SEVIR_7G187900v2	0.897963
SEVIR_7G188000v2	14.141672
SEVIR_7G188100v2	8.256354
SEVIR_7G188200v2	5.794952
SEVIR_7G188250v2	17.861041
SEVIR_7G188300v2	62.189779
SEVIR_7G188400v2	2.130219
SEVIR_7G188500v2	1.243545
SEVIR_7G188600v2	1.425991
SEVIR_7G188700v2	2.096711
SEVIR_7G188800v2	0.016722
SEVIR_7G188900v2	0
SEVIR_7G189000v2	0.370316
SEVIR_7G189100v2	7.77224
SEVIR_7G189200v2	0.048902
SEVIR_7G189300v2	12.663382
SEVIR_7G189400v2	25.031003
SEVIR_7G189500v2	0
SEVIR_7G189600v2	376.766521
SEVIR_7G189700v2	0
SEVIR_7G189800v2	42.921295
SEVIR_7G189900v2	0.251784
SEVIR_7G190000v2	11.341435
SEVIR_7G190100v2	20.542524
SEVIR_7G190200v2	6.786423
SEVIR_7G190250v2	0
SEVIR_7G190300v2	31.517028
SEVIR_7G190400v2	6.487984
SEVIR_7G190500v2	24.199168
SEVIR_7G190600v2	9.471724
SEVIR_7G190700v2	0.62027
SEVIR_7G190800v2	0.223422
SEVIR_7G190900v2	8.761638
SEVIR_7G191000v2	32.397497
SEVIR_7G191050v2	1.970498
SEVIR_7G191100v2	0.131202
SEVIR_7G191200v2	0
SEVIR_7G191300v2	1.566841
SEVIR_7G191350v2	0
SEVIR_7G191400v2	0.343046
SEVIR_7G191500v2	1.308725
SEVIR_7G191600v2	25.36194
SEVIR_7G191700v2	24.788813
SEVIR_7G191900v2	2.582582
SEVIR_7G192000v2	0.269005
SEVIR_7G192100v2	5.543259
SEVIR_7G192200v2	44.641703
SEVIR_7G192300v2	82.898137
SEVIR_7G192400v2	3.751587
SEVIR_7G192500v2	1.038681
SEVIR_7G192600v2	0
SEVIR_7G192700v2	3.360768
SEVIR_7G192800v2	61.631107
SEVIR_7G192900v2	22.19515
SEVIR_7G192950v2	0
SEVIR_7G193000v2	0
SEVIR_7G193100v2	35.925206
SEVIR_7G193200v2	0.336812
SEVIR_7G193300v2	7.983985
SEVIR_7G193500v2	0.508802
SEVIR_7G193600v2	10.061168
SEVIR_7G193700v2	48.113283
SEVIR_7G193800v2	19.556919
SEVIR_7G193900v2	40.025642
SEVIR_7G194000v2	5.564056
SEVIR_7G194100v2	0.090601
SEVIR_7G194200v2	0.039402
SEVIR_7G194300v2	2.26249
SEVIR_7G194400v2	1.262748
SEVIR_7G194500v2	19.325538
SEVIR_7G194600v2	29.163391
SEVIR_7G194700v2	26.528191
SEVIR_7G194800v2	11.89544
SEVIR_7G194900v2	13.601127
SEVIR_7G195000v2	0.122808
SEVIR_7G195100v2	26.467748
SEVIR_7G195200v2	6.676095
SEVIR_7G195400v2	1.199172
SEVIR_7G195300v2	40.289284
SEVIR_7G195500v2	0
SEVIR_7G195700v2	0.229567
SEVIR_7G195800v2	0.005484
SEVIR_7G195900v2	54.607501
SEVIR_7G196000v2	49.217348
SEVIR_7G196033v2	11.184809
SEVIR_7G196066v2	9.512673
SEVIR_7G196100v2	9.79623
SEVIR_7G196200v2	0.232176
SEVIR_7G196250v2	5.093724
SEVIR_7G196300v2	0
SEVIR_7G196350v2	0
SEVIR_7G196400v2	116.096852
SEVIR_7G196500v2	0.278891
SEVIR_7G196600v2	0.299909
SEVIR_7G196800v2	6.990681
SEVIR_7G196900v2	1.400086
SEVIR_7G196950v2	0
SEVIR_7G197000v2	0.205693
SEVIR_7G197100v2	17.901712
SEVIR_7G197200v2	11.407145
SEVIR_7G197300v2	0.214024
SEVIR_7G197400v2	0
SEVIR_7G197500v2	5.091225
SEVIR_7G197600v2	11.445494
SEVIR_7G197700v2	0.926201
SEVIR_7G197800v2	5.970431
SEVIR_7G197900v2	0.166727
SEVIR_7G198000v2	0.111362
SEVIR_7G198050v2	0
SEVIR_7G198100v2	0.330521
SEVIR_7G198200v2	241.47868
SEVIR_7G198300v2	2.612838
SEVIR_7G198400v2	29.665266
SEVIR_7G198500v2	0.616375
SEVIR_7G198600v2	12.980501
SEVIR_7G198700v2	18.646536
SEVIR_7G198800v2	0.86981
SEVIR_7G198900v2	7.332945
SEVIR_7G198950v2	0.106097
SEVIR_7G199000v2	0.037326
SEVIR_7G199100v2	0
SEVIR_7G199200v2	1.152223
SEVIR_7G199300v2	0.231925
SEVIR_7G199400v2	20.384003
SEVIR_7G199475v2	0.317041
SEVIR_7G199550v2	0
SEVIR_7G199625v2	15.374539
SEVIR_7G199700v2	0
SEVIR_7G199800v2	25.764545
SEVIR_7G199900v2	1.540622
SEVIR_7G200000v2	20.484428
SEVIR_7G200100v2	9.462276
SEVIR_7G200200v2	1.714365
SEVIR_7G200300v2	8.130014
SEVIR_7G200400v2	5.640942
SEVIR_7G200450v2	0.741608
SEVIR_7G200500v2	12.858916
SEVIR_7G200600v2	16.761746
SEVIR_7G200800v2	0.344109
SEVIR_7G200700v2	27.490317
SEVIR_7G200900v2	63.845845
SEVIR_7G201000v2	4.385703
SEVIR_7G201100v2	0.024227
SEVIR_7G201200v2	11.687818
SEVIR_7G201300v2	8.81531
SEVIR_7G201400v2	7.909589
SEVIR_7G201500v2	19.297215
SEVIR_7G201600v2	2.102276
SEVIR_7G201700v2	1029.466615
SEVIR_7G201800v2	0.343254
SEVIR_7G201900v2	2.874582
SEVIR_7G202000v2	8.252787
SEVIR_7G202100v2	0
SEVIR_7G202200v2	0.22055
SEVIR_7G202300v2	0.599122
SEVIR_7G202400v2	36.7876
SEVIR_7G202500v2	0
SEVIR_7G202600v2	0
SEVIR_7G202701v2	0
SEVIR_7G202800v2	0
SEVIR_7G202900v2	1.462724
SEVIR_7G203000v2	0.464618
SEVIR_7G203100v2	3.040191
SEVIR_7G203200v2	0.205829
SEVIR_7G203250v2	0
SEVIR_7G203300v2	6.13532
SEVIR_7G203401v2	0
SEVIR_7G203500v2	0
SEVIR_7G203600v2	0.655702
SEVIR_7G203700v2	0
SEVIR_7G203800v2	3.010848
SEVIR_7G203850v2	0
SEVIR_7G203900v2	6.038435
SEVIR_7G204000v2	3.621271
SEVIR_7G204100v2	10.611864
SEVIR_7G204200v2	15.273974
SEVIR_7G204300v2	1.896559
SEVIR_7G204400v2	0
SEVIR_7G204500v2	6.138498
SEVIR_7G204600v2	0
SEVIR_7G204700v2	57.28435
SEVIR_7G204801v2	5.840919
SEVIR_7G204900v2	0
SEVIR_7G205000v2	85.349828
SEVIR_7G205100v2	0.186642
SEVIR_7G205200v2	0.228656
SEVIR_7G205300v2	8.865972
SEVIR_7G205350v2	0
SEVIR_7G205400v2	31.654594
SEVIR_7G205500v2	14.452803
SEVIR_7G205600v2	3.24255
SEVIR_7G205700v2	24.955877
SEVIR_7G205800v2	7.623601
SEVIR_7G205900v2	7.525266
SEVIR_7G206000v2	41.649435
SEVIR_7G206100v2	162.015409
SEVIR_7G206150v2	6.812236
SEVIR_7G206200v2	0.098018
SEVIR_7G206300v2	0.494884
SEVIR_7G206400v2	3.423121
SEVIR_7G206500v2	7.302658
SEVIR_7G206550v2	0
SEVIR_7G206600v2	0
SEVIR_7G206700v2	0
SEVIR_7G206800v2	0.024231
SEVIR_7G206900v2	6.599281
SEVIR_7G207000v2	10.599424
SEVIR_7G207100v2	3.932941
SEVIR_7G207200v2	45.245682
SEVIR_7G207250v2	0
SEVIR_7G207300v2	1.672717
SEVIR_7G207350v2	0
SEVIR_7G207400v2	0.256676
SEVIR_7G207500v2	0.256705
SEVIR_7G207601v2	0.441017
SEVIR_7G207700v2	21.807838
SEVIR_7G207800v2	6.39239
SEVIR_7G207900v2	1.229423
SEVIR_7G208000v2	0.029445
SEVIR_7G208100v2	0
SEVIR_7G208200v2	0
SEVIR_7G208300v2	5.655218
SEVIR_7G208400v2	7.741668
SEVIR_7G208500v2	10.297134
SEVIR_7G208600v2	578.178858
SEVIR_7G208650v2	10.912458
SEVIR_7G208700v2	6.772415
SEVIR_7G208800v2	0
SEVIR_7G208900v2	3.127612
SEVIR_7G209000v2	0
SEVIR_7G209100v2	5.371661
SEVIR_7G209200v2	6.111296
SEVIR_7G209300v2	4.920103
SEVIR_7G209400v2	4.465936
SEVIR_7G209500v2	4.614005
SEVIR_7G209600v2	26.541008
SEVIR_7G209700v2	0
SEVIR_7G209800v2	0.009632
SEVIR_7G209900v2	1.415259
SEVIR_7G210000v2	38.815433
SEVIR_7G210100v2	10.634956
SEVIR_7G210200v2	0
SEVIR_7G210300v2	0.056473
SEVIR_7G210400v2	5.070625
SEVIR_7G210500v2	4.306439
SEVIR_7G210600v2	3.263714
SEVIR_7G210700v2	0
SEVIR_7G210800v2	13.458022
SEVIR_7G210900v2	33.191847
SEVIR_7G211000v2	0.026729
SEVIR_7G211100v2	18.077709
SEVIR_7G211201v2	0
SEVIR_7G211300v2	24.328184
SEVIR_7G211400v2	1.52669
SEVIR_7G211500v2	6.207533
SEVIR_7G211600v2	3.638067
SEVIR_7G211700v2	0.103976
SEVIR_7G211800v2	7.649658
SEVIR_7G211900v2	327.447731
SEVIR_7G212000v2	14.058826
SEVIR_7G212100v2	7.752449
SEVIR_7G212200v2	0.108958
SEVIR_7G212300v2	14.90309
SEVIR_7G212400v2	4.564325
SEVIR_7G212500v2	0
SEVIR_7G212600v2	13.604568
SEVIR_7G212650v2	0
SEVIR_7G212700v2	0
SEVIR_7G212800v2	0
SEVIR_7G212900v2	10.019494
SEVIR_7G213000v2	25.600115
SEVIR_7G213050v2	0
SEVIR_7G213101v2	0.503658
SEVIR_7G213151v2	0
SEVIR_7G213200v2	0
SEVIR_7G213300v2	0.268051
SEVIR_7G213400v2	0.027527
SEVIR_7G213500v2	6.261772
SEVIR_7G213600v2	1.402609
SEVIR_7G213700v2	5.725063
SEVIR_7G213800v2	0.808824
SEVIR_7G213850v2	4.831726
SEVIR_7G213900v2	14.004211
SEVIR_7G214000v2	26.53601
SEVIR_7G214100v2	28.588411
SEVIR_7G214050v2	0
SEVIR_7G214200v2	7.886871
SEVIR_7G214300v2	0
SEVIR_7G214400v2	0
SEVIR_7G214500v2	0
SEVIR_7G214600v2	7.36684
SEVIR_7G214700v2	1.263922
SEVIR_7G214800v2	0
SEVIR_7G214900v2	1.8017
SEVIR_7G215000v2	22.837213
SEVIR_7G215100v2	7.242488
SEVIR_7G215200v2	54.015625
SEVIR_7G215300v2	13.557168
SEVIR_7G215400v2	2.735599
SEVIR_7G215500v2	5.494745
SEVIR_7G215600v2	3.945053
SEVIR_7G215700v2	15.338819
SEVIR_7G215800v2	7.85161
SEVIR_7G215900v2	0.257399
SEVIR_7G216000v2	23.508561
SEVIR_7G216100v2	0.357062
SEVIR_7G216200v2	20.129227
SEVIR_7G216301v2	0.01687
SEVIR_7G216400v2	0
SEVIR_7G216500v2	36.505902
SEVIR_7G216600v2	0
SEVIR_7G216700v2	3.21748
SEVIR_7G216800v2	1.718756
SEVIR_7G216900v2	8.083767
SEVIR_7G217000v2	24.112512
SEVIR_7G217100v2	0.067786
SEVIR_7G217200v2	0.504626
SEVIR_7G217300v2	0.728046
SEVIR_7G217400v2	7.854619
SEVIR_7G217500v2	0.256601
SEVIR_7G217550v2	1.124975
SEVIR_7G217601v2	1.467926
SEVIR_7G217651v2	0.989347
SEVIR_7G217700v2	8.285445
SEVIR_7G217800v2	0.053971
SEVIR_7G217900v2	0.202497
SEVIR_7G218032v2	0
SEVIR_7G217966v2	0
SEVIR_7G218100v2	59.52786
SEVIR_7G218200v2	0.617872
SEVIR_7G218250v2	9.259822
SEVIR_7G218300v2	12.905798
SEVIR_7G218400v2	19.66412
SEVIR_7G218500v2	3.471888
SEVIR_7G218600v2	1.384136
SEVIR_7G218700v2	2.721728
SEVIR_7G218800v2	13.717179
SEVIR_7G218900v2	0.13752
SEVIR_7G219000v2	0.911875
SEVIR_7G219100v2	711.344031
SEVIR_7G219200v2	0.127754
SEVIR_7G219300v2	6.882613
SEVIR_7G219400v2	16.132261
SEVIR_7G219500v2	9.587249
SEVIR_7G219600v2	11.968445
SEVIR_7G219700v2	111.916825
SEVIR_7G219800v2	0.196954
SEVIR_7G219900v2	1.540378
SEVIR_7G220000v2	9.787261
SEVIR_7G220100v2	0.053792
SEVIR_7G220200v2	0.535302
SEVIR_7G220250v2	0
SEVIR_7G220300v2	0.455644
SEVIR_7G220400v2	5.665314
SEVIR_7G220500v2	7.774839
SEVIR_7G220600v2	2.586307
SEVIR_7G220700v2	0.289277
SEVIR_7G220800v2	9.11165
SEVIR_7G220900v2	0.072327
SEVIR_7G221000v2	13.173906
SEVIR_7G221100v2	7.005922
SEVIR_7G221200v2	4.089659
SEVIR_7G221300v2	0.227745
SEVIR_7G221350v2	20.155633
SEVIR_7G221400v2	8.821585
SEVIR_7G221500v2	0.168054
SEVIR_7G221600v2	0.351465
SEVIR_7G221650v2	0
SEVIR_7G221700v2	0
SEVIR_7G221800v2	1.668045
SEVIR_7G221900v2	0
SEVIR_7G222000v2	1.25125
SEVIR_7G222100v2	0.022732
SEVIR_7G222200v2	9.668776
SEVIR_7G222300v2	0.171675
SEVIR_7G222400v2	7.512258
SEVIR_7G222501v2	1.704685
SEVIR_7G222600v2	0
SEVIR_7G222700v2	11.818413
SEVIR_7G222800v2	2.523756
SEVIR_7G222900v2	0.164409
SEVIR_7G223000v2	3.708671
SEVIR_7G223100v2	0
SEVIR_7G223200v2	8.389256
SEVIR_7G223300v2	0
SEVIR_7G223400v2	0
SEVIR_7G223500v2	0
SEVIR_7G223600v2	0
SEVIR_7G223700v2	18.960819
SEVIR_7G223750v2	0.821311
SEVIR_7G223800v2	0
SEVIR_7G223900v2	1.36362
SEVIR_7G223950v2	0.136311
SEVIR_7G224000v2	9.033077
SEVIR_7G224050v2	0
SEVIR_7G224100v2	13.09589
SEVIR_7G224200v2	0.13434
SEVIR_7G224300v2	28.009181
SEVIR_7G224400v2	343.318397
SEVIR_7G224500v2	2.658469
SEVIR_7G224600v2	0.82092
SEVIR_7G224700v2	1.316267
SEVIR_7G224800v2	0.455401
SEVIR_7G224900v2	0.180611
SEVIR_7G225000v2	72.256614
SEVIR_7G225050v2	3.887075
SEVIR_7G225100v2	2.096926
SEVIR_7G225200v2	18.032547
SEVIR_7G225300v2	13.499357
SEVIR_7G225400v2	0.030486
SEVIR_7G225500v2	1.721214
SEVIR_7G225600v2	3.417178
SEVIR_7G225700v2	7.28882
SEVIR_7G225750v2	0.090968
SEVIR_7G225800v2	0.735936
SEVIR_7G225900v2	14.351458
SEVIR_7G226000v2	3.092042
SEVIR_7G226100v2	7.09851
SEVIR_7G226200v2	39.922578
SEVIR_7G226300v2	10.206788
SEVIR_7G226400v2	0.62338
SEVIR_7G226500v2	87.529961
SEVIR_7G226600v2	50.961616
SEVIR_7G226700v2	114.503398
SEVIR_7G226800v2	1.026936
SEVIR_7G226900v2	16.961013
SEVIR_7G227000v2	22.22805
SEVIR_7G227100v2	18.427006
SEVIR_7G227150v2	2.895388
SEVIR_7G227200v2	0.031254
SEVIR_7G227300v2	0.828138
SEVIR_7G227400v2	2.715833
SEVIR_7G227500v2	0
SEVIR_7G227600v2	0
SEVIR_7G227700v2	0.048616
SEVIR_7G227800v2	0.713374
SEVIR_7G227900v2	0
SEVIR_7G227950v2	0
SEVIR_7G228000v2	2.050323
SEVIR_7G228100v2	2.395595
SEVIR_7G228200v2	0.06276
SEVIR_7G228300v2	0.125161
SEVIR_7G228400v2	22.041916
SEVIR_7G228500v2	0.019004
SEVIR_7G228600v2	11.385247
SEVIR_7G228650v2	0
SEVIR_7G228700v2	0.558405
SEVIR_7G228800v2	0
SEVIR_7G228900v2	10.929558
SEVIR_7G229000v2	9.879214
SEVIR_7G229100v2	14.072118
SEVIR_7G229200v2	1.123114
SEVIR_7G229300v2	2.394964
SEVIR_7G229350v2	0
SEVIR_7G229400v2	0.848166
SEVIR_7G229500v2	23.575844
SEVIR_7G229600v2	18.627141
SEVIR_7G229700v2	58.715237
SEVIR_7G229800v2	0
SEVIR_7G229900v2	20.385468
SEVIR_7G230000v2	1.391512
SEVIR_7G230100v2	0
SEVIR_7G230200v2	4.153947
SEVIR_7G230300v2	1.722848
SEVIR_7G230401v2	0
SEVIR_7G230500v2	72.244769
SEVIR_7G230600v2	0.28642
SEVIR_7G230700v2	0
SEVIR_7G230800v2	0
SEVIR_7G230900v2	0
SEVIR_7G231000v2	13.38158
SEVIR_7G231100v2	4.214651
SEVIR_7G231200v2	38.588022
SEVIR_7G231300v2	17.113893
SEVIR_7G231400v2	3.245368
SEVIR_7G231500v2	0
SEVIR_7G231600v2	24.926266
SEVIR_7G231700v2	0.740765
SEVIR_7G231750v2	0
SEVIR_7G231800v2	0.6315
SEVIR_7G231900v2	0
SEVIR_7G232000v2	0.624547
SEVIR_7G232100v2	3.978178
SEVIR_7G232150v2	4.724139
SEVIR_7G232200v2	11.54453
SEVIR_7G232300v2	4.757096
SEVIR_7G232400v2	34.59118
SEVIR_7G232500v2	0
SEVIR_7G232600v2	0.056955
SEVIR_7G232650v2	27.042759
SEVIR_7G232700v2	0.070355
SEVIR_7G232800v2	6.519747
SEVIR_7G232900v2	15.636338
SEVIR_7G233000v2	24.547212
SEVIR_7G233100v2	0.021092
SEVIR_7G233200v2	36.128241
SEVIR_7G233300v2	22.756534
SEVIR_7G233400v2	18.71864
SEVIR_7G233500v2	0
SEVIR_7G233600v2	1.580441
SEVIR_7G233700v2	5.529757
SEVIR_7G233800v2	145.758031
SEVIR_7G233900v2	159.098616
SEVIR_7G234001v2	0
SEVIR_7G234100v2	2.005788
SEVIR_7G234200v2	0
SEVIR_7G234300v2	26.626029
SEVIR_7G234400v2	0
SEVIR_7G234500v2	0.957843
SEVIR_7G234600v2	0
SEVIR_7G234650v2	7.429927
SEVIR_7G234701v2	2.958639
SEVIR_7G234751v2	11.962318
SEVIR_7G234800v2	0.360627
SEVIR_7G234900v2	13.652765
SEVIR_7G235000v2	29.623593
SEVIR_7G235100v2	57.057093
SEVIR_7G235200v2	3.666029
SEVIR_7G235300v2	16.020041
SEVIR_7G235400v2	123.473104
SEVIR_7G235500v2	3.158541
SEVIR_7G235600v2	2.935699
SEVIR_7G235700v2	6.675086
SEVIR_7G235750v2	1.210449
SEVIR_7G235800v2	17.137504
SEVIR_7G235900v2	2.525651
SEVIR_7G236000v2	17.158764
SEVIR_7G236100v2	0.14972
SEVIR_7G236200v2	22.147876
SEVIR_7G236300v2	4.765256
SEVIR_7G236400v2	0.062494
SEVIR_7G236466v2	0
SEVIR_7G236532v2	30.221546
SEVIR_7G236600v2	0.114591
SEVIR_7G236700v2	47.219847
SEVIR_7G236800v2	7.9178
SEVIR_7G236900v2	0.695955
SEVIR_7G237000v2	7.568666
SEVIR_7G237033v2	0
SEVIR_7G237066v2	9.026538
SEVIR_7G237100v2	0
SEVIR_7G237200v2	14.23908
SEVIR_7G237300v2	11.439977
SEVIR_7G237400v2	0.98932
SEVIR_7G237500v2	0.523464
SEVIR_7G237600v2	7.335794
SEVIR_7G237700v2	40.934232
SEVIR_7G237800v2	13.788949
SEVIR_7G237900v2	6.466967
SEVIR_7G238000v2	0
SEVIR_7G238100v2	28.939058
SEVIR_7G238200v2	192.303332
SEVIR_7G238300v2	1.141485
SEVIR_7G238500v2	0
SEVIR_7G238600v2	2.504669
SEVIR_7G238700v2	0
SEVIR_7G238800v2	7.111494
SEVIR_7G238900v2	3.627705
SEVIR_7G239000v2	23.757666
SEVIR_7G239100v2	0.110182
SEVIR_7G239200v2	4.094187
SEVIR_7G239300v2	4.615844
SEVIR_7G239400v2	207.587567
SEVIR_7G239450v2	0
SEVIR_7G239500v2	6.463005
SEVIR_7G239600v2	4.493675
SEVIR_7G239700v2	40.304001
SEVIR_7G239800v2	5.298935
SEVIR_7G239900v2	375.634192
SEVIR_7G240000v2	4.576526
SEVIR_7G240100v2	0.019773
SEVIR_7G240200v2	20.222746
SEVIR_7G240250v2	0
SEVIR_7G240300v2	53.359109
SEVIR_7G240400v2	0.653752
SEVIR_7G240501v2	11.213564
SEVIR_7G240600v2	17.197333
SEVIR_7G240700v2	23.11698
SEVIR_7G240800v2	49.406412
SEVIR_7G240900v2	0.834619
SEVIR_7G241001v2	0
SEVIR_7G241100v2	1.846722
SEVIR_7G241200v2	14.511655
SEVIR_7G241300v2	10.863109
SEVIR_7G241400v2	14.9352
SEVIR_7G241500v2	0.238975
SEVIR_7G241550v2	0
SEVIR_7G241600v2	0
SEVIR_7G241700v2	0.183433
SEVIR_7G241801v2	1.859246
SEVIR_7G241900v2	0.031293
SEVIR_7G241950v2	0.512293
SEVIR_7G242000v2	0
SEVIR_7G242050v2	0
SEVIR_7G242100v2	0
SEVIR_7G242200v2	8.0923
SEVIR_7G242300v2	11.511744
SEVIR_7G242400v2	8.607972
SEVIR_7G242500v2	65.960427
SEVIR_7G242550v2	0
SEVIR_7G242600v2	7.907175
SEVIR_7G242700v2	9.382229
SEVIR_7G242800v2	19.300555
SEVIR_7G243000v2	14.371486
SEVIR_7G243100v2	21.492674
SEVIR_7G243200v2	0.03655
SEVIR_7G243300v2	27.943364
SEVIR_7G243400v2	21.053994
SEVIR_7G243450v2	2.340137
SEVIR_7G243501v2	1.776431
SEVIR_7G243551v2	1.30648
SEVIR_7G243600v2	2.22749
SEVIR_7G243666v2	11.160165
SEVIR_7G243732v2	58.518273
SEVIR_7G243800v2	4.629698
SEVIR_7G243900v2	0.14603
SEVIR_7G244000v2	0.096252
SEVIR_7G244100v2	2.880948
SEVIR_7G244200v2	23.083343
SEVIR_7G244300v2	59.555114
SEVIR_7G244400v2	928.781266
SEVIR_7G244500v2	35.501902
SEVIR_7G244600v2	4.163207
SEVIR_7G244700v2	1.306377
SEVIR_7G244800v2	282.206067
SEVIR_7G244900v2	10.536652
SEVIR_7G245000v2	14.900525
SEVIR_7G245100v2	0.06694
SEVIR_7G245200v2	6.147236
SEVIR_7G245300v2	2.466388
SEVIR_7G245350v2	0.025816
SEVIR_7G245400v2	0
SEVIR_7G245500v2	213.936885
SEVIR_7G245600v2	0.261318
SEVIR_7G245700v2	0.204137
SEVIR_7G245800v2	5.848636
SEVIR_7G245900v2	0
SEVIR_7G245950v2	0.148102
SEVIR_7G246000v2	24.148492
SEVIR_7G246050v2	10.073193
SEVIR_7G246100v2	44.779846
SEVIR_7G246200v2	545.767893
SEVIR_7G246300v2	0
SEVIR_7G246350v2	0.006992
SEVIR_7G246400v2	35.507805
SEVIR_7G246500v2	8.54602
SEVIR_7G246550v2	0.243865
SEVIR_7G246601v2	0
SEVIR_7G246651v2	0.099577
SEVIR_7G246700v2	0.05438
SEVIR_7G246800v2	7.025369
SEVIR_7G246900v2	58.13786
SEVIR_7G247000v2	82.689625
SEVIR_7G247050v2	9.389132
SEVIR_7G247100v2	0.114532
SEVIR_7G247200v2	0
SEVIR_7G247300v2	95.655618
SEVIR_7G247400v2	90.448833
SEVIR_7G247500v2	0
SEVIR_7G247600v2	0.110278
SEVIR_7G247700v2	13.349914
SEVIR_7G247750v2	2.128594
SEVIR_7G247800v2	41.409589
SEVIR_7G247900v2	1888.95425
SEVIR_7G248000v2	1.305924
SEVIR_7G248100v2	1.540391
SEVIR_7G248200v2	5.941923
SEVIR_7G248266v2	4.975755
SEVIR_7G248332v2	2.352615
SEVIR_7G248400v2	10.388258
SEVIR_7G248500v2	11.006291
SEVIR_7G248600v2	19.089029
SEVIR_7G248700v2	3.506325
SEVIR_7G248900v2	0
SEVIR_7G248950v2	0.045124
SEVIR_7G249001v2	0.015321
SEVIR_7G249051v2	5.383373
SEVIR_7G249100v2	0.210435
SEVIR_7G249200v2	0.243896
SEVIR_7G249250v2	22.343791
SEVIR_7G249300v2	0
SEVIR_7G249400v2	0
SEVIR_7G249500v2	0.864022
SEVIR_7G249600v2	1.020627
SEVIR_7G249700v2	9.374834
SEVIR_7G249800v2	4.211105
SEVIR_7G249900v2	4.423642
SEVIR_7G250000v2	0
SEVIR_7G250100v2	13.360008
SEVIR_7G250200v2	3.94579
SEVIR_7G250300v2	30.136761
SEVIR_7G250400v2	180.394773
SEVIR_7G250500v2	1.971414
SEVIR_7G250600v2	70.375785
SEVIR_7G250700v2	0.161036
SEVIR_7G250650v2	0
SEVIR_7G250750v2	0.529322
SEVIR_7G250800v2	0.65995
SEVIR_7G250875v2	1.375415
SEVIR_7G250950v2	0.280816
SEVIR_7G251025v2	0.687438
SEVIR_7G251100v2	0
SEVIR_7G251200v2	84.146878
SEVIR_7G251300v2	0.441984
SEVIR_7G251400v2	2.091906
SEVIR_7G251500v2	5.163606
SEVIR_7G251600v2	0.71309
SEVIR_7G251700v2	0
SEVIR_7G251900v2	36.050294
SEVIR_7G252000v2	103.759978
SEVIR_7G252100v2	14.711042
SEVIR_7G252200v2	0.459828
SEVIR_7G252300v2	3.527623
SEVIR_7G252400v2	37.99943
SEVIR_7G252500v2	11.772124
SEVIR_7G252600v2	82.109754
SEVIR_7G252700v2	1.970215
SEVIR_7G252750v2	34.17612
SEVIR_7G252800v2	46.196063
SEVIR_7G252900v2	0.621838
SEVIR_7G253000v2	1.136707
SEVIR_7G253100v2	0.039365
SEVIR_7G253200v2	0.817559
SEVIR_7G253250v2	0
SEVIR_7G253300v2	0
SEVIR_7G253400v2	0
SEVIR_7G253500v2	1.27589
SEVIR_7G253600v2	0.024582
SEVIR_7G253700v2	0
SEVIR_7G253800v2	3.939357
SEVIR_7G253850v2	2.383316
SEVIR_7G253900v2	0
SEVIR_7G253950v2	1.11882
SEVIR_7G254000v2	19.862424
SEVIR_7G254100v2	0.048604
SEVIR_7G254200v2	84.788909
SEVIR_7G254301v2	0.074015
SEVIR_7G254400v2	3.623373
SEVIR_7G254500v2	25.237854
SEVIR_7G254600v2	6.182026
SEVIR_7G254700v2	81.768884
SEVIR_7G254800v2	0.331939
SEVIR_7G254900v2	0
SEVIR_7G255000v2	0
SEVIR_7G255100v2	42.523891
SEVIR_7G255150v2	0
SEVIR_7G255200v2	0
SEVIR_7G255250v2	7.143905
SEVIR_7G255300v2	231.983379
SEVIR_7G255400v2	0
SEVIR_7G255500v2	0
SEVIR_7G255600v2	21.24585
SEVIR_7G255700v2	10.57618
SEVIR_7G255800v2	1.643029
SEVIR_7G255900v2	0.079973
SEVIR_7G256000v2	34.052063
SEVIR_7G256100v2	5.258463
SEVIR_7G256200v2	0.343346
SEVIR_7G256300v2	15.69118
SEVIR_7G256400v2	0.131976
SEVIR_7G256501v2	0.260227
SEVIR_7G256600v2	0
SEVIR_7G256800v2	0
SEVIR_7G256900v2	0
SEVIR_7G257000v2	0
SEVIR_7G257100v2	0
SEVIR_7G257200v2	0
SEVIR_7G257300v2	5.724293
SEVIR_7G257400v2	67.644518
SEVIR_7G257500v2	23.476737
SEVIR_7G257600v2	17.164498
SEVIR_7G257700v2	11.407254
SEVIR_7G257800v2	4.283053
SEVIR_7G257900v2	5.79917
SEVIR_7G258000v2	4.752856
SEVIR_7G258050v2	1.398381
SEVIR_7G260050v2	2.416154
SEVIR_7G258100v2	0
SEVIR_7G262000v2	0.863229
SEVIR_7G258400v2	2.924887
SEVIR_7G258475v2	2.366796
SEVIR_7G258550v2	0
SEVIR_7G258625v2	5.270807
SEVIR_7G258700v2	0.245609
SEVIR_7G258800v2	0
SEVIR_7G258900v2	1.894585
SEVIR_7G259000v2	7.940906
SEVIR_7G259100v2	24.140304
SEVIR_7G259200v2	8.437668
SEVIR_7G259300v2	0
SEVIR_7G259400v2	84.142144
SEVIR_7G259500v2	5.455327
SEVIR_7G259600v2	0.643952
SEVIR_7G259700v2	14.256833
SEVIR_7G259800v2	0.355165
SEVIR_7G259900v2	28.241453
SEVIR_7G260000v2	7.424284
SEVIR_7G260100v2	70.63388
SEVIR_7G260200v2	0.34369
SEVIR_7G260300v2	15.733557
SEVIR_7G260350v2	0.750488
SEVIR_7G260400v2	6.30765
SEVIR_7G260500v2	3.296132
SEVIR_7G260600v2	162.82267
SEVIR_7G260700v2	19.831052
SEVIR_7G260800v2	25.2143
SEVIR_7G260900v2	0.331207
SEVIR_7G261000v2	0.047456
SEVIR_7G261100v2	4.340954
SEVIR_7G261200v2	0.349891
SEVIR_7G261300v2	11.19137
SEVIR_7G261350v2	2.985372
SEVIR_7G261400v2	16.394893
SEVIR_7G261500v2	0.163414
SEVIR_7G261600v2	14.16076
SEVIR_7G261700v2	303.268797
SEVIR_7G261800v2	0
SEVIR_7G261875v2	5.161918
SEVIR_7G261950v2	8.039804
SEVIR_7G262025v2	0
SEVIR_7G262100v2	0.020815
SEVIR_7G262200v2	8.534264
SEVIR_7G262250v2	0
SEVIR_7G262300v2	19.808446
SEVIR_7G262400v2	0.207434
SEVIR_7G262500v2	46.425057
SEVIR_7G262600v2	0.015418
SEVIR_7G262700v2	1.159637
SEVIR_7G262800v2	0.121663
SEVIR_7G262900v2	0.7451
SEVIR_7G263000v2	0
SEVIR_7G263101v2	0.097408
SEVIR_7G263200v2	0.017954
SEVIR_7G263250v2	0.025749
SEVIR_7G263300v2	0
SEVIR_7G263400v2	0.0877
SEVIR_7G263500v2	0.011932
SEVIR_7G263600v2	0.259015
SEVIR_7G263700v2	0
SEVIR_7G263800v2	0.011423
SEVIR_7G263900v2	0.01765
SEVIR_7G264000v2	0.485308
SEVIR_7G264100v2	0.511666
SEVIR_7G264200v2	0.302904
SEVIR_7G264300v2	0
SEVIR_7G264400v2	0
SEVIR_7G264466v2	0.12038
SEVIR_7G264532v2	0.061334
SEVIR_7G264600v2	96.39549
SEVIR_7G264700v2	28.366027
SEVIR_7G264800v2	66.323009
SEVIR_7G264901v2	5.915153
SEVIR_7G265000v2	3.46589
SEVIR_7G265100v2	91.53442
SEVIR_7G265200v2	0
SEVIR_7G265300v2	14.782963
SEVIR_7G265400v2	40.304535
SEVIR_7G265500v2	22.641259
SEVIR_7G265600v2	0.612315
SEVIR_7G265700v2	1.674467
SEVIR_7G265800v2	56.714784
SEVIR_7G265900v2	139.457275
SEVIR_7G266000v2	18.398932
SEVIR_7G266100v2	2.284982
SEVIR_7G266200v2	16.913417
SEVIR_7G266300v2	1.162829
SEVIR_7G266400v2	0.56071
SEVIR_7G266500v2	5.034845
SEVIR_7G266600v2	13.837705
SEVIR_7G266700v2	0.116008
SEVIR_7G266800v2	73.872717
SEVIR_7G266900v2	11.874919
SEVIR_7G267000v2	547.20705
SEVIR_7G267100v2	18.279009
SEVIR_7G267133v2	0.540166
SEVIR_7G267200v2	109.183024
SEVIR_7G267166v2	0
SEVIR_7G267300v2	0.066792
SEVIR_7G267401v2	6.54437
SEVIR_7G267500v2	1.951826
SEVIR_7G267600v2	0.014331
SEVIR_7G267700v2	1.304309
SEVIR_7G267733v2	1.826906
SEVIR_7G267766v2	0.678661
SEVIR_7G267800v2	1.123218
SEVIR_7G267900v2	0
SEVIR_7G268000v2	0
SEVIR_7G268050v2	1.682627
SEVIR_7G268100v2	0
SEVIR_7G268200v2	0
SEVIR_7G268300v2	48.087251
SEVIR_7G268400v2	0
SEVIR_7G268450v2	2.6363
SEVIR_7G268500v2	0
SEVIR_7G268600v2	76.13118
SEVIR_7G268700v2	2.075382
SEVIR_7G268800v2	0
SEVIR_7G268850v2	0.21738
SEVIR_7G268900v2	0.793366
SEVIR_7G269000v2	33.016897
SEVIR_7G269050v2	1.300914
SEVIR_7G269100v2	28.274589
SEVIR_7G269300v2	6.21252
SEVIR_7G269200v2	0
SEVIR_7G269400v2	18.074079
SEVIR_7G269500v2	61.725363
SEVIR_7G269600v2	5.488953
SEVIR_7G269700v2	53.195978
SEVIR_7G269801v2	0.019134
SEVIR_7G269900v2	0.068321
SEVIR_7G270000v2	23.115998
SEVIR_7G270100v2	2.166983
SEVIR_7G270200v2	28.3788
SEVIR_7G270300v2	25.507131
SEVIR_7G270400v2	0
SEVIR_7G270500v2	3.77596
SEVIR_7G270600v2	0
SEVIR_7G270700v2	0
SEVIR_7G270800v2	44.590918
SEVIR_7G270900v2	7.83103
SEVIR_7G271000v2	40.653414
SEVIR_7G271100v2	3.581246
SEVIR_7G271200v2	10.395748
SEVIR_7G271300v2	24.238471
SEVIR_7G271400v2	1.497955
SEVIR_7G271500v2	1.552041
SEVIR_7G271600v2	0.016704
SEVIR_7G271700v2	0.549731
SEVIR_7G271800v2	98.375492
SEVIR_7G271900v2	0.049088
SEVIR_7G272000v2	0
SEVIR_7G272100v2	0
SEVIR_7G272200v2	0
SEVIR_7G272300v2	0.87553
SEVIR_7G272400v2	1.560639
SEVIR_7G272500v2	7.703078
SEVIR_7G272601v2	1.05708
SEVIR_7G272700v2	20.51003
SEVIR_7G272800v2	6.813166
SEVIR_7G272900v2	0.195644
SEVIR_7G273000v2	7.215745
SEVIR_7G273101v2	1.631558
SEVIR_7G273200v2	28.956756
SEVIR_7G273300v2	7.726016
SEVIR_7G273400v2	0.264659
SEVIR_7G273500v2	0.335306
SEVIR_7G273600v2	71.252534
SEVIR_7G273650v2	0
SEVIR_7G273701v2	0
SEVIR_7G273751v2	0.48261
SEVIR_7G273800v2	19.355737
SEVIR_7G273900v2	1.426057
SEVIR_7G274000v2	3.159322
SEVIR_7G274100v2	26.319565
SEVIR_7G274150v2	0.696668
SEVIR_7G274200v2	63.235586
SEVIR_7G274300v2	0.139366
SEVIR_7G274400v2	27.662523
SEVIR_7G274450v2	2.466153
SEVIR_7G274500v2	3.535359
SEVIR_7G274600v2	0.038829
SEVIR_7G274700v2	7.542277
SEVIR_7G274800v2	0.061192
SEVIR_7G274900v2	138.841789
SEVIR_7G275000v2	30.21993
SEVIR_7G275100v2	2.727484
SEVIR_7G275200v2	2.4559
SEVIR_7G275300v2	16.287355
SEVIR_7G275400v2	0.188335
SEVIR_7G275501v2	0.074585
SEVIR_7G275600v2	625.676947
SEVIR_7G275700v2	55.212137
SEVIR_7G275800v2	2.264
SEVIR_7G275850v2	5.124163
SEVIR_7G275900v2	10.943233
SEVIR_7G276001v2	52.37022
SEVIR_7G276101v2	0
SEVIR_7G276201v2	1.413054
SEVIR_7G276300v2	106.994045
SEVIR_7G276400v2	9.846646
SEVIR_7G276500v2	26.390203
SEVIR_7G276600v2	0.111224
SEVIR_7G276700v2	0.108092
SEVIR_7G276800v2	0
SEVIR_7G276900v2	0
SEVIR_7G277000v2	0
SEVIR_7G277100v2	5.473235
SEVIR_7G277200v2	0
SEVIR_7G277300v2	0.093792
SEVIR_7G277400v2	0.067834
SEVIR_7G277450v2	20.161876
SEVIR_7G277500v2	82.664902
SEVIR_7G277600v2	0
SEVIR_7G277700v2	0
SEVIR_7G277800v2	1.932966
SEVIR_7G277900v2	0
SEVIR_7G278000v2	10.876617
SEVIR_7G278100v2	40.149071
SEVIR_7G278200v2	74.682559
SEVIR_7G278300v2	35.386548
SEVIR_7G278400v2	73.267874
SEVIR_7G278500v2	43.671223
SEVIR_7G278566v2	0.774887
SEVIR_7G278632v2	0.452373
SEVIR_7G278700v2	1011.077756
SEVIR_7G278800v2	9.975089
SEVIR_7G278900v2	32.861962
SEVIR_7G279000v2	62.286203
SEVIR_7G279100v2	17.598622
SEVIR_7G279200v2	130.610355
SEVIR_7G279300v2	19.388387
SEVIR_7G279350v2	0
SEVIR_7G279400v2	0.270697
SEVIR_7G279500v2	0.019735
SEVIR_7G279600v2	0
SEVIR_7G279650v2	0
SEVIR_7G279700v2	0.395665
SEVIR_7G279800v2	13.511119
SEVIR_7G279900v2	247.334049
SEVIR_7G280000v2	75.862874
SEVIR_7G280100v2	12.937687
SEVIR_7G280200v2	56.717406
SEVIR_7G280300v2	2.709254
SEVIR_7G280400v2	0
SEVIR_7G280500v2	6.859364
SEVIR_7G280600v2	382.860555
SEVIR_7G280700v2	10.627084
SEVIR_7G280800v2	3.055828
SEVIR_7G280833v2	0
SEVIR_7G280866v2	0
SEVIR_7G280900v2	16.57907
SEVIR_7G281000v2	6.419402
SEVIR_7G281100v2	19.559413
SEVIR_7G281200v2	107.145423
SEVIR_7G281300v2	49.126341
SEVIR_7G281400v2	112.964158
SEVIR_7G281501v2	0.55818
SEVIR_7G281600v2	132.586727
SEVIR_7G281700v2	25.964174
SEVIR_7G281800v2	738.834525
SEVIR_7G281900v2	0
SEVIR_7G282000v2	0
SEVIR_7G282100v2	1.263902
SEVIR_7G282200v2	2.520207
SEVIR_7G282250v2	5.506032
SEVIR_7G282300v2	18.626535
SEVIR_7G282400v2	0.038462
SEVIR_7G282466v2	0.06709
SEVIR_7G282532v2	3.065088
SEVIR_7G282600v2	36.824226
SEVIR_7G282800v2	5.243354
SEVIR_7G282700v2	0
SEVIR_7G282900v2	13.08012
SEVIR_7G283000v2	5.374299
SEVIR_7G283100v2	0.803855
SEVIR_7G283200v2	0
SEVIR_7G283300v2	76.891277
SEVIR_7G283400v2	31.715509
SEVIR_7G283500v2	0.091617
SEVIR_7G283600v2	28.697468
SEVIR_7G283700v2	0.263964
SEVIR_7G283800v2	2.86141
SEVIR_7G283900v2	0
SEVIR_7G284000v2	0.371783
SEVIR_7G284066v2	0.043199
SEVIR_7G284132v2	68.254045
SEVIR_7G284200v2	214.540382
SEVIR_7G284300v2	28.566882
SEVIR_7G284400v2	0.338924
SEVIR_7G284500v2	4.098114
SEVIR_7G284600v2	12.571855
SEVIR_7G284700v2	6.982125
SEVIR_7G284800v2	9.912865
SEVIR_7G285000v2	37.320796
SEVIR_7G285100v2	0.262626
SEVIR_7G285200v2	3.490632
SEVIR_7G285300v2	0.479636
SEVIR_7G285400v2	23.864894
SEVIR_7G285501v2	0
SEVIR_7G285600v2	0.565187
SEVIR_7G285700v2	26.528772
SEVIR_7G285800v2	10.222404
SEVIR_7G285900v2	0.036362
SEVIR_7G286000v2	1.277773
SEVIR_7G286100v2	64.691063
SEVIR_7G286200v2	0.311308
SEVIR_7G286266v2	5.735918
SEVIR_7G286332v2	1.058226
SEVIR_7G286400v2	0
SEVIR_7G286433v2	0
SEVIR_7G286466v2	0
SEVIR_7G286500v2	0.133791
SEVIR_7G286550v2	2.927581
SEVIR_7G286601v2	0
SEVIR_7G286651v2	0
SEVIR_7G286701v2	0
SEVIR_7G286751v2	0.10183
SEVIR_7G286800v2	0
SEVIR_7G286900v2	5.099699
SEVIR_7G287000v2	0
SEVIR_7G287100v2	15.939179
SEVIR_7G287200v2	48.467728
SEVIR_7G287300v2	17.478975
SEVIR_7G287400v2	0.355985
SEVIR_7G287500v2	11.28034
SEVIR_7G287600v2	9.065904
SEVIR_7G287700v2	0.335014
SEVIR_7G287750v2	0
SEVIR_7G287800v2	175.935838
SEVIR_7G287900v2	8.658488
SEVIR_7G287950v2	28.743368
SEVIR_7G288000v2	9.635347
SEVIR_7G288100v2	5.091328
SEVIR_7G288150v2	25.278432
SEVIR_7G288200v2	17.457917
SEVIR_7G288300v2	12.585213
SEVIR_7G288400v2	1.528811
SEVIR_7G288500v2	4.089124
SEVIR_7G288601v2	6.100855
SEVIR_7G288700v2	0.180533
SEVIR_7G288800v2	50.668149
SEVIR_7G288901v2	3.501213
SEVIR_7G289000v2	0.056762
SEVIR_7G289101v2	0.588669
SEVIR_7G289200v2	0
SEVIR_7G289300v2	6.54194
SEVIR_7G289400v2	5.197366
SEVIR_7G289500v2	82.587581
SEVIR_7G289600v2	11.314573
SEVIR_7G289700v2	8.335134
SEVIR_7G289800v2	0.817718
SEVIR_7G289901v2	0.065848
SEVIR_7G290000v2	0.248335
SEVIR_7G290100v2	0
SEVIR_7G290200v2	2.630843
SEVIR_7G290250v2	0.552508
SEVIR_7G290300v2	8.824896
SEVIR_7G290400v2	1.305175
SEVIR_7G290500v2	10.20982
SEVIR_7G290600v2	0.399085
SEVIR_7G290700v2	26.211178
SEVIR_7G290800v2	29.321574
SEVIR_7G290900v2	44.425944
SEVIR_7G291000v2	44.672657
SEVIR_7G291100v2	3.921094
SEVIR_7G291200v2	0
SEVIR_7G291266v2	0.614584
SEVIR_7G291332v2	0.580021
SEVIR_7G291400v2	4.982107
SEVIR_7G291500v2	17.434222
SEVIR_7G291600v2	19.877579
SEVIR_7G291700v2	20.548402
SEVIR_7G291800v2	36.307939
SEVIR_7G291900v2	0.13468
SEVIR_7G292000v2	21.764386
SEVIR_7G292050v2	1.16378
SEVIR_7G292100v2	0.338831
SEVIR_7G292200v2	148.845356
SEVIR_7G292300v2	23.697257
SEVIR_7G292400v2	0.949028
SEVIR_7G292500v2	7.149225
SEVIR_7G292600v2	38.773911
SEVIR_7G292700v2	2.988571
SEVIR_7G292800v2	0
SEVIR_7G292866v2	1.057582
SEVIR_7G292932v2	0
SEVIR_7G293000v2	12.18962
SEVIR_7G293100v2	7.317005
SEVIR_7G293200v2	0
SEVIR_7G293300v2	5.237803
SEVIR_7G293400v2	1.268066
SEVIR_7G293500v2	0.712114
SEVIR_7G293600v2	1.592501
SEVIR_7G293700v2	187.466224
SEVIR_7G293800v2	16.815026
SEVIR_7G293900v2	37.111014
SEVIR_7G294000v2	3.177203
SEVIR_7G294100v2	71.234539
SEVIR_7G294200v2	0.528094
SEVIR_7G294300v2	0.104087
SEVIR_7G294400v2	0.01967
SEVIR_7G294500v2	0
SEVIR_7G294600v2	0
SEVIR_7G294700v2	19.231592
SEVIR_7G294800v2	11.258669
SEVIR_7G294900v2	14.260491
SEVIR_7G295000v2	0.539206
SEVIR_7G295050v2	47.575642
SEVIR_7G295100v2	0.185902
SEVIR_7G295200v2	60.290606
SEVIR_7G295300v2	13.304697
SEVIR_7G295400v2	2.792944
SEVIR_7G295500v2	10.034945
SEVIR_7G295600v2	0.64446
SEVIR_7G295700v2	9.003637
SEVIR_7G295800v2	124.209311
SEVIR_7G295900v2	13.718455
SEVIR_7G296000v2	1.064452
SEVIR_7G296100v2	0
SEVIR_7G296150v2	7.365612
SEVIR_7G296201v2	0
SEVIR_7G296251v2	0.445041
SEVIR_7G296300v2	0.054127
SEVIR_7G296633v2	1.448757
SEVIR_7G296966v2	12.107039
SEVIR_7G297300v2	6.806318
SEVIR_7G297757v2	0.137411
SEVIR_7G298214v2	21.893682
SEVIR_7G298671v2	201.508147
SEVIR_7G299128v2	7.115437
SEVIR_7G299585v2	0.089076
SEVIR_7G300042v2	20.793849
SEVIR_7G300500v2	1.525934
SEVIR_7G300600v2	0.182044
SEVIR_7G300700v2	17.304699
SEVIR_7G300720v2	0.201921
SEVIR_7G300740v2	0.173593
SEVIR_7G300760v2	1.376202
SEVIR_7G300780v2	0.125266
SEVIR_7G300800v2	0
SEVIR_7G300900v2	14.247386
SEVIR_7G301001v2	3.219481
SEVIR_7G301100v2	1.169531
SEVIR_7G301150v2	2.496043
SEVIR_7G301200v2	0.223646
SEVIR_7G301203v2	0
SEVIR_7G301206v2	2.335616
SEVIR_7G301209v2	6.612828
SEVIR_7G301212v2	0.192693
SEVIR_7G296500v2	0
SEVIR_7G296503v2	0.996078
SEVIR_7G296506v2	1.638867
SEVIR_7G296600v2	1.767048
SEVIR_7G296603v2	15.883123
SEVIR_7G296800v2	0.148986
SEVIR_7G296803v2	2.050046
SEVIR_7G296900v2	0.112479
SEVIR_7G296903v2	40.515108
SEVIR_7G296906v2	83.725032
SEVIR_7G297100v2	0
SEVIR_7G297103v2	0
SEVIR_7G297106v2	1.848399
SEVIR_7G297109v2	1.178125
SEVIR_7G297112v2	12.107039
SEVIR_7G297115v2	5.940843
SEVIR_7G297400v2	9.261628
SEVIR_7G297500v2	40.090734
SEVIR_7G297600v2	4.337136
SEVIR_7G297603v2	0.178695
SEVIR_7G297800v2	4.44557
SEVIR_7G297803v2	13.508215
SEVIR_7G297806v2	0.03861
SEVIR_7G297809v2	42.211694
SEVIR_7G297812v2	1.078001
SEVIR_7G297815v2	0
SEVIR_7G298200v2	8.967236
SEVIR_7G298300v2	0
SEVIR_7G298400v2	0
SEVIR_7G298500v2	0.213309
SEVIR_7G298600v2	10.272702
SEVIR_7G298700v2	2.819668
SEVIR_7G298800v2	1.4775
SEVIR_7G298900v2	5.635075
SEVIR_7G299000v2	9.084188
SEVIR_7G299100v2	2.572774
SEVIR_7G299103v2	1.200756
SEVIR_7G299106v2	0.373253
SEVIR_7G299300v2	12.093269
SEVIR_7G299400v2	0.175732
SEVIR_7G299500v2	0.544113
SEVIR_7G299600v2	34.437066
SEVIR_7G299603v2	0
SEVIR_7G299700v2	19.14919
SEVIR_7G299800v2	0
SEVIR_7G299900v2	9.591001
SEVIR_7G300000v2	0
SEVIR_7G300100v2	2.499481
SEVIR_7G300200v2	2.617839
SEVIR_7G300300v2	7.186984
SEVIR_7G300400v2	460.699516
SEVIR_7G300403v2	1.653838
SEVIR_7G301300v2	223.616522
SEVIR_7G301400v2	3.146069
SEVIR_7G301500v2	2.059098
SEVIR_7G301600v2	4.845012
SEVIR_7G301700v2	0.45791
SEVIR_7G301800v2	45.427979
SEVIR_7G301900v2	4.130629
SEVIR_7G302001v2	0.093901
SEVIR_7G302100v2	15.784307
SEVIR_7G302200v2	15.469511
SEVIR_7G302300v2	34.5067
SEVIR_7G302400v2	37.616925
SEVIR_7G302500v2	0
SEVIR_7G302600v2	8.284776
SEVIR_7G302700v2	0
SEVIR_7G302800v2	0
SEVIR_7G302900v2	0.073638
SEVIR_7G302933v2	0
SEVIR_7G302966v2	0.773223
SEVIR_7G303000v2	8.403351
SEVIR_7G303100v2	21.794529
SEVIR_7G303200v2	525.706579
SEVIR_7G303300v2	0.351465
SEVIR_7G303400v2	4.688596
SEVIR_7G303500v2	0.185085
SEVIR_7G303601v2	0.166862
SEVIR_7G303701v2	0.940782
SEVIR_7G303800v2	0.722241
SEVIR_7G303900v2	0
SEVIR_7G304000v2	0
SEVIR_7G304100v2	3.80577
SEVIR_7G304200v2	149.002128
SEVIR_7G304266v2	3.817987
SEVIR_7G304332v2	1.729577
SEVIR_7G304400v2	44.197989
SEVIR_7G304500v2	0.424063
SEVIR_7G304600v2	0
SEVIR_7G304700v2	0
SEVIR_7G304800v2	1.541285
SEVIR_7G304900v2	39.031897
SEVIR_7G305100v2	21.07346
SEVIR_7G305200v2	11.875969
SEVIR_7G305300v2	3.942533
SEVIR_7G305350v2	0.883504
SEVIR_7G305400v2	25.046594
SEVIR_7G305500v2	13.392247
SEVIR_7G305601v2	0
SEVIR_7G305700v2	0.232983
SEVIR_7G305801v2	0.706072
SEVIR_7G305900v2	146.749411
SEVIR_7G306000v2	114.342672
SEVIR_7G306100v2	90.397153
SEVIR_7G306200v2	0.379115
SEVIR_7G306300v2	44.686455
SEVIR_7G306400v2	29.269764
SEVIR_7G306450v2	4.248639
SEVIR_7G306500v2	3.452552
SEVIR_7G306600v2	36.690893
SEVIR_7G306700v2	0.7633
SEVIR_7G306800v2	0.242037
SEVIR_7G306900v2	0.032131
SEVIR_7G307000v2	0
SEVIR_7G307200v2	0.149074
SEVIR_7G307300v2	5.258917
SEVIR_7G307400v2	10.304665
SEVIR_7G307500v2	18.852394
SEVIR_7G307601v2	0.535587
SEVIR_7G307700v2	17.987833
SEVIR_7G307801v2	0.881383
SEVIR_7G307900v2	29.034794
SEVIR_7G308000v2	0.397151
SEVIR_7G308100v2	0
SEVIR_7G308200v2	4.716356
SEVIR_7G308300v2	6.715688
SEVIR_7G308400v2	0
SEVIR_7G308500v2	0.849357
SEVIR_7G308600v2	9.273557
SEVIR_7G308700v2	8.752512
SEVIR_7G308800v2	67.803318
SEVIR_7G308900v2	2.041693
SEVIR_7G309000v2	2.681272
SEVIR_7G309100v2	0.186034
SEVIR_7G309200v2	0.538721
SEVIR_7G309300v2	71.732862
SEVIR_7G309400v2	0.27729
SEVIR_7G309433v2	0
SEVIR_7G309466v2	0.419514
SEVIR_7G309500v2	0
SEVIR_7G309600v2	0
SEVIR_7G309700v2	0
SEVIR_7G309800v2	1.776322
SEVIR_7G309850v2	0.502745
SEVIR_7G309900v2	21.291729
SEVIR_7G310000v2	0.31897
SEVIR_7G310100v2	1.300904
SEVIR_7G310200v2	3.096249
SEVIR_7G310300v2	46.985694
SEVIR_7G310400v2	0
SEVIR_7G310500v2	0.031973
SEVIR_7G310600v2	0.031547
SEVIR_7G310700v2	2.494668
SEVIR_7G310800v2	0.010223
SEVIR_7G310900v2	1.689166
SEVIR_7G311000v2	9.188905
SEVIR_7G311100v2	6.327423
SEVIR_7G311200v2	0.305089
SEVIR_7G311300v2	0
SEVIR_7G311400v2	7.972399
SEVIR_7G311500v2	0
SEVIR_7G311600v2	7.203547
SEVIR_7G311700v2	0
SEVIR_7G311800v2	0
SEVIR_7G311900v2	13.644881
SEVIR_7G311940v2	18.013854
SEVIR_7G311980v2	0.794952
SEVIR_7G312020v2	34.111295
SEVIR_7G312060v2	0.021769
SEVIR_7G312100v2	0.279553
SEVIR_7G312200v2	0
SEVIR_7G312300v2	2.472008
SEVIR_7G312400v2	0.228057
SEVIR_7G312466v2	0
SEVIR_7G312532v2	0
SEVIR_7G312600v2	0.957652
SEVIR_7G312700v2	1.232426
SEVIR_7G312801v2	1.367664
SEVIR_7G312900v2	7.81754
SEVIR_7G313000v2	0
SEVIR_7G313100v2	1.402966
SEVIR_7G313200v2	10.511821
SEVIR_7G313300v2	0
SEVIR_7G313333v2	0
SEVIR_7G313366v2	0
SEVIR_7G313400v2	2.858236
SEVIR_7G313500v2	0
SEVIR_7G313600v2	0
SEVIR_7G313800v2	1.076268
SEVIR_7G313700v2	0
SEVIR_7G313900v2	0
SEVIR_7G313950v2	0
SEVIR_7G314000v2	24.263736
SEVIR_7G314100v2	2.662569
SEVIR_7G314200v2	0
SEVIR_7G314300v2	27.024101
SEVIR_7G314400v2	0.422385
SEVIR_7G314500v2	4.93126
SEVIR_7G314600v2	7.52338
SEVIR_7G314700v2	0.017884
SEVIR_7G314800v2	4.863724
SEVIR_7G314825v2	0
SEVIR_7G314875v2	6.70656
SEVIR_7G314850v2	0
SEVIR_7G314900v2	12.089532
SEVIR_7G315000v2	0
SEVIR_7G315100v2	7.377797
SEVIR_7G315200v2	14.596196
SEVIR_7G315300v2	2.386854
SEVIR_7G315400v2	4.592231
SEVIR_7G315500v2	6.65385
SEVIR_7G315566v2	0
SEVIR_7G315632v2	4.021396
SEVIR_7G315700v2	0.091959
SEVIR_7G315800v2	0.355798
SEVIR_7G315900v2	1.016395
SEVIR_7G316000v2	0
SEVIR_7G316100v2	47.475943
SEVIR_7G316200v2	10.145139
SEVIR_7G316300v2	2.924493
SEVIR_7G316400v2	0.119553
SEVIR_7G316450v2	0
SEVIR_7G316501v2	5.924621
SEVIR_7G316551v2	2.449038
SEVIR_7G316600v2	1.50392
SEVIR_7G316700v2	5.458839
SEVIR_7G316800v2	20.862552
SEVIR_7G316900v2	0.057093
SEVIR_7G317000v2	0.308169
SEVIR_7G317050v2	7.38107
SEVIR_7G317100v2	2.973252
SEVIR_7G317200v2	9.545257
SEVIR_7G317300v2	31.271965
SEVIR_7G317400v2	84.94362
SEVIR_7G317500v2	2.592958
SEVIR_7G317600v2	2.815913
SEVIR_7G317700v2	123.878832
SEVIR_7G317800v2	15.513033
SEVIR_7G317900v2	0
SEVIR_7G318000v2	0.156493
SEVIR_7G318100v2	360.096465
SEVIR_7G318200v2	3.929577
SEVIR_7G318300v2	0.065014
SEVIR_7G318400v2	2.679406
SEVIR_7G318501v2	0
SEVIR_7G318600v2	1.199319
SEVIR_7G318650v2	4.876496
SEVIR_7G318701v2	1.317876
SEVIR_7G318751v2	1.24329
SEVIR_7G318801v2	5.180492
SEVIR_7G318851v2	1.197112
SEVIR_7G318901v2	2.843914
SEVIR_7G318951v2	4.755686
SEVIR_7G319000v2	5.104085
SEVIR_7G319100v2	0.164944
SEVIR_7G319200v2	6.413615
SEVIR_7G319300v2	4.170806
SEVIR_7G319400v2	0.877417
SEVIR_7G319466v2	0.107175
SEVIR_7G319532v2	0.586755
SEVIR_7G319600v2	0.616384
SEVIR_7G319700v2	3.453336
SEVIR_7G319800v2	0
SEVIR_7G319900v2	9.482576
SEVIR_7G320000v2	3.022376
SEVIR_7G320050v2	0.076499
SEVIR_7G320101v2	5.444884
SEVIR_7G320151v2	15.950308
SEVIR_7G320201v2	0.851977
SEVIR_7G320251v2	9.732401
SEVIR_7G320300v2	1.190651
SEVIR_7G320400v2	16.902352
SEVIR_7G320500v2	45.557091
SEVIR_7G320600v2	1.370212
SEVIR_7G320700v2	0
SEVIR_7G320800v2	17.897978
SEVIR_7G320900v2	0.570885
SEVIR_7G321000v2	60.603624
SEVIR_7G321101v2	0.032592
SEVIR_7G321200v2	0.195391
SEVIR_7G321300v2	10.120993
SEVIR_7G321400v2	1.250948
SEVIR_7G321500v2	1.300151
SEVIR_7G321600v2	4.375806
SEVIR_7G321700v2	0
SEVIR_7G321800v2	0
SEVIR_7G321901v2	16.616283
SEVIR_7G320200v2	0.111674
SEVIR_7G322000v2	2.211949
SEVIR_7G322100v2	0.061327
SEVIR_7G322200v2	0
SEVIR_7G322300v2	2.22533
SEVIR_7G322400v2	26.022494
SEVIR_7G322500v2	0.630556
SEVIR_7G322600v2	0.073955
SEVIR_7G322700v2	2.352577
SEVIR_7G322800v2	0.581635
SEVIR_7G322900v2	39.02358
SEVIR_7G323001v2	0.892393
SEVIR_7G323100v2	14.403469
SEVIR_7G323200v2	1.170454
SEVIR_7G323300v2	0.218691
SEVIR_7G323400v2	0.073781
SEVIR_7G323450v2	30.439414
SEVIR_7G323500v2	0.058933
SEVIR_7G323600v2	3.174197
SEVIR_7G323700v2	2.953142
SEVIR_7G323800v2	86.384936
SEVIR_7G323900v2	0.150738
SEVIR_7G324000v2	400.728096
SEVIR_7G324100v2	19.624635
SEVIR_7G324200v2	16.065644
SEVIR_7G324300v2	17.10321
SEVIR_7G324400v2	0.439813
SEVIR_7G324500v2	22.326219
SEVIR_7G324600v2	1.379465
SEVIR_7G324700v2	75.619683
SEVIR_7G324801v2	48.092411
SEVIR_7G324900v2	14.34003
SEVIR_7G325000v2	2.379456
SEVIR_7G325100v2	0.365133
SEVIR_7G325200v2	0
SEVIR_7G325300v2	51.879991
SEVIR_7G325400v2	3.183347
SEVIR_7G325500v2	22.168742
SEVIR_7G325600v2	14.954387
SEVIR_7G325650v2	0.525878
SEVIR_7G325700v2	109.66465
SEVIR_7G325800v2	0
SEVIR_7G325900v2	0
SEVIR_7G326000v2	0.684624
SEVIR_7G326100v2	54.382381
SEVIR_7G326200v2	0.520084
SEVIR_7G326300v2	0.432496
SEVIR_7G326600v2	4.096659
SEVIR_7G326701v2	4.459952
SEVIR_7G326800v2	37.491209
SEVIR_7G326900v2	23.785117
SEVIR_7G327000v2	0.403424
SEVIR_7G327101v2	1.02525
SEVIR_7G327200v2	0.030433
SEVIR_7G327300v2	0.051559
SEVIR_7G327400v2	0.158828
SEVIR_7G327500v2	23.665558
SEVIR_7G327600v2	0
SEVIR_7G327700v2	0
SEVIR_7G327750v2	0.459106
SEVIR_7G327800v2	8.837892
SEVIR_7G327900v2	26.779721
SEVIR_7G328100v2	5.555329
SEVIR_7G328001v2	0
SEVIR_7G328200v2	0.330137
SEVIR_7G328300v2	0.050879
SEVIR_7G328333v2	0.038714
SEVIR_7G328366v2	0.168892
SEVIR_7G328400v2	0
SEVIR_7G328500v2	0
SEVIR_7G328533v2	0
SEVIR_7G328566v2	0
SEVIR_7G328600v2	1.198379
SEVIR_7G328700v2	3.81938
SEVIR_7G328800v2	0
SEVIR_7G328850v2	0.185505
SEVIR_7G328900v2	3.924402
SEVIR_7G329000v2	956.427391
SEVIR_7G329100v2	8.207426
SEVIR_7G329200v2	5.870321
SEVIR_7G329300v2	161.076109
SEVIR_7G329400v2	0
SEVIR_7G329601v2	2.90825
SEVIR_7G329801v2	5.883132
SEVIR_7G330000v2	4.124015
SEVIR_7G330100v2	1.883054
SEVIR_7G330200v2	4.772762
SEVIR_7G330300v2	80.657457
SEVIR_7G330400v2	9.980584
SEVIR_7G330500v2	2.695081
SEVIR_7G330600v2	57.148432
SEVIR_7G330700v2	13.286878
SEVIR_7G330800v2	24.49326
SEVIR_7G330901v2	0
SEVIR_7G331000v2	0
SEVIR_7G331100v2	6.584772
SEVIR_7G331200v2	4.611114
SEVIR_7G331300v2	0.747629
SEVIR_7G331400v2	0
SEVIR_7G331500v2	1.690172
SEVIR_7G331600v2	8.753419
SEVIR_7G331700v2	5.006397
SEVIR_7G331800v2	2.952294
SEVIR_7G331850v2	1.85261
SEVIR_7G331900v2	9.561182
SEVIR_7G332000v2	0.170343
SEVIR_7G332100v2	24.517611
SEVIR_7G332300v2	11.675075
SEVIR_7G332200v2	43.731392
SEVIR_7G332400v2	17.964223
SEVIR_7G332500v2	0.025621
SEVIR_7G332600v2	0
SEVIR_7G332700v2	15.133181
SEVIR_7G332800v2	12.651283
SEVIR_7G332900v2	6.865137
SEVIR_7G333000v2	1.061302
SEVIR_7G333100v2	2.846856
SEVIR_7G333200v2	212.896292
SEVIR_7G333300v2	2.725266
SEVIR_7G333400v2	4.797632
SEVIR_7G333501v2	0.456922
SEVIR_7G333600v2	0.023828
SEVIR_7G333700v2	0.854323
SEVIR_7G333900v2	0
SEVIR_7G334000v2	6.853513
SEVIR_7G334100v2	1.811643
SEVIR_7G334200v2	8.958738
SEVIR_7G334300v2	0
SEVIR_7G334350v2	2.631335
SEVIR_7G334401v2	0.746029
SEVIR_7G334451v2	2.321175
SEVIR_7G334500v2	1.998098
SEVIR_7G334600v2	0
SEVIR_7G334701v2	10.054278
SEVIR_7G334850v2	0.922796
SEVIR_7G334800v2	14.153032
SEVIR_7G334900v2	15.507651
SEVIR_7G335000v2	5.340691
SEVIR_7G335100v2	207.265295
SEVIR_7G335200v2	0
SEVIR_7G335300v2	27.107231
SEVIR_7G335500v2	8.727114
SEVIR_7G335400v2	0
SEVIR_7G335600v2	0.419266
SEVIR_7G335700v2	1.506396
SEVIR_7G335800v2	0
SEVIR_7G335900v2	5.741142
SEVIR_7G336000v2	5.73641
SEVIR_7G336100v2	0.957868
SEVIR_7G336200v2	12.137257
SEVIR_7G336300v2	0
SEVIR_7G336350v2	0
SEVIR_7G336400v2	0.554637
SEVIR_7G336500v2	12.52508
SEVIR_7G336600v2	0
SEVIR_7G336700v2	0
SEVIR_7G336800v2	0.476339
SEVIR_7G336850v2	0.411356
SEVIR_7G336900v2	0.213309
SEVIR_7G337000v2	8.084614
SEVIR_7G337100v2	0.220225
SEVIR_7G337200v2	72.695664
SEVIR_7G337300v2	0
SEVIR_7G337400v2	32.416947
SEVIR_7G337466v2	33.369297
SEVIR_7G337532v2	15.289941
SEVIR_7G337600v2	4.22015
SEVIR_7G337633v2	0
SEVIR_7G337666v2	4.249087
SEVIR_7G337700v2	63.722513
SEVIR_7G337800v2	12.561741
SEVIR_7G337900v2	0.520762
SEVIR_7G338000v2	15.716057
SEVIR_7G338101v2	0.308082
SEVIR_7G338200v2	17.585595
SEVIR_7G338300v2	0
SEVIR_7G338400v2	1.154264
SEVIR_7G338600v2	0.221579
SEVIR_7G338500v2	3.398518
SEVIR_7G338700v2	0.110882
SEVIR_7G338800v2	3.001217
SEVIR_7G338900v2	5.364109
SEVIR_7G339000v2	0.357648
SEVIR_7G339100v2	0
SEVIR_7G339200v2	0.240541
SEVIR_7G339266v2	0
SEVIR_7G339332v2	4.436714
SEVIR_7G339400v2	7.329746
SEVIR_7G339433v2	25.393334
SEVIR_7G339466v2	1.011908
SEVIR_7G339500v2	0.062673
SEVIR_7G339600v2	193.678172
SEVIR_7G339700v2	2.464705
SEVIR_7G340000v2	1.403818
SEVIR_7G339800v2	14.402449
SEVIR_7G339900v2	0.507273
SEVIR_7G340050v2	0.173223
SEVIR_7G340100v2	1.432039
SEVIR_7G340200v2	0
SEVIR_7G340300v2	8.088195
SEVIR_7G340400v2	0.093065
SEVIR_7G340404v2	18.298904
SEVIR_7G340408v2	0.157731
SEVIR_7G340412v2	1.17721
SEVIR_7G340416v2	26.586916
SEVIR_7G340420v2	56.002305
SEVIR_7G340424v2	0
SEVIR_7G340428v2	0.168523
SEVIR_7G340432v2	4.569605
SEVIR_7G340436v2	1.153209
SEVIR_7G340440v2	0
SEVIR_7G340444v2	3.934614
SEVIR_7G340448v2	0
SEVIR_7G340452v2	0.84583
SEVIR_7G340456v2	0.137839
SEVIR_7G340460v2	0.043568
SEVIR_7G340464v2	4.118648
SEVIR_7G340468v2	20.884081
SEVIR_7G340472v2	53.517112
SEVIR_7G340476v2	0.235775
SEVIR_7G340480v2	9.415378
SEVIR_7G340484v2	12.078136
SEVIR_7G340488v2	6.163267
SEVIR_7G340492v2	18.176442
SEVIR_7G340496v2	84.90622
SEVIR_7G340501v2	42.006715
SEVIR_7G340505v2	38.98323
SEVIR_7G340509v2	0
SEVIR_7G340513v2	0.052705
SEVIR_7G340517v2	7.279961
SEVIR_7G340521v2	36.263925
SEVIR_7G340525v2	14.494495
SEVIR_7G340529v2	4.962761
SEVIR_7G340533v2	0
SEVIR_7G340537v2	0.100701
SEVIR_7G340541v2	2.099268
SEVIR_7G340545v2	5.249537
SEVIR_7G340549v2	4.450418
SEVIR_7G340553v2	1.057555
SEVIR_7G340557v2	2.875251
SEVIR_7G340565v2	28.932069
SEVIR_7G340561v2	0.439621
SEVIR_7G340569v2	16.937231
SEVIR_7G340600v2	33.610324
SEVIR_7G340500v2	1.719063
SEVIR_7G340601v2	0
SEVIR_7G340701v2	0
SEVIR_7G340801v2	0
SEVIR_8G000101v2	0.486182
SEVIR_8G000200v2	0.024779
SEVIR_8G000233v2	0
SEVIR_8G000266v2	0.129412
SEVIR_8G000300v2	7.365439
SEVIR_8G000400v2	30.973868
SEVIR_8G000500v2	0
SEVIR_8G000600v2	59.428266
SEVIR_8G000800v2	16.974615
SEVIR_8G000700v2	1.831707
SEVIR_8G000850v2	0.245825
SEVIR_8G000900v2	3.092163
SEVIR_8G000950v2	0.206208
SEVIR_8G001000v2	8.038407
SEVIR_8G001050v2	11.02806
SEVIR_8G001100v2	2.103963
SEVIR_8G010850v2	4.694566
SEVIR_8G020600v2	0.072247
SEVIR_8G020500v2	0
SEVIR_8G020400v2	6.327154
SEVIR_8G020425v2	8.310667
SEVIR_8G020450v2	41.366094
SEVIR_8G020475v2	14.278078
SEVIR_8G001300v2	4.827966
SEVIR_8G001400v2	0.158256
SEVIR_8G001500v2	7.11748
SEVIR_8G001600v2	13.057142
SEVIR_8G001625v2	1.945946
SEVIR_8G001700v2	26.426677
SEVIR_8G001800v2	2.091688
SEVIR_8G001900v2	2.482408
SEVIR_8G001925v2	0.444333
SEVIR_8G002100v2	7.901599
SEVIR_8G002200v2	7.795437
SEVIR_8G002225v2	0
SEVIR_8G002400v2	2.869433
SEVIR_8G002500v2	0.26771
SEVIR_8G002525v2	4.377705
SEVIR_8G002700v2	0
SEVIR_8G002800v2	3.839238
SEVIR_8G002900v2	29.367276
SEVIR_8G003000v2	0.94036
SEVIR_8G003025v2	0.873702
SEVIR_8G003100v2	16.978186
SEVIR_8G003125v2	0.645674
SEVIR_8G003150v2	0.404028
SEVIR_8G003300v2	0
SEVIR_8G003325v2	0.018024
SEVIR_8G003350v2	14.550288
SEVIR_8G003375v2	7.469947
SEVIR_8G003600v2	0.07138
SEVIR_8G003700v2	0
SEVIR_8G003800v2	0
SEVIR_8G003900v2	0
SEVIR_8G004000v2	0
SEVIR_8G004025v2	0.278917
SEVIR_8G004050v2	34.130262
SEVIR_8G004075v2	0
SEVIR_8G004101v2	74.05702
SEVIR_8G004126v2	0.131882
SEVIR_8G004151v2	7.251682
SEVIR_8G004176v2	4.179811
SEVIR_8G004201v2	219.456185
SEVIR_8G004226v2	1.561663
SEVIR_8G004251v2	0
SEVIR_8G004276v2	0
SEVIR_8G004301v2	0
SEVIR_8G004400v2	2.428153
SEVIR_8G004500v2	11.758826
SEVIR_8G004600v2	3.655156
SEVIR_8G004700v2	2.821166
SEVIR_8G004800v2	3.604357
SEVIR_8G005000v2	0
SEVIR_8G005100v2	7.057866
SEVIR_8G005200v2	4.727207
SEVIR_8G005300v2	10.75524
SEVIR_8G005400v2	23.355142
SEVIR_8G005500v2	0.503898
SEVIR_8G005600v2	0.14877
SEVIR_8G005700v2	47.299725
SEVIR_8G005725v2	10.419506
SEVIR_8G005800v2	9.868126
SEVIR_8G005900v2	1.597864
SEVIR_8G006000v2	6.981039
SEVIR_8G006100v2	4.960296
SEVIR_8G006200v2	5.004622
SEVIR_8G006300v2	0
SEVIR_8G006325v2	0
SEVIR_8G006400v2	0
SEVIR_8G006500v2	1.751309
SEVIR_8G006600v2	17.9958
SEVIR_8G006625v2	0
SEVIR_8G006700v2	0
SEVIR_8G006725v2	0
SEVIR_8G006750v2	0
SEVIR_8G006800v2	0
SEVIR_8G006825v2	0
SEVIR_8G006850v2	0
SEVIR_8G006875v2	0
SEVIR_8G006901v2	0
SEVIR_8G006926v2	0
SEVIR_8G006900v2	0.187112
SEVIR_8G007000v2	18.023756
SEVIR_8G007100v2	598.113928
SEVIR_8G007200v2	1.892517
SEVIR_8G007300v2	67.368472
SEVIR_8G007400v2	7.927118
SEVIR_8G007500v2	10.373305
SEVIR_8G007600v2	2.372718
SEVIR_8G007700v2	19.584906
SEVIR_8G007800v2	2.947852
SEVIR_8G007900v2	1.48534
SEVIR_8G008000v2	1.666581
SEVIR_8G008100v2	6.681215
SEVIR_8G008200v2	0
SEVIR_8G008300v2	0
SEVIR_8G008400v2	2.711108
SEVIR_8G008500v2	0
SEVIR_8G008525v2	0
SEVIR_8G008600v2	26.153966
SEVIR_8G008700v2	18.308605
SEVIR_8G008800v2	1.812785
SEVIR_8G008900v2	4.15216
SEVIR_8G009000v2	0.316496
SEVIR_8G009100v2	0.3012
SEVIR_8G009125v2	10.710582
SEVIR_8G009300v2	2.174225
SEVIR_8G009400v2	1.054442
SEVIR_8G009500v2	0
SEVIR_8G009600v2	0.012798
SEVIR_8G009700v2	2.716527
SEVIR_8G009800v2	16.849005
SEVIR_8G009900v2	4.704994
SEVIR_8G010000v2	0
SEVIR_8G010100v2	0
SEVIR_8G010200v2	13.78559
SEVIR_8G010225v2	4.232958
SEVIR_8G010400v2	1.763613
SEVIR_8G010300v2	5.104141
SEVIR_8G010500v2	6.636728
SEVIR_8G010600v2	7.74749
SEVIR_8G010700v2	1.637694
SEVIR_8G010800v2	1.590879
SEVIR_8G010825v2	0
SEVIR_8G010900v2	0.595356
SEVIR_8G010925v2	0.12688
SEVIR_8G010950v2	0.666674
SEVIR_8G011100v2	0
SEVIR_8G011200v2	0
SEVIR_8G011300v2	0.37924
SEVIR_8G011400v2	0
SEVIR_8G011600v2	3.116675
SEVIR_8G011500v2	0.372022
SEVIR_8G011700v2	19.431942
SEVIR_8G011800v2	2.301164
SEVIR_8G011900v2	0.023625
SEVIR_8G011925v2	0
SEVIR_8G012100v2	12.685975
SEVIR_8G012125v2	1.654059
SEVIR_8G012200v2	1.107056
SEVIR_8G012300v2	5.826442
SEVIR_8G012400v2	2.179323
SEVIR_8G012500v2	0
SEVIR_8G012600v2	4.527243
SEVIR_8G012700v2	0
SEVIR_8G012725v2	0.192504
SEVIR_8G012750v2	1.102813
SEVIR_8G012800v2	31.40103
SEVIR_8G012900v2	21.028718
SEVIR_8G012925v2	0
SEVIR_8G013000v2	0.487803
SEVIR_8G013025v2	0
SEVIR_8G013100v2	0
SEVIR_8G013125v2	14.87564
SEVIR_8G013300v2	122.109666
SEVIR_8G013400v2	13.406877
SEVIR_8G013500v2	4.468207
SEVIR_8G013525v2	0.127868
SEVIR_8G013600v2	0.175055
SEVIR_8G013700v2	23.487924
SEVIR_8G013800v2	54.253582
SEVIR_8G013825v2	0
SEVIR_8G013900v2	24.034732
SEVIR_8G014000v2	6.055002
SEVIR_8G014100v2	7.083632
SEVIR_8G014200v2	10.804744
SEVIR_8G014300v2	0.052593
SEVIR_8G014400v2	0
SEVIR_8G014500v2	0.052024
SEVIR_8G014600v2	0
SEVIR_8G014800v2	0
SEVIR_8G014700v2	11.027047
SEVIR_8G014900v2	650.80989
SEVIR_8G015000v2	33.937322
SEVIR_8G015100v2	0.349201
SEVIR_8G015200v2	2.657917
SEVIR_8G015300v2	43.669359
SEVIR_8G015400v2	19.795656
SEVIR_8G015500v2	15.905477
SEVIR_8G015525v2	0
SEVIR_8G015700v2	11.057698
SEVIR_8G015800v2	0.966148
SEVIR_8G015825v2	2.362781
SEVIR_8G015900v2	0
SEVIR_8G016000v2	0.058756
SEVIR_8G016100v2	0.315278
SEVIR_8G016125v2	0.769599
SEVIR_8G016150v2	0.315494
SEVIR_8G016175v2	0
SEVIR_8G016201v2	0.166576
SEVIR_8G016226v2	5.550614
SEVIR_8G016251v2	8.021895
SEVIR_8G016276v2	0
SEVIR_8G016200v2	0
SEVIR_8G016300v2	0
SEVIR_8G016400v2	2.569221
SEVIR_8G016500v2	6.753097
SEVIR_8G016600v2	7.490373
SEVIR_8G016700v2	16.856632
SEVIR_8G016800v2	374.574383
SEVIR_8G016900v2	6.727049
SEVIR_8G017000v2	0.026628
SEVIR_8G017100v2	7.120882
SEVIR_8G017200v2	1.064752
SEVIR_8G017300v2	6.116024
SEVIR_8G017400v2	0
SEVIR_8G017500v2	8.836318
SEVIR_8G017525v2	0.166866
SEVIR_8G017600v2	2.315927
SEVIR_8G017625v2	3.860812
SEVIR_8G017700v2	1.913639
SEVIR_8G017800v2	216.799664
SEVIR_8G022000v2	40.152702
SEVIR_8G022100v2	24.398336
SEVIR_8G022200v2	5.962185
SEVIR_8G022300v2	5.368938
SEVIR_8G022400v2	10.738628
SEVIR_8G022500v2	75.619664
SEVIR_8G022600v2	85.071615
SEVIR_8G022700v2	14.890934
SEVIR_8G022801v2	0.058802
SEVIR_8G022900v2	0
SEVIR_8G022950v2	0.866181
SEVIR_8G023000v2	0
SEVIR_8G023100v2	0.045306
SEVIR_8G023200v2	1.0372
SEVIR_8G023300v2	0.350123
SEVIR_8G023400v2	9.892885
SEVIR_8G023501v2	0
SEVIR_8G023601v2	0.006599
SEVIR_8G023700v2	12.712319
SEVIR_8G023800v2	0.351842
SEVIR_8G023900v2	2.996296
SEVIR_8G024000v2	0.675729
SEVIR_8G024100v2	12.378886
SEVIR_8G024200v2	8.252565
SEVIR_8G024250v2	1.486611
SEVIR_8G024300v2	4.615344
SEVIR_8G024400v2	0
SEVIR_8G024500v2	499.566274
SEVIR_8G024600v2	29.432329
SEVIR_8G024700v2	14.674298
SEVIR_8G024800v2	15.462034
SEVIR_8G024828v2	0.140157
SEVIR_8G024856v2	0.037137
SEVIR_8G024884v2	0
SEVIR_8G024912v2	0
SEVIR_8G024940v2	0.28491
SEVIR_8G024968v2	0
SEVIR_8G025000v2	4.856398
SEVIR_8G025100v2	0.892538
SEVIR_8G025200v2	81.678723
SEVIR_8G025300v2	63.735295
SEVIR_8G025350v2	122.528175
SEVIR_8G025401v2	264.069336
SEVIR_8G025451v2	1.078694
SEVIR_8G025500v2	0.202258
SEVIR_8G025601v2	0.211629
SEVIR_8G025700v2	51.783679
SEVIR_8G025800v2	5.187974
SEVIR_8G025900v2	17.965802
SEVIR_8G025950v2	0
SEVIR_8G026000v2	262.737853
SEVIR_8G026100v2	44.898933
SEVIR_8G026200v2	0.044175
SEVIR_8G026300v2	16.210691
SEVIR_8G026400v2	97.192308
SEVIR_8G026501v2	2.045142
SEVIR_8G026600v2	0.344577
SEVIR_8G026801v2	0.272044
SEVIR_8G027001v2	10.578781
SEVIR_8G027201v2	2.861932
SEVIR_8G027401v2	3.356728
SEVIR_8G027601v2	44.925281
SEVIR_8G027800v2	13.535205
SEVIR_8G028000v2	0
SEVIR_8G028100v2	0
SEVIR_8G028200v2	0.086178
SEVIR_8G028300v2	0.227491
SEVIR_8G028400v2	20.051902
SEVIR_8G028500v2	7.61756
SEVIR_8G028600v2	21.979106
SEVIR_8G028650v2	11.979617
SEVIR_8G028700v2	31.046367
SEVIR_8G028800v2	0
SEVIR_8G028900v2	0
SEVIR_8G029000v2	132.960201
SEVIR_8G029100v2	3.420347
SEVIR_8G029200v2	17.01067
SEVIR_8G029300v2	19.806255
SEVIR_8G029350v2	2.288662
SEVIR_8G029400v2	6.186445
SEVIR_8G029500v2	30.331133
SEVIR_8G029600v2	0
SEVIR_8G029700v2	0
SEVIR_8G029800v2	36.018674
SEVIR_8G029900v2	0.39964
SEVIR_8G030000v2	71.21955
SEVIR_8G030100v2	0
SEVIR_8G030200v2	0.796885
SEVIR_8G030300v2	0.224042
SEVIR_8G030400v2	0.286914
SEVIR_8G030450v2	3.619973
SEVIR_8G030500v2	10.834673
SEVIR_8G030600v2	0
SEVIR_8G030700v2	1.276067
SEVIR_8G030800v2	0.287018
SEVIR_8G030901v2	0
SEVIR_8G031000v2	0.71106
SEVIR_8G031033v2	0.069151
SEVIR_8G031066v2	0.511085
SEVIR_8G031100v2	0
SEVIR_8G031150v2	1.847055
SEVIR_8G031200v2	0.098654
SEVIR_8G031300v2	0
SEVIR_8G031400v2	29.91787
SEVIR_8G031500v2	0
SEVIR_8G031507v2	0
SEVIR_8G031514v2	5.123218
SEVIR_8G031521v2	0.788906
SEVIR_8G031528v2	0
SEVIR_8G026800v2	2.238793
SEVIR_8G026807v2	10.386381
SEVIR_8G026900v2	57.16613
SEVIR_8G027000v2	0.154048
SEVIR_8G027100v2	13.078355
SEVIR_8G027200v2	26.908466
SEVIR_8G027300v2	6.466825
SEVIR_8G027400v2	0.197928
SEVIR_8G027500v2	0
SEVIR_8G027600v2	20.073916
SEVIR_8G027700v2	0.826494
SEVIR_8G027707v2	6.042194
SEVIR_8G027714v2	31.878845
SEVIR_8G027721v2	4.346526
SEVIR_8G027728v2	162.265365
SEVIR_8G027735v2	3.579912
SEVIR_8G027742v2	11.359547
SEVIR_8G027749v2	32.601772
SEVIR_8G031600v2	2.307796
SEVIR_8G031700v2	30.631528
SEVIR_8G031800v2	3.742795
SEVIR_8G031900v2	1.035235
SEVIR_8G032000v2	18.697449
SEVIR_8G032100v2	2.75249
SEVIR_8G032200v2	0.113112
SEVIR_8G032300v2	0.15569
SEVIR_8G032400v2	8.661577
SEVIR_8G032500v2	6.800311
SEVIR_8G032600v2	0.243574
SEVIR_8G032700v2	0.752089
SEVIR_8G032800v2	0.997353
SEVIR_8G032900v2	0.110191
SEVIR_8G032950v2	0
SEVIR_8G033000v2	0.351543
SEVIR_8G033100v2	261.214162
SEVIR_8G033200v2	1.674868
SEVIR_8G033300v2	0
SEVIR_8G033400v2	1.792112
SEVIR_8G033500v2	0.055936
SEVIR_8G033600v2	0.401106
SEVIR_8G033666v2	0.167434
SEVIR_8G033732v2	0.263905
SEVIR_8G033800v2	164.957584
SEVIR_8G033900v2	35.778733
SEVIR_8G034000v2	3.979402
SEVIR_8G034100v2	55.581493
SEVIR_8G034200v2	4.401254
SEVIR_8G034300v2	15.145309
SEVIR_8G034400v2	44.132893
SEVIR_8G034500v2	0.179401
SEVIR_8G034600v2	10.653758
SEVIR_8G034700v2	0
SEVIR_8G034800v2	0.938887
SEVIR_8G034900v2	7.880749
SEVIR_8G034950v2	0.677881
SEVIR_8G035000v2	0
SEVIR_8G035100v2	0.029525
SEVIR_8G035200v2	0
SEVIR_8G035300v2	0
SEVIR_8G035400v2	0.351225
SEVIR_8G035500v2	0.286834
SEVIR_8G035600v2	2.345448
SEVIR_8G035666v2	0
SEVIR_8G035732v2	0.064763
SEVIR_8G035800v2	1.478892
SEVIR_8G035900v2	0
SEVIR_8G035950v2	2.762623
SEVIR_8G036000v2	0
SEVIR_8G036100v2	6.301964
SEVIR_8G036150v2	0
SEVIR_8G036200v2	10.217535
SEVIR_8G036300v2	0.188342
SEVIR_8G036400v2	0
SEVIR_8G036500v2	2.906189
SEVIR_8G036600v2	1.295656
SEVIR_8G036700v2	4.288851
SEVIR_8G036800v2	3.397927
SEVIR_8G036900v2	8.92031
SEVIR_8G037000v2	9.244578
SEVIR_8G037100v2	0
SEVIR_8G037200v2	0.101868
SEVIR_8G037300v2	0
SEVIR_8G037500v2	0
SEVIR_8G037600v2	27.134576
SEVIR_8G037650v2	0
SEVIR_8G037700v2	47.301942
SEVIR_8G037800v2	0.131501
SEVIR_8G037900v2	1.777821
SEVIR_8G038000v2	3.018244
SEVIR_8G038100v2	0
SEVIR_8G038200v2	5.416251
SEVIR_8G038300v2	5.055382
SEVIR_8G038400v2	14.79774
SEVIR_8G038500v2	28.827113
SEVIR_8G038600v2	4.074746
SEVIR_8G038700v2	0
SEVIR_8G038800v2	0
SEVIR_8G038900v2	0
SEVIR_8G039000v2	0.386669
SEVIR_8G039100v2	0
SEVIR_8G039200v2	0
SEVIR_8G039300v2	0.651951
SEVIR_8G039500v2	0.069239
SEVIR_8G039700v2	9.240331
SEVIR_8G039750v2	0.137148
SEVIR_8G039800v2	17.265567
SEVIR_8G039900v2	26.844707
SEVIR_8G040000v2	13.625788
SEVIR_8G040100v2	0
SEVIR_8G040201v2	0.174877
SEVIR_8G040300v2	7.751607
SEVIR_8G040400v2	0
SEVIR_8G040500v2	0.744244
SEVIR_8G040600v2	0
SEVIR_8G040700v2	0.183011
SEVIR_8G040800v2	4.073741
SEVIR_8G040900v2	0
SEVIR_8G041000v2	5.559397
SEVIR_8G041100v2	7.258959
SEVIR_8G041200v2	0
SEVIR_8G041301v2	0
SEVIR_8G041300v2	5.918124
SEVIR_8G041400v2	29.208744
SEVIR_8G041500v2	0
SEVIR_8G041600v2	3.039942
SEVIR_8G041700v2	25.660883
SEVIR_8G041800v2	0.508721
SEVIR_8G041900v2	0.243479
SEVIR_8G042000v2	1.54537
SEVIR_8G042100v2	9.192794
SEVIR_8G042200v2	3.841978
SEVIR_8G042250v2	308.616685
SEVIR_8G042300v2	20.512287
SEVIR_8G042400v2	2.20885
SEVIR_8G042500v2	0.410644
SEVIR_8G042550v2	3.368019
SEVIR_8G042600v2	0
SEVIR_8G042700v2	16.656007
SEVIR_8G042800v2	15.03285
SEVIR_8G042900v2	0
SEVIR_8G043000v2	0
SEVIR_8G043100v2	0
SEVIR_8G043200v2	0.899546
SEVIR_8G043300v2	0
SEVIR_8G043333v2	0.106541
SEVIR_8G043366v2	0.099022
SEVIR_8G043400v2	0.015767
SEVIR_8G043500v2	1.232864
SEVIR_8G043600v2	0
SEVIR_8G043700v2	0
SEVIR_8G043900v2	0.018359
SEVIR_8G044000v2	0
SEVIR_8G044100v2	0
SEVIR_8G044150v2	0
SEVIR_8G044200v2	0
SEVIR_8G044301v2	0.458176
SEVIR_8G044400v2	2.837849
SEVIR_8G044500v2	9.738508
SEVIR_8G044600v2	0.136357
SEVIR_8G044700v2	0
SEVIR_8G044800v2	0.271789
SEVIR_8G044900v2	18.299635
SEVIR_8G045000v2	0
SEVIR_8G045100v2	0.446265
SEVIR_8G045201v2	1.790978
SEVIR_8G045300v2	0.491036
SEVIR_8G045400v2	0
SEVIR_8G045500v2	2035.53682
SEVIR_8G045600v2	0
SEVIR_8G045700v2	39.669757
SEVIR_8G045800v2	624.104237
SEVIR_8G045900v2	50.455366
SEVIR_8G046000v2	0
SEVIR_8G046050v2	0
SEVIR_8G046100v2	3.249421
SEVIR_8G046300v2	0
SEVIR_8G046400v2	5.033766
SEVIR_8G046500v2	0
SEVIR_8G046600v2	0
SEVIR_8G047400v2	0
SEVIR_8G047500v2	0.825454
SEVIR_8G047600v2	89.730387
SEVIR_8G047700v2	12.698927
SEVIR_8G047800v2	7.450168
SEVIR_8G047900v2	19.463472
SEVIR_8G048000v2	4.861474
SEVIR_8G048100v2	0.15947
SEVIR_8G048136v2	0
SEVIR_8G048172v2	0
SEVIR_8G048208v2	0
SEVIR_8G048244v2	0
SEVIR_8G048280v2	0
SEVIR_8G048316v2	0.066191
SEVIR_8G048352v2	0.115886
SEVIR_8G048388v2	0
SEVIR_8G048424v2	0.423547
SEVIR_8G048460v2	0.176769
SEVIR_8G048500v2	0
SEVIR_8G048600v2	0.067269
SEVIR_8G048700v2	0
SEVIR_8G048801v2	0
SEVIR_8G048900v2	0
SEVIR_8G049000v2	0
SEVIR_8G049100v2	0
SEVIR_8G049133v2	0
SEVIR_8G049166v2	0
SEVIR_8G049200v2	1.080526
SEVIR_8G049300v2	0.154619
SEVIR_8G049401v2	0
SEVIR_8G049501v2	0.220297
SEVIR_8G049600v2	0.013422
SEVIR_8G049700v2	13.850116
SEVIR_8G049800v2	2.231035
SEVIR_8G049900v2	0.021834
SEVIR_8G050000v2	0
SEVIR_8G050100v2	13.405393
SEVIR_8G050166v2	655.759836
SEVIR_8G050232v2	1.00508
SEVIR_8G050300v2	0
SEVIR_8G050350v2	0
SEVIR_8G050400v2	0
SEVIR_8G050500v2	7.254325
SEVIR_8G050600v2	7.01317
SEVIR_8G050700v2	0
SEVIR_8G050750v2	0.01878
SEVIR_8G050800v2	0
SEVIR_8G050900v2	10.278361
SEVIR_8G051000v2	2.725991
SEVIR_8G051200v2	0.012216
SEVIR_8G051101v2	0
SEVIR_8G051250v2	0
SEVIR_8G051300v2	1.933057
SEVIR_8G051401v2	0
SEVIR_8G051500v2	0
SEVIR_8G051700v2	3.229093
SEVIR_8G051800v2	3.024715
SEVIR_8G051900v2	4.531168
SEVIR_8G052000v2	1.163775
SEVIR_8G052050v2	1.177447
SEVIR_8G052100v2	0.099077
SEVIR_8G052200v2	0.168504
SEVIR_8G052300v2	31.415959
SEVIR_8G052400v2	6.251246
SEVIR_8G052500v2	0
SEVIR_8G052600v2	0.334944
SEVIR_8G052700v2	0
SEVIR_8G052800v2	0
SEVIR_8G052900v2	0
SEVIR_8G053000v2	0
SEVIR_8G053100v2	0
SEVIR_8G053140v2	5.476994
SEVIR_8G053180v2	0.025375
SEVIR_8G053220v2	5.476994
SEVIR_8G053260v2	0
SEVIR_8G053300v2	0.070014
SEVIR_8G053400v2	0
SEVIR_8G053500v2	0.145407
SEVIR_8G053600v2	0.027207
SEVIR_8G053700v2	0
SEVIR_8G053750v2	0
SEVIR_8G053800v2	0
SEVIR_8G053900v2	0
SEVIR_8G054000v2	31.664545
SEVIR_8G054100v2	6.955125
SEVIR_8G054200v2	3.174588
SEVIR_8G054300v2	16.724919
SEVIR_8G054401v2	0.111924
SEVIR_8G054500v2	0
SEVIR_8G054533v2	0.122952
SEVIR_8G054566v2	0
SEVIR_8G054600v2	2.336226
SEVIR_8G054700v2	38.815061
SEVIR_8G054800v2	0
SEVIR_8G054900v2	27.905331
SEVIR_8G055000v2	10.203377
SEVIR_8G055100v2	25.675671
SEVIR_8G055200v2	0.420588
SEVIR_8G055300v2	0
SEVIR_8G055500v2	0
SEVIR_8G055600v2	0
SEVIR_8G055700v2	0
SEVIR_8G055801v2	7.041849
SEVIR_8G055900v2	0
SEVIR_8G056000v2	0.494111
SEVIR_8G056100v2	7.597564
SEVIR_8G056201v2	6.761031
SEVIR_8G056300v2	0.176148
SEVIR_8G056383v2	0.053682
SEVIR_8G056466v2	0.168476
SEVIR_8G056549v2	0.235617
SEVIR_8G056632v2	1.521387
SEVIR_8G056715v2	0.939235
SEVIR_8G056800v2	0.052091
SEVIR_8G057000v2	27.427586
SEVIR_8G057100v2	0.167056
SEVIR_8G057150v2	0
SEVIR_8G057200v2	0.052173
SEVIR_8G057300v2	0
SEVIR_8G057400v2	78.831484
SEVIR_8G057500v2	1.067265
SEVIR_8G057666v2	22.823708
SEVIR_8G057600v2	0
SEVIR_8G057732v2	0
SEVIR_8G057800v2	0
SEVIR_8G057900v2	3.45266
SEVIR_8G058000v2	13.271411
SEVIR_8G058050v2	1.459109
SEVIR_8G058100v2	0.05021
SEVIR_8G058200v2	121.500235
SEVIR_8G058250v2	63.634676
SEVIR_8G058301v2	0
SEVIR_8G058351v2	0
SEVIR_8G058401v2	0
SEVIR_8G058451v2	0
SEVIR_8G058500v2	0
SEVIR_8G058600v2	0
SEVIR_8G058701v2	0
SEVIR_8G058800v2	0
SEVIR_8G058900v2	0
SEVIR_8G059000v2	0
SEVIR_8G059101v2	0.819705
SEVIR_8G059200v2	0.188534
SEVIR_8G059300v2	0
SEVIR_8G059400v2	0.151405
SEVIR_8G059500v2	0
SEVIR_8G059550v2	0
SEVIR_8G059600v2	2.422667
SEVIR_8G059700v2	6.43654
SEVIR_8G059800v2	50.138107
SEVIR_8G059900v2	10.01552
SEVIR_8G059850v2	0
SEVIR_8G060000v2	19.226606
SEVIR_8G060100v2	13.372531
SEVIR_8G060200v2	44.70712
SEVIR_8G060300v2	10.891683
SEVIR_8G060400v2	0
SEVIR_8G060500v2	4.699236
SEVIR_8G060600v2	0.286045
SEVIR_8G060700v2	52.919866
SEVIR_8G060800v2	0
SEVIR_8G060900v2	0
SEVIR_8G061000v2	0
SEVIR_8G061050v2	0
SEVIR_8G061100v2	0.379059
SEVIR_8G061200v2	36.560878
SEVIR_8G061300v2	0
SEVIR_8G061400v2	0
SEVIR_8G061500v2	0.032197
SEVIR_8G061600v2	3.280285
SEVIR_8G061700v2	0.032203
SEVIR_8G061800v2	0
SEVIR_8G061900v2	0
SEVIR_8G062000v2	23.952594
SEVIR_8G062100v2	12.865208
SEVIR_8G062200v2	0.247666
SEVIR_8G062250v2	0
SEVIR_8G062300v2	0
SEVIR_8G062350v2	0
SEVIR_8G062400v2	8.39989
SEVIR_8G062500v2	33.600474
SEVIR_8G062550v2	7.330359
SEVIR_8G062600v2	0.020296
SEVIR_8G062700v2	107.365587
SEVIR_8G062800v2	0
SEVIR_8G062900v2	0
SEVIR_8G063000v2	66.271913
SEVIR_8G063100v2	0.03013
SEVIR_8G063200v2	0.462425
SEVIR_8G063244v2	0
SEVIR_8G063288v2	0
SEVIR_8G063332v2	0
SEVIR_8G063376v2	0
SEVIR_8G063420v2	0.488975
SEVIR_8G063464v2	0
SEVIR_8G063508v2	0
SEVIR_8G063552v2	0
SEVIR_8G063600v2	0
SEVIR_8G063700v2	0.039048
SEVIR_8G063800v2	0.742459
SEVIR_8G063901v2	2.598118
SEVIR_8G064000v2	9.880074
SEVIR_8G064101v2	0.096108
SEVIR_8G064200v2	0
SEVIR_8G064300v2	0.030702
SEVIR_8G064400v2	0
SEVIR_8G064500v2	97.694817
SEVIR_8G064600v2	0.224616
SEVIR_8G064700v2	0
SEVIR_8G064800v2	0
SEVIR_8G064900v2	0
SEVIR_8G065000v2	5.345014
SEVIR_8G065100v2	10.568761
SEVIR_8G065200v2	0.691409
SEVIR_8G065300v2	0.731964
SEVIR_8G065400v2	0.298612
SEVIR_8G065500v2	0.058665
SEVIR_8G065600v2	0.026756
SEVIR_8G065700v2	10.812114
SEVIR_8G065800v2	21.458526
SEVIR_8G065900v2	0
SEVIR_8G066000v2	0
SEVIR_8G066100v2	0
SEVIR_8G066200v2	0
SEVIR_8G066250v2	0.073142
SEVIR_8G066301v2	1.560679
SEVIR_8G066351v2	0.411287
SEVIR_8G066401v2	1.438697
SEVIR_8G066451v2	1.297285
SEVIR_8G066500v2	1.015761
SEVIR_8G066600v2	9.475144
SEVIR_8G066700v2	21.05724
SEVIR_8G066800v2	0.87177
SEVIR_8G066900v2	7.673475
SEVIR_8G067000v2	0
SEVIR_8G067100v2	0.53761
SEVIR_8G067200v2	0
SEVIR_8G067300v2	0
SEVIR_8G067350v2	0
SEVIR_8G067400v2	0
SEVIR_8G067500v2	0
SEVIR_8G067600v2	0
SEVIR_8G067700v2	0.889123
SEVIR_8G067801v2	2.760776
SEVIR_8G067900v2	0
SEVIR_8G068000v2	0.011103
SEVIR_8G068100v2	22.704818
SEVIR_8G068200v2	0.630882
SEVIR_8G068300v2	5.930531
SEVIR_8G068400v2	0
SEVIR_8G068450v2	0.056364
SEVIR_8G068500v2	0
SEVIR_8G068600v2	24.193421
SEVIR_8G068700v2	16.050557
SEVIR_8G068800v2	430.909582
SEVIR_8G068900v2	45.854076
SEVIR_8G069000v2	0
SEVIR_8G069100v2	0.100944
SEVIR_8G069200v2	0.550059
SEVIR_8G069300v2	0.125908
SEVIR_8G069400v2	0
SEVIR_8G069500v2	3.755989
SEVIR_8G069600v2	0
SEVIR_8G069700v2	2.49707
SEVIR_8G069800v2	0
SEVIR_8G069900v2	6.954847
SEVIR_8G069950v2	0
SEVIR_8G070000v2	0
SEVIR_8G070025v2	0.460231
SEVIR_8G070050v2	1.954005
SEVIR_8G070075v2	4.329086
SEVIR_8G070100v2	0
SEVIR_8G070201v2	0.027206
SEVIR_8G070301v2	0.060762
SEVIR_8G070401v2	0
SEVIR_8G070500v2	0
SEVIR_8G070601v2	0
SEVIR_8G070700v2	0
SEVIR_8G070800v2	0.770611
SEVIR_8G070900v2	0
SEVIR_8G071100v2	0
SEVIR_8G071125v2	21.907975
SEVIR_8G071150v2	56.280831
SEVIR_8G071175v2	0
SEVIR_8G071200v2	0
SEVIR_8G071300v2	33.183356
SEVIR_8G071325v2	0.077843
SEVIR_8G071350v2	0
SEVIR_8G071375v2	0
SEVIR_8G071400v2	6.111268
SEVIR_8G071500v2	0
SEVIR_8G071600v2	0
SEVIR_8G071700v2	0
SEVIR_8G071800v2	0
SEVIR_8G071900v2	0.052045
SEVIR_8G072000v2	0.025154
SEVIR_8G072100v2	0
SEVIR_8G072200v2	0
SEVIR_8G072300v2	0
SEVIR_8G072400v2	0
SEVIR_8G072500v2	0
SEVIR_8G072600v2	0
SEVIR_8G072700v2	0
SEVIR_8G072800v2	0.037478
SEVIR_8G072900v2	0.079516
SEVIR_8G073000v2	0
SEVIR_8G073100v2	0.272288
SEVIR_8G073201v2	0
SEVIR_8G073300v2	0
SEVIR_8G073466v2	0
SEVIR_8G073383v2	0
SEVIR_8G073549v2	0
SEVIR_8G073632v2	0
SEVIR_8G073715v2	0
SEVIR_8G073800v2	0.066112
SEVIR_8G073900v2	0.128677
SEVIR_8G074000v2	0.114546
SEVIR_8G074101v2	0.209835
SEVIR_8G074201v2	0
SEVIR_8G074300v2	0
SEVIR_8G074400v2	9.897572
SEVIR_8G074500v2	0
SEVIR_8G074600v2	5.553644
SEVIR_8G074650v2	3.749064
SEVIR_8G074700v2	5.523966
SEVIR_8G074800v2	7.853817
SEVIR_8G074901v2	6.277771
SEVIR_8G075000v2	0.032414
SEVIR_8G075100v2	8.091055
SEVIR_8G075200v2	24.906105
SEVIR_8G075300v2	7.559351
SEVIR_8G075400v2	1.131754
SEVIR_8G075600v2	0
SEVIR_8G075650v2	0.68501
SEVIR_8G075700v2	18.990124
SEVIR_8G075800v2	24.346619
SEVIR_8G075900v2	35.258016
SEVIR_8G075966v2	0
SEVIR_8G076032v2	0
SEVIR_8G076100v2	39.402796
SEVIR_8G076201v2	0.672656
SEVIR_8G076300v2	0
SEVIR_8G076400v2	0
SEVIR_8G076500v2	4.659438
SEVIR_8G076600v2	0
SEVIR_8G076700v2	2.19278
SEVIR_8G076800v2	0
SEVIR_8G076900v2	0
SEVIR_8G077000v2	0
SEVIR_8G077100v2	0
SEVIR_8G077200v2	1.580554
SEVIR_8G077300v2	0
SEVIR_8G077400v2	0
SEVIR_8G077500v2	0.543289
SEVIR_8G077600v2	0.941792
SEVIR_8G077701v2	0
SEVIR_8G077800v2	0.017338
SEVIR_8G077700v2	7.90484
SEVIR_8G077900v2	11.244997
SEVIR_8G078000v2	0
SEVIR_8G078100v2	3.280627
SEVIR_8G078200v2	6.575742
SEVIR_8G078300v2	27.882239
SEVIR_8G078350v2	0
SEVIR_8G078400v2	2.469306
SEVIR_8G078500v2	4.77692
SEVIR_8G078700v2	57.613058
SEVIR_8G078800v2	0
SEVIR_8G078900v2	46.961069
SEVIR_8G079000v2	10.552579
SEVIR_8G079100v2	0
SEVIR_8G079200v2	0.281529
SEVIR_8G079250v2	0.05713
SEVIR_8G079300v2	0
SEVIR_8G079350v2	0
SEVIR_8G079400v2	0
SEVIR_8G079500v2	0.021774
SEVIR_8G079550v2	0
SEVIR_8G079600v2	41.370335
SEVIR_8G079650v2	4.892333
SEVIR_8G079700v2	0.112686
SEVIR_8G079800v2	0
SEVIR_8G079900v2	10.274183
SEVIR_8G079950v2	0
SEVIR_8G080000v2	5.678208
SEVIR_8G080100v2	2.315566
SEVIR_8G080200v2	0.300704
SEVIR_8G080300v2	0.04805
SEVIR_8G080400v2	7.42219
SEVIR_8G080500v2	4.953122
SEVIR_8G080600v2	51.16425
SEVIR_8G080700v2	0.3356
SEVIR_8G080800v2	12.694868
SEVIR_8G080866v2	0.757732
SEVIR_8G080932v2	0.497672
SEVIR_8G081000v2	28.145129
SEVIR_8G081200v2	0
SEVIR_8G081300v2	23.311277
SEVIR_8G081400v2	0.396083
SEVIR_8G081501v2	0.287734
SEVIR_8G081600v2	0
SEVIR_8G081700v2	0.106092
SEVIR_8G081800v2	0
SEVIR_8G081850v2	0
SEVIR_8G081900v2	2.3982
SEVIR_8G082000v2	31.122202
SEVIR_8G082100v2	0
SEVIR_8G082200v2	2.928692
SEVIR_8G082301v2	0.015936
SEVIR_8G082401v2	0.094658
SEVIR_8G082500v2	4.00034
SEVIR_8G082600v2	0
SEVIR_8G082700v2	0.416673
SEVIR_8G082800v2	14.024153
SEVIR_8G082900v2	2.302169
SEVIR_8G083000v2	0.062798
SEVIR_8G083100v2	0.572653
SEVIR_8G083201v2	1.263122
SEVIR_8G083300v2	27.277373
SEVIR_8G083400v2	0
SEVIR_8G083500v2	0.936142
SEVIR_8G083600v2	0.529361
SEVIR_8G083700v2	0
SEVIR_8G083800v2	13.988827
SEVIR_8G083900v2	0
SEVIR_8G083933v2	0
SEVIR_8G083966v2	0
SEVIR_8G084000v2	0
SEVIR_8G084100v2	0
SEVIR_8G084200v2	0
SEVIR_8G084300v2	1.118626
SEVIR_8G084400v2	0.290867
SEVIR_8G084500v2	0
SEVIR_8G084600v2	5.691798
SEVIR_8G084700v2	2.138645
SEVIR_8G084800v2	13.678394
SEVIR_8G084900v2	0
SEVIR_8G085000v2	1.964535
SEVIR_8G085100v2	0
SEVIR_8G085200v2	4.041367
SEVIR_8G085400v2	0.868656
SEVIR_8G085501v2	1.052868
SEVIR_8G085600v2	6.138549
SEVIR_8G085700v2	0.888161
SEVIR_8G085733v2	0.148959
SEVIR_8G085766v2	0.197295
SEVIR_8G085800v2	0.035062
SEVIR_8G085900v2	74.542089
SEVIR_8G086000v2	0.045902
SEVIR_8G086100v2	0
SEVIR_8G086200v2	19.250819
SEVIR_8G086250v2	0
SEVIR_8G086300v2	0
SEVIR_8G086400v2	0.139934
SEVIR_8G086500v2	18.86721
SEVIR_8G086550v2	0.665222
SEVIR_8G086600v2	5.27763
SEVIR_8G086700v2	2.538098
SEVIR_8G086800v2	0.258756
SEVIR_8G086833v2	0.085324
SEVIR_8G086866v2	0.142778
SEVIR_8G086900v2	0
SEVIR_8G087000v2	0.107733
SEVIR_8G087100v2	30.192531
SEVIR_8G087200v2	39.530031
SEVIR_8G087300v2	0.97945
SEVIR_8G087400v2	1.41392
SEVIR_8G087500v2	112.752837
SEVIR_8G087550v2	2.149966
SEVIR_8G087600v2	0.050379
SEVIR_8G087700v2	0
SEVIR_8G087800v2	0
SEVIR_8G087900v2	2.452214
SEVIR_8G088000v2	2.08534
SEVIR_8G088101v2	0.19724
SEVIR_8G088200v2	0
SEVIR_8G088300v2	0.022314
SEVIR_8G088400v2	1.282802
SEVIR_8G088500v2	9.150516
SEVIR_8G088600v2	28.788614
SEVIR_8G088700v2	8.978794
SEVIR_8G088800v2	0
SEVIR_8G088900v2	15.40295
SEVIR_8G089000v2	99.756252
SEVIR_8G089100v2	312.188637
SEVIR_8G089133v2	271.111185
SEVIR_8G089166v2	0
SEVIR_8G089200v2	7.514526
SEVIR_8G089300v2	9.555638
SEVIR_8G089500v2	0.038073
SEVIR_8G089550v2	5.103459
SEVIR_8G089600v2	2.674439
SEVIR_8G089700v2	0
SEVIR_8G089800v2	0
SEVIR_8G089900v2	0
SEVIR_8G090000v2	3.650767
SEVIR_8G090100v2	17.284343
SEVIR_8G090050v2	0.608555
SEVIR_8G090200v2	0.953677
SEVIR_8G090300v2	0.232954
SEVIR_8G090400v2	0
SEVIR_8G090500v2	0.628732
SEVIR_8G090550v2	0
SEVIR_8G090600v2	1.478279
SEVIR_8G090650v2	0.23481
SEVIR_8G090701v2	0
SEVIR_8G090751v2	0
SEVIR_8G090800v2	3.762362
SEVIR_8G090900v2	8.697832
SEVIR_8G091000v2	38.313843
SEVIR_8G091100v2	2.072189
SEVIR_8G091200v2	9.449108
SEVIR_8G091300v2	15.192447
SEVIR_8G091450v2	6.167982
SEVIR_8G091600v2	9.715607
SEVIR_8G091701v2	0
SEVIR_8G091801v2	0
SEVIR_8G091900v2	5.420785
SEVIR_8G092000v2	0
SEVIR_8G092100v2	0.418895
SEVIR_8G092200v2	0.706264
SEVIR_8G092300v2	0.337245
SEVIR_8G092400v2	0
SEVIR_8G092500v2	0
SEVIR_8G092600v2	9.127809
SEVIR_8G092700v2	0
SEVIR_8G092800v2	0.394237
SEVIR_8G092900v2	0
SEVIR_8G093100v2	0
SEVIR_8G093200v2	0
SEVIR_8G093500v2	0.035621
SEVIR_8G093600v2	2.747211
SEVIR_8G093700v2	0.365133
SEVIR_8G093800v2	3.16904
SEVIR_8G093950v2	0
SEVIR_8G094100v2	0.228103
SEVIR_8G094200v2	0.751299
SEVIR_8G094250v2	0.276685
SEVIR_8G094300v2	0
SEVIR_8G094400v2	0
SEVIR_8G094500v2	38.93069
SEVIR_8G094600v2	14.880888
SEVIR_8G094700v2	0
SEVIR_8G094800v2	26.115006
SEVIR_8G094900v2	3.196001
SEVIR_8G095000v2	56.306888
SEVIR_8G095050v2	0
SEVIR_8G095100v2	0
SEVIR_8G095200v2	6.547116
SEVIR_8G095300v2	3.772484
SEVIR_8G095600v2	2.460698
SEVIR_8G095700v2	0.31567
SEVIR_8G095800v2	0.346479
SEVIR_8G095900v2	0
SEVIR_8G096100v2	0.174784
SEVIR_8G096150v2	0
SEVIR_8G096200v2	0
SEVIR_8G096300v2	0
SEVIR_8G096400v2	0
SEVIR_8G096500v2	0
SEVIR_8G096600v2	1.38125
SEVIR_8G096700v2	0.05693
SEVIR_8G096750v2	0.146292
SEVIR_8G096800v2	0
SEVIR_8G096901v2	0
SEVIR_8G097000v2	7.795966
SEVIR_8G097100v2	24.617042
SEVIR_8G097200v2	0.185661
SEVIR_8G097301v2	0
SEVIR_8G097400v2	35.812681
SEVIR_8G097500v2	194.150642
SEVIR_8G097600v2	39.074685
SEVIR_8G097700v2	0
SEVIR_8G097900v2	81.590288
SEVIR_8G097975v2	0.278605
SEVIR_8G098050v2	0.350944
SEVIR_8G098125v2	0.179158
SEVIR_8G098200v2	0
SEVIR_8G098300v2	0
SEVIR_8G098400v2	2.183542
SEVIR_8G098500v2	56.888937
SEVIR_8G098600v2	0.204882
SEVIR_8G098700v2	0
SEVIR_8G098800v2	0.039026
SEVIR_8G098900v2	0.482673
SEVIR_8G099100v2	0.538996
SEVIR_8G099200v2	0.611133
SEVIR_8G099300v2	5.381106
SEVIR_8G099400v2	13.499057
SEVIR_8G099500v2	4.977456
SEVIR_8G099600v2	0.072229
SEVIR_8G099700v2	0
SEVIR_8G099800v2	0.236074
SEVIR_8G099900v2	0.458385
SEVIR_8G100000v2	0
SEVIR_8G100100v2	0
SEVIR_8G100200v2	0
SEVIR_8G100300v2	0
SEVIR_8G100350v2	0.327265
SEVIR_8G100400v2	0
SEVIR_8G100500v2	7.906011
SEVIR_8G100600v2	0
SEVIR_8G100700v2	1.003757
SEVIR_8G100800v2	0
SEVIR_8G100900v2	2.268842
SEVIR_8G101000v2	0
SEVIR_8G101100v2	0
SEVIR_8G101200v2	0
SEVIR_8G101300v2	0
SEVIR_8G101400v2	0
SEVIR_8G101500v2	0
SEVIR_8G101600v2	0
SEVIR_8G101700v2	0
SEVIR_8G101800v2	93.189531
SEVIR_8G101850v2	1.315793
SEVIR_8G101900v2	22.922775
SEVIR_8G102000v2	5.246284
SEVIR_8G102100v2	3.212223
SEVIR_8G102200v2	3.981554
SEVIR_8G102300v2	0
SEVIR_8G102400v2	2.12632
SEVIR_8G102500v2	0
SEVIR_8G102600v2	1.271926
SEVIR_8G102700v2	7.340351
SEVIR_8G102801v2	1.315874
SEVIR_8G102900v2	0
SEVIR_8G103000v2	14.342206
SEVIR_8G103100v2	0
SEVIR_8G103300v2	0.107351
SEVIR_8G103350v2	3.928889
SEVIR_8G103400v2	2.415156
SEVIR_8G103500v2	0.53975
SEVIR_8G103600v2	0.123444
SEVIR_8G103700v2	0
SEVIR_8G103800v2	28.389165
SEVIR_8G103866v2	0
SEVIR_8G103932v2	3.835325
SEVIR_8G104000v2	8.630774
SEVIR_8G104033v2	0.081755
SEVIR_8G104066v2	0
SEVIR_8G104100v2	1.213952
SEVIR_8G104200v2	27.333424
SEVIR_8G104300v2	0
SEVIR_8G104350v2	1.130609
SEVIR_8G104400v2	0
SEVIR_8G104500v2	3.986607
SEVIR_8G104600v2	40.697264
SEVIR_8G104700v2	58.379473
SEVIR_8G104750v2	27.334994
SEVIR_8G104800v2	0.643571
SEVIR_8G104900v2	0.100134
SEVIR_8G105000v2	2.677641
SEVIR_8G105050v2	1.133171
SEVIR_8G105100v2	0.029314
SEVIR_8G105200v2	22.788811
SEVIR_8G105301v2	0
SEVIR_8G105400v2	0
SEVIR_8G105500v2	0
SEVIR_8G105600v2	0
SEVIR_8G105800v2	14.063009
SEVIR_8G105900v2	0
SEVIR_8G106000v2	32.936286
SEVIR_8G106101v2	2.16291
SEVIR_8G106200v2	1.217456
SEVIR_8G106300v2	0.059735
SEVIR_8G106350v2	0
SEVIR_8G106400v2	0.159963
SEVIR_8G106500v2	6.487185
SEVIR_8G106550v2	0.947941
SEVIR_8G106600v2	0
SEVIR_8G106700v2	0.073721
SEVIR_8G106800v2	0.767421
SEVIR_8G106900v2	8.927289
SEVIR_8G107000v2	11.919016
SEVIR_8G107100v2	21.859295
SEVIR_8G107200v2	0.052026
SEVIR_8G107300v2	3.040247
SEVIR_8G107400v2	0
SEVIR_8G107500v2	8.312016
SEVIR_8G107600v2	0
SEVIR_8G107700v2	0
SEVIR_8G107750v2	0
SEVIR_8G107800v2	136.135469
SEVIR_8G107900v2	0
SEVIR_8G108000v2	24.397715
SEVIR_8G108050v2	0
SEVIR_8G108100v2	0
SEVIR_8G108300v2	0
SEVIR_8G108400v2	0
SEVIR_8G108500v2	2.108988
SEVIR_8G108550v2	83.954027
SEVIR_8G108600v2	76.944336
SEVIR_8G108700v2	12.686157
SEVIR_8G108800v2	57.881462
SEVIR_8G108901v2	0
SEVIR_8G109000v2	0
SEVIR_8G109100v2	0
SEVIR_8G109166v2	0.123215
SEVIR_8G109232v2	0.181076
SEVIR_8G109300v2	0.146773
SEVIR_8G109400v2	39.000343
SEVIR_8G109500v2	10.101684
SEVIR_8G109600v2	82.581995
SEVIR_8G109700v2	16.693317
SEVIR_8G109800v2	24.49263
SEVIR_8G110000v2	0
SEVIR_8G110100v2	0.037361
SEVIR_8G110200v2	10.102541
SEVIR_8G110500v2	10.414568
SEVIR_8G110550v2	1.157679
SEVIR_8G110600v2	2.17966
SEVIR_8G110700v2	34.216918
SEVIR_8G110800v2	0.019163
SEVIR_8G110900v2	0
SEVIR_8G111000v2	0
SEVIR_8G111200v2	0
SEVIR_8G111300v2	0
SEVIR_8G111400v2	0
SEVIR_8G111600v2	18.444934
SEVIR_8G111650v2	0
SEVIR_8G111700v2	1.299738
SEVIR_8G111733v2	0
SEVIR_8G111766v2	0
SEVIR_8G111800v2	0.864895
SEVIR_8G111900v2	9.37897
SEVIR_8G112000v2	0.269947
SEVIR_8G112100v2	0
SEVIR_8G112200v2	0
SEVIR_8G112300v2	0
SEVIR_8G112400v2	4.909404
SEVIR_8G112450v2	0.032995
SEVIR_8G112500v2	0.027183
SEVIR_8G112566v2	0
SEVIR_8G112632v2	0.561384
SEVIR_8G112700v2	3.728006
SEVIR_8G112900v2	13.355357
SEVIR_8G113000v2	0.39112
SEVIR_8G113200v2	16.473186
SEVIR_8G113300v2	1.165973
SEVIR_8G113400v2	1.532477
SEVIR_8G113500v2	0
SEVIR_8G113600v2	0.066277
SEVIR_8G113800v2	1.047102
SEVIR_8G113900v2	0
SEVIR_8G114000v2	2.441599
SEVIR_8G114100v2	25.573571
SEVIR_8G114300v2	126.801763
SEVIR_8G114700v2	402.362959
SEVIR_8G114800v2	0
SEVIR_8G114850v2	0.262469
SEVIR_8G114900v2	0
SEVIR_8G115000v2	13.740785
SEVIR_8G115100v2	0
SEVIR_8G115200v2	791.629254
SEVIR_8G115300v2	7.302658
SEVIR_8G115500v2	0.067922
SEVIR_8G115700v2	19.920914
SEVIR_8G115800v2	0
SEVIR_8G115900v2	0.123521
SEVIR_8G116000v2	0
SEVIR_8G116100v2	267.70475
SEVIR_8G116200v2	0.327465
SEVIR_8G116300v2	41.510054
SEVIR_8G116400v2	10.354793
SEVIR_8G116500v2	0
SEVIR_8G116600v2	0.053188
SEVIR_8G116660v2	0
SEVIR_8G116720v2	0.218468
SEVIR_8G116780v2	0
SEVIR_8G116840v2	0.032138
SEVIR_8G116900v2	13.322443
SEVIR_8G117100v2	16.787289
SEVIR_8G117400v2	3.622831
SEVIR_8G117500v2	1.475333
SEVIR_8G117600v2	0
SEVIR_8G117700v2	0
SEVIR_8G117800v2	0.82384
SEVIR_8G117900v2	0.046092
SEVIR_8G118050v2	0
SEVIR_8G118200v2	14.27162
SEVIR_8G118300v2	0
SEVIR_8G118400v2	0.035541
SEVIR_8G118500v2	5.805963
SEVIR_8G118600v2	5.985731
SEVIR_8G118700v2	0.269424
SEVIR_8G118800v2	0
SEVIR_8G118900v2	61.852533
SEVIR_8G118950v2	5.665855
SEVIR_8G119000v2	0.069208
SEVIR_8G119100v2	0.087266
SEVIR_8G119200v2	0
SEVIR_8G119300v2	0
SEVIR_8G119340v2	6.915865
SEVIR_8G119380v2	0
SEVIR_8G119420v2	31.738518
SEVIR_8G119460v2	0
SEVIR_8G119500v2	0.031994
SEVIR_8G119600v2	50.209236
SEVIR_8G119701v2	85.946669
SEVIR_8G119800v2	79.542423
SEVIR_8G119900v2	307.052609
SEVIR_8G119950v2	0
SEVIR_8G120000v2	0
SEVIR_8G120400v2	67.858125
SEVIR_8G120500v2	6.810038
SEVIR_8G120600v2	7.165996
SEVIR_8G120700v2	0
SEVIR_8G120800v2	0.099134
SEVIR_8G120900v2	3.862988
SEVIR_8G121000v2	0
SEVIR_8G121100v2	11.20685
SEVIR_8G121150v2	0
SEVIR_8G121200v2	117.6482
SEVIR_8G121400v2	0
SEVIR_8G121500v2	198.952963
SEVIR_8G121600v2	2.235466
SEVIR_8G121700v2	9.872482
SEVIR_8G121800v2	406.241363
SEVIR_8G122100v2	0.026911
SEVIR_8G122200v2	15.431551
SEVIR_8G122300v2	76.127451
SEVIR_8G122400v2	0.262902
SEVIR_8G122500v2	0.813439
SEVIR_8G122600v2	7.158085
SEVIR_8G122700v2	50.76992
SEVIR_8G122800v2	19.060909
SEVIR_8G122900v2	0
SEVIR_8G123000v2	0.069952
SEVIR_8G123100v2	0
SEVIR_8G123200v2	1.667524
SEVIR_8G123250v2	0
SEVIR_8G123300v2	2.254645
SEVIR_8G123400v2	7.495498
SEVIR_8G123500v2	220.90541
SEVIR_8G123600v2	0.390905
SEVIR_8G123700v2	0
SEVIR_8G123750v2	0
SEVIR_8G123800v2	7.594951
SEVIR_8G123950v2	0
SEVIR_8G124100v2	0
SEVIR_8G124200v2	0
SEVIR_8G124300v2	0
SEVIR_8G124400v2	0
SEVIR_8G124500v2	0.306296
SEVIR_8G124600v2	3.016357
SEVIR_8G124700v2	0
SEVIR_8G124800v2	0
SEVIR_8G124900v2	1.092654
SEVIR_8G125000v2	0.018097
SEVIR_8G125100v2	0
SEVIR_8G125300v2	0
SEVIR_8G125400v2	0.820145
SEVIR_8G125500v2	0
SEVIR_8G125550v2	0
SEVIR_8G125600v2	476.498446
SEVIR_8G125700v2	1.263845
SEVIR_8G125800v2	15.525163
SEVIR_8G125866v2	0.764188
SEVIR_8G125932v2	1.335038
SEVIR_8G126000v2	0.105474
SEVIR_8G126100v2	20.605049
SEVIR_8G126200v2	39.038988
SEVIR_8G126300v2	0.113196
SEVIR_8G126400v2	0
SEVIR_8G126500v2	8.556064
SEVIR_8G126600v2	0
SEVIR_8G126700v2	0.592107
SEVIR_8G126800v2	0.402477
SEVIR_8G126900v2	0.015192
SEVIR_8G127000v2	0.193603
SEVIR_8G127100v2	6.499298
SEVIR_8G127200v2	0.184618
SEVIR_8G127233v2	0.41309
SEVIR_8G127266v2	0.821549
SEVIR_8G127300v2	0
SEVIR_8G127400v2	47.626066
SEVIR_8G127500v2	13.218428
SEVIR_8G127600v2	0.711028
SEVIR_8G127700v2	225.837093
SEVIR_8G127900v2	0.019345
SEVIR_8G128000v2	0
SEVIR_8G128100v2	27.506106
SEVIR_8G128200v2	11.808365
SEVIR_8G128300v2	350.756193
SEVIR_8G128350v2	0
SEVIR_8G128400v2	25.211193
SEVIR_8G128500v2	50.042971
SEVIR_8G128600v2	6.706214
SEVIR_8G128700v2	11.566555
SEVIR_8G129000v2	13.832952
SEVIR_8G129100v2	11.503193
SEVIR_8G129200v2	10.172956
SEVIR_8G129300v2	0.01354
SEVIR_8G129400v2	0
SEVIR_8G129450v2	0.755367
SEVIR_8G129500v2	23.380324
SEVIR_8G129600v2	0
SEVIR_8G129700v2	0
SEVIR_8G129800v2	2.453356
SEVIR_8G129900v2	0.049822
SEVIR_8G130000v2	9.372433
SEVIR_8G130100v2	13.935448
SEVIR_8G130200v2	0
SEVIR_8G130300v2	11.236952
SEVIR_8G130400v2	1.284637
SEVIR_8G130500v2	3.238115
SEVIR_8G130600v2	0
SEVIR_8G130700v2	2.107667
SEVIR_8G130800v2	0.4832
SEVIR_8G130900v2	0
SEVIR_8G131000v2	2.2026
SEVIR_8G131100v2	5.625361
SEVIR_8G131200v2	23.973111
SEVIR_8G131300v2	9.709572
SEVIR_8G131400v2	0
SEVIR_8G131450v2	0
SEVIR_8G131500v2	13.356076
SEVIR_8G131600v2	33.070741
SEVIR_8G131700v2	8.415796
SEVIR_8G131800v2	66.769598
SEVIR_8G131900v2	0
SEVIR_8G132000v2	0.066345
SEVIR_8G132100v2	0
SEVIR_8G132200v2	3.40583
SEVIR_8G132300v2	9.747597
SEVIR_8G132400v2	150.616104
SEVIR_8G132500v2	0.385101
SEVIR_8G132600v2	0
SEVIR_8G132700v2	13.299664
SEVIR_8G132800v2	0
SEVIR_8G132900v2	0.068256
SEVIR_8G133000v2	0.035022
SEVIR_8G133100v2	1.552862
SEVIR_8G133200v2	0.06364
SEVIR_8G133300v2	0
SEVIR_8G133500v2	0.883447
SEVIR_8G133600v2	0
SEVIR_8G133700v2	0
SEVIR_8G133800v2	8.258425
SEVIR_8G133900v2	0
SEVIR_8G134000v2	0
SEVIR_8G134100v2	0.71439
SEVIR_8G134200v2	11.834415
SEVIR_8G134300v2	0
SEVIR_8G134400v2	0
SEVIR_8G134500v2	4.207558
SEVIR_8G134600v2	8.822656
SEVIR_8G134700v2	1.310274
SEVIR_8G134750v2	0.339829
SEVIR_8G134800v2	0
SEVIR_8G134850v2	0
SEVIR_8G134900v2	0
SEVIR_8G135000v2	0
SEVIR_8G135200v2	0.233538
SEVIR_8G135225v2	0
SEVIR_8G135250v2	0
SEVIR_8G135275v2	0.409482
SEVIR_8G135300v2	0
SEVIR_8G135400v2	42.289202
SEVIR_8G135500v2	0
SEVIR_8G135600v2	0
SEVIR_8G135700v2	0
SEVIR_8G135800v2	0
SEVIR_8G135900v2	62.410417
SEVIR_8G135950v2	13.463476
SEVIR_8G136000v2	0.178329
SEVIR_8G136100v2	0.629491
SEVIR_8G136200v2	0
SEVIR_8G136300v2	0
SEVIR_8G136401v2	0.076011
SEVIR_8G136500v2	0
SEVIR_8G136600v2	0
SEVIR_8G136700v2	0.443561
SEVIR_8G136800v2	0
SEVIR_8G136900v2	4.565291
SEVIR_8G137000v2	3.594198
SEVIR_8G137100v2	11.080084
SEVIR_8G137200v2	5.047649
SEVIR_8G137400v2	1.140439
SEVIR_8G137500v2	0
SEVIR_8G137600v2	5.242555
SEVIR_8G137700v2	26.945732
SEVIR_8G137800v2	3.253193
SEVIR_8G137900v2	0.02281
SEVIR_8G138000v2	0
SEVIR_8G138100v2	0
SEVIR_8G138200v2	0.051144
SEVIR_8G138300v2	0
SEVIR_8G138350v2	0
SEVIR_8G138400v2	1.03495
SEVIR_8G138500v2	0
SEVIR_8G138600v2	0
SEVIR_8G138700v2	0
SEVIR_8G138800v2	0
SEVIR_8G138900v2	37.486975
SEVIR_8G139000v2	0.30377
SEVIR_8G139101v2	6.37296
SEVIR_8G139050v2	14.292591
SEVIR_8G139151v2	0
SEVIR_8G139200v2	1.993431
SEVIR_8G139300v2	0
SEVIR_8G139400v2	0.056164
SEVIR_8G139500v2	2.383813
SEVIR_8G139533v2	0.377724
SEVIR_8G139566v2	1.827296
SEVIR_8G139600v2	13.936933
SEVIR_8G139700v2	0
SEVIR_8G139750v2	6.063752
SEVIR_8G139800v2	0
SEVIR_8G139900v2	0
SEVIR_8G140000v2	0.185532
SEVIR_8G140100v2	0
SEVIR_8G140200v2	0
SEVIR_8G140500v2	6.531477
SEVIR_8G140600v2	62.566077
SEVIR_8G140700v2	73.723146
SEVIR_8G140900v2	10.76325
SEVIR_8G141000v2	0
SEVIR_8G141100v2	24.447846
SEVIR_8G141200v2	20.222437
SEVIR_8G141300v2	1.38609
SEVIR_8G141400v2	0.113908
SEVIR_8G141500v2	0
SEVIR_8G141600v2	0
SEVIR_8G141700v2	12.854742
SEVIR_8G141800v2	0.03753
SEVIR_8G141900v2	1.921087
SEVIR_8G142000v2	0
SEVIR_8G142100v2	0.968488
SEVIR_8G142200v2	0.70734
SEVIR_8G142300v2	0
SEVIR_8G142350v2	12.181516
SEVIR_8G142400v2	0.422862
SEVIR_8G142500v2	3.49554
SEVIR_8G142600v2	0.898569
SEVIR_8G142700v2	18.630404
SEVIR_8G142800v2	0.450262
SEVIR_8G142900v2	9.10705
SEVIR_8G142950v2	0
SEVIR_8G143000v2	13.40748
SEVIR_8G143100v2	0
SEVIR_8G143200v2	5.890096
SEVIR_8G143300v2	0.399941
SEVIR_8G143400v2	21.318294
SEVIR_8G143500v2	5.43645
SEVIR_8G143600v2	3.633171
SEVIR_8G143700v2	7.450042
SEVIR_8G143800v2	0
SEVIR_8G143900v2	0.975808
SEVIR_8G144000v2	0
SEVIR_8G144100v2	0
SEVIR_8G144200v2	0
SEVIR_8G144300v2	0
SEVIR_8G144400v2	0
SEVIR_8G144500v2	0
SEVIR_8G144600v2	0.047762
SEVIR_8G144700v2	0
SEVIR_8G144800v2	0
SEVIR_8G144900v2	0
SEVIR_8G145000v2	0.124096
SEVIR_8G145100v2	0.157321
SEVIR_8G145200v2	0
SEVIR_8G145250v2	0
SEVIR_8G145300v2	83.451834
SEVIR_8G145350v2	3.386538
SEVIR_8G145400v2	19.092432
SEVIR_8G145500v2	54.538359
SEVIR_8G145600v2	0.021407
SEVIR_8G145701v2	0
SEVIR_8G145800v2	0.500333
SEVIR_8G145900v2	4.069827
SEVIR_8G145933v2	2.127318
SEVIR_8G145966v2	0
SEVIR_8G146000v2	2.235746
SEVIR_8G146100v2	22.443639
SEVIR_8G146200v2	0.892219
SEVIR_8G146300v2	0.101938
SEVIR_8G146400v2	0
SEVIR_8G146500v2	0.227747
SEVIR_8G146700v2	0
SEVIR_8G146800v2	0
SEVIR_8G146900v2	1.520277
SEVIR_8G146933v2	0.248813
SEVIR_8G146966v2	0
SEVIR_8G147000v2	0
SEVIR_8G147050v2	14.315696
SEVIR_8G147100v2	0.895425
SEVIR_8G147200v2	20.039152
SEVIR_8G147300v2	31.691043
SEVIR_8G147400v2	10.512299
SEVIR_8G147500v2	0.100699
SEVIR_8G147600v2	0
SEVIR_8G147800v2	0
SEVIR_8G147901v2	5.059033
SEVIR_8G148001v2	0.045725
SEVIR_8G148100v2	11.480268
SEVIR_8G148200v2	5.6379
SEVIR_8G148300v2	3.070626
SEVIR_8G148400v2	39.846046
SEVIR_8G148500v2	19.958119
SEVIR_8G148533v2	6.164983
SEVIR_8G148566v2	5.849368
SEVIR_8G148600v2	75.585705
SEVIR_8G148700v2	7.300852
SEVIR_8G148800v2	3.710202
SEVIR_8G148901v2	7.528244
SEVIR_8G149000v2	1.210786
SEVIR_8G149100v2	0.547736
SEVIR_8G149150v2	0
SEVIR_8G149200v2	2.724556
SEVIR_8G149300v2	0
SEVIR_8G149400v2	0
SEVIR_8G149500v2	0.027569
SEVIR_8G149600v2	0
SEVIR_8G149650v2	1.095696
SEVIR_8G149700v2	0.117763
SEVIR_8G149800v2	0.084498
SEVIR_8G149850v2	0
SEVIR_8G149900v2	1.158584
SEVIR_8G150000v2	0
SEVIR_8G150200v2	6.799493
SEVIR_8G150300v2	29.71852
SEVIR_8G150400v2	8.732146
SEVIR_8G150350v2	0
SEVIR_8G150500v2	6.630998
SEVIR_8G150600v2	2.741415
SEVIR_8G150700v2	2.861285
SEVIR_8G150750v2	1.042612
SEVIR_8G150800v2	0.224433
SEVIR_8G150900v2	4.100753
SEVIR_8G151000v2	0.117417
SEVIR_8G151100v2	0.015626
SEVIR_8G151200v2	11.980494
SEVIR_8G151300v2	15.562684
SEVIR_8G151400v2	0
SEVIR_8G151500v2	33.07001
SEVIR_8G151600v2	4.15097
SEVIR_8G151700v2	42.377852
SEVIR_8G151800v2	0.054724
SEVIR_8G151900v2	4.476103
SEVIR_8G152000v2	0.037677
SEVIR_8G152100v2	79.245134
SEVIR_8G152200v2	0.174592
SEVIR_8G152300v2	0.083311
SEVIR_8G152400v2	0.017711
SEVIR_8G152500v2	0
SEVIR_8G152600v2	0
SEVIR_8G152700v2	0
SEVIR_8G152800v2	15.726038
SEVIR_8G152900v2	0
SEVIR_8G153000v2	5.060462
SEVIR_8G153100v2	13.938873
SEVIR_8G153200v2	0
SEVIR_8G153300v2	0.104877
SEVIR_8G153400v2	0.196656
SEVIR_8G153500v2	1.180068
SEVIR_8G153600v2	2.937217
SEVIR_8G153700v2	0
SEVIR_8G153800v2	0.165482
SEVIR_8G154100v2	0.652929
SEVIR_8G154200v2	12.046794
SEVIR_8G154300v2	0.32031
SEVIR_8G154350v2	0
SEVIR_8G154400v2	1.006572
SEVIR_8G154500v2	22.922322
SEVIR_8G154600v2	38.275657
SEVIR_8G154700v2	18.308989
SEVIR_8G154800v2	71.957954
SEVIR_8G154900v2	7.428646
SEVIR_8G155000v2	16.557812
SEVIR_8G155100v2	6.64728
SEVIR_8G155200v2	6.532558
SEVIR_8G155300v2	2.864882
SEVIR_8G155400v2	1.996643
SEVIR_8G155500v2	5.071387
SEVIR_8G155600v2	83.009176
SEVIR_8G155700v2	24.756726
SEVIR_8G155800v2	3.545849
SEVIR_8G155900v2	0
SEVIR_8G155950v2	0
SEVIR_8G156000v2	5.009605
SEVIR_8G156100v2	9.728706
SEVIR_8G156201v2	0.075972
SEVIR_8G156300v2	0
SEVIR_8G156400v2	0
SEVIR_8G156600v2	3.600722
SEVIR_8G156700v2	4.730979
SEVIR_8G156800v2	734.609133
SEVIR_8G156900v2	15.872436
SEVIR_8G157000v2	0
SEVIR_8G157033v2	0
SEVIR_8G157066v2	0
SEVIR_8G157100v2	0
SEVIR_8G157200v2	0
SEVIR_8G157300v2	0
SEVIR_8G157400v2	0
SEVIR_8G157500v2	0
SEVIR_8G157600v2	0
SEVIR_8G157700v2	0
SEVIR_8G157800v2	0
SEVIR_8G157900v2	0
SEVIR_8G158000v2	0
SEVIR_8G158100v2	0.179326
SEVIR_8G158200v2	7.123057
SEVIR_8G158400v2	1.089443
SEVIR_8G158300v2	0
SEVIR_8G158500v2	10.758727
SEVIR_8G158600v2	42.704616
SEVIR_8G158700v2	12.013782
SEVIR_8G158800v2	0
SEVIR_8G158900v2	0
SEVIR_8G159000v2	0.031782
SEVIR_8G159200v2	3.672402
SEVIR_8G159500v2	0
SEVIR_8G159601v2	0.716362
SEVIR_8G159701v2	0
SEVIR_8G159801v2	0
SEVIR_8G159900v2	0
SEVIR_8G160000v2	0
SEVIR_8G160100v2	0
SEVIR_8G160200v2	0
SEVIR_8G160250v2	0
SEVIR_8G160300v2	28.666818
SEVIR_8G160350v2	8.256332
SEVIR_8G160400v2	0
SEVIR_8G160500v2	5.220167
SEVIR_8G160600v2	0.416255
SEVIR_8G160700v2	14.177774
SEVIR_8G160800v2	9.047056
SEVIR_8G160900v2	53.358161
SEVIR_8G161000v2	0
SEVIR_8G161100v2	0
SEVIR_8G161200v2	0
SEVIR_8G161400v2	0
SEVIR_8G161500v2	0
SEVIR_8G161600v2	0.647871
SEVIR_8G161700v2	0
SEVIR_8G161800v2	14.111828
SEVIR_8G161900v2	0
SEVIR_8G161950v2	2.102331
SEVIR_8G162000v2	0
SEVIR_8G162100v2	0
SEVIR_8G162200v2	7.290844
SEVIR_8G162300v2	11.097142
SEVIR_8G162400v2	69.07571
SEVIR_8G162500v2	0.294053
SEVIR_8G162600v2	0
SEVIR_8G162700v2	0
SEVIR_8G162801v2	21.355414
SEVIR_8G162900v2	2.699471
SEVIR_8G163000v2	0
SEVIR_8G163100v2	0
SEVIR_8G163200v2	0
SEVIR_8G163300v2	2.074257
SEVIR_8G163400v2	0
SEVIR_8G163500v2	0.099609
SEVIR_8G163600v2	3.753658
SEVIR_8G163650v2	0
SEVIR_8G163700v2	0.32503
SEVIR_8G163800v2	0
SEVIR_8G163900v2	6.95167
SEVIR_8G163950v2	2.313742
SEVIR_8G164000v2	17.184604
SEVIR_8G164100v2	7.070455
SEVIR_8G164150v2	0.196104
SEVIR_8G164200v2	0
SEVIR_8G164300v2	1.625356
SEVIR_8G164400v2	2.876921
SEVIR_8G164500v2	0.768888
SEVIR_8G164600v2	21.375758
SEVIR_8G164700v2	0
SEVIR_8G164800v2	69.831669
SEVIR_8G164900v2	0.014554
SEVIR_8G165000v2	0.10061
SEVIR_8G165100v2	0
SEVIR_8G165400v2	0
SEVIR_8G165600v2	0
SEVIR_8G165700v2	8.981039
SEVIR_8G165800v2	0
SEVIR_8G165900v2	0
SEVIR_8G166000v2	0
SEVIR_8G166100v2	0
SEVIR_8G166200v2	0.032142
SEVIR_8G166300v2	0
SEVIR_8G166350v2	0.08245
SEVIR_8G166400v2	0
SEVIR_8G166500v2	0.039529
SEVIR_8G166600v2	0
SEVIR_8G166650v2	0
SEVIR_8G166700v2	6.110396
SEVIR_8G166800v2	0.083635
SEVIR_8G166900v2	0
SEVIR_8G167000v2	12.822553
SEVIR_8G167100v2	7.230231
SEVIR_8G167200v2	19.241134
SEVIR_8G167300v2	8.613674
SEVIR_8G167400v2	28.667253
SEVIR_8G167450v2	0.088767
SEVIR_8G167500v2	7.587774
SEVIR_8G167600v2	1.661348
SEVIR_8G167700v2	1.293718
SEVIR_8G167800v2	0.178049
SEVIR_8G167900v2	0
SEVIR_8G168000v2	1.452013
SEVIR_8G168100v2	0
SEVIR_8G168250v2	0
SEVIR_8G168400v2	138.661896
SEVIR_8G168500v2	17.118338
SEVIR_8G168600v2	2.536578
SEVIR_8G168700v2	14.077086
SEVIR_8G168800v2	3.157318
SEVIR_8G168900v2	46.795186
SEVIR_8G168950v2	0
SEVIR_8G169000v2	11.058739
SEVIR_8G169100v2	6.416022
SEVIR_8G169150v2	0
SEVIR_8G169200v2	9.707085
SEVIR_8G169300v2	0.085058
SEVIR_8G169400v2	4.709289
SEVIR_8G169500v2	3.098566
SEVIR_8G169600v2	0.170269
SEVIR_8G169700v2	21.100176
SEVIR_8G169800v2	33.928044
SEVIR_8G169901v2	7.933442
SEVIR_8G170000v2	0.191367
SEVIR_8G170050v2	0.905686
SEVIR_8G170100v2	0
SEVIR_8G170166v2	0.496793
SEVIR_8G169900v2	0.029841
SEVIR_8G169966v2	0.134883
SEVIR_8G170300v2	0
SEVIR_8G170350v2	0
SEVIR_8G170400v2	0.3885
SEVIR_8G170500v2	0
SEVIR_8G170600v2	0.335439
SEVIR_8G170700v2	0
SEVIR_8G170800v2	0.746863
SEVIR_8G170900v2	32.490352
SEVIR_8G170950v2	0.310123
SEVIR_8G171000v2	0
SEVIR_8G171100v2	0.223672
SEVIR_8G171200v2	0
SEVIR_8G171300v2	0.006233
SEVIR_8G171400v2	0
SEVIR_8G171500v2	3.837614
SEVIR_8G171600v2	129.735978
SEVIR_8G171800v2	0
SEVIR_8G171900v2	0.090494
SEVIR_8G172000v2	1.163976
SEVIR_8G172101v2	0.291806
SEVIR_8G172200v2	0
SEVIR_8G172300v2	0
SEVIR_8G172366v2	1.242571
SEVIR_8G172432v2	0.189203
SEVIR_8G172500v2	14.617954
SEVIR_8G172550v2	106.152048
SEVIR_8G172600v2	0.522056
SEVIR_8G172700v2	6.112425
SEVIR_8G172800v2	0
SEVIR_8G172900v2	0
SEVIR_8G173000v2	0
SEVIR_8G173050v2	0
SEVIR_8G173100v2	0
SEVIR_8G173200v2	0
SEVIR_8G173233v2	0
SEVIR_8G173266v2	6.8162
SEVIR_8G173300v2	0
SEVIR_8G173400v2	0.483264
SEVIR_8G173500v2	0
SEVIR_8G173600v2	1.986928
SEVIR_8G173700v2	0
SEVIR_8G173800v2	0
SEVIR_8G173900v2	1.784131
SEVIR_8G174000v2	0.023436
SEVIR_8G174100v2	0.64931
SEVIR_8G174200v2	1.987774
SEVIR_8G174300v2	0.840768
SEVIR_8G174400v2	0
SEVIR_8G174500v2	0
SEVIR_8G174600v2	0.030018
SEVIR_8G174700v2	0
SEVIR_8G174800v2	0
SEVIR_8G174900v2	0.432683
SEVIR_8G175000v2	21.075782
SEVIR_8G175100v2	1.365184
SEVIR_8G175200v2	0.47626
SEVIR_8G175300v2	0
SEVIR_8G175400v2	2.023327
SEVIR_8G175500v2	76.427904
SEVIR_8G175600v2	0.033361
SEVIR_8G175700v2	0
SEVIR_8G175800v2	0
SEVIR_8G175900v2	0.072699
SEVIR_8G176000v2	0.309694
SEVIR_8G176101v2	2.304166
SEVIR_8G176200v2	31.420853
SEVIR_8G176301v2	2.356683
SEVIR_8G176400v2	0
SEVIR_8G176501v2	5.621513
SEVIR_8G176600v2	0
SEVIR_8G176700v2	0
SEVIR_8G176800v2	0.276285
SEVIR_8G176901v2	3.634467
SEVIR_8G177000v2	6.742365
SEVIR_8G177101v2	4.676115
SEVIR_8G177200v2	0.067256
SEVIR_8G177300v2	0
SEVIR_8G177400v2	19.617022
SEVIR_8G177500v2	4.677619
SEVIR_8G177566v2	0
SEVIR_8G177632v2	0.14367
SEVIR_8G177700v2	2.153149
SEVIR_8G177750v2	3.093722
SEVIR_8G177800v2	97.133177
SEVIR_8G177900v2	0.271069
SEVIR_8G178000v2	2.517086
SEVIR_8G178100v2	9.457516
SEVIR_8G178200v2	1.1324
SEVIR_8G178300v2	0
SEVIR_8G178400v2	63.224313
SEVIR_8G178500v2	6.501601
SEVIR_8G178550v2	0.73851
SEVIR_8G178600v2	2.508817
SEVIR_8G178700v2	0.644846
SEVIR_8G178800v2	9.511786
SEVIR_8G178900v2	197.968503
SEVIR_8G179000v2	243.239496
SEVIR_8G179100v2	0
SEVIR_8G179200v2	0
SEVIR_8G179300v2	0
SEVIR_8G179400v2	0
SEVIR_8G179500v2	72.033484
SEVIR_8G179600v2	1.478666
SEVIR_8G179700v2	10.430953
SEVIR_8G179800v2	15.98782
SEVIR_8G179900v2	1.505337
SEVIR_8G180000v2	2.214589
SEVIR_8G180100v2	1.632221
SEVIR_8G180200v2	2.894401
SEVIR_8G180300v2	12.666191
SEVIR_8G180400v2	1.26441
SEVIR_8G180500v2	0
SEVIR_8G180600v2	0.964763
SEVIR_8G180700v2	0
SEVIR_8G180800v2	0.349894
SEVIR_8G180866v2	0
SEVIR_8G180932v2	0
SEVIR_8G181000v2	0.182962
SEVIR_8G181100v2	0.231268
SEVIR_8G181200v2	0
SEVIR_8G181300v2	0
SEVIR_8G181400v2	0
SEVIR_8G181500v2	37.134212
SEVIR_8G181575v2	9.110583
SEVIR_8G181650v2	3.221245
SEVIR_8G181725v2	0
SEVIR_8G181800v2	0
SEVIR_8G181900v2	0.445486
SEVIR_8G182000v2	10.131314
SEVIR_8G182100v2	0.075144
SEVIR_8G182200v2	0
SEVIR_8G182400v2	9.892363
SEVIR_8G182500v2	0
SEVIR_8G182600v2	0.530398
SEVIR_8G182700v2	0.10859
SEVIR_8G182800v2	1.857277
SEVIR_8G182900v2	1.188059
SEVIR_8G182950v2	0.028583
SEVIR_8G183000v2	0.039398
SEVIR_8G183100v2	20.44624
SEVIR_8G183200v2	0
SEVIR_8G183300v2	0.239676
SEVIR_8G183400v2	0
SEVIR_8G183500v2	0
SEVIR_8G183600v2	0
SEVIR_8G183700v2	32.872003
SEVIR_8G183800v2	0
SEVIR_8G183900v2	0
SEVIR_8G184000v2	0.016887
SEVIR_8G184100v2	108.295537
SEVIR_8G184200v2	0.091553
SEVIR_8G184266v2	11.784446
SEVIR_8G184332v2	0.774991
SEVIR_8G184400v2	0
SEVIR_8G184500v2	60.623411
SEVIR_8G184600v2	29.83891
SEVIR_8G184700v2	1.16945
SEVIR_8G184750v2	0.136904
SEVIR_8G184800v2	0
SEVIR_8G184900v2	0
SEVIR_8G185000v2	0
SEVIR_8G185100v2	7.036546
SEVIR_8G185200v2	60.722506
SEVIR_8G185300v2	59.325301
SEVIR_8G185400v2	14.258008
SEVIR_8G185450v2	0
SEVIR_8G185500v2	0.080969
SEVIR_8G185600v2	0.045136
SEVIR_8G185700v2	0
SEVIR_8G185750v2	0
SEVIR_8G185800v2	0
SEVIR_8G185900v2	15.701538
SEVIR_8G186000v2	0
SEVIR_8G186101v2	0.975153
SEVIR_8G186200v2	0.037793
SEVIR_8G186233v2	0
SEVIR_8G186266v2	0.220284
SEVIR_8G186300v2	0
SEVIR_8G186350v2	0
SEVIR_8G186400v2	0
SEVIR_8G186500v2	0
SEVIR_8G186600v2	0
SEVIR_8G186700v2	0.184277
SEVIR_8G186800v2	7.62378
SEVIR_8G186900v2	4.80532
SEVIR_8G187000v2	0
SEVIR_8G187033v2	0.636876
SEVIR_8G187066v2	0.293828
SEVIR_8G187100v2	0.718115
SEVIR_8G187200v2	0
SEVIR_8G187300v2	0.549853
SEVIR_8G187400v2	0
SEVIR_8G187500v2	0
SEVIR_8G187600v2	0
SEVIR_8G187666v2	0
SEVIR_8G187732v2	0
SEVIR_8G187800v2	17.214272
SEVIR_8G188000v2	9.020805
SEVIR_8G188100v2	9.811683
SEVIR_8G188200v2	3.075749
SEVIR_8G188300v2	0
SEVIR_8G188400v2	89.544441
SEVIR_8G188500v2	0.69454
SEVIR_8G188550v2	1.25321
SEVIR_8G188600v2	3.628431
SEVIR_8G188700v2	1.471662
SEVIR_8G188800v2	0.132815
SEVIR_8G188900v2	0
SEVIR_8G189000v2	8.743194
SEVIR_8G189100v2	0
SEVIR_8G189200v2	1.663965
SEVIR_8G189300v2	11.262776
SEVIR_8G189400v2	4.177923
SEVIR_8G189500v2	6.330509
SEVIR_8G189600v2	0.315258
SEVIR_8G189700v2	70.200316
SEVIR_8G189800v2	0.340525
SEVIR_8G189900v2	16.467419
SEVIR_8G190000v2	0.149373
SEVIR_8G190100v2	1.936064
SEVIR_8G190200v2	0
SEVIR_8G190300v2	0.175743
SEVIR_8G190400v2	6.840453
SEVIR_8G190500v2	1.434753
SEVIR_8G190450v2	0
SEVIR_8G190600v2	7.602181
SEVIR_8G190700v2	1.055738
SEVIR_8G190800v2	0
SEVIR_8G190900v2	9.102952
SEVIR_8G191000v2	0.089601
SEVIR_8G191100v2	0.033994
SEVIR_8G191125v2	1.150703
SEVIR_8G191150v2	0
SEVIR_8G191175v2	0.766631
SEVIR_8G191200v2	11.321723
SEVIR_8G191300v2	1.066141
SEVIR_8G191400v2	10.696981
SEVIR_8G191500v2	0
SEVIR_8G191600v2	0.984925
SEVIR_8G191700v2	0
SEVIR_8G191800v2	1.604715
SEVIR_8G191900v2	0.816425
SEVIR_8G191950v2	0
SEVIR_8G192100v2	6.238513
SEVIR_8G192000v2	3.107604
SEVIR_8G192200v2	7.315658
SEVIR_8G192300v2	56.566842
SEVIR_8G192400v2	74.089672
SEVIR_8G192500v2	3.424863
SEVIR_8G192600v2	24.402328
SEVIR_8G192700v2	0.337729
SEVIR_8G192800v2	0.047384
SEVIR_8G192900v2	0.019271
SEVIR_8G193001v2	0
SEVIR_8G193100v2	0.97642
SEVIR_8G193133v2	0
SEVIR_8G193166v2	0
SEVIR_8G193200v2	0.054418
SEVIR_8G193300v2	3.543062
SEVIR_8G193400v2	3.336568
SEVIR_8G193500v2	3.137117
SEVIR_8G193600v2	0.480882
SEVIR_8G193700v2	0.165664
SEVIR_8G193800v2	0
SEVIR_8G193900v2	0.147676
SEVIR_8G194000v2	0.101374
SEVIR_8G194101v2	1.050398
SEVIR_8G194200v2	0.182571
SEVIR_8G194300v2	1.291519
SEVIR_8G194400v2	21.207054
SEVIR_8G194500v2	0.54347
SEVIR_8G194600v2	0.014407
SEVIR_8G194700v2	0
SEVIR_8G194750v2	0
SEVIR_8G194800v2	11.250692
SEVIR_8G194900v2	0
SEVIR_8G195100v2	0.459287
SEVIR_8G195200v2	0.02484
SEVIR_8G195300v2	15.170741
SEVIR_8G195400v2	0
SEVIR_8G195500v2	0
SEVIR_8G195600v2	0.022655
SEVIR_8G195700v2	0
SEVIR_8G195800v2	9.603372
SEVIR_8G195900v2	119.254378
SEVIR_8G196000v2	0
SEVIR_8G196100v2	1.323393
SEVIR_8G196200v2	139.771356
SEVIR_8G196300v2	0.041315
SEVIR_8G196366v2	0
SEVIR_8G196432v2	0
SEVIR_8G196500v2	1.057378
SEVIR_8G196600v2	0.074968
SEVIR_8G196650v2	0
SEVIR_8G196700v2	1.830269
SEVIR_8G196733v2	0.960251
SEVIR_8G196766v2	403.835815
SEVIR_8G196800v2	0.217765
SEVIR_8G196900v2	6.896304
SEVIR_8G197000v2	0
SEVIR_8G197100v2	0
SEVIR_8G197200v2	0.026687
SEVIR_8G197300v2	0
SEVIR_8G197400v2	0
SEVIR_8G197500v2	6.935878
SEVIR_8G197575v2	0
SEVIR_8G197650v2	0
SEVIR_8G197725v2	0.963343
SEVIR_8G197800v2	0
SEVIR_8G197900v2	0
SEVIR_8G198000v2	0
SEVIR_8G198100v2	0
SEVIR_8G198200v2	0
SEVIR_8G198300v2	0
SEVIR_8G198400v2	4.691449
SEVIR_8G198450v2	0
SEVIR_8G198500v2	15.969836
SEVIR_8G198600v2	7.652966
SEVIR_8G198700v2	0
SEVIR_8G198800v2	0.051405
SEVIR_8G198900v2	0
SEVIR_8G199000v2	0
SEVIR_8G199012v2	0
SEVIR_8G199024v2	0
SEVIR_8G199036v2	0
SEVIR_8G199048v2	0
SEVIR_8G199060v2	0
SEVIR_8G199072v2	0
SEVIR_8G199084v2	0
SEVIR_8G199100v2	0
SEVIR_8G199150v2	0.326444
SEVIR_8G199200v2	20.26107
SEVIR_8G199300v2	2.514656
SEVIR_8G199400v2	21.014625
SEVIR_8G199500v2	1.38441
SEVIR_8G199533v2	0
SEVIR_8G199566v2	0
SEVIR_8G199600v2	2.302534
SEVIR_8G199700v2	0
SEVIR_8G199800v2	0
SEVIR_8G199900v2	0.018387
SEVIR_8G200000v2	0
SEVIR_8G200100v2	0.048541
SEVIR_8G200200v2	1.034646
SEVIR_8G200250v2	0.888394
SEVIR_8G200301v2	0.094064
SEVIR_8G200351v2	0.109372
SEVIR_8G200400v2	0.141707
SEVIR_8G200500v2	0.820892
SEVIR_8G200600v2	0
SEVIR_8G200800v2	0.477096
SEVIR_8G200900v2	0.369231
SEVIR_8G201000v2	4.408914
SEVIR_8G201100v2	3.898821
SEVIR_8G201200v2	0.12325
SEVIR_8G201300v2	4.63695
SEVIR_8G201400v2	4.739074
SEVIR_8G201500v2	0.982302
SEVIR_8G201600v2	5.211034
SEVIR_8G201700v2	18.499412
SEVIR_8G201800v2	14.857197
SEVIR_8G201900v2	22.772395
SEVIR_8G202000v2	9.458394
SEVIR_8G202100v2	0.00738
SEVIR_8G202166v2	1.507302
SEVIR_8G202232v2	0.170767
SEVIR_8G202300v2	0.225214
SEVIR_8G202350v2	2.527843
SEVIR_8G202400v2	11.296133
SEVIR_8G202500v2	0
SEVIR_8G202600v2	0.025739
SEVIR_8G202650v2	0
SEVIR_8G202700v2	7.468467
SEVIR_8G202766v2	0.583896
SEVIR_8G202832v2	1.219885
SEVIR_8G202900v2	3.150198
SEVIR_8G203000v2	0
SEVIR_8G203100v2	21.041171
SEVIR_8G203200v2	0.029701
SEVIR_8G203300v2	243.237711
SEVIR_8G203400v2	14.336374
SEVIR_8G203500v2	0.206918
SEVIR_8G203600v2	6.06317
SEVIR_8G203700v2	20.098177
SEVIR_8G203766v2	5.316779
SEVIR_8G203832v2	8.578147
SEVIR_8G203900v2	0
SEVIR_8G204001v2	2.527843
SEVIR_8G204100v2	1.73965
SEVIR_8G204200v2	0
SEVIR_8G204300v2	5.038174
SEVIR_8G204600v2	0.123861
SEVIR_8G204700v2	0
SEVIR_8G204800v2	0
SEVIR_8G204900v2	15.738351
SEVIR_8G204950v2	0
SEVIR_8G205000v2	0
SEVIR_8G205100v2	0
SEVIR_8G205200v2	0
SEVIR_8G205225v2	0
SEVIR_8G205250v2	0
SEVIR_8G205275v2	0
SEVIR_8G205300v2	0
SEVIR_8G205350v2	0
SEVIR_8G205400v2	0
SEVIR_8G205500v2	0
SEVIR_8G205600v2	0
SEVIR_8G205700v2	0
SEVIR_8G205800v2	0
SEVIR_8G205900v2	0
SEVIR_8G206000v2	0
SEVIR_8G206100v2	0
SEVIR_8G206200v2	0
SEVIR_8G206300v2	0
SEVIR_8G206400v2	0
SEVIR_8G206500v2	0.419688
SEVIR_8G206600v2	8.77352
SEVIR_8G206700v2	141.03993
SEVIR_8G206800v2	0
SEVIR_8G206900v2	3.271737
SEVIR_8G207000v2	0.0344
SEVIR_8G207100v2	7.209064
SEVIR_8G207200v2	6.725751
SEVIR_8G207300v2	2.095309
SEVIR_8G207400v2	11.23098
SEVIR_8G207500v2	2.89071
SEVIR_8G207600v2	4.760117
SEVIR_8G207700v2	1.039163
SEVIR_8G207800v2	1.24568
SEVIR_8G207901v2	0.02276
SEVIR_8G208000v2	0
SEVIR_8G208100v2	0
SEVIR_8G208150v2	0
SEVIR_8G208200v2	1.009385
SEVIR_8G208400v2	5.076571
SEVIR_8G208500v2	5.483108
SEVIR_8G208600v2	0
SEVIR_8G208700v2	1.989261
SEVIR_8G208800v2	0.035535
SEVIR_8G208901v2	0.078859
SEVIR_8G209000v2	0
SEVIR_8G209100v2	0.017128
SEVIR_8G209200v2	0.01494
SEVIR_8G209300v2	0.496495
SEVIR_8G209400v2	0.068888
SEVIR_8G209600v2	1.939968
SEVIR_8G209450v2	2.345203
SEVIR_8G209500v2	0
SEVIR_8G209700v2	25.809065
SEVIR_8G209800v2	76.066991
SEVIR_8G209900v2	8.283876
SEVIR_8G210000v2	8.590336
SEVIR_8G210100v2	0
SEVIR_8G210150v2	0
SEVIR_8G210200v2	0
SEVIR_8G210300v2	0.239968
SEVIR_8G210400v2	0
SEVIR_8G210500v2	23.936219
SEVIR_8G210600v2	33.204209
SEVIR_8G210701v2	0
SEVIR_8G210801v2	0.778899
SEVIR_8G210900v2	0.637033
SEVIR_8G211000v2	3506.195576
SEVIR_8G211100v2	0
SEVIR_8G211200v2	12.517684
SEVIR_8G211300v2	127.109874
SEVIR_8G211400v2	37.091137
SEVIR_8G211500v2	7.186605
SEVIR_8G211533v2	0
SEVIR_8G211566v2	0.038721
SEVIR_8G211600v2	0
SEVIR_8G211700v2	0
SEVIR_8G211800v2	0
SEVIR_8G211900v2	0
SEVIR_8G212001v2	415.324355
SEVIR_8G212100v2	0.022317
SEVIR_8G212200v2	4.364032
SEVIR_8G212300v2	0.03811
SEVIR_8G212400v2	0
SEVIR_8G212500v2	0
SEVIR_8G212600v2	0.161365
SEVIR_8G212700v2	0
SEVIR_8G212800v2	1.320583
SEVIR_8G212900v2	0
SEVIR_8G213000v2	0
SEVIR_8G213100v2	0.035007
SEVIR_8G213200v2	127.82159
SEVIR_8G213301v2	6937.587899
SEVIR_8G213400v2	0.91877
SEVIR_8G213500v2	32.97321
SEVIR_8G213600v2	0.426463
SEVIR_8G213700v2	0.121711
SEVIR_8G213800v2	0
SEVIR_8G213900v2	9.370055
SEVIR_8G214000v2	6.592997
SEVIR_8G214100v2	20.508144
SEVIR_8G214200v2	0
SEVIR_8G214300v2	0.030053
SEVIR_8G214401v2	0
SEVIR_8G214500v2	0
SEVIR_8G214600v2	107.822024
SEVIR_8G214700v2	5.087161
SEVIR_8G214800v2	0
SEVIR_8G214900v2	1.035833
SEVIR_8G215000v2	0.194621
SEVIR_8G215100v2	9.410422
SEVIR_8G215200v2	2.722332
SEVIR_8G215266v2	0
SEVIR_8G215332v2	0
SEVIR_8G215400v2	0.136583
SEVIR_8G215500v2	0.100396
SEVIR_8G215600v2	0.010831
SEVIR_8G215666v2	0
SEVIR_8G215732v2	0
SEVIR_8G215800v2	0.446793
SEVIR_8G215901v2	0.413358
SEVIR_8G216000v2	0.097278
SEVIR_8G216100v2	0.420226
SEVIR_8G216200v2	266.365608
SEVIR_8G216300v2	0
SEVIR_8G216400v2	0.091475
SEVIR_8G216500v2	0
SEVIR_8G216600v2	0
SEVIR_8G216700v2	0
SEVIR_8G216900v2	8.435316
SEVIR_8G217000v2	28.406604
SEVIR_8G217100v2	0
SEVIR_8G217200v2	0
SEVIR_8G217300v2	34.816357
SEVIR_8G217400v2	15.791459
SEVIR_8G217500v2	0
SEVIR_8G217600v2	0
SEVIR_8G217700v2	0
SEVIR_8G217800v2	0
SEVIR_8G217850v2	1.976659
SEVIR_8G217900v2	68.346401
SEVIR_8G218000v2	1.744428
SEVIR_8G218100v2	29.191855
SEVIR_8G218301v2	1.452741
SEVIR_8G218500v2	0.121796
SEVIR_8G218300v2	0.051738
SEVIR_8G218400v2	0
SEVIR_8G218440v2	0.133915
SEVIR_8G218480v2	0
SEVIR_8G218520v2	0
SEVIR_8G218560v2	0
SEVIR_8G218600v2	0
SEVIR_8G222301v2	0
SEVIR_8G226000v2	3.034565
SEVIR_8G226007v2	0
SEVIR_8G218900v2	0
SEVIR_8G219000v2	44.133645
SEVIR_8G219100v2	13.58089
SEVIR_8G219200v2	5.702237
SEVIR_8G219400v2	0.092046
SEVIR_8G219500v2	0.413377
SEVIR_8G219600v2	0.279738
SEVIR_8G219700v2	0
SEVIR_8G219800v2	0.141308
SEVIR_8G219900v2	0
SEVIR_8G220000v2	0.01861
SEVIR_8G220100v2	0
SEVIR_8G220200v2	3.480805
SEVIR_8G220300v2	9.311685
SEVIR_8G220307v2	0.056288
SEVIR_8G220314v2	0
SEVIR_8G220400v2	0
SEVIR_8G220500v2	0
SEVIR_8G220600v2	0
SEVIR_8G220700v2	0
SEVIR_8G220800v2	0
SEVIR_8G220900v2	0.286454
SEVIR_8G221000v2	59.637456
SEVIR_8G221100v2	23.577973
SEVIR_8G221200v2	9.009118
SEVIR_8G221300v2	0
SEVIR_8G221307v2	0
SEVIR_8G221400v2	0
SEVIR_8G221500v2	0
SEVIR_8G221600v2	10.037082
SEVIR_8G221700v2	0.849077
SEVIR_8G221800v2	0
SEVIR_8G221807v2	0
SEVIR_8G221900v2	27.525451
SEVIR_8G222000v2	0
SEVIR_8G222100v2	2.069817
SEVIR_8G222200v2	4.894335
SEVIR_8G222300v2	13.032498
SEVIR_8G222400v2	23.474688
SEVIR_8G222407v2	0
SEVIR_8G222414v2	0.195529
SEVIR_8G222421v2	0.026637
SEVIR_8G222600v2	0.025933
SEVIR_8G222700v2	0.391319
SEVIR_8G222707v2	0.127797
SEVIR_8G222900v2	107.236271
SEVIR_8G223000v2	3.781908
SEVIR_8G223100v2	23.736517
SEVIR_8G223200v2	0.117839
SEVIR_8G223300v2	1.028694
SEVIR_8G223400v2	4.144502
SEVIR_8G223500v2	0
SEVIR_8G223600v2	0
SEVIR_8G223700v2	0
SEVIR_8G223800v2	0
SEVIR_8G223900v2	19.205757
SEVIR_8G224000v2	0.23508
SEVIR_8G224100v2	22.747105
SEVIR_8G224200v2	0
SEVIR_8G224300v2	0
SEVIR_8G224400v2	0
SEVIR_8G224500v2	1.084437
SEVIR_8G224600v2	0
SEVIR_8G224700v2	0
SEVIR_8G224800v2	0
SEVIR_8G224900v2	0
SEVIR_8G225000v2	0
SEVIR_8G225007v2	0
SEVIR_8G225100v2	0
SEVIR_8G225200v2	15.278079
SEVIR_8G225300v2	0.756797
SEVIR_8G225400v2	0
SEVIR_8G225500v2	0.054572
SEVIR_8G225600v2	0
SEVIR_8G225700v2	0
SEVIR_8G225800v2	0.053378
SEVIR_8G225807v2	46.622337
SEVIR_8G225814v2	0
SEVIR_8G225821v2	0.939239
SEVIR_8G226100v2	0.96202
SEVIR_8G226200v2	1.110544
SEVIR_8G226300v2	0
SEVIR_8G226400v2	0.065762
SEVIR_8G226500v2	18.866476
SEVIR_8G226600v2	25.41808
SEVIR_8G226700v2	15.226818
SEVIR_8G226800v2	15.817091
SEVIR_8G226900v2	0
SEVIR_8G227000v2	0
SEVIR_8G227050v2	1.655835
SEVIR_8G227100v2	4.381128
SEVIR_8G227201v2	1.247714
SEVIR_8G227300v2	0.558979
SEVIR_8G227400v2	0.095357
SEVIR_8G227501v2	0.042339
SEVIR_8G227600v2	0
SEVIR_8G227700v2	0.535693
SEVIR_8G227800v2	0.233598
SEVIR_8G227900v2	0
SEVIR_8G228000v2	0
SEVIR_8G228100v2	0.186103
SEVIR_8G228200v2	0
SEVIR_8G228300v2	0.031201
SEVIR_8G228400v2	0.283293
SEVIR_8G228500v2	5.267197
SEVIR_8G228600v2	0.467604
SEVIR_8G228700v2	3.171123
SEVIR_8G228800v2	1.955615
SEVIR_8G228900v2	0
SEVIR_8G229000v2	0
SEVIR_8G229100v2	0
SEVIR_8G229200v2	0
SEVIR_8G229300v2	0
SEVIR_8G229400v2	0
SEVIR_8G229500v2	0
SEVIR_8G229600v2	0.056108
SEVIR_8G229700v2	0
SEVIR_8G229800v2	0
SEVIR_8G229901v2	0
SEVIR_8G230000v2	0.229837
SEVIR_8G230028v2	4.190962
SEVIR_8G230056v2	12.211211
SEVIR_8G230084v2	9.664311
SEVIR_8G230112v2	27.704401
SEVIR_8G230140v2	0
SEVIR_8G230168v2	26.507526
SEVIR_8G230200v2	16.439244
SEVIR_8G230225v2	0.453444
SEVIR_8G230250v2	0
SEVIR_8G230275v2	93.109787
SEVIR_8G230300v2	19.594332
SEVIR_8G230400v2	36.764714
SEVIR_8G230500v2	0.331289
SEVIR_8G230600v2	3.158455
SEVIR_8G230700v2	3.160183
SEVIR_8G230800v2	4.739675
SEVIR_8G230900v2	9.38336
SEVIR_8G231000v2	0
SEVIR_8G231100v2	0.287874
SEVIR_8G231200v2	0.065306
SEVIR_8G231250v2	0.072006
SEVIR_8G231300v2	9.652113
SEVIR_8G231400v2	0
SEVIR_8G231500v2	0
SEVIR_8G231566v2	0
SEVIR_8G231632v2	0
SEVIR_8G231700v2	0.21556
SEVIR_8G231800v2	23.075679
SEVIR_8G232000v2	0.054044
SEVIR_8G232033v2	4.107745
SEVIR_8G231900v2	3.567797
SEVIR_8G232100v2	0.144173
SEVIR_8G231933v2	0
SEVIR_8G232200v2	0.052022
SEVIR_8G232300v2	12.275564
SEVIR_8G232400v2	0
SEVIR_8G232450v2	0
SEVIR_8G232500v2	0
SEVIR_8G232600v2	22.355399
SEVIR_8G232700v2	0.268261
SEVIR_8G232800v2	0.248056
SEVIR_8G232900v2	1.487293
SEVIR_8G233000v2	0.049893
SEVIR_8G233101v2	0
SEVIR_8G233200v2	7.325174
SEVIR_8G233250v2	0.041201
SEVIR_8G233300v2	0
SEVIR_8G233400v2	2223.732666
SEVIR_8G233500v2	1.509202
SEVIR_8G233600v2	49.711732
SEVIR_8G233700v2	0
SEVIR_8G233800v2	11.545259
SEVIR_8G233900v2	1.999515
SEVIR_8G234000v2	0
SEVIR_8G234100v2	0
SEVIR_8G234200v2	61.986616
SEVIR_8G234300v2	0
SEVIR_8G234400v2	0
SEVIR_8G234500v2	0
SEVIR_8G234600v2	0
SEVIR_8G234701v2	0.108647
SEVIR_8G234800v2	0.255877
SEVIR_8G234900v2	1.064474
SEVIR_8G235000v2	1.614356
SEVIR_8G235101v2	1.700651
SEVIR_8G235200v2	5.64328
SEVIR_8G235300v2	0.206316
SEVIR_8G235400v2	2.426826
SEVIR_8G235450v2	0
SEVIR_8G235500v2	1.380121
SEVIR_8G235566v2	0.318925
SEVIR_8G235632v2	7.372993
SEVIR_8G235700v2	91.145386
SEVIR_8G235800v2	20.803436
SEVIR_8G235900v2	0
SEVIR_8G236000v2	0
SEVIR_8G236100v2	0
SEVIR_8G236200v2	0
SEVIR_8G236300v2	0
SEVIR_8G236400v2	0.075674
SEVIR_8G236500v2	0
SEVIR_8G236600v2	0.163328
SEVIR_8G236650v2	0
SEVIR_8G236700v2	0
SEVIR_8G236801v2	0.60038
SEVIR_8G236900v2	45.258497
SEVIR_8G237000v2	0
SEVIR_8G237100v2	0
SEVIR_8G237200v2	1.017611
SEVIR_8G237266v2	0.510119
SEVIR_8G237332v2	0
SEVIR_8G237400v2	10.446054
SEVIR_8G237500v2	17.434839
SEVIR_8G237600v2	0
SEVIR_8G237700v2	0
SEVIR_8G237800v2	0
SEVIR_8G237900v2	0
SEVIR_8G238000v2	4.923907
SEVIR_8G238100v2	0.040622
SEVIR_8G238200v2	0.674569
SEVIR_8G238300v2	0.425241
SEVIR_8G238400v2	2.165083
SEVIR_8G238500v2	3.147778
SEVIR_8G238600v2	0.125648
SEVIR_8G238700v2	0.318317
SEVIR_8G238750v2	1.847897
SEVIR_8G238800v2	1.102085
SEVIR_8G238850v2	0
SEVIR_8G238900v2	0
SEVIR_8G239000v2	0
SEVIR_8G239100v2	1.704805
SEVIR_8G239150v2	0
SEVIR_8G239200v2	0
SEVIR_8G239250v2	34.225786
SEVIR_8G239300v2	207.291853
SEVIR_8G239400v2	8.973113
SEVIR_8G239425v2	0
SEVIR_8G239450v2	0
SEVIR_8G239475v2	0
SEVIR_8G239500v2	0
SEVIR_8G239600v2	12.339406
SEVIR_8G239700v2	0.56278
SEVIR_8G239800v2	0.125016
SEVIR_8G239900v2	20.478896
SEVIR_8G240001v2	6.051781
SEVIR_8G240100v2	0
SEVIR_8G240200v2	0.094175
SEVIR_8G240266v2	0.101704
SEVIR_8G240332v2	0
SEVIR_8G240500v2	0.23163
SEVIR_8G240400v2	0
SEVIR_8G240550v2	0
SEVIR_8G240600v2	56.52997
SEVIR_8G240700v2	2.28293
SEVIR_8G240800v2	0.153255
SEVIR_8G240900v2	0
SEVIR_8G241001v2	7.749634
SEVIR_8G241100v2	0
SEVIR_8G241200v2	0
SEVIR_8G241300v2	0
SEVIR_8G241400v2	0
SEVIR_8G241500v2	0
SEVIR_8G241600v2	0
SEVIR_8G241700v2	0
SEVIR_8G241800v2	0
SEVIR_8G241900v2	0
SEVIR_8G242000v2	0
SEVIR_8G242100v2	0
SEVIR_8G242200v2	0
SEVIR_8G242300v2	0
SEVIR_8G242333v2	1.185999
SEVIR_8G242366v2	4.626847
SEVIR_8G242400v2	0.074771
SEVIR_8G242500v2	0
SEVIR_8G242600v2	0.415932
SEVIR_8G242700v2	6.890725
SEVIR_8G242800v2	15.814
SEVIR_8G242900v2	26.444676
SEVIR_8G243000v2	27.095133
SEVIR_8G243100v2	34.944602
SEVIR_8G243200v2	14.294171
SEVIR_8G243300v2	41.549742
SEVIR_8G243400v2	193.375459
SEVIR_8G243600v2	34.438197
SEVIR_8G243700v2	82.841582
SEVIR_8G243800v2	0
SEVIR_8G243900v2	26.596658
SEVIR_8G244000v2	0
SEVIR_8G244100v2	0.894644
SEVIR_8G244200v2	0
SEVIR_8G244300v2	0
SEVIR_8G244400v2	0
SEVIR_8G244500v2	0
SEVIR_8G244660v2	0
SEVIR_8G244820v2	0
SEVIR_8G244980v2	0
SEVIR_8G245140v2	0.624846
SEVIR_8G245300v2	0.35491
SEVIR_8G245400v2	3.300049
SEVIR_8G245433v2	13.144785
SEVIR_8G245466v2	0.047375
SEVIR_8G245500v2	3.091309
SEVIR_8G245601v2	0
SEVIR_8G245700v2	13.74106
SEVIR_8G245750v2	4.314217
SEVIR_8G245800v2	0
SEVIR_8G245901v2	0.289216
SEVIR_8G246001v2	9.364702
SEVIR_8G246100v2	0
SEVIR_8G246200v2	0.010131
SEVIR_8G246300v2	6.049322
SEVIR_8G246400v2	8.519768
SEVIR_8G246500v2	0.069817
SEVIR_8G246600v2	0
SEVIR_8G246650v2	0
SEVIR_8G246701v2	0
SEVIR_8G246751v2	0
SEVIR_8G246800v2	0
SEVIR_8G246802v2	0
SEVIR_8G246804v2	0
SEVIR_8G246806v2	0.044045
SEVIR_8G246808v2	0.04046
SEVIR_8G246810v2	0.27411
SEVIR_8G246812v2	0
SEVIR_8G246814v2	0
SEVIR_8G246816v2	0
SEVIR_8G246818v2	0.242251
SEVIR_8G246820v2	0
SEVIR_8G246822v2	0
SEVIR_8G246824v2	0
SEVIR_8G246826v2	0
SEVIR_8G246828v2	0
SEVIR_8G246830v2	0
SEVIR_8G246832v2	0
SEVIR_8G246834v2	0
SEVIR_8G246836v2	0
SEVIR_8G246838v2	0
SEVIR_8G246840v2	0
SEVIR_8G246842v2	0
SEVIR_8G246844v2	0
SEVIR_8G246846v2	0
SEVIR_8G246848v2	0
SEVIR_8G246850v2	0
SEVIR_8G246852v2	0
SEVIR_8G246854v2	0
SEVIR_8G246856v2	0.091892
SEVIR_8G246858v2	0
SEVIR_8G246860v2	0
SEVIR_8G246862v2	0
SEVIR_8G246864v2	0.733202
SEVIR_8G246866v2	9.452249
SEVIR_8G246868v2	0
SEVIR_8G246870v2	0
SEVIR_8G246872v2	0
SEVIR_8G244900v2	0
SEVIR_8G245000v2	0
SEVIR_8G245100v2	0.29693
SEVIR_8G245200v2	12.21051
SEVIR_8G245202v2	20.118806
SEVIR_8G246900v2	0
SEVIR_8G247000v2	0
SEVIR_8G247020v2	0.261279
SEVIR_8G247040v2	14.25161
SEVIR_8G247060v2	4.26114
SEVIR_8G247080v2	1.336362
SEVIR_8G247100v2	1.195638
SEVIR_8G247200v2	5.317011
SEVIR_8G247300v2	7.554871
SEVIR_8G247400v2	95.350194
SEVIR_8G247500v2	4.084821
SEVIR_8G247600v2	0.579423
SEVIR_8G247700v2	1.059325
SEVIR_8G247800v2	0
SEVIR_8G247900v2	0
SEVIR_8G248001v2	10.953987
SEVIR_8G248100v2	0.134666
SEVIR_8G248000v2	0.57878
SEVIR_8G248200v2	0.045582
SEVIR_8G248300v2	7.135197
SEVIR_8G248400v2	0
SEVIR_8G248500v2	0.032907
SEVIR_8G248600v2	0.037031
SEVIR_8G248700v2	0
SEVIR_8G248800v2	0.172832
SEVIR_8G248900v2	0
SEVIR_8G249000v2	0
SEVIR_8G249100v2	0.029426
SEVIR_8G249200v2	0
SEVIR_8G249300v2	3.626916
SEVIR_8G249400v2	0.075279
SEVIR_8G249500v2	0.347436
SEVIR_8G249600v2	0
SEVIR_8G249700v2	2.852193
SEVIR_8G249710v2	0.12726
SEVIR_8G249720v2	0
SEVIR_8G249730v2	0
SEVIR_8G249740v2	0
SEVIR_8G249750v2	0
SEVIR_8G249760v2	4.283295
SEVIR_8G249770v2	0.049049
SEVIR_8G249780v2	5.722823
SEVIR_8G249790v2	0.267315
SEVIR_8G249801v2	0.351871
SEVIR_8G249811v2	0
SEVIR_8G249821v2	0
SEVIR_8G249831v2	0
SEVIR_8G249841v2	0
SEVIR_8G249851v2	0
SEVIR_8G249861v2	0
SEVIR_8G249881v2	4.147666
SEVIR_8G249871v2	0.471513
SEVIR_8G249891v2	7.520779
SEVIR_8G249900v2	5.178944
SEVIR_8G249950v2	29.731958
SEVIR_8G250000v2	0.312652
SEVIR_8G250100v2	0.031933
SEVIR_8G250133v2	0.114102
SEVIR_8G250166v2	18.064688
SEVIR_8G250200v2	3.310727
SEVIR_8G250250v2	2.192835
SEVIR_8G250300v2	13.261692
SEVIR_8G250400v2	2.943949
SEVIR_8G250433v2	0
SEVIR_8G250466v2	0.042639
SEVIR_8G250500v2	0
SEVIR_8G250600v2	0
SEVIR_8G250701v2	0
SEVIR_8G250800v2	1.398068
SEVIR_8G250900v2	0
SEVIR_8G251000v2	0
SEVIR_8G251100v2	0
SEVIR_8G251133v2	0
SEVIR_8G251166v2	0
SEVIR_8G251200v2	0.018835
SEVIR_8G251300v2	10.953987
SEVIR_8G251400v2	0
SEVIR_8G251500v2	0
SEVIR_8G251600v2	0
SEVIR_8G251700v2	0
SEVIR_8G251800v2	0.035773
SEVIR_8G251850v2	0
SEVIR_8G251900v2	0.108069
SEVIR_8G252000v2	0.08439
SEVIR_8G252100v2	0
SEVIR_8G252200v2	0.467747
SEVIR_8G252214v2	0.083643
SEVIR_8G252228v2	2.751319
SEVIR_8G252242v2	0.714198
SEVIR_8G252256v2	0.07183
SEVIR_8G252270v2	1.264718
SEVIR_8G252284v2	1.536134
SEVIR_8G252300v2	0.645887
SEVIR_8G252400v2	0
SEVIR_8G252500v2	0.118819
SEVIR_8G252600v2	0.651331
SEVIR_8G252700v2	0.015453
SEVIR_8G252800v2	0
SEVIR_8G252900v2	1.712695
SEVIR_8G252950v2	0
SEVIR_8G253000v2	2.611509
SEVIR_8G253100v2	15.487709
SEVIR_8G253200v2	0.57244
SEVIR_8G253300v2	0
SEVIR_8G253400v2	13.393029
SEVIR_8G253500v2	0
SEVIR_8G253566v2	2.899585
SEVIR_8G253632v2	0
SEVIR_8G253700v2	0.130523
SEVIR_8G253800v2	0.06347
SEVIR_8G253900v2	0
SEVIR_8G254000v2	14.473094
SEVIR_8G254100v2	226.043794
SEVIR_8G254200v2	0
SEVIR_8G254300v2	0
SEVIR_8G254400v2	22.655329
SEVIR_8G254500v2	0
SEVIR_8G254600v2	11.6261
SEVIR_8G254700v2	0.46718
SEVIR_8G254750v2	0
SEVIR_8G254800v2	157.286859
SEVIR_8G254900v2	1.587821
SEVIR_8G254950v2	1.095399
SEVIR_8G255001v2	0.072872
SEVIR_8G255051v2	0
SEVIR_8G255100v2	0
SEVIR_8G255200v2	0
SEVIR_8G255300v2	0
SEVIR_8G255400v2	3.471948
SEVIR_8G255500v2	0
SEVIR_8G255600v2	0.022646
SEVIR_8G255700v2	0
SEVIR_8G255750v2	0
SEVIR_8G255800v2	0.005191
SEVIR_8G255900v2	0
SEVIR_8G256000v2	0
SEVIR_8G256100v2	0
SEVIR_8G256201v2	0
SEVIR_8G256300v2	0
SEVIR_8G256400v2	0
SEVIR_8G256500v2	0.764232
SEVIR_8G256550v2	0.046902
SEVIR_8G256600v2	0
SEVIR_8G256700v2	0
SEVIR_8G256800v2	0
SEVIR_8G256900v2	0
SEVIR_8G257000v2	0
SEVIR_8G257100v2	0
SEVIR_8G257200v2	26.42966
SEVIR_8G257300v2	1.976659
SEVIR_8G257400v2	0
SEVIR_8G257500v2	0
SEVIR_8G257600v2	0.868767
SEVIR_8G257700v2	0.371255
SEVIR_8G257800v2	0
SEVIR_8G257900v2	0.073906
SEVIR_8G258000v2	1.231197
SEVIR_8G258100v2	2.33
SEVIR_8G258200v2	3.795213
SEVIR_8G258300v2	0
SEVIR_8G258400v2	5.261009
SEVIR_8G258500v2	0.082732
SEVIR_8G258600v2	0
SEVIR_8G258700v2	0.121711
SEVIR_8G258800v2	157.30043
SEVIR_8G258900v2	5.273409
SEVIR_8G259000v2	1.970196
SEVIR_8G259101v2	2.945505
SEVIR_8G259201v2	2.297299
SEVIR_8G259300v2	0.104729
SEVIR_8G259400v2	4.108613
SEVIR_8G259450v2	3.19201
SEVIR_8G259500v2	1.967453
SEVIR_8G259600v2	0.592123
SEVIR_8G259700v2	0
SEVIR_8G259800v2	0
SEVIR_8G259900v2	0
SEVIR_8G260000v2	1.943523
SEVIR_8G260100v2	21548.634559
SEVIR_8G260133v2	0
SEVIR_8G260166v2	0
SEVIR_8G260200v2	0.389676
SEVIR_8G260300v2	40.593823
SEVIR_8G260400v2	162.329976
SEVIR_8G260500v2	33.700701
SEVIR_8G260600v2	0
SEVIR_8G260700v2	9.407983
SEVIR_8G260766v2	0.978867
SEVIR_8G260832v2	3.883775
SEVIR_8G260900v2	0.077632
SEVIR_8G260950v2	3.720222
SEVIR_8G261000v2	6.874887
SEVIR_8G261100v2	0
SEVIR_8G261201v2	10.558383
SEVIR_8G261300v2	0
SEVIR_8G261400v2	0.596858
SEVIR_8G261433v2	1.870922
SEVIR_8G261466v2	0.129635
SEVIR_8G261499v2	0
SEVIR_8G261532v2	0
SEVIR_8G261565v2	0
SEVIR_8G261600v2	0.169476
SEVIR_8G261700v2	0
SEVIR_8G261800v2	0.832366
SEVIR_8G261900v2	0
SEVIR_8G261950v2	0.36344
SEVIR_8G262000v2	0
SEVIR_8G262033v2	0
SEVIR_8G262066v2	0
SEVIR_8G262100v2	1.168241
SEVIR_8G262200v2	11.71644
SEVIR_8G262300v2	2.370473
SEVIR_8G262400v2	0.063894
SEVIR_8G262500v2	103.088597
SEVIR_8G262600v2	7.404137
SEVIR_8G262700v2	1.072085
SEVIR_8G262800v2	16.54594
SEVIR_8G262900v2	29.953494
SEVIR_8G263000v2	6.932084
SEVIR_8G263100v2	14.356553
SEVIR_8G263150v2	0
SEVIR_8G263200v2	0.025346
SEVIR_8G263300v2	0.392058
SEVIR_8G263401v2	0
SEVIR_9G000200v2	0.146713
SEVIR_9G000300v2	0.030493
SEVIR_9G000400v2	1.665016
SEVIR_9G000500v2	12.855825
SEVIR_9G000600v2	0
SEVIR_9G000666v2	17.991064
SEVIR_9G000732v2	0
SEVIR_9G000800v2	0
SEVIR_9G000900v2	0
SEVIR_9G001000v2	52.256312
SEVIR_9G001100v2	18.130738
SEVIR_9G001200v2	0.846985
SEVIR_9G001300v2	43.061078
SEVIR_9G001400v2	105.601092
SEVIR_9G001500v2	57.717397
SEVIR_9G001600v2	13.019361
SEVIR_9G001700v2	0.698461
SEVIR_9G001800v2	0.788137
SEVIR_9G001900v2	0.286928
SEVIR_9G002000v2	2.836988
SEVIR_9G002100v2	12.432112
SEVIR_9G002200v2	1.733599
SEVIR_9G002300v2	40.653115
SEVIR_9G002400v2	2.184569
SEVIR_9G002500v2	0.017909
SEVIR_9G002600v2	0.041519
SEVIR_9G002700v2	19.149528
SEVIR_9G002800v2	15.194063
SEVIR_9G002900v2	138.724727
SEVIR_9G002950v2	0.595228
SEVIR_9G003000v2	3.6096
SEVIR_9G003100v2	6.610309
SEVIR_9G003200v2	22.29961
SEVIR_9G003300v2	0.816165
SEVIR_9G003400v2	19.871964
SEVIR_9G003500v2	9.222866
SEVIR_9G003600v2	7.419974
SEVIR_9G003700v2	55.710752
SEVIR_9G003800v2	19.82421
SEVIR_9G003900v2	4.559163
SEVIR_9G004000v2	29.065767
SEVIR_9G004100v2	8.423514
SEVIR_9G004200v2	2.222883
SEVIR_9G004300v2	11.73169
SEVIR_9G004400v2	2.408554
SEVIR_9G004500v2	21.266189
SEVIR_9G004600v2	1.611555
SEVIR_9G004650v2	0
SEVIR_9G004700v2	1.969778
SEVIR_9G004800v2	4.03286
SEVIR_9G004900v2	71.288119
SEVIR_9G005000v2	41.316776
SEVIR_9G005100v2	9.777381
SEVIR_9G005200v2	137.978996
SEVIR_9G005266v2	1.572252
SEVIR_9G005332v2	33.541336
SEVIR_9G005400v2	4.09952
SEVIR_9G005500v2	116.924146
SEVIR_9G005600v2	18.136853
SEVIR_9G005650v2	0
SEVIR_9G005700v2	5.593525
SEVIR_9G005800v2	0.029917
SEVIR_9G005900v2	53.834024
SEVIR_9G005933v2	0.101294
SEVIR_9G005966v2	0
SEVIR_9G006000v2	1.90262
SEVIR_9G006100v2	38.429017
SEVIR_9G006200v2	13.69532
SEVIR_9G006300v2	15.731729
SEVIR_9G006400v2	14.41453
SEVIR_9G006500v2	105.285683
SEVIR_9G006600v2	42.023612
SEVIR_9G006700v2	13.069942
SEVIR_9G006800v2	58.364218
SEVIR_9G006900v2	7.179022
SEVIR_9G007001v2	4.677999
SEVIR_9G007100v2	0.017991
SEVIR_9G007200v2	2.560433
SEVIR_9G007300v2	13.995862
SEVIR_9G007400v2	1.948659
SEVIR_9G007500v2	10.052636
SEVIR_9G007600v2	54.235876
SEVIR_9G007700v2	39.688387
SEVIR_9G007750v2	0.527991
SEVIR_9G007800v2	5.362098
SEVIR_9G007900v2	79.592188
SEVIR_9G008000v2	1.087207
SEVIR_9G008100v2	42.340911
SEVIR_9G008200v2	17.504182
SEVIR_9G008250v2	9.584739
SEVIR_9G008300v2	128.329319
SEVIR_9G008500v2	0.447582
SEVIR_9G008400v2	33.693634
SEVIR_9G008600v2	3.176772
SEVIR_9G008700v2	12.651658
SEVIR_9G008800v2	19.768221
SEVIR_9G008900v2	0.451908
SEVIR_9G009000v2	71.799105
SEVIR_9G009100v2	221.81988
SEVIR_9G009200v2	58.946968
SEVIR_9G009300v2	125.765599
SEVIR_9G009400v2	0.207979
SEVIR_9G009500v2	28.832533
SEVIR_9G009600v2	213.591122
SEVIR_9G009700v2	133.650712
SEVIR_9G009800v2	21.860232
SEVIR_9G009900v2	24.485086
SEVIR_9G010000v2	0
SEVIR_9G010100v2	3.353731
SEVIR_9G010200v2	8.729462
SEVIR_9G010300v2	45.567091
SEVIR_9G010400v2	7.440206
SEVIR_9G010450v2	0
SEVIR_9G010500v2	0.467992
SEVIR_9G010600v2	0.50718
SEVIR_9G010700v2	10.968637
SEVIR_9G010750v2	1.253091
SEVIR_9G010800v2	1.343134
SEVIR_9G010866v2	1.095399
SEVIR_9G010932v2	30.599623
SEVIR_9G011000v2	0.583863
SEVIR_9G011100v2	0.022024
SEVIR_9G011150v2	0.959862
SEVIR_9G011200v2	0.029543
SEVIR_9G011300v2	0
SEVIR_9G011400v2	0.081321
SEVIR_9G011500v2	1.533618
SEVIR_9G011600v2	8.903547
SEVIR_9G011700v2	0.850668
SEVIR_9G011800v2	21.051662
SEVIR_9G011900v2	5.632764
SEVIR_9G012000v2	61.099991
SEVIR_9G012100v2	22.528734
SEVIR_9G012200v2	23.187626
SEVIR_9G012300v2	7.114455
SEVIR_9G012400v2	50.928529
SEVIR_9G012500v2	11.758738
SEVIR_9G012600v2	3.011326
SEVIR_9G012700v2	1.127886
SEVIR_9G012750v2	0
SEVIR_9G012800v2	19.981002
SEVIR_9G012900v2	0
SEVIR_9G013000v2	20.942439
SEVIR_9G013100v2	46.355844
SEVIR_9G013200v2	0.255166
SEVIR_9G013300v2	0
SEVIR_9G013400v2	115.547924
SEVIR_9G013500v2	7.15809
SEVIR_9G013600v2	0
SEVIR_9G013700v2	1.322639
SEVIR_9G013800v2	0.137318
SEVIR_9G013900v2	0
SEVIR_9G014000v2	75.902732
SEVIR_9G014100v2	5.559025
SEVIR_9G014200v2	0.626012
SEVIR_9G014300v2	14.711416
SEVIR_9G014400v2	0.26936
SEVIR_9G014500v2	0.801807
SEVIR_9G014600v2	2.675528
SEVIR_9G014700v2	0
SEVIR_9G014800v2	0.092202
SEVIR_9G014900v2	0.679396
SEVIR_9G015000v2	17.05118
SEVIR_9G015100v2	0
SEVIR_9G015200v2	8.406064
SEVIR_9G015300v2	8.792616
SEVIR_9G015500v2	0.400633
SEVIR_9G015400v2	0.572477
SEVIR_9G015600v2	15.633252
SEVIR_9G015700v2	18.314049
SEVIR_9G015800v2	0.275593
SEVIR_9G015900v2	6.433212
SEVIR_9G016000v2	0.294726
SEVIR_9G016050v2	0.433207
SEVIR_9G016100v2	0.342312
SEVIR_9G016200v2	58.906112
SEVIR_9G016300v2	10.63956
SEVIR_9G016400v2	50.11343
SEVIR_9G016500v2	10.623409
SEVIR_9G016600v2	14.108223
SEVIR_9G016700v2	0
SEVIR_9G016800v2	7.965312
SEVIR_9G016900v2	14.640258
SEVIR_9G017000v2	0.084181
SEVIR_9G017100v2	18.953659
SEVIR_9G017200v2	0
SEVIR_9G017300v2	12.578149
SEVIR_9G017400v2	138.32754
SEVIR_9G017500v2	0
SEVIR_9G017601v2	136.109868
SEVIR_9G017700v2	2.390117
SEVIR_9G017800v2	0
SEVIR_9G017900v2	0.279868
SEVIR_9G018000v2	0.326241
SEVIR_9G018100v2	7.346696
SEVIR_9G018200v2	4.993147
SEVIR_9G018300v2	14.71346
SEVIR_9G018400v2	0
SEVIR_9G018500v2	1.960755
SEVIR_9G018600v2	9.70822
SEVIR_9G018700v2	27.042982
SEVIR_9G018800v2	35.550881
SEVIR_9G018850v2	0.347464
SEVIR_9G018900v2	20.73274
SEVIR_9G018950v2	0
SEVIR_9G019000v2	2.355662
SEVIR_9G019100v2	0.78278
SEVIR_9G019200v2	9.991493
SEVIR_9G019300v2	0.419016
SEVIR_9G019400v2	45.730034
SEVIR_9G019500v2	0
SEVIR_9G019600v2	9.974444
SEVIR_9G019700v2	5.971377
SEVIR_9G019800v2	0.095106
SEVIR_9G019900v2	4.076482
SEVIR_9G020000v2	0
SEVIR_9G020100v2	15.214607
SEVIR_9G020200v2	41.829459
SEVIR_9G020300v2	4.062816
SEVIR_9G020400v2	0.717318
SEVIR_9G020500v2	1.474836
SEVIR_9G020600v2	38.836864
SEVIR_9G020700v2	0.790342
SEVIR_9G020750v2	0.350977
SEVIR_9G020800v2	0.494148
SEVIR_9G020900v2	19.173781
SEVIR_9G021000v2	34.345753
SEVIR_9G021050v2	0
SEVIR_9G021100v2	0.051286
SEVIR_9G021200v2	0
SEVIR_9G021300v2	126.083433
SEVIR_9G021400v2	108.553149
SEVIR_9G021450v2	17.362919
SEVIR_9G021500v2	11.024426
SEVIR_9G021600v2	4.641071
SEVIR_9G021700v2	1.757098
SEVIR_9G021800v2	4.056103
SEVIR_9G021900v2	0
SEVIR_9G022000v2	180.161465
SEVIR_9G022100v2	17.71288
SEVIR_9G022200v2	34.728876
SEVIR_9G022300v2	12.09963
SEVIR_9G022400v2	29.401525
SEVIR_9G022500v2	10.227736
SEVIR_9G022600v2	5.151429
SEVIR_9G022700v2	11.840575
SEVIR_9G022800v2	1.30512
SEVIR_9G022900v2	43.264375
SEVIR_9G023000v2	1.302424
SEVIR_9G023100v2	5.622484
SEVIR_9G023050v2	0
SEVIR_9G023200v2	160.883921
SEVIR_9G023300v2	32.964865
SEVIR_9G023400v2	40.721398
SEVIR_9G023501v2	2.672971
SEVIR_9G023600v2	44.471788
SEVIR_9G023700v2	10.63928
SEVIR_9G023800v2	26.190846
SEVIR_9G023900v2	0
SEVIR_9G024000v2	1.111672
SEVIR_9G024100v2	10.630685
SEVIR_9G024200v2	0
SEVIR_9G024300v2	0
SEVIR_9G024400v2	11.42157
SEVIR_9G024500v2	0.111961
SEVIR_9G024600v2	52.417785
SEVIR_9G024700v2	47.229935
SEVIR_9G024800v2	10.262047
SEVIR_9G024900v2	35.490919
SEVIR_9G025000v2	3.333805
SEVIR_9G025100v2	0
SEVIR_9G025200v2	0.031555
SEVIR_9G025300v2	2.860854
SEVIR_9G025400v2	586.783702
SEVIR_9G025500v2	0.651378
SEVIR_9G025600v2	44.442645
SEVIR_9G025700v2	39.615625
SEVIR_9G025800v2	11.654005
SEVIR_9G025833v2	0
SEVIR_9G025866v2	0
SEVIR_9G025900v2	49.429546
SEVIR_9G026000v2	4.09962
SEVIR_9G026100v2	42.793451
SEVIR_9G026200v2	0.035446
SEVIR_9G026300v2	2.660651
SEVIR_9G026400v2	0.015677
SEVIR_9G026500v2	19.869437
SEVIR_9G026600v2	111.537674
SEVIR_9G026700v2	12.875047
SEVIR_9G026800v2	58.032171
SEVIR_9G026900v2	15.865759
SEVIR_9G027000v2	0.023569
SEVIR_9G027100v2	12.534934
SEVIR_9G027150v2	0
SEVIR_9G027200v2	192.362703
SEVIR_9G027300v2	101.811399
SEVIR_9G027350v2	0
SEVIR_9G027400v2	5.876509
SEVIR_9G027500v2	14.986246
SEVIR_9G027600v2	2.83114
SEVIR_9G027700v2	1.737457
SEVIR_9G027800v2	0.685519
SEVIR_9G027900v2	9.477803
SEVIR_9G028000v2	38.97044
SEVIR_9G028100v2	5.187174
SEVIR_9G028200v2	3.574301
SEVIR_9G028300v2	60.745857
SEVIR_9G028400v2	24.762546
SEVIR_9G028450v2	12.164032
SEVIR_9G000100v2	25.375298
SEVIR_9G000150v2	19.593949
SEVIR_9G000201v2	16.369703
SEVIR_9G028600v2	137.815228
SEVIR_9G028700v2	0.149355
SEVIR_9G028800v2	21.475434
SEVIR_9G028900v2	18.459765
SEVIR_9G029000v2	4.377825
SEVIR_9G029100v2	33.199877
SEVIR_9G029200v2	13.038843
SEVIR_9G029300v2	19.399832
SEVIR_9G029400v2	52.76143
SEVIR_9G029500v2	33.602222
SEVIR_9G029600v2	72.359512
SEVIR_9G029700v2	0
SEVIR_9G029800v2	1.147046
SEVIR_9G029900v2	6.651064
SEVIR_9G030000v2	0.084404
SEVIR_9G030100v2	0.047921
SEVIR_9G030200v2	0.379306
SEVIR_9G030400v2	1.118703
SEVIR_9G030500v2	3.720045
SEVIR_9G030600v2	311.945774
SEVIR_9G030700v2	29.194324
SEVIR_9G030800v2	11.205479
SEVIR_9G030900v2	25.160926
SEVIR_9G031000v2	12.45497
SEVIR_9G031100v2	20.458017
SEVIR_9G031200v2	0.028326
SEVIR_9G031300v2	34.739528
SEVIR_9G031400v2	0.025966
SEVIR_9G031500v2	0.144225
SEVIR_9G031550v2	0.073916
SEVIR_9G031600v2	7.2074
SEVIR_9G031700v2	14.37634
SEVIR_9G031800v2	45.974875
SEVIR_9G031900v2	0.881734
SEVIR_9G032000v2	10.360749
SEVIR_9G032100v2	0
SEVIR_9G032200v2	0
SEVIR_9G032300v2	0.096827
SEVIR_9G032400v2	22.58999
SEVIR_9G032500v2	0
SEVIR_9G032600v2	3.700937
SEVIR_9G032700v2	132.651392
SEVIR_9G032800v2	14.974504
SEVIR_9G032900v2	19.539711
SEVIR_9G033000v2	596.725336
SEVIR_9G033100v2	56.871974
SEVIR_9G033200v2	42.664202
SEVIR_9G033300v2	107.856446
SEVIR_9G033350v2	0.203398
SEVIR_9G033400v2	24.932678
SEVIR_9G033500v2	6.500422
SEVIR_9G033600v2	69.347862
SEVIR_9G033700v2	20.727608
SEVIR_9G033800v2	5.826704
SEVIR_9G033900v2	0
SEVIR_9G034000v2	15.337015
SEVIR_9G034100v2	0
SEVIR_9G034200v2	0
SEVIR_9G034300v2	0
SEVIR_9G034400v2	0
SEVIR_9G034433v2	0
SEVIR_9G034466v2	0
SEVIR_9G034500v2	57.563523
SEVIR_9G034601v2	0.027727
SEVIR_9G034700v2	4.659512
SEVIR_9G034800v2	45.687368
SEVIR_9G034900v2	435.868541
SEVIR_9G035000v2	11.96999
SEVIR_9G035100v2	0
SEVIR_9G035150v2	0.050108
SEVIR_9G035200v2	0
SEVIR_9G035233v2	0
SEVIR_9G035266v2	0
SEVIR_9G035300v2	0
SEVIR_9G035400v2	0.172213
SEVIR_9G035433v2	17.040465
SEVIR_9G035466v2	14.083698
SEVIR_9G035500v2	1.173444
SEVIR_9G035600v2	39.312385
SEVIR_9G035700v2	0
SEVIR_9G035800v2	22.674735
SEVIR_9G035900v2	63.69022
SEVIR_9G036000v2	3.716241
SEVIR_9G036100v2	77.193423
SEVIR_9G036200v2	7.458955
SEVIR_9G036300v2	0.559642
SEVIR_9G036400v2	9.78615
SEVIR_9G036500v2	2.371994
SEVIR_9G036600v2	5.458373
SEVIR_9G036700v2	0.405829
SEVIR_9G036800v2	2.480591
SEVIR_9G036900v2	18.646476
SEVIR_9G037000v2	8.135973
SEVIR_9G037100v2	27.45922
SEVIR_9G037200v2	0.773309
SEVIR_9G037300v2	0
SEVIR_9G037400v2	425.336976
SEVIR_9G037500v2	0
SEVIR_9G037600v2	30.181792
SEVIR_9G037700v2	12.770921
SEVIR_9G037800v2	92.373354
SEVIR_9G037900v2	46.060543
SEVIR_9G037950v2	0.360122
SEVIR_9G038000v2	6.567458
SEVIR_9G038100v2	0
SEVIR_9G038200v2	4.48631
SEVIR_9G038300v2	218.153344
SEVIR_9G038400v2	63.107557
SEVIR_9G038500v2	0
SEVIR_9G038600v2	0.066086
SEVIR_9G038700v2	0
SEVIR_9G038800v2	0
SEVIR_9G038833v2	0
SEVIR_9G038866v2	4.086409
SEVIR_9G038900v2	0
SEVIR_9G038966v2	1.724504
SEVIR_9G039032v2	0.170148
SEVIR_9G039100v2	0
SEVIR_9G039201v2	0.711157
SEVIR_9G039300v2	0.890858
SEVIR_9G039400v2	0
SEVIR_9G039500v2	8.347193
SEVIR_9G039600v2	31.273832
SEVIR_9G039700v2	14.274621
SEVIR_9G039800v2	333.967396
SEVIR_9G039900v2	0
SEVIR_9G040000v2	357.382201
SEVIR_9G040100v2	84.257104
SEVIR_9G040200v2	71.677054
SEVIR_9G040300v2	0.192583
SEVIR_9G040400v2	0.253639
SEVIR_9G040500v2	12.628657
SEVIR_9G040600v2	9.06393
SEVIR_9G040700v2	3.538556
SEVIR_9G040800v2	1.465026
SEVIR_9G040900v2	2.975826
SEVIR_9G041000v2	3.133887
SEVIR_9G041100v2	1.645289
SEVIR_9G041200v2	0.928749
SEVIR_9G041300v2	94.189087
SEVIR_9G041350v2	4.760543
SEVIR_9G041400v2	0.728936
SEVIR_9G041500v2	15.657861
SEVIR_9G041600v2	6.907596
SEVIR_9G041750v2	0.221828
SEVIR_9G041900v2	16.078702
SEVIR_9G041950v2	2.484886
SEVIR_9G042000v2	6.81349
SEVIR_9G042100v2	14.340343
SEVIR_9G042200v2	31.262664
SEVIR_9G042301v2	1.585917
SEVIR_9G042400v2	13.307049
SEVIR_9G042500v2	0.150731
SEVIR_9G042600v2	8.89445
SEVIR_9G042700v2	18.98763
SEVIR_9G042800v2	0.138564
SEVIR_9G042900v2	0.953256
SEVIR_9G043000v2	180.831086
SEVIR_9G043100v2	0.739422
SEVIR_9G043200v2	7.486056
SEVIR_9G043300v2	0.470197
SEVIR_9G043400v2	0.493587
SEVIR_9G043500v2	0.484631
SEVIR_9G043600v2	0.362854
SEVIR_9G043700v2	0.354233
SEVIR_9G043800v2	0
SEVIR_9G043850v2	0
SEVIR_9G043900v2	8.570946
SEVIR_9G044001v2	0.075534
SEVIR_9G044100v2	0.06102
SEVIR_9G044200v2	274.930506
SEVIR_9G044300v2	0
SEVIR_9G044400v2	10.946043
SEVIR_9G044500v2	34.460435
SEVIR_9G044550v2	0
SEVIR_9G044600v2	5.710585
SEVIR_9G044605v2	0.901912
SEVIR_9G044610v2	0
SEVIR_9G044615v2	20.174024
SEVIR_9G044620v2	30.614498
SEVIR_9G044625v2	28.754217
SEVIR_9G044630v2	7.063344
SEVIR_9G044635v2	8.819516
SEVIR_9G044640v2	1.012159
SEVIR_9G044645v2	1.391968
SEVIR_9G044650v2	1.96894
SEVIR_9G044655v2	0
SEVIR_9G044660v2	1.221
SEVIR_9G044665v2	9.472582
SEVIR_9G044670v2	28.354887
SEVIR_9G044675v2	5.599796
SEVIR_9G044680v2	4.138173
SEVIR_9G044685v2	2.5507
SEVIR_9G044690v2	1.44643
SEVIR_9G044700v2	26.801383
SEVIR_9G044800v2	421.284345
SEVIR_9G044900v2	54.427874
SEVIR_9G045000v2	18.789325
SEVIR_9G045200v2	81.1512
SEVIR_9G045300v2	3.661362
SEVIR_9G045350v2	0.868744
SEVIR_9G045401v2	0.068286
SEVIR_9G045451v2	0.871698
SEVIR_9G045500v2	366.567678
SEVIR_9G045600v2	10.32273
SEVIR_9G045650v2	0.381251
SEVIR_9G045700v2	2.512955
SEVIR_9G045800v2	40.944409
SEVIR_9G045900v2	12.49981
SEVIR_9G046001v2	1.011457
SEVIR_9G046101v2	0.089257
SEVIR_9G046200v2	0
SEVIR_9G046301v2	0.298025
SEVIR_9G046400v2	0.052808
SEVIR_9G046500v2	0.268217
SEVIR_9G046600v2	7.403851
SEVIR_9G046700v2	0
SEVIR_9G046800v2	32.963786
SEVIR_9G046900v2	73.622575
SEVIR_9G047000v2	48.186086
SEVIR_9G047100v2	34.404924
SEVIR_9G047200v2	0.187533
SEVIR_9G047300v2	8.878054
SEVIR_9G047333v2	0.061062
SEVIR_9G047366v2	0.701518
SEVIR_9G047400v2	35.503815
SEVIR_9G047500v2	5.681754
SEVIR_9G047600v2	0.69087
SEVIR_9G047700v2	33.862852
SEVIR_9G047800v2	10.694934
SEVIR_9G047900v2	7.548491
SEVIR_9G048000v2	0.039995
SEVIR_9G048100v2	3.321513
SEVIR_9G048150v2	0.915158
SEVIR_9G048200v2	6.016297
SEVIR_9G048300v2	0.375246
SEVIR_9G048400v2	0.204313
SEVIR_9G048500v2	2.058356
SEVIR_9G048600v2	0.513468
SEVIR_9G048700v2	310.22596
SEVIR_9G048800v2	0.091434
SEVIR_9G048900v2	15.888977
SEVIR_9G049000v2	5.820895
SEVIR_9G049100v2	0
SEVIR_9G049200v2	38.752591
SEVIR_9G049300v2	79.080928
SEVIR_9G049400v2	11.149794
SEVIR_9G049500v2	189.460715
SEVIR_9G049600v2	0.101959
SEVIR_9G049700v2	22.222622
SEVIR_9G049766v2	2.12239
SEVIR_9G049832v2	0
SEVIR_9G049900v2	2.853118
SEVIR_9G050000v2	5.624876
SEVIR_9G050100v2	6.190808
SEVIR_9G050200v2	24.244243
SEVIR_9G050300v2	10.153613
SEVIR_9G050400v2	30.177034
SEVIR_9G050500v2	68.050669
SEVIR_9G050600v2	28.73918
SEVIR_9G050700v2	132.315673
SEVIR_9G050800v2	5.718097
SEVIR_9G050900v2	0
SEVIR_9G051000v2	12.214498
SEVIR_9G051100v2	1.632989
SEVIR_9G051150v2	0.48328
SEVIR_9G051200v2	43.181847
SEVIR_9G051300v2	1.563801
SEVIR_9G051400v2	0.389734
SEVIR_9G051501v2	0.961027
SEVIR_9G051600v2	14.926241
SEVIR_9G051700v2	0.456416
SEVIR_9G051800v2	0.048212
SEVIR_9G051900v2	0
SEVIR_9G051950v2	0
SEVIR_9G052001v2	0.167663
SEVIR_9G052051v2	0
SEVIR_9G052100v2	0
SEVIR_9G052200v2	0
SEVIR_9G052300v2	0
SEVIR_9G052400v2	0.048179
SEVIR_9G052500v2	0
SEVIR_9G052600v2	0
SEVIR_9G052700v2	0
SEVIR_9G052800v2	4.331942
SEVIR_9G052900v2	31.963525
SEVIR_9G053000v2	316.886594
SEVIR_9G053100v2	511.045057
SEVIR_9G053200v2	25.275303
SEVIR_9G053300v2	0
SEVIR_9G053400v2	12.031341
SEVIR_9G053500v2	0.14794
SEVIR_9G053600v2	10.128632
SEVIR_9G053701v2	0.078644
SEVIR_9G053800v2	0
SEVIR_9G053900v2	0.02307
SEVIR_9G054000v2	1.982695
SEVIR_9G054100v2	51.693453
SEVIR_9G054200v2	2.336999
SEVIR_9G054300v2	47.576139
SEVIR_9G054401v2	0.02811
SEVIR_9G054500v2	0
SEVIR_9G054600v2	0.052277
SEVIR_9G054700v2	0
SEVIR_9G054800v2	0
SEVIR_9G054900v2	50.891401
SEVIR_9G055000v2	1.301464
SEVIR_9G055100v2	34.518455
SEVIR_9G055200v2	13.436679
SEVIR_9G055250v2	0
SEVIR_9G055300v2	14.414606
SEVIR_9G055400v2	18.614814
SEVIR_9G055500v2	175.210388
SEVIR_9G055600v2	1.710756
SEVIR_9G055666v2	0.870975
SEVIR_9G055732v2	0
SEVIR_9G055800v2	15.128874
SEVIR_9G055900v2	24.292494
SEVIR_9G056000v2	74.526253
SEVIR_9G056100v2	0.156225
SEVIR_9G056200v2	99.536104
SEVIR_9G056300v2	3.271417
SEVIR_9G056333v2	0
SEVIR_9G056366v2	0.565899
SEVIR_9G056400v2	27.611921
SEVIR_9G056500v2	0.385689
SEVIR_9G056600v2	7.775072
SEVIR_9G056700v2	3.796777
SEVIR_9G056800v2	37.002558
SEVIR_9G056900v2	33.472525
SEVIR_9G057000v2	0
SEVIR_9G057100v2	92.223972
SEVIR_9G057050v2	0
SEVIR_9G057200v2	23.734173
SEVIR_9G057300v2	5.188731
SEVIR_9G057350v2	0.432394
SEVIR_9G057400v2	0.126441
SEVIR_9G057500v2	9.683432
SEVIR_9G057600v2	1.54708
SEVIR_9G057666v2	0.089291
SEVIR_9G057732v2	0.694743
SEVIR_9G057800v2	6.388955
SEVIR_9G057850v2	2.01964
SEVIR_9G057900v2	24.863541
SEVIR_9G058000v2	67.760262
SEVIR_9G058016v2	0
SEVIR_9G058032v2	33.936879
SEVIR_9G058048v2	12.480488
SEVIR_9G058064v2	6.667717
SEVIR_9G058080v2	6.947656
SEVIR_9G058100v2	0
SEVIR_9G058200v2	2.341221
SEVIR_9G058250v2	1.269794
SEVIR_9G058300v2	9.805956
SEVIR_9G058400v2	17.090605
SEVIR_9G058500v2	2.396674
SEVIR_9G058600v2	12.889601
SEVIR_9G058700v2	35.463225
SEVIR_9G058800v2	10.689952
SEVIR_9G058900v2	0
SEVIR_9G059000v2	0
SEVIR_9G059100v2	6.871
SEVIR_9G059200v2	2.966083
SEVIR_9G059300v2	1.311457
SEVIR_9G059400v2	194.481812
SEVIR_9G059500v2	7.700814
SEVIR_9G059600v2	36.745357
SEVIR_9G059700v2	17.091342
SEVIR_9G059800v2	8.435211
SEVIR_9G059901v2	0.063341
SEVIR_9G060001v2	0.537369
SEVIR_9G060100v2	0
SEVIR_9G060200v2	0
SEVIR_9G060300v2	0
SEVIR_9G060400v2	76.165108
SEVIR_9G060500v2	38.682225
SEVIR_9G060600v2	20.261824
SEVIR_9G060700v2	0
SEVIR_9G060750v2	3.651329
SEVIR_9G060800v2	0.20246
SEVIR_9G060900v2	1.789356
SEVIR_9G061000v2	0
SEVIR_9G061100v2	10.462399
SEVIR_9G061200v2	1.499737
SEVIR_9G061150v2	10.365905
SEVIR_9G061250v2	0
SEVIR_9G061300v2	0.900313
SEVIR_9G061400v2	0.682108
SEVIR_9G061500v2	40.466165
SEVIR_9G061600v2	1.979453
SEVIR_9G061700v2	0.030797
SEVIR_9G061800v2	8.713266
SEVIR_9G061900v2	127.519536
SEVIR_9G062000v2	16.740681
SEVIR_9G062100v2	12.607794
SEVIR_9G062200v2	29.255887
SEVIR_9G062300v2	6.052193
SEVIR_9G062400v2	475.898951
SEVIR_9G062500v2	1.728542
SEVIR_9G062600v2	79.269726
SEVIR_9G062700v2	34.046566
SEVIR_9G062750v2	0.338189
SEVIR_9G062800v2	2.858838
SEVIR_9G062900v2	25.424823
SEVIR_9G063000v2	43.211674
SEVIR_9G063100v2	1.131918
SEVIR_9G063200v2	2.914578
SEVIR_9G063300v2	1.810147
SEVIR_9G063400v2	2.585836
SEVIR_9G063500v2	11.603045
SEVIR_9G063600v2	0.081272
SEVIR_9G063700v2	58.459286
SEVIR_9G063800v2	0
SEVIR_9G063900v2	1088.455451
SEVIR_9G064000v2	9.164098
SEVIR_9G064100v2	4.637806
SEVIR_9G064200v2	18.658216
SEVIR_9G064300v2	32.101857
SEVIR_9G064400v2	0.115683
SEVIR_9G064500v2	28.010436
SEVIR_9G064600v2	0
SEVIR_9G064700v2	16.777585
SEVIR_9G064800v2	0.665318
SEVIR_9G064850v2	0.677566
SEVIR_9G064900v2	253.153748
SEVIR_9G065000v2	11.649302
SEVIR_9G065100v2	32.138594
SEVIR_9G065200v2	8.380805
SEVIR_9G065300v2	12.050938
SEVIR_9G065400v2	0.513468
SEVIR_9G065500v2	5.29004
SEVIR_9G065550v2	0.066383
SEVIR_9G065600v2	1.182933
SEVIR_9G065650v2	0
SEVIR_9G065700v2	0
SEVIR_9G065800v2	0
SEVIR_9G065900v2	0
SEVIR_9G066000v2	106.878475
SEVIR_9G066100v2	14.60366
SEVIR_9G066120v2	0
SEVIR_9G066140v2	0
SEVIR_9G066160v2	0
SEVIR_9G066180v2	1.832041
SEVIR_9G066200v2	0
SEVIR_9G066300v2	0
SEVIR_9G066400v2	0
SEVIR_9G066500v2	0
SEVIR_9G066600v2	0
SEVIR_9G066700v2	19.417057
SEVIR_9G066800v2	0
SEVIR_9G066900v2	0.418874
SEVIR_9G067000v2	14.299606
SEVIR_9G067100v2	8.653
SEVIR_9G067201v2	15.972333
SEVIR_9G067300v2	1.458463
SEVIR_9G067400v2	9.641814
SEVIR_9G067500v2	18.178094
SEVIR_9G067600v2	15.783329
SEVIR_9G067700v2	130.460237
SEVIR_9G067800v2	41.752147
SEVIR_9G067900v2	278.348159
SEVIR_9G068000v2	2.140569
SEVIR_9G068100v2	20.439105
SEVIR_9G068200v2	9.374815
SEVIR_9G068300v2	0
SEVIR_9G068400v2	0
SEVIR_9G068450v2	0
SEVIR_9G068500v2	4.126369
SEVIR_9G068600v2	7.629822
SEVIR_9G068700v2	21.201462
SEVIR_9G068800v2	42.574002
SEVIR_9G068900v2	11.428352
SEVIR_9G069000v2	7.611893
SEVIR_9G069100v2	95.687042
SEVIR_9G069200v2	0.041963
SEVIR_9G069300v2	0.474633
SEVIR_9G069400v2	0.345315
SEVIR_9G069500v2	1.155459
SEVIR_9G069600v2	7.794162
SEVIR_9G069700v2	0
SEVIR_9G069800v2	0.443144
SEVIR_9G069900v2	2.474292
SEVIR_9G070000v2	0
SEVIR_9G070100v2	0.087762
SEVIR_9G070200v2	0
SEVIR_9G070300v2	0.45971
SEVIR_9G070400v2	39.648653
SEVIR_9G070500v2	32.025095
SEVIR_9G070600v2	0
SEVIR_9G070700v2	77.81539
SEVIR_9G070800v2	24.22463
SEVIR_9G070900v2	0
SEVIR_9G071000v2	14.580874
SEVIR_9G071050v2	14.093812
SEVIR_9G071100v2	5.001998
SEVIR_9G071150v2	8.516453
SEVIR_9G071200v2	2.627018
SEVIR_9G071300v2	29.302221
SEVIR_9G071366v2	11.856382
SEVIR_9G071432v2	24.893867
SEVIR_9G071500v2	0.106336
SEVIR_9G071600v2	4.287135
SEVIR_9G071700v2	15.503833
SEVIR_9G071800v2	155.040165
SEVIR_9G071900v2	875.5696
SEVIR_9G072000v2	4.013048
SEVIR_9G072100v2	6.968988
SEVIR_9G072200v2	3.295317
SEVIR_9G072300v2	1.465524
SEVIR_9G072350v2	0
SEVIR_9G072400v2	21.979478
SEVIR_9G072500v2	10.082418
SEVIR_9G072601v2	663.248994
SEVIR_9G072700v2	0.013845
SEVIR_9G072800v2	7.434176
SEVIR_9G072900v2	0
SEVIR_9G073000v2	1.042298
SEVIR_9G073100v2	549.353732
SEVIR_9G073200v2	3.567054
SEVIR_9G073300v2	1.470276
SEVIR_9G073400v2	31.471233
SEVIR_9G073500v2	13.950528
SEVIR_9G073600v2	13.151266
SEVIR_9G073700v2	0.085726
SEVIR_9G073800v2	4.489944
SEVIR_9G073900v2	1.582243
SEVIR_9G074000v2	28.553737
SEVIR_9G074100v2	4.558629
SEVIR_9G074150v2	14.895797
SEVIR_9G074200v2	1.932067
SEVIR_9G074300v2	0.625072
SEVIR_9G074400v2	12.25915
SEVIR_9G074500v2	21.759526
SEVIR_9G074600v2	0.107069
SEVIR_9G074650v2	0
SEVIR_9G074700v2	8.957388
SEVIR_9G074800v2	2.966392
SEVIR_9G074900v2	5.310778
SEVIR_9G075000v2	0.114799
SEVIR_9G075100v2	17.796115
SEVIR_9G075200v2	1.559524
SEVIR_9G075275v2	2.890376
SEVIR_9G075350v2	3.446886
SEVIR_9G075425v2	1.119365
SEVIR_9G075500v2	3.484572
SEVIR_9G075600v2	4.835949
SEVIR_9G075700v2	18.179
SEVIR_9G075800v2	204.044389
SEVIR_9G075833v2	0
SEVIR_9G075866v2	0
SEVIR_9G075900v2	5.015227
SEVIR_9G076000v2	0.487971
SEVIR_9G076100v2	14.478834
SEVIR_9G076200v2	6.332778
SEVIR_9G076300v2	10.217588
SEVIR_9G076400v2	43.174788
SEVIR_9G076501v2	0.51832
SEVIR_9G076600v2	3.212968
SEVIR_9G076700v2	0.514084
SEVIR_9G076800v2	61.479933
SEVIR_9G076900v2	0.864638
SEVIR_9G077000v2	0
SEVIR_9G077100v2	0.100622
SEVIR_9G077166v2	0
SEVIR_9G077232v2	5.290213
SEVIR_9G077300v2	5.997716
SEVIR_9G077400v2	13.602609
SEVIR_9G077500v2	46.501989
SEVIR_9G077600v2	3.047003
SEVIR_9G077800v2	88.02234
SEVIR_9G077900v2	22.365888
SEVIR_9G077966v2	0.938913
SEVIR_9G078032v2	5.142941
SEVIR_9G078100v2	1.343939
SEVIR_9G078200v2	54.039186
SEVIR_9G078300v2	0
SEVIR_9G078400v2	141.063408
SEVIR_9G078500v2	0.261499
SEVIR_9G078600v2	73.378868
SEVIR_9G078700v2	47.237151
SEVIR_9G078800v2	4.486673
SEVIR_9G078900v2	0.845774
SEVIR_9G079000v2	39.004723
SEVIR_9G079100v2	1.112739
SEVIR_9G079200v2	131.516313
SEVIR_9G079300v2	26.966048
SEVIR_9G079400v2	0
SEVIR_9G079500v2	5.684553
SEVIR_9G079600v2	15.381763
SEVIR_9G079700v2	12.61067
SEVIR_9G079800v2	17.257164
SEVIR_9G079900v2	40.138448
SEVIR_9G080000v2	5.169156
SEVIR_9G080100v2	64.327444
SEVIR_9G080200v2	9.966326
SEVIR_9G080250v2	65.723923
SEVIR_9G080300v2	4.180635
SEVIR_9G080400v2	14.03501
SEVIR_9G080450v2	0.16096
SEVIR_9G080500v2	1.392262
SEVIR_9G080600v2	17.945474
SEVIR_9G080700v2	36.957996
SEVIR_9G080800v2	0
SEVIR_9G080900v2	24.297204
SEVIR_9G081000v2	14.22121
SEVIR_9G081100v2	38.162855
SEVIR_9G081200v2	41.892683
SEVIR_9G081300v2	40.739335
SEVIR_9G081400v2	0
SEVIR_9G081500v2	8.417651
SEVIR_9G081600v2	16.300012
SEVIR_9G081700v2	35.994095
SEVIR_9G081775v2	0.738911
SEVIR_9G081850v2	10.44204
SEVIR_9G081925v2	5.744499
SEVIR_9G082000v2	2.407406
SEVIR_9G082100v2	14.156166
SEVIR_9G082200v2	29.291942
SEVIR_9G082400v2	0.976683
SEVIR_9G082500v2	3.481341
SEVIR_9G082601v2	0
SEVIR_9G082700v2	5.277605
SEVIR_9G082800v2	0.245867
SEVIR_9G082900v2	3.958968
SEVIR_9G083000v2	306.324006
SEVIR_9G083101v2	1.912631
SEVIR_9G083200v2	4.997707
SEVIR_9G083300v2	4.96456
SEVIR_9G083400v2	9.436748
SEVIR_9G083500v2	40.610103
SEVIR_9G083600v2	0
SEVIR_9G083700v2	38.954586
SEVIR_9G083800v2	1.10166
SEVIR_9G083900v2	4.523341
SEVIR_9G084000v2	4.840745
SEVIR_9G084100v2	275.854377
SEVIR_9G084200v2	18.132166
SEVIR_9G084300v2	7.698841
SEVIR_9G084400v2	2.822494
SEVIR_9G084500v2	0.104039
SEVIR_9G084600v2	0.41679
SEVIR_9G084700v2	0.066584
SEVIR_9G084800v2	0.036367
SEVIR_9G084900v2	0
SEVIR_9G085000v2	0.906687
SEVIR_9G085100v2	8.996598
SEVIR_9G085200v2	0.046296
SEVIR_9G085300v2	29.527331
SEVIR_9G085400v2	108.479639
SEVIR_9G085500v2	1.265514
SEVIR_9G085600v2	3.570941
SEVIR_9G085700v2	50.711974
SEVIR_9G085800v2	34.570112
SEVIR_9G085900v2	3.891272
SEVIR_9G086000v2	13.238041
SEVIR_9G086100v2	693.392803
SEVIR_9G086200v2	0
SEVIR_9G086300v2	13.203353
SEVIR_9G086400v2	31.471081
SEVIR_9G086500v2	20.752758
SEVIR_9G086600v2	12.542971
SEVIR_9G086700v2	43.453558
SEVIR_9G086800v2	66.080789
SEVIR_9G086900v2	162.94789
SEVIR_9G087000v2	112.94778
SEVIR_9G087100v2	5.011671
SEVIR_9G087200v2	4.66599
SEVIR_9G087300v2	77.184658
SEVIR_9G087400v2	22.623416
SEVIR_9G087500v2	29.227436
SEVIR_9G087600v2	0
SEVIR_9G087701v2	0.862202
SEVIR_9G087800v2	0.756647
SEVIR_9G087900v2	6.621089
SEVIR_9G088000v2	6.316826
SEVIR_9G088100v2	0
SEVIR_9G088200v2	6.433419
SEVIR_9G088301v2	22.307723
SEVIR_9G088400v2	25.953109
SEVIR_9G088501v2	0
SEVIR_9G088600v2	40.862603
SEVIR_9G088700v2	0.999348
SEVIR_9G088800v2	0.427483
SEVIR_9G088900v2	63.131152
SEVIR_9G089000v2	7.155477
SEVIR_9G089100v2	47.165876
SEVIR_9G089200v2	46.97725
SEVIR_9G089300v2	10.576338
SEVIR_9G089400v2	5.539082
SEVIR_9G089500v2	18.125705
SEVIR_9G089600v2	0.152585
SEVIR_9G089700v2	22.150502
SEVIR_9G089800v2	10.567876
SEVIR_9G089900v2	76.911534
SEVIR_9G090000v2	1.59067
SEVIR_9G090100v2	219.457245
SEVIR_9G090200v2	0.33924
SEVIR_9G090300v2	0.12196
SEVIR_9G090400v2	24.268579
SEVIR_9G090500v2	7.722531
SEVIR_9G090600v2	20.119824
SEVIR_9G090700v2	30.647454
SEVIR_9G090800v2	0.047865
SEVIR_9G090900v2	87.446614
SEVIR_9G091000v2	31.013772
SEVIR_9G091100v2	0.660114
SEVIR_9G091200v2	13.366488
SEVIR_9G091300v2	42.013078
SEVIR_9G091400v2	0.189954
SEVIR_9G091500v2	13.017374
SEVIR_9G091600v2	0
SEVIR_9G091700v2	0.239067
SEVIR_9G091800v2	0.467911
SEVIR_9G091900v2	0.377616
SEVIR_9G092000v2	0.023883
SEVIR_9G092100v2	0.056326
SEVIR_9G092200v2	8.667689
SEVIR_9G092300v2	0.090065
SEVIR_9G092400v2	0.203556
SEVIR_9G092500v2	0
SEVIR_9G092600v2	0
SEVIR_9G092700v2	0.691862
SEVIR_9G092800v2	50.837738
SEVIR_9G092866v2	0
SEVIR_9G092932v2	0.377724
SEVIR_9G093000v2	9.413923
SEVIR_9G093100v2	8.390104
SEVIR_9G093200v2	2.577363
SEVIR_9G093300v2	17.058133
SEVIR_9G093400v2	29.820547
SEVIR_9G093500v2	12.018756
SEVIR_9G093600v2	8.504805
SEVIR_9G093700v2	0.678404
SEVIR_9G093900v2	0
SEVIR_9G093950v2	5.22582
SEVIR_9G094000v2	25.787994
SEVIR_9G094100v2	5.835541
SEVIR_9G094200v2	0.027834
SEVIR_9G094300v2	17.353072
SEVIR_9G094400v2	119.715952
SEVIR_9G094500v2	1.537236
SEVIR_9G094550v2	0.285427
SEVIR_9G094601v2	0.028076
SEVIR_9G094651v2	0.05854
SEVIR_9G094700v2	223.286231
SEVIR_9G094800v2	14.8915
SEVIR_9G094900v2	340.044709
SEVIR_9G095000v2	16.096139
SEVIR_9G095100v2	0
SEVIR_9G095200v2	0.580663
SEVIR_9G095300v2	695.941577
SEVIR_9G095366v2	65.584241
SEVIR_9G095432v2	439.645071
SEVIR_9G095500v2	1.557348
SEVIR_9G095600v2	139.050292
SEVIR_9G095700v2	1.204723
SEVIR_9G095800v2	68.998071
SEVIR_9G095900v2	0
SEVIR_9G096000v2	1.673913
SEVIR_9G096100v2	26.099998
SEVIR_9G096200v2	5.649406
SEVIR_9G096300v2	33.253177
SEVIR_9G096400v2	3.405941
SEVIR_9G096500v2	10.913144
SEVIR_9G096600v2	0.183002
SEVIR_9G096700v2	25.436932
SEVIR_9G096800v2	0
SEVIR_9G096900v2	2.380577
SEVIR_9G097100v2	24.111064
SEVIR_9G097000v2	0.451431
SEVIR_9G097200v2	0.574078
SEVIR_9G097300v2	0
SEVIR_9G097400v2	16.994471
SEVIR_9G097500v2	1.868666
SEVIR_9G097600v2	3.601861
SEVIR_9G097700v2	5.594874
SEVIR_9G097800v2	0.058273
SEVIR_9G098000v2	55.119206
SEVIR_9G097900v2	0
SEVIR_9G098100v2	6.942335
SEVIR_9G098200v2	0
SEVIR_9G098300v2	3.068432
SEVIR_9G098400v2	7.020126
SEVIR_9G098500v2	51.204063
SEVIR_9G098600v2	18.263075
SEVIR_9G098700v2	10.871042
SEVIR_9G098800v2	14.1871
SEVIR_9G098900v2	76.799852
SEVIR_9G099000v2	15.656485
SEVIR_9G099100v2	78.922648
SEVIR_9G099200v2	154.695987
SEVIR_9G099300v2	36.859544
SEVIR_9G099400v2	1.301194
SEVIR_9G099433v2	0.072296
SEVIR_9G099466v2	0.432394
SEVIR_9G099500v2	18.898579
SEVIR_9G099600v2	1.606491
SEVIR_9G099700v2	4.102343
SEVIR_9G099800v2	25.272247
SEVIR_9G099900v2	0.032173
SEVIR_9G100000v2	0.039283
SEVIR_9G100100v2	0.888989
SEVIR_9G100200v2	14.775653
SEVIR_9G100250v2	32.710545
SEVIR_9G100300v2	0.536814
SEVIR_9G100400v2	0.299608
SEVIR_9G100500v2	0.301434
SEVIR_9G100600v2	0.033565
SEVIR_9G100700v2	69.85586
SEVIR_9G100800v2	1.356936
SEVIR_9G100900v2	28.33673
SEVIR_9G101000v2	2.752565
SEVIR_9G101100v2	17.361177
SEVIR_9G101200v2	34.049348
SEVIR_9G101300v2	1.162898
SEVIR_9G101400v2	1.882222
SEVIR_9G101500v2	22.550923
SEVIR_9G101550v2	12.482451
SEVIR_9G101600v2	148.799885
SEVIR_9G101700v2	6.710273
SEVIR_9G101800v2	0.966528
SEVIR_9G101900v2	148.648079
SEVIR_9G102000v2	8.439621
SEVIR_9G102100v2	31.00809
SEVIR_9G102200v2	0.210532
SEVIR_9G102300v2	2.752923
SEVIR_9G102350v2	0
SEVIR_9G102400v2	0.926976
SEVIR_9G102500v2	54.913189
SEVIR_9G102600v2	1.729577
SEVIR_9G102700v2	2.953081
SEVIR_9G102800v2	0
SEVIR_9G102900v2	2.802279
SEVIR_9G102950v2	0
SEVIR_9G103000v2	23.969271
SEVIR_9G103050v2	1.975982
SEVIR_9G103100v2	5.116092
SEVIR_9G103200v2	0.426805
SEVIR_9G103233v2	0
SEVIR_9G103266v2	0
SEVIR_9G103300v2	0
SEVIR_9G103400v2	0
SEVIR_9G103500v2	24.078306
SEVIR_9G103600v2	0.072236
SEVIR_9G103700v2	32.668747
SEVIR_9G103800v2	0.526753
SEVIR_9G103900v2	5.419711
SEVIR_9G104000v2	0.278459
SEVIR_9G104100v2	34.509517
SEVIR_9G104200v2	24.070716
SEVIR_9G104300v2	0.320456
SEVIR_9G104400v2	2.73403
SEVIR_9G104500v2	0.344086
SEVIR_9G104600v2	0.111313
SEVIR_9G104700v2	1.021615
SEVIR_9G104800v2	0.234771
SEVIR_9G104900v2	17.706089
SEVIR_9G105000v2	3.866507
SEVIR_9G105100v2	0.369236
SEVIR_9G105200v2	1.362722
SEVIR_9G105300v2	0
SEVIR_9G105400v2	0
SEVIR_9G105500v2	0.052901
SEVIR_9G105600v2	21.576074
SEVIR_9G105700v2	4.976144
SEVIR_9G105800v2	1.180652
SEVIR_9G105901v2	10.343383
SEVIR_9G106000v2	0.927789
SEVIR_9G106100v2	29.501594
SEVIR_9G106200v2	30.606347
SEVIR_9G106300v2	8.805697
SEVIR_9G106500v2	1.772246
SEVIR_9G106366v2	1.887245
SEVIR_9G106432v2	2.522613
SEVIR_9G106600v2	25.30037
SEVIR_9G106700v2	0
SEVIR_9G106800v2	12.27924
SEVIR_9G106900v2	5.483536
SEVIR_9G107000v2	0.858254
SEVIR_9G107100v2	0.106642
SEVIR_9G107200v2	3.736458
SEVIR_9G107300v2	23.569308
SEVIR_9G107400v2	0
SEVIR_9G107600v2	1.560219
SEVIR_9G107700v2	1.406054
SEVIR_9G107800v2	12.969465
SEVIR_9G107900v2	0.021286
SEVIR_9G108000v2	25.93589
SEVIR_9G108100v2	0.864788
SEVIR_9G108200v2	12.149093
SEVIR_9G108266v2	0.03786
SEVIR_9G108332v2	0.11054
SEVIR_9G108400v2	0.023973
SEVIR_9G108500v2	19.18336
SEVIR_9G108600v2	1468.637833
SEVIR_9G108700v2	6.67665
SEVIR_9G108800v2	30.256777
SEVIR_9G108900v2	3.121301
SEVIR_9G109000v2	27.765179
SEVIR_9G109100v2	14.684621
SEVIR_9G109200v2	0
SEVIR_9G109300v2	7.917067
SEVIR_9G109500v2	17.315173
SEVIR_9G109600v2	70.376863
SEVIR_9G109700v2	16.565947
SEVIR_9G109800v2	0
SEVIR_9G109900v2	17.203238
SEVIR_9G110000v2	19.105289
SEVIR_9G110100v2	0
SEVIR_9G110200v2	0.150491
SEVIR_9G110300v2	12.045787
SEVIR_9G110400v2	12.993541
SEVIR_9G110500v2	0
SEVIR_9G110600v2	6.32308
SEVIR_9G110700v2	2.377159
SEVIR_9G110800v2	62.576271
SEVIR_9G110900v2	14.067546
SEVIR_9G111000v2	14.49144
SEVIR_9G111100v2	22.414884
SEVIR_9G111200v2	0
SEVIR_9G111300v2	569.729049
SEVIR_9G111400v2	13.966932
SEVIR_9G111500v2	14.725523
SEVIR_9G111600v2	24.615784
SEVIR_9G111700v2	24.503222
SEVIR_9G111800v2	0
SEVIR_9G111900v2	117.308488
SEVIR_9G112000v2	39.16586
SEVIR_9G112100v2	5.594895
SEVIR_9G112200v2	0.271373
SEVIR_9G112300v2	21.354764
SEVIR_9G112400v2	0
SEVIR_9G112500v2	0
SEVIR_9G112600v2	0.243422
SEVIR_9G112700v2	23.573687
SEVIR_9G112800v2	24.638289
SEVIR_9G112900v2	62.079794
SEVIR_9G113000v2	20.051073
SEVIR_9G113050v2	1.263922
SEVIR_9G113100v2	0
SEVIR_9G113200v2	7.177462
SEVIR_9G113300v2	0.121711
SEVIR_9G113400v2	13.666799
SEVIR_9G113500v2	0
SEVIR_9G113600v2	0.239238
SEVIR_9G113650v2	68.345425
SEVIR_9G113700v2	0
SEVIR_9G113800v2	20.321446
SEVIR_9G113900v2	3.214607
SEVIR_9G113950v2	1.15993
SEVIR_9G114000v2	1.372141
SEVIR_9G114100v2	151.935424
SEVIR_9G114200v2	22.906121
SEVIR_9G114300v2	67.010424
SEVIR_9G114400v2	39.855494
SEVIR_9G114600v2	4.14104
SEVIR_9G114700v2	17.452271
SEVIR_9G114800v2	1.700599
SEVIR_9G114900v2	15.757907
SEVIR_9G115000v2	0.257561
SEVIR_9G115100v2	11.051761
SEVIR_9G115200v2	3.619137
SEVIR_9G115300v2	1.054394
SEVIR_9G115400v2	0.308472
SEVIR_9G115500v2	15.162892
SEVIR_9G115600v2	24.959761
SEVIR_9G115700v2	97.527033
SEVIR_9G115800v2	5.335625
SEVIR_9G115850v2	15.411924
SEVIR_9G115900v2	1.236219
SEVIR_9G115950v2	12.019192
SEVIR_9G116000v2	10.281563
SEVIR_9G116100v2	32.761351
SEVIR_9G116200v2	0.155057
SEVIR_9G116300v2	16.195588
SEVIR_9G116400v2	0.155801
SEVIR_9G116500v2	99.604344
SEVIR_9G116600v2	1.480536
SEVIR_9G116700v2	45.359043
SEVIR_9G116800v2	18.802775
SEVIR_9G116900v2	2.198375
SEVIR_9G117000v2	40.288407
SEVIR_9G117100v2	232.114554
SEVIR_9G117201v2	0.066908
SEVIR_9G117300v2	18.022536
SEVIR_9G117400v2	32.076408
SEVIR_9G117500v2	3.428943
SEVIR_9G117600v2	5.85161
SEVIR_9G117701v2	0.856572
SEVIR_9G117800v2	14.096574
SEVIR_9G117900v2	51.767776
SEVIR_9G118000v2	31.679478
SEVIR_9G118100v2	49.250404
SEVIR_9G118200v2	0
SEVIR_9G118300v2	18.740213
SEVIR_9G118400v2	1.096835
SEVIR_9G118500v2	58.387111
SEVIR_9G118600v2	74.76133
SEVIR_9G118700v2	1.732822
SEVIR_9G118801v2	0
SEVIR_9G118900v2	29.029831
SEVIR_9G119000v2	2.085246
SEVIR_9G119100v2	4.546475
SEVIR_9G119200v2	5.697725
SEVIR_9G119300v2	115.534369
SEVIR_9G119400v2	10.438039
SEVIR_9G119450v2	0.083137
SEVIR_9G119500v2	2.75775
SEVIR_9G119550v2	0.963628
SEVIR_9G119600v2	604.934386
SEVIR_9G119700v2	4.98938
SEVIR_9G119800v2	10.86774
SEVIR_9G119900v2	10.553672
SEVIR_9G120000v2	0
SEVIR_9G120100v2	0.278794
SEVIR_9G120200v2	8.076434
SEVIR_9G120300v2	22.670593
SEVIR_9G120400v2	0
SEVIR_9G120500v2	0.342673
SEVIR_9G120700v2	2.570412
SEVIR_9G120600v2	55.125851
SEVIR_9G120800v2	5.016455
SEVIR_9G121000v2	3.627563
SEVIR_9G121100v2	0.59657
SEVIR_9G121201v2	17.951443
SEVIR_9G121300v2	0
SEVIR_9G121400v2	46.037527
SEVIR_9G121500v2	55.688889
SEVIR_9G121600v2	10.513637
SEVIR_9G121700v2	18.060662
SEVIR_9G121800v2	45.240865
SEVIR_9G121900v2	9.706047
SEVIR_9G122000v2	33.550796
SEVIR_9G122100v2	0
SEVIR_9G122200v2	0.097182
SEVIR_9G122300v2	23.682798
SEVIR_9G122400v2	18.795226
SEVIR_9G122500v2	0
SEVIR_9G122600v2	57.306136
SEVIR_9G122700v2	3.429135
SEVIR_9G123000v2	8.52228
SEVIR_9G122800v2	1.245647
SEVIR_9G122900v2	104.028629
SEVIR_9G123100v2	1.370064
SEVIR_9G123150v2	5.52306
SEVIR_9G123200v2	9.072579
SEVIR_9G123300v2	19.071051
SEVIR_9G123400v2	0
SEVIR_9G123500v2	0.26936
SEVIR_9G123600v2	20.798062
SEVIR_9G123666v2	1.848286
SEVIR_9G123732v2	0.995598
SEVIR_9G123800v2	6.18886
SEVIR_9G123900v2	0.311209
SEVIR_9G124000v2	10.736295
SEVIR_9G124100v2	18.091033
SEVIR_9G124200v2	0
SEVIR_9G124300v2	107.142196
SEVIR_9G124400v2	0.274335
SEVIR_9G124500v2	49.239532
SEVIR_9G124600v2	10.457352
SEVIR_9G124700v2	1.343662
SEVIR_9G124800v2	0.092186
SEVIR_9G124900v2	0
SEVIR_9G125000v2	0.037414
SEVIR_9G125100v2	80.379615
SEVIR_9G125200v2	26.937369
SEVIR_9G125300v2	48.21938
SEVIR_9G125366v2	0.242105
SEVIR_9G125432v2	0.074432
SEVIR_9G125500v2	53.317765
SEVIR_9G125600v2	52.920867
SEVIR_9G125650v2	0.975352
SEVIR_9G125700v2	9.725223
SEVIR_9G125800v2	4.149774
SEVIR_9G125750v2	4.424915
SEVIR_9G125900v2	2.721611
SEVIR_9G126000v2	74.592341
SEVIR_9G126100v2	17.099334
SEVIR_9G126200v2	20.692882
SEVIR_9G126300v2	3.782457
SEVIR_9G126400v2	0.07715
SEVIR_9G126651v2	1.245179
SEVIR_9G126500v2	0.121711
SEVIR_9G126550v2	0
SEVIR_9G126601v2	0
SEVIR_9G126700v2	0.036891
SEVIR_9G126800v2	33.335766
SEVIR_9G126900v2	10.259104
SEVIR_9G127000v2	32.580429
SEVIR_9G127100v2	50.157451
SEVIR_9G127200v2	5.739351
SEVIR_9G127300v2	0.022184
SEVIR_9G127350v2	0.559572
SEVIR_9G127400v2	178.828866
SEVIR_9G127500v2	3.647658
SEVIR_9G127600v2	0
SEVIR_9G127700v2	19.681116
SEVIR_9G127800v2	20.715856
SEVIR_9G127900v2	60.869169
SEVIR_9G128000v2	74.337761
SEVIR_9G128100v2	30.45725
SEVIR_9G128200v2	0.130619
SEVIR_9G128300v2	0
SEVIR_9G128400v2	4.142168
SEVIR_9G128500v2	34.567769
SEVIR_9G128600v2	0.290097
SEVIR_9G128700v2	16.299351
SEVIR_9G128800v2	16.439078
SEVIR_9G128900v2	244.874248
SEVIR_9G129000v2	0.472228
SEVIR_9G129100v2	110.552489
SEVIR_9G129200v2	3.520427
SEVIR_9G129300v2	0
SEVIR_9G129400v2	0
SEVIR_9G129500v2	0
SEVIR_9G129600v2	44.846913
SEVIR_9G129650v2	15.93713
SEVIR_9G129700v2	4.617978
SEVIR_9G129800v2	5.24298
SEVIR_9G129900v2	17.812661
SEVIR_9G130000v2	0
SEVIR_9G130100v2	7.741457
SEVIR_9G130200v2	6.035305
SEVIR_9G130300v2	40.912735
SEVIR_9G130400v2	25.524962
SEVIR_9G130500v2	130.691807
SEVIR_9G130600v2	108.380572
SEVIR_9G130700v2	0.204112
SEVIR_9G130800v2	1.653473
SEVIR_9G130900v2	1.254219
SEVIR_9G131000v2	0
SEVIR_9G131100v2	0.094084
SEVIR_9G131200v2	0.049641
SEVIR_9G131300v2	0
SEVIR_9G131400v2	4.696196
SEVIR_9G131500v2	6.694075
SEVIR_9G131600v2	0
SEVIR_9G131700v2	0.286809
SEVIR_9G131800v2	4.90658
SEVIR_9G131901v2	2.541948
SEVIR_9G132000v2	7.590889
SEVIR_9G132100v2	0.331749
SEVIR_9G132150v2	0.032761
SEVIR_9G132200v2	62.12953
SEVIR_9G132300v2	0
SEVIR_9G132400v2	60.898037
SEVIR_9G132550v2	35.754947
SEVIR_9G132700v2	0.019231
SEVIR_9G132800v2	0.91712
SEVIR_9G132933v2	2.458328
SEVIR_9G133066v2	2.715947
SEVIR_9G133200v2	6.092656
SEVIR_9G133250v2	0
SEVIR_9G133300v2	2.954946
SEVIR_9G133433v2	0.685493
SEVIR_9G133566v2	10.837455
SEVIR_9G133700v2	1.776322
SEVIR_9G133800v2	13.785541
SEVIR_9G133900v2	11.13665
SEVIR_9G133950v2	2.07977
SEVIR_9G134000v2	3.755203
SEVIR_9G134150v2	12.606988
SEVIR_9G134300v2	0
SEVIR_9G134400v2	2.477216
SEVIR_9G134500v2	57.997735
SEVIR_9G134600v2	0
SEVIR_9G134700v2	13.990376
SEVIR_9G134800v2	0
SEVIR_9G134900v2	93.687965
SEVIR_9G135000v2	4.57812
SEVIR_9G135100v2	9.680292
SEVIR_9G135150v2	1.072662
SEVIR_9G135200v2	0
SEVIR_9G135250v2	21.907975
SEVIR_9G135300v2	695.313785
SEVIR_9G135400v2	14.456188
SEVIR_9G135500v2	886.673807
SEVIR_9G135600v2	92.686232
SEVIR_9G135700v2	0.213511
SEVIR_9G135750v2	0
SEVIR_9G135800v2	1.170203
SEVIR_9G135900v2	0.613001
SEVIR_9G136000v2	107.450793
SEVIR_9G136100v2	5.64077
SEVIR_9G136200v2	0
SEVIR_9G136300v2	0
SEVIR_9G136400v2	12.154186
SEVIR_9G136501v2	0.15815
SEVIR_9G136600v2	20.029464
SEVIR_9G136700v2	4.037544
SEVIR_9G136800v2	24.480405
SEVIR_9G136900v2	13.194485
SEVIR_9G137000v2	1.800058
SEVIR_9G137100v2	0.128647
SEVIR_9G137200v2	1.771565
SEVIR_9G137300v2	0.153759
SEVIR_9G137400v2	0.792245
SEVIR_9G137500v2	27.375788
SEVIR_9G137600v2	19.84347
SEVIR_9G137700v2	21.858329
SEVIR_9G137801v2	70.694071
SEVIR_9G137900v2	25.444735
SEVIR_9G138000v2	0.538721
SEVIR_9G138100v2	36.039634
SEVIR_9G138166v2	0.375638
SEVIR_9G138232v2	1.740774
SEVIR_9G138300v2	0.121529
SEVIR_9G138400v2	0
SEVIR_9G138450v2	0
SEVIR_9G138500v2	0.466806
SEVIR_9G138600v2	0
SEVIR_9G138700v2	9.955892
SEVIR_9G138800v2	23.972295
SEVIR_9G138875v2	0.660657
SEVIR_9G138950v2	0
SEVIR_9G139025v2	2.104047
SEVIR_9G139100v2	9.800936
SEVIR_9G139175v2	0
SEVIR_9G139250v2	0
SEVIR_9G139325v2	0.485211
SEVIR_9G139400v2	0
SEVIR_9G139500v2	0.511394
SEVIR_9G139600v2	85.587064
SEVIR_9G139700v2	5.7194
SEVIR_9G139800v2	0.153963
SEVIR_9G139900v2	4.782089
SEVIR_9G140000v2	0.136491
SEVIR_9G140100v2	0
SEVIR_9G140200v2	0.949937
SEVIR_9G140300v2	10.210501
SEVIR_9G140400v2	35.208033
SEVIR_9G140500v2	93.178393
SEVIR_9G140600v2	1.060063
SEVIR_9G140700v2	0.089047
SEVIR_9G140800v2	3.218563
SEVIR_9G140750v2	0
SEVIR_9G140900v2	0
SEVIR_9G140950v2	0
SEVIR_9G141000v2	0.565722
SEVIR_9G141100v2	0.202833
SEVIR_9G141166v2	0
SEVIR_9G141232v2	0
SEVIR_9G141300v2	0
SEVIR_9G141400v2	0.013535
SEVIR_9G141500v2	0
SEVIR_9G141550v2	9.473927
SEVIR_9G141600v2	13.536744
SEVIR_9G141700v2	26.00443
SEVIR_9G141800v2	0.260142
SEVIR_9G141900v2	1.142286
SEVIR_9G142000v2	2.421775
SEVIR_9G142100v2	7.331149
SEVIR_9G142200v2	3098.614405
SEVIR_9G142225v2	0.75535
SEVIR_9G142250v2	0
SEVIR_9G142275v2	12.107039
SEVIR_9G142300v2	0
SEVIR_9G142400v2	0
SEVIR_9G142500v2	2.268549
SEVIR_9G142533v2	10.953987
SEVIR_9G142566v2	0
SEVIR_9G142600v2	0.997842
SEVIR_9G142700v2	27.908317
SEVIR_9G142800v2	31.983114
SEVIR_9G142900v2	0
SEVIR_9G142950v2	0
SEVIR_9G143001v2	0
SEVIR_9G143051v2	0.025624
SEVIR_9G143100v2	0
SEVIR_9G143200v2	36.480273
SEVIR_9G143300v2	0.475376
SEVIR_9G143400v2	0
SEVIR_9G143500v2	33.989348
SEVIR_9G143600v2	16.489134
SEVIR_9G143700v2	8.213784
SEVIR_9G143800v2	19.651416
SEVIR_9G143900v2	0.103648
SEVIR_9G144000v2	0.025624
SEVIR_9G144101v2	0.187208
SEVIR_9G144200v2	2.15762
SEVIR_9G144300v2	0
SEVIR_9G144400v2	7.657946
SEVIR_9G144500v2	0
SEVIR_9G144600v2	0
SEVIR_9G144700v2	4.213781
SEVIR_9G144800v2	0.196397
SEVIR_9G144900v2	5.092803
SEVIR_9G145000v2	0
SEVIR_9G145100v2	12.531521
SEVIR_9G145150v2	137.604183
SEVIR_9G145200v2	0.080227
SEVIR_9G145300v2	30.156296
SEVIR_9G145400v2	9.337256
SEVIR_9G145500v2	41.165894
SEVIR_9G145550v2	0
SEVIR_9G145600v2	15.283655
SEVIR_9G145700v2	0.037704
SEVIR_9G145800v2	23.757055
SEVIR_9G145900v2	8.89545
SEVIR_9G146000v2	1.360617
SEVIR_9G146100v2	23.41023
SEVIR_9G146200v2	0.956546
SEVIR_9G146300v2	13.693308
SEVIR_9G146400v2	20.479341
SEVIR_9G146500v2	0.126009
SEVIR_9G146600v2	3.230138
SEVIR_9G146700v2	0
SEVIR_9G146766v2	3.309119
SEVIR_9G146832v2	1.564139
SEVIR_9G146900v2	0
SEVIR_9G147000v2	13.72339
SEVIR_9G147100v2	14.01079
SEVIR_9G147201v2	0.22597
SEVIR_9G147300v2	58.891219
SEVIR_9G147400v2	6.250836
SEVIR_9G147500v2	0.175861
SEVIR_9G147600v2	43.359544
SEVIR_9G147700v2	6.321635
SEVIR_9G147800v2	1.49339
SEVIR_9G147900v2	15.172687
SEVIR_9G148000v2	12.035113
SEVIR_9G148100v2	0
SEVIR_9G148200v2	0
SEVIR_9G148300v2	0
SEVIR_9G148400v2	1.789625
SEVIR_9G148550v2	46.71975
SEVIR_9G148700v2	4.033494
SEVIR_9G148766v2	31.94913
SEVIR_9G148832v2	0.057948
SEVIR_9G148900v2	0.032129
SEVIR_9G149000v2	6.869888
SEVIR_9G149100v2	10.291221
SEVIR_9G149300v2	0.949015
SEVIR_9G149400v2	38.502249
SEVIR_9G149500v2	35.723598
SEVIR_9G149600v2	7.022877
SEVIR_9G149700v2	0
SEVIR_9G149801v2	20.451076
SEVIR_9G149900v2	270.281039
SEVIR_9G150000v2	8.235507
SEVIR_9G150100v2	1.003088
SEVIR_9G150200v2	0.590501
SEVIR_9G150300v2	10.405599
SEVIR_9G150350v2	0
SEVIR_9G150400v2	1.502812
SEVIR_9G150500v2	955.97225
SEVIR_9G150600v2	18.810204
SEVIR_9G150700v2	24.87958
SEVIR_9G150800v2	0.182731
SEVIR_9G150900v2	0.067178
SEVIR_9G150950v2	0.429379
SEVIR_9G151000v2	0
SEVIR_9G151100v2	6.117493
SEVIR_9G151200v2	0.055249
SEVIR_9G151300v2	23.664831
SEVIR_9G151350v2	0
SEVIR_9G151400v2	29.074636
SEVIR_9G151500v2	29.288646
SEVIR_9G151600v2	11.816224
SEVIR_9G151700v2	12.014414
SEVIR_9G151801v2	0
SEVIR_9G151900v2	21.948024
SEVIR_9G152000v2	0.094976
SEVIR_9G152100v2	0.776267
SEVIR_9G152200v2	27.384076
SEVIR_9G152266v2	5.042457
SEVIR_9G152332v2	3.651329
SEVIR_9G152400v2	28.052544
SEVIR_9G152500v2	28.540076
SEVIR_9G152600v2	0
SEVIR_9G152700v2	5.606842
SEVIR_9G152650v2	0
SEVIR_9G152800v2	2.805308
SEVIR_9G152901v2	0.27389
SEVIR_9G153000v2	0.046838
SEVIR_9G153100v2	0.365133
SEVIR_9G153200v2	0.070164
SEVIR_9G153250v2	0
SEVIR_9G153300v2	1.957941
SEVIR_9G153400v2	12.167319
SEVIR_9G153500v2	14.093836
SEVIR_9G153600v2	125.066574
SEVIR_9G153700v2	1.24041
SEVIR_9G153800v2	0
SEVIR_9G153850v2	0.122005
SEVIR_9G153900v2	0.17762
SEVIR_9G154000v2	1.401695
SEVIR_9G154100v2	0.123188
SEVIR_9G154200v2	511.250439
SEVIR_9G154300v2	6.990917
SEVIR_9G154400v2	7.067972
SEVIR_9G154500v2	65.811153
SEVIR_9G154600v2	15.470885
SEVIR_9G154700v2	8.29201
SEVIR_9G154800v2	8.909976
SEVIR_9G154900v2	23.30414
SEVIR_9G154950v2	0
SEVIR_9G155000v2	36.154754
SEVIR_9G155050v2	14.269506
SEVIR_9G155100v2	0
SEVIR_9G155200v2	5.867734
SEVIR_9G155300v2	7.495372
SEVIR_9G155400v2	0.020372
SEVIR_9G155500v2	0.074919
SEVIR_9G155600v2	0.087567
SEVIR_9G155700v2	0.99085
SEVIR_9G155800v2	0.861873
SEVIR_9G155900v2	0
SEVIR_9G156000v2	0.90136
SEVIR_9G156100v2	0.173786
SEVIR_9G156200v2	51.057219
SEVIR_9G156300v2	0.408219
SEVIR_9G156400v2	0.030005
SEVIR_9G156500v2	10.298604
SEVIR_9G156600v2	40.587431
SEVIR_9G156650v2	0
SEVIR_9G156700v2	12.989674
SEVIR_9G156800v2	17.128464
SEVIR_9G156900v2	8.173629
SEVIR_9G157000v2	21.183448
SEVIR_9G157100v2	12.656284
SEVIR_9G157300v2	55.690712
SEVIR_9G157400v2	12.358794
SEVIR_9G157500v2	12.15285
SEVIR_9G157550v2	22.296806
SEVIR_9G157600v2	24.232183
SEVIR_9G157700v2	3.896722
SEVIR_9G157800v2	16.371316
SEVIR_9G157900v2	2.93574
SEVIR_9G158000v2	2.133251
SEVIR_9G158100v2	16.558484
SEVIR_9G158200v2	7.713062
SEVIR_9G158300v2	29.335607
SEVIR_9G158400v2	0
SEVIR_9G158500v2	0
SEVIR_9G158600v2	0.065591
SEVIR_9G158700v2	0.299296
SEVIR_9G158800v2	2.199874
SEVIR_9G158900v2	0.846674
SEVIR_9G159000v2	0.445494
SEVIR_9G159100v2	0.108132
SEVIR_9G159200v2	1.435145
SEVIR_9G159300v2	74.55484
SEVIR_9G159400v2	2.428675
SEVIR_9G159500v2	51.299856
SEVIR_9G159600v2	0.220388
SEVIR_9G159700v2	57.014891
SEVIR_9G159750v2	1.126512
SEVIR_9G159800v2	19.965372
SEVIR_9G159900v2	15.032385
SEVIR_9G160000v2	0
SEVIR_9G160100v2	0.9168
SEVIR_9G160200v2	5.912097
SEVIR_9G160300v2	5.296169
SEVIR_9G160400v2	0
SEVIR_9G160500v2	0
SEVIR_9G160601v2	22.944995
SEVIR_9G160700v2	0.115359
SEVIR_9G160800v2	77.862392
SEVIR_9G160900v2	38.20107
SEVIR_9G161000v2	9.320876
SEVIR_9G161100v2	118.609335
SEVIR_9G161200v2	64.60408
SEVIR_9G161220v2	0.132036
SEVIR_9G161240v2	0.216137
SEVIR_9G161260v2	0
SEVIR_9G161280v2	0
SEVIR_9G161300v2	4.652964
SEVIR_9G161400v2	38.047699
SEVIR_9G161500v2	18.709416
SEVIR_9G161533v2	0.109739
SEVIR_9G161566v2	1.265002
SEVIR_9G161600v2	100.018249
SEVIR_9G161700v2	21.417031
SEVIR_9G161800v2	13.295397
SEVIR_9G161900v2	0.325797
SEVIR_9G161950v2	0
SEVIR_9G162000v2	20.526506
SEVIR_9G162100v2	23.770991
SEVIR_9G162200v2	21.186762
SEVIR_9G162300v2	9.430002
SEVIR_9G162400v2	0.18372
SEVIR_9G162500v2	0
SEVIR_9G162600v2	5.943092
SEVIR_9G162700v2	20.743917
SEVIR_9G162750v2	3.531766
SEVIR_9G162800v2	5.381773
SEVIR_9G162900v2	1051.582778
SEVIR_9G163000v2	0.041162
SEVIR_9G163100v2	3.748648
SEVIR_9G163200v2	40.01863
SEVIR_9G163300v2	3.031114
SEVIR_9G163400v2	0
SEVIR_9G163500v2	14.215871
SEVIR_9G163600v2	192.885428
SEVIR_9G163650v2	0.902172
SEVIR_9G163700v2	0
SEVIR_9G163800v2	0.044205
SEVIR_9G163900v2	21.106202
SEVIR_9G164000v2	0.261724
SEVIR_9G164100v2	1.14914
SEVIR_9G164200v2	2.99492
SEVIR_9G164300v2	0.100431
SEVIR_9G164400v2	0.24587
SEVIR_9G164500v2	0
SEVIR_9G164600v2	0.283971
SEVIR_9G164700v2	1.350454
SEVIR_9G164800v2	10.013483
SEVIR_9G164900v2	0
SEVIR_9G165100v2	0
SEVIR_9G165200v2	1.56601
SEVIR_9G165300v2	0
SEVIR_9G165400v2	0.037393
SEVIR_9G165500v2	0
SEVIR_9G165600v2	129.026754
SEVIR_9G165700v2	0
SEVIR_9G165800v2	0
SEVIR_9G166000v2	40.82129
SEVIR_9G166050v2	0.973808
SEVIR_9G166100v2	0.774897
SEVIR_9G166200v2	0.066118
SEVIR_9G166300v2	3.450948
SEVIR_9G166400v2	6.242084
SEVIR_9G166500v2	7.617464
SEVIR_9G166600v2	5.617316
SEVIR_9G166700v2	0.278792
SEVIR_9G166800v2	42.464187
SEVIR_9G166900v2	2.530377
SEVIR_9G167000v2	0.015226
SEVIR_9G167100v2	5.732021
SEVIR_9G167200v2	1.591577
SEVIR_9G167300v2	33.283145
SEVIR_9G167400v2	16.835033
SEVIR_9G167500v2	65.063718
SEVIR_9G167600v2	0.70515
SEVIR_9G167700v2	0.165463
SEVIR_9G167800v2	0.377696
SEVIR_9G167900v2	0.203813
SEVIR_9G168000v2	4.032877
SEVIR_9G168100v2	9.013717
SEVIR_9G168200v2	16.595954
SEVIR_9G168300v2	109.947544
SEVIR_9G168400v2	3.937309
SEVIR_9G168450v2	5.48092
SEVIR_9G168500v2	0.688309
SEVIR_9G168600v2	0.19475
SEVIR_9G168700v2	0
SEVIR_9G168800v2	26.962364
SEVIR_9G168900v2	4.107745
SEVIR_9G169000v2	0.260576
SEVIR_9G169100v2	13.481367
SEVIR_9G169200v2	12.848273
SEVIR_9G169300v2	0.562616
SEVIR_9G169400v2	0
SEVIR_9G169500v2	73.860536
SEVIR_9G169600v2	0
SEVIR_9G169700v2	1.029279
SEVIR_9G169801v2	33.845503
SEVIR_9G169900v2	0
SEVIR_9G170000v2	7.264742
SEVIR_9G170100v2	3.828503
SEVIR_9G170200v2	20.3518
SEVIR_9G170250v2	0.068138
SEVIR_9G170300v2	3.595188
SEVIR_9G170400v2	3.620064
SEVIR_9G170450v2	0.01876
SEVIR_9G170500v2	0
SEVIR_9G170600v2	0.028369
SEVIR_9G170700v2	0.728481
SEVIR_9G170800v2	0
SEVIR_9G170825v2	0.051756
SEVIR_9G170850v2	0
SEVIR_9G170875v2	10.001467
SEVIR_9G170900v2	11.211918
SEVIR_9G171000v2	2.468195
SEVIR_9G171100v2	17.438431
SEVIR_9G171200v2	0.684624
SEVIR_9G171300v2	0.064308
SEVIR_9G171400v2	10.220671
SEVIR_9G171500v2	123.531223
SEVIR_9G171600v2	2.53499
SEVIR_9G171700v2	33.425512
SEVIR_9G171800v2	19.644751
SEVIR_9G171900v2	881.327791
SEVIR_9G172000v2	3.036307
SEVIR_9G172100v2	15.571939
SEVIR_9G172200v2	28.813232
SEVIR_9G172400v2	12.394324
SEVIR_9G172500v2	0.030387
SEVIR_9G172600v2	26.495567
SEVIR_9G172700v2	44.959755
SEVIR_9G172750v2	0
SEVIR_9G172800v2	0.099876
SEVIR_9G173000v2	0
SEVIR_9G173100v2	0.149754
SEVIR_9G173200v2	0
SEVIR_9G173300v2	17.093888
SEVIR_9G173400v2	68.225953
SEVIR_9G173500v2	1.223839
SEVIR_9G173600v2	9.264683
SEVIR_9G173700v2	2.182065
SEVIR_9G173800v2	0
SEVIR_9G173900v2	0
SEVIR_9G174000v2	0.204832
SEVIR_9G174100v2	6.059216
SEVIR_9G174200v2	0.032604
SEVIR_9G174300v2	0
SEVIR_9G174400v2	0
SEVIR_9G174501v2	0.030608
SEVIR_9G174600v2	2.561024
SEVIR_9G174700v2	0
SEVIR_9G174800v2	0
SEVIR_9G174900v2	10.731972
SEVIR_9G175000v2	1.621961
SEVIR_9G175100v2	36.306135
SEVIR_9G175200v2	0.059133
SEVIR_9G175250v2	0.09329
SEVIR_9G175300v2	4.9655
SEVIR_9G175400v2	25.434179
SEVIR_9G175500v2	1.706726
SEVIR_9G175600v2	0
SEVIR_9G175650v2	0
SEVIR_9G175700v2	2.599019
SEVIR_9G175800v2	28.075994
SEVIR_9G175900v2	0.034649
SEVIR_9G176000v2	0.586351
SEVIR_9G176100v2	6.555102
SEVIR_9G176200v2	0.150169
SEVIR_9G176250v2	0.074798
SEVIR_9G176300v2	0.219033
SEVIR_9G176400v2	0.075655
SEVIR_9G176500v2	19.479773
SEVIR_9G176600v2	17.034203
SEVIR_9G176700v2	73.331736
SEVIR_9G176800v2	20.565551
SEVIR_9G176900v2	73.04192
SEVIR_9G177000v2	28.078989
SEVIR_9G177100v2	59.002335
SEVIR_9G177200v2	35.044006
SEVIR_9G177275v2	2.120127
SEVIR_9G177350v2	0.469886
SEVIR_9G177425v2	0.377652
SEVIR_9G177500v2	22.427497
SEVIR_9G177600v2	0
SEVIR_9G177700v2	0.340015
SEVIR_9G177800v2	10.098535
SEVIR_9G177900v2	13.096864
SEVIR_9G178000v2	25.337243
SEVIR_9G178100v2	2.067231
SEVIR_9G178200v2	0.437034
SEVIR_9G178300v2	0.428308
SEVIR_9G178340v2	0
SEVIR_9G178380v2	0
SEVIR_9G178420v2	0.023339
SEVIR_9G178500v2	0.038031
SEVIR_9G178460v2	0
SEVIR_9G178600v2	28.176252
SEVIR_9G178700v2	0.018562
SEVIR_9G178800v2	0.065668
SEVIR_9G178900v2	7.099099
SEVIR_9G179000v2	0
SEVIR_9G179100v2	991.094504
SEVIR_9G179200v2	0
SEVIR_9G179300v2	0.950167
SEVIR_9G179400v2	0.526115
SEVIR_9G179500v2	24.670317
SEVIR_9G179600v2	0
SEVIR_9G179700v2	0
SEVIR_9G179800v2	0.618784
SEVIR_9G179900v2	0
SEVIR_9G180000v2	0.085705
SEVIR_9G180100v2	0.405171
SEVIR_9G180200v2	1.91014
SEVIR_9G180250v2	11.930622
SEVIR_9G180300v2	4.892688
SEVIR_9G180400v2	1.102932
SEVIR_9G180500v2	0.548394
SEVIR_9G180600v2	0.241855
SEVIR_9G180700v2	0
SEVIR_9G180800v2	0
SEVIR_9G180850v2	0.556982
SEVIR_9G180900v2	0.07622
SEVIR_9G181000v2	17.471598
SEVIR_9G181100v2	1.197493
SEVIR_9G181200v2	1.671059
SEVIR_9G181300v2	0.181462
SEVIR_9G181400v2	1.005201
SEVIR_9G181500v2	1.557764
SEVIR_9G181600v2	0.308751
SEVIR_9G181700v2	0.121711
SEVIR_9G181800v2	35.21454
SEVIR_9G181900v2	5.778853
SEVIR_9G181950v2	0
SEVIR_9G182001v2	0
SEVIR_9G182051v2	0
SEVIR_9G182100v2	28.91572
SEVIR_9G182200v2	0.331686
SEVIR_9G182300v2	0.136539
SEVIR_9G182400v2	0
SEVIR_9G182500v2	76.236849
SEVIR_9G182600v2	0.15774
SEVIR_9G182700v2	0
SEVIR_9G182800v2	0.051337
SEVIR_9G182900v2	113.728447
SEVIR_9G182950v2	1.126895
SEVIR_9G183000v2	6.569887
SEVIR_9G183100v2	0.719093
SEVIR_9G183200v2	5.039966
SEVIR_9G183300v2	99.17459
SEVIR_9G183400v2	16.549281
SEVIR_9G183500v2	0
SEVIR_9G183600v2	0
SEVIR_9G183700v2	3.466897
SEVIR_9G183800v2	0
SEVIR_9G183900v2	0.123449
SEVIR_9G184000v2	7.912819
SEVIR_9G184100v2	0
SEVIR_9G184150v2	0.016216
SEVIR_9G184200v2	0
SEVIR_9G184300v2	0
SEVIR_9G184400v2	44.28987
SEVIR_9G184500v2	0.287083
SEVIR_9G184601v2	0.02195
SEVIR_9G184700v2	1.319154
SEVIR_9G184800v2	2.009009
SEVIR_9G184900v2	0.707909
SEVIR_9G185000v2	38.868096
SEVIR_9G185050v2	0
SEVIR_9G185100v2	0.628114
SEVIR_9G185200v2	48.596048
SEVIR_9G185300v2	72.959967
SEVIR_9G185400v2	0.703649
SEVIR_9G185500v2	3.569994
SEVIR_9G185533v2	0.017227
SEVIR_9G185566v2	0.042101
SEVIR_9G185600v2	10.157942
SEVIR_9G185700v2	6.420949
SEVIR_9G185800v2	0
SEVIR_9G185900v2	2.301279
SEVIR_9G186000v2	30.348511
SEVIR_9G186100v2	11.889316
SEVIR_9G186150v2	2.004862
SEVIR_9G186200v2	0.27604
SEVIR_9G186300v2	2.433512
SEVIR_9G186400v2	1.100457
SEVIR_9G186500v2	11.239985
SEVIR_9G186600v2	2.738994
SEVIR_9G186700v2	6.071051
SEVIR_9G186800v2	0.023865
SEVIR_9G186901v2	0.103005
SEVIR_9G187000v2	1.989528
SEVIR_9G187050v2	0.371145
SEVIR_9G187100v2	4.399343
SEVIR_9G187201v2	2.8193
SEVIR_9G187300v2	313.883094
SEVIR_9G187400v2	4.879537
SEVIR_9G187500v2	11.459213
SEVIR_9G187600v2	5.50324
SEVIR_9G187700v2	46.473256
SEVIR_9G187800v2	10.46999
SEVIR_9G187900v2	0.048012
SEVIR_9G188000v2	0
SEVIR_9G188100v2	0
SEVIR_9G188200v2	3.232685
SEVIR_9G188300v2	3.300263
SEVIR_9G188400v2	7.640481
SEVIR_9G188501v2	0.023908
SEVIR_9G188600v2	4.226935
SEVIR_9G188700v2	18.051105
SEVIR_9G188800v2	0.89703
SEVIR_9G188900v2	11.544171
SEVIR_9G189000v2	11.288317
SEVIR_9G189100v2	14.306126
SEVIR_9G189200v2	16.654217
SEVIR_9G189300v2	15.103326
SEVIR_9G189400v2	0.071003
SEVIR_9G189500v2	6.400764
SEVIR_9G189600v2	49.690162
SEVIR_9G189700v2	57.919835
SEVIR_9G189800v2	100.390926
SEVIR_9G189900v2	25.900669
SEVIR_9G190000v2	0
SEVIR_9G190100v2	140.415617
SEVIR_9G190200v2	0
SEVIR_9G190300v2	0
SEVIR_9G190400v2	171.642311
SEVIR_9G190600v2	0.213416
SEVIR_9G190700v2	19.863672
SEVIR_9G190800v2	1.202003
SEVIR_9G190850v2	49.292943
SEVIR_9G190900v2	22.791361
SEVIR_9G191000v2	0.177691
SEVIR_9G191100v2	22.852174
SEVIR_9G191200v2	7.132489
SEVIR_9G191300v2	22.895871
SEVIR_9G191400v2	1.942166
SEVIR_9G191500v2	0
SEVIR_9G191600v2	17.866358
SEVIR_9G191650v2	1.506022
SEVIR_9G191700v2	3.0601
SEVIR_9G191750v2	0
SEVIR_9G191800v2	27.266865
SEVIR_9G191900v2	0.10729
SEVIR_9G192000v2	0
SEVIR_9G192100v2	0.031804
SEVIR_9G192201v2	0
SEVIR_9G192300v2	0
SEVIR_9G192400v2	0
SEVIR_9G192450v2	0.331403
SEVIR_9G192501v2	0
SEVIR_9G192551v2	0
SEVIR_9G192600v2	9.922442
SEVIR_9G192900v2	0
SEVIR_9G193000v2	7.25975
SEVIR_9G193100v2	0
SEVIR_9G193200v2	0.154889
SEVIR_9G193300v2	10.677887
SEVIR_9G193400v2	12.441923
SEVIR_9G193500v2	29.30709
SEVIR_9G193600v2	49.957787
SEVIR_9G193700v2	3.089127
SEVIR_9G193800v2	77.672228
SEVIR_9G193900v2	0.101923
SEVIR_9G194000v2	14.704735
SEVIR_9G194100v2	10.07762
SEVIR_9G194200v2	44.340392
SEVIR_9G194300v2	5.133157
SEVIR_9G194325v2	3.424556
SEVIR_9G194350v2	3.915359
SEVIR_9G194375v2	484.375817
SEVIR_9G194400v2	157.400587
SEVIR_9G194500v2	32.953777
SEVIR_9G194600v2	2.254117
SEVIR_9G194700v2	1.869299
SEVIR_9G194800v2	1.221359
SEVIR_9G194900v2	22.554849
SEVIR_9G195100v2	0.241171
SEVIR_9G195200v2	1.282418
SEVIR_9G195233v2	0
SEVIR_9G195266v2	0
SEVIR_9G195300v2	2.823044
SEVIR_9G195400v2	333.067101
SEVIR_9G195500v2	3.364592
SEVIR_9G195600v2	130.888245
SEVIR_9G195700v2	1.06899
SEVIR_9G195750v2	1.622994
SEVIR_9G195800v2	0.02749
SEVIR_9G195900v2	0.024871
SEVIR_9G196000v2	1.029976
SEVIR_9G196100v2	39.708163
SEVIR_9G196200v2	8.07038
SEVIR_9G196300v2	52.176595
SEVIR_9G196400v2	0
SEVIR_9G196433v2	0.300014
SEVIR_9G196466v2	0.374202
SEVIR_9G196500v2	11.134805
SEVIR_9G196600v2	1.560883
SEVIR_9G196700v2	0
SEVIR_9G196800v2	23.323575
SEVIR_9G196900v2	1.475655
SEVIR_9G197000v2	0
SEVIR_9G197100v2	27.100691
SEVIR_9G197200v2	1.375947
SEVIR_9G197300v2	0
SEVIR_9G197400v2	0
SEVIR_9G197500v2	9.103759
SEVIR_9G197550v2	1.673526
SEVIR_9G197600v2	17.823021
SEVIR_9G197700v2	1.071011
SEVIR_9G197800v2	0
SEVIR_9G197900v2	4.978542
SEVIR_9G198000v2	10.332757
SEVIR_9G198100v2	0
SEVIR_9G198200v2	0.150584
SEVIR_9G198300v2	37.233314
SEVIR_9G198400v2	1.737216
SEVIR_9G178400v2	3.182988
SEVIR_9G198500v2	0.682286
SEVIR_9G198600v2	19.764394
SEVIR_9G198700v2	0
SEVIR_9G198800v2	0.033232
SEVIR_9G198900v2	0.445318
SEVIR_9G198950v2	0.029206
SEVIR_9G199000v2	22.478369
SEVIR_9G199100v2	11.740406
SEVIR_9G199200v2	43.094465
SEVIR_9G199300v2	0.951737
SEVIR_9G199400v2	52.55453
SEVIR_9G199450v2	0.95496
SEVIR_9G199500v2	8.333495
SEVIR_9G199550v2	0
SEVIR_9G199600v2	27.302373
SEVIR_9G199700v2	12.517932
SEVIR_9G199800v2	36.513008
SEVIR_9G199900v2	10.640068
SEVIR_9G200000v2	31.735417
SEVIR_9G200100v2	6.810296
SEVIR_9G200200v2	0.17092
SEVIR_9G200250v2	9.063969
SEVIR_9G200300v2	29.081018
SEVIR_9G200400v2	258.80592
SEVIR_9G200500v2	27.073236
SEVIR_9G200600v2	6.508901
SEVIR_9G225550v2	0.379748
SEVIR_9G250500v2	23.243827
SEVIR_9G250600v2	0
SEVIR_9G250700v2	51.316489
SEVIR_9G200700v2	0
SEVIR_9G200733v2	0.763769
SEVIR_9G200766v2	0
SEVIR_9G200800v2	0.33691
SEVIR_9G200900v2	6.805601
SEVIR_9G201000v2	0.589725
SEVIR_9G201100v2	0.63992
SEVIR_9G201200v2	15.738152
SEVIR_9G201300v2	42.32017
SEVIR_9G201400v2	159.478347
SEVIR_9G201450v2	0
SEVIR_9G201500v2	1.160095
SEVIR_9G201600v2	5.414029
SEVIR_9G201700v2	4.14557
SEVIR_9G201733v2	1.604757
SEVIR_9G201766v2	12.958743
SEVIR_9G201800v2	0
SEVIR_9G201900v2	1.033987
SEVIR_9G202000v2	1.534984
SEVIR_9G202020v2	0.045518
SEVIR_9G202040v2	49.461069
SEVIR_9G202060v2	1.141935
SEVIR_9G202080v2	0.140842
SEVIR_9G202100v2	61.669196
SEVIR_9G202200v2	60.497694
SEVIR_9G202300v2	81.924286
SEVIR_9G202400v2	10.14548
SEVIR_9G202500v2	18.594395
SEVIR_9G202600v2	0.041584
SEVIR_9G202700v2	0
SEVIR_9G202800v2	6.800585
SEVIR_9G202900v2	2.26353
SEVIR_9G203000v2	0.224317
SEVIR_9G203050v2	0
SEVIR_9G203100v2	27.042837
SEVIR_9G203200v2	0.229117
SEVIR_9G203300v2	59.086864
SEVIR_9G203400v2	0
SEVIR_9G203500v2	24.883661
SEVIR_9G203600v2	25.044757
SEVIR_9G203700v2	24.129114
SEVIR_9G203800v2	14.252752
SEVIR_9G203900v2	5.052959
SEVIR_9G203966v2	0.121711
SEVIR_9G204032v2	0.157183
SEVIR_9G204100v2	8.099305
SEVIR_9G204200v2	3.140859
SEVIR_9G204250v2	0
SEVIR_9G204300v2	2.166468
SEVIR_9G204400v2	8.289402
SEVIR_9G204500v2	36.069864
SEVIR_9G204601v2	9.641747
SEVIR_9G204700v2	20.319795
SEVIR_9G204800v2	1.77298
SEVIR_9G204900v2	21.020119
SEVIR_9G205000v2	15.522359
SEVIR_9G205100v2	11.60515
SEVIR_9G205200v2	40.287094
SEVIR_9G205300v2	0.548115
SEVIR_9G205400v2	0.900463
SEVIR_9G205500v2	2.383729
SEVIR_9G205600v2	46.34581
SEVIR_9G205700v2	9.894686
SEVIR_9G205800v2	23.290733
SEVIR_9G205900v2	21.1137
SEVIR_9G206000v2	1.654599
SEVIR_9G206100v2	5.222693
SEVIR_9G206200v2	1.031389
SEVIR_9G206300v2	1.35988
SEVIR_9G206400v2	233.654135
SEVIR_9G206500v2	1.234747
SEVIR_9G206600v2	2.124651
SEVIR_9G206700v2	0
SEVIR_9G206800v2	0
SEVIR_9G206900v2	8.413895
SEVIR_9G207000v2	20.973119
SEVIR_9G207100v2	0.358137
SEVIR_9G207200v2	12.583443
SEVIR_9G207300v2	33.213903
SEVIR_9G207400v2	0.0443
SEVIR_9G207500v2	0.090911
SEVIR_9G207600v2	6.682354
SEVIR_9G207700v2	71.265312
SEVIR_9G207800v2	15.419198
SEVIR_9G207901v2	0.998397
SEVIR_9G208000v2	0
SEVIR_9G208100v2	0
SEVIR_9G208200v2	0
SEVIR_9G208300v2	0
SEVIR_9G208400v2	0
SEVIR_9G208501v2	4.311826
SEVIR_9G208600v2	0.226107
SEVIR_9G208700v2	0
SEVIR_9G208800v2	0
SEVIR_9G208900v2	0
SEVIR_9G209000v2	9.466842
SEVIR_9G209100v2	19.713081
SEVIR_9G209200v2	152.329859
SEVIR_9G209300v2	25.820745
SEVIR_9G209400v2	6.533875
SEVIR_9G209420v2	0.119485
SEVIR_9G209440v2	0
SEVIR_9G209460v2	0
SEVIR_9G209480v2	0
SEVIR_9G209500v2	0
SEVIR_9G209700v2	0
SEVIR_9G209800v2	0.259494
SEVIR_9G209900v2	0
SEVIR_9G209950v2	10.483021
SEVIR_9G210000v2	0
SEVIR_9G210100v2	0
SEVIR_9G210200v2	0
SEVIR_9G210300v2	0
SEVIR_9G210400v2	0.114613
SEVIR_9G210500v2	0
SEVIR_9G210550v2	0
SEVIR_9G210600v2	0.170066
SEVIR_9G210700v2	0
SEVIR_9G210800v2	0
SEVIR_9G210900v2	9.884879
SEVIR_9G211000v2	0.052583
SEVIR_9G211100v2	0.861619
SEVIR_9G211200v2	0
SEVIR_9G211300v2	28.2567
SEVIR_9G211400v2	0
SEVIR_9G211433v2	0
SEVIR_9G211466v2	1.493726
SEVIR_9G211500v2	0.118151
SEVIR_9G211600v2	0
SEVIR_9G211700v2	3.969864
SEVIR_9G211800v2	11.138972
SEVIR_9G211900v2	3.966513
SEVIR_9G212000v2	0.514097
SEVIR_9G212100v2	30.000935
SEVIR_9G212150v2	0
SEVIR_9G212200v2	11.460662
SEVIR_9G212300v2	3.073324
SEVIR_9G212400v2	24.280766
SEVIR_9G212500v2	62.636679
SEVIR_9G212600v2	9.587288
SEVIR_9G212700v2	1.230127
SEVIR_9G212800v2	66.324979
SEVIR_9G212900v2	0
SEVIR_9G213000v2	93.215149
SEVIR_9G213100v2	0
SEVIR_9G213201v2	0.033822
SEVIR_9G213300v2	0
SEVIR_9G213400v2	30.737574
SEVIR_9G213500v2	10.575728
SEVIR_9G213600v2	1.435083
SEVIR_9G213700v2	15.926202
SEVIR_9G213800v2	0
SEVIR_9G213900v2	8.419362
SEVIR_9G214000v2	39.647723
SEVIR_9G214100v2	5.84512
SEVIR_9G214200v2	0.417274
SEVIR_9G214300v2	15.625591
SEVIR_9G214400v2	12.002735
SEVIR_9G214500v2	27.161712
SEVIR_9G214550v2	0
SEVIR_9G214600v2	11.00834
SEVIR_9G214700v2	13.382409
SEVIR_9G214800v2	41.898506
SEVIR_9G214900v2	0.15865
SEVIR_9G215000v2	1.656916
SEVIR_9G215100v2	0.075613
SEVIR_9G215166v2	0.436514
SEVIR_9G215232v2	0.147986
SEVIR_9G215300v2	7.987112
SEVIR_9G215400v2	0
SEVIR_9G215500v2	0
SEVIR_9G215600v2	0
SEVIR_9G215700v2	2.20652
SEVIR_9G215800v2	3.553364
SEVIR_9G215900v2	52.497023
SEVIR_9G216001v2	0.10976
SEVIR_9G216100v2	0.22055
SEVIR_9G216200v2	309.314681
SEVIR_9G216300v2	1.693027
SEVIR_9G216400v2	0.720967
SEVIR_9G216500v2	0
SEVIR_9G216600v2	1.246161
SEVIR_9G216700v2	0
SEVIR_9G216750v2	0
SEVIR_9G216800v2	0
SEVIR_9G216901v2	0
SEVIR_9G217000v2	15.40775
SEVIR_9G217100v2	87.320383
SEVIR_9G217200v2	9.237454
SEVIR_9G217300v2	0.036263
SEVIR_9G217400v2	249.452432
SEVIR_9G217433v2	0.344336
SEVIR_9G217466v2	0.086047
SEVIR_9G217500v2	0
SEVIR_9G217600v2	0.346651
SEVIR_9G217700v2	0.267164
SEVIR_9G217800v2	0
SEVIR_9G217901v2	0
SEVIR_9G218000v2	20.657563
SEVIR_9G218100v2	2.685302
SEVIR_9G218200v2	0
SEVIR_9G218300v2	32.651099
SEVIR_9G218400v2	47.843197
SEVIR_9G218500v2	14.924494
SEVIR_9G218600v2	0.141146
SEVIR_9G218700v2	20.15422
SEVIR_9G218800v2	16.851817
SEVIR_9G218900v2	0
SEVIR_9G219000v2	11.753975
SEVIR_9G219100v2	19.462988
SEVIR_9G219200v2	24.027718
SEVIR_9G219300v2	10.340243
SEVIR_9G219400v2	33.188793
SEVIR_9G219500v2	44.515256
SEVIR_9G219600v2	1.217361
SEVIR_9G219700v2	0.253921
SEVIR_9G219800v2	7.122405
SEVIR_9G219900v2	25.25787
SEVIR_9G220000v2	0
SEVIR_9G220100v2	0.028493
SEVIR_9G220200v2	55.953026
SEVIR_9G220300v2	155.797431
SEVIR_9G220400v2	0
SEVIR_9G220500v2	0
SEVIR_9G220600v2	0
SEVIR_9G220700v2	5.789882
SEVIR_9G220800v2	1.822953
SEVIR_9G220900v2	0.131312
SEVIR_9G220950v2	14.260851
SEVIR_9G221001v2	0.072908
SEVIR_9G221051v2	0.811458
SEVIR_9G221100v2	2.442206
SEVIR_9G221200v2	5.641628
SEVIR_9G221300v2	26.421796
SEVIR_9G221400v2	0
SEVIR_9G221500v2	20.801347
SEVIR_9G221600v2	891.345253
SEVIR_9G221701v2	0.331201
SEVIR_9G221800v2	4.400759
SEVIR_9G222000v2	5.14439
SEVIR_9G222100v2	0
SEVIR_9G222200v2	13.919453
SEVIR_9G222300v2	0.395266
SEVIR_9G222400v2	1.238347
SEVIR_9G222500v2	30.675306
SEVIR_9G222600v2	21.812274
SEVIR_9G222700v2	1.510357
SEVIR_9G222800v2	36.726294
SEVIR_9G222900v2	47.488603
SEVIR_9G223000v2	8.257749
SEVIR_9G223100v2	0.21638
SEVIR_9G223200v2	89.223576
SEVIR_9G223250v2	0.193268
SEVIR_9G223300v2	0
SEVIR_9G223400v2	2.589522
SEVIR_9G223500v2	0.159388
SEVIR_9G223600v2	0
SEVIR_9G223700v2	0.341322
SEVIR_9G223800v2	6.208037
SEVIR_9G223900v2	29.434888
SEVIR_9G224000v2	2.568666
SEVIR_9G224100v2	4.202231
SEVIR_9G224200v2	44.08263
SEVIR_9G224300v2	2.306679
SEVIR_9G224400v2	0
SEVIR_9G224450v2	0.374277
SEVIR_9G224500v2	1.083315
SEVIR_9G224600v2	31.224344
SEVIR_9G224700v2	2.854489
SEVIR_9G224800v2	0
SEVIR_9G224900v2	0.121711
SEVIR_9G225000v2	0.151037
SEVIR_9G225100v2	12.72159
SEVIR_9G225200v2	7.846439
SEVIR_9G225300v2	17.837348
SEVIR_9G225400v2	21.709907
SEVIR_9G225500v2	0.770446
SEVIR_9G225600v2	185.487115
SEVIR_9G225700v2	0.035468
SEVIR_9G225800v2	0.028178
SEVIR_9G225900v2	0
SEVIR_9G226000v2	71.104126
SEVIR_9G226050v2	3.439043
SEVIR_9G226100v2	0
SEVIR_9G226200v2	0.803056
SEVIR_9G226300v2	11.39961
SEVIR_9G226400v2	0.084418
SEVIR_9G226450v2	0
SEVIR_9G226500v2	0.327471
SEVIR_9G226600v2	7.250707
SEVIR_9G226700v2	4.794004
SEVIR_9G226800v2	4.350579
SEVIR_9G226900v2	115.846906
SEVIR_9G227000v2	45.487343
SEVIR_9G227100v2	136.159779
SEVIR_9G227200v2	19.534652
SEVIR_9G227300v2	0
SEVIR_9G227400v2	42.265354
SEVIR_9G227450v2	0.477936
SEVIR_9G227500v2	17.734996
SEVIR_9G227600v2	8.555337
SEVIR_9G227700v2	65.723924
SEVIR_9G227800v2	0.901275
SEVIR_9G227900v2	1.033733
SEVIR_9G228000v2	6.887014
SEVIR_9G228050v2	9.147483
SEVIR_9G228100v2	4.855894
SEVIR_9G228200v2	924.45404
SEVIR_9G228300v2	0.108821
SEVIR_9G228400v2	78.889788
SEVIR_9G228500v2	11.873154
SEVIR_9G228600v2	2.631831
SEVIR_9G228700v2	16.192424
SEVIR_9G228801v2	0.717211
SEVIR_9G228900v2	1.666911
SEVIR_9G229000v2	0.099751
SEVIR_9G229100v2	578.006935
SEVIR_9G229200v2	0.568791
SEVIR_9G229300v2	7.633411
SEVIR_9G229400v2	1.312291
SEVIR_9G229500v2	0
SEVIR_9G229600v2	0
SEVIR_9G229700v2	1.37439
SEVIR_9G229750v2	0.041374
SEVIR_9G229800v2	25.350765
SEVIR_9G229900v2	4.745749
SEVIR_9G230000v2	20.375737
SEVIR_9G230100v2	4.646955
SEVIR_9G230200v2	2.46953
SEVIR_9G230300v2	37.367703
SEVIR_9G230400v2	12.502451
SEVIR_9G230450v2	6.259421
SEVIR_9G230500v2	0
SEVIR_9G230600v2	0
SEVIR_9G230700v2	0.448734
SEVIR_9G230800v2	0.040971
SEVIR_9G230900v2	268.655822
SEVIR_9G231000v2	2.392095
SEVIR_9G231100v2	2.902574
SEVIR_9G231200v2	3.436699
SEVIR_9G231300v2	0.139937
SEVIR_9G231400v2	4.194189
SEVIR_9G231500v2	0
SEVIR_9G231600v2	0.754309
SEVIR_9G231700v2	0.027641
SEVIR_9G231800v2	1.703896
SEVIR_9G231900v2	0
SEVIR_9G232000v2	0
SEVIR_9G232100v2	4.414388
SEVIR_9G232150v2	5.596068
SEVIR_9G232200v2	4.391456
SEVIR_9G232266v2	0.615345
SEVIR_9G232332v2	0.47527
SEVIR_9G232400v2	0.340911
SEVIR_9G232433v2	0.010325
SEVIR_9G232466v2	0
SEVIR_9G232500v2	0.063729
SEVIR_9G232600v2	15.049224
SEVIR_9G232800v2	214.314359
SEVIR_9G232900v2	27.049519
SEVIR_9G233000v2	17.724316
SEVIR_9G233100v2	0
SEVIR_9G233200v2	3.960869
SEVIR_9G233300v2	33.825197
SEVIR_9G233400v2	8.772651
SEVIR_9G233500v2	0.486725
SEVIR_9G233600v2	0.091058
SEVIR_9G233650v2	0
SEVIR_9G233700v2	23.380509
SEVIR_9G233800v2	33.723257
SEVIR_9G233900v2	30.49026
SEVIR_9G234000v2	22.437445
SEVIR_9G234100v2	35.48908
SEVIR_9G234200v2	15.821513
SEVIR_9G234300v2	54.66536
SEVIR_9G234400v2	1179.624059
SEVIR_9G234500v2	2140.704029
SEVIR_9G234600v2	63.820794
SEVIR_9G234700v2	476.886432
SEVIR_9G234800v2	109.948367
SEVIR_9G234900v2	2.998531
SEVIR_9G235000v2	0.080996
SEVIR_9G235100v2	1.588213
SEVIR_9G235200v2	9.324943
SEVIR_9G235300v2	683.254572
SEVIR_9G235400v2	0.878961
SEVIR_9G235500v2	0
SEVIR_9G235600v2	0
SEVIR_9G235700v2	0
SEVIR_9G235725v2	0
SEVIR_9G235750v2	0
SEVIR_9G235775v2	0
SEVIR_9G235800v2	13.591785
SEVIR_9G235900v2	111.346297
SEVIR_9G236000v2	0.02852
SEVIR_9G236100v2	0.046863
SEVIR_9G236200v2	4.264822
SEVIR_9G236300v2	0.260737
SEVIR_9G236400v2	0
SEVIR_9G236600v2	0
SEVIR_9G236650v2	0
SEVIR_9G236700v2	8.397522
SEVIR_9G236800v2	0.595192
SEVIR_9G236900v2	0
SEVIR_9G237000v2	0
SEVIR_9G237100v2	7.198486
SEVIR_9G237200v2	36.413437
SEVIR_9G237300v2	76.61013
SEVIR_9G237400v2	2.529936
SEVIR_9G237500v2	7.067746
SEVIR_9G237700v2	0
SEVIR_9G237800v2	14.401994
SEVIR_9G238000v2	0.139838
SEVIR_9G238100v2	12.377164
SEVIR_9G238200v2	0
SEVIR_9G238300v2	39.530094
SEVIR_9G238400v2	2.986172
SEVIR_9G238500v2	11.08844
SEVIR_9G238601v2	0.243422
SEVIR_9G238700v2	0.021337
SEVIR_9G238800v2	0.032225
SEVIR_9G238900v2	9.763499
SEVIR_9G238950v2	0
SEVIR_9G239000v2	12.479752
SEVIR_9G239100v2	0.297555
SEVIR_9G239200v2	13.459411
SEVIR_9G239300v2	13.201656
SEVIR_9G239400v2	1.374158
SEVIR_9G239500v2	665.187826
SEVIR_9G239550v2	0
SEVIR_9G239600v2	11.002408
SEVIR_9G239700v2	1.659221
SEVIR_9G239800v2	0.700459
SEVIR_9G239900v2	0
SEVIR_9G240000v2	1.669431
SEVIR_9G240100v2	3.766358
SEVIR_9G240200v2	34.014633
SEVIR_9G240300v2	45.065696
SEVIR_9G240400v2	0
SEVIR_9G240500v2	0
SEVIR_9G240600v2	22.23374
SEVIR_9G240700v2	0
SEVIR_9G240800v2	14.546163
SEVIR_9G240900v2	0
SEVIR_9G241000v2	1.587102
SEVIR_9G241100v2	0.057674
SEVIR_9G241200v2	132.717032
SEVIR_9G241300v2	13.754094
SEVIR_9G241400v2	9.481099
SEVIR_9G241500v2	42.506861
SEVIR_9G241600v2	39.123975
SEVIR_9G241700v2	18.719278
SEVIR_9G241800v2	3.085512
SEVIR_9G241900v2	5.704911
SEVIR_9G242000v2	14.547652
SEVIR_9G242100v2	28.596124
SEVIR_9G242200v2	0.171251
SEVIR_9G242300v2	0
SEVIR_9G242400v2	2.247997
SEVIR_9G242500v2	10.296556
SEVIR_9G242600v2	0
SEVIR_9G242700v2	0
SEVIR_9G242900v2	0
SEVIR_9G243000v2	10.52051
SEVIR_9G243100v2	3.911708
SEVIR_9G243200v2	0.773424
SEVIR_9G243300v2	0.198136
SEVIR_9G243400v2	28.182396
SEVIR_9G243500v2	13.897892
SEVIR_9G243600v2	2.606237
SEVIR_9G243700v2	1.271854
SEVIR_9G243800v2	20.77608
SEVIR_9G243900v2	4.612174
SEVIR_9G243933v2	0.54108
SEVIR_9G243966v2	0.171245
SEVIR_9G244000v2	5.549868
SEVIR_9G244100v2	13.415287
SEVIR_9G244200v2	34.466128
SEVIR_9G244300v2	0
SEVIR_9G244400v2	3.651329
SEVIR_9G244501v2	32.156594
SEVIR_9G244600v2	3.539072
SEVIR_9G244666v2	0.719564
SEVIR_9G244732v2	1.345938
SEVIR_9G244800v2	8.831221
SEVIR_9G244900v2	0.633697
SEVIR_9G245000v2	80.580921
SEVIR_9G245066v2	0.096956
SEVIR_9G245132v2	0.557892
SEVIR_9G245200v2	15.661599
SEVIR_9G245300v2	0.032747
SEVIR_9G245400v2	0.145621
SEVIR_9G245600v2	29.593471
SEVIR_9G245700v2	7.622867
SEVIR_9G245800v2	0
SEVIR_9G245900v2	15.318063
SEVIR_9G245940v2	1.671057
SEVIR_9G245980v2	0.045546
SEVIR_9G246020v2	0.206694
SEVIR_9G246060v2	0
SEVIR_9G246100v2	0
SEVIR_9G246200v2	1.9024
SEVIR_9G246301v2	33.834762
SEVIR_9G246400v2	2.576311
SEVIR_9G246500v2	0
SEVIR_9G246550v2	8.582525
SEVIR_9G246600v2	0.365133
SEVIR_9G246700v2	0
SEVIR_9G247000v2	24.502557
SEVIR_9G247100v2	0
SEVIR_9G247200v2	76.781656
SEVIR_9G247300v2	422.273962
SEVIR_9G247400v2	43.264331
SEVIR_9G247500v2	32.639748
SEVIR_9G247600v2	17.055982
SEVIR_9G251000v2	29.216692
SEVIR_9G251100v2	0.256056
SEVIR_9G251200v2	50.490819
SEVIR_9G251300v2	18.956442
SEVIR_9G251400v2	815.982765
SEVIR_9G251500v2	9.907807
SEVIR_9G251600v2	43.758589
SEVIR_9G251700v2	0.109404
SEVIR_9G251800v2	21.255454
SEVIR_9G251900v2	17.402323
SEVIR_9G252000v2	0
SEVIR_9G252100v2	29.209823
SEVIR_9G252200v2	0
SEVIR_9G252300v2	18.666042
SEVIR_9G252400v2	23.141691
SEVIR_9G252501v2	0
SEVIR_9G252600v2	3.353312
SEVIR_9G252700v2	0.046521
SEVIR_9G252801v2	0
SEVIR_9G252900v2	0
SEVIR_9G252966v2	0
SEVIR_9G253032v2	0
SEVIR_9G253100v2	0.022578
SEVIR_9G253200v2	17.550785
SEVIR_9G253300v2	71.308667
SEVIR_9G253400v2	2.360426
SEVIR_9G253500v2	0
SEVIR_9G253600v2	2.47813
SEVIR_9G253700v2	11.091827
SEVIR_9G253801v2	0
SEVIR_9G253900v2	137.915873
SEVIR_9G254000v2	21.351052
SEVIR_9G254100v2	47.018034
SEVIR_9G254200v2	22.491318
SEVIR_9G254300v2	84.995505
SEVIR_9G254400v2	2.11772
SEVIR_9G254500v2	1.248609
SEVIR_9G254600v2	0
SEVIR_9G254650v2	9.262617
SEVIR_9G254701v2	0.725586
SEVIR_9G254751v2	5.538596
SEVIR_9G254800v2	0.243422
SEVIR_9G254900v2	0.100132
SEVIR_9G255000v2	0
SEVIR_9G255100v2	0.699437
SEVIR_9G255200v2	0.071174
SEVIR_9G255300v2	10.623312
SEVIR_9G255400v2	0
SEVIR_9G255500v2	0
SEVIR_9G255600v2	0
SEVIR_9G255633v2	3.132491
SEVIR_9G255666v2	0.195641
SEVIR_9G255700v2	1.514924
SEVIR_9G255800v2	23.361153
SEVIR_9G255900v2	0.524363
SEVIR_9G256000v2	7.566572
SEVIR_9G256100v2	1.008134
SEVIR_9G256200v2	0.441783
SEVIR_9G256300v2	0.089643
SEVIR_9G256400v2	8.508593
SEVIR_9G256500v2	16.56849
SEVIR_9G256600v2	0.532187
SEVIR_9G256700v2	2.901817
SEVIR_9G256800v2	31.163731
SEVIR_9G256900v2	0
SEVIR_9G257000v2	0.896182
SEVIR_9G257100v2	34.927793
SEVIR_9G257150v2	0
SEVIR_9G257200v2	0
SEVIR_9G257300v2	1.429653
SEVIR_9G257400v2	0
SEVIR_9G257500v2	5.399313
SEVIR_9G257600v2	0
SEVIR_9G257700v2	0.194484
SEVIR_9G257750v2	0.20468
SEVIR_9G257800v2	0.048935
SEVIR_9G257900v2	0.397485
SEVIR_9G258000v2	2.107481
SEVIR_9G258100v2	0.497377
SEVIR_9G258150v2	0
SEVIR_9G258200v2	7.733417
SEVIR_9G258301v2	0.378487
SEVIR_9G258400v2	0.036115
SEVIR_9G258500v2	26.902071
SEVIR_9G258600v2	32.886139
SEVIR_9G258700v2	42.16955
SEVIR_9G258733v2	2.051387
SEVIR_9G258766v2	0.216669
SEVIR_9G258800v2	2.770122
SEVIR_9G258900v2	4.152366
SEVIR_9G259000v2	0
SEVIR_9G259100v2	0
SEVIR_9G259200v2	0
SEVIR_9G259300v2	4.962312
SEVIR_9G259400v2	0.467371
SEVIR_9G259500v2	0
SEVIR_9G259600v2	0.97366
SEVIR_9G259700v2	0
SEVIR_9G259800v2	15.863433
SEVIR_9G259900v2	15.613284
SEVIR_9G260000v2	0
SEVIR_9G260100v2	28.980393
SEVIR_9G260200v2	0.059984
SEVIR_9G260300v2	1.676527
SEVIR_9G260400v2	0.020112
SEVIR_9G260500v2	30.464255
SEVIR_9G260600v2	0.843506
SEVIR_9G260900v2	30.039409
SEVIR_9G261000v2	79.769404
SEVIR_9G261100v2	0
SEVIR_9G261300v2	3.061626
SEVIR_9G261400v2	11.450149
SEVIR_9G261500v2	0.595167
SEVIR_9G261600v2	13.780308
SEVIR_9G261650v2	0
SEVIR_9G261700v2	62.370246
SEVIR_9G261800v2	0
SEVIR_9G261900v2	7.831006
SEVIR_9G262000v2	18.07823
SEVIR_9G262100v2	0.055473
SEVIR_9G262200v2	84.544054
SEVIR_9G262300v2	5.165117
SEVIR_9G262400v2	33.624301
SEVIR_9G262500v2	0.06178
SEVIR_9G262600v2	10.383723
SEVIR_9G262700v2	50.807183
SEVIR_9G262800v2	2.125408
SEVIR_9G262850v2	0
SEVIR_9G262900v2	0
SEVIR_9G263000v2	6.880427
SEVIR_9G263100v2	7.984497
SEVIR_9G263200v2	10.389063
SEVIR_9G263300v2	3.459154
SEVIR_9G263400v2	3.564078
SEVIR_9G263500v2	0.252795
SEVIR_9G263600v2	32.57832
SEVIR_9G263700v2	0
SEVIR_9G263800v2	37.330493
SEVIR_9G263900v2	10.075536
SEVIR_9G264000v2	54.244568
SEVIR_9G264100v2	0.75087
SEVIR_9G264200v2	29.777718
SEVIR_9G264300v2	0.031691
SEVIR_9G264400v2	0
SEVIR_9G264500v2	0
SEVIR_9G264600v2	3.615741
SEVIR_9G264650v2	241.770148
SEVIR_9G264700v2	0.786019
SEVIR_9G264800v2	0
SEVIR_9G264900v2	1.123821
SEVIR_9G265000v2	0.20721
SEVIR_9G265100v2	1.036733
SEVIR_9G265200v2	3.330797
SEVIR_9G265300v2	2.159632
SEVIR_9G265400v2	0
SEVIR_9G265500v2	9.969309
SEVIR_9G265600v2	10.345352
SEVIR_9G265700v2	0.168161
SEVIR_9G265800v2	16.968465
SEVIR_9G265900v2	3.751436
SEVIR_9G266000v2	13.618669
SEVIR_9G266100v2	22.832041
SEVIR_9G266150v2	0
SEVIR_9G266200v2	65.531372
SEVIR_9G266300v2	1.338422
SEVIR_9G266350v2	5.876163
SEVIR_9G266400v2	9.940186
SEVIR_9G266500v2	117.647604
SEVIR_9G266600v2	22.039895
SEVIR_9G266700v2	12.145465
SEVIR_9G266750v2	18.672509
SEVIR_9G266800v2	4.451259
SEVIR_9G266900v2	0.046808
SEVIR_9G267000v2	0.812375
SEVIR_9G267100v2	1.578977
SEVIR_9G267400v2	0
SEVIR_9G267500v2	0
SEVIR_9G267600v2	0
SEVIR_9G267700v2	0
SEVIR_9G267800v2	0
SEVIR_9G267850v2	0
SEVIR_9G267900v2	0.066665
SEVIR_9G268000v2	10.566728
SEVIR_9G268100v2	0
SEVIR_9G268200v2	0.035082
SEVIR_9G250400v2	0
SEVIR_9G250300v2	0.044117
SEVIR_9G250100v2	0
SEVIR_9G250000v2	0
SEVIR_9G249900v2	1.488311
SEVIR_9G249800v2	0
SEVIR_9G249700v2	0
SEVIR_9G249600v2	0
SEVIR_9G249500v2	21.394747
SEVIR_9G249733v2	1.933057
SEVIR_9G249400v2	30.354057
SEVIR_9G249300v2	0.125117
SEVIR_9G249200v2	7.892729
SEVIR_9G249100v2	2.390398
SEVIR_9G249000v2	0.72207
SEVIR_9G249233v2	11.104907
SEVIR_9G248900v2	1.816532
SEVIR_9G248800v2	31.473407
SEVIR_9G248700v2	1.508907
SEVIR_9G248500v2	0.310019
SEVIR_9G248400v2	0
SEVIR_9G248300v2	5.132289
SEVIR_9G248533v2	1.224987
SEVIR_9G248766v2	3.367537
SEVIR_9G248100v2	0
SEVIR_9G248000v2	0
SEVIR_9G247900v2	9.555396
SEVIR_9G247800v2	0.146882
SEVIR_9G247700v2	1.195988
SEVIR_9G247933v2	3.742348
SEVIR_9G250900v2	5.449065
SEVIR_9G259650v2	69.866964
SEVIR_9G250800v2	1.066977
SEVIR_9G268400v2	2.891532
SEVIR_9G268600v2	1.48384
SEVIR_9G268650v2	0
SEVIR_9G268700v2	35.011893
SEVIR_9G268800v2	5.424308
SEVIR_9G268900v2	11.840055
SEVIR_9G269000v2	0
SEVIR_9G269100v2	17.547947
SEVIR_9G269200v2	0
SEVIR_9G269300v2	14.825177
SEVIR_9G269400v2	56.44729
SEVIR_9G269500v2	0.083528
SEVIR_9G269600v2	3.737298
SEVIR_9G269700v2	0.030414
SEVIR_9G269800v2	3.184541
SEVIR_9G269850v2	0
SEVIR_9G269900v2	11.33136
SEVIR_9G270000v2	68.074787
SEVIR_9G270101v2	1.582461
SEVIR_9G270200v2	0
SEVIR_9G270300v2	49.649759
SEVIR_9G270400v2	3.72186
SEVIR_9G270500v2	0.031274
SEVIR_9G270550v2	0
SEVIR_9G270601v2	0.998059
SEVIR_9G270651v2	0.373976
SEVIR_9G270700v2	29.463894
SEVIR_9G270800v2	0.19512
SEVIR_9G270900v2	0
SEVIR_9G270950v2	0
SEVIR_9G271000v2	10.514978
SEVIR_9G271100v2	15.632656
SEVIR_9G271150v2	2.081542
SEVIR_9G271200v2	0
SEVIR_9G271300v2	0.051395
SEVIR_9G271400v2	0.904848
SEVIR_9G271500v2	0.177993
SEVIR_9G271600v2	6.591708
SEVIR_9G271700v2	0
SEVIR_9G271750v2	343.641403
SEVIR_9G271800v2	24.025906
SEVIR_9G271900v2	2.195747
SEVIR_9G272000v2	0.478555
SEVIR_9G272100v2	23.882489
SEVIR_9G272200v2	15.889179
SEVIR_9G272250v2	0
SEVIR_9G272300v2	1.009229
SEVIR_9G272400v2	0.229543
SEVIR_9G272500v2	0.064442
SEVIR_9G272600v2	20.243862
SEVIR_9G272700v2	0
SEVIR_9G272733v2	0
SEVIR_9G272766v2	0
SEVIR_9G272800v2	14.841687
SEVIR_9G272900v2	0.025059
SEVIR_9G273001v2	0
SEVIR_9G273100v2	0.276869
SEVIR_9G273200v2	6.060317
SEVIR_9G273300v2	0.091705
SEVIR_9G273400v2	0
SEVIR_9G273500v2	13.218473
SEVIR_9G273600v2	0.487195
SEVIR_9G273700v2	41.914038
SEVIR_9G273800v2	5.619294
SEVIR_9G273933v2	1.104636
SEVIR_9G273900v2	0
SEVIR_9G273966v2	0.620037
SEVIR_9G274000v2	8.35054
SEVIR_9G274100v2	1.87758
SEVIR_9G274200v2	0.625173
SEVIR_9G274300v2	0
SEVIR_9G274400v2	0
SEVIR_9G274500v2	6.469816
SEVIR_9G274700v2	0
SEVIR_9G274800v2	0
SEVIR_9G274900v2	0
SEVIR_9G275100v2	0
SEVIR_9G275300v2	0.762641
SEVIR_9G275400v2	1.36963
SEVIR_9G275500v2	0
SEVIR_9G275600v2	0
SEVIR_9G275900v2	3.36599
SEVIR_9G276000v2	0.442638
SEVIR_9G276100v2	1.700767
SEVIR_9G276201v2	1.95025
SEVIR_9G276300v2	56.19929
SEVIR_9G276350v2	2.068388
SEVIR_9G276400v2	26.833513
SEVIR_9G276500v2	0
SEVIR_9G276600v2	0.533898
SEVIR_9G276800v2	0
SEVIR_9G276900v2	0.567829
SEVIR_9G277100v2	0.241068
SEVIR_9G277200v2	3.498452
SEVIR_9G277300v2	0.424093
SEVIR_9G277400v2	1.502171
SEVIR_9G277500v2	2.284779
SEVIR_9G277533v2	0.244346
SEVIR_9G277566v2	0.294523
SEVIR_9G277600v2	44.399472
SEVIR_9G277633v2	0
SEVIR_9G277666v2	1.863818
SEVIR_9G277700v2	13.899761
SEVIR_9G277750v2	0.692084
SEVIR_9G277800v2	3.615939
SEVIR_9G277850v2	0.322798
SEVIR_9G277900v2	6.518834
SEVIR_9G278100v2	22.655996
SEVIR_9G278166v2	63.19608
SEVIR_9G278232v2	4.824222
SEVIR_9G278300v2	0
SEVIR_9G278350v2	2.428726
SEVIR_9G278400v2	0
SEVIR_9G278466v2	15.833492
SEVIR_9G278532v2	1.568586
SEVIR_9G278600v2	0
SEVIR_9G278700v2	0
SEVIR_9G278800v2	0
SEVIR_9G278900v2	0
SEVIR_9G279000v2	15.0322
SEVIR_9G279100v2	0
SEVIR_9G279200v2	0
SEVIR_9G279300v2	0
SEVIR_9G279400v2	89.492344
SEVIR_9G279500v2	0.428065
SEVIR_9G279700v2	0.038925
SEVIR_9G279800v2	0.079436
SEVIR_9G279900v2	0
SEVIR_9G280000v2	0
SEVIR_9G280100v2	11.999542
SEVIR_9G280200v2	4.062132
SEVIR_9G280300v2	3.720994
SEVIR_9G280400v2	0
SEVIR_9G280500v2	0
SEVIR_9G280600v2	0
SEVIR_9G280700v2	19.499404
SEVIR_9G280800v2	82.513294
SEVIR_9G280900v2	0
SEVIR_9G281000v2	78.558814
SEVIR_9G281300v2	4.320418
SEVIR_9G281200v2	16.489119
SEVIR_9G281400v2	16.081117
SEVIR_9G281500v2	12.577327
SEVIR_9G281600v2	0.112212
SEVIR_9G281700v2	50.110505
SEVIR_9G281800v2	0
SEVIR_9G281900v2	1.151505
SEVIR_9G282000v2	0.158868
SEVIR_9G282050v2	4.43644
SEVIR_9G282101v2	10.953987
SEVIR_9G282151v2	5.402549
SEVIR_9G282200v2	0
SEVIR_9G282301v2	0.187732
SEVIR_9G282400v2	0
SEVIR_9G282425v2	5.069348
SEVIR_9G282450v2	44.911348
SEVIR_9G282475v2	5.750843
SEVIR_9G282500v2	0
SEVIR_9G282533v2	0
SEVIR_9G282566v2	2.200176
SEVIR_9G282600v2	9.744297
SEVIR_9G282700v2	4.372598
SEVIR_9G282750v2	1.026936
SEVIR_9G282800v2	1.60313
SEVIR_9G283000v2	0
SEVIR_9G283100v2	0.363588
SEVIR_9G283200v2	55.448783
SEVIR_9G283300v2	0
SEVIR_9G283400v2	0
SEVIR_9G283500v2	140.020533
SEVIR_9G283600v2	0
SEVIR_9G283633v2	0.196058
SEVIR_9G283666v2	0.081496
SEVIR_9G283700v2	4.248467
SEVIR_9G283800v2	0.086297
SEVIR_9G283900v2	0
SEVIR_9G284000v2	131.692984
SEVIR_9G284100v2	43.600332
SEVIR_9G284200v2	0
SEVIR_9G284300v2	8.101995
SEVIR_9G284333v2	0
SEVIR_9G284366v2	0
SEVIR_9G284400v2	0.020039
SEVIR_9G284500v2	13.733065
SEVIR_9G284601v2	1.129025
SEVIR_9G284700v2	3.556776
SEVIR_9G284800v2	1.096231
SEVIR_9G284850v2	0
SEVIR_9G284900v2	0.871224
SEVIR_9G285100v2	5.880853
SEVIR_9G285200v2	0
SEVIR_9G285300v2	24.971242
SEVIR_9G285400v2	0
SEVIR_9G285500v2	0
SEVIR_9G285600v2	0
SEVIR_9G285700v2	6.769325
SEVIR_9G285800v2	6.511249
SEVIR_9G285900v2	0
SEVIR_9G286000v2	9.796713
SEVIR_9G286200v2	0
SEVIR_9G286300v2	166.169522
SEVIR_9G286400v2	0
SEVIR_9G286500v2	0
SEVIR_9G286600v2	0.117513
SEVIR_9G286701v2	15.518149
SEVIR_9G286800v2	2.910581
SEVIR_9G286900v2	0
SEVIR_9G287100v2	29.371863
SEVIR_9G287200v2	1.032105
SEVIR_9G287300v2	0
SEVIR_9G287500v2	109.626669
SEVIR_9G287600v2	1.548735
SEVIR_9G287700v2	0.596003
SEVIR_9G287800v2	10.95143
SEVIR_9G287900v2	0
SEVIR_9G287950v2	0
SEVIR_9G288000v2	0.123813
SEVIR_9G288100v2	36.871839
SEVIR_9G288125v2	0.666047
SEVIR_9G288150v2	0.973688
SEVIR_9G288175v2	0.39607
SEVIR_9G288200v2	7.850957
SEVIR_9G288300v2	0
SEVIR_9G288400v2	12.548348
SEVIR_9G288500v2	0
SEVIR_9G288600v2	0
SEVIR_9G288700v2	33.517826
SEVIR_9G288800v2	0
SEVIR_9G288900v2	0
SEVIR_9G289000v2	21.321545
SEVIR_9G289050v2	0.234799
SEVIR_9G289100v2	50.097766
SEVIR_9G289200v2	35.811595
SEVIR_9G289300v2	17.933532
SEVIR_9G289400v2	0.007335
SEVIR_9G289600v2	1.45979
SEVIR_9G289650v2	0
SEVIR_9G289701v2	32.550563
SEVIR_9G289751v2	24.289276
SEVIR_9G289800v2	10.199967
SEVIR_9G289900v2	11.086738
SEVIR_9G290000v2	45.711787
SEVIR_9G290100v2	32.48996
SEVIR_9G290200v2	1.299825
SEVIR_9G290301v2	2.766998
SEVIR_9G290400v2	0
SEVIR_9G290450v2	0
SEVIR_9G290500v2	1.868641
SEVIR_9G290600v2	0
SEVIR_9G290700v2	0
SEVIR_9G290800v2	3.716342
SEVIR_9G290900v2	57.211674
SEVIR_9G291000v2	0
SEVIR_9G291100v2	1.066538
SEVIR_9G291200v2	1.11726
SEVIR_9G291300v2	6.740444
SEVIR_9G291400v2	0
SEVIR_9G291500v2	0
SEVIR_9G291600v2	0
SEVIR_9G291700v2	0.133849
SEVIR_9G291800v2	9.587078
SEVIR_9G291900v2	0
SEVIR_9G292000v2	0
SEVIR_9G292200v2	0
SEVIR_9G292300v2	0
SEVIR_9G292400v2	3.949748
SEVIR_9G292500v2	0
SEVIR_9G292600v2	42.340604
SEVIR_9G292700v2	6.511905
SEVIR_9G292800v2	8.374822
SEVIR_9G292900v2	62.509608
SEVIR_9G293000v2	0
SEVIR_9G293100v2	0
SEVIR_9G293200v2	4.107325
SEVIR_9G293300v2	5.96152
SEVIR_9G293400v2	0.547288
SEVIR_9G293450v2	1.428733
SEVIR_9G293500v2	0
SEVIR_9G293600v2	1.708747
SEVIR_9G293650v2	0
SEVIR_9G293700v2	0
SEVIR_9G293750v2	0
SEVIR_9G293800v2	0.665324
SEVIR_9G293900v2	2.390789
SEVIR_9G294000v2	0.018704
SEVIR_9G294100v2	0
SEVIR_9G294200v2	0
SEVIR_9G294300v2	8.833014
SEVIR_9G294350v2	0
SEVIR_9G294400v2	23.489083
SEVIR_9G294500v2	2.931735
SEVIR_9G294600v2	0.048029
SEVIR_9G294700v2	1.331141
SEVIR_9G294801v2	0.922618
SEVIR_9G294901v2	1.300647
SEVIR_9G295000v2	11.295999
SEVIR_9G295100v2	0.144596
SEVIR_9G295200v2	7.719083
SEVIR_9G295301v2	0
SEVIR_9G295400v2	0
SEVIR_9G295500v2	0
SEVIR_9G295600v2	0
SEVIR_9G295700v2	21.321503
SEVIR_9G295800v2	0.312727
SEVIR_9G295900v2	81.025377
SEVIR_9G296100v2	0
SEVIR_9G296200v2	0
SEVIR_9G296300v2	0
SEVIR_9G296400v2	0
SEVIR_9G296500v2	0.118808
SEVIR_9G296600v2	0.027995
SEVIR_9G296700v2	0
SEVIR_9G296800v2	15.492984
SEVIR_9G296850v2	20.572488
SEVIR_9G296900v2	63.295101
SEVIR_9G297000v2	0.987914
SEVIR_9G297100v2	0
SEVIR_9G297200v2	0
SEVIR_9G297300v2	0
SEVIR_9G297400v2	0
SEVIR_9G297500v2	0
SEVIR_9G297601v2	4.930286
SEVIR_9G297700v2	0.054329
SEVIR_9G297800v2	18.196319
SEVIR_9G297900v2	0.2853
SEVIR_9G298000v2	0
SEVIR_9G298100v2	0
SEVIR_9G298200v2	1.958768
SEVIR_9G298300v2	6.138683
SEVIR_9G298400v2	5.650904
SEVIR_9G298500v2	1.784055
SEVIR_9G298700v2	2.530568
SEVIR_9G298800v2	0
SEVIR_9G298900v2	0
SEVIR_9G299001v2	0
SEVIR_9G299100v2	0
SEVIR_9G299200v2	0
SEVIR_9G299300v2	0
SEVIR_9G299333v2	0
SEVIR_9G299366v2	2.386764
SEVIR_9G299400v2	1.510249
SEVIR_9G299500v2	2.552242
SEVIR_9G299600v2	4.613721
SEVIR_9G299700v2	0.97143
SEVIR_9G299800v2	1.63565
SEVIR_9G299900v2	0
SEVIR_9G300000v2	0
SEVIR_9G300100v2	0
SEVIR_9G300300v2	0
SEVIR_9G300400v2	0.011482
SEVIR_9G300500v2	26.621847
SEVIR_9G300600v2	0.807193
SEVIR_9G300633v2	0
SEVIR_9G300666v2	0
SEVIR_9G300700v2	0
SEVIR_9G300800v2	0
SEVIR_9G300900v2	0.254296
SEVIR_9G301100v2	79.039292
SEVIR_9G301200v2	0
SEVIR_9G301301v2	0
SEVIR_9G301400v2	0
SEVIR_9G301500v2	0.095705
SEVIR_9G301601v2	0.09391
SEVIR_9G301700v2	0.324853
SEVIR_9G301800v2	4.296973
SEVIR_9G301900v2	0.406279
SEVIR_9G302100v2	0.349053
SEVIR_9G302200v2	0
SEVIR_9G302300v2	0
SEVIR_9G302450v2	0
SEVIR_9G302600v2	1.266286
SEVIR_9G302700v2	0
SEVIR_9G302800v2	7.42182
SEVIR_9G302900v2	1.212323
SEVIR_9G303000v2	0.769113
SEVIR_9G303033v2	0.313099
SEVIR_9G303066v2	0.152417
SEVIR_9G303100v2	1.573383
SEVIR_9G303200v2	0
SEVIR_9G303300v2	16.534699
SEVIR_9G303400v2	0.048368
SEVIR_9G303501v2	0.613765
SEVIR_9G303600v2	10.54314
SEVIR_9G303633v2	0.55897
SEVIR_9G303666v2	0.152194
SEVIR_9G303700v2	0.517607
SEVIR_9G303800v2	0
SEVIR_9G303900v2	0.079697
SEVIR_9G304000v2	0.855643
SEVIR_9G304100v2	1.632778
SEVIR_9G304200v2	2.374557
SEVIR_9G304300v2	47.214639
SEVIR_9G304400v2	0
SEVIR_9G304500v2	0.068587
SEVIR_9G304601v2	0
SEVIR_9G304700v2	0
SEVIR_9G304800v2	0
SEVIR_9G304900v2	3.821027
SEVIR_9G305000v2	65.82998
SEVIR_9G305200v2	0
SEVIR_9G305300v2	0.417265
SEVIR_9G305350v2	0
SEVIR_9G305401v2	1.679588
SEVIR_9G305451v2	1.106482
SEVIR_9G305500v2	0
SEVIR_9G305533v2	5.134682
SEVIR_9G305566v2	2.145809
SEVIR_9G305600v2	0
SEVIR_9G305700v2	0.481032
SEVIR_9G305800v2	0.050869
SEVIR_9G305900v2	0.389109
SEVIR_9G306000v2	0.934529
SEVIR_9G306100v2	44.383247
SEVIR_9G306200v2	41.078509
SEVIR_9G306300v2	0.070849
SEVIR_9G306401v2	0
SEVIR_9G306500v2	8.210673
SEVIR_9G306600v2	0.057566
SEVIR_9G306700v2	26.37328
SEVIR_9G306800v2	42.39579
SEVIR_9G306900v2	0.636783
SEVIR_9G307000v2	3.741053
SEVIR_9G307100v2	0
SEVIR_9G307200v2	0
SEVIR_9G307300v2	0
SEVIR_9G307400v2	0
SEVIR_9G307500v2	0
SEVIR_9G307600v2	39.995623
SEVIR_9G307700v2	0.038548
SEVIR_9G307800v2	5.778071
SEVIR_9G307900v2	0
SEVIR_9G308000v2	1.77763
SEVIR_9G308100v2	10.563166
SEVIR_9G308150v2	23.446086
SEVIR_9G308200v2	0.992348
SEVIR_9G308300v2	0.811146
SEVIR_9G308400v2	2.692691
SEVIR_9G308500v2	30.176128
SEVIR_9G308600v2	2.036747
SEVIR_9G308700v2	0
SEVIR_9G308800v2	0
SEVIR_9G308900v2	4.066244
SEVIR_9G309000v2	16.059972
SEVIR_9G309100v2	4.426933
SEVIR_9G309200v2	9.773364
SEVIR_9G309300v2	0.767264
SEVIR_9G309400v2	53.550423
SEVIR_9G309500v2	14.602795
SEVIR_9G309600v2	0.214867
SEVIR_9G309650v2	0
SEVIR_9G309700v2	0
SEVIR_9G309800v2	28.468268
SEVIR_9G309900v2	26.84374
SEVIR_9G310000v2	0.145407
SEVIR_9G310100v2	10.807561
SEVIR_9G310200v2	30.526189
SEVIR_9G310300v2	0
SEVIR_9G310350v2	0
SEVIR_9G310400v2	29.057503
SEVIR_9G310500v2	20.20116
SEVIR_9G310600v2	14.048591
SEVIR_9G310700v2	31.115974
SEVIR_9G310800v2	8.755148
SEVIR_9G310900v2	5.31146
SEVIR_9G311000v2	74.930529
SEVIR_9G311100v2	4.770855
SEVIR_9G311200v2	21.451331
SEVIR_9G311250v2	0
SEVIR_9G311300v2	84.856138
SEVIR_9G311400v2	0.040777
SEVIR_9G311500v2	304.463743
SEVIR_9G311600v2	34.817841
SEVIR_9G311700v2	24.166301
SEVIR_9G311800v2	5.48792
SEVIR_9G311900v2	81.327996
SEVIR_9G311950v2	0
SEVIR_9G312000v2	0.118149
SEVIR_9G312100v2	5.170312
SEVIR_9G312200v2	161.127414
SEVIR_9G312300v2	0.021057
SEVIR_9G312366v2	0.414516
SEVIR_9G312432v2	1.416167
SEVIR_9G312500v2	5.550381
SEVIR_9G312700v2	35.777533
SEVIR_9G312800v2	10.768051
SEVIR_9G312900v2	108.886753
SEVIR_9G313000v2	1.246665
SEVIR_9G313100v2	0
SEVIR_9G313200v2	13.230766
SEVIR_9G313300v2	0.058813
SEVIR_9G313400v2	16.244836
SEVIR_9G313500v2	0.888161
SEVIR_9G313600v2	40.117943
SEVIR_9G313625v2	30.247012
SEVIR_9G313650v2	5.974902
SEVIR_9G313675v2	0.955771
SEVIR_9G313700v2	2.100756
SEVIR_9G313800v2	0
SEVIR_9G313900v2	29.819492
SEVIR_9G314000v2	28.297457
SEVIR_9G314100v2	7.556161
SEVIR_9G314200v2	33.175663
SEVIR_9G314300v2	0.264706
SEVIR_9G314400v2	7.833391
SEVIR_9G314500v2	7.949628
SEVIR_9G314700v2	111.614424
SEVIR_9G314800v2	0
SEVIR_9G314900v2	110.692924
SEVIR_9G314950v2	21.907975
SEVIR_9G315000v2	6.455576
SEVIR_9G315101v2	6.168902
SEVIR_9G315200v2	1.348743
SEVIR_9G315300v2	3.477133
SEVIR_9G315400v2	0
SEVIR_9G315500v2	0
SEVIR_9G315600v2	15.448054
SEVIR_9G315700v2	0.062657
SEVIR_9G315800v2	2.479699
SEVIR_9G315900v2	0.082523
SEVIR_9G316000v2	2.188426
SEVIR_9G316100v2	0.040523
SEVIR_9G316200v2	0
SEVIR_9G316300v2	20.235227
SEVIR_9G316400v2	24.104343
SEVIR_9G316450v2	0
SEVIR_9G316500v2	4.056802
SEVIR_9G316533v2	0.495343
SEVIR_9G316566v2	0.973688
SEVIR_9G316600v2	0.049637
SEVIR_9G316700v2	24.057156
SEVIR_9G316800v2	0.227398
SEVIR_9G316900v2	0.054688
SEVIR_9G316966v2	0
SEVIR_9G317032v2	0.051775
SEVIR_9G317100v2	26.421511
SEVIR_9G317201v2	0
SEVIR_9G317300v2	0
SEVIR_9G317400v2	1.080909
SEVIR_9G317500v2	7.064952
SEVIR_9G317600v2	60.981432
SEVIR_9G317700v2	0.447384
SEVIR_9G317800v2	65.436308
SEVIR_9G317900v2	15.729163
SEVIR_9G318000v2	32.648284
SEVIR_9G318100v2	1.475334
SEVIR_9G318200v2	1.916573
SEVIR_9G318300v2	87.271351
SEVIR_9G318400v2	9.846143
SEVIR_9G318600v2	29.898971
SEVIR_9G318700v2	0
SEVIR_9G318800v2	22.123425
SEVIR_9G318900v2	62.518053
SEVIR_9G319000v2	93.728614
SEVIR_9G319100v2	8.05817
SEVIR_9G319200v2	24.343851
SEVIR_9G319300v2	0
SEVIR_9G319400v2	28.005156
SEVIR_9G319500v2	3.230723
SEVIR_9G319600v2	5.081794
SEVIR_9G319700v2	10.542816
SEVIR_9G319733v2	0.999475
SEVIR_9G319766v2	19.942721
SEVIR_9G319800v2	0.05875
SEVIR_9G319900v2	16.439823
SEVIR_9G320000v2	69.137028
SEVIR_9G320100v2	37.986339
SEVIR_9G320200v2	10.429242
SEVIR_9G320300v2	0
SEVIR_9G320350v2	0.113436
SEVIR_9G320400v2	2.080968
SEVIR_9G320500v2	68.624634
SEVIR_9G320600v2	954.520774
SEVIR_9G320701v2	42.0677
SEVIR_9G320800v2	16.177049
SEVIR_9G321000v2	0
SEVIR_9G321100v2	137.132524
SEVIR_9G321200v2	28.173776
SEVIR_9G321300v2	82.099107
SEVIR_9G321400v2	0.19049
SEVIR_9G321500v2	7.754602
SEVIR_9G321600v2	0.021563
SEVIR_9G321700v2	18.722428
SEVIR_9G321733v2	3.320118
SEVIR_9G321766v2	2.157522
SEVIR_9G321800v2	9.224686
SEVIR_9G321900v2	14.532757
SEVIR_9G322000v2	1.41812
SEVIR_9G322100v2	20.139889
SEVIR_9G322200v2	7.208926
SEVIR_9G322300v2	10.784911
SEVIR_9G322400v2	0
SEVIR_9G322500v2	4.563679
SEVIR_9G322550v2	3.129711
SEVIR_9G322600v2	63.424191
SEVIR_9G322633v2	0.54535
SEVIR_9G322666v2	0.345727
SEVIR_9G322700v2	0.730266
SEVIR_9G322800v2	7.524714
SEVIR_9G322900v2	21.54676
SEVIR_9G323000v2	0.851053
SEVIR_9G323100v2	14.207794
SEVIR_9G323150v2	0.453614
SEVIR_9G323200v2	35.446931
SEVIR_9G323300v2	0.127923
SEVIR_9G323400v2	38.588873
SEVIR_9G323501v2	4.472627
SEVIR_9G323600v2	16.699819
SEVIR_9G323700v2	31.394434
SEVIR_9G323800v2	75.883809
SEVIR_9G323900v2	44.882398
SEVIR_9G324001v2	1.798584
SEVIR_9G324100v2	0.726004
SEVIR_9G324166v2	30.851942
SEVIR_9G324232v2	3.243425
SEVIR_9G324300v2	21.220661
SEVIR_9G324400v2	31.225341
SEVIR_9G324500v2	3.140899
SEVIR_9G324600v2	0
SEVIR_9G324700v2	6.315586
SEVIR_9G324800v2	1055.878031
SEVIR_9G324900v2	18.81284
SEVIR_9G325000v2	15.336901
SEVIR_9G325100v2	6.245269
SEVIR_9G325200v2	65.498205
SEVIR_9G325233v2	0
SEVIR_9G325266v2	0
SEVIR_9G325300v2	0.040566
SEVIR_9G325400v2	0.187335
SEVIR_9G325500v2	0.16934
SEVIR_9G325600v2	1.161692
SEVIR_9G325700v2	4.05633
SEVIR_9G325800v2	0
SEVIR_9G325900v2	13.484181
SEVIR_9G326000v2	0.991313
SEVIR_9G326100v2	0.029418
SEVIR_9G326200v2	0
SEVIR_9G326300v2	2.220012
SEVIR_9G326400v2	0.599815
SEVIR_9G326500v2	13.585666
SEVIR_9G326600v2	43.993557
SEVIR_9G326700v2	9.231107
SEVIR_9G326800v2	61.109459
SEVIR_9G326850v2	0
SEVIR_9G326900v2	5.211317
SEVIR_9G327000v2	1.03798
SEVIR_9G327100v2	14.585626
SEVIR_9G327200v2	2.070887
SEVIR_9G327300v2	0
SEVIR_9G327400v2	0
SEVIR_9G327500v2	76.852929
SEVIR_9G327600v2	0.054971
SEVIR_9G327700v2	11.272066
SEVIR_9G327800v2	0.046356
SEVIR_9G327900v2	1.45089
SEVIR_9G328000v2	5.584757
SEVIR_9G328050v2	0.087145
SEVIR_9G328100v2	0.32907
SEVIR_9G328200v2	0.012711
SEVIR_9G328300v2	3.931358
SEVIR_9G328400v2	18.431593
SEVIR_9G328450v2	0
SEVIR_9G328500v2	0
SEVIR_9G328600v2	0
SEVIR_9G328700v2	0.347832
SEVIR_9G328750v2	0.22945
SEVIR_9G328800v2	0
SEVIR_9G328900v2	16.905347
SEVIR_9G329000v2	7.055035
SEVIR_9G329300v2	0
SEVIR_9G329400v2	75.606542
SEVIR_9G329600v2	0.430302
SEVIR_9G329700v2	0
SEVIR_9G329800v2	0
SEVIR_9G329850v2	0
SEVIR_9G329900v2	0.18009
SEVIR_9G330000v2	11.31148
SEVIR_9G330100v2	21.377877
SEVIR_9G330200v2	2.944795
SEVIR_9G330300v2	26.178973
SEVIR_9G330400v2	13.734326
SEVIR_9G330500v2	3.989723
SEVIR_9G330600v2	7.920154
SEVIR_9G330700v2	0.404107
SEVIR_9G330800v2	4.640606
SEVIR_9G330900v2	2.884332
SEVIR_9G330850v2	0
SEVIR_9G331000v2	10.517762
SEVIR_9G331200v2	15.611982
SEVIR_9G331300v2	2.662983
SEVIR_9G331350v2	0
SEVIR_9G331400v2	0
SEVIR_9G331500v2	22.040252
SEVIR_9G331650v2	0.606915
SEVIR_9G331800v2	0.083562
SEVIR_9G331900v2	7.768366
SEVIR_9G332000v2	71.019148
SEVIR_9G332100v2	0
SEVIR_9G332200v2	41.98279
SEVIR_9G332300v2	0
SEVIR_9G332400v2	19.1832
SEVIR_9G332500v2	0.762236
SEVIR_9G332600v2	9.204563
SEVIR_9G332700v2	103.45952
SEVIR_9G332800v2	15.38167
SEVIR_9G332900v2	25.31376
SEVIR_9G333000v2	11.080969
SEVIR_9G333100v2	61.861189
SEVIR_9G333150v2	0
SEVIR_9G333200v2	11.331711
SEVIR_9G333300v2	3.483305
SEVIR_9G333400v2	1.970632
SEVIR_9G333500v2	10.317304
SEVIR_9G333600v2	6.333744
SEVIR_9G333700v2	107.656906
SEVIR_9G333800v2	23.115595
SEVIR_9G333850v2	0.061349
SEVIR_9G333900v2	58.514092
SEVIR_9G334000v2	0
SEVIR_9G334100v2	0.584245
SEVIR_9G334150v2	3.375276
SEVIR_9G334200v2	17.78083
SEVIR_9G334300v2	2.106344
SEVIR_9G334400v2	7.775402
SEVIR_9G334450v2	0.52661
SEVIR_9G334500v2	56.786179
SEVIR_9G334533v2	11.949804
SEVIR_9G334566v2	0.085042
SEVIR_9G334600v2	19.113205
SEVIR_9G334700v2	4.387963
SEVIR_9G334800v2	38.085264
SEVIR_9G334900v2	0.409344
SEVIR_9G335000v2	34.177757
SEVIR_9G335100v2	0
SEVIR_9G335200v2	266.14435
SEVIR_9G335300v2	66.945428
SEVIR_9G335340v2	228.992638
SEVIR_9G335380v2	0.992153
SEVIR_9G335420v2	0
SEVIR_9G335460v2	1.51853
SEVIR_9G335500v2	0
SEVIR_9G335600v2	0.042108
SEVIR_9G335700v2	409.827803
SEVIR_9G335800v2	46.404625
SEVIR_9G335900v2	0.565331
SEVIR_9G336000v2	0.123473
SEVIR_9G336100v2	0
SEVIR_9G336200v2	32.349001
SEVIR_9G336300v2	1.440082
SEVIR_9G336400v2	0.80879
SEVIR_9G336500v2	2.840924
SEVIR_9G336600v2	0.079045
SEVIR_9G336700v2	5.224334
SEVIR_9G336800v2	29.973328
SEVIR_9G336900v2	37.256723
SEVIR_9G337000v2	2.142414
SEVIR_9G337100v2	18.02979
SEVIR_9G337150v2	0.149596
SEVIR_9G337200v2	9.356999
SEVIR_9G337300v2	0
SEVIR_9G337400v2	0.08146
SEVIR_9G337500v2	0.129599
SEVIR_9G337600v2	0
SEVIR_9G337666v2	0
SEVIR_9G337732v2	17.558068
SEVIR_9G337800v2	0
SEVIR_9G337900v2	0.707759
SEVIR_9G338000v2	6.380899
SEVIR_9G338100v2	7.291863
SEVIR_9G338200v2	12.181286
SEVIR_9G338300v2	3.60855
SEVIR_9G338400v2	0
SEVIR_9G338500v2	0.023402
SEVIR_9G338600v2	0
SEVIR_9G338700v2	0.089409
SEVIR_9G338800v2	0
SEVIR_9G338900v2	3.069209
SEVIR_9G339000v2	1.329605
SEVIR_9G339100v2	95.747548
SEVIR_9G339200v2	4.170789
SEVIR_9G339400v2	0
SEVIR_9G339500v2	0.121711
SEVIR_9G339600v2	0.422028
SEVIR_9G339700v2	1.59418
SEVIR_9G339800v2	2.599059
SEVIR_9G339850v2	1.163255
SEVIR_9G339900v2	3.791887
SEVIR_9G340000v2	24.425687
SEVIR_9G340100v2	4.74641
SEVIR_9G340200v2	0
SEVIR_9G340300v2	10.397632
SEVIR_9G340350v2	0.129849
SEVIR_9G340400v2	0.2073
SEVIR_9G340500v2	11.347431
SEVIR_9G340600v2	26.323566
SEVIR_9G340700v2	4.677411
SEVIR_9G340800v2	0.158254
SEVIR_9G340850v2	0.295056
SEVIR_9G340900v2	0.021706
SEVIR_9G341000v2	14.075869
SEVIR_9G341100v2	55.323749
SEVIR_9G341200v2	4.381595
SEVIR_9G341300v2	24.098482
SEVIR_9G341400v2	20.65917
SEVIR_9G341500v2	0
SEVIR_9G341600v2	0
SEVIR_9G341700v2	0
SEVIR_9G341800v2	5.553643
SEVIR_9G341900v2	0
SEVIR_9G341950v2	0.809327
SEVIR_9G342000v2	10.447147
SEVIR_9G342100v2	21.985474
SEVIR_9G342201v2	0.358946
SEVIR_9G342300v2	1.432701
SEVIR_9G342450v2	0.286126
SEVIR_9G342600v2	14.886832
SEVIR_9G342700v2	0
SEVIR_9G342800v2	0
SEVIR_9G342900v2	0.620874
SEVIR_9G343000v2	0.125648
SEVIR_9G343100v2	0
SEVIR_9G343200v2	11.825589
SEVIR_9G343300v2	18.480187
SEVIR_9G343400v2	0
SEVIR_9G343500v2	2.530488
SEVIR_9G343600v2	2.017077
SEVIR_9G343700v2	12.368919
SEVIR_9G343750v2	0.461339
SEVIR_9G343800v2	130.372522
SEVIR_9G343900v2	0.208031
SEVIR_9G344000v2	0
SEVIR_9G344100v2	0
SEVIR_9G344201v2	0
SEVIR_9G344300v2	1.193447
SEVIR_9G344400v2	22.367253
SEVIR_9G344500v2	2.135874
SEVIR_9G344600v2	0.018073
SEVIR_9G344700v2	0
SEVIR_9G344800v2	0
SEVIR_9G344900v2	0
SEVIR_9G345000v2	0
SEVIR_9G345050v2	2.542681
SEVIR_9G345100v2	10.086522
SEVIR_9G345166v2	3.26954
SEVIR_9G345232v2	1.360152
SEVIR_9G345300v2	13.368229
SEVIR_9G345400v2	48.122422
SEVIR_9G345500v2	0
SEVIR_9G345600v2	0.460843
SEVIR_9G345700v2	20.220278
SEVIR_9G345801v2	490.348897
SEVIR_9G345900v2	3.513493
SEVIR_9G346000v2	3.303471
SEVIR_9G346100v2	69.101714
SEVIR_9G346200v2	1.650828
SEVIR_9G346300v2	0
SEVIR_9G346400v2	44.551919
SEVIR_9G346500v2	0.179946
SEVIR_9G346600v2	0
SEVIR_9G346700v2	52.874212
SEVIR_9G346750v2	13.817363
SEVIR_9G346801v2	3.509413
SEVIR_9G346851v2	0.209871
SEVIR_9G346900v2	0.031595
SEVIR_9G347000v2	0
SEVIR_9G347100v2	0.370593
SEVIR_9G347200v2	18.229103
SEVIR_9G347300v2	0.114935
SEVIR_9G347350v2	0.643793
SEVIR_9G347400v2	20.824928
SEVIR_9G347500v2	169.212873
SEVIR_9G347600v2	17.20596
SEVIR_9G347700v2	15.161084
SEVIR_9G347733v2	16.430981
SEVIR_9G347766v2	5.312534
SEVIR_9G347800v2	2.817252
SEVIR_9G347900v2	3.371019
SEVIR_9G348100v2	5.582798
SEVIR_9G348200v2	0
SEVIR_9G348300v2	51.449868
SEVIR_9G348400v2	2.234247
SEVIR_9G348500v2	10.98821
SEVIR_9G348600v2	43.33275
SEVIR_9G348700v2	0.039126
SEVIR_9G348800v2	32.668064
SEVIR_9G348900v2	11.744975
SEVIR_9G349000v2	13.356286
SEVIR_9G349100v2	1.71815
SEVIR_9G349200v2	1.206941
SEVIR_9G349300v2	33.041781
SEVIR_9G349400v2	4.358273
SEVIR_9G349500v2	29.955542
SEVIR_9G349600v2	5.043865
SEVIR_9G349700v2	5.413051
SEVIR_9G349650v2	0
SEVIR_9G349900v2	0.279142
SEVIR_9G350000v2	1.885929
SEVIR_9G350100v2	0
SEVIR_9G350200v2	140.913138
SEVIR_9G350300v2	8.134672
SEVIR_9G350400v2	50.118484
SEVIR_9G350500v2	1.994352
SEVIR_9G350600v2	1.019499
SEVIR_9G350700v2	16.821622
SEVIR_9G350800v2	3.834158
SEVIR_9G350900v2	37.214678
SEVIR_9G351100v2	135.747982
SEVIR_9G351200v2	727.977975
SEVIR_9G351300v2	184.958168
SEVIR_9G351400v2	68.50306
SEVIR_9G351500v2	17.281061
SEVIR_9G351601v2	296.022544
SEVIR_9G351700v2	777.920092
SEVIR_9G351800v2	289.631145
SEVIR_9G351900v2	224.874244
SEVIR_9G352000v2	1254.806077
SEVIR_9G352100v2	4.672741
SEVIR_9G352200v2	9.268758
SEVIR_9G352300v2	8.787011
SEVIR_9G352401v2	0.42273
SEVIR_9G352500v2	0
SEVIR_9G352600v2	0.510512
SEVIR_9G352700v2	318.123353
SEVIR_9G352800v2	0
SEVIR_9G352900v2	0
SEVIR_9G353000v2	34.967311
SEVIR_9G353100v2	9.853112
SEVIR_9G353200v2	3.700963
SEVIR_9G353300v2	13.837278
SEVIR_9G353400v2	0.062074
SEVIR_9G353500v2	0.013028
SEVIR_9G353600v2	1.178174
SEVIR_9G353700v2	0.626909
SEVIR_9G353800v2	0
SEVIR_9G353900v2	0.048095
SEVIR_9G354000v2	0
SEVIR_9G354100v2	0
SEVIR_9G354201v2	6.964796
SEVIR_9G354300v2	0
SEVIR_9G354400v2	0.65369
SEVIR_9G354500v2	18.620947
SEVIR_9G354600v2	96.395088
SEVIR_9G354700v2	7.516445
SEVIR_9G354800v2	6.209558
SEVIR_9G354900v2	34.657964
SEVIR_9G355000v2	0
SEVIR_9G355100v2	0.890636
SEVIR_9G355200v2	0
SEVIR_9G355300v2	2.004157
SEVIR_9G355400v2	0
SEVIR_9G355500v2	14.25234
SEVIR_9G355600v2	35.602734
SEVIR_9G355700v2	22.963628
SEVIR_9G355800v2	16.310745
SEVIR_9G355900v2	0.72188
SEVIR_9G356000v2	0
SEVIR_9G356200v2	16.543187
SEVIR_9G356301v2	0.370148
SEVIR_9G356400v2	29.055836
SEVIR_9G356500v2	8.97368
SEVIR_9G356600v2	0.195222
SEVIR_9G356700v2	44.170555
SEVIR_9G356800v2	2.04582
SEVIR_9G357000v2	6.513683
SEVIR_9G357100v2	13.23704
SEVIR_9G357200v2	0.911018
SEVIR_9G357300v2	4.254085
SEVIR_9G357400v2	40.6083
SEVIR_9G357500v2	0
SEVIR_9G357600v2	5.805832
SEVIR_9G357700v2	4.103053
SEVIR_9G357800v2	3.722565
SEVIR_9G357850v2	5.476994
SEVIR_9G357900v2	1.536121
SEVIR_9G358000v2	0.065108
SEVIR_9G358100v2	0
SEVIR_9G358200v2	7.778069
SEVIR_9G358300v2	2.059678
SEVIR_9G358400v2	0
SEVIR_9G358500v2	199.861176
SEVIR_9G358600v2	15.079961
SEVIR_9G358700v2	0
SEVIR_9G358800v2	0.31598
SEVIR_9G358900v2	0.714547
SEVIR_9G359000v2	8.852717
SEVIR_9G359050v2	0.605472
SEVIR_9G359100v2	10.902615
SEVIR_9G359200v2	26.808162
SEVIR_9G359250v2	0.69082
SEVIR_9G359300v2	80.125883
SEVIR_9G359400v2	22.478731
SEVIR_9G359500v2	0
SEVIR_9G359600v2	26.591308
SEVIR_9G359700v2	1.209847
SEVIR_9G359800v2	2.176471
SEVIR_9G359900v2	0.214557
SEVIR_9G360000v2	0
SEVIR_9G360100v2	0.167949
SEVIR_9G360200v2	2.980511
SEVIR_9G360300v2	0
SEVIR_9G360400v2	5.923812
SEVIR_9G360501v2	0.133681
SEVIR_9G360600v2	0
SEVIR_9G360700v2	1.886018
SEVIR_9G360800v2	3.183774
SEVIR_9G361000v2	12.440153
SEVIR_9G361200v2	31.147906
SEVIR_9G361300v2	3.783193
SEVIR_9G361400v2	4.892465
SEVIR_9G361500v2	0.308291
SEVIR_9G361600v2	1.042641
SEVIR_9G361700v2	45.720825
SEVIR_9G361800v2	23.937343
SEVIR_9G361900v2	1.126334
SEVIR_9G362000v2	15.455607
SEVIR_9G362100v2	6.723066
SEVIR_9G362201v2	0
SEVIR_9G362300v2	6.199649
SEVIR_9G362400v2	96.635667
SEVIR_9G362500v2	3.362599
SEVIR_9G362600v2	3.235396
SEVIR_9G362700v2	160.88334
SEVIR_9G362800v2	2.092128
SEVIR_9G362900v2	13.03015
SEVIR_9G363000v2	2.197758
SEVIR_9G363100v2	28.39095
SEVIR_9G363200v2	83.524376
SEVIR_9G363300v2	0
SEVIR_9G363400v2	4.248693
SEVIR_9G363500v2	1.329818
SEVIR_9G363600v2	5.808562
SEVIR_9G363700v2	3.438851
SEVIR_9G363800v2	0.855473
SEVIR_9G363900v2	3.302506
SEVIR_9G363933v2	1.452037
SEVIR_9G363966v2	0
SEVIR_9G364000v2	92.081031
SEVIR_9G364100v2	2.121933
SEVIR_9G364200v2	9.304099
SEVIR_9G364301v2	0
SEVIR_9G364400v2	39.841165
SEVIR_9G364500v2	3.467028
SEVIR_9G364601v2	0.425376
SEVIR_9G364701v2	0.191582
SEVIR_9G364800v2	10.656445
SEVIR_9G364850v2	0
SEVIR_9G364900v2	15.197266
SEVIR_9G365000v2	3.737389
SEVIR_9G365100v2	0.833197
SEVIR_9G365200v2	10.551875
SEVIR_9G365300v2	1.253283
SEVIR_9G365400v2	0.025546
SEVIR_9G365500v2	5.150595
SEVIR_9G365600v2	1.419446
SEVIR_9G365650v2	0.422933
SEVIR_9G365700v2	8.715602
SEVIR_9G365800v2	3.216665
SEVIR_9G365900v2	0
SEVIR_9G366000v2	0.070117
SEVIR_9G366100v2	0.458513
SEVIR_9G366200v2	31.936823
SEVIR_9G366250v2	0.554899
SEVIR_9G366300v2	5.305268
SEVIR_9G366400v2	2.146149
SEVIR_9G366500v2	0.274767
SEVIR_9G366600v2	0
SEVIR_9G366700v2	29.535274
SEVIR_9G366800v2	30.097474
SEVIR_9G366900v2	0.119101
SEVIR_9G367000v2	13.158154
SEVIR_9G367100v2	3.815378
SEVIR_9G367200v2	3.420641
SEVIR_9G367300v2	1211.999764
SEVIR_9G367400v2	0
SEVIR_9G367500v2	0.234124
SEVIR_9G367600v2	5.038367
SEVIR_9G367700v2	1.875861
SEVIR_9G367750v2	0
SEVIR_9G367800v2	0
SEVIR_9G367900v2	0.022308
SEVIR_9G367950v2	51.780784
SEVIR_9G368000v2	5.21427
SEVIR_9G368100v2	227.284137
SEVIR_9G368200v2	34.761797
SEVIR_9G368300v2	0.088016
SEVIR_9G368400v2	25.657076
SEVIR_9G368500v2	51.136591
SEVIR_9G368600v2	16.740852
SEVIR_9G368700v2	0.365459
SEVIR_9G368800v2	3.762524
SEVIR_9G368900v2	13.591434
SEVIR_9G368833v2	24.001031
SEVIR_9G368866v2	0
SEVIR_9G369000v2	69.842214
SEVIR_9G369100v2	0.253635
SEVIR_9G369150v2	7.567611
SEVIR_9G369200v2	19.336647
SEVIR_9G369350v2	0.833086
SEVIR_9G369300v2	0.031748
SEVIR_9G369400v2	3.556056
SEVIR_9G369500v2	7.047848
SEVIR_9G369600v2	0
SEVIR_9G369700v2	0
SEVIR_9G369800v2	22.566916
SEVIR_9G369900v2	1.674228
SEVIR_9G370000v2	0
SEVIR_9G370100v2	0
SEVIR_9G370200v2	0
SEVIR_9G370250v2	13.540748
SEVIR_9G370300v2	0.101905
SEVIR_9G370400v2	0.010076
SEVIR_9G370500v2	0.092169
SEVIR_9G370600v2	2.123393
SEVIR_9G370700v2	0.368046
SEVIR_9G370800v2	23.282034
SEVIR_9G370900v2	47.771467
SEVIR_9G371100v2	1.56845
SEVIR_9G371000v2	0
SEVIR_9G371200v2	0.203502
SEVIR_9G371300v2	6.534784
SEVIR_9G371400v2	0
SEVIR_9G371500v2	6.294521
SEVIR_9G371600v2	27.774931
SEVIR_9G371700v2	10.723697
SEVIR_9G371800v2	0.224844
SEVIR_9G371900v2	0
SEVIR_9G372000v2	0.007392
SEVIR_9G372066v2	0
SEVIR_9G372132v2	0
SEVIR_9G372200v2	0.040109
SEVIR_9G372300v2	5.248833
SEVIR_9G372400v2	0
SEVIR_9G372500v2	0
SEVIR_9G372600v2	33.75672
SEVIR_9G372700v2	20.614369
SEVIR_9G372800v2	8.798394
SEVIR_9G372900v2	75.456164
SEVIR_9G373000v2	13.071571
SEVIR_9G373100v2	74.226696
SEVIR_9G373201v2	2.053873
SEVIR_9G373300v2	3.127836
SEVIR_9G373400v2	358.581995
SEVIR_9G373500v2	9.176227
SEVIR_9G373600v2	1.035501
SEVIR_9G373700v2	10.148455
SEVIR_9G373800v2	0.801325
SEVIR_9G373900v2	0.374162
SEVIR_9G374000v2	0.18086
SEVIR_9G374100v2	1.199021
SEVIR_9G374200v2	3.792124
SEVIR_9G374300v2	0
SEVIR_9G374400v2	0
SEVIR_9G374500v2	0
SEVIR_9G374600v2	4.354909
SEVIR_9G374700v2	3.15713
SEVIR_9G374800v2	35.552815
SEVIR_9G374900v2	15.599822
SEVIR_9G375000v2	0.775078
SEVIR_9G375100v2	8.245126
SEVIR_9G375200v2	11.388002
SEVIR_9G375300v2	1.122895
SEVIR_9G375400v2	0.504465
SEVIR_9G375500v2	24.294193
SEVIR_9G375600v2	173.79996
SEVIR_9G375650v2	27.970806
SEVIR_9G375700v2	47.901652
SEVIR_9G375800v2	23.430103
SEVIR_9G375900v2	0
SEVIR_9G376000v2	0.04127
SEVIR_9G376100v2	0.030212
SEVIR_9G376200v2	0.013811
SEVIR_9G376300v2	17.822644
SEVIR_9G376400v2	10.370849
SEVIR_9G376500v2	0
SEVIR_9G376600v2	128.143954
SEVIR_9G376650v2	0.90976
SEVIR_9G376700v2	37.949292
SEVIR_9G376800v2	0.599128
SEVIR_9G376900v2	0
SEVIR_9G377000v2	0
SEVIR_9G377100v2	0
SEVIR_9G377200v2	51.235188
SEVIR_9G377300v2	272.997396
SEVIR_9G377400v2	0
SEVIR_9G377500v2	85.533658
SEVIR_9G377600v2	1.050933
SEVIR_9G377700v2	0
SEVIR_9G377800v2	2.799471
SEVIR_9G377900v2	2.502465
SEVIR_9G378000v2	3.278006
SEVIR_9G378100v2	3.225815
SEVIR_9G378200v2	1.644502
SEVIR_9G378300v2	3.53683
SEVIR_9G378350v2	0.028651
SEVIR_9G378400v2	0.2557
SEVIR_9G378450v2	9.954485
SEVIR_9G378500v2	0.056722
SEVIR_9G378700v2	0.911612
SEVIR_9G378600v2	13.570648
SEVIR_9G378800v2	0.088123
SEVIR_9G378900v2	0
SEVIR_9G379000v2	12.684894
SEVIR_9G379100v2	1.924864
SEVIR_9G379200v2	0
SEVIR_9G379300v2	0.37944
SEVIR_9G379400v2	1.27876
SEVIR_9G379433v2	0.214603
SEVIR_9G379466v2	0
SEVIR_9G379500v2	25.979376
SEVIR_9G379600v2	0.121036
SEVIR_9G379700v2	0
SEVIR_9G379733v2	0.5134
SEVIR_9G379766v2	0.210098
SEVIR_9G379800v2	32.767912
SEVIR_9G379900v2	0
SEVIR_9G380000v2	11.708936
SEVIR_9G380100v2	8.640138
SEVIR_9G380300v2	0
SEVIR_9G380400v2	0
SEVIR_9G380450v2	0
SEVIR_9G380500v2	0
SEVIR_9G380550v2	0.008012
SEVIR_9G380600v2	0.02715
SEVIR_9G380650v2	0
SEVIR_9G380700v2	0.944923
SEVIR_9G380750v2	0.11722
SEVIR_9G380800v2	0.973754
SEVIR_9G380900v2	28.841759
SEVIR_9G381000v2	18.279187
SEVIR_9G381100v2	23.797724
SEVIR_9G381200v2	15.978486
SEVIR_9G381300v2	19.732231
SEVIR_9G381400v2	4.5411
SEVIR_9G381500v2	8.94617
SEVIR_9G381700v2	5.694521
SEVIR_9G381800v2	2.624395
SEVIR_9G381900v2	9.884115
SEVIR_9G382000v2	0
SEVIR_9G382100v2	0
SEVIR_9G382150v2	0
SEVIR_9G382200v2	1.788644
SEVIR_9G382300v2	13.522206
SEVIR_9G382400v2	0.068958
SEVIR_9G382500v2	0.099809
SEVIR_9G382600v2	0
SEVIR_9G382700v2	0
SEVIR_9G382800v2	0
SEVIR_9G382900v2	9.759123
SEVIR_9G383000v2	13.317617
SEVIR_9G383100v2	0
SEVIR_9G383200v2	63.994347
SEVIR_9G383300v2	47.322986
SEVIR_9G383400v2	11.430248
SEVIR_9G383500v2	15.797248
SEVIR_9G383600v2	2.545743
SEVIR_9G383700v2	1.3546
SEVIR_9G383800v2	0.165768
SEVIR_9G383850v2	0.028269
SEVIR_9G383900v2	52.626185
SEVIR_9G383950v2	124.248106
SEVIR_9G384000v2	267.884373
SEVIR_9G384100v2	46.43902
SEVIR_9G384200v2	0.265016
SEVIR_9G384300v2	45.906264
SEVIR_9G384400v2	148.529816
SEVIR_9G384500v2	4.556397
SEVIR_9G384550v2	0
SEVIR_9G384600v2	4.450057
SEVIR_9G384700v2	4.576465
SEVIR_9G384800v2	7.225254
SEVIR_9G384900v2	8.910381
SEVIR_9G385000v2	21.50492
SEVIR_9G385100v2	2.440134
SEVIR_9G385200v2	70.282694
SEVIR_9G385300v2	26.106351
SEVIR_9G385400v2	63.423447
SEVIR_9G385500v2	6.787214
SEVIR_9G385600v2	3.584028
SEVIR_9G385700v2	197.511026
SEVIR_9G385800v2	0
SEVIR_9G385900v2	49.918494
SEVIR_9G386000v2	72.173716
SEVIR_9G386100v2	1.310424
SEVIR_9G386200v2	7.847426
SEVIR_9G386300v2	15.764438
SEVIR_9G386400v2	1.422631
SEVIR_9G386500v2	0.053893
SEVIR_9G386600v2	0.280546
SEVIR_9G386700v2	236.603432
SEVIR_9G386800v2	13.273716
SEVIR_9G386850v2	0.03985
SEVIR_9G386900v2	0.152291
SEVIR_9G387000v2	47.118798
SEVIR_9G387100v2	11.466515
SEVIR_9G387200v2	37.353013
SEVIR_9G387300v2	0.116668
SEVIR_9G387400v2	0.123024
SEVIR_9G387466v2	24.436316
SEVIR_9G387532v2	67.528267
SEVIR_9G387600v2	1.854271
SEVIR_9G387700v2	0.044311
SEVIR_9G387801v2	0.133721
SEVIR_9G387900v2	0.241549
SEVIR_9G388000v2	3.375675
SEVIR_9G388100v2	0.028343
SEVIR_9G388200v2	0
SEVIR_9G388300v2	141.780815
SEVIR_9G388400v2	13.402733
SEVIR_9G388500v2	6.845758
SEVIR_9G388600v2	0.299347
SEVIR_9G388700v2	366.240698
SEVIR_9G388800v2	10.615274
SEVIR_9G388900v2	4.720669
SEVIR_9G389000v2	80.00986
SEVIR_9G389050v2	0
SEVIR_9G389100v2	23.159612
SEVIR_9G389150v2	0.444412
SEVIR_9G389200v2	1.872401
SEVIR_9G389300v2	0.377733
SEVIR_9G389400v2	5.132803
SEVIR_9G389500v2	22.423006
SEVIR_9G389600v2	0
SEVIR_9G389700v2	0
SEVIR_9G389800v2	5.051125
SEVIR_9G389900v2	0.068952
SEVIR_9G390000v2	23.190951
SEVIR_9G390100v2	31.460202
SEVIR_9G390200v2	0
SEVIR_9G390300v2	0.088846
SEVIR_9G390600v2	0.219522
SEVIR_9G390700v2	0
SEVIR_9G390800v2	0
SEVIR_9G390900v2	0
SEVIR_9G391000v2	0
SEVIR_9G391050v2	0.186045
SEVIR_9G391100v2	0
SEVIR_9G391200v2	18.010156
SEVIR_9G391300v2	414.500689
SEVIR_9G391400v2	0.3423
SEVIR_9G391500v2	5.629786
SEVIR_9G391600v2	0.936292
SEVIR_9G391700v2	17.993038
SEVIR_9G391800v2	19.603532
SEVIR_9G391900v2	22.98579
SEVIR_9G392000v2	0
SEVIR_9G392100v2	6.217662
SEVIR_9G392200v2	24.117043
SEVIR_9G392300v2	24.786646
SEVIR_9G392400v2	0.044231
SEVIR_9G392500v2	0
SEVIR_9G392600v2	0
SEVIR_9G392700v2	0.120319
SEVIR_9G392800v2	0.098704
SEVIR_9G392900v2	19.789688
SEVIR_9G393000v2	2.231257
SEVIR_9G393100v2	12.503956
SEVIR_9G393200v2	0.109535
SEVIR_9G393300v2	0
SEVIR_9G393400v2	0
SEVIR_9G393500v2	0
SEVIR_9G393600v2	1.144803
SEVIR_9G393700v2	27.570552
SEVIR_9G393766v2	1.822564
SEVIR_9G393832v2	1.343039
SEVIR_9G393900v2	0
SEVIR_9G394000v2	0
SEVIR_9G394100v2	6.344533
SEVIR_9G394200v2	0
SEVIR_9G394300v2	7.460009
SEVIR_9G394400v2	2.510188
SEVIR_9G394500v2	16.043199
SEVIR_9G394600v2	44.549047
SEVIR_9G394700v2	0.573143
SEVIR_9G394800v2	0.070238
SEVIR_9G394900v2	4.141529
SEVIR_9G395000v2	0
SEVIR_9G395100v2	202.845665
SEVIR_9G395200v2	17.127017
SEVIR_9G395300v2	1.075834
SEVIR_9G395400v2	0.341433
SEVIR_9G395500v2	1.108527
SEVIR_9G395600v2	30.458844
SEVIR_9G395700v2	9.230005
SEVIR_9G395800v2	69.180498
SEVIR_9G395900v2	26.774083
SEVIR_9G396000v2	0.704668
SEVIR_9G396100v2	0.20237
SEVIR_9G396200v2	6.672194
SEVIR_9G396300v2	0.348633
SEVIR_9G396400v2	18.488446
SEVIR_9G396500v2	0.910834
SEVIR_9G396600v2	152.822425
SEVIR_9G396700v2	0.103357
SEVIR_9G396800v2	3.463527
SEVIR_9G396900v2	21.714567
SEVIR_9G396950v2	0
SEVIR_9G397000v2	23.089666
SEVIR_9G397100v2	0.647139
SEVIR_9G397200v2	0.409202
SEVIR_9G397300v2	0
SEVIR_9G397400v2	24.421925
SEVIR_9G397500v2	0
SEVIR_9G397600v2	3.200638
SEVIR_9G397700v2	21.885611
SEVIR_9G397800v2	0
SEVIR_9G397900v2	8.301661
SEVIR_9G398000v2	1.808238
SEVIR_9G398100v2	0.102358
SEVIR_9G398200v2	4.951983
SEVIR_9G398300v2	3.552645
SEVIR_9G398400v2	1.333166
SEVIR_9G398500v2	0
SEVIR_9G398600v2	5.797466
SEVIR_9G398700v2	0.063197
SEVIR_9G398900v2	2.268237
SEVIR_9G399000v2	13.078464
SEVIR_9G399100v2	1.75587
SEVIR_9G399200v2	4.160117
SEVIR_9G399301v2	0
SEVIR_9G399400v2	6.87512
SEVIR_9G399500v2	0
SEVIR_9G399600v2	17.538933
SEVIR_9G399700v2	2.049695
SEVIR_9G399800v2	0.646702
SEVIR_9G399900v2	0.320484
SEVIR_9G400000v2	93.909899
SEVIR_9G400100v2	0
SEVIR_9G400200v2	2.388803
SEVIR_9G400300v2	152.766465
SEVIR_9G400400v2	0.326817
SEVIR_9G400500v2	22.667161
SEVIR_9G400600v2	1.021615
SEVIR_9G400700v2	103.008529
SEVIR_9G400800v2	0.68461
SEVIR_9G400900v2	0.295759
SEVIR_9G401000v2	32.042656
SEVIR_9G401050v2	0.221147
SEVIR_9G401100v2	40.17384
SEVIR_9G401200v2	15.08406
SEVIR_9G401300v2	45.448769
SEVIR_9G401400v2	17.172365
SEVIR_9G401500v2	0.0513
SEVIR_9G401600v2	0.026549
SEVIR_9G401700v2	0
SEVIR_9G401800v2	0.037832
SEVIR_9G401900v2	0
SEVIR_9G402000v2	3.445561
SEVIR_9G402100v2	0.237322
SEVIR_9G402200v2	0.425513
SEVIR_9G402300v2	23.36734
SEVIR_9G402400v2	24.967781
SEVIR_9G402500v2	33.534852
SEVIR_9G402600v2	0.759274
SEVIR_9G402633v2	0
SEVIR_9G402666v2	0.87823
SEVIR_9G402700v2	0.361098
SEVIR_9G402800v2	0.200503
SEVIR_9G402900v2	4.840121
SEVIR_9G403000v2	0.180612
SEVIR_9G403100v2	2.668662
SEVIR_9G403200v2	3.543816
SEVIR_9G403300v2	44.200919
SEVIR_9G403400v2	6.475205
SEVIR_9G403500v2	0.302314
SEVIR_9G403600v2	16.072974
SEVIR_9G403700v2	4.296552
SEVIR_9G403800v2	5.155847
SEVIR_9G403900v2	14.045537
SEVIR_9G404000v2	4.307493
SEVIR_9G404100v2	19.795652
SEVIR_9G404200v2	14.145832
SEVIR_9G404300v2	52.625006
SEVIR_9G404400v2	0.436221
SEVIR_9G404500v2	0.50605
SEVIR_9G404600v2	3.307513
SEVIR_9G404700v2	10.657757
SEVIR_9G404800v2	0
SEVIR_9G404900v2	13.391514
SEVIR_9G405000v2	10.666786
SEVIR_9G405100v2	5.480483
SEVIR_9G405200v2	21.618832
SEVIR_9G405300v2	0.744113
SEVIR_9G405400v2	2.49485
SEVIR_9G405500v2	14.149312
SEVIR_9G405600v2	0.896666
SEVIR_9G405601v2	1.86867
SEVIR_9G405700v2	0
SEVIR_9G405750v2	1.077441
SEVIR_9G405800v2	76.10446
SEVIR_9G405900v2	0
SEVIR_9G406000v2	96.955794
SEVIR_9G406100v2	0
SEVIR_9G406200v2	0
SEVIR_9G406300v2	20.588559
SEVIR_9G406400v2	118.719189
SEVIR_9G406500v2	154.680584
SEVIR_9G406600v2	28.38817
SEVIR_9G406700v2	11.694482
SEVIR_9G406800v2	633.672705
SEVIR_9G406900v2	3.450059
SEVIR_9G407000v2	0.913917
SEVIR_9G407100v2	147.197865
SEVIR_9G407300v2	11.920924
SEVIR_9G407350v2	0.300979
SEVIR_9G407400v2	0.176333
SEVIR_9G407500v2	10.836971
SEVIR_9G407600v2	23.003087
SEVIR_9G407700v2	4.026267
SEVIR_9G407750v2	0.736997
SEVIR_9G407800v2	0.526968
SEVIR_9G407900v2	15.572346
SEVIR_9G408000v2	95.625901
SEVIR_9G408100v2	45.25394
SEVIR_9G408200v2	11.551607
SEVIR_9G408300v2	27.026954
SEVIR_9G408400v2	8.442965
SEVIR_9G408500v2	3.835325
SEVIR_9G408600v2	0.015128
SEVIR_9G408650v2	0.006249
SEVIR_9G408700v2	0
SEVIR_9G408800v2	0
SEVIR_9G408900v2	0
SEVIR_9G409000v2	0
SEVIR_9G409100v2	4.315017
SEVIR_9G409200v2	20.289563
SEVIR_9G409300v2	0
SEVIR_9G409400v2	23.328833
SEVIR_9G409500v2	0
SEVIR_9G409600v2	91.483734
SEVIR_9G409700v2	0.185492
SEVIR_9G409800v2	35.325713
SEVIR_9G409900v2	2.947844
SEVIR_9G410000v2	9.355512
SEVIR_9G410100v2	0
SEVIR_9G410150v2	0.042961
SEVIR_9G410200v2	22.359345
SEVIR_9G410300v2	0
SEVIR_9G410350v2	0
SEVIR_9G410400v2	0
SEVIR_9G410450v2	0
SEVIR_9G410500v2	169.145206
SEVIR_9G410600v2	0.202377
SEVIR_9G410700v2	0
SEVIR_9G410800v2	230.311977
SEVIR_9G410900v2	6.832271
SEVIR_9G411000v2	0.718673
SEVIR_9G411100v2	14.0922
SEVIR_9G411150v2	0
SEVIR_9G411200v2	55.04908
SEVIR_9G411300v2	10.029955
SEVIR_9G411500v2	0.460638
SEVIR_9G411600v2	100.581362
SEVIR_9G411700v2	11.599594
SEVIR_9G411800v2	0.223341
SEVIR_9G411900v2	0
SEVIR_9G412000v2	0.056272
SEVIR_9G412100v2	0.035301
SEVIR_9G412166v2	10.444499
SEVIR_9G412232v2	10.857011
SEVIR_9G412300v2	10.690164
SEVIR_9G412400v2	117.975998
SEVIR_9G412500v2	1.649681
SEVIR_9G412700v2	3.843352
SEVIR_9G412800v2	14.601948
SEVIR_9G412900v2	0.024953
SEVIR_9G413000v2	690.390447
SEVIR_9G413100v2	50.949059
SEVIR_9G413200v2	27.766793
SEVIR_9G413300v2	196.627298
SEVIR_9G413400v2	0
SEVIR_9G413500v2	3.201706
SEVIR_9G413600v2	0
SEVIR_9G413700v2	0
SEVIR_9G413800v2	12.090762
SEVIR_9G413900v2	0.126085
SEVIR_9G414000v2	18.901844
SEVIR_9G414100v2	1.799989
SEVIR_9G414200v2	297.254439
SEVIR_9G414300v2	0
SEVIR_9G414401v2	3.206712
SEVIR_9G414500v2	11.997531
SEVIR_9G414566v2	0.187783
SEVIR_9G414700v2	65.758187
SEVIR_9G414632v2	0
SEVIR_9G414800v2	0
SEVIR_9G414900v2	18.235089
SEVIR_9G415000v2	0.682464
SEVIR_9G415100v2	114.294474
SEVIR_9G415200v2	83.788913
SEVIR_9G415300v2	0.732015
SEVIR_9G415400v2	4.457416
SEVIR_9G415500v2	0.960258
SEVIR_9G415600v2	4.216481
SEVIR_9G415700v2	4.346452
SEVIR_9G415800v2	55.549423
SEVIR_9G415900v2	0
SEVIR_9G416000v2	20.135151
SEVIR_9G416100v2	7.897892
SEVIR_9G416200v2	0
SEVIR_9G416300v2	1.369458
SEVIR_9G416400v2	15.68985
SEVIR_9G416500v2	15.24945
SEVIR_9G416600v2	107.1869
SEVIR_9G416700v2	27.476758
SEVIR_9G416800v2	15.624465
SEVIR_9G416900v2	0.078123
SEVIR_9G417000v2	0.171578
SEVIR_9G417100v2	6.388785
SEVIR_9G417200v2	206.289105
SEVIR_9G417300v2	1.724838
SEVIR_9G417400v2	3.165864
SEVIR_9G417500v2	0
SEVIR_9G417600v2	0.06649
SEVIR_9G417700v2	12.590268
SEVIR_9G417750v2	0.787642
SEVIR_9G417800v2	0.734692
SEVIR_9G417900v2	14.081085
SEVIR_9G418000v2	2.297426
SEVIR_9G418100v2	5.942164
SEVIR_9G418150v2	0.340538
SEVIR_9G418200v2	10.378536
SEVIR_9G418300v2	55.011501
SEVIR_9G418400v2	3.078364
SEVIR_9G418500v2	133.288801
SEVIR_9G418600v2	39.452342
SEVIR_9G418700v2	20.221185
SEVIR_9G418800v2	12.607814
SEVIR_9G418900v2	21.214504
SEVIR_9G419000v2	0.030906
SEVIR_9G419100v2	23.335963
SEVIR_9G419200v2	54.184062
SEVIR_9G419300v2	68.729092
SEVIR_9G419400v2	0.028574
SEVIR_9G419500v2	23.050803
SEVIR_9G419601v2	0.669056
SEVIR_9G419700v2	1.855848
SEVIR_9G419800v2	169.974897
SEVIR_9G419850v2	62.405836
SEVIR_9G419900v2	39.850294
SEVIR_9G420000v2	5.637749
SEVIR_9G420050v2	0.080451
SEVIR_9G420100v2	25.727154
SEVIR_9G420200v2	3.976144
SEVIR_9G420300v2	9.642096
SEVIR_9G420400v2	19.62146
SEVIR_9G420500v2	12.338605
SEVIR_9G420600v2	28.206281
SEVIR_9G420800v2	3.413988
SEVIR_9G420850v2	0.088448
SEVIR_9G420900v2	6.8247
SEVIR_9G421000v2	0.375012
SEVIR_9G421100v2	13.161596
SEVIR_9G421200v2	1.260637
SEVIR_9G421300v2	2.46277
SEVIR_9G421400v2	0.571212
SEVIR_9G421500v2	16.786963
SEVIR_9G421600v2	10.838675
SEVIR_9G421700v2	296.30912
SEVIR_9G421800v2	52.817343
SEVIR_9G421900v2	0
SEVIR_9G422000v2	10.120453
SEVIR_9G422100v2	53.827084
SEVIR_9G422201v2	31.749332
SEVIR_9G422300v2	0.253421
SEVIR_9G422500v2	0
SEVIR_9G422600v2	1.995509
SEVIR_9G422700v2	0
SEVIR_9G422800v2	17.716553
SEVIR_9G422900v2	11.208983
SEVIR_9G423000v2	0.131428
SEVIR_9G423100v2	0
SEVIR_9G423200v2	3.175757
SEVIR_9G423300v2	15.403991
SEVIR_9G423400v2	46.377413
SEVIR_9G423500v2	4.971822
SEVIR_9G423600v2	0
SEVIR_9G423700v2	5.013527
SEVIR_9G423750v2	0
SEVIR_9G423800v2	80.38161
SEVIR_9G423900v2	17.143506
SEVIR_9G424000v2	0.84076
SEVIR_9G424100v2	50.933477
SEVIR_9G424200v2	22.483689
SEVIR_9G424300v2	4.365298
SEVIR_9G424400v2	0
SEVIR_9G424500v2	2.212374
SEVIR_9G424700v2	0.17339
SEVIR_9G424800v2	0
SEVIR_9G424900v2	35.739763
SEVIR_9G425000v2	0.080315
SEVIR_9G425050v2	0
SEVIR_9G425100v2	2.432686
SEVIR_9G425200v2	5.441865
SEVIR_9G425300v2	378.234322
SEVIR_9G425400v2	32.888549
SEVIR_9G425500v2	1.410115
SEVIR_9G425600v2	11.700974
SEVIR_9G425700v2	11.139387
SEVIR_9G425800v2	37.20976
SEVIR_9G425900v2	9.90267
SEVIR_9G426000v2	49.947308
SEVIR_9G426100v2	20.639806
SEVIR_9G426133v2	0
SEVIR_9G426166v2	0
SEVIR_9G426200v2	44.21078
SEVIR_9G426250v2	0
SEVIR_9G426300v2	0
SEVIR_9G426400v2	1.125873
SEVIR_9G426433v2	0.101696
SEVIR_9G426466v2	0.312444
SEVIR_9G426500v2	9.623725
SEVIR_9G426600v2	0.941696
SEVIR_9G426700v2	8.587836
SEVIR_9G426800v2	0.150957
SEVIR_9G426900v2	15.201452
SEVIR_9G427000v2	22.189644
SEVIR_9G427100v2	36.500322
SEVIR_9G427200v2	0
SEVIR_9G427300v2	7.517637
SEVIR_9G427401v2	0.155464
SEVIR_9G427500v2	73.776404
SEVIR_9G427566v2	0
SEVIR_9G427632v2	0.632721
SEVIR_9G427700v2	0.193175
SEVIR_9G427800v2	0.316672
SEVIR_9G427900v2	0
SEVIR_9G428000v2	220.586894
SEVIR_9G428100v2	0.789142
SEVIR_9G428200v2	71.650567
SEVIR_9G428300v2	9.136315
SEVIR_9G428400v2	64.283529
SEVIR_9G428350v2	0
SEVIR_9G428500v2	5.396372
SEVIR_9G428600v2	0
SEVIR_9G428700v2	0.070051
SEVIR_9G428800v2	0.97534
SEVIR_9G428900v2	44.000082
SEVIR_9G429000v2	128.857701
SEVIR_9G429100v2	0
SEVIR_9G429200v2	5.860425
SEVIR_9G429300v2	4.732853
SEVIR_9G429400v2	0
SEVIR_9G429500v2	29.085449
SEVIR_9G429550v2	0.995817
SEVIR_9G429600v2	0
SEVIR_9G429650v2	27.21003
SEVIR_9G429700v2	11.76655
SEVIR_9G429766v2	0.364929
SEVIR_9G429832v2	0.274211
SEVIR_9G429900v2	1.673112
SEVIR_9G430000v2	30.60596
SEVIR_9G430100v2	40.324726
SEVIR_9G430200v2	7.773339
SEVIR_9G430300v2	44.360841
SEVIR_9G430400v2	10.745096
SEVIR_9G430501v2	0.59302
SEVIR_9G430600v2	360.958747
SEVIR_9G430700v2	41.595786
SEVIR_9G430800v2	27.507593
SEVIR_9G430900v2	13.766855
SEVIR_9G431000v2	6.726252
SEVIR_9G431100v2	0
SEVIR_9G431150v2	0
SEVIR_9G431200v2	227.041883
SEVIR_9G431300v2	0.650732
SEVIR_9G431400v2	9.387471
SEVIR_9G431500v2	25.848546
SEVIR_9G431600v2	3.79968
SEVIR_9G431700v2	145.611079
SEVIR_9G431800v2	0.040045
SEVIR_9G431900v2	0.571445
SEVIR_9G432000v2	0.014219
SEVIR_9G432100v2	0
SEVIR_9G432200v2	16.924841
SEVIR_9G432350v2	0.106887
SEVIR_9G432300v2	0
SEVIR_9G432400v2	0
SEVIR_9G432500v2	51.594886
SEVIR_9G432550v2	3.102289
SEVIR_9G432601v2	5.813203
SEVIR_9G432651v2	0.736837
SEVIR_9G432700v2	4.242105
SEVIR_9G432800v2	28.758639
SEVIR_9G432900v2	26.182508
SEVIR_9G433000v2	20.362748
SEVIR_9G433100v2	117.53351
SEVIR_9G433200v2	20.058642
SEVIR_9G433300v2	1.065284
SEVIR_9G433400v2	4.188496
SEVIR_9G433500v2	3.227
SEVIR_9G433600v2	12.352369
SEVIR_9G433666v2	232.116434
SEVIR_9G433732v2	0.088965
SEVIR_9G433800v2	34.887247
SEVIR_9G433850v2	23.145965
SEVIR_9G433900v2	11.338481
SEVIR_9G434000v2	32.595972
SEVIR_9G434100v2	12.33925
SEVIR_9G434200v2	0.228185
SEVIR_9G434300v2	5.697126
SEVIR_9G434400v2	12.691121
SEVIR_9G434500v2	8.615935
SEVIR_9G434600v2	0.028386
SEVIR_9G434700v2	0.301485
SEVIR_9G434800v2	3.418877
SEVIR_9G434900v2	0.106698
SEVIR_9G435000v2	21.018038
SEVIR_9G435100v2	24.896581
SEVIR_9G435200v2	2.120332
SEVIR_9G435300v2	0
SEVIR_9G435400v2	10.05912
SEVIR_9G435500v2	0.166845
SEVIR_9G435600v2	11.471183
SEVIR_9G435700v2	20.8219
SEVIR_9G435800v2	18.631108
SEVIR_9G435900v2	15.108724
SEVIR_9G436000v2	2.267529
SEVIR_9G436100v2	4.308216
SEVIR_9G436200v2	0
SEVIR_9G436300v2	2.967624
SEVIR_9G436400v2	9.713907
SEVIR_9G436450v2	0.163355
SEVIR_9G436500v2	6.445885
SEVIR_9G436600v2	10.381213
SEVIR_9G436650v2	5.055686
SEVIR_9G436700v2	282.785829
SEVIR_9G436800v2	11.228476
SEVIR_9G436900v2	0
SEVIR_9G437000v2	18.363389
SEVIR_9G437050v2	0
SEVIR_9G437100v2	21.299613
SEVIR_9G437200v2	25.990765
SEVIR_9G437300v2	10.985542
SEVIR_9G437400v2	2.871107
SEVIR_9G437450v2	0.118372
SEVIR_9G437500v2	0.777468
SEVIR_9G437600v2	10.236859
SEVIR_9G437700v2	1.427135
SEVIR_9G437801v2	0.552419
SEVIR_9G437900v2	16.785289
SEVIR_9G438000v2	25.918079
SEVIR_9G438100v2	10.021833
SEVIR_9G438125v2	0.039713
SEVIR_9G438150v2	1.954072
SEVIR_9G438175v2	0
SEVIR_9G438200v2	0
SEVIR_9G438300v2	0.169535
SEVIR_9G438400v2	0
SEVIR_9G438500v2	28.417296
SEVIR_9G438550v2	692.194014
SEVIR_9G438600v2	0.333381
SEVIR_9G438700v2	12.628586
SEVIR_9G438800v2	20.665428
SEVIR_9G438900v2	89.502977
SEVIR_9G439000v2	739.153736
SEVIR_9G439100v2	27.256246
SEVIR_9G439200v2	6.774994
SEVIR_9G439300v2	0.121347
SEVIR_9G439400v2	37.108084
SEVIR_9G439500v2	17.711461
SEVIR_9G439600v2	7.287111
SEVIR_9G439701v2	191.186161
SEVIR_9G439800v2	20.493845
SEVIR_9G439900v2	75.378628
SEVIR_9G440000v2	5.302086
SEVIR_9G440100v2	17.842361
SEVIR_9G440200v2	5.268737
SEVIR_9G440300v2	113.814197
SEVIR_9G440400v2	0.074928
SEVIR_9G440500v2	23.738732
SEVIR_9G440600v2	0.165994
SEVIR_9G440700v2	6.043547
SEVIR_9G440800v2	23.559752
SEVIR_9G440900v2	13.067811
SEVIR_9G441000v2	0
SEVIR_9G441100v2	56.933003
SEVIR_9G441200v2	0.073977
SEVIR_9G441300v2	62.641959
SEVIR_9G441400v2	618.59112
SEVIR_9G441500v2	51.086326
SEVIR_9G441600v2	20.297319
SEVIR_9G441700v2	0.626097
SEVIR_9G441800v2	0
SEVIR_9G441900v2	0.039963
SEVIR_9G442000v2	1.04146
SEVIR_9G442100v2	116.382552
SEVIR_9G442200v2	74.683617
SEVIR_9G442300v2	7.066987
SEVIR_9G442350v2	0.147998
SEVIR_9G442400v2	946.933357
SEVIR_9G442500v2	29.29044
SEVIR_9G442450v2	19.236026
SEVIR_9G442600v2	16.808197
SEVIR_9G442700v2	11.822351
SEVIR_9G442800v2	78.848488
SEVIR_9G442900v2	21.650576
SEVIR_9G443000v2	5.577598
SEVIR_9G443100v2	1.460075
SEVIR_9G443150v2	1.438825
SEVIR_9G443200v2	1.902721
SEVIR_9G443300v2	0.525758
SEVIR_9G443400v2	32.516069
SEVIR_9G443500v2	4.940792
SEVIR_9G443600v2	54.340038
SEVIR_9G443700v2	5.38389
SEVIR_9G443800v2	1.491307
SEVIR_9G443900v2	11.703416
SEVIR_9G444000v2	473.316171
SEVIR_9G444101v2	0
SEVIR_9G444200v2	26.999202
SEVIR_9G444300v2	27.842718
SEVIR_9G444400v2	24.091522
SEVIR_9G444500v2	2.859333
SEVIR_9G444600v2	0
SEVIR_9G444700v2	0.037705
SEVIR_9G444800v2	299.122963
SEVIR_9G444900v2	2.094483
SEVIR_9G445000v2	6.075844
SEVIR_9G445100v2	0.184653
SEVIR_9G445200v2	24.171432
SEVIR_9G445300v2	0.510598
SEVIR_9G445400v2	31.241025
SEVIR_9G445500v2	1.790679
SEVIR_9G445600v2	0.260122
SEVIR_9G445700v2	3.267764
SEVIR_9G445800v2	26.012482
SEVIR_9G445900v2	55.141076
SEVIR_9G445933v2	5.241982
SEVIR_9G445966v2	0
SEVIR_9G446000v2	6.169532
SEVIR_9G446100v2	12.919954
SEVIR_9G446200v2	28.874475
SEVIR_9G446300v2	40.901579
SEVIR_9G446400v2	6.845836
SEVIR_9G446500v2	7.076954
SEVIR_9G446600v2	27.198769
SEVIR_9G446700v2	67.105426
SEVIR_9G446800v2	286.785353
SEVIR_9G446900v2	157.24188
SEVIR_9G447000v2	0
SEVIR_9G447200v2	0
SEVIR_9G447300v2	19.794551
SEVIR_9G447400v2	0.551699
SEVIR_9G447500v2	37.482685
SEVIR_9G447600v2	270.132021
SEVIR_9G447700v2	5.595297
SEVIR_9G447801v2	0.585503
SEVIR_9G447900v2	55.29483
SEVIR_9G448000v2	62.610222
SEVIR_9G448100v2	15.67823
SEVIR_9G448200v2	66.394022
SEVIR_9G448300v2	1236.527552
SEVIR_9G448400v2	0.054805
SEVIR_9G448450v2	58.779418
SEVIR_9G448500v2	0.632809
SEVIR_9G448550v2	1.351639
SEVIR_9G448600v2	14.191977
SEVIR_9G448700v2	6.020958
SEVIR_9G448800v2	1.025264
SEVIR_9G448900v2	7.093583
SEVIR_9G449000v2	32.15775
SEVIR_9G449100v2	9.43169
SEVIR_9G449200v2	1.231864
SEVIR_9G449250v2	0.185122
SEVIR_9G449300v2	132.980045
SEVIR_9G449400v2	8.602485
SEVIR_9G449500v2	0.073796
SEVIR_9G449600v2	23.504255
SEVIR_9G449700v2	0
SEVIR_9G449800v2	29.491818
SEVIR_9G450000v2	4.589182
SEVIR_9G449900v2	0.126341
SEVIR_9G450100v2	37.22897
SEVIR_9G450200v2	0.202428
SEVIR_9G450300v2	15.98687
SEVIR_9G450400v2	301.581857
SEVIR_9G450500v2	1.132657
SEVIR_9G450600v2	10.953987
SEVIR_9G450700v2	11.228979
SEVIR_9G450750v2	0.189188
SEVIR_9G450800v2	65.777827
SEVIR_9G450900v2	27.348346
SEVIR_9G451000v2	0.029541
SEVIR_9G451100v2	12.291401
SEVIR_9G451200v2	6.772184
SEVIR_9G451300v2	3.056083
SEVIR_9G451400v2	1.018472
SEVIR_9G451500v2	14.878395
SEVIR_9G451600v2	3.310333
SEVIR_9G451700v2	0.070179
SEVIR_9G451800v2	93.177763
SEVIR_9G451900v2	10.440838
SEVIR_9G451950v2	0.120076
SEVIR_9G452000v2	0
SEVIR_9G452100v2	0.126535
SEVIR_9G452200v2	1.033504
SEVIR_9G452300v2	6.970217
SEVIR_9G452400v2	29.693676
SEVIR_9G452500v2	1.891156
SEVIR_9G452600v2	15.086647
SEVIR_9G452700v2	7.902732
SEVIR_9G452800v2	29.602847
SEVIR_9G452850v2	0.286827
SEVIR_9G452900v2	41.560716
SEVIR_9G453000v2	15.043298
SEVIR_9G453100v2	0.795686
SEVIR_9G453200v2	32.699969
SEVIR_9G453300v2	0.355223
SEVIR_9G453400v2	4.019068
SEVIR_9G453500v2	7.741795
SEVIR_9G453600v2	32.959966
SEVIR_9G453700v2	1.332797
SEVIR_9G453800v2	71.652898
SEVIR_9G453900v2	363.612063
SEVIR_9G454000v2	0
SEVIR_9G454101v2	22.413288
SEVIR_9G454200v2	11.984309
SEVIR_9G454300v2	10.003084
SEVIR_9G454400v2	3.561839
SEVIR_9G454500v2	0.12993
SEVIR_9G454600v2	122.668625
SEVIR_9G454700v2	0.07202
SEVIR_9G454800v2	46.629364
SEVIR_9G454900v2	4.250982
SEVIR_9G455000v2	26.944898
SEVIR_9G455100v2	539.42112
SEVIR_9G455200v2	1.975549
SEVIR_9G455300v2	0.275727
SEVIR_9G455400v2	86.001613
SEVIR_9G455433v2	0
SEVIR_9G455466v2	1.324433
SEVIR_9G455500v2	55.531157
SEVIR_9G455600v2	16.832633
SEVIR_9G455700v2	27.806476
SEVIR_9G455800v2	376.184114
SEVIR_9G455900v2	3.293339
SEVIR_9G455966v2	0
SEVIR_9G456032v2	0.93485
SEVIR_9G456100v2	15.093969
SEVIR_9G456200v2	1.697182
SEVIR_9G456300v2	59.087418
SEVIR_9G456400v2	27.247197
SEVIR_9G456500v2	6.903105
SEVIR_9G456600v2	0.033226
SEVIR_9G456650v2	0.100605
SEVIR_9G456700v2	3.734804
SEVIR_9G456800v2	45.910229
SEVIR_9G456900v2	5.523584
SEVIR_9G457000v2	0
SEVIR_9G457100v2	38.994414
SEVIR_9G457200v2	233.532406
SEVIR_9G457300v2	11.612681
SEVIR_9G457400v2	176.244522
SEVIR_9G457500v2	18.323166
SEVIR_9G457600v2	0
SEVIR_9G457700v2	9.10591
SEVIR_9G457766v2	1.7228
SEVIR_9G457832v2	3.487069
SEVIR_9G457900v2	5.130027
SEVIR_9G458000v2	55.772923
SEVIR_9G458100v2	5.653863
SEVIR_9G458200v2	18.717409
SEVIR_9G458300v2	0
SEVIR_9G458400v2	3.255611
SEVIR_9G458500v2	35.972163
SEVIR_9G458600v2	14.575531
SEVIR_9G458700v2	4.505236
SEVIR_9G458800v2	92.900351
SEVIR_9G458900v2	8.199445
SEVIR_9G459000v2	13.05713
SEVIR_9G459100v2	2.844525
SEVIR_9G459200v2	0.683504
SEVIR_9G459300v2	16.310102
SEVIR_9G459400v2	53.169803
SEVIR_9G459500v2	0.114123
SEVIR_9G459600v2	162.892375
SEVIR_9G459700v2	88.894802
SEVIR_9G459800v2	15.467222
SEVIR_9G459900v2	21.245695
SEVIR_9G459950v2	3.370458
SEVIR_9G460000v2	17.38748
SEVIR_9G460100v2	70.485963
SEVIR_9G460200v2	3.626785
SEVIR_9G460300v2	8.368861
SEVIR_9G460400v2	8.419157
SEVIR_9G460500v2	27.485982
SEVIR_9G460600v2	2.97184
SEVIR_9G460700v2	56.894027
SEVIR_9G460800v2	6.676288
SEVIR_9G460900v2	27.34266
SEVIR_9G461000v2	53.66724
SEVIR_9G461100v2	34.956332
SEVIR_9G461200v2	7.063597
SEVIR_9G461300v2	105.44603
SEVIR_9G461400v2	6.540119
SEVIR_9G461500v2	0.383764
SEVIR_9G461600v2	165.277969
SEVIR_9G461700v2	37.135694
SEVIR_9G461800v2	188.73489
SEVIR_9G461850v2	0.0841
SEVIR_9G461900v2	4.478976
SEVIR_9G462000v2	19.288962
SEVIR_9G462100v2	340.205919
SEVIR_9G462200v2	466.473336
SEVIR_9G462250v2	0.372009
SEVIR_9G462300v2	1.847798
SEVIR_9G462400v2	21.554254
SEVIR_9G462500v2	6.534776
SEVIR_9G462600v2	17.198828
SEVIR_9G462700v2	28.525474
SEVIR_9G462800v2	2.280695
SEVIR_9G462900v2	55.045485
SEVIR_9G463001v2	60.432814
SEVIR_9G463100v2	28.129468
SEVIR_9G463200v2	35.696015
SEVIR_9G463250v2	0
SEVIR_9G463300v2	17.008394
SEVIR_9G463400v2	56.664664
SEVIR_9G463500v2	15.316337
SEVIR_9G463600v2	95.530906
SEVIR_9G463700v2	0
SEVIR_9G463800v2	0
SEVIR_9G463900v2	7.206855
SEVIR_9G464000v2	6.454816
SEVIR_9G464050v2	0
SEVIR_9G464100v2	52.016297
SEVIR_9G464200v2	12.7321
SEVIR_9G464301v2	0.046649
SEVIR_9G464400v2	3.8143
SEVIR_9G464500v2	0.11327
SEVIR_9G464600v2	19.166654
SEVIR_9G464700v2	0.628596
SEVIR_9G464800v2	9.94482
SEVIR_9G464900v2	1.945547
SEVIR_9G464950v2	0
SEVIR_9G465000v2	31.953092
SEVIR_9G465050v2	0
SEVIR_9G465100v2	0.596361
SEVIR_9G465200v2	27.819738
SEVIR_9G465300v2	19.64078
SEVIR_9G465400v2	24.600913
SEVIR_9G465501v2	2.101352
SEVIR_9G465600v2	4.542048
SEVIR_9G465700v2	0.184726
SEVIR_9G465800v2	0
SEVIR_9G465900v2	8.49195
SEVIR_9G466000v2	27.664957
SEVIR_9G466100v2	40.569346
SEVIR_9G466200v2	30.139513
SEVIR_9G466300v2	18.83834
SEVIR_9G466400v2	0
SEVIR_9G466500v2	0.041235
SEVIR_9G466550v2	0
SEVIR_9G466600v2	8.305623
SEVIR_9G466666v2	0.05319
SEVIR_9G466732v2	0.103966
SEVIR_9G466800v2	101.750371
SEVIR_9G466900v2	17.471461
SEVIR_9G466950v2	0.377958
SEVIR_9G467000v2	14.188218
SEVIR_9G467100v2	0.272395
SEVIR_9G467200v2	0.01636
SEVIR_9G467300v2	0.510259
SEVIR_9G467400v2	0
SEVIR_9G467450v2	2.899585
SEVIR_9G467500v2	0.110186
SEVIR_9G467600v2	29.788333
SEVIR_9G467700v2	9.699823
SEVIR_9G467800v2	1.044966
SEVIR_9G467900v2	15.7946
SEVIR_9G468000v2	0
SEVIR_9G468100v2	0.411865
SEVIR_9G468200v2	0.032417
SEVIR_9G468300v2	0.587649
SEVIR_9G468400v2	0.129518
SEVIR_9G468500v2	0
SEVIR_9G468600v2	1.388861
SEVIR_9G468700v2	0
SEVIR_9G468800v2	0.087984
SEVIR_9G468900v2	0.189263
SEVIR_9G469000v2	127.965967
SEVIR_9G469100v2	9.032755
SEVIR_9G469200v2	1.558061
SEVIR_9G469300v2	15.920271
SEVIR_9G469400v2	8.055644
SEVIR_9G469500v2	62.63485
SEVIR_9G469600v2	147.80512
SEVIR_9G469700v2	54.739622
SEVIR_9G469800v2	12.347851
SEVIR_9G469900v2	0.978253
SEVIR_9G470000v2	0.030885
SEVIR_9G470100v2	0.059144
SEVIR_9G470200v2	35.301694
SEVIR_9G470250v2	3.311442
SEVIR_9G470300v2	10.409943
SEVIR_9G470400v2	0
SEVIR_9G470500v2	44.063965
SEVIR_9G470600v2	13.194421
SEVIR_9G470700v2	0
SEVIR_9G470800v2	3.396451
SEVIR_9G470900v2	17.575258
SEVIR_9G471000v2	3.653338
SEVIR_9G471100v2	23.78077
SEVIR_9G471200v2	1.475753
SEVIR_9G471300v2	8.967737
SEVIR_9G471400v2	5.491091
SEVIR_9G471500v2	0.109146
SEVIR_9G471600v2	157.604111
SEVIR_9G471700v2	0.014252
SEVIR_9G471750v2	0
SEVIR_9G471800v2	0.055178
SEVIR_9G471900v2	24.632257
SEVIR_9G472000v2	132.293035
SEVIR_9G472100v2	10.523236
SEVIR_9G472200v2	101.802049
SEVIR_9G472300v2	10.871438
SEVIR_9G472400v2	974.79267
SEVIR_9G472500v2	23.065161
SEVIR_9G472600v2	18.352258
SEVIR_9G472700v2	0.275086
SEVIR_9G472750v2	0
SEVIR_9G472800v2	0.748818
SEVIR_9G472900v2	0.196778
SEVIR_9G473000v2	0.237383
SEVIR_9G473100v2	2.318989
SEVIR_9G473200v2	24.676328
SEVIR_9G473300v2	23.390288
SEVIR_9G473400v2	0
SEVIR_9G473500v2	15.508318
SEVIR_9G473550v2	23.647784
SEVIR_9G473600v2	3.272239
SEVIR_9G473700v2	35.371235
SEVIR_9G473800v2	6.486421
SEVIR_9G473900v2	29.805182
SEVIR_9G474000v2	3.611205
SEVIR_9G474100v2	0.670379
SEVIR_9G474200v2	0.879425
SEVIR_9G474300v2	39.089049
SEVIR_9G474400v2	0
SEVIR_9G474500v2	8.081531
SEVIR_9G474600v2	35.717818
SEVIR_9G474700v2	0.745191
SEVIR_9G474800v2	3.515139
SEVIR_9G474900v2	2.689021
SEVIR_9G475000v2	10.191391
SEVIR_9G475100v2	4.619648
SEVIR_9G475200v2	0
SEVIR_9G475300v2	3.462138
SEVIR_9G475400v2	10.912876
SEVIR_9G475500v2	16.638341
SEVIR_9G475550v2	0
SEVIR_9G475600v2	8.074786
SEVIR_9G475700v2	0
SEVIR_9G475800v2	27.200318
SEVIR_9G475850v2	0.508065
SEVIR_9G475900v2	38.837804
SEVIR_9G476000v2	0
SEVIR_9G476100v2	148.965917
SEVIR_9G476200v2	179.755225
SEVIR_9G476300v2	6.98227
SEVIR_9G476400v2	100.520051
SEVIR_9G476500v2	4.198809
SEVIR_9G476600v2	4.770433
SEVIR_9G476700v2	26.943561
SEVIR_9G476800v2	1.176774
SEVIR_9G476900v2	0.032183
SEVIR_9G477000v2	0
SEVIR_9G477100v2	0.135415
SEVIR_9G477200v2	18.12962
SEVIR_9G477300v2	54.133897
SEVIR_9G477400v2	277.512496
SEVIR_9G477500v2	15.717965
SEVIR_9G477600v2	102.528694
SEVIR_9G477700v2	43.664355
SEVIR_9G477800v2	0.822324
SEVIR_9G477900v2	65.579374
SEVIR_9G478000v2	1.501824
SEVIR_9G478100v2	12.275644
SEVIR_9G478150v2	0.129488
SEVIR_9G478200v2	7.303273
SEVIR_9G478300v2	43.884409
SEVIR_9G478400v2	2.108972
SEVIR_9G478500v2	10.993482
SEVIR_9G478600v2	4.30219
SEVIR_9G478700v2	48.187101
SEVIR_9G478800v2	324.978373
SEVIR_9G478900v2	44.086673
SEVIR_9G479000v2	18.182779
SEVIR_9G479100v2	1.176806
SEVIR_9G479200v2	8.218351
SEVIR_9G479300v2	0.495406
SEVIR_9G479350v2	31.878413
SEVIR_9G479400v2	20.23077
SEVIR_9G479500v2	6.414267
SEVIR_9G479600v2	26.814255
SEVIR_9G479700v2	0
SEVIR_9G479800v2	2.424897
SEVIR_9G479900v2	267.452952
SEVIR_9G480000v2	187.236391
SEVIR_9G480100v2	9.32757
SEVIR_9G480200v2	0.087002
SEVIR_9G480300v2	0
SEVIR_9G480400v2	5.512547
SEVIR_9G480500v2	0
SEVIR_9G480600v2	44.197678
SEVIR_9G480700v2	9.830832
SEVIR_9G480800v2	0.033691
SEVIR_9G480900v2	0.15765
SEVIR_9G481000v2	9.646166
SEVIR_9G481100v2	7.454932
SEVIR_9G481200v2	0.970766
SEVIR_9G481300v2	27.270061
SEVIR_9G481400v2	5.999032
SEVIR_9G481500v2	90.647524
SEVIR_9G481600v2	0.214261
SEVIR_9G481700v2	24.500081
SEVIR_9G481800v2	0
SEVIR_9G481900v2	0.03899
SEVIR_9G482000v2	1562.81014
SEVIR_9G482100v2	0.114695
SEVIR_9G482200v2	10.250319
SEVIR_9G482300v2	25.325416
SEVIR_9G482400v2	3.111102
SEVIR_9G482500v2	0.684624
SEVIR_9G482601v2	0.342388
SEVIR_9G482700v2	0.03413
SEVIR_9G482800v2	3.482163
SEVIR_9G482900v2	0.226031
SEVIR_9G483000v2	0
SEVIR_9G483100v2	48.326703
SEVIR_9G483200v2	6.61453
SEVIR_9G483250v2	0.384696
SEVIR_9G483300v2	0.403997
SEVIR_9G483400v2	13.726949
SEVIR_9G483500v2	0
SEVIR_9G483600v2	4.353531
SEVIR_9G483700v2	445.029644
SEVIR_9G483800v2	5.202631
SEVIR_9G483900v2	0.664745
SEVIR_9G484000v2	28.914962
SEVIR_9G484100v2	12.131829
SEVIR_9G484200v2	7.967269
SEVIR_9G484250v2	14.984229
SEVIR_9G484300v2	3.47095
SEVIR_9G484400v2	3.150175
SEVIR_9G484433v2	2.734338
SEVIR_9G484466v2	0
SEVIR_9G484500v2	41.808327
SEVIR_9G484600v2	0
SEVIR_9G484675v2	0.111158
SEVIR_9G484750v2	0
SEVIR_9G484825v2	0.081204
SEVIR_9G484900v2	0.283823
SEVIR_9G485000v2	0.088158
SEVIR_9G485100v2	2.097572
SEVIR_9G485125v2	0
SEVIR_9G485150v2	0.486844
SEVIR_9G485175v2	0
SEVIR_9G485200v2	0
SEVIR_9G485300v2	50.306962
SEVIR_9G485400v2	4.439804
SEVIR_9G485500v2	0
SEVIR_9G485600v2	29.266425
SEVIR_9G485700v2	14.064772
SEVIR_9G485900v2	0.979272
SEVIR_9G486000v2	44.423827
SEVIR_9G486100v2	0.030409
SEVIR_9G486200v2	17.152869
SEVIR_9G486300v2	3.638188
SEVIR_9G486400v2	11.320359
SEVIR_9G486500v2	0.252558
SEVIR_9G486600v2	3.742542
SEVIR_9G486700v2	11.274376
SEVIR_9G486800v2	6.875533
SEVIR_9G486900v2	0
SEVIR_9G487000v2	0.29254
SEVIR_9G487050v2	0
SEVIR_9G487100v2	17.125604
SEVIR_9G487200v2	30.106266
SEVIR_9G487300v2	3.241835
SEVIR_9G487400v2	2.669856
SEVIR_9G487500v2	0
SEVIR_9G487600v2	0
SEVIR_9G487700v2	20.918545
SEVIR_9G487800v2	13.386721
SEVIR_9G487900v2	188.105834
SEVIR_9G488000v2	77.224634
SEVIR_9G488066v2	0.811984
SEVIR_9G488132v2	0.071704
SEVIR_9G488200v2	4.792146
SEVIR_9G488300v2	42.353143
SEVIR_9G488400v2	12.782624
SEVIR_9G488500v2	5.215089
SEVIR_9G488600v2	0.289786
SEVIR_9G488700v2	4.437457
SEVIR_9G488750v2	0
SEVIR_9G488800v2	4.616368
SEVIR_9G488900v2	9.26862
SEVIR_9G489000v2	33.426671
SEVIR_9G489100v2	1.209153
SEVIR_9G489200v2	23.65911
SEVIR_9G489266v2	10.246673
SEVIR_9G489332v2	0.059754
SEVIR_9G489400v2	49.819925
SEVIR_9G489500v2	0
SEVIR_9G489601v2	2.885964
SEVIR_9G489700v2	585.460448
SEVIR_9G489800v2	1.313535
SEVIR_9G489900v2	0.160837
SEVIR_9G490001v2	22.743873
SEVIR_9G490100v2	0.01232
SEVIR_9G490000v2	38.217244
SEVIR_9G490200v2	12.01263
SEVIR_9G490500v2	25.930288
SEVIR_9G490600v2	0
SEVIR_9G490700v2	0.996439
SEVIR_9G490800v2	0.076421
SEVIR_9G490900v2	10.032192
SEVIR_9G491000v2	0.569606
SEVIR_9G491100v2	0
SEVIR_9G491200v2	1.60193
SEVIR_9G491300v2	9.925555
SEVIR_9G491400v2	5.436695
SEVIR_9G491500v2	22.775117
SEVIR_9G491600v2	4.209494
SEVIR_9G491650v2	0
SEVIR_9G491700v2	5.449198
SEVIR_9G491800v2	5.256703
SEVIR_9G491900v2	0
SEVIR_9G492000v2	1.543028
SEVIR_9G492100v2	33.06763
SEVIR_9G492150v2	38.050693
SEVIR_9G492201v2	0.422908
SEVIR_9G492251v2	30.688216
SEVIR_9G492300v2	4.960529
SEVIR_9G492400v2	0.461583
SEVIR_9G492500v2	0.116803
SEVIR_9G492600v2	0
SEVIR_9G492700v2	38.467332
SEVIR_9G492800v2	11.161863
SEVIR_9G492900v2	4.259842
SEVIR_9G493000v2	2.927566
SEVIR_9G493100v2	0
SEVIR_9G493200v2	48.318868
SEVIR_9G493300v2	40.148764
SEVIR_9G493400v2	0.441973
SEVIR_9G493500v2	0.160583
SEVIR_9G493600v2	1.132677
SEVIR_9G493700v2	0
SEVIR_9G493800v2	0
SEVIR_9G493900v2	2.105043
SEVIR_9G494000v2	21.792794
SEVIR_9G494100v2	18.456189
SEVIR_9G494200v2	55.936258
SEVIR_9G494301v2	2.865638
SEVIR_9G494400v2	0
SEVIR_9G494500v2	28.807856
SEVIR_9G494600v2	9.34966
SEVIR_9G494700v2	7.996326
SEVIR_9G494800v2	9.978028
SEVIR_9G494900v2	14.310279
SEVIR_9G495000v2	0.305088
SEVIR_9G495100v2	28.892515
SEVIR_9G495200v2	18.121493
SEVIR_9G495300v2	720.124582
SEVIR_9G495400v2	0.721132
SEVIR_9G495500v2	4.899042
SEVIR_9G495600v2	9.326453
SEVIR_9G495700v2	0.971416
SEVIR_9G495800v2	0.401418
SEVIR_9G495900v2	15.422756
SEVIR_9G496000v2	12.944277
SEVIR_9G496100v2	7.937177
SEVIR_9G496200v2	0.460223
SEVIR_9G496300v2	84.273761
SEVIR_9G496400v2	1.734375
SEVIR_9G496500v2	3.730638
SEVIR_9G496600v2	2.296363
SEVIR_9G496650v2	0
SEVIR_9G496700v2	0
SEVIR_9G496801v2	1.099409
SEVIR_9G496900v2	255.47921
SEVIR_9G497000v2	0
SEVIR_9G497100v2	10.81307
SEVIR_9G497200v2	0.087918
SEVIR_9G497300v2	8.678476
SEVIR_9G497400v2	43.753888
SEVIR_9G497500v2	0.153864
SEVIR_9G497600v2	17.675133
SEVIR_9G497700v2	0
SEVIR_9G497800v2	0.056679
SEVIR_9G497900v2	0
SEVIR_9G498000v2	34.219266
SEVIR_9G498100v2	15.487954
SEVIR_9G498200v2	33.512766
SEVIR_9G498300v2	19.601709
SEVIR_9G498400v2	0.046627
SEVIR_9G498500v2	1.45738
SEVIR_9G498600v2	27.449452
SEVIR_9G498700v2	5.880313
SEVIR_9G498800v2	0.308031
SEVIR_9G498900v2	13.926002
SEVIR_9G499000v2	0.367362
SEVIR_9G499100v2	12.670748
SEVIR_9G499200v2	1.534838
SEVIR_9G499250v2	9.885661
SEVIR_9G499300v2	9.890489
SEVIR_9G499400v2	2.634337
SEVIR_9G499500v2	68.54486
SEVIR_9G499600v2	11.082937
SEVIR_9G499750v2	16.430981
SEVIR_9G499900v2	1.338821
SEVIR_9G500000v2	37.040662
SEVIR_9G500100v2	1.013401
SEVIR_9G500200v2	1.049053
SEVIR_9G500300v2	7.704382
SEVIR_9G500400v2	5.965806
SEVIR_9G500500v2	41.784791
SEVIR_9G500600v2	0.079296
SEVIR_9G500700v2	44.458392
SEVIR_9G500800v2	29.39573
SEVIR_9G500901v2	0.284928
SEVIR_9G501000v2	0
SEVIR_9G501100v2	0.516719
SEVIR_9G501200v2	0
SEVIR_9G501300v2	894.875889
SEVIR_9G501400v2	60.490772
SEVIR_9G501500v2	8.861893
SEVIR_9G501600v2	6.353784
SEVIR_9G501700v2	5.237133
SEVIR_9G501800v2	68.876106
SEVIR_9G501900v2	13.527471
SEVIR_9G502000v2	25.958594
SEVIR_9G502100v2	3.932806
SEVIR_9G502200v2	3.494279
SEVIR_9G502301v2	0.328744
SEVIR_9G502400v2	0
SEVIR_9G502500v2	8.149392
SEVIR_9G502600v2	42.411062
SEVIR_9G502700v2	5.488661
SEVIR_9G502800v2	0.073283
SEVIR_9G502900v2	0.037195
SEVIR_9G503000v2	0.895102
SEVIR_9G503100v2	2.455744
SEVIR_9G503200v2	1.248271
SEVIR_9G503300v2	38.899792
SEVIR_9G503350v2	3.404242
SEVIR_9G503400v2	0.758172
SEVIR_9G503501v2	13.738613
SEVIR_9G503600v2	1.291032
SEVIR_9G503700v2	12.100738
SEVIR_9G503800v2	2.896177
SEVIR_9G503900v2	20.688907
SEVIR_9G504000v2	19.625801
SEVIR_9G504200v2	0.230401
SEVIR_9G504300v2	7.587048
SEVIR_9G504400v2	4.751978
SEVIR_9G504500v2	23.024412
SEVIR_9G504600v2	8.10651
SEVIR_9G504700v2	1.049385
SEVIR_9G504800v2	38.322642
SEVIR_9G504850v2	0.174318
SEVIR_9G504900v2	6.969805
SEVIR_9G505000v2	28.678732
SEVIR_9G505100v2	8.165387
SEVIR_9G505200v2	196.580979
SEVIR_9G505300v2	12.281166
SEVIR_9G505400v2	2.87375
SEVIR_9G505500v2	0
SEVIR_9G505600v2	12.597627
SEVIR_9G505700v2	9.729751
SEVIR_9G505800v2	0
SEVIR_9G505850v2	0.796841
SEVIR_9G505900v2	0.317969
SEVIR_9G506000v2	1.343091
SEVIR_9G506100v2	21.178726
SEVIR_9G506200v2	12.665874
SEVIR_9G506300v2	7.719288
SEVIR_9G506400v2	8.034937
SEVIR_9G506500v2	53.077045
SEVIR_9G506600v2	9.329194
SEVIR_9G506700v2	2.464796
SEVIR_9G506800v2	1005.225912
SEVIR_9G506900v2	0.488567
SEVIR_9G507000v2	0.781002
SEVIR_9G507100v2	159.48914
SEVIR_9G507200v2	2.97983
SEVIR_9G507300v2	0.135658
SEVIR_9G507400v2	0.159199
SEVIR_9G507500v2	4.250075
SEVIR_9G507600v2	4.851041
SEVIR_9G507700v2	2.790152
SEVIR_9G507800v2	1.033848
SEVIR_9G507900v2	0.645243
SEVIR_9G508000v2	14.74413
SEVIR_9G508100v2	6.631345
SEVIR_9G508200v2	73.465424
SEVIR_9G508301v2	0.608446
SEVIR_9G508400v2	2.700256
SEVIR_9G508500v2	0.224907
SEVIR_9G508600v2	0.168073
SEVIR_9G508700v2	13.508923
SEVIR_9G508800v2	36.41572
SEVIR_9G508900v2	0.333185
SEVIR_9G509000v2	4.714161
SEVIR_9G509100v2	0
SEVIR_9G509200v2	30.706682
SEVIR_9G509300v2	46.378838
SEVIR_9G509400v2	8.289737
SEVIR_9G509500v2	2.329831
SEVIR_9G509600v2	8.052969
SEVIR_9G509700v2	15.647005
SEVIR_9G509800v2	8.519768
SEVIR_9G509900v2	1.419385
SEVIR_9G510000v2	0.170611
SEVIR_9G510100v2	0.396747
SEVIR_9G510150v2	0
SEVIR_9G510201v2	14.241637
SEVIR_9G510251v2	0
SEVIR_9G510300v2	222.813021
SEVIR_9G510350v2	0
SEVIR_9G510400v2	34.990745
SEVIR_9G510500v2	4.828842
SEVIR_9G510600v2	2.975228
SEVIR_9G510700v2	28.210267
SEVIR_9G510800v2	80.645549
SEVIR_9G510900v2	0
SEVIR_9G511000v2	0
SEVIR_9G511100v2	99.488293
SEVIR_9G511200v2	37.231635
SEVIR_9G511300v2	13.796859
SEVIR_9G511400v2	17.95408
SEVIR_9G511500v2	0
SEVIR_9G511550v2	0
SEVIR_9G511600v2	0
SEVIR_9G511650v2	0
SEVIR_9G511700v2	0.065606
SEVIR_9G511800v2	0
SEVIR_9G511900v2	10.752802
SEVIR_9G512000v2	0.066815
SEVIR_9G512100v2	0
SEVIR_9G512200v2	0.021924
SEVIR_9G512300v2	0
SEVIR_9G512401v2	0.135561
SEVIR_9G512500v2	38.760263
SEVIR_9G512600v2	9.856864
SEVIR_9G512700v2	159.416921
SEVIR_9G512800v2	7.815908
SEVIR_9G512833v2	0.236579
SEVIR_9G512866v2	0.026342
SEVIR_9G512900v2	25.024211
SEVIR_9G513000v2	54.481862
SEVIR_9G513100v2	1.566592
SEVIR_9G513200v2	397.812328
SEVIR_9G513300v2	1.19922
SEVIR_9G513400v2	1.717082
SEVIR_9G513500v2	0.024841
SEVIR_9G513600v2	12.522861
SEVIR_9G513700v2	54.515661
SEVIR_9G513800v2	0
SEVIR_9G513900v2	0.20791
SEVIR_9G514000v2	4.320796
SEVIR_9G514100v2	0.063725
SEVIR_9G514200v2	18.508544
SEVIR_9G514300v2	16.069319
SEVIR_9G514350v2	0
SEVIR_9G514400v2	8.321233
SEVIR_9G514500v2	34.465902
SEVIR_9G514600v2	2.055518
SEVIR_9G514700v2	0.069708
SEVIR_9G514800v2	43.822767
SEVIR_9G514850v2	0
SEVIR_9G514900v2	0.141342
SEVIR_9G514950v2	0
SEVIR_9G515001v2	8.21549
SEVIR_9G515051v2	7.383218
SEVIR_9G515100v2	0.160351
SEVIR_9G515166v2	0
SEVIR_9G515232v2	0.314994
SEVIR_9G515300v2	8.061719
SEVIR_9G515400v2	0
SEVIR_9G515500v2	5.293455
SEVIR_9G515600v2	5.955249
SEVIR_9G515700v2	0.305997
SEVIR_9G515800v2	34.355737
SEVIR_9G515900v2	411.351457
SEVIR_9G516000v2	3.824706
SEVIR_9G516100v2	0.040973
SEVIR_9G516200v2	10.084443
SEVIR_9G516300v2	5.68571
SEVIR_9G516400v2	0.554449
SEVIR_9G516550v2	0
SEVIR_9G516700v2	3.365345
SEVIR_9G516800v2	0
SEVIR_9G516900v2	2.236199
SEVIR_9G517000v2	7.454962
SEVIR_9G517050v2	6.391813
SEVIR_9G517100v2	103.708659
SEVIR_9G517200v2	0.694986
SEVIR_9G517300v2	93.845409
SEVIR_9G517400v2	30.738004
SEVIR_9G517501v2	0.910826
SEVIR_9G517600v2	19.85996
SEVIR_9G517701v2	0
SEVIR_9G517800v2	24.012504
SEVIR_9G517900v2	20.187005
SEVIR_9G518000v2	58.667104
SEVIR_9G518100v2	28.955878
SEVIR_9G518200v2	3.948106
SEVIR_9G518300v2	38.544362
SEVIR_9G518400v2	119.2215
SEVIR_9G518500v2	15.833997
SEVIR_9G518600v2	16.100423
SEVIR_9G518650v2	0.127271
SEVIR_9G518700v2	0
SEVIR_9G518800v2	0
SEVIR_9G518900v2	0
SEVIR_9G519000v2	11.983055
SEVIR_9G519100v2	7.473111
SEVIR_9G519200v2	1.599018
SEVIR_9G519300v2	2.830532
SEVIR_9G519400v2	3.816363
SEVIR_9G519500v2	14.504154
SEVIR_9G519600v2	0
SEVIR_9G519701v2	0
SEVIR_9G519800v2	5.178704
SEVIR_9G519900v2	0
SEVIR_9G520000v2	12.795862
SEVIR_9G520100v2	0
SEVIR_9G520166v2	0.734243
SEVIR_9G520232v2	0.410618
SEVIR_9G520300v2	5.531498
SEVIR_9G520400v2	17.580609
SEVIR_9G520450v2	0
SEVIR_9G520500v2	0.07088
SEVIR_9G520600v2	60.483233
SEVIR_9G520700v2	2.169386
SEVIR_9G520800v2	0
SEVIR_9G520900v2	81.13695
SEVIR_9G521000v2	14.932777
SEVIR_9G521100v2	74.010013
SEVIR_9G521200v2	18.800546
SEVIR_9G521300v2	126.609058
SEVIR_9G521400v2	0.812946
SEVIR_9G521500v2	340.891154
SEVIR_9G521600v2	0.233358
SEVIR_9G521700v2	34.287336
SEVIR_9G521800v2	0.152017
SEVIR_9G521900v2	17.416349
SEVIR_9G522000v2	7.90592
SEVIR_9G522200v2	0
SEVIR_9G522300v2	0.253695
SEVIR_9G522400v2	1.095702
SEVIR_9G522500v2	40.866133
SEVIR_9G522533v2	0.161466
SEVIR_9G522566v2	0.071696
SEVIR_9G522600v2	26.118976
SEVIR_9G522700v2	0.632457
SEVIR_9G522800v2	16.759603
SEVIR_9G522900v2	0
SEVIR_9G523000v2	299.089089
SEVIR_9G523100v2	3.976909
SEVIR_9G523200v2	23.076588
SEVIR_9G523300v2	5.221105
SEVIR_9G523400v2	23.825192
SEVIR_9G523500v2	8.560297
SEVIR_9G523600v2	0.345836
SEVIR_9G523700v2	4.682568
SEVIR_9G523800v2	24.131266
SEVIR_9G523900v2	0
SEVIR_9G524000v2	3.462255
SEVIR_9G524100v2	11.631977
SEVIR_9G524200v2	3.043077
SEVIR_9G524300v2	16.392275
SEVIR_9G524400v2	3.052718
SEVIR_9G524466v2	0.777147
SEVIR_9G524532v2	10.143195
SEVIR_9G524600v2	1.568031
SEVIR_9G524700v2	11.953008
SEVIR_9G524800v2	1.338821
SEVIR_9G524900v2	13.09686
SEVIR_9G525000v2	8.250458
SEVIR_9G525100v2	59.790514
SEVIR_9G525200v2	0.872144
SEVIR_9G525300v2	0.084142
SEVIR_9G525400v2	1.015127
SEVIR_9G525500v2	3.383434
SEVIR_9G525600v2	111.847766
SEVIR_9G525650v2	0.453158
SEVIR_9G525700v2	19.339656
SEVIR_9G525800v2	27.856624
SEVIR_9G525900v2	55.072282
SEVIR_9G526000v2	8.621447
SEVIR_9G526100v2	81.905454
SEVIR_9G526200v2	0.063137
SEVIR_9G526300v2	7.682976
SEVIR_9G526400v2	12.56901
SEVIR_9G526500v2	31.638651
SEVIR_9G526600v2	8.334301
SEVIR_9G526701v2	0.320691
SEVIR_9G526800v2	2.449568
SEVIR_9G526900v2	33.406054
SEVIR_9G526950v2	0
SEVIR_9G527000v2	0.327192
SEVIR_9G527066v2	0.235892
SEVIR_9G527132v2	0.693896
SEVIR_9G527200v2	0.112104
SEVIR_9G527300v2	0
SEVIR_9G527400v2	0
SEVIR_9G527500v2	1.39715
SEVIR_9G527600v2	0.423376
SEVIR_9G527700v2	36.136737
SEVIR_9G527800v2	0.022217
SEVIR_9G527900v2	15.675638
SEVIR_9G528000v2	12.350832
SEVIR_9G528100v2	130.879054
SEVIR_9G528200v2	22.467991
SEVIR_9G528250v2	0
SEVIR_9G528300v2	57.386643
SEVIR_9G528400v2	11.379416
SEVIR_9G528450v2	0
SEVIR_9G528500v2	0.201353
SEVIR_9G528600v2	30.056692
SEVIR_9G528700v2	1.023396
SEVIR_9G528750v2	0.315616
SEVIR_9G528800v2	0
SEVIR_9G528900v2	10.275382
SEVIR_9G529000v2	1.745492
SEVIR_9G529100v2	0
SEVIR_9G529200v2	39.891505
SEVIR_9G529300v2	6.159457
SEVIR_9G529400v2	1.704784
SEVIR_9G529500v2	55.158914
SEVIR_9G529600v2	28.958961
SEVIR_9G529701v2	1.428781
SEVIR_9G529800v2	100.633853
SEVIR_9G529700v2	0.070586
SEVIR_9G529900v2	2.133276
SEVIR_9G530000v2	0.413729
SEVIR_9G530100v2	0.456059
SEVIR_9G530200v2	0.20691
SEVIR_9G530300v2	11.952189
SEVIR_9G530400v2	28.119861
SEVIR_9G530500v2	31.2383
SEVIR_9G530601v2	4.66859
SEVIR_9G530700v2	7.245689
SEVIR_9G530800v2	0
SEVIR_9G530900v2	0.200569
SEVIR_9G531000v2	1.327043
SEVIR_9G531100v2	0.290745
SEVIR_9G531200v2	2.138163
SEVIR_9G531300v2	7.193651
SEVIR_9G531400v2	10.505127
SEVIR_9G531500v2	0.631044
SEVIR_9G531600v2	6.829442
SEVIR_9G531700v2	10.378957
SEVIR_9G531800v2	2.221876
SEVIR_9G531900v2	50.099458
SEVIR_9G532000v2	0
SEVIR_9G532100v2	17.820261
SEVIR_9G532200v2	0.019678
SEVIR_9G532300v2	88.746151
SEVIR_9G532400v2	0.252277
SEVIR_9G532500v2	18.375289
SEVIR_9G532600v2	0.531204
SEVIR_9G532650v2	0
SEVIR_9G532700v2	71.293365
SEVIR_9G532800v2	12.770604
SEVIR_9G532900v2	0.061075
SEVIR_9G533000v2	34.075126
SEVIR_9G533100v2	0.792169
SEVIR_9G533200v2	0.715603
SEVIR_9G533300v2	38.882791
SEVIR_9G533400v2	1.23624
SEVIR_9G533500v2	28.790055
SEVIR_9G533600v2	0.51792
SEVIR_9G533700v2	0.743645
SEVIR_9G533800v2	2.461656
SEVIR_9G533850v2	0
SEVIR_9G533900v2	0.221451
SEVIR_9G534000v2	10.007403
SEVIR_9G534100v2	0
SEVIR_9G534200v2	0
SEVIR_9G534300v2	0
SEVIR_9G534400v2	0
SEVIR_9G534500v2	0
SEVIR_9G534533v2	0
SEVIR_9G534566v2	0
SEVIR_9G534600v2	0
SEVIR_9G534700v2	0
SEVIR_9G534800v2	0
SEVIR_9G534900v2	1.090604
SEVIR_9G535001v2	11.680175
SEVIR_9G535100v2	7.095415
SEVIR_9G535150v2	0
SEVIR_9G535200v2	0.129587
SEVIR_9G535300v2	0.954455
SEVIR_9G535400v2	0.576678
SEVIR_9G535500v2	122.416303
SEVIR_9G535600v2	0.851977
SEVIR_9G535700v2	0.912832
SEVIR_9G535800v2	0.102641
SEVIR_9G535900v2	0
SEVIR_9G536000v2	2.738497
SEVIR_9G536100v2	1.074588
SEVIR_9G536150v2	1.914183
SEVIR_9G536200v2	23.332862
SEVIR_9G536300v2	470.618987
SEVIR_9G536400v2	2.792966
SEVIR_9G536450v2	0
SEVIR_9G536500v2	9.090748
SEVIR_9G536600v2	0.864268
SEVIR_9G536701v2	0.125275
SEVIR_9G536800v2	4.312488
SEVIR_9G536900v2	1.806947
SEVIR_9G537000v2	5.560029
SEVIR_9G537100v2	0.560373
SEVIR_9G537200v2	1.382069
SEVIR_9G537300v2	0.078553
SEVIR_9G537400v2	29.842081
SEVIR_9G537500v2	23.661635
SEVIR_9G537600v2	33.430672
SEVIR_9G537650v2	0
SEVIR_9G537700v2	6.943103
SEVIR_9G537800v2	0.709019
SEVIR_9G537900v2	1.20452
SEVIR_9G538000v2	4.348107
SEVIR_9G538100v2	31.535426
SEVIR_9G538200v2	3.051486
SEVIR_9G538300v2	276.967194
SEVIR_9G538350v2	4.770478
SEVIR_9G538400v2	0
SEVIR_9G538500v2	0.442607
SEVIR_9G538600v2	40.042215
SEVIR_9G538700v2	78.188674
SEVIR_9G538800v2	36.402862
SEVIR_9G538900v2	0.015804
SEVIR_9G539000v2	7.229226
SEVIR_9G539100v2	17.023247
SEVIR_9G539200v2	0.327752
SEVIR_9G539300v2	0.264309
SEVIR_9G539400v2	9.022312
SEVIR_9G539500v2	30.758919
SEVIR_9G539600v2	1.227055
SEVIR_9G539700v2	16.379465
SEVIR_9G539800v2	0.883321
SEVIR_9G539900v2	3.103382
SEVIR_9G540000v2	23.560278
SEVIR_9G540100v2	4.613678
SEVIR_9G540200v2	8.018008
SEVIR_9G540300v2	0
SEVIR_9G540350v2	0.176863
SEVIR_9G540400v2	39.002531
SEVIR_9G540450v2	0.089242
SEVIR_9G540500v2	0.205013
SEVIR_9G540600v2	6.513232
SEVIR_9G540700v2	51.007236
SEVIR_9G540800v2	19.624479
SEVIR_9G540850v2	11.603448
SEVIR_9G540900v2	1.893282
SEVIR_9G541000v2	4.945144
SEVIR_9G541100v2	3.229582
SEVIR_9G541200v2	7.475228
SEVIR_9G541300v2	0.024752
SEVIR_9G541400v2	17.660622
SEVIR_9G541500v2	0.056897
SEVIR_9G541600v2	11.00759
SEVIR_9G541700v2	13.81918
SEVIR_9G541800v2	33.693718
SEVIR_9G541900v2	269.553696
SEVIR_9G542000v2	21.191842
SEVIR_9G542100v2	18.583508
SEVIR_9G542200v2	5.930896
SEVIR_9G542300v2	9.93386
SEVIR_9G542400v2	0
SEVIR_9G542500v2	175.018973
SEVIR_9G542600v2	7.089708
SEVIR_9G542700v2	24.318696
SEVIR_9G542800v2	5.736275
SEVIR_9G542900v2	0.300056
SEVIR_9G543000v2	0
SEVIR_9G543100v2	4.653569
SEVIR_9G543200v2	0.205135
SEVIR_9G543250v2	4.265973
SEVIR_9G543300v2	5.830719
SEVIR_9G543400v2	89.402398
SEVIR_9G543500v2	0.974495
SEVIR_9G543600v2	355.878984
SEVIR_9G543700v2	5.823359
SEVIR_9G543800v2	8.591604
SEVIR_9G543866v2	0.042522
SEVIR_9G543932v2	0.435294
SEVIR_9G544000v2	2.177139
SEVIR_9G544100v2	12.118708
SEVIR_9G544200v2	0
SEVIR_9G544300v2	5.039027
SEVIR_9G544400v2	6.104852
SEVIR_9G544500v2	5.462805
SEVIR_9G544600v2	72.300443
SEVIR_9G544700v2	9.156837
SEVIR_9G544800v2	0
SEVIR_9G544900v2	3.325158
SEVIR_9G545000v2	3.775083
SEVIR_9G545100v2	13.210352
SEVIR_9G545200v2	71.344046
SEVIR_9G545266v2	0
SEVIR_9G545332v2	58.140394
SEVIR_9G545400v2	9.522377
SEVIR_9G545500v2	9.127736
SEVIR_9G545600v2	7.634982
SEVIR_9G545700v2	320.404128
SEVIR_9G545800v2	1175.991391
SEVIR_9G545850v2	6.024376
SEVIR_9G545900v2	28.688259
SEVIR_9G546000v2	7.592449
SEVIR_9G546100v2	48.371008
SEVIR_9G546200v2	15.405045
SEVIR_9G546301v2	25.012173
SEVIR_9G546400v2	0
SEVIR_9G546500v2	0.224344
SEVIR_9G546600v2	11.970756
SEVIR_9G546700v2	3.581637
SEVIR_9G546800v2	8.933452
SEVIR_9G546900v2	3.04971
SEVIR_9G547000v2	3.511593
SEVIR_9G547100v2	4.382421
SEVIR_9G547200v2	2.739645
SEVIR_9G547300v2	18.426527
SEVIR_9G547400v2	21.629278
SEVIR_9G547500v2	12.51566
SEVIR_9G547600v2	0
SEVIR_9G547700v2	33.099068
SEVIR_9G547800v2	9.683217
SEVIR_9G547900v2	0.12468
SEVIR_9G548000v2	0
SEVIR_9G548100v2	10.059276
SEVIR_9G548200v2	0.026402
SEVIR_9G548300v2	62.648079
SEVIR_9G548400v2	52.998647
SEVIR_9G548500v2	4.829574
SEVIR_9G548600v2	7.747969
SEVIR_9G548700v2	0.177438
SEVIR_9G548800v2	0.383911
SEVIR_9G548900v2	92.231303
SEVIR_9G549000v2	0.055299
SEVIR_9G549100v2	16.639759
SEVIR_9G549200v2	672.246544
SEVIR_9G549300v2	0.180865
SEVIR_9G549400v2	6.726352
SEVIR_9G549500v2	0
SEVIR_9G549600v2	2.066461
SEVIR_9G549700v2	0
SEVIR_9G549800v2	2.902834
SEVIR_9G549900v2	0
SEVIR_9G550000v2	0.328785
SEVIR_9G550100v2	4.492383
SEVIR_9G550200v2	0.449737
SEVIR_9G550300v2	0.111019
SEVIR_9G550400v2	0.052099
SEVIR_9G550500v2	10.890474
SEVIR_9G550600v2	9.776022
SEVIR_9G550550v2	0
SEVIR_9G550700v2	0.363242
SEVIR_9G550800v2	0.124477
SEVIR_9G550900v2	905.99299
SEVIR_9G551000v2	0.374746
SEVIR_9G551100v2	7.059423
SEVIR_9G551200v2	0.095573
SEVIR_9G551300v2	13.981642
SEVIR_9G551400v2	11.664534
SEVIR_9G551500v2	17.973849
SEVIR_9G551600v2	14.5121
SEVIR_9G551700v2	16.047072
SEVIR_9G551800v2	0.627143
SEVIR_9G551900v2	6.488043
SEVIR_9G552000v2	14.400916
SEVIR_9G552100v2	15.410987
SEVIR_9G552200v2	23.489326
SEVIR_9G552300v2	53.305938
SEVIR_9G552400v2	2.681153
SEVIR_9G552500v2	0
SEVIR_9G552600v2	170.997107
SEVIR_9G552700v2	19.273984
SEVIR_9G552800v2	1.219109
SEVIR_9G552900v2	9.01879
SEVIR_9G553000v2	0.395391
SEVIR_9G553100v2	38.539346
SEVIR_9G553200v2	0
SEVIR_9G553300v2	161.104709
SEVIR_9G553400v2	0
SEVIR_9G553500v2	0.422013
SEVIR_9G553600v2	3.50783
SEVIR_9G553700v2	0
SEVIR_9G553800v2	1.903058
SEVIR_9G553900v2	0.560047
SEVIR_9G553950v2	0.859653
SEVIR_9G554000v2	0.207122
SEVIR_9G554100v2	12.914398
SEVIR_9G554200v2	22.089947
SEVIR_9G554300v2	27.590468
SEVIR_9G554400v2	45.37551
SEVIR_9G554500v2	46.327475
SEVIR_9G554600v2	1.677441
SEVIR_9G554700v2	29.263532
SEVIR_9G554800v2	23.590569
SEVIR_9G554900v2	21.976136
SEVIR_9G555000v2	5.795916
SEVIR_9G555100v2	0.494734
SEVIR_9G555300v2	10.689234
SEVIR_9G555200v2	0.043631
SEVIR_9G555400v2	25.43537
SEVIR_9G555500v2	3.860585
SEVIR_9G555600v2	0.792388
SEVIR_9G555700v2	0.287479
SEVIR_9G555801v2	0.216093
SEVIR_9G555900v2	39.593418
SEVIR_9G556000v2	0
SEVIR_9G556050v2	20.451463
SEVIR_9G556100v2	0
SEVIR_9G556200v2	48.059293
SEVIR_9G556300v2	9.923187
SEVIR_9G556400v2	0.548922
SEVIR_9G556500v2	2.997721
SEVIR_9G556600v2	57.160569
SEVIR_9G556701v2	0
SEVIR_9G556800v2	2.799867
SEVIR_9G556900v2	6.27808
SEVIR_9G557000v2	117.706916
SEVIR_9G557100v2	0.288712
SEVIR_9G557200v2	0.235579
SEVIR_9G557300v2	14.535261
SEVIR_9G557400v2	3.964628
SEVIR_9G557500v2	4.666387
SEVIR_9G557600v2	11.978985
SEVIR_9G557650v2	1.208868
SEVIR_9G557700v2	8.650853
SEVIR_9G557800v2	5.366661
SEVIR_9G557900v2	34.133951
SEVIR_9G558000v2	79.543741
SEVIR_9G558100v2	0
SEVIR_9G558200v2	34.308163
SEVIR_9G558300v2	2.222019
SEVIR_9G558400v2	0
SEVIR_9G558500v2	29.464266
SEVIR_9G558600v2	0
SEVIR_9G558700v2	0
SEVIR_9G558800v2	1.49234
SEVIR_9G558900v2	2.528918
SEVIR_9G559000v2	0.321804
SEVIR_9G559100v2	10.953918
SEVIR_9G559200v2	0
SEVIR_9G559250v2	0
SEVIR_9G559300v2	0.548406
SEVIR_9G559400v2	50.761566
SEVIR_9G559500v2	70.706706
SEVIR_9G559600v2	2.568425
SEVIR_9G559700v2	0.028851
SEVIR_9G559800v2	0.337084
SEVIR_9G559900v2	22.346916
SEVIR_9G559950v2	3.456991
SEVIR_9G560000v2	15.860966
SEVIR_9G560100v2	10.540425
SEVIR_9G560150v2	2.461721
SEVIR_9G560200v2	11.195108
SEVIR_9G560300v2	10.570923
SEVIR_9G560400v2	10.568371
SEVIR_9G560500v2	20.546906
SEVIR_9G560550v2	0.644352
SEVIR_9G560600v2	89.991642
SEVIR_9G560700v2	0.946333
SEVIR_9G560800v2	43.701771
SEVIR_9G560900v2	0.029223
SEVIR_9G561000v2	65.901374
SEVIR_9G561100v2	28.235812
SEVIR_9G561200v2	25.102858
SEVIR_9G561300v2	5.411451
SEVIR_9G561400v2	11.592065
SEVIR_9G561500v2	3.526952
SEVIR_9G561600v2	6.221951
SEVIR_9G561700v2	24.692436
SEVIR_9G561800v2	1.796169
SEVIR_9G561900v2	32.726442
SEVIR_9G562000v2	107.852818
SEVIR_9G562100v2	3.111771
SEVIR_9G562200v2	0.271515
SEVIR_9G562300v2	12.34391
SEVIR_9G562400v2	23.647818
SEVIR_9G562500v2	44.107797
SEVIR_9G562600v2	53.481055
SEVIR_9G562700v2	25.750903
SEVIR_9G562800v2	0.147676
SEVIR_9G562850v2	0
SEVIR_9G562900v2	54.638477
SEVIR_9G563000v2	17.434776
SEVIR_9G563100v2	67.824253
SEVIR_9G563200v2	41.310342
SEVIR_9G563250v2	0
SEVIR_9G563300v2	10.767201
SEVIR_9G563400v2	1.034495
SEVIR_9G563500v2	0.288119
SEVIR_9G563600v2	9.770701
SEVIR_9G563700v2	5.653956
SEVIR_9G563800v2	12.244875
SEVIR_9G563833v2	0
SEVIR_9G563900v2	1.365174
SEVIR_9G563866v2	0
SEVIR_9G564000v2	0
SEVIR_9G564100v2	0.757052
SEVIR_9G564200v2	23.931013
SEVIR_9G564300v2	0.177211
SEVIR_9G564400v2	43.143305
SEVIR_9G564500v2	16.79127
SEVIR_9G564600v2	13.769324
SEVIR_9G564700v2	19.652782
SEVIR_9G564800v2	108.249647
SEVIR_9G564900v2	14.570944
SEVIR_9G565000v2	47.017176
SEVIR_9G565033v2	93.63923
SEVIR_9G565066v2	9.584739
SEVIR_9G565100v2	0.124847
SEVIR_9G565200v2	17.70882
SEVIR_9G565300v2	70.913976
SEVIR_9G565400v2	0
SEVIR_9G565500v2	0.865736
SEVIR_9G565600v2	1.679165
SEVIR_9G565700v2	0.12326
SEVIR_9G565800v2	26.51728
SEVIR_9G565900v2	18.138313
SEVIR_9G566000v2	8.710664
SEVIR_9G566100v2	0.105966
SEVIR_9G566201v2	0.033904
SEVIR_9G566300v2	37.599208
SEVIR_9G566400v2	0.638326
SEVIR_9G566500v2	0
SEVIR_9G566600v2	37.955921
SEVIR_9G566700v2	10.448406
SEVIR_9G566733v2	0
SEVIR_9G566766v2	0.68724
SEVIR_9G566800v2	6.045811
SEVIR_9G566850v2	25.275329
SEVIR_9G566900v2	17.665015
SEVIR_9G566950v2	0
SEVIR_9G567000v2	0
SEVIR_9G567100v2	0.106317
SEVIR_9G567200v2	0.861152
SEVIR_9G567300v2	14.689592
SEVIR_9G567400v2	2.397639
SEVIR_9G567450v2	0
SEVIR_9G567500v2	505.712584
SEVIR_9G567600v2	1.218321
SEVIR_9G567700v2	47.687011
SEVIR_9G567800v2	13.110851
SEVIR_9G567900v2	0.047774
SEVIR_9G568000v2	24.273821
SEVIR_9G568100v2	8.829437
SEVIR_9G568200v2	9.936397
SEVIR_9G568301v2	0
SEVIR_9G568400v2	0.180132
SEVIR_9G568450v2	0.470588
SEVIR_9G568500v2	89.62619
SEVIR_9G568600v2	37.683884
SEVIR_9G568700v2	37.53812
SEVIR_9G568800v2	3.914853
SEVIR_9G568900v2	5.186761
SEVIR_9G569000v2	0.379933
SEVIR_9G569100v2	3.374698
SEVIR_9G584100v2	14.588384
SEVIR_9G569200v2	7.39922
SEVIR_9G569300v2	3.143242
SEVIR_9G569400v2	0.771746
SEVIR_9G569501v2	1.484725
SEVIR_9G569600v2	1.623741
SEVIR_9G569700v2	2.299762
SEVIR_9G569750v2	7.061224
SEVIR_9G569800v2	4.806355
SEVIR_9G569850v2	0.469053
SEVIR_9G569900v2	0.38584
SEVIR_9G570000v2	6.987749
SEVIR_9G570100v2	3.759579
SEVIR_9G570200v2	10.101537
SEVIR_9G570300v2	38.968895
SEVIR_9G570400v2	0
SEVIR_9G570501v2	1.014106
SEVIR_9G570600v2	46.793325
SEVIR_9G570700v2	129.736996
SEVIR_9G570800v2	0.28559
SEVIR_9G570900v2	72.893902
SEVIR_9G571000v2	22.566681
SEVIR_9G571050v2	0
SEVIR_9G571100v2	3.588164
SEVIR_9G571200v2	0
SEVIR_9G571300v2	8.58051
SEVIR_9G571400v2	5.682313
SEVIR_9G571450v2	3.457416
SEVIR_9G571500v2	0.266065
SEVIR_9G571600v2	11.016414
SEVIR_9G571900v2	4.178943
SEVIR_9G571701v2	16.389685
SEVIR_9G571800v2	0.384984
SEVIR_9G572000v2	32.326363
SEVIR_9G572100v2	75.616775
SEVIR_9G572200v2	44.312829
SEVIR_9G572300v2	47.500235
SEVIR_9G572400v2	0.057606
SEVIR_9G572500v2	5.115264
SEVIR_9G572600v2	36.139156
SEVIR_9G572700v2	10.721443
SEVIR_9G572800v2	6.000831
SEVIR_9G572900v2	9.693536
SEVIR_9G573000v2	11.167923
SEVIR_9G573100v2	11.244696
SEVIR_9G573200v2	0.139246
SEVIR_9G573300v2	0.305216
SEVIR_9G573400v2	8.557727
SEVIR_9G573500v2	0
SEVIR_9G573600v2	16.113324
SEVIR_9G573700v2	19.337527
SEVIR_9G573800v2	40.972411
SEVIR_9G573900v2	3.560363
SEVIR_9G574000v2	12.015119
SEVIR_9G574100v2	4.391761
SEVIR_9G574200v2	0.13279
SEVIR_9G574300v2	66.938141
SEVIR_9G574350v2	3.582137
SEVIR_9G574400v2	47.234978
SEVIR_9G574500v2	5.273301
SEVIR_9G574600v2	0.352961
SEVIR_9G574700v2	5.089091
SEVIR_9G574800v2	24.331859
SEVIR_9G574900v2	1.537126
SEVIR_9G575000v2	49.44583
SEVIR_9G575100v2	11.385061
SEVIR_9G575200v2	0
SEVIR_9G575300v2	1.839009
SEVIR_9G575350v2	0.295833
SEVIR_9G575400v2	19.584673
SEVIR_9G575500v2	301.147018
SEVIR_9G575600v2	0.101961
SEVIR_9G575700v2	0.11155
SEVIR_9G575800v2	7.672492
SEVIR_9G575900v2	1.493851
SEVIR_9G576000v2	209.224274
SEVIR_9G576100v2	26.705807
SEVIR_9G576201v2	0.045187
SEVIR_9G576300v2	0
SEVIR_9G576400v2	0.502443
SEVIR_9G576500v2	1.806487
SEVIR_9G576600v2	0.294148
SEVIR_9G576700v2	7.934691
SEVIR_9G576750v2	0.619125
SEVIR_9G576800v2	2.2135
SEVIR_9G576900v2	0.085172
SEVIR_9G577000v2	0
SEVIR_9G577050v2	0
SEVIR_9G577100v2	4.904841
SEVIR_9G577150v2	0
SEVIR_9G577200v2	36.071052
SEVIR_9G577300v2	0
SEVIR_9G577350v2	0
SEVIR_9G577400v2	0
SEVIR_9G577500v2	0.030272
SEVIR_9G577600v2	0.68326
SEVIR_9G577700v2	14.28045
SEVIR_9G577800v2	70.227864
SEVIR_9G577900v2	9.847107
SEVIR_9G578000v2	49.597842
SEVIR_9G578100v2	21.242959
SEVIR_9G578201v2	0
SEVIR_9G578300v2	8.24802
SEVIR_9G578400v2	4.171266
SEVIR_9G578500v2	0.988431
SEVIR_9G578600v2	21.413041
SEVIR_9G579800v2	16.890173
SEVIR_9G579900v2	1.759599
SEVIR_9G580000v2	4.101301
SEVIR_9G580050v2	0
SEVIR_9G580100v2	0
SEVIR_9G580200v2	0.440483
SEVIR_9G580300v2	77.835004
SEVIR_9G580400v2	190.6803
SEVIR_9G580500v2	2.270318
SEVIR_9G580600v2	28.115234
SEVIR_9G580700v2	5.957182
SEVIR_9G580800v2	2.319831
SEVIR_9G580900v2	4.425613
SEVIR_9G581000v2	23.969899
SEVIR_9G581100v2	21.834363
SEVIR_9G581200v2	5.702914
SEVIR_9G581300v2	0.060499
SEVIR_9G581350v2	0
SEVIR_9G581400v2	3.8211
SEVIR_9G581500v2	11.453336
SEVIR_9G581600v2	7.24377
SEVIR_9G581700v2	37.475052
SEVIR_9G581801v2	0.129395
SEVIR_9G581900v2	13.741043
SEVIR_9G581950v2	6.845897
SEVIR_9G582000v2	0
SEVIR_9G582100v2	0.184422
SEVIR_9G582200v2	8.630778
SEVIR_9G582300v2	46.520514
SEVIR_9G582400v2	5.190781
SEVIR_9G582500v2	11.330324
SEVIR_9G582600v2	25.196787
SEVIR_9G582700v2	18.190741
SEVIR_9G582800v2	4.47106
SEVIR_9G582900v2	0.189954
SEVIR_9G583000v2	7.812082
SEVIR_9G583100v2	23.969446
SEVIR_9G583200v2	27.312897
SEVIR_9G583300v2	0
SEVIR_9G583400v2	26.161431
SEVIR_9G583450v2	0.218968
SEVIR_9G583500v2	0
SEVIR_9G583600v2	0.978784
SEVIR_9G583700v2	17.135821
SEVIR_9G583750v2	1.438704
SEVIR_9G583800v2	0.58948
SEVIR_9G583850v2	9.170957
SEVIR_9G583900v2	0.241007
SEVIR_9G584001v2	0.382556
SEVIR_J000301v2	0
SEVIR_J000401v2	0
SEVIR_J000501v2	0
SEVIR_J000601v2	0
